ISO-10303-21;
HEADER;
FILE_DESCRIPTION (( 'STEP AP214' ),
    '1' );
FILE_NAME ('Castor wheel.STEP',
    '2020-11-11T03:49:11',
    ( '' ),
    ( '' ),
    'SwSTEP 2.0',
    'SolidWorks 2019',
    '' );
FILE_SCHEMA (( 'AUTOMOTIVE_DESIGN' ));
ENDSEC;

DATA;
#1 = DIRECTION ( 'NONE',  ( 1.000000000000000000, 0.0000000000000000000, 0.0000000000000000000 ) ) ;
#2 = EDGE_CURVE ( 'NONE', #727, #2136, #5384, .T. ) ;
#3 = LINE ( 'NONE', #1076, #6653 ) ;
#4 = CYLINDRICAL_SURFACE ( 'NONE', #2505, 4.000000000000000000 ) ;
#5 = VERTEX_POINT ( 'NONE', #2488 ) ;
#6 = CARTESIAN_POINT ( 'NONE',  ( 17.49999999999999645, 2.000000000000000000, 23.77032961426903412 ) ) ;
#7 = ORIENTED_EDGE ( 'NONE', *, *, #997, .T. ) ;
#8 = CARTESIAN_POINT ( 'NONE',  ( -18.98533287048767804, 25.11536834380910221, -2.771082858396980431 ) ) ;
#9 = CARTESIAN_POINT ( 'NONE',  ( -15.35113250075568558, 45.81040746202602776, -2.978962843500731150 ) ) ;
#10 = LINE ( 'NONE', #1049, #1966 ) ;
#11 = CARTESIAN_POINT ( 'NONE',  ( 14.88294699048054781, 45.01573683866481446, -4.307734093168286371 ) ) ;
#12 = ORIENTED_EDGE ( 'NONE', *, *, #2374, .T. ) ;
#13 = DIRECTION ( 'NONE',  ( 1.224646799147353454E-16, 0.0000000000000000000, 1.000000000000000000 ) ) ;
#14 = CARTESIAN_POINT ( 'NONE',  ( -17.39999999999999503, 0.0000000000000000000, -20.53923072998832566 ) ) ;
#15 = LINE ( 'NONE', #2307, #1912 ) ;
#16 = LINE ( 'NONE', #6300, #6118 ) ;
#17 = DIRECTION ( 'NONE',  ( 1.000000000000000000, 0.0000000000000000000, 0.0000000000000000000 ) ) ;
#18 = ORIENTED_EDGE ( 'NONE', *, *, #944, .T. ) ;
#19 = CARTESIAN_POINT ( 'NONE',  ( -15.25901242313525152, 45.05693803994559232, 4.323015725994046932 ) ) ;
#20 = AXIS2_PLACEMENT_3D ( 'NONE', #3727, #4244, #6514 ) ;
#21 = FILL_AREA_STYLE ('',( #132 ) ) ;
#22 = DIRECTION ( 'NONE',  ( 0.0000000000000000000, 1.000000000000000000, 0.0000000000000000000 ) ) ;
#23 = CARTESIAN_POINT ( 'NONE',  ( 16.98412109447315643, 24.64780994033622008, 5.281263776440504820 ) ) ;
#24 = AXIS2_PLACEMENT_3D ( 'NONE', #3298, #1674, #6710 ) ;
#25 = VERTEX_POINT ( 'NONE', #766 ) ;
#26 = ORIENTED_EDGE ( 'NONE', *, *, #624, .T. ) ;
#27 = DIRECTION ( 'NONE',  ( 0.0000000000000000000, 0.0000000000000000000, 1.000000000000000000 ) ) ;
#28 = CARTESIAN_POINT ( 'NONE',  ( -15.14444939244986443, 35.54271498629240256, -12.19793361593416314 ) ) ;
#29 = CIRCLE ( 'NONE', #4754, 2.499999999999998668 ) ;
#30 = VECTOR ( 'NONE', #5038, 1000.000000000000000 ) ;
#31 = EDGE_LOOP ( 'NONE', ( #4433, #6196, #7145, #5977 ) ) ;
#32 = ORIENTED_EDGE ( 'NONE', *, *, #1765, .T. ) ;
#33 = EDGE_CURVE ( 'NONE', #5218, #4882, #5906, .T. ) ;
#34 = B_SPLINE_CURVE_WITH_KNOTS ( 'NONE', 3,
 ( #2493, #99, #4033, #2346, #6458, #5289, #6306, #2455, #4757, #5808 ),
 .UNSPECIFIED., .F., .F.,
 ( 4, 2, 2, 2, 4 ),
 ( 1.561251128379126385E-17, 0.003112075297976812666, 0.006224150595953609720, 0.009336225893930407208, 0.01244830119190720036 ),
 .UNSPECIFIED. ) ;
#35 = AXIS2_PLACEMENT_3D ( 'NONE', #6895, #3485, #4021 ) ;
#36 = CARTESIAN_POINT ( 'NONE',  ( 9.171312920576319527, 23.27020106417857193, -2.229670385730950333 ) ) ;
#37 = CARTESIAN_POINT ( 'NONE',  ( 14.81621767457557937, 43.34362958779393438, 6.569733753399059850 ) ) ;
#38 = CARTESIAN_POINT ( 'NONE',  ( 17.49999999999999645, 2.652747412077468780, -23.77032961426903768 ) ) ;
#39 = ORIENTED_EDGE ( 'NONE', *, *, #3055, .F. ) ;
#40 = AXIS2_PLACEMENT_3D ( 'NONE', #7109, #847, #5403 ) ;
#41 = FACE_BOUND ( 'NONE', #3516, .T. ) ;
#42 = ORIENTED_EDGE ( 'NONE', *, *, #716, .F. ) ;
#43 = PRESENTATION_STYLE_ASSIGNMENT (( #2363 ) ) ;
#44 = TOROIDAL_SURFACE ( 'NONE', #5123, 11.00000000000000000, 1.000000000000000000 ) ;
#45 = EDGE_CURVE ( 'NONE', #3361, #1176, #1721, .T. ) ;
#46 = CARTESIAN_POINT ( 'NONE',  ( 14.24793085957718830, 44.94560987828759124, -4.281925946714755682 ) ) ;
#47 = EDGE_CURVE ( 'NONE', #727, #5660, #2672, .T. ) ;
#48 = LINE ( 'NONE', #4018, #2990 ) ;
#49 = CARTESIAN_POINT ( 'NONE',  ( -17.39999163019041006, 0.0000000000000000000, 5.460766595698405723 ) ) ;
#50 = B_SPLINE_CURVE_WITH_KNOTS ( 'NONE', 3,
 ( #5676, #6298, #1247, #5235, #3372, #5641, #2305, #3409, #2261, #2814, #6786, #6746, #1202, #5197, #601, #5762, #4480, #124 ),
 .UNSPECIFIED., .F., .F.,
 ( 4, 2, 2, 2, 2, 2, 2, 2, 4 ),
 ( 0.004701648033830839284, 0.005093380914412115254, 0.005485113794993391224, 0.005876846675574667195, 0.006268579556155942298, 0.006660312436737219136, 0.007052045317318494239, 0.007443778197899770209, 0.007835511078481046179 ),
 .UNSPECIFIED. ) ;
#51 = CIRCLE ( 'NONE', #7034, 23.99004962809790698 ) ;
#52 = AXIS2_PLACEMENT_3D ( 'NONE', #4352, #1046, #3874 ) ;
#53 = AXIS2_PLACEMENT_3D ( 'NONE', #1581, #2853, #5679 ) ;
#54 = CARTESIAN_POINT ( 'NONE',  ( 14.30738128755043093, 44.95221956531875662, 4.284342426180518970 ) ) ;
#55 = ORIENTED_EDGE ( 'NONE', *, *, #6416, .F. ) ;
#56 = DIRECTION ( 'NONE',  ( 0.0000000000000000000, 1.000000000000000000, 0.0000000000000000000 ) ) ;
#57 = DIRECTION ( 'NONE',  ( -0.0000000000000000000, 0.0000000000000000000, 1.000000000000000000 ) ) ;
#58 = DIRECTION ( 'NONE',  ( -1.000000000000000000, -0.0000000000000000000, -0.0000000000000000000 ) ) ;
#59 = VECTOR ( 'NONE', #2712, 1000.000000000000114 ) ;
#60 = CARTESIAN_POINT ( 'NONE',  ( -16.77917170850973960, 28.00000000000000000, 4.000000000000001776 ) ) ;
#61 = EDGE_LOOP ( 'NONE', ( #4575, #4954 ) ) ;
#62 = CARTESIAN_POINT ( 'NONE',  ( -14.61173820425891279, 40.53070811063686563, 9.234756200793201586 ) ) ;
#63 = CIRCLE ( 'NONE', #3353, 1.000000000000000888 ) ;
#64 = ORIENTED_EDGE ( 'NONE', *, *, #6324, .T. ) ;
#65 = CARTESIAN_POINT ( 'NONE',  ( 16.38287855762948553, 31.32092908250001884, -2.229670385730951221 ) ) ;
#66 = LINE ( 'NONE', #4076, #1064 ) ;
#67 = VERTEX_POINT ( 'NONE', #3666 ) ;
#68 = CIRCLE ( 'NONE', #7271, 5.999999999999999112 ) ;
#69 = VERTEX_POINT ( 'NONE', #6034 ) ;
#70 = PLANE ( 'NONE',  #5135 ) ;
#71 = DIRECTION ( 'NONE',  ( 1.000000000000000000, 0.0000000000000000000, 0.0000000000000000000 ) ) ;
#72 = SHAPE_DEFINITION_REPRESENTATION ( #7136, #6003 ) ;
#73 = ORIENTED_EDGE ( 'NONE', *, *, #5154, .F. ) ;
#74 = ORIENTED_EDGE ( 'NONE', *, *, #5511, .F. ) ;
#75 = DIRECTION ( 'NONE',  ( -0.0000000000000000000, -1.000000000000000000, -0.0000000000000000000 ) ) ;
#76 = ADVANCED_FACE ( 'NONE', ( #903 ), #6665, .F. ) ;
#77 = CARTESIAN_POINT ( 'NONE',  ( 0.0000000000000000000, -4.336808689942017736E-16, 6.000000000000000000 ) ) ;
#78 = VERTEX_POINT ( 'NONE', #3765 ) ;
#79 =( NAMED_UNIT ( * ) SI_UNIT ( $, .STERADIAN. ) SOLID_ANGLE_UNIT ( ) );
#80 = ORIENTED_EDGE ( 'NONE', *, *, #7104, .F. ) ;
#81 = DIRECTION ( 'NONE',  ( 0.0000000000000000000, 0.0000000000000000000, 1.000000000000000000 ) ) ;
#82 = DIRECTION ( 'NONE',  ( -1.000000000000000000, -0.0000000000000000000, -0.0000000000000000000 ) ) ;
#83 = EDGE_CURVE ( 'NONE', #1419, #3548, #1030, .T. ) ;
#84 = DIRECTION ( 'NONE',  ( 0.0000000000000000000, 0.0000000000000000000, -1.000000000000000000 ) ) ;
#85 = AXIS2_PLACEMENT_3D ( 'NONE', #1050, #7270, #5450 ) ;
#86 = EDGE_CURVE ( 'NONE', #1730, #4673, #4320, .T. ) ;
#87 = EDGE_CURVE ( 'NONE', #5933, #366, #7163, .T. ) ;
#88 = CARTESIAN_POINT ( 'NONE',  ( 15.00138125790372712, 43.95476500490526206, 5.819780257153957415 ) ) ;
#89 = ORIENTED_EDGE ( 'NONE', *, *, #1367, .F. ) ;
#90 = DIRECTION ( 'NONE',  ( 0.0000000000000000000, 1.000000000000000000, 0.0000000000000000000 ) ) ;
#91 = VERTEX_POINT ( 'NONE', #6587 ) ;
#92 = DIRECTION ( 'NONE',  ( 1.000000000000000000, 0.0000000000000000000, 0.0000000000000000000 ) ) ;
#93 = CARTESIAN_POINT ( 'NONE',  ( -11.00000000000000000, 5.999999999999998224, 0.0000000000000000000 ) ) ;
#94 = DIRECTION ( 'NONE',  ( 0.0000000000000000000, 1.000000000000000000, 0.0000000000000000000 ) ) ;
#95 = CARTESIAN_POINT ( 'NONE',  ( -19.01939045069839551, 25.00668284084787985, 2.229670385730950333 ) ) ;
#96 = VERTEX_POINT ( 'NONE', #5488 ) ;
#97 = CARTESIAN_POINT ( 'NONE',  ( -14.62485085824464370, 41.63969388954321005, 8.285547041056702255 ) ) ;
#98 = EDGE_CURVE ( 'NONE', #479, #411, #6467, .T. ) ;
#99 = CARTESIAN_POINT ( 'NONE',  ( -13.65234865720505653, 35.34497228632485388, -12.26750975110792652 ) ) ;
#100 = VERTEX_POINT ( 'NONE', #4901 ) ;
#101 = CARTESIAN_POINT ( 'NONE',  ( -9.000000000000001776, 0.0000000000000000000, 0.0000000000000000000 ) ) ;
#102 = ORIENTED_EDGE ( 'NONE', *, *, #6278, .F. ) ;
#103 = ORIENTED_EDGE ( 'NONE', *, *, #2109, .F. ) ;
#104 = CARTESIAN_POINT ( 'NONE',  ( 17.49999999999999645, 5.626474161160414766, -22.72401835070281351 ) ) ;
#105 = CARTESIAN_POINT ( 'NONE',  ( -14.78617235504861327, 38.12750981586061272, -10.89404671001026159 ) ) ;
#106 = CIRCLE ( 'NONE', #1761, 1.000000000000000888 ) ;
#107 = EDGE_LOOP ( 'NONE', ( #640, #1556, #5293, #300 ) ) ;
#108 = ORIENTED_EDGE ( 'NONE', *, *, #1718, .F. ) ;
#109 = CARTESIAN_POINT ( 'NONE',  ( -13.69331014310443884, 44.66133312578842407, -4.609891926147794194 ) ) ;
#110 = AXIS2_PLACEMENT_3D ( 'NONE', #4059, #1235, #4622 ) ;
#111 = CARTESIAN_POINT ( 'NONE',  ( 9.999999999999998224, 0.0000000000000000000, 0.0000000000000000000 ) ) ;
#112 = EDGE_LOOP ( 'NONE', ( #431, #3072, #2521, #899 ) ) ;
#113 =( NAMED_UNIT ( * ) SI_UNIT ( $, .STERADIAN. ) SOLID_ANGLE_UNIT ( ) );
#114 = ORIENTED_EDGE ( 'NONE', *, *, #4934, .T. ) ;
#115 = CARTESIAN_POINT ( 'NONE',  ( -17.49999999999999645, 2.071907786316744104, 23.97469911222188799 ) ) ;
#116 = ORIENTED_EDGE ( 'NONE', *, *, #3988, .T. ) ;
#117 = CARTESIAN_POINT ( 'NONE',  ( -16.41531375206125887, 31.13697995400329077, 2.503649003572735676 ) ) ;
#118 = EDGE_CURVE ( 'NONE', #1878, #4782, #3622, .T. ) ;
#119 = CARTESIAN_POINT ( 'NONE',  ( -19.00000000000000355, 24.80912086497396984, -2.423370161046561222 ) ) ;
#120 = CARTESIAN_POINT ( 'NONE',  ( -13.82495472154814387, 45.30027946877915213, -3.632447698672126801 ) ) ;
#121 = ORIENTED_EDGE ( 'NONE', *, *, #6371, .T. ) ;
#122 = CARTESIAN_POINT ( 'NONE',  ( 15.31334333109023227, 46.02472049292816081, -2.229670385730952109 ) ) ;
#123 = ORIENTED_EDGE ( 'NONE', *, *, #6689, .F. ) ;
#124 = CARTESIAN_POINT ( 'NONE',  ( -4.898979485566356651, -40.00000000000000000, 1.000000000000000444 ) ) ;
#125 = DIRECTION ( 'NONE',  ( 0.0000000000000000000, -0.9433123908373908240, -0.3319062115909337529 ) ) ;
#126 = ADVANCED_FACE ( 'NONE', ( #3292 ), #2142, .F. ) ;
#127 = EDGE_CURVE ( 'NONE', #4574, #587, #2768, .T. ) ;
#128 = B_SPLINE_CURVE_WITH_KNOTS ( 'NONE', 3,
 ( #898, #5410, #2040, #961, #4856, #926, #4893, #7117, #1388, #2556, #7154, #2071, #7011, #2005, #1933, #5901, #826, #860 ),
 .UNSPECIFIED., .F., .F.,
 ( 4, 2, 2, 2, 2, 2, 2, 2, 4 ),
 ( 0.001567577648162173142, 0.001959336446370756653, 0.002351095244579340382, 0.002742854042787923677, 0.003134612840996506972, 0.003526371639205090266, 0.003918130437413673561, 0.004309889235622256856, 0.004701648033830839284 ),
 .UNSPECIFIED. ) ;
#129 = DIRECTION ( 'NONE',  ( -1.000000000000000000, -0.0000000000000000000, -0.0000000000000000000 ) ) ;
#130 = ORIENTED_EDGE ( 'NONE', *, *, #4733, .T. ) ;
#131 = DIRECTION ( 'NONE',  ( 0.0000000000000000000, 0.0000000000000000000, -1.000000000000000000 ) ) ;
#132 = FILL_AREA_STYLE_COLOUR ( '', #1250 ) ;
#133 = FACE_BOUND ( 'NONE', #4126, .T. ) ;
#134 = DIRECTION ( 'NONE',  ( 1.000000000000000000, -0.0000000000000000000, -0.0000000000000000000 ) ) ;
#135 = DIRECTION ( 'NONE',  ( -1.000000000000000000, 0.0000000000000000000, 0.0000000000000000000 ) ) ;
#136 = ADVANCED_FACE ( 'NONE', ( #5524, #7199 ), #4287, .T. ) ;
#137 = ORIENTED_EDGE ( 'NONE', *, *, #3276, .T. ) ;
#138 = EDGE_CURVE ( 'NONE', #4533, #4332, #2654, .T. ) ;
#139 = CIRCLE ( 'NONE', #1907, 10.00000000000000000 ) ;
#140 = ORIENTED_EDGE ( 'NONE', *, *, #2917, .T. ) ;
#141 = PLANE ( 'NONE',  #4660 ) ;
#142 = CARTESIAN_POINT ( 'NONE',  ( 8.999999999999998224, 1.000000000000000000, 23.77032961426903768 ) ) ;
#143 = AXIS2_PLACEMENT_3D ( 'NONE', #4481, #5564, #3334 ) ;
#144 = ORIENTED_EDGE ( 'NONE', *, *, #2561, .T. ) ;
#145 = ORIENTED_EDGE ( 'NONE', *, *, #2653, .F. ) ;
#146 = DIRECTION ( 'NONE',  ( -0.0000000000000000000, -1.000000000000000000, -0.0000000000000000000 ) ) ;
#147 = AXIS2_PLACEMENT_3D ( 'NONE', #803, #5320, #6346 ) ;
#148 = CARTESIAN_POINT ( 'NONE',  ( 8.289220901263082197, 2.000000000000000000, -32.08257145703459656 ) ) ;
#149 = VERTEX_POINT ( 'NONE', #6148 ) ;
#150 = DIRECTION ( 'NONE',  ( 0.0000000000000000000, 0.0000000000000000000, 1.000000000000000000 ) ) ;
#151 = ORIENTED_EDGE ( 'NONE', *, *, #4607, .T. ) ;
#152 = LINE ( 'NONE', #6363, #2702 ) ;
#153 = EDGE_LOOP ( 'NONE', ( #2364, #6241 ) ) ;
#154 = CARTESIAN_POINT ( 'NONE',  ( 18.33333333333332504, 25.05832577568395436, 5.819780257153957415 ) ) ;
#155 = AXIS2_PLACEMENT_3D ( 'NONE', #5032, #7299, #7260 ) ;
#156 = CARTESIAN_POINT ( 'NONE',  ( 9.000000000000001776, 1.000000000000000000, 2.229670385730950333 ) ) ;
#157 = CIRCLE ( 'NONE', #4162, 2.499999999999998668 ) ;
#158 = DIRECTION ( 'NONE',  ( 0.0000000000000000000, 0.0000000000000000000, 1.000000000000000000 ) ) ;
#159 = ORIENTED_EDGE ( 'NONE', *, *, #2681, .F. ) ;
#160 = CARTESIAN_POINT ( 'NONE',  ( 17.00000000000000000, 0.0000000000000000000, 30.00000000000000000 ) ) ;
#161 = ORIENTED_EDGE ( 'NONE', *, *, #4272, .T. ) ;
#162 = DIRECTION ( 'NONE',  ( 0.0000000000000000000, 1.000000000000000000, 0.0000000000000000000 ) ) ;
#163 = DIRECTION ( 'NONE',  ( -0.0000000000000000000, -1.000000000000000000, -0.0000000000000000000 ) ) ;
#164 = CARTESIAN_POINT ( 'NONE',  ( 14.69677101703648070, 34.52101695607783682, 12.55741995989854232 ) ) ;
#165 = CARTESIAN_POINT ( 'NONE',  ( 16.00000000000000000, 2.000000000000000000, -26.50000000000000355 ) ) ;
#166 = AXIS2_PLACEMENT_3D ( 'NONE', #4508, #2881, #6891 ) ;
#167 = AXIS2_PLACEMENT_3D ( 'NONE', #4905, #3221, #4941 ) ;
#168 = ORIENTED_EDGE ( 'NONE', *, *, #812, .T. ) ;
#169 = LINE ( 'NONE', #2378, #514 ) ;
#170 = CARTESIAN_POINT ( 'NONE',  ( -7.347880794884118750E-16, -19.99999999999999645, 5.999999999999999112 ) ) ;
#171 = EDGE_CURVE ( 'NONE', #4268, #2998, #6101, .T. ) ;
#172 = MECHANICAL_DESIGN_GEOMETRIC_PRESENTATION_REPRESENTATION (  '', ( #6435 ), #1939 ) ;
#173 = DIRECTION ( 'NONE',  ( -1.000000000000000000, -0.0000000000000000000, -0.0000000000000000000 ) ) ;
#174 = VECTOR ( 'NONE', #1777, 1000.000000000000000 ) ;
#175 = DIRECTION ( 'NONE',  ( 0.0000000000000000000, 1.000000000000000000, 0.0000000000000000000 ) ) ;
#176 = DIRECTION ( 'NONE',  ( 0.0000000000000000000, 0.0000000000000000000, 1.000000000000000000 ) ) ;
#177 = ORIENTED_EDGE ( 'NONE', *, *, #1316, .F. ) ;
#178 = EDGE_CURVE ( 'NONE', #5864, #321, #6018, .T. ) ;
#179 = VERTEX_POINT ( 'NONE', #5501 ) ;
#180 = DIRECTION ( 'NONE',  ( 0.1736481776669309696, 0.9848077530122080203, 0.0000000000000000000 ) ) ;
#181 = VECTOR ( 'NONE', #5296, 1000.000000000000000 ) ;
#182 = CYLINDRICAL_SURFACE ( 'NONE', #3620, 8.500000000000000000 ) ;
#183 = EDGE_CURVE ( 'NONE', #4332, #3939, #3944, .T. ) ;
#184 = EDGE_CURVE ( 'NONE', #7233, #4664, #7178, .T. ) ;
#185 = TOROIDAL_SURFACE ( 'NONE', #4796, 4.999999999999999112, 1.000000000000000000 ) ;
#186 = ORIENTED_EDGE ( 'NONE', *, *, #1170, .T. ) ;
#187 = VERTEX_POINT ( 'NONE', #5538 ) ;
#188 = CARTESIAN_POINT ( 'NONE',  ( -13.62694091902955407, 44.42168065532708709, -4.949746772866267186 ) ) ;
#189 =( BOUNDED_CURVE ( )  B_SPLINE_CURVE ( 3, ( #6478, #6025, #1550, #3754 ),
 .UNSPECIFIED., .F., .F. ) 
 B_SPLINE_CURVE_WITH_KNOTS ( ( 4, 4 ),
 ( 4.345180959826851819, 4.573911085559395850 ),
 .UNSPECIFIED. ) 
 CURVE ( )  GEOMETRIC_REPRESENTATION_ITEM ( )  RATIONAL_B_SPLINE_CURVE ( ( 1.000000000000000000, 0.9956449606677395536, 0.9956449606677395536, 1.000000000000000000 ) ) 
 REPRESENTATION_ITEM ( '' )  );
#190 = ADVANCED_FACE ( 'NONE', ( #2201 ), #2489, .T. ) ;
#191 = DIRECTION ( 'NONE',  ( 0.0000000000000000000, 0.0000000000000000000, 1.000000000000000000 ) ) ;
#192 = EDGE_LOOP ( 'NONE', ( #2336, #308, #5746, #6373, #6615 ) ) ;
#193 = PRESENTATION_STYLE_ASSIGNMENT (( #5747 ) ) ;
#194 = ORIENTED_EDGE ( 'NONE', *, *, #7188, .T. ) ;
#195 = CARTESIAN_POINT ( 'NONE',  ( 10.00000000000000178, 23.00000000000000000, 0.0000000000000000000 ) ) ;
#196 = EDGE_LOOP ( 'NONE', ( #7085, #4943, #3751, #2416 ) ) ;
#197 = CARTESIAN_POINT ( 'NONE',  ( -16.77917170850973960, 28.00000000000000000, 4.000000000000001776 ) ) ;
#198 = AXIS2_PLACEMENT_3D ( 'NONE', #5074, #6703, #3980 ) ;
#199 = LINE ( 'NONE', #2330, #1847 ) ;
#200 = AXIS2_PLACEMENT_3D ( 'NONE', #726, #5201, #2487 ) ;
#201 = CARTESIAN_POINT ( 'NONE',  ( 15.12009839470418981, 44.34659284498458476, 5.338949576479932624 ) ) ;
#202 = ORIENTED_EDGE ( 'NONE', *, *, #626, .F. ) ;
#203 = CARTESIAN_POINT ( 'NONE',  ( -17.00000000000000000, 1.000000000000000000, -30.00000000000000000 ) ) ;
#204 = ORIENTED_EDGE ( 'NONE', *, *, #620, .F. ) ;
#205 = CARTESIAN_POINT ( 'NONE',  ( 16.93333333333332646, 2.000000000000000000, -20.71873622355948186 ) ) ;
#206 =( BOUNDED_CURVE ( )  B_SPLINE_CURVE ( 3, ( #6020, #1994, #916, #1474 ),
 .UNSPECIFIED., .F., .F. ) 
 B_SPLINE_CURVE_WITH_KNOTS ( ( 4, 4 ),
 ( 2.774384633031954372, 3.288183418647597112 ),
 .UNSPECIFIED. ) 
 CURVE ( )  GEOMETRIC_REPRESENTATION_ITEM ( )  RATIONAL_B_SPLINE_CURVE ( ( 1.000000000000000000, 0.9781216248974324845, 0.9781216248974324845, 1.000000000000000000 ) ) 
 REPRESENTATION_ITEM ( '' )  );
#207 = DIRECTION ( 'NONE',  ( 1.000000000000000000, 0.0000000000000000000, 0.0000000000000000000 ) ) ;
#208 = CARTESIAN_POINT ( 'NONE',  ( 18.33120045906893836, 28.00000000000000355, 4.000000000000000888 ) ) ;
#209 = FACE_OUTER_BOUND ( 'NONE', #1041, .T. ) ;
#210 = ORIENTED_EDGE ( 'NONE', *, *, #441, .F. ) ;
#211 = DIRECTION ( 'NONE',  ( 0.0000000000000000000, 0.0000000000000000000, 1.000000000000000000 ) ) ;
#212 = CARTESIAN_POINT ( 'NONE',  ( -11.97331907960222530, 0.0000000000000000000, 31.78593654904997834 ) ) ;
#213 = CARTESIAN_POINT ( 'NONE',  ( 3.000000000000000888, 0.0000000000000000000, 0.0000000000000000000 ) ) ;
#214 = DIRECTION ( 'NONE',  ( 0.0000000000000000000, 0.0000000000000000000, 1.000000000000000000 ) ) ;
#215 = CYLINDRICAL_SURFACE ( 'NONE', #1313, 1.000000000000000888 ) ;
#216 = ORIENTED_EDGE ( 'NONE', *, *, #5753, .T. ) ;
#217 = ORIENTED_EDGE ( 'NONE', *, *, #2289, .F. ) ;
#218 = DIRECTION ( 'NONE',  ( 1.000000000000000000, 0.0000000000000000000, 0.0000000000000000000 ) ) ;
#219 = DIRECTION ( 'NONE',  ( 0.0000000000000000000, 1.000000000000000000, 0.0000000000000000000 ) ) ;
#220 = EDGE_LOOP ( 'NONE', ( #6105, #5013 ) ) ;
#221 = EDGE_CURVE ( 'NONE', #5939, #1303, #231, .T. ) ;
#222 = ADVANCED_FACE ( 'NONE', ( #1580 ), #2236, .F. ) ;
#223 = CARTESIAN_POINT ( 'NONE',  ( 15.00138125790372534, 43.95476500490527627, -5.819780257153954750 ) ) ;
#224 = PRODUCT_DEFINITION_CONTEXT ( 'detailed design', #5062, 'design' ) ;
#225 = COLOUR_RGB ( '',0.0000000000000000000, 0.0000000000000000000, 0.0000000000000000000 ) ;
#226 = DIRECTION ( 'NONE',  ( 0.0000000000000000000, 0.0000000000000000000, 1.000000000000000000 ) ) ;
#227 = FILL_AREA_STYLE_COLOUR ( '', #3609 ) ;
#228 = ORIENTED_EDGE ( 'NONE', *, *, #2255, .T. ) ;
#229 = CARTESIAN_POINT ( 'NONE',  ( 3.000000000000000888, 0.0000000000000000000, 6.999999999999998224 ) ) ;
#230 = ORIENTED_EDGE ( 'NONE', *, *, #7074, .F. ) ;
#231 =( BOUNDED_CURVE ( )  B_SPLINE_CURVE ( 3, ( #5022, #6604, #5053, #1103 ),
 .UNSPECIFIED., .F., .F. ) 
 B_SPLINE_CURVE_WITH_KNOTS ( ( 4, 4 ),
 ( 4.712388980384690562, 5.079597000942527529 ),
 .UNSPECIFIED. ) 
 CURVE ( )  GEOMETRIC_REPRESENTATION_ITEM ( )  RATIONAL_B_SPLINE_CURVE ( ( 1.000000000000000000, 0.9887947201667834918, 0.9887947201667834918, 1.000000000000000000 ) ) 
 REPRESENTATION_ITEM ( '' )  );
#232 = ADVANCED_FACE ( 'NONE', ( #4417 ), #4334, .F. ) ;
#233 = CIRCLE ( 'NONE', #4464, 20.00000000000001776 ) ;
#234 = EDGE_CURVE ( 'NONE', #5067, #3862, #980, .T. ) ;
#235 = CARTESIAN_POINT ( 'NONE',  ( -16.50876756476434792, 30.16580686289276514, -3.378901249440138255 ) ) ;
#236 = CIRCLE ( 'NONE', #1641, 1.000000000000000888 ) ;
#237 = DIRECTION ( 'NONE',  ( -0.0000000000000000000, -1.000000000000000000, 0.0000000000000000000 ) ) ;
#238 = ORIENTED_EDGE ( 'NONE', *, *, #2748, .F. ) ;
#239 = ORIENTED_EDGE ( 'NONE', *, *, #5366, .F. ) ;
#240 = CARTESIAN_POINT ( 'NONE',  ( 15.70581416027142652, 24.82844763484402151, 15.96776842477710190 ) ) ;
#241 = VERTEX_POINT ( 'NONE', #6684 ) ;
#242 = DIRECTION ( 'NONE',  ( 8.163404592832039882E-16, 0.0000000000000000000, 1.000000000000000000 ) ) ;
#243 = CARTESIAN_POINT ( 'NONE',  ( 17.49999999999999645, 2.460743121917819298, -23.84142802098236302 ) ) ;
#244 = DIRECTION ( 'NONE',  ( -7.780179021430174173E-16, -0.0000000000000000000, -1.000000000000000000 ) ) ;
#245 = CIRCLE ( 'NONE', #3171, 4.999999999999999112 ) ;
#246 = DIRECTION ( 'NONE',  ( 0.9848077530122080203, 0.1736481776669308585, 0.0000000000000000000 ) ) ;
#247 = DIRECTION ( 'NONE',  ( 0.0000000000000000000, 0.0000000000000000000, 1.000000000000000000 ) ) ;
#248 = CARTESIAN_POINT ( 'NONE',  ( -8.999999999999998224, 1.000000000000000000, -23.77032961426903768 ) ) ;
#249 = ORIENTED_EDGE ( 'NONE', *, *, #4999, .T. ) ;
#250 = CARTESIAN_POINT ( 'NONE',  ( -15.70581416027143362, 24.82844763484402151, -15.96776842477710190 ) ) ;
#251 = DIRECTION ( 'NONE',  ( -0.0000000000000000000, -1.000000000000000000, -0.0000000000000000000 ) ) ;
#252 = CARTESIAN_POINT ( 'NONE',  ( -13.33011020406692282, 43.54842000298300064, 6.103928412109205226 ) ) ;
#253 = VERTEX_POINT ( 'NONE', #1068 ) ;
#254 = CARTESIAN_POINT ( 'NONE',  ( -5.000000000000000000, -40.00000000000000000, -1.000000000000000444 ) ) ;
#255 = DIRECTION ( 'NONE',  ( -0.0000000000000000000, -1.000000000000000000, -0.0000000000000000000 ) ) ;
#256 = CIRCLE ( 'NONE', #20, 1.000000000000000000 ) ;
#257 = EDGE_LOOP ( 'NONE', ( #747, #2684, #6260, #4238 ) ) ;
#258 = CARTESIAN_POINT ( 'NONE',  ( 18.51651843306483514, 2.000000000000000000, 24.70756721792408683 ) ) ;
#259 = AXIS2_PLACEMENT_3D ( 'NONE', #7311, #57, #4559 ) ;
#260 = EDGE_CURVE ( 'NONE', #4416, #7118, #3306, .T. ) ;
#261 = CARTESIAN_POINT ( 'NONE',  ( 16.19770077992399493, 0.0000000000000000000, 32.36776602760185284 ) ) ;
#262 = ORIENTED_EDGE ( 'NONE', *, *, #728, .T. ) ;
#263 = DIRECTION ( 'NONE',  ( 7.780179021430174173E-16, 0.0000000000000000000, -1.000000000000000000 ) ) ;
#264 = ORIENTED_EDGE ( 'NONE', *, *, #7067, .F. ) ;
#265 = VECTOR ( 'NONE', #6523, 1000.000000000000000 ) ;
#266 = DIRECTION ( 'NONE',  ( -0.0000000000000000000, -1.000000000000000000, -0.0000000000000000000 ) ) ;
#267 = ADVANCED_FACE ( 'NONE', ( #3347 ), #7321, .T. ) ;
#268 = EDGE_CURVE ( 'NONE', #3697, #1843, #5467, .T. ) ;
#269 = LINE ( 'NONE', #1969, #6054 ) ;
#270 = VERTEX_POINT ( 'NONE', #2644 ) ;
#271 = EDGE_LOOP ( 'NONE', ( #103, #520, #4120, #5146 ) ) ;
#272 = AXIS2_PLACEMENT_3D ( 'NONE', #6962, #3546, #2910 ) ;
#273 = CARTESIAN_POINT ( 'NONE',  ( 16.00000000000000000, 0.0000000000000000000, 31.50000000000000000 ) ) ;
#274 = EDGE_LOOP ( 'NONE', ( #3045, #186, #1662, #1855 ) ) ;
#275 = DIRECTION ( 'NONE',  ( 0.0000000000000000000, -0.3319062115909337529, 0.9433123908373908240 ) ) ;
#276 = CARTESIAN_POINT ( 'NONE',  ( 37.00000000000000000, 1.000000000000000000, -13.00000000000000000 ) ) ;
#277 = CARTESIAN_POINT ( 'NONE',  ( -4.898979485566355763, -40.00000000000000000, -1.000000000000000444 ) ) ;
#278 = ORIENTED_EDGE ( 'NONE', *, *, #5548, .T. ) ;
#279 = AXIS2_PLACEMENT_3D ( 'NONE', #111, #2359, #5221 ) ;
#280 = DIRECTION ( 'NONE',  ( -1.000000000000000000, 0.0000000000000000000, 0.0000000000000000000 ) ) ;
#281 = EDGE_CURVE ( 'NONE', #6896, #5052, #4916, .T. ) ;
#282 = ORIENTED_EDGE ( 'NONE', *, *, #3242, .F. ) ;
#283 = CARTESIAN_POINT ( 'NONE',  ( -19.22222222222222499, 1.000000000000000000, -28.85469288177286629 ) ) ;
#284 = CARTESIAN_POINT ( 'NONE',  ( -17.07502125235891910, 26.60220228439246881, -3.758450641928750890 ) ) ;
#285 = CONTEXT_DEPENDENT_SHAPE_REPRESENTATION ( #4383, #984 ) ;
#286 = DIRECTION ( 'NONE',  ( 0.0000000000000000000, 0.0000000000000000000, 1.000000000000000000 ) ) ;
#287 = AXIS2_PLACEMENT_3D ( 'NONE', #990, #6232, #2309 ) ;
#288 = VERTEX_POINT ( 'NONE', #4951 ) ;
#289 = CARTESIAN_POINT ( 'NONE',  ( -16.00000000000000000, 2.000000000000000000, -29.00000000000000000 ) ) ;
#290 = CARTESIAN_POINT ( 'NONE',  ( 15.27659095919522869, 46.23315355148411498, -1.500935795638919323 ) ) ;
#291 = AXIS2_PLACEMENT_3D ( 'NONE', #4540, #6733, #7219 ) ;
#292 = AXIS2_PLACEMENT_3D ( 'NONE', #3067, #3656, #6509 ) ;
#293 = ORIENTED_EDGE ( 'NONE', *, *, #1228, .F. ) ;
#294 = AXIS2_PLACEMENT_3D ( 'NONE', #392, #4330, #464 ) ;
#295 = VECTOR ( 'NONE', #840, 1000.000000000000000 ) ;
#296 = CARTESIAN_POINT ( 'NONE',  ( 8.999999999999998224, 2.000000000000000000, 23.77032961426903768 ) ) ;
#297 = UNCERTAINTY_MEASURE_WITH_UNIT (LENGTH_MEASURE( 1.000000000000000082E-05 ), #6623, 'distance_accuracy_value', 'NONE');
#298 = AXIS2_PLACEMENT_3D ( 'NONE', #1573, #6600, #463 ) ;
#299 = DIRECTION ( 'NONE',  ( 0.0000000000000000000, 0.0000000000000000000, -1.000000000000000000 ) ) ;
#300 = ORIENTED_EDGE ( 'NONE', *, *, #1179, .F. ) ;
#301 = DIRECTION ( 'NONE',  ( -7.112366251504907509E-15, 0.0000000000000000000, 1.000000000000000000 ) ) ;
#302 = ORIENTED_EDGE ( 'NONE', *, *, #178, .F. ) ;
#303 = DIRECTION ( 'NONE',  ( 0.0000000000000000000, 0.0000000000000000000, -1.000000000000000000 ) ) ;
#304 = EDGE_CURVE ( 'NONE', #5868, #6727, #4118, .T. ) ;
#305 = B_SPLINE_CURVE_WITH_KNOTS ( 'NONE', 3,
 ( #5468, #4598, #3748, #605 ),
 .UNSPECIFIED., .F., .F.,
 ( 4, 4 ),
 ( 0.0002049155195888296293, 0.0007069860111920548210 ),
 .UNSPECIFIED. ) ;
#306 = EDGE_LOOP ( 'NONE', ( #1653, #1539, #5271, #2763 ) ) ;
#307 = CARTESIAN_POINT ( 'NONE',  ( 15.25901242313525508, 45.05693803994560653, -4.323015725994030944 ) ) ;
#308 = ORIENTED_EDGE ( 'NONE', *, *, #5781, .T. ) ;
#309 = AXIS2_PLACEMENT_3D ( 'NONE', #2077, #5416, #3946 ) ;
#310 = LINE ( 'NONE', #446, #1838 ) ;
#311 = ORIENTED_EDGE ( 'NONE', *, *, #4696, .F. ) ;
#312 = DIRECTION ( 'NONE',  ( 0.0000000000000000000, 1.000000000000000000, 0.0000000000000000000 ) ) ;
#313 = CARTESIAN_POINT ( 'NONE',  ( -17.44792069186383543, 24.98086220701281945, 3.538621192024943962 ) ) ;
#314 = DIRECTION ( 'NONE',  ( 0.0000000000000000000, 1.000000000000000000, 0.0000000000000000000 ) ) ;
#315 = ORIENTED_EDGE ( 'NONE', *, *, #1975, .F. ) ;
#316 = EDGE_CURVE ( 'NONE', #2188, #3267, #3494, .T. ) ;
#317 = EDGE_CURVE ( 'NONE', #4857, #4071, #7325, .T. ) ;
#318 = PRESENTATION_LAYER_ASSIGNMENT (  '', '', ( #5292 ) ) ;
#319 = DIRECTION ( 'NONE',  ( -0.3684098178339152985, 0.0000000000000000000, 0.9296634907984616669 ) ) ;
#320 = CARTESIAN_POINT ( 'NONE',  ( 16.82984283765127742, 27.71262974652008992, -4.000000000000000888 ) ) ;
#321 = VERTEX_POINT ( 'NONE', #7250 ) ;
#322 = EDGE_CURVE ( 'NONE', #1027, #5527, #2232, .T. ) ;
#323 = CARTESIAN_POINT ( 'NONE',  ( 17.49065276715008821, 24.98460077916930544, 2.628187120243467234 ) ) ;
#324 = FACE_OUTER_BOUND ( 'NONE', #5680, .T. ) ;
#325 = CARTESIAN_POINT ( 'NONE',  ( 13.78922811121531389, 46.03025170569195268, 1.500934750293582809 ) ) ;
#326 = B_SPLINE_CURVE_WITH_KNOTS ( 'NONE', 3,
 ( #6931, #7000, #5334, #6399 ),
 .UNSPECIFIED., .F., .F.,
 ( 4, 4 ),
 ( 0.0000000000000000000, 0.0006952461508793640740 ),
 .UNSPECIFIED. ) ;
#327 = EDGE_LOOP ( 'NONE', ( #2549, #5862, #5208, #3107 ) ) ;
#328 = EDGE_CURVE ( 'NONE', #2072, #7001, #3417, .T. ) ;
#329 = PLANE ( 'NONE',  #4291 ) ;
#330 = CARTESIAN_POINT ( 'NONE',  ( 15.31334333109023227, 46.02472049292816081, -2.229670385730952109 ) ) ;
#331 = ORIENTED_EDGE ( 'NONE', *, *, #2197, .F. ) ;
#332 = CARTESIAN_POINT ( 'NONE',  ( 17.39999999999999858, 1.000000000000000000, 5.460769270011663679 ) ) ;
#333 = EDGE_LOOP ( 'NONE', ( #5579, #4128, #6744, #834 ) ) ;
#334 = CARTESIAN_POINT ( 'NONE',  ( -19.00000000000000355, 24.67907091749999182, -2.229670385730948556 ) ) ;
#335 = ORIENTED_EDGE ( 'NONE', *, *, #3191, .F. ) ;
#336 = CARTESIAN_POINT ( 'NONE',  ( -17.93847439205128680, 31.13686243278608501, -2.503824042731233046 ) ) ;
#337 = DIRECTION ( 'NONE',  ( 0.0000000000000000000, -1.000000000000000000, 0.0000000000000000000 ) ) ;
#338 = EDGE_LOOP ( 'NONE', ( #6150, #230, #6343, #957 ) ) ;
#339 = DIRECTION ( 'NONE',  ( -0.0000000000000000000, 1.000000000000000000, -0.0000000000000000000 ) ) ;
#340 = ORIENTED_EDGE ( 'NONE', *, *, #7189, .T. ) ;
#341 = CARTESIAN_POINT ( 'NONE',  ( -16.70859611817241230, 24.91617968814868789, 12.49492444466807584 ) ) ;
#342 = CARTESIAN_POINT ( 'NONE',  ( 18.98533287048767804, 25.11536834380910221, -2.771082858396939130 ) ) ;
#343 = EDGE_CURVE ( 'NONE', #2756, #3166, #245, .T. ) ;
#344 = AXIS2_PLACEMENT_3D ( 'NONE', #1044, #3254, #5519 ) ;
#345 = CARTESIAN_POINT ( 'NONE',  ( -17.97088045260962730, 2.000000000000465850, -24.04333151332016527 ) ) ;
#346 = CARTESIAN_POINT ( 'NONE',  ( 19.03164498109984848, 2.000000000000000444, 24.61566738298573043 ) ) ;
#347 = CARTESIAN_POINT ( 'NONE',  ( -18.01784637519194376, 30.43381820034953478, 3.191070518840191994 ) ) ;
#348 = AXIS2_PLACEMENT_3D ( 'NONE', #2158, #5089, #4486 ) ;
#349 = CARTESIAN_POINT ( 'NONE',  ( -17.49999999999999645, 2.000000000000000000, 24.69534183785885872 ) ) ;
#350 = ORIENTED_EDGE ( 'NONE', *, *, #6047, .F. ) ;
#351 = SURFACE_STYLE_USAGE ( .BOTH. , #6563 ) ;
#352 = CARTESIAN_POINT ( 'NONE',  ( 17.39999180805040879, 0.0000000000000000000, -5.460766130032704169 ) ) ;
#353 = EDGE_CURVE ( 'NONE', #2840, #1284, #7291, .T. ) ;
#354 = CARTESIAN_POINT ( 'NONE',  ( 13.82597942870981100, 45.82182462693844371, -2.229670385730951221 ) ) ;
#355 = B_SPLINE_CURVE_WITH_KNOTS ( 'NONE', 3,
 ( #307, #370, #4891, #2587 ),
 .UNSPECIFIED., .F., .F.,
 ( 4, 4 ),
 ( 1.398578778534940505E-17, 0.002306870052140205275 ),
 .UNSPECIFIED. ) ;
#356 = ORIENTED_EDGE ( 'NONE', *, *, #5962, .F. ) ;
#357 = CYLINDRICAL_SURFACE ( 'NONE', #3472, 3.500000000000003109 ) ;
#358 = DIRECTION ( 'NONE',  ( -1.776356839400250465E-15, 0.0000000000000000000, 1.000000000000000000 ) ) ;
#359 = ADVANCED_FACE ( 'NONE', ( #2239 ), #5326, .F. ) ;
#360 = ADVANCED_FACE ( 'NONE', ( #3271 ), #470, .T. ) ;
#361 = ORIENTED_EDGE ( 'NONE', *, *, #937, .T. ) ;
#362 = DIRECTION ( 'NONE',  ( 0.0000000000000000000, 0.0000000000000000000, 1.000000000000000000 ) ) ;
#363 = UNCERTAINTY_MEASURE_WITH_UNIT (LENGTH_MEASURE( 1.000000000000000082E-05 ), #471, 'distance_accuracy_value', 'NONE');
#364 = CARTESIAN_POINT ( 'NONE',  ( -19.00000000000000000, 2.652747412077495870, -23.77032961426903057 ) ) ;
#365 = VERTEX_POINT ( 'NONE', #4919 ) ;
#366 = VERTEX_POINT ( 'NONE', #2680 ) ;
#367 = CARTESIAN_POINT ( 'NONE',  ( 17.49999999999999645, 24.67907091749999182, 2.229670385730948556 ) ) ;
#368 = AXIS2_PLACEMENT_3D ( 'NONE', #1351, #3984, #2887 ) ;
#369 =( BOUNDED_CURVE ( )  B_SPLINE_CURVE ( 3, ( #3490, #6942, #1322, #3039 ),
 .UNSPECIFIED., .F., .F. ) 
 B_SPLINE_CURVE_WITH_KNOTS ( ( 4, 4 ),
 ( 1.203588306237058703, 1.424205561737093229 ),
 .UNSPECIFIED. ) 
 CURVE ( )  GEOMETRIC_REPRESENTATION_ITEM ( )  RATIONAL_B_SPLINE_CURVE ( ( 1.000000000000000000, 0.9959481133263646813, 0.9959481133263646813, 1.000000000000000000 ) ) 
 REPRESENTATION_ITEM ( '' )  );
#370 = CARTESIAN_POINT ( 'NONE',  ( 15.32420816482761516, 45.48552137534618822, -3.675456269718318403 ) ) ;
#371 = ORIENTED_EDGE ( 'NONE', *, *, #6321, .F. ) ;
#372 = DIRECTION ( 'NONE',  ( 1.000000000000000000, 0.0000000000000000000, -1.224646799147353207E-16 ) ) ;
#373 = ORIENTED_EDGE ( 'NONE', *, *, #546, .T. ) ;
#374 = CARTESIAN_POINT ( 'NONE',  ( -18.33333333333332504, 25.05832577568395436, 5.819780257153957415 ) ) ;
#375 = VECTOR ( 'NONE', #5872, 1000.000000000000000 ) ;
#376 = DIRECTION ( 'NONE',  ( 0.3209196880303996080, 0.0000000000000000000, 0.9471064110407400038 ) ) ;
#377 = CARTESIAN_POINT ( 'NONE',  ( 17.39999999999999147, 1.000000000000000000, -20.53923072998832566 ) ) ;
#378 = DIRECTION ( 'NONE',  ( 0.0000000000000000000, 0.0000000000000000000, 1.000000000000000000 ) ) ;
#379 = DIRECTION ( 'NONE',  ( -0.0000000000000000000, -0.0000000000000000000, -1.000000000000000000 ) ) ;
#380 = TOROIDAL_SURFACE ( 'NONE', #612, 2.500000000000003997, 1.000000000000000000 ) ;
#381 = TOROIDAL_SURFACE ( 'NONE', #6904, 23.50000000000000711, 1.000000000000000000 ) ;
#382 = CARTESIAN_POINT ( 'NONE',  ( 16.88704986788800255, 27.42730416214473266, -3.968878317025066327 ) ) ;
#383 = ORIENTED_EDGE ( 'NONE', *, *, #6925, .F. ) ;
#384 = DIRECTION ( 'NONE',  ( -0.9829747306675966634, 0.1733249663713345157, -0.06098471038991398058 ) ) ;
#385 = DIRECTION ( 'NONE',  ( 1.040834085586084059E-15, 0.0000000000000000000, 1.000000000000000000 ) ) ;
#386 = DIRECTION ( 'NONE',  ( 0.0000000000000000000, 1.000000000000000000, 0.0000000000000000000 ) ) ;
#387 = CARTESIAN_POINT ( 'NONE',  ( -17.49999999999999645, 2.652747412077468780, -23.77032961426903768 ) ) ;
#388 = VECTOR ( 'NONE', #3583, 1000.000000000000000 ) ;
#389 = VERTEX_POINT ( 'NONE', #2165 ) ;
#390 = CARTESIAN_POINT ( 'NONE',  ( 0.0000000000000000000, -20.99999999999999645, 0.0000000000000000000 ) ) ;
#391 = ADVANCED_FACE ( 'NONE', ( #4419 ), #4490, .T. ) ;
#392 = CARTESIAN_POINT ( 'NONE',  ( -11.00000000000000000, 0.0000000000000000000, 0.0000000000000000000 ) ) ;
#393 = ADVANCED_FACE ( 'NONE', ( #6053 ), #3857, .T. ) ;
#394 = ORIENTED_EDGE ( 'NONE', *, *, #937, .F. ) ;
#395 = DIRECTION ( 'NONE',  ( -0.9950371902099890420, 0.0000000000000000000, 0.09950371902099895693 ) ) ;
#396 = CARTESIAN_POINT ( 'NONE',  ( -17.07508177017890816, 26.60193979223499738, 3.758397469852325035 ) ) ;
#397 = CARTESIAN_POINT ( 'NONE',  ( 18.52191752794451673, 2.611973768424347586, 23.78467589629513412 ) ) ;
#398 = VECTOR ( 'NONE', #452, 1000.000000000000227 ) ;
#399 = AXIS2_PLACEMENT_3D ( 'NONE', #5502, #2264, #5084 ) ;
#400 = EDGE_CURVE ( 'NONE', #2945, #6858, #5075, .T. ) ;
#401 = EDGE_CURVE ( 'NONE', #6635, #91, #3043, .T. ) ;
#402 = CARTESIAN_POINT ( 'NONE',  ( 16.48691169566460246, 30.43263066273703998, 3.192125026228851858 ) ) ;
#403 = EDGE_CURVE ( 'NONE', #6513, #2667, #6661, .T. ) ;
#404 = ORIENTED_EDGE ( 'NONE', *, *, #4561, .F. ) ;
#405 = AXIS2_PLACEMENT_3D ( 'NONE', #2091, #2679, #3270 ) ;
#406 = ORIENTED_EDGE ( 'NONE', *, *, #353, .T. ) ;
#407 = CARTESIAN_POINT ( 'NONE',  ( -16.00000000000000000, 2.000000000000000000, 26.50000000000000355 ) ) ;
#408 = ADVANCED_FACE ( 'NONE', ( #4338 ), #6243, .F. ) ;
#409 = CIRCLE ( 'NONE', #5139, 1.000000000000000000 ) ;
#410 = FACE_OUTER_BOUND ( 'NONE', #2129, .T. ) ;
#411 = VERTEX_POINT ( 'NONE', #5215 ) ;
#412 = CARTESIAN_POINT ( 'NONE',  ( 0.0000000000000000000, -20.99999999999999645, 0.0000000000000000000 ) ) ;
#413 = ORIENTED_EDGE ( 'NONE', *, *, #1578, .T. ) ;
#414 = CARTESIAN_POINT ( 'NONE',  ( 18.33333333333332504, 25.05832577568395081, -5.819780257153954750 ) ) ;
#415 = CARTESIAN_POINT ( 'NONE',  ( 18.99440554137084192, 24.95462663012348159, -2.603754539663029277 ) ) ;
#416 = CIRCLE ( 'NONE', #1599, 1.000000000000000000 ) ;
#417 = LINE ( 'NONE', #5998, #6407 ) ;
#418 = DIRECTION ( 'NONE',  ( 1.000000000000000000, 0.0000000000000000000, 0.0000000000000000000 ) ) ;
#419 = CARTESIAN_POINT ( 'NONE',  ( -18.27624044583942720, 28.32177682732414681, 3.990351124774639047 ) ) ;
#420 = MECHANICAL_DESIGN_GEOMETRIC_PRESENTATION_REPRESENTATION (  '', ( #3028 ), #1961 ) ;
#421 = CARTESIAN_POINT ( 'NONE',  ( 16.38287855762948553, 31.32092908250001884, -2.229670385730951221 ) ) ;
#422 = ORIENTED_EDGE ( 'NONE', *, *, #6046, .T. ) ;
#423 = CARTESIAN_POINT ( 'NONE',  ( 17.00943985666795299, 26.87284881602318620, 3.848553857843471260 ) ) ;
#424 = CARTESIAN_POINT ( 'NONE',  ( 3.000000000000000888, 7.347880794884117764E-16, -5.999999999999998224 ) ) ;
#425 =( NAMED_UNIT ( * ) PLANE_ANGLE_UNIT ( ) SI_UNIT ( $, .RADIAN. ) );
#426 = AXIS2_PLACEMENT_3D ( 'NONE', #1086, #3841, #5672 ) ;
#427 = VERTEX_POINT ( 'NONE', #3541 ) ;
#428 = DIRECTION ( 'NONE',  ( -0.0000000000000000000, -1.000000000000000000, -0.0000000000000000000 ) ) ;
#429 = CARTESIAN_POINT ( 'NONE',  ( -9.099503719020990644, 0.0000000000000000000, 0.0000000000000000000 ) ) ;
#430 =( BOUNDED_CURVE ( )  B_SPLINE_CURVE ( 3, ( #4496, #6060, #4989, #1003 ),
 .UNSPECIFIED., .F., .F. ) 
 B_SPLINE_CURVE_WITH_KNOTS ( ( 4, 4 ),
 ( 1.570796326794897668, 1.938004347352734857 ),
 .UNSPECIFIED. ) 
 CURVE ( )  GEOMETRIC_REPRESENTATION_ITEM ( )  RATIONAL_B_SPLINE_CURVE ( ( 1.000000000000000000, 0.9887947201667832697, 0.9887947201667832697, 1.000000000000000000 ) ) 
 REPRESENTATION_ITEM ( '' )  );
#431 = ORIENTED_EDGE ( 'NONE', *, *, #1440, .T. ) ;
#432 = EDGE_CURVE ( 'NONE', #5854, #5767, #2431, .T. ) ;
#433 = CARTESIAN_POINT ( 'NONE',  ( 20.11111111111111427, 2.000000000000000000, 28.39657003448201777 ) ) ;
#434 = DIRECTION ( 'NONE',  ( 0.0000000000000000000, 1.000000000000000000, 0.0000000000000000000 ) ) ;
#435 = AXIS2_PLACEMENT_3D ( 'NONE', #7124, #7228, #7161 ) ;
#436 = FACE_OUTER_BOUND ( 'NONE', #1685, .T. ) ;
#437 = DIRECTION ( 'NONE',  ( -0.0000000000000000000, -1.000000000000000000, 0.0000000000000000000 ) ) ;
#438 = ORIENTED_EDGE ( 'NONE', *, *, #1278, .T. ) ;
#439 = ORIENTED_EDGE ( 'NONE', *, *, #737, .T. ) ;
#440 = EDGE_CURVE ( 'NONE', #5660, #6079, #6603, .T. ) ;
#441 = EDGE_CURVE ( 'NONE', #6990, #6362, #2392, .T. ) ;
#442 = DIRECTION ( 'NONE',  ( 0.0000000000000000000, 0.0000000000000000000, -1.000000000000000000 ) ) ;
#443 = CARTESIAN_POINT ( 'NONE',  ( 14.62485085824465081, 41.63969388954320294, -8.285547041056707585 ) ) ;
#444 = CYLINDRICAL_SURFACE ( 'NONE', #505, 17.99999999999999645 ) ;
#445 = ORIENTED_EDGE ( 'NONE', *, *, #1402, .F. ) ;
#446 = CARTESIAN_POINT ( 'NONE',  ( -20.11111111111111427, 2.000000000000000000, 28.39657003448201777 ) ) ;
#447 = VERTEX_POINT ( 'NONE', #6761 ) ;
#448 = CARTESIAN_POINT ( 'NONE',  ( -11.97331907960222530, 2.000000000000000000, -22.78593654904997834 ) ) ;
#449 = EDGE_CURVE ( 'NONE', #270, #4513, #4081, .T. ) ;
#450 = CARTESIAN_POINT ( 'NONE',  ( 18.20310266781667607, 28.80671016264687267, -3.921182895153366932 ) ) ;
#451 = EDGE_CURVE ( 'NONE', #4206, #3625, #6814, .T. ) ;
#452 = DIRECTION ( 'NONE',  ( -0.9959378143920017967, -0.08493934816411057021, 0.02988606694663149474 ) ) ;
#453 = LINE ( 'NONE', #934, #6567 ) ;
#454 = CARTESIAN_POINT ( 'NONE',  ( -18.13961773546360590, 29.28027474512627037, 3.803514547367485843 ) ) ;
#455 = CIRCLE ( 'NONE', #2689, 1.000000000000000000 ) ;
#456 = CARTESIAN_POINT ( 'NONE',  ( -15.28122110707944081, 46.20689467796626104, -1.496394016541832128 ) ) ;
#457 = ORIENTED_EDGE ( 'NONE', *, *, #3093, .T. ) ;
#458 = CARTESIAN_POINT ( 'NONE',  ( -9.881378385679143506, 2.000000000000000000, -32.78593654904997834 ) ) ;
#459 = CARTESIAN_POINT ( 'NONE',  ( 4.898979485566354874, -39.86932336559185330, 1.000000000000001110 ) ) ;
#460 = CARTESIAN_POINT ( 'NONE',  ( -17.47069264564962410, 1.999999999999998224, -24.50468784678772494 ) ) ;
#461 = DIRECTION ( 'NONE',  ( 0.0000000000000000000, 0.0000000000000000000, 1.000000000000000000 ) ) ;
#462 = EDGE_LOOP ( 'NONE', ( #5713, #4555, #6311, #1000, #5319 ) ) ;
#463 = DIRECTION ( 'NONE',  ( 0.0000000000000000000, 0.0000000000000000000, -1.000000000000000000 ) ) ;
#464 = DIRECTION ( 'NONE',  ( 0.0000000000000000000, 0.0000000000000000000, 1.000000000000000000 ) ) ;
#465 = AXIS2_PLACEMENT_3D ( 'NONE', #4036, #611, #4685 ) ;
#466 = LINE ( 'NONE', #6542, #6256 ) ;
#467 = ORIENTED_EDGE ( 'NONE', *, *, #2120, .T. ) ;
#468 = CARTESIAN_POINT ( 'NONE',  ( -19.00000000000000355, 2.000000000000000000, 27.12771867673098569 ) ) ;
#469 = CYLINDRICAL_SURFACE ( 'NONE', #4534, 1.000000000000000888 ) ;
#470 = CYLINDRICAL_SURFACE ( 'NONE', #941, 10.00000000000000178 ) ;
#471 =( LENGTH_UNIT ( ) NAMED_UNIT ( * ) SI_UNIT ( .MILLI., .METRE. ) );
#472 = ORIENTED_EDGE ( 'NONE', *, *, #4967, .F. ) ;
#473 = EDGE_LOOP ( 'NONE', ( #5092, #6179, #2948, #4987 ) ) ;
#474 = DIRECTION ( 'NONE',  ( 0.0000000000000000000, 0.0000000000000000000, -1.000000000000000000 ) ) ;
#475 = PRODUCT_RELATED_PRODUCT_CATEGORY ( 'part', '', ( #5475 ) ) ;
#476 = DIRECTION ( 'NONE',  ( 0.0000000000000000000, 1.000000000000000000, 0.0000000000000000000 ) ) ;
#477 = ADVANCED_FACE ( 'NONE', ( #2829 ), #1732, .T. ) ;
#478 = DIRECTION ( 'NONE',  ( 1.000000000000000000, -0.0000000000000000000, -0.0000000000000000000 ) ) ;
#479 = VERTEX_POINT ( 'NONE', #4573 ) ;
#480 = CARTESIAN_POINT ( 'NONE',  ( -11.97331907960222530, 2.000000000000000000, 32.78593654904997834 ) ) ;
#481 = ORIENTED_EDGE ( 'NONE', *, *, #1287, .F. ) ;
#482 = DIRECTION ( 'NONE',  ( 0.1736481776669309696, 0.9848077530122080203, 0.0000000000000000000 ) ) ;
#483 = LINE ( 'NONE', #1630, #4377 ) ;
#484 = CARTESIAN_POINT ( 'NONE',  ( -16.00000000000000000, 2.000000000000000000, -26.50000000000000355 ) ) ;
#485 = AXIS2_PLACEMENT_3D ( 'NONE', #2303, #6190, #5640 ) ;
#486 = EDGE_CURVE ( 'NONE', #1864, #2840, #570, .T. ) ;
#487 = CARTESIAN_POINT ( 'NONE',  ( -18.33333333333332149, 2.000000000000000000, -5.819780257153963632 ) ) ;
#488 = CARTESIAN_POINT ( 'NONE',  ( -29.00000000000000000, 2.000000000000000000, -23.81534156157350068 ) ) ;
#489 = EDGE_CURVE ( 'NONE', #4915, #4478, #5294, .T. ) ;
#490 = EDGE_CURVE ( 'NONE', #3636, #5617, #2193, .T. ) ;
#491 = AXIS2_PLACEMENT_3D ( 'NONE', #5312, #4750, #2523 ) ;
#492 = CARTESIAN_POINT ( 'NONE',  ( -15.31334333109023227, 46.02472049292816081, -2.229670385730952109 ) ) ;
#493 = ORIENTED_EDGE ( 'NONE', *, *, #6498, .F. ) ;
#494 = DIRECTION ( 'NONE',  ( 1.000000000000000000, 0.0000000000000000000, -0.0000000000000000000 ) ) ;
#495 = CARTESIAN_POINT ( 'NONE',  ( 4.936679571380681253, -39.38431365785901050, -0.7986392889758009428 ) ) ;
#496 = LINE ( 'NONE', #6747, #4371 ) ;
#497 = DIRECTION ( 'NONE',  ( 0.0000000000000000000, -1.000000000000000000, -0.0000000000000000000 ) ) ;
#498 = CIRCLE ( 'NONE', #4628, 2.499999999999998668 ) ;
#499 = ORIENTED_EDGE ( 'NONE', *, *, #3902, .T. ) ;
#500 = DIRECTION ( 'NONE',  ( -0.0000000000000000000, -1.000000000000000000, -0.0000000000000000000 ) ) ;
#501 = CYLINDRICAL_SURFACE ( 'NONE', #3470, 20.00000000000000355 ) ;
#502 = EDGE_CURVE ( 'NONE', #6727, #6141, #1444, .T. ) ;
#503 = CARTESIAN_POINT ( 'NONE',  ( 17.50000000000000000, 24.67907091749998827, -2.229670385730951221 ) ) ;
#504 = CARTESIAN_POINT ( 'NONE',  ( -13.62694091902954874, 44.42168065532709420, 4.949746772866278732 ) ) ;
#505 = AXIS2_PLACEMENT_3D ( 'NONE', #6696, #3280, #1118 ) ;
#506 = EDGE_LOOP ( 'NONE', ( #4809, #1212, #3392, #6774, #4154, #1199, #1729, #4262, #5132 ) ) ;
#507 = CARTESIAN_POINT ( 'NONE',  ( 17.49065276715009176, 24.98460077916930899, -2.628187120243470343 ) ) ;
#508 = CARTESIAN_POINT ( 'NONE',  ( 9.000000000000001776, 0.0000000000000000000, 18.99999999999999645 ) ) ;
#509 = CIRCLE ( 'NONE', #985, 9.000000000000001776 ) ;
#510 = PRESENTATION_STYLE_ASSIGNMENT (( #3310 ) ) ;
#511 = ORIENTED_EDGE ( 'NONE', *, *, #811, .F. ) ;
#512 = VERTEX_POINT ( 'NONE', #6920 ) ;
#513 = VECTOR ( 'NONE', #6815, 1000.000000000000000 ) ;
#514 = VECTOR ( 'NONE', #2966, 1000.000000000000000 ) ;
#515 = DIRECTION ( 'NONE',  ( 1.000000000000000000, 0.0000000000000000000, 0.0000000000000000000 ) ) ;
#516 = DIRECTION ( 'NONE',  ( 0.0000000000000000000, 0.0000000000000000000, 1.000000000000000000 ) ) ;
#517 = AXIS2_PLACEMENT_3D ( 'NONE', #1255, #4074, #5769 ) ;
#518 = CIRCLE ( 'NONE', #2526, 2.500000000000002220 ) ;
#519 = CARTESIAN_POINT ( 'NONE',  ( -17.00000000000000000, 1.000000000000000000, 30.00000000000000000 ) ) ;
#520 = ORIENTED_EDGE ( 'NONE', *, *, #951, .T. ) ;
#521 = CARTESIAN_POINT ( 'NONE',  ( 15.32420816482733450, 45.48552137534613138, 3.675456269718296198 ) ) ;
#522 = ORIENTED_EDGE ( 'NONE', *, *, #526, .T. ) ;
#523 = DIRECTION ( 'NONE',  ( 1.000000000000000000, 0.0000000000000000000, 0.0000000000000000000 ) ) ;
#524 = CARTESIAN_POINT ( 'NONE',  ( -15.70581416027142652, 24.82844763484402151, 15.96776842477710190 ) ) ;
#525 = CARTESIAN_POINT ( 'NONE',  ( -4.898979485566356651, -40.00000000000000000, 1.000000000000000444 ) ) ;
#526 = EDGE_CURVE ( 'NONE', #3655, #817, #1688, .T. ) ;
#527 = AXIS2_PLACEMENT_3D ( 'NONE', #3087, #879, #4691 ) ;
#528 = CARTESIAN_POINT ( 'NONE',  ( 17.90601847545810088, 31.32092908250001173, -2.229670385730952109 ) ) ;
#529 = AXIS2_PLACEMENT_3D ( 'NONE', #616, #5214, #4648 ) ;
#530 = STYLED_ITEM ( 'NONE', ( #1921 ), #4536 ) ;
#531 = CARTESIAN_POINT ( 'NONE',  ( -15.27659095919522692, 46.23315355148411498, 1.500935795638917547 ) ) ;
#532 = EDGE_LOOP ( 'NONE', ( #18, #1783, #4804, #5178 ) ) ;
#533 = CARTESIAN_POINT ( 'NONE',  ( 0.0000000000000000000, -19.00000000000000000, 0.0000000000000000000 ) ) ;
#534 = CYLINDRICAL_SURFACE ( 'NONE', #2991, 10.00000000000000000 ) ;
#535 = CYLINDRICAL_SURFACE ( 'NONE', #2497, 2.499999999999998668 ) ;
#536 = CARTESIAN_POINT ( 'NONE',  ( -9.000000000000001776, 0.0000000000000000000, 0.0000000000000000000 ) ) ;
#537 = ADVANCED_FACE ( 'NONE', ( #3967 ), #182, .F. ) ;
#538 = ADVANCED_FACE ( 'NONE', ( #582 ), #5095, .F. ) ;
#539 = ORIENTED_EDGE ( 'NONE', *, *, #5100, .T. ) ;
#540 = CARTESIAN_POINT ( 'NONE',  ( -17.54217882118008021, 24.74621057434748295, 2.229670385730948556 ) ) ;
#541 = LINE ( 'NONE', #2790, #4285 ) ;
#542 = CARTESIAN_POINT ( 'NONE',  ( -15.25901242313525152, 45.05693803994559232, 4.323015725994046932 ) ) ;
#543 = DIRECTION ( 'NONE',  ( -1.364263640329315310E-12, 0.0000000000000000000, 1.000000000000000000 ) ) ;
#544 = CIRCLE ( 'NONE', #1488, 16.99999999999999289 ) ;
#545 = ORIENTED_EDGE ( 'NONE', *, *, #401, .T. ) ;
#546 = EDGE_CURVE ( 'NONE', #1762, #2389, #7177, .T. ) ;
#547 = CARTESIAN_POINT ( 'NONE',  ( -17.49999999999999645, 24.67907091749999182, 2.229670385730948556 ) ) ;
#548 = DIRECTION ( 'NONE',  ( 0.0000000000000000000, 1.000000000000000000, 0.0000000000000000000 ) ) ;
#549 = CARTESIAN_POINT ( 'NONE',  ( 0.0000000000000000000, 28.00000000000000000, 0.0000000000000000000 ) ) ;
#550 = VERTEX_POINT ( 'NONE', #779 ) ;
#551 = ORIENTED_EDGE ( 'NONE', *, *, #2514, .F. ) ;
#552 = LINE ( 'NONE', #2767, #638 ) ;
#553 = CARTESIAN_POINT ( 'NONE',  ( 14.83617087477654373, 37.70778910538092532, 11.13507157756522226 ) ) ;
#554 = CARTESIAN_POINT ( 'NONE',  ( -15.20015619558169817, 24.78420829531207659, 12.33959630004312302 ) ) ;
#555 = ORIENTED_EDGE ( 'NONE', *, *, #2066, .T. ) ;
#556 = DIRECTION ( 'NONE',  ( 0.0000000000000000000, 0.0000000000000000000, -1.000000000000000000 ) ) ;
#557 = ORIENTED_EDGE ( 'NONE', *, *, #3055, .T. ) ;
#558 = CARTESIAN_POINT ( 'NONE',  ( -9.000000000000001776, 0.0000000000000000000, 0.0000000000000000000 ) ) ;
#559 = FACE_OUTER_BOUND ( 'NONE', #5883, .T. ) ;
#560 = CARTESIAN_POINT ( 'NONE',  ( -0.09950371902095467291, 0.0000000000000000000, -23.99004962809790698 ) ) ;
#561 = LINE ( 'NONE', #7268, #2185 ) ;
#562 = CARTESIAN_POINT ( 'NONE',  ( -37.00000000000000000, 0.0000000000000000000, -31.78593654904997834 ) ) ;
#563 = ORIENTED_EDGE ( 'NONE', *, *, #317, .T. ) ;
#564 = CARTESIAN_POINT ( 'NONE',  ( -11.00000000000000000, 7.347880794884117764E-16, -5.999999999999998224 ) ) ;
#565 = FACE_OUTER_BOUND ( 'NONE', #2275, .T. ) ;
#566 = DIRECTION ( 'NONE',  ( 0.0000000000000000000, 0.0000000000000000000, 1.000000000000000000 ) ) ;
#567 = DIRECTION ( 'NONE',  ( 0.0000000000000000000, 0.0000000000000000000, 1.000000000000000000 ) ) ;
#568 = LINE ( 'NONE', #953, #3224 ) ;
#569 = ORIENTED_EDGE ( 'NONE', *, *, #1811, .T. ) ;
#570 = B_SPLINE_CURVE_WITH_KNOTS ( 'NONE', 3,
 ( #5735, #2979, #2905, #1809 ),
 .UNSPECIFIED., .F., .F.,
 ( 4, 4 ),
 ( 0.0002046916563629899016, 0.0008999378072423874775 ),
 .UNSPECIFIED. ) ;
#571 = CARTESIAN_POINT ( 'NONE',  ( -14.70567165476878380, 42.68986673106152807, 7.281537266705612410 ) ) ;
#572 = TOROIDAL_SURFACE ( 'NONE', #4586, 9.000000000000001776, 1.000000000000000000 ) ;
#573 = DIRECTION ( 'NONE',  ( 9.637352644315592778E-16, 0.0000000000000000000, 1.000000000000000000 ) ) ;
#574 = EDGE_CURVE ( 'NONE', #5358, #1445, #1826, .T. ) ;
#575 = DIRECTION ( 'NONE',  ( -0.1736481776669309418, 0.9848077530122079093, 0.0000000000000000000 ) ) ;
#576 = ADVANCED_BREP_SHAPE_REPRESENTATION ( '', ( #3428, #3712 ), #6560 ) ;
#577 = LINE ( 'NONE', #23, #4600 ) ;
#578 = EDGE_LOOP ( 'NONE', ( #7210, #1297, #6877, #6434 ) ) ;
#579 = CIRCLE ( 'NONE', #3163, 17.99999999999999645 ) ;
#580 = ORIENTED_EDGE ( 'NONE', *, *, #3616, .T. ) ;
#581 = LINE ( 'NONE', #7213, #6200 ) ;
#582 = FACE_OUTER_BOUND ( 'NONE', #1686, .T. ) ;
#583 = EDGE_CURVE ( 'NONE', #3267, #1965, #6573, .T. ) ;
#584 = EDGE_CURVE ( 'NONE', #3070, #1434, #5265, .T. ) ;
#585 = AXIS2_PLACEMENT_3D ( 'NONE', #5863, #4774, #4129 ) ;
#586 = ITEM_DEFINED_TRANSFORMATION ( 'NONE', 'NONE', #2184,  #3712 ) ;
#587 = VERTEX_POINT ( 'NONE', #5949 ) ;
#588 = AXIS2_PLACEMENT_3D ( 'NONE', #3423, #1300, #71 ) ;
#589 = ORIENTED_EDGE ( 'NONE', *, *, #2973, .T. ) ;
#590 = DIRECTION ( 'NONE',  ( -0.0000000000000000000, -1.000000000000000000, -0.0000000000000000000 ) ) ;
#591 = CARTESIAN_POINT ( 'NONE',  ( 14.70579858385517369, 42.69019133490334639, 7.281080905200732367 ) ) ;
#592 = DIRECTION ( 'NONE',  ( 0.0000000000000000000, 0.0000000000000000000, 1.000000000000000000 ) ) ;
#593 = ORIENTED_EDGE ( 'NONE', *, *, #5877, .F. ) ;
#594 = ORIENTED_EDGE ( 'NONE', *, *, #3643, .T. ) ;
#595 = CARTESIAN_POINT ( 'NONE',  ( -13.81862330540316997, 34.36617582146947569, 12.61190109985333763 ) ) ;
#596 = DIRECTION ( 'NONE',  ( -0.0000000000000000000, -1.000000000000000000, 0.0000000000000000000 ) ) ;
#597 = CARTESIAN_POINT ( 'NONE',  ( 15.87678109189359255, 1.000000000000000000, 33.31487243864258829 ) ) ;
#598 = CARTESIAN_POINT ( 'NONE',  ( 20.11111111111111427, 2.000000000000000000, 28.39657003448201777 ) ) ;
#599 = ORIENTED_EDGE ( 'NONE', *, *, #1077, .F. ) ;
#600 = DIRECTION ( 'NONE',  ( 0.0000000000000000000, 0.0000000000000000000, -1.000000000000000000 ) ) ;
#601 = CARTESIAN_POINT ( 'NONE',  ( -4.923292250929240055, -39.49682546194017618, 0.8739373512951139622 ) ) ;
#602 = CIRCLE ( 'NONE', #4863, 1.000000000000000000 ) ;
#603 = FACE_OUTER_BOUND ( 'NONE', #5328, .T. ) ;
#604 = DIRECTION ( 'NONE',  ( 0.0000000000000000000, 0.0000000000000000000, 1.000000000000000000 ) ) ;
#605 = CARTESIAN_POINT ( 'NONE',  ( -17.49999999999999645, 24.67907091749999182, 2.229670385730948556 ) ) ;
#606 = VERTEX_POINT ( 'NONE', #4196 ) ;
#607 = CARTESIAN_POINT ( 'NONE',  ( 9.000000000000001776, 0.0000000000000000000, 0.0000000000000000000 ) ) ;
#608 = AXIS2_PLACEMENT_3D ( 'NONE', #93, #1094, #2338 ) ;
#609 = DIRECTION ( 'NONE',  ( 0.0000000000000000000, 0.0000000000000000000, -1.000000000000000000 ) ) ;
#610 = ORIENTED_EDGE ( 'NONE', *, *, #1991, .F. ) ;
#611 = DIRECTION ( 'NONE',  ( 0.0000000000000000000, 1.000000000000000000, 0.0000000000000000000 ) ) ;
#612 = AXIS2_PLACEMENT_3D ( 'NONE', #2592, #312, #6068 ) ;
#613 = ORIENTED_EDGE ( 'NONE', *, *, #5926, .T. ) ;
#614 = ORIENTED_EDGE ( 'NONE', *, *, #2828, .F. ) ;
#615 = EDGE_CURVE ( 'NONE', #1820, #6270, #1154, .T. ) ;
#616 = CARTESIAN_POINT ( 'NONE',  ( -11.00000000000000000, 0.0000000000000000000, 0.0000000000000000000 ) ) ;
#617 = CARTESIAN_POINT ( 'NONE',  ( -14.83617087477654017, 37.70778910538092532, -11.13507157756521870 ) ) ;
#618 = AXIS2_PLACEMENT_3D ( 'NONE', #5355, #3119, #6006 ) ;
#619 = CIRCLE ( 'NONE', #2860, 10.00000000000000000 ) ;
#620 = EDGE_CURVE ( 'NONE', #1735, #179, #7072, .T. ) ;
#621 = VERTEX_POINT ( 'NONE', #5398 ) ;
#622 = EDGE_LOOP ( 'NONE', ( #6798, #3585, #1635, #3796 ) ) ;
#623 = EDGE_CURVE ( 'NONE', #4857, #1471, #5015, .T. ) ;
#624 = EDGE_CURVE ( 'NONE', #512, #5771, #6070, .T. ) ;
#625 = CARTESIAN_POINT ( 'NONE',  ( 9.000000000000001776, 2.000000000000000000, -2.229670385730950333 ) ) ;
#626 = EDGE_CURVE ( 'NONE', #91, #25, #6466, .T. ) ;
#627 = CARTESIAN_POINT ( 'NONE',  ( 9.000000000000001776, 0.0000000000000000000, 22.09501243788790958 ) ) ;
#628 = ORIENTED_EDGE ( 'NONE', *, *, #1210, .F. ) ;
#629 = CIRCLE ( 'NONE', #7251, 5.999999999999999112 ) ;
#630 = ORIENTED_EDGE ( 'NONE', *, *, #1936, .F. ) ;
#631 = DIRECTION ( 'NONE',  ( 0.0000000000000000000, -1.000000000000000000, 0.0000000000000000000 ) ) ;
#632 = CIRCLE ( 'NONE', #1467, 20.00000000000000355 ) ;
#633 = CARTESIAN_POINT ( 'NONE',  ( -18.77832844992289196, 25.95252311460568961, -3.446632816760518914 ) ) ;
#634 = DIRECTION ( 'NONE',  ( 0.0000000000000000000, 0.0000000000000000000, 1.000000000000000000 ) ) ;
#635 = EDGE_CURVE ( 'NONE', #1419, #4611, #3706, .T. ) ;
#636 = DIRECTION ( 'NONE',  ( 0.0000000000000000000, 1.000000000000000000, 0.0000000000000000000 ) ) ;
#637 = AXIS2_PLACEMENT_3D ( 'NONE', #5876, #1552, #4147 ) ;
#638 = VECTOR ( 'NONE', #3936, 1000.000000000000000 ) ;
#639 = CARTESIAN_POINT ( 'NONE',  ( -17.99999999999997868, 0.0000000000000000000, -12.99999999999998757 ) ) ;
#640 = ORIENTED_EDGE ( 'NONE', *, *, #7093, .F. ) ;
#641 = CARTESIAN_POINT ( 'NONE',  ( -9.999999999999998224, 0.0000000000000000000, 0.0000000000000000000 ) ) ;
#642 = ORIENTED_EDGE ( 'NONE', *, *, #3649, .T. ) ;
#643 = LINE ( 'NONE', #3986, #4890 ) ;
#644 = CARTESIAN_POINT ( 'NONE',  ( -14.75418502277205945, 45.00151949514871319, -4.302501001580003148 ) ) ;
#645 = DIRECTION ( 'NONE',  ( 1.000000000000000000, 0.0000000000000000000, 0.0000000000000000000 ) ) ;
#646 = AXIS2_PLACEMENT_3D ( 'NONE', #691, #1138, #3416 ) ;
#647 = TOROIDAL_SURFACE ( 'NONE', #1251, 6.999999999999998224, 1.000000000000000000 ) ;
#648 = CARTESIAN_POINT ( 'NONE',  ( -20.11111111111111427, 1.000000000000000000, 28.39657003448201777 ) ) ;
#649 = ORIENTED_EDGE ( 'NONE', *, *, #853, .T. ) ;
#650 = CARTESIAN_POINT ( 'NONE',  ( 16.48113011892544577, 28.16183834664268204, -14.79490872988498573 ) ) ;
#651 =( NAMED_UNIT ( * ) SI_UNIT ( $, .STERADIAN. ) SOLID_ANGLE_UNIT ( ) );
#652 = CIRCLE ( 'NONE', #298, 1.000000000000000888 ) ;
#653 = CARTESIAN_POINT ( 'NONE',  ( -8.999999999999998224, 0.0000000000000000000, -23.77032961426903768 ) ) ;
#654 = ORIENTED_EDGE ( 'NONE', *, *, #6589, .T. ) ;
#655 = CARTESIAN_POINT ( 'NONE',  ( 17.50000000000000000, 2.000000000000000000, -2.229670385730951221 ) ) ;
#656 = DIRECTION ( 'NONE',  ( 0.0000000000000000000, 1.000000000000000000, 0.0000000000000000000 ) ) ;
#657 = EDGE_LOOP ( 'NONE', ( #228, #7191, #6898, #5655 ) ) ;
#658 = AXIS2_PLACEMENT_3D ( 'NONE', #2949, #5223, #150 ) ;
#659 = VERTEX_POINT ( 'NONE', #4227 ) ;
#660 = CARTESIAN_POINT ( 'NONE',  ( -9.099503719020990644, 0.0000000000000000000, -23.09004962809790129 ) ) ;
#661 = CARTESIAN_POINT ( 'NONE',  ( 13.74026056903632309, 44.88921036392231656, -4.261290993643036984 ) ) ;
#662 = EDGE_CURVE ( 'NONE', #3728, #1735, #3578, .T. ) ;
#663 = ORIENTED_EDGE ( 'NONE', *, *, #6830, .T. ) ;
#664 = ORIENTED_EDGE ( 'NONE', *, *, #7277, .F. ) ;
#665 = TOROIDAL_SURFACE ( 'NONE', #2546, 11.00000000000000000, 1.000000000000000000 ) ;
#666 = CARTESIAN_POINT ( 'NONE',  ( 17.49999999999998934, 5.626474161160422760, 22.72401835070281351 ) ) ;
#667 = EDGE_CURVE ( 'NONE', #6977, #7248, #5077, .T. ) ;
#668 = EDGE_CURVE ( 'NONE', #1787, #2906, #2872, .T. ) ;
#669 = FACE_OUTER_BOUND ( 'NONE', #5654, .T. ) ;
#670 = ORIENTED_EDGE ( 'NONE', *, *, #3242, .T. ) ;
#671 = DIRECTION ( 'NONE',  ( 0.0000000000000000000, -1.000000000000000000, 0.0000000000000000000 ) ) ;
#672 = VERTEX_POINT ( 'NONE', #914 ) ;
#673 = SURFACE_SIDE_STYLE ('',( #3400 ) ) ;
#674 = ORIENTED_EDGE ( 'NONE', *, *, #4607, .F. ) ;
#675 = DIRECTION ( 'NONE',  ( 0.0000000000000000000, 1.000000000000000000, 0.0000000000000000000 ) ) ;
#676 = SHAPE_REPRESENTATION ( 'Wheel pin', ( #3712 ), #6560 ) ;
#677 = CARTESIAN_POINT ( 'NONE',  ( -16.38287855762948553, 31.32092908250001884, -2.229670385730950333 ) ) ;
#678 = ADVANCED_FACE ( 'NONE', ( #7102 ), #5133, .F. ) ;
#679 = EDGE_CURVE ( 'NONE', #5, #727, #5982, .T. ) ;
#680 = EDGE_CURVE ( 'NONE', #3311, #2242, #1946, .T. ) ;
#681 = DIRECTION ( 'NONE',  ( -1.000000000000000000, -0.0000000000000000000, -0.0000000000000000000 ) ) ;
#682 = ORIENTED_EDGE ( 'NONE', *, *, #3457, .F. ) ;
#683 = CARTESIAN_POINT ( 'NONE',  ( 16.34354431137108676, 15.68348285652095697, 19.18544121715003214 ) ) ;
#684 = ORIENTED_EDGE ( 'NONE', *, *, #1536, .F. ) ;
#685 = DIRECTION ( 'NONE',  ( 0.0000000000000000000, 0.0000000000000000000, -1.000000000000000000 ) ) ;
#686 = CARTESIAN_POINT ( 'NONE',  ( 14.36070098527082806, 31.17516791688956346, 13.73466314035367830 ) ) ;
#687 = DIRECTION ( 'NONE',  ( -0.1736481776669309418, 0.9848077530122079093, 0.0000000000000000000 ) ) ;
#688 = FACE_OUTER_BOUND ( 'NONE', #4462, .T. ) ;
#689 = ORIENTED_EDGE ( 'NONE', *, *, #221, .F. ) ;
#690 = CARTESIAN_POINT ( 'NONE',  ( 17.39999180805040879, 0.0000000000000000000, -5.460766130032704169 ) ) ;
#691 = CARTESIAN_POINT ( 'NONE',  ( 0.0000000000000000000, -44.00000000000000000, 0.0000000000000000000 ) ) ;
#692 = DIRECTION ( 'NONE',  ( 3.469446951953613400E-15, 0.0000000000000000000, 1.000000000000000000 ) ) ;
#693 = ORIENTED_EDGE ( 'NONE', *, *, #1306, .T. ) ;
#694 = DIRECTION ( 'NONE',  ( 0.1736481776669310251, -0.9848077530122079093, 0.0000000000000000000 ) ) ;
#695 = DIRECTION ( 'NONE',  ( 1.000000000000000000, 0.0000000000000000000, 0.0000000000000000000 ) ) ;
#696 = VERTEX_POINT ( 'NONE', #2195 ) ;
#697 = VERTEX_POINT ( 'NONE', #4977 ) ;
#698 = TOROIDAL_SURFACE ( 'NONE', #2809, 4.999999999999999112, 1.000000000000000000 ) ;
#699 = FACE_OUTER_BOUND ( 'NONE', #794, .T. ) ;
#700 = DIRECTION ( 'NONE',  ( -0.0000000000000000000, -1.000000000000000000, -0.0000000000000000000 ) ) ;
#701 = AXIS2_PLACEMENT_3D ( 'NONE', #1390, #4823, #242 ) ;
#702 = ORIENTED_EDGE ( 'NONE', *, *, #5648, .T. ) ;
#703 = EDGE_LOOP ( 'NONE', ( #5432, #3768, #4007, #4599 ) ) ;
#704 = CARTESIAN_POINT ( 'NONE',  ( -16.00000000000000000, 2.000000000000000000, -29.00000000000000000 ) ) ;
#705 =( BOUNDED_CURVE ( )  B_SPLINE_CURVE ( 3, ( #1643, #6676, #4297, #6158 ),
 .UNSPECIFIED., .F., .F. ) 
 B_SPLINE_CURVE_WITH_KNOTS ( ( 4, 4 ),
 ( 2.774384633031954817, 3.280070548415086495 ),
 .UNSPECIFIED. ) 
 CURVE ( )  GEOMETRIC_REPRESENTATION_ITEM ( )  RATIONAL_B_SPLINE_CURVE ( ( 1.000000000000000000, 0.9788034320659347864, 0.9788034320659347864, 1.000000000000000000 ) ) 
 REPRESENTATION_ITEM ( '' )  );
#706 = DIRECTION ( 'NONE',  ( 0.0000000000000000000, 0.0000000000000000000, 1.000000000000000000 ) ) ;
#707 = ORIENTED_EDGE ( 'NONE', *, *, #2909, .T. ) ;
#708 = FACE_BOUND ( 'NONE', #6116, .T. ) ;
#709 = ORIENTED_EDGE ( 'NONE', *, *, #4835, .T. ) ;
#710 = DIRECTION ( 'NONE',  ( 0.0000000000000000000, -1.000000000000000000, 0.0000000000000000000 ) ) ;
#711 = EDGE_LOOP ( 'NONE', ( #6875, #42, #7216, #6951, #5561 ) ) ;
#712 = CIRCLE ( 'NONE', #4333, 8.499999999999996447 ) ;
#713 = DIRECTION ( 'NONE',  ( 0.0000000000000000000, 0.0000000000000000000, -1.000000000000000000 ) ) ;
#714 = PRODUCT_RELATED_PRODUCT_CATEGORY ( 'part', '', ( #3744 ) ) ;
#715 = DIRECTION ( 'NONE',  ( 1.000000000000000000, -0.0000000000000000000, -0.0000000000000000000 ) ) ;
#716 = EDGE_CURVE ( 'NONE', #4822, #3243, #2166, .T. ) ;
#717 = CARTESIAN_POINT ( 'NONE',  ( 13.82597942870980923, 45.82182462693844371, 2.229670385730948556 ) ) ;
#718 = ORIENTED_EDGE ( 'NONE', *, *, #127, .F. ) ;
#719 = DIRECTION ( 'NONE',  ( 0.0000000000000000000, 0.0000000000000000000, 1.000000000000000000 ) ) ;
#720 = ORIENTED_EDGE ( 'NONE', *, *, #1089, .F. ) ;
#721 = FACE_OUTER_BOUND ( 'NONE', #3080, .T. ) ;
#722 =( BOUNDED_CURVE ( )  B_SPLINE_CURVE ( 3, ( #3121, #2084, #4326, #4292 ),
 .UNSPECIFIED., .F., .F. ) 
 B_SPLINE_CURVE_WITH_KNOTS ( ( 4, 4 ),
 ( 3.003114758764499737, 3.508800674147631860 ),
 .UNSPECIFIED. ) 
 CURVE ( )  GEOMETRIC_REPRESENTATION_ITEM ( )  RATIONAL_B_SPLINE_CURVE ( ( 1.000000000000000000, 0.9788034320659346754, 0.9788034320659346754, 1.000000000000000000 ) ) 
 REPRESENTATION_ITEM ( '' )  );
#723 = EDGE_CURVE ( 'NONE', #1898, #2510, #5251, .T. ) ;
#724 = CARTESIAN_POINT ( 'NONE',  ( -18.00000000000000000, 1.000000000000000000, -23.77032961426903057 ) ) ;
#725 = FACE_OUTER_BOUND ( 'NONE', #1607, .T. ) ;
#726 = CARTESIAN_POINT ( 'NONE',  ( 9.171312920576319527, 23.27020106417857193, 2.229670385730950333 ) ) ;
#727 = VERTEX_POINT ( 'NONE', #3228 ) ;
#728 = EDGE_CURVE ( 'NONE', #5140, #7118, #4779, .T. ) ;
#729 = CARTESIAN_POINT ( 'NONE',  ( 37.00000000000000000, 2.000000000000000000, 13.00000000000000000 ) ) ;
#730 = CARTESIAN_POINT ( 'NONE',  ( -20.11111111111111427, 2.000000000000000000, -28.39657003448201777 ) ) ;
#731 = DIRECTION ( 'NONE',  ( 0.0000000000000000000, 0.0000000000000000000, 1.000000000000000000 ) ) ;
#732 = DIRECTION ( 'NONE',  ( -0.1736481776669310251, -0.9848077530122079093, 0.0000000000000000000 ) ) ;
#733 = DIRECTION ( 'NONE',  ( -0.0000000000000000000, -1.000000000000000000, -0.0000000000000000000 ) ) ;
#734 = VERTEX_POINT ( 'NONE', #1610 ) ;
#735 = CIRCLE ( 'NONE', #5451, 0.9999999999999966693 ) ;
#736 = EDGE_LOOP ( 'NONE', ( #4703, #2982, #1395, #4753 ) ) ;
#737 = EDGE_CURVE ( 'NONE', #5816, #427, #3117, .T. ) ;
#738 = DIRECTION ( 'NONE',  ( -0.0000000000000000000, -1.000000000000000000, -0.0000000000000000000 ) ) ;
#739 = DIRECTION ( 'NONE',  ( -0.0000000000000000000, -1.000000000000000000, -0.0000000000000000000 ) ) ;
#740 = AXIS2_PLACEMENT_3D ( 'NONE', #3000, #207, #4142 ) ;
#741 = VERTEX_POINT ( 'NONE', #6014 ) ;
#742 = ORIENTED_EDGE ( 'NONE', *, *, #4565, .T. ) ;
#743 = DIRECTION ( 'NONE',  ( 0.0000000000000000000, 0.0000000000000000000, -1.000000000000000000 ) ) ;
#744 = CIRCLE ( 'NONE', #1677, 21.50000000000001776 ) ;
#745 = AXIS2_PLACEMENT_3D ( 'NONE', #3762, #3178, #3255 ) ;
#746 = CARTESIAN_POINT ( 'NONE',  ( 3.000000000000000888, 0.0000000000000000000, 0.0000000000000000000 ) ) ;
#747 = ORIENTED_EDGE ( 'NONE', *, *, #86, .F. ) ;
#748 = ORIENTED_EDGE ( 'NONE', *, *, #3855, .T. ) ;
#749 = CARTESIAN_POINT ( 'NONE',  ( -1.734723475976807094E-15, 0.0000000000000000000, -24.00000000000000000 ) ) ;
#750 = ORIENTED_EDGE ( 'NONE', *, *, #2577, .F. ) ;
#751 = CARTESIAN_POINT ( 'NONE',  ( -16.59579022705172591, 29.27909405061774706, 3.793502981034126531 ) ) ;
#752 = CIRCLE ( 'NONE', #1222, 4.999999999999998224 ) ;
#753 = DIRECTION ( 'NONE',  ( 0.0000000000000000000, 0.0000000000000000000, 1.000000000000000000 ) ) ;
#754 = CIRCLE ( 'NONE', #2511, 21.00000000000000355 ) ;
#755 = DIRECTION ( 'NONE',  ( -0.0000000000000000000, -1.000000000000000000, 0.0000000000000000000 ) ) ;
#756 = ORIENTED_EDGE ( 'NONE', *, *, #5927, .T. ) ;
#757 = CARTESIAN_POINT ( 'NONE',  ( 3.000000000000000888, 0.0000000000000000000, 0.0000000000000000000 ) ) ;
#758 = ORIENTED_EDGE ( 'NONE', *, *, #983, .T. ) ;
#759 =( NAMED_UNIT ( * ) SI_UNIT ( $, .STERADIAN. ) SOLID_ANGLE_UNIT ( ) );
#760 = DIRECTION ( 'NONE',  ( 0.0000000000000000000, 0.0000000000000000000, 1.000000000000000000 ) ) ;
#761 = EDGE_CURVE ( 'NONE', #7327, #1628, #5461, .T. ) ;
#762 = CARTESIAN_POINT ( 'NONE',  ( 17.90601847545810088, 31.32092908250001884, 2.229670385730950333 ) ) ;
#763 = CARTESIAN_POINT ( 'NONE',  ( 0.0000000000000000000, -45.00000000000000000, 0.0000000000000000000 ) ) ;
#764 = AXIS2_PLACEMENT_3D ( 'NONE', #3843, #3294, #5673 ) ;
#765 = AXIS2_PLACEMENT_3D ( 'NONE', #6899, #1715, #685 ) ;
#766 = CARTESIAN_POINT ( 'NONE',  ( 13.82597942870980923, 45.82182462693844371, 2.229670385730948556 ) ) ;
#767 = CARTESIAN_POINT ( 'NONE',  ( 17.49999999999999645, 2.233087011523640530, 24.02880642180041093 ) ) ;
#768 = CARTESIAN_POINT ( 'NONE',  ( 17.44792069186383543, 24.98086220701281945, 3.538621192024944406 ) ) ;
#769 = AXIS2_PLACEMENT_3D ( 'NONE', #6345, #1292, #3534 ) ;
#770 = CIRCLE ( 'NONE', #2287, 6.999999999999998224 ) ;
#771 = CARTESIAN_POINT ( 'NONE',  ( -8.673617379884035472E-16, 0.0000000000000000000, 0.0000000000000000000 ) ) ;
#772 = ADVANCED_FACE ( 'NONE', ( #4872 ), #7037, .T. ) ;
#773 = EDGE_CURVE ( 'NONE', #3774, #3975, #6314, .T. ) ;
#774 = DIRECTION ( 'NONE',  ( 0.0000000000000000000, 0.0000000000000000000, 1.000000000000000000 ) ) ;
#775 = ORIENTED_EDGE ( 'NONE', *, *, #6090, .F. ) ;
#776 = ORIENTED_EDGE ( 'NONE', *, *, #4318, .T. ) ;
#777 = DIRECTION ( 'NONE',  ( -0.0000000000000000000, -0.0000000000000000000, -1.000000000000000000 ) ) ;
#778 = VECTOR ( 'NONE', #2788, 1000.000000000000227 ) ;
#779 = CARTESIAN_POINT ( 'NONE',  ( 18.33333333333332149, 1.000000000000000000, -20.18021974284602749 ) ) ;
#780 = EDGE_CURVE ( 'NONE', #3370, #3550, #7174, .T. ) ;
#781 = ORIENTED_EDGE ( 'NONE', *, *, #3779, .F. ) ;
#782 = CARTESIAN_POINT ( 'NONE',  ( 10.00000000000000178, 2.766787081419200480E-15, -22.09501243788790958 ) ) ;
#783 = VECTOR ( 'NONE', #2715, 1000.000000000000000 ) ;
#784 = DIRECTION ( 'NONE',  ( 0.0000000000000000000, 1.000000000000000000, 0.0000000000000000000 ) ) ;
#785 = ORIENTED_EDGE ( 'NONE', *, *, #1038, .T. ) ;
#786 =( LENGTH_UNIT ( ) NAMED_UNIT ( * ) SI_UNIT ( .MILLI., .METRE. ) );
#787 = ORIENTED_EDGE ( 'NONE', *, *, #1609, .T. ) ;
#788 = CARTESIAN_POINT ( 'NONE',  ( 0.0000000000000000000, 0.0000000000000000000, -29.49999999999999289 ) ) ;
#789 = ORIENTED_EDGE ( 'NONE', *, *, #1578, .F. ) ;
#790 = CIRCLE ( 'NONE', #6092, 1.000000000000000888 ) ;
#791 = DIRECTION ( 'NONE',  ( -0.0000000000000000000, -1.000000000000000000, -0.0000000000000000000 ) ) ;
#792 = COLOUR_RGB ( '',0.2980392156862745057, 0.2980392156862745057, 0.2980392156862745057 ) ;
#793 = CARTESIAN_POINT ( 'NONE',  ( -11.97331907960222530, 1.000000000000000000, -32.78593654904997834 ) ) ;
#794 = EDGE_LOOP ( 'NONE', ( #5483, #6329, #6475, #1741 ) ) ;
#795 = DIRECTION ( 'NONE',  ( 0.0000000000000000000, 0.0000000000000000000, 1.000000000000000000 ) ) ;
#796 = ORIENTED_EDGE ( 'NONE', *, *, #2352, .F. ) ;
#797 = DIRECTION ( 'NONE',  ( 0.0000000000000000000, 1.000000000000000000, 0.0000000000000000000 ) ) ;
#798 = CARTESIAN_POINT ( 'NONE',  ( 17.48481165349194200, 2.062693109742689046, -24.30492448515689929 ) ) ;
#799 = DIRECTION ( 'NONE',  ( 0.0000000000000000000, 0.0000000000000000000, -1.000000000000000000 ) ) ;
#800 = DIRECTION ( 'NONE',  ( 0.0000000000000000000, 0.0000000000000000000, -1.000000000000000000 ) ) ;
#801 = CARTESIAN_POINT ( 'NONE',  ( -17.49999999999999645, 2.000000000000000000, 23.77032961426903412 ) ) ;
#802 = ORIENTED_EDGE ( 'NONE', *, *, #1170, .F. ) ;
#803 = CARTESIAN_POINT ( 'NONE',  ( 29.00000000000000000, 1.000000000000000000, -23.81534156157350068 ) ) ;
#804 = CARTESIAN_POINT ( 'NONE',  ( -16.88603358507623042, 27.43199888710051582, -3.969787314706815895 ) ) ;
#805 = DIRECTION ( 'NONE',  ( 0.0000000000000000000, 1.000000000000000000, 0.0000000000000000000 ) ) ;
#806 = ORIENTED_EDGE ( 'NONE', *, *, #2279, .F. ) ;
#807 = CARTESIAN_POINT ( 'NONE',  ( 18.43162126665625067, 27.45978219064020109, 3.972324919357746342 ) ) ;
#808 = ADVANCED_FACE ( 'NONE', ( #6119 ), #4173, .T. ) ;
#809 = CARTESIAN_POINT ( 'NONE',  ( 13.25856043225751080, 38.09892410412827957, 10.87002260801548204 ) ) ;
#810 = EDGE_LOOP ( 'NONE', ( #2266, #7073 ) ) ;
#811 = EDGE_CURVE ( 'NONE', #3686, #817, #2154, .T. ) ;
#812 = EDGE_CURVE ( 'NONE', #1149, #2310, #705, .T. ) ;
#813 = VECTOR ( 'NONE', #2926, 1000.000000000000000 ) ;
#814 = DIRECTION ( 'NONE',  ( 0.9950371902099890420, 1.218569110023240118E-17, 0.09950371902099898469 ) ) ;
#815 = ORIENTED_EDGE ( 'NONE', *, *, #1513, .F. ) ;
#816 = CYLINDRICAL_SURFACE ( 'NONE', #585, 5.999999999999999112 ) ;
#817 = VERTEX_POINT ( 'NONE', #4912 ) ;
#818 = AXIS2_PLACEMENT_3D ( 'NONE', #862, #3662, #3631 ) ;
#819 = CARTESIAN_POINT ( 'NONE',  ( -17.74127332790463996, 32.25524524269017945, 0.8380755883644859239 ) ) ;
#820 = ADVANCED_FACE ( 'NONE', ( #1099 ), #501, .F. ) ;
#821 = ADVANCED_FACE ( 'NONE', ( #3743 ), #3887, .T. ) ;
#822 = AXIS2_PLACEMENT_3D ( 'NONE', #229, #4737, #5272 ) ;
#823 = CARTESIAN_POINT ( 'NONE',  ( -22.50000000000000000, 28.00000000000000000, 0.0000000000000000000 ) ) ;
#824 = ORIENTED_EDGE ( 'NONE', *, *, #6269, .F. ) ;
#825 = ORIENTED_EDGE ( 'NONE', *, *, #1535, .T. ) ;
#826 = CARTESIAN_POINT ( 'NONE',  ( -4.898979485566356651, -40.13205685888675589, -1.000000000000002220 ) ) ;
#827 = ORIENTED_EDGE ( 'NONE', *, *, #6231, .T. ) ;
#828 = CARTESIAN_POINT ( 'NONE',  ( -15.87678109189359610, 2.000000000000000000, 33.31487243864258829 ) ) ;
#829 = FACE_OUTER_BOUND ( 'NONE', #1073, .T. ) ;
#830 = FACE_OUTER_BOUND ( 'NONE', #6396, .T. ) ;
#831 = DIRECTION ( 'NONE',  ( -0.1736481776669309696, 0.9848077530122080203, 0.0000000000000000000 ) ) ;
#832 = DIRECTION ( 'NONE',  ( 0.0000000000000000000, 1.000000000000000000, -0.0000000000000000000 ) ) ;
#833 = FACE_OUTER_BOUND ( 'NONE', #6728, .T. ) ;
#834 = ORIENTED_EDGE ( 'NONE', *, *, #1077, .T. ) ;
#835 = CARTESIAN_POINT ( 'NONE',  ( 19.03993577963682071, 2.000000000000000000, 24.70815773875741073 ) ) ;
#836 = FACE_OUTER_BOUND ( 'NONE', #7295, .T. ) ;
#837 = DIRECTION ( 'NONE',  ( 0.0000000000000000000, 1.000000000000000000, 0.0000000000000000000 ) ) ;
#838 = B_SPLINE_CURVE_WITH_KNOTS ( 'NONE', 3,
 ( #6334, #4019, #6402, #5276, #1824, #3482, #7003, #235, #4172, #5757, #1926, #677 ),
 .UNSPECIFIED., .F., .F.,
 ( 4, 2, 2, 2, 2, 4 ),
 ( 0.003690813041759174063, 0.004669324299598055436, 0.005158579928517492003, 0.005647835557436928569, 0.006626346815275801702, 0.007604858073114673100 ),
 .UNSPECIFIED. ) ;
#839 = ORIENTED_EDGE ( 'NONE', *, *, #5848, .T. ) ;
#840 = DIRECTION ( 'NONE',  ( 1.000000000000000000, -0.0000000000000000000, -0.0000000000000000000 ) ) ;
#841 = CARTESIAN_POINT ( 'NONE',  ( -17.50000000000000000, 24.77275442485752066, -2.369205038980704892 ) ) ;
#842 = CIRCLE ( 'NONE', #5567, 6.999999999999998224 ) ;
#843 = ORIENTED_EDGE ( 'NONE', *, *, #2927, .T. ) ;
#844 = EDGE_CURVE ( 'NONE', #7001, #2072, #7267, .T. ) ;
#845 = DIRECTION ( 'NONE',  ( 0.0000000000000000000, -1.000000000000000000, 0.0000000000000000000 ) ) ;
#846 = CIRCLE ( 'NONE', #6881, 2.499999999999998668 ) ;
#847 = DIRECTION ( 'NONE',  ( 0.0000000000000000000, 1.000000000000000000, -1.224646799147353207E-16 ) ) ;
#848 = SURFACE_STYLE_USAGE ( .BOTH. , #6998 ) ;
#849 = ORIENTED_EDGE ( 'NONE', *, *, #668, .T. ) ;
#850 = DIRECTION ( 'NONE',  ( 0.0000000000000000000, 0.0000000000000000000, -1.000000000000000000 ) ) ;
#851 = ORIENTED_EDGE ( 'NONE', *, *, #6579, .F. ) ;
#852 = ADVANCED_FACE ( 'NONE', ( #6235 ), #5206, .F. ) ;
#853 = EDGE_CURVE ( 'NONE', #5033, #5803, #880, .T. ) ;
#854 = AXIS2_PLACEMENT_3D ( 'NONE', #1528, #5526, #972 ) ;
#855 = CARTESIAN_POINT ( 'NONE',  ( 0.0000000000000000000, -19.00000000000000000, 0.0000000000000000000 ) ) ;
#856 = ADVANCED_FACE ( 'NONE', ( #4602 ), #6868, .T. ) ;
#857 = EDGE_LOOP ( 'NONE', ( #2944, #5947 ) ) ;
#858 = CARTESIAN_POINT ( 'NONE',  ( -9.000000000000001776, 0.0000000000000000000, 0.0000000000000000000 ) ) ;
#859 = ORIENTED_EDGE ( 'NONE', *, *, #3648, .T. ) ;
#860 = CARTESIAN_POINT ( 'NONE',  ( -4.898979485566355763, -40.00000000000000000, -1.000000000000000444 ) ) ;
#861 = ORIENTED_EDGE ( 'NONE', *, *, #6269, .T. ) ;
#862 = CARTESIAN_POINT ( 'NONE',  ( -12.66758421158958114, 1.000000000000000000, 42.78593654904998544 ) ) ;
#863 = DIRECTION ( 'NONE',  ( 1.000000000000000000, 0.0000000000000000000, 0.0000000000000000000 ) ) ;
#864 = ADVANCED_FACE ( 'NONE', ( #2933 ), #3923, .T. ) ;
#865 = CARTESIAN_POINT ( 'NONE',  ( 16.00000000000000000, 2.000000000000000000, -26.50000000000000355 ) ) ;
#866 = FACE_OUTER_BOUND ( 'NONE', #3618, .T. ) ;
#867 = ORIENTED_EDGE ( 'NONE', *, *, #6817, .T. ) ;
#868 = VECTOR ( 'NONE', #575, 1000.000000000000227 ) ;
#869 = DIRECTION ( 'NONE',  ( 0.0000000000000000000, 1.000000000000000000, -0.0000000000000000000 ) ) ;
#870 = CARTESIAN_POINT ( 'NONE',  ( 17.49065276715009176, 24.98460077916930899, -2.628187120243470343 ) ) ;
#871 = ORIENTED_EDGE ( 'NONE', *, *, #1210, .T. ) ;
#872 = CARTESIAN_POINT ( 'NONE',  ( 0.0000000000000000000, -45.00000000000000000, 0.0000000000000000000 ) ) ;
#873 = CARTESIAN_POINT ( 'NONE',  ( -17.21450399055210312, 24.96044089177042835, -15.92132635289559417 ) ) ;
#874 = FACE_OUTER_BOUND ( 'NONE', #1743, .T. ) ;
#875 = TOROIDAL_SURFACE ( 'NONE', #1819, 18.99999999999999645, 1.000000000000000000 ) ;
#876 = AXIS2_PLACEMENT_3D ( 'NONE', #3567, #1326, #5841 ) ;
#877 = ORIENTED_EDGE ( 'NONE', *, *, #7183, .F. ) ;
#878 = DIRECTION ( 'NONE',  ( 0.0000000000000000000, 0.0000000000000000000, -1.000000000000000000 ) ) ;
#879 = DIRECTION ( 'NONE',  ( -0.0000000000000000000, -1.000000000000000000, -0.0000000000000000000 ) ) ;
#880 = CIRCLE ( 'NONE', #3702, 9.000000000000001776 ) ;
#881 = ORIENTED_EDGE ( 'NONE', *, *, #2792, .T. ) ;
#882 = AXIS2_PLACEMENT_3D ( 'NONE', #6954, #6993, #1881 ) ;
#883 = CIRCLE ( 'NONE', #3814, 2.499999999999998668 ) ;
#884 = CARTESIAN_POINT ( 'NONE',  ( 19.05020336498722600, 1.999999999999997558, 24.00869726225822376 ) ) ;
#885 = EDGE_CURVE ( 'NONE', #6420, #6304, #541, .T. ) ;
#886 = AXIS2_PLACEMENT_3D ( 'NONE', #6287, #671, #3515 ) ;
#887 = FACE_OUTER_BOUND ( 'NONE', #6915, .T. ) ;
#888 = ORIENTED_EDGE ( 'NONE', *, *, #4879, .F. ) ;
#889 = DIRECTION ( 'NONE',  ( 6.413119686690143587E-16, 0.0000000000000000000, -1.000000000000000000 ) ) ;
#890 = ORIENTED_EDGE ( 'NONE', *, *, #2150, .F. ) ;
#891 =( GEOMETRIC_REPRESENTATION_CONTEXT ( 3 ) GLOBAL_UNCERTAINTY_ASSIGNED_CONTEXT ( ( #3024 ) ) GLOBAL_UNIT_ASSIGNED_CONTEXT ( ( #6440, #5987, #6505 ) ) REPRESENTATION_CONTEXT ( 'NONE', 'WORKASPACE' ) );
#892 = CARTESIAN_POINT ( 'NONE',  ( -19.00000000000000355, 24.67907091749999182, -2.229670385730948556 ) ) ;
#893 = B_SPLINE_CURVE_WITH_KNOTS ( 'NONE', 3,
 ( #1259, #2315, #6950, #5291 ),
 .UNSPECIFIED., .F., .F.,
 ( 4, 4 ),
 ( 0.0000000000000000000, 0.001539989107987950034 ),
 .UNSPECIFIED. ) ;
#894 = ADVANCED_FACE ( 'NONE', ( #6198 ), #3382, .T. ) ;
#895 = CARTESIAN_POINT ( 'NONE',  ( -17.49096373539199689, 2.524048054728505353, 23.81561272148441688 ) ) ;
#896 = ORIENTED_EDGE ( 'NONE', *, *, #4778, .F. ) ;
#897 = AXIS2_PLACEMENT_3D ( 'NONE', #3553, #2405, #1315 ) ;
#898 = CARTESIAN_POINT ( 'NONE',  ( -4.898979485566356651, -40.00000000000000000, 1.000000000000000444 ) ) ;
#899 = ORIENTED_EDGE ( 'NONE', *, *, #7103, .T. ) ;
#900 = CARTESIAN_POINT ( 'NONE',  ( -16.19770077992399493, 1.000000000000000000, 32.36776602760185284 ) ) ;
#901 = CYLINDRICAL_SURFACE ( 'NONE', #7141, 8.499999999999996447 ) ;
#902 = CARTESIAN_POINT ( 'NONE',  ( -29.00000000000000000, 1.000000000000000000, 23.81534156157350068 ) ) ;
#903 = FACE_OUTER_BOUND ( 'NONE', #6319, .T. ) ;
#904 = AXIS2_PLACEMENT_3D ( 'NONE', #4185, #1394, #5239 ) ;
#905 = ADVANCED_FACE ( 'NONE', ( #833 ), #3601, .T. ) ;
#906 = ADVANCED_FACE ( 'NONE', ( #3078 ), #3114, .T. ) ;
#907 = CARTESIAN_POINT ( 'NONE',  ( 16.43973802725087552, 30.92307204217899752, -2.750009960503950524 ) ) ;
#908 = ORIENTED_EDGE ( 'NONE', *, *, #3779, .T. ) ;
#909 = CARTESIAN_POINT ( 'NONE',  ( -17.39999180805041235, 0.0000000000000000000, -5.460766130032691734 ) ) ;
#910 = DIRECTION ( 'NONE',  ( -0.0000000000000000000, -1.000000000000000000, -0.0000000000000000000 ) ) ;
#911 =( BOUNDED_CURVE ( )  B_SPLINE_CURVE ( 3, ( #6616, #341, #1557, #374 ),
 .UNSPECIFIED., .F., .F. ) 
 B_SPLINE_CURVE_WITH_KNOTS ( ( 4, 4 ),
 ( 2.995001888531989565, 3.508800674147631860 ),
 .UNSPECIFIED. ) 
 CURVE ( )  GEOMETRIC_REPRESENTATION_ITEM ( )  RATIONAL_B_SPLINE_CURVE ( ( 1.000000000000000000, 0.9781216248974324845, 0.9781216248974324845, 1.000000000000000000 ) ) 
 REPRESENTATION_ITEM ( '' )  );
#912 = ORIENTED_EDGE ( 'NONE', *, *, #583, .F. ) ;
#913 = CARTESIAN_POINT ( 'NONE',  ( 18.71978043017787385, 26.18566675175621228, 3.574929396349861399 ) ) ;
#914 = CARTESIAN_POINT ( 'NONE',  ( -18.00000000000000355, 0.0000000000000000000, 23.81534156157350779 ) ) ;
#915 = VERTEX_POINT ( 'NONE', #212 ) ;
#916 = CARTESIAN_POINT ( 'NONE',  ( -16.70859611817241586, 24.91617968814868789, -12.49492444466807761 ) ) ;
#917 = LINE ( 'NONE', #2157, #6894 ) ;
#918 = FILL_AREA_STYLE ('',( #7144 ) ) ;
#919 = ORIENTED_EDGE ( 'NONE', *, *, #6590, .T. ) ;
#920 = ORIENTED_EDGE ( 'NONE', *, *, #5503, .F. ) ;
#921 = PRODUCT_DEFINITION_SHAPE ( 'NONE', 'NONE',  #7329 ) ;
#922 = CARTESIAN_POINT ( 'NONE',  ( -18.22464762507959435, 28.64615836150475303, -3.960926993724941614 ) ) ;
#923 = B_SPLINE_CURVE_WITH_KNOTS ( 'NONE', 3,
 ( #3496, #5768, #2268, #690 ),
 .UNSPECIFIED., .F., .F.,
 ( 4, 4 ),
 ( 0.0000000000000000000, 1.000000000000000000 ),
 .UNSPECIFIED. ) ;
#924 = CARTESIAN_POINT ( 'NONE',  ( -17.00000000000000000, 2.000000000000000000, 30.00000000000000000 ) ) ;
#925 = ORIENTED_EDGE ( 'NONE', *, *, #6221, .T. ) ;
#926 = CARTESIAN_POINT ( 'NONE',  ( -4.963064292398764898, -40.80028792739883414, 0.6138508181619506399 ) ) ;
#927 = ORIENTED_EDGE ( 'NONE', *, *, #1943, .T. ) ;
#928 = DIRECTION ( 'NONE',  ( 0.0000000000000000000, 0.0000000000000000000, -1.000000000000000000 ) ) ;
#929 = FACE_OUTER_BOUND ( 'NONE', #5639, .T. ) ;
#930 = AXIS2_PLACEMENT_3D ( 'NONE', #6218, #5669, #6738 ) ;
#931 = DIRECTION ( 'NONE',  ( 0.9829747306675965524, -0.1733249663713345157, 0.06098471038991397364 ) ) ;
#932 = PRODUCT_DEFINITION ( 'UNKNOWN', '', #6083, #224 ) ;
#933 = EDGE_CURVE ( 'NONE', #5543, #1149, #1460, .T. ) ;
#934 = CARTESIAN_POINT ( 'NONE',  ( -18.33333333333332149, 2.000000000000000000, 20.18021974284602749 ) ) ;
#935 =( BOUNDED_CURVE ( )  B_SPLINE_CURVE ( 3, ( #1512, #3204, #3690, #4344 ),
 .UNSPECIFIED., .F., .F. ) 
 B_SPLINE_CURVE_WITH_KNOTS ( ( 4, 4 ),
 ( 1.491721659189603644, 1.648251646097013579 ),
 .UNSPECIFIED. ) 
 CURVE ( )  GEOMETRIC_REPRESENTATION_ITEM ( )  RATIONAL_B_SPLINE_CURVE ( ( 1.000000000000000000, 0.9979592389603897384, 0.9979592389603897384, 1.000000000000000000 ) ) 
 REPRESENTATION_ITEM ( '' )  );
#936 = AXIS2_PLACEMENT_3D ( 'NONE', #5369, #6476, #2444 ) ;
#937 = EDGE_CURVE ( 'NONE', #4084, #2397, #2530, .T. ) ;
#938 = CARTESIAN_POINT ( 'NONE',  ( 19.01238517604550182, 2.049799460024575470, -24.33596788663175658 ) ) ;
#939 = ORIENTED_EDGE ( 'NONE', *, *, #5452, .T. ) ;
#940 = LINE ( 'NONE', #3183, #3788 ) ;
#941 = AXIS2_PLACEMENT_3D ( 'NONE', #2717, #437, #5505 ) ;
#942 = DIRECTION ( 'NONE',  ( 0.0000000000000000000, 0.0000000000000000000, 1.000000000000000000 ) ) ;
#943 = EDGE_CURVE ( 'NONE', #6481, #69, #6947, .T. ) ;
#944 = EDGE_CURVE ( 'NONE', #3173, #5406, #2286, .T. ) ;
#945 = ORIENTED_EDGE ( 'NONE', *, *, #3816, .T. ) ;
#946 = CARTESIAN_POINT ( 'NONE',  ( 17.39999999999999503, 0.0000000000000000000, 20.53923072998832922 ) ) ;
#947 = CARTESIAN_POINT ( 'NONE',  ( 17.49999999999999645, 2.071907786316744104, 23.97469911222188799 ) ) ;
#948 = EDGE_CURVE ( 'NONE', #2389, #4079, #5126, .T. ) ;
#949 =( BOUNDED_SURFACE ( )  B_SPLINE_SURFACE ( 3, 2, ( 
 ( #6943, #4105, #5836 ),
 ( #5414, #7088, #4751 ),
 ( #2486, #345, #6453 ),
 ( #5382, #4860, #5349 ) ),
 .UNSPECIFIED., .F., .F., .F. ) 
 B_SPLINE_SURFACE_WITH_KNOTS ( ( 4, 4 ),
 ( 3, 3 ),
 ( 0.3361536388269987796, 0.3829094736436040036 ),
 ( 0.0000000000000000000, 1.000000000000000000 ),
 .UNSPECIFIED. ) 
 GEOMETRIC_REPRESENTATION_ITEM ( )  RATIONAL_B_SPLINE_SURFACE ( (
 ( 1.000000000000000000, 0.8596658434708247531, 1.000000000000000000),
 ( 1.000000000000000000, 0.8467808273713025580, 1.000000000000000000),
 ( 1.000000000000000000, 0.8332085802513687911, 1.000000000000000000),
 ( 1.000000000000000000, 0.8191205299993719047, 1.000000000000000000) ) ) 
 REPRESENTATION_ITEM ( '' )  SURFACE ( )  );
#950 = ORIENTED_EDGE ( 'NONE', *, *, #5886, .T. ) ;
#951 = EDGE_CURVE ( 'NONE', #2136, #4822, #2057, .T. ) ;
#952 = DIRECTION ( 'NONE',  ( -1.000000000000000000, -0.0000000000000000000, -0.0000000000000000000 ) ) ;
#953 = CARTESIAN_POINT ( 'NONE',  ( 19.00000000000000000, 1.000000000000000000, -4.282202112918619186 ) ) ;
#954 = CARTESIAN_POINT ( 'NONE',  ( -17.50000000000000000, 28.00000000000000000, 0.0000000000000000000 ) ) ;
#955 = UNCERTAINTY_MEASURE_WITH_UNIT (LENGTH_MEASURE( 1.000000000000000082E-05 ), #2807, 'distance_accuracy_value', 'NONE');
#956 = TOROIDAL_SURFACE ( 'NONE', #5091, 4.999999999999998224, 1.000000000000000000 ) ;
#957 = ORIENTED_EDGE ( 'NONE', *, *, #2747, .F. ) ;
#958 = EDGE_LOOP ( 'NONE', ( #522, #5888, #5896, #6508, #569 ) ) ;
#959 = FACE_OUTER_BOUND ( 'NONE', #578, .T. ) ;
#960 = ORIENTED_EDGE ( 'NONE', *, *, #6460, .F. ) ;
#961 = CARTESIAN_POINT ( 'NONE',  ( -4.923404784860005989, -40.50450804465685195, 0.8733305250985595736 ) ) ;
#962 = VERTEX_POINT ( 'NONE', #6611 ) ;
#963 = CARTESIAN_POINT ( 'NONE',  ( -18.33333333333332149, 1.000000000000000000, -5.819780257153963632 ) ) ;
#964 = MECHANICAL_DESIGN_GEOMETRIC_PRESENTATION_REPRESENTATION (  '', ( #2751 ), #5693 ) ;
#965 = CARTESIAN_POINT ( 'NONE',  ( -18.92860632767092000, 25.11040541439161800, 3.817297050375501044 ) ) ;
#966 = FACE_OUTER_BOUND ( 'NONE', #6750, .T. ) ;
#967 = CARTESIAN_POINT ( 'NONE',  ( 4.898979485566356651, -40.00000000000000000, 1.000000000000000444 ) ) ;
#968 = DIRECTION ( 'NONE',  ( 0.0000000000000000000, 0.0000000000000000000, -1.000000000000000000 ) ) ;
#969 = AXIS2_PLACEMENT_3D ( 'NONE', #2879, #4582, #3477 ) ;
#970 = AXIS2_PLACEMENT_3D ( 'NONE', #377, #2663, #6740 ) ;
#971 = ADVANCED_FACE ( 'NONE', ( #1396 ), #4682, .F. ) ;
#972 = DIRECTION ( 'NONE',  ( 0.0000000000000000000, 0.0000000000000000000, 1.000000000000000000 ) ) ;
#973 = VERTEX_POINT ( 'NONE', #1873 ) ;
#974 = CARTESIAN_POINT ( 'NONE',  ( 17.27193152933467957, 25.83972492638960716, 3.378502257422350663 ) ) ;
#975 = CARTESIAN_POINT ( 'NONE',  ( 19.03874015565654787, 2.000000000000000000, -24.69471765487524095 ) ) ;
#976 =( NAMED_UNIT ( * ) SI_UNIT ( $, .STERADIAN. ) SOLID_ANGLE_UNIT ( ) );
#977 = CARTESIAN_POINT ( 'NONE',  ( 18.89010176384967821, 25.50757574259242588, -3.140011546673699083 ) ) ;
#978 = CIRCLE ( 'NONE', #3579, 17.99999999999999645 ) ;
#979 = ORIENTED_EDGE ( 'NONE', *, *, #4193, .T. ) ;
#980 =( BOUNDED_CURVE ( )  B_SPLINE_CURVE ( 3, ( #1614, #4948, #3747, #3854 ),
 .UNSPECIFIED., .F., .F. ) 
 B_SPLINE_CURVE_WITH_KNOTS ( ( 4, 4 ),
 ( 0.05416773269538426722, 0.3672080205578382439 ),
 .UNSPECIFIED. ) 
 CURVE ( )  GEOMETRIC_REPRESENTATION_ITEM ( )  RATIONAL_B_SPLINE_CURVE ( ( 1.000000000000000000, 0.9918504728844809160, 0.9918504728844809160, 1.000000000000000000 ) ) 
 REPRESENTATION_ITEM ( '' )  );
#981 = DIRECTION ( 'NONE',  ( -1.000000000000000000, -0.0000000000000000000, -0.0000000000000000000 ) ) ;
#982 = EDGE_CURVE ( 'NONE', #512, #3928, #4898, .T. ) ;
#983 = EDGE_CURVE ( 'NONE', #5273, #6692, #6540, .T. ) ;
#984 = PRODUCT_DEFINITION_SHAPE ( 'NONE', 'NONE',  #7328 ) ;
#985 = AXIS2_PLACEMENT_3D ( 'NONE', #6395, #6359, #226 ) ;
#986 = CIRCLE ( 'NONE', #1821, 23.09004962809790129 ) ;
#987 = ORIENTED_EDGE ( 'NONE', *, *, #2255, .F. ) ;
#988 = B_SPLINE_CURVE_WITH_KNOTS ( 'NONE', 3,
 ( #1492, #7055, #4316, #7121, #450, #4213, #6486, #3663, #3730, #3177, #3109, #5447 ),
 .UNSPECIFIED., .F., .F.,
 ( 4, 2, 2, 2, 2, 4 ),
 ( 0.003479341271865328804, 0.003969193493990601229, 0.004459045716115874955, 0.005438750160366410263, 0.006418454604616945572, 0.007398159048867480880 ),
 .UNSPECIFIED. ) ;
#989 = CARTESIAN_POINT ( 'NONE',  ( -15.08081289707036099, 47.84195912029971254, -4.336808689942017736E-16 ) ) ;
#990 = CARTESIAN_POINT ( 'NONE',  ( 0.0000000000000000000, -1.000000000000000888, 0.0000000000000000000 ) ) ;
#991 = AXIS2_PLACEMENT_3D ( 'NONE', #3006, #7023, #319 ) ;
#992 = CARTESIAN_POINT ( 'NONE',  ( -17.49999999999999645, 2.524818719738458395, 23.81534156157350779 ) ) ;
#993 = VECTOR ( 'NONE', #1031, 1000.000000000000000 ) ;
#994 = CARTESIAN_POINT ( 'NONE',  ( 16.61388700435911048, 29.12162959498400028, 3.842939257404079711 ) ) ;
#995 = EDGE_CURVE ( 'NONE', #6896, #4424, #1697, .T. ) ;
#996 = ADVANCED_FACE ( 'NONE', ( #1906 ), #6431, .T. ) ;
#997 = EDGE_CURVE ( 'NONE', #3141, #741, #6789, .T. ) ;
#998 = VECTOR ( 'NONE', #4408, 1000.000000000000000 ) ;
#999 =( NAMED_UNIT ( * ) SI_UNIT ( $, .STERADIAN. ) SOLID_ANGLE_UNIT ( ) );
#1000 = ORIENTED_EDGE ( 'NONE', *, *, #2611, .T. ) ;
#1001 = AXIS2_PLACEMENT_3D ( 'NONE', #3715, #7106, #2025 ) ;
#1002 = ORIENTED_EDGE ( 'NONE', *, *, #948, .F. ) ;
#1003 = CARTESIAN_POINT ( 'NONE',  ( -18.33333333333332149, 12.85621757296392609, -20.18021974284602749 ) ) ;
#1004 = AXIS2_PLACEMENT_3D ( 'NONE', #2427, #5134, #6917 ) ;
#1005 = DIRECTION ( 'NONE',  ( 0.0000000000000000000, 0.0000000000000000000, 1.000000000000000000 ) ) ;
#1006 = APPLICATION_CONTEXT ( 'automotive_design' ) ;
#1007 = CARTESIAN_POINT ( 'NONE',  ( 17.08988112891891831, 24.94953780416136979, -9.052426143634228595 ) ) ;
#1008 = VERTEX_POINT ( 'NONE', #2454 ) ;
#1009 = CARTESIAN_POINT ( 'NONE',  ( 20.11111111111111427, 1.000000000000000000, 28.39657003448201777 ) ) ;
#1010 = ORIENTED_EDGE ( 'NONE', *, *, #6765, .F. ) ;
#1011 = FACE_OUTER_BOUND ( 'NONE', #4981, .T. ) ;
#1012 = CARTESIAN_POINT ( 'NONE',  ( -1.734723475976807094E-15, 0.0000000000000000000, 0.0000000000000000000 ) ) ;
#1013 = AXIS2_PLACEMENT_3D ( 'NONE', #2805, #7192, #2249 ) ;
#1014 = B_SPLINE_CURVE_WITH_KNOTS ( 'NONE', 3,
 ( #3449, #6381, #767, #2453, #4718, #6985 ),
 .UNSPECIFIED., .F., .F.,
 ( 4, 2, 4 ),
 ( 0.0000000000000000000, 0.0005398402003359811839, 0.001079680400671962368 ),
 .UNSPECIFIED. ) ;
#1015 = PRESENTATION_LAYER_ASSIGNMENT (  '', '', ( #4803 ) ) ;
#1016 = AXIS2_PLACEMENT_3D ( 'NONE', #3180, #379, #5558 ) ;
#1017 = CARTESIAN_POINT ( 'NONE',  ( 15.93258149445201788, 20.20408712793289752, -17.59485823276435212 ) ) ;
#1018 = VERTEX_POINT ( 'NONE', #170 ) ;
#1019 = CARTESIAN_POINT ( 'NONE',  ( 16.19770077992399493, 0.0000000000000000000, -32.36776602760185284 ) ) ;
#1020 = CARTESIAN_POINT ( 'NONE',  ( 4.994596855116886225, -39.02613213037230366, -0.2620734013956118602 ) ) ;
#1021 = CARTESIAN_POINT ( 'NONE',  ( -17.39821135578984723, 0.0000000000000000000, -5.465391575372363420 ) ) ;
#1022 = AXIS2_PLACEMENT_3D ( 'NONE', #3033, #5229, #6893 ) ;
#1023 = ORIENTED_EDGE ( 'NONE', *, *, #584, .F. ) ;
#1024 = CARTESIAN_POINT ( 'NONE',  ( 0.0000000000000000000, 18.00000000000000000, 0.0000000000000000000 ) ) ;
#1025 = DIRECTION ( 'NONE',  ( -0.0000000000000000000, -1.000000000000000000, -0.0000000000000000000 ) ) ;
#1026 = FACE_OUTER_BOUND ( 'NONE', #6777, .T. ) ;
#1027 = VERTEX_POINT ( 'NONE', #730 ) ;
#1028 = CARTESIAN_POINT ( 'NONE',  ( -8.999999999999998224, 2.000000000000000000, -23.77032961426903768 ) ) ;
#1029 = ADVANCED_FACE ( 'NONE', ( #2968 ), #4110, .T. ) ;
#1030 = CIRCLE ( 'NONE', #7049, 9.000000000000001776 ) ;
#1031 = DIRECTION ( 'NONE',  ( -0.0000000000000000000, 1.000000000000000000, -0.0000000000000000000 ) ) ;
#1032 = CARTESIAN_POINT ( 'NONE',  ( -12.66758421158958114, 2.000000000000000000, -32.78593654904997834 ) ) ;
#1033 = EDGE_CURVE ( 'NONE', #672, #817, #6194, .T. ) ;
#1034 = VERTEX_POINT ( 'NONE', #7257 ) ;
#1035 = VERTEX_POINT ( 'NONE', #2211 ) ;
#1036 = ADVANCED_FACE ( 'NONE', ( #6695 ), #4529, .T. ) ;
#1037 = ADVANCED_FACE ( 'NONE', ( #4990 ), #2174, .F. ) ;
#1038 = EDGE_CURVE ( 'NONE', #4592, #3890, #51, .T. ) ;
#1039 = CARTESIAN_POINT ( 'NONE',  ( -16.93333333333331936, 2.000000000000000000, 20.71873622355948186 ) ) ;
#1040 = FACE_OUTER_BOUND ( 'NONE', #1342, .T. ) ;
#1041 = EDGE_LOOP ( 'NONE', ( #4630, #2555, #5607, #6169 ) ) ;
#1042 = DIRECTION ( 'NONE',  ( 0.0000000000000000000, 1.000000000000000000, 0.0000000000000000000 ) ) ;
#1043 = VERTEX_POINT ( 'NONE', #2285 ) ;
#1044 = CARTESIAN_POINT ( 'NONE',  ( -8.999999999999998224, 2.000000000000000000, -23.77032961426903768 ) ) ;
#1045 = CARTESIAN_POINT ( 'NONE',  ( -13.82597942870981100, 45.82182462693844371, -2.229670385730951221 ) ) ;
#1046 = DIRECTION ( 'NONE',  ( -0.0000000000000000000, -1.000000000000000000, -0.0000000000000000000 ) ) ;
#1047 = AXIS2_PLACEMENT_3D ( 'NONE', #6711, #3919, #2148 ) ;
#1048 = EDGE_CURVE ( 'NONE', #7001, #5185, #4466, .T. ) ;
#1049 = CARTESIAN_POINT ( 'NONE',  ( 17.55521871612377538, 2.648038039979909719, -23.77198661556262493 ) ) ;
#1050 = CARTESIAN_POINT ( 'NONE',  ( -16.00000000000000000, 0.0000000000000000000, -29.00000000000000000 ) ) ;
#1051 = EDGE_CURVE ( 'NONE', #1059, #366, #1151, .T. ) ;
#1052 = TOROIDAL_SURFACE ( 'NONE', #3746, 22.09501243788790958, 1.000000000000000000 ) ;
#1053 = DIRECTION ( 'NONE',  ( 0.8888888888888896167, 0.0000000000000000000, -0.4581228472908500104 ) ) ;
#1054 = ORIENTED_EDGE ( 'NONE', *, *, #6590, .F. ) ;
#1055 = CARTESIAN_POINT ( 'NONE',  ( 19.00000000000000000, 0.0000000000000000000, -23.81534156157350779 ) ) ;
#1056 = CARTESIAN_POINT ( 'NONE',  ( 16.93333333333332291, 2.000000000000000000, 5.281263776440504820 ) ) ;
#1057 = DIRECTION ( 'NONE',  ( -1.000000000000000000, -0.0000000000000000000, -0.0000000000000000000 ) ) ;
#1058 = CARTESIAN_POINT ( 'NONE',  ( -17.00000000000000000, 0.0000000000000000000, 32.50000000000000000 ) ) ;
#1059 = VERTEX_POINT ( 'NONE', #6137 ) ;
#1060 = STYLED_ITEM ( 'NONE', ( #1935 ), #3102 ) ;
#1061 = CARTESIAN_POINT ( 'NONE',  ( 17.44810347938429373, 2.000000000000000000, -24.70817160608588381 ) ) ;
#1062 = DIRECTION ( 'NONE',  ( 0.0000000000000000000, 0.0000000000000000000, 1.000000000000000000 ) ) ;
#1063 = DIRECTION ( 'NONE',  ( 0.0000000000000000000, 0.0000000000000000000, 1.000000000000000000 ) ) ;
#1064 = VECTOR ( 'NONE', #6310, 1000.000000000000000 ) ;
#1065 = DIRECTION ( 'NONE',  ( -1.000000000000000000, 0.0000000000000000000, -0.0000000000000000000 ) ) ;
#1066 = B_SPLINE_CURVE_WITH_KNOTS ( 'NONE', 3,
 ( #2447, #6857, #201, #88 ),
 .UNSPECIFIED., .F., .F.,
 ( 4, 4 ),
 ( 0.002400187196425390950, 0.004267517897791734370 ),
 .UNSPECIFIED. ) ;
#1067 = ORIENTED_EDGE ( 'NONE', *, *, #2918, .F. ) ;
#1068 = CARTESIAN_POINT ( 'NONE',  ( 19.03993577963682071, 2.000000000000000000, 24.70815773875741073 ) ) ;
#1069 = CARTESIAN_POINT ( 'NONE',  ( -17.49999999999999645, 2.233087011523640530, 24.02880642180041093 ) ) ;
#1070 = DIRECTION ( 'NONE',  ( -8.673617379884035472E-16, 0.0000000000000000000, -1.000000000000000000 ) ) ;
#1071 = EDGE_CURVE ( 'NONE', #5933, #67, #3, .T. ) ;
#1072 = DIRECTION ( 'NONE',  ( 0.0000000000000000000, 0.0000000000000000000, 1.000000000000000000 ) ) ;
#1073 = EDGE_LOOP ( 'NONE', ( #3628, #2894, #371, #3595 ) ) ;
#1074 = ORIENTED_EDGE ( 'NONE', *, *, #4706, .F. ) ;
#1075 = CARTESIAN_POINT ( 'NONE',  ( -29.00000000000000000, 1.000000000000000000, -23.81534156157350068 ) ) ;
#1076 = CARTESIAN_POINT ( 'NONE',  ( 19.00000000000000355, 1.000000000000000000, -27.12771867673098569 ) ) ;
#1077 = EDGE_CURVE ( 'NONE', #366, #6141, #3465, .T. ) ;
#1078 = EDGE_CURVE ( 'NONE', #2316, #5362, #5585, .T. ) ;
#1079 = CARTESIAN_POINT ( 'NONE',  ( 16.70859611817241586, 24.91617968814868789, -12.49492444466807761 ) ) ;
#1080 = VERTEX_POINT ( 'NONE', #6807 ) ;
#1081 = FACE_OUTER_BOUND ( 'NONE', #3118, .T. ) ;
#1082 = ORIENTED_EDGE ( 'NONE', *, *, #1943, .F. ) ;
#1083 = CARTESIAN_POINT ( 'NONE',  ( -9.000000000000001776, 1.000000000000000000, 2.229670385730950333 ) ) ;
#1084 = CARTESIAN_POINT ( 'NONE',  ( -37.00000000000000000, 2.000000000000000000, 13.00000000000000000 ) ) ;
#1085 = DIRECTION ( 'NONE',  ( -0.0000000000000000000, 1.000000000000000000, 0.0000000000000000000 ) ) ;
#1086 = CARTESIAN_POINT ( 'NONE',  ( -17.00000000000000000, 1.000000000000000000, 30.00000000000000000 ) ) ;
#1087 = DIRECTION ( 'NONE',  ( -1.000000000000000000, 0.0000000000000000000, 0.0000000000000000000 ) ) ;
#1088 = CIRCLE ( 'NONE', #6996, 1.000000000000000888 ) ;
#1089 = EDGE_CURVE ( 'NONE', #4645, #6360, #4403, .T. ) ;
#1090 = DIRECTION ( 'NONE',  ( 0.0000000000000000000, 0.0000000000000000000, 1.000000000000000000 ) ) ;
#1091 = EDGE_LOOP ( 'NONE', ( #3898, #2320, #1168, #5124 ) ) ;
#1092 = DIRECTION ( 'NONE',  ( -1.734723475976807094E-15, 0.0000000000000000000, 1.000000000000000000 ) ) ;
#1093 = CARTESIAN_POINT ( 'NONE',  ( 8.657630719096996330, 0.0000000000000000000, 31.15290796623613545 ) ) ;
#1094 = DIRECTION ( 'NONE',  ( 1.000000000000000000, 0.0000000000000000000, 0.0000000000000000000 ) ) ;
#1095 = SURFACE_SIDE_STYLE ('',( #6672 ) ) ;
#1096 = CIRCLE ( 'NONE', #1448, 9.000000000000001776 ) ;
#1097 = ORIENTED_EDGE ( 'NONE', *, *, #3825, .F. ) ;
#1098 = VECTOR ( 'NONE', #2404, 1000.000000000000000 ) ;
#1099 = FACE_OUTER_BOUND ( 'NONE', #3623, .T. ) ;
#1100 = DIRECTION ( 'NONE',  ( 0.0000000000000000000, 0.0000000000000000000, 1.000000000000000000 ) ) ;
#1101 = DIRECTION ( 'NONE',  ( -0.3209196880304026611, 0.0000000000000000000, 0.9471064110407387826 ) ) ;
#1102 = ORIENTED_EDGE ( 'NONE', *, *, #403, .T. ) ;
#1103 = CARTESIAN_POINT ( 'NONE',  ( -16.93333333333331936, 11.32569704883094808, 20.71873622355948186 ) ) ;
#1104 = B_SPLINE_CURVE_WITH_KNOTS ( 'NONE', 3,
 ( #6089, #3821, #4418, #1650, #5054, #3892, #7181, #6164, #6643, #4336, #7322, #4489, #5539, #6606, #2716, #1543, #3782, #6127 ),
 .UNSPECIFIED., .F., .F.,
 ( 4, 2, 2, 2, 2, 2, 2, 2, 4 ),
 ( 0.0000000000000000000, 0.0003917951654313608424, 0.0007835903308627216847, 0.001175385496294082581, 0.001567180661725443369, 0.001958975827156804374, 0.002350770992588165163, 0.002742566158019525951, 0.003134361323450886739 ),
 .UNSPECIFIED. ) ;
#1105 = CARTESIAN_POINT ( 'NONE',  ( -2.000000000000000888, 0.0000000000000000000, -16.99999999999999289 ) ) ;
#1106 = CARTESIAN_POINT ( 'NONE',  ( 36.74593000491812944, 28.13235003885263552, 13.00000000000000000 ) ) ;
#1107 = PRODUCT_DEFINITION_CONTEXT ( 'detailed design', #5169, 'design' ) ;
#1108 = AXIS2_PLACEMENT_3D ( 'NONE', #6755, #6871, #1100 ) ;
#1109 =( NAMED_UNIT ( * ) PLANE_ANGLE_UNIT ( ) SI_UNIT ( $, .RADIAN. ) );
#1110 = ORIENTED_EDGE ( 'NONE', *, *, #4825, .T. ) ;
#1111 = ORIENTED_EDGE ( 'NONE', *, *, #5056, .F. ) ;
#1112 = AXIS2_PLACEMENT_3D ( 'NONE', #5615, #1682, #3925 ) ;
#1113 = TOROIDAL_SURFACE ( 'NONE', #4169, 4.999999999999999112, 1.000000000000000000 ) ;
#1114 = AXIS2_PLACEMENT_3D ( 'NONE', #3184, #7205, #6629 ) ;
#1115 = CARTESIAN_POINT ( 'NONE',  ( 0.09950371902095467291, 0.0000000000000000000, 23.99004962809790698 ) ) ;
#1116 = CARTESIAN_POINT ( 'NONE',  ( 14.66933345154986235, 39.35901098043977697, 10.10635782844370034 ) ) ;
#1117 = VECTOR ( 'NONE', #4249, 1000.000000000000000 ) ;
#1118 = DIRECTION ( 'NONE',  ( 0.0000000000000000000, 0.0000000000000000000, 1.000000000000000000 ) ) ;
#1119 = ORIENTED_EDGE ( 'NONE', *, *, #4923, .F. ) ;
#1120 = CARTESIAN_POINT ( 'NONE',  ( 19.00000000000000355, 2.582993900429847223, 23.79842208935120595 ) ) ;
#1121 = ORIENTED_EDGE ( 'NONE', *, *, #2917, .F. ) ;
#1122 = DIRECTION ( 'NONE',  ( 0.0000000000000000000, 0.9433123908373908240, -0.3319062115909337529 ) ) ;
#1123 = CARTESIAN_POINT ( 'NONE',  ( -5.000000000000000000, -40.00000000000000000, 1.000000000000000444 ) ) ;
#1124 = DIRECTION ( 'NONE',  ( -0.0000000000000000000, -1.000000000000000000, -0.0000000000000000000 ) ) ;
#1125 = CARTESIAN_POINT ( 'NONE',  ( 29.00000000000000000, 1.000000000000000000, 23.81534156157350068 ) ) ;
#1126 = VECTOR ( 'NONE', #1914, 1000.000000000000227 ) ;
#1127 = EDGE_CURVE ( 'NONE', #3188, #1871, #3384, .T. ) ;
#1128 = CARTESIAN_POINT ( 'NONE',  ( 13.81862330540317707, 34.36617582146947569, -12.61190109985333763 ) ) ;
#1129 = ORIENTED_EDGE ( 'NONE', *, *, #2149, .F. ) ;
#1130 = DIRECTION ( 'NONE',  ( -0.0000000000000000000, -1.000000000000000000, -0.0000000000000000000 ) ) ;
#1131 = CARTESIAN_POINT ( 'NONE',  ( 15.70581416027143362, 24.82844763484402151, -15.96776842477710190 ) ) ;
#1132 = DIRECTION ( 'NONE',  ( 0.0000000000000000000, 1.000000000000000000, 0.0000000000000000000 ) ) ;
#1133 = ORIENTED_EDGE ( 'NONE', *, *, #45, .T. ) ;
#1134 = EDGE_CURVE ( 'NONE', #1458, #1303, #3832, .T. ) ;
#1135 = EDGE_CURVE ( 'NONE', #1080, #4632, #3135, .T. ) ;
#1136 = AXIS2_PLACEMENT_3D ( 'NONE', #549, #1072, #5577 ) ;
#1137 = CARTESIAN_POINT ( 'NONE',  ( -15.14447925421549890, 35.54253697476517715, 12.19799624961965634 ) ) ;
#1138 = DIRECTION ( 'NONE',  ( -0.0000000000000000000, 1.000000000000000000, -0.0000000000000000000 ) ) ;
#1139 = FACE_OUTER_BOUND ( 'NONE', #2936, .T. ) ;
#1140 = DIRECTION ( 'NONE',  ( -1.000000000000000000, 0.0000000000000000000, -6.413119686690143587E-16 ) ) ;
#1141 = AXIS2_PLACEMENT_3D ( 'NONE', #3732, #5999, #2562 ) ;
#1142 = VERTEX_POINT ( 'NONE', #3971 ) ;
#1143 = ORIENTED_EDGE ( 'NONE', *, *, #6470, .F. ) ;
#1144 = CARTESIAN_POINT ( 'NONE',  ( -17.50000000000000000, 2.000000000000000000, -2.229670385730951221 ) ) ;
#1145 = DIRECTION ( 'NONE',  ( 0.1736481776669309696, 0.9848077530122080203, 0.0000000000000000000 ) ) ;
#1146 = TOROIDAL_SURFACE ( 'NONE', #4925, 11.00000000000000000, 1.000000000000000000 ) ;
#1147 = B_SPLINE_CURVE_WITH_KNOTS ( 'NONE', 3,
 ( #1823, #117, #2365, #2953, #4624, #5274, #6365, #751, #4095, #5825, #1314, #197 ),
 .UNSPECIFIED., .F., .F.,
 ( 4, 2, 2, 2, 2, 4 ),
 ( 1.301042606982605321E-18, 0.0009805297191512150901, 0.001961059438302428879, 0.002451324297878035990, 0.002941589157453643535, 0.003922118876604858626 ),
 .UNSPECIFIED. ) ;
#1148 = ORIENTED_EDGE ( 'NONE', *, *, #6239, .T. ) ;
#1149 = VERTEX_POINT ( 'NONE', #3431 ) ;
#1150 = CARTESIAN_POINT ( 'NONE',  ( -16.38287855762947842, 31.32092908250001884, 2.229670385730948556 ) ) ;
#1151 = LINE ( 'NONE', #3866, #2525 ) ;
#1152 = DIRECTION ( 'NONE',  ( 0.0000000000000000000, 1.000000000000000000, 0.0000000000000000000 ) ) ;
#1153 = EDGE_LOOP ( 'NONE', ( #4156, #787, #3933, #5166 ) ) ;
#1154 = CIRCLE ( 'NONE', #2625, 22.50000000000000711 ) ;
#1155 = PLANE ( 'NONE',  #4295 ) ;
#1156 = ORIENTED_EDGE ( 'NONE', *, *, #3617, .F. ) ;
#1157 = CARTESIAN_POINT ( 'NONE',  ( 17.90601847545810088, 31.32092908250001884, 2.229670385730950333 ) ) ;
#1158 = DIRECTION ( 'NONE',  ( 0.0000000000000000000, 0.0000000000000000000, 1.000000000000000000 ) ) ;
#1159 = CARTESIAN_POINT ( 'NONE',  ( -15.32420816482733450, 45.48552137534613138, -3.675456269718304636 ) ) ;
#1160 = CARTESIAN_POINT ( 'NONE',  ( 14.51242814092782929, 47.74326946785123482, -3.118021578701869699E-12 ) ) ;
#1161 = VERTEX_POINT ( 'NONE', #6249 ) ;
#1162 = DIRECTION ( 'NONE',  ( 1.000000000000000000, -0.0000000000000000000, -0.0000000000000000000 ) ) ;
#1163 = CYLINDRICAL_SURFACE ( 'NONE', #7142, 8.499999999999996447 ) ;
#1164 = CARTESIAN_POINT ( 'NONE',  ( 17.49999999999999645, 2.000000000000000000, 2.229670385730948556 ) ) ;
#1165 = ADVANCED_FACE ( 'NONE', ( #688 ), #4752, .F. ) ;
#1166 = DIRECTION ( 'NONE',  ( 0.0000000000000000000, 0.0000000000000000000, 1.000000000000000000 ) ) ;
#1167 = FACE_OUTER_BOUND ( 'NONE', #3443, .T. ) ;
#1168 = ORIENTED_EDGE ( 'NONE', *, *, #6470, .T. ) ;
#1169 = CARTESIAN_POINT ( 'NONE',  ( -19.00000000000000000, 2.549466938062150856, 23.81534156157350779 ) ) ;
#1170 = EDGE_CURVE ( 'NONE', #1787, #365, #6335, .T. ) ;
#1171 = TOROIDAL_SURFACE ( 'NONE', #5181, 4.999999999999998224, 1.000000000000000000 ) ;
#1172 = CARTESIAN_POINT ( 'NONE',  ( 0.0000000000000000000, 18.00000000000000000, 0.0000000000000000000 ) ) ;
#1173 = EDGE_CURVE ( 'NONE', #2449, #5868, #3722, .T. ) ;
#1174 = ADVANCED_FACE ( 'NONE', ( #4716 ), #6983, .F. ) ;
#1175 = DIRECTION ( 'NONE',  ( 0.0000000000000000000, -1.000000000000000000, 0.0000000000000000000 ) ) ;
#1176 = VERTEX_POINT ( 'NONE', #165 ) ;
#1177 = AXIS2_PLACEMENT_3D ( 'NONE', #558, #2774, #4545 ) ;
#1178 = ORIENTED_EDGE ( 'NONE', *, *, #2476, .F. ) ;
#1179 = EDGE_CURVE ( 'NONE', #3493, #6888, #7175, .T. ) ;
#1180 = LINE ( 'NONE', #6879, #3709 ) ;
#1181 = CARTESIAN_POINT ( 'NONE',  ( -14.59805554675519446, 41.29284113715647209, -8.617298640481706684 ) ) ;
#1182 = AXIS2_PLACEMENT_3D ( 'NONE', #5773, #5210, #6874 ) ;
#1183 = EDGE_CURVE ( 'NONE', #6888, #3493, #1733, .T. ) ;
#1184 = ORIENTED_EDGE ( 'NONE', *, *, #3772, .T. ) ;
#1185 = AXIS2_PLACEMENT_3D ( 'NONE', #1585, #6644, #5540 ) ;
#1186 = VERTEX_POINT ( 'NONE', #277 ) ;
#1187 = CARTESIAN_POINT ( 'NONE',  ( 12.66758421158957404, 2.000000000000000000, -42.78593654904998544 ) ) ;
#1188 = DIRECTION ( 'NONE',  ( -0.0000000000000000000, 1.000000000000000000, 1.224646799147353207E-16 ) ) ;
#1189 = DIRECTION ( 'NONE',  ( 0.0000000000000000000, 0.0000000000000000000, -1.000000000000000000 ) ) ;
#1190 = MANIFOLD_SOLID_BREP ( 'Cut-Extrude1', #5866 ) ;
#1191 = ORIENTED_EDGE ( 'NONE', *, *, #1173, .T. ) ;
#1192 = DIRECTION ( 'NONE',  ( -0.0000000000000000000, -1.000000000000000000, -0.0000000000000000000 ) ) ;
#1193 = ORIENTED_EDGE ( 'NONE', *, *, #3648, .F. ) ;
#1194 = DIRECTION ( 'NONE',  ( 1.000000000000000000, -0.0000000000000000000, -0.0000000000000000000 ) ) ;
#1195 = CARTESIAN_POINT ( 'NONE',  ( 18.98533287048767448, 25.11536834380910221, 2.771082858396979987 ) ) ;
#1196 =( BOUNDED_CURVE ( )  B_SPLINE_CURVE ( 3, ( #7297, #6211, #2131, #1150 ),
 .UNSPECIFIED., .F., .F. ) 
 B_SPLINE_CURVE_WITH_KNOTS ( ( 4, 4 ),
 ( 5.691913226054434283, 6.874457388304729299 ),
 .UNSPECIFIED. ) 
 CURVE ( )  GEOMETRIC_REPRESENTATION_ITEM ( )  RATIONAL_B_SPLINE_CURVE ( ( 1.000000000000000000, 0.8868215137500026213, 0.8868215137500026213, 1.000000000000000000 ) ) 
 REPRESENTATION_ITEM ( '' )  );
#1197 = FACE_BOUND ( 'NONE', #6647, .T. ) ;
#1198 = CARTESIAN_POINT ( 'NONE',  ( -15.25837178238082359, 46.33647963772003919, 0.7599838174230623133 ) ) ;
#1199 = ORIENTED_EDGE ( 'NONE', *, *, #3895, .T. ) ;
#1200 = DIRECTION ( 'NONE',  ( 0.0000000000000000000, 0.0000000000000000000, 1.000000000000000000 ) ) ;
#1201 = ORIENTED_EDGE ( 'NONE', *, *, #3100, .F. ) ;
#1202 = CARTESIAN_POINT ( 'NONE',  ( -4.962810647014136656, -39.20138185401352615, 0.6157363578840022722 ) ) ;
#1203 = AXIS2_PLACEMENT_3D ( 'NONE', #4556, #5043, #1672 ) ;
#1204 = DIRECTION ( 'NONE',  ( 0.0000000000000000000, 0.0000000000000000000, 1.000000000000000000 ) ) ;
#1205 = DIRECTION ( 'NONE',  ( 0.0000000000000000000, 0.0000000000000000000, 1.000000000000000000 ) ) ;
#1206 = CARTESIAN_POINT ( 'NONE',  ( -15.20692007010293878, 44.71449367422462018, 4.840425221311235759 ) ) ;
#1207 = EDGE_LOOP ( 'NONE', ( #6217, #1759, #1312, #3085 ) ) ;
#1208 = CARTESIAN_POINT ( 'NONE',  ( -9.171312920576319527, 23.27020106417857193, 2.229670385730950333 ) ) ;
#1209 = CIRCLE ( 'NONE', #3084, 3.500000000000003109 ) ;
#1210 = EDGE_CURVE ( 'NONE', #6304, #2920, #4431, .T. ) ;
#1211 =( NAMED_UNIT ( * ) PLANE_ANGLE_UNIT ( ) SI_UNIT ( $, .RADIAN. ) );
#1212 = ORIENTED_EDGE ( 'NONE', *, *, #6640, .T. ) ;
#1213 = CARTESIAN_POINT ( 'NONE',  ( 16.21813341007600684, 32.25524524269017945, 0.8380755883644849247 ) ) ;
#1214 = CARTESIAN_POINT ( 'NONE',  ( 17.21450399055210667, 24.96044089177042835, 15.92132635289558706 ) ) ;
#1215 = VECTOR ( 'NONE', #4288, 1000.000000000000000 ) ;
#1216 = EDGE_LOOP ( 'NONE', ( #5028, #3524, #5516, #789, #2018 ) ) ;
#1217 = VERTEX_POINT ( 'NONE', #2928 ) ;
#1218 = CARTESIAN_POINT ( 'NONE',  ( -9.999999999999998224, 0.0000000000000000000, 5.999999999999998224 ) ) ;
#1219 = EDGE_CURVE ( 'NONE', #4855, #3589, #2205, .T. ) ;
#1220 = ADVANCED_FACE ( 'NONE', ( #6944 ), #3003, .T. ) ;
#1221 = CARTESIAN_POINT ( 'NONE',  ( -14.70278889147439294, 38.95252195739388412, -10.38013044818619335 ) ) ;
#1222 = AXIS2_PLACEMENT_3D ( 'NONE', #6937, #1349, #5867 ) ;
#1223 = ORIENTED_EDGE ( 'NONE', *, *, #1747, .T. ) ;
#1224 = ORIENTED_EDGE ( 'NONE', *, *, #502, .F. ) ;
#1225 = AXIS2_PLACEMENT_3D ( 'NONE', #3473, #5745, #1063 ) ;
#1226 = DIRECTION ( 'NONE',  ( 0.0000000000000000000, 0.0000000000000000000, 1.000000000000000000 ) ) ;
#1227 = EDGE_CURVE ( 'NONE', #447, #4828, #5284, .T. ) ;
#1228 = EDGE_CURVE ( 'NONE', #1973, #4776, #5631, .T. ) ;
#1229 = ADVANCED_FACE ( 'NONE', ( #209 ), #1146, .T. ) ;
#1230 = CYLINDRICAL_SURFACE ( 'NONE', #1225, 10.00000000000000178 ) ;
#1231 = VERTEX_POINT ( 'NONE', #7198 ) ;
#1232 = VECTOR ( 'NONE', #6493, 1000.000000000000000 ) ;
#1233 = DIRECTION ( 'NONE',  ( 0.0000000000000000000, 0.0000000000000000000, -1.000000000000000000 ) ) ;
#1234 = ORIENTED_EDGE ( 'NONE', *, *, #6873, .F. ) ;
#1235 = DIRECTION ( 'NONE',  ( 0.0000000000000000000, 1.000000000000000000, 0.0000000000000000000 ) ) ;
#1236 = AXIS2_PLACEMENT_3D ( 'NONE', #729, #2344, #2896 ) ;
#1237 = ORIENTED_EDGE ( 'NONE', *, *, #4042, .F. ) ;
#1238 = DIRECTION ( 'NONE',  ( -1.000000000000000000, -0.0000000000000000000, -0.0000000000000000000 ) ) ;
#1239 = CARTESIAN_POINT ( 'NONE',  ( -19.02282415363320212, 1.999999999999998668, -24.51442684068855371 ) ) ;
#1240 = AXIS2_PLACEMENT_3D ( 'NONE', #3791, #2132, #1005 ) ;
#1241 = AXIS2_PLACEMENT_3D ( 'NONE', #4233, #3619, #2647 ) ;
#1242 = AXIS2_PLACEMENT_3D ( 'NONE', #3126, #219, #5851 ) ;
#1243 = FACE_OUTER_BOUND ( 'NONE', #6391, .T. ) ;
#1244 = ORIENTED_EDGE ( 'NONE', *, *, #2724, .F. ) ;
#1245 = CARTESIAN_POINT ( 'NONE',  ( -36.74593000491812944, 28.13235003885263552, 13.00000000000000000 ) ) ;
#1246 = EDGE_LOOP ( 'NONE', ( #5224, #315, #6957, #2557 ) ) ;
#1247 = CARTESIAN_POINT ( 'NONE',  ( -4.904533610586411463, -39.73741935021812566, -0.9737309819111702458 ) ) ;
#1248 = FACE_OUTER_BOUND ( 'NONE', #4270, .T. ) ;
#1249 = DIRECTION ( 'NONE',  ( -1.000000000000000000, 0.0000000000000000000, 0.0000000000000000000 ) ) ;
#1250 = COLOUR_RGB ( '',0.0000000000000000000, 0.0000000000000000000, 0.0000000000000000000 ) ;
#1251 = AXIS2_PLACEMENT_3D ( 'NONE', #3922, #3775, #7173 ) ;
#1252 = FILL_AREA_STYLE ('',( #3531 ) ) ;
#1253 = ORIENTED_EDGE ( 'NONE', *, *, #3565, .T. ) ;
#1254 = CARTESIAN_POINT ( 'NONE',  ( -19.00000000000000355, 2.582993900429847223, 23.79842208935120595 ) ) ;
#1255 = CARTESIAN_POINT ( 'NONE',  ( 0.0000000000000000000, -45.00000000000000000, 0.0000000000000000000 ) ) ;
#1256 =( REPRESENTATION_RELATIONSHIP ('NONE','NONE', #6969, #3162 ) REPRESENTATION_RELATIONSHIP_WITH_TRANSFORMATION ( #586 )SHAPE_REPRESENTATION_RELATIONSHIP( ) );
#1257 = DIRECTION ( 'NONE',  ( 0.0000000000000000000, 0.0000000000000000000, 1.000000000000000000 ) ) ;
#1258 = ORIENTED_EDGE ( 'NONE', *, *, #2564, .T. ) ;
#1259 = CARTESIAN_POINT ( 'NONE',  ( -17.49999999999999645, 2.000000000000000000, 24.69534183785885872 ) ) ;
#1260 = ORIENTED_EDGE ( 'NONE', *, *, #5913, .F. ) ;
#1261 = VECTOR ( 'NONE', #4930, 1000.000000000000000 ) ;
#1262 = EDGE_LOOP ( 'NONE', ( #6544, #2170 ) ) ;
#1263 = DIRECTION ( 'NONE',  ( 0.0000000000000000000, 1.000000000000000000, 0.0000000000000000000 ) ) ;
#1264 = CARTESIAN_POINT ( 'NONE',  ( 9.000000000000001776, 2.326828918379970576E-15, -18.99999999999999645 ) ) ;
#1265 = AXIS2_PLACEMENT_3D ( 'NONE', #1384, #2916, #84 ) ;
#1266 = ORIENTED_EDGE ( 'NONE', *, *, #343, .F. ) ;
#1267 = ORIENTED_EDGE ( 'NONE', *, *, #1725, .F. ) ;
#1268 = ADVANCED_FACE ( 'NONE', ( #866 ), #2594, .F. ) ;
#1269 = AXIS2_PLACEMENT_3D ( 'NONE', #5701, #1188, #1739 ) ;
#1270 = CARTESIAN_POINT ( 'NONE',  ( -13.74026056903632664, 44.88921036392233077, -4.261290993643015668 ) ) ;
#1271 = ADVANCED_FACE ( 'NONE', ( #7058 ), #4686, .T. ) ;
#1272 = CARTESIAN_POINT ( 'NONE',  ( -11.97331907960222530, 2.000000000000000000, -32.78593654904997834 ) ) ;
#1273 = ORIENTED_EDGE ( 'NONE', *, *, #4653, .T. ) ;
#1274 = DIRECTION ( 'NONE',  ( -1.000000000000000000, 0.0000000000000000000, -0.0000000000000000000 ) ) ;
#1275 = ORIENTED_EDGE ( 'NONE', *, *, #662, .F. ) ;
#1276 = CARTESIAN_POINT ( 'NONE',  ( 12.66758421158957404, 1.000000000000000000, -42.78593654904998544 ) ) ;
#1277 = ORIENTED_EDGE ( 'NONE', *, *, #4310, .T. ) ;
#1278 = EDGE_CURVE ( 'NONE', #3636, #2945, #6571, .T. ) ;
#1279 = DIRECTION ( 'NONE',  ( -1.000000000000000000, -0.0000000000000000000, -0.0000000000000000000 ) ) ;
#1280 = DIRECTION ( 'NONE',  ( 0.0000000000000000000, 0.0000000000000000000, 1.000000000000000000 ) ) ;
#1281 = DIRECTION ( 'NONE',  ( -0.1736481776669309418, 0.9848077530122079093, 0.0000000000000000000 ) ) ;
#1282 = ORIENTED_EDGE ( 'NONE', *, *, #4146, .F. ) ;
#1283 = CARTESIAN_POINT ( 'NONE',  ( 15.93258149445201255, 20.20408712793290107, 17.59485823276435212 ) ) ;
#1284 = VERTEX_POINT ( 'NONE', #2626 ) ;
#1285 = CYLINDRICAL_SURFACE ( 'NONE', #765, 10.00000000000000178 ) ;
#1286 = CYLINDRICAL_SURFACE ( 'NONE', #1797, 10.00000000000000178 ) ;
#1287 = EDGE_CURVE ( 'NONE', #973, #4533, #3495, .T. ) ;
#1288 = DIRECTION ( 'NONE',  ( 0.0000000000000000000, 1.000000000000000000, 0.0000000000000000000 ) ) ;
#1289 = DIRECTION ( 'NONE',  ( 0.0000000000000000000, -1.000000000000000000, 0.0000000000000000000 ) ) ;
#1290 = ORIENTED_EDGE ( 'NONE', *, *, #5548, .F. ) ;
#1291 = CARTESIAN_POINT ( 'NONE',  ( -15.00138125790372712, 43.95476500490527627, 5.819780257153957415 ) ) ;
#1292 = DIRECTION ( 'NONE',  ( -0.0000000000000000000, -1.000000000000000000, -0.0000000000000000000 ) ) ;
#1293 = FILL_AREA_STYLE_COLOUR ( '', #4261 ) ;
#1294 = CARTESIAN_POINT ( 'NONE',  ( 11.97331907960222530, 2.000000000000000000, -22.78593654904997834 ) ) ;
#1295 = CARTESIAN_POINT ( 'NONE',  ( 29.00000000000000000, 2.000000000000000000, 23.81534156157350068 ) ) ;
#1296 = ORIENTED_EDGE ( 'NONE', *, *, #6545, .T. ) ;
#1297 = ORIENTED_EDGE ( 'NONE', *, *, #5744, .F. ) ;
#1298 = CONICAL_SURFACE ( 'NONE', #5419, 24.00000000000000000, 0.09966865249116210745 ) ;
#1299 = FACE_OUTER_BOUND ( 'NONE', #3964, .T. ) ;
#1300 = DIRECTION ( 'NONE',  ( 0.0000000000000000000, 0.0000000000000000000, -1.000000000000000000 ) ) ;
#1301 = CIRCLE ( 'NONE', #5428, 23.99004962809790698 ) ;
#1302 = ORIENTED_EDGE ( 'NONE', *, *, #184, .F. ) ;
#1303 = VERTEX_POINT ( 'NONE', #4286 ) ;
#1304 = CARTESIAN_POINT ( 'NONE',  ( 18.33120045906893836, 28.00000000000000355, 4.000000000000000888 ) ) ;
#1305 = CIRCLE ( 'NONE', #5431, 10.00000000000000000 ) ;
#1306 = EDGE_CURVE ( 'NONE', #253, #149, #4337, .T. ) ;
#1307 = DIRECTION ( 'NONE',  ( 0.0000000000000000000, -1.000000000000000000, 0.0000000000000000000 ) ) ;
#1308 = VERTEX_POINT ( 'NONE', #6622 ) ;
#1309 =( LENGTH_UNIT ( ) NAMED_UNIT ( * ) SI_UNIT ( .MILLI., .METRE. ) );
#1310 = VERTEX_POINT ( 'NONE', #967 ) ;
#1311 = FACE_OUTER_BOUND ( 'NONE', #2812, .T. ) ;
#1312 = ORIENTED_EDGE ( 'NONE', *, *, #2513, .F. ) ;
#1313 = AXIS2_PLACEMENT_3D ( 'NONE', #3420, #135, #5685 ) ;
#1314 = CARTESIAN_POINT ( 'NONE',  ( -16.72187286690636654, 28.32495787867038217, 4.000000000000000888 ) ) ;
#1315 = DIRECTION ( 'NONE',  ( -0.3209196880304026611, 0.0000000000000000000, 0.9471064110407387826 ) ) ;
#1316 = EDGE_CURVE ( 'NONE', #6593, #3509, #453, .T. ) ;
#1317 = ADVANCED_FACE ( 'NONE', ( #3665 ), #1494, .T. ) ;
#1318 = DIRECTION ( 'NONE',  ( 0.0000000000000000000, 1.000000000000000000, 0.0000000000000000000 ) ) ;
#1319 = ORIENTED_EDGE ( 'NONE', *, *, #1536, .T. ) ;
#1320 = FACE_OUTER_BOUND ( 'NONE', #5466, .T. ) ;
#1321 = ORIENTED_EDGE ( 'NONE', *, *, #328, .T. ) ;
#1322 = CARTESIAN_POINT ( 'NONE',  ( -17.42977248818022318, 20.81674853284197368, 17.37929218288893907 ) ) ;
#1323 = CARTESIAN_POINT ( 'NONE',  ( 10.00000000000000178, 2.816687638038912352E-15, -23.00000000000000000 ) ) ;
#1324 = DIRECTION ( 'NONE',  ( -0.0000000000000000000, -1.000000000000000000, -0.0000000000000000000 ) ) ;
#1325 = ORIENTED_EDGE ( 'NONE', *, *, #7323, .T. ) ;
#1326 = DIRECTION ( 'NONE',  ( -1.000000000000000000, 0.0000000000000000000, 0.0000000000000000000 ) ) ;
#1327 = CARTESIAN_POINT ( 'NONE',  ( 0.0000000000000000000, -20.99999999999999645, 0.0000000000000000000 ) ) ;
#1328 = ADVANCED_FACE ( 'NONE', ( #3800 ), #3835, .T. ) ;
#1329 = DIRECTION ( 'NONE',  ( -0.0000000000000000000, -1.000000000000000000, -0.0000000000000000000 ) ) ;
#1330 = CARTESIAN_POINT ( 'NONE',  ( -37.00000000000000000, 0.0000000000000000000, 31.78593654904997834 ) ) ;
#1331 = FACE_OUTER_BOUND ( 'NONE', #3968, .T. ) ;
#1332 = EDGE_LOOP ( 'NONE', ( #1403, #6281, #4940, #2862, #5442 ) ) ;
#1333 = AXIS2_PLACEMENT_3D ( 'NONE', #3296, #5675, #5528 ) ;
#1334 = ORIENTED_EDGE ( 'NONE', *, *, #2703, .T. ) ;
#1335 = DIRECTION ( 'NONE',  ( -1.000000000000000000, 0.0000000000000000000, 0.0000000000000000000 ) ) ;
#1336 = CARTESIAN_POINT ( 'NONE',  ( -19.00000000000000000, 1.000000000000000000, -4.282202112918619186 ) ) ;
#1337 = AXIS2_PLACEMENT_3D ( 'NONE', #6008, #3185, #4907 ) ;
#1338 = ORIENTED_EDGE ( 'NONE', *, *, #1413, .F. ) ;
#1339 = DIRECTION ( 'NONE',  ( -0.0000000000000000000, -1.000000000000000000, -0.0000000000000000000 ) ) ;
#1340 = AXIS2_PLACEMENT_3D ( 'NONE', #4283, #4859, #7087 ) ;
#1341 = CARTESIAN_POINT ( 'NONE',  ( 17.00000000000000000, 2.000000000000000000, 30.00000000000000000 ) ) ;
#1342 = EDGE_LOOP ( 'NONE', ( #5496, #663, #12, #4100, #5377, #827, #3573, #2518, #6056, #4341, #4468, #2642 ) ) ;
#1343 = ORIENTED_EDGE ( 'NONE', *, *, #7218, .T. ) ;
#1344 = CARTESIAN_POINT ( 'NONE',  ( 17.49999999999999645, 2.652747412077485212, 23.77032961426903412 ) ) ;
#1345 = ORIENTED_EDGE ( 'NONE', *, *, #2653, .T. ) ;
#1346 = CIRCLE ( 'NONE', #7132, 4.999999999999999112 ) ;
#1347 = DIRECTION ( 'NONE',  ( 0.0000000000000000000, 1.000000000000000000, 0.0000000000000000000 ) ) ;
#1348 = VECTOR ( 'NONE', #1763, 1000.000000000000000 ) ;
#1349 = DIRECTION ( 'NONE',  ( -1.000000000000000000, -0.0000000000000000000, -0.0000000000000000000 ) ) ;
#1350 = ORIENTED_EDGE ( 'NONE', *, *, #4413, .F. ) ;
#1351 = CARTESIAN_POINT ( 'NONE',  ( 17.39999999999999147, 1.000000000000000000, -5.460769270011663679 ) ) ;
#1352 = EDGE_LOOP ( 'NONE', ( #481, #6639, #3584, #1934 ) ) ;
#1353 = CARTESIAN_POINT ( 'NONE',  ( 15.29805563633783727, 34.62703965754568003, -12.52011567604874820 ) ) ;
#1354 = CARTESIAN_POINT ( 'NONE',  ( 11.97331907960222530, 2.000000000000000000, -32.78593654904997834 ) ) ;
#1355 = CARTESIAN_POINT ( 'NONE',  ( 17.93847439205129035, 31.13686243278608146, 2.503824042731232158 ) ) ;
#1356 = EDGE_CURVE ( 'NONE', #4673, #2093, #5626, .T. ) ;
#1357 = DIRECTION ( 'NONE',  ( 1.224646799147353454E-16, 0.0000000000000000000, -1.000000000000000000 ) ) ;
#1358 = AXIS2_PLACEMENT_3D ( 'NONE', #276, #1902, #4214 ) ;
#1359 = AXIS2_PLACEMENT_3D ( 'NONE', #3235, #434, #5720 ) ;
#1360 = ORIENTED_EDGE ( 'NONE', *, *, #5510, .F. ) ;
#1361 = DIRECTION ( 'NONE',  ( 1.000000000000000000, 0.0000000000000000000, -0.0000000000000000000 ) ) ;
#1362 = ORIENTED_EDGE ( 'NONE', *, *, #451, .T. ) ;
#1363 = DIRECTION ( 'NONE',  ( 1.000000000000000000, 0.0000000000000000000, 0.0000000000000000000 ) ) ;
#1364 = CONICAL_SURFACE ( 'NONE', #405, 23.00000000000000000, 0.09966865249116207970 ) ;
#1365 = LINE ( 'NONE', #1330, #1232 ) ;
#1366 = CARTESIAN_POINT ( 'NONE',  ( -13.54168186980592914, 44.17085293033028393, 5.281263776440504820 ) ) ;
#1367 = EDGE_CURVE ( 'NONE', #1480, #2637, #6805, .T. ) ;
#1368 = ORIENTED_EDGE ( 'NONE', *, *, #4367, .T. ) ;
#1369 = EDGE_CURVE ( 'NONE', #5260, #5185, #5758, .T. ) ;
#1370 = ORIENTED_EDGE ( 'NONE', *, *, #997, .F. ) ;
#1371 = LINE ( 'NONE', #6992, #1126 ) ;
#1372 = AXIS2_PLACEMENT_3D ( 'NONE', #5048, #2194, #4329 ) ;
#1373 = CARTESIAN_POINT ( 'NONE',  ( 13.81862330540316286, 34.36617582146948990, 12.61190109985333230 ) ) ;
#1374 = AXIS2_PLACEMENT_3D ( 'NONE', #3252, #7221, #2695 ) ;
#1375 = ORIENTED_EDGE ( 'NONE', *, *, #5203, .T. ) ;
#1376 = B_SPLINE_CURVE_WITH_KNOTS ( 'NONE', 3,
 ( #7071, #4226, #807, #2540, #3051, #913, #2603, #6465, #4870, #2019 ),
 .UNSPECIFIED., .F., .F.,
 ( 4, 2, 2, 2, 4 ),
 ( 0.003924889821344484594, 0.004741976104069280280, 0.005559062386794075966, 0.006376148669518871652, 0.007193234952243667338 ),
 .UNSPECIFIED. ) ;
#1377 = DIRECTION ( 'NONE',  ( 0.0000000000000000000, 1.000000000000000000, 0.0000000000000000000 ) ) ;
#1378 = AXIS2_PLACEMENT_3D ( 'NONE', #5874, #832, #800 ) ;
#1379 = CARTESIAN_POINT ( 'NONE',  ( -1.734723475976807094E-15, 2.939152317953647894E-15, 24.00000000000000000 ) ) ;
#1380 = ORIENTED_EDGE ( 'NONE', *, *, #6958, .F. ) ;
#1381 = CARTESIAN_POINT ( 'NONE',  ( 11.97331907960222530, 1.000000000000000000, 32.78593654904997834 ) ) ;
#1382 = ORIENTED_EDGE ( 'NONE', *, *, #5691, .F. ) ;
#1383 = CIRCLE ( 'NONE', #5286, 10.99999999999999645 ) ;
#1384 = CARTESIAN_POINT ( 'NONE',  ( -17.00000000000000000, 2.000000000000000000, 30.00000000000000000 ) ) ;
#1385 = DIRECTION ( 'NONE',  ( 0.0000000000000000000, 0.0000000000000000000, 1.000000000000000000 ) ) ;
#1386 = VERTEX_POINT ( 'NONE', #7089 ) ;
#1387 = EDGE_LOOP ( 'NONE', ( #3547, #5784, #4502, #6883, #539 ) ) ;
#1388 = CARTESIAN_POINT ( 'NONE',  ( -5.000006305666833128, -41.00003152833504316, 0.1304556384929839719 ) ) ;
#1389 = ORIENTED_EDGE ( 'NONE', *, *, #626, .T. ) ;
#1390 = CARTESIAN_POINT ( 'NONE',  ( 8.999999999999998224, 2.000000000000000000, 23.77032961426903768 ) ) ;
#1391 = CARTESIAN_POINT ( 'NONE',  ( 11.97331907960222530, 2.000000000000000000, 22.78593654904997834 ) ) ;
#1392 =( REPRESENTATION_RELATIONSHIP ('NONE','NONE', #6969, #676 ) REPRESENTATION_RELATIONSHIP_WITH_TRANSFORMATION ( #2495 )SHAPE_REPRESENTATION_RELATIONSHIP( ) );
#1393 = AXIS2_PLACEMENT_3D ( 'NONE', #4862, #2627, #968 ) ;
#1394 = DIRECTION ( 'NONE',  ( 1.000000000000000000, 0.0000000000000000000, 0.0000000000000000000 ) ) ;
#1395 = ORIENTED_EDGE ( 'NONE', *, *, #1183, .F. ) ;
#1396 = FACE_OUTER_BOUND ( 'NONE', #3433, .T. ) ;
#1397 = EDGE_CURVE ( 'NONE', #5536, #2491, #5506, .T. ) ;
#1398 = VERTEX_POINT ( 'NONE', #4247 ) ;
#1399 = CARTESIAN_POINT ( 'NONE',  ( 13.82597942870981100, 45.82182462693844371, -2.229670385730951221 ) ) ;
#1400 = DIRECTION ( 'NONE',  ( 0.0000000000000000000, 1.000000000000000000, 0.0000000000000000000 ) ) ;
#1401 = CARTESIAN_POINT ( 'NONE',  ( -13.65236570512185743, 35.34487193163525376, 12.26754506109130816 ) ) ;
#1402 = EDGE_CURVE ( 'NONE', #2581, #1284, #3251, .T. ) ;
#1403 = ORIENTED_EDGE ( 'NONE', *, *, #6919, .T. ) ;
#1404 = DIRECTION ( 'NONE',  ( 0.0000000000000000000, 1.000000000000000000, 0.0000000000000000000 ) ) ;
#1405 = DIRECTION ( 'NONE',  ( -0.3590109871423035615, -0.0000000000000000000, -0.9333333333333322379 ) ) ;
#1406 = EDGE_CURVE ( 'NONE', #6693, #179, #3614, .T. ) ;
#1407 = ADVANCED_FACE ( 'NONE', ( #6816 ), #4964, .F. ) ;
#1408 = ORIENTED_EDGE ( 'NONE', *, *, #885, .T. ) ;
#1409 = EDGE_CURVE ( 'NONE', #3442, #4210, #7019, .T. ) ;
#1410 = CARTESIAN_POINT ( 'NONE',  ( 19.03830815380596064, 1.999999999999998224, -24.10039473943074384 ) ) ;
#1411 = UNCERTAINTY_MEASURE_WITH_UNIT (LENGTH_MEASURE( 1.000000000000000082E-05 ), #5380, 'distance_accuracy_value', 'NONE');
#1412 = AXIS2_PLACEMENT_3D ( 'NONE', #6378, #6901, #2852 ) ;
#1413 = EDGE_CURVE ( 'NONE', #3243, #3862, #6222, .T. ) ;
#1414 = DIRECTION ( 'NONE',  ( -0.9296634907984616669, -3.345307626929761791E-16, 0.3684098178339152985 ) ) ;
#1415 = EDGE_LOOP ( 'NONE', ( #689, #4160, #4189, #2498 ) ) ;
#1416 = CARTESIAN_POINT ( 'NONE',  ( -18.33333333333332149, 1.000000000000000000, 20.18021974284602749 ) ) ;
#1417 = ORIENTED_EDGE ( 'NONE', *, *, #4318, .F. ) ;
#1418 = DIRECTION ( 'NONE',  ( -1.387778780781444492E-15, 0.0000000000000000000, 1.000000000000000000 ) ) ;
#1419 = VERTEX_POINT ( 'NONE', #49 ) ;
#1420 = CARTESIAN_POINT ( 'NONE',  ( 17.00000000000000000, 1.000000000000000000, 30.00000000000000000 ) ) ;
#1421 = ORIENTED_EDGE ( 'NONE', *, *, #2204, .F. ) ;
#1422 = CARTESIAN_POINT ( 'NONE',  ( -16.93333333333332291, 2.000000000000000000, 5.281263776440504820 ) ) ;
#1423 = EDGE_LOOP ( 'NONE', ( #5748, #6850, #2907, #7112 ) ) ;
#1424 = CARTESIAN_POINT ( 'NONE',  ( -5.000000000000000000, -40.00000000000000000, 0.0000000000000000000 ) ) ;
#1425 = LINE ( 'NONE', #865, #6714 ) ;
#1426 = CARTESIAN_POINT ( 'NONE',  ( 19.00000000000000711, 2.383655851095802802, 23.89901857499657467 ) ) ;
#1427 = VERTEX_POINT ( 'NONE', #2256 ) ;
#1428 = CARTESIAN_POINT ( 'NONE',  ( -17.00000000000000000, 2.000000000000000000, 30.00000000000000000 ) ) ;
#1429 = CARTESIAN_POINT ( 'NONE',  ( 16.77917170850973960, 28.00000000000000355, -4.000000000000001776 ) ) ;
#1430 = ORIENTED_EDGE ( 'NONE', *, *, #4879, .T. ) ;
#1431 = CYLINDRICAL_SURFACE ( 'NONE', #3101, 20.00000000000000000 ) ;
#1432 = CARTESIAN_POINT ( 'NONE',  ( -13.81862330540316997, 34.36617582146947569, 12.61190109985333763 ) ) ;
#1433 =( BOUNDED_CURVE ( )  B_SPLINE_CURVE ( 3, ( #1131, #5081, #6861, #6227 ),
 .UNSPECIFIED., .F., .F. ) 
 B_SPLINE_CURVE_WITH_KNOTS ( ( 4, 4 ),
 ( 3.003114758764499737, 3.508800674147631860 ),
 .UNSPECIFIED. ) 
 CURVE ( )  GEOMETRIC_REPRESENTATION_ITEM ( )  RATIONAL_B_SPLINE_CURVE ( ( 1.000000000000000000, 0.9788034320659346754, 0.9788034320659346754, 1.000000000000000000 ) ) 
 REPRESENTATION_ITEM ( '' )  );
#1434 = VERTEX_POINT ( 'NONE', #3911 ) ;
#1435 = EDGE_CURVE ( 'NONE', #4903, #5902, #6751, .T. ) ;
#1436 = DIRECTION ( 'NONE',  ( -0.0000000000000000000, -1.000000000000000000, -0.0000000000000000000 ) ) ;
#1437 = DIRECTION ( 'NONE',  ( -0.1736481776669309418, 0.9848077530122079093, 0.0000000000000000000 ) ) ;
#1438 = AXIS2_PLACEMENT_3D ( 'NONE', #4137, #6408, #6859 ) ;
#1439 = ORIENTED_EDGE ( 'NONE', *, *, #4597, .T. ) ;
#1440 = EDGE_CURVE ( 'NONE', #1217, #2316, #561, .T. ) ;
#1441 = EDGE_CURVE ( 'NONE', #5731, #3089, #4197, .T. ) ;
#1442 = FACE_OUTER_BOUND ( 'NONE', #7012, .T. ) ;
#1443 = DIRECTION ( 'NONE',  ( 0.0000000000000000000, 1.000000000000000000, -1.224646799147353207E-16 ) ) ;
#1444 = CIRCLE ( 'NONE', #5573, 2.500000000000002220 ) ;
#1445 = VERTEX_POINT ( 'NONE', #597 ) ;
#1446 = DIRECTION ( 'NONE',  ( 0.0000000000000000000, 0.0000000000000000000, 1.000000000000000000 ) ) ;
#1447 = ORIENTED_EDGE ( 'NONE', *, *, #4958, .T. ) ;
#1448 = AXIS2_PLACEMENT_3D ( 'NONE', #7026, #1329, #692 ) ;
#1449 = ADVANCED_FACE ( 'NONE', ( #2845 ), #6183, .F. ) ;
#1450 = ADVANCED_FACE ( 'NONE', ( #3367 ), #665, .T. ) ;
#1451 = FACE_OUTER_BOUND ( 'NONE', #4364, .T. ) ;
#1452 = ORIENTED_EDGE ( 'NONE', *, *, #3022, .F. ) ;
#1453 = AXIS2_PLACEMENT_3D ( 'NONE', #5231, #5712, #158 ) ;
#1454 = CARTESIAN_POINT ( 'NONE',  ( -9.171312920576319527, 23.27020106417857193, -2.229670385730950333 ) ) ;
#1455 = EDGE_LOOP ( 'NONE', ( #3811, #748, #6295, #7090, #4527 ) ) ;
#1456 = DIRECTION ( 'NONE',  ( 1.000000000000000000, 0.0000000000000000000, 0.0000000000000000000 ) ) ;
#1457 = CARTESIAN_POINT ( 'NONE',  ( 18.22464762507958369, 28.64615836150476014, 3.960926993724939837 ) ) ;
#1458 = VERTEX_POINT ( 'NONE', #6664 ) ;
#1459 = AXIS2_PLACEMENT_3D ( 'NONE', #1477, #5956, #6439 ) ;
#1460 =( BOUNDED_CURVE ( )  B_SPLINE_CURVE ( 3, ( #2419, #768, #5318, #4187 ),
 .UNSPECIFIED., .F., .F. ) 
 B_SPLINE_CURVE_WITH_KNOTS ( ( 4, 4 ),
 ( 0.04690151510072168572, 0.3672080205578381884 ),
 .UNSPECIFIED. ) 
 CURVE ( )  GEOMETRIC_REPRESENTATION_ITEM ( )  RATIONAL_B_SPLINE_CURVE ( ( 1.000000000000000000, 0.9914685705550954076, 0.9914685705550954076, 1.000000000000000000 ) ) 
 REPRESENTATION_ITEM ( '' )  );
#1461 = CARTESIAN_POINT ( 'NONE',  ( 17.80423287348564898, 16.76559260184349753, 18.80469889935136862 ) ) ;
#1462 = ORIENTED_EDGE ( 'NONE', *, *, #5975, .T. ) ;
#1463 = DIRECTION ( 'NONE',  ( 0.0000000000000000000, 0.0000000000000000000, 1.000000000000000000 ) ) ;
#1464 = DIRECTION ( 'NONE',  ( 0.9829747306675965524, 0.1733249663713345157, 0.06098471038991398058 ) ) ;
#1465 = AXIS2_PLACEMENT_3D ( 'NONE', #1294, #1400, #3082 ) ;
#1466 = CIRCLE ( 'NONE', #166, 1.000000000000000000 ) ;
#1467 = AXIS2_PLACEMENT_3D ( 'NONE', #2669, #5456, #385 ) ;
#1468 = ORIENTED_EDGE ( 'NONE', *, *, #3467, .F. ) ;
#1469 = PLANE ( 'NONE',  #6438 ) ;
#1470 = DIRECTION ( 'NONE',  ( 0.0000000000000000000, 0.0000000000000000000, 1.000000000000000000 ) ) ;
#1471 = VERTEX_POINT ( 'NONE', #1748 ) ;
#1472 = AXIS2_PLACEMENT_3D ( 'NONE', #4370, #3850, #1504 ) ;
#1473 = CIRCLE ( 'NONE', #5493, 4.999999999999998224 ) ;
#1474 = CARTESIAN_POINT ( 'NONE',  ( -17.21450399055210312, 24.96044089177042835, -15.92132635289559417 ) ) ;
#1475 = AXIS2_PLACEMENT_3D ( 'NONE', #4469, #6736, #2102 ) ;
#1476 = EDGE_CURVE ( 'NONE', #7001, #6888, #2901, .T. ) ;
#1477 = CARTESIAN_POINT ( 'NONE',  ( -12.66758421158958114, 2.000000000000000000, 42.78593654904998544 ) ) ;
#1478 = VERTEX_POINT ( 'NONE', #528 ) ;
#1479 = DIRECTION ( 'NONE',  ( 0.0000000000000000000, 0.0000000000000000000, 1.000000000000000000 ) ) ;
#1480 = VERTEX_POINT ( 'NONE', #5710 ) ;
#1481 = AXIS2_PLACEMENT_3D ( 'NONE', #1588, #5059, #5026 ) ;
#1482 = DIRECTION ( 'NONE',  ( -6.413119686690143587E-16, 0.0000000000000000000, -1.000000000000000000 ) ) ;
#1483 = EDGE_CURVE ( 'NONE', #6362, #3442, #6121, .T. ) ;
#1484 = ADVANCED_FACE ( 'NONE', ( #2141 ), #6147, .F. ) ;
#1485 = EDGE_CURVE ( 'NONE', #5179, #1589, #10, .T. ) ;
#1486 = DIRECTION ( 'NONE',  ( 0.0000000000000000000, 0.0000000000000000000, 1.000000000000000000 ) ) ;
#1487 = ORIENTED_EDGE ( 'NONE', *, *, #4407, .T. ) ;
#1488 = AXIS2_PLACEMENT_3D ( 'NONE', #3099, #3169, #303 ) ;
#1489 = DIRECTION ( 'NONE',  ( -1.000000000000000000, 0.0000000000000000000, 0.0000000000000000000 ) ) ;
#1490 = ORIENTED_EDGE ( 'NONE', *, *, #5154, .T. ) ;
#1491 = CARTESIAN_POINT ( 'NONE',  ( -36.74593000491812944, 28.13235003885263552, -13.00000000000000000 ) ) ;
#1492 = CARTESIAN_POINT ( 'NONE',  ( 18.33120045906894191, 28.00000000000000355, -4.000000000000000000 ) ) ;
#1493 = DIRECTION ( 'NONE',  ( -0.0000000000000000000, -1.000000000000000000, 0.0000000000000000000 ) ) ;
#1494 = CYLINDRICAL_SURFACE ( 'NONE', #6682, 1.000000000000000888 ) ;
#1495 = PRESENTATION_STYLE_ASSIGNMENT (( #4354 ) ) ;
#1496 = AXIS2_PLACEMENT_3D ( 'NONE', #5766, #1324, #3563 ) ;
#1497 = ADVANCED_FACE ( 'NONE', ( #1197, #3291 ), #3876, .F. ) ;
#1498 = CARTESIAN_POINT ( 'NONE',  ( 19.00222048000662411, 2.243595453465400347, -24.03500141457847050 ) ) ;
#1499 = ORIENTED_EDGE ( 'NONE', *, *, #4229, .T. ) ;
#1500 = CARTESIAN_POINT ( 'NONE',  ( -16.93333333333333357, 24.93584164674765447, -5.281263776440502156 ) ) ;
#1501 = CARTESIAN_POINT ( 'NONE',  ( 0.0000000000000000000, -18.00000000000000000, 0.0000000000000000000 ) ) ;
#1502 = VERTEX_POINT ( 'NONE', #1785 ) ;
#1503 = CARTESIAN_POINT ( 'NONE',  ( 14.88137838567914173, 2.000000000000000000, 32.78593654904997834 ) ) ;
#1504 = DIRECTION ( 'NONE',  ( 0.0000000000000000000, 0.0000000000000000000, 1.000000000000000000 ) ) ;
#1505 = VERTEX_POINT ( 'NONE', #5897 ) ;
#1506 = CARTESIAN_POINT ( 'NONE',  ( -11.00000000000000000, 0.0000000000000000000, 0.0000000000000000000 ) ) ;
#1507 = CYLINDRICAL_SURFACE ( 'NONE', #4404, 20.00000000000001776 ) ;
#1508 = CARTESIAN_POINT ( 'NONE',  ( 16.56373248032898715, 29.58053830513906846, 3.678099558591968243 ) ) ;
#1509 = VERTEX_POINT ( 'NONE', #2477 ) ;
#1510 = ORIENTED_EDGE ( 'NONE', *, *, #1369, .T. ) ;
#1511 = PRODUCT_DEFINITION_SHAPE ( 'NONE', 'NONE',  #5190 ) ;
#1512 = CARTESIAN_POINT ( 'NONE',  ( 13.81862330540317707, 34.36617582146947569, -12.61190109985333763 ) ) ;
#1513 = EDGE_CURVE ( 'NONE', #5454, #6420, #1383, .T. ) ;
#1514 = VECTOR ( 'NONE', #5083, 1000.000000000000114 ) ;
#1515 = DIRECTION ( 'NONE',  ( 0.0000000000000000000, 0.0000000000000000000, -1.000000000000000000 ) ) ;
#1516 = VERTEX_POINT ( 'NONE', #3520 ) ;
#1517 = CARTESIAN_POINT ( 'NONE',  ( 18.33333333333332504, 25.05832577568395436, 5.819780257153957415 ) ) ;
#1518 = EDGE_LOOP ( 'NONE', ( #1597, #3032, #2248, #1362 ) ) ;
#1519 = DIRECTION ( 'NONE',  ( -1.000000000000000000, -0.0000000000000000000, -0.0000000000000000000 ) ) ;
#1520 = CARTESIAN_POINT ( 'NONE',  ( 19.22222222222222854, 0.0000000000000000000, -28.85469288177286629 ) ) ;
#1521 = COLOUR_RGB ( '',0.0000000000000000000, 0.0000000000000000000, 0.0000000000000000000 ) ;
#1522 = CARTESIAN_POINT ( 'NONE',  ( -8.289220901263080421, 1.000000000000000000, 32.08257145703460367 ) ) ;
#1523 = CARTESIAN_POINT ( 'NONE',  ( 12.66758421158957404, 1.000000000000000000, -42.78593654904998544 ) ) ;
#1524 = CARTESIAN_POINT ( 'NONE',  ( -18.30286295009957698, 28.16070999943121222, 4.000000000000000888 ) ) ;
#1525 = ADVANCED_FACE ( 'NONE', ( #5865 ), #4739, .F. ) ;
#1526 = EDGE_CURVE ( 'NONE', #5, #5527, #4616, .T. ) ;
#1527 = AXIS2_PLACEMENT_3D ( 'NONE', #3720, #2199, #1479 ) ;
#1528 = CARTESIAN_POINT ( 'NONE',  ( -0.09950371902095467291, 0.0000000000000000000, 0.0000000000000000000 ) ) ;
#1529 = ORIENTED_EDGE ( 'NONE', *, *, #7022, .T. ) ;
#1530 = CARTESIAN_POINT ( 'NONE',  ( 9.099503719020990644, 0.0000000000000000000, 0.0000000000000000000 ) ) ;
#1531 = VECTOR ( 'NONE', #2203, 1000.000000000000000 ) ;
#1532 = CARTESIAN_POINT ( 'NONE',  ( 9.618727801517771070, 26.98749669615963498, 5.993781106221660160 ) ) ;
#1533 = FACE_OUTER_BOUND ( 'NONE', #736, .T. ) ;
#1534 = ORIENTED_EDGE ( 'NONE', *, *, #2703, .F. ) ;
#1535 = EDGE_CURVE ( 'NONE', #6364, #4688, #6455, .T. ) ;
#1536 = EDGE_CURVE ( 'NONE', #5454, #1445, #4301, .T. ) ;
#1537 = CARTESIAN_POINT ( 'NONE',  ( -17.00000000000000000, 2.000000000000000000, -33.50000000000000000 ) ) ;
#1538 = CARTESIAN_POINT ( 'NONE',  ( -37.00000000000000000, 1.000000000000000000, -13.00000000000000000 ) ) ;
#1539 = ORIENTED_EDGE ( 'NONE', *, *, #2681, .T. ) ;
#1540 = DIRECTION ( 'NONE',  ( 1.000000000000000000, 0.0000000000000000000, 6.413119686690143587E-16 ) ) ;
#1541 = DIRECTION ( 'NONE',  ( -1.734723475976807094E-15, 0.0000000000000000000, -1.000000000000000000 ) ) ;
#1542 = B_SPLINE_CURVE_WITH_KNOTS ( 'NONE', 3,
 ( #1169, #1254, #4639, #5242 ),
 .UNSPECIFIED., .F., .F.,
 ( 4, 4 ),
 ( 0.0000000000000000000, 0.0001126629118786428533 ),
 .UNSPECIFIED. ) ;
#1543 = CARTESIAN_POINT ( 'NONE',  ( 4.904509385511602204, -40.26217448428038637, 0.9738527554115430362 ) ) ;
#1544 = CARTESIAN_POINT ( 'NONE',  ( 13.82597942870981100, 45.82182462693844371, -2.229670385730951221 ) ) ;
#1545 = PRODUCT_DEFINITION_CONTEXT ( 'detailed design', #1006, 'design' ) ;
#1546 = AXIS2_PLACEMENT_3D ( 'NONE', #1829, #4710, #795 ) ;
#1547 = CARTESIAN_POINT ( 'NONE',  ( 0.0000000000000000000, 0.0000000000000000000, 0.0000000000000000000 ) ) ;
#1548 = EDGE_LOOP ( 'NONE', ( #1430, #4666 ) ) ;
#1549 = ORIENTED_EDGE ( 'NONE', *, *, #304, .F. ) ;
#1550 = CARTESIAN_POINT ( 'NONE',  ( -15.93258149445201255, 20.20408712793290107, 17.59485823276435212 ) ) ;
#1551 = AXIS2_PLACEMENT_3D ( 'NONE', #724, #6299, #7015 ) ;
#1552 = DIRECTION ( 'NONE',  ( -1.000000000000000000, -0.0000000000000000000, -0.0000000000000000000 ) ) ;
#1553 = DIRECTION ( 'NONE',  ( -0.0000000000000000000, -1.000000000000000000, -0.0000000000000000000 ) ) ;
#1554 = ORIENTED_EDGE ( 'NONE', *, *, #2691, .F. ) ;
#1555 = CARTESIAN_POINT ( 'NONE',  ( 18.99999999999999645, 2.652747412077494094, 23.77032961426903057 ) ) ;
#1556 = ORIENTED_EDGE ( 'NONE', *, *, #844, .F. ) ;
#1557 = CARTESIAN_POINT ( 'NONE',  ( -17.08988112891891120, 24.94953780416136979, 9.052426143634230371 ) ) ;
#1558 = CIRCLE ( 'NONE', #6041, 18.99999999999999645 ) ;
#1559 = DIRECTION ( 'NONE',  ( 0.0000000000000000000, 0.0000000000000000000, -1.000000000000000000 ) ) ;
#1560 = DIRECTION ( 'NONE',  ( 0.0000000000000000000, 1.224646799147352468E-16, 1.000000000000000000 ) ) ;
#1561 = CARTESIAN_POINT ( 'NONE',  ( 19.03993577963682071, 2.000000000000000000, 24.70815773875741073 ) ) ;
#1562 = CARTESIAN_POINT ( 'NONE',  ( -18.33120045906894191, 28.00000000000000000, 4.000000000000000000 ) ) ;
#1563 = VECTOR ( 'NONE', #3867, 1000.000000000000000 ) ;
#1564 = CARTESIAN_POINT ( 'NONE',  ( 19.00000000000000000, 2.524818719738453510, -23.81534156157350779 ) ) ;
#1565 = EDGE_LOOP ( 'NONE', ( #4116, #4621, #2426, #4098, #2458, #4447 ) ) ;
#1566 = CARTESIAN_POINT ( 'NONE',  ( 29.00000000000000000, 1.000000000000000000, -23.81534156157350068 ) ) ;
#1567 = CARTESIAN_POINT ( 'NONE',  ( 15.25901242313525508, 45.05693803994560653, -4.323015725994030944 ) ) ;
#1568 = DIRECTION ( 'NONE',  ( -0.1736481776669310528, 0.9848077530122079093, 0.0000000000000000000 ) ) ;
#1569 = EDGE_CURVE ( 'NONE', #2242, #3311, #4808, .T. ) ;
#1570 = CARTESIAN_POINT ( 'NONE',  ( 18.60161013440588462, 26.67861165952481173, -3.784861635072710229 ) ) ;
#1571 = AXIS2_PLACEMENT_3D ( 'NONE', #1341, #1854, #4125 ) ;
#1572 = ORIENTED_EDGE ( 'NONE', *, *, #6240, .F. ) ;
#1573 = CARTESIAN_POINT ( 'NONE',  ( -9.000000000000001776, 0.0000000000000000000, -18.99999999999999645 ) ) ;
#1574 = DIRECTION ( 'NONE',  ( 0.0000000000000000000, 0.0000000000000000000, 1.000000000000000000 ) ) ;
#1575 = CIRCLE ( 'NONE', #5121, 16.99999999999999289 ) ;
#1576 = AXIS2_PLACEMENT_3D ( 'NONE', #1673, #1790, #5161 ) ;
#1577 = EDGE_CURVE ( 'NONE', #67, #1059, #3020, .T. ) ;
#1578 = EDGE_CURVE ( 'NONE', #1284, #6737, #5153, .T. ) ;
#1579 = ORIENTED_EDGE ( 'NONE', *, *, #6230, .T. ) ;
#1580 = FACE_OUTER_BOUND ( 'NONE', #6074, .T. ) ;
#1581 = CARTESIAN_POINT ( 'NONE',  ( -17.00000000000000000, 1.000000000000000000, -30.00000000000000000 ) ) ;
#1582 = AXIS2_PLACEMENT_3D ( 'NONE', #2490, #5387, #6490 ) ;
#1583 = DIRECTION ( 'NONE',  ( -0.0000000000000000000, -1.000000000000000000, -0.0000000000000000000 ) ) ;
#1584 = CIRCLE ( 'NONE', #5010, 1.000000000000000000 ) ;
#1585 = CARTESIAN_POINT ( 'NONE',  ( -29.00000000000000000, 2.000000000000000000, -23.81534156157350068 ) ) ;
#1586 = EDGE_CURVE ( 'NONE', #6489, #6990, #838, .T. ) ;
#1587 = AXIS2_PLACEMENT_3D ( 'NONE', #5327, #255, #4841 ) ;
#1588 = CARTESIAN_POINT ( 'NONE',  ( 0.0000000000000000000, 0.0000000000000000000, 0.0000000000000000000 ) ) ;
#1589 = VERTEX_POINT ( 'NONE', #6444 ) ;
#1590 = CIRCLE ( 'NONE', #6918, 0.9999999999999996669 ) ;
#1591 = ORIENTED_EDGE ( 'NONE', *, *, #5237, .T. ) ;
#1592 = DIRECTION ( 'NONE',  ( 0.0000000000000000000, 0.0000000000000000000, -1.000000000000000000 ) ) ;
#1593 = CARTESIAN_POINT ( 'NONE',  ( -0.09950371902095467291, 0.0000000000000000000, 0.0000000000000000000 ) ) ;
#1594 = CARTESIAN_POINT ( 'NONE',  ( 18.33333333333332504, 25.05832577568395081, -5.819780257153954750 ) ) ;
#1595 = ORIENTED_EDGE ( 'NONE', *, *, #1617, .F. ) ;
#1596 = FACE_OUTER_BOUND ( 'NONE', #3320, .T. ) ;
#1597 = ORIENTED_EDGE ( 'NONE', *, *, #3507, .F. ) ;
#1598 = DIRECTION ( 'NONE',  ( -0.0000000000000000000, -1.000000000000000000, -0.0000000000000000000 ) ) ;
#1599 = AXIS2_PLACEMENT_3D ( 'NONE', #4960, #6776, #2177 ) ;
#1600 = DIRECTION ( 'NONE',  ( 0.0000000000000000000, 0.0000000000000000000, 1.000000000000000000 ) ) ;
#1601 = CARTESIAN_POINT ( 'NONE',  ( -13.82597942870980745, 45.82182462693844371, 2.229670385730948556 ) ) ;
#1602 = CARTESIAN_POINT ( 'NONE',  ( 13.94088323515355299, 47.64415507469129096, 1.124568050772102227E-12 ) ) ;
#1603 = ORIENTED_EDGE ( 'NONE', *, *, #6416, .T. ) ;
#1604 = PLANE ( 'NONE',  #1203 ) ;
#1605 = CARTESIAN_POINT ( 'NONE',  ( 4.898979485566355763, -40.00000000000000000, -1.000000000000000444 ) ) ;
#1606 = CIRCLE ( 'NONE', #6934, 5.999999999999999112 ) ;
#1607 = EDGE_LOOP ( 'NONE', ( #1490, #6066, #1766, #1789 ) ) ;
#1608 = FACE_OUTER_BOUND ( 'NONE', #6833, .T. ) ;
#1609 = EDGE_CURVE ( 'NONE', #5406, #3451, #4427, .T. ) ;
#1610 = CARTESIAN_POINT ( 'NONE',  ( 17.50000000000000000, 24.67907091749998827, -2.229670385730951221 ) ) ;
#1611 = FACE_OUTER_BOUND ( 'NONE', #3880, .T. ) ;
#1612 = LINE ( 'NONE', #3266, #4725 ) ;
#1613 = ORIENTED_EDGE ( 'NONE', *, *, #3191, .T. ) ;
#1614 = CARTESIAN_POINT ( 'NONE',  ( -18.98533287048767804, 25.11536834380910221, -2.771082858396980431 ) ) ;
#1615 = LINE ( 'NONE', #5620, #993 ) ;
#1616 = EDGE_CURVE ( 'NONE', #4782, #3311, #790, .T. ) ;
#1617 = EDGE_CURVE ( 'NONE', #2101, #1516, #199, .T. ) ;
#1618 = DIRECTION ( 'NONE',  ( -0.0000000000000000000, -1.000000000000000000, 0.0000000000000000000 ) ) ;
#1619 = EDGE_CURVE ( 'NONE', #5067, #3728, #3479, .T. ) ;
#1620 = VERTEX_POINT ( 'NONE', #6856 ) ;
#1621 = ORIENTED_EDGE ( 'NONE', *, *, #83, .F. ) ;
#1622 = DIRECTION ( 'NONE',  ( 0.0000000000000000000, 1.000000000000000000, 0.0000000000000000000 ) ) ;
#1623 = ADVANCED_FACE ( 'NONE', ( #5338 ), #4241, .F. ) ;
#1624 = DIRECTION ( 'NONE',  ( 0.0000000000000000000, 0.0000000000000000000, -1.000000000000000000 ) ) ;
#1625 = CARTESIAN_POINT ( 'NONE',  ( -18.33333333333332149, 2.000000000000000000, -20.18021974284602749 ) ) ;
#1626 = ORIENTED_EDGE ( 'NONE', *, *, #7323, .F. ) ;
#1627 = CARTESIAN_POINT ( 'NONE',  ( 13.33011020406693525, 43.54842000298300775, -6.103928412109203450 ) ) ;
#1628 = VERTEX_POINT ( 'NONE', #3790 ) ;
#1629 = DIRECTION ( 'NONE',  ( -0.0000000000000000000, -1.000000000000000000, -0.0000000000000000000 ) ) ;
#1630 = CARTESIAN_POINT ( 'NONE',  ( -14.69677101703649136, 34.52101695607783682, -12.55741995989854054 ) ) ;
#1631 = CARTESIAN_POINT ( 'NONE',  ( -3.000000000000000888, 0.0000000000000000000, 0.0000000000000000000 ) ) ;
#1632 = DIRECTION ( 'NONE',  ( 0.9959378143920024629, -0.08493934816410408928, -0.02988606694662921531 ) ) ;
#1633 = CARTESIAN_POINT ( 'NONE',  ( 0.0000000000000000000, 18.00000000000000000, 4.999999999999999112 ) ) ;
#1634 = FACE_OUTER_BOUND ( 'NONE', #6448, .T. ) ;
#1635 = ORIENTED_EDGE ( 'NONE', *, *, #2577, .T. ) ;
#1636 = DIRECTION ( 'NONE',  ( -0.0000000000000000000, -1.000000000000000000, -0.0000000000000000000 ) ) ;
#1637 = CARTESIAN_POINT ( 'NONE',  ( 4.936519556475045256, -39.38554251786954552, 0.7996461013750484348 ) ) ;
#1638 = CARTESIAN_POINT ( 'NONE',  ( 19.00000000000000000, 1.000000000000000000, -23.81534156157350779 ) ) ;
#1639 = CARTESIAN_POINT ( 'NONE',  ( -17.44810347938429373, 2.000000000000000000, -24.70817160608588381 ) ) ;
#1640 = VERTEX_POINT ( 'NONE', #2585 ) ;
#1641 = AXIS2_PLACEMENT_3D ( 'NONE', #5225, #5823, #5923 ) ;
#1642 = DIRECTION ( 'NONE',  ( 0.0000000000000000000, 0.0000000000000000000, 1.000000000000000000 ) ) ;
#1643 = CARTESIAN_POINT ( 'NONE',  ( 16.93333333333331936, 24.93584164674765447, 5.281263776440504820 ) ) ;
#1644 = LINE ( 'NONE', #6236, #868 ) ;
#1645 = VECTOR ( 'NONE', #3963, 1000.000000000000227 ) ;
#1646 = CARTESIAN_POINT ( 'NONE',  ( -37.00000000000000000, 2.000000000000000000, 13.00000000000000000 ) ) ;
#1647 = ORIENTED_EDGE ( 'NONE', *, *, #4794, .F. ) ;
#1648 = EDGE_CURVE ( 'NONE', #7327, #6409, #4811, .T. ) ;
#1649 = CARTESIAN_POINT ( 'NONE',  ( -13.72999097332044194, 44.88806942018176471, 4.260873571565183759 ) ) ;
#1650 = CARTESIAN_POINT ( 'NONE',  ( 4.923415131706733838, -40.50455390768965458, -0.8732690104540826725 ) ) ;
#1651 = DIRECTION ( 'NONE',  ( 0.0000000000000000000, 0.0000000000000000000, -1.000000000000000000 ) ) ;
#1652 = DIRECTION ( 'NONE',  ( 1.000000000000000000, 0.0000000000000000000, 0.0000000000000000000 ) ) ;
#1653 = ORIENTED_EDGE ( 'NONE', *, *, #723, .F. ) ;
#1654 = ORIENTED_EDGE ( 'NONE', *, *, #2789, .F. ) ;
#1655 = EDGE_CURVE ( 'NONE', #6079, #4645, #5395, .T. ) ;
#1656 = CYLINDRICAL_SURFACE ( 'NONE', #6543, 3.500000000000003109 ) ;
#1657 =( BOUNDED_CURVE ( )  B_SPLINE_CURVE ( 3, ( #2619, #3694, #7152, #7050 ),
 .UNSPECIFIED., .F., .F. ) 
 B_SPLINE_CURVE_WITH_KNOTS ( ( 4, 4 ),
 ( 1.485777232142808879, 1.656364516329523973 ),
 .UNSPECIFIED. ) 
 CURVE ( )  GEOMETRIC_REPRESENTATION_ITEM ( )  RATIONAL_B_SPLINE_CURVE ( ( 1.000000000000000000, 0.9975764680081076197, 0.9975764680081076197, 1.000000000000000000 ) ) 
 REPRESENTATION_ITEM ( '' )  );
#1658 = CARTESIAN_POINT ( 'NONE',  ( 15.00138125790372712, 43.95476500490526206, 5.819780257153957415 ) ) ;
#1659 = CARTESIAN_POINT ( 'NONE',  ( 17.21450399055210312, 24.96044089177042835, -15.92132635289559417 ) ) ;
#1660 = ORIENTED_EDGE ( 'NONE', *, *, #6741, .F. ) ;
#1661 = CARTESIAN_POINT ( 'NONE',  ( 13.81862330540317707, 34.36617582146947569, -12.61190109985333763 ) ) ;
#1662 = ORIENTED_EDGE ( 'NONE', *, *, #4842, .F. ) ;
#1663 = EDGE_CURVE ( 'NONE', #3558, #5543, #4082, .T. ) ;
#1664 = CARTESIAN_POINT ( 'NONE',  ( 9.000000000000001776, 2.000000000000000000, 2.229670385730950333 ) ) ;
#1665 = ADVANCED_FACE ( 'NONE', ( #2618 ), #4926, .F. ) ;
#1666 = LINE ( 'NONE', #5789, #4277 ) ;
#1667 = CIRCLE ( 'NONE', #4132, 0.9999999999999996669 ) ;
#1668 = DIRECTION ( 'NONE',  ( 0.0000000000000000000, 0.0000000000000000000, 1.000000000000000000 ) ) ;
#1669 = AXIS2_PLACEMENT_3D ( 'NONE', #5936, #4824, #7157 ) ;
#1670 = CARTESIAN_POINT ( 'NONE',  ( 17.00000000000000000, 2.000000000000000000, 33.50000000000000000 ) ) ;
#1671 = ORIENTED_EDGE ( 'NONE', *, *, #3103, .T. ) ;
#1672 = DIRECTION ( 'NONE',  ( 0.0000000000000000000, 0.9433123908373908240, -0.3319062115909337529 ) ) ;
#1673 = CARTESIAN_POINT ( 'NONE',  ( 8.999999999999998224, 1.000000000000000000, -23.77032961426903768 ) ) ;
#1674 = DIRECTION ( 'NONE',  ( 0.0000000000000000000, 1.000000000000000000, 0.0000000000000000000 ) ) ;
#1675 = FILL_AREA_STYLE ('',( #7170 ) ) ;
#1676 = AXIS2_PLACEMENT_3D ( 'NONE', #1990, #4807, #1470 ) ;
#1677 = AXIS2_PLACEMENT_3D ( 'NONE', #1084, #2775, #4390 ) ;
#1678 = EDGE_LOOP ( 'NONE', ( #5232, #6506, #4614, #859 ) ) ;
#1679 = AXIS2_PLACEMENT_3D ( 'NONE', #1631, #7305, #3731 ) ;
#1680 = DIRECTION ( 'NONE',  ( 0.0000000000000000000, 0.0000000000000000000, -1.000000000000000000 ) ) ;
#1681 = SURFACE_SIDE_STYLE ('',( #2269 ) ) ;
#1682 = DIRECTION ( 'NONE',  ( -1.000000000000000000, 0.0000000000000000000, 0.0000000000000000000 ) ) ;
#1683 = CARTESIAN_POINT ( 'NONE',  ( 2.000000000000000888, 17.99999999999999645, 0.0000000000000000000 ) ) ;
#1684 = AXIS2_PLACEMENT_3D ( 'NONE', #5104, #4991, #592 ) ;
#1685 = EDGE_LOOP ( 'NONE', ( #7288, #7133, #1942, #4359 ) ) ;
#1686 = EDGE_LOOP ( 'NONE', ( #1828, #2259, #2801, #4894, #1223, #2765, #5661, #4194 ) ) ;
#1687 = CARTESIAN_POINT ( 'NONE',  ( -17.49999999999999289, 2.365910802316770756, 23.90117044822479642 ) ) ;
#1688 = LINE ( 'NONE', #1846, #2382 ) ;
#1689 = TOROIDAL_SURFACE ( 'NONE', #3098, 16.99999999999999289, 1.000000000000000000 ) ;
#1690 = ORIENTED_EDGE ( 'NONE', *, *, #6926, .F. ) ;
#1691 = VERTEX_POINT ( 'NONE', #7150 ) ;
#1692 = CIRCLE ( 'NONE', #2034, 22.50000000000000711 ) ;
#1693 = TOROIDAL_SURFACE ( 'NONE', #2753, 22.09501243788790958, 1.000000000000000000 ) ;
#1694 = CARTESIAN_POINT ( 'NONE',  ( 0.0000000000000000000, 19.99999999999999645, -5.999999999999999112 ) ) ;
#1695 = CARTESIAN_POINT ( 'NONE',  ( 15.29805563633783727, 34.62703965754568003, -12.52011567604874820 ) ) ;
#1696 = EDGE_CURVE ( 'NONE', #4312, #5250, #1606, .T. ) ;
#1697 = CIRCLE ( 'NONE', #5855, 22.50000000000000711 ) ;
#1698 = CIRCLE ( 'NONE', #7035, 10.00000000000000178 ) ;
#1699 = DIRECTION ( 'NONE',  ( 0.0000000000000000000, 0.0000000000000000000, -1.000000000000000000 ) ) ;
#1700 = ORIENTED_EDGE ( 'NONE', *, *, #2789, .T. ) ;
#1701 = CYLINDRICAL_SURFACE ( 'NONE', #1475, 10.00000000000000178 ) ;
#1702 = ORIENTED_EDGE ( 'NONE', *, *, #7324, .F. ) ;
#1703 = DIRECTION ( 'NONE',  ( -1.000000000000000000, -0.0000000000000000000, -0.0000000000000000000 ) ) ;
#1704 = CARTESIAN_POINT ( 'NONE',  ( 18.70948743324782626, 25.09123499516525868, 4.841879378089642749 ) ) ;
#1705 =( BOUNDED_CURVE ( )  B_SPLINE_CURVE ( 3, ( #5574, #7249, #3930, #507 ),
 .UNSPECIFIED., .F., .F. ) 
 B_SPLINE_CURVE_WITH_KNOTS ( ( 4, 4 ),
 ( 5.915977286621749265, 6.236283792078864074 ),
 .UNSPECIFIED. ) 
 CURVE ( )  GEOMETRIC_REPRESENTATION_ITEM ( )  RATIONAL_B_SPLINE_CURVE ( ( 1.000000000000000000, 0.9914685705550955186, 0.9914685705550955186, 1.000000000000000000 ) ) 
 REPRESENTATION_ITEM ( '' )  );
#1706 = EDGE_CURVE ( 'NONE', #2121, #6225, #544, .T. ) ;
#1707 = CARTESIAN_POINT ( 'NONE',  ( -13.82495472154807459, 45.30027946877911660, 3.632447698672117031 ) ) ;
#1708 = CIRCLE ( 'NONE', #6795, 3.500000000000003109 ) ;
#1709 = ADVANCED_FACE ( 'NONE', ( #7113 ), #4531, .T. ) ;
#1710 = ADVANCED_FACE ( 'NONE', ( #4818 ), #5440, .T. ) ;
#1711 =( GEOMETRIC_REPRESENTATION_CONTEXT ( 3 ) GLOBAL_UNCERTAINTY_ASSIGNED_CONTEXT ( ( #5858 ) ) GLOBAL_UNIT_ASSIGNED_CONTEXT ( ( #786, #4849, #7042 ) ) REPRESENTATION_CONTEXT ( 'NONE', 'WORKASPACE' ) );
#1712 = DIRECTION ( 'NONE',  ( 0.0000000000000000000, 0.0000000000000000000, -1.000000000000000000 ) ) ;
#1713 = ORIENTED_EDGE ( 'NONE', *, *, #5781, .F. ) ;
#1714 = CARTESIAN_POINT ( 'NONE',  ( 13.69331014310443884, 44.66133312578841696, 4.609891926147798635 ) ) ;
#1715 = DIRECTION ( 'NONE',  ( -0.0000000000000000000, -1.000000000000000000, -0.0000000000000000000 ) ) ;
#1716 = CARTESIAN_POINT ( 'NONE',  ( 16.00000000000000000, 2.000000000000000000, 29.00000000000000000 ) ) ;
#1717 = CYLINDRICAL_SURFACE ( 'NONE', #2576, 2.499999999999998668 ) ;
#1718 = EDGE_CURVE ( 'NONE', #1303, #6286, #189, .T. ) ;
#1719 = CARTESIAN_POINT ( 'NONE',  ( 17.50000000000000000, 2.000000000000000000, -2.229670385730951221 ) ) ;
#1720 = ORIENTED_EDGE ( 'NONE', *, *, #680, .T. ) ;
#1721 = CIRCLE ( 'NONE', #1378, 2.499999999999998668 ) ;
#1722 = FACE_OUTER_BOUND ( 'NONE', #5600, .T. ) ;
#1723 = SURFACE_STYLE_USAGE ( .BOTH. , #4522 ) ;
#1724 = EDGE_CURVE ( 'NONE', #4763, #4717, #935, .T. ) ;
#1725 = EDGE_CURVE ( 'NONE', #587, #7327, #6522, .T. ) ;
#1726 = CARTESIAN_POINT ( 'NONE',  ( 16.21813341007600684, 32.25524524269018656, -0.8380755883644852577 ) ) ;
#1727 = CARTESIAN_POINT ( 'NONE',  ( -8.999999999999998224, 0.0000000000000000000, 23.77032961426903768 ) ) ;
#1728 = AXIS2_PLACEMENT_3D ( 'NONE', #3703, #5383, #4827 ) ;
#1729 = ORIENTED_EDGE ( 'NONE', *, *, #3457, .T. ) ;
#1730 = VERTEX_POINT ( 'NONE', #407 ) ;
#1731 = CARTESIAN_POINT ( 'NONE',  ( 16.00000000000000000, 2.000000000000000000, 26.50000000000000355 ) ) ;
#1732 = CYLINDRICAL_SURFACE ( 'NONE', #6093, 21.50000000000002487 ) ;
#1733 = CIRCLE ( 'NONE', #1852, 4.000000000000000000 ) ;
#1734 = VECTOR ( 'NONE', #4532, 1000.000000000000227 ) ;
#1735 = VERTEX_POINT ( 'NONE', #2171 ) ;
#1736 = EDGE_LOOP ( 'NONE', ( #3973, #6890 ) ) ;
#1737 = VECTOR ( 'NONE', #395, 1000.000000000000114 ) ;
#1738 = DIRECTION ( 'NONE',  ( 0.0000000000000000000, 0.0000000000000000000, -1.000000000000000000 ) ) ;
#1739 = DIRECTION ( 'NONE',  ( 0.0000000000000000000, -1.224646799147353454E-16, 1.000000000000000000 ) ) ;
#1740 = FACE_OUTER_BOUND ( 'NONE', #462, .T. ) ;
#1741 = ORIENTED_EDGE ( 'NONE', *, *, #3376, .T. ) ;
#1742 = SURFACE_STYLE_FILL_AREA ( #2912 ) ;
#1743 = EDGE_LOOP ( 'NONE', ( #6492, #806, #1343, #2781 ) ) ;
#1744 = CARTESIAN_POINT ( 'NONE',  ( -14.99105099730611812, 27.98942384563162378, 14.85557309135184134 ) ) ;
#1745 = CARTESIAN_POINT ( 'NONE',  ( -18.88894987492136934, 25.51216261772496097, -3.143581481232740504 ) ) ;
#1746 = LINE ( 'NONE', #6257, #1098 ) ;
#1747 = EDGE_CURVE ( 'NONE', #6409, #6489, #552, .T. ) ;
#1748 = CARTESIAN_POINT ( 'NONE',  ( -15.87678109189359610, 1.000000000000000000, -33.31487243864258829 ) ) ;
#1749 = CARTESIAN_POINT ( 'NONE',  ( 13.72999097332106189, 44.88806942018183577, 4.260873571565201523 ) ) ;
#1750 = ORIENTED_EDGE ( 'NONE', *, *, #234, .T. ) ;
#1751 = CARTESIAN_POINT ( 'NONE',  ( -16.93333333333332646, 11.32569704883094808, -20.71873622355948186 ) ) ;
#1752 = ORIENTED_EDGE ( 'NONE', *, *, #1577, .T. ) ;
#1753 = DIRECTION ( 'NONE',  ( -0.0000000000000000000, -1.000000000000000000, -0.0000000000000000000 ) ) ;
#1754 = LINE ( 'NONE', #1164, #3314 ) ;
#1755 = LINE ( 'NONE', #164, #813 ) ;
#1756 = EDGE_CURVE ( 'NONE', #4424, #7193, #3931, .T. ) ;
#1757 = EDGE_CURVE ( 'NONE', #2192, #2441, #770, .T. ) ;
#1758 = LINE ( 'NONE', #3196, #4770 ) ;
#1759 = ORIENTED_EDGE ( 'NONE', *, *, #3325, .F. ) ;
#1760 = DIRECTION ( 'NONE',  ( 0.1736481776669309696, 0.9848077530122080203, 0.0000000000000000000 ) ) ;
#1761 = AXIS2_PLACEMENT_3D ( 'NONE', #6788, #1249, #3491 ) ;
#1762 = VERTEX_POINT ( 'NONE', #5662 ) ;
#1763 = DIRECTION ( 'NONE',  ( -1.000000000000000000, 0.0000000000000000000, 0.0000000000000000000 ) ) ;
#1764 = DIRECTION ( 'NONE',  ( -0.0000000000000000000, 1.000000000000000000, -0.0000000000000000000 ) ) ;
#1765 = EDGE_CURVE ( 'NONE', #5341, #7207, #430, .T. ) ;
#1766 = ORIENTED_EDGE ( 'NONE', *, *, #5258, .T. ) ;
#1767 = ADVANCED_FACE ( 'NONE', ( #5101 ), #2246, .F. ) ;
#1768 = AXIS2_PLACEMENT_3D ( 'NONE', #1083, #3284, #3797 ) ;
#1769 = ADVANCED_FACE ( 'NONE', ( #6732 ), #5627, .T. ) ;
#1770 = EDGE_LOOP ( 'NONE', ( #4088, #1988, #3844, #551 ) ) ;
#1771 = DIRECTION ( 'NONE',  ( 1.000000000000000000, 0.0000000000000000000, 0.0000000000000000000 ) ) ;
#1772 = CARTESIAN_POINT ( 'NONE',  ( -17.54217882118008376, 24.74621057434748295, -2.229670385730951221 ) ) ;
#1773 = VECTOR ( 'NONE', #7318, 1000.000000000000000 ) ;
#1774 = ITEM_DEFINED_TRANSFORMATION ( 'NONE', 'NONE', #4913,  #3712 ) ;
#1775 = ORIENTED_EDGE ( 'NONE', *, *, #3823, .F. ) ;
#1776 = ORIENTED_EDGE ( 'NONE', *, *, #7240, .F. ) ;
#1777 = DIRECTION ( 'NONE',  ( -6.413119686690143587E-16, 0.0000000000000000000, -1.000000000000000000 ) ) ;
#1778 = DIRECTION ( 'NONE',  ( 0.0000000000000000000, 0.0000000000000000000, 1.000000000000000000 ) ) ;
#1779 = ORIENTED_EDGE ( 'NONE', *, *, #449, .T. ) ;
#1780 = EDGE_LOOP ( 'NONE', ( #2544, #137, #4092, #3695, #282 ) ) ;
#1781 = LINE ( 'NONE', #5705, #6125 ) ;
#1782 = DIRECTION ( 'NONE',  ( 0.0000000000000000000, 0.0000000000000000000, 1.000000000000000000 ) ) ;
#1783 = ORIENTED_EDGE ( 'NONE', *, *, #2793, .T. ) ;
#1784 = CARTESIAN_POINT ( 'NONE',  ( -10.00000000000000178, 0.0000000000000000000, 0.0000000000000000000 ) ) ;
#1785 = CARTESIAN_POINT ( 'NONE',  ( 0.0000000000000000000, -18.00000000000000000, -3.999999999999999112 ) ) ;
#1786 = FACE_OUTER_BOUND ( 'NONE', #958, .T. ) ;
#1787 = VERTEX_POINT ( 'NONE', #1694 ) ;
#1788 = DIRECTION ( 'NONE',  ( 0.0000000000000000000, 0.0000000000000000000, 1.000000000000000000 ) ) ;
#1789 = ORIENTED_EDGE ( 'NONE', *, *, #3268, .F. ) ;
#1790 = DIRECTION ( 'NONE',  ( 0.0000000000000000000, 1.000000000000000000, 0.0000000000000000000 ) ) ;
#1791 = AXIS2_PLACEMENT_3D ( 'NONE', #5455, #7167, #2082 ) ;
#1792 = CARTESIAN_POINT ( 'NONE',  ( 17.49925240592942188, 2.293778604851184788, -23.97164779902919207 ) ) ;
#1793 = DIRECTION ( 'NONE',  ( 0.0000000000000000000, 0.0000000000000000000, 1.000000000000000000 ) ) ;
#1794 = DIRECTION ( 'NONE',  ( 0.0000000000000000000, -1.000000000000000000, -0.0000000000000000000 ) ) ;
#1795 = ORIENTED_EDGE ( 'NONE', *, *, #1927, .T. ) ;
#1796 = DIRECTION ( 'NONE',  ( -0.0000000000000000000, -1.000000000000000000, -0.0000000000000000000 ) ) ;
#1797 = AXIS2_PLACEMENT_3D ( 'NONE', #5236, #163, #2413 ) ;
#1798 = PRESENTATION_STYLE_ASSIGNMENT (( #6832 ) ) ;
#1799 = EDGE_CURVE ( 'NONE', #6990, #5774, #1196, .T. ) ;
#1800 = CARTESIAN_POINT ( 'NONE',  ( 18.33333333333332149, 12.85621757296392609, 20.18021974284602749 ) ) ;
#1801 = ORIENTED_EDGE ( 'NONE', *, *, #5659, .T. ) ;
#1802 = CARTESIAN_POINT ( 'NONE',  ( 0.0000000000000000000, 0.0000000000000000000, 0.0000000000000000000 ) ) ;
#1803 = CARTESIAN_POINT ( 'NONE',  ( -17.50000000000000000, 2.000000000000000000, -2.229670385730951221 ) ) ;
#1804 = CIRCLE ( 'NONE', #5940, 6.999999999999998224 ) ;
#1805 = ORIENTED_EDGE ( 'NONE', *, *, #2155, .F. ) ;
#1806 = EDGE_CURVE ( 'NONE', #7263, #427, #4381, .T. ) ;
#1807 = ORIENTED_EDGE ( 'NONE', *, *, #2799, .F. ) ;
#1808 = CARTESIAN_POINT ( 'NONE',  ( 29.00000000000000000, 0.0000000000000000000, 23.81534156157350068 ) ) ;
#1809 = CARTESIAN_POINT ( 'NONE',  ( 19.00000000000000355, 24.67907091749999182, 2.229670385730948556 ) ) ;
#1810 = ADVANCED_FACE ( 'NONE', ( #5512 ), #1656, .T. ) ;
#1811 = EDGE_CURVE ( 'NONE', #6822, #3655, #4884, .T. ) ;
#1812 = ORIENTED_EDGE ( 'NONE', *, *, #7057, .T. ) ;
#1813 = ORIENTED_EDGE ( 'NONE', *, *, #3688, .T. ) ;
#1814 = AXIS2_PLACEMENT_3D ( 'NONE', #1172, #2859, #2233 ) ;
#1815 = CARTESIAN_POINT ( 'NONE',  ( -15.29805563633783727, 34.62703965754568003, -12.52011567604874820 ) ) ;
#1816 = EDGE_CURVE ( 'NONE', #1843, #7166, #7146, .T. ) ;
#1817 = CARTESIAN_POINT ( 'NONE',  ( -37.00000000000000000, 2.000000000000000000, -13.00000000000000000 ) ) ;
#1818 = EDGE_LOOP ( 'NONE', ( #6326, #5138, #5491, #394 ) ) ;
#1819 = AXIS2_PLACEMENT_3D ( 'NONE', #7169, #2568, #5423 ) ;
#1820 = VERTEX_POINT ( 'NONE', #6098 ) ;
#1821 = AXIS2_PLACEMENT_3D ( 'NONE', #1530, #4325, #2707 ) ;
#1822 = EDGE_LOOP ( 'NONE', ( #1883, #4002, #6870, #4724, #472, #2911, #5518, #3004 ) ) ;
#1823 = CARTESIAN_POINT ( 'NONE',  ( -16.38287855762947842, 31.32092908250001884, 2.229670385730948556 ) ) ;
#1824 = CARTESIAN_POINT ( 'NONE',  ( -16.59610377130343295, 29.27632790026990506, -3.794404404899261340 ) ) ;
#1825 = TOROIDAL_SURFACE ( 'NONE', #3810, 11.00000000000000000, 1.000000000000000000 ) ;
#1826 = CIRCLE ( 'NONE', #1676, 10.00000000000000178 ) ;
#1827 = DIRECTION ( 'NONE',  ( 0.0000000000000000000, 1.000000000000000000, 0.0000000000000000000 ) ) ;
#1828 = ORIENTED_EDGE ( 'NONE', *, *, #6081, .F. ) ;
#1829 = CARTESIAN_POINT ( 'NONE',  ( -17.00000000000000000, 2.000000000000000000, 30.00000000000000000 ) ) ;
#1830 = ORIENTED_EDGE ( 'NONE', *, *, #5522, .T. ) ;
#1831 = DIRECTION ( 'NONE',  ( 0.0000000000000000000, 0.0000000000000000000, 1.000000000000000000 ) ) ;
#1832 = DIRECTION ( 'NONE',  ( 0.0000000000000000000, 0.0000000000000000000, 1.000000000000000000 ) ) ;
#1833 = DIRECTION ( 'NONE',  ( 1.000000000000000000, -0.0000000000000000000, -0.0000000000000000000 ) ) ;
#1834 = AXIS2_PLACEMENT_3D ( 'NONE', #6531, #1405, #6389 ) ;
#1835 = PRESENTATION_STYLE_ASSIGNMENT (( #3599 ) ) ;
#1836 = ORIENTED_EDGE ( 'NONE', *, *, #5955, .T. ) ;
#1837 = DIRECTION ( 'NONE',  ( 0.0000000000000000000, 1.000000000000000000, -0.0000000000000000000 ) ) ;
#1838 = VECTOR ( 'NONE', #5589, 1000.000000000000000 ) ;
#1839 = DIRECTION ( 'NONE',  ( 0.0000000000000000000, 0.0000000000000000000, 1.000000000000000000 ) ) ;
#1840 = CARTESIAN_POINT ( 'NONE',  ( -17.49065276715009176, 24.98460077916930544, -2.628187120243466790 ) ) ;
#1841 = CARTESIAN_POINT ( 'NONE',  ( -15.87678109189359610, 2.000000000000000000, -33.31487243864258829 ) ) ;
#1842 = ORIENTED_EDGE ( 'NONE', *, *, #2954, .F. ) ;
#1843 = VERTEX_POINT ( 'NONE', #1115 ) ;
#1844 = ADVANCED_FACE ( 'NONE', ( #3277 ), #1825, .T. ) ;
#1845 = CARTESIAN_POINT ( 'NONE',  ( -18.00000000000000000, 0.0000000000000000000, -23.77032961426903057 ) ) ;
#1846 = CARTESIAN_POINT ( 'NONE',  ( -19.00000000000000000, 0.0000000000000000000, 23.81534156157350779 ) ) ;
#1847 = VECTOR ( 'NONE', #4063, 1000.000000000000000 ) ;
#1848 = EDGE_LOOP ( 'NONE', ( #2145, #7128, #6355, #6441 ) ) ;
#1849 = ORIENTED_EDGE ( 'NONE', *, *, #5297, .T. ) ;
#1850 = EDGE_CURVE ( 'NONE', #5916, #5864, #1698, .T. ) ;
#1851 = EDGE_CURVE ( 'NONE', #6354, #2950, #1584, .T. ) ;
#1852 = AXIS2_PLACEMENT_3D ( 'NONE', #763, #1289, #5802 ) ;
#1853 = CARTESIAN_POINT ( 'NONE',  ( 9.999999999999998224, 0.0000000000000000000, 0.0000000000000000000 ) ) ;
#1854 = DIRECTION ( 'NONE',  ( -0.0000000000000000000, -1.000000000000000000, 0.0000000000000000000 ) ) ;
#1855 = ORIENTED_EDGE ( 'NONE', *, *, #4094, .F. ) ;
#1856 = DIRECTION ( 'NONE',  ( 0.4581228472908513982, 0.0000000000000000000, -0.8888888888888889506 ) ) ;
#1857 = EDGE_LOOP ( 'NONE', ( #5847, #2350 ) ) ;
#1858 = CARTESIAN_POINT ( 'NONE',  ( 19.00000000000000000, 2.000000000000000000, 23.77032961426903057 ) ) ;
#1859 = ORIENTED_EDGE ( 'NONE', *, *, #4836, .T. ) ;
#1860 = DIRECTION ( 'NONE',  ( 0.0000000000000000000, 0.0000000000000000000, -1.000000000000000000 ) ) ;
#1861 = EDGE_CURVE ( 'NONE', #5771, #512, #2760, .T. ) ;
#1862 = CARTESIAN_POINT ( 'NONE',  ( -19.00000000000000000, 2.524818719738453510, -23.81534156157350779 ) ) ;
#1863 = CARTESIAN_POINT ( 'NONE',  ( 13.74026056903632487, 44.88921036392232367, 4.261290993643019220 ) ) ;
#1864 = VERTEX_POINT ( 'NONE', #3582 ) ;
#1865 = DIRECTION ( 'NONE',  ( -0.0000000000000000000, -1.000000000000000000, -0.0000000000000000000 ) ) ;
#1866 = ORIENTED_EDGE ( 'NONE', *, *, #3375, .T. ) ;
#1867 = FACE_OUTER_BOUND ( 'NONE', #2866, .T. ) ;
#1868 = LINE ( 'NONE', #3528, #2967 ) ;
#1869 = FACE_OUTER_BOUND ( 'NONE', #257, .T. ) ;
#1870 = SURFACE_STYLE_FILL_AREA ( #1252 ) ;
#1871 = VERTEX_POINT ( 'NONE', #223 ) ;
#1872 = DIRECTION ( 'NONE',  ( 0.0000000000000000000, 0.0000000000000000000, 1.000000000000000000 ) ) ;
#1873 = CARTESIAN_POINT ( 'NONE',  ( 6.123233995736765296E-16, 19.00000000000000000, -4.999999999999999112 ) ) ;
#1874 = DIRECTION ( 'NONE',  ( -1.000000000000000000, -0.0000000000000000000, -0.0000000000000000000 ) ) ;
#1875 = CARTESIAN_POINT ( 'NONE',  ( -17.00000000000000000, 1.000000000000000000, 33.50000000000000000 ) ) ;
#1876 = DIRECTION ( 'NONE',  ( 1.734723475976807094E-15, 0.0000000000000000000, 1.000000000000000000 ) ) ;
#1877 = ORIENTED_EDGE ( 'NONE', *, *, #4449, .T. ) ;
#1878 = VERTEX_POINT ( 'NONE', #4050 ) ;
#1879 = VECTOR ( 'NONE', #6040, 1000.000000000000000 ) ;
#1880 = CARTESIAN_POINT ( 'NONE',  ( 15.00138125790372712, 43.95476500490526206, 5.819780257153957415 ) ) ;
#1881 = DIRECTION ( 'NONE',  ( 0.0000000000000000000, 0.0000000000000000000, 1.000000000000000000 ) ) ;
#1882 = PRESENTATION_LAYER_ASSIGNMENT (  '', '', ( #3981 ) ) ;
#1883 = ORIENTED_EDGE ( 'NONE', *, *, #4825, .F. ) ;
#1884 = VERTEX_POINT ( 'NONE', #1304 ) ;
#1885 = CARTESIAN_POINT ( 'NONE',  ( -17.39999999999999503, 0.0000000000000000000, 20.53923072998832922 ) ) ;
#1886 = AXIS2_PLACEMENT_3D ( 'NONE', #7286, #3304, #1446 ) ;
#1887 = EDGE_CURVE ( 'NONE', #606, #1027, #3704, .T. ) ;
#1888 = DIRECTION ( 'NONE',  ( 0.0000000000000000000, 1.000000000000000000, 0.0000000000000000000 ) ) ;
#1889 = ORIENTED_EDGE ( 'NONE', *, *, #3957, .F. ) ;
#1890 = DIRECTION ( 'NONE',  ( -0.0000000000000000000, 0.0000000000000000000, 1.000000000000000000 ) ) ;
#1891 = EDGE_LOOP ( 'NONE', ( #1654, #2479, #3207, #1468 ) ) ;
#1892 = CARTESIAN_POINT ( 'NONE',  ( 17.44810347938429373, 2.000000000000000000, -24.70817160608588381 ) ) ;
#1893 = VERTEX_POINT ( 'NONE', #1885 ) ;
#1894 = CARTESIAN_POINT ( 'NONE',  ( -19.00393604806291492, 2.186979448668730619, -24.10616948198138232 ) ) ;
#1895 = EDGE_CURVE ( 'NONE', #5870, #5767, #4439, .T. ) ;
#1896 = ADVANCED_FACE ( 'NONE', ( #3545 ), #3970, .F. ) ;
#1897 = DIRECTION ( 'NONE',  ( 0.0000000000000000000, -0.0000000000000000000, 1.000000000000000000 ) ) ;
#1898 = VERTEX_POINT ( 'NONE', #4122 ) ;
#1899 = DIRECTION ( 'NONE',  ( 0.0000000000000000000, 1.000000000000000000, 0.0000000000000000000 ) ) ;
#1900 = EDGE_LOOP ( 'NONE', ( #293, #7220, #3054, #6203 ) ) ;
#1901 = FACE_OUTER_BOUND ( 'NONE', #4078, .T. ) ;
#1902 = DIRECTION ( 'NONE',  ( -0.0000000000000000000, -1.000000000000000000, -0.0000000000000000000 ) ) ;
#1903 = CARTESIAN_POINT ( 'NONE',  ( 36.74593000491812944, 28.13235003885263552, -13.00000000000000000 ) ) ;
#1904 = CARTESIAN_POINT ( 'NONE',  ( -11.97331907960222530, 2.000000000000000000, -32.78593654904997834 ) ) ;
#1905 = B_SPLINE_CURVE_WITH_KNOTS ( 'NONE', 3,
 ( #6698, #1627, #7301, #6216, #3869, #3905, #5632, #3319, #6614, #4994, #6140, #1661 ),
 .UNSPECIFIED., .F., .F.,
 ( 4, 2, 2, 2, 2, 4 ),
 ( 0.0000000000000000000, 0.003107447900044236783, 0.004661171850066354524, 0.006214895800088472699, 0.009322343700132707314, 0.01242979160017694193 ),
 .UNSPECIFIED. ) ;
#1906 = FACE_OUTER_BOUND ( 'NONE', #622, .T. ) ;
#1907 = AXIS2_PLACEMENT_3D ( 'NONE', #1566, #56, #1092 ) ;
#1908 = DIRECTION ( 'NONE',  ( -1.000000000000000000, -0.0000000000000000000, -0.0000000000000000000 ) ) ;
#1909 = DIRECTION ( 'NONE',  ( 0.0000000000000000000, 0.0000000000000000000, -1.000000000000000000 ) ) ;
#1910 = DIRECTION ( 'NONE',  ( 0.0000000000000000000, 0.0000000000000000000, 1.000000000000000000 ) ) ;
#1911 = ORIENTED_EDGE ( 'NONE', *, *, #6081, .T. ) ;
#1912 = VECTOR ( 'NONE', #5045, 1000.000000000000000 ) ;
#1913 = ORIENTED_EDGE ( 'NONE', *, *, #1569, .T. ) ;
#1914 = DIRECTION ( 'NONE',  ( -0.1736481776669309418, 0.9848077530122079093, 0.0000000000000000000 ) ) ;
#1915 = CARTESIAN_POINT ( 'NONE',  ( 17.54217882118008021, 24.74621057434748295, 2.229670385730948556 ) ) ;
#1916 = AXIS2_PLACEMENT_3D ( 'NONE', #2962, #5904, #760 ) ;
#1917 = VERTEX_POINT ( 'NONE', #6247 ) ;
#1918 = FACE_OUTER_BOUND ( 'NONE', #2292, .T. ) ;
#1919 = UNCERTAINTY_MEASURE_WITH_UNIT (LENGTH_MEASURE( 1.000000000000000082E-05 ), #2231, 'distance_accuracy_value', 'NONE');
#1920 = DIRECTION ( 'NONE',  ( 0.0000000000000000000, -1.000000000000000000, 0.0000000000000000000 ) ) ;
#1921 = PRESENTATION_STYLE_ASSIGNMENT (( #848 ) ) ;
#1922 = ORIENTED_EDGE ( 'NONE', *, *, #1655, .T. ) ;
#1923 = FACE_OUTER_BOUND ( 'NONE', #5085, .T. ) ;
#1924 = ORIENTED_EDGE ( 'NONE', *, *, #780, .F. ) ;
#1925 = AXIS2_PLACEMENT_3D ( 'NONE', #823, #3068, #4311 ) ;
#1926 = CARTESIAN_POINT ( 'NONE',  ( -16.41525833495223097, 31.13729424004628754, -2.503180897763436885 ) ) ;
#1927 = EDGE_CURVE ( 'NONE', #3550, #2786, #4679, .T. ) ;
#1928 = AXIS2_PLACEMENT_3D ( 'NONE', #4165, #1443, #4202 ) ;
#1929 = TOROIDAL_SURFACE ( 'NONE', #1576, 9.000000000000001776, 1.000000000000000000 ) ;
#1930 = CARTESIAN_POINT ( 'NONE',  ( 18.36285194869025261, 24.89091738906992646, -5.819780257153954750 ) ) ;
#1931 = ORIENTED_EDGE ( 'NONE', *, *, #7104, .T. ) ;
#1932 = VERTEX_POINT ( 'NONE', #5264 ) ;
#1933 = CARTESIAN_POINT ( 'NONE',  ( -4.923439707147770683, -40.50487641602607880, -0.8731388174908586430 ) ) ;
#1934 = ORIENTED_EDGE ( 'NONE', *, *, #138, .F. ) ;
#1935 = PRESENTATION_STYLE_ASSIGNMENT (( #5311 ) ) ;
#1936 = EDGE_CURVE ( 'NONE', #7031, #4084, #5606, .T. ) ;
#1937 = CARTESIAN_POINT ( 'NONE',  ( -19.00000000000000355, 24.67907091749999537, 2.229670385730950777 ) ) ;
#1938 = CARTESIAN_POINT ( 'NONE',  ( 36.74593000491812944, 28.13235003885263552, 13.00000000000000000 ) ) ;
#1939 =( GEOMETRIC_REPRESENTATION_CONTEXT ( 3 ) GLOBAL_UNCERTAINTY_ASSIGNED_CONTEXT ( ( #1919 ) ) GLOBAL_UNIT_ASSIGNED_CONTEXT ( ( #2231, #5649, #6794 ) ) REPRESENTATION_CONTEXT ( 'NONE', 'WORKASPACE' ) );
#1940 = CARTESIAN_POINT ( 'NONE',  ( -11.00000000000000000, 2.204364238465235033E-15, -17.99999999999999645 ) ) ;
#1941 = CIRCLE ( 'NONE', #5128, 5.999999999999999112 ) ;
#1942 = ORIENTED_EDGE ( 'NONE', *, *, #268, .T. ) ;
#1943 = EDGE_CURVE ( 'NONE', #2304, #5660, #2871, .T. ) ;
#1944 = EDGE_CURVE ( 'NONE', #1427, #6288, #6749, .T. ) ;
#1945 = DIRECTION ( 'NONE',  ( 0.0000000000000000000, 0.0000000000000000000, -1.000000000000000000 ) ) ;
#1946 = CIRCLE ( 'NONE', #6663, 23.09004962809790129 ) ;
#1947 = VERTEX_POINT ( 'NONE', #4010 ) ;
#1948 = DIRECTION ( 'NONE',  ( 0.0000000000000000000, 1.000000000000000000, 0.0000000000000000000 ) ) ;
#1949 = CIRCLE ( 'NONE', #3233, 10.99999999999999645 ) ;
#1950 = CARTESIAN_POINT ( 'NONE',  ( 14.88137838567914173, 1.000000000000000000, 32.78593654904997834 ) ) ;
#1951 = FACE_OUTER_BOUND ( 'NONE', #2032, .T. ) ;
#1952 =( BOUNDED_CURVE ( )  B_SPLINE_CURVE ( 3, ( #6242, #5253, #104, #2276 ),
 .UNSPECIFIED., .F., .F. ) 
 B_SPLINE_CURVE_WITH_KNOTS ( ( 4, 4 ),
 ( 1.203588306237058925, 1.570796326794896558 ),
 .UNSPECIFIED. ) 
 CURVE ( )  GEOMETRIC_REPRESENTATION_ITEM ( )  RATIONAL_B_SPLINE_CURVE ( ( 1.000000000000000000, 0.9887947201667832697, 0.9887947201667832697, 1.000000000000000000 ) ) 
 REPRESENTATION_ITEM ( '' )  );
#1953 = ORIENTED_EDGE ( 'NONE', *, *, #4407, .F. ) ;
#1954 = EDGE_CURVE ( 'NONE', #4079, #7077, #2164, .T. ) ;
#1955 = CARTESIAN_POINT ( 'NONE',  ( 14.88137838567914173, 2.000000000000000000, -32.78593654904997834 ) ) ;
#1956 = AXIS2_PLACEMENT_3D ( 'NONE', #4040, #6839, #5813 ) ;
#1957 = CARTESIAN_POINT ( 'NONE',  ( -17.49065276715009176, 24.98460077916930544, -2.628187120243466790 ) ) ;
#1958 = CIRCLE ( 'NONE', #3602, 4.000000000000000000 ) ;
#1959 = ORIENTED_EDGE ( 'NONE', *, *, #4355, .T. ) ;
#1960 = CARTESIAN_POINT ( 'NONE',  ( 3.000000000000000888, 0.0000000000000000000, 0.0000000000000000000 ) ) ;
#1961 =( GEOMETRIC_REPRESENTATION_CONTEXT ( 3 ) GLOBAL_UNCERTAINTY_ASSIGNED_CONTEXT ( ( #297 ) ) GLOBAL_UNIT_ASSIGNED_CONTEXT ( ( #6623, #6000, #5974 ) ) REPRESENTATION_CONTEXT ( 'NONE', 'WORKASPACE' ) );
#1962 = CARTESIAN_POINT ( 'NONE',  ( 12.66758421158957404, 1.000000000000000000, 32.78593654904997834 ) ) ;
#1963 = VERTEX_POINT ( 'NONE', #2908 ) ;
#1964 = DIRECTION ( 'NONE',  ( -0.0000000000000000000, -0.9433123908373908240, -0.3319062115909337529 ) ) ;
#1965 = VERTEX_POINT ( 'NONE', #6885 ) ;
#1966 = VECTOR ( 'NONE', #1632, 1000.000000000000114 ) ;
#1967 = CARTESIAN_POINT ( 'NONE',  ( -17.96489250603481125, 30.92287463315610552, -2.750219629865096937 ) ) ;
#1968 = ORIENTED_EDGE ( 'NONE', *, *, #6460, .T. ) ;
#1969 = CARTESIAN_POINT ( 'NONE',  ( -17.49999999999999645, 2.000000000000000000, 23.77032961426903412 ) ) ;
#1970 = ORIENTED_EDGE ( 'NONE', *, *, #1228, .T. ) ;
#1971 = ORIENTED_EDGE ( 'NONE', *, *, #5927, .F. ) ;
#1972 = DIRECTION ( 'NONE',  ( 0.0000000000000000000, 1.000000000000000000, 0.0000000000000000000 ) ) ;
#1973 = VERTEX_POINT ( 'NONE', #782 ) ;
#1974 = DIRECTION ( 'NONE',  ( -0.0000000000000000000, -1.000000000000000000, -0.0000000000000000000 ) ) ;
#1975 = EDGE_CURVE ( 'NONE', #3544, #5444, #518, .T. ) ;
#1976 = CARTESIAN_POINT ( 'NONE',  ( -1.734723475976807094E-15, 0.0000000000000000000, 0.0000000000000000000 ) ) ;
#1977 = AXIS2_PLACEMENT_3D ( 'NONE', #1633, #1087, #3877 ) ;
#1978 = B_SPLINE_CURVE_WITH_KNOTS ( 'NONE', 3,
 ( #3998, #5728, #3419, #4451 ),
 .UNSPECIFIED., .F., .F.,
 ( 4, 4 ),
 ( 0.002325734329680626423, 0.003581266945372653908 ),
 .UNSPECIFIED. ) ;
#1979 = CARTESIAN_POINT ( 'NONE',  ( 19.00000000000000000, 2.549466938062150856, 23.81534156157350779 ) ) ;
#1980 = DIRECTION ( 'NONE',  ( 1.000000000000000000, 0.0000000000000000000, 0.0000000000000000000 ) ) ;
#1981 = DIRECTION ( 'NONE',  ( 0.0000000000000000000, 1.000000000000000000, -0.0000000000000000000 ) ) ;
#1982 = CARTESIAN_POINT ( 'NONE',  ( -9.881378385679143506, 2.000000000000000000, 32.78593654904997834 ) ) ;
#1983 = ORIENTED_EDGE ( 'NONE', *, *, #6972, .F. ) ;
#1984 = CARTESIAN_POINT ( 'NONE',  ( -37.00000000000000000, 2.000000000000000000, -13.00000000000000000 ) ) ;
#1985 = ADVANCED_FACE ( 'NONE', ( #4657 ), #6924, .T. ) ;
#1986 = ADVANCED_FACE ( 'NONE', ( #5180 ), #2435, .F. ) ;
#1987 = CARTESIAN_POINT ( 'NONE',  ( -9.000000000000001776, 2.000000000000000000, 2.229670385730950333 ) ) ;
#1988 = ORIENTED_EDGE ( 'NONE', *, *, #4085, .F. ) ;
#1989 = CARTESIAN_POINT ( 'NONE',  ( -17.39999180805041235, 0.0000000000000000000, -5.460766130032691734 ) ) ;
#1990 = CARTESIAN_POINT ( 'NONE',  ( 12.66758421158957404, 1.000000000000000000, 42.78593654904998544 ) ) ;
#1991 = EDGE_CURVE ( 'NONE', #5704, #4632, #6654, .T. ) ;
#1992 = ADVANCED_FACE ( 'NONE', ( #5817 ), #5435, .F. ) ;
#1993 = ORIENTED_EDGE ( 'NONE', *, *, #1851, .T. ) ;
#1994 = CARTESIAN_POINT ( 'NONE',  ( -17.08988112891891831, 24.94953780416136979, -9.052426143634228595 ) ) ;
#1995 = VECTOR ( 'NONE', #2179, 1000.000000000000000 ) ;
#1996 = LINE ( 'NONE', #7076, #6646 ) ;
#1997 = ORIENTED_EDGE ( 'NONE', *, *, #6322, .F. ) ;
#1998 = CARTESIAN_POINT ( 'NONE',  ( 17.97834867060904429, 2.000000000000000000, -24.70758444354991923 ) ) ;
#1999 = ORIENTED_EDGE ( 'NONE', *, *, #4923, .T. ) ;
#2000 =( GEOMETRIC_REPRESENTATION_CONTEXT ( 3 ) GLOBAL_UNCERTAINTY_ASSIGNED_CONTEXT ( ( #955 ) ) GLOBAL_UNIT_ASSIGNED_CONTEXT ( ( #2807, #2877, #7303 ) ) REPRESENTATION_CONTEXT ( 'NONE', 'WORKASPACE' ) );
#2001 = DIRECTION ( 'NONE',  ( 1.000000000000000000, 0.0000000000000000000, -0.0000000000000000000 ) ) ;
#2002 = AXIS2_PLACEMENT_3D ( 'NONE', #3571, #2349, #5810 ) ;
#2003 = DIRECTION ( 'NONE',  ( -1.000000000000000000, -0.0000000000000000000, -0.0000000000000000000 ) ) ;
#2004 = ORIENTED_EDGE ( 'NONE', *, *, #1747, .F. ) ;
#2005 = CARTESIAN_POINT ( 'NONE',  ( -4.936597267844100578, -40.61507303030835914, -0.7991765830870634080 ) ) ;
#2006 = ORIENTED_EDGE ( 'NONE', *, *, #2835, .F. ) ;
#2007 = FILL_AREA_STYLE ('',( #6484 ) ) ;
#2008 = CARTESIAN_POINT ( 'NONE',  ( -18.37893845653138669, 27.72926436288627983, -4.000000000000000000 ) ) ;
#2009 = CARTESIAN_POINT ( 'NONE',  ( 18.16093238817390443, 29.12119798866343245, 3.843114738029226096 ) ) ;
#2010 = DIRECTION ( 'NONE',  ( 0.0000000000000000000, 0.0000000000000000000, 1.000000000000000000 ) ) ;
#2011 = ORIENTED_EDGE ( 'NONE', *, *, #7021, .T. ) ;
#2012 = CARTESIAN_POINT ( 'NONE',  ( -9.000000000000001776, 0.0000000000000000000, 0.0000000000000000000 ) ) ;
#2013 = DIRECTION ( 'NONE',  ( 0.0000000000000000000, 1.000000000000000000, 0.0000000000000000000 ) ) ;
#2014 = EDGE_LOOP ( 'NONE', ( #5280, #6578, #2152, #1613 ) ) ;
#2015 = CARTESIAN_POINT ( 'NONE',  ( 17.39999999999999503, 1.000000000000000000, 20.53923072998832922 ) ) ;
#2016 = CARTESIAN_POINT ( 'NONE',  ( -18.33333333333332504, 25.05832577568395436, 5.819780257153957415 ) ) ;
#2017 = CARTESIAN_POINT ( 'NONE',  ( 4.898587196589411843E-16, -18.00000000000000000, 3.999999999999999112 ) ) ;
#2018 = ORIENTED_EDGE ( 'NONE', *, *, #353, .F. ) ;
#2019 = CARTESIAN_POINT ( 'NONE',  ( 18.98533287048767448, 25.11536834380910221, 2.771082858396979987 ) ) ;
#2020 = ADVANCED_FACE ( 'NONE', ( #3680 ), #3959, .F. ) ;
#2021 = CARTESIAN_POINT ( 'NONE',  ( 13.16497305225975190, 38.97145227561566827, 10.30863842977028710 ) ) ;
#2022 = AXIS2_PLACEMENT_3D ( 'NONE', #283, #4833, #7096 ) ;
#2023 = EDGE_CURVE ( 'NONE', #4974, #1018, #6790, .T. ) ;
#2024 = ORIENTED_EDGE ( 'NONE', *, *, #951, .F. ) ;
#2025 = DIRECTION ( 'NONE',  ( 0.0000000000000000000, 0.0000000000000000000, 1.000000000000000000 ) ) ;
#2026 = ADVANCED_FACE ( 'NONE', ( #1918 ), #1507, .F. ) ;
#2027 = CIRCLE ( 'NONE', #259, 1.000000000000000888 ) ;
#2028 = CARTESIAN_POINT ( 'NONE',  ( -19.03874015565654787, 2.000000000000000000, -24.69471765487524095 ) ) ;
#2029 = SHAPE_REPRESENTATION_RELATIONSHIP ( 'NONE' , 'NONE' ,  #6003, #4536 ) ;
#2030 = ORIENTED_EDGE ( 'NONE', *, *, #6284, .F. ) ;
#2031 = DIRECTION ( 'NONE',  ( 0.0000000000000000000, 0.0000000000000000000, 1.000000000000000000 ) ) ;
#2032 = EDGE_LOOP ( 'NONE', ( #802, #3670, #5694, #1971 ) ) ;
#2033 = VECTOR ( 'NONE', #1598, 1000.000000000000000 ) ;
#2034 = AXIS2_PLACEMENT_3D ( 'NONE', #3438, #1124, #634 ) ;
#2035 = CARTESIAN_POINT ( 'NONE',  ( -18.04383091597006228, 30.16412861125901657, -3.379736837630315627 ) ) ;
#2036 = EDGE_CURVE ( 'NONE', #3862, #5870, #206, .T. ) ;
#2037 = CARTESIAN_POINT ( 'NONE',  ( 0.0000000000000000000, -19.99999999999999645, 0.0000000000000000000 ) ) ;
#2038 = ORIENTED_EDGE ( 'NONE', *, *, #1406, .T. ) ;
#2039 = VECTOR ( 'NONE', #1553, 1000.000000000000000 ) ;
#2040 = CARTESIAN_POINT ( 'NONE',  ( -4.904490570560766649, -40.26199513022295662, 0.9739574554013396002 ) ) ;
#2041 = ORIENTED_EDGE ( 'NONE', *, *, #281, .F. ) ;
#2042 = LINE ( 'NONE', #4315, #1995 ) ;
#2043 = CARTESIAN_POINT ( 'NONE',  ( -16.00000000000000000, 2.000000000000000000, 29.00000000000000000 ) ) ;
#2044 = CARTESIAN_POINT ( 'NONE',  ( 18.04383091597006583, 30.16412861125902722, 3.379736837630314295 ) ) ;
#2045 = DIRECTION ( 'NONE',  ( 0.0000000000000000000, 1.000000000000000000, 0.0000000000000000000 ) ) ;
#2046 = CARTESIAN_POINT ( 'NONE',  ( -18.10503729791884808, 29.58379612762614030, 3.687779525940975578 ) ) ;
#2047 = AXIS2_PLACEMENT_3D ( 'NONE', #1802, #2198, #5650 ) ;
#2048 = CARTESIAN_POINT ( 'NONE',  ( 17.07508177017890105, 26.60193979223499738, -3.758397469852326811 ) ) ;
#2049 = ORIENTED_EDGE ( 'NONE', *, *, #4274, .T. ) ;
#2050 = DIRECTION ( 'NONE',  ( -0.0000000000000000000, 1.000000000000000000, -0.0000000000000000000 ) ) ;
#2051 = LINE ( 'NONE', #7066, #3641 ) ;
#2052 = CIRCLE ( 'NONE', #5952, 21.50000000000001066 ) ;
#2053 = CIRCLE ( 'NONE', #4874, 4.000000000000000000 ) ;
#2054 = ORIENTED_EDGE ( 'NONE', *, *, #4093, .F. ) ;
#2055 = LINE ( 'NONE', #4195, #181 ) ;
#2056 = DIRECTION ( 'NONE',  ( -0.0000000000000000000, -1.000000000000000000, -0.0000000000000000000 ) ) ;
#2057 = CIRCLE ( 'NONE', #3348, 10.00000000000000000 ) ;
#2058 = AXIS2_PLACEMENT_3D ( 'NONE', #6283, #5696, #6845 ) ;
#2059 = ORIENTED_EDGE ( 'NONE', *, *, #6012, .T. ) ;
#2060 = ADVANCED_FACE ( 'NONE', ( #5434 ), #6437, .F. ) ;
#2061 = AXIS2_PLACEMENT_3D ( 'NONE', #2749, #5014, #1680 ) ;
#2062 = CARTESIAN_POINT ( 'NONE',  ( 18.50909430422746738, 2.000000000000921041, -24.07442838226461745 ) ) ;
#2063 = PRESENTATION_LAYER_ASSIGNMENT (  '', '', ( #530 ) ) ;
#2064 = ORIENTED_EDGE ( 'NONE', *, *, #5925, .F. ) ;
#2065 = ORIENTED_EDGE ( 'NONE', *, *, #6632, .T. ) ;
#2066 = EDGE_CURVE ( 'NONE', #1509, #1820, #3112, .T. ) ;
#2067 = ADVANCED_FACE ( 'NONE', ( #4200 ), #4174, .T. ) ;
#2068 = DIRECTION ( 'NONE',  ( 0.0000000000000000000, 1.000000000000000000, 0.0000000000000000000 ) ) ;
#2069 = CARTESIAN_POINT ( 'NONE',  ( -19.05020336498722600, 1.999999999999997558, 24.00869726225822376 ) ) ;
#2070 = ORIENTED_EDGE ( 'NONE', *, *, #7229, .F. ) ;
#2071 = CARTESIAN_POINT ( 'NONE',  ( -4.976037072729289079, -40.87370152407034141, -0.5036210506166195477 ) ) ;
#2072 = VERTEX_POINT ( 'NONE', #4769 ) ;
#2073 = CARTESIAN_POINT ( 'NONE',  ( 19.00000000000000000, 1.020738674908150179, -24.34455491068046484 ) ) ;
#2074 = DIRECTION ( 'NONE',  ( -0.9471064110407401149, 0.0000000000000000000, 0.3209196880303996635 ) ) ;
#2075 = ADVANCED_FACE ( 'NONE', ( #1442 ), #2609, .T. ) ;
#2076 = FACE_OUTER_BOUND ( 'NONE', #6975, .T. ) ;
#2077 = CARTESIAN_POINT ( 'NONE',  ( -18.00000000000000355, 1.000000000000000000, 2.229670385730950333 ) ) ;
#2078 = DIRECTION ( 'NONE',  ( 0.0000000000000000000, 0.0000000000000000000, -1.000000000000000000 ) ) ;
#2079 = AXIS2_PLACEMENT_3D ( 'NONE', #3492, #4028, #5350 ) ;
#2080 = CARTESIAN_POINT ( 'NONE',  ( -16.00000000000000000, 2.000000000000000000, 31.50000000000000000 ) ) ;
#2081 = ORIENTED_EDGE ( 'NONE', *, *, #4875, .F. ) ;
#2082 = DIRECTION ( 'NONE',  ( 0.0000000000000000000, 0.0000000000000000000, 1.000000000000000000 ) ) ;
#2083 = CARTESIAN_POINT ( 'NONE',  ( -17.26054899887958882, 24.96446930801104003, -4.430589845054341502 ) ) ;
#2084 = CARTESIAN_POINT ( 'NONE',  ( -15.20015619558170172, 24.78420829531207659, -12.33959630004312658 ) ) ;
#2085 = ORIENTED_EDGE ( 'NONE', *, *, #5699, .F. ) ;
#2086 = CYLINDRICAL_SURFACE ( 'NONE', #5734, 20.00000000000001776 ) ;
#2087 = DIRECTION ( 'NONE',  ( -0.0000000000000000000, -1.000000000000000000, 0.0000000000000000000 ) ) ;
#2088 = ORIENTED_EDGE ( 'NONE', *, *, #260, .F. ) ;
#2089 = CARTESIAN_POINT ( 'NONE',  ( -13.72999097332044194, 44.88806942018176471, -4.260873571565183759 ) ) ;
#2090 = CARTESIAN_POINT ( 'NONE',  ( -29.00000000000000000, 2.000000000000000000, 23.81534156157350068 ) ) ;
#2091 = CARTESIAN_POINT ( 'NONE',  ( 10.00000000000000178, 0.0000000000000000000, 0.0000000000000000000 ) ) ;
#2092 = CARTESIAN_POINT ( 'NONE',  ( 16.38287855762947842, 31.32092908250001884, 2.229670385730948556 ) ) ;
#2093 = VERTEX_POINT ( 'NONE', #5985 ) ;
#2094 = ORIENTED_EDGE ( 'NONE', *, *, #1173, .F. ) ;
#2095 = PRODUCT ( 'Castor wheel', 'Castor wheel', '', ( #7280 ) ) ;
#2096 = B_SPLINE_CURVE_WITH_KNOTS ( 'NONE', 3,
 ( #7143, #3130, #6504, #503 ),
 .UNSPECIFIED., .F., .F.,
 ( 4, 4 ),
 ( 0.0002049155195888244252, 0.0007069860111920576399 ),
 .UNSPECIFIED. ) ;
#2097 = CARTESIAN_POINT ( 'NONE',  ( -17.90601847545810088, 31.32092908250001884, 2.229670385730950333 ) ) ;
#2098 = AXIS2_PLACEMENT_3D ( 'NONE', #4445, #6597, #6631 ) ;
#2099 = ADVANCED_FACE ( 'NONE', ( #6575 ), #4170, .F. ) ;
#2100 = FACE_OUTER_BOUND ( 'NONE', #1153, .T. ) ;
#2101 = VERTEX_POINT ( 'NONE', #7039 ) ;
#2102 = DIRECTION ( 'NONE',  ( 0.0000000000000000000, 0.0000000000000000000, 1.000000000000000000 ) ) ;
#2103 = ORIENTED_EDGE ( 'NONE', *, *, #5596, .T. ) ;
#2104 = DIRECTION ( 'NONE',  ( -0.0000000000000000000, -1.000000000000000000, -0.0000000000000000000 ) ) ;
#2105 = CARTESIAN_POINT ( 'NONE',  ( 3.000000000000000888, 0.0000000000000000000, 0.0000000000000000000 ) ) ;
#2106 = DIRECTION ( 'NONE',  ( 0.0000000000000000000, 0.0000000000000000000, 1.000000000000000000 ) ) ;
#2107 = CARTESIAN_POINT ( 'NONE',  ( 37.00000000000000000, 1.000000000000000000, -13.00000000000000000 ) ) ;
#2108 = FILL_AREA_STYLE_COLOUR ( '', #3610 ) ;
#2109 = EDGE_CURVE ( 'NONE', #2136, #5341, #1615, .T. ) ;
#2110 = ADVANCED_FACE ( 'NONE', ( #436 ), #1364, .T. ) ;
#2111 = VECTOR ( 'NONE', #5958, 1000.000000000000000 ) ;
#2112 = LINE ( 'NONE', #2565, #3440 ) ;
#2113 = ORIENTED_EDGE ( 'NONE', *, *, #5297, .F. ) ;
#2114 = CARTESIAN_POINT ( 'NONE',  ( 18.01327953013690220, 2.000000000000000000, 24.70350649947717869 ) ) ;
#2115 = CARTESIAN_POINT ( 'NONE',  ( -3.000000000000000888, 0.0000000000000000000, 0.0000000000000000000 ) ) ;
#2116 = CARTESIAN_POINT ( 'NONE',  ( 18.54319964061023285, 26.93331120090531527, -3.864593158600376555 ) ) ;
#2117 = ORIENTED_EDGE ( 'NONE', *, *, #322, .T. ) ;
#2118 = DIRECTION ( 'NONE',  ( 0.0000000000000000000, 0.0000000000000000000, 1.000000000000000000 ) ) ;
#2119 = CARTESIAN_POINT ( 'NONE',  ( 11.97331907960222530, 1.000000000000000000, -22.78593654904997834 ) ) ;
#2120 = EDGE_CURVE ( 'NONE', #2906, #1787, #1941, .T. ) ;
#2121 = VERTEX_POINT ( 'NONE', #1105 ) ;
#2122 = CARTESIAN_POINT ( 'NONE',  ( -13.94088323515276429, 47.64415507469403366, -6.292895839675282250E-13 ) ) ;
#2123 = CARTESIAN_POINT ( 'NONE',  ( 19.00000000000000355, 24.67907091749999182, 2.229670385730948556 ) ) ;
#2124 = DIRECTION ( 'NONE',  ( -1.000000000000000000, -0.0000000000000000000, -0.0000000000000000000 ) ) ;
#2125 = DIRECTION ( 'NONE',  ( 0.9848077530122079093, 0.1736481776669308030, 0.0000000000000000000 ) ) ;
#2126 = UNCERTAINTY_MEASURE_WITH_UNIT (LENGTH_MEASURE( 1.000000000000000082E-05 ), #4237, 'distance_accuracy_value', 'NONE');
#2127 = TOROIDAL_SURFACE ( 'NONE', #6510, 6.999999999999998224, 1.000000000000000000 ) ;
#2128 = B_SPLINE_CURVE_WITH_KNOTS ( 'NONE', 3,
 ( #909, #1021, #7097, #4867 ),
 .UNSPECIFIED., .F., .F.,
 ( 4, 4 ),
 ( 0.0000000000000000000, 1.000000000000000000 ),
 .UNSPECIFIED. ) ;
#2129 = EDGE_LOOP ( 'NONE', ( #6471, #1775, #2403, #4798, #145 ) ) ;
#2130 = EDGE_LOOP ( 'NONE', ( #1779, #3828, #5212, #457 ) ) ;
#2131 = CARTESIAN_POINT ( 'NONE',  ( -16.21813341007602105, 32.25524524269017945, 0.8380755883644852577 ) ) ;
#2132 = DIRECTION ( 'NONE',  ( 0.0000000000000000000, 1.000000000000000000, 0.0000000000000000000 ) ) ;
#2133 = DIRECTION ( 'NONE',  ( 0.0000000000000000000, 0.0000000000000000000, -1.000000000000000000 ) ) ;
#2134 = ORIENTED_EDGE ( 'NONE', *, *, #3512, .F. ) ;
#2135 = CARTESIAN_POINT ( 'NONE',  ( 15.35113250075568558, 45.81040746202602776, 2.978962843500725821 ) ) ;
#2136 = VERTEX_POINT ( 'NONE', #4375 ) ;
#2137 = DIRECTION ( 'NONE',  ( 0.9829747306675966634, 0.1733249663713345157, 0.06098471038991398058 ) ) ;
#2138 = AXIS2_PLACEMENT_3D ( 'NONE', #6869, #5879, #731 ) ;
#2139 = LINE ( 'NONE', #5448, #5112 ) ;
#2140 = ADVANCED_FACE ( 'NONE', ( #2202 ), #469, .T. ) ;
#2141 = FACE_OUTER_BOUND ( 'NONE', #6699, .T. ) ;
#2142 = CYLINDRICAL_SURFACE ( 'NONE', #3830, 10.00000000000000178 ) ;
#2143 = EDGE_CURVE ( 'NONE', #6668, #6481, #4446, .T. ) ;
#2144 = CARTESIAN_POINT ( 'NONE',  ( -18.60161013440588818, 26.67861165952480462, 3.784861635072708452 ) ) ;
#2145 = ORIENTED_EDGE ( 'NONE', *, *, #6677, .T. ) ;
#2146 = DIRECTION ( 'NONE',  ( 0.1736481776669309418, 0.9848077530122079093, 0.0000000000000000000 ) ) ;
#2147 = CARTESIAN_POINT ( 'NONE',  ( 4.898979485566357539, -39.86752876533677892, -1.000000000000000666 ) ) ;
#2148 = DIRECTION ( 'NONE',  ( 0.0000000000000000000, 0.0000000000000000000, 1.000000000000000000 ) ) ;
#2149 = EDGE_CURVE ( 'NONE', #1762, #1161, #2870, .T. ) ;
#2150 = EDGE_CURVE ( 'NONE', #270, #1034, #1705, .T. ) ;
#2151 = AXIS2_PLACEMENT_3D ( 'NONE', #332, #4848, #3851 ) ;
#2152 = ORIENTED_EDGE ( 'NONE', *, *, #2784, .F. ) ;
#2153 = DIRECTION ( 'NONE',  ( -0.0000000000000000000, 1.000000000000000000, -0.0000000000000000000 ) ) ;
#2154 = LINE ( 'NONE', #3302, #998 ) ;
#2155 = EDGE_CURVE ( 'NONE', #6057, #179, #581, .T. ) ;
#2156 = AXIS2_PLACEMENT_3D ( 'NONE', #4917, #3990, #6088 ) ;
#2157 = CARTESIAN_POINT ( 'NONE',  ( -18.00000000000000000, 0.0000000000000000000, -13.00000000000000000 ) ) ;
#2158 = CARTESIAN_POINT ( 'NONE',  ( 9.000000000000001776, 2.705858625918038855E-15, -22.09501243788790958 ) ) ;
#2159 = ORIENTED_EDGE ( 'NONE', *, *, #6688, .T. ) ;
#2160 = EDGE_CURVE ( 'NONE', #3243, #2341, #7269, .T. ) ;
#2161 = DIRECTION ( 'NONE',  ( 0.0000000000000000000, 0.0000000000000000000, 1.000000000000000000 ) ) ;
#2162 = PRESENTATION_LAYER_ASSIGNMENT (  '', '', ( #6435 ) ) ;
#2163 = DIRECTION ( 'NONE',  ( -0.3590109871423012300, 1.681601527994920556E-15, 0.9333333333333331261 ) ) ;
#2164 = CIRCLE ( 'NONE', #6436, 2.500000000000002220 ) ;
#2165 = CARTESIAN_POINT ( 'NONE',  ( 19.00000000000000000, 1.000000000000000000, -2.229670385730950333 ) ) ;
#2166 = CIRCLE ( 'NONE', #4659, 20.00000000000001421 ) ;
#2167 = APPLICATION_PROTOCOL_DEFINITION ( 'draft international standard', 'automotive_design', 1998, #2270 ) ;
#2168 = ORIENTED_EDGE ( 'NONE', *, *, #2692, .T. ) ;
#2169 = VECTOR ( 'NONE', #3886, 1000.000000000000000 ) ;
#2170 = ORIENTED_EDGE ( 'NONE', *, *, #5877, .T. ) ;
#2171 = CARTESIAN_POINT ( 'NONE',  ( -19.00000000000000000, 1.000000000000000000, -2.229670385730950333 ) ) ;
#2172 =( BOUNDED_CURVE ( )  B_SPLINE_CURVE ( 3, ( #6290, #1461, #3767, #5490 ),
 .UNSPECIFIED., .F., .F. ) 
 B_SPLINE_CURVE_WITH_KNOTS ( ( 4, 4 ),
 ( 1.203588306237058703, 1.424205561737093229 ),
 .UNSPECIFIED. ) 
 CURVE ( )  GEOMETRIC_REPRESENTATION_ITEM ( )  RATIONAL_B_SPLINE_CURVE ( ( 1.000000000000000000, 0.9959481133263646813, 0.9959481133263646813, 1.000000000000000000 ) ) 
 REPRESENTATION_ITEM ( '' )  );
#2173 =( GEOMETRIC_REPRESENTATION_CONTEXT ( 3 ) GLOBAL_UNCERTAINTY_ASSIGNED_CONTEXT ( ( #4265 ) ) GLOBAL_UNIT_ASSIGNED_CONTEXT ( ( #2325, #5184, #113 ) ) REPRESENTATION_CONTEXT ( 'NONE', 'WORKASPACE' ) );
#2174 = CYLINDRICAL_SURFACE ( 'NONE', #2869, 10.00000000000000178 ) ;
#2175 = DIRECTION ( 'NONE',  ( 0.3209196880304026611, 0.0000000000000000000, 0.9471064110407387826 ) ) ;
#2176 = ORIENTED_EDGE ( 'NONE', *, *, #6830, .F. ) ;
#2177 = DIRECTION ( 'NONE',  ( 0.0000000000000000000, 0.0000000000000000000, -1.000000000000000000 ) ) ;
#2178 = ORIENTED_EDGE ( 'NONE', *, *, #5792, .F. ) ;
#2179 = DIRECTION ( 'NONE',  ( 0.0000000000000000000, -1.000000000000000000, 0.0000000000000000000 ) ) ;
#2180 = CARTESIAN_POINT ( 'NONE',  ( 13.74026056903632309, 44.88921036392231656, -4.261290993643036984 ) ) ;
#2181 = FACE_OUTER_BOUND ( 'NONE', #5105, .T. ) ;
#2182 = CARTESIAN_POINT ( 'NONE',  ( -13.78922811121531566, 46.03025170569198821, -1.500934750293585696 ) ) ;
#2183 = DIRECTION ( 'NONE',  ( 0.0000000000000000000, 1.000000000000000000, 0.0000000000000000000 ) ) ;
#2184 = AXIS2_PLACEMENT_3D ( 'NONE', #7184, #6094, #1652 ) ;
#2185 = VECTOR ( 'NONE', #6258, 1000.000000000000227 ) ;
#2186 = ADVANCED_FACE ( 'NONE', ( #3236 ), #5504, .T. ) ;
#2187 = CARTESIAN_POINT ( 'NONE',  ( -18.98533287048767448, 25.11536834380910221, 2.771082858396940463 ) ) ;
#2188 = VERTEX_POINT ( 'NONE', #547 ) ;
#2189 = CARTESIAN_POINT ( 'NONE',  ( 10.00000000000000178, 0.0000000000000000000, 18.99999999999999645 ) ) ;
#2190 = DIRECTION ( 'NONE',  ( -0.1736481776669309696, 0.9848077530122080203, 0.0000000000000000000 ) ) ;
#2191 = CARTESIAN_POINT ( 'NONE',  ( 15.87678109189359255, 2.000000000000000000, 33.31487243864258829 ) ) ;
#2192 = VERTEX_POINT ( 'NONE', #6723 ) ;
#2193 = CIRCLE ( 'NONE', #4627, 1.000000000000000888 ) ;
#2194 = DIRECTION ( 'NONE',  ( 0.0000000000000000000, 1.000000000000000000, -1.224646799147353207E-16 ) ) ;
#2195 = CARTESIAN_POINT ( 'NONE',  ( -3.000000000000000888, 0.0000000000000000000, 5.999999999999998224 ) ) ;
#2196 = EDGE_CURVE ( 'NONE', #3225, #1310, #1104, .T. ) ;
#2197 = EDGE_CURVE ( 'NONE', #1917, #5179, #1952, .T. ) ;
#2198 = DIRECTION ( 'NONE',  ( 0.0000000000000000000, 1.000000000000000000, 0.0000000000000000000 ) ) ;
#2199 = DIRECTION ( 'NONE',  ( -0.0000000000000000000, -1.000000000000000000, -0.0000000000000000000 ) ) ;
#2200 = ORIENTED_EDGE ( 'NONE', *, *, #3957, .T. ) ;
#2201 = FACE_OUTER_BOUND ( 'NONE', #5633, .T. ) ;
#2202 = FACE_OUTER_BOUND ( 'NONE', #3950, .T. ) ;
#2203 = DIRECTION ( 'NONE',  ( 0.0000000000000000000, -1.000000000000000000, 0.0000000000000000000 ) ) ;
#2204 = EDGE_CURVE ( 'NONE', #5931, #2341, #4780, .T. ) ;
#2205 =( BOUNDED_CURVE ( )  B_SPLINE_CURVE ( 3, ( #7017, #3041, #3076, #6414 ),
 .UNSPECIFIED., .F., .F. ) 
 B_SPLINE_CURVE_WITH_KNOTS ( ( 4, 4 ),
 ( 4.858979745442493225, 5.079597000942527529 ),
 .UNSPECIFIED. ) 
 CURVE ( )  GEOMETRIC_REPRESENTATION_ITEM ( )  RATIONAL_B_SPLINE_CURVE ( ( 1.000000000000000000, 0.9959481133263646813, 0.9959481133263646813, 1.000000000000000000 ) ) 
 REPRESENTATION_ITEM ( '' )  );
#2206 = ADVANCED_FACE ( 'NONE', ( #5689 ), #4410, .T. ) ;
#2207 = ADVANCED_FACE ( 'NONE', ( #5733 ), #4530, .F. ) ;
#2208 = ORIENTED_EDGE ( 'NONE', *, *, #4456, .T. ) ;
#2209 = ORIENTED_EDGE ( 'NONE', *, *, #2747, .T. ) ;
#2210 = CARTESIAN_POINT ( 'NONE',  ( -17.90601847545810088, 31.32092908250001884, -2.229670385730952109 ) ) ;
#2211 = CARTESIAN_POINT ( 'NONE',  ( 18.33333333333332149, 12.85621757296392609, 20.18021974284602749 ) ) ;
#2212 = LINE ( 'NONE', #3903, #2039 ) ;
#2213 = ORIENTED_EDGE ( 'NONE', *, *, #7022, .F. ) ;
#2214 = DIRECTION ( 'NONE',  ( 0.0000000000000000000, 0.0000000000000000000, 1.000000000000000000 ) ) ;
#2215 = ORIENTED_EDGE ( 'NONE', *, *, #6187, .T. ) ;
#2216 = CARTESIAN_POINT ( 'NONE',  ( -13.82597942870980745, 45.82182462693844371, 2.229670385730948556 ) ) ;
#2217 = CARTESIAN_POINT ( 'NONE',  ( 0.0000000000000000000, 2.000000000000000000, 53.00000000000000000 ) ) ;
#2218 = AXIS2_PLACEMENT_3D ( 'NONE', #5495, #497, #3222 ) ;
#2219 = CARTESIAN_POINT ( 'NONE',  ( -13.86265278450479954, 45.61383969095393809, 2.956860131864261110 ) ) ;
#2220 = CIRCLE ( 'NONE', #1177, 17.99999999999999645 ) ;
#2221 = CARTESIAN_POINT ( 'NONE',  ( 17.50000000000000000, 28.00000000000000000, 0.0000000000000000000 ) ) ;
#2222 = ORIENTED_EDGE ( 'NONE', *, *, #2692, .F. ) ;
#2223 = DIRECTION ( 'NONE',  ( -1.000000000000000000, -0.0000000000000000000, -0.0000000000000000000 ) ) ;
#2224 = FACE_OUTER_BOUND ( 'NONE', #3726, .T. ) ;
#2225 = CARTESIAN_POINT ( 'NONE',  ( 17.00000000000000000, 2.000000000000000000, 33.50000000000000000 ) ) ;
#2226 = CARTESIAN_POINT ( 'NONE',  ( 12.66758421158957404, 2.000000000000000000, -32.78593654904997834 ) ) ;
#2227 = B_SPLINE_CURVE_WITH_KNOTS ( 'NONE', 3,
 ( #5413, #2662, #415, #342 ),
 .UNSPECIFIED., .F., .F.,
 ( 4, 4 ),
 ( 0.0000000000000000000, 0.0006952461508793633151 ),
 .UNSPECIFIED. ) ;
#2228 = ORIENTED_EDGE ( 'NONE', *, *, #2475, .T. ) ;
#2229 = CIRCLE ( 'NONE', #3058, 1.000000000000000888 ) ;
#2230 = DIRECTION ( 'NONE',  ( 0.0000000000000000000, 0.0000000000000000000, 1.000000000000000000 ) ) ;
#2231 =( LENGTH_UNIT ( ) NAMED_UNIT ( * ) SI_UNIT ( .MILLI., .METRE. ) );
#2232 = CIRCLE ( 'NONE', #1185, 10.00000000000000000 ) ;
#2233 = DIRECTION ( 'NONE',  ( 0.0000000000000000000, 0.0000000000000000000, 1.000000000000000000 ) ) ;
#2234 = DIRECTION ( 'NONE',  ( 0.0000000000000000000, 0.0000000000000000000, -1.000000000000000000 ) ) ;
#2235 = ORIENTED_EDGE ( 'NONE', *, *, #6230, .F. ) ;
#2236 = CYLINDRICAL_SURFACE ( 'NONE', #6445, 8.500000000000000000 ) ;
#2237 = EDGE_CURVE ( 'NONE', #5273, #4882, #2414, .T. ) ;
#2238 = DIRECTION ( 'NONE',  ( 1.000000000000000000, 0.0000000000000000000, -7.780179021430174173E-16 ) ) ;
#2239 = FACE_OUTER_BOUND ( 'NONE', #1891, .T. ) ;
#2240 = EDGE_CURVE ( 'NONE', #3544, #3684, #1949, .T. ) ;
#2241 = APPLICATION_PROTOCOL_DEFINITION ( 'draft international standard', 'automotive_design', 1998, #4009 ) ;
#2242 = VERTEX_POINT ( 'NONE', #660 ) ;
#2243 = EDGE_LOOP ( 'NONE', ( #1805, #4922, #2395, #5172 ) ) ;
#2244 = EDGE_CURVE ( 'NONE', #1893, #3509, #1590, .T. ) ;
#2245 = ADVANCED_FACE ( 'NONE', ( #3966 ), #141, .T. ) ;
#2246 = CYLINDRICAL_SURFACE ( 'NONE', #4900, 8.500000000000000000 ) ;
#2247 = DIRECTION ( 'NONE',  ( 0.0000000000000000000, -1.000000000000000000, -0.0000000000000000000 ) ) ;
#2248 = ORIENTED_EDGE ( 'NONE', *, *, #6678, .T. ) ;
#2249 = DIRECTION ( 'NONE',  ( 0.0000000000000000000, 0.0000000000000000000, -1.000000000000000000 ) ) ;
#2250 = ORIENTED_EDGE ( 'NONE', *, *, #1356, .T. ) ;
#2251 = DIRECTION ( 'NONE',  ( 0.0000000000000000000, -1.000000000000000000, 0.0000000000000000000 ) ) ;
#2252 = DIRECTION ( 'NONE',  ( 0.3590109871423012300, -1.245569575058715234E-15, 0.9333333333333331261 ) ) ;
#2253 = DIRECTION ( 'NONE',  ( 0.0000000000000000000, 0.0000000000000000000, 1.000000000000000000 ) ) ;
#2254 = AXIS2_PLACEMENT_3D ( 'NONE', #1245, #4672, #2481 ) ;
#2255 = EDGE_CURVE ( 'NONE', #96, #3686, #63, .T. ) ;
#2256 = CARTESIAN_POINT ( 'NONE',  ( -13.54168186980593980, 44.17085293033028393, -5.281263776440502156 ) ) ;
#2257 = CIRCLE ( 'NONE', #2844, 10.00000000000000178 ) ;
#2258 = CARTESIAN_POINT ( 'NONE',  ( 13.36625387206785476, 47.54462116389341730, -7.372574772901430151E-15 ) ) ;
#2259 = ORIENTED_EDGE ( 'NONE', *, *, #127, .T. ) ;
#2260 = LINE ( 'NONE', #4514, #5339 ) ;
#2261 = CARTESIAN_POINT ( 'NONE',  ( -5.000017323976893913, -38.99991338009764519, -0.1318122245256867220 ) ) ;
#2262 = DIRECTION ( 'NONE',  ( -0.0000000000000000000, -1.000000000000000000, 0.0000000000000000000 ) ) ;
#2263 = CARTESIAN_POINT ( 'NONE',  ( -9.881378385679143506, 1.000000000000000000, 32.78593654904997834 ) ) ;
#2264 = DIRECTION ( 'NONE',  ( -0.0000000000000000000, 1.000000000000000000, 1.224646799147353207E-16 ) ) ;
#2265 = AXIS2_PLACEMENT_3D ( 'NONE', #900, #2074, #376 ) ;
#2266 = ORIENTED_EDGE ( 'NONE', *, *, #1183, .T. ) ;
#2267 = TOROIDAL_SURFACE ( 'NONE', #2401, 6.999999999999998224, 1.000000000000000000 ) ;
#2268 = CARTESIAN_POINT ( 'NONE',  ( 17.39821135578984368, 0.0000000000000000000, -5.465391575372378519 ) ) ;
#2269 = SURFACE_STYLE_FILL_AREA ( #3960 ) ;
#2270 = APPLICATION_CONTEXT ( 'automotive_design' ) ;
#2271 = CARTESIAN_POINT ( 'NONE',  ( -19.03874015565654787, 2.000000000000000000, -24.69471765487524095 ) ) ;
#2272 = CARTESIAN_POINT ( 'NONE',  ( -13.74026056903632309, 44.88921036392231656, 4.261290993643034319 ) ) ;
#2273 = AXIS2_PLACEMENT_3D ( 'NONE', #4589, #2554, #6580 ) ;
#2274 = VERTEX_POINT ( 'NONE', #1218 ) ;
#2275 = EDGE_LOOP ( 'NONE', ( #1319, #3502, #238, #815 ) ) ;
#2276 = CARTESIAN_POINT ( 'NONE',  ( 17.49999999999999645, 2.652747412077468780, -23.77032961426903768 ) ) ;
#2277 = DIRECTION ( 'NONE',  ( 0.3684098178339164642, 0.0000000000000000000, 0.9296634907984612228 ) ) ;
#2278 = TOROIDAL_SURFACE ( 'NONE', #4886, 2.500000000000003997, 1.000000000000000000 ) ;
#2279 = EDGE_CURVE ( 'NONE', #4756, #1080, #1473, .T. ) ;
#2280 = ORIENTED_EDGE ( 'NONE', *, *, #4272, .F. ) ;
#2281 = EDGE_LOOP ( 'NONE', ( #3870, #2424, #4623, #1345 ) ) ;
#2282 = AXIS2_PLACEMENT_3D ( 'NONE', #4428, #6770, #5065 ) ;
#2283 = CIRCLE ( 'NONE', #53, 3.500000000000003109 ) ;
#2284 = CARTESIAN_POINT ( 'NONE',  ( 17.00000000000000000, 2.000000000000000000, -30.00000000000000000 ) ) ;
#2285 = CARTESIAN_POINT ( 'NONE',  ( -3.000000000000000888, 0.0000000000000000000, 17.99999999999999645 ) ) ;
#2286 = CIRCLE ( 'NONE', #5605, 3.500000000000003109 ) ;
#2287 = AXIS2_PLACEMENT_3D ( 'NONE', #4463, #1, #1738 ) ;
#2288 = ADVANCED_FACE ( 'NONE', ( #4080 ), #5859, .T. ) ;
#2289 = EDGE_CURVE ( 'NONE', #4084, #2449, #1180, .T. ) ;
#2290 = CARTESIAN_POINT ( 'NONE',  ( -15.70581416027142652, 24.82844763484402151, 15.96776842477710190 ) ) ;
#2291 = ORIENTED_EDGE ( 'NONE', *, *, #1440, .F. ) ;
#2292 = EDGE_LOOP ( 'NONE', ( #2448, #3915, #4240, #2795 ) ) ;
#2293 = DIRECTION ( 'NONE',  ( 0.0000000000000000000, 0.0000000000000000000, -1.000000000000000000 ) ) ;
#2294 = CARTESIAN_POINT ( 'NONE',  ( -17.39999999999999147, 1.000000000000000000, -20.53923072998832566 ) ) ;
#2295 = DIRECTION ( 'NONE',  ( -0.0000000000000000000, 1.000000000000000000, -0.0000000000000000000 ) ) ;
#2296 = CARTESIAN_POINT ( 'NONE',  ( -13.82597942870981100, 45.82182462693844371, -2.229670385730951221 ) ) ;
#2297 = VECTOR ( 'NONE', #981, 1000.000000000000000 ) ;
#2298 = ADVANCED_FACE ( 'NONE', ( #699 ), #6351, .F. ) ;
#2299 = EDGE_CURVE ( 'NONE', #1691, #6964, #6316, .T. ) ;
#2300 = VECTOR ( 'NONE', #6327, 1000.000000000000000 ) ;
#2301 = CARTESIAN_POINT ( 'NONE',  ( 13.72999097332106011, 44.88806942018183577, -4.260873571565213958 ) ) ;
#2302 = ORIENTED_EDGE ( 'NONE', *, *, #7201, .T. ) ;
#2303 = CARTESIAN_POINT ( 'NONE',  ( 36.74593000491812944, 28.13235003885263552, -13.00000000000000000 ) ) ;
#2304 = VERTEX_POINT ( 'NONE', #1845 ) ;
#2305 = CARTESIAN_POINT ( 'NONE',  ( -4.976000284571105325, -39.12650643433896391, -0.5039628084776002215 ) ) ;
#2306 = B_SPLINE_CURVE_WITH_KNOTS ( 'NONE', 3,
 ( #762, #1355, #5937, #4789, #2044, #3001, #3701, #7016, #2009, #1457, #6487, #208 ),
 .UNSPECIFIED., .F., .F.,
 ( 4, 2, 2, 2, 2, 4 ),
 ( 0.0000000000000000000, 0.0009812224553361209318, 0.001962444910672241864, 0.002453056138340302221, 0.002943667366008362579, 0.003924889821344484594 ),
 .UNSPECIFIED. ) ;
#2307 = CARTESIAN_POINT ( 'NONE',  ( 15.87678109189359255, 2.000000000000000000, -33.31487243864258829 ) ) ;
#2308 = FACE_OUTER_BOUND ( 'NONE', #4304, .T. ) ;
#2309 = DIRECTION ( 'NONE',  ( 0.0000000000000000000, 0.0000000000000000000, 1.000000000000000000 ) ) ;
#2310 = VERTEX_POINT ( 'NONE', #2318 ) ;
#2311 = CARTESIAN_POINT ( 'NONE',  ( -14.62405655566930562, 40.14367483746366361, 9.536893503218184520 ) ) ;
#2312 = DIRECTION ( 'NONE',  ( 1.000000000000000000, -0.0000000000000000000, -0.0000000000000000000 ) ) ;
#2313 = VERTEX_POINT ( 'NONE', #1731 ) ;
#2314 = CARTESIAN_POINT ( 'NONE',  ( -14.24793085957735528, 44.94560987828761256, 4.281925946714755682 ) ) ;
#2315 = CARTESIAN_POINT ( 'NONE',  ( -18.01327953013690220, 2.000000000000000000, 24.70350649947717869 ) ) ;
#2316 = VERTEX_POINT ( 'NONE', #1880 ) ;
#2317 = ORIENTED_EDGE ( 'NONE', *, *, #2066, .F. ) ;
#2318 = CARTESIAN_POINT ( 'NONE',  ( 15.70581416027142652, 24.82844763484402151, 15.96776842477710190 ) ) ;
#2319 = DIRECTION ( 'NONE',  ( -0.9848077530122079093, 0.1736481776669308030, 0.0000000000000000000 ) ) ;
#2320 = ORIENTED_EDGE ( 'NONE', *, *, #2023, .F. ) ;
#2321 = ORIENTED_EDGE ( 'NONE', *, *, #3093, .F. ) ;
#2322 = CARTESIAN_POINT ( 'NONE',  ( -13.54168186980593980, 44.17085293033028393, -5.281263776440502156 ) ) ;
#2323 = CARTESIAN_POINT ( 'NONE',  ( -9.000000000000001776, 2.000000000000000000, 2.229670385730950333 ) ) ;
#2324 = EDGE_LOOP ( 'NONE', ( #6297, #1452, #3194, #1842 ) ) ;
#2325 =( LENGTH_UNIT ( ) NAMED_UNIT ( * ) SI_UNIT ( .MILLI., .METRE. ) );
#2326 = VERTEX_POINT ( 'NONE', #6388 ) ;
#2327 = CARTESIAN_POINT ( 'NONE',  ( 17.49999999999999645, 2.524818719738458395, 23.81534156157350779 ) ) ;
#2328 = CARTESIAN_POINT ( 'NONE',  ( 0.0000000000000000000, -19.99999999999999645, 0.0000000000000000000 ) ) ;
#2329 = CARTESIAN_POINT ( 'NONE',  ( -19.00000000000000000, 28.00000000000000000, 0.0000000000000000000 ) ) ;
#2330 = CARTESIAN_POINT ( 'NONE',  ( 18.33333333333332149, 2.000000000000000000, -5.819780257153963632 ) ) ;
#2331 = B_SPLINE_CURVE_WITH_KNOTS ( 'NONE', 3,
 ( #60, #6605, #3954, #4562, #396, #3781, #7310, #3846, #5529, #3260 ),
 .UNSPECIFIED., .F., .F.,
 ( 4, 2, 2, 2, 4 ),
 ( 0.003922118876604857758, 0.004789231485445133440, 0.005656344094285408255, 0.006523456703125683070, 0.007390569311965958753 ),
 .UNSPECIFIED. ) ;
#2332 = ADVANCED_FACE ( 'NONE', ( #1299 ), #70, .T. ) ;
#2333 = FACE_OUTER_BOUND ( 'NONE', #6464, .T. ) ;
#2334 = ORIENTED_EDGE ( 'NONE', *, *, #4609, .F. ) ;
#2335 = DIRECTION ( 'NONE',  ( 0.0000000000000000000, 1.000000000000000000, 0.0000000000000000000 ) ) ;
#2336 = ORIENTED_EDGE ( 'NONE', *, *, #6589, .F. ) ;
#2337 = CARTESIAN_POINT ( 'NONE',  ( 13.81862330540316286, 34.36617582146948990, 12.61190109985333230 ) ) ;
#2338 = DIRECTION ( 'NONE',  ( 0.0000000000000000000, 0.0000000000000000000, -1.000000000000000000 ) ) ;
#2339 = CARTESIAN_POINT ( 'NONE',  ( 9.099503719020990644, 2.882824642881994184E-15, -23.09004962809790129 ) ) ;
#2340 = DIRECTION ( 'NONE',  ( -1.000000000000000000, -0.0000000000000000000, -0.0000000000000000000 ) ) ;
#2341 = VERTEX_POINT ( 'NONE', #1989 ) ;
#2342 = ADVANCED_FACE ( 'NONE', ( #2499 ), #7134, .F. ) ;
#2343 = EDGE_CURVE ( 'NONE', #6593, #1620, #2459, .T. ) ;
#2344 = DIRECTION ( 'NONE',  ( 0.0000000000000000000, 1.000000000000000000, 0.0000000000000000000 ) ) ;
#2345 = VECTOR ( 'NONE', #6463, 1000.000000000000000 ) ;
#2346 = CARTESIAN_POINT ( 'NONE',  ( -13.25856043225751257, 38.09892410412829378, -10.87002260801548381 ) ) ;
#2347 = ORIENTED_EDGE ( 'NONE', *, *, #6002, .T. ) ;
#2348 = FACE_OUTER_BOUND ( 'NONE', #3427, .T. ) ;
#2349 = DIRECTION ( 'NONE',  ( -1.000000000000000000, 0.0000000000000000000, 0.0000000000000000000 ) ) ;
#2350 = ORIENTED_EDGE ( 'NONE', *, *, #1861, .F. ) ;
#2351 = EDGE_LOOP ( 'NONE', ( #6496, #4832, #1258, #5409 ) ) ;
#2352 = EDGE_CURVE ( 'NONE', #6360, #2867, #2055, .T. ) ;
#2353 = DIRECTION ( 'NONE',  ( 0.0000000000000000000, 1.000000000000000000, 0.0000000000000000000 ) ) ;
#2354 = CARTESIAN_POINT ( 'NONE',  ( -15.00567522368025486, 36.42643777585495712, -11.81064332037078479 ) ) ;
#2355 = AXIS2_PLACEMENT_3D ( 'NONE', #7044, #3586, #1964 ) ;
#2356 = ORIENTED_EDGE ( 'NONE', *, *, #7074, .T. ) ;
#2357 = ORIENTED_EDGE ( 'NONE', *, *, #623, .F. ) ;
#2358 = DIRECTION ( 'NONE',  ( 0.0000000000000000000, 1.000000000000000000, 0.0000000000000000000 ) ) ;
#2359 = DIRECTION ( 'NONE',  ( -1.000000000000000000, -0.0000000000000000000, -0.0000000000000000000 ) ) ;
#2360 = VERTEX_POINT ( 'NONE', #4296 ) ;
#2361 = CARTESIAN_POINT ( 'NONE',  ( -8.999999999999998224, 2.000000000000000000, 23.77032961426903768 ) ) ;
#2362 = VERTEX_POINT ( 'NONE', #6013 ) ;
#2363 = SURFACE_STYLE_USAGE ( .BOTH. , #673 ) ;
#2364 = ORIENTED_EDGE ( 'NONE', *, *, #98, .T. ) ;
#2365 = CARTESIAN_POINT ( 'NONE',  ( -16.43973802725087197, 30.92307204217899042, 2.750009960503951412 ) ) ;
#2366 = CARTESIAN_POINT ( 'NONE',  ( 12.66758421158957404, 0.0000000000000000000, 42.78593654904998544 ) ) ;
#2367 = APPLICATION_CONTEXT ( 'automotive_design' ) ;
#2368 = DIRECTION ( 'NONE',  ( -0.0000000000000000000, -1.000000000000000000, -0.0000000000000000000 ) ) ;
#2369 = VERTEX_POINT ( 'NONE', #5325 ) ;
#2370 = CARTESIAN_POINT ( 'NONE',  ( 17.00000000000000000, 1.000000000000000000, 30.00000000000000000 ) ) ;
#2371 = ORIENTED_EDGE ( 'NONE', *, *, #3649, .F. ) ;
#2372 = CARTESIAN_POINT ( 'NONE',  ( -17.80423287348564898, 16.76559260184350464, -18.80469889935136152 ) ) ;
#2373 = CARTESIAN_POINT ( 'NONE',  ( -17.00000000000000000, 1.000000000000000000, 30.00000000000000000 ) ) ;
#2374 = EDGE_CURVE ( 'NONE', #1884, #1864, #1376, .T. ) ;
#2375 = DIRECTION ( 'NONE',  ( -0.0000000000000000000, -1.000000000000000000, -0.0000000000000000000 ) ) ;
#2376 = CARTESIAN_POINT ( 'NONE',  ( 29.00000000000000000, 2.000000000000000000, -23.81534156157350068 ) ) ;
#2377 = ORIENTED_EDGE ( 'NONE', *, *, #3018, .T. ) ;
#2378 = CARTESIAN_POINT ( 'NONE',  ( 18.33333333333332149, 2.000000000000000000, -20.18021974284602749 ) ) ;
#2379 = TOROIDAL_SURFACE ( 'NONE', #1916, 9.000000000000001776, 1.000000000000000000 ) ;
#2380 = B_SPLINE_CURVE_WITH_KNOTS ( 'NONE', 3,
 ( #5708, #9, #1159, #6779 ),
 .UNSPECIFIED., .F., .F.,
 ( 4, 4 ),
 ( 2.602085213965210256E-18, 0.002306870052140219153 ),
 .UNSPECIFIED. ) ;
#2381 = PRESENTATION_STYLE_ASSIGNMENT (( #1723 ) ) ;
#2382 = VECTOR ( 'NONE', #5254, 1000.000000000000000 ) ;
#2383 = CARTESIAN_POINT ( 'NONE',  ( -16.93333333333332291, 2.000000000000000000, 5.281263776440504820 ) ) ;
#2384 = CARTESIAN_POINT ( 'NONE',  ( -17.99999999999997868, 1.000000000000000000, -12.99999999999998757 ) ) ;
#2385 = EDGE_CURVE ( 'NONE', #241, #4478, #5964, .T. ) ;
#2386 = EDGE_CURVE ( 'NONE', #2093, #4673, #883, .T. ) ;
#2387 = LINE ( 'NONE', #4643, #1645 ) ;
#2388 = CIRCLE ( 'NONE', #6404, 5.000000000000000000 ) ;
#2389 = VERTEX_POINT ( 'NONE', #4727 ) ;
#2390 = ORIENTED_EDGE ( 'NONE', *, *, #2605, .T. ) ;
#2391 = CARTESIAN_POINT ( 'NONE',  ( -18.00000000000000355, 1.000000000000000000, 23.77032961426903057 ) ) ;
#2392 = LINE ( 'NONE', #1772, #2439 ) ;
#2393 = VECTOR ( 'NONE', #2885, 1000.000000000000000 ) ;
#2394 = ORIENTED_EDGE ( 'NONE', *, *, #3657, .F. ) ;
#2395 = ORIENTED_EDGE ( 'NONE', *, *, #662, .T. ) ;
#2396 = VECTOR ( 'NONE', #814, 1000.000000000000114 ) ;
#2397 = VERTEX_POINT ( 'NONE', #6497 ) ;
#2398 = DIRECTION ( 'NONE',  ( -8.163404592832039882E-16, 0.0000000000000000000, 1.000000000000000000 ) ) ;
#2399 = ORIENTED_EDGE ( 'NONE', *, *, #1535, .F. ) ;
#2400 = CARTESIAN_POINT ( 'NONE',  ( 19.22222222222222854, 0.0000000000000000000, 28.85469288177286629 ) ) ;
#2401 = AXIS2_PLACEMENT_3D ( 'NONE', #3213, #3289, #5485 ) ;
#2402 = CIRCLE ( 'NONE', #4278, 10.00000000000000000 ) ;
#2403 = ORIENTED_EDGE ( 'NONE', *, *, #2143, .F. ) ;
#2404 = DIRECTION ( 'NONE',  ( -1.000000000000000000, -0.0000000000000000000, -0.0000000000000000000 ) ) ;
#2405 = DIRECTION ( 'NONE',  ( -0.9471064110407390046, -0.0000000000000000000, -0.3209196880304027166 ) ) ;
#2406 = AXIS2_PLACEMENT_3D ( 'NONE', #2012, #5941, #3568 ) ;
#2407 = AXIS2_PLACEMENT_3D ( 'NONE', #4731, #2946, #3469 ) ;
#2408 = CARTESIAN_POINT ( 'NONE',  ( 0.0000000000000000000, 20.99999999999999645, 0.0000000000000000000 ) ) ;
#2409 = ORIENTED_EDGE ( 'NONE', *, *, #584, .T. ) ;
#2410 = CARTESIAN_POINT ( 'NONE',  ( 16.93333333333331936, 11.32569704883094808, 20.71873622355948186 ) ) ;
#2411 = ORIENTED_EDGE ( 'NONE', *, *, #4042, .T. ) ;
#2412 = DIRECTION ( 'NONE',  ( 0.0000000000000000000, 1.000000000000000000, 0.0000000000000000000 ) ) ;
#2413 = DIRECTION ( 'NONE',  ( 0.0000000000000000000, 0.0000000000000000000, -1.000000000000000000 ) ) ;
#2414 = CIRCLE ( 'NONE', #3120, 10.00000000000000000 ) ;
#2415 = DIRECTION ( 'NONE',  ( 0.0000000000000000000, 0.0000000000000000000, -1.000000000000000000 ) ) ;
#2416 = ORIENTED_EDGE ( 'NONE', *, *, #5698, .F. ) ;
#2417 =( BOUNDED_CURVE ( )  B_SPLINE_CURVE ( 3, ( #2180, #46, #6107, #3872 ),
 .UNSPECIFIED., .F., .F. ) 
 B_SPLINE_CURVE_WITH_KNOTS ( ( 4, 4 ),
 ( 5.275305138224546830, 5.284472085423108645 ),
 .UNSPECIFIED. ) 
 CURVE ( )  GEOMETRIC_REPRESENTATION_ITEM ( )  RATIONAL_B_SPLINE_CURVE ( ( 1.000000000000000000, 0.9999929972688477164, 0.9999929972688477164, 1.000000000000000000 ) ) 
 REPRESENTATION_ITEM ( '' )  );
#2418 = ADVANCED_FACE ( 'NONE', ( #3156 ), #357, .T. ) ;
#2419 = CARTESIAN_POINT ( 'NONE',  ( 17.49065276715008821, 24.98460077916930544, 2.628187120243467234 ) ) ;
#2420 = VECTOR ( 'NONE', #3660, 1000.000000000000000 ) ;
#2421 = DIRECTION ( 'NONE',  ( -0.0000000000000000000, -1.000000000000000000, -0.0000000000000000000 ) ) ;
#2422 = FACE_OUTER_BOUND ( 'NONE', #5989, .T. ) ;
#2423 = DIRECTION ( 'NONE',  ( 0.0000000000000000000, 0.0000000000000000000, -1.000000000000000000 ) ) ;
#2424 = ORIENTED_EDGE ( 'NONE', *, *, #811, .T. ) ;
#2425 =( GEOMETRIC_REPRESENTATION_CONTEXT ( 3 ) GLOBAL_UNCERTAINTY_ASSIGNED_CONTEXT ( ( #6645 ) ) GLOBAL_UNIT_ASSIGNED_CONTEXT ( ( #2613, #5921, #4814 ) ) REPRESENTATION_CONTEXT ( 'NONE', 'WORKASPACE' ) );
#2426 = ORIENTED_EDGE ( 'NONE', *, *, #1944, .F. ) ;
#2427 = CARTESIAN_POINT ( 'NONE',  ( 3.000000000000000888, 0.0000000000000000000, 0.0000000000000000000 ) ) ;
#2428 = EDGE_CURVE ( 'NONE', #3983, #6963, #2764, .T. ) ;
#2429 = CARTESIAN_POINT ( 'NONE',  ( -9.171312920576319527, 23.27020106417857193, -2.229670385730950333 ) ) ;
#2430 = AXIS2_PLACEMENT_3D ( 'NONE', #4899, #5973, #2010 ) ;
#2431 = B_SPLINE_CURVE_WITH_KNOTS ( 'NONE', 3,
 ( #6277, #3459, #5692, #1181, #3390, #6801, #1221, #105, #617, #2354, #28, #5814 ),
 .UNSPECIFIED., .F., .F.,
 ( 4, 2, 2, 2, 2, 4 ),
 ( 0.0000000000000000000, 0.002904538486910766392, 0.005809076973821534519, 0.007261346217276919666, 0.008713615460732302212, 0.01161815394764306730 ),
 .UNSPECIFIED. ) ;
#2432 = ORIENTED_EDGE ( 'NONE', *, *, #1135, .T. ) ;
#2433 = ORIENTED_EDGE ( 'NONE', *, *, #6428, .T. ) ;
#2434 = VECTOR ( 'NONE', #129, 1000.000000000000000 ) ;
#2435 = CYLINDRICAL_SURFACE ( 'NONE', #5856, 8.499999999999998224 ) ;
#2436 = ADVANCED_FACE ( 'NONE', ( #3675 ), #1469, .F. ) ;
#2437 = ADVANCED_FACE ( 'NONE', ( #5429 ), #329, .F. ) ;
#2439 = VECTOR ( 'NONE', #4649, 1000.000000000000227 ) ;
#2438 = ADVANCED_BREP_SHAPE_REPRESENTATION ( '', ( #1190, #3712 ), #891 ) ;
#2440 = FACE_BOUND ( 'NONE', #7116, .T. ) ;
#2441 = VERTEX_POINT ( 'NONE', #3642 ) ;
#2442 = PLANE ( 'NONE',  #5389 ) ;
#2443 = ORIENTED_EDGE ( 'NONE', *, *, #3913, .F. ) ;
#2444 = DIRECTION ( 'NONE',  ( 0.0000000000000000000, 0.0000000000000000000, 1.000000000000000000 ) ) ;
#2445 = ORIENTED_EDGE ( 'NONE', *, *, #6621, .F. ) ;
#2446 = CARTESIAN_POINT ( 'NONE',  ( -18.99440554137084192, 24.95462663012349225, -2.603754539663043932 ) ) ;
#2447 = CARTESIAN_POINT ( 'NONE',  ( 15.25901242313525508, 45.05693803994559232, 4.323015725994039826 ) ) ;
#2448 = ORIENTED_EDGE ( 'NONE', *, *, #6863, .T. ) ;
#2449 = VERTEX_POINT ( 'NONE', #2462 ) ;
#2450 = CARTESIAN_POINT ( 'NONE',  ( 8.999999999999998224, 2.000000000000000000, 23.77032961426903768 ) ) ;
#2451 = DIRECTION ( 'NONE',  ( 1.000000000000000000, 0.0000000000000000000, 0.0000000000000000000 ) ) ;
#2452 = ORIENTED_EDGE ( 'NONE', *, *, #943, .F. ) ;
#2453 = CARTESIAN_POINT ( 'NONE',  ( 17.49999999999999289, 2.049000342097812233, 24.33764927448558879 ) ) ;
#2454 = CARTESIAN_POINT ( 'NONE',  ( -16.77917170850973960, 28.00000000000000000, 4.000000000000001776 ) ) ;
#2455 = CARTESIAN_POINT ( 'NONE',  ( -13.20188364271920101, 42.87615379306893715, -6.885403502226090211 ) ) ;
#2456 = CARTESIAN_POINT ( 'NONE',  ( 6.768835035607589035, 26.48498370940379587, -5.816970981252021389 ) ) ;
#2457 = LINE ( 'NONE', #6797, #5436 ) ;
#2458 = ORIENTED_EDGE ( 'NONE', *, *, #6324, .F. ) ;
#2459 =( BOUNDED_CURVE ( )  B_SPLINE_CURVE ( 3, ( #4840, #5359, #7101, #4259 ),
 .UNSPECIFIED., .F., .F. ) 
 B_SPLINE_CURVE_WITH_KNOTS ( ( 4, 4 ),
 ( 4.345180959826851819, 4.712388980384688786 ),
 .UNSPECIFIED. ) 
 CURVE ( )  GEOMETRIC_REPRESENTATION_ITEM ( )  RATIONAL_B_SPLINE_CURVE ( ( 1.000000000000000000, 0.9887947201667834918, 0.9887947201667834918, 1.000000000000000000 ) ) 
 REPRESENTATION_ITEM ( '' )  );
#2460 = ORIENTED_EDGE ( 'NONE', *, *, #6503, .F. ) ;
#2461 = AXIS2_PLACEMENT_3D ( 'NONE', #4027, #645, #1205 ) ;
#2462 = CARTESIAN_POINT ( 'NONE',  ( 12.66758421158957404, 1.000000000000000000, -32.78593654904997834 ) ) ;
#2463 = CARTESIAN_POINT ( 'NONE',  ( 13.07225160407938702, 41.42521146833310297, 8.354124115248954041 ) ) ;
#2464 = CIRCLE ( 'NONE', #701, 8.499999999999992895 ) ;
#2465 = ORIENTED_EDGE ( 'NONE', *, *, #6640, .F. ) ;
#2466 = EDGE_CURVE ( 'NONE', #659, #6513, #1371, .T. ) ;
#2467 = CARTESIAN_POINT ( 'NONE',  ( -17.00000000000000000, 2.000000000000000000, -30.00000000000000000 ) ) ;
#2468 = AXIS2_PLACEMENT_3D ( 'NONE', #4979, #5570, #1101 ) ;
#2469 = EDGE_CURVE ( 'NONE', #1186, #3225, #4157, .T. ) ;
#2470 = AXIS2_PLACEMENT_3D ( 'NONE', #954, #3783, #1070 ) ;
#2471 = CARTESIAN_POINT ( 'NONE',  ( 37.00000000000000000, 0.0000000000000000000, 13.00000000000000000 ) ) ;
#2472 = ORIENTED_EDGE ( 'NONE', *, *, #6829, .F. ) ;
#2473 = DIRECTION ( 'NONE',  ( 0.9950371902099890420, 0.0000000000000000000, -0.09950371902099898469 ) ) ;
#2474 = VERTEX_POINT ( 'NONE', #6429 ) ;
#2475 = EDGE_CURVE ( 'NONE', #5774, #3442, #2711, .T. ) ;
#2476 = EDGE_CURVE ( 'NONE', #6225, #2121, #5267, .T. ) ;
#2477 = CARTESIAN_POINT ( 'NONE',  ( 11.97331907960222530, 1.000000000000000000, -32.78593654904997834 ) ) ;
#2478 = CARTESIAN_POINT ( 'NONE',  ( 15.25901242313525508, 45.05693803994559232, 4.323015725994039826 ) ) ;
#2479 = ORIENTED_EDGE ( 'NONE', *, *, #2299, .F. ) ;
#2480 = ORIENTED_EDGE ( 'NONE', *, *, #5917, .F. ) ;
#2481 = DIRECTION ( 'NONE',  ( -0.9848077530122080203, 0.1736481776669308585, 0.0000000000000000000 ) ) ;
#2482 = ORIENTED_EDGE ( 'NONE', *, *, #623, .T. ) ;
#2483 = DIRECTION ( 'NONE',  ( 0.0000000000000000000, 0.0000000000000000000, -1.000000000000000000 ) ) ;
#2484 = CARTESIAN_POINT ( 'NONE',  ( 17.44810347938429373, 2.000000000000000000, -24.70817160608588381 ) ) ;
#2485 = ADVANCED_FACE ( 'NONE', ( #7281 ), #647, .F. ) ;
#2486 = CARTESIAN_POINT ( 'NONE',  ( -17.98405139903636751, 2.000000000000000000, -24.70762377871156446 ) ) ;
#2487 = DIRECTION ( 'NONE',  ( 0.9848077530122079093, 0.1736481776669310806, 0.0000000000000000000 ) ) ;
#2488 = CARTESIAN_POINT ( 'NONE',  ( -19.00000000000000000, 2.524818719738453510, -23.81534156157350779 ) ) ;
#2489 =( BOUNDED_SURFACE ( )  B_SPLINE_SURFACE ( 3, 2, ( 
 ( #2089, #2677, #1649 ),
 ( #6641, #2122, #4454 ),
 ( #6087, #5619, #4982 ),
 ( #3891, #989, #2796 ) ),
 .UNSPECIFIED., .F., .F., .F. ) 
 B_SPLINE_SURFACE_WITH_KNOTS ( ( 4, 4 ),
 ( 3, 3 ),
 ( 5.275243326842164571, 5.285668846670783516 ),
 ( 0.0000000000000000000, 1.000000000000000000 ),
 .UNSPECIFIED. ) 
 GEOMETRIC_REPRESENTATION_ITEM ( )  RATIONAL_B_SPLINE_SURFACE ( (
 ( 1.000000000000000000, 0.8463612962922638649, 1.000000000000000000),
 ( 1.000000000000000000, 0.8445151982426080117, 1.000000000000000000),
 ( 1.000000000000000000, 0.8426538791017897934, 1.000000000000000000),
 ( 1.000000000000000000, 0.8407774422516587354, 1.000000000000000000) ) ) 
 REPRESENTATION_ITEM ( '' )  SURFACE ( )  );
#2490 = CARTESIAN_POINT ( 'NONE',  ( 19.00000000000000355, 2.000000000000000000, 27.12771867673098569 ) ) ;
#2491 = VERTEX_POINT ( 'NONE', #946 ) ;
#2492 = B_SPLINE_CURVE_WITH_KNOTS ( 'NONE', 3,
 ( #1840, #2537, #6912, #3010, #5909, #284, #4800, #804, #3605, #5880 ),
 .UNSPECIFIED., .F., .F.,
 ( 4, 2, 2, 2, 4 ),
 ( 0.0002160924813375275113, 0.001084772621442939115, 0.001953452761548350909, 0.002822132901653762269, 0.003690813041759174063 ),
 .UNSPECIFIED. ) ;
#2493 = CARTESIAN_POINT ( 'NONE',  ( -13.81862330540317707, 34.36617582146947569, -12.61190109985333763 ) ) ;
#2494 = DIRECTION ( 'NONE',  ( -0.0000000000000000000, -1.000000000000000000, -0.0000000000000000000 ) ) ;
#2495 = ITEM_DEFINED_TRANSFORMATION ( 'NONE', 'NONE', #1136,  #3712 ) ;
#2496 = CARTESIAN_POINT ( 'NONE',  ( 18.00000000000000000, 1.000000000000000000, -2.229670385730950333 ) ) ;
#2497 = AXIS2_PLACEMENT_3D ( 'NONE', #1716, #7276, #3444 ) ;
#2498 = ORIENTED_EDGE ( 'NONE', *, *, #1134, .T. ) ;
#2499 = FACE_OUTER_BOUND ( 'NONE', #5624, .T. ) ;
#2500 = CARTESIAN_POINT ( 'NONE',  ( -17.50000000000000000, 24.67907091749998827, -2.229670385730951221 ) ) ;
#2501 = AXIS2_PLACEMENT_3D ( 'NONE', #2328, #6852, #1782 ) ;
#2502 = ORIENTED_EDGE ( 'NONE', *, *, #4085, .T. ) ;
#2503 = CARTESIAN_POINT ( 'NONE',  ( 18.52402496077931460, 2.000000000000000000, -24.70316813055426408 ) ) ;
#2504 = AXIS2_PLACEMENT_3D ( 'NONE', #872, #3737, #4221 ) ;
#2505 = AXIS2_PLACEMENT_3D ( 'NONE', #2770, #478, #1699 ) ;
#2506 = ADVANCED_FACE ( 'NONE', ( #6043 ), #2086, .F. ) ;
#2507 = DIRECTION ( 'NONE',  ( 0.0000000000000000000, -1.000000000000000000, 0.0000000000000000000 ) ) ;
#2508 = ORIENTED_EDGE ( 'NONE', *, *, #3643, .F. ) ;
#2509 = DIRECTION ( 'NONE',  ( -1.000000000000000000, 0.0000000000000000000, -0.0000000000000000000 ) ) ;
#2510 = VERTEX_POINT ( 'NONE', #3812 ) ;
#2511 = AXIS2_PLACEMENT_3D ( 'NONE', #2471, #784, #3513 ) ;
#2512 = CARTESIAN_POINT ( 'NONE',  ( 17.49065276715008821, 24.98460077916930544, 2.628187120243467234 ) ) ;
#2513 = EDGE_CURVE ( 'NONE', #67, #2326, #4944, .T. ) ;
#2514 = EDGE_CURVE ( 'NONE', #3939, #4332, #4906, .T. ) ;
#2515 = VECTOR ( 'NONE', #251, 1000.000000000000000 ) ;
#2516 = CIRCLE ( 'NONE', #6538, 10.00000000000000178 ) ;
#2517 = DIRECTION ( 'NONE',  ( 0.0000000000000000000, 0.0000000000000000000, 1.000000000000000000 ) ) ;
#2518 = ORIENTED_EDGE ( 'NONE', *, *, #4041, .F. ) ;
#2519 = ORIENTED_EDGE ( 'NONE', *, *, #2934, .T. ) ;
#2520 = DIRECTION ( 'NONE',  ( 0.0000000000000000000, 0.0000000000000000000, 1.000000000000000000 ) ) ;
#2521 = ORIENTED_EDGE ( 'NONE', *, *, #5040, .T. ) ;
#2522 = CARTESIAN_POINT ( 'NONE',  ( 18.00000000000000355, 1.000000000000000000, -27.12771867673098569 ) ) ;
#2523 = DIRECTION ( 'NONE',  ( 0.0000000000000000000, 0.0000000000000000000, 1.000000000000000000 ) ) ;
#2524 = DIRECTION ( 'NONE',  ( -0.1736481776669309696, 0.9848077530122080203, 0.0000000000000000000 ) ) ;
#2525 = VECTOR ( 'NONE', #3279, 1000.000000000000000 ) ;
#2526 = AXIS2_PLACEMENT_3D ( 'NONE', #5780, #5300, #3429 ) ;
#2527 = CARTESIAN_POINT ( 'NONE',  ( -18.00000000000000000, 1.000000000000000000, -23.81534156157350779 ) ) ;
#2528 = EDGE_CURVE ( 'NONE', #3890, #1843, #7151, .T. ) ;
#2529 = EDGE_CURVE ( 'NONE', #606, #4494, #3338, .T. ) ;
#2530 = LINE ( 'NONE', #7060, #4166 ) ;
#2531 = EDGE_CURVE ( 'NONE', #100, #6364, #1708, .T. ) ;
#2532 = CARTESIAN_POINT ( 'NONE',  ( 16.34354431137109387, 15.68348285652095697, -19.18544121715003214 ) ) ;
#2533 = AXIS2_PLACEMENT_3D ( 'NONE', #2119, #7244, #3776 ) ;
#2534 = ORIENTED_EDGE ( 'NONE', *, *, #1806, .T. ) ;
#2535 = CARTESIAN_POINT ( 'NONE',  ( -18.00000000000000355, 0.0000000000000000000, 2.229670385730950333 ) ) ;
#2536 = AXIS2_PLACEMENT_3D ( 'NONE', #1024, #500, #2118 ) ;
#2537 = CARTESIAN_POINT ( 'NONE',  ( -17.44689745138845538, 25.17401055579642133, -2.845502732385345457 ) ) ;
#2538 = CARTESIAN_POINT ( 'NONE',  ( 17.39999999999999503, 0.0000000000000000000, -20.53923072998832566 ) ) ;
#2539 = EDGE_LOOP ( 'NONE', ( #4736, #4542, #702, #5980 ) ) ;
#2540 = CARTESIAN_POINT ( 'NONE',  ( 18.54242466919868804, 26.93694054901317614, 3.865372575854443049 ) ) ;
#2541 = AXIS2_PLACEMENT_3D ( 'NONE', #6117, #2230, #4484 ) ;
#2542 = CARTESIAN_POINT ( 'NONE',  ( 15.25819765307457132, 46.33746717408889282, 0.3693449341365783734 ) ) ;
#2543 = CIRCLE ( 'NONE', #5021, 10.00000000000000000 ) ;
#2544 = ORIENTED_EDGE ( 'NONE', *, *, #6231, .F. ) ;
#2545 = CARTESIAN_POINT ( 'NONE',  ( 17.97864935613380055, 2.611925421264678082, -23.78469290733279706 ) ) ;
#2546 = AXIS2_PLACEMENT_3D ( 'NONE', #1125, #5114, #1668 ) ;
#2547 = DIRECTION ( 'NONE',  ( 0.0000000000000000000, 0.0000000000000000000, 1.000000000000000000 ) ) ;
#2548 = CARTESIAN_POINT ( 'NONE',  ( 0.0000000000000000000, 0.0000000000000000000, 0.0000000000000000000 ) ) ;
#2549 = ORIENTED_EDGE ( 'NONE', *, *, #5926, .F. ) ;
#2550 = CARTESIAN_POINT ( 'NONE',  ( 18.33333333333332149, 12.85621757296392609, -20.18021974284602749 ) ) ;
#2551 = ORIENTED_EDGE ( 'NONE', *, *, #1619, .T. ) ;
#2552 = AXIS2_PLACEMENT_3D ( 'NONE', #5637, #2778, #2810 ) ;
#2553 = DIRECTION ( 'NONE',  ( -0.0000000000000000000, 1.000000000000000000, -0.0000000000000000000 ) ) ;
#2554 = DIRECTION ( 'NONE',  ( -0.0000000000000000000, -1.000000000000000000, -0.0000000000000000000 ) ) ;
#2555 = ORIENTED_EDGE ( 'NONE', *, *, #5426, .F. ) ;
#2556 = CARTESIAN_POINT ( 'NONE',  ( -4.999993682673053108, -40.99996841336437114, -0.1309385487633389911 ) ) ;
#2557 = ORIENTED_EDGE ( 'NONE', *, *, #4934, .F. ) ;
#2558 = SURFACE_STYLE_FILL_AREA ( #2007 ) ;
#2559 = DIRECTION ( 'NONE',  ( 0.0000000000000000000, 0.0000000000000000000, -1.000000000000000000 ) ) ;
#2560 = CARTESIAN_POINT ( 'NONE',  ( -17.49065276715008821, 24.98460077916930544, 2.628187120243466790 ) ) ;
#2561 = EDGE_CURVE ( 'NONE', #4478, #4424, #3264, .T. ) ;
#2562 = DIRECTION ( 'NONE',  ( 1.224646799147353454E-16, 0.0000000000000000000, -1.000000000000000000 ) ) ;
#2563 = DIRECTION ( 'NONE',  ( 0.0000000000000000000, -1.000000000000000000, 0.0000000000000000000 ) ) ;
#2564 = EDGE_CURVE ( 'NONE', #696, #2274, #6080, .T. ) ;
#2565 = CARTESIAN_POINT ( 'NONE',  ( -17.50000000000000000, 2.000000000000000000, -2.229670385730951221 ) ) ;
#2566 = ORIENTED_EDGE ( 'NONE', *, *, #6358, .T. ) ;
#2567 = CARTESIAN_POINT ( 'NONE',  ( 16.82951896993248653, 27.71446649162562892, 4.000000000000000888 ) ) ;
#2568 = DIRECTION ( 'NONE',  ( -1.000000000000000000, -0.0000000000000000000, -0.0000000000000000000 ) ) ;
#2569 = CARTESIAN_POINT ( 'NONE',  ( 13.77100954353733719, 46.13357433734352497, 0.7599829073649362332 ) ) ;
#2570 = EDGE_CURVE ( 'NONE', #4974, #3166, #409, .T. ) ;
#2571 = ADVANCED_FACE ( 'NONE', ( #4448 ), #3226, .T. ) ;
#2572 = ORIENTED_EDGE ( 'NONE', *, *, #304, .T. ) ;
#2573 = DIRECTION ( 'NONE',  ( 0.9848077530122080203, 0.1736481776669309696, 0.0000000000000000000 ) ) ;
#2574 = DIRECTION ( 'NONE',  ( -0.0000000000000000000, -1.000000000000000000, -0.0000000000000000000 ) ) ;
#2575 = ORIENTED_EDGE ( 'NONE', *, *, #5652, .F. ) ;
#2576 = AXIS2_PLACEMENT_3D ( 'NONE', #5765, #3952, #1166 ) ;
#2577 = EDGE_CURVE ( 'NONE', #4828, #2360, #652, .T. ) ;
#2578 = CARTESIAN_POINT ( 'NONE',  ( 19.04941369657832340, 2.000000000000000000, 24.70816882992779639 ) ) ;
#2579 = VECTOR ( 'NONE', #3176, 1000.000000000000000 ) ;
#2580 = DIRECTION ( 'NONE',  ( 0.3684098178339152985, 0.0000000000000000000, 0.9296634907984616669 ) ) ;
#2581 = VERTEX_POINT ( 'NONE', #5460 ) ;
#2582 = FACE_OUTER_BOUND ( 'NONE', #1207, .T. ) ;
#2583 = VERTEX_POINT ( 'NONE', #4975 ) ;
#2584 = AXIS2_PLACEMENT_3D ( 'NONE', #5147, #631, #3362 ) ;
#2585 = CARTESIAN_POINT ( 'NONE',  ( -16.00000000000000000, 2.000000000000000000, 31.50000000000000000 ) ) ;
#2586 = CIRCLE ( 'NONE', #3542, 6.000000000000000000 ) ;
#2587 = CARTESIAN_POINT ( 'NONE',  ( 15.31334333109023227, 46.02472049292816081, -2.229670385730952109 ) ) ;
#2588 = ORIENTED_EDGE ( 'NONE', *, *, #5462, .T. ) ;
#2589 = CARTESIAN_POINT ( 'NONE',  ( 17.21450399055210667, 24.96044089177042835, 15.92132635289558706 ) ) ;
#2590 = EDGE_LOOP ( 'NONE', ( #5951, #4738, #144, #6501 ) ) ;
#2591 = CARTESIAN_POINT ( 'NONE',  ( -17.49999999999999645, 2.000000000000000000, 2.229670385730948556 ) ) ;
#2592 = CARTESIAN_POINT ( 'NONE',  ( 17.00000000000000000, 1.000000000000000000, -30.00000000000000000 ) ) ;
#2593 = DIRECTION ( 'NONE',  ( 0.0000000000000000000, 1.000000000000000000, 0.0000000000000000000 ) ) ;
#2594 = CYLINDRICAL_SURFACE ( 'NONE', #6936, 8.499999999999996447 ) ;
#2595 = DIRECTION ( 'NONE',  ( -0.0000000000000000000, -1.000000000000000000, 0.0000000000000000000 ) ) ;
#2596 = ADVANCED_FACE ( 'NONE', ( #1608 ), #3849, .T. ) ;
#2597 = CARTESIAN_POINT ( 'NONE',  ( -16.77917170850974315, 28.00000000000000000, -4.000000000000000000 ) ) ;
#2598 = VERTEX_POINT ( 'NONE', #1061 ) ;
#2599 =( NAMED_UNIT ( * ) PLANE_ANGLE_UNIT ( ) SI_UNIT ( $, .RADIAN. ) );
#2600 = SURFACE_STYLE_USAGE ( .BOTH. , #6077 ) ;
#2601 = CARTESIAN_POINT ( 'NONE',  ( -13.08317187953537264, 40.62691870452482590, 9.032183065321106596 ) ) ;
#2602 = ORIENTED_EDGE ( 'NONE', *, *, #7149, .F. ) ;
#2603 = CARTESIAN_POINT ( 'NONE',  ( 18.77832844992289196, 25.95252311460568961, 3.446632816760521578 ) ) ;
#2604 = DIRECTION ( 'NONE',  ( -0.0000000000000000000, -1.000000000000000000, -0.0000000000000000000 ) ) ;
#2605 = EDGE_CURVE ( 'NONE', #2583, #2941, #3818, .T. ) ;
#2606 = ADVANCED_FACE ( 'NONE', ( #2638 ), #4790, .T. ) ;
#2607 = CIRCLE ( 'NONE', #6032, 3.500000000000003109 ) ;
#2608 = VERTEX_POINT ( 'NONE', #4911 ) ;
#2609 = CYLINDRICAL_SURFACE ( 'NONE', #1001, 5.999999999999998224 ) ;
#2610 = AXIS2_PLACEMENT_3D ( 'NONE', #5717, #5082, #2851 ) ;
#2611 = EDGE_CURVE ( 'NONE', #4611, #5820, #6197, .T. ) ;
#2612 = DIRECTION ( 'NONE',  ( -0.0000000000000000000, -1.000000000000000000, -0.0000000000000000000 ) ) ;
#2613 =( LENGTH_UNIT ( ) NAMED_UNIT ( * ) SI_UNIT ( .MILLI., .METRE. ) );
#2614 = ORIENTED_EDGE ( 'NONE', *, *, #6731, .F. ) ;
#2615 = EDGE_LOOP ( 'NONE', ( #4744, #6282, #439, #7083 ) ) ;
#2616 = STYLED_ITEM ( 'NONE', ( #6594 ), #6633 ) ;
#2617 = AXIS2_PLACEMENT_3D ( 'NONE', #2704, #6224, #1712 ) ;
#2618 = FACE_OUTER_BOUND ( 'NONE', #6189, .T. ) ;
#2619 = CARTESIAN_POINT ( 'NONE',  ( 15.29805563633783372, 34.62703965754567292, 12.52011567604874820 ) ) ;
#2620 = EDGE_LOOP ( 'NONE', ( #6922, #5849, #6520, #4058 ) ) ;
#2621 = ORIENTED_EDGE ( 'NONE', *, *, #3724, .F. ) ;
#2622 = DIRECTION ( 'NONE',  ( -1.040834085586083271E-15, 0.0000000000000000000, 1.000000000000000000 ) ) ;
#2623 = CARTESIAN_POINT ( 'NONE',  ( -18.33120045906894191, 28.00000000000000000, -4.000000000000000888 ) ) ;
#2624 = CARTESIAN_POINT ( 'NONE',  ( 20.11111111111111427, 2.000000000000000000, -28.39657003448201777 ) ) ;
#2625 = AXIS2_PLACEMENT_3D ( 'NONE', #4729, #2574, #358 ) ;
#2626 = CARTESIAN_POINT ( 'NONE',  ( 19.00000000000000000, 1.000000000000000000, 2.229670385730950333 ) ) ;
#2627 = DIRECTION ( 'NONE',  ( -0.0000000000000000000, -1.000000000000000000, -0.0000000000000000000 ) ) ;
#2628 = CIRCLE ( 'NONE', #279, 5.999999999999998224 ) ;
#2629 = LINE ( 'NONE', #1982, #6634 ) ;
#2630 = ORIENTED_EDGE ( 'NONE', *, *, #3316, .F. ) ;
#2631 = CARTESIAN_POINT ( 'NONE',  ( 17.39249901575934842, 25.38296491140138755, 3.038452441970080908 ) ) ;
#2632 = DIRECTION ( 'NONE',  ( 0.9848077530122079093, 0.1736481776669310251, 0.0000000000000000000 ) ) ;
#2633 = SURFACE_STYLE_FILL_AREA ( #3771 ) ;
#2634 = PRESENTATION_STYLE_ASSIGNMENT (( #3335 ) ) ;
#2635 = AXIS2_PLACEMENT_3D ( 'NONE', #1784, #3365, #713 ) ;
#2636 = CIRCLE ( 'NONE', #6781, 10.00000000000000000 ) ;
#2637 = VERTEX_POINT ( 'NONE', #3381 ) ;
#2638 = FACE_OUTER_BOUND ( 'NONE', #1423, .T. ) ;
#2639 = DIRECTION ( 'NONE',  ( 0.1736481776669309418, 0.9848077530122079093, 0.0000000000000000000 ) ) ;
#2640 = AXIS2_PLACEMENT_3D ( 'NONE', #4795, #5243, #4720 ) ;
#2641 = AXIS2_PLACEMENT_3D ( 'NONE', #1853, #4698, #6356 ) ;
#2642 = ORIENTED_EDGE ( 'NONE', *, *, #1663, .T. ) ;
#2643 = AXIS2_PLACEMENT_3D ( 'NONE', #5094, #2353, #27 ) ;
#2644 = CARTESIAN_POINT ( 'NONE',  ( 16.93333333333333357, 24.93584164674765447, -5.281263776440502156 ) ) ;
#2645 = DIRECTION ( 'NONE',  ( 0.0000000000000000000, 0.0000000000000000000, 1.000000000000000000 ) ) ;
#2646 = ADVANCED_FACE ( 'NONE', ( #1722 ), #5205, .F. ) ;
#2647 = DIRECTION ( 'NONE',  ( 0.0000000000000000000, 0.0000000000000000000, 1.000000000000000000 ) ) ;
#2648 = CARTESIAN_POINT ( 'NONE',  ( 16.44011064497304631, 30.91966761948783571, 2.753705706149314203 ) ) ;
#2649 = TOROIDAL_SURFACE ( 'NONE', #886, 4.000000000000000000, 1.000000000000000000 ) ;
#2650 = ORIENTED_EDGE ( 'NONE', *, *, #5556, .F. ) ;
#2651 = VERTEX_POINT ( 'NONE', #19 ) ;
#2652 = ADVANCED_FACE ( 'NONE', ( #5167 ), #4073, .T. ) ;
#2653 = EDGE_CURVE ( 'NONE', #3655, #1620, #1542, .T. ) ;
#2654 = CIRCLE ( 'NONE', #1977, 1.000000000000000000 ) ;
#2655 = CARTESIAN_POINT ( 'NONE',  ( -18.01748830646787880, 30.43745095091089325, -3.188375290888186608 ) ) ;
#2656 = CYLINDRICAL_SURFACE ( 'NONE', #4988, 10.00000000000000178 ) ;
#2657 = ORIENTED_EDGE ( 'NONE', *, *, #1887, .F. ) ;
#2658 = AXIS2_PLACEMENT_3D ( 'NONE', #7160, #6519, #3145 ) ;
#2659 = DIRECTION ( 'NONE',  ( -0.9848077530122080203, -0.1736481776669309696, -7.780179021430174173E-16 ) ) ;
#2660 = ORIENTED_EDGE ( 'NONE', *, *, #4365, .T. ) ;
#2661 = DIRECTION ( 'NONE',  ( -0.9848077530122079093, 0.1736481776669309141, 0.0000000000000000000 ) ) ;
#2662 = CARTESIAN_POINT ( 'NONE',  ( 19.00000000000000355, 24.80912086497396984, -2.423370161046546567 ) ) ;
#2663 = DIRECTION ( 'NONE',  ( 0.3590109871423012300, 1.245569575058715234E-15, -0.9333333333333331261 ) ) ;
#2664 = DIRECTION ( 'NONE',  ( 0.0000000000000000000, 0.0000000000000000000, 1.000000000000000000 ) ) ;
#2665 = CARTESIAN_POINT ( 'NONE',  ( -18.22636807438292195, 28.64461774868943422, 3.951064462099749708 ) ) ;
#2666 = CARTESIAN_POINT ( 'NONE',  ( 17.39139509769426439, 25.38718401393903790, -3.042050359280940697 ) ) ;
#2667 = VERTEX_POINT ( 'NONE', #4601 ) ;
#2668 = CARTESIAN_POINT ( 'NONE',  ( 16.88603358507621621, 27.43199888710052647, 3.969787314706815895 ) ) ;
#2669 = CARTESIAN_POINT ( 'NONE',  ( 37.00000000000000000, 1.000000000000000000, 13.00000000000000000 ) ) ;
#2670 = DIRECTION ( 'NONE',  ( 0.0000000000000000000, 0.0000000000000000000, 1.000000000000000000 ) ) ;
#2671 = CARTESIAN_POINT ( 'NONE',  ( -12.66758421158958114, 2.000000000000000000, -32.78593654904997834 ) ) ;
#2672 = CIRCLE ( 'NONE', #4203, 1.000000000000000888 ) ;
#2673 = ORIENTED_EDGE ( 'NONE', *, *, #1483, .T. ) ;
#2674 = DIRECTION ( 'NONE',  ( -0.0000000000000000000, -1.000000000000000000, 0.0000000000000000000 ) ) ;
#2675 = CARTESIAN_POINT ( 'NONE',  ( -19.01939045069839551, 25.00668284084787985, -2.229670385730952109 ) ) ;
#2676 = EDGE_LOOP ( 'NONE', ( #4121, #5127, #210, #3435, #6028, #3305, #1368 ) ) ;
#2677 = CARTESIAN_POINT ( 'NONE',  ( -13.36625387206723836, 47.54462116389331072, -4.336808689942017736E-16 ) ) ;
#2678 = FACE_OUTER_BOUND ( 'NONE', #4637, .T. ) ;
#2679 = DIRECTION ( 'NONE',  ( -1.000000000000000000, -0.0000000000000000000, -0.0000000000000000000 ) ) ;
#2680 = CARTESIAN_POINT ( 'NONE',  ( 18.00000000000000000, 0.0000000000000000000, -23.81534156157350779 ) ) ;
#2681 = EDGE_CURVE ( 'NONE', #1898, #6811, #5614, .T. ) ;
#2682 =( NAMED_UNIT ( * ) SI_UNIT ( $, .STERADIAN. ) SOLID_ANGLE_UNIT ( ) );
#2683 = ORIENTED_EDGE ( 'NONE', *, *, #3688, .F. ) ;
#2684 = ORIENTED_EDGE ( 'NONE', *, *, #4653, .F. ) ;
#2685 = B_SPLINE_CURVE_WITH_KNOTS ( 'NONE', 3,
 ( #3297, #459, #4972, #5602, #1637, #3770, #5563, #6595, #3882, #6007, #1020, #6670, #7235, #495, #5492, #2742, #2147, #1605 ),
 .UNSPECIFIED., .F., .F.,
 ( 4, 2, 2, 2, 2, 2, 2, 2, 4 ),
 ( 0.003134361323450886739, 0.003526054870873928347, 0.003917748418296970389, 0.004309441965720011564, 0.004701135513143053606, 0.005092829060566095647, 0.005484522607989136822, 0.005876216155412179731, 0.006267909702835220906 ),
 .UNSPECIFIED. ) ;
#2686 = CARTESIAN_POINT ( 'NONE',  ( -19.02483324674637188, 2.012588477335152337, 24.52520381820425399 ) ) ;
#2687 =( BOUNDED_CURVE ( )  B_SPLINE_CURVE ( 3, ( #7264, #7223, #3729, #414 ),
 .UNSPECIFIED., .F., .F. ) 
 B_SPLINE_CURVE_WITH_KNOTS ( ( 4, 4 ),
 ( 0.05416773269537976387, 0.3672080205578382439 ),
 .UNSPECIFIED. ) 
 CURVE ( )  GEOMETRIC_REPRESENTATION_ITEM ( )  RATIONAL_B_SPLINE_CURVE ( ( 1.000000000000000000, 0.9918504728844805829, 0.9918504728844805829, 1.000000000000000000 ) ) 
 REPRESENTATION_ITEM ( '' )  );
#2688 = EDGE_CURVE ( 'NONE', #741, #3141, #4524, .T. ) ;
#2689 = AXIS2_PLACEMENT_3D ( 'NONE', #5531, #2744, #461 ) ;
#2690 = CARTESIAN_POINT ( 'NONE',  ( 14.70567165476878202, 42.68986673106151386, -7.281537266705611522 ) ) ;
#2691 = EDGE_CURVE ( 'NONE', #3589, #550, #169, .T. ) ;
#2692 = EDGE_CURVE ( 'NONE', #4855, #3188, #6764, .T. ) ;
#2693 = LINE ( 'NONE', #1625, #1563 ) ;
#2694 = ORIENTED_EDGE ( 'NONE', *, *, #5040, .F. ) ;
#2695 = DIRECTION ( 'NONE',  ( 0.0000000000000000000, 0.0000000000000000000, -1.000000000000000000 ) ) ;
#2696 = ORIENTED_EDGE ( 'NONE', *, *, #6555, .T. ) ;
#2697 = FACE_OUTER_BOUND ( 'NONE', #271, .T. ) ;
#2698 = FACE_OUTER_BOUND ( 'NONE', #4528, .T. ) ;
#2699 = AXIS2_PLACEMENT_3D ( 'NONE', #3942, #2251, #2293 ) ;
#2700 = DIRECTION ( 'NONE',  ( -0.0000000000000000000, -1.000000000000000000, -0.0000000000000000000 ) ) ;
#2701 = CARTESIAN_POINT ( 'NONE',  ( 9.171312920576319527, 23.27020106417857193, 2.229670385730950333 ) ) ;
#2702 = VECTOR ( 'NONE', #710, 1000.000000000000000 ) ;
#2703 = EDGE_CURVE ( 'NONE', #4071, #3848, #2516, .T. ) ;
#2704 = CARTESIAN_POINT ( 'NONE',  ( 0.0000000000000000000, 2.000000000000000000, -53.00000000000000000 ) ) ;
#2705 = ORIENTED_EDGE ( 'NONE', *, *, #1033, .T. ) ;
#2706 = DIRECTION ( 'NONE',  ( 0.0000000000000000000, 1.000000000000000000, -0.0000000000000000000 ) ) ;
#2707 = DIRECTION ( 'NONE',  ( 0.0000000000000000000, 0.0000000000000000000, -1.000000000000000000 ) ) ;
#2708 = CARTESIAN_POINT ( 'NONE',  ( -17.49925240592942188, 2.293778604851184788, -23.97164779902919207 ) ) ;
#2709 = FACE_OUTER_BOUND ( 'NONE', #2620, .T. ) ;
#2710 = ORIENTED_EDGE ( 'NONE', *, *, #5651, .T. ) ;
#2711 = LINE ( 'NONE', #540, #778 ) ;
#2712 = DIRECTION ( 'NONE',  ( 0.0000000000000000000, 0.9433123908373908240, -0.3319062115909337529 ) ) ;
#2713 = CARTESIAN_POINT ( 'NONE',  ( -16.00000000000000000, 2.000000000000000000, -26.50000000000000355 ) ) ;
#2714 = ORIENTED_EDGE ( 'NONE', *, *, #3100, .T. ) ;
#2715 = DIRECTION ( 'NONE',  ( -0.0000000000000000000, 1.000000000000000000, -0.0000000000000000000 ) ) ;
#2716 = CARTESIAN_POINT ( 'NONE',  ( 4.923355209701210988, -40.50393419067211198, 0.8735988672737573513 ) ) ;
#2717 = CARTESIAN_POINT ( 'NONE',  ( -8.999999999999998224, 2.000000000000000000, 23.77032961426903768 ) ) ;
#2718 = UNCERTAINTY_MEASURE_WITH_UNIT (LENGTH_MEASURE( 1.000000000000000082E-05 ), #1309, 'distance_accuracy_value', 'NONE');
#2719 = AXIS2_PLACEMENT_3D ( 'NONE', #458, #6708, #494 ) ;
#2720 = ORIENTED_EDGE ( 'NONE', *, *, #3050, .F. ) ;
#2721 = ORIENTED_EDGE ( 'NONE', *, *, #1954, .F. ) ;
#2722 = CARTESIAN_POINT ( 'NONE',  ( 12.66758421158957404, 2.000000000000000000, 42.78593654904998544 ) ) ;
#2723 = CIRCLE ( 'NONE', #4625, 2.499999999999998668 ) ;
#2724 = EDGE_CURVE ( 'NONE', #6963, #5803, #923, .T. ) ;
#2725 = DIRECTION ( 'NONE',  ( 0.0000000000000000000, 0.0000000000000000000, 1.000000000000000000 ) ) ;
#2726 = CARTESIAN_POINT ( 'NONE',  ( -16.93333333333331936, 24.93584164674765447, 5.281263776440504820 ) ) ;
#2727 = ORIENTED_EDGE ( 'NONE', *, *, #1850, .T. ) ;
#2728 = CARTESIAN_POINT ( 'NONE',  ( -18.33333333333332149, 12.85621757296392609, -20.18021974284602749 ) ) ;
#2729 = ORIENTED_EDGE ( 'NONE', *, *, #3247, .T. ) ;
#2730 = LINE ( 'NONE', #3838, #6970 ) ;
#2731 = AXIS2_PLACEMENT_3D ( 'NONE', #2217, #596, #5110 ) ;
#2732 = FACE_OUTER_BOUND ( 'NONE', #5924, .T. ) ;
#2733 = LINE ( 'NONE', #7196, #398 ) ;
#2734 = CARTESIAN_POINT ( 'NONE',  ( 14.75418502277194754, 45.00151949514869898, 4.302501001579993378 ) ) ;
#2735 = CARTESIAN_POINT ( 'NONE',  ( -18.20310266781667252, 28.80671016264686912, 3.921182895153366044 ) ) ;
#2736 = ADVANCED_FACE ( 'NONE', ( #4521 ), #1693, .T. ) ;
#2737 = ADVANCED_FACE ( 'NONE', ( #6268 ), #3958, .F. ) ;
#2738 = AXIS2_PLACEMENT_3D ( 'NONE', #3138, #5408, #3627 ) ;
#2739 = CARTESIAN_POINT ( 'NONE',  ( -18.43106906867688011, 27.46236040508393117, 3.972889243559827754 ) ) ;
#2740 = ORIENTED_EDGE ( 'NONE', *, *, #2160, .T. ) ;
#2741 = CARTESIAN_POINT ( 'NONE',  ( -16.93333333333332646, 2.000000000000000000, -20.71873622355948186 ) ) ;
#2742 = CARTESIAN_POINT ( 'NONE',  ( 4.904621172987448041, -39.73603157828173948, -0.9732849572814266104 ) ) ;
#2743 = FACE_OUTER_BOUND ( 'NONE', #6339, .T. ) ;
#2744 = DIRECTION ( 'NONE',  ( -1.000000000000000000, 0.0000000000000000000, 0.0000000000000000000 ) ) ;
#2745 = AXIS2_PLACEMENT_3D ( 'NONE', #3962, #6716, #4485 ) ;
#2746 = ORIENTED_EDGE ( 'NONE', *, *, #4465, .T. ) ;
#2747 = EDGE_CURVE ( 'NONE', #3370, #962, #1014, .T. ) ;
#2748 = EDGE_CURVE ( 'NONE', #6420, #5358, #7030, .T. ) ;
#2749 = CARTESIAN_POINT ( 'NONE',  ( -2.000000000000000888, 0.0000000000000000000, 0.0000000000000000000 ) ) ;
#2750 = CARTESIAN_POINT ( 'NONE',  ( 37.00000000000000000, 2.000000000000000000, 13.00000000000000000 ) ) ;
#2751 = STYLED_ITEM ( 'NONE', ( #6565 ), #5839 ) ;
#2752 = CIRCLE ( 'NONE', #3203, 22.50000000000000711 ) ;
#2753 = AXIS2_PLACEMENT_3D ( 'NONE', #607, #4564, #6831 ) ;
#2754 = CARTESIAN_POINT ( 'NONE',  ( -9.000000000000001776, 1.000000000000000000, -2.229670385730950333 ) ) ;
#2755 = DIRECTION ( 'NONE',  ( 0.0000000000000000000, -1.000000000000000000, 0.0000000000000000000 ) ) ;
#2756 = VERTEX_POINT ( 'NONE', #5287 ) ;
#2757 = CARTESIAN_POINT ( 'NONE',  ( 16.00000000000000000, 2.000000000000000000, 31.50000000000000000 ) ) ;
#2758 = AXIS2_PLACEMENT_3D ( 'NONE', #5683, #2312, #6909 ) ;
#2759 = CARTESIAN_POINT ( 'NONE',  ( -17.39999999999999147, 1.000000000000000000, -5.460769270011663679 ) ) ;
#2760 = CIRCLE ( 'NONE', #2407, 4.999999999999999112 ) ;
#2761 = DIRECTION ( 'NONE',  ( 0.0000000000000000000, -1.000000000000000000, 0.0000000000000000000 ) ) ;
#2762 = AXIS2_PLACEMENT_3D ( 'NONE', #6044, #7283, #3265 ) ;
#2763 = ORIENTED_EDGE ( 'NONE', *, *, #3247, .F. ) ;
#2764 = CIRCLE ( 'NONE', #5613, 21.00000000000000000 ) ;
#2765 = ORIENTED_EDGE ( 'NONE', *, *, #1586, .T. ) ;
#2766 = B_SPLINE_CURVE_WITH_KNOTS ( 'NONE', 3,
 ( #5942, #320, #382, #3116, #2048, #5420, #3218, #2666, #7062, #870 ),
 .UNSPECIFIED., .F., .F.,
 ( 4, 2, 2, 2, 4 ),
 ( 0.003922118876604853421, 0.004789231485445128236, 0.005656344094285403051, 0.006523456703125677866, 0.007390569311965952681 ),
 .UNSPECIFIED. ) ;
#2767 = CARTESIAN_POINT ( 'NONE',  ( -22.50000000000000000, 28.00000000000000000, -4.000000000000000000 ) ) ;
#2768 = B_SPLINE_CURVE_WITH_KNOTS ( 'NONE', 3,
 ( #1562, #1524, #419, #2665, #2735, #454, #2046, #5001, #347, #4938, #4438, #4393 ),
 .UNSPECIFIED., .F., .F.,
 ( 4, 2, 2, 2, 2, 4 ),
 ( 0.003479341271865302350, 0.003969193493990577810, 0.004459045716115854138, 0.005438750160366394651, 0.006418454604616936898, 0.007398159048867477411 ),
 .UNSPECIFIED. ) ;
#2769 = DIRECTION ( 'NONE',  ( 0.0000000000000000000, 1.000000000000000000, 0.0000000000000000000 ) ) ;
#2770 = CARTESIAN_POINT ( 'NONE',  ( -22.50000000000000000, 28.00000000000000000, 0.0000000000000000000 ) ) ;
#2771 = EDGE_LOOP ( 'NONE', ( #1690, #1993, #4378, #6480 ) ) ;
#2772 = CARTESIAN_POINT ( 'NONE',  ( 15.31334333109023227, 46.02472049292816081, 2.229670385730950333 ) ) ;
#2773 = ORIENTED_EDGE ( 'NONE', *, *, #4778, .T. ) ;
#2774 = DIRECTION ( 'NONE',  ( -1.000000000000000000, -0.0000000000000000000, -0.0000000000000000000 ) ) ;
#2775 = DIRECTION ( 'NONE',  ( 0.0000000000000000000, 1.000000000000000000, 0.0000000000000000000 ) ) ;
#2776 = MECHANICAL_DESIGN_GEOMETRIC_PRESENTATION_REPRESENTATION (  '', ( #6680 ), #2425 ) ;
#2777 = CARTESIAN_POINT ( 'NONE',  ( 15.87678109189359255, 2.000000000000000000, 33.31487243864258829 ) ) ;
#2778 = DIRECTION ( 'NONE',  ( -1.000000000000000000, -0.0000000000000000000, -0.0000000000000000000 ) ) ;
#2779 = AXIS2_PLACEMENT_3D ( 'NONE', #7047, #2068, #5407 ) ;
#2780 = CARTESIAN_POINT ( 'NONE',  ( -15.29496712830558813, 46.12893711769432059, -1.865302756834165354 ) ) ;
#2781 = ORIENTED_EDGE ( 'NONE', *, *, #5301, .F. ) ;
#2782 = DIRECTION ( 'NONE',  ( -0.0000000000000000000, 1.000000000000000000, -0.0000000000000000000 ) ) ;
#2783 = DIRECTION ( 'NONE',  ( 1.000000000000000000, 0.0000000000000000000, 0.0000000000000000000 ) ) ;
#2784 = EDGE_CURVE ( 'NONE', #3745, #2598, #4045, .T. ) ;
#2785 = FACE_BOUND ( 'NONE', #3426, .T. ) ;
#2786 = VERTEX_POINT ( 'NONE', #6827 ) ;
#2787 = B_SPLINE_CURVE_WITH_KNOTS ( 'NONE', 3,
 ( #2772, #2135, #521, #3398 ),
 .UNSPECIFIED., .F., .F.,
 ( 4, 4 ),
 ( 2.602085213965211027E-18, 0.002306870052140209178 ),
 .UNSPECIFIED. ) ;
#2788 = DIRECTION ( 'NONE',  ( 0.1736481776669309418, 0.9848077530122079093, 0.0000000000000000000 ) ) ;
#2789 = EDGE_CURVE ( 'NONE', #6964, #1505, #5365, .T. ) ;
#2790 = CARTESIAN_POINT ( 'NONE',  ( -37.00000000000000000, 0.0000000000000000000, 31.78593654904997834 ) ) ;
#2791 = CARTESIAN_POINT ( 'NONE',  ( 16.38287855762947842, 31.32092908250001884, 2.229670385730948556 ) ) ;
#2792 = EDGE_CURVE ( 'NONE', #3983, #1059, #3693, .T. ) ;
#2793 = EDGE_CURVE ( 'NONE', #5406, #5731, #1758, .T. ) ;
#2794 = FACE_BOUND ( 'NONE', #6712, .T. ) ;
#2795 = ORIENTED_EDGE ( 'NONE', *, *, #2036, .F. ) ;
#2796 = CARTESIAN_POINT ( 'NONE',  ( -15.45665680307764234, 45.07861778838106659, 4.331047301340468891 ) ) ;
#2797 = CARTESIAN_POINT ( 'NONE',  ( -18.00000000000000355, 1.000000000000000000, -27.12771867673098569 ) ) ;
#2798 = CARTESIAN_POINT ( 'NONE',  ( 16.59610377130342940, 29.27632790026991216, 3.794404404899260008 ) ) ;
#2799 = EDGE_CURVE ( 'NONE', #4664, #4745, #3802, .T. ) ;
#2800 = ORIENTED_EDGE ( 'NONE', *, *, #4843, .F. ) ;
#2801 = ORIENTED_EDGE ( 'NONE', *, *, #1725, .T. ) ;
#2802 = CARTESIAN_POINT ( 'NONE',  ( -19.00000000000000000, 2.549466938062150856, 23.81534156157350779 ) ) ;
#2803 = CARTESIAN_POINT ( 'NONE',  ( 15.00567522368025486, 36.42643777585494291, 11.81064332037079012 ) ) ;
#2804 = ORIENTED_EDGE ( 'NONE', *, *, #4495, .T. ) ;
#2805 = CARTESIAN_POINT ( 'NONE',  ( -8.673617379884035472E-16, 0.0000000000000000000, -22.99501243788790816 ) ) ;
#2806 = ORIENTED_EDGE ( 'NONE', *, *, #118, .T. ) ;
#2807 =( LENGTH_UNIT ( ) NAMED_UNIT ( * ) SI_UNIT ( .MILLI., .METRE. ) );
#2808 = DIRECTION ( 'NONE',  ( -0.9848077530122080203, 0.1736481776669309696, 0.0000000000000000000 ) ) ;
#2809 = AXIS2_PLACEMENT_3D ( 'NONE', #7131, #837, #3122 ) ;
#2810 = DIRECTION ( 'NONE',  ( 0.0000000000000000000, 0.0000000000000000000, 1.000000000000000000 ) ) ;
#2811 = DIRECTION ( 'NONE',  ( 1.000000000000000000, -0.0000000000000000000, -0.0000000000000000000 ) ) ;
#2812 = EDGE_LOOP ( 'NONE', ( #1184, #1970 ) ) ;
#2813 = CARTESIAN_POINT ( 'NONE',  ( 17.00000000000000000, 2.000000000000000000, -30.00000000000000000 ) ) ;
#2814 = CARTESIAN_POINT ( 'NONE',  ( -4.999982590082841405, -39.00008704960373507, 0.1331232566907533388 ) ) ;
#2815 = DIRECTION ( 'NONE',  ( 0.0000000000000000000, 0.0000000000000000000, 1.000000000000000000 ) ) ;
#2816 = PLANE ( 'NONE',  #3278 ) ;
#2817 = CARTESIAN_POINT ( 'NONE',  ( -15.25901242313525152, 45.05693803994559232, 4.323015725994046932 ) ) ;
#2818 = VERTEX_POINT ( 'NONE', #6266 ) ;
#2819 = AXIS2_PLACEMENT_3D ( 'NONE', #5051, #1140, #889 ) ;
#2820 = CARTESIAN_POINT ( 'NONE',  ( -12.66758421158958114, 2.000000000000000000, -42.78593654904998544 ) ) ;
#2821 = ADVANCED_FACE ( 'NONE', ( #6051 ), #5479, .F. ) ;
#2822 = CARTESIAN_POINT ( 'NONE',  ( -37.00000000000000000, 2.000000000000000000, -13.00000000000000000 ) ) ;
#2823 = AXIS2_PLACEMENT_3D ( 'NONE', #5025, #3893, #6021 ) ;
#2824 = FACE_OUTER_BOUND ( 'NONE', #220, .T. ) ;
#2825 = ORIENTED_EDGE ( 'NONE', *, *, #4199, .T. ) ;
#2826 = ORIENTED_EDGE ( 'NONE', *, *, #33, .F. ) ;
#2827 = ADVANCED_FACE ( 'NONE', ( #2678 ), #3412, .F. ) ;
#2828 = EDGE_CURVE ( 'NONE', #4494, #2608, #2283, .T. ) ;
#2829 = FACE_OUTER_BOUND ( 'NONE', #4350, .T. ) ;
#2830 = CONTEXT_DEPENDENT_SHAPE_REPRESENTATION ( #1392, #4885 ) ;
#2831 = ORIENTED_EDGE ( 'NONE', *, *, #3606, .T. ) ;
#2832 = ORIENTED_EDGE ( 'NONE', *, *, #5057, .F. ) ;
#2833 = CARTESIAN_POINT ( 'NONE',  ( -19.01381770543838456, 2.062472952198707965, 24.34827622772847988 ) ) ;
#2834 = EDGE_CURVE ( 'NONE', #3451, #6822, #6905, .T. ) ;
#2835 = EDGE_CURVE ( 'NONE', #587, #1963, #5645, .T. ) ;
#2836 = CIRCLE ( 'NONE', #5687, 3.500000000000003109 ) ;
#2837 = CARTESIAN_POINT ( 'NONE',  ( 14.62405655566931095, 40.14367483746366361, -9.536893503218191626 ) ) ;
#2838 = DIRECTION ( 'NONE',  ( 0.0000000000000000000, 0.0000000000000000000, 1.000000000000000000 ) ) ;
#2839 = ORIENTED_EDGE ( 'NONE', *, *, #3147, .T. ) ;
#2840 = VERTEX_POINT ( 'NONE', #2123 ) ;
#2841 = FILL_AREA_STYLE_COLOUR ( '', #7208 ) ;
#2842 = CYLINDRICAL_SURFACE ( 'NONE', #2731, 22.50000000000001421 ) ;
#2843 = CARTESIAN_POINT ( 'NONE',  ( 9.999999999999998224, 7.347880794884117764E-16, -5.999999999999998224 ) ) ;
#2844 = AXIS2_PLACEMENT_3D ( 'NONE', #6787, #6824, #566 ) ;
#2845 = FACE_OUTER_BOUND ( 'NONE', #2615, .T. ) ;
#2846 = AXIS2_PLACEMENT_3D ( 'NONE', #4902, #4322, #5976 ) ;
#2847 = CARTESIAN_POINT ( 'NONE',  ( -18.94143427120003054, 25.30325806416517409, 2.966671609404380572 ) ) ;
#2848 = EDGE_LOOP ( 'NONE', ( #6930, #194, #5042, #2291, #742, #5299, #7252 ) ) ;
#2849 = LINE ( 'NONE', #1055, #3430 ) ;
#2850 = DIRECTION ( 'NONE',  ( -0.0000000000000000000, -1.000000000000000000, -0.0000000000000000000 ) ) ;
#2851 = DIRECTION ( 'NONE',  ( 0.0000000000000000000, 0.0000000000000000000, 1.000000000000000000 ) ) ;
#2852 = DIRECTION ( 'NONE',  ( 0.0000000000000000000, 0.0000000000000000000, -1.000000000000000000 ) ) ;
#2853 = DIRECTION ( 'NONE',  ( 0.0000000000000000000, 1.000000000000000000, 0.0000000000000000000 ) ) ;
#2854 = TOROIDAL_SURFACE ( 'NONE', #2501, 4.999999999999999112, 1.000000000000000000 ) ;
#2855 = EDGE_LOOP ( 'NONE', ( #2064, #4198, #4453, #557 ) ) ;
#2856 = CIRCLE ( 'NONE', #5598, 1.000000000000000000 ) ;
#2857 = CARTESIAN_POINT ( 'NONE',  ( -18.33333333333332149, 2.000000000000000000, 5.819780257153963632 ) ) ;
#2858 = VERTEX_POINT ( 'NONE', #648 ) ;
#2859 = DIRECTION ( 'NONE',  ( 0.0000000000000000000, 1.000000000000000000, 0.0000000000000000000 ) ) ;
#2860 = AXIS2_PLACEMENT_3D ( 'NONE', #5586, #2247, #5549 ) ;
#2861 = ORIENTED_EDGE ( 'NONE', *, *, #1513, .T. ) ;
#2862 = ORIENTED_EDGE ( 'NONE', *, *, #2605, .F. ) ;
#2863 = CARTESIAN_POINT ( 'NONE',  ( 0.0000000000000000000, 1.000000000000000000, -53.00000000000000000 ) ) ;
#2864 = CARTESIAN_POINT ( 'NONE',  ( -29.00000000000000000, 0.0000000000000000000, -23.81534156157350068 ) ) ;
#2865 = CIRCLE ( 'NONE', #2983, 18.99999999999999645 ) ;
#2866 = EDGE_LOOP ( 'NONE', ( #5695, #7052, #1752, #3388 ) ) ;
#2867 = VERTEX_POINT ( 'NONE', #3820 ) ;
#2868 = EDGE_CURVE ( 'NONE', #6811, #2651, #3290, .T. ) ;
#2869 = AXIS2_PLACEMENT_3D ( 'NONE', #6061, #5031, #1624 ) ;
#2870 = CIRCLE ( 'NONE', #6548, 1.000000000000000888 ) ;
#2871 = LINE ( 'NONE', #6392, #174 ) ;
#2872 = CIRCLE ( 'NONE', #1587, 5.999999999999999112 ) ;
#2873 = AXIS2_PLACEMENT_3D ( 'NONE', #4764, #7032, #3612 ) ;
#2874 = CYLINDRICAL_SURFACE ( 'NONE', #4386, 10.00000000000000000 ) ;
#2875 = VERTEX_POINT ( 'NONE', #5165 ) ;
#2876 = ORIENTED_EDGE ( 'NONE', *, *, #6322, .T. ) ;
#2877 =( NAMED_UNIT ( * ) PLANE_ANGLE_UNIT ( ) SI_UNIT ( $, .RADIAN. ) );
#2878 = ADVANCED_FACE ( 'NONE', ( #1167 ), #4395, .F. ) ;
#2879 = CARTESIAN_POINT ( 'NONE',  ( 0.0000000000000000000, 1.000000000000000000, -53.00000000000000000 ) ) ;
#2880 = EDGE_CURVE ( 'NONE', #1947, #2188, #305, .T. ) ;
#2881 = DIRECTION ( 'NONE',  ( 0.0000000000000000000, 1.000000000000000000, -1.224646799147353207E-16 ) ) ;
#2882 = CARTESIAN_POINT ( 'NONE',  ( -19.01238517604550182, 2.049799460024575470, -24.33596788663175658 ) ) ;
#2883 = AXIS2_PLACEMENT_3D ( 'NONE', #3301, #6713, #6752 ) ;
#2884 = CIRCLE ( 'NONE', #5618, 8.499999999999992895 ) ;
#2885 = DIRECTION ( 'NONE',  ( 6.413119686690143587E-16, 0.0000000000000000000, -1.000000000000000000 ) ) ;
#2886 = ORIENTED_EDGE ( 'NONE', *, *, #1306, .F. ) ;
#2887 = DIRECTION ( 'NONE',  ( -0.9333333333333332371, 0.0000000000000000000, 0.3590109871423003973 ) ) ;
#2888 = ORIENTED_EDGE ( 'NONE', *, *, #4146, .T. ) ;
#2889 = DIRECTION ( 'NONE',  ( 0.0000000000000000000, 0.0000000000000000000, 1.000000000000000000 ) ) ;
#2890 = CARTESIAN_POINT ( 'NONE',  ( -14.24793085957726824, 44.94560987828760545, -4.281925946714753017 ) ) ;
#2891 = EDGE_CURVE ( 'NONE', #1509, #4008, #5954, .T. ) ;
#2892 = CYLINDRICAL_SURFACE ( 'NONE', #6841, 20.00000000000000355 ) ;
#2893 = CARTESIAN_POINT ( 'NONE',  ( -15.12009839470418981, 44.34659284498459186, 5.338949576479934400 ) ) ;
#2894 = ORIENTED_EDGE ( 'NONE', *, *, #490, .T. ) ;
#2895 = AXIS2_PLACEMENT_3D ( 'NONE', #7289, #3819, #2161 ) ;
#2896 = DIRECTION ( 'NONE',  ( 0.0000000000000000000, 0.0000000000000000000, 1.000000000000000000 ) ) ;
#2897 = LINE ( 'NONE', #3497, #4985 ) ;
#2898 = ORIENTED_EDGE ( 'NONE', *, *, #2724, .T. ) ;
#2899 = DIRECTION ( 'NONE',  ( 0.0000000000000000000, 1.000000000000000000, 0.0000000000000000000 ) ) ;
#2900 = CYLINDRICAL_SURFACE ( 'NONE', #3293, 2.500000000000000000 ) ;
#2901 = CIRCLE ( 'NONE', #2552, 1.000000000000000000 ) ;
#2902 = VERTEX_POINT ( 'NONE', #1719 ) ;
#2903 = ORIENTED_EDGE ( 'NONE', *, *, #6046, .F. ) ;
#2904 = CARTESIAN_POINT ( 'NONE',  ( -11.97331907960222530, 1.000000000000000000, -22.78593654904997834 ) ) ;
#2905 = CARTESIAN_POINT ( 'NONE',  ( 19.00000000000000355, 24.80912086497396984, 2.423370161046561222 ) ) ;
#2906 = VERTEX_POINT ( 'NONE', #6019 ) ;
#2907 = ORIENTED_EDGE ( 'NONE', *, *, #3816, .F. ) ;
#2908 = CARTESIAN_POINT ( 'NONE',  ( -15.31334333109023227, 46.02472049292816081, 2.229670385730950333 ) ) ;
#2909 = EDGE_CURVE ( 'NONE', #389, #1284, #568, .T. ) ;
#2910 = DIRECTION ( 'NONE',  ( 0.0000000000000000000, 0.0000000000000000000, 1.000000000000000000 ) ) ;
#2911 = ORIENTED_EDGE ( 'NONE', *, *, #6279, .F. ) ;
#2912 = FILL_AREA_STYLE ('',( #6810 ) ) ;
#2913 = EDGE_LOOP ( 'NONE', ( #3113, #1054, #239, #2317 ) ) ;
#2914 = ORIENTED_EDGE ( 'NONE', *, *, #5652, .T. ) ;
#2915 = DIRECTION ( 'NONE',  ( -0.0000000000000000000, -0.0000000000000000000, -1.000000000000000000 ) ) ;
#2916 = DIRECTION ( 'NONE',  ( -0.0000000000000000000, -1.000000000000000000, -0.0000000000000000000 ) ) ;
#2917 = EDGE_CURVE ( 'NONE', #1008, #1947, #2331, .T. ) ;
#2918 = EDGE_CURVE ( 'NONE', #4224, #3697, #986, .T. ) ;
#2919 = CARTESIAN_POINT ( 'NONE',  ( 16.93333333333332291, 2.000000000000000000, 5.281263776440504820 ) ) ;
#2920 = VERTEX_POINT ( 'NONE', #1093 ) ;
#2921 = DIRECTION ( 'NONE',  ( 0.0000000000000000000, 0.0000000000000000000, 1.000000000000000000 ) ) ;
#2922 = VERTEX_POINT ( 'NONE', #6564 ) ;
#2923 = DIRECTION ( 'NONE',  ( 0.0000000000000000000, 0.0000000000000000000, 1.000000000000000000 ) ) ;
#2924 = CARTESIAN_POINT ( 'NONE',  ( 15.70581416027142652, 24.82844763484402151, 15.96776842477710190 ) ) ;
#2925 = CIRCLE ( 'NONE', #1412, 1.000000000000000888 ) ;
#2926 = DIRECTION ( 'NONE',  ( -0.9829747306675966634, -0.1733249663713345157, 0.06098471038991398058 ) ) ;
#2927 = EDGE_CURVE ( 'NONE', #1043, #447, #5853, .T. ) ;
#2928 = CARTESIAN_POINT ( 'NONE',  ( 18.33333333333332504, 25.05832577568395436, 5.819780257153957415 ) ) ;
#2929 = EDGE_LOOP ( 'NONE', ( #4168, #6581, #102, #1859, #6648 ) ) ;
#2930 = CARTESIAN_POINT ( 'NONE',  ( -14.69297265791357532, 38.95320438422432119, 10.40039598021398426 ) ) ;
#2931 =( BOUNDED_CURVE ( )  B_SPLINE_CURVE ( 3, ( #2924, #3632, #686, #5835 ),
 .UNSPECIFIED., .F., .F. ) 
 B_SPLINE_CURVE_WITH_KNOTS ( ( 4, 4 ),
 ( 4.634933661082572876, 4.791463647989982810 ),
 .UNSPECIFIED. ) 
 CURVE ( )  GEOMETRIC_REPRESENTATION_ITEM ( )  RATIONAL_B_SPLINE_CURVE ( ( 1.000000000000000000, 0.9979592389603897384, 0.9979592389603897384, 1.000000000000000000 ) ) 
 REPRESENTATION_ITEM ( '' )  );
#2932 = VECTOR ( 'NONE', #1122, 1000.000000000000114 ) ;
#2933 = FACE_OUTER_BOUND ( 'NONE', #6398, .T. ) ;
#2934 = EDGE_CURVE ( 'NONE', #1871, #3012, #3996, .T. ) ;
#2935 = CARTESIAN_POINT ( 'NONE',  ( -16.00000000000000000, 2.000000000000000000, -29.00000000000000000 ) ) ;
#2936 = EDGE_LOOP ( 'NONE', ( #2059, #5943, #2740, #1421 ) ) ;
#2937 = DIRECTION ( 'NONE',  ( -0.9829747306675965524, -0.1733249663713345157, 0.06098471038991398058 ) ) ;
#2938 = FACE_OUTER_BOUND ( 'NONE', #6938, .T. ) ;
#2939 = ORIENTED_EDGE ( 'NONE', *, *, #5258, .F. ) ;
#2940 = AXIS2_PLACEMENT_3D ( 'NONE', #195, #2509, #6507 ) ;
#2941 = VERTEX_POINT ( 'NONE', #1056 ) ;
#2942 = DIRECTION ( 'NONE',  ( 0.0000000000000000000, 0.0000000000000000000, 1.000000000000000000 ) ) ;
#2943 = CIRCLE ( 'NONE', #2584, 1.000000000000000000 ) ;
#2944 = ORIENTED_EDGE ( 'NONE', *, *, #3825, .T. ) ;
#2945 = VERTEX_POINT ( 'NONE', #3807 ) ;
#2946 = DIRECTION ( 'NONE',  ( -0.0000000000000000000, 1.000000000000000000, -0.0000000000000000000 ) ) ;
#2947 = LINE ( 'NONE', #6325, #388 ) ;
#2948 = ORIENTED_EDGE ( 'NONE', *, *, #6545, .F. ) ;
#2949 = CARTESIAN_POINT ( 'NONE',  ( 11.00000000000000000, 0.0000000000000000000, 0.0000000000000000000 ) ) ;
#2950 = VERTEX_POINT ( 'NONE', #424 ) ;
#2951 = CYLINDRICAL_SURFACE ( 'NONE', #6854, 20.00000000000001776 ) ;
#2952 = ORIENTED_EDGE ( 'NONE', *, *, #4741, .T. ) ;
#2953 = CARTESIAN_POINT ( 'NONE',  ( -16.48647138894685682, 30.43767782019340729, 3.188201968441854106 ) ) ;
#2954 = EDGE_CURVE ( 'NONE', #1310, #3225, #2685, .T. ) ;
#2955 = DIRECTION ( 'NONE',  ( 0.0000000000000000000, 0.0000000000000000000, 1.000000000000000000 ) ) ;
#2956 = CYLINDRICAL_SURFACE ( 'NONE', #4511, 10.00000000000000178 ) ;
#2957 = EDGE_LOOP ( 'NONE', ( #4792, #890, #2602, #1282, #1830 ) ) ;
#2958 = DIRECTION ( 'NONE',  ( -0.9296634907984614449, -0.0000000000000000000, -0.3684098178339156315 ) ) ;
#2959 = EDGE_LOOP ( 'NONE', ( #3991, #756 ) ) ;
#2960 = CARTESIAN_POINT ( 'NONE',  ( -9.999999999999998224, 0.0000000000000000000, 0.0000000000000000000 ) ) ;
#2961 = VECTOR ( 'NONE', #2146, 1000.000000000000227 ) ;
#2962 = CARTESIAN_POINT ( 'NONE',  ( 11.97331907960222530, 1.000000000000000000, 22.78593654904997834 ) ) ;
#2963 = CARTESIAN_POINT ( 'NONE',  ( -11.00000000000000000, 0.0000000000000000000, 0.0000000000000000000 ) ) ;
#2964 = EDGE_CURVE ( 'NONE', #7172, #1965, #3205, .T. ) ;
#2965 = ORIENTED_EDGE ( 'NONE', *, *, #1991, .T. ) ;
#2966 = DIRECTION ( 'NONE',  ( 0.0000000000000000000, -1.000000000000000000, -0.0000000000000000000 ) ) ;
#2967 = VECTOR ( 'NONE', #6451, 1000.000000000000000 ) ;
#2968 = FACE_OUTER_BOUND ( 'NONE', #5459, .T. ) ;
#2969 = CARTESIAN_POINT ( 'NONE',  ( -16.34354431137109387, 15.68348285652095697, -19.18544121715003214 ) ) ;
#2970 = CARTESIAN_POINT ( 'NONE',  ( -18.00000000000000000, 0.0000000000000000000, -23.81534156157350779 ) ) ;
#2971 = LINE ( 'NONE', #5248, #3878 ) ;
#2972 = CIRCLE ( 'NONE', #3908, 23.50000000000000711 ) ;
#2973 = EDGE_CURVE ( 'NONE', #4206, #6737, #632, .T. ) ;
#2974 = ORIENTED_EDGE ( 'NONE', *, *, #982, .T. ) ;
#2975 = ADVANCED_FACE ( 'NONE', ( #2224 ), #534, .T. ) ;
#2976 = CIRCLE ( 'NONE', #7126, 2.499999999999998668 ) ;
#2977 = ORIENTED_EDGE ( 'NONE', *, *, #6511, .T. ) ;
#2978 = CARTESIAN_POINT ( 'NONE',  ( -17.39999999999999503, 1.000000000000000000, 20.53923072998832922 ) ) ;
#2979 = CARTESIAN_POINT ( 'NONE',  ( 18.99440554137084192, 24.95462663012349225, 2.603754539663043932 ) ) ;
#2980 = CIRCLE ( 'NONE', #6171, 1.000000000000000888 ) ;
#2981 = ORIENTED_EDGE ( 'NONE', *, *, #7296, .T. ) ;
#2982 = ORIENTED_EDGE ( 'NONE', *, *, #7093, .T. ) ;
#2983 = AXIS2_PLACEMENT_3D ( 'NONE', #5017, #7284, #3344 ) ;
#2984 = CARTESIAN_POINT ( 'NONE',  ( -17.00000000000000000, 0.0000000000000000000, 30.00000000000000000 ) ) ;
#2985 = CARTESIAN_POINT ( 'NONE',  ( -3.000000000000000888, 0.0000000000000000000, 0.0000000000000000000 ) ) ;
#2986 = EDGE_LOOP ( 'NONE', ( #693, #6238, #1487, #2209, #3049 ) ) ;
#2987 = CARTESIAN_POINT ( 'NONE',  ( -2.000000000000000888, 17.99999999999999645, 0.0000000000000000000 ) ) ;
#2988 = ORIENTED_EDGE ( 'NONE', *, *, #933, .T. ) ;
#2989 = PLANE ( 'NONE',  #6370 ) ;
#2990 = VECTOR ( 'NONE', #2295, 1000.000000000000000 ) ;
#2991 = AXIS2_PLACEMENT_3D ( 'NONE', #6038, #2190, #2632 ) ;
#2992 = ORIENTED_EDGE ( 'NONE', *, *, #2428, .T. ) ;
#2993 = FACE_OUTER_BOUND ( 'NONE', #1822, .T. ) ;
#2994 = DIRECTION ( 'NONE',  ( 0.0000000000000000000, 1.000000000000000000, 0.0000000000000000000 ) ) ;
#2995 = LINE ( 'NONE', #5308, #4159 ) ;
#2996 = ORIENTED_EDGE ( 'NONE', *, *, #3724, .T. ) ;
#2997 = DIRECTION ( 'NONE',  ( -2.128554259688561430E-16, -0.9433123908373908240, -0.3319062115909337529 ) ) ;
#2998 = VERTEX_POINT ( 'NONE', #975 ) ;
#2999 = DIRECTION ( 'NONE',  ( -6.413119686690143587E-16, 0.0000000000000000000, 1.000000000000000000 ) ) ;
#3000 = CARTESIAN_POINT ( 'NONE',  ( -9.999999999999998224, 0.0000000000000000000, 0.0000000000000000000 ) ) ;
#3001 = CARTESIAN_POINT ( 'NONE',  ( 18.08932481513022239, 29.73268843213942247, 3.608920784882449606 ) ) ;
#3002 = VECTOR ( 'NONE', #2153, 1000.000000000000000 ) ;
#3003 = CYLINDRICAL_SURFACE ( 'NONE', #200, 9.999999999999996447 ) ;
#3004 = ORIENTED_EDGE ( 'NONE', *, *, #3947, .F. ) ;
#3005 = DIRECTION ( 'NONE',  ( 0.0000000000000000000, 1.000000000000000000, 0.0000000000000000000 ) ) ;
#3006 = CARTESIAN_POINT ( 'NONE',  ( -8.657630719096994554, 1.000000000000000000, -31.15290796623613900 ) ) ;
#3007 = PRODUCT_RELATED_PRODUCT_CATEGORY ( 'part', '', ( #3216 ) ) ;
#3008 = EDGE_CURVE ( 'NONE', #3243, #1735, #2402, .T. ) ;
#3009 = CARTESIAN_POINT ( 'NONE',  ( 18.99999999999999645, 2.652747412077494094, 23.77032961426903057 ) ) ;
#3010 = CARTESIAN_POINT ( 'NONE',  ( -17.27193152933467957, 25.83972492638960361, -3.378502257422349331 ) ) ;
#3011 = DIRECTION ( 'NONE',  ( 1.000000000000000000, 0.0000000000000000000, 0.0000000000000000000 ) ) ;
#3012 = VERTEX_POINT ( 'NONE', #6152 ) ;
#3013 =( GEOMETRIC_REPRESENTATION_CONTEXT ( 3 ) GLOBAL_UNCERTAINTY_ASSIGNED_CONTEXT ( ( #363 ) ) GLOBAL_UNIT_ASSIGNED_CONTEXT ( ( #471, #6055, #999 ) ) REPRESENTATION_CONTEXT ( 'NONE', 'WORKASPACE' ) );
#3014 = ADVANCED_FACE ( 'NONE', ( #5044 ), #7255, .T. ) ;
#3015 = ORIENTED_EDGE ( 'NONE', *, *, #5807, .T. ) ;
#3016 = DIRECTION ( 'NONE',  ( -0.0000000000000000000, -1.000000000000000000, -0.0000000000000000000 ) ) ;
#3017 = CARTESIAN_POINT ( 'NONE',  ( 13.65234865720504054, 35.34497228632486099, 12.26750975110792474 ) ) ;
#3018 = EDGE_CURVE ( 'NONE', #187, #3035, #3217, .T. ) ;
#3019 = ADVANCED_FACE ( 'NONE', ( #4361 ), #1163, .F. ) ;
#3020 = CIRCLE ( 'NONE', #1022, 1.000000000000000888 ) ;
#3021 = ORIENTED_EDGE ( 'NONE', *, *, #5057, .T. ) ;
#3022 = EDGE_CURVE ( 'NONE', #1186, #4441, #50, .T. ) ;
#3023 = CARTESIAN_POINT ( 'NONE',  ( 17.30897057292433772, 8.550218749686866460, 21.69529340288795538 ) ) ;
#3024 = UNCERTAINTY_MEASURE_WITH_UNIT (LENGTH_MEASURE( 1.000000000000000082E-05 ), #6440, 'distance_accuracy_value', 'NONE');
#3025 = ADVANCED_FACE ( 'NONE', ( #6823 ), #1285, .F. ) ;
#3026 = DIRECTION ( 'NONE',  ( 0.0000000000000000000, -0.0000000000000000000, 1.000000000000000000 ) ) ;
#3027 = EDGE_LOOP ( 'NONE', ( #5907, #5222 ) ) ;
#3028 = STYLED_ITEM ( 'NONE', ( #1495 ), #136 ) ;
#3029 = B_SPLINE_CURVE_WITH_KNOTS ( 'NONE', 3,
 ( #1564, #4358, #6561, #1498, #6004, #938, #7165, #3804 ),
 .UNSPECIFIED., .F., .F.,
 ( 4, 2, 2, 4 ),
 ( 0.0000000000000000000, 0.0002676374405394426931, 0.0005352748810788853862, 0.001070549762157761448 ),
 .UNSPECIFIED. ) ;
#3030 = ORIENTED_EDGE ( 'NONE', *, *, #7108, .T. ) ;
#3031 = CARTESIAN_POINT ( 'NONE',  ( 19.03874015565654787, 2.000000000000000000, -24.69471765487524095 ) ) ;
#3032 = ORIENTED_EDGE ( 'NONE', *, *, #1397, .T. ) ;
#3033 = CARTESIAN_POINT ( 'NONE',  ( 18.00000000000000000, 1.000000000000000000, -23.77032961426903057 ) ) ;
#3034 = CARTESIAN_POINT ( 'NONE',  ( -9.000000000000001776, 2.204364238465235033E-15, -17.99999999999999645 ) ) ;
#3035 = VERTEX_POINT ( 'NONE', #14 ) ;
#3036 = CARTESIAN_POINT ( 'NONE',  ( 0.0000000000000000000, -45.00000000000000000, -4.000000000000000000 ) ) ;
#3037 = EDGE_LOOP ( 'NONE', ( #4726, #5202, #1253, #2445 ) ) ;
#3038 = DIRECTION ( 'NONE',  ( 0.0000000000000000000, 0.0000000000000000000, -1.000000000000000000 ) ) ;
#3039 = CARTESIAN_POINT ( 'NONE',  ( -17.21450399055210667, 24.96044089177042835, 15.92132635289558706 ) ) ;
#3040 = FACE_OUTER_BOUND ( 'NONE', #6613, .T. ) ;
#3041 = CARTESIAN_POINT ( 'NONE',  ( 17.42977248818022318, 20.81674853284197724, -17.37929218288893907 ) ) ;
#3042 = ORIENTED_EDGE ( 'NONE', *, *, #5511, .T. ) ;
#3043 = B_SPLINE_CURVE_WITH_KNOTS ( 'NONE', 3,
 ( #3351, #5621, #3198, #994, #2798, #1508, #3749, #5470, #402, #2648, #7182, #2092 ),
 .UNSPECIFIED., .F., .F.,
 ( 4, 2, 2, 2, 2, 4 ),
 ( 0.003690813041759190977, 0.004669324299598058906, 0.005158579928517497207, 0.005647835557436935508, 0.006626346815275811243, 0.007604858073114686978 ),
 .UNSPECIFIED. ) ;
#3044 = DIRECTION ( 'NONE',  ( 0.0000000000000000000, 0.0000000000000000000, 1.000000000000000000 ) ) ;
#3045 = ORIENTED_EDGE ( 'NONE', *, *, #668, .F. ) ;
#3046 = CARTESIAN_POINT ( 'NONE',  ( 2.000000000000000888, 0.0000000000000000000, 0.0000000000000000000 ) ) ;
#3047 = CYLINDRICAL_SURFACE ( 'NONE', #6649, 1.000000000000000888 ) ;
#3048 = CARTESIAN_POINT ( 'NONE',  ( -16.93333333333333357, 2.000000000000000000, -5.281263776440502156 ) ) ;
#3049 = ORIENTED_EDGE ( 'NONE', *, *, #6689, .T. ) ;
#3050 = EDGE_CURVE ( 'NONE', #5870, #7207, #6185, .T. ) ;
#3051 = CARTESIAN_POINT ( 'NONE',  ( 18.60147933533147935, 26.67913881353385719, 3.785135539271550886 ) ) ;
#3052 = DIRECTION ( 'NONE',  ( 0.0000000000000000000, 0.0000000000000000000, 1.000000000000000000 ) ) ;
#3053 = CIRCLE ( 'NONE', #6846, 1.000000000000000888 ) ;
#3054 = ORIENTED_EDGE ( 'NONE', *, *, #4551, .F. ) ;
#3055 = EDGE_CURVE ( 'NONE', #3625, #1231, #643, .T. ) ;
#3056 = EDGE_CURVE ( 'NONE', #2101, #389, #2636, .T. ) ;
#3057 = CARTESIAN_POINT ( 'NONE',  ( 17.98911436985552470, 2.000000000000000000, 24.70324535969126956 ) ) ;
#3058 = AXIS2_PLACEMENT_3D ( 'NONE', #3685, #2755, #2234 ) ;
#3059 = CARTESIAN_POINT ( 'NONE',  ( 8.657630719096994554, 1.000000000000000000, -31.15290796623613900 ) ) ;
#3060 = DIRECTION ( 'NONE',  ( 1.000000000000000000, 0.0000000000000000000, 0.0000000000000000000 ) ) ;
#3061 = EDGE_LOOP ( 'NONE', ( #1074, #6246, #4687, #4204 ) ) ;
#3062 = CARTESIAN_POINT ( 'NONE',  ( 17.49999999999999645, 24.67907091749999182, 2.229670385730948556 ) ) ;
#3063 = ORIENTED_EDGE ( 'NONE', *, *, #1861, .T. ) ;
#3064 = ADVANCED_FACE ( 'NONE', ( #565 ), #44, .T. ) ;
#3065 = ADVANCED_FACE ( 'NONE', ( #721 ), #1929, .T. ) ;
#3066 = EDGE_CURVE ( 'NONE', #2474, #2274, #5721, .T. ) ;
#3067 = CARTESIAN_POINT ( 'NONE',  ( -9.000000000000001776, 0.0000000000000000000, 0.0000000000000000000 ) ) ;
#3068 = DIRECTION ( 'NONE',  ( 1.000000000000000000, -0.0000000000000000000, -0.0000000000000000000 ) ) ;
#3069 = ORIENTED_EDGE ( 'NONE', *, *, #4192, .F. ) ;
#3070 = VERTEX_POINT ( 'NONE', #2337 ) ;
#3071 = CARTESIAN_POINT ( 'NONE',  ( -9.000000000000001776, 2.000000000000000000, -2.229670385730950333 ) ) ;
#3072 = ORIENTED_EDGE ( 'NONE', *, *, #1078, .T. ) ;
#3073 = CARTESIAN_POINT ( 'NONE',  ( 19.00000000000000000, 2.652747412077495870, -23.77032961426903057 ) ) ;
#3074 = DIRECTION ( 'NONE',  ( 0.0000000000000000000, 0.0000000000000000000, 1.000000000000000000 ) ) ;
#3075 = CARTESIAN_POINT ( 'NONE',  ( 0.0000000000000000000, -19.00000000000000000, -5.999999999999999112 ) ) ;
#3076 = CARTESIAN_POINT ( 'NONE',  ( 17.80423287348564898, 16.76559260184350464, -18.80469889935136152 ) ) ;
#3077 = CARTESIAN_POINT ( 'NONE',  ( -19.00000000000000355, 1.000000000000000000, -27.12771867673098569 ) ) ;
#3078 = FACE_OUTER_BOUND ( 'NONE', #2351, .T. ) ;
#3079 = AXIS2_PLACEMENT_3D ( 'NONE', #6551, #1489, #5482 ) ;
#3080 = EDGE_LOOP ( 'NONE', ( #3158, #2952, #6803, #881 ) ) ;
#3081 = SURFACE_STYLE_FILL_AREA ( #4150 ) ;
#3082 = DIRECTION ( 'NONE',  ( 0.0000000000000000000, 0.0000000000000000000, 1.000000000000000000 ) ) ;
#3083 = CARTESIAN_POINT ( 'NONE',  ( -17.30897057292434837, 8.550218749686866460, -21.69529340288794828 ) ) ;
#3084 = AXIS2_PLACEMENT_3D ( 'NONE', #2373, #4634, #1832 ) ;
#3085 = ORIENTED_EDGE ( 'NONE', *, *, #1071, .F. ) ;
#3086 = DIRECTION ( 'NONE',  ( 0.0000000000000000000, 0.0000000000000000000, -1.000000000000000000 ) ) ;
#3087 = CARTESIAN_POINT ( 'NONE',  ( -12.66758421158958114, 1.000000000000000000, -42.78593654904998544 ) ) ;
#3088 = CIRCLE ( 'NONE', #6166, 9.000000000000001776 ) ;
#3089 = VERTEX_POINT ( 'NONE', #6191 ) ;
#3090 = DIRECTION ( 'NONE',  ( 0.0000000000000000000, 0.0000000000000000000, 1.000000000000000000 ) ) ;
#3091 = UNCERTAINTY_MEASURE_WITH_UNIT (LENGTH_MEASURE( 1.000000000000000082E-05 ), #4324, 'distance_accuracy_value', 'NONE');
#3092 = CIRCLE ( 'NONE', #3329, 1.000000000000000444 ) ;
#3093 = EDGE_CURVE ( 'NONE', #4717, #270, #1433, .T. ) ;
#3094 = CARTESIAN_POINT ( 'NONE',  ( 16.00000000000000000, 2.000000000000000000, -29.00000000000000000 ) ) ;
#3095 = ORIENTED_EDGE ( 'NONE', *, *, #7183, .T. ) ;
#3096 = CARTESIAN_POINT ( 'NONE',  ( -17.39466683516787171, 0.0000000000000000000, 5.474648746009643574 ) ) ;
#3097 = ORIENTED_EDGE ( 'NONE', *, *, #2909, .F. ) ;
#3098 = AXIS2_PLACEMENT_3D ( 'NONE', #2985, #5268, #3432 ) ;
#3099 = CARTESIAN_POINT ( 'NONE',  ( -2.000000000000000888, 0.0000000000000000000, 0.0000000000000000000 ) ) ;
#3100 = EDGE_CURVE ( 'NONE', #4478, #5052, #3461, .T. ) ;
#3101 = AXIS2_PLACEMENT_3D ( 'NONE', #2456, #2937, #694 ) ;
#3102 = ADVANCED_FACE ( 'NONE', ( #4515 ), #6263, .F. ) ;
#3103 = EDGE_CURVE ( 'NONE', #7239, #2583, #2464, .T. ) ;
#3104 = DIRECTION ( 'NONE',  ( -1.000000000000000000, 0.0000000000000000000, 0.0000000000000000000 ) ) ;
#3105 = ORIENTED_EDGE ( 'NONE', *, *, #6134, .T. ) ;
#3106 = DIRECTION ( 'NONE',  ( 0.0000000000000000000, 1.000000000000000000, 0.0000000000000000000 ) ) ;
#3107 = ORIENTED_EDGE ( 'NONE', *, *, #5213, .T. ) ;
#3108 = CARTESIAN_POINT ( 'NONE',  ( 18.77525949755805357, 9.590948985735600729, -21.32911054205598944 ) ) ;
#3109 = CARTESIAN_POINT ( 'NONE',  ( 17.93843470154977382, 31.13708752880569719, -2.503488778863219189 ) ) ;
#3110 = CARTESIAN_POINT ( 'NONE',  ( -15.00138125790372534, 43.95476500490527627, -5.819780257153954750 ) ) ;
#3111 = DIRECTION ( 'NONE',  ( -1.000000000000000000, 0.0000000000000000000, 0.0000000000000000000 ) ) ;
#3112 = CIRCLE ( 'NONE', #1241, 10.00000000000000000 ) ;
#3113 = ORIENTED_EDGE ( 'NONE', *, *, #2891, .T. ) ;
#3114 = CYLINDRICAL_SURFACE ( 'NONE', #637, 5.999999999999998224 ) ;
#3115 = ADVANCED_FACE ( 'NONE', ( #5412 ), #6011, .T. ) ;
#3116 = CARTESIAN_POINT ( 'NONE',  ( 17.00907477035246629, 26.87459347099100881, -3.848822646279300486 ) ) ;
#3117 = CIRCLE ( 'NONE', #294, 2.500000000000000000 ) ;
#3118 = EDGE_LOOP ( 'NONE', ( #2588, #5899, #1877, #2727 ) ) ;
#3119 = DIRECTION ( 'NONE',  ( -0.0000000000000000000, -1.000000000000000000, 0.0000000000000000000 ) ) ;
#3120 = AXIS2_PLACEMENT_3D ( 'NONE', #2904, #3505, #3577 ) ;
#3121 = CARTESIAN_POINT ( 'NONE',  ( -15.70581416027143362, 24.82844763484402151, -15.96776842477710190 ) ) ;
#3122 = DIRECTION ( 'NONE',  ( 0.0000000000000000000, 0.0000000000000000000, 1.000000000000000000 ) ) ;
#3123 = EDGE_LOOP ( 'NONE', ( #2694, #2825, #350, #3386, #5727, #1924, #1953, #851, #1603 ) ) ;
#3124 = AXIS2_PLACEMENT_3D ( 'NONE', #4821, #7084, #2214 ) ;
#3125 = CARTESIAN_POINT ( 'NONE',  ( -17.00000000000000000, 2.000000000000000000, -30.00000000000000000 ) ) ;
#3126 = CARTESIAN_POINT ( 'NONE',  ( -12.66758421158958114, 0.0000000000000000000, 42.78593654904998544 ) ) ;
#3127 = ORIENTED_EDGE ( 'NONE', *, *, #3717, .T. ) ;
#3128 = CARTESIAN_POINT ( 'NONE',  ( 17.99891779537460934, 2.567369320503646080, 23.80037005389676352 ) ) ;
#3129 = AXIS2_PLACEMENT_3D ( 'NONE', #6547, #3136, #1482 ) ;
#3130 = CARTESIAN_POINT ( 'NONE',  ( 17.49657498448721071, 24.87462670282271660, -2.502010509159415808 ) ) ;
#3131 = SURFACE_STYLE_FILL_AREA ( #918 ) ;
#3132 = ORIENTED_EDGE ( 'NONE', *, *, #2529, .F. ) ;
#3133 = DIRECTION ( 'NONE',  ( -0.1736481776669309418, 0.9848077530122079093, 0.0000000000000000000 ) ) ;
#3134 = ORIENTED_EDGE ( 'NONE', *, *, #2688, .F. ) ;
#3135 = CIRCLE ( 'NONE', #1269, 1.000000000000000000 ) ;
#3136 = DIRECTION ( 'NONE',  ( 1.000000000000000000, 0.0000000000000000000, -6.413119686690143587E-16 ) ) ;
#3137 = ADVANCED_FACE ( 'NONE', ( #1867 ), #5281, .T. ) ;
#3138 = CARTESIAN_POINT ( 'NONE',  ( 0.0000000000000000000, -19.99999999999999645, 4.999999999999999112 ) ) ;
#3139 = ORIENTED_EDGE ( 'NONE', *, *, #3815, .T. ) ;
#3140 = DIRECTION ( 'NONE',  ( -0.9848077530122079093, 0.1736481776669310251, 0.0000000000000000000 ) ) ;
#3141 = VERTEX_POINT ( 'NONE', #7086 ) ;
#3142 = CYLINDRICAL_SURFACE ( 'NONE', #7320, 21.50000000000001066 ) ;
#3143 = DIRECTION ( 'NONE',  ( 0.0000000000000000000, 0.0000000000000000000, 1.000000000000000000 ) ) ;
#3144 = CARTESIAN_POINT ( 'NONE',  ( -15.12009839470419159, 44.34659284498459186, -5.338949576479934400 ) ) ;
#3145 = DIRECTION ( 'NONE',  ( 1.000000000000000000, 0.0000000000000000000, 0.0000000000000000000 ) ) ;
#3146 = DIRECTION ( 'NONE',  ( -0.0000000000000000000, -1.000000000000000000, -0.0000000000000000000 ) ) ;
#3147 = EDGE_CURVE ( 'NONE', #3089, #1161, #6129, .T. ) ;
#3148 = EDGE_CURVE ( 'NONE', #2326, #3589, #5489, .T. ) ;
#3149 = CARTESIAN_POINT ( 'NONE',  ( 16.72187286690636299, 28.32495787867038928, -4.000000000000000000 ) ) ;
#3150 = EDGE_LOOP ( 'NONE', ( #1795, #4212, #4876, #2356 ) ) ;
#3151 = CARTESIAN_POINT ( 'NONE',  ( -17.49999999999999645, 2.524818719738458395, 23.81534156157350779 ) ) ;
#3152 = CYLINDRICAL_SURFACE ( 'NONE', #4044, 19.99999999999999645 ) ;
#3153 = CARTESIAN_POINT ( 'NONE',  ( 13.77545966957904788, 46.10833641842820185, -0.7496570352250304659 ) ) ;
#3154 = EDGE_LOOP ( 'NONE', ( #3295, #7186, #7279, #6598 ) ) ;
#3155 = ADVANCED_FACE ( 'NONE', ( #1901 ), #3142, .T. ) ;
#3156 = FACE_OUTER_BOUND ( 'NONE', #3312, .T. ) ;
#3157 = CARTESIAN_POINT ( 'NONE',  ( -22.50000000000000000, 28.00000000000000000, 0.0000000000000000000 ) ) ;
#3158 = ORIENTED_EDGE ( 'NONE', *, *, #1577, .F. ) ;
#3159 = PRESENTATION_LAYER_ASSIGNMENT (  '', '', ( #6357 ) ) ;
#3160 = CARTESIAN_POINT ( 'NONE',  ( 17.98405139903636751, 2.000000000000000000, -24.70762377871156446 ) ) ;
#3161 = UNCERTAINTY_MEASURE_WITH_UNIT (LENGTH_MEASURE( 1.000000000000000082E-05 ), #3299, 'distance_accuracy_value', 'NONE');
#3162 = SHAPE_REPRESENTATION ( 'Wheel', ( #3712 ), #891 ) ;
#3163 = AXIS2_PLACEMENT_3D ( 'NONE', #7156, #5996, #928 ) ;
#3164 = CARTESIAN_POINT ( 'NONE',  ( -17.44810347938429373, 2.000000000000000000, -24.70817160608588381 ) ) ;
#3165 = SURFACE_SIDE_STYLE ('',( #3131 ) ) ;
#3166 = VERTEX_POINT ( 'NONE', #4786 ) ;
#3167 = ORIENTED_EDGE ( 'NONE', *, *, #4087, .F. ) ;
#3168 = CIRCLE ( 'NONE', #3992, 9.000000000000001776 ) ;
#3169 = DIRECTION ( 'NONE',  ( -1.000000000000000000, -0.0000000000000000000, -0.0000000000000000000 ) ) ;
#3170 = B_SPLINE_CURVE_WITH_KNOTS ( 'NONE', 3,
 ( #3598, #5873, #3144, #3110 ),
 .UNSPECIFIED., .F., .F.,
 ( 4, 4 ),
 ( 0.002400187196425397455, 0.004267517897791723962 ),
 .UNSPECIFIED. ) ;
#3171 = AXIS2_PLACEMENT_3D ( 'NONE', #3308, #3822, #6724 ) ;
#3172 = CARTESIAN_POINT ( 'NONE',  ( -18.52925534077187919, 2.000000000002611245, 24.04325317130218309 ) ) ;
#3173 = VERTEX_POINT ( 'NONE', #828 ) ;
#3174 = LINE ( 'NONE', #5443, #2420 ) ;
#3175 = ORIENTED_EDGE ( 'NONE', *, *, #6001, .F. ) ;
#3176 = DIRECTION ( 'NONE',  ( 0.0000000000000000000, 1.000000000000000000, 0.0000000000000000000 ) ) ;
#3177 = CARTESIAN_POINT ( 'NONE',  ( 17.96538235906579217, 30.91867637222184584, -2.754583511676047980 ) ) ;
#3178 = DIRECTION ( 'NONE',  ( 0.1736481776669309696, 0.9848077530122080203, 0.0000000000000000000 ) ) ;
#3179 = CARTESIAN_POINT ( 'NONE',  ( 18.00000000000000000, 1.000000000000000000, -4.282202112918619186 ) ) ;
#3180 = CARTESIAN_POINT ( 'NONE',  ( 18.00000000000000000, 1.000000000000000000, -23.81534156157350779 ) ) ;
#3181 = CARTESIAN_POINT ( 'NONE',  ( 16.50890800058747132, 30.16433759390517011, -3.379611691506009485 ) ) ;
#3182 = EDGE_LOOP ( 'NONE', ( #6889, #4953, #114, #5703 ) ) ;
#3183 = CARTESIAN_POINT ( 'NONE',  ( -16.24576808552234652, 34.79414693229021083, 12.46131867197196641 ) ) ;
#3184 = CARTESIAN_POINT ( 'NONE',  ( -37.00000000000000000, 0.0000000000000000000, -13.00000000000000000 ) ) ;
#3185 = DIRECTION ( 'NONE',  ( 1.000000000000000000, 0.0000000000000000000, 0.0000000000000000000 ) ) ;
#3186 = ADVANCED_FACE ( 'NONE', ( #4674 ), #6941, .F. ) ;
#3187 = CARTESIAN_POINT ( 'NONE',  ( -13.08808608315294641, 41.40900247243669696, 8.345051498585556615 ) ) ;
#3188 = VERTEX_POINT ( 'NONE', #1353 ) ;
#3189 = DIRECTION ( 'NONE',  ( -1.000000000000000000, 0.0000000000000000000, 1.224646799147353207E-16 ) ) ;
#3190 = DIRECTION ( 'NONE',  ( 0.0000000000000000000, 1.000000000000000000, 0.0000000000000000000 ) ) ;
#3191 = EDGE_CURVE ( 'NONE', #3745, #1917, #5834, .T. ) ;
#3192 = ADVANCED_FACE ( 'NONE', ( #4712 ), #6978, .T. ) ;
#3193 = AXIS2_PLACEMENT_3D ( 'NONE', #533, #2782, #2921 ) ;
#3194 = ORIENTED_EDGE ( 'NONE', *, *, #2469, .T. ) ;
#3195 = DIRECTION ( 'NONE',  ( 0.0000000000000000000, 0.0000000000000000000, 1.000000000000000000 ) ) ;
#3196 = CARTESIAN_POINT ( 'NONE',  ( -17.00000000000000000, 2.000000000000000000, 33.50000000000000000 ) ) ;
#3197 = CARTESIAN_POINT ( 'NONE',  ( 17.49096373539199689, 2.524048054728505353, 23.81561272148441688 ) ) ;
#3198 = CARTESIAN_POINT ( 'NONE',  ( 16.67346392479331385, 28.65004765767455908, 3.960098279148823508 ) ) ;
#3199 = TOROIDAL_SURFACE ( 'NONE', #2610, 11.00000000000000000, 1.000000000000000000 ) ;
#3200 = ORIENTED_EDGE ( 'NONE', *, *, #343, .T. ) ;
#3201 = ORIENTED_EDGE ( 'NONE', *, *, #2973, .F. ) ;
#3202 = TOROIDAL_SURFACE ( 'NONE', #969, 23.50000000000000711, 1.000000000000000000 ) ;
#3203 = AXIS2_PLACEMENT_3D ( 'NONE', #4998, #2700, #5555 ) ;
#3204 = CARTESIAN_POINT ( 'NONE',  ( 14.36070098527083161, 31.17516791688956701, -13.73466314035367652 ) ) ;
#3205 =( BOUNDED_CURVE ( )  B_SPLINE_CURVE ( 3, ( #1500, #2083, #7275, #7168 ),
 .UNSPECIFIED., .F., .F. ) 
 B_SPLINE_CURVE_WITH_KNOTS ( ( 4, 4 ),
 ( 5.915977286621749265, 6.236283792078864963 ),
 .UNSPECIFIED. ) 
 CURVE ( )  GEOMETRIC_REPRESENTATION_ITEM ( )  RATIONAL_B_SPLINE_CURVE ( ( 1.000000000000000000, 0.9914685705550954076, 0.9914685705550954076, 1.000000000000000000 ) ) 
 REPRESENTATION_ITEM ( '' )  );
#3206 = CARTESIAN_POINT ( 'NONE',  ( -19.04941369657832340, 2.000000000000000000, 24.70816882992779639 ) ) ;
#3207 = ORIENTED_EDGE ( 'NONE', *, *, #4192, .T. ) ;
#3208 = VECTOR ( 'NONE', #1281, 1000.000000000000227 ) ;
#3209 = FACE_OUTER_BOUND ( 'NONE', #6176, .T. ) ;
#3210 = ORIENTED_EDGE ( 'NONE', *, *, #317, .F. ) ;
#3211 = FACE_OUTER_BOUND ( 'NONE', #711, .T. ) ;
#3212 = LINE ( 'NONE', #7195, #3572 ) ;
#3213 = CARTESIAN_POINT ( 'NONE',  ( -3.000000000000000888, 0.0000000000000000000, 0.0000000000000000000 ) ) ;
#3214 = DIRECTION ( 'NONE',  ( -0.1736481776669309696, 0.9848077530122080203, 0.0000000000000000000 ) ) ;
#3215 = CARTESIAN_POINT ( 'NONE',  ( -8.992381193096983694, 0.0000000000000000000, 2.249498208585212211 ) ) ;
#3216 = PRODUCT ( 'Wheel pin', 'Wheel pin', '', ( #6168 ) ) ;
#3217 = CIRCLE ( 'NONE', #1114, 21.00000000000001421 ) ;
#3218 = CARTESIAN_POINT ( 'NONE',  ( 17.27083138511657268, 25.84385504583710258, -3.381111755333572777 ) ) ;
#3219 = EDGE_LOOP ( 'NONE', ( #2965, #867, #3556, #7155 ) ) ;
#3220 = CARTESIAN_POINT ( 'NONE',  ( 17.20568974646307225, 26.08788231022105464, 3.524712133211265641 ) ) ;
#3221 = DIRECTION ( 'NONE',  ( 0.0000000000000000000, 1.000000000000000000, 0.0000000000000000000 ) ) ;
#3222 = DIRECTION ( 'NONE',  ( 0.0000000000000000000, 0.0000000000000000000, -1.000000000000000000 ) ) ;
#3223 = CIRCLE ( 'NONE', #52, 21.50000000000001066 ) ;
#3224 = VECTOR ( 'NONE', #4335, 1000.000000000000000 ) ;
#3225 = VERTEX_POINT ( 'NONE', #4858 ) ;
#3226 = CYLINDRICAL_SURFACE ( 'NONE', #3483, 5.999999999999999112 ) ;
#3227 = EDGE_CURVE ( 'NONE', #4763, #3188, #7194, .T. ) ;
#3228 = CARTESIAN_POINT ( 'NONE',  ( -19.00000000000000000, 1.000000000000000000, -23.81534156157350779 ) ) ;
#3229 = AXIS2_PLACEMENT_3D ( 'NONE', #4945, #2056, #1574 ) ;
#3230 = AXIS2_PLACEMENT_3D ( 'NONE', #3831, #515, #1592 ) ;
#3231 = ADVANCED_FACE ( 'NONE', ( #6700 ), #6553, .T. ) ;
#3232 = ORIENTED_EDGE ( 'NONE', *, *, #2244, .T. ) ;
#3233 = AXIS2_PLACEMENT_3D ( 'NONE', #1808, #738, #4004 ) ;
#3234 = CARTESIAN_POINT ( 'NONE',  ( 10.00000000000000178, 0.0000000000000000000, 23.00000000000000000 ) ) ;
#3235 = CARTESIAN_POINT ( 'NONE',  ( 8.999999999999998224, 0.0000000000000000000, -23.77032961426903768 ) ) ;
#3236 = FACE_OUTER_BOUND ( 'NONE', #6245, .T. ) ;
#3237 = ADVANCED_FACE ( 'NONE', ( #5553 ), #4932, .T. ) ;
#3238 = EDGE_CURVE ( 'NONE', #1161, #5368, #4962, .T. ) ;
#3239 = DIRECTION ( 'NONE',  ( -0.0000000000000000000, 1.000000000000000000, -0.0000000000000000000 ) ) ;
#3240 = TOROIDAL_SURFACE ( 'NONE', #3124, 4.999999999999999112, 1.000000000000000000 ) ;
#3241 = APPLICATION_PROTOCOL_DEFINITION ( 'draft international standard', 'automotive_design', 1998, #5062 ) ;
#3242 = EDGE_CURVE ( 'NONE', #1142, #1516, #2687, .T. ) ;
#3243 = VERTEX_POINT ( 'NONE', #963 ) ;
#3244 = ORIENTED_EDGE ( 'NONE', *, *, #5099, .F. ) ;
#3245 = VECTOR ( 'NONE', #3780, 1000.000000000000000 ) ;
#3246 = DIRECTION ( 'NONE',  ( 0.9848077530122080203, 0.1736481776669311083, 0.0000000000000000000 ) ) ;
#3247 = EDGE_CURVE ( 'NONE', #2510, #5820, #911, .T. ) ;
#3248 = CARTESIAN_POINT ( 'NONE',  ( 15.14447925421550245, 35.54253697476519136, -12.19799624961966522 ) ) ;
#3249 = DIRECTION ( 'NONE',  ( -0.9471064110407390046, 0.0000000000000000000, 0.3209196880304027166 ) ) ;
#3250 = VERTEX_POINT ( 'NONE', #2591 ) ;
#3251 = CIRCLE ( 'NONE', #2658, 1.000000000000000888 ) ;
#3252 = CARTESIAN_POINT ( 'NONE',  ( -3.000000000000000888, 0.0000000000000000000, 0.0000000000000000000 ) ) ;
#3253 = ORIENTED_EDGE ( 'NONE', *, *, #6012, .F. ) ;
#3254 = DIRECTION ( 'NONE',  ( -0.0000000000000000000, -1.000000000000000000, -0.0000000000000000000 ) ) ;
#3255 = DIRECTION ( 'NONE',  ( -0.9848077530122079093, 0.1736481776669310806, 0.0000000000000000000 ) ) ;
#3256 = CARTESIAN_POINT ( 'NONE',  ( -16.00000000000000000, 0.0000000000000000000, 29.00000000000000000 ) ) ;
#3257 = CYLINDRICAL_SURFACE ( 'NONE', #2846, 10.00000000000000000 ) ;
#3258 = VERTEX_POINT ( 'NONE', #6584 ) ;
#3259 = LINE ( 'NONE', #3806, #3309 ) ;
#3260 = CARTESIAN_POINT ( 'NONE',  ( -17.49065276715008821, 24.98460077916930544, 2.628187120243466790 ) ) ;
#3261 = DIRECTION ( 'NONE',  ( 0.0000000000000000000, 0.0000000000000000000, -1.000000000000000000 ) ) ;
#3262 = CLOSED_SHELL ( 'NONE', ( #4366, #6411, #2571, #7139, #7068, #3511, #821, #4924, #5142, #4871, #1497, #4006, #5525, #5918, #1029, #5418, #5012, #6502 ) ) ;
#3263 = ORIENTED_EDGE ( 'NONE', *, *, #6461, .F. ) ;
#3264 = LINE ( 'NONE', #5533, #2169 ) ;
#3265 = DIRECTION ( 'NONE',  ( 0.0000000000000000000, 0.0000000000000000000, 1.000000000000000000 ) ) ;
#3266 = CARTESIAN_POINT ( 'NONE',  ( -17.55521871612377538, 2.648038039979909719, -23.77198661556262493 ) ) ;
#3267 = VERTEX_POINT ( 'NONE', #6106 ) ;
#3268 = EDGE_CURVE ( 'NONE', #2945, #1691, #2730, .T. ) ;
#3269 = DIRECTION ( 'NONE',  ( 0.0000000000000000000, 1.000000000000000000, 0.0000000000000000000 ) ) ;
#3270 = DIRECTION ( 'NONE',  ( 0.0000000000000000000, 0.0000000000000000000, 1.000000000000000000 ) ) ;
#3271 = FACE_OUTER_BOUND ( 'NONE', #703, .T. ) ;
#3272 = DIRECTION ( 'NONE',  ( 0.0000000000000000000, 0.0000000000000000000, 1.000000000000000000 ) ) ;
#3273 = ORIENTED_EDGE ( 'NONE', *, *, #6925, .T. ) ;
#3274 = ORIENTED_EDGE ( 'NONE', *, *, #490, .F. ) ;
#3275 = ADVANCED_FACE ( 'NONE', ( #2697 ), #4996, .T. ) ;
#3276 = EDGE_CURVE ( 'NONE', #6945, #389, #2042, .T. ) ;
#3277 = FACE_OUTER_BOUND ( 'NONE', #1848, .T. ) ;
#3278 = AXIS2_PLACEMENT_3D ( 'NONE', #4595, #1288, #4560 ) ;
#3279 = DIRECTION ( 'NONE',  ( 6.413119686690143587E-16, -0.0000000000000000000, -1.000000000000000000 ) ) ;
#3280 = DIRECTION ( 'NONE',  ( -1.000000000000000000, -0.0000000000000000000, -0.0000000000000000000 ) ) ;
#3281 = ORIENTED_EDGE ( 'NONE', *, *, #1402, .T. ) ;
#3282 = CARTESIAN_POINT ( 'NONE',  ( 0.0000000000000000000, 19.00000000000000000, 0.0000000000000000000 ) ) ;
#3283 = ORIENTED_EDGE ( 'NONE', *, *, #3227, .T. ) ;
#3284 = DIRECTION ( 'NONE',  ( 0.0000000000000000000, 1.000000000000000000, 0.0000000000000000000 ) ) ;
#3285 = EDGE_CURVE ( 'NONE', #4611, #3509, #233, .T. ) ;
#3286 = DIRECTION ( 'NONE',  ( 0.0000000000000000000, 0.0000000000000000000, 1.000000000000000000 ) ) ;
#3287 = EDGE_CURVE ( 'NONE', #179, #4611, #5064, .T. ) ;
#3288 = ADVANCED_FACE ( 'NONE', ( #6067, #1011 ), #3871, .F. ) ;
#3289 = DIRECTION ( 'NONE',  ( 1.000000000000000000, 0.0000000000000000000, 0.0000000000000000000 ) ) ;
#3290 = B_SPLINE_CURVE_WITH_KNOTS ( 'NONE', 3,
 ( #4519, #2893, #1206, #2817 ),
 .UNSPECIFIED., .F., .F.,
 ( 4, 4 ),
 ( 0.0000000000000000000, 0.001867330701366333228 ),
 .UNSPECIFIED. ) ;
#3291 = FACE_OUTER_BOUND ( 'NONE', #7147, .T. ) ;
#3292 = FACE_OUTER_BOUND ( 'NONE', #1455, .T. ) ;
#3293 = AXIS2_PLACEMENT_3D ( 'NONE', #6385, #6348, #774 ) ;
#3294 = DIRECTION ( 'NONE',  ( 0.0000000000000000000, 1.000000000000000000, -0.0000000000000000000 ) ) ;
#3295 = ORIENTED_EDGE ( 'NONE', *, *, #5882, .F. ) ;
#3296 = CARTESIAN_POINT ( 'NONE',  ( -16.00000000000000000, 2.000000000000000000, -29.00000000000000000 ) ) ;
#3297 = CARTESIAN_POINT ( 'NONE',  ( 4.898979485566356651, -40.00000000000000000, 1.000000000000000444 ) ) ;
#3298 = CARTESIAN_POINT ( 'NONE',  ( 0.0000000000000000000, 20.99999999999999645, 0.0000000000000000000 ) ) ;
#3299 =( LENGTH_UNIT ( ) NAMED_UNIT ( * ) SI_UNIT ( .MILLI., .METRE. ) );
#3300 = VERTEX_POINT ( 'NONE', #3321 ) ;
#3301 = CARTESIAN_POINT ( 'NONE',  ( 37.00000000000000000, 2.000000000000000000, 13.00000000000000000 ) ) ;
#3302 = CARTESIAN_POINT ( 'NONE',  ( -19.00000000000000355, 1.000000000000000000, 27.12771867673098569 ) ) ;
#3303 = DIRECTION ( 'NONE',  ( 0.0000000000000000000, 0.0000000000000000000, 1.000000000000000000 ) ) ;
#3304 = DIRECTION ( 'NONE',  ( 0.0000000000000000000, 1.000000000000000000, 0.0000000000000000000 ) ) ;
#3305 = ORIENTED_EDGE ( 'NONE', *, *, #2964, .F. ) ;
#3306 = LINE ( 'NONE', #2757, #3245 ) ;
#3307 = CARTESIAN_POINT ( 'NONE',  ( -17.49999999999999645, 2.000000000000000000, 24.51473681785430614 ) ) ;
#3308 = CARTESIAN_POINT ( 'NONE',  ( 0.0000000000000000000, -20.99999999999999645, 0.0000000000000000000 ) ) ;
#3309 = VECTOR ( 'NONE', #1162, 1000.000000000000000 ) ;
#3310 = SURFACE_STYLE_USAGE ( .BOTH. , #6691 ) ;
#3311 = VERTEX_POINT ( 'NONE', #4282 ) ;
#3312 = EDGE_LOOP ( 'NONE', ( #2657, #5019, #5688, #1375 ) ) ;
#3313 = DIRECTION ( 'NONE',  ( -0.0000000000000000000, 1.000000000000000000, 1.224646799147353207E-16 ) ) ;
#3314 = VECTOR ( 'NONE', #1132, 1000.000000000000000 ) ;
#3315 = CARTESIAN_POINT ( 'NONE',  ( 17.00000000000000000, 1.000000000000000000, 30.00000000000000000 ) ) ;
#3316 = EDGE_CURVE ( 'NONE', #447, #1043, #579, .T. ) ;
#3317 = CARTESIAN_POINT ( 'NONE',  ( 6.123233995736765296E-16, -1.000000000000000888, -5.000000000000000000 ) ) ;
#3318 = ORIENTED_EDGE ( 'NONE', *, *, #2237, .T. ) ;
#3319 = CARTESIAN_POINT ( 'NONE',  ( 13.16554580495685833, 38.96575564336522035, -10.31239307738617761 ) ) ;
#3320 = EDGE_LOOP ( 'NONE', ( #1389, #5309, #3539, #4039 ) ) ;
#3321 = CARTESIAN_POINT ( 'NONE',  ( 18.33120045906894191, 28.00000000000000355, -4.000000000000000000 ) ) ;
#3322 = TOROIDAL_SURFACE ( 'NONE', #147, 11.00000000000000000, 1.000000000000000000 ) ;
#3323 = CARTESIAN_POINT ( 'NONE',  ( -18.43162126665625777, 27.45978219064020109, -3.972324919357743678 ) ) ;
#3324 = CYLINDRICAL_SURFACE ( 'NONE', #5256, 8.500000000000000000 ) ;
#3325 = EDGE_CURVE ( 'NONE', #2326, #1589, #4895, .T. ) ;
#3326 = CARTESIAN_POINT ( 'NONE',  ( -13.80760375377867355, 45.92603825809861462, 1.865302247104640543 ) ) ;
#3327 = DIRECTION ( 'NONE',  ( 0.0000000000000000000, 0.0000000000000000000, 1.000000000000000000 ) ) ;
#3328 = ADVANCED_FACE ( 'NONE', ( #3211 ), #6720, .T. ) ;
#3329 = AXIS2_PLACEMENT_3D ( 'NONE', #6213, #3249, #2175 ) ;
#3330 = DIRECTION ( 'NONE',  ( -1.000000000000000000, -0.0000000000000000000, -0.0000000000000000000 ) ) ;
#3331 = ORIENTED_EDGE ( 'NONE', *, *, #982, .F. ) ;
#3332 = DIRECTION ( 'NONE',  ( -0.0000000000000000000, -1.000000000000000000, -0.0000000000000000000 ) ) ;
#3333 = DIRECTION ( 'NONE',  ( 0.0000000000000000000, 0.0000000000000000000, -1.000000000000000000 ) ) ;
#3334 = DIRECTION ( 'NONE',  ( -1.734723475976806700E-15, 0.0000000000000000000, 1.000000000000000000 ) ) ;
#3335 = SURFACE_STYLE_USAGE ( .BOTH. , #1095 ) ;
#3336 = AXIS2_PLACEMENT_3D ( 'NONE', #3059, #1414, #2580 ) ;
#3337 = ORIENTED_EDGE ( 'NONE', *, *, #5648, .F. ) ;
#3338 = LINE ( 'NONE', #1537, #5373 ) ;
#3339 = CARTESIAN_POINT ( 'NONE',  ( 0.0000000000000000000, 20.00000000000000000, 0.0000000000000000000 ) ) ;
#3340 = EDGE_CURVE ( 'NONE', #447, #2121, #5193, .T. ) ;
#3341 = CIRCLE ( 'NONE', #6902, 5.999999999999999112 ) ;
#3342 = CONICAL_SURFACE ( 'NONE', #3924, 23.00000000000000000, 0.09966865249116207970 ) ;
#3343 = AXIS2_PLACEMENT_3D ( 'NONE', #2090, #4949, #1541 ) ;
#3344 = DIRECTION ( 'NONE',  ( 0.0000000000000000000, 0.0000000000000000000, 1.000000000000000000 ) ) ;
#3345 = LINE ( 'NONE', #2713, #2111 ) ;
#3346 = ORIENTED_EDGE ( 'NONE', *, *, #5099, .T. ) ;
#3347 = FACE_OUTER_BOUND ( 'NONE', #7063, .T. ) ;
#3348 = AXIS2_PLACEMENT_3D ( 'NONE', #248, #5806, #3044 ) ;
#3349 = DIRECTION ( 'NONE',  ( 6.413119686690143587E-16, -0.0000000000000000000, 1.000000000000000000 ) ) ;
#3350 = AXIS2_PLACEMENT_3D ( 'NONE', #1187, #1339, #4086 ) ;
#3351 = CARTESIAN_POINT ( 'NONE',  ( 16.77917170850973960, 28.00000000000000355, 4.000000000000000000 ) ) ;
#3352 = ORIENTED_EDGE ( 'NONE', *, *, #1619, .F. ) ;
#3353 = AXIS2_PLACEMENT_3D ( 'NONE', #2391, #777, #1335 ) ;
#3354 = ORIENTED_EDGE ( 'NONE', *, *, #3376, .F. ) ;
#3355 = DIRECTION ( 'NONE',  ( -0.1736481776669309696, 0.9848077530122080203, 0.0000000000000000000 ) ) ;
#3356 = STYLED_ITEM ( 'NONE', ( #193 ), #7285 ) ;
#3357 = CARTESIAN_POINT ( 'NONE',  ( 14.70278889147439472, 38.95252195739387702, 10.38013044818620045 ) ) ;
#3358 = FACE_OUTER_BOUND ( 'NONE', #3661, .T. ) ;
#3359 = ORIENTED_EDGE ( 'NONE', *, *, #3616, .F. ) ;
#3360 = CARTESIAN_POINT ( 'NONE',  ( 19.00000000000000000, 2.617530056290568563, 23.78337045769510283 ) ) ;
#3361 = VERTEX_POINT ( 'NONE', #5591 ) ;
#3362 = DIRECTION ( 'NONE',  ( 0.0000000000000000000, 0.0000000000000000000, -1.000000000000000000 ) ) ;
#3363 = DIRECTION ( 'NONE',  ( 8.163404592832036924E-16, 0.0000000000000000000, 1.000000000000000000 ) ) ;
#3364 = MECHANICAL_DESIGN_GEOMETRIC_PRESENTATION_REPRESENTATION (  '', ( #4803 ), #4426 ) ;
#3365 = DIRECTION ( 'NONE',  ( 1.000000000000000000, 0.0000000000000000000, 0.0000000000000000000 ) ) ;
#3366 = EDGE_CURVE ( 'NONE', #7166, #1843, #1301, .T. ) ;
#3367 = FACE_OUTER_BOUND ( 'NONE', #3061, .T. ) ;
#3368 = AXIS2_PLACEMENT_3D ( 'NONE', #5039, #5000, #4392 ) ;
#3369 = CARTESIAN_POINT ( 'NONE',  ( 10.00000000000000178, 0.0000000000000000000, 22.09501243788790958 ) ) ;
#3370 = VERTEX_POINT ( 'NONE', #2327 ) ;
#3371 = CARTESIAN_POINT ( 'NONE',  ( 18.33333333333332149, 1.000000000000000000, 5.819780257153963632 ) ) ;
#3372 = CARTESIAN_POINT ( 'NONE',  ( -4.936608957459164060, -39.38486970748999738, -0.7990691579896018748 ) ) ;
#3373 = CARTESIAN_POINT ( 'NONE',  ( 11.00000000000000000, 0.0000000000000000000, 0.0000000000000000000 ) ) ;
#3374 = CARTESIAN_POINT ( 'NONE',  ( -11.00000000000000000, 2.204364238465235033E-15, -17.99999999999999645 ) ) ;
#3375 = EDGE_CURVE ( 'NONE', #1478, #4620, #4732, .T. ) ;
#3376 = EDGE_CURVE ( 'NONE', #6608, #4828, #2220, .T. ) ;
#3377 = AXIS2_PLACEMENT_3D ( 'NONE', #6302, #4070, #1357 ) ;
#3378 = CARTESIAN_POINT ( 'NONE',  ( 19.00000000000000000, 2.000000000000000000, -4.282202112918619186 ) ) ;
#3379 = ORIENTED_EDGE ( 'NONE', *, *, #6047, .T. ) ;
#3380 = AXIS2_PLACEMENT_3D ( 'NONE', #142, #739, #4005 ) ;
#3381 = CARTESIAN_POINT ( 'NONE',  ( -11.00000000000000000, 0.0000000000000000000, -4.999999999999998224 ) ) ;
#3382 = CYLINDRICAL_SURFACE ( 'NONE', #3591, 21.50000000000001066 ) ;
#3384 = B_SPLINE_CURVE_WITH_KNOTS ( 'NONE', 3,
 ( #1695, #3248, #3395, #4382, #5664, #2837, #5103, #5513, #443, #2690, #6100, #4957 ),
 .UNSPECIFIED., .F., .F.,
 ( 4, 2, 2, 2, 2, 4 ),
 ( 0.0000000000000000000, 0.002911194022818583155, 0.005822388045637166311, 0.007277985057046457672, 0.008733582068455748165, 0.01164477609127434476 ),
 .UNSPECIFIED. ) ;
#3383 = CARTESIAN_POINT ( 'NONE',  ( 17.99999999999997868, 0.0000000000000000000, -12.99999999999998757 ) ) ;
#3385 = CARTESIAN_POINT ( 'NONE',  ( 16.93333333333332646, 2.000000000000000000, -20.71873622355948186 ) ) ;
#3386 = ORIENTED_EDGE ( 'NONE', *, *, #6919, .F. ) ;
#3387 = EDGE_CURVE ( 'NONE', #1386, #2581, #5317, .T. ) ;
#3388 = ORIENTED_EDGE ( 'NONE', *, *, #1051, .T. ) ;
#3389 = DIRECTION ( 'NONE',  ( -7.780179021430174173E-16, 0.0000000000000000000, -1.000000000000000000 ) ) ;
#3390 = CARTESIAN_POINT ( 'NONE',  ( -14.60089158210065463, 40.54900042565693496, -9.242258125134048541 ) ) ;
#3391 = PRODUCT_CONTEXT ( 'NONE', #4009, 'mechanical' ) ;
#3392 = ORIENTED_EDGE ( 'NONE', *, *, #723, .T. ) ;
#3393 = ORIENTED_EDGE ( 'NONE', *, *, #3066, .T. ) ;
#3394 = DIRECTION ( 'NONE',  ( -1.000000000000000000, -0.0000000000000000000, -0.0000000000000000000 ) ) ;
#3395 = CARTESIAN_POINT ( 'NONE',  ( 15.00586895660257092, 36.42532338764494426, -11.81106598920496253 ) ) ;
#3396 = CARTESIAN_POINT ( 'NONE',  ( 8.289220901263080421, 1.000000000000000000, 32.08257145703460367 ) ) ;
#3397 = ORIENTED_EDGE ( 'NONE', *, *, #5582, .F. ) ;
#3398 = CARTESIAN_POINT ( 'NONE',  ( 15.25901242313525508, 45.05693803994559232, 4.323015725994039826 ) ) ;
#3399 = ORIENTED_EDGE ( 'NONE', *, *, #2149, .T. ) ;
#3400 = SURFACE_STYLE_FILL_AREA ( #5107 ) ;
#3401 = LINE ( 'NONE', #5635, #2033 ) ;
#3402 = B_SPLINE_CURVE_WITH_KNOTS ( 'NONE', 3,
 ( #6178, #1120, #3360, #1555 ),
 .UNSPECIFIED., .F., .F.,
 ( 4, 4 ),
 ( 0.0000000000000000000, 0.0001126629118786428533 ),
 .UNSPECIFIED. ) ;
#3403 = LINE ( 'NONE', #5073, #6048 ) ;
#3404 = CARTESIAN_POINT ( 'NONE',  ( 15.25901242313525508, 45.05693803994559232, 4.323015725994039826 ) ) ;
#3405 = AXIS2_PLACEMENT_3D ( 'NONE', #2522, #2999, #4181 ) ;
#3406 = DIRECTION ( 'NONE',  ( 0.4581228472908513982, -0.0000000000000000000, 0.8888888888888889506 ) ) ;
#3407 = ORIENTED_EDGE ( 'NONE', *, *, #7004, .T. ) ;
#3408 = DIRECTION ( 'NONE',  ( 0.0000000000000000000, 0.0000000000000000000, -1.000000000000000000 ) ) ;
#3409 = CARTESIAN_POINT ( 'NONE',  ( -4.994516529969965646, -39.02654864253895539, -0.2633666194435331231 ) ) ;
#3410 = CARTESIAN_POINT ( 'NONE',  ( -13.74026056903632664, 44.88921036392233077, -4.261290993643015668 ) ) ;
#3411 = FACE_BOUND ( 'NONE', #153, .T. ) ;
#3412 = PLANE ( 'NONE',  #4164 ) ;
#3413 = ORIENTED_EDGE ( 'NONE', *, *, #3325, .T. ) ;
#3414 = VECTOR ( 'NONE', #2473, 1000.000000000000114 ) ;
#3415 = CARTESIAN_POINT ( 'NONE',  ( -14.81627257800944797, 43.34381079747008414, 6.569511382339609185 ) ) ;
#3416 = DIRECTION ( 'NONE',  ( 0.0000000000000000000, 0.0000000000000000000, -1.000000000000000000 ) ) ;
#3417 = CIRCLE ( 'NONE', #4728, 5.000000000000000000 ) ;
#3418 = EDGE_CURVE ( 'NONE', #5218, #4071, #1781, .T. ) ;
#3419 = CARTESIAN_POINT ( 'NONE',  ( 13.62694091902955051, 44.42168065532709420, -4.949746772866278732 ) ) ;
#3420 = CARTESIAN_POINT ( 'NONE',  ( -37.00000000000000000, 1.000000000000000000, 31.78593654904997834 ) ) ;
#3421 = ORIENTED_EDGE ( 'NONE', *, *, #3285, .T. ) ;
#3422 = ORIENTED_EDGE ( 'NONE', *, *, #6452, .F. ) ;
#3423 = CARTESIAN_POINT ( 'NONE',  ( -9.881378385679143506, 2.000000000000000000, 32.78593654904997834 ) ) ;
#3424 = EDGE_CURVE ( 'NONE', #100, #6141, #3053, .T. ) ;
#3425 = EDGE_CURVE ( 'NONE', #6286, #3741, #6955, .T. ) ;
#3426 = EDGE_LOOP ( 'NONE', ( #3543, #5195 ) ) ;
#3427 = EDGE_LOOP ( 'NONE', ( #3397, #1510, #1193, #3337 ) ) ;
#3428 = MANIFOLD_SOLID_BREP ( 'Mirror1', #3262 ) ;
#3429 = DIRECTION ( 'NONE',  ( 0.0000000000000000000, 0.0000000000000000000, 1.000000000000000000 ) ) ;
#3430 = VECTOR ( 'NONE', #1130, 1000.000000000000000 ) ;
#3431 = CARTESIAN_POINT ( 'NONE',  ( 16.93333333333331936, 24.93584164674765447, 5.281263776440504820 ) ) ;
#3432 = DIRECTION ( 'NONE',  ( 0.0000000000000000000, 0.0000000000000000000, -1.000000000000000000 ) ) ;
#3433 = EDGE_LOOP ( 'NONE', ( #2831, #6697, #3674, #39 ) ) ;
#3434 = FACE_OUTER_BOUND ( 'NONE', #3027, .T. ) ;
#3435 = ORIENTED_EDGE ( 'NONE', *, *, #1586, .F. ) ;
#3436 = LINE ( 'NONE', #115, #2932 ) ;
#3437 = CARTESIAN_POINT ( 'NONE',  ( -8.289220901263082197, 2.000000000000000000, -32.08257145703459656 ) ) ;
#3438 = CARTESIAN_POINT ( 'NONE',  ( 0.0000000000000000000, 1.000000000000000000, -53.00000000000000000 ) ) ;
#3439 = PRESENTATION_LAYER_ASSIGNMENT (  '', '', ( #2751 ) ) ;
#3440 = VECTOR ( 'NONE', #2013, 1000.000000000000000 ) ;
#3441 = CARTESIAN_POINT ( 'NONE',  ( 14.30738128755038652, 44.95221956531872820, -4.284342426180571373 ) ) ;
#3442 = VERTEX_POINT ( 'NONE', #2216 ) ;
#3443 = EDGE_LOOP ( 'NONE', ( #7008, #6426, #6999, #6914 ) ) ;
#3444 = DIRECTION ( 'NONE',  ( 0.0000000000000000000, 0.0000000000000000000, 1.000000000000000000 ) ) ;
#3445 = CARTESIAN_POINT ( 'NONE',  ( 18.33333333333332149, 1.000000000000000000, 20.18021974284602749 ) ) ;
#3446 = MECHANICAL_DESIGN_GEOMETRIC_PRESENTATION_REPRESENTATION (  '', ( #2616 ), #7006 ) ;
#3447 = ORIENTED_EDGE ( 'NONE', *, *, #5472, .F. ) ;
#3448 = CIRCLE ( 'NONE', #272, 2.499999999999998668 ) ;
#3449 = CARTESIAN_POINT ( 'NONE',  ( 17.49999999999999645, 2.524818719738458395, 23.81534156157350779 ) ) ;
#3450 =( BOUNDED_CURVE ( )  B_SPLINE_CURVE ( 3, ( #1594, #1007, #1079, #1659 ),
 .UNSPECIFIED., .F., .F. ) 
 B_SPLINE_CURVE_WITH_KNOTS ( ( 4, 4 ),
 ( 2.774384633031954372, 3.288183418647597112 ),
 .UNSPECIFIED. ) 
 CURVE ( )  GEOMETRIC_REPRESENTATION_ITEM ( )  RATIONAL_B_SPLINE_CURVE ( ( 1.000000000000000000, 0.9781216248974324845, 0.9781216248974324845, 1.000000000000000000 ) ) 
 REPRESENTATION_ITEM ( '' )  );
#3451 = VERTEX_POINT ( 'NONE', #4471 ) ;
#3452 = CARTESIAN_POINT ( 'NONE',  ( 14.88137838567914173, 1.000000000000000000, -32.78593654904997834 ) ) ;
#3453 = DIRECTION ( 'NONE',  ( 0.0000000000000000000, 0.0000000000000000000, 1.000000000000000000 ) ) ;
#3454 = AXIS2_PLACEMENT_3D ( 'NONE', #5569, #1920, #4881 ) ;
#3455 = EDGE_LOOP ( 'NONE', ( #3175, #555, #5351, #5160 ) ) ;
#3456 = ORIENTED_EDGE ( 'NONE', *, *, #4794, .T. ) ;
#3457 = EDGE_CURVE ( 'NONE', #6668, #5939, #3436, .T. ) ;
#3458 = DIRECTION ( 'NONE',  ( 0.0000000000000000000, 0.0000000000000000000, 1.000000000000000000 ) ) ;
#3459 = CARTESIAN_POINT ( 'NONE',  ( -14.81621767457557759, 43.34362958779394148, -6.569733753399058074 ) ) ;
#3460 = VECTOR ( 'NONE', #6384, 1000.000000000000000 ) ;
#3461 = CIRCLE ( 'NONE', #4230, 22.50000000000001421 ) ;
#3462 = EDGE_CURVE ( 'NONE', #2192, #1932, #2943, .T. ) ;
#3463 = EDGE_LOOP ( 'NONE', ( #5968, #278, #2006, #718, #6350, #6799, #6375 ) ) ;
#3464 = ORIENTED_EDGE ( 'NONE', *, *, #3425, .F. ) ;
#3465 = CIRCLE ( 'NONE', #291, 11.00000000000000000 ) ;
#3466 = AXIS2_PLACEMENT_3D ( 'NONE', #7075, #845, #3090 ) ;
#3467 = EDGE_CURVE ( 'NONE', #1505, #7253, #5323, .T. ) ;
#3468 = EDGE_CURVE ( 'NONE', #4688, #2449, #5545, .T. ) ;
#3469 = DIRECTION ( 'NONE',  ( 0.0000000000000000000, 0.0000000000000000000, 1.000000000000000000 ) ) ;
#3470 = AXIS2_PLACEMENT_3D ( 'NONE', #2750, #2087, #6715 ) ;
#3471 = ADVANCED_FACE ( 'NONE', ( #4091, #1311 ), #4205, .F. ) ;
#3472 = AXIS2_PLACEMENT_3D ( 'NONE', #3125, #5948, #878 ) ;
#3473 = CARTESIAN_POINT ( 'NONE',  ( -12.66758421158958114, 2.000000000000000000, 42.78593654904998544 ) ) ;
#3474 = ORIENTED_EDGE ( 'NONE', *, *, #5917, .T. ) ;
#3475 = CARTESIAN_POINT ( 'NONE',  ( 16.00000000000000000, 2.000000000000000000, 29.00000000000000000 ) ) ;
#3476 = ORIENTED_EDGE ( 'NONE', *, *, #2891, .F. ) ;
#3477 = DIRECTION ( 'NONE',  ( 0.0000000000000000000, 0.0000000000000000000, 1.000000000000000000 ) ) ;
#3478 = ORIENTED_EDGE ( 'NONE', *, *, #6099, .F. ) ;
#3479 = B_SPLINE_CURVE_WITH_KNOTS ( 'NONE', 3,
 ( #4707, #2446, #119, #892 ),
 .UNSPECIFIED., .F., .F.,
 ( 4, 4 ),
 ( 0.0002046916563629895764, 0.0008999378072423874775 ),
 .UNSPECIFIED. ) ;
#3480 = DIRECTION ( 'NONE',  ( -0.1736481776669309696, -0.9848077530122080203, 0.0000000000000000000 ) ) ;
#3481 = EDGE_CURVE ( 'NONE', #2998, #2598, #4357, .T. ) ;
#3482 = CARTESIAN_POINT ( 'NONE',  ( -16.56373248032899781, 29.58053830513906135, -3.678099558591969132 ) ) ;
#3483 = AXIS2_PLACEMENT_3D ( 'NONE', #390, #7209, #6636 ) ;
#3484 = PRESENTATION_LAYER_ASSIGNMENT (  '', '', ( #3356 ) ) ;
#3485 = DIRECTION ( 'NONE',  ( 0.0000000000000000000, 1.000000000000000000, 0.0000000000000000000 ) ) ;
#3486 = ORIENTED_EDGE ( 'NONE', *, *, #4355, .F. ) ;
#3487 = FACE_OUTER_BOUND ( 'NONE', #532, .T. ) ;
#3488 = ORIENTED_EDGE ( 'NONE', *, *, #2531, .F. ) ;
#3489 = CARTESIAN_POINT ( 'NONE',  ( 9.000000000000001776, 2.000000000000000000, 2.229670385730950333 ) ) ;
#3490 = CARTESIAN_POINT ( 'NONE',  ( -18.33333333333332149, 12.85621757296392609, 20.18021974284602749 ) ) ;
#3491 = DIRECTION ( 'NONE',  ( 0.0000000000000000000, 0.0000000000000000000, 1.000000000000000000 ) ) ;
#3492 = CARTESIAN_POINT ( 'NONE',  ( 12.66758421158957404, 1.000000000000000000, -31.78593654904997834 ) ) ;
#3493 = VERTEX_POINT ( 'NONE', #5895 ) ;
#3494 = CIRCLE ( 'NONE', #2470, 4.000000000000000000 ) ;
#3495 = CIRCLE ( 'NONE', #7171, 4.999999999999999112 ) ;
#3496 = CARTESIAN_POINT ( 'NONE',  ( 17.39466683516787526, 0.0000000000000000000, -5.474648746009642686 ) ) ;
#3497 = CARTESIAN_POINT ( 'NONE',  ( -11.00000000000000000, 0.0000000000000000000, 5.999999999999998224 ) ) ;
#3498 = VERTEX_POINT ( 'NONE', #5787 ) ;
#3499 = CARTESIAN_POINT ( 'NONE',  ( -15.25901242313525152, 45.05693803994559232, 4.323015725994046932 ) ) ;
#3500 = DIRECTION ( 'NONE',  ( -0.0000000000000000000, -1.000000000000000000, -0.0000000000000000000 ) ) ;
#3501 = AXIS2_PLACEMENT_3D ( 'NONE', #2107, #314, #4861 ) ;
#3502 = ORIENTED_EDGE ( 'NONE', *, *, #574, .F. ) ;
#3503 = AXIS2_PLACEMENT_3D ( 'NONE', #4043, #6317, #2277 ) ;
#3504 = ORIENTED_EDGE ( 'NONE', *, *, #4551, .T. ) ;
#3505 = DIRECTION ( 'NONE',  ( 0.0000000000000000000, 1.000000000000000000, 0.0000000000000000000 ) ) ;
#3506 = DIRECTION ( 'NONE',  ( 0.0000000000000000000, -1.224646799147353454E-16, 1.000000000000000000 ) ) ;
#3507 = EDGE_CURVE ( 'NONE', #5536, #3625, #236, .T. ) ;
#3508 = ORIENTED_EDGE ( 'NONE', *, *, #3462, .T. ) ;
#3509 = VERTEX_POINT ( 'NONE', #1416 ) ;
#3510 = DIRECTION ( 'NONE',  ( 0.0000000000000000000, 0.0000000000000000000, 1.000000000000000000 ) ) ;
#3511 = ADVANCED_FACE ( 'NONE', ( #4239 ), #816, .T. ) ;
#3512 = EDGE_CURVE ( 'NONE', #7193, #241, #152, .T. ) ;
#3513 = DIRECTION ( 'NONE',  ( 0.0000000000000000000, 0.0000000000000000000, 1.000000000000000000 ) ) ;
#3514 = ORIENTED_EDGE ( 'NONE', *, *, #3424, .T. ) ;
#3515 = DIRECTION ( 'NONE',  ( 0.0000000000000000000, 0.0000000000000000000, -1.000000000000000000 ) ) ;
#3516 = EDGE_LOOP ( 'NONE', ( #6086, #1626 ) ) ;
#3517 = PLANE ( 'NONE',  #2355 ) ;
#3518 = ORIENTED_EDGE ( 'NONE', *, *, #6500, .T. ) ;
#3519 = CARTESIAN_POINT ( 'NONE',  ( -18.33120045906894191, 28.00000000000000000, 4.000000000000000000 ) ) ;
#3520 = CARTESIAN_POINT ( 'NONE',  ( 18.33333333333332504, 25.05832577568395081, -5.819780257153954750 ) ) ;
#3521 = EDGE_CURVE ( 'NONE', #6057, #3906, #326, .T. ) ;
#3522 = EDGE_CURVE ( 'NONE', #2242, #4592, #3549, .T. ) ;
#3523 = CARTESIAN_POINT ( 'NONE',  ( -12.66758421158958114, 1.000000000000000000, -32.78593654904997834 ) ) ;
#3524 = ORIENTED_EDGE ( 'NONE', *, *, #4565, .F. ) ;
#3525 = FACE_OUTER_BOUND ( 'NONE', #306, .T. ) ;
#3526 = ORIENTED_EDGE ( 'NONE', *, *, #2880, .F. ) ;
#3527 = DIRECTION ( 'NONE',  ( 6.413119686690143587E-16, -0.0000000000000000000, 1.000000000000000000 ) ) ;
#3528 = CARTESIAN_POINT ( 'NONE',  ( -22.50000000000000000, 28.00000000000000000, 4.000000000000000000 ) ) ;
#3529 = TOROIDAL_SURFACE ( 'NONE', #5058, 4.000000000000000000, 1.000000000000000000 ) ;
#3530 = CARTESIAN_POINT ( 'NONE',  ( -11.97331907960222530, 1.000000000000000000, -31.78593654904997834 ) ) ;
#3531 = FILL_AREA_STYLE_COLOUR ( '', #792 ) ;
#3532 = ORIENTED_EDGE ( 'NONE', *, *, #3481, .F. ) ;
#3533 = DIRECTION ( 'NONE',  ( -1.000000000000000000, -0.0000000000000000000, -0.0000000000000000000 ) ) ;
#3534 = DIRECTION ( 'NONE',  ( 0.0000000000000000000, 0.0000000000000000000, -1.000000000000000000 ) ) ;
#3535 = CARTESIAN_POINT ( 'NONE',  ( 17.49999999999999645, 2.000000000000000000, 23.77032961426903412 ) ) ;
#3536 = FACE_OUTER_BOUND ( 'NONE', #6023, .T. ) ;
#3537 = EDGE_LOOP ( 'NONE', ( #2696, #6457, #7100, #1010 ) ) ;
#3538 = AXIS2_PLACEMENT_3D ( 'NONE', #5729, #695, #6237 ) ;
#3539 = ORIENTED_EDGE ( 'NONE', *, *, #2466, .F. ) ;
#3540 = CARTESIAN_POINT ( 'NONE',  ( -17.54217882118008376, 24.74621057434748295, -2.229670385730951221 ) ) ;
#3541 = CARTESIAN_POINT ( 'NONE',  ( -11.00000000000000000, 0.0000000000000000000, 2.500000000000000000 ) ) ;
#3542 = AXIS2_PLACEMENT_3D ( 'NONE', #4802, #805, #1910 ) ;
#3543 = ORIENTED_EDGE ( 'NONE', *, *, #3956, .T. ) ;
#3544 = VERTEX_POINT ( 'NONE', #2400 ) ;
#3545 = FACE_OUTER_BOUND ( 'NONE', #3537, .T. ) ;
#3546 = DIRECTION ( 'NONE',  ( -0.0000000000000000000, -1.000000000000000000, -0.0000000000000000000 ) ) ;
#3547 = ORIENTED_EDGE ( 'NONE', *, *, #716, .T. ) ;
#3548 = VERTEX_POINT ( 'NONE', #3096 ) ;
#3549 = LINE ( 'NONE', #749, #3414 ) ;
#3550 = VERTEX_POINT ( 'NONE', #1344 ) ;
#3551 = DIRECTION ( 'NONE',  ( -0.0000000000000000000, -1.000000000000000000, -0.0000000000000000000 ) ) ;
#3552 = PRODUCT_RELATED_PRODUCT_CATEGORY ( 'part', '', ( #2095 ) ) ;
#3553 = CARTESIAN_POINT ( 'NONE',  ( 16.19770077992399493, 1.000000000000000000, 32.36776602760185284 ) ) ;
#3554 = ADVANCED_FACE ( 'NONE', ( #7078 ), #2989, .T. ) ;
#3555 = DIRECTION ( 'NONE',  ( 0.0000000000000000000, 0.0000000000000000000, 1.000000000000000000 ) ) ;
#3556 = ORIENTED_EDGE ( 'NONE', *, *, #6621, .T. ) ;
#3557 = DIRECTION ( 'NONE',  ( 0.0000000000000000000, 0.0000000000000000000, 1.000000000000000000 ) ) ;
#3558 = VERTEX_POINT ( 'NONE', #3062 ) ;
#3559 = DIRECTION ( 'NONE',  ( 1.000000000000000000, -0.0000000000000000000, -0.0000000000000000000 ) ) ;
#3560 = CIRCLE ( 'NONE', #1333, 2.499999999999998668 ) ;
#3561 = ADVANCED_FACE ( 'NONE', ( #6442 ), #3517, .F. ) ;
#3562 = CARTESIAN_POINT ( 'NONE',  ( 9.000000000000001776, 2.000000000000000000, -2.229670385730950333 ) ) ;
#3563 = DIRECTION ( 'NONE',  ( 0.0000000000000000000, 0.0000000000000000000, 1.000000000000000000 ) ) ;
#3564 = VERTEX_POINT ( 'NONE', #788 ) ;
#3565 = EDGE_CURVE ( 'NONE', #2922, #2875, #7099, .T. ) ;
#3566 = ADVANCED_FACE ( 'NONE', ( #1923 ), #6015, .T. ) ;
#3567 = CARTESIAN_POINT ( 'NONE',  ( 12.66758421158957404, 1.000000000000000000, 31.78593654904997834 ) ) ;
#3568 = DIRECTION ( 'NONE',  ( 0.0000000000000000000, 0.0000000000000000000, -1.000000000000000000 ) ) ;
#3569 = CARTESIAN_POINT ( 'NONE',  ( -18.33333333333332149, 12.85621757296392609, 20.18021974284602749 ) ) ;
#3570 = FACE_OUTER_BOUND ( 'NONE', #3603, .T. ) ;
#3571 = CARTESIAN_POINT ( 'NONE',  ( -11.97331907960222530, 1.000000000000000000, 31.78593654904997834 ) ) ;
#3572 = VECTOR ( 'NONE', #5520, 1000.000000000000000 ) ;
#3573 = ORIENTED_EDGE ( 'NONE', *, *, #4093, .T. ) ;
#3574 = CIRCLE ( 'NONE', #6892, 10.00000000000000000 ) ;
#3575 = VERTEX_POINT ( 'NONE', #1381 ) ;
#3576 = ADVANCED_FACE ( 'NONE', ( #4665 ), #2951, .F. ) ;
#3577 = DIRECTION ( 'NONE',  ( 0.0000000000000000000, 0.0000000000000000000, 1.000000000000000000 ) ) ;
#3578 = LINE ( 'NONE', #3644, #5732 ) ;
#3579 = AXIS2_PLACEMENT_3D ( 'NONE', #858, #2003, #1515 ) ;
#3580 = ORIENTED_EDGE ( 'NONE', *, *, #441, .T. ) ;
#3581 = CIRCLE ( 'NONE', #4768, 1.000000000000000888 ) ;
#3582 = CARTESIAN_POINT ( 'NONE',  ( 18.98533287048767448, 25.11536834380910221, 2.771082858396979987 ) ) ;
#3583 = DIRECTION ( 'NONE',  ( 0.0000000000000000000, 1.000000000000000000, 0.0000000000000000000 ) ) ;
#3584 = ORIENTED_EDGE ( 'NONE', *, *, #183, .F. ) ;
#3585 = ORIENTED_EDGE ( 'NONE', *, *, #4958, .F. ) ;
#3586 = DIRECTION ( 'NONE',  ( 0.0000000000000000000, -0.3319062115909337529, 0.9433123908373908240 ) ) ;
#3587 = VECTOR ( 'NONE', #1085, 1000.000000000000000 ) ;
#3588 = AXIS2_PLACEMENT_3D ( 'NONE', #6234, #3533, #5647 ) ;
#3589 = VERTEX_POINT ( 'NONE', #2550 ) ;
#3590 = CARTESIAN_POINT ( 'NONE',  ( -19.00026512745600726, 2.373109223063412543, -23.91098809966474192 ) ) ;
#3591 = AXIS2_PLACEMENT_3D ( 'NONE', #2822, #5842, #3667 ) ;
#3592 = DIRECTION ( 'NONE',  ( 0.0000000000000000000, 1.000000000000000000, 0.0000000000000000000 ) ) ;
#3593 = ORIENTED_EDGE ( 'NONE', *, *, #5096, .F. ) ;
#3594 = CARTESIAN_POINT ( 'NONE',  ( 2.000000000000000888, 0.0000000000000000000, 0.0000000000000000000 ) ) ;
#3595 = ORIENTED_EDGE ( 'NONE', *, *, #400, .F. ) ;
#3596 = DIRECTION ( 'NONE',  ( 0.0000000000000000000, 0.0000000000000000000, 1.000000000000000000 ) ) ;
#3597 = CARTESIAN_POINT ( 'NONE',  ( 17.49999999999999645, 2.652747412077468780, -23.77032961426903768 ) ) ;
#3598 = CARTESIAN_POINT ( 'NONE',  ( -15.25901242313525330, 45.05693803994559232, -4.323015725994050484 ) ) ;
#3599 = SURFACE_STYLE_USAGE ( .BOTH. , #4106 ) ;
#3600 = EDGE_LOOP ( 'NONE', ( #4730, #5411, #4883, #5252 ) ) ;
#3601 = CYLINDRICAL_SURFACE ( 'NONE', #6910, 1.000000000000000888 ) ;
#3602 = AXIS2_PLACEMENT_3D ( 'NONE', #5551, #4349, #6657 ) ;
#3603 = EDGE_LOOP ( 'NONE', ( #2705, #511, #987, #1119 ) ) ;
#3604 = CARTESIAN_POINT ( 'NONE',  ( -16.93333333333332646, 11.32569704883094808, -20.71873622355948186 ) ) ;
#3605 = CARTESIAN_POINT ( 'NONE',  ( -16.82951896993248653, 27.71446649162562537, -4.000000000000000888 ) ) ;
#3606 = EDGE_CURVE ( 'NONE', #3625, #697, #4816, .T. ) ;
#3607 = EDGE_CURVE ( 'NONE', #4694, #5, #1612, .T. ) ;
#3608 = CARTESIAN_POINT ( 'NONE',  ( -13.20175912623992076, 42.87582280925256129, 6.885878452516120518 ) ) ;
#3609 = COLOUR_RGB ( '',0.7803921568627451011, 0.7607843137254901578, 0.7411764705882353255 ) ;
#3610 = COLOUR_RGB ( '',0.0000000000000000000, 0.0000000000000000000, 0.0000000000000000000 ) ;
#3611 = ORIENTED_EDGE ( 'NONE', *, *, #3066, .F. ) ;
#3612 = DIRECTION ( 'NONE',  ( 0.0000000000000000000, 0.0000000000000000000, 1.000000000000000000 ) ) ;
#3613 = CARTESIAN_POINT ( 'NONE',  ( 15.29496712830559169, 46.12893711769432059, 1.865302756834162912 ) ) ;
#3614 = CIRCLE ( 'NONE', #309, 1.000000000000000888 ) ;
#3615 = B_SPLINE_CURVE_WITH_KNOTS ( 'NONE', 3,
 ( #4629, #120, #5795, #5277 ),
 .UNSPECIFIED., .F., .F.,
 ( 4, 4 ),
 ( 1.044441840201302382E-17, 0.002237096193948271555 ),
 .UNSPECIFIED. ) ;
#3616 = EDGE_CURVE ( 'NONE', #4882, #4857, #3852, .T. ) ;
#3617 = EDGE_CURVE ( 'NONE', #1973, #4224, #4955, .T. ) ;
#3618 = EDGE_LOOP ( 'NONE', ( #4323, #1110, #202, #4178, #6483, #2988, #642 ) ) ;
#3619 = DIRECTION ( 'NONE',  ( 0.0000000000000000000, 1.000000000000000000, 0.0000000000000000000 ) ) ;
#3620 = AXIS2_PLACEMENT_3D ( 'NONE', #2429, #1145, #5657 ) ;
#3621 = CARTESIAN_POINT ( 'NONE',  ( 2.000000000000000888, 0.0000000000000000000, 0.0000000000000000000 ) ) ;
#3622 = CIRCLE ( 'NONE', #435, 22.09501243788790958 ) ;
#3623 = EDGE_LOOP ( 'NONE', ( #589, #4138, #5830, #55, #6415 ) ) ;
#3624 = CARTESIAN_POINT ( 'NONE',  ( 18.50856317215292890, 2.000000000000000000, -24.70336889473352571 ) ) ;
#3625 = VERTEX_POINT ( 'NONE', #5535 ) ;
#3626 = DIRECTION ( 'NONE',  ( 0.0000000000000000000, 1.224646799147353454E-16, 1.000000000000000000 ) ) ;
#3627 = DIRECTION ( 'NONE',  ( 0.0000000000000000000, 0.0000000000000000000, -1.000000000000000000 ) ) ;
#3628 = ORIENTED_EDGE ( 'NONE', *, *, #1278, .F. ) ;
#3629 = ORIENTED_EDGE ( 'NONE', *, *, #5848, .F. ) ;
#3630 = ORIENTED_EDGE ( 'NONE', *, *, #6678, .F. ) ;
#3631 = DIRECTION ( 'NONE',  ( 3.469446951953613400E-15, 0.0000000000000000000, 1.000000000000000000 ) ) ;
#3632 = CARTESIAN_POINT ( 'NONE',  ( 14.99105099730611812, 27.98942384563162378, 14.85557309135184134 ) ) ;
#3633 = CARTESIAN_POINT ( 'NONE',  ( -17.26054899887958172, 24.96446930801104003, 4.430589845054345943 ) ) ;
#3634 = ORIENTED_EDGE ( 'NONE', *, *, #4552, .F. ) ;
#3635 = DIRECTION ( 'NONE',  ( 0.0000000000000000000, 0.0000000000000000000, -1.000000000000000000 ) ) ;
#3636 = VERTEX_POINT ( 'NONE', #4415 ) ;
#3637 = DIRECTION ( 'NONE',  ( 0.9333333333333314608, 0.0000000000000000000, -0.3590109871423053933 ) ) ;
#3638 = CYLINDRICAL_SURFACE ( 'NONE', #5597, 1.000000000000000888 ) ;
#3639 = CARTESIAN_POINT ( 'NONE',  ( 13.80760375377867177, 45.92603825809861462, -1.865302247104642319 ) ) ;
#3640 = EDGE_LOOP ( 'NONE', ( #3719, #4057, #5646, #6568 ) ) ;
#3641 = VECTOR ( 'NONE', #6566, 1000.000000000000000 ) ;
#3642 = CARTESIAN_POINT ( 'NONE',  ( -2.000000000000000888, 8.572527594031471218E-16, 6.999999999999998224 ) ) ;
#3643 = EDGE_CURVE ( 'NONE', #4210, #3258, #6394, .T. ) ;
#3644 = CARTESIAN_POINT ( 'NONE',  ( -19.00000000000000000, 2.000000000000000000, -2.229670385730950333 ) ) ;
#3645 = AXIS2_PLACEMENT_3D ( 'NONE', #6410, #5871, #3038 ) ;
#3646 = EDGE_LOOP ( 'NONE', ( #2168, #6454, #4852, #3021 ) ) ;
#3647 = CARTESIAN_POINT ( 'NONE',  ( 19.04806257171480866, 2.000000000000000000, -24.69456507259759093 ) ) ;
#3648 = EDGE_CURVE ( 'NONE', #1308, #5185, #3873, .T. ) ;
#3649 = EDGE_CURVE ( 'NONE', #1149, #1434, #577, .T. ) ;
#3650 = TOROIDAL_SURFACE ( 'NONE', #4473, 22.09501243788790958, 1.000000000000000000 ) ;
#3651 = CYLINDRICAL_SURFACE ( 'NONE', #6425, 2.499999999999998668 ) ;
#3652 = PRESENTATION_STYLE_ASSIGNMENT (( #6474 ) ) ;
#3653 = EDGE_LOOP ( 'NONE', ( #1321, #5775, #5912, #4961 ) ) ;
#3654 = CARTESIAN_POINT ( 'NONE',  ( -37.00000000000000000, 2.000000000000000000, -13.00000000000000000 ) ) ;
#3655 = VERTEX_POINT ( 'NONE', #6084 ) ;
#3656 = DIRECTION ( 'NONE',  ( 1.000000000000000000, 0.0000000000000000000, 0.0000000000000000000 ) ) ;
#3657 = EDGE_CURVE ( 'NONE', #3250, #2188, #466, .T. ) ;
#3658 = CARTESIAN_POINT ( 'NONE',  ( -17.98911436985552470, 2.000000000000000000, 24.70324535969126956 ) ) ;
#3659 = EDGE_LOOP ( 'NONE', ( #3379, #2409, #2371, #168 ) ) ;
#3660 = DIRECTION ( 'NONE',  ( 0.0000000000000000000, 1.000000000000000000, 0.0000000000000000000 ) ) ;
#3661 = EDGE_LOOP ( 'NONE', ( #843, #5438, #1447, #3829 ) ) ;
#3662 = DIRECTION ( 'NONE',  ( -0.0000000000000000000, -1.000000000000000000, -0.0000000000000000000 ) ) ;
#3663 = CARTESIAN_POINT ( 'NONE',  ( 18.04374937107145627, 30.16478621662016124, -3.379619600216037245 ) ) ;
#3664 = CARTESIAN_POINT ( 'NONE',  ( -16.93333333333331936, 24.93584164674765447, 5.281263776440504820 ) ) ;
#3665 = FACE_OUTER_BOUND ( 'NONE', #4130, .T. ) ;
#3666 = CARTESIAN_POINT ( 'NONE',  ( 19.00000000000000000, 1.000000000000000000, -23.77032961426903057 ) ) ;
#3667 = DIRECTION ( 'NONE',  ( 0.0000000000000000000, 0.0000000000000000000, 1.000000000000000000 ) ) ;
#3668 = VECTOR ( 'NONE', #2223, 1000.000000000000000 ) ;
#3669 = CARTESIAN_POINT ( 'NONE',  ( 16.67400771045973329, 28.64595181272951407, -3.960963360274310840 ) ) ;
#3670 = ORIENTED_EDGE ( 'NONE', *, *, #2120, .F. ) ;
#3671 = CARTESIAN_POINT ( 'NONE',  ( 14.88137838567914173, 1.000000000000000000, -31.78593654904997834 ) ) ;
#3672 = DIRECTION ( 'NONE',  ( -8.163404592832036924E-16, 0.0000000000000000000, 1.000000000000000000 ) ) ;
#3673 = AXIS2_PLACEMENT_3D ( 'NONE', #5763, #6412, #3074 ) ;
#3674 = ORIENTED_EDGE ( 'NONE', *, *, #5691, .T. ) ;
#3675 = FACE_OUTER_BOUND ( 'NONE', #1818, .T. ) ;
#3676 = CARTESIAN_POINT ( 'NONE',  ( 15.28122110707944081, 46.20689467796626104, 1.496394016541830352 ) ) ;
#3677 = AXIS2_PLACEMENT_3D ( 'NONE', #5244, #173, #5726 ) ;
#3678 = ORIENTED_EDGE ( 'NONE', *, *, #3238, .F. ) ;
#3679 = EDGE_CURVE ( 'NONE', #4397, #411, #3345, .T. ) ;
#3680 = FACE_OUTER_BOUND ( 'NONE', #2986, .T. ) ;
#3681 = VECTOR ( 'NONE', #1318, 1000.000000000000000 ) ;
#3682 =( BOUNDED_SURFACE ( )  B_SPLINE_SURFACE ( 3, 2, ( 
 ( #4819, #6512, #895 ),
 ( #3658, #5930, #4781 ),
 ( #5376, #3172, #3756 ),
 ( #3206, #2069, #4928 ) ),
 .UNSPECIFIED., .F., .F., .F. ) 
 B_SPLINE_SURFACE_WITH_KNOTS ( ( 4, 4 ),
 ( 3, 3 ),
 ( 0.3368915199129110527, 0.3825613401542114489 ),
 ( 0.0000000000000000000, 1.000000000000000000 ),
 .UNSPECIFIED. ) 
 GEOMETRIC_REPRESENTATION_ITEM ( )  RATIONAL_B_SPLINE_SURFACE ( (
 ( 1.000000000000000000, 0.8590552791501530061, 1.000000000000000000),
 ( 1.000000000000000000, 0.8464484349544334485, 1.000000000000000000),
 ( 1.000000000000000000, 0.8331884399417874842, 1.000000000000000000),
 ( 1.000000000000000000, 0.8194351278024263330, 1.000000000000000000) ) ) 
 REPRESENTATION_ITEM ( '' )  SURFACE ( )  );
#3683 = PLANE ( 'NONE',  #3454 ) ;
#3684 = VERTEX_POINT ( 'NONE', #7245 ) ;
#3685 = CARTESIAN_POINT ( 'NONE',  ( -9.000000000000001776, 0.0000000000000000000, -22.09501243788790958 ) ) ;
#3686 = VERTEX_POINT ( 'NONE', #5616 ) ;
#3687 = ADVANCED_FACE ( 'NONE', ( #2794, #2824 ), #4526, .F. ) ;
#3688 = EDGE_CURVE ( 'NONE', #2920, #4915, #4343, .T. ) ;
#3689 = CIRCLE ( 'NONE', #6775, 8.500000000000000000 ) ;
#3690 = CARTESIAN_POINT ( 'NONE',  ( 14.99105099730612700, 27.98942384563162733, -14.85557309135183957 ) ) ;
#3691 = VECTOR ( 'NONE', #2494, 1000.000000000000000 ) ;
#3692 = AXIS2_PLACEMENT_3D ( 'NONE', #3978, #1238, #6855 ) ;
#3693 = CIRCLE ( 'NONE', #1359, 9.000000000000001776 ) ;
#3694 = CARTESIAN_POINT ( 'NONE',  ( 15.84076204834838819, 31.39186601061275894, 13.65841751478440180 ) ) ;
#3695 = ORIENTED_EDGE ( 'NONE', *, *, #1617, .T. ) ;
#3696 = CARTESIAN_POINT ( 'NONE',  ( 15.87678109189359255, 2.000000000000000000, -33.31487243864258829 ) ) ;
#3697 = VERTEX_POINT ( 'NONE', #5405 ) ;
#3698 = CARTESIAN_POINT ( 'NONE',  ( 8.999999999999998224, 1.000000000000000000, 23.77032961426903768 ) ) ;
#3699 = DIRECTION ( 'NONE',  ( 0.0000000000000000000, 1.000000000000000000, -0.0000000000000000000 ) ) ;
#3700 = EDGE_CURVE ( 'NONE', #1471, #4645, #5072, .T. ) ;
#3701 = CARTESIAN_POINT ( 'NONE',  ( 18.10555078773807125, 29.58446186112827192, 3.676439021175782695 ) ) ;
#3702 = AXIS2_PLACEMENT_3D ( 'NONE', #6754, #5168, #573 ) ;
#3703 = CARTESIAN_POINT ( 'NONE',  ( -11.00000000000000000, 0.0000000000000000000, 0.0000000000000000000 ) ) ;
#3704 = CIRCLE ( 'NONE', #5370, 3.500000000000003109 ) ;
#3705 = CARTESIAN_POINT ( 'NONE',  ( 16.48647138894686393, 30.43767782019341084, -3.188201968441853218 ) ) ;
#3706 = CIRCLE ( 'NONE', #1834, 0.9999999999999991118 ) ;
#3707 = ORIENTED_EDGE ( 'NONE', *, *, #2868, .F. ) ;
#3708 = FACE_OUTER_BOUND ( 'NONE', #6735, .T. ) ;
#3709 = VECTOR ( 'NONE', #5776, 1000.000000000000000 ) ;
#3710 = CARTESIAN_POINT ( 'NONE',  ( 17.00000000000000000, 2.000000000000000000, 30.00000000000000000 ) ) ;
#3711 = ORIENTED_EDGE ( 'NONE', *, *, #4541, .F. ) ;
#3712 = AXIS2_PLACEMENT_3D ( 'NONE', #2548, #4167, #3060 ) ;
#3713 = DIRECTION ( 'NONE',  ( 0.0000000000000000000, -0.0000000000000000000, 1.000000000000000000 ) ) ;
#3714 = EDGE_LOOP ( 'NONE', ( #3421, #177, #2347, #2729, #5396 ) ) ;
#3715 = CARTESIAN_POINT ( 'NONE',  ( -11.00000000000000000, 0.0000000000000000000, 0.0000000000000000000 ) ) ;
#3716 = AXIS2_PLACEMENT_3D ( 'NONE', #4307, #266, #1418 ) ;
#3717 = EDGE_CURVE ( 'NONE', #1878, #2242, #2229, .T. ) ;
#3718 = CARTESIAN_POINT ( 'NONE',  ( 12.66758421158957404, 0.0000000000000000000, 32.78593654904997834 ) ) ;
#3719 = ORIENTED_EDGE ( 'NONE', *, *, #635, .T. ) ;
#3720 = CARTESIAN_POINT ( 'NONE',  ( 0.0000000000000000000, -1.000000000000000888, 0.0000000000000000000 ) ) ;
#3721 = ORIENTED_EDGE ( 'NONE', *, *, #2954, .T. ) ;
#3722 = CIRCLE ( 'NONE', #2079, 1.000000000000000888 ) ;
#3723 = CARTESIAN_POINT ( 'NONE',  ( -18.27387285967916597, 28.32512097218156910, -4.000000000000000888 ) ) ;
#3724 = EDGE_CURVE ( 'NONE', #1386, #621, #3753, .T. ) ;
#3725 = CARTESIAN_POINT ( 'NONE',  ( -37.00000000000000000, 1.000000000000000000, 31.78593654904997834 ) ) ;
#3726 = EDGE_LOOP ( 'NONE', ( #2519, #4567, #74, #1572, #2054, #670, #709 ) ) ;
#3727 = CARTESIAN_POINT ( 'NONE',  ( -9.999999999999998224, 0.0000000000000000000, -4.999999999999998224 ) ) ;
#3728 = VERTEX_POINT ( 'NONE', #334 ) ;
#3729 = CARTESIAN_POINT ( 'NONE',  ( 18.70948743324783692, 25.09123499516526223, -4.841879378089630315 ) ) ;
#3730 = CARTESIAN_POINT ( 'NONE',  ( 18.01784637519194021, 30.43381820034952767, -3.191070518840191550 ) ) ;
#3731 = DIRECTION ( 'NONE',  ( 0.0000000000000000000, 0.0000000000000000000, -1.000000000000000000 ) ) ;
#3732 = CARTESIAN_POINT ( 'NONE',  ( 7.347880794884119736E-16, -1.000000000000000888, -6.000000000000000000 ) ) ;
#3733 = ADVANCED_FACE ( 'NONE', ( #3926 ), #6717, .T. ) ;
#3734 = ADVANCED_FACE ( 'NONE', ( #2582 ), #6201, .F. ) ;
#3735 = CARTESIAN_POINT ( 'NONE',  ( 16.54889435799254827, 29.73278690048255157, -3.608875539410429045 ) ) ;
#3736 = ORIENTED_EDGE ( 'NONE', *, *, #2240, .F. ) ;
#3737 = DIRECTION ( 'NONE',  ( -0.0000000000000000000, 1.000000000000000000, -0.0000000000000000000 ) ) ;
#3738 = DIRECTION ( 'NONE',  ( 0.0000000000000000000, 1.000000000000000000, 0.0000000000000000000 ) ) ;
#3739 = CARTESIAN_POINT ( 'NONE',  ( 0.0000000000000000000, -18.00000000000000000, 0.0000000000000000000 ) ) ;
#3740 = CARTESIAN_POINT ( 'NONE',  ( 13.77083540762688862, 46.13456191116662808, -0.3693437348142500354 ) ) ;
#3741 = VERTEX_POINT ( 'NONE', #4851 ) ;
#3742 = DIRECTION ( 'NONE',  ( 0.0000000000000000000, 0.0000000000000000000, -1.000000000000000000 ) ) ;
#3743 = FACE_OUTER_BOUND ( 'NONE', #6251, .T. ) ;
#3744 = PRODUCT ( 'Wheel clamp', 'Wheel clamp', '', ( #6462 ) ) ;
#3745 = VERTEX_POINT ( 'NONE', #3385 ) ;
#3746 = AXIS2_PLACEMENT_3D ( 'NONE', #536, #5644, #7278 ) ;
#3747 = CARTESIAN_POINT ( 'NONE',  ( -18.70948743324783337, 25.09123499516525868, -4.841879378089643637 ) ) ;
#3748 = CARTESIAN_POINT ( 'NONE',  ( -17.49999999999999645, 24.77275442485751356, 2.369205038980710221 ) ) ;
#3749 = CARTESIAN_POINT ( 'NONE',  ( 16.54905733210708618, 29.73105127962638505, 3.609762419122513055 ) ) ;
#3750 = AXIS2_PLACEMENT_3D ( 'NONE', #7119, #6029, #6142 ) ;
#3751 = ORIENTED_EDGE ( 'NONE', *, *, #5366, .T. ) ;
#3752 = ORIENTED_EDGE ( 'NONE', *, *, #5503, .T. ) ;
#3753 = CIRCLE ( 'NONE', #6601, 9.000000000000001776 ) ;
#3754 = CARTESIAN_POINT ( 'NONE',  ( -15.70581416027142652, 24.82844763484402151, 15.96776842477710190 ) ) ;
#3755 = AXIS2_PLACEMENT_3D ( 'NONE', #508, #2761, #1651 ) ;
#3756 = CARTESIAN_POINT ( 'NONE',  ( -18.52191752794451673, 2.611973768424347586, 23.78467589629513412 ) ) ;
#3757 = EDGE_LOOP ( 'NONE', ( #6784, #3721 ) ) ;
#3758 = CARTESIAN_POINT ( 'NONE',  ( 17.08988112891891120, 24.94953780416136979, 9.052426143634230371 ) ) ;
#3759 = ORIENTED_EDGE ( 'NONE', *, *, #2469, .F. ) ;
#3760 = DIRECTION ( 'NONE',  ( 2.128554259688561430E-16, -0.9433123908373908240, -0.3319062115909337529 ) ) ;
#3761 = CARTESIAN_POINT ( 'NONE',  ( -18.70948743324783692, 25.09123499516526223, 4.841879378089628538 ) ) ;
#3762 = CARTESIAN_POINT ( 'NONE',  ( -9.171312920576319527, 23.27020106417857193, 2.229670385730950333 ) ) ;
#3763 = ADVANCED_FACE ( 'NONE', ( #1026 ), #2900, .F. ) ;
#3764 = DIRECTION ( 'NONE',  ( -0.0000000000000000000, -1.000000000000000000, -0.0000000000000000000 ) ) ;
#3765 = CARTESIAN_POINT ( 'NONE',  ( -16.93333333333331936, 24.93584164674765447, 5.281263776440504820 ) ) ;
#3766 = ADVANCED_FACE ( 'NONE', ( #3536 ), #3650, .T. ) ;
#3767 = CARTESIAN_POINT ( 'NONE',  ( 17.42977248818022318, 20.81674853284197368, 17.37929218288893907 ) ) ;
#3768 = ORIENTED_EDGE ( 'NONE', *, *, #3824, .T. ) ;
#3769 = FACE_OUTER_BOUND ( 'NONE', #3182, .T. ) ;
#3770 = CARTESIAN_POINT ( 'NONE',  ( 4.962855125297204850, -39.20108594919459932, 0.6154089893852142668 ) ) ;
#3771 = FILL_AREA_STYLE ('',( #4834 ) ) ;
#3772 = EDGE_CURVE ( 'NONE', #4776, #1973, #4844, .T. ) ;
#3773 = EDGE_CURVE ( 'NONE', #96, #1893, #3168, .T. ) ;
#3774 = VERTEX_POINT ( 'NONE', #1803 ) ;
#3775 = DIRECTION ( 'NONE',  ( 1.000000000000000000, 0.0000000000000000000, 0.0000000000000000000 ) ) ;
#3776 = DIRECTION ( 'NONE',  ( 0.0000000000000000000, 0.0000000000000000000, 1.000000000000000000 ) ) ;
#3777 = AXIS2_PLACEMENT_3D ( 'NONE', #3373, #6115, #1204 ) ;
#3778 = ORIENTED_EDGE ( 'NONE', *, *, #6926, .T. ) ;
#3779 = EDGE_CURVE ( 'NONE', #6380, #5218, #6973, .T. ) ;
#3780 = DIRECTION ( 'NONE',  ( -0.0000000000000000000, -1.000000000000000000, 0.0000000000000000000 ) ) ;
#3781 = CARTESIAN_POINT ( 'NONE',  ( -17.20602331900102300, 26.08659370947424705, 3.524060194336184892 ) ) ;
#3782 = CARTESIAN_POINT ( 'NONE',  ( 4.898979485566357539, -40.13071053616481265, 0.9999999999999997780 ) ) ;
#3783 = DIRECTION ( 'NONE',  ( 1.000000000000000000, -0.0000000000000000000, -7.780179021430174173E-16 ) ) ;
#3784 = CIRCLE ( 'NONE', #5230, 8.499999999999996447 ) ;
#3785 = CARTESIAN_POINT ( 'NONE',  ( 0.0000000000000000000, 0.0000000000000000000, 0.0000000000000000000 ) ) ;
#3786 = EDGE_LOOP ( 'NONE', ( #4029, #1462, #1380, #684 ) ) ;
#3787 = ORIENTED_EDGE ( 'NONE', *, *, #268, .F. ) ;
#3788 = VECTOR ( 'NONE', #384, 1000.000000000000000 ) ;
#3789 = VECTOR ( 'NONE', #2368, 1000.000000000000000 ) ;
#3790 = CARTESIAN_POINT ( 'NONE',  ( -15.31334333109023227, 46.02472049292816081, -2.229670385730952109 ) ) ;
#3791 = CARTESIAN_POINT ( 'NONE',  ( -12.66758421158958114, 0.0000000000000000000, -42.78593654904998544 ) ) ;
#3792 = CYLINDRICAL_SURFACE ( 'NONE', #4266, 5.999999999999999112 ) ;
#3793 = ORIENTED_EDGE ( 'NONE', *, *, #5807, .F. ) ;
#3794 = AXIS2_PLACEMENT_3D ( 'NONE', #519, #1152, #2838 ) ;
#3795 = CARTESIAN_POINT ( 'NONE',  ( 11.97331907960222530, 2.000000000000000000, 22.78593654904997834 ) ) ;
#3796 = ORIENTED_EDGE ( 'NONE', *, *, #4640, .F. ) ;
#3797 = DIRECTION ( 'NONE',  ( 0.0000000000000000000, 0.0000000000000000000, 1.000000000000000000 ) ) ;
#3798 = DIRECTION ( 'NONE',  ( 0.0000000000000000000, 0.0000000000000000000, 1.000000000000000000 ) ) ;
#3799 = CYLINDRICAL_SURFACE ( 'NONE', #745, 9.999999999999996447 ) ;
#3800 = FACE_OUTER_BOUND ( 'NONE', #6707, .T. ) ;
#3801 = AXIS2_PLACEMENT_3D ( 'NONE', #6539, #4813, #4236 ) ;
#3802 = CIRCLE ( 'NONE', #2156, 3.500000000000003109 ) ;
#3803 = ADVANCED_FACE ( 'NONE', ( #1331 ), #5130, .F. ) ;
#3804 = CARTESIAN_POINT ( 'NONE',  ( 19.03874015565654787, 2.000000000000000000, -24.69471765487524095 ) ) ;
#3805 = ORIENTED_EDGE ( 'NONE', *, *, #3468, .F. ) ;
#3806 = CARTESIAN_POINT ( 'NONE',  ( -22.50000000000000000, 28.00000000000000000, 4.000000000000000000 ) ) ;
#3807 = CARTESIAN_POINT ( 'NONE',  ( 9.000000000000001776, 0.0000000000000000000, 17.99999999999999645 ) ) ;
#3808 = FACE_OUTER_BOUND ( 'NONE', #6005, .T. ) ;
#3809 = MECHANICAL_DESIGN_GEOMETRIC_PRESENTATION_REPRESENTATION (  '', ( #6305 ), #5261 ) ;
#3810 = AXIS2_PLACEMENT_3D ( 'NONE', #1075, #5063, #6694 ) ;
#3811 = ORIENTED_EDGE ( 'NONE', *, *, #5203, .F. ) ;
#3812 = CARTESIAN_POINT ( 'NONE',  ( -17.21450399055210667, 24.96044089177042835, 15.92132635289558706 ) ) ;
#3813 = DIRECTION ( 'NONE',  ( 1.000000000000000000, 0.0000000000000000000, 0.0000000000000000000 ) ) ;
#3814 = AXIS2_PLACEMENT_3D ( 'NONE', #6569, #1436, #4806 ) ;
#3815 = EDGE_CURVE ( 'NONE', #3939, #1502, #66, .T. ) ;
#3816 = EDGE_CURVE ( 'NONE', #915, #241, #5204, .T. ) ;
#3817 = ORIENTED_EDGE ( 'NONE', *, *, #86, .T. ) ;
#3818 = CIRCLE ( 'NONE', #2883, 21.50000000000001776 ) ;
#3819 = DIRECTION ( 'NONE',  ( -0.0000000000000000000, -1.000000000000000000, -0.0000000000000000000 ) ) ;
#3820 = CARTESIAN_POINT ( 'NONE',  ( -11.97331907960222530, 0.0000000000000000000, -31.78593654904997834 ) ) ;
#3821 = CARTESIAN_POINT ( 'NONE',  ( 4.898979485566358427, -40.13250560199735872, -1.000000000000000444 ) ) ;
#3822 = DIRECTION ( 'NONE',  ( -0.0000000000000000000, 1.000000000000000000, -0.0000000000000000000 ) ) ;
#3823 = EDGE_CURVE ( 'NONE', #6481, #6822, #893, .T. ) ;
#3824 = EDGE_CURVE ( 'NONE', #3509, #3686, #6135, .T. ) ;
#3825 = EDGE_CURVE ( 'NONE', #2360, #5715, #6725, .T. ) ;
#3826 = CIRCLE ( 'NONE', #6921, 1.000000000000000888 ) ;
#3827 = FILL_AREA_STYLE ('',( #227 ) ) ;
#3828 = ORIENTED_EDGE ( 'NONE', *, *, #7229, .T. ) ;
#3829 = ORIENTED_EDGE ( 'NONE', *, *, #4596, .F. ) ;
#3830 = AXIS2_PLACEMENT_3D ( 'NONE', #488, #3146, #2078 ) ;
#3831 = CARTESIAN_POINT ( 'NONE',  ( 0.09950371902095467291, 0.0000000000000000000, 0.0000000000000000000 ) ) ;
#3832 = LINE ( 'NONE', #1039, #5399 ) ;
#3833 = CARTESIAN_POINT ( 'NONE',  ( -13.81862330540317707, 34.36617582146947569, -12.61190109985333763 ) ) ;
#3834 = ORIENTED_EDGE ( 'NONE', *, *, #6143, .T. ) ;
#3835 = TOROIDAL_SURFACE ( 'NONE', #3948, 11.00000000000000000, 1.000000000000000000 ) ;
#3836 = CARTESIAN_POINT ( 'NONE',  ( 0.0000000000000000000, 19.00000000000000000, -5.999999999999999112 ) ) ;
#3837 = ORIENTED_EDGE ( 'NONE', *, *, #6688, .F. ) ;
#3838 = CARTESIAN_POINT ( 'NONE',  ( -11.00000000000000000, 0.0000000000000000000, 17.99999999999999645 ) ) ;
#3839 = DIRECTION ( 'NONE',  ( 0.0000000000000000000, 1.000000000000000000, 0.0000000000000000000 ) ) ;
#3840 = FACE_OUTER_BOUND ( 'NONE', #2014, .T. ) ;
#3841 = DIRECTION ( 'NONE',  ( 0.0000000000000000000, 1.000000000000000000, 0.0000000000000000000 ) ) ;
#3842 = CARTESIAN_POINT ( 'NONE',  ( 0.0000000000000000000, -45.00000000000000000, 0.0000000000000000000 ) ) ;
#3843 = CARTESIAN_POINT ( 'NONE',  ( 17.00000000000000000, 2.000000000000000000, -30.00000000000000000 ) ) ;
#3844 = ORIENTED_EDGE ( 'NONE', *, *, #138, .T. ) ;
#3845 = CARTESIAN_POINT ( 'NONE',  ( 13.62694091902954341, 44.42168065532708709, 4.949746772866271627 ) ) ;
#3846 = CARTESIAN_POINT ( 'NONE',  ( -17.39139509769426795, 25.38718401393904855, 3.042050359280939364 ) ) ;
#3847 = CARTESIAN_POINT ( 'NONE',  ( 18.98533287048767804, 25.11536834380910221, -2.771082858396939130 ) ) ;
#3848 = VERTEX_POINT ( 'NONE', #1841 ) ;
#3849 = CYLINDRICAL_SURFACE ( 'NONE', #2541, 1.000000000000000888 ) ;
#3850 = DIRECTION ( 'NONE',  ( -0.0000000000000000000, -1.000000000000000000, -0.0000000000000000000 ) ) ;
#3851 = DIRECTION ( 'NONE',  ( 0.9333333333333319048, 0.0000000000000000000, 0.3590109871423038945 ) ) ;
#3852 = LINE ( 'NONE', #6122, #5911 ) ;
#3853 = VERTEX_POINT ( 'NONE', #1214 ) ;
#3854 = CARTESIAN_POINT ( 'NONE',  ( -18.33333333333332504, 25.05832577568395081, -5.819780257153954750 ) ) ;
#3855 = EDGE_CURVE ( 'NONE', #2608, #727, #1305, .T. ) ;
#3856 = DIRECTION ( 'NONE',  ( 0.9333333333333332371, 0.0000000000000000000, 0.3590109871423003973 ) ) ;
#3857 = CYLINDRICAL_SURFACE ( 'NONE', #6017, 21.50000000000002487 ) ;
#3858 = EDGE_CURVE ( 'NONE', #6758, #6995, #6835, .T. ) ;
#3859 = CIRCLE ( 'NONE', #2461, 2.500000000000000000 ) ;
#3860 = SHAPE_REPRESENTATION_RELATIONSHIP ( 'NONE' , 'NONE' ,  #676, #576 ) ;
#3861 = EDGE_LOOP ( 'NONE', ( #3132, #1647, #4701, #7294 ) ) ;
#3862 = VERTEX_POINT ( 'NONE', #4113 ) ;
#3863 = ADVANCED_FACE ( 'NONE', ( #2938 ), #215, .T. ) ;
#3864 = DIRECTION ( 'NONE',  ( -7.112366251504907509E-15, 0.0000000000000000000, -1.000000000000000000 ) ) ;
#3865 = AXIS2_PLACEMENT_3D ( 'NONE', #1424, #3559, #2483 ) ;
#3866 = CARTESIAN_POINT ( 'NONE',  ( 17.99999999999999289, 0.0000000000000000000, -13.00000000000001066 ) ) ;
#3867 = DIRECTION ( 'NONE',  ( -0.0000000000000000000, -1.000000000000000000, -0.0000000000000000000 ) ) ;
#3868 = ORIENTED_EDGE ( 'NONE', *, *, #5096, .T. ) ;
#3869 = CARTESIAN_POINT ( 'NONE',  ( 13.08808608315295530, 41.40900247243670407, -8.345051498585558392 ) ) ;
#3870 = ORIENTED_EDGE ( 'NONE', *, *, #4549, .F. ) ;
#3871 = PLANE ( 'NONE',  #3750 ) ;
#3872 = CARTESIAN_POINT ( 'NONE',  ( 15.25901242313525508, 45.05693803994560653, -4.323015725994030944 ) ) ;
#3873 = CIRCLE ( 'NONE', #1527, 5.000000000000000000 ) ;
#3874 = DIRECTION ( 'NONE',  ( 0.0000000000000000000, 0.0000000000000000000, 1.000000000000000000 ) ) ;
#3875 = EDGE_CURVE ( 'NONE', #1018, #5250, #2971, .T. ) ;
#3876 = PLANE ( 'NONE',  #4553 ) ;
#3877 = DIRECTION ( 'NONE',  ( 0.0000000000000000000, 0.0000000000000000000, 1.000000000000000000 ) ) ;
#3878 = VECTOR ( 'NONE', #1764, 1000.000000000000000 ) ;
#3879 = DIRECTION ( 'NONE',  ( -0.0000000000000000000, -1.000000000000000000, -0.0000000000000000000 ) ) ;
#3880 = EDGE_LOOP ( 'NONE', ( #7051, #3105, #4144, #3134 ) ) ;
#3881 = FACE_OUTER_BOUND ( 'NONE', #7036, .T. ) ;
#3882 = CARTESIAN_POINT ( 'NONE',  ( 4.999986874552190486, -39.00006562724679071, 0.1325375771930257518 ) ) ;
#3883 = CARTESIAN_POINT ( 'NONE',  ( -17.49999999999999645, 2.652747412077485212, 23.77032961426903412 ) ) ;
#3884 = CARTESIAN_POINT ( 'NONE',  ( 18.94143427120003409, 25.30325806416517409, -2.966671609404379240 ) ) ;
#3885 = ORIENTED_EDGE ( 'NONE', *, *, #546, .F. ) ;
#3886 = DIRECTION ( 'NONE',  ( 0.0000000000000000000, 1.000000000000000000, -0.0000000000000000000 ) ) ;
#3887 = CYLINDRICAL_SURFACE ( 'NONE', #4409, 3.999999999999999112 ) ;
#3888 = CARTESIAN_POINT ( 'NONE',  ( 17.49065276715008821, 24.98460077916930544, 2.628187120243467234 ) ) ;
#3889 = DIRECTION ( 'NONE',  ( 0.0000000000000000000, 1.000000000000000000, 0.0000000000000000000 ) ) ;
#3890 = VERTEX_POINT ( 'NONE', #6272 ) ;
#3891 = CARTESIAN_POINT ( 'NONE',  ( -15.45665680307764234, 45.07861778838106659, -4.331047301340468891 ) ) ;
#3892 = CARTESIAN_POINT ( 'NONE',  ( 4.962912393558605473, -40.79924152439885177, -0.6149317351317848956 ) ) ;
#3893 = DIRECTION ( 'NONE',  ( 0.0000000000000000000, 1.000000000000000000, 0.0000000000000000000 ) ) ;
#3894 = TOROIDAL_SURFACE ( 'NONE', #6753, 9.000000000000001776, 1.000000000000000000 ) ;
#3895 = EDGE_CURVE ( 'NONE', #1620, #6668, #2387, .T. ) ;
#3896 = APPLICATION_PROTOCOL_DEFINITION ( 'draft international standard', 'automotive_design', 1998, #4692 ) ;
#3897 = ORIENTED_EDGE ( 'NONE', *, *, #4367, .F. ) ;
#3898 = ORIENTED_EDGE ( 'NONE', *, *, #3875, .F. ) ;
#3899 = CARTESIAN_POINT ( 'NONE',  ( -19.03164498109984848, 2.000000000000000444, 24.61566738298573043 ) ) ;
#3900 = CARTESIAN_POINT ( 'NONE',  ( 14.59805554675519623, 41.29284113715645788, 8.617298640481704908 ) ) ;
#3901 = EDGE_CURVE ( 'NONE', #3975, #7172, #2457, .T. ) ;
#3902 = EDGE_CURVE ( 'NONE', #5033, #389, #5804, .T. ) ;
#3903 = CARTESIAN_POINT ( 'NONE',  ( 17.00000000000000000, 2.000000000000000000, -33.50000000000000000 ) ) ;
#3904 = ORIENTED_EDGE ( 'NONE', *, *, #2466, .T. ) ;
#3905 = CARTESIAN_POINT ( 'NONE',  ( 13.08317187953538863, 40.62691870452484011, -9.032183065321108373 ) ) ;
#3906 = VERTEX_POINT ( 'NONE', #4723 ) ;
#3907 = DIRECTION ( 'NONE',  ( 1.000000000000000000, 0.0000000000000000000, 0.0000000000000000000 ) ) ;
#3908 = AXIS2_PLACEMENT_3D ( 'NONE', #5171, #1948, #1839 ) ;
#3909 = CARTESIAN_POINT ( 'NONE',  ( 0.0000000000000000000, -1.000000000000000888, 0.0000000000000000000 ) ) ;
#3910 = CIRCLE ( 'NONE', #764, 3.500000000000003109 ) ;
#3911 = CARTESIAN_POINT ( 'NONE',  ( 13.54168186980592914, 44.17085293033028393, 5.281263776440504820 ) ) ;
#3912 =( BOUNDED_CURVE ( )  B_SPLINE_CURVE ( 3, ( #5322, #3083, #4837, #387 ),
 .UNSPECIFIED., .F., .F. ) 
 B_SPLINE_CURVE_WITH_KNOTS ( ( 4, 4 ),
 ( 1.203588306237058925, 1.570796326794896558 ),
 .UNSPECIFIED. ) 
 CURVE ( )  GEOMETRIC_REPRESENTATION_ITEM ( )  RATIONAL_B_SPLINE_CURVE ( ( 1.000000000000000000, 0.9887947201667832697, 0.9887947201667832697, 1.000000000000000000 ) ) 
 REPRESENTATION_ITEM ( '' )  );
#3913 = EDGE_CURVE ( 'NONE', #6995, #4694, #3912, .T. ) ;
#3914 = CARTESIAN_POINT ( 'NONE',  ( 15.70581416027143362, 24.82844763484402151, -15.96776842477710190 ) ) ;
#3915 = ORIENTED_EDGE ( 'NONE', *, *, #432, .T. ) ;
#3916 = CYLINDRICAL_SURFACE ( 'NONE', #485, 21.50000000000001066 ) ;
#3917 = DIRECTION ( 'NONE',  ( 0.0000000000000000000, 0.0000000000000000000, -1.000000000000000000 ) ) ;
#3918 = FACE_OUTER_BOUND ( 'NONE', #1548, .T. ) ;
#3919 = DIRECTION ( 'NONE',  ( 0.0000000000000000000, 1.000000000000000000, 0.0000000000000000000 ) ) ;
#3920 = TOROIDAL_SURFACE ( 'NONE', #2745, 6.000000000000000000, 1.000000000000000000 ) ;
#3921 = ORIENTED_EDGE ( 'NONE', *, *, #5699, .T. ) ;
#3922 = CARTESIAN_POINT ( 'NONE',  ( -3.000000000000000888, 0.0000000000000000000, 0.0000000000000000000 ) ) ;
#3923 = CYLINDRICAL_SURFACE ( 'NONE', #769, 10.00000000000000000 ) ;
#3924 = AXIS2_PLACEMENT_3D ( 'NONE', #3945, #1279, #2253 ) ;
#3925 = DIRECTION ( 'NONE',  ( 0.0000000000000000000, 0.0000000000000000000, 1.000000000000000000 ) ) ;
#3926 = FACE_OUTER_BOUND ( 'NONE', #6320, .T. ) ;
#3927 = ORIENTED_EDGE ( 'NONE', *, *, #4541, .T. ) ;
#3928 = VERTEX_POINT ( 'NONE', #2017 ) ;
#3929 = AXIS2_PLACEMENT_3D ( 'NONE', #6382, #1361, #4755 ) ;
#3930 = CARTESIAN_POINT ( 'NONE',  ( 17.44792069186384253, 24.98086220701281945, -3.538621192024946627 ) ) ;
#3931 = CIRCLE ( 'NONE', #5959, 10.00000000000000000 ) ;
#3932 = CARTESIAN_POINT ( 'NONE',  ( 13.82495472154807281, 45.30027946877910949, -3.632447698672121472 ) ) ;
#3933 = ORIENTED_EDGE ( 'NONE', *, *, #7148, .F. ) ;
#3934 = AXIS2_PLACEMENT_3D ( 'NONE', #4690, #1771, #4612 ) ;
#3935 = ORIENTED_EDGE ( 'NONE', *, *, #5375, .F. ) ;
#3936 = DIRECTION ( 'NONE',  ( 1.000000000000000000, -0.0000000000000000000, -0.0000000000000000000 ) ) ;
#3937 = CARTESIAN_POINT ( 'NONE',  ( 15.14444939244986799, 35.54271498629241677, 12.19793361593415781 ) ) ;
#3938 = CYLINDRICAL_SURFACE ( 'NONE', #1684, 5.999999999999998224 ) ;
#3939 = VERTEX_POINT ( 'NONE', #5945 ) ;
#3940 = CARTESIAN_POINT ( 'NONE',  ( 0.09950371902095467291, 2.937933748843625080E-15, -23.99004962809790698 ) ) ;
#3941 = ORIENTED_EDGE ( 'NONE', *, *, #6358, .F. ) ;
#3942 = CARTESIAN_POINT ( 'NONE',  ( -3.000000000000000888, 0.0000000000000000000, -16.99999999999999289 ) ) ;
#3943 = CARTESIAN_POINT ( 'NONE',  ( -37.00000000000000000, 0.0000000000000000000, 13.00000000000000000 ) ) ;
#3944 = CIRCLE ( 'NONE', #2895, 3.999999999999999112 ) ;
#3945 = CARTESIAN_POINT ( 'NONE',  ( 10.00000000000000178, 0.0000000000000000000, 0.0000000000000000000 ) ) ;
#3946 = DIRECTION ( 'NONE',  ( -1.000000000000000000, 0.0000000000000000000, 0.0000000000000000000 ) ) ;
#3947 = EDGE_CURVE ( 'NONE', #25, #6513, #6620, .T. ) ;
#3948 = AXIS2_PLACEMENT_3D ( 'NONE', #1523, #6488, #5523 ) ;
#3949 = CARTESIAN_POINT ( 'NONE',  ( 19.22222222222222854, 1.000000000000000000, 28.85469288177286629 ) ) ;
#3950 = EDGE_LOOP ( 'NONE', ( #5778, #1082, #2903, #6443 ) ) ;
#3951 = DIRECTION ( 'NONE',  ( -1.000000000000000000, 0.0000000000000000000, 1.224646799147353207E-16 ) ) ;
#3952 = DIRECTION ( 'NONE',  ( -0.0000000000000000000, -1.000000000000000000, 0.0000000000000000000 ) ) ;
#3953 = AXIS2_PLACEMENT_3D ( 'NONE', #4636, #4677, #2415 ) ;
#3954 = CARTESIAN_POINT ( 'NONE',  ( -16.88704986788800610, 27.42730416214472910, 3.968878317025064550 ) ) ;
#3955 = ORIENTED_EDGE ( 'NONE', *, *, #5246, .T. ) ;
#3956 = EDGE_CURVE ( 'NONE', #5240, #5260, #2586, .T. ) ;
#3957 = EDGE_CURVE ( 'NONE', #2362, #2902, #4255, .T. ) ;
#3958 = CYLINDRICAL_SURFACE ( 'NONE', #6059, 8.499999999999996447 ) ;
#3959 =( BOUNDED_SURFACE ( )  B_SPLINE_SURFACE ( 3, 2, ( 
 ( #3197, #4846, #5330 ),
 ( #3128, #7140, #3057 ),
 ( #397, #5953, #258 ),
 ( #4300, #884, #2578 ) ),
 .UNSPECIFIED., .F., .F., .F. ) 
 B_SPLINE_SURFACE_WITH_KNOTS ( ( 4, 4 ),
 ( 3, 3 ),
 ( 0.3368915199129110527, 0.3825613401542114489 ),
 ( 0.0000000000000000000, 1.000000000000000000 ),
 .UNSPECIFIED. ) 
 GEOMETRIC_REPRESENTATION_ITEM ( )  RATIONAL_B_SPLINE_SURFACE ( (
 ( 1.000000000000000000, 0.8590552791501530061, 1.000000000000000000),
 ( 1.000000000000000000, 0.8464484349544343367, 1.000000000000000000),
 ( 1.000000000000000000, 0.8331884399417861520, 1.000000000000000000),
 ( 1.000000000000000000, 0.8194351278024263330, 1.000000000000000000) ) ) 
 REPRESENTATION_ITEM ( '' )  SURFACE ( )  );
#3960 = FILL_AREA_STYLE ('',( #5724 ) ) ;
#3961 = AXIS2_PLACEMENT_3D ( 'NONE', #3157, #4765, #7033 ) ;
#3962 = CARTESIAN_POINT ( 'NONE',  ( 0.0000000000000000000, -1.000000000000000888, 0.0000000000000000000 ) ) ;
#3963 = DIRECTION ( 'NONE',  ( 0.9959378143920017967, -0.08493934816411057021, 0.02988606694663149474 ) ) ;
#3964 = EDGE_LOOP ( 'NONE', ( #3042, #5508, #5310, #6162 ) ) ;
#3965 = ORIENTED_EDGE ( 'NONE', *, *, #489, .F. ) ;
#3966 = FACE_OUTER_BOUND ( 'NONE', #6233, .T. ) ;
#3967 = FACE_OUTER_BOUND ( 'NONE', #2676, .T. ) ;
#3968 = EDGE_LOOP ( 'NONE', ( #1382, #2886, #1111, #1302, #1260 ) ) ;
#3969 = ORIENTED_EDGE ( 'NONE', *, *, #2792, .F. ) ;
#3970 = CYLINDRICAL_SURFACE ( 'NONE', #6195, 2.499999999999998668 ) ;
#3971 = CARTESIAN_POINT ( 'NONE',  ( 18.98533287048767804, 25.11536834380910221, -2.771082858396939130 ) ) ;
#3972 = FACE_OUTER_BOUND ( 'NONE', #3154, .T. ) ;
#3973 = ORIENTED_EDGE ( 'NONE', *, *, #5213, .F. ) ;
#3974 = LINE ( 'NONE', #6849, #2300 ) ;
#3975 = VERTEX_POINT ( 'NONE', #3048 ) ;
#3976 = DIRECTION ( 'NONE',  ( 0.4581228472908500104, -0.0000000000000000000, -0.8888888888888897277 ) ) ;
#3977 = DIRECTION ( 'NONE',  ( -0.0000000000000000000, -1.000000000000000000, -0.0000000000000000000 ) ) ;
#3978 = CARTESIAN_POINT ( 'NONE',  ( 9.099503719020990644, 0.0000000000000000000, 0.0000000000000000000 ) ) ;
#3979 = CIRCLE ( 'NONE', #1047, 4.999999999999999112 ) ;
#3980 = DIRECTION ( 'NONE',  ( 0.0000000000000000000, 0.0000000000000000000, 1.000000000000000000 ) ) ;
#3981 = STYLED_ITEM ( 'NONE', ( #43 ), #3428 ) ;
#3982 = CARTESIAN_POINT ( 'NONE',  ( -16.00000000000000000, 0.0000000000000000000, 26.50000000000000355 ) ) ;
#3983 = VERTEX_POINT ( 'NONE', #2538 ) ;
#3984 = DIRECTION ( 'NONE',  ( -0.3590109871423012300, -1.681601527994920556E-15, -0.9333333333333331261 ) ) ;
#3985 = ORIENTED_EDGE ( 'NONE', *, *, #5559, .T. ) ;
#3986 = CARTESIAN_POINT ( 'NONE',  ( 19.00000000000000355, 1.000000000000000000, 27.12771867673098569 ) ) ;
#3987 = CARTESIAN_POINT ( 'NONE',  ( -15.25901242313525330, 45.05693803994559232, -4.323015725994050484 ) ) ;
#3988 = EDGE_CURVE ( 'NONE', #6515, #3250, #712, .T. ) ;
#3989 = CARTESIAN_POINT ( 'NONE',  ( -13.74026056903632309, 44.88921036392231656, 4.261290993643034319 ) ) ;
#3990 = DIRECTION ( 'NONE',  ( -0.0000000000000000000, -1.000000000000000000, -0.0000000000000000000 ) ) ;
#3991 = ORIENTED_EDGE ( 'NONE', *, *, #4842, .T. ) ;
#3992 = AXIS2_PLACEMENT_3D ( 'NONE', #1727, #3500, #176 ) ;
#3993 = DIRECTION ( 'NONE',  ( -0.9848077530122080203, 0.1736481776669307753, 0.0000000000000000000 ) ) ;
#3994 = EDGE_CURVE ( 'NONE', #2583, #2786, #5979, .T. ) ;
#3995 = SURFACE_STYLE_FILL_AREA ( #21 ) ;
#3996 = B_SPLINE_CURVE_WITH_KNOTS ( 'NONE', 3,
 ( #6076, #4399, #6114, #1567 ),
 .UNSPECIFIED., .F., .F.,
 ( 4, 4 ),
 ( 0.0000000000000000000, 0.001867330701366351009 ),
 .UNSPECIFIED. ) ;
#3997 = ORIENTED_EDGE ( 'NONE', *, *, #1895, .T. ) ;
#3998 = CARTESIAN_POINT ( 'NONE',  ( 13.74026056903632309, 44.88921036392231656, -4.261290993643036984 ) ) ;
#3999 = EDGE_CURVE ( 'NONE', #3258, #3741, #7164, .T. ) ;
#4000 = ADVANCED_FACE ( 'NONE', ( #874 ), #1171, .T. ) ;
#4001 = CARTESIAN_POINT ( 'NONE',  ( -16.93333333333332646, 2.000000000000000000, -20.71873622355948186 ) ) ;
#4002 = ORIENTED_EDGE ( 'NONE', *, *, #1435, .F. ) ;
#4003 = ORIENTED_EDGE ( 'NONE', *, *, #2784, .T. ) ;
#4004 = DIRECTION ( 'NONE',  ( 0.0000000000000000000, 0.0000000000000000000, 1.000000000000000000 ) ) ;
#4005 = DIRECTION ( 'NONE',  ( 0.0000000000000000000, 0.0000000000000000000, 1.000000000000000000 ) ) ;
#4006 = ADVANCED_FACE ( 'NONE', ( #1951 ), #698, .T. ) ;
#4007 = ORIENTED_EDGE ( 'NONE', *, *, #4549, .T. ) ;
#4008 = VERTEX_POINT ( 'NONE', #5910 ) ;
#4009 = APPLICATION_CONTEXT ( 'automotive_design' ) ;
#4010 = CARTESIAN_POINT ( 'NONE',  ( -17.49065276715008821, 24.98460077916930544, 2.628187120243466790 ) ) ;
#4011 = CIRCLE ( 'NONE', #6204, 4.999999999999999112 ) ;
#4012 = FACE_BOUND ( 'NONE', #7043, .T. ) ;
#4013 = ORIENTED_EDGE ( 'NONE', *, *, #6863, .F. ) ;
#4014 = ORIENTED_EDGE ( 'NONE', *, *, #2964, .T. ) ;
#4015 = CARTESIAN_POINT ( 'NONE',  ( 19.22222222222222499, 1.000000000000000000, -28.85469288177286629 ) ) ;
#4016 = FACE_OUTER_BOUND ( 'NONE', #1216, .T. ) ;
#4017 = ORIENTED_EDGE ( 'NONE', *, *, #1409, .F. ) ;
#4018 = CARTESIAN_POINT ( 'NONE',  ( -19.00000000000000000, 2.000000000000000000, 23.77032961426903057 ) ) ;
#4019 = CARTESIAN_POINT ( 'NONE',  ( -16.72245881750530927, 28.32163478769141562, -4.000000000000000000 ) ) ;
#4020 = CIRCLE ( 'NONE', #854, 23.99004962809790698 ) ;
#4021 = DIRECTION ( 'NONE',  ( 0.0000000000000000000, 0.0000000000000000000, 1.000000000000000000 ) ) ;
#4022 = ORIENTED_EDGE ( 'NONE', *, *, #3366, .F. ) ;
#4023 = CARTESIAN_POINT ( 'NONE',  ( 19.00000000000000355, 24.67907091749999537, -2.229670385730950777 ) ) ;
#4024 = VERTEX_POINT ( 'NONE', #5394 ) ;
#4025 = CARTESIAN_POINT ( 'NONE',  ( -18.33333333333332149, 12.85621757296392609, -20.18021974284602749 ) ) ;
#4026 = DIRECTION ( 'NONE',  ( 0.0000000000000000000, 0.0000000000000000000, 1.000000000000000000 ) ) ;
#4027 = CARTESIAN_POINT ( 'NONE',  ( 11.00000000000000000, 0.0000000000000000000, 0.0000000000000000000 ) ) ;
#4028 = DIRECTION ( 'NONE',  ( -1.000000000000000000, -0.0000000000000000000, -0.0000000000000000000 ) ) ;
#4029 = ORIENTED_EDGE ( 'NONE', *, *, #7004, .F. ) ;
#4030 = AXIS2_PLACEMENT_3D ( 'NONE', #3725, #3104, #1486 ) ;
#4031 = CARTESIAN_POINT ( 'NONE',  ( -11.97331907960222530, 1.000000000000000000, 22.78593654904997834 ) ) ;
#4032 = EDGE_CURVE ( 'NONE', #4745, #5916, #5905, .T. ) ;
#4033 = CARTESIAN_POINT ( 'NONE',  ( -13.50213879459749222, 36.28605004277928003, -11.84915465722457562 ) ) ;
#4034 = ORIENTED_EDGE ( 'NONE', *, *, #4793, .F. ) ;
#4035 = DIRECTION ( 'NONE',  ( -6.413119686690143587E-16, 0.0000000000000000000, -1.000000000000000000 ) ) ;
#4036 = CARTESIAN_POINT ( 'NONE',  ( -11.97331907960222530, 2.000000000000000000, -22.78593654904997834 ) ) ;
#4037 = CIRCLE ( 'NONE', #3801, 10.00000000000000178 ) ;
#4038 = EDGE_LOOP ( 'NONE', ( #4578, #3318, #2826, #781 ) ) ;
#4039 = ORIENTED_EDGE ( 'NONE', *, *, #5596, .F. ) ;
#4040 = CARTESIAN_POINT ( 'NONE',  ( -9.000000000000001776, 0.0000000000000000000, -2.229670385730950333 ) ) ;
#4041 = EDGE_CURVE ( 'NONE', #2369, #3300, #2051, .T. ) ;
#4042 = EDGE_CURVE ( 'NONE', #1502, #3928, #5189, .T. ) ;
#4043 = CARTESIAN_POINT ( 'NONE',  ( -8.657630719096996330, 1.000000000000000000, 31.15290796623613545 ) ) ;
#4044 = AXIS2_PLACEMENT_3D ( 'NONE', #1532, #1464, #1568 ) ;
#4045 = CIRCLE ( 'NONE', #6184, 8.500000000000000000 ) ;
#4046 = APPLICATION_PROTOCOL_DEFINITION ( 'draft international standard', 'automotive_design', 1998, #1006 ) ;
#4047 = ORIENTED_EDGE ( 'NONE', *, *, #4658, .T. ) ;
#4048 = EDGE_LOOP ( 'NONE', ( #80, #121, #6390, #3759 ) ) ;
#4049 = AXIS2_PLACEMENT_3D ( 'NONE', #1327, #5288, #516 ) ;
#4050 = CARTESIAN_POINT ( 'NONE',  ( -10.00000000000000178, 0.0000000000000000000, -22.09501243788790958 ) ) ;
#4051 = ADVANCED_FACE ( 'NONE', ( #4402 ), #4908, .T. ) ;
#4052 = ADVANCED_FACE ( 'NONE', ( #1533 ), #3529, .T. ) ;
#4053 = EDGE_CURVE ( 'NONE', #4915, #915, #4830, .T. ) ;
#4054 = AXIS2_PLACEMENT_3D ( 'NONE', #5611, #3190, #1062 ) ;
#4055 = AXIS2_PLACEMENT_3D ( 'NONE', #289, #3016, #3086 ) ;
#4056 = DIRECTION ( 'NONE',  ( 0.0000000000000000000, 1.000000000000000000, 0.0000000000000000000 ) ) ;
#4057 = ORIENTED_EDGE ( 'NONE', *, *, #3287, .F. ) ;
#4058 = ORIENTED_EDGE ( 'NONE', *, *, #3717, .F. ) ;
#4059 = CARTESIAN_POINT ( 'NONE',  ( -37.00000000000000000, 1.000000000000000000, -13.00000000000000000 ) ) ;
#4060 = VERTEX_POINT ( 'NONE', #1639 ) ;
#4061 = CARTESIAN_POINT ( 'NONE',  ( 13.54168186980593980, 44.17085293033028393, -5.281263776440502156 ) ) ;
#4062 = AXIS2_PLACEMENT_3D ( 'NONE', #6582, #372, #6027 ) ;
#4063 = DIRECTION ( 'NONE',  ( -0.0000000000000000000, 1.000000000000000000, 0.0000000000000000000 ) ) ;
#4064 = CARTESIAN_POINT ( 'NONE',  ( -18.33333333333332149, 1.000000000000000000, -20.18021974284602749 ) ) ;
#4065 = ORIENTED_EDGE ( 'NONE', *, *, #3366, .T. ) ;
#4066 = CARTESIAN_POINT ( 'NONE',  ( 3.000000000000000888, 2.204364238465235033E-15, -17.99999999999999645 ) ) ;
#4067 = ORIENTED_EDGE ( 'NONE', *, *, #4696, .T. ) ;
#4068 = CARTESIAN_POINT ( 'NONE',  ( -20.50000000000000355, 56.00000000000000000, -5.000000000000004441 ) ) ;
#4069 = DIRECTION ( 'NONE',  ( -1.000000000000000000, -0.0000000000000000000, -0.0000000000000000000 ) ) ;
#4070 = DIRECTION ( 'NONE',  ( 1.000000000000000000, -0.0000000000000000000, 1.224646799147353207E-16 ) ) ;
#4071 = VERTEX_POINT ( 'NONE', #2671 ) ;
#4072 = AXIS2_PLACEMENT_3D ( 'NONE', #5791, #1347, #2955 ) ;
#4073 = CYLINDRICAL_SURFACE ( 'NONE', #1236, 21.50000000000001776 ) ;
#4074 = DIRECTION ( 'NONE',  ( 0.0000000000000000000, -1.000000000000000000, 0.0000000000000000000 ) ) ;
#4075 = FACE_OUTER_BOUND ( 'NONE', #7215, .T. ) ;
#4076 = CARTESIAN_POINT ( 'NONE',  ( 0.0000000000000000000, 20.00000000000000000, -3.999999999999999112 ) ) ;
#4077 = AXIS2_PLACEMENT_3D ( 'NONE', #1903, #831, #246 ) ;
#4078 = EDGE_LOOP ( 'NONE', ( #1968, #335, #5145, #4090, #2321 ) ) ;
#4079 = VERTEX_POINT ( 'NONE', #1058 ) ;
#4080 = FACE_OUTER_BOUND ( 'NONE', #657, .T. ) ;
#4081 = LINE ( 'NONE', #6352, #1734 ) ;
#4082 = B_SPLINE_CURVE_WITH_KNOTS ( 'NONE', 3,
 ( #367, #7187, #4853, #2512 ),
 .UNSPECIFIED., .F., .F.,
 ( 4, 4 ),
 ( 4.336808689942017736E-19, 0.0005020704916032255440 ),
 .UNSPECIFIED. ) ;
#4083 = ORIENTED_EDGE ( 'NONE', *, *, #5374, .F. ) ;
#4084 = VERTEX_POINT ( 'NONE', #2226 ) ;
#4085 = EDGE_CURVE ( 'NONE', #4533, #973, #3979, .T. ) ;
#4086 = DIRECTION ( 'NONE',  ( -7.112366251504907509E-15, 0.0000000000000000000, 1.000000000000000000 ) ) ;
#4087 = EDGE_CURVE ( 'NONE', #3636, #6964, #6748, .T. ) ;
#4088 = ORIENTED_EDGE ( 'NONE', *, *, #6908, .F. ) ;
#4089 = CARTESIAN_POINT ( 'NONE',  ( 11.00000000000000000, 5.999999999999998224, 0.0000000000000000000 ) ) ;
#4090 = ORIENTED_EDGE ( 'NONE', *, *, #7149, .T. ) ;
#4091 = FACE_BOUND ( 'NONE', #5630, .T. ) ;
#4092 = ORIENTED_EDGE ( 'NONE', *, *, #3056, .F. ) ;
#4093 = EDGE_CURVE ( 'NONE', #1142, #3300, #4141, .T. ) ;
#4094 = EDGE_CURVE ( 'NONE', #2906, #2818, #455, .T. ) ;
#4095 = CARTESIAN_POINT ( 'NONE',  ( -16.61394792930282804, 29.12104395808497515, 3.843160361667490310 ) ) ;
#4096 = CARTESIAN_POINT ( 'NONE',  ( -22.50000000000000000, 28.00000000000000000, 0.0000000000000000000 ) ) ;
#4097 = CARTESIAN_POINT ( 'NONE',  ( 13.82495472154814564, 45.30027946877914502, 3.632447698672124137 ) ) ;
#4098 = ORIENTED_EDGE ( 'NONE', *, *, #6632, .F. ) ;
#4099 = LINE ( 'NONE', #6374, #6393 ) ;
#4100 = ORIENTED_EDGE ( 'NONE', *, *, #486, .T. ) ;
#4101 = CARTESIAN_POINT ( 'NONE',  ( 20.50000000000000355, 56.00000000000000000, 5.000000000000004441 ) ) ;
#4102 = CARTESIAN_POINT ( 'NONE',  ( -18.00000000000000000, 1.000000000000000000, -2.229670385730950333 ) ) ;
#4103 = AXIS2_PLACEMENT_3D ( 'NONE', #1501, #7237, #5008 ) ;
#4104 = ADVANCED_FACE ( 'NONE', ( #2709 ), #1052, .T. ) ;
#4105 = CARTESIAN_POINT ( 'NONE',  ( -19.03830815380596064, 1.999999999999998224, -24.10039473943074384 ) ) ;
#4106 = SURFACE_SIDE_STYLE ('',( #1870 ) ) ;
#4107 = EDGE_LOOP ( 'NONE', ( #5316, #4294, #6010, #4013, #4500, #824, #6214 ) ) ;
#4108 = CARTESIAN_POINT ( 'NONE',  ( 8.999999999999998224, 2.000000000000000000, -23.77032961426903768 ) ) ;
#4109 = AXIS2_PLACEMENT_3D ( 'NONE', #1491, #482, #2661 ) ;
#4110 = PLANE ( 'NONE',  #4049 ) ;
#4111 = CARTESIAN_POINT ( 'NONE',  ( 18.99999999999999645, 6.151249469822134053, 22.53937518654406347 ) ) ;
#4112 = LINE ( 'NONE', #5356, #2515 ) ;
#4113 = CARTESIAN_POINT ( 'NONE',  ( -18.33333333333332504, 25.05832577568395081, -5.819780257153954750 ) ) ;
#4114 = ORIENTED_EDGE ( 'NONE', *, *, #3902, .F. ) ;
#4115 = AXIS2_PLACEMENT_3D ( 'NONE', #5634, #3907, #81 ) ;
#4116 = ORIENTED_EDGE ( 'NONE', *, *, #4321, .F. ) ;
#4117 = DIRECTION ( 'NONE',  ( 0.9848077530122080203, -0.1736481776669309696, -7.780179021430174173E-16 ) ) ;
#4118 = CIRCLE ( 'NONE', #2823, 10.99999999999999645 ) ;
#4119 = CARTESIAN_POINT ( 'NONE',  ( 13.33007783690113612, 43.54832478045084798, 6.104054266970469378 ) ) ;
#4120 = ORIENTED_EDGE ( 'NONE', *, *, #5100, .F. ) ;
#4121 = ORIENTED_EDGE ( 'NONE', *, *, #1944, .T. ) ;
#4122 = CARTESIAN_POINT ( 'NONE',  ( -15.29805563633783372, 34.62703965754567292, 12.52011567604874820 ) ) ;
#4123 = B_SPLINE_CURVE_WITH_KNOTS ( 'NONE', 3,
 ( #7232, #531, #1198, #4554, #5041, #456, #2780, #492 ),
 .UNSPECIFIED., .F., .F.,
 ( 4, 2, 2, 4 ),
 ( 8.673617379884035472E-19, 0.002244230982241768226, 0.003366346473362652122, 0.004488461964483535585 ),
 .UNSPECIFIED. ) ;
#4124 = ADVANCED_FACE ( 'NONE', ( #2785, #4482, #6193, #6265, #3411, #6229 ), #2816, .F. ) ;
#4125 = DIRECTION ( 'NONE',  ( 0.0000000000000000000, 0.0000000000000000000, 1.000000000000000000 ) ) ;
#4126 = EDGE_LOOP ( 'NONE', ( #7302, #1931 ) ) ;
#4127 = DIRECTION ( 'NONE',  ( -0.8888888888888896167, 0.0000000000000000000, -0.4581228472908500104 ) ) ;
#4128 = ORIENTED_EDGE ( 'NONE', *, *, #6829, .T. ) ;
#4129 = DIRECTION ( 'NONE',  ( 0.0000000000000000000, 0.0000000000000000000, -1.000000000000000000 ) ) ;
#4130 = EDGE_LOOP ( 'NONE', ( #3927, #499, #707, #445 ) ) ;
#4131 = CARTESIAN_POINT ( 'NONE',  ( -19.03874015565654787, 2.000000000000000000, -24.69471765487524095 ) ) ;
#4132 = AXIS2_PLACEMENT_3D ( 'NONE', #2015, #4904, #3637 ) ;
#4133 = ADVANCED_FACE ( 'NONE', ( #4517 ), #2892, .F. ) ;
#4134 = EDGE_CURVE ( 'NONE', #7263, #4705, #3859, .T. ) ;
#4135 = CARTESIAN_POINT ( 'NONE',  ( 7.347880794884118750E-16, 20.99999999999999645, 5.999999999999999112 ) ) ;
#4136 = ORIENTED_EDGE ( 'NONE', *, *, #4843, .T. ) ;
#4137 = CARTESIAN_POINT ( 'NONE',  ( 6.123233995736765296E-16, 18.00000000000000000, -4.999999999999999112 ) ) ;
#4138 = ORIENTED_EDGE ( 'NONE', *, *, #6690, .T. ) ;
#4139 = SURFACE_SIDE_STYLE ('',( #2558 ) ) ;
#4140 = CIRCLE ( 'NONE', #3193, 5.999999999999999112 ) ;
#4141 = B_SPLINE_CURVE_WITH_KNOTS ( 'NONE', 3,
 ( #3847, #3884, #977, #6154, #4942, #1570, #2116, #4363, #5565, #5604 ),
 .UNSPECIFIED., .F., .F.,
 ( 4, 2, 2, 2, 4 ),
 ( 0.0002060187859338488768, 0.001024349407416718771, 0.001842680028899588854, 0.002661010650382458938, 0.003479341271865328804 ),
 .UNSPECIFIED. ) ;
#4142 = DIRECTION ( 'NONE',  ( 0.0000000000000000000, 0.0000000000000000000, -1.000000000000000000 ) ) ;
#4143 = DIRECTION ( 'NONE',  ( 0.9848077530122080203, 0.1736481776669308585, 0.0000000000000000000 ) ) ;
#4144 = ORIENTED_EDGE ( 'NONE', *, *, #6872, .T. ) ;
#4145 = CIRCLE ( 'NONE', #5346, 1.000000000000000888 ) ;
#4146 = EDGE_CURVE ( 'NONE', #2902, #5211, #6961, .T. ) ;
#4147 = DIRECTION ( 'NONE',  ( 0.0000000000000000000, 0.0000000000000000000, 1.000000000000000000 ) ) ;
#4148 = EDGE_CURVE ( 'NONE', #4620, #7248, #16, .T. ) ;
#4149 = ORIENTED_EDGE ( 'NONE', *, *, #4235, .T. ) ;
#4150 = FILL_AREA_STYLE ('',( #1293 ) ) ;
#4151 = LINE ( 'NONE', #3535, #3460 ) ;
#4152 = CARTESIAN_POINT ( 'NONE',  ( 17.50000000000000000, 2.000000000000000000, -2.229670385730951221 ) ) ;
#4153 = TOROIDAL_SURFACE ( 'NONE', #4504, 9.000000000000001776, 1.000000000000000000 ) ;
#4154 = ORIENTED_EDGE ( 'NONE', *, *, #2343, .T. ) ;
#4155 = VECTOR ( 'NONE', #244, 1000.000000000000000 ) ;
#4156 = ORIENTED_EDGE ( 'NONE', *, *, #2793, .F. ) ;
#4157 = LINE ( 'NONE', #254, #295 ) ;
#4158 = CARTESIAN_POINT ( 'NONE',  ( 15.25837178238082359, 46.33647963772003919, -0.7599838174230636456 ) ) ;
#4159 = VECTOR ( 'NONE', #237, 1000.000000000000000 ) ;
#4160 = ORIENTED_EDGE ( 'NONE', *, *, #5049, .F. ) ;
#4161 = B_SPLINE_CURVE_WITH_KNOTS ( 'NONE', 3,
 ( #4362, #460, #5494, #2708, #4973, #7236 ),
 .UNSPECIFIED., .F., .F.,
 ( 4, 2, 4 ),
 ( 0.0000000000000000000, 0.0006055360669750306079, 0.001211072133950061216 ),
 .UNSPECIFIED. ) ;
#4162 = AXIS2_PLACEMENT_3D ( 'NONE', #4605, #6159, #5088 ) ;
#4163 = DIRECTION ( 'NONE',  ( -0.9848077530122080203, 0.1736481776669308585, 0.0000000000000000000 ) ) ;
#4164 = AXIS2_PLACEMENT_3D ( 'NONE', #3378, #4374, #6642 ) ;
#4165 = CARTESIAN_POINT ( 'NONE',  ( -9.000000000000001776, 2.326828918379970576E-15, 18.99999999999999645 ) ) ;
#4166 = VECTOR ( 'NONE', #6456, 1000.000000000000000 ) ;
#4167 = DIRECTION ( 'NONE',  ( 0.0000000000000000000, 0.0000000000000000000, 1.000000000000000000 ) ) ;
#4168 = ORIENTED_EDGE ( 'NONE', *, *, #1663, .F. ) ;
#4169 = AXIS2_PLACEMENT_3D ( 'NONE', #6585, #4897, #5521 ) ;
#4170 = TOROIDAL_SURFACE ( 'NONE', #5262, 16.99999999999999289, 1.000000000000000000 ) ;
#4171 = ORIENTED_EDGE ( 'NONE', *, *, #1051, .F. ) ;
#4172 = CARTESIAN_POINT ( 'NONE',  ( -16.48691169566460601, 30.43263066273704709, -3.192125026228852303 ) ) ;
#4173 = TOROIDAL_SURFACE ( 'NONE', #4054, 11.00000000000000000, 1.000000000000000000 ) ;
#4174 = TOROIDAL_SURFACE ( 'NONE', #7259, 9.000000000000001776, 1.000000000000000000 ) ;
#4175 = B_SPLINE_CURVE_WITH_KNOTS ( 'NONE', 3,
 ( #323, #6037, #2631, #974, #3220, #7129, #423, #2668, #2567, #6628 ),
 .UNSPECIFIED., .F., .F.,
 ( 4, 2, 2, 2, 4 ),
 ( 0.0002160924813375428256, 0.001084772621442954728, 0.001953452761548366955, 0.002822132901653779183, 0.003690813041759190977 ),
 .UNSPECIFIED. ) ;
#4176 = FACE_OUTER_BOUND ( 'NONE', #2959, .T. ) ;
#4177 = ORIENTED_EDGE ( 'NONE', *, *, #4413, .T. ) ;
#4178 = ORIENTED_EDGE ( 'NONE', *, *, #401, .F. ) ;
#4179 = FACE_OUTER_BOUND ( 'NONE', #4107, .T. ) ;
#4180 = ORIENTED_EDGE ( 'NONE', *, *, #5643, .T. ) ;
#4181 = DIRECTION ( 'NONE',  ( -1.000000000000000000, 0.0000000000000000000, 0.0000000000000000000 ) ) ;
#4182 = CARTESIAN_POINT ( 'NONE',  ( -19.22222222222222499, 0.0000000000000000000, -28.85469288177286629 ) ) ;
#4183 = CYLINDRICAL_SURFACE ( 'NONE', #4459, 20.00000000000001776 ) ;
#4184 = ADVANCED_FACE ( 'NONE', ( #6825 ), #572, .T. ) ;
#4185 = CARTESIAN_POINT ( 'NONE',  ( 10.00000000000000178, 0.0000000000000000000, 0.0000000000000000000 ) ) ;
#4186 = ORIENTED_EDGE ( 'NONE', *, *, #6333, .F. ) ;
#4187 = CARTESIAN_POINT ( 'NONE',  ( 16.93333333333331936, 24.93584164674765447, 5.281263776440504820 ) ) ;
#4188 = CIRCLE ( 'NONE', #1013, 1.000000000000000888 ) ;
#4189 = ORIENTED_EDGE ( 'NONE', *, *, #7277, .T. ) ;
#4190 = DIRECTION ( 'NONE',  ( 6.413119686690143587E-16, 0.0000000000000000000, -1.000000000000000000 ) ) ;
#4191 = DIRECTION ( 'NONE',  ( 0.0000000000000000000, 0.0000000000000000000, 1.000000000000000000 ) ) ;
#4192 = EDGE_CURVE ( 'NONE', #1691, #7253, #2925, .T. ) ;
#4193 = EDGE_CURVE ( 'NONE', #1161, #241, #6864, .T. ) ;
#4194 = ORIENTED_EDGE ( 'NONE', *, *, #4646, .T. ) ;
#4195 = CARTESIAN_POINT ( 'NONE',  ( -37.00000000000000000, 0.0000000000000000000, -31.78593654904997834 ) ) ;
#4196 = CARTESIAN_POINT ( 'NONE',  ( -17.00000000000000000, 2.000000000000000000, -33.50000000000000000 ) ) ;
#4197 = CIRCLE ( 'NONE', #426, 3.500000000000003109 ) ;
#4198 = ORIENTED_EDGE ( 'NONE', *, *, #5542, .T. ) ;
#4199 = EDGE_CURVE ( 'NONE', #5362, #3070, #1755, .T. ) ;
#4200 = FACE_OUTER_BOUND ( 'NONE', #4535, .T. ) ;
#4201 =( BOUNDED_CURVE ( )  B_SPLINE_CURVE ( 3, ( #5129, #2314, #5772, #3499 ),
 .UNSPECIFIED., .F., .F. ) 
 B_SPLINE_CURVE_WITH_KNOTS ( ( 4, 4 ),
 ( 5.275305138224547719, 5.284472085423109533 ),
 .UNSPECIFIED. ) 
 CURVE ( )  GEOMETRIC_REPRESENTATION_ITEM ( )  RATIONAL_B_SPLINE_CURVE ( ( 1.000000000000000000, 0.9999929972688477164, 0.9999929972688477164, 1.000000000000000000 ) ) 
 REPRESENTATION_ITEM ( '' )  );
#4202 = DIRECTION ( 'NONE',  ( 0.0000000000000000000, 1.224646799147353454E-16, 1.000000000000000000 ) ) ;
#4203 = AXIS2_PLACEMENT_3D ( 'NONE', #2527, #247, #1980 ) ;
#4204 = ORIENTED_EDGE ( 'NONE', *, *, #5913, .T. ) ;
#4205 = PLANE ( 'NONE',  #2940 ) ;
#4206 = VERTEX_POINT ( 'NONE', #3445 ) ;
#4207 = CARTESIAN_POINT ( 'NONE',  ( -18.33120045906894191, 28.00000000000000000, -4.000000000000000888 ) ) ;
#4208 = DIRECTION ( 'NONE',  ( 0.0000000000000000000, 1.000000000000000000, 0.0000000000000000000 ) ) ;
#4209 = ORIENTED_EDGE ( 'NONE', *, *, #6765, .T. ) ;
#4210 = VERTEX_POINT ( 'NONE', #3989 ) ;
#4211 = DIRECTION ( 'NONE',  ( 0.1736481776669309696, 0.9848077530122080203, 0.0000000000000000000 ) ) ;
#4212 = ORIENTED_EDGE ( 'NONE', *, *, #3994, .F. ) ;
#4213 = CARTESIAN_POINT ( 'NONE',  ( 18.13961773546361300, 29.28027474512628103, -3.803514547367486731 ) ) ;
#4214 = DIRECTION ( 'NONE',  ( 0.0000000000000000000, 0.0000000000000000000, 1.000000000000000000 ) ) ;
#4215 = DIRECTION ( 'NONE',  ( 0.9848077530122080203, 0.1736481776669307753, 0.0000000000000000000 ) ) ;
#4216 = EDGE_LOOP ( 'NONE', ( #1660, #1959, #1776, #5796 ) ) ;
#4217 = CARTESIAN_POINT ( 'NONE',  ( -9.881378385679143506, 1.000000000000000000, -31.78593654904997834 ) ) ;
#4218 = EDGE_CURVE ( 'NONE', #4224, #7166, #4676, .T. ) ;
#4219 = CARTESIAN_POINT ( 'NONE',  ( 16.56332964673305597, 29.58450836684583152, -3.676422132024023792 ) ) ;
#4220 = ORIENTED_EDGE ( 'NONE', *, *, #679, .T. ) ;
#4221 = DIRECTION ( 'NONE',  ( 0.0000000000000000000, 0.0000000000000000000, 1.000000000000000000 ) ) ;
#4222 = DIRECTION ( 'NONE',  ( 0.0000000000000000000, 0.0000000000000000000, 1.000000000000000000 ) ) ;
#4223 = DIRECTION ( 'NONE',  ( -0.0000000000000000000, 0.0000000000000000000, 1.000000000000000000 ) ) ;
#4224 = VERTEX_POINT ( 'NONE', #2339 ) ;
#4225 =( GEOMETRIC_REPRESENTATION_CONTEXT ( 3 ) GLOBAL_UNCERTAINTY_ASSIGNED_CONTEXT ( ( #3161 ) ) GLOBAL_UNIT_ASSIGNED_CONTEXT ( ( #3299, #5046, #6078 ) ) REPRESENTATION_CONTEXT ( 'NONE', 'WORKASPACE' ) );
#4226 = CARTESIAN_POINT ( 'NONE',  ( 18.37893845653139024, 27.72926436288627983, 3.999999999999999112 ) ) ;
#4227 = CARTESIAN_POINT ( 'NONE',  ( 16.38287855762948553, 31.32092908250001884, -2.229670385730951221 ) ) ;
#4228 = EDGE_CURVE ( 'NONE', #4882, #2867, #5658, .T. ) ;
#4229 = EDGE_CURVE ( 'NONE', #4079, #5731, #106, .T. ) ;
#4230 = AXIS2_PLACEMENT_3D ( 'NONE', #4558, #1753, #4593 ) ;
#4231 = ORIENTED_EDGE ( 'NONE', *, *, #5643, .F. ) ;
#4232 = ADVANCED_FACE ( 'NONE', ( #1869 ), #1717, .F. ) ;
#4233 = CARTESIAN_POINT ( 'NONE',  ( 11.97331907960222530, 1.000000000000000000, -22.78593654904997834 ) ) ;
#4234 = AXIS2_PLACEMENT_3D ( 'NONE', #1295, #1175, #3453 ) ;
#4235 = EDGE_CURVE ( 'NONE', #4782, #1878, #6591, .T. ) ;
#4236 = DIRECTION ( 'NONE',  ( 1.734723475976806700E-15, 0.0000000000000000000, 1.000000000000000000 ) ) ;
#4237 =( LENGTH_UNIT ( ) NAMED_UNIT ( * ) SI_UNIT ( .MILLI., .METRE. ) );
#4238 = ORIENTED_EDGE ( 'NONE', *, *, #2386, .T. ) ;
#4239 = FACE_OUTER_BOUND ( 'NONE', #5900, .T. ) ;
#4240 = ORIENTED_EDGE ( 'NONE', *, *, #1895, .F. ) ;
#4241 = CYLINDRICAL_SURFACE ( 'NONE', #2779, 8.499999999999992895 ) ;
#4242 = CARTESIAN_POINT ( 'NONE',  ( 0.0000000000000000000, -19.99999999999999645, -5.999999999999999112 ) ) ;
#4243 = ORIENTED_EDGE ( 'NONE', *, *, #118, .F. ) ;
#4244 = DIRECTION ( 'NONE',  ( 0.0000000000000000000, -1.000000000000000000, 0.0000000000000000000 ) ) ;
#4245 = ORIENTED_EDGE ( 'NONE', *, *, #3823, .T. ) ;
#4246 = LINE ( 'NONE', #5283, #4155 ) ;
#4247 = CARTESIAN_POINT ( 'NONE',  ( -13.81862330540317707, 34.36617582146947569, -12.61190109985333763 ) ) ;
#4248 = EDGE_LOOP ( 'NONE', ( #2081, #467, #5833, #3095 ) ) ;
#4249 = DIRECTION ( 'NONE',  ( -0.0000000000000000000, -0.0000000000000000000, -1.000000000000000000 ) ) ;
#4250 = CIRCLE ( 'NONE', #4740, 6.999999999999998224 ) ;
#4251 = LINE ( 'NONE', #6626, #265 ) ;
#4252 = ORIENTED_EDGE ( 'NONE', *, *, #3481, .T. ) ;
#4253 = CARTESIAN_POINT ( 'NONE',  ( 9.000000000000001776, 1.000000000000000000, -2.229670385730950333 ) ) ;
#4254 = CARTESIAN_POINT ( 'NONE',  ( 8.657630719096996330, 0.0000000000000000000, -31.15290796623613545 ) ) ;
#4255 = LINE ( 'NONE', #4152, #4476 ) ;
#4256 = AXIS2_PLACEMENT_3D ( 'NONE', #6153, #1057, #2815 ) ;
#4257 = ORIENTED_EDGE ( 'NONE', *, *, #2428, .F. ) ;
#4258 = ADVANCED_FACE ( 'NONE', ( #725 ), #5120, .F. ) ;
#4259 = CARTESIAN_POINT ( 'NONE',  ( -18.99999999999999645, 2.652747412077494094, 23.77032961426903057 ) ) ;
#4260 = CARTESIAN_POINT ( 'NONE',  ( 13.20188364271919745, 42.87615379306892294, 6.885403502226089323 ) ) ;
#4261 = COLOUR_RGB ( '',0.0000000000000000000, 0.0000000000000000000, 0.0000000000000000000 ) ;
#4262 = ORIENTED_EDGE ( 'NONE', *, *, #221, .T. ) ;
#4263 = ADVANCED_FACE ( 'NONE', ( #2308 ), #949, .F. ) ;
#4264 = DIRECTION ( 'NONE',  ( 0.0000000000000000000, 1.000000000000000000, 0.0000000000000000000 ) ) ;
#4265 = UNCERTAINTY_MEASURE_WITH_UNIT (LENGTH_MEASURE( 1.000000000000000082E-05 ), #2325, 'distance_accuracy_value', 'NONE');
#4266 = AXIS2_PLACEMENT_3D ( 'NONE', #4384, #6734, #2133 ) ;
#4267 = CARTESIAN_POINT ( 'NONE',  ( -18.50856317215292890, 2.000000000000000000, -24.70336889473352571 ) ) ;
#4268 = VERTEX_POINT ( 'NONE', #6413 ) ;
#4269 = CARTESIAN_POINT ( 'NONE',  ( -13.54168186980592914, 44.17085293033028393, 5.281263776440504820 ) ) ;
#4270 = EDGE_LOOP ( 'NONE', ( #3985, #5342, #5090, #628 ) ) ;
#4271 = CIRCLE ( 'NONE', #1108, 1.000000000000000888 ) ;
#4272 = EDGE_CURVE ( 'NONE', #1947, #78, #6244, .T. ) ;
#4273 = EDGE_CURVE ( 'NONE', #4620, #1884, #2306, .T. ) ;
#4274 = EDGE_CURVE ( 'NONE', #1176, #741, #1425, .T. ) ;
#4275 = CARTESIAN_POINT ( 'NONE',  ( -18.10555078773807125, 29.58446186112827547, -3.676439021175784028 ) ) ;
#4276 = CIRCLE ( 'NONE', #7254, 3.999999999999999112 ) ;
#4277 = VECTOR ( 'NONE', #82, 1000.000000000000000 ) ;
#4278 = AXIS2_PLACEMENT_3D ( 'NONE', #4443, #3738, #6709 ) ;
#4279 = ORIENTED_EDGE ( 'NONE', *, *, #6469, .F. ) ;
#4280 = DIRECTION ( 'NONE',  ( 0.0000000000000000000, 1.000000000000000000, 0.0000000000000000000 ) ) ;
#4281 = ORIENTED_EDGE ( 'NONE', *, *, #6468, .F. ) ;
#4282 = CARTESIAN_POINT ( 'NONE',  ( -9.099503719020990644, 2.882824642881994184E-15, 23.09004962809790129 ) ) ;
#4283 = CARTESIAN_POINT ( 'NONE',  ( -17.00000000000000000, 1.000000000000000000, -30.00000000000000000 ) ) ;
#4284 = CARTESIAN_POINT ( 'NONE',  ( -3.000000000000000888, 8.572527594031471218E-16, 6.999999999999998224 ) ) ;
#4285 = VECTOR ( 'NONE', #7316, 1000.000000000000000 ) ;
#4286 = CARTESIAN_POINT ( 'NONE',  ( -16.93333333333331936, 11.32569704883094808, 20.71873622355948186 ) ) ;
#4287 = CYLINDRICAL_SURFACE ( 'NONE', #5514, 5.000000000000000000 ) ;
#4288 = DIRECTION ( 'NONE',  ( -0.0000000000000000000, -1.000000000000000000, -0.0000000000000000000 ) ) ;
#4289 = EDGE_LOOP ( 'NONE', ( #3678, #979, #2134, #5061 ) ) ;
#4290 = CARTESIAN_POINT ( 'NONE',  ( 18.52659347597828088, 2.000000000000000000, 24.70753583146812815 ) ) ;
#4291 = AXIS2_PLACEMENT_3D ( 'NONE', #1503, #3742, #218 ) ;
#4292 = CARTESIAN_POINT ( 'NONE',  ( -16.93333333333333357, 24.93584164674765447, -5.281263776440502156 ) ) ;
#4293 = CARTESIAN_POINT ( 'NONE',  ( -13.50228437126938985, 36.28523386678199358, 11.84946098434032002 ) ) ;
#4294 = ORIENTED_EDGE ( 'NONE', *, *, #4552, .T. ) ;
#4295 = AXIS2_PLACEMENT_3D ( 'NONE', #7262, #2659, #5034 ) ;
#4296 = CARTESIAN_POINT ( 'NONE',  ( -10.00000000000000178, 0.0000000000000000000, -18.99999999999999645 ) ) ;
#4297 = CARTESIAN_POINT ( 'NONE',  ( 15.20015619558169817, 24.78420829531207659, 12.33959630004312302 ) ) ;
#4298 = AXIS2_PLACEMENT_3D ( 'NONE', #1547, #6130, #4340 ) ;
#4299 = ORIENTED_EDGE ( 'NONE', *, *, #6500, .F. ) ;
#4300 = CARTESIAN_POINT ( 'NONE',  ( 19.05047418007607618, 2.657052142646839865, 23.76881498684648264 ) ) ;
#4301 = CIRCLE ( 'NONE', #897, 1.000000000000000444 ) ;
#4302 = ADVANCED_FACE ( 'NONE', ( #4826 ), #4183, .F. ) ;
#4303 = SHAPE_REPRESENTATION_RELATIONSHIP ( 'NONE' , 'NONE' ,  #3162, #2438 ) ;
#4304 = EDGE_LOOP ( 'NONE', ( #3629, #5473, #6170, #6767 ) ) ;
#4305 = ORIENTED_EDGE ( 'NONE', *, *, #995, .T. ) ;
#4306 = AXIS2_PLACEMENT_3D ( 'NONE', #2864, #4613, #6840 ) ;
#4307 = CARTESIAN_POINT ( 'NONE',  ( -17.00000000000000000, 0.0000000000000000000, -30.00000000000000000 ) ) ;
#4308 = ADVANCED_FACE ( 'NONE', ( #830 ), #1298, .T. ) ;
#4309 = ADVANCED_FACE ( 'NONE', ( #5972 ), #4715, .T. ) ;
#4310 = EDGE_CURVE ( 'NONE', #3250, #3774, #4246, .T. ) ;
#4311 = DIRECTION ( 'NONE',  ( 0.0000000000000000000, 0.0000000000000000000, -1.000000000000000000 ) ) ;
#4312 = VERTEX_POINT ( 'NONE', #3075 ) ;
#4313 = CARTESIAN_POINT ( 'NONE',  ( 0.0000000000000000000, 19.99999999999999645, 0.0000000000000000000 ) ) ;
#4314 = ORIENTED_EDGE ( 'NONE', *, *, #6838, .F. ) ;
#4315 = CARTESIAN_POINT ( 'NONE',  ( 19.00000000000000000, 2.000000000000000000, -2.229670385730950333 ) ) ;
#4316 = CARTESIAN_POINT ( 'NONE',  ( 18.27624044583943075, 28.32177682732415391, -3.990351124774639935 ) ) ;
#4317 = CARTESIAN_POINT ( 'NONE',  ( -29.00000000000000000, 0.0000000000000000000, 23.81534156157350068 ) ) ;
#4318 = EDGE_CURVE ( 'NONE', #2101, #550, #5465, .T. ) ;
#4319 = CARTESIAN_POINT ( 'NONE',  ( 0.0000000000000000000, 19.00000000000000000, 0.0000000000000000000 ) ) ;
#4320 = LINE ( 'NONE', #6110, #6802 ) ;
#4321 = EDGE_CURVE ( 'NONE', #3498, #5854, #3170, .T. ) ;
#4322 = DIRECTION ( 'NONE',  ( 0.0000000000000000000, -1.000000000000000000, 0.0000000000000000000 ) ) ;
#4323 = ORIENTED_EDGE ( 'NONE', *, *, #6873, .T. ) ;
#4324 =( LENGTH_UNIT ( ) NAMED_UNIT ( * ) SI_UNIT ( .MILLI., .METRE. ) );
#4325 = DIRECTION ( 'NONE',  ( -1.000000000000000000, -0.0000000000000000000, -0.0000000000000000000 ) ) ;
#4326 = CARTESIAN_POINT ( 'NONE',  ( -15.61819013813099133, 24.82078152625418355, -8.700287221821335848 ) ) ;
#4327 = DIRECTION ( 'NONE',  ( 0.0000000000000000000, -1.000000000000000000, 0.0000000000000000000 ) ) ;
#4328 = ORIENTED_EDGE ( 'NONE', *, *, #948, .T. ) ;
#4329 = DIRECTION ( 'NONE',  ( 0.0000000000000000000, 1.224646799147353454E-16, 1.000000000000000000 ) ) ;
#4330 = DIRECTION ( 'NONE',  ( -1.000000000000000000, 0.0000000000000000000, 0.0000000000000000000 ) ) ;
#4331 = PRODUCT_DEFINITION_SHAPE ( 'NONE', 'NONE',  #4539 ) ;
#4332 = VERTEX_POINT ( 'NONE', #6518 ) ;
#4333 = AXIS2_PLACEMENT_3D ( 'NONE', #1987, #6527, #3672 ) ;
#4334 = PLANE ( 'NONE',  #6223 ) ;
#4335 = DIRECTION ( 'NONE',  ( 0.0000000000000000000, 0.0000000000000000000, 1.000000000000000000 ) ) ;
#4336 = CARTESIAN_POINT ( 'NONE',  ( 5.000010150870646264, -41.00005075435691282, 0.1304315406215877660 ) ) ;
#4337 = B_SPLINE_CURVE_WITH_KNOTS ( 'NONE', 3,
 ( #1561, #346, #6033, #6586, #6071, #6558, #1426, #1979 ),
 .UNSPECIFIED., .F., .F.,
 ( 4, 2, 2, 4 ),
 ( 0.0000000000000000000, 0.0002746451150537609627, 0.0005492902301075219254, 0.001098580460215044284 ),
 .UNSPECIFIED. ) ;
#4338 = FACE_OUTER_BOUND ( 'NONE', #4289, .T. ) ;
#4339 = VECTOR ( 'NONE', #3760, 1000.000000000000114 ) ;
#4340 = DIRECTION ( 'NONE',  ( 1.000000000000000000, 0.0000000000000000000, 0.0000000000000000000 ) ) ;
#4341 = ORIENTED_EDGE ( 'NONE', *, *, #5433, .T. ) ;
#4342 = ORIENTED_EDGE ( 'NONE', *, *, #5608, .T. ) ;
#4343 = CIRCLE ( 'NONE', #1886, 23.50000000000001421 ) ;
#4344 = CARTESIAN_POINT ( 'NONE',  ( 15.70581416027143362, 24.82844763484402151, -15.96776842477710190 ) ) ;
#4345 = ADVANCED_FACE ( 'NONE', ( #3040 ), #901, .F. ) ;
#4346 = AXIS2_PLACEMENT_3D ( 'NONE', #6686, #1618, #6128 ) ;
#4347 = DIRECTION ( 'NONE',  ( 0.0000000000000000000, 0.0000000000000000000, 1.000000000000000000 ) ) ;
#4348 = ORIENTED_EDGE ( 'NONE', *, *, #1696, .T. ) ;
#4349 = DIRECTION ( 'NONE',  ( -1.000000000000000000, 0.0000000000000000000, 0.0000000000000000000 ) ) ;
#4350 = EDGE_LOOP ( 'NONE', ( #6337, #5625, #3464, #5587 ) ) ;
#4351 = DIRECTION ( 'NONE',  ( 0.0000000000000000000, -1.000000000000000000, 0.0000000000000000000 ) ) ;
#4352 = CARTESIAN_POINT ( 'NONE',  ( 37.00000000000000000, 2.000000000000000000, -13.00000000000000000 ) ) ;
#4353 = DIRECTION ( 'NONE',  ( 0.0000000000000000000, 0.0000000000000000000, 1.000000000000000000 ) ) ;
#4354 = SURFACE_STYLE_USAGE ( .BOTH. , #6559 ) ;
#4355 = EDGE_CURVE ( 'NONE', #2441, #696, #2856, .T. ) ;
#4356 = ADVANCED_FACE ( 'NONE', ( #7225 ), #3799, .T. ) ;
#4357 = B_SPLINE_CURVE_WITH_KNOTS ( 'NONE', 3,
 ( #3031, #3624, #1998, #1892 ),
 .UNSPECIFIED., .F., .F.,
 ( 4, 4 ),
 ( 6.938893903907227607E-18, 0.001590693573478439444 ),
 .UNSPECIFIED. ) ;
#4358 = CARTESIAN_POINT ( 'NONE',  ( 19.00000000000000000, 2.445195722679362582, -23.85834730540493354 ) ) ;
#4359 = ORIENTED_EDGE ( 'NONE', *, *, #1816, .T. ) ;
#4360 = CARTESIAN_POINT ( 'NONE',  ( 18.33333333333332149, 2.000000000000000000, 5.819780257153963632 ) ) ;
#4361 = FACE_OUTER_BOUND ( 'NONE', #2929, .T. ) ;
#4362 = CARTESIAN_POINT ( 'NONE',  ( -17.44810347938429373, 2.000000000000000000, -24.70817160608588381 ) ) ;
#4363 = CARTESIAN_POINT ( 'NONE',  ( 18.43106906867688011, 27.46236040508393117, -3.972889243559827754 ) ) ;
#4364 = EDGE_LOOP ( 'NONE', ( #4425, #6828, #249, #3200 ) ) ;
#4365 = EDGE_CURVE ( 'NONE', #100, #4268, #6069, .T. ) ;
#4366 = ADVANCED_FACE ( 'NONE', ( #2181 ), #1113, .F. ) ;
#4367 = EDGE_CURVE ( 'NONE', #7172, #1427, #417, .T. ) ;
#4368 = CARTESIAN_POINT ( 'NONE',  ( 17.00000000000000000, 1.000000000000000000, -30.00000000000000000 ) ) ;
#4369 = CIRCLE ( 'NONE', #4491, 2.500000000000002220 ) ;
#4370 = CARTESIAN_POINT ( 'NONE',  ( 16.00000000000000000, 0.0000000000000000000, 29.00000000000000000 ) ) ;
#4371 = VECTOR ( 'NONE', #2262, 1000.000000000000000 ) ;
#4372 = ORIENTED_EDGE ( 'NONE', *, *, #7242, .F. ) ;
#4373 = CARTESIAN_POINT ( 'NONE',  ( 29.00000000000000000, 2.000000000000000000, -23.81534156157350068 ) ) ;
#4374 = DIRECTION ( 'NONE',  ( -1.000000000000000000, 0.0000000000000000000, 0.0000000000000000000 ) ) ;
#4375 = CARTESIAN_POINT ( 'NONE',  ( -19.00000000000000000, 1.000000000000000000, -23.77032961426903057 ) ) ;
#4376 = CARTESIAN_POINT ( 'NONE',  ( 3.000000000000000888, 0.0000000000000000000, 0.0000000000000000000 ) ) ;
#4377 = VECTOR ( 'NONE', #6144, 1000.000000000000000 ) ;
#4378 = ORIENTED_EDGE ( 'NONE', *, *, #6239, .F. ) ;
#4379 = ORIENTED_EDGE ( 'NONE', *, *, #4888, .T. ) ;
#4380 = AXIS2_PLACEMENT_3D ( 'NONE', #924, #5441, #4347 ) ;
#4381 = LINE ( 'NONE', #4537, #6911 ) ;
#4382 = CARTESIAN_POINT ( 'NONE',  ( 14.78018339122351676, 38.13067191948474743, -10.91227781848744449 ) ) ;
#4383 =( REPRESENTATION_RELATIONSHIP ('NONE','NONE', #6969, #6003 ) REPRESENTATION_RELATIONSHIP_WITH_TRANSFORMATION ( #1774 )SHAPE_REPRESENTATION_RELATIONSHIP( ) );
#4384 = CARTESIAN_POINT ( 'NONE',  ( 0.0000000000000000000, 20.99999999999999645, 0.0000000000000000000 ) ) ;
#4385 = ORIENTED_EDGE ( 'NONE', *, *, #183, .T. ) ;
#4386 = AXIS2_PLACEMENT_3D ( 'NONE', #2323, #6847, #1778 ) ;
#4387 = LINE ( 'NONE', #4432, #1261 ) ;
#4388 = ORIENTED_EDGE ( 'NONE', *, *, #2688, .T. ) ;
#4389 = CARTESIAN_POINT ( 'NONE',  ( -12.66758421158958114, 2.000000000000000000, 32.78593654904997834 ) ) ;
#4390 = DIRECTION ( 'NONE',  ( 0.0000000000000000000, 0.0000000000000000000, 1.000000000000000000 ) ) ;
#4391 = DIRECTION ( 'NONE',  ( 0.0000000000000000000, 1.000000000000000000, 0.0000000000000000000 ) ) ;
#4392 = DIRECTION ( 'NONE',  ( 0.0000000000000000000, 0.0000000000000000000, 1.000000000000000000 ) ) ;
#4393 = CARTESIAN_POINT ( 'NONE',  ( -17.90601847545810088, 31.32092908250001884, 2.229670385730950333 ) ) ;
#4394 = TOROIDAL_SURFACE ( 'NONE', #5363, 22.99501243788790816, 1.000000000000000000 ) ;
#4395 = TOROIDAL_SURFACE ( 'NONE', #4652, 16.99999999999999289, 1.000000000000000000 ) ;
#4396 = CARTESIAN_POINT ( 'NONE',  ( 14.88294699048061887, 45.01573683866248388, 4.307734093171863954 ) ) ;
#4397 = VERTEX_POINT ( 'NONE', #484 ) ;
#4398 = CARTESIAN_POINT ( 'NONE',  ( -16.00000000000000000, 2.000000000000000000, -31.50000000000000000 ) ) ;
#4399 = CARTESIAN_POINT ( 'NONE',  ( 15.12009839470418981, 44.34659284498459186, -5.338949576479926407 ) ) ;
#4400 = CARTESIAN_POINT ( 'NONE',  ( -15.00138125790372534, 43.95476500490527627, -5.819780257153954750 ) ) ;
#4401 = ADVANCED_FACE ( 'NONE', ( #2076 ), #2267, .F. ) ;
#4402 = FACE_OUTER_BOUND ( 'NONE', #1780, .T. ) ;
#4403 = CIRCLE ( 'NONE', #1240, 10.99999999999999645 ) ;
#4404 = AXIS2_PLACEMENT_3D ( 'NONE', #5401, #5364, #4163 ) ;
#4405 = ORIENTED_EDGE ( 'NONE', *, *, #3148, .F. ) ;
#4406 = CARTESIAN_POINT ( 'NONE',  ( 19.00000000000000000, 2.000000000000000000, -23.77032961426903057 ) ) ;
#4407 = EDGE_CURVE ( 'NONE', #697, #3370, #2733, .T. ) ;
#4408 = DIRECTION ( 'NONE',  ( -6.413119686690143587E-16, -0.0000000000000000000, 1.000000000000000000 ) ) ;
#4409 = AXIS2_PLACEMENT_3D ( 'NONE', #3339, #6570, #609 ) ;
#4410 = TOROIDAL_SURFACE ( 'NONE', #5016, 23.50000000000000711, 1.000000000000000000 ) ;
#4411 = ADVANCED_FACE ( 'NONE', ( #3840 ), #3324, .F. ) ;
#4412 = CARTESIAN_POINT ( 'NONE',  ( 0.0000000000000000000, -19.99999999999999645, 0.0000000000000000000 ) ) ;
#4413 = EDGE_CURVE ( 'NONE', #5196, #6380, #2752, .T. ) ;
#4414 = EDGE_CURVE ( 'NONE', #550, #3983, #6432, .T. ) ;
#4415 = CARTESIAN_POINT ( 'NONE',  ( 9.000000000000001776, 2.204364238465235033E-15, -17.99999999999999645 ) ) ;
#4416 = VERTEX_POINT ( 'NONE', #7266 ) ;
#4417 = FACE_OUTER_BOUND ( 'NONE', #2281, .T. ) ;
#4418 = CARTESIAN_POINT ( 'NONE',  ( 4.904523328761595025, -40.26250175049467828, -0.9737896289094359892 ) ) ;
#4419 = FACE_OUTER_BOUND ( 'NONE', #2590, .T. ) ;
#4420 = UNCERTAINTY_MEASURE_WITH_UNIT (LENGTH_MEASURE( 1.000000000000000082E-05 ), #6342, 'distance_accuracy_value', 'NONE');
#4421 = CIRCLE ( 'NONE', #4062, 1.000000000000000000 ) ;
#4422 = ADVANCED_FACE ( 'NONE', ( #4436 ), #6702, .T. ) ;
#4423 = SHAPE_DEFINITION_REPRESENTATION ( #1511, #6969 ) ;
#4424 = VERTEX_POINT ( 'NONE', #5593 ) ;
#4425 = ORIENTED_EDGE ( 'NONE', *, *, #2570, .F. ) ;
#4426 =( GEOMETRIC_REPRESENTATION_CONTEXT ( 3 ) GLOBAL_UNCERTAINTY_ASSIGNED_CONTEXT ( ( #7107 ) ) GLOBAL_UNIT_ASSIGNED_CONTEXT ( ( #6022, #1109, #5623 ) ) REPRESENTATION_CONTEXT ( 'NONE', 'WORKASPACE' ) );
#4427 = CIRCLE ( 'NONE', #1265, 3.500000000000003109 ) ;
#4428 = CARTESIAN_POINT ( 'NONE',  ( -18.00000000000000355, 1.000000000000000000, 23.81534156157350779 ) ) ;
#4429 = CARTESIAN_POINT ( 'NONE',  ( -15.70581416027143362, 24.82844763484402151, -15.96776842477710190 ) ) ;
#4430 = ORIENTED_EDGE ( 'NONE', *, *, #2564, .F. ) ;
#4431 = CIRCLE ( 'NONE', #1496, 9.000000000000001776 ) ;
#4432 = CARTESIAN_POINT ( 'NONE',  ( 16.93333333333333357, 2.000000000000000000, -5.281263776440502156 ) ) ;
#4433 = ORIENTED_EDGE ( 'NONE', *, *, #2513, .T. ) ;
#4434 = CARTESIAN_POINT ( 'NONE',  ( -37.00000000000000000, 1.000000000000000000, 13.00000000000000000 ) ) ;
#4435 = DIRECTION ( 'NONE',  ( 0.0000000000000000000, 1.000000000000000000, 0.0000000000000000000 ) ) ;
#4436 = FACE_OUTER_BOUND ( 'NONE', #6574, .T. ) ;
#4437 = CARTESIAN_POINT ( 'NONE',  ( -13.77083540762688685, 46.13456191116663518, 0.3693437348142487586 ) ) ;
#4438 = CARTESIAN_POINT ( 'NONE',  ( -17.93843470154976671, 31.13708752880569719, 2.503488778863218744 ) ) ;
#4439 =( BOUNDED_CURVE ( )  B_SPLINE_CURVE ( 3, ( #5141, #5857, #5219, #1815 ),
 .UNSPECIFIED., .F., .F. ) 
 B_SPLINE_CURVE_WITH_KNOTS ( ( 4, 4 ),
 ( 4.626820790850062259, 4.797408075036777575 ),
 .UNSPECIFIED. ) 
 CURVE ( )  GEOMETRIC_REPRESENTATION_ITEM ( )  RATIONAL_B_SPLINE_CURVE ( ( 1.000000000000000000, 0.9975764680081076197, 0.9975764680081076197, 1.000000000000000000 ) ) 
 REPRESENTATION_ITEM ( '' )  );
#4440 = CARTESIAN_POINT ( 'NONE',  ( -18.33120045906894191, 28.00000000000000000, 4.000000000000000000 ) ) ;
#4441 = VERTEX_POINT ( 'NONE', #525 ) ;
#4442 = LINE ( 'NONE', #7234, #2961 ) ;
#4443 = CARTESIAN_POINT ( 'NONE',  ( -9.000000000000001776, 1.000000000000000000, -2.229670385730950333 ) ) ;
#4444 = FACE_OUTER_BOUND ( 'NONE', #1091, .T. ) ;
#4445 = CARTESIAN_POINT ( 'NONE',  ( -11.97331907960222530, 0.0000000000000000000, 22.78593654904997834 ) ) ;
#4446 = B_SPLINE_CURVE_WITH_KNOTS ( 'NONE', 3,
 ( #992, #1687, #1069, #4983, #3307, #5656 ),
 .UNSPECIFIED., .F., .F.,
 ( 4, 2, 4 ),
 ( 0.0000000000000000000, 0.0005398402003359811839, 0.001079680400671962368 ),
 .UNSPECIFIED. ) ;
#4447 = ORIENTED_EDGE ( 'NONE', *, *, #432, .F. ) ;
#4448 = FACE_OUTER_BOUND ( 'NONE', #7300, .T. ) ;
#4449 = EDGE_CURVE ( 'NONE', #1445, #5916, #4963, .T. ) ;
#4450 = CARTESIAN_POINT ( 'NONE',  ( -16.48113011892544577, 28.16183834664268915, 14.79490872988498396 ) ) ;
#4451 = CARTESIAN_POINT ( 'NONE',  ( 13.54168186980593980, 44.17085293033028393, -5.281263776440502156 ) ) ;
#4452 = DIRECTION ( 'NONE',  ( -0.0000000000000000000, 0.0000000000000000000, 1.000000000000000000 ) ) ;
#4453 = ORIENTED_EDGE ( 'NONE', *, *, #3507, .T. ) ;
#4454 = CARTESIAN_POINT ( 'NONE',  ( -14.30738128755002592, 44.95221956532084562, 4.284342426177149221 ) ) ;
#4455 = DIRECTION ( 'NONE',  ( -1.000000000000000000, 0.0000000000000000000, 0.0000000000000000000 ) ) ;
#4456 = EDGE_CURVE ( 'NONE', #696, #1932, #6167, .T. ) ;
#4457 = EDGE_CURVE ( 'NONE', #5820, #6811, #2139, .T. ) ;
#4458 = DIRECTION ( 'NONE',  ( -1.000000000000000000, -0.0000000000000000000, -0.0000000000000000000 ) ) ;
#4459 = AXIS2_PLACEMENT_3D ( 'NONE', #1938, #2524, #4143 ) ;
#4460 = APPLICATION_PROTOCOL_DEFINITION ( 'draft international standard', 'automotive_design', 1998, #5169 ) ;
#4461 = ORIENTED_EDGE ( 'NONE', *, *, #4610, .F. ) ;
#4462 = EDGE_LOOP ( 'NONE', ( #2660, #4604, #4299, #4865, #2472 ) ) ;
#4463 = CARTESIAN_POINT ( 'NONE',  ( -2.000000000000000888, 0.0000000000000000000, 0.0000000000000000000 ) ) ;
#4464 = AXIS2_PLACEMENT_3D ( 'NONE', #4434, #1629, #2622 ) ;
#4465 = EDGE_CURVE ( 'NONE', #7077, #672, #6537, .T. ) ;
#4466 = LINE ( 'NONE', #6652, #5725 ) ;
#4467 = CARTESIAN_POINT ( 'NONE',  ( 0.0000000000000000000, -45.00000000000000000, 5.000000000000000000 ) ) ;
#4468 = ORIENTED_EDGE ( 'NONE', *, *, #4742, .T. ) ;
#4469 = CARTESIAN_POINT ( 'NONE',  ( 12.66758421158957404, 2.000000000000000000, 42.78593654904998544 ) ) ;
#4470 = ORIENTED_EDGE ( 'NONE', *, *, #5452, .F. ) ;
#4471 = CARTESIAN_POINT ( 'NONE',  ( -20.11111111111111427, 2.000000000000000000, 28.39657003448201777 ) ) ;
#4472 = DIRECTION ( 'NONE',  ( 0.0000000000000000000, 1.000000000000000000, 0.0000000000000000000 ) ) ;
#4473 = AXIS2_PLACEMENT_3D ( 'NONE', #101, #3011, #2423 ) ;
#4474 = DIRECTION ( 'NONE',  ( 0.1736481776669310251, 0.9848077530122079093, 0.0000000000000000000 ) ) ;
#4475 = CARTESIAN_POINT ( 'NONE',  ( 14.24793085957717231, 44.94560987828757703, 4.281925946714744136 ) ) ;
#4476 = VECTOR ( 'NONE', #5424, 1000.000000000000000 ) ;
#4477 = DIRECTION ( 'NONE',  ( -1.000000000000000000, 0.0000000000000000000, -7.780179021430174173E-16 ) ) ;
#4478 = VERTEX_POINT ( 'NONE', #1522 ) ;
#4479 = CARTESIAN_POINT ( 'NONE',  ( -2.000000000000000888, 0.0000000000000000000, 0.0000000000000000000 ) ) ;
#4480 = CARTESIAN_POINT ( 'NONE',  ( -4.898979485566355763, -39.86920115950339039, 1.000000000000000222 ) ) ;
#4481 = CARTESIAN_POINT ( 'NONE',  ( 29.00000000000000000, 1.000000000000000000, 23.81534156157350068 ) ) ;
#4482 = FACE_OUTER_BOUND ( 'NONE', #6026, .T. ) ;
#4483 = ORIENTED_EDGE ( 'NONE', *, *, #5049, .T. ) ;
#4484 = DIRECTION ( 'NONE',  ( 1.000000000000000000, 0.0000000000000000000, 0.0000000000000000000 ) ) ;
#4485 = DIRECTION ( 'NONE',  ( 0.0000000000000000000, 0.0000000000000000000, 1.000000000000000000 ) ) ;
#4486 = DIRECTION ( 'NONE',  ( 0.0000000000000000000, -1.224646799147353454E-16, 1.000000000000000000 ) ) ;
#4487 = ORIENTED_EDGE ( 'NONE', *, *, #1850, .F. ) ;
#4488 = DIRECTION ( 'NONE',  ( 0.0000000000000000000, 0.0000000000000000000, 1.000000000000000000 ) ) ;
#4489 = CARTESIAN_POINT ( 'NONE',  ( 4.975998077089952787, -40.87349751888258709, 0.5042227933478141688 ) ) ;
#4490 = CYLINDRICAL_SURFACE ( 'NONE', #4346, 10.00000000000000178 ) ;
#4491 = AXIS2_PLACEMENT_3D ( 'NONE', #160, #1865, #1200 ) ;
#4492 = SHAPE_DEFINITION_REPRESENTATION ( #6588, #676 ) ;
#4493 = ORIENTED_EDGE ( 'NONE', *, *, #83, .T. ) ;
#4494 = VERTEX_POINT ( 'NONE', #6031 ) ;
#4495 = EDGE_CURVE ( 'NONE', #5211, #3745, #3223, .T. ) ;
#4496 = CARTESIAN_POINT ( 'NONE',  ( -19.00000000000000000, 2.652747412077495870, -23.77032961426903057 ) ) ;
#4497 = TOROIDAL_SURFACE ( 'NONE', #1340, 2.500000000000003109, 1.000000000000000000 ) ;
#4498 = CARTESIAN_POINT ( 'NONE',  ( 15.29805563633783372, 34.62703965754567292, 12.52011567604874820 ) ) ;
#4499 = CARTESIAN_POINT ( 'NONE',  ( -18.98533287048767804, 25.11536834380910221, -2.771082858396980431 ) ) ;
#4500 = ORIENTED_EDGE ( 'NONE', *, *, #234, .F. ) ;
#4501 = DIRECTION ( 'NONE',  ( 0.0000000000000000000, 0.0000000000000000000, 1.000000000000000000 ) ) ;
#4502 = ORIENTED_EDGE ( 'NONE', *, *, #2036, .T. ) ;
#4503 = CARTESIAN_POINT ( 'NONE',  ( 0.09950371902095467291, 0.0000000000000000000, 0.0000000000000000000 ) ) ;
#4504 = AXIS2_PLACEMENT_3D ( 'NONE', #6813, #4472, #6778 ) ;
#4505 = ADVANCED_FACE ( 'NONE', ( #966 ), #6146, .T. ) ;
#4506 = CARTESIAN_POINT ( 'NONE',  ( 2.000000000000000888, 8.572527594031471218E-16, -6.999999999999998224 ) ) ;
#4507 = ADVANCED_FACE ( 'NONE', ( #6220 ), #381, .T. ) ;
#4508 = CARTESIAN_POINT ( 'NONE',  ( -9.999999999999998224, 6.123233995736764310E-16, 4.999999999999998224 ) ) ;
#4509 = CIRCLE ( 'NONE', #2635, 18.99999999999999645 ) ;
#4510 = CARTESIAN_POINT ( 'NONE',  ( 11.00100000000000122, 0.0000000000000000000, 0.0000000000000000000 ) ) ;
#4511 = AXIS2_PLACEMENT_3D ( 'NONE', #5829, #755, #1385 ) ;
#4512 = CARTESIAN_POINT ( 'NONE',  ( 15.45665680307812018, 45.07861778838110922, -4.331047301340495537 ) ) ;
#4513 = VERTEX_POINT ( 'NONE', #4061 ) ;
#4514 = CARTESIAN_POINT ( 'NONE',  ( 16.00000000000000000, 2.000000000000000000, -31.50000000000000000 ) ) ;
#4515 = FACE_OUTER_BOUND ( 'NONE', #4048, .T. ) ;
#4516 = CARTESIAN_POINT ( 'NONE',  ( 0.0000000000000000000, -20.99999999999999645, 0.0000000000000000000 ) ) ;
#4517 = FACE_OUTER_BOUND ( 'NONE', #6656, .T. ) ;
#4518 = CIRCLE ( 'NONE', #2151, 0.9999999999999991118 ) ;
#4519 = CARTESIAN_POINT ( 'NONE',  ( -15.00138125790372712, 43.95476500490527627, 5.819780257153957415 ) ) ;
#4520 = ORIENTED_EDGE ( 'NONE', *, *, #5348, .T. ) ;
#4521 = FACE_OUTER_BOUND ( 'NONE', #1900, .T. ) ;
#4522 = SURFACE_SIDE_STYLE ('',( #3995 ) ) ;
#4523 = AXIS2_PLACEMENT_3D ( 'NONE', #4317, #4391, #2106 ) ;
#4524 = CIRCLE ( 'NONE', #5003, 2.499999999999998668 ) ;
#4525 = CARTESIAN_POINT ( 'NONE',  ( -15.35113250075568558, 45.81040746202602776, 2.978962843500728042 ) ) ;
#4526 = PLANE ( 'NONE',  #6495 ) ;
#4527 = ORIENTED_EDGE ( 'NONE', *, *, #322, .F. ) ;
#4528 = EDGE_LOOP ( 'NONE', ( #3447, #1720, #5005, #785 ) ) ;
#4529 = TOROIDAL_SURFACE ( 'NONE', #7258, 2.500000000000003997, 1.000000000000000000 ) ;
#4530 = PLANE ( 'NONE',  #3934 ) ;
#4531 = TOROIDAL_SURFACE ( 'NONE', #292, 18.99999999999999645, 1.000000000000000000 ) ;
#4532 = DIRECTION ( 'NONE',  ( -0.1736481776669309418, 0.9848077530122079093, 0.0000000000000000000 ) ) ;
#4533 = VERTEX_POINT ( 'NONE', #4548 ) ;
#4534 = AXIS2_PLACEMENT_3D ( 'NONE', #2797, #3349, #6206 ) ;
#4535 = EDGE_LOOP ( 'NONE', ( #422, #2460, #2030, #2024 ) ) ;
#4536 = ADVANCED_BREP_SHAPE_REPRESENTATION ( '', ( #5839, #3712 ), #2173 ) ;
#4537 = CARTESIAN_POINT ( 'NONE',  ( 11.00100000000000122, 0.0000000000000000000, 2.500000000000000000 ) ) ;
#4538 = AXIS2_PLACEMENT_3D ( 'NONE', #3071, #1972, #2520 ) ;
#4539 = PRODUCT_DEFINITION ( 'UNKNOWN', '', #6330, #1545 ) ;
#4540 = CARTESIAN_POINT ( 'NONE',  ( 29.00000000000000000, 0.0000000000000000000, -23.81534156157350068 ) ) ;
#4541 = EDGE_CURVE ( 'NONE', #2581, #5033, #3403, .T. ) ;
#4542 = ORIENTED_EDGE ( 'NONE', *, *, #3956, .F. ) ;
#4543 = FACE_OUTER_BOUND ( 'NONE', #1262, .T. ) ;
#4544 = ORIENTED_EDGE ( 'NONE', *, *, #615, .T. ) ;
#4545 = DIRECTION ( 'NONE',  ( 0.0000000000000000000, 0.0000000000000000000, -1.000000000000000000 ) ) ;
#4546 = CARTESIAN_POINT ( 'NONE',  ( 11.97331907960222530, 0.0000000000000000000, 31.78593654904997834 ) ) ;
#4547 = COLOUR_RGB ( '',1.000000000000000000, 1.000000000000000000, 1.000000000000000000 ) ;
#4548 = CARTESIAN_POINT ( 'NONE',  ( 0.0000000000000000000, 19.00000000000000000, 4.999999999999999112 ) ) ;
#4549 = EDGE_CURVE ( 'NONE', #3686, #1620, #48, .T. ) ;
#4550 = CARTESIAN_POINT ( 'NONE',  ( -13.77100954353734252, 46.13357433734356050, -0.7599829073649371214 ) ) ;
#4551 = EDGE_CURVE ( 'NONE', #3697, #4224, #7010, .T. ) ;
#4552 = EDGE_CURVE ( 'NONE', #1628, #3498, #2380, .T. ) ;
#4553 = AXIS2_PLACEMENT_3D ( 'NONE', #6935, #6293, #6971 ) ;
#4554 = CARTESIAN_POINT ( 'NONE',  ( -15.25819765307456422, 46.33746717408889992, -0.3693449341365794836 ) ) ;
#4555 = ORIENTED_EDGE ( 'NONE', *, *, #2155, .T. ) ;
#4556 = CARTESIAN_POINT ( 'NONE',  ( -20.50000000000000355, 56.00000000000000000, 5.000000000000004441 ) ) ;
#4557 = ORIENTED_EDGE ( 'NONE', *, *, #33, .T. ) ;
#4558 = CARTESIAN_POINT ( 'NONE',  ( 0.0000000000000000000, 1.000000000000000000, 53.00000000000000000 ) ) ;
#4559 = DIRECTION ( 'NONE',  ( 1.000000000000000000, 0.0000000000000000000, 0.0000000000000000000 ) ) ;
#4560 = DIRECTION ( 'NONE',  ( 0.0000000000000000000, -0.0000000000000000000, 1.000000000000000000 ) ) ;
#4561 = EDGE_CURVE ( 'NONE', #3575, #321, #5151, .T. ) ;
#4562 = CARTESIAN_POINT ( 'NONE',  ( -17.00907477035245918, 26.87459347099099816, 3.848822646279299153 ) ) ;
#4563 = EDGE_LOOP ( 'NONE', ( #6139, #2621, #7018, #3201, #3630 ) ) ;
#4564 = DIRECTION ( 'NONE',  ( -1.000000000000000000, -0.0000000000000000000, -0.0000000000000000000 ) ) ;
#4565 = EDGE_CURVE ( 'NONE', #1217, #1864, #4693, .T. ) ;
#4566 = VECTOR ( 'NONE', #6050, 1000.000000000000000 ) ;
#4567 = ORIENTED_EDGE ( 'NONE', *, *, #4967, .T. ) ;
#4568 = CARTESIAN_POINT ( 'NONE',  ( 18.00000000000000355, 0.0000000000000000000, 23.77032961426903057 ) ) ;
#4569 = DIRECTION ( 'NONE',  ( 0.0000000000000000000, 1.000000000000000000, 0.0000000000000000000 ) ) ;
#4570 = ORIENTED_EDGE ( 'NONE', *, *, #6771, .F. ) ;
#4571 = ORIENTED_EDGE ( 'NONE', *, *, #3858, .F. ) ;
#4572 = CARTESIAN_POINT ( 'NONE',  ( 19.01939045069839551, 25.00668284084787985, -2.229670385730951665 ) ) ;
#4573 = CARTESIAN_POINT ( 'NONE',  ( -16.00000000000000000, 0.0000000000000000000, -31.50000000000000000 ) ) ;
#4574 = VERTEX_POINT ( 'NONE', #3519 ) ;
#4575 = ORIENTED_EDGE ( 'NONE', *, *, #2386, .F. ) ;
#4576 = DIRECTION ( 'NONE',  ( 0.0000000000000000000, -1.224646799147353454E-16, 1.000000000000000000 ) ) ;
#4577 = CARTESIAN_POINT ( 'NONE',  ( 7.347880794884119736E-16, -4.336808689942017736E-16, -6.000000000000000000 ) ) ;
#4578 = ORIENTED_EDGE ( 'NONE', *, *, #6221, .F. ) ;
#4579 = DIRECTION ( 'NONE',  ( -0.0000000000000000000, -1.000000000000000000, -0.0000000000000000000 ) ) ;
#4580 = ORIENTED_EDGE ( 'NONE', *, *, #4658, .F. ) ;
#4581 = CARTESIAN_POINT ( 'NONE',  ( 17.74127332790464351, 32.25524524269018656, -0.8380755883644893656 ) ) ;
#4582 = DIRECTION ( 'NONE',  ( 0.0000000000000000000, 1.000000000000000000, 0.0000000000000000000 ) ) ;
#4583 = EDGE_LOOP ( 'NONE', ( #1273, #3834 ) ) ;
#4584 = DIRECTION ( 'NONE',  ( 1.000000000000000000, 0.0000000000000000000, 0.0000000000000000000 ) ) ;
#4585 = ADVANCED_FACE ( 'NONE', ( #6331 ), #3342, .T. ) ;
#4586 = AXIS2_PLACEMENT_3D ( 'NONE', #5163, #94, #604 ) ;
#4587 = CARTESIAN_POINT ( 'NONE',  ( -9.000000000000001776, 2.705858625918038855E-15, 22.09501243788790958 ) ) ;
#4588 = MECHANICAL_DESIGN_GEOMETRIC_PRESENTATION_REPRESENTATION (  '', ( #3981 ), #2000 ) ;
#4589 = CARTESIAN_POINT ( 'NONE',  ( 0.0000000000000000000, 20.00000000000000000, 0.0000000000000000000 ) ) ;
#4590 = ORIENTED_EDGE ( 'NONE', *, *, #5113, .T. ) ;
#4591 = DIRECTION ( 'NONE',  ( -1.000000000000000000, -0.0000000000000000000, -0.0000000000000000000 ) ) ;
#4592 = VERTEX_POINT ( 'NONE', #560 ) ;
#4593 = DIRECTION ( 'NONE',  ( 1.776356839400249873E-15, 0.0000000000000000000, 1.000000000000000000 ) ) ;
#4594 = CARTESIAN_POINT ( 'NONE',  ( -18.00000000000000000, 0.0000000000000000000, -2.229670385730950333 ) ) ;
#4595 = CARTESIAN_POINT ( 'NONE',  ( -37.00000000000000000, 0.0000000000000000000, -13.00000000000000000 ) ) ;
#4596 = EDGE_CURVE ( 'NONE', #1043, #6608, #1746, .T. ) ;
#4597 = EDGE_CURVE ( 'NONE', #6270, #5273, #1692, .T. ) ;
#4598 = CARTESIAN_POINT ( 'NONE',  ( -17.49657498448720716, 24.87462670282271660, 2.502010509159413587 ) ) ;
#4599 = ORIENTED_EDGE ( 'NONE', *, *, #2343, .F. ) ;
#4600 = VECTOR ( 'NONE', #3133, 1000.000000000000227 ) ;
#4601 = CARTESIAN_POINT ( 'NONE',  ( 13.74026056903632309, 44.88921036392231656, -4.261290993643036984 ) ) ;
#4602 = FACE_OUTER_BOUND ( 'NONE', #810, .T. ) ;
#4603 = CARTESIAN_POINT ( 'NONE',  ( -15.93258149445201788, 20.20408712793289752, -17.59485823276435212 ) ) ;
#4604 = ORIENTED_EDGE ( 'NONE', *, *, #171, .T. ) ;
#4605 = CARTESIAN_POINT ( 'NONE',  ( -16.00000000000000000, 0.0000000000000000000, -29.00000000000000000 ) ) ;
#4606 = DIRECTION ( 'NONE',  ( 0.0000000000000000000, 0.0000000000000000000, 1.000000000000000000 ) ) ;
#4607 = EDGE_CURVE ( 'NONE', #1480, #2274, #1466, .T. ) ;
#4608 = ORIENTED_EDGE ( 'NONE', *, *, #1757, .F. ) ;
#4609 = EDGE_CURVE ( 'NONE', #4705, #5816, #1666, .T. ) ;
#4610 = EDGE_CURVE ( 'NONE', #6057, #3728, #2053, .T. ) ;
#4611 = VERTEX_POINT ( 'NONE', #6292 ) ;
#4612 = DIRECTION ( 'NONE',  ( 0.0000000000000000000, 0.0000000000000000000, -1.000000000000000000 ) ) ;
#4613 = DIRECTION ( 'NONE',  ( 0.0000000000000000000, 1.000000000000000000, 0.0000000000000000000 ) ) ;
#4614 = ORIENTED_EDGE ( 'NONE', *, *, #5143, .T. ) ;
#4615 = ORIENTED_EDGE ( 'NONE', *, *, #4228, .F. ) ;
#4616 = B_SPLINE_CURVE_WITH_KNOTS ( 'NONE', 3,
 ( #1862, #4626, #3590, #4669, #1894, #2882, #1239, #4131 ),
 .UNSPECIFIED., .F., .F.,
 ( 4, 2, 2, 4 ),
 ( 0.0000000000000000000, 0.0002676374405394426931, 0.0005352748810788853862, 0.001070549762157761448 ),
 .UNSPECIFIED. ) ;
#4617 = CARTESIAN_POINT ( 'NONE',  ( 16.93333333333331936, 11.32569704883094808, 20.71873622355948186 ) ) ;
#4618 = CIRCLE ( 'NONE', #1438, 1.000000000000000000 ) ;
#4619 = CARTESIAN_POINT ( 'NONE',  ( 16.93333333333333357, 2.000000000000000000, -5.281263776440502156 ) ) ;
#4620 = VERTEX_POINT ( 'NONE', #6181 ) ;
#4621 = ORIENTED_EDGE ( 'NONE', *, *, #5962, .T. ) ;
#4622 = DIRECTION ( 'NONE',  ( 0.0000000000000000000, 0.0000000000000000000, 1.000000000000000000 ) ) ;
#4623 = ORIENTED_EDGE ( 'NONE', *, *, #526, .F. ) ;
#4624 = CARTESIAN_POINT ( 'NONE',  ( -16.50890800058747843, 30.16433759390517011, 3.379611691506010374 ) ) ;
#4625 = AXIS2_PLACEMENT_3D ( 'NONE', #2043, #4933, #1559 ) ;
#4626 = CARTESIAN_POINT ( 'NONE',  ( -19.00000000000000000, 2.445195722679362582, -23.85834730540493354 ) ) ;
#4627 = AXIS2_PLACEMENT_3D ( 'NONE', #1264, #5777, #3506 ) ;
#4628 = AXIS2_PLACEMENT_3D ( 'NONE', #2935, #5770, #4683 ) ;
#4629 = CARTESIAN_POINT ( 'NONE',  ( -13.74026056903632664, 44.88921036392233077, -4.261290993643015668 ) ) ;
#4630 = ORIENTED_EDGE ( 'NONE', *, *, #7324, .T. ) ;
#4631 = CARTESIAN_POINT ( 'NONE',  ( -16.38287855762948553, 31.32092908250001884, -2.229670385730950333 ) ) ;
#4632 = VERTEX_POINT ( 'NONE', #2843 ) ;
#4633 = CARTESIAN_POINT ( 'NONE',  ( 9.000000000000001776, 1.000000000000000000, -2.229670385730950333 ) ) ;
#4634 = DIRECTION ( 'NONE',  ( 0.0000000000000000000, 1.000000000000000000, 0.0000000000000000000 ) ) ;
#4635 = CARTESIAN_POINT ( 'NONE',  ( 37.00000000000000000, 2.000000000000000000, -13.00000000000000000 ) ) ;
#4636 = CARTESIAN_POINT ( 'NONE',  ( 0.0000000000000000000, -45.00000000000000000, 0.0000000000000000000 ) ) ;
#4637 = EDGE_LOOP ( 'NONE', ( #6627, #340, #406, #3097 ) ) ;
#4638 = CIRCLE ( 'NONE', #35, 3.500000000000003109 ) ;
#4639 = CARTESIAN_POINT ( 'NONE',  ( -19.00000000000000000, 2.617530056290568563, 23.78337045769510283 ) ) ;
#4640 = EDGE_CURVE ( 'NONE', #5715, #2360, #4509, .T. ) ;
#4641 = CYLINDRICAL_SURFACE ( 'NONE', #2504, 5.000000000000000000 ) ;
#4642 = DIRECTION ( 'NONE',  ( -1.000000000000000000, 0.0000000000000000000, 0.0000000000000000000 ) ) ;
#4643 = CARTESIAN_POINT ( 'NONE',  ( -17.45560332317602814, 2.521032313864932650, 23.81667381549197060 ) ) ;
#4644 = CIRCLE ( 'NONE', #40, 1.000000000000000888 ) ;
#4645 = VERTEX_POINT ( 'NONE', #5111 ) ;
#4646 = EDGE_CURVE ( 'NONE', #5774, #1008, #1147, .T. ) ;
#4647 = EDGE_LOOP ( 'NONE', ( #4379, #2839, #5324, #939 ) ) ;
#4648 = DIRECTION ( 'NONE',  ( 0.0000000000000000000, 0.0000000000000000000, 1.000000000000000000 ) ) ;
#4649 = DIRECTION ( 'NONE',  ( 0.1736481776669309418, 0.9848077530122079093, 0.0000000000000000000 ) ) ;
#4650 = VECTOR ( 'NONE', #134, 1000.000000000000000 ) ;
#4651 = AXIS2_PLACEMENT_3D ( 'NONE', #6618, #931, #4474 ) ;
#4652 = AXIS2_PLACEMENT_3D ( 'NONE', #6791, #17, #5122 ) ;
#4653 = EDGE_CURVE ( 'NONE', #1640, #1730, #2976, .T. ) ;
#4654 = ADVANCED_FACE ( 'NONE', ( #2993 ), #7014, .T. ) ;
#4655 = ORIENTED_EDGE ( 'NONE', *, *, #6503, .T. ) ;
#4656 = ORIENTED_EDGE ( 'NONE', *, *, #3387, .T. ) ;
#4657 = FACE_OUTER_BOUND ( 'NONE', #2855, .T. ) ;
#4658 = EDGE_CURVE ( 'NONE', #4268, #6820, #3910, .T. ) ;
#4659 = AXIS2_PLACEMENT_3D ( 'NONE', #1538, #1025, #7135 ) ;
#4660 = AXIS2_PLACEMENT_3D ( 'NONE', #3540, #4117, #180 ) ;
#4661 = FACE_OUTER_BOUND ( 'NONE', #1246, .T. ) ;
#4662 = ORIENTED_EDGE ( 'NONE', *, *, #6677, .F. ) ;
#4663 =( NAMED_UNIT ( * ) PLANE_ANGLE_UNIT ( ) SI_UNIT ( $, .RADIAN. ) );
#4664 = VERTEX_POINT ( 'NONE', #598 ) ;
#4665 = FACE_OUTER_BOUND ( 'NONE', #1387, .T. ) ;
#4666 = ORIENTED_EDGE ( 'NONE', *, *, #1367, .T. ) ;
#4667 = DIRECTION ( 'NONE',  ( 0.0000000000000000000, 0.0000000000000000000, 1.000000000000000000 ) ) ;
#4668 = MECHANICAL_DESIGN_GEOMETRIC_PRESENTATION_REPRESENTATION (  '', ( #530 ), #1711 ) ;
#4669 = CARTESIAN_POINT ( 'NONE',  ( -19.00222048000662411, 2.243595453465400347, -24.03500141457847050 ) ) ;
#4670 = LINE ( 'NONE', #4135, #3789 ) ;
#4671 = ORIENTED_EDGE ( 'NONE', *, *, #1485, .T. ) ;
#4672 = DIRECTION ( 'NONE',  ( 0.1736481776669309696, 0.9848077530122080203, 0.0000000000000000000 ) ) ;
#4673 = VERTEX_POINT ( 'NONE', #3982 ) ;
#4674 = FACE_OUTER_BOUND ( 'NONE', #3123, .T. ) ;
#4675 = CYLINDRICAL_SURFACE ( 'NONE', #4980, 10.00000000000000178 ) ;
#4676 = LINE ( 'NONE', #1323, #1514 ) ;
#4677 = DIRECTION ( 'NONE',  ( 0.0000000000000000000, -1.000000000000000000, 0.0000000000000000000 ) ) ;
#4678 = ORIENTED_EDGE ( 'NONE', *, *, #3988, .F. ) ;
#4679 =( BOUNDED_CURVE ( )  B_SPLINE_CURVE ( 3, ( #5742, #666, #3023, #4617 ),
 .UNSPECIFIED., .F., .F. ) 
 B_SPLINE_CURVE_WITH_KNOTS ( ( 4, 4 ),
 ( 4.712388980384690562, 5.079597000942527529 ),
 .UNSPECIFIED. ) 
 CURVE ( )  GEOMETRIC_REPRESENTATION_ITEM ( )  RATIONAL_B_SPLINE_CURVE ( ( 1.000000000000000000, 0.9887947201667834918, 0.9887947201667834918, 1.000000000000000000 ) ) 
 REPRESENTATION_ITEM ( '' )  );
#4680 = AXIS2_PLACEMENT_3D ( 'NONE', #5486, #418, #378 ) ;
#4681 = CARTESIAN_POINT ( 'NONE',  ( 17.21450399055210312, 24.96044089177042835, -15.92132635289559417 ) ) ;
#4682 = PLANE ( 'NONE',  #1582 ) ;
#4683 = DIRECTION ( 'NONE',  ( 0.0000000000000000000, 0.0000000000000000000, 1.000000000000000000 ) ) ;
#4684 = CARTESIAN_POINT ( 'NONE',  ( -15.29805563633783727, 34.62703965754568003, -12.52011567604874820 ) ) ;
#4685 = DIRECTION ( 'NONE',  ( 0.0000000000000000000, 0.0000000000000000000, 1.000000000000000000 ) ) ;
#4686 = TOROIDAL_SURFACE ( 'NONE', #3501, 21.00000000000000000, 1.000000000000000000 ) ;
#4687 = ORIENTED_EDGE ( 'NONE', *, *, #5925, .T. ) ;
#4688 = VERTEX_POINT ( 'NONE', #7272 ) ;
#4689 = EDGE_CURVE ( 'NONE', #1932, #2474, #5599, .T. ) ;
#4690 = CARTESIAN_POINT ( 'NONE',  ( -19.00000000000000000, 2.000000000000000000, -4.282202112918619186 ) ) ;
#4691 = DIRECTION ( 'NONE',  ( 0.0000000000000000000, 0.0000000000000000000, 1.000000000000000000 ) ) ;
#4692 = APPLICATION_CONTEXT ( 'automotive_design' ) ;
#4693 =( BOUNDED_CURVE ( )  B_SPLINE_CURVE ( 3, ( #154, #1704, #5188, #1195 ),
 .UNSPECIFIED., .F., .F. ) 
 B_SPLINE_CURVE_WITH_KNOTS ( ( 4, 4 ),
 ( 5.915977286621748377, 6.229017574484202235 ),
 .UNSPECIFIED. ) 
 CURVE ( )  GEOMETRIC_REPRESENTATION_ITEM ( )  RATIONAL_B_SPLINE_CURVE ( ( 1.000000000000000000, 0.9918504728844809160, 0.9918504728844809160, 1.000000000000000000 ) ) 
 REPRESENTATION_ITEM ( '' )  );
#4694 = VERTEX_POINT ( 'NONE', #6259 ) ;
#4695 = EDGE_LOOP ( 'NONE', ( #1417, #3273, #1244, #4257, #6042 ) ) ;
#4696 = EDGE_CURVE ( 'NONE', #1963, #1628, #4123, .T. ) ;
#4697 = ADVANCED_FACE ( 'NONE', ( #1634 ), #6783, .F. ) ;
#4698 = DIRECTION ( 'NONE',  ( -1.000000000000000000, -0.0000000000000000000, -0.0000000000000000000 ) ) ;
#4699 = B_SPLINE_CURVE_WITH_KNOTS ( 'NONE', 3,
 ( #2623, #2008, #3323, #5554, #5592, #5071, #633, #1745, #7265, #8 ),
 .UNSPECIFIED., .F., .F.,
 ( 4, 2, 2, 2, 4 ),
 ( 0.003924889821344490666, 0.004741976104069286352, 0.005559062386794082905, 0.006376148669518878591, 0.007193234952243674277 ),
 .UNSPECIFIED. ) ;
#4700 = FACE_BOUND ( 'NONE', #4583, .T. ) ;
#4701 = ORIENTED_EDGE ( 'NONE', *, *, #6353, .T. ) ;
#4702 = DIRECTION ( 'NONE',  ( 0.0000000000000000000, 0.0000000000000000000, 1.000000000000000000 ) ) ;
#4703 = ORIENTED_EDGE ( 'NONE', *, *, #328, .F. ) ;
#4704 = DIRECTION ( 'NONE',  ( -1.000000000000000000, 0.0000000000000000000, -7.780179021430174173E-16 ) ) ;
#4705 = VERTEX_POINT ( 'NONE', #6111 ) ;
#4706 = EDGE_CURVE ( 'NONE', #3544, #7233, #5831, .T. ) ;
#4707 = CARTESIAN_POINT ( 'NONE',  ( -18.98533287048767804, 25.11536834380910221, -2.771082858396980431 ) ) ;
#4708 = CARTESIAN_POINT ( 'NONE',  ( 0.0000000000000000000, 20.99999999999999645, 0.0000000000000000000 ) ) ;
#4709 = ORIENTED_EDGE ( 'NONE', *, *, #1441, .F. ) ;
#4710 = DIRECTION ( 'NONE',  ( -0.0000000000000000000, -1.000000000000000000, 0.0000000000000000000 ) ) ;
#4711 = ORIENTED_EDGE ( 'NONE', *, *, #5192, .T. ) ;
#4712 = FACE_OUTER_BOUND ( 'NONE', #338, .T. ) ;
#4713 = LINE ( 'NONE', #1354, #375 ) ;
#4714 = VECTOR ( 'NONE', #1833, 1000.000000000000000 ) ;
#4715 = CYLINDRICAL_SURFACE ( 'NONE', #5478, 10.00000000000000178 ) ;
#4716 = FACE_OUTER_BOUND ( 'NONE', #3646, .T. ) ;
#4717 = VERTEX_POINT ( 'NONE', #3914 ) ;
#4718 = CARTESIAN_POINT ( 'NONE',  ( 17.49999999999999645, 2.000000000000000000, 24.51473681785430614 ) ) ;
#4719 = VECTOR ( 'NONE', #2137, 1000.000000000000000 ) ;
#4720 = DIRECTION ( 'NONE',  ( 6.938893903907222067E-15, 0.0000000000000000000, 1.000000000000000000 ) ) ;
#4721 = FACE_OUTER_BOUND ( 'NONE', #5798, .T. ) ;
#4722 = DIRECTION ( 'NONE',  ( 1.000000000000000000, 0.0000000000000000000, 0.0000000000000000000 ) ) ;
#4723 = CARTESIAN_POINT ( 'NONE',  ( -18.98533287048767448, 25.11536834380910221, 2.771082858396940463 ) ) ;
#4724 = ORIENTED_EDGE ( 'NONE', *, *, #667, .F. ) ;
#4725 = VECTOR ( 'NONE', #6756, 1000.000000000000114 ) ;
#4726 = ORIENTED_EDGE ( 'NONE', *, *, #1851, .F. ) ;
#4727 = CARTESIAN_POINT ( 'NONE',  ( -16.19770077992399493, 0.0000000000000000000, 32.36776602760185284 ) ) ;
#4728 = AXIS2_PLACEMENT_3D ( 'NONE', #6607, #3239, #4984 ) ;
#4729 = CARTESIAN_POINT ( 'NONE',  ( 0.0000000000000000000, 1.000000000000000000, -53.00000000000000000 ) ) ;
#4730 = ORIENTED_EDGE ( 'NONE', *, *, #5415, .T. ) ;
#4731 = CARTESIAN_POINT ( 'NONE',  ( 0.0000000000000000000, -19.00000000000000000, 0.0000000000000000000 ) ) ;
#4732 =( BOUNDED_CURVE ( )  B_SPLINE_CURVE ( 3, ( #5186, #4581, #5749, #1157 ),
 .UNSPECIFIED., .F., .F. ) 
 B_SPLINE_CURVE_WITH_KNOTS ( ( 4, 4 ),
 ( 2.550320572464644275, 3.732864734714940624 ),
 .UNSPECIFIED. ) 
 CURVE ( )  GEOMETRIC_REPRESENTATION_ITEM ( )  RATIONAL_B_SPLINE_CURVE ( ( 1.000000000000000000, 0.8868215137500023992, 0.8868215137500023992, 1.000000000000000000 ) ) 
 REPRESENTATION_ITEM ( '' )  );
#4733 = EDGE_CURVE ( 'NONE', #3906, #4574, #6705, .T. ) ;
#4734 = DIRECTION ( 'NONE',  ( -0.0000000000000000000, 0.0000000000000000000, -1.000000000000000000 ) ) ;
#4735 = SURFACE_STYLE_FILL_AREA ( #6576 ) ;
#4736 = ORIENTED_EDGE ( 'NONE', *, *, #1369, .F. ) ;
#4737 = DIRECTION ( 'NONE',  ( 0.0000000000000000000, -1.000000000000000000, 0.0000000000000000000 ) ) ;
#4738 = ORIENTED_EDGE ( 'NONE', *, *, #2385, .T. ) ;
#4739 = CYLINDRICAL_SURFACE ( 'NONE', #5756, 4.000000000000000000 ) ;
#4740 = AXIS2_PLACEMENT_3D ( 'NONE', #4479, #6745, #600 ) ;
#4741 = EDGE_CURVE ( 'NONE', #67, #550, #3574, .T. ) ;
#4742 = EDGE_CURVE ( 'NONE', #734, #3558, #6418, .T. ) ;
#4743 = CARTESIAN_POINT ( 'NONE',  ( -8.657630719096996330, 0.0000000000000000000, 31.15290796623613545 ) ) ;
#4744 = ORIENTED_EDGE ( 'NONE', *, *, #4134, .T. ) ;
#4745 = VERTEX_POINT ( 'NONE', #1670 ) ;
#4746 = CARTESIAN_POINT ( 'NONE',  ( -19.22222222222222854, 0.0000000000000000000, 28.85469288177286629 ) ) ;
#4747 = ORIENTED_EDGE ( 'NONE', *, *, #3147, .F. ) ;
#4748 = DIRECTION ( 'NONE',  ( 0.0000000000000000000, 0.0000000000000000000, 1.000000000000000000 ) ) ;
#4749 = CIRCLE ( 'NONE', #1551, 1.000000000000000888 ) ;
#4750 = DIRECTION ( 'NONE',  ( -0.0000000000000000000, -1.000000000000000000, -0.0000000000000000000 ) ) ;
#4751 = CARTESIAN_POINT ( 'NONE',  ( -18.51411274795452755, 2.566258000257236827, -23.80076107398359042 ) ) ;
#4752 = CYLINDRICAL_SURFACE ( 'NONE', #6215, 10.00000000000000178 ) ;
#4753 = ORIENTED_EDGE ( 'NONE', *, *, #1476, .F. ) ;
#4754 = AXIS2_PLACEMENT_3D ( 'NONE', #6554, #1974, #3798 ) ;
#4755 = DIRECTION ( 'NONE',  ( 0.0000000000000000000, 0.0000000000000000000, -1.000000000000000000 ) ) ;
#4756 = VERTEX_POINT ( 'NONE', #6188 ) ;
#4757 = CARTESIAN_POINT ( 'NONE',  ( -13.33007783690114323, 43.54832478045084798, -6.104054266970472931 ) ) ;
#4758 = CARTESIAN_POINT ( 'NONE',  ( 9.999999999999998224, 0.0000000000000000000, 5.999999999999998224 ) ) ;
#4759 = SHAPE_DEFINITION_REPRESENTATION ( #4331, #3162 ) ;
#4760 = CARTESIAN_POINT ( 'NONE',  ( -13.10452036353892069, 41.78585545035222282, 7.988991016362042785 ) ) ;
#4761 = CIRCLE ( 'NONE', #2022, 1.000000000000000888 ) ;
#4762 = AXIS2_PLACEMENT_3D ( 'NONE', #1420, #6479, #2517 ) ;
#4763 = VERTEX_POINT ( 'NONE', #1128 ) ;
#4764 = CARTESIAN_POINT ( 'NONE',  ( -11.97331907960222530, 1.000000000000000000, 22.78593654904997834 ) ) ;
#4765 = DIRECTION ( 'NONE',  ( 1.000000000000000000, -0.0000000000000000000, -0.0000000000000000000 ) ) ;
#4766 = CIRCLE ( 'NONE', #3336, 0.9999999999999998890 ) ;
#4767 = ORIENTED_EDGE ( 'NONE', *, *, #5608, .F. ) ;
#4768 = AXIS2_PLACEMENT_3D ( 'NONE', #627, #1307, #1189 ) ;
#4769 = CARTESIAN_POINT ( 'NONE',  ( 0.0000000000000000000, -44.00000000000000000, 5.000000000000000000 ) ) ;
#4770 = VECTOR ( 'NONE', #6865, 1000.000000000000000 ) ;
#4771 = CARTESIAN_POINT ( 'NONE',  ( 17.00000000000000000, 0.0000000000000000000, 32.50000000000000000 ) ) ;
#4772 = COLOUR_RGB ( '',0.0000000000000000000, 0.0000000000000000000, 0.0000000000000000000 ) ;
#4773 = ORIENTED_EDGE ( 'NONE', *, *, #3815, .F. ) ;
#4774 = DIRECTION ( 'NONE',  ( -0.0000000000000000000, -1.000000000000000000, -0.0000000000000000000 ) ) ;
#4775 = AXIS2_PLACEMENT_3D ( 'NONE', #2284, #5581, #442 ) ;
#4776 = VERTEX_POINT ( 'NONE', #3369 ) ;
#4777 = PRODUCT_DEFINITION ( 'UNKNOWN', '', #7162, #5541 ) ;
#4778 = EDGE_CURVE ( 'NONE', #4008, #5868, #5638, .T. ) ;
#4779 = CIRCLE ( 'NONE', #1472, 2.499999999999998668 ) ;
#4780 = CIRCLE ( 'NONE', #1956, 9.000000000000001776 ) ;
#4781 = CARTESIAN_POINT ( 'NONE',  ( -17.99891779537460934, 2.567369320503646080, 23.80037005389676352 ) ) ;
#4782 = VERTEX_POINT ( 'NONE', #5078 ) ;
#4783 = EDGE_LOOP ( 'NONE', ( #6524, #5379, #4022, #5759 ) ) ;
#4784 = FACE_OUTER_BOUND ( 'NONE', #1352, .T. ) ;
#4785 = ORIENTED_EDGE ( 'NONE', *, *, #2237, .F. ) ;
#4786 = CARTESIAN_POINT ( 'NONE',  ( -6.735557395310441037E-16, -20.99999999999999645, -4.999999999999999112 ) ) ;
#4787 = EDGE_CURVE ( 'NONE', #4903, #2316, #1066, .T. ) ;
#4788 = DIRECTION ( 'NONE',  ( -1.000000000000000000, 0.0000000000000000000, 0.0000000000000000000 ) ) ;
#4789 = CARTESIAN_POINT ( 'NONE',  ( 18.01748830646787880, 30.43745095091090036, 3.188375290888184388 ) ) ;
#4790 = TOROIDAL_SURFACE ( 'NONE', #5739, 9.000000000000001776, 1.000000000000000000 ) ;
#4791 =( NAMED_UNIT ( * ) SI_UNIT ( $, .STERADIAN. ) SOLID_ANGLE_UNIT ( ) );
#4792 = ORIENTED_EDGE ( 'NONE', *, *, #5433, .F. ) ;
#4793 = EDGE_CURVE ( 'NONE', #6288, #6362, #3615, .T. ) ;
#4794 = EDGE_CURVE ( 'NONE', #3848, #606, #4638, .T. ) ;
#4795 = CARTESIAN_POINT ( 'NONE',  ( -17.00000000000000000, 0.0000000000000000000, 30.00000000000000000 ) ) ;
#4796 = AXIS2_PLACEMENT_3D ( 'NONE', #4313, #4280, #5378 ) ;
#4797 = CARTESIAN_POINT ( 'NONE',  ( 16.93333333333332646, 11.32569704883094808, -20.71873622355948186 ) ) ;
#4798 = ORIENTED_EDGE ( 'NONE', *, *, #3895, .F. ) ;
#4799 = CARTESIAN_POINT ( 'NONE',  ( 17.49999999999999645, 2.000000000000000000, 24.69534183785885872 ) ) ;
#4800 = CARTESIAN_POINT ( 'NONE',  ( -17.00943985666795299, 26.87284881602317910, -3.848553857843469483 ) ) ;
#4801 = CONTEXT_DEPENDENT_SHAPE_REPRESENTATION ( #1256, #921 ) ;
#4802 = CARTESIAN_POINT ( 'NONE',  ( 0.0000000000000000000, 0.0000000000000000000, 0.0000000000000000000 ) ) ;
#4803 = STYLED_ITEM ( 'NONE', ( #510 ), #576 ) ;
#4804 = ORIENTED_EDGE ( 'NONE', *, *, #1441, .T. ) ;
#4805 = ADVANCED_FACE ( 'NONE', ( #2333 ), #6528, .T. ) ;
#4806 = DIRECTION ( 'NONE',  ( 0.0000000000000000000, 0.0000000000000000000, -1.000000000000000000 ) ) ;
#4807 = DIRECTION ( 'NONE',  ( -0.0000000000000000000, -1.000000000000000000, -0.0000000000000000000 ) ) ;
#4808 = CIRCLE ( 'NONE', #6210, 23.09004962809790129 ) ;
#4809 = ORIENTED_EDGE ( 'NONE', *, *, #3425, .T. ) ;
#4810 = CARTESIAN_POINT ( 'NONE',  ( 19.03364504725404416, 2.521949275139189872, -23.81635118096954429 ) ) ;
#4811 = B_SPLINE_CURVE_WITH_KNOTS ( 'NONE', 3,
 ( #5928, #336, #1967, #2655, #2035, #5961, #4275, #6610, #5477, #922, #3723, #4207 ),
 .UNSPECIFIED., .F., .F.,
 ( 4, 2, 2, 2, 2, 4 ),
 ( 8.673617379884035472E-19, 0.0009812224553361228833, 0.001962444910672244899, 0.002453056138340306124, 0.002943667366008367783, 0.003924889821344490666 ),
 .UNSPECIFIED. ) ;
#4812 = UNCERTAINTY_MEASURE_WITH_UNIT (LENGTH_MEASURE( 1.000000000000000082E-05 ), #7206, 'distance_accuracy_value', 'NONE');
#4813 = DIRECTION ( 'NONE',  ( -0.0000000000000000000, -1.000000000000000000, -0.0000000000000000000 ) ) ;
#4814 =( NAMED_UNIT ( * ) SI_UNIT ( $, .STERADIAN. ) SOLID_ANGLE_UNIT ( ) );
#4815 = ORIENTED_EDGE ( 'NONE', *, *, #3387, .F. ) ;
#4816 = LINE ( 'NONE', #1858, #1773 ) ;
#4817 = EDGE_LOOP ( 'NONE', ( #674, #888, #1812, #775 ) ) ;
#4818 = FACE_OUTER_BOUND ( 'NONE', #5427, .T. ) ;
#4819 = CARTESIAN_POINT ( 'NONE',  ( -17.47675949660900585, 2.000000000000000000, 24.69496929614163605 ) ) ;
#4820 = ORIENTED_EDGE ( 'NONE', *, *, #3999, .F. ) ;
#4821 = CARTESIAN_POINT ( 'NONE',  ( 0.0000000000000000000, 18.00000000000000000, 0.0000000000000000000 ) ) ;
#4822 = VERTEX_POINT ( 'NONE', #4064 ) ;
#4823 = DIRECTION ( 'NONE',  ( 0.0000000000000000000, 1.000000000000000000, 0.0000000000000000000 ) ) ;
#4824 = DIRECTION ( 'NONE',  ( 1.000000000000000000, 0.0000000000000000000, 0.0000000000000000000 ) ) ;
#4825 = EDGE_CURVE ( 'NONE', #5902, #25, #6986, .T. ) ;
#4826 = FACE_OUTER_BOUND ( 'NONE', #112, .T. ) ;
#4827 = DIRECTION ( 'NONE',  ( 0.0000000000000000000, 0.0000000000000000000, -1.000000000000000000 ) ) ;
#4828 = VERTEX_POINT ( 'NONE', #3034 ) ;
#4829 = DIRECTION ( 'NONE',  ( -0.0000000000000000000, -1.000000000000000000, -0.0000000000000000000 ) ) ;
#4830 = CIRCLE ( 'NONE', #2098, 9.000000000000001776 ) ;
#4831 = LINE ( 'NONE', #2080, #7238 ) ;
#4832 = ORIENTED_EDGE ( 'NONE', *, *, #7240, .T. ) ;
#4833 = DIRECTION ( 'NONE',  ( 0.4581228472908500104, 0.0000000000000000000, 0.8888888888888897277 ) ) ;
#4834 = FILL_AREA_STYLE_COLOUR ( '', #5002 ) ;
#4835 = EDGE_CURVE ( 'NONE', #1516, #1871, #6372, .T. ) ;
#4836 = EDGE_CURVE ( 'NONE', #2941, #1149, #6974, .T. ) ;
#4837 = CARTESIAN_POINT ( 'NONE',  ( -17.49999999999999645, 5.626474161160414766, -22.72401835070281351 ) ) ;
#4838 = EDGE_LOOP ( 'NONE', ( #6928, #3283, #2222, #6131, #4405, #3413, #7110, #331, #960 ) ) ;
#4839 = VECTOR ( 'NONE', #797, 1000.000000000000000 ) ;
#4840 = CARTESIAN_POINT ( 'NONE',  ( -18.33333333333332149, 12.85621757296392609, 20.18021974284602749 ) ) ;
#4841 = DIRECTION ( 'NONE',  ( 0.0000000000000000000, 0.0000000000000000000, 1.000000000000000000 ) ) ;
#4842 = EDGE_CURVE ( 'NONE', #2818, #365, #1346, .T. ) ;
#4843 = EDGE_CURVE ( 'NONE', #4857, #6360, #2980, .T. ) ;
#4844 = CIRCLE ( 'NONE', #1182, 22.09501243788790958 ) ;
#4845 = EDGE_LOOP ( 'NONE', ( #2721, #1499, #3478, #1702 ) ) ;
#4846 = CARTESIAN_POINT ( 'NONE',  ( 17.48638327794449765, 1.999999999999999556, 24.09917986175360483 ) ) ;
#4847 = VECTOR ( 'NONE', #656, 1000.000000000000000 ) ;
#4848 = DIRECTION ( 'NONE',  ( -0.3590109871423035615, 0.0000000000000000000, 0.9333333333333322379 ) ) ;
#4849 =( NAMED_UNIT ( * ) PLANE_ANGLE_UNIT ( ) SI_UNIT ( $, .RADIAN. ) );
#4850 = EDGE_LOOP ( 'NONE', ( #7, #4388 ) ) ;
#4851 = CARTESIAN_POINT ( 'NONE',  ( -13.81862330540316997, 34.36617582146947569, 12.61190109985333763 ) ) ;
#4852 = ORIENTED_EDGE ( 'NONE', *, *, #4835, .F. ) ;
#4853 = CARTESIAN_POINT ( 'NONE',  ( 17.49657498448720716, 24.87462670282271660, 2.502010509159414919 ) ) ;
#4854 = DIRECTION ( 'NONE',  ( 0.0000000000000000000, 0.0000000000000000000, 1.000000000000000000 ) ) ;
#4855 = VERTEX_POINT ( 'NONE', #5194 ) ;
#4856 = CARTESIAN_POINT ( 'NONE',  ( -4.936511842050641974, -40.61449390799496229, 0.7997942427496612661 ) ) ;
#4857 = VERTEX_POINT ( 'NONE', #3523 ) ;
#4858 = CARTESIAN_POINT ( 'NONE',  ( 4.898979485566355763, -40.00000000000000000, -1.000000000000000444 ) ) ;
#4859 = DIRECTION ( 'NONE',  ( 0.0000000000000000000, 1.000000000000000000, 0.0000000000000000000 ) ) ;
#4860 = CARTESIAN_POINT ( 'NONE',  ( -17.43768231313836381, 2.000000000000000000, -24.00789288944563182 ) ) ;
#4861 = DIRECTION ( 'NONE',  ( 0.0000000000000000000, 0.0000000000000000000, 1.000000000000000000 ) ) ;
#4862 = CARTESIAN_POINT ( 'NONE',  ( 16.00000000000000000, 2.000000000000000000, -29.00000000000000000 ) ) ;
#4863 = AXIS2_PLACEMENT_3D ( 'NONE', #6226, #3951, #13 ) ;
#4864 = LINE ( 'NONE', #7127, #1215 ) ;
#4865 = ORIENTED_EDGE ( 'NONE', *, *, #6782, .T. ) ;
#4866 = CYLINDRICAL_SURFACE ( 'NONE', #618, 3.500000000000003109 ) ;
#4867 = CARTESIAN_POINT ( 'NONE',  ( -17.39466683516787171, 0.0000000000000000000, -5.474648746009643574 ) ) ;
#4868 = DIRECTION ( 'NONE',  ( -1.000000000000000000, -0.0000000000000000000, -0.0000000000000000000 ) ) ;
#4869 = ORIENTED_EDGE ( 'NONE', *, *, #6469, .T. ) ;
#4870 = CARTESIAN_POINT ( 'NONE',  ( 18.94130688547426189, 25.30380328585290783, 2.967239172274398484 ) ) ;
#4871 = ADVANCED_FACE ( 'NONE', ( #4176 ), #6294, .T. ) ;
#4872 = FACE_OUTER_BOUND ( 'NONE', #2913, .T. ) ;
#4873 = CIRCLE ( 'NONE', #5464, 5.999999999999998224 ) ;
#4874 = AXIS2_PLACEMENT_3D ( 'NONE', #2329, #4584, #5636 ) ;
#4875 = EDGE_CURVE ( 'NONE', #2906, #5474, #4670, .T. ) ;
#4876 = ORIENTED_EDGE ( 'NONE', *, *, #3103, .F. ) ;
#4877 = CARTESIAN_POINT ( 'NONE',  ( 17.97088045260958822, 2.000000000000000000, -24.04333151332015817 ) ) ;
#4878 = ADVANCED_FACE ( 'NONE', ( #1786 ), #2956, .F. ) ;
#4879 = EDGE_CURVE ( 'NONE', #2637, #1480, #752, .T. ) ;
#4880 = VECTOR ( 'NONE', #6063, 1000.000000000000000 ) ;
#4881 = DIRECTION ( 'NONE',  ( 0.0000000000000000000, 0.0000000000000000000, 1.000000000000000000 ) ) ;
#4882 = VERTEX_POINT ( 'NONE', #793 ) ;
#4883 = ORIENTED_EDGE ( 'NONE', *, *, #7067, .T. ) ;
#4884 = B_SPLINE_CURVE_WITH_KNOTS ( 'NONE', 3,
 ( #7256, #3899, #2686, #2833, #6651, #4956, #6769, #2802 ),
 .UNSPECIFIED., .F., .F.,
 ( 4, 2, 2, 4 ),
 ( 0.0000000000000000000, 0.0002746451150537609627, 0.0005492902301075219254, 0.001098580460215044284 ),
 .UNSPECIFIED. ) ;
#4885 = PRODUCT_DEFINITION_SHAPE ( 'NONE', 'NONE',  #7330 ) ;
#4886 = AXIS2_PLACEMENT_3D ( 'NONE', #5819, #1888, #191 ) ;
#4887 = DIRECTION ( 'NONE',  ( -0.0000000000000000000, 0.0000000000000000000, -1.000000000000000000 ) ) ;
#4888 = EDGE_CURVE ( 'NONE', #3173, #3089, #2995, .T. ) ;
#4889 = VECTOR ( 'NONE', #3330, 1000.000000000000000 ) ;
#4890 = VECTOR ( 'NONE', #3527, 1000.000000000000000 ) ;
#4891 = CARTESIAN_POINT ( 'NONE',  ( 15.35113250075568736, 45.81040746202602776, -2.978962843500712943 ) ) ;
#4892 = EDGE_LOOP ( 'NONE', ( #3837, #6267 ) ) ;
#4893 = CARTESIAN_POINT ( 'NONE',  ( -4.976041583007661195, -40.87373503813152098, 0.5036963772068682177 ) ) ;
#4894 = ORIENTED_EDGE ( 'NONE', *, *, #1648, .T. ) ;
#4895 = LINE ( 'NONE', #2073, #4339 ) ;
#4896 = DIRECTION ( 'NONE',  ( 0.0000000000000000000, 0.0000000000000000000, -1.000000000000000000 ) ) ;
#4897 = DIRECTION ( 'NONE',  ( 0.0000000000000000000, -1.000000000000000000, 0.0000000000000000000 ) ) ;
#4898 = CIRCLE ( 'NONE', #3929, 1.000000000000000000 ) ;
#4899 = CARTESIAN_POINT ( 'NONE',  ( 8.999999999999998224, 0.0000000000000000000, 23.77032961426903768 ) ) ;
#4900 = AXIS2_PLACEMENT_3D ( 'NONE', #36, #3355, #3246 ) ;
#4901 = CARTESIAN_POINT ( 'NONE',  ( 20.11111111111111427, 1.000000000000000000, -28.39657003448201777 ) ) ;
#4902 = CARTESIAN_POINT ( 'NONE',  ( 9.000000000000001776, 2.000000000000000000, 2.229670385730950333 ) ) ;
#4903 = VERTEX_POINT ( 'NONE', #2478 ) ;
#4904 = DIRECTION ( 'NONE',  ( 0.3590109871423053933, -0.0000000000000000000, 0.9333333333333314608 ) ) ;
#4905 = CARTESIAN_POINT ( 'NONE',  ( 37.00000000000000000, 1.000000000000000000, 13.00000000000000000 ) ) ;
#4906 = CIRCLE ( 'NONE', #2536, 3.999999999999999112 ) ;
#4907 = DIRECTION ( 'NONE',  ( 0.0000000000000000000, 0.0000000000000000000, -1.000000000000000000 ) ) ;
#4908 = CYLINDRICAL_SURFACE ( 'NONE', #2218, 10.00000000000000000 ) ;
#4909 = ORIENTED_EDGE ( 'NONE', *, *, #6278, .T. ) ;
#4910 = CIRCLE ( 'NONE', #1374, 5.999999999999998224 ) ;
#4911 = CARTESIAN_POINT ( 'NONE',  ( -20.11111111111111427, 1.000000000000000000, -28.39657003448201777 ) ) ;
#4912 = CARTESIAN_POINT ( 'NONE',  ( -19.00000000000000000, 1.000000000000000000, 23.81534156157350779 ) ) ;
#4913 = AXIS2_PLACEMENT_3D ( 'NONE', #3785, #3272, #4920 ) ;
#4914 = VECTOR ( 'NONE', #5055, 1000.000000000000000 ) ;
#4915 = VERTEX_POINT ( 'NONE', #4743 ) ;
#4916 = LINE ( 'NONE', #7211, #4914 ) ;
#4917 = CARTESIAN_POINT ( 'NONE',  ( 17.00000000000000000, 2.000000000000000000, 30.00000000000000000 ) ) ;
#4918 = CARTESIAN_POINT ( 'NONE',  ( 17.43768231313836381, 2.000000000000000000, -24.00789288944562472 ) ) ;
#4919 = CARTESIAN_POINT ( 'NONE',  ( 6.735557395310441037E-16, 20.99999999999999645, -4.999999999999999112 ) ) ;
#4920 = DIRECTION ( 'NONE',  ( 1.000000000000000000, 0.0000000000000000000, 0.0000000000000000000 ) ) ;
#4921 = ORIENTED_EDGE ( 'NONE', *, *, #1954, .T. ) ;
#4922 = ORIENTED_EDGE ( 'NONE', *, *, #4610, .T. ) ;
#4923 = EDGE_CURVE ( 'NONE', #672, #96, #6446, .T. ) ;
#4924 = ADVANCED_FACE ( 'NONE', ( #1243 ), #5157, .T. ) ;
#4925 = AXIS2_PLACEMENT_3D ( 'NONE', #902, #5449, #7123 ) ;
#4926 = PLANE ( 'NONE',  #3129 ) ;
#4927 = AXIS2_PLACEMENT_3D ( 'NONE', #1506, #952, #3195 ) ;
#4928 = CARTESIAN_POINT ( 'NONE',  ( -19.05047418007607618, 2.657052142646839865, 23.76881498684648264 ) ) ;
#4929 = ORIENTED_EDGE ( 'NONE', *, *, #4053, .T. ) ;
#4930 = DIRECTION ( 'NONE',  ( 0.0000000000000000000, 1.000000000000000000, 0.0000000000000000000 ) ) ;
#4931 = ORIENTED_EDGE ( 'NONE', *, *, #4218, .T. ) ;
#4932 = CYLINDRICAL_SURFACE ( 'NONE', #5790, 10.00000000000000178 ) ;
#4933 = DIRECTION ( 'NONE',  ( -0.0000000000000000000, -1.000000000000000000, -0.0000000000000000000 ) ) ;
#4934 = EDGE_CURVE ( 'NONE', #5158, #7233, #5580, .T. ) ;
#4935 = ADVANCED_FACE ( 'NONE', ( #410 ), #3682, .F. ) ;
#4936 = DIRECTION ( 'NONE',  ( 0.1736481776669309418, 0.9848077530122079093, 0.0000000000000000000 ) ) ;
#4937 = DIRECTION ( 'NONE',  ( -0.0000000000000000000, -1.000000000000000000, 0.0000000000000000000 ) ) ;
#4938 = CARTESIAN_POINT ( 'NONE',  ( -17.96538235906579573, 30.91867637222184584, 2.754583511676047092 ) ) ;
#4939 = CARTESIAN_POINT ( 'NONE',  ( 16.61394792930283160, 29.12104395808497870, -3.843160361667488090 ) ) ;
#4940 = ORIENTED_EDGE ( 'NONE', *, *, #4836, .F. ) ;
#4941 = DIRECTION ( 'NONE',  ( 0.0000000000000000000, 0.0000000000000000000, 1.000000000000000000 ) ) ;
#4942 = CARTESIAN_POINT ( 'NONE',  ( 18.71934987987160071, 26.18744431184081733, -3.575735815228923364 ) ) ;
#4943 = ORIENTED_EDGE ( 'NONE', *, *, #615, .F. ) ;
#4944 = LINE ( 'NONE', #4406, #3002 ) ;
#4945 = CARTESIAN_POINT ( 'NONE',  ( -9.000000000000001776, 2.000000000000000000, -2.229670385730950333 ) ) ;
#4946 = ORIENTED_EDGE ( 'NONE', *, *, #943, .T. ) ;
#4947 = AXIS2_PLACEMENT_3D ( 'NONE', #3530, #4069, #1793 ) ;
#4948 = CARTESIAN_POINT ( 'NONE',  ( -18.92860632767090578, 25.11040541439161800, -3.817297050375530798 ) ) ;
#4949 = DIRECTION ( 'NONE',  ( 0.0000000000000000000, 1.000000000000000000, 0.0000000000000000000 ) ) ;
#4950 = DIRECTION ( 'NONE',  ( 0.0000000000000000000, 0.0000000000000000000, 1.000000000000000000 ) ) ;
#4951 = CARTESIAN_POINT ( 'NONE',  ( -16.00000000000000000, 2.000000000000000000, -31.50000000000000000 ) ) ;
#4952 = AXIS2_PLACEMENT_3D ( 'NONE', #4101, #6376, #7054 ) ;
#4953 = ORIENTED_EDGE ( 'NONE', *, *, #5882, .T. ) ;
#4954 = ORIENTED_EDGE ( 'NONE', *, *, #1356, .F. ) ;
#4955 = CIRCLE ( 'NONE', #348, 1.000000000000000888 ) ;
#4956 = CARTESIAN_POINT ( 'NONE',  ( -19.00105814324489018, 2.243612710614277361, 24.02881298720996028 ) ) ;
#4957 = CARTESIAN_POINT ( 'NONE',  ( 15.00138125790372534, 43.95476500490527627, -5.819780257153954750 ) ) ;
#4958 = EDGE_CURVE ( 'NONE', #4828, #6608, #978, .T. ) ;
#4959 = ORIENTED_EDGE ( 'NONE', *, *, #3340, .T. ) ;
#4960 = CARTESIAN_POINT ( 'NONE',  ( 9.999999999999998224, 0.0000000000000000000, 4.999999999999998224 ) ) ;
#4961 = ORIENTED_EDGE ( 'NONE', *, *, #5143, .F. ) ;
#4962 = LINE ( 'NONE', #4389, #2579 ) ;
#4963 = LINE ( 'NONE', #2777, #30 ) ;
#4964 = CYLINDRICAL_SURFACE ( 'NONE', #3368, 2.499999999999998668 ) ;
#4965 = DIRECTION ( 'NONE',  ( 0.0000000000000000000, 0.0000000000000000000, 1.000000000000000000 ) ) ;
#4966 = ADVANCED_FACE ( 'NONE', ( #959 ), #7115, .T. ) ;
#4967 = EDGE_CURVE ( 'NONE', #3012, #6977, #355, .T. ) ;
#4968 =( BOUNDED_CURVE ( )  B_SPLINE_CURVE ( 3, ( #250, #4603, #2969, #3604 ),
 .UNSPECIFIED., .F., .F. ) 
 B_SPLINE_CURVE_WITH_KNOTS ( ( 4, 4 ),
 ( 1.709274221620190604, 1.938004347352734857 ),
 .UNSPECIFIED. ) 
 CURVE ( )  GEOMETRIC_REPRESENTATION_ITEM ( )  RATIONAL_B_SPLINE_CURVE ( ( 1.000000000000000000, 0.9956449606677395536, 0.9956449606677395536, 1.000000000000000000 ) ) 
 REPRESENTATION_ITEM ( '' )  );
#4969 = CARTESIAN_POINT ( 'NONE',  ( -18.77925883114397010, 25.94882088869470138, 3.444490593034436721 ) ) ;
#4970 = ORIENTED_EDGE ( 'NONE', *, *, #944, .F. ) ;
#4971 = DIRECTION ( 'NONE',  ( 0.0000000000000000000, 0.0000000000000000000, -1.000000000000000000 ) ) ;
#4972 = CARTESIAN_POINT ( 'NONE',  ( 4.904542365010986948, -39.73743798433812913, 0.9736746762645770437 ) ) ;
#4973 = CARTESIAN_POINT ( 'NONE',  ( -17.49999999999999645, 2.460743121917819298, -23.84142802098236302 ) ) ;
#4974 = VERTEX_POINT ( 'NONE', #4242 ) ;
#4975 = CARTESIAN_POINT ( 'NONE',  ( 16.93333333333331936, 2.000000000000000000, 20.71873622355948186 ) ) ;
#4976 = CIRCLE ( 'NONE', #1791, 2.500000000000000000 ) ;
#4977 = CARTESIAN_POINT ( 'NONE',  ( 18.99999999999999645, 2.652747412077494094, 23.77032961426903057 ) ) ;
#4978 = ADVANCED_FACE ( 'NONE', ( #5480 ), #2656, .T. ) ;
#4979 = CARTESIAN_POINT ( 'NONE',  ( -16.19770077992399848, 1.000000000000000000, -32.36776602760185284 ) ) ;
#4980 = AXIS2_PLACEMENT_3D ( 'NONE', #2450, #4351, #6617 ) ;
#4981 = EDGE_LOOP ( 'NONE', ( #2806, #4149 ) ) ;
#4982 = CARTESIAN_POINT ( 'NONE',  ( -14.88294699048021030, 45.01573683865853326, 4.307734093177880474 ) ) ;
#4983 = CARTESIAN_POINT ( 'NONE',  ( -17.49999999999999289, 2.049000342097812233, 24.33764927448558879 ) ) ;
#4984 = DIRECTION ( 'NONE',  ( 0.0000000000000000000, 0.0000000000000000000, -1.000000000000000000 ) ) ;
#4985 = VECTOR ( 'NONE', #1874, 1000.000000000000000 ) ;
#4986 = ORIENTED_EDGE ( 'NONE', *, *, #1078, .F. ) ;
#4987 = ORIENTED_EDGE ( 'NONE', *, *, #983, .F. ) ;
#4988 = AXIS2_PLACEMENT_3D ( 'NONE', #6549, #7190, #7082 ) ;
#4989 = CARTESIAN_POINT ( 'NONE',  ( -18.77525949755805357, 9.590948985735600729, -21.32911054205598944 ) ) ;
#4990 = FACE_OUTER_BOUND ( 'NONE', #4995, .T. ) ;
#4991 = DIRECTION ( 'NONE',  ( -1.000000000000000000, -0.0000000000000000000, -0.0000000000000000000 ) ) ;
#4992 = ORIENTED_EDGE ( 'NONE', *, *, #6039, .T. ) ;
#4993 = TOROIDAL_SURFACE ( 'NONE', #1814, 4.999999999999999112, 1.000000000000000000 ) ;
#4994 = CARTESIAN_POINT ( 'NONE',  ( 13.50228437126940051, 36.28523386678198648, -11.84946098434032002 ) ) ;
#4995 = EDGE_LOOP ( 'NONE', ( #3210, #2482, #7045, #1534 ) ) ;
#4996 = CYLINDRICAL_SURFACE ( 'NONE', #344, 10.00000000000000178 ) ;
#4997 = DIRECTION ( 'NONE',  ( 0.0000000000000000000, 0.0000000000000000000, 1.000000000000000000 ) ) ;
#4998 = CARTESIAN_POINT ( 'NONE',  ( 0.0000000000000000000, 2.000000000000000000, -53.00000000000000000 ) ) ;
#4999 = EDGE_CURVE ( 'NONE', #1018, #2756, #6768, .T. ) ;
#5000 = DIRECTION ( 'NONE',  ( -0.0000000000000000000, -1.000000000000000000, 0.0000000000000000000 ) ) ;
#5001 = CARTESIAN_POINT ( 'NONE',  ( -18.04374937107144916, 30.16478621662014703, 3.379619600216039021 ) ) ;
#5002 = COLOUR_RGB ( '',0.6470588235294117974, 0.6196078431372549211, 0.5882352941176470784 ) ;
#5003 = AXIS2_PLACEMENT_3D ( 'NONE', #5805, #5681, #131 ) ;
#5004 = CARTESIAN_POINT ( 'NONE',  ( -18.37854014699678729, 27.73152328850839865, 4.000000000000000000 ) ) ;
#5005 = ORIENTED_EDGE ( 'NONE', *, *, #3522, .T. ) ;
#5006 = LINE ( 'NONE', #564, #3668 ) ;
#5007 = DIRECTION ( 'NONE',  ( -0.0000000000000000000, -1.000000000000000000, 0.0000000000000000000 ) ) ;
#5008 = DIRECTION ( 'NONE',  ( 0.0000000000000000000, 0.0000000000000000000, 1.000000000000000000 ) ) ;
#5009 = PRESENTATION_LAYER_ASSIGNMENT (  '', '', ( #6305 ) ) ;
#5010 = AXIS2_PLACEMENT_3D ( 'NONE', #6136, #3313, #4576 ) ;
#5011 = ADVANCED_FACE ( 'NONE', ( #2100 ), #5992, .T. ) ;
#5012 = ADVANCED_FACE ( 'NONE', ( #1451 ), #5241, .T. ) ;
#5013 = ORIENTED_EDGE ( 'NONE', *, *, #3467, .T. ) ;
#5014 = DIRECTION ( 'NONE',  ( -1.000000000000000000, -0.0000000000000000000, -0.0000000000000000000 ) ) ;
#5015 = CIRCLE ( 'NONE', #527, 10.00000000000000178 ) ;
#5016 = AXIS2_PLACEMENT_3D ( 'NONE', #2863, #1263, #6276 ) ;
#5017 = CARTESIAN_POINT ( 'NONE',  ( 10.00000000000000178, 0.0000000000000000000, 0.0000000000000000000 ) ) ;
#5018 = DIRECTION ( 'NONE',  ( -0.0000000000000000000, -1.000000000000000000, -0.0000000000000000000 ) ) ;
#5019 = ORIENTED_EDGE ( 'NONE', *, *, #2529, .T. ) ;
#5020 = ADVANCED_FACE ( 'NONE', ( #6612 ), #5898, .F. ) ;
#5021 = AXIS2_PLACEMENT_3D ( 'NONE', #3795, #6065, #556 ) ;
#5022 = CARTESIAN_POINT ( 'NONE',  ( -17.49999999999999645, 2.652747412077485212, 23.77032961426903412 ) ) ;
#5023 = APPLICATION_CONTEXT ( 'automotive_design' ) ;
#5024 = DIRECTION ( 'NONE',  ( 0.0000000000000000000, 0.0000000000000000000, 1.000000000000000000 ) ) ;
#5025 = CARTESIAN_POINT ( 'NONE',  ( 12.66758421158957404, 0.0000000000000000000, -42.78593654904998544 ) ) ;
#5026 = DIRECTION ( 'NONE',  ( 1.000000000000000000, 0.0000000000000000000, 0.0000000000000000000 ) ) ;
#5027 = ORIENTED_EDGE ( 'NONE', *, *, #1655, .F. ) ;
#5028 = ORIENTED_EDGE ( 'NONE', *, *, #486, .F. ) ;
#5029 = AXIS2_PLACEMENT_3D ( 'NONE', #156, #791, #5827 ) ;
#5030 = DIRECTION ( 'NONE',  ( -0.0000000000000000000, -1.000000000000000000, -0.0000000000000000000 ) ) ;
#5031 = DIRECTION ( 'NONE',  ( -0.0000000000000000000, -1.000000000000000000, -0.0000000000000000000 ) ) ;
#5032 = CARTESIAN_POINT ( 'NONE',  ( 9.000000000000001776, 0.0000000000000000000, 0.0000000000000000000 ) ) ;
#5033 = VERTEX_POINT ( 'NONE', #5340 ) ;
#5034 = DIRECTION ( 'NONE',  ( -0.1736481776669309696, 0.9848077530122080203, 0.0000000000000000000 ) ) ;
#5035 = EDGE_LOOP ( 'NONE', ( #5079, #3817, #2250, #6097 ) ) ;
#5036 = CARTESIAN_POINT ( 'NONE',  ( -15.70581416027142652, 24.82844763484402151, 15.96776842477710190 ) ) ;
#5037 = LINE ( 'NONE', #6739, #7002 ) ;
#5038 = DIRECTION ( 'NONE',  ( 0.0000000000000000000, 1.000000000000000000, -0.0000000000000000000 ) ) ;
#5039 = CARTESIAN_POINT ( 'NONE',  ( -16.00000000000000000, 2.000000000000000000, 29.00000000000000000 ) ) ;
#5040 = EDGE_CURVE ( 'NONE', #5362, #3853, #1657, .T. ) ;
#5041 = CARTESIAN_POINT ( 'NONE',  ( -15.26282207550542225, 46.31124077123056537, -0.7496584460728924482 ) ) ;
#5042 = ORIENTED_EDGE ( 'NONE', *, *, #4787, .T. ) ;
#5043 = DIRECTION ( 'NONE',  ( 0.0000000000000000000, -0.3319062115909337529, -0.9433123908373908240 ) ) ;
#5044 = FACE_OUTER_BOUND ( 'NONE', #4563, .T. ) ;
#5045 = DIRECTION ( 'NONE',  ( 0.0000000000000000000, 1.000000000000000000, 0.0000000000000000000 ) ) ;
#5046 =( NAMED_UNIT ( * ) PLANE_ANGLE_UNIT ( ) SI_UNIT ( $, .RADIAN. ) );
#5047 = ORIENTED_EDGE ( 'NONE', *, *, #1936, .T. ) ;
#5048 = CARTESIAN_POINT ( 'NONE',  ( -8.673617379884035472E-16, 2.816076837841300252E-15, 22.99501243788790816 ) ) ;
#5049 = EDGE_CURVE ( 'NONE', #69, #5939, #269, .T. ) ;
#5050 = LINE ( 'NONE', #3452, #1348 ) ;
#5051 = CARTESIAN_POINT ( 'NONE',  ( 19.00000000000000355, 2.000000000000000000, -27.12771867673098569 ) ) ;
#5052 = VERTEX_POINT ( 'NONE', #3396 ) ;
#5053 = CARTESIAN_POINT ( 'NONE',  ( -17.30897057292433772, 8.550218749686866460, 21.69529340288795538 ) ) ;
#5054 = CARTESIAN_POINT ( 'NONE',  ( 4.936626757891451334, -40.61528150867359699, -0.7989722888060193373 ) ) ;
#5055 = DIRECTION ( 'NONE',  ( -0.0000000000000000000, -1.000000000000000000, 0.0000000000000000000 ) ) ;
#5056 = EDGE_CURVE ( 'NONE', #4664, #253, #619, .T. ) ;
#5057 = EDGE_CURVE ( 'NONE', #1516, #4855, #3450, .T. ) ;
#5058 = AXIS2_PLACEMENT_3D ( 'NONE', #7312, #4327, #3261 ) ;
#5059 = DIRECTION ( 'NONE',  ( 0.0000000000000000000, 0.0000000000000000000, 1.000000000000000000 ) ) ;
#5060 = ORIENTED_EDGE ( 'NONE', *, *, #2835, .T. ) ;
#5061 = ORIENTED_EDGE ( 'NONE', *, *, #6468, .T. ) ;
#5062 = APPLICATION_CONTEXT ( 'automotive_design' ) ;
#5063 = DIRECTION ( 'NONE',  ( 0.0000000000000000000, 1.000000000000000000, 0.0000000000000000000 ) ) ;
#5064 = CIRCLE ( 'NONE', #1768, 10.00000000000000000 ) ;
#5065 = DIRECTION ( 'NONE',  ( -1.000000000000000000, 0.0000000000000000000, 0.0000000000000000000 ) ) ;
#5066 = FACE_OUTER_BOUND ( 'NONE', #4248, .T. ) ;
#5067 = VERTEX_POINT ( 'NONE', #4499 ) ;
#5068 = CARTESIAN_POINT ( 'NONE',  ( 2.000000000000000888, 0.0000000000000000000, 16.99999999999999289 ) ) ;
#5069 = ORIENTED_EDGE ( 'NONE', *, *, #502, .T. ) ;
#5070 = DIRECTION ( 'NONE',  ( -0.0000000000000000000, -1.000000000000000000, -0.0000000000000000000 ) ) ;
#5071 = CARTESIAN_POINT ( 'NONE',  ( -18.71978043017787385, 26.18566675175619451, -3.574929396349859623 ) ) ;
#5072 = CIRCLE ( 'NONE', #2468, 1.000000000000000444 ) ;
#5073 = CARTESIAN_POINT ( 'NONE',  ( 18.00000000000000000, 0.0000000000000000000, -13.00000000000000000 ) ) ;
#5074 = CARTESIAN_POINT ( 'NONE',  ( 16.00000000000000000, 2.000000000000000000, 29.00000000000000000 ) ) ;
#5075 = CIRCLE ( 'NONE', #3755, 1.000000000000000888 ) ;
#5076 = VECTOR ( 'NONE', #3052, 1000.000000000000000 ) ;
#5077 = B_SPLINE_CURVE_WITH_KNOTS ( 'NONE', 3,
 ( #330, #290, #4158, #2542, #6430, #3676, #3613, #5884 ),
 .UNSPECIFIED., .F., .F.,
 ( 4, 2, 2, 4 ),
 ( 8.673617379884035472E-19, 0.002244230982241768226, 0.003366346473362652122, 0.004488461964483535585 ),
 .UNSPECIFIED. ) ;
#5078 = CARTESIAN_POINT ( 'NONE',  ( -10.00000000000000178, 2.766787081419200480E-15, 22.09501243788790958 ) ) ;
#5079 = ORIENTED_EDGE ( 'NONE', *, *, #6143, .F. ) ;
#5080 = CYLINDRICAL_SURFACE ( 'NONE', #5818, 3.500000000000003109 ) ;
#5081 = CARTESIAN_POINT ( 'NONE',  ( 15.20015619558170172, 24.78420829531207659, -12.33959630004312658 ) ) ;
#5082 = DIRECTION ( 'NONE',  ( 0.0000000000000000000, 1.000000000000000000, 0.0000000000000000000 ) ) ;
#5083 = DIRECTION ( 'NONE',  ( -0.9950371902099890420, 1.218569110023239810E-17, -0.09950371902099895693 ) ) ;
#5084 = DIRECTION ( 'NONE',  ( 0.0000000000000000000, -1.224646799147353454E-16, 1.000000000000000000 ) ) ;
#5085 = EDGE_LOOP ( 'NONE', ( #3232, #5861, #5966, #4493, #3941 ) ) ;
#5086 = CARTESIAN_POINT ( 'NONE',  ( 15.84076204834839174, 31.39186601061275894, -13.65841751478440358 ) ) ;
#5087 =( LENGTH_UNIT ( ) NAMED_UNIT ( * ) SI_UNIT ( .MILLI., .METRE. ) );
#5088 = DIRECTION ( 'NONE',  ( 0.0000000000000000000, 0.0000000000000000000, 1.000000000000000000 ) ) ;
#5089 = DIRECTION ( 'NONE',  ( -0.0000000000000000000, 1.000000000000000000, 1.224646799147353207E-16 ) ) ;
#5090 = ORIENTED_EDGE ( 'NONE', *, *, #7021, .F. ) ;
#5091 = AXIS2_PLACEMENT_3D ( 'NONE', #641, #6976, #6338 ) ;
#5092 = ORIENTED_EDGE ( 'NONE', *, *, #4597, .F. ) ;
#5093 = ADVANCED_FACE ( 'NONE', ( #3358 ), #444, .F. ) ;
#5094 = CARTESIAN_POINT ( 'NONE',  ( -8.999999999999998224, 1.000000000000000000, 23.77032961426903768 ) ) ;
#5095 = CYLINDRICAL_SURFACE ( 'NONE', #3961, 4.000000000000000000 ) ;
#5096 = EDGE_CURVE ( 'NONE', #4688, #6727, #3092, .T. ) ;
#5097 = ORIENTED_EDGE ( 'NONE', *, *, #1089, .T. ) ;
#5098 = ORIENTED_EDGE ( 'NONE', *, *, #1756, .F. ) ;
#5099 = EDGE_CURVE ( 'NONE', #1398, #4024, #6485, .T. ) ;
#5100 = EDGE_CURVE ( 'NONE', #7207, #4822, #2693, .T. ) ;
#5101 = FACE_OUTER_BOUND ( 'NONE', #5306, .T. ) ;
#5102 = VECTOR ( 'NONE', #5007, 1000.000000000000000 ) ;
#5103 = CARTESIAN_POINT ( 'NONE',  ( 14.61173820425891634, 40.53070811063687984, -9.234756200793203362 ) ) ;
#5104 = CARTESIAN_POINT ( 'NONE',  ( -11.00000000000000000, 0.0000000000000000000, 0.0000000000000000000 ) ) ;
#5105 = EDGE_LOOP ( 'NONE', ( #26, #7203, #2411, #3331 ) ) ;
#5106 = ORIENTED_EDGE ( 'NONE', *, *, #4689, .T. ) ;
#5107 = FILL_AREA_STYLE ('',( #2841 ) ) ;
#5108 = CIRCLE ( 'NONE', #6886, 1.000000000000001776 ) ;
#5109 = B_SPLINE_CURVE_WITH_KNOTS ( 'NONE', 3,
 ( #2028, #4267, #6120, #3164 ),
 .UNSPECIFIED., .F., .F.,
 ( 4, 4 ),
 ( 6.938893903907227607E-18, 0.001590693573478439444 ),
 .UNSPECIFIED. ) ;
#5110 = DIRECTION ( 'NONE',  ( 0.0000000000000000000, 0.0000000000000000000, 1.000000000000000000 ) ) ;
#5111 = CARTESIAN_POINT ( 'NONE',  ( -16.19770077992399848, 0.0000000000000000000, -32.36776602760185284 ) ) ;
#5112 = VECTOR ( 'NONE', #4936, 1000.000000000000227 ) ;
#5113 = EDGE_CURVE ( 'NONE', #78, #6286, #6202, .T. ) ;
#5114 = DIRECTION ( 'NONE',  ( 0.0000000000000000000, 1.000000000000000000, 0.0000000000000000000 ) ) ;
#5115 = CARTESIAN_POINT ( 'NONE',  ( -18.89010176384967465, 25.50757574259242588, 3.140011546673700860 ) ) ;
#5116 = EDGE_LOOP ( 'NONE', ( #3935, #5295, #5590, #6866 ) ) ;
#5117 = CARTESIAN_POINT ( 'NONE',  ( -15.00138125790372712, 43.95476500490527627, 5.819780257153957415 ) ) ;
#5118 = CARTESIAN_POINT ( 'NONE',  ( -17.42977248818022318, 20.81674853284197724, -17.37929218288893907 ) ) ;
#5119 = CARTESIAN_POINT ( 'NONE',  ( 13.74026056903632487, 44.88921036392232367, 4.261290993643019220 ) ) ;
#5120 = CYLINDRICAL_SURFACE ( 'NONE', #5782, 17.99999999999999645 ) ;
#5121 = AXIS2_PLACEMENT_3D ( 'NONE', #3621, #6679, #2547 ) ;
#5122 = DIRECTION ( 'NONE',  ( 0.0000000000000000000, 0.0000000000000000000, -1.000000000000000000 ) ) ;
#5123 = AXIS2_PLACEMENT_3D ( 'NONE', #5799, #5716, #2889 ) ;
#5124 = ORIENTED_EDGE ( 'NONE', *, *, #6882, .F. ) ;
#5125 = CARTESIAN_POINT ( 'NONE',  ( -15.00586895660256914, 36.42532338764495137, 11.81106598920495543 ) ) ;
#5126 = CIRCLE ( 'NONE', #2640, 2.500000000000002220 ) ;
#5127 = ORIENTED_EDGE ( 'NONE', *, *, #4793, .T. ) ;
#5128 = AXIS2_PLACEMENT_3D ( 'NONE', #6760, #1583, #6685 ) ;
#5129 = CARTESIAN_POINT ( 'NONE',  ( -13.74026056903632309, 44.88921036392231656, 4.261290993643034319 ) ) ;
#5130 = CYLINDRICAL_SURFACE ( 'NONE', #4234, 10.00000000000000178 ) ;
#5131 = ORIENTED_EDGE ( 'NONE', *, *, #773, .T. ) ;
#5132 = ORIENTED_EDGE ( 'NONE', *, *, #1718, .T. ) ;
#5133 = TOROIDAL_SURFACE ( 'NONE', #2762, 6.999999999999998224, 1.000000000000000000 ) ;
#5134 = DIRECTION ( 'NONE',  ( -1.000000000000000000, -0.0000000000000000000, -0.0000000000000000000 ) ) ;
#5135 = AXIS2_PLACEMENT_3D ( 'NONE', #4572, #2573, #5981 ) ;
#5136 = DIRECTION ( 'NONE',  ( 0.1736481776669309696, 0.9848077530122080203, 0.0000000000000000000 ) ) ;
#5137 = ADVANCED_FACE ( 'NONE', ( #6773 ), #7020, .T. ) ;
#5138 = ORIENTED_EDGE ( 'NONE', *, *, #5510, .T. ) ;
#5139 = AXIS2_PLACEMENT_3D ( 'NONE', #6156, #3189, #5498 ) ;
#5140 = VERTEX_POINT ( 'NONE', #6655 ) ;
#5141 = CARTESIAN_POINT ( 'NONE',  ( -17.21450399055210312, 24.96044089177042835, -15.92132635289559417 ) ) ;
#5142 = ADVANCED_FACE ( 'NONE', ( #5066 ), #3792, .T. ) ;
#5143 = EDGE_CURVE ( 'NONE', #2072, #1308, #6102, .T. ) ;
#5144 = DIRECTION ( 'NONE',  ( -1.000000000000000000, -0.0000000000000000000, -0.0000000000000000000 ) ) ;
#5145 = ORIENTED_EDGE ( 'NONE', *, *, #4495, .F. ) ;
#5146 = ORIENTED_EDGE ( 'NONE', *, *, #1765, .F. ) ;
#5147 = CARTESIAN_POINT ( 'NONE',  ( -3.000000000000000888, 0.0000000000000000000, -6.999999999999998224 ) ) ;
#5148 = CARTESIAN_POINT ( 'NONE',  ( -18.33120045906894191, 28.00000000000000000, -4.000000000000000888 ) ) ;
#5149 = ORIENTED_EDGE ( 'NONE', *, *, #316, .F. ) ;
#5150 = PRESENTATION_LAYER_ASSIGNMENT (  '', '', ( #3028 ) ) ;
#5151 = LINE ( 'NONE', #5227, #513 ) ;
#5152 = DIRECTION ( 'NONE',  ( 0.0000000000000000000, 1.000000000000000000, -1.224646799147353207E-16 ) ) ;
#5153 = CIRCLE ( 'NONE', #5029, 10.00000000000000000 ) ;
#5154 = EDGE_CURVE ( 'NONE', #2945, #3636, #5709, .T. ) ;
#5155 = ADVANCED_FACE ( 'NONE', ( #1040 ), #4, .F. ) ;
#5156 = ADVANCED_FACE ( 'NONE', ( #6175 ), #3938, .T. ) ;
#5157 = CYLINDRICAL_SURFACE ( 'NONE', #2273, 3.999999999999999112 ) ;
#5158 = VERTEX_POINT ( 'NONE', #6138 ) ;
#5159 = CARTESIAN_POINT ( 'NONE',  ( 17.39466683516787526, 0.0000000000000000000, -5.474648746009642686 ) ) ;
#5160 = ORIENTED_EDGE ( 'NONE', *, *, #5753, .F. ) ;
#5161 = DIRECTION ( 'NONE',  ( 0.0000000000000000000, 0.0000000000000000000, 1.000000000000000000 ) ) ;
#5162 = PLANE ( 'NONE',  #608 ) ;
#5163 = CARTESIAN_POINT ( 'NONE',  ( -9.000000000000001776, 1.000000000000000000, 2.229670385730950333 ) ) ;
#5164 = B_SPLINE_CURVE_WITH_KNOTS ( 'NONE', 3,
 ( #4799, #2114, #4290, #835 ),
 .UNSPECIFIED., .F., .F.,
 ( 4, 4 ),
 ( 0.0000000000000000000, 0.001539989107987950034 ),
 .UNSPECIFIED. ) ;
#5165 = CARTESIAN_POINT ( 'NONE',  ( 3.000000000000000888, 0.0000000000000000000, 5.999999999999998224 ) ) ;
#5166 = ORIENTED_EDGE ( 'NONE', *, *, #6099, .T. ) ;
#5167 = FACE_OUTER_BOUND ( 'NONE', #1332, .T. ) ;
#5168 = DIRECTION ( 'NONE',  ( 0.0000000000000000000, 1.000000000000000000, 0.0000000000000000000 ) ) ;
#5169 = APPLICATION_CONTEXT ( 'automotive_design' ) ;
#5170 = VECTOR ( 'NONE', #2563, 1000.000000000000000 ) ;
#5171 = CARTESIAN_POINT ( 'NONE',  ( 0.0000000000000000000, 0.0000000000000000000, -53.00000000000000000 ) ) ;
#5172 = ORIENTED_EDGE ( 'NONE', *, *, #620, .T. ) ;
#5173 = FACE_OUTER_BOUND ( 'NONE', #1770, .T. ) ;
#5174 = CARTESIAN_POINT ( 'NONE',  ( -8.999999999999998224, 1.000000000000000000, 23.77032961426903768 ) ) ;
#5175 = ORIENTED_EDGE ( 'NONE', *, *, #1816, .F. ) ;
#5176 = ORIENTED_EDGE ( 'NONE', *, *, #2514, .T. ) ;
#5177 = CARTESIAN_POINT ( 'NONE',  ( 13.86265278450480309, 45.61383969095393809, -2.956860131864264662 ) ) ;
#5178 = ORIENTED_EDGE ( 'NONE', *, *, #4888, .F. ) ;
#5179 = VERTEX_POINT ( 'NONE', #38 ) ;
#5180 = FACE_OUTER_BOUND ( 'NONE', #2957, .T. ) ;
#5181 = AXIS2_PLACEMENT_3D ( 'NONE', #5457, #4868, #4191 ) ;
#5182 = CARTESIAN_POINT ( 'NONE',  ( -8.999999999999998224, 2.000000000000000000, -23.77032961426903768 ) ) ;
#5183 = ORIENTED_EDGE ( 'NONE', *, *, #316, .T. ) ;
#5184 =( NAMED_UNIT ( * ) PLANE_ANGLE_UNIT ( ) SI_UNIT ( $, .RADIAN. ) );
#5185 = VERTEX_POINT ( 'NONE', #3317 ) ;
#5186 = CARTESIAN_POINT ( 'NONE',  ( 17.90601847545810088, 31.32092908250001173, -2.229670385730952109 ) ) ;
#5187 = ORIENTED_EDGE ( 'NONE', *, *, #4041, .T. ) ;
#5188 = CARTESIAN_POINT ( 'NONE',  ( 18.92860632767090578, 25.11040541439161800, 3.817297050375529910 ) ) ;
#5189 = CIRCLE ( 'NONE', #4103, 3.999999999999999112 ) ;
#5190 = PRODUCT_DEFINITION ( 'UNKNOWN', '', #5622, #1107 ) ;
#5191 = DIRECTION ( 'NONE',  ( 1.000000000000000000, 0.0000000000000000000, 0.0000000000000000000 ) ) ;
#5192 = EDGE_CURVE ( 'NONE', #6820, #6364, #2212, .T. ) ;
#5193 = CIRCLE ( 'NONE', #2699, 1.000000000000000888 ) ;
#5194 = CARTESIAN_POINT ( 'NONE',  ( 17.21450399055210312, 24.96044089177042835, -15.92132635289559417 ) ) ;
#5195 = ORIENTED_EDGE ( 'NONE', *, *, #5582, .T. ) ;
#5196 = VERTEX_POINT ( 'NONE', #148 ) ;
#5197 = CARTESIAN_POINT ( 'NONE',  ( -4.936529050833442511, -39.38549166425138282, 0.7995634501492703272 ) ) ;
#5198 = ADVANCED_FACE ( 'NONE', ( #669, #6250, #2440, #4700, #4012 ), #5860, .T. ) ;
#5199 = PLANE ( 'NONE',  #6280 ) ;
#5200 = DIRECTION ( 'NONE',  ( -1.000000000000000000, -0.0000000000000000000, -0.0000000000000000000 ) ) ;
#5201 = DIRECTION ( 'NONE',  ( -0.1736481776669309696, 0.9848077530122080203, 0.0000000000000000000 ) ) ;
#5202 = ORIENTED_EDGE ( 'NONE', *, *, #6534, .F. ) ;
#5203 = EDGE_CURVE ( 'NONE', #2608, #1027, #2947, .T. ) ;
#5204 = CIRCLE ( 'NONE', #2002, 1.000000000000000888 ) ;
#5205 = CYLINDRICAL_SURFACE ( 'NONE', #3588, 17.99999999999999645 ) ;
#5206 = CYLINDRICAL_SURFACE ( 'NONE', #2758, 1.000000000000000444 ) ;
#5207 = FACE_OUTER_BOUND ( 'NONE', #333, .T. ) ;
#5208 = ORIENTED_EDGE ( 'NONE', *, *, #260, .T. ) ;
#5209 = CARTESIAN_POINT ( 'NONE',  ( -10.00000000000000178, 2.326828918379970576E-15, 18.99999999999999645 ) ) ;
#5210 = DIRECTION ( 'NONE',  ( 1.000000000000000000, 0.0000000000000000000, 0.0000000000000000000 ) ) ;
#5211 = VERTEX_POINT ( 'NONE', #4619 ) ;
#5212 = ORIENTED_EDGE ( 'NONE', *, *, #1724, .T. ) ;
#5213 = EDGE_CURVE ( 'NONE', #7118, #5140, #3448, .T. ) ;
#5214 = DIRECTION ( 'NONE',  ( -1.000000000000000000, -0.0000000000000000000, -0.0000000000000000000 ) ) ;
#5215 = CARTESIAN_POINT ( 'NONE',  ( -16.00000000000000000, 0.0000000000000000000, -26.50000000000000355 ) ) ;
#5216 =( BOUNDED_CURVE ( )  B_SPLINE_CURVE ( 3, ( #2410, #683, #1283, #240 ),
 .UNSPECIFIED., .F., .F. ) 
 B_SPLINE_CURVE_WITH_KNOTS ( ( 4, 4 ),
 ( 4.345180959826851819, 4.573911085559395850 ),
 .UNSPECIFIED. ) 
 CURVE ( )  GEOMETRIC_REPRESENTATION_ITEM ( )  RATIONAL_B_SPLINE_CURVE ( ( 1.000000000000000000, 0.9956449606677395536, 0.9956449606677395536, 1.000000000000000000 ) ) 
 REPRESENTATION_ITEM ( '' )  );
#5217 = EDGE_LOOP ( 'NONE', ( #6529, #4671, #3518, #4252 ) ) ;
#5218 = VERTEX_POINT ( 'NONE', #1272 ) ;
#5219 = CARTESIAN_POINT ( 'NONE',  ( -15.84076204834839174, 31.39186601061275894, -13.65841751478440358 ) ) ;
#5220 = CIRCLE ( 'NONE', #6157, 3.500000000000003109 ) ;
#5221 = DIRECTION ( 'NONE',  ( 0.0000000000000000000, 0.0000000000000000000, 1.000000000000000000 ) ) ;
#5222 = ORIENTED_EDGE ( 'NONE', *, *, #2476, .T. ) ;
#5223 = DIRECTION ( 'NONE',  ( 1.000000000000000000, 0.0000000000000000000, 0.0000000000000000000 ) ) ;
#5224 = ORIENTED_EDGE ( 'NONE', *, *, #5975, .F. ) ;
#5225 = CARTESIAN_POINT ( 'NONE',  ( 18.00000000000000355, 1.000000000000000000, 23.77032961426903057 ) ) ;
#5226 = ORIENTED_EDGE ( 'NONE', *, *, #680, .F. ) ;
#5227 = CARTESIAN_POINT ( 'NONE',  ( 11.97331907960222530, 2.000000000000000000, 32.78593654904997834 ) ) ;
#5228 = TOROIDAL_SURFACE ( 'NONE', #3673, 18.99999999999999645, 1.000000000000000000 ) ;
#5229 = DIRECTION ( 'NONE',  ( -0.0000000000000000000, -0.0000000000000000000, -1.000000000000000000 ) ) ;
#5230 = AXIS2_PLACEMENT_3D ( 'NONE', #1664, #4435, #3363 ) ;
#5231 = CARTESIAN_POINT ( 'NONE',  ( -17.00000000000000000, 1.000000000000000000, 30.00000000000000000 ) ) ;
#5232 = ORIENTED_EDGE ( 'NONE', *, *, #1048, .F. ) ;
#5233 = DIRECTION ( 'NONE',  ( -0.3684098178339164642, 0.0000000000000000000, 0.9296634907984612228 ) ) ;
#5234 = ORIENTED_EDGE ( 'NONE', *, *, #5301, .T. ) ;
#5235 = CARTESIAN_POINT ( 'NONE',  ( -4.923378523300222298, -39.49586237597060290, -0.8734677319807309104 ) ) ;
#5236 = CARTESIAN_POINT ( 'NONE',  ( 11.97331907960222530, 2.000000000000000000, -22.78593654904997834 ) ) ;
#5237 = EDGE_CURVE ( 'NONE', #621, #2491, #754, .T. ) ;
#5238 = DIRECTION ( 'NONE',  ( 0.0000000000000000000, 0.0000000000000000000, 1.000000000000000000 ) ) ;
#5239 = DIRECTION ( 'NONE',  ( 0.0000000000000000000, 0.0000000000000000000, 1.000000000000000000 ) ) ;
#5240 = VERTEX_POINT ( 'NONE', #77 ) ;
#5241 = TOROIDAL_SURFACE ( 'NONE', #5357, 4.999999999999999112, 1.000000000000000000 ) ;
#5242 = CARTESIAN_POINT ( 'NONE',  ( -18.99999999999999645, 2.652747412077494094, 23.77032961426903057 ) ) ;
#5243 = DIRECTION ( 'NONE',  ( -0.0000000000000000000, -1.000000000000000000, -0.0000000000000000000 ) ) ;
#5244 = CARTESIAN_POINT ( 'NONE',  ( 9.999999999999998224, 0.0000000000000000000, 0.0000000000000000000 ) ) ;
#5245 = DIRECTION ( 'NONE',  ( 0.0000000000000000000, 1.000000000000000000, 0.0000000000000000000 ) ) ;
#5246 = EDGE_CURVE ( 'NONE', #4776, #3697, #3581, .T. ) ;
#5247 = ADVANCED_FACE ( 'NONE', ( #4661 ), #2278, .T. ) ;
#5248 = CARTESIAN_POINT ( 'NONE',  ( -7.347880794884118750E-16, -20.99999999999999645, 5.999999999999999112 ) ) ;
#5249 = CIRCLE ( 'NONE', #2047, 6.000000000000000000 ) ;
#5250 = VERTEX_POINT ( 'NONE', #5303 ) ;
#5251 =( BOUNDED_CURVE ( )  B_SPLINE_CURVE ( 3, ( #5534, #5499, #4450, #6082 ),
 .UNSPECIFIED., .F., .F. ) 
 B_SPLINE_CURVE_WITH_KNOTS ( ( 4, 4 ),
 ( 1.485777232142808879, 1.656364516329523973 ),
 .UNSPECIFIED. ) 
 CURVE ( )  GEOMETRIC_REPRESENTATION_ITEM ( )  RATIONAL_B_SPLINE_CURVE ( ( 1.000000000000000000, 0.9975764680081076197, 0.9975764680081076197, 1.000000000000000000 ) ) 
 REPRESENTATION_ITEM ( '' )  );
#5252 = ORIENTED_EDGE ( 'NONE', *, *, #4999, .F. ) ;
#5253 = CARTESIAN_POINT ( 'NONE',  ( 17.30897057292434837, 8.550218749686866460, -21.69529340288794828 ) ) ;
#5254 = DIRECTION ( 'NONE',  ( -0.0000000000000000000, -1.000000000000000000, -0.0000000000000000000 ) ) ;
#5255 = AXIS2_PLACEMENT_3D ( 'NONE', #5844, #6949, #732 ) ;
#5256 = AXIS2_PLACEMENT_3D ( 'NONE', #6108, #6662, #1600 ) ;
#5257 = AXIS2_PLACEMENT_3D ( 'NONE', #7179, #2340, #2645 ) ;
#5258 = EDGE_CURVE ( 'NONE', #6964, #1691, #6532, .T. ) ;
#5259 = ORIENTED_EDGE ( 'NONE', *, *, #3227, .F. ) ;
#5260 = VERTEX_POINT ( 'NONE', #4577 ) ;
#5261 =( GEOMETRIC_REPRESENTATION_CONTEXT ( 3 ) GLOBAL_UNCERTAINTY_ASSIGNED_CONTEXT ( ( #5402 ) ) GLOBAL_UNIT_ASSIGNED_CONTEXT ( ( #5087, #1211, #651 ) ) REPRESENTATION_CONTEXT ( 'NONE', 'WORKASPACE' ) );
#5262 = AXIS2_PLACEMENT_3D ( 'NONE', #1960, #2124, #5024 ) ;
#5263 = B_SPLINE_CURVE_WITH_KNOTS ( 'NONE', 3,
 ( #421, #6592, #907, #3705, #3181, #3735, #4219, #7094, #4939, #3669, #3149, #1429 ),
 .UNSPECIFIED., .F., .F.,
 ( 4, 2, 2, 2, 2, 4 ),
 ( 0.0000000000000000000, 0.0009805297191512133553, 0.001961059438302426711, 0.002451324297878033388, 0.002941589157453640066, 0.003922118876604853421 ),
 .UNSPECIFIED. ) ;
#5264 = CARTESIAN_POINT ( 'NONE',  ( -3.000000000000000888, 7.347880794884117764E-16, -5.999999999999998224 ) ) ;
#5265 = B_SPLINE_CURVE_WITH_KNOTS ( 'NONE', 3,
 ( #1373, #3017, #5298, #809, #2021, #5360, #2463, #4260, #4119, #5915 ),
 .UNSPECIFIED., .F., .F.,
 ( 4, 2, 2, 2, 4 ),
 ( 0.0000000000000000000, 0.003112075297976799222, 0.006224150595953598444, 0.009336225893930396799, 0.01244830119190720036 ),
 .UNSPECIFIED. ) ;
#5266 =( BOUNDED_CURVE ( )  B_SPLINE_CURVE ( 3, ( #2791, #1213, #1726, #65 ),
 .UNSPECIFIED., .F., .F. ) 
 B_SPLINE_CURVE_WITH_KNOTS ( ( 4, 4 ),
 ( 2.550320572464650049, 3.732864734714945509 ),
 .UNSPECIFIED. ) 
 CURVE ( )  GEOMETRIC_REPRESENTATION_ITEM ( )  RATIONAL_B_SPLINE_CURVE ( ( 1.000000000000000000, 0.8868215137500025103, 0.8868215137500025103, 1.000000000000000000 ) ) 
 REPRESENTATION_ITEM ( '' )  );
#5267 = CIRCLE ( 'NONE', #2061, 16.99999999999999289 ) ;
#5268 = DIRECTION ( 'NONE',  ( 1.000000000000000000, 0.0000000000000000000, 0.0000000000000000000 ) ) ;
#5269 = ORIENTED_EDGE ( 'NONE', *, *, #5522, .F. ) ;
#5270 = PLANE ( 'NONE',  #6556 ) ;
#5271 = ORIENTED_EDGE ( 'NONE', *, *, #4457, .F. ) ;
#5272 = DIRECTION ( 'NONE',  ( 0.0000000000000000000, 0.0000000000000000000, -1.000000000000000000 ) ) ;
#5273 = VERTEX_POINT ( 'NONE', #5702 ) ;
#5274 = CARTESIAN_POINT ( 'NONE',  ( -16.54889435799255182, 29.73278690048254447, 3.608875539410430378 ) ) ;
#5275 = CIRCLE ( 'NONE', #658, 2.500000000000000000 ) ;
#5276 = CARTESIAN_POINT ( 'NONE',  ( -16.61388700435911758, 29.12162959498400738, -3.842939257404081488 ) ) ;
#5277 = CARTESIAN_POINT ( 'NONE',  ( -13.82597942870981100, 45.82182462693844371, -2.229670385730951221 ) ) ;
#5278 = ORIENTED_EDGE ( 'NONE', *, *, #6534, .T. ) ;
#5279 = FACE_OUTER_BOUND ( 'NONE', #4817, .T. ) ;
#5280 = ORIENTED_EDGE ( 'NONE', *, *, #2197, .T. ) ;
#5281 = CYLINDRICAL_SURFACE ( 'NONE', #3405, 1.000000000000000888 ) ;
#5282 = FACE_OUTER_BOUND ( 'NONE', #3455, .T. ) ;
#5283 = CARTESIAN_POINT ( 'NONE',  ( -17.50000000000000000, 2.000000000000000000, -2.229670385730951221 ) ) ;
#5284 = LINE ( 'NONE', #1940, #2434 ) ;
#5285 = ORIENTED_EDGE ( 'NONE', *, *, #4787, .F. ) ;
#5286 = AXIS2_PLACEMENT_3D ( 'NONE', #2366, #2994, #1280 ) ;
#5287 = CARTESIAN_POINT ( 'NONE',  ( 0.0000000000000000000, -20.99999999999999645, 4.999999999999999112 ) ) ;
#5288 = DIRECTION ( 'NONE',  ( 0.0000000000000000000, -1.000000000000000000, 0.0000000000000000000 ) ) ;
#5289 = CARTESIAN_POINT ( 'NONE',  ( -13.07099549569675112, 40.64653844821037865, -9.041610628447125819 ) ) ;
#5290 = CARTESIAN_POINT ( 'NONE',  ( 19.00000000000000000, 0.0000000000000000000, 23.81534156157350779 ) ) ;
#5291 = CARTESIAN_POINT ( 'NONE',  ( -19.03993577963682071, 2.000000000000000000, 24.70815773875741073 ) ) ;
#5292 = STYLED_ITEM ( 'NONE', ( #1835 ), #1190 ) ;
#5293 = ORIENTED_EDGE ( 'NONE', *, *, #1476, .T. ) ;
#5294 = CIRCLE ( 'NONE', #3503, 0.9999999999999966693 ) ;
#5295 = ORIENTED_EDGE ( 'NONE', *, *, #6579, .T. ) ;
#5296 = DIRECTION ( 'NONE',  ( 1.000000000000000000, -0.0000000000000000000, -0.0000000000000000000 ) ) ;
#5297 = EDGE_CURVE ( 'NONE', #6758, #4060, #3689, .T. ) ;
#5298 = CARTESIAN_POINT ( 'NONE',  ( 13.50213879459748867, 36.28605004277927293, 11.84915465722457384 ) ) ;
#5299 = ORIENTED_EDGE ( 'NONE', *, *, #2374, .F. ) ;
#5300 = DIRECTION ( 'NONE',  ( -0.0000000000000000000, -1.000000000000000000, -0.0000000000000000000 ) ) ;
#5301 = EDGE_CURVE ( 'NONE', #4632, #5704, #2628, .T. ) ;
#5302 = EDGE_CURVE ( 'NONE', #1419, #6693, #509, .T. ) ;
#5303 = CARTESIAN_POINT ( 'NONE',  ( -7.347880794884118750E-16, -19.00000000000000000, 5.999999999999999112 ) ) ;
#5304 = ORIENTED_EDGE ( 'NONE', *, *, #5302, .T. ) ;
#5305 = CARTESIAN_POINT ( 'NONE',  ( 17.50000000000000000, 2.000000000000000000, -2.229670385730951221 ) ) ;
#5306 = EDGE_LOOP ( 'NONE', ( #3904, #1102, #3752, #5571, #6759, #3263, #3422 ) ) ;
#5307 = CARTESIAN_POINT ( 'NONE',  ( -9.099503719020990644, 0.0000000000000000000, 0.0000000000000000000 ) ) ;
#5308 = CARTESIAN_POINT ( 'NONE',  ( -15.87678109189359610, 2.000000000000000000, 33.31487243864258829 ) ) ;
#5309 = ORIENTED_EDGE ( 'NONE', *, *, #3947, .T. ) ;
#5310 = ORIENTED_EDGE ( 'NONE', *, *, #4148, .F. ) ;
#5311 = SURFACE_STYLE_USAGE ( .BOTH. , #4139 ) ;
#5312 = CARTESIAN_POINT ( 'NONE',  ( -11.97331907960222530, 0.0000000000000000000, -22.78593654904997834 ) ) ;
#5313 = AXIS2_PLACEMENT_3D ( 'NONE', #3710, #910, #286 ) ;
#5314 = CARTESIAN_POINT ( 'NONE',  ( -9.000000000000001776, 2.000000000000000000, 2.229670385730950333 ) ) ;
#5315 = DIRECTION ( 'NONE',  ( 0.0000000000000000000, 0.0000000000000000000, -1.000000000000000000 ) ) ;
#5316 = ORIENTED_EDGE ( 'NONE', *, *, #761, .T. ) ;
#5317 = CIRCLE ( 'NONE', #930, 9.000000000000001776 ) ;
#5318 = CARTESIAN_POINT ( 'NONE',  ( 17.26054899887958172, 24.96446930801104003, 4.430589845054345943 ) ) ;
#5319 = ORIENTED_EDGE ( 'NONE', *, *, #6145, .T. ) ;
#5320 = DIRECTION ( 'NONE',  ( 0.0000000000000000000, 1.000000000000000000, 0.0000000000000000000 ) ) ;
#5321 = DIRECTION ( 'NONE',  ( 0.0000000000000000000, 0.0000000000000000000, 1.000000000000000000 ) ) ;
#5322 = CARTESIAN_POINT ( 'NONE',  ( -16.93333333333332646, 11.32569704883094808, -20.71873622355948186 ) ) ;
#5323 = CIRCLE ( 'NONE', #4115, 16.99999999999999289 ) ;
#5324 = ORIENTED_EDGE ( 'NONE', *, *, #3238, .T. ) ;
#5325 = CARTESIAN_POINT ( 'NONE',  ( 16.77917170850973960, 28.00000000000000355, -4.000000000000001776 ) ) ;
#5326 = TOROIDAL_SURFACE ( 'NONE', #6982, 16.99999999999999289, 1.000000000000000000 ) ;
#5327 = CARTESIAN_POINT ( 'NONE',  ( 0.0000000000000000000, 19.99999999999999645, 0.0000000000000000000 ) ) ;
#5328 = EDGE_LOOP ( 'NONE', ( #3399, #4747, #2235, #3885 ) ) ;
#5329 = ADVANCED_FACE ( 'NONE', ( #3972 ), #6887, .T. ) ;
#5330 = CARTESIAN_POINT ( 'NONE',  ( 17.47675949660900585, 2.000000000000000000, 24.69496929614163605 ) ) ;
#5331 = ADVANCED_FACE ( 'NONE', ( #6808 ), #1689, .F. ) ;
#5332 = CARTESIAN_POINT ( 'NONE',  ( 7.347880794884118750E-16, 19.00000000000000000, 5.999999999999999112 ) ) ;
#5333 = EDGE_LOOP ( 'NONE', ( #6906, #5027, #4662, #614, #1983 ) ) ;
#5334 = CARTESIAN_POINT ( 'NONE',  ( -18.99440554137084192, 24.95462663012348159, 2.603754539663031053 ) ) ;
#5335 = EDGE_LOOP ( 'NONE', ( #3997, #64, #3346, #654, #5666, #7176, #2213, #32, #2720 ) ) ;
#5336 = ADVANCED_FACE ( 'NONE', ( #1740 ), #2874, .T. ) ;
#5337 = ADVANCED_FACE ( 'NONE', ( #6285 ), #1230, .F. ) ;
#5338 = FACE_OUTER_BOUND ( 'NONE', #1415, .T. ) ;
#5339 = VECTOR ( 'NONE', #1636, 1000.000000000000000 ) ;
#5340 = CARTESIAN_POINT ( 'NONE',  ( 18.00000000000000000, 0.0000000000000000000, -2.229670385730950333 ) ) ;
#5341 = VERTEX_POINT ( 'NONE', #364 ) ;
#5342 = ORIENTED_EDGE ( 'NONE', *, *, #5886, .F. ) ;
#5343 = LINE ( 'NONE', #1422, #6674 ) ;
#5344 = ORIENTED_EDGE ( 'NONE', *, *, #3875, .T. ) ;
#5345 = CARTESIAN_POINT ( 'NONE',  ( 18.99999999999999289, 6.151249469822135829, -22.53937518654406347 ) ) ;
#5346 = AXIS2_PLACEMENT_3D ( 'NONE', #4102, #6377, #5347 ) ;
#5347 = DIRECTION ( 'NONE',  ( -1.000000000000000000, 0.0000000000000000000, 0.0000000000000000000 ) ) ;
#5348 = EDGE_CURVE ( 'NONE', #6608, #5715, #5711, .T. ) ;
#5349 = CARTESIAN_POINT ( 'NONE',  ( -17.43743738220025463, 2.658083114667096236, -23.76845223743194424 ) ) ;
#5350 = DIRECTION ( 'NONE',  ( 0.0000000000000000000, 0.0000000000000000000, 1.000000000000000000 ) ) ;
#5351 = ORIENTED_EDGE ( 'NONE', *, *, #7315, .F. ) ;
#5352 = TOROIDAL_SURFACE ( 'NONE', #2138, 4.999999999999999112, 1.000000000000000000 ) ;
#5353 = CARTESIAN_POINT ( 'NONE',  ( 0.0000000000000000000, 2.000000000000000000, 53.00000000000000000 ) ) ;
#5354 = ORIENTED_EDGE ( 'NONE', *, *, #7296, .F. ) ;
#5355 = CARTESIAN_POINT ( 'NONE',  ( 17.00000000000000000, 2.000000000000000000, 30.00000000000000000 ) ) ;
#5356 = CARTESIAN_POINT ( 'NONE',  ( 4.898587196589411843E-16, 20.00000000000000000, 3.999999999999999112 ) ) ;
#5357 = AXIS2_PLACEMENT_3D ( 'NONE', #2037, #337, #4854 ) ;
#5358 = VERTEX_POINT ( 'NONE', #1962 ) ;
#5359 = CARTESIAN_POINT ( 'NONE',  ( -18.77525949755805712, 9.590948985735598953, 21.32911054205598944 ) ) ;
#5360 = CARTESIAN_POINT ( 'NONE',  ( 13.07099549569673691, 40.64653844821036444, 9.041610628447120490 ) ) ;
#5361 = AXIS2_PLACEMENT_3D ( 'NONE', #746, #5144, #5783 ) ;
#5362 = VERTEX_POINT ( 'NONE', #6473 ) ;
#5363 = AXIS2_PLACEMENT_3D ( 'NONE', #771, #4722, #1909 ) ;
#5364 = DIRECTION ( 'NONE',  ( 0.1736481776669309696, 0.9848077530122080203, 0.0000000000000000000 ) ) ;
#5365 = CIRCLE ( 'NONE', #399, 1.000000000000000888 ) ;
#5366 = EDGE_CURVE ( 'NONE', #1820, #5815, #4766, .T. ) ;
#5367 = FACE_BOUND ( 'NONE', #1857, .T. ) ;
#5368 = VERTEX_POINT ( 'NONE', #5920 ) ;
#5369 = CARTESIAN_POINT ( 'NONE',  ( -37.00000000000000000, 1.000000000000000000, 13.00000000000000000 ) ) ;
#5370 = AXIS2_PLACEMENT_3D ( 'NONE', #2467, #6959, #6323 ) ;
#5371 = ORIENTED_EDGE ( 'NONE', *, *, #1435, .T. ) ;
#5372 = CARTESIAN_POINT ( 'NONE',  ( -17.74127332790463996, 32.25524524269017945, -0.8380755883644847026 ) ) ;
#5373 = VECTOR ( 'NONE', #428, 1000.000000000000000 ) ;
#5374 = EDGE_CURVE ( 'NONE', #1386, #6737, #4518, .T. ) ;
#5375 = EDGE_CURVE ( 'NONE', #1035, #4206, #1996, .T. ) ;
#5376 = CARTESIAN_POINT ( 'NONE',  ( -18.51651843306483514, 2.000000000000000000, 24.70756721792408683 ) ) ;
#5377 = ORIENTED_EDGE ( 'NONE', *, *, #7189, .F. ) ;
#5378 = DIRECTION ( 'NONE',  ( 0.0000000000000000000, 0.0000000000000000000, 1.000000000000000000 ) ) ;
#5379 = ORIENTED_EDGE ( 'NONE', *, *, #2528, .T. ) ;
#5380 =( LENGTH_UNIT ( ) NAMED_UNIT ( * ) SI_UNIT ( .MILLI., .METRE. ) );
#5381 = CARTESIAN_POINT ( 'NONE',  ( 16.00000000000000000, 2.000000000000000000, -29.00000000000000000 ) ) ;
#5382 = CARTESIAN_POINT ( 'NONE',  ( -17.43839865956235968, 2.000000000000000000, -24.70818194296970205 ) ) ;
#5383 = DIRECTION ( 'NONE',  ( -1.000000000000000000, -0.0000000000000000000, -0.0000000000000000000 ) ) ;
#5384 = LINE ( 'NONE', #3077, #6818 ) ;
#5385 = ADVANCED_FACE ( 'NONE', ( #1611 ), #3651, .F. ) ;
#5386 = EDGE_CURVE ( 'NONE', #1043, #6225, #4644, .T. ) ;
#5387 = DIRECTION ( 'NONE',  ( -1.000000000000000000, 0.0000000000000000000, 6.413119686690143587E-16 ) ) ;
#5388 = EDGE_CURVE ( 'NONE', #5527, #4060, #5109, .T. ) ;
#5389 = AXIS2_PLACEMENT_3D ( 'NONE', #4089, #1274, #1890 ) ;
#5390 = DIRECTION ( 'NONE',  ( -0.0000000000000000000, -1.000000000000000000, 0.0000000000000000000 ) ) ;
#5391 = ORIENTED_EDGE ( 'NONE', *, *, #4646, .F. ) ;
#5392 =( NAMED_UNIT ( * ) SI_UNIT ( $, .STERADIAN. ) SOLID_ANGLE_UNIT ( ) );
#5393 = DIRECTION ( 'NONE',  ( 0.0000000000000000000, -1.000000000000000000, 0.0000000000000000000 ) ) ;
#5394 = CARTESIAN_POINT ( 'NONE',  ( -15.70581416027143362, 24.82844763484402151, -15.96776842477710190 ) ) ;
#5395 = CIRCLE ( 'NONE', #3716, 2.500000000000002220 ) ;
#5396 = ORIENTED_EDGE ( 'NONE', *, *, #2611, .F. ) ;
#5397 = DIRECTION ( 'NONE',  ( 1.000000000000000000, 0.0000000000000000000, -0.0000000000000000000 ) ) ;
#5398 = CARTESIAN_POINT ( 'NONE',  ( 17.39466683516787526, 0.0000000000000000000, 5.474648746009642686 ) ) ;
#5399 = VECTOR ( 'NONE', #476, 1000.000000000000000 ) ;
#5400 = ORIENTED_EDGE ( 'NONE', *, *, #4199, .F. ) ;
#5401 = CARTESIAN_POINT ( 'NONE',  ( -36.74593000491812944, 28.13235003885263552, -13.00000000000000000 ) ) ;
#5402 = UNCERTAINTY_MEASURE_WITH_UNIT (LENGTH_MEASURE( 1.000000000000000082E-05 ), #5087, 'distance_accuracy_value', 'NONE');
#5403 = DIRECTION ( 'NONE',  ( 0.0000000000000000000, 1.224646799147353454E-16, 1.000000000000000000 ) ) ;
#5404 = EDGE_LOOP ( 'NONE', ( #2228, #6843, #594, #4186, #2280, #1121, #5391 ) ) ;
#5405 = CARTESIAN_POINT ( 'NONE',  ( 9.099503719020990644, 0.0000000000000000000, 23.09004962809790129 ) ) ;
#5406 = VERTEX_POINT ( 'NONE', #5892 ) ;
#5407 = DIRECTION ( 'NONE',  ( 0.0000000000000000000, 0.0000000000000000000, 1.000000000000000000 ) ) ;
#5408 = DIRECTION ( 'NONE',  ( 1.000000000000000000, 0.0000000000000000000, -0.0000000000000000000 ) ) ;
#5409 = ORIENTED_EDGE ( 'NONE', *, *, #6090, .T. ) ;
#5410 = CARTESIAN_POINT ( 'NONE',  ( -4.898979485566355763, -40.13080749434155337, 1.000000000000000222 ) ) ;
#5411 = ORIENTED_EDGE ( 'NONE', *, *, #2570, .T. ) ;
#5412 = FACE_OUTER_BOUND ( 'NONE', #1518, .T. ) ;
#5413 = CARTESIAN_POINT ( 'NONE',  ( 19.00000000000000355, 24.67907091749999537, -2.229670385730950777 ) ) ;
#5414 = CARTESIAN_POINT ( 'NONE',  ( -18.52402496077931460, 2.000000000000000000, -24.70316813055426408 ) ) ;
#5415 = EDGE_CURVE ( 'NONE', #1018, #4974, #629, .T. ) ;
#5416 = DIRECTION ( 'NONE',  ( -0.0000000000000000000, -0.0000000000000000000, -1.000000000000000000 ) ) ;
#5417 = FILL_AREA_STYLE ('',( #2108 ) ) ;
#5418 = ADVANCED_FACE ( 'NONE', ( #5367, #887 ), #3683, .F. ) ;
#5419 = AXIS2_PLACEMENT_3D ( 'NONE', #1976, #2451, #799 ) ;
#5420 = CARTESIAN_POINT ( 'NONE',  ( 17.20602331900102300, 26.08659370947425060, -3.524060194336188001 ) ) ;
#5421 = ORIENTED_EDGE ( 'NONE', *, *, #995, .F. ) ;
#5422 = PLANE ( 'NONE',  #2719 ) ;
#5423 = DIRECTION ( 'NONE',  ( 0.0000000000000000000, 0.0000000000000000000, 1.000000000000000000 ) ) ;
#5424 = DIRECTION ( 'NONE',  ( 7.780179021430174173E-16, -0.0000000000000000000, -1.000000000000000000 ) ) ;
#5425 = EDGE_CURVE ( 'NONE', #7253, #1505, #1575, .T. ) ;
#5426 = EDGE_CURVE ( 'NONE', #817, #2858, #4037, .T. ) ;
#5427 = EDGE_LOOP ( 'NONE', ( #682, #7222, #4946, #4483 ) ) ;
#5428 = AXIS2_PLACEMENT_3D ( 'NONE', #4503, #523, #6851 ) ;
#5429 = FACE_OUTER_BOUND ( 'NONE', #7273, .T. ) ;
#5430 = CARTESIAN_POINT ( 'NONE',  ( -17.49657498448721071, 24.87462670282272015, -2.502010509159417140 ) ) ;
#5431 = AXIS2_PLACEMENT_3D ( 'NONE', #5845, #733, #1876 ) ;
#5432 = ORIENTED_EDGE ( 'NONE', *, *, #1316, .T. ) ;
#5433 = EDGE_CURVE ( 'NONE', #1034, #734, #2096, .T. ) ;
#5434 = FACE_OUTER_BOUND ( 'NONE', #3150, .T. ) ;
#5435 =( BOUNDED_SURFACE ( )  B_SPLINE_SURFACE ( 3, 2, ( 
 ( #4810, #1410, #3647 ),
 ( #5919, #2062, #2503 ),
 ( #2545, #4877, #3160 ),
 ( #6536, #4918, #5469 ) ),
 .UNSPECIFIED., .F., .F., .F. ) 
 B_SPLINE_SURFACE_WITH_KNOTS ( ( 4, 4 ),
 ( 3, 3 ),
 ( 0.3361536388269987796, 0.3829094736436040036 ),
 ( 0.0000000000000000000, 1.000000000000000000 ),
 .UNSPECIFIED. ) 
 GEOMETRIC_REPRESENTATION_ITEM ( )  RATIONAL_B_SPLINE_SURFACE ( (
 ( 1.000000000000000000, 0.8596658434708247531, 1.000000000000000000),
 ( 1.000000000000000000, 0.8467808273713008926, 1.000000000000000000),
 ( 1.000000000000000000, 0.8332085802513702344, 1.000000000000000000),
 ( 1.000000000000000000, 0.8191205299993715716, 1.000000000000000000) ) ) 
 REPRESENTATION_ITEM ( '' )  SURFACE ( )  );
#5436 = VECTOR ( 'NONE', #6913, 1000.000000000000000 ) ;
#5437 = DIRECTION ( 'NONE',  ( 0.0000000000000000000, -1.000000000000000000, 0.0000000000000000000 ) ) ;
#5438 = ORIENTED_EDGE ( 'NONE', *, *, #1227, .T. ) ;
#5439 = ORIENTED_EDGE ( 'NONE', *, *, #5056, .T. ) ;
#5440 = PLANE ( 'NONE',  #5487 ) ;
#5441 = DIRECTION ( 'NONE',  ( -0.0000000000000000000, -1.000000000000000000, 0.0000000000000000000 ) ) ;
#5442 = ORIENTED_EDGE ( 'NONE', *, *, #3994, .T. ) ;
#5443 = CARTESIAN_POINT ( 'NONE',  ( 17.49999999999999645, 2.000000000000000000, 23.77032961426903412 ) ) ;
#5444 = VERTEX_POINT ( 'NONE', #4771 ) ;
#5445 = CARTESIAN_POINT ( 'NONE',  ( 16.24576808552234652, 34.79414693229021083, -12.46131867197196641 ) ) ;
#5446 =( BOUNDED_CURVE ( )  B_SPLINE_CURVE ( 3, ( #6517, #3761, #965, #5997 ),
 .UNSPECIFIED., .F., .F. ) 
 B_SPLINE_CURVE_WITH_KNOTS ( ( 4, 4 ),
 ( 5.915977286621748377, 6.229017574484206676 ),
 .UNSPECIFIED. ) 
 CURVE ( )  GEOMETRIC_REPRESENTATION_ITEM ( )  RATIONAL_B_SPLINE_CURVE ( ( 1.000000000000000000, 0.9918504728844805829, 0.9918504728844805829, 1.000000000000000000 ) ) 
 REPRESENTATION_ITEM ( '' )  );
#5447 = CARTESIAN_POINT ( 'NONE',  ( 17.90601847545810088, 31.32092908250001173, -2.229670385730952109 ) ) ;
#5448 = CARTESIAN_POINT ( 'NONE',  ( -18.36285194869025261, 24.89091738906992646, 5.819780257153957415 ) ) ;
#5449 = DIRECTION ( 'NONE',  ( 0.0000000000000000000, 1.000000000000000000, 0.0000000000000000000 ) ) ;
#5450 = DIRECTION ( 'NONE',  ( 0.0000000000000000000, 0.0000000000000000000, 1.000000000000000000 ) ) ;
#5451 = AXIS2_PLACEMENT_3D ( 'NONE', #5797, #2958, #5233 ) ;
#5452 = EDGE_CURVE ( 'NONE', #5368, #3173, #5476, .T. ) ;
#5453 = CARTESIAN_POINT ( 'NONE',  ( 15.70581416027143362, 24.82844763484402151, -15.96776842477710190 ) ) ;
#5454 = VERTEX_POINT ( 'NONE', #261 ) ;
#5455 = CARTESIAN_POINT ( 'NONE',  ( -11.00000000000000000, 0.0000000000000000000, 0.0000000000000000000 ) ) ;
#5456 = DIRECTION ( 'NONE',  ( -0.0000000000000000000, -1.000000000000000000, -0.0000000000000000000 ) ) ;
#5457 = CARTESIAN_POINT ( 'NONE',  ( 9.999999999999998224, 0.0000000000000000000, 0.0000000000000000000 ) ) ;
#5458 = CIRCLE ( 'NONE', #24, 4.999999999999999112 ) ;
#5459 = EDGE_LOOP ( 'NONE', ( #1266, #264 ) ) ;
#5460 = CARTESIAN_POINT ( 'NONE',  ( 18.00000000000000355, 0.0000000000000000000, 2.229670385730950333 ) ) ;
#5461 = LINE ( 'NONE', #2675, #5612 ) ;
#5462 = EDGE_CURVE ( 'NONE', #5864, #5358, #7041, .T. ) ;
#5463 = EDGE_CURVE ( 'NONE', #6693, #5931, #917, .T. ) ;
#5464 = AXIS2_PLACEMENT_3D ( 'NONE', #2105, #863, #3143 ) ;
#5465 = CIRCLE ( 'NONE', #1358, 20.00000000000000000 ) ;
#5466 = EDGE_LOOP ( 'NONE', ( #758, #5740, #4615, #4785 ) ) ;
#5467 = LINE ( 'NONE', #3234, #1737 ) ;
#5468 = CARTESIAN_POINT ( 'NONE',  ( -17.49065276715008821, 24.98460077916930544, 2.628187120243466790 ) ) ;
#5469 = CARTESIAN_POINT ( 'NONE',  ( 17.43839865956235968, 2.000000000000000000, -24.70818194296970205 ) ) ;
#5470 = CARTESIAN_POINT ( 'NONE',  ( 16.50876756476435148, 30.16580686289276159, 3.378901249440136922 ) ) ;
#5471 = VECTOR ( 'NONE', #2811, 1000.000000000000000 ) ;
#5472 = EDGE_CURVE ( 'NONE', #3311, #3890, #6997, .T. ) ;
#5473 = ORIENTED_EDGE ( 'NONE', *, *, #5388, .F. ) ;
#5474 = VERTEX_POINT ( 'NONE', #5332 ) ;
#5475 = PRODUCT ( 'Wheel', 'Wheel', '', ( #3391 ) ) ;
#5476 = CIRCLE ( 'NONE', #1459, 10.00000000000000178 ) ;
#5477 = CARTESIAN_POINT ( 'NONE',  ( -18.16093238817390088, 29.12119798866341824, -3.843114738029226984 ) ) ;
#5478 = AXIS2_PLACEMENT_3D ( 'NONE', #1391, #1493, #6981 ) ;
#5479 = TOROIDAL_SURFACE ( 'NONE', #287, 6.000000000000000000, 1.000000000000000000 ) ;
#5480 = FACE_OUTER_BOUND ( 'NONE', #31, .T. ) ;
#5481 = ORIENTED_EDGE ( 'NONE', *, *, #2834, .F. ) ;
#5482 = DIRECTION ( 'NONE',  ( 0.0000000000000000000, 0.0000000000000000000, 1.000000000000000000 ) ) ;
#5483 = ORIENTED_EDGE ( 'NONE', *, *, #1227, .F. ) ;
#5484 = CARTESIAN_POINT ( 'NONE',  ( -2.000000000000000888, 2.143131898507867065E-15, 16.99999999999999289 ) ) ;
#5485 = DIRECTION ( 'NONE',  ( 0.0000000000000000000, 0.0000000000000000000, -1.000000000000000000 ) ) ;
#5486 = CARTESIAN_POINT ( 'NONE',  ( 9.000000000000001776, 0.0000000000000000000, 0.0000000000000000000 ) ) ;
#5487 = AXIS2_PLACEMENT_3D ( 'NONE', #7080, #2001, #4887 ) ;
#5488 = CARTESIAN_POINT ( 'NONE',  ( -18.00000000000000355, 0.0000000000000000000, 23.77032961426903057 ) ) ;
#5489 =( BOUNDED_CURVE ( )  B_SPLINE_CURVE ( 3, ( #3073, #5345, #3108, #5969 ),
 .UNSPECIFIED., .F., .F. ) 
 B_SPLINE_CURVE_WITH_KNOTS ( ( 4, 4 ),
 ( 1.570796326794897668, 1.938004347352734857 ),
 .UNSPECIFIED. ) 
 CURVE ( )  GEOMETRIC_REPRESENTATION_ITEM ( )  RATIONAL_B_SPLINE_CURVE ( ( 1.000000000000000000, 0.9887947201667832697, 0.9887947201667832697, 1.000000000000000000 ) ) 
 REPRESENTATION_ITEM ( '' )  );
#5490 = CARTESIAN_POINT ( 'NONE',  ( 17.21450399055210667, 24.96044089177042835, 15.92132635289558706 ) ) ;
#5491 = ORIENTED_EDGE ( 'NONE', *, *, #6001, .T. ) ;
#5492 = CARTESIAN_POINT ( 'NONE',  ( 4.923424406364265593, -39.49554151575081562, -0.8732036265406565301 ) ) ;
#5493 = AXIS2_PLACEMENT_3D ( 'NONE', #6800, #6953, #3458 ) ;
#5494 = CARTESIAN_POINT ( 'NONE',  ( -17.48481165349194200, 2.062693109742689046, -24.30492448515689929 ) ) ;
#5495 = CARTESIAN_POINT ( 'NONE',  ( 9.000000000000001776, 2.000000000000000000, -2.229670385730950333 ) ) ;
#5496 = ORIENTED_EDGE ( 'NONE', *, *, #6666, .T. ) ;
#5497 = MECHANICAL_DESIGN_GEOMETRIC_PRESENTATION_REPRESENTATION (  '', ( #3356 ), #7158 ) ;
#5498 = DIRECTION ( 'NONE',  ( 1.224646799147353454E-16, 0.0000000000000000000, 1.000000000000000000 ) ) ;
#5499 = CARTESIAN_POINT ( 'NONE',  ( -15.84076204834838819, 31.39186601061275894, 13.65841751478440180 ) ) ;
#5500 = ORIENTED_EDGE ( 'NONE', *, *, #4365, .F. ) ;
#5501 = CARTESIAN_POINT ( 'NONE',  ( -19.00000000000000000, 1.000000000000000000, 2.229670385730950333 ) ) ;
#5502 = CARTESIAN_POINT ( 'NONE',  ( 3.000000000000000888, 2.081899558550499885E-15, -16.99999999999999289 ) ) ;
#5503 = EDGE_CURVE ( 'NONE', #2667, #4513, #1978, .T. ) ;
#5504 = PLANE ( 'NONE',  #6072 ) ;
#5505 = DIRECTION ( 'NONE',  ( 0.0000000000000000000, 0.0000000000000000000, 1.000000000000000000 ) ) ;
#5506 = CIRCLE ( 'NONE', #2430, 9.000000000000001776 ) ;
#5507 = SURFACE_STYLE_FILL_AREA ( #3827 ) ;
#5508 = ORIENTED_EDGE ( 'NONE', *, *, #667, .T. ) ;
#5509 = ORIENTED_EDGE ( 'NONE', *, *, #7315, .T. ) ;
#5510 = EDGE_CURVE ( 'NONE', #2449, #1509, #5050, .T. ) ;
#5511 = EDGE_CURVE ( 'NONE', #1478, #6977, #1644, .T. ) ;
#5512 = FACE_OUTER_BOUND ( 'NONE', #3861, .T. ) ;
#5513 = CARTESIAN_POINT ( 'NONE',  ( 14.61217708478150179, 41.27808100486819853, -8.609540599308605380 ) ) ;
#5514 = AXIS2_PLACEMENT_3D ( 'NONE', #3842, #5595, #3327 ) ;
#5515 = CARTESIAN_POINT ( 'NONE',  ( -14.99105099730612700, 27.98942384563162733, -14.85557309135183957 ) ) ;
#5516 = ORIENTED_EDGE ( 'NONE', *, *, #6690, .F. ) ;
#5517 = CARTESIAN_POINT ( 'NONE',  ( 15.31334333109023227, 46.02472049292816081, 2.229670385730950333 ) ) ;
#5518 = ORIENTED_EDGE ( 'NONE', *, *, #403, .F. ) ;
#5519 = DIRECTION ( 'NONE',  ( 0.0000000000000000000, 0.0000000000000000000, -1.000000000000000000 ) ) ;
#5520 = DIRECTION ( 'NONE',  ( 0.0000000000000000000, 1.000000000000000000, 0.0000000000000000000 ) ) ;
#5521 = DIRECTION ( 'NONE',  ( 0.0000000000000000000, 0.0000000000000000000, 1.000000000000000000 ) ) ;
#5522 = EDGE_CURVE ( 'NONE', #2902, #734, #7317, .T. ) ;
#5523 = DIRECTION ( 'NONE',  ( 0.0000000000000000000, 0.0000000000000000000, 1.000000000000000000 ) ) ;
#5524 = FACE_BOUND ( 'NONE', #3757, .T. ) ;
#5525 = ADVANCED_FACE ( 'NONE', ( #5173 ), #4993, .F. ) ;
#5526 = DIRECTION ( 'NONE',  ( -1.000000000000000000, -0.0000000000000000000, -0.0000000000000000000 ) ) ;
#5527 = VERTEX_POINT ( 'NONE', #2271 ) ;
#5528 = DIRECTION ( 'NONE',  ( 0.0000000000000000000, 0.0000000000000000000, 1.000000000000000000 ) ) ;
#5529 = CARTESIAN_POINT ( 'NONE',  ( -17.44684661684418359, 25.17423061042309840, 2.845755207768367434 ) ) ;
#5530 = CARTESIAN_POINT ( 'NONE',  ( -6.123233995736765296E-16, -19.00000000000000000, -4.999999999999999112 ) ) ;
#5531 = CARTESIAN_POINT ( 'NONE',  ( 0.0000000000000000000, 19.99999999999999645, 4.999999999999999112 ) ) ;
#5532 = EDGE_LOOP ( 'NONE', ( #6966, #6848 ) ) ;
#5533 = CARTESIAN_POINT ( 'NONE',  ( -8.289220901263080421, 2.000000000000000000, 32.08257145703460367 ) ) ;
#5534 = CARTESIAN_POINT ( 'NONE',  ( -15.29805563633783372, 34.62703965754567292, 12.52011567604874820 ) ) ;
#5535 = CARTESIAN_POINT ( 'NONE',  ( 19.00000000000000000, 1.000000000000000000, 23.77032961426903057 ) ) ;
#5536 = VERTEX_POINT ( 'NONE', #4568 ) ;
#5537 = AXIS2_PLACEMENT_3D ( 'NONE', #3562, #5678, #567 ) ;
#5538 = CARTESIAN_POINT ( 'NONE',  ( -17.39466683516787171, 0.0000000000000000000, -5.474648746009643574 ) ) ;
#5539 = CARTESIAN_POINT ( 'NONE',  ( 4.963014443069059034, -40.79998612299567640, 0.6142489107818989158 ) ) ;
#5540 = DIRECTION ( 'NONE',  ( 0.0000000000000000000, 0.0000000000000000000, 1.000000000000000000 ) ) ;
#5541 = PRODUCT_DEFINITION_CONTEXT ( 'detailed design', #5023, 'design' ) ;
#5542 = EDGE_CURVE ( 'NONE', #3684, #5536, #5684, .T. ) ;
#5543 = VERTEX_POINT ( 'NONE', #3888 ) ;
#5544 = ORIENTED_EDGE ( 'NONE', *, *, #3056, .T. ) ;
#5545 = CIRCLE ( 'NONE', #7326, 10.00000000000000178 ) ;
#5546 = DIRECTION ( 'NONE',  ( -1.000000000000000000, -0.0000000000000000000, -0.0000000000000000000 ) ) ;
#5547 = ADVANCED_FACE ( 'NONE', ( #2348 ), #3920, .F. ) ;
#5548 = EDGE_CURVE ( 'NONE', #2651, #1963, #5584, .T. ) ;
#5549 = DIRECTION ( 'NONE',  ( 1.734723475976807094E-15, 0.0000000000000000000, -1.000000000000000000 ) ) ;
#5550 = ORIENTED_EDGE ( 'NONE', *, *, #3268, .T. ) ;
#5551 = CARTESIAN_POINT ( 'NONE',  ( 18.99999999999999645, 28.00000000000000000, 0.0000000000000000000 ) ) ;
#5552 = ORIENTED_EDGE ( 'NONE', *, *, #6882, .T. ) ;
#5553 = FACE_OUTER_BOUND ( 'NONE', #4038, .T. ) ;
#5554 = CARTESIAN_POINT ( 'NONE',  ( -18.54242466919869869, 26.93694054901317614, -3.865372575854441717 ) ) ;
#5555 = DIRECTION ( 'NONE',  ( 0.0000000000000000000, 0.0000000000000000000, 1.000000000000000000 ) ) ;
#5556 = EDGE_CURVE ( 'NONE', #411, #479, #157, .T. ) ;
#5557 = CARTESIAN_POINT ( 'NONE',  ( -13.79385814048160874, 46.00399350488977035, 1.496393119724592990 ) ) ;
#5558 = DIRECTION ( 'NONE',  ( -1.000000000000000000, 0.0000000000000000000, 0.0000000000000000000 ) ) ;
#5559 = EDGE_CURVE ( 'NONE', #6304, #3575, #4271, .T. ) ;
#5560 = CARTESIAN_POINT ( 'NONE',  ( -18.54319964061023285, 26.93331120090531527, 3.864593158600376110 ) ) ;
#5561 = ORIENTED_EDGE ( 'NONE', *, *, #5764, .F. ) ;
#5562 = FACE_OUTER_BOUND ( 'NONE', #2130, .T. ) ;
#5563 = CARTESIAN_POINT ( 'NONE',  ( 4.975895208294942584, -39.12707918851082667, 0.5052481702869098257 ) ) ;
#5564 = DIRECTION ( 'NONE',  ( 0.0000000000000000000, 1.000000000000000000, 0.0000000000000000000 ) ) ;
#5565 = CARTESIAN_POINT ( 'NONE',  ( 18.37854014699679794, 27.73152328850840220, -4.000000000000000000 ) ) ;
#5566 = ORIENTED_EDGE ( 'NONE', *, *, #4875, .T. ) ;
#5567 = AXIS2_PLACEMENT_3D ( 'NONE', #3594, #5832, #1788 ) ;
#5568 = DIRECTION ( 'NONE',  ( 0.0000000000000000000, 0.0000000000000000000, 1.000000000000000000 ) ) ;
#5569 = CARTESIAN_POINT ( 'NONE',  ( 0.0000000000000000000, -19.00000000000000000, 0.0000000000000000000 ) ) ;
#5570 = DIRECTION ( 'NONE',  ( -0.9471064110407390046, -0.0000000000000000000, -0.3209196880304027166 ) ) ;
#5571 = ORIENTED_EDGE ( 'NONE', *, *, #449, .F. ) ;
#5572 = DIRECTION ( 'NONE',  ( 0.0000000000000000000, 1.000000000000000000, 0.0000000000000000000 ) ) ;
#5573 = AXIS2_PLACEMENT_3D ( 'NONE', #6207, #700, #2942 ) ;
#5574 = CARTESIAN_POINT ( 'NONE',  ( 16.93333333333333357, 24.93584164674765447, -5.281263776440502156 ) ) ;
#5575 = DIRECTION ( 'NONE',  ( -0.1736481776669309696, 0.9848077530122080203, 0.0000000000000000000 ) ) ;
#5576 = CIRCLE ( 'NONE', #6521, 5.999999999999998224 ) ;
#5577 = DIRECTION ( 'NONE',  ( 0.0000000000000000000, 1.000000000000000000, 0.0000000000000000000 ) ) ;
#5578 = ORIENTED_EDGE ( 'NONE', *, *, #1609, .F. ) ;
#5579 = ORIENTED_EDGE ( 'NONE', *, *, #3424, .F. ) ;
#5580 = CIRCLE ( 'NONE', #4762, 3.500000000000003109 ) ;
#5581 = DIRECTION ( 'NONE',  ( -0.0000000000000000000, -1.000000000000000000, -0.0000000000000000000 ) ) ;
#5582 = EDGE_CURVE ( 'NONE', #5260, #5240, #5249, .T. ) ;
#5583 = DIRECTION ( 'NONE',  ( -6.413119686690143587E-16, 0.0000000000000000000, 1.000000000000000000 ) ) ;
#5584 = B_SPLINE_CURVE_WITH_KNOTS ( 'NONE', 3,
 ( #542, #6271, #4525, #6796 ),
 .UNSPECIFIED., .F., .F.,
 ( 4, 4 ),
 ( 8.673617379884035472E-19, 0.002306870052140212648 ),
 .UNSPECIFIED. ) ;
#5585 = B_SPLINE_CURVE_WITH_KNOTS ( 'NONE', 3,
 ( #1658, #37, #591, #3900, #6173, #1116, #3357, #5628, #553, #2803, #3937, #4498 ),
 .UNSPECIFIED., .F., .F.,
 ( 4, 2, 2, 2, 2, 4 ),
 ( 7.757919228897728493E-18, 0.002904538486910777668, 0.005809076973821546662, 0.007261346217276928340, 0.008713615460732309151, 0.01161815394764307424 ),
 .UNSPECIFIED. ) ;
#5586 = CARTESIAN_POINT ( 'NONE',  ( 29.00000000000000000, 2.000000000000000000, 23.81534156157350068 ) ) ;
#5587 = ORIENTED_EDGE ( 'NONE', *, *, #5113, .F. ) ;
#5588 = VECTOR ( 'NONE', #5986, 1000.000000000000000 ) ;
#5589 = DIRECTION ( 'NONE',  ( 0.0000000000000000000, 1.000000000000000000, -0.0000000000000000000 ) ) ;
#5590 = ORIENTED_EDGE ( 'NONE', *, *, #3606, .F. ) ;
#5591 = CARTESIAN_POINT ( 'NONE',  ( 16.00000000000000000, 2.000000000000000000, -31.50000000000000000 ) ) ;
#5592 = CARTESIAN_POINT ( 'NONE',  ( -18.60147933533148290, 26.67913881353385364, -3.785135539271549554 ) ) ;
#5593 = CARTESIAN_POINT ( 'NONE',  ( -8.289220901263082197, 2.000000000000000000, 32.08257145703459656 ) ) ;
#5594 = DIRECTION ( 'NONE',  ( 0.0000000000000000000, 0.0000000000000000000, 1.000000000000000000 ) ) ;
#5595 = DIRECTION ( 'NONE',  ( -0.0000000000000000000, 1.000000000000000000, -0.0000000000000000000 ) ) ;
#5596 = EDGE_CURVE ( 'NONE', #91, #659, #5266, .T. ) ;
#5597 = AXIS2_PLACEMENT_3D ( 'NONE', #2384, #4190, #4642 ) ;
#5598 = AXIS2_PLACEMENT_3D ( 'NONE', #4284, #6557, #1560 ) ;
#5599 = LINE ( 'NONE', #7307, #4889 ) ;
#5600 = EDGE_LOOP ( 'NONE', ( #3167, #438, #5550, #6275 ) ) ;
#5601 = FACE_OUTER_BOUND ( 'NONE', #506, .T. ) ;
#5602 = CARTESIAN_POINT ( 'NONE',  ( 4.923304502317969344, -39.49668079271175714, 0.8738712507240963268 ) ) ;
#5603 = CYLINDRICAL_SURFACE ( 'NONE', #6757, 5.999999999999999112 ) ;
#5604 = CARTESIAN_POINT ( 'NONE',  ( 18.33120045906894191, 28.00000000000000355, -4.000000000000000000 ) ) ;
#5605 = AXIS2_PLACEMENT_3D ( 'NONE', #1428, #4829, #1945 ) ;
#5606 = CIRCLE ( 'NONE', #3350, 10.00000000000000178 ) ;
#5607 = ORIENTED_EDGE ( 'NONE', *, *, #1033, .F. ) ;
#5608 = EDGE_CURVE ( 'NONE', #4210, #2651, #4201, .T. ) ;
#5609 = ADVANCED_FACE ( 'NONE', ( #1139 ), #6058, .T. ) ;
#5610 = CARTESIAN_POINT ( 'NONE',  ( -11.00000000000000000, 0.0000000000000000000, 5.999999999999998224 ) ) ;
#5611 = CARTESIAN_POINT ( 'NONE',  ( -12.66758421158958114, 1.000000000000000000, -42.78593654904998544 ) ) ;
#5612 = VECTOR ( 'NONE', #2639, 1000.000000000000227 ) ;
#5613 = AXIS2_PLACEMENT_3D ( 'NONE', #6530, #1404, #5914 ) ;
#5614 = B_SPLINE_CURVE_WITH_KNOTS ( 'NONE', 3,
 ( #6907, #1137, #5125, #6344, #2930, #2311, #62, #6867, #97, #571, #3415, #1291 ),
 .UNSPECIFIED., .F., .F.,
 ( 4, 2, 2, 2, 2, 4 ),
 ( 7.757919228897728493E-18, 0.002911194022818585758, 0.005822388045637163709, 0.007277985057046454202, 0.008733582068455742961, 0.01164477609127434130 ),
 .UNSPECIFIED. ) ;
#5615 = CARTESIAN_POINT ( 'NONE',  ( 0.0000000000000000000, -1.000000000000000888, 6.000000000000000000 ) ) ;
#5616 = CARTESIAN_POINT ( 'NONE',  ( -19.00000000000000000, 1.000000000000000000, 23.77032961426903057 ) ) ;
#5617 = VERTEX_POINT ( 'NONE', #6309 ) ;
#5618 = AXIS2_PLACEMENT_3D ( 'NONE', #2361, #4579, #2398 ) ;
#5619 = CARTESIAN_POINT ( 'NONE',  ( -14.51242814092788791, 47.74326946784751158, 3.727401161850812474E-13 ) ) ;
#5620 = CARTESIAN_POINT ( 'NONE',  ( -19.00000000000000000, 2.000000000000000000, -23.77032961426903057 ) ) ;
#5621 = CARTESIAN_POINT ( 'NONE',  ( 16.72245881750530927, 28.32163478769141918, 4.000000000000001776 ) ) ;
#5622 = PRODUCT_DEFINITION_FORMATION_WITH_SPECIFIED_SOURCE ( 'ANY', '', #2095, .NOT_KNOWN. ) ;
#5623 =( NAMED_UNIT ( * ) SI_UNIT ( $, .STERADIAN. ) SOLID_ANGLE_UNIT ( ) );
#5624 = EDGE_LOOP ( 'NONE', ( #7319, #6273, #4209, #2650 ) ) ;
#5625 = ORIENTED_EDGE ( 'NONE', *, *, #3999, .T. ) ;
#5626 = CIRCLE ( 'NONE', #7287, 2.499999999999998668 ) ;
#5627 = CYLINDRICAL_SURFACE ( 'NONE', #4775, 3.500000000000003109 ) ;
#5628 = CARTESIAN_POINT ( 'NONE',  ( 14.78617235504862037, 38.12750981586060561, 10.89404671001027047 ) ) ;
#5629 = CARTESIAN_POINT ( 'NONE',  ( -15.61819013813098778, 24.82078152625418710, 8.700287221821335848 ) ) ;
#5630 = EDGE_LOOP ( 'NONE', ( #6328, #4180 ) ) ;
#5631 = CIRCLE ( 'NONE', #904, 22.09501243788790958 ) ;
#5632 = CARTESIAN_POINT ( 'NONE',  ( 13.09479624129467190, 40.22007848054171575, -9.364456721345584711 ) ) ;
#5633 = EDGE_LOOP ( 'NONE', ( #1290, #4767, #4017, #5995, #4034, #356, #3634, #311 ) ) ;
#5634 = CARTESIAN_POINT ( 'NONE',  ( 2.000000000000000888, 0.0000000000000000000, 0.0000000000000000000 ) ) ;
#5635 = CARTESIAN_POINT ( 'NONE',  ( -15.87678109189359610, 2.000000000000000000, -33.31487243864258829 ) ) ;
#5636 = DIRECTION ( 'NONE',  ( 0.0000000000000000000, 0.0000000000000000000, -1.000000000000000000 ) ) ;
#5637 = CARTESIAN_POINT ( 'NONE',  ( 0.0000000000000000000, -44.00000000000000000, -4.000000000000000000 ) ) ;
#5638 = LINE ( 'NONE', #562, #5471 ) ;
#5639 = EDGE_LOOP ( 'NONE', ( #3488, #3514, #1224, #3593, #2399 ) ) ;
#5640 = DIRECTION ( 'NONE',  ( 0.9848077530122079093, 0.1736481776669309141, 0.0000000000000000000 ) ) ;
#5641 = CARTESIAN_POINT ( 'NONE',  ( -4.962870474693725775, -39.20102526542817145, -0.6152529313457453242 ) ) ;
#5642 = LINE ( 'NONE', #2225, #5102 ) ;
#5643 = EDGE_CURVE ( 'NONE', #5617, #6858, #2865, .T. ) ;
#5644 = DIRECTION ( 'NONE',  ( 1.000000000000000000, 0.0000000000000000000, 0.0000000000000000000 ) ) ;
#5645 = LINE ( 'NONE', #95, #6433 ) ;
#5646 = ORIENTED_EDGE ( 'NONE', *, *, #1406, .F. ) ;
#5647 = DIRECTION ( 'NONE',  ( 0.0000000000000000000, 0.0000000000000000000, 1.000000000000000000 ) ) ;
#5648 = EDGE_CURVE ( 'NONE', #5240, #1308, #7029, .T. ) ;
#5649 =( NAMED_UNIT ( * ) PLANE_ANGLE_UNIT ( ) SI_UNIT ( $, .RADIAN. ) );
#5650 = DIRECTION ( 'NONE',  ( 0.0000000000000000000, 0.0000000000000000000, 1.000000000000000000 ) ) ;
#5651 = EDGE_CURVE ( 'NONE', #962, #7239, #4151, .T. ) ;
#5652 = EDGE_CURVE ( 'NONE', #4332, #3928, #4112, .T. ) ;
#5653 = DIRECTION ( 'NONE',  ( -1.000000000000000000, 0.0000000000000000000, 0.0000000000000000000 ) ) ;
#5654 = EDGE_LOOP ( 'NONE', ( #3456, #6884, #2117, #7009, #2113, #6577, #6406, #7185, #4678, #1997, #664, #2452, #4245, #5481, #5578, #4970, #4470, #4281, #5098, #5421, #4372, #302, #4487, #6940, #1807, #5439, #123, #2710, #1671, #2390, #4909, #2200, #2888, #2804, #4003, #3532, #6036, #4047, #7025, #5047, #361, #216, #4177, #908, #5730, #1334 ) ) ;
#5655 = ORIENTED_EDGE ( 'NONE', *, *, #3773, .F. ) ;
#5656 = CARTESIAN_POINT ( 'NONE',  ( -17.49999999999999645, 2.000000000000000000, 24.69534183785885872 ) ) ;
#5657 = DIRECTION ( 'NONE',  ( -0.9848077530122080203, 0.1736481776669311083, 0.0000000000000000000 ) ) ;
#5658 = CIRCLE ( 'NONE', #4947, 1.000000000000000888 ) ;
#5659 = EDGE_CURVE ( 'NONE', #1965, #6489, #2492, .T. ) ;
#5660 = VERTEX_POINT ( 'NONE', #2970 ) ;
#5661 = ORIENTED_EDGE ( 'NONE', *, *, #1799, .T. ) ;
#5662 = CARTESIAN_POINT ( 'NONE',  ( -12.66758421158958114, 0.0000000000000000000, 31.78593654904997834 ) ) ;
#5663 = PRESENTATION_LAYER_ASSIGNMENT (  '', '', ( #1060 ) ) ;
#5664 = CARTESIAN_POINT ( 'NONE',  ( 14.69297265791358065, 38.95320438422431408, -10.40039598021398959 ) ) ;
#5665 = CARTESIAN_POINT ( 'NONE',  ( -14.36070098527083161, 31.17516791688956701, -13.73466314035367652 ) ) ;
#5666 = ORIENTED_EDGE ( 'NONE', *, *, #3913, .T. ) ;
#5667 = CARTESIAN_POINT ( 'NONE',  ( -16.93333333333333357, 24.93584164674765447, -5.281263776440502156 ) ) ;
#5668 = ORIENTED_EDGE ( 'NONE', *, *, #5415, .F. ) ;
#5669 = DIRECTION ( 'NONE',  ( 0.0000000000000000000, 1.000000000000000000, 0.0000000000000000000 ) ) ;
#5670 = CARTESIAN_POINT ( 'NONE',  ( -12.66758421158958114, 0.0000000000000000000, -31.78593654904997834 ) ) ;
#5671 = CARTESIAN_POINT ( 'NONE',  ( 0.0000000000000000000, 1.000000000000000000, 53.00000000000000000 ) ) ;
#5672 = DIRECTION ( 'NONE',  ( 0.0000000000000000000, 0.0000000000000000000, 1.000000000000000000 ) ) ;
#5673 = DIRECTION ( 'NONE',  ( 0.0000000000000000000, 0.0000000000000000000, -1.000000000000000000 ) ) ;
#5674 = EDGE_LOOP ( 'NONE', ( #4136, #720, #6312, #2357 ) ) ;
#5675 = DIRECTION ( 'NONE',  ( 0.0000000000000000000, 1.000000000000000000, 0.0000000000000000000 ) ) ;
#5676 = CARTESIAN_POINT ( 'NONE',  ( -4.898979485566355763, -40.00000000000000000, -1.000000000000000444 ) ) ;
#5677 = FACE_OUTER_BOUND ( 'NONE', #327, .T. ) ;
#5678 = DIRECTION ( 'NONE',  ( 0.0000000000000000000, 1.000000000000000000, 0.0000000000000000000 ) ) ;
#5679 = DIRECTION ( 'NONE',  ( 0.0000000000000000000, 0.0000000000000000000, 1.000000000000000000 ) ) ;
#5680 = EDGE_LOOP ( 'NONE', ( #920, #5894, #7313, #5822, #5259, #2070 ) ) ;
#5681 = DIRECTION ( 'NONE',  ( 0.0000000000000000000, 1.000000000000000000, -0.0000000000000000000 ) ) ;
#5682 = ADVANCED_FACE ( 'NONE', ( #4075 ), #3047, .T. ) ;
#5683 = CARTESIAN_POINT ( 'NONE',  ( -5.000000000000000000, -40.00000000000000000, 0.0000000000000000000 ) ) ;
#5684 = LINE ( 'NONE', #3383, #5950 ) ;
#5685 = DIRECTION ( 'NONE',  ( 0.0000000000000000000, 0.0000000000000000000, 1.000000000000000000 ) ) ;
#5686 = ORIENTED_EDGE ( 'NONE', *, *, #3418, .F. ) ;
#5687 = AXIS2_PLACEMENT_3D ( 'NONE', #203, #2335, #5760 ) ;
#5688 = ORIENTED_EDGE ( 'NONE', *, *, #2828, .T. ) ;
#5689 = FACE_OUTER_BOUND ( 'NONE', #196, .T. ) ;
#5690 = EDGE_CURVE ( 'NONE', #3975, #6758, #2052, .T. ) ;
#5691 = EDGE_CURVE ( 'NONE', #149, #1231, #6423, .T. ) ;
#5692 = CARTESIAN_POINT ( 'NONE',  ( -14.70579858385518079, 42.69019133490337481, -7.281080905200733255 ) ) ;
#5693 =( GEOMETRIC_REPRESENTATION_CONTEXT ( 3 ) GLOBAL_UNCERTAINTY_ASSIGNED_CONTEXT ( ( #4812 ) ) GLOBAL_UNIT_ASSIGNED_CONTEXT ( ( #7206, #425, #976 ) ) REPRESENTATION_CONTEXT ( 'NONE', 'WORKASPACE' ) );
#5694 = ORIENTED_EDGE ( 'NONE', *, *, #4094, .T. ) ;
#5695 = ORIENTED_EDGE ( 'NONE', *, *, #87, .F. ) ;
#5696 = DIRECTION ( 'NONE',  ( -6.413119686690143587E-16, 0.0000000000000000000, -1.000000000000000000 ) ) ;
#5697 = CIRCLE ( 'NONE', #7125, 21.00000000000001776 ) ;
#5698 = EDGE_CURVE ( 'NONE', #3564, #5815, #6301, .T. ) ;
#5699 = EDGE_CURVE ( 'NONE', #915, #1762, #1365, .T. ) ;
#5700 = ADVANCED_FACE ( 'NONE', ( #6459 ), #6347, .T. ) ;
#5701 = CARTESIAN_POINT ( 'NONE',  ( 9.999999999999998224, 6.123233995736764310E-16, -4.999999999999998224 ) ) ;
#5702 = CARTESIAN_POINT ( 'NONE',  ( -8.289220901263080421, 1.000000000000000000, -32.08257145703460367 ) ) ;
#5703 = ORIENTED_EDGE ( 'NONE', *, *, #184, .T. ) ;
#5704 = VERTEX_POINT ( 'NONE', #4758 ) ;
#5705 = CARTESIAN_POINT ( 'NONE',  ( -9.881378385679143506, 2.000000000000000000, -32.78593654904997834 ) ) ;
#5706 = PRESENTATION_LAYER_ASSIGNMENT (  '', '', ( #2616 ) ) ;
#5707 = FACE_OUTER_BOUND ( 'NONE', #473, .T. ) ;
#5708 = CARTESIAN_POINT ( 'NONE',  ( -15.31334333109023227, 46.02472049292816081, -2.229670385730952109 ) ) ;
#5709 = CIRCLE ( 'NONE', #155, 17.99999999999999645 ) ;
#5710 = CARTESIAN_POINT ( 'NONE',  ( -11.00000000000000000, 6.735557395310441037E-16, 4.999999999999998224 ) ) ;
#5711 = CIRCLE ( 'NONE', #1928, 1.000000000000000888 ) ;
#5712 = DIRECTION ( 'NONE',  ( 0.0000000000000000000, 1.000000000000000000, 0.0000000000000000000 ) ) ;
#5713 = ORIENTED_EDGE ( 'NONE', *, *, #3521, .F. ) ;
#5714 = CYLINDRICAL_SURFACE ( 'NONE', #1546, 3.500000000000003109 ) ;
#5715 = VERTEX_POINT ( 'NONE', #5209 ) ;
#5716 = DIRECTION ( 'NONE',  ( 0.0000000000000000000, 1.000000000000000000, 0.0000000000000000000 ) ) ;
#5717 = CARTESIAN_POINT ( 'NONE',  ( -12.66758421158958114, 1.000000000000000000, 42.78593654904998544 ) ) ;
#5718 = DIRECTION ( 'NONE',  ( 0.0000000000000000000, 0.0000000000000000000, -1.000000000000000000 ) ) ;
#5719 = AXIS2_PLACEMENT_3D ( 'NONE', #5809, #175, #4222 ) ;
#5720 = DIRECTION ( 'NONE',  ( -9.637352644315592778E-16, 0.0000000000000000000, 1.000000000000000000 ) ) ;
#5721 = CIRCLE ( 'NONE', #6650, 5.999999999999998224 ) ;
#5722 = ORIENTED_EDGE ( 'NONE', *, *, #5542, .F. ) ;
#5723 = DIRECTION ( 'NONE',  ( 0.0000000000000000000, 0.0000000000000000000, 1.000000000000000000 ) ) ;
#5724 = FILL_AREA_STYLE_COLOUR ( '', #4772 ) ;
#5725 = VECTOR ( 'NONE', #6212, 1000.000000000000000 ) ;
#5726 = DIRECTION ( 'NONE',  ( 0.0000000000000000000, 0.0000000000000000000, 1.000000000000000000 ) ) ;
#5727 = ORIENTED_EDGE ( 'NONE', *, *, #1927, .F. ) ;
#5728 = CARTESIAN_POINT ( 'NONE',  ( 13.69331014310443706, 44.66133312578840986, -4.609891926147809293 ) ) ;
#5729 = CARTESIAN_POINT ( 'NONE',  ( -10.00000000000000178, 0.0000000000000000000, 0.0000000000000000000 ) ) ;
#5730 = ORIENTED_EDGE ( 'NONE', *, *, #3418, .T. ) ;
#5731 = VERTEX_POINT ( 'NONE', #1875 ) ;
#5732 = VECTOR ( 'NONE', #6499, 1000.000000000000000 ) ;
#5733 = FACE_OUTER_BOUND ( 'NONE', #2243, .T. ) ;
#5734 = AXIS2_PLACEMENT_3D ( 'NONE', #7243, #2674, #1642 ) ;
#5735 = CARTESIAN_POINT ( 'NONE',  ( 18.98533287048767448, 25.11536834380910221, 2.771082858396979987 ) ) ;
#5736 =( BOUNDED_CURVE ( )  B_SPLINE_CURVE ( 3, ( #5453, #1017, #2532, #4797 ),
 .UNSPECIFIED., .F., .F. ) 
 B_SPLINE_CURVE_WITH_KNOTS ( ( 4, 4 ),
 ( 1.709274221620190604, 1.938004347352734857 ),
 .UNSPECIFIED. ) 
 CURVE ( )  GEOMETRIC_REPRESENTATION_ITEM ( )  RATIONAL_B_SPLINE_CURVE ( ( 1.000000000000000000, 0.9956449606677395536, 0.9956449606677395536, 1.000000000000000000 ) ) 
 REPRESENTATION_ITEM ( '' )  );
#5737 = APPLICATION_PROTOCOL_DEFINITION ( 'draft international standard', 'automotive_design', 1998, #5023 ) ;
#5738 = ORIENTED_EDGE ( 'NONE', *, *, #1038, .F. ) ;
#5739 = AXIS2_PLACEMENT_3D ( 'NONE', #4031, #6793, #5723 ) ;
#5740 = ORIENTED_EDGE ( 'NONE', *, *, #6039, .F. ) ;
#5741 = ADVANCED_FACE ( 'NONE', ( #836 ), #1431, .T. ) ;
#5742 = CARTESIAN_POINT ( 'NONE',  ( 17.49999999999999645, 2.652747412077485212, 23.77032961426903412 ) ) ;
#5743 = COLOUR_RGB ( '',0.0000000000000000000, 0.0000000000000000000, 0.0000000000000000000 ) ;
#5744 = EDGE_CURVE ( 'NONE', #3575, #5358, #7027, .T. ) ;
#5745 = DIRECTION ( 'NONE',  ( -0.0000000000000000000, -1.000000000000000000, 0.0000000000000000000 ) ) ;
#5746 = ORIENTED_EDGE ( 'NONE', *, *, #3901, .F. ) ;
#5747 = SURFACE_STYLE_USAGE ( .BOTH. , #5821 ) ;
#5748 = ORIENTED_EDGE ( 'NONE', *, *, #489, .T. ) ;
#5749 = CARTESIAN_POINT ( 'NONE',  ( 17.74127332790464351, 32.25524524269018656, 0.8380755883644823712 ) ) ;
#5750 = ADVANCED_FACE ( 'NONE', ( #3570 ), #3638, .T. ) ;
#5751 = FACE_OUTER_BOUND ( 'NONE', #3600, .T. ) ;
#5752 = ORIENTED_EDGE ( 'NONE', *, *, #1757, .T. ) ;
#5753 = EDGE_CURVE ( 'NONE', #2397, #5196, #6535, .T. ) ;
#5754 = ADVANCED_FACE ( 'NONE', ( #2422 ), #4394, .T. ) ;
#5755 = CARTESIAN_POINT ( 'NONE',  ( -19.01939045069839551, 25.00668284084787985, -2.229670385730951665 ) ) ;
#5756 = AXIS2_PLACEMENT_3D ( 'NONE', #4096, #715, #6367 ) ;
#5757 = CARTESIAN_POINT ( 'NONE',  ( -16.44011064497304631, 30.91966761948783216, -2.753705706149313759 ) ) ;
#5758 = CIRCLE ( 'NONE', #1141, 1.000000000000000000 ) ;
#5759 = ORIENTED_EDGE ( 'NONE', *, *, #7201, .F. ) ;
#5760 = DIRECTION ( 'NONE',  ( 0.0000000000000000000, 0.0000000000000000000, 1.000000000000000000 ) ) ;
#5761 = ORIENTED_EDGE ( 'NONE', *, *, #3773, .T. ) ;
#5762 = CARTESIAN_POINT ( 'NONE',  ( -4.904548354039325098, -39.73737367839139978, 0.9736418874199953555 ) ) ;
#5763 = CARTESIAN_POINT ( 'NONE',  ( 9.000000000000001776, 0.0000000000000000000, 0.0000000000000000000 ) ) ;
#5764 = EDGE_CURVE ( 'NONE', #2341, #187, #2128, .T. ) ;
#5765 = CARTESIAN_POINT ( 'NONE',  ( -16.00000000000000000, 2.000000000000000000, 29.00000000000000000 ) ) ;
#5766 = CARTESIAN_POINT ( 'NONE',  ( 11.97331907960222530, 0.0000000000000000000, 22.78593654904997834 ) ) ;
#5767 = VERTEX_POINT ( 'NONE', #4684 ) ;
#5768 = CARTESIAN_POINT ( 'NONE',  ( 17.39643909547886480, 0.0000000000000000000, -5.470020160691012379 ) ) ;
#5769 = DIRECTION ( 'NONE',  ( 0.0000000000000000000, -0.0000000000000000000, -1.000000000000000000 ) ) ;
#5770 = DIRECTION ( 'NONE',  ( 0.0000000000000000000, 1.000000000000000000, 0.0000000000000000000 ) ) ;
#5771 = VERTEX_POINT ( 'NONE', #5530 ) ;
#5772 = CARTESIAN_POINT ( 'NONE',  ( -14.75418502277211097, 45.00151949514871319, 4.302501001580004925 ) ) ;
#5773 = CARTESIAN_POINT ( 'NONE',  ( 10.00000000000000178, 0.0000000000000000000, 0.0000000000000000000 ) ) ;
#5774 = VERTEX_POINT ( 'NONE', #6596 ) ;
#5775 = ORIENTED_EDGE ( 'NONE', *, *, #1048, .T. ) ;
#5776 = DIRECTION ( 'NONE',  ( -0.0000000000000000000, -1.000000000000000000, -0.0000000000000000000 ) ) ;
#5777 = DIRECTION ( 'NONE',  ( -0.0000000000000000000, 1.000000000000000000, 1.224646799147353207E-16 ) ) ;
#5778 = ORIENTED_EDGE ( 'NONE', *, *, #47, .T. ) ;
#5779 = EDGE_LOOP ( 'NONE', ( #89, #151, #3611, #7079 ) ) ;
#5780 = CARTESIAN_POINT ( 'NONE',  ( 17.00000000000000000, 0.0000000000000000000, 30.00000000000000000 ) ) ;
#5781 = EDGE_CURVE ( 'NONE', #4024, #7172, #722, .T. ) ;
#5782 = AXIS2_PLACEMENT_3D ( 'NONE', #2963, #58, #5238 ) ;
#5783 = DIRECTION ( 'NONE',  ( 0.0000000000000000000, 0.0000000000000000000, 1.000000000000000000 ) ) ;
#5784 = ORIENTED_EDGE ( 'NONE', *, *, #1413, .T. ) ;
#5785 = FACE_OUTER_BOUND ( 'NONE', #107, .T. ) ;
#5786 = ORIENTED_EDGE ( 'NONE', *, *, #4193, .F. ) ;
#5787 = CARTESIAN_POINT ( 'NONE',  ( -15.25901242313525330, 45.05693803994559232, -4.323015725994050484 ) ) ;
#5788 = ORIENTED_EDGE ( 'NONE', *, *, #6555, .F. ) ;
#5789 = CARTESIAN_POINT ( 'NONE',  ( 11.00100000000000122, 3.061616997868383141E-16, -2.500000000000000000 ) ) ;
#5790 = AXIS2_PLACEMENT_3D ( 'NONE', #448, #2104, #6659 ) ;
#5791 = CARTESIAN_POINT ( 'NONE',  ( 17.00000000000000000, 1.000000000000000000, -30.00000000000000000 ) ) ;
#5792 = EDGE_CURVE ( 'NONE', #5474, #7261, #3341, .T. ) ;
#5793 = ADVANCED_FACE ( 'NONE', ( #324 ), #3152, .T. ) ;
#5794 = AXIS2_PLACEMENT_3D ( 'NONE', #5174, #4569, #4606 ) ;
#5795 = CARTESIAN_POINT ( 'NONE',  ( -13.86265278450480487, 45.61383969095393809, -2.956860131864253560 ) ) ;
#5796 = ORIENTED_EDGE ( 'NONE', *, *, #3462, .F. ) ;
#5797 = CARTESIAN_POINT ( 'NONE',  ( 8.657630719096996330, 1.000000000000000000, 31.15290796623613545 ) ) ;
#5798 = EDGE_LOOP ( 'NONE', ( #593, #2432, #610, #6853 ) ) ;
#5799 = CARTESIAN_POINT ( 'NONE',  ( 12.66758421158957404, 1.000000000000000000, 42.78593654904998544 ) ) ;
#5800 = CARTESIAN_POINT ( 'NONE',  ( 17.47069264564962410, 1.999999999999998224, -24.50468784678772494 ) ) ;
#5801 = DIRECTION ( 'NONE',  ( 0.0000000000000000000, 0.0000000000000000000, -1.000000000000000000 ) ) ;
#5802 = DIRECTION ( 'NONE',  ( 0.0000000000000000000, 0.0000000000000000000, -1.000000000000000000 ) ) ;
#5803 = VERTEX_POINT ( 'NONE', #352 ) ;
#5804 = CIRCLE ( 'NONE', #6730, 1.000000000000000888 ) ;
#5805 = CARTESIAN_POINT ( 'NONE',  ( 16.00000000000000000, 0.0000000000000000000, -29.00000000000000000 ) ) ;
#5806 = DIRECTION ( 'NONE',  ( 0.0000000000000000000, 1.000000000000000000, 0.0000000000000000000 ) ) ;
#5807 = EDGE_CURVE ( 'NONE', #3928, #1502, #4276, .T. ) ;
#5808 = CARTESIAN_POINT ( 'NONE',  ( -13.54168186980593980, 44.17085293033028393, -5.281263776440502156 ) ) ;
#5809 = CARTESIAN_POINT ( 'NONE',  ( 0.0000000000000000000, 0.0000000000000000000, -53.00000000000000000 ) ) ;
#5810 = DIRECTION ( 'NONE',  ( 0.0000000000000000000, 0.0000000000000000000, 1.000000000000000000 ) ) ;
#5811 = ORIENTED_EDGE ( 'NONE', *, *, #1616, .F. ) ;
#5812 = ORIENTED_EDGE ( 'NONE', *, *, #5192, .F. ) ;
#5813 = DIRECTION ( 'NONE',  ( 1.734723475976806700E-15, 0.0000000000000000000, 1.000000000000000000 ) ) ;
#5814 = CARTESIAN_POINT ( 'NONE',  ( -15.29805563633783727, 34.62703965754568003, -12.52011567604874820 ) ) ;
#5815 = VERTEX_POINT ( 'NONE', #4254 ) ;
#5816 = VERTEX_POINT ( 'NONE', #7130 ) ;
#5817 = FACE_OUTER_BOUND ( 'NONE', #5217, .T. ) ;
#5818 = AXIS2_PLACEMENT_3D ( 'NONE', #6151, #3332, #3408 ) ;
#5819 = CARTESIAN_POINT ( 'NONE',  ( 17.00000000000000000, 1.000000000000000000, 30.00000000000000000 ) ) ;
#5820 = VERTEX_POINT ( 'NONE', #2016 ) ;
#5821 = SURFACE_SIDE_STYLE ('',( #1742 ) ) ;
#5822 = ORIENTED_EDGE ( 'NONE', *, *, #1127, .F. ) ;
#5823 = DIRECTION ( 'NONE',  ( -0.0000000000000000000, 0.0000000000000000000, 1.000000000000000000 ) ) ;
#5824 = EDGE_LOOP ( 'NONE', ( #7095, #5269, #1889, #1836 ) ) ;
#5825 = CARTESIAN_POINT ( 'NONE',  ( -16.67400771045972974, 28.64595181272950342, 3.960963360274310840 ) ) ;
#5826 = CIRCLE ( 'NONE', #143, 10.00000000000000178 ) ;
#5827 = DIRECTION ( 'NONE',  ( 0.0000000000000000000, 0.0000000000000000000, 1.000000000000000000 ) ) ;
#5828 = TOROIDAL_SURFACE ( 'NONE', #3677, 4.999999999999998224, 1.000000000000000000 ) ;
#5829 = CARTESIAN_POINT ( 'NONE',  ( -29.00000000000000000, 2.000000000000000000, 23.81534156157350068 ) ) ;
#5830 = ORIENTED_EDGE ( 'NONE', *, *, #7103, .F. ) ;
#5831 = CIRCLE ( 'NONE', #6763, 1.000000000000000888 ) ;
#5832 = DIRECTION ( 'NONE',  ( -1.000000000000000000, -0.0000000000000000000, -0.0000000000000000000 ) ) ;
#5833 = ORIENTED_EDGE ( 'NONE', *, *, #6498, .T. ) ;
#5834 = LINE ( 'NONE', #205, #4839 ) ;
#5835 = CARTESIAN_POINT ( 'NONE',  ( 13.81862330540316286, 34.36617582146948990, 12.61190109985333230 ) ) ;
#5836 = CARTESIAN_POINT ( 'NONE',  ( -19.03364504725404416, 2.521949275139189872, -23.81635118096954429 ) ) ;
#5837 = ADVANCED_FACE ( 'NONE', ( #3808 ), #875, .T. ) ;
#5838 = ORIENTED_EDGE ( 'NONE', *, *, #3657, .T. ) ;
#5839 = MANIFOLD_SOLID_BREP ( 'Cut-Extrude4', #5885 ) ;
#5840 = AXIS2_PLACEMENT_3D ( 'NONE', #1817, #4056, #3026 ) ;
#5841 = DIRECTION ( 'NONE',  ( 0.0000000000000000000, 0.0000000000000000000, 1.000000000000000000 ) ) ;
#5842 = DIRECTION ( 'NONE',  ( 0.0000000000000000000, 1.000000000000000000, 0.0000000000000000000 ) ) ;
#5843 = CARTESIAN_POINT ( 'NONE',  ( -9.000000000000001776, 0.0000000000000000000, 17.99999999999999645 ) ) ;
#5844 = CARTESIAN_POINT ( 'NONE',  ( -24.41658098275678412, 29.59675746857467615, 6.911854340960288390 ) ) ;
#5845 = CARTESIAN_POINT ( 'NONE',  ( -29.00000000000000000, 1.000000000000000000, -23.81534156157350068 ) ) ;
#5846 = ADVANCED_FACE ( 'NONE', ( #6526 ), #5935, .T. ) ;
#5847 = ORIENTED_EDGE ( 'NONE', *, *, #624, .F. ) ;
#5848 = EDGE_CURVE ( 'NONE', #4060, #4694, #4161, .T. ) ;
#5849 = ORIENTED_EDGE ( 'NONE', *, *, #1616, .T. ) ;
#5850 = DIRECTION ( 'NONE',  ( 0.3590109871423053933, 0.0000000000000000000, -0.9333333333333314608 ) ) ;
#5851 = DIRECTION ( 'NONE',  ( 0.0000000000000000000, 0.0000000000000000000, 1.000000000000000000 ) ) ;
#5852 = AXIS2_PLACEMENT_3D ( 'NONE', #5755, #2808, #3480 ) ;
#5853 = CIRCLE ( 'NONE', #6303, 17.99999999999999645 ) ;
#5854 = VERTEX_POINT ( 'NONE', #4400 ) ;
#5855 = AXIS2_PLACEMENT_3D ( 'NONE', #5353, #1981, #3635 ) ;
#5856 = AXIS2_PLACEMENT_3D ( 'NONE', #625, #2358, #1226 ) ;
#5857 = CARTESIAN_POINT ( 'NONE',  ( -16.48113011892544577, 28.16183834664268204, -14.79490872988498573 ) ) ;
#5858 = UNCERTAINTY_MEASURE_WITH_UNIT (LENGTH_MEASURE( 1.000000000000000082E-05 ), #786, 'distance_accuracy_value', 'NONE');
#5859 = TOROIDAL_SURFACE ( 'NONE', #2643, 9.000000000000001776, 1.000000000000000000 ) ;
#5860 = PLANE ( 'NONE',  #5840 ) ;
#5861 = ORIENTED_EDGE ( 'NONE', *, *, #3285, .F. ) ;
#5862 = ORIENTED_EDGE ( 'NONE', *, *, #6187, .F. ) ;
#5863 = CARTESIAN_POINT ( 'NONE',  ( 0.0000000000000000000, 20.99999999999999645, 0.0000000000000000000 ) ) ;
#5864 = VERTEX_POINT ( 'NONE', #6671 ) ;
#5865 = FACE_OUTER_BOUND ( 'NONE', #5993, .T. ) ;
#5866 = CLOSED_SHELL ( 'NONE', ( #1449, #2736, #6091, #4104, #1709, #5846, #2485, #2878, #2099, #7005, #6182, #6546, #4308, #5093, #267, #5156, #4258, #4585, #2110, #3471, #2646, #3687, #2075, #7293, #5965, #906, #7282, #2298, #3288, #6174, #4000, #6968, #678, #359, #5331, #4401, #5754, #996, #3766, #5837, #5889, #3763 ) ) ;
#5867 = DIRECTION ( 'NONE',  ( 0.0000000000000000000, 0.0000000000000000000, -1.000000000000000000 ) ) ;
#5868 = VERTEX_POINT ( 'NONE', #5944 ) ;
#5869 = DIRECTION ( 'NONE',  ( 0.0000000000000000000, 0.0000000000000000000, 1.000000000000000000 ) ) ;
#5870 = VERTEX_POINT ( 'NONE', #873 ) ;
#5871 = DIRECTION ( 'NONE',  ( -1.000000000000000000, 0.0000000000000000000, 0.0000000000000000000 ) ) ;
#5872 = DIRECTION ( 'NONE',  ( -0.0000000000000000000, 1.000000000000000000, -0.0000000000000000000 ) ) ;
#5873 = CARTESIAN_POINT ( 'NONE',  ( -15.20692007010294056, 44.71449367422462018, -4.840425221311235759 ) ) ;
#5874 = CARTESIAN_POINT ( 'NONE',  ( 16.00000000000000000, 2.000000000000000000, -29.00000000000000000 ) ) ;
#5875 = VECTOR ( 'NONE', #636, 1000.000000000000000 ) ;
#5876 = CARTESIAN_POINT ( 'NONE',  ( -11.00000000000000000, 0.0000000000000000000, 0.0000000000000000000 ) ) ;
#5877 = EDGE_CURVE ( 'NONE', #1080, #4756, #6401, .T. ) ;
#5878 = ORIENTED_EDGE ( 'NONE', *, *, #5425, .F. ) ;
#5879 = DIRECTION ( 'NONE',  ( 0.0000000000000000000, -1.000000000000000000, 0.0000000000000000000 ) ) ;
#5880 = CARTESIAN_POINT ( 'NONE',  ( -16.77917170850974315, 28.00000000000000000, -4.000000000000000000 ) ) ;
#5881 = DIRECTION ( 'NONE',  ( 1.000000000000000000, 0.0000000000000000000, 0.0000000000000000000 ) ) ;
#5882 = EDGE_CURVE ( 'NONE', #4745, #5158, #5642, .T. ) ;
#5883 = EDGE_LOOP ( 'NONE', ( #4083, #4656, #3281, #413 ) ) ;
#5884 = CARTESIAN_POINT ( 'NONE',  ( 15.31334333109023227, 46.02472049292816081, 2.229670385730950333 ) ) ;
#5885 = CLOSED_SHELL ( 'NONE', ( #3102, #5020, #5155, #4052, #5547, #136, #5137, #6403, #1036, #1407, #1484, #6967, #1896, #76, #2418, #6878, #6638, #5329, #6199, #5198, #4124, #4133, #1769, #2436, #4697, #6726, #1810, #1665, #3576, #2207, #5385, #2342, #3275, #864, #6124, #3237, #1037, #3025, #126, #820, #2437, #6368, #408, #5011, #232, #2506, #5887, #4232, #360, #5336, #4309, #391, #5337, #7230, #4878, #1710, #1623, #3733, #4345, #2186, #7069, #894, #222, #6960, #4356, #4505, #7024, #2026, #3231, #537, #2245, #2737, #477, #6729, #6095, #3014, #1271, #5247, #3064, #4966, #6085, #1328, #4507, #5682, #2606, #772, #3863, #2206, #5891, #6980, #4805, #905, #1229, #808, #5750, #6186, #2288, #1844, #3566, #2140, #4184, #2067, #2596, #3328, #5609, #4263, #4935, #1317, #3734, #2827, #4978, #4051, #1165, #971, #6133, #6417, #3803, #393, #1268, #7197, #1767, #6772, #1174, #2975, #2332, #1220, #4302, #4411, #3155, #1986, #3554, #3019, #2652, #2060, #3192, #3186, #3561, #1450, #1985, #3115, #6625, #3137, #6313, #3065, #6722, #1992, #2020, #6633, #856, #2821, #7285, #1525, #538, #5741, #5793, #4422, #5700, #4654, #190, #852 ) ) ;
#5886 = EDGE_CURVE ( 'NONE', #5052, #3575, #2257, .T. ) ;
#5887 = ADVANCED_FACE ( 'NONE', ( #5677 ), #535, .F. ) ;
#5888 = ORIENTED_EDGE ( 'NONE', *, *, #5426, .T. ) ;
#5889 = ADVANCED_FACE ( 'NONE', ( #2743 ), #6624, .T. ) ;
#5890 = DIRECTION ( 'NONE',  ( 0.0000000000000000000, 0.0000000000000000000, 1.000000000000000000 ) ) ;
#5891 = ADVANCED_FACE ( 'NONE', ( #603 ), #3199, .T. ) ;
#5892 = CARTESIAN_POINT ( 'NONE',  ( -17.00000000000000000, 2.000000000000000000, 33.50000000000000000 ) ) ;
#5893 =( NAMED_UNIT ( * ) PLANE_ANGLE_UNIT ( ) SI_UNIT ( $, .RADIAN. ) );
#5894 = ORIENTED_EDGE ( 'NONE', *, *, #6279, .T. ) ;
#5895 = CARTESIAN_POINT ( 'NONE',  ( 5.510910596163088569E-16, -45.00000000000000000, 4.000000000000000000 ) ) ;
#5896 = ORIENTED_EDGE ( 'NONE', *, *, #7148, .T. ) ;
#5897 = CARTESIAN_POINT ( 'NONE',  ( 2.000000000000000888, 2.143131898507867065E-15, -16.99999999999999289 ) ) ;
#5898 = CYLINDRICAL_SURFACE ( 'NONE', #1925, 4.000000000000000000 ) ;
#5899 = ORIENTED_EDGE ( 'NONE', *, *, #574, .T. ) ;
#5900 = EDGE_LOOP ( 'NONE', ( #849, #5566, #6541, #493 ) ) ;
#5901 = CARTESIAN_POINT ( 'NONE',  ( -4.904494964349428443, -40.26213069425175917, -0.9739399823396581724 ) ) ;
#5902 = VERTEX_POINT ( 'NONE', #5119 ) ;
#5903 = DIRECTION ( 'NONE',  ( 0.0000000000000000000, 1.000000000000000000, 0.0000000000000000000 ) ) ;
#5904 = DIRECTION ( 'NONE',  ( 0.0000000000000000000, 1.000000000000000000, 0.0000000000000000000 ) ) ;
#5905 = CIRCLE ( 'NONE', #5313, 3.500000000000003109 ) ;
#5906 = LINE ( 'NONE', #1904, #5170 ) ;
#5907 = ORIENTED_EDGE ( 'NONE', *, *, #1706, .T. ) ;
#5908 = CARTESIAN_POINT ( 'NONE',  ( -8.657630719096996330, 0.0000000000000000000, -31.15290796623613545 ) ) ;
#5909 = CARTESIAN_POINT ( 'NONE',  ( -17.20568974646307936, 26.08788231022105464, -3.524712133211264309 ) ) ;
#5910 = CARTESIAN_POINT ( 'NONE',  ( 11.97331907960222530, 0.0000000000000000000, -31.78593654904997834 ) ) ;
#5911 = VECTOR ( 'NONE', #5653, 1000.000000000000000 ) ;
#5912 = ORIENTED_EDGE ( 'NONE', *, *, #6369, .T. ) ;
#5913 = EDGE_CURVE ( 'NONE', #1231, #7233, #5826, .T. ) ;
#5914 = DIRECTION ( 'NONE',  ( 0.0000000000000000000, 0.0000000000000000000, 1.000000000000000000 ) ) ;
#5915 = CARTESIAN_POINT ( 'NONE',  ( 13.54168186980592914, 44.17085293033028393, 5.281263776440504820 ) ) ;
#5916 = VERTEX_POINT ( 'NONE', #2191 ) ;
#5917 = EDGE_CURVE ( 'NONE', #4688, #7031, #15, .T. ) ;
#5918 = ADVANCED_FACE ( 'NONE', ( #4444 ), #5603, .T. ) ;
#5919 = CARTESIAN_POINT ( 'NONE',  ( 18.51411274795453465, 2.566258000257236382, -23.80076107398359042 ) ) ;
#5920 = CARTESIAN_POINT ( 'NONE',  ( -12.66758421158958114, 2.000000000000000000, 32.78593654904997834 ) ) ;
#5921 =( NAMED_UNIT ( * ) PLANE_ANGLE_UNIT ( ) SI_UNIT ( $, .RADIAN. ) );
#5922 = ORIENTED_EDGE ( 'NONE', *, *, #2, .T. ) ;
#5923 = DIRECTION ( 'NONE',  ( 1.000000000000000000, 0.0000000000000000000, 0.0000000000000000000 ) ) ;
#5924 = EDGE_LOOP ( 'NONE', ( #6991, #2714, #2041, #4305 ) ) ;
#5925 = EDGE_CURVE ( 'NONE', #3684, #1231, #2027, .T. ) ;
#5926 = EDGE_CURVE ( 'NONE', #2313, #5140, #496, .T. ) ;
#5927 = EDGE_CURVE ( 'NONE', #365, #2818, #5458, .T. ) ;
#5928 = CARTESIAN_POINT ( 'NONE',  ( -17.90601847545810088, 31.32092908250001884, -2.229670385730952109 ) ) ;
#5929 = TOROIDAL_SURFACE ( 'NONE', #6876, 9.000000000000001776, 1.000000000000000000 ) ;
#5930 = CARTESIAN_POINT ( 'NONE',  ( -18.00362956230285505, 1.999999999998984812, 24.07365952879440840 ) ) ;
#5931 = VERTEX_POINT ( 'NONE', #4594 ) ;
#5932 = DIRECTION ( 'NONE',  ( 0.0000000000000000000, 0.0000000000000000000, 1.000000000000000000 ) ) ;
#5933 = VERTEX_POINT ( 'NONE', #1638 ) ;
#5934 =( NAMED_UNIT ( * ) PLANE_ANGLE_UNIT ( ) SI_UNIT ( $, .RADIAN. ) );
#5935 = TOROIDAL_SURFACE ( 'NONE', #1337, 22.99501243788790816, 1.000000000000000000 ) ;
#5936 = CARTESIAN_POINT ( 'NONE',  ( -9.999999999999998224, 0.0000000000000000000, 0.0000000000000000000 ) ) ;
#5937 = CARTESIAN_POINT ( 'NONE',  ( 17.96489250603481480, 30.92287463315611618, 2.750219629865094717 ) ) ;
#5938 = DIRECTION ( 'NONE',  ( 0.0000000000000000000, 0.0000000000000000000, -1.000000000000000000 ) ) ;
#5939 = VERTEX_POINT ( 'NONE', #3883 ) ;
#5940 = AXIS2_PLACEMENT_3D ( 'NONE', #3046, #1908, #6383 ) ;
#5941 = DIRECTION ( 'NONE',  ( 1.000000000000000000, 0.0000000000000000000, 0.0000000000000000000 ) ) ;
#5942 = CARTESIAN_POINT ( 'NONE',  ( 16.77917170850973960, 28.00000000000000355, -4.000000000000001776 ) ) ;
#5943 = ORIENTED_EDGE ( 'NONE', *, *, #3008, .F. ) ;
#5944 = CARTESIAN_POINT ( 'NONE',  ( 12.66758421158957404, 0.0000000000000000000, -31.78593654904997834 ) ) ;
#5945 = CARTESIAN_POINT ( 'NONE',  ( 0.0000000000000000000, 18.00000000000000000, -3.999999999999999112 ) ) ;
#5946 = AXIS2_PLACEMENT_3D ( 'NONE', #2221, #4477, #6743 ) ;
#5947 = ORIENTED_EDGE ( 'NONE', *, *, #4640, .T. ) ;
#5948 = DIRECTION ( 'NONE',  ( -0.0000000000000000000, -1.000000000000000000, -0.0000000000000000000 ) ) ;
#5949 = CARTESIAN_POINT ( 'NONE',  ( -17.90601847545810088, 31.32092908250001884, 2.229670385730950333 ) ) ;
#5950 = VECTOR ( 'NONE', #4035, 1000.000000000000000 ) ;
#5951 = ORIENTED_EDGE ( 'NONE', *, *, #3512, .T. ) ;
#5952 = AXIS2_PLACEMENT_3D ( 'NONE', #1984, #5245, #5321 ) ;
#5953 = CARTESIAN_POINT ( 'NONE',  ( 18.52925534077189695, 2.000000000002724487, 24.04325317130219020 ) ) ;
#5954 = CIRCLE ( 'NONE', #5257, 1.000000000000000888 ) ;
#5955 = EDGE_CURVE ( 'NONE', #2362, #3558, #1754, .T. ) ;
#5956 = DIRECTION ( 'NONE',  ( 0.0000000000000000000, 1.000000000000000000, 0.0000000000000000000 ) ) ;
#5957 = ORIENTED_EDGE ( 'NONE', *, *, #1219, .F. ) ;
#5958 = DIRECTION ( 'NONE',  ( -0.0000000000000000000, -1.000000000000000000, -0.0000000000000000000 ) ) ;
#5959 = AXIS2_PLACEMENT_3D ( 'NONE', #7217, #5030, #474 ) ;
#5960 = ORIENTED_EDGE ( 'NONE', *, *, #1696, .F. ) ;
#5961 = CARTESIAN_POINT ( 'NONE',  ( -18.08932481513022594, 29.73268843213941892, -3.608920784882452271 ) ) ;
#5962 = EDGE_CURVE ( 'NONE', #3498, #6288, #7292, .T. ) ;
#5963 = VECTOR ( 'NONE', #1437, 1000.000000000000227 ) ;
#5964 = CIRCLE ( 'NONE', #2873, 10.00000000000000178 ) ;
#5965 = ADVANCED_FACE ( 'NONE', ( #6264, #3918 ), #5162, .F. ) ;
#5966 = ORIENTED_EDGE ( 'NONE', *, *, #635, .F. ) ;
#5967 = CYLINDRICAL_SURFACE ( 'NONE', #4538, 8.499999999999998224 ) ;
#5968 = ORIENTED_EDGE ( 'NONE', *, *, #2868, .T. ) ;
#5969 = CARTESIAN_POINT ( 'NONE',  ( 18.33333333333332149, 12.85621757296392609, -20.18021974284602749 ) ) ;
#5970 = FACE_OUTER_BOUND ( 'NONE', #5333, .T. ) ;
#5971 = AXIS2_PLACEMENT_3D ( 'NONE', #3475, #1192, #4702 ) ;
#5972 = FACE_OUTER_BOUND ( 'NONE', #7059, .T. ) ;
#5973 = DIRECTION ( 'NONE',  ( 0.0000000000000000000, 1.000000000000000000, 0.0000000000000000000 ) ) ;
#5974 =( NAMED_UNIT ( * ) SI_UNIT ( $, .STERADIAN. ) SOLID_ANGLE_UNIT ( ) );
#5975 = EDGE_CURVE ( 'NONE', #5444, #5158, #1088, .T. ) ;
#5976 = DIRECTION ( 'NONE',  ( 0.0000000000000000000, 0.0000000000000000000, 1.000000000000000000 ) ) ;
#5977 = ORIENTED_EDGE ( 'NONE', *, *, #4741, .F. ) ;
#5978 = CARTESIAN_POINT ( 'NONE',  ( 16.77917170850973960, 28.00000000000000355, 4.000000000000000000 ) ) ;
#5979 = LINE ( 'NONE', #6424, #2345 ) ;
#5980 = ORIENTED_EDGE ( 'NONE', *, *, #6369, .F. ) ;
#5981 = DIRECTION ( 'NONE',  ( 0.1736481776669309696, -0.9848077530122080203, 0.0000000000000000000 ) ) ;
#5982 = LINE ( 'NONE', #6637, #6916 ) ;
#5983 = MECHANICAL_DESIGN_GEOMETRIC_PRESENTATION_REPRESENTATION (  '', ( #5292 ), #6687 ) ;
#5984 = ORIENTED_EDGE ( 'NONE', *, *, #4456, .F. ) ;
#5985 = CARTESIAN_POINT ( 'NONE',  ( -16.00000000000000000, 0.0000000000000000000, 31.50000000000000000 ) ) ;
#5986 = DIRECTION ( 'NONE',  ( -0.0000000000000000000, -1.000000000000000000, -0.0000000000000000000 ) ) ;
#5987 =( NAMED_UNIT ( * ) PLANE_ANGLE_UNIT ( ) SI_UNIT ( $, .RADIAN. ) );
#5988 = ORIENTED_EDGE ( 'NONE', *, *, #3772, .F. ) ;
#5989 = EDGE_LOOP ( 'NONE', ( #6016, #5738, #2302, #5175 ) ) ;
#5990 = DIRECTION ( 'NONE',  ( 0.0000000000000000000, 0.0000000000000000000, 1.000000000000000000 ) ) ;
#5991 = EDGE_CURVE ( 'NONE', #2598, #5179, #6826, .T. ) ;
#5992 = CYLINDRICAL_SURFACE ( 'NONE', #4380, 3.500000000000003109 ) ;
#5993 = EDGE_LOOP ( 'NONE', ( #2176, #545, #2103, #6683, #5187, #6809, #1866, #6923 ) ) ;
#5994 = CARTESIAN_POINT ( 'NONE',  ( 16.70859611817241230, 24.91617968814868789, 12.49492444466807584 ) ) ;
#5995 = ORIENTED_EDGE ( 'NONE', *, *, #1483, .F. ) ;
#5996 = DIRECTION ( 'NONE',  ( 1.000000000000000000, 0.0000000000000000000, 0.0000000000000000000 ) ) ;
#5997 = CARTESIAN_POINT ( 'NONE',  ( -18.98533287048767448, 25.11536834380910221, 2.771082858396940463 ) ) ;
#5998 = CARTESIAN_POINT ( 'NONE',  ( -16.98412109447316709, 24.64780994033622363, -5.281263776440502156 ) ) ;
#5999 = DIRECTION ( 'NONE',  ( 1.000000000000000000, -0.0000000000000000000, 1.224646799147353207E-16 ) ) ;
#6000 =( NAMED_UNIT ( * ) PLANE_ANGLE_UNIT ( ) SI_UNIT ( $, .RADIAN. ) );
#6001 = EDGE_CURVE ( 'NONE', #1509, #2397, #4713, .T. ) ;
#6002 = EDGE_CURVE ( 'NONE', #6593, #2510, #369, .T. ) ;
#6003 = SHAPE_REPRESENTATION ( 'Wheel clamp', ( #3712 ), #2173 ) ;
#6004 = CARTESIAN_POINT ( 'NONE',  ( 19.00393604806291492, 2.186979448668730619, -24.10616948198138232 ) ) ;
#6005 = EDGE_LOOP ( 'NONE', ( #3274, #73, #7138, #4231 ) ) ;
#6006 = DIRECTION ( 'NONE',  ( 0.0000000000000000000, 0.0000000000000000000, 1.000000000000000000 ) ) ;
#6007 = CARTESIAN_POINT ( 'NONE',  ( 5.000013076227165065, -38.99993461885643597, -0.1315454013630152630 ) ) ;
#6008 = CARTESIAN_POINT ( 'NONE',  ( -8.673617379884035472E-16, 0.0000000000000000000, 0.0000000000000000000 ) ) ;
#6009 = CARTESIAN_POINT ( 'NONE',  ( -13.09479624129466835, 40.22007848054169443, 9.364456721345584711 ) ) ;
#6010 = ORIENTED_EDGE ( 'NONE', *, *, #4321, .T. ) ;
#6011 = TOROIDAL_SURFACE ( 'NONE', #6599, 9.000000000000001776, 1.000000000000000000 ) ;
#6012 = EDGE_CURVE ( 'NONE', #5931, #1735, #4145, .T. ) ;
#6013 = CARTESIAN_POINT ( 'NONE',  ( 17.49999999999999645, 2.000000000000000000, 2.229670385730948556 ) ) ;
#6014 = CARTESIAN_POINT ( 'NONE',  ( 16.00000000000000000, 0.0000000000000000000, -26.50000000000000355 ) ) ;
#6015 = TOROIDAL_SURFACE ( 'NONE', #936, 21.00000000000001421, 1.000000000000000000 ) ;
#6016 = ORIENTED_EDGE ( 'NONE', *, *, #2528, .F. ) ;
#6017 = AXIS2_PLACEMENT_3D ( 'NONE', #1106, #5575, #2125 ) ;
#6018 = LINE ( 'NONE', #6163, #4566 ) ;
#6019 = CARTESIAN_POINT ( 'NONE',  ( 7.347880794884118750E-16, 19.99999999999999645, 5.999999999999999112 ) ) ;
#6020 = CARTESIAN_POINT ( 'NONE',  ( -18.33333333333332504, 25.05832577568395081, -5.819780257153954750 ) ) ;
#6021 = DIRECTION ( 'NONE',  ( 0.0000000000000000000, 0.0000000000000000000, 1.000000000000000000 ) ) ;
#6022 =( LENGTH_UNIT ( ) NAMED_UNIT ( * ) SI_UNIT ( .MILLI., .METRE. ) );
#6023 = EDGE_LOOP ( 'NONE', ( #5811, #4243, #3127, #5226 ) ) ;
#6024 = EDGE_LOOP ( 'NONE', ( #2480, #6262, #217, #630 ) ) ;
#6025 = CARTESIAN_POINT ( 'NONE',  ( -16.34354431137108676, 15.68348285652095697, 19.18544121715003214 ) ) ;
#6026 = EDGE_LOOP ( 'NONE', ( #1621, #5304, #6132, #6387, #6658, #2377, #4655, #927, #6307, #1922, #5097, #6533, #4992, #1296, #7105, #919, #2773, #2572, #5069, #599, #4171, #3969, #2992, #2898, #6602, #3711, #4815, #2996, #1591, #6550, #5722, #3736, #6427, #3407, #2861, #1408, #871, #1813, #4929, #3921, #373, #4328, #4921, #2746, #1999, #5761, #2566 ) ) ;
#6027 = DIRECTION ( 'NONE',  ( -1.224646799147353454E-16, 0.0000000000000000000, -1.000000000000000000 ) ) ;
#6028 = ORIENTED_EDGE ( 'NONE', *, *, #5659, .F. ) ;
#6029 = DIRECTION ( 'NONE',  ( 1.000000000000000000, 0.0000000000000000000, 0.0000000000000000000 ) ) ;
#6030 = FACE_OUTER_BOUND ( 'NONE', #5779, .T. ) ;
#6031 = CARTESIAN_POINT ( 'NONE',  ( -17.00000000000000000, 1.000000000000000000, -33.50000000000000000 ) ) ;
#6032 = AXIS2_PLACEMENT_3D ( 'NONE', #2370, #90, #5869 ) ;
#6033 = CARTESIAN_POINT ( 'NONE',  ( 19.02483324674637188, 2.012588477335152337, 24.52520381820425399 ) ) ;
#6034 = CARTESIAN_POINT ( 'NONE',  ( -17.49999999999999645, 2.000000000000000000, 23.77032961426903412 ) ) ;
#6035 = CIRCLE ( 'NONE', #740, 5.999999999999998224 ) ;
#6036 = ORIENTED_EDGE ( 'NONE', *, *, #171, .F. ) ;
#6037 = CARTESIAN_POINT ( 'NONE',  ( 17.44689745138845183, 25.17401055579642133, 2.845502732385345013 ) ) ;
#6038 = CARTESIAN_POINT ( 'NONE',  ( 9.171312920576319527, 23.27020106417857193, -2.229670385730950333 ) ) ;
#6039 = EDGE_CURVE ( 'NONE', #2867, #6692, #7231, .T. ) ;
#6040 = DIRECTION ( 'NONE',  ( -1.000000000000000000, -0.0000000000000000000, -0.0000000000000000000 ) ) ;
#6041 = AXIS2_PLACEMENT_3D ( 'NONE', #7304, #1703, #3286 ) ;
#6042 = ORIENTED_EDGE ( 'NONE', *, *, #4414, .F. ) ;
#6043 = FACE_OUTER_BOUND ( 'NONE', #3714, .T. ) ;
#6044 = CARTESIAN_POINT ( 'NONE',  ( 3.000000000000000888, 0.0000000000000000000, 0.0000000000000000000 ) ) ;
#6045 = VECTOR ( 'NONE', #1194, 1000.000000000000000 ) ;
#6046 = EDGE_CURVE ( 'NONE', #2136, #2304, #4749, .T. ) ;
#6047 = EDGE_CURVE ( 'NONE', #2310, #3070, #2931, .T. ) ;
#6048 = VECTOR ( 'NONE', #2915, 1000.000000000000000 ) ;
#6049 = EDGE_LOOP ( 'NONE', ( #130, #1911, #140, #6291, #5183, #6952, #1801, #2004, #861, #2551, #4461, #6844 ) ) ;
#6050 = DIRECTION ( 'NONE',  ( -1.000000000000000000, 0.0000000000000000000, 0.0000000000000000000 ) ) ;
#6051 = FACE_OUTER_BOUND ( 'NONE', #2539, .T. ) ;
#6052 = CARTESIAN_POINT ( 'NONE',  ( -12.66758421158958114, 1.000000000000000000, 31.78593654904997834 ) ) ;
#6053 = FACE_OUTER_BOUND ( 'NONE', #3659, .T. ) ;
#6054 = VECTOR ( 'NONE', #4208, 1000.000000000000000 ) ;
#6055 =( NAMED_UNIT ( * ) PLANE_ANGLE_UNIT ( ) SI_UNIT ( $, .RADIAN. ) );
#6056 = ORIENTED_EDGE ( 'NONE', *, *, #6461, .T. ) ;
#6057 = VERTEX_POINT ( 'NONE', #1937 ) ;
#6058 = TOROIDAL_SURFACE ( 'NONE', #6177, 9.000000000000001776, 1.000000000000000000 ) ;
#6059 = AXIS2_PLACEMENT_3D ( 'NONE', #1208, #1760, #3993 ) ;
#6060 = CARTESIAN_POINT ( 'NONE',  ( -18.99999999999999289, 6.151249469822135829, -22.53937518654406347 ) ) ;
#6061 = CARTESIAN_POINT ( 'NONE',  ( -12.66758421158958114, 2.000000000000000000, -42.78593654904998544 ) ) ;
#6062 = AXIS2_PLACEMENT_3D ( 'NONE', #7092, #869, #6987 ) ;
#6063 = DIRECTION ( 'NONE',  ( -0.0000000000000000000, 1.000000000000000000, -0.0000000000000000000 ) ) ;
#6064 = ORIENTED_EDGE ( 'NONE', *, *, #6741, .T. ) ;
#6065 = DIRECTION ( 'NONE',  ( -0.0000000000000000000, -1.000000000000000000, -0.0000000000000000000 ) ) ;
#6066 = ORIENTED_EDGE ( 'NONE', *, *, #4087, .T. ) ;
#6067 = FACE_BOUND ( 'NONE', #857, .T. ) ;
#6068 = DIRECTION ( 'NONE',  ( 0.0000000000000000000, 0.0000000000000000000, 1.000000000000000000 ) ) ;
#6069 = LINE ( 'NONE', #2624, #3587 ) ;
#6070 = CIRCLE ( 'NONE', #882, 4.999999999999999112 ) ;
#6071 = CARTESIAN_POINT ( 'NONE',  ( 19.00971953386950375, 2.099855223622962175, 24.26300023080105106 ) ) ;
#6072 = AXIS2_PLACEMENT_3D ( 'NONE', #1144, #2238, #3389 ) ;
#6073 = FACE_OUTER_BOUND ( 'NONE', #6205, .T. ) ;
#6074 = EDGE_LOOP ( 'NONE', ( #2443, #4571, #1849, #839 ) ) ;
#6075 = CARTESIAN_POINT ( 'NONE',  ( 17.00000000000000000, 2.000000000000000000, -33.50000000000000000 ) ) ;
#6076 = CARTESIAN_POINT ( 'NONE',  ( 15.00138125790372534, 43.95476500490527627, -5.819780257153954750 ) ) ;
#6077 = SURFACE_SIDE_STYLE ('',( #2633 ) ) ;
#6078 =( NAMED_UNIT ( * ) SI_UNIT ( $, .STERADIAN. ) SOLID_ANGLE_UNIT ( ) );
#6079 = VERTEX_POINT ( 'NONE', #4182 ) ;
#6080 = LINE ( 'NONE', #5610, #2297 ) ;
#6081 = EDGE_CURVE ( 'NONE', #4574, #1008, #1868, .T. ) ;
#6082 = CARTESIAN_POINT ( 'NONE',  ( -17.21450399055210667, 24.96044089177042835, 15.92132635289558706 ) ) ;
#6083 = PRODUCT_DEFINITION_FORMATION_WITH_SPECIFIED_SOURCE ( 'ANY', '', #3216, .NOT_KNOWN. ) ;
#6084 = CARTESIAN_POINT ( 'NONE',  ( -19.00000000000000000, 2.549466938062150856, 23.81534156157350779 ) ) ;
#6085 = ADVANCED_FACE ( 'NONE', ( #1248 ), #2379, .T. ) ;
#6086 = ORIENTED_EDGE ( 'NONE', *, *, #4134, .F. ) ;
#6087 = CARTESIAN_POINT ( 'NONE',  ( -14.88294699048020320, 45.01573683865876063, -4.307734093177528756 ) ) ;
#6088 = DIRECTION ( 'NONE',  ( 0.0000000000000000000, 0.0000000000000000000, 1.000000000000000000 ) ) ;
#6089 = CARTESIAN_POINT ( 'NONE',  ( 4.898979485566355763, -40.00000000000000000, -1.000000000000000444 ) ) ;
#6090 = EDGE_CURVE ( 'NONE', #2274, #2474, #6035, .T. ) ;
#6091 = ADVANCED_FACE ( 'NONE', ( #829 ), #5228, .T. ) ;
#6092 = AXIS2_PLACEMENT_3D ( 'NONE', #4587, #5152, #3626 ) ;
#6093 = AXIS2_PLACEMENT_3D ( 'NONE', #6880, #5136, #2319 ) ;
#6094 = DIRECTION ( 'NONE',  ( 0.0000000000000000000, 0.04265340104529374843, 0.9990899295755459875 ) ) ;
#6095 = ADVANCED_FACE ( 'NONE', ( #6900 ), #5199, .F. ) ;
#6096 = ORIENTED_EDGE ( 'NONE', *, *, #178, .T. ) ;
#6097 = ORIENTED_EDGE ( 'NONE', *, *, #6421, .F. ) ;
#6098 = CARTESIAN_POINT ( 'NONE',  ( 8.289220901263080421, 1.000000000000000000, -32.08257145703460367 ) ) ;
#6099 = EDGE_CURVE ( 'NONE', #2858, #5731, #1209, .T. ) ;
#6100 = CARTESIAN_POINT ( 'NONE',  ( 14.81627257800945685, 43.34381079747007703, -6.569511382339602079 ) ) ;
#6101 = CIRCLE ( 'NONE', #7180, 10.00000000000000000 ) ;
#6102 = LINE ( 'NONE', #4467, #4880 ) ;
#6103 = EDGE_LOOP ( 'NONE', ( #4114, #649, #383, #5544 ) ) ;
#6104 = CARTESIAN_POINT ( 'NONE',  ( 11.00000000000000000, 0.0000000000000000000, 2.500000000000000000 ) ) ;
#6105 = ORIENTED_EDGE ( 'NONE', *, *, #5425, .T. ) ;
#6106 = CARTESIAN_POINT ( 'NONE',  ( -17.50000000000000000, 24.67907091749998827, -2.229670385730951221 ) ) ;
#6107 = CARTESIAN_POINT ( 'NONE',  ( 14.75418502277195998, 45.00151949514869898, -4.302501001580006701 ) ) ;
#6108 = CARTESIAN_POINT ( 'NONE',  ( 8.999999999999998224, 2.000000000000000000, -23.77032961426903768 ) ) ;
#6109 = CARTESIAN_POINT ( 'NONE',  ( 13.74026056903632487, 44.88921036392232367, 4.261290993643019220 ) ) ;
#6110 = CARTESIAN_POINT ( 'NONE',  ( -16.00000000000000000, 2.000000000000000000, 26.50000000000000355 ) ) ;
#6111 = CARTESIAN_POINT ( 'NONE',  ( 11.00000000000000000, 3.061616997868383141E-16, -2.500000000000000000 ) ) ;
#6112 = EDGE_LOOP ( 'NONE', ( #2939, #1700, #5878, #3069 ) ) ;
#6113 = CARTESIAN_POINT ( 'NONE',  ( 13.74026056903632487, 44.88921036392232367, 4.261290993643019220 ) ) ;
#6114 = CARTESIAN_POINT ( 'NONE',  ( 15.20692007010294411, 44.71449367422463439, -4.840425221311225101 ) ) ;
#6115 = DIRECTION ( 'NONE',  ( 1.000000000000000000, 0.0000000000000000000, 0.0000000000000000000 ) ) ;
#6116 = EDGE_LOOP ( 'NONE', ( #5752, #6064 ) ) ;
#6117 = CARTESIAN_POINT ( 'NONE',  ( -18.00000000000000000, 1.000000000000000000, -4.282202112918619186 ) ) ;
#6118 = VECTOR ( 'NONE', #687, 1000.000000000000227 ) ;
#6119 = FACE_OUTER_BOUND ( 'NONE', #5674, .T. ) ;
#6121 = B_SPLINE_CURVE_WITH_KNOTS ( 'NONE', 3,
 ( #2296, #2182, #4550, #4437, #7227, #5557, #3326, #1601 ),
 .UNSPECIFIED., .F., .F.,
 ( 4, 2, 2, 4 ),
 ( 8.673617379884035472E-19, 0.002244228890609990291, 0.003366343335914985004, 0.004488457781219980583 ),
 .UNSPECIFIED. ) ;
#6120 = CARTESIAN_POINT ( 'NONE',  ( -17.97834867060904429, 2.000000000000000000, -24.70758444354991923 ) ) ;
#6122 = CARTESIAN_POINT ( 'NONE',  ( -9.881378385679143506, 1.000000000000000000, -32.78593654904997834 ) ) ;
#6123 = ORIENTED_EDGE ( 'NONE', *, *, #1799, .F. ) ;
#6124 = ADVANCED_FACE ( 'NONE', ( #5282 ), #1286, .T. ) ;
#6125 = VECTOR ( 'NONE', #6812, 1000.000000000000000 ) ;
#6126 = DIRECTION ( 'NONE',  ( 0.0000000000000000000, 0.0000000000000000000, 1.000000000000000000 ) ) ;
#6127 = CARTESIAN_POINT ( 'NONE',  ( 4.898979485566356651, -40.00000000000000000, 1.000000000000000444 ) ) ;
#6128 = DIRECTION ( 'NONE',  ( 0.0000000000000000000, 0.0000000000000000000, 1.000000000000000000 ) ) ;
#6129 = CIRCLE ( 'NONE', #818, 10.00000000000000178 ) ;
#6130 = DIRECTION ( 'NONE',  ( 0.0000000000000000000, 0.0000000000000000000, 1.000000000000000000 ) ) ;
#6131 = ORIENTED_EDGE ( 'NONE', *, *, #1219, .T. ) ;
#6132 = ORIENTED_EDGE ( 'NONE', *, *, #5463, .T. ) ;
#6133 = ADVANCED_FACE ( 'NONE', ( #6979 ), #4675, .T. ) ;
#6134 = EDGE_CURVE ( 'NONE', #1176, #3361, #846, .T. ) ;
#6135 = CIRCLE ( 'NONE', #5794, 10.00000000000000178 ) ;
#6136 = CARTESIAN_POINT ( 'NONE',  ( 3.000000000000000888, 8.572527594031471218E-16, -6.999999999999998224 ) ) ;
#6137 = CARTESIAN_POINT ( 'NONE',  ( 18.00000000000000000, 0.0000000000000000000, -23.77032961426903057 ) ) ;
#6138 = CARTESIAN_POINT ( 'NONE',  ( 17.00000000000000000, 1.000000000000000000, 33.50000000000000000 ) ) ;
#6139 = ORIENTED_EDGE ( 'NONE', *, *, #5237, .F. ) ;
#6140 = CARTESIAN_POINT ( 'NONE',  ( 13.65236570512185743, 35.34487193163524665, -12.26754506109130993 ) ) ;
#6141 = VERTEX_POINT ( 'NONE', #1520 ) ;
#6142 = DIRECTION ( 'NONE',  ( 0.0000000000000000000, 0.0000000000000000000, -1.000000000000000000 ) ) ;
#6143 = EDGE_CURVE ( 'NONE', #1730, #1640, #2723, .T. ) ;
#6144 = DIRECTION ( 'NONE',  ( 0.9829747306675966634, -0.1733249663713345157, -0.06098471038991398058 ) ) ;
#6145 = EDGE_CURVE ( 'NONE', #5820, #3906, #5446, .T. ) ;
#6146 = PLANE ( 'NONE',  #5852 ) ;
#6147 = CYLINDRICAL_SURFACE ( 'NONE', #198, 2.499999999999998668 ) ;
#6148 = CARTESIAN_POINT ( 'NONE',  ( 19.00000000000000000, 2.549466938062150856, 23.81534156157350779 ) ) ;
#6149 = CARTESIAN_POINT ( 'NONE',  ( 15.45665680307812018, 45.07861778838110922, 4.331047301340483102 ) ) ;
#6150 = ORIENTED_EDGE ( 'NONE', *, *, #780, .T. ) ;
#6151 = CARTESIAN_POINT ( 'NONE',  ( 17.00000000000000000, 2.000000000000000000, -30.00000000000000000 ) ) ;
#6152 = CARTESIAN_POINT ( 'NONE',  ( 15.25901242313525508, 45.05693803994560653, -4.323015725994030944 ) ) ;
#6153 = CARTESIAN_POINT ( 'NONE',  ( 9.000000000000001776, 0.0000000000000000000, 0.0000000000000000000 ) ) ;
#6154 = CARTESIAN_POINT ( 'NONE',  ( 18.77925883114396655, 25.94882088869470138, -3.444490593034435388 ) ) ;
#6155 = ORIENTED_EDGE ( 'NONE', *, *, #5472, .T. ) ;
#6156 = CARTESIAN_POINT ( 'NONE',  ( -6.123233995736765296E-16, -19.99999999999999645, -4.999999999999999112 ) ) ;
#6157 = AXIS2_PLACEMENT_3D ( 'NONE', #2813, #2706, #4971 ) ;
#6158 = CARTESIAN_POINT ( 'NONE',  ( 15.70581416027142652, 24.82844763484402151, 15.96776842477710190 ) ) ;
#6159 = DIRECTION ( 'NONE',  ( 0.0000000000000000000, 1.000000000000000000, 0.0000000000000000000 ) ) ;
#6160 = CARTESIAN_POINT ( 'NONE',  ( -13.69331014310443706, 44.66133312578840986, 4.609891926147808405 ) ) ;
#6161 = AXIS2_PLACEMENT_3D ( 'NONE', #1012, #1456, #2559 ) ;
#6162 = ORIENTED_EDGE ( 'NONE', *, *, #3375, .F. ) ;
#6163 = CARTESIAN_POINT ( 'NONE',  ( 14.88137838567914173, 2.000000000000000000, 32.78593654904997834 ) ) ;
#6164 = CARTESIAN_POINT ( 'NONE',  ( 4.994532610357011571, -40.97353091121477320, -0.2630521364365222547 ) ) ;
#6165 = CARTESIAN_POINT ( 'NONE',  ( 19.00000000000000000, 2.000000000000000000, 2.229670385730950333 ) ) ;
#6166 = AXIS2_PLACEMENT_3D ( 'NONE', #653, #2421, #6422 ) ;
#6167 = CIRCLE ( 'NONE', #1679, 5.999999999999998224 ) ;
#6168 = PRODUCT_CONTEXT ( 'NONE', #4692, 'mechanical' ) ;
#6169 = ORIENTED_EDGE ( 'NONE', *, *, #4465, .F. ) ;
#6170 = ORIENTED_EDGE ( 'NONE', *, *, #1526, .F. ) ;
#6171 = AXIS2_PLACEMENT_3D ( 'NONE', #7007, #681, #3555 ) ;
#6172 = DIRECTION ( 'NONE',  ( 0.0000000000000000000, 0.0000000000000000000, -1.000000000000000000 ) ) ;
#6173 = CARTESIAN_POINT ( 'NONE',  ( 14.60089158210065108, 40.54900042565690654, 9.242258125134050317 ) ) ;
#6174 = ADVANCED_FACE ( 'NONE', ( #2698 ), #7120, .T. ) ;
#6175 = FACE_OUTER_BOUND ( 'NONE', #3219, .T. ) ;
#6176 = EDGE_LOOP ( 'NONE', ( #912, #4279, #5131, #6208, #4014 ) ) ;
#6177 = AXIS2_PLACEMENT_3D ( 'NONE', #2754, #22, #6834 ) ;
#6178 = CARTESIAN_POINT ( 'NONE',  ( 19.00000000000000000, 2.549466938062150856, 23.81534156157350779 ) ) ;
#6179 = ORIENTED_EDGE ( 'NONE', *, *, #7061, .T. ) ;
#6180 = DIRECTION ( 'NONE',  ( 0.1736481776669309418, 0.9848077530122079093, 0.0000000000000000000 ) ) ;
#6181 = CARTESIAN_POINT ( 'NONE',  ( 17.90601847545810088, 31.32092908250001884, 2.229670385730950333 ) ) ;
#6182 = ADVANCED_FACE ( 'NONE', ( #6030 ), #6516, .T. ) ;
#6183 = CYLINDRICAL_SURFACE ( 'NONE', #6332, 2.500000000000000000 ) ;
#6184 = AXIS2_PLACEMENT_3D ( 'NONE', #4108, #3005, #211 ) ;
#6185 =( BOUNDED_CURVE ( )  B_SPLINE_CURVE ( 3, ( #6340, #5118, #2372, #4025 ),
 .UNSPECIFIED., .F., .F. ) 
 B_SPLINE_CURVE_WITH_KNOTS ( ( 4, 4 ),
 ( 4.858979745442493225, 5.079597000942527529 ),
 .UNSPECIFIED. ) 
 CURVE ( )  GEOMETRIC_REPRESENTATION_ITEM ( )  RATIONAL_B_SPLINE_CURVE ( ( 1.000000000000000000, 0.9959481133263646813, 0.9959481133263646813, 1.000000000000000000 ) ) 
 REPRESENTATION_ITEM ( '' )  );
#6186 = ADVANCED_FACE ( 'NONE', ( #5970 ), #4497, .T. ) ;
#6187 = EDGE_CURVE ( 'NONE', #4416, #2313, #29, .T. ) ;
#6188 = CARTESIAN_POINT ( 'NONE',  ( 11.00000000000000000, 0.0000000000000000000, 4.999999999999998224 ) ) ;
#6189 = EDGE_LOOP ( 'NONE', ( #4220, #5922, #7153, #1529 ) ) ;
#6190 = DIRECTION ( 'NONE',  ( -0.1736481776669309696, 0.9848077530122080203, 0.0000000000000000000 ) ) ;
#6191 = CARTESIAN_POINT ( 'NONE',  ( -15.87678109189359610, 1.000000000000000000, 33.31487243864258829 ) ) ;
#6192 = CARTESIAN_POINT ( 'NONE',  ( 17.00000000000000000, 1.000000000000000000, 32.50000000000000000 ) ) ;
#6193 = FACE_BOUND ( 'NONE', #61, .T. ) ;
#6194 = CIRCLE ( 'NONE', #2282, 1.000000000000000888 ) ;
#6195 = AXIS2_PLACEMENT_3D ( 'NONE', #704, #75, #743 ) ;
#6196 = ORIENTED_EDGE ( 'NONE', *, *, #3148, .T. ) ;
#6197 = LINE ( 'NONE', #2857, #7040 ) ;
#6198 = FACE_OUTER_BOUND ( 'NONE', #192, .T. ) ;
#6199 = ADVANCED_FACE ( 'NONE', ( #929 ), #380, .T. ) ;
#6200 = VECTOR ( 'NONE', #7290, 1000.000000000000000 ) ;
#6201 = PLANE ( 'NONE',  #2819 ) ;
#6202 =( BOUNDED_CURVE ( )  B_SPLINE_CURVE ( 3, ( #2726, #5629, #554, #2290 ),
 .UNSPECIFIED., .F., .F. ) 
 B_SPLINE_CURVE_WITH_KNOTS ( ( 4, 4 ),
 ( 2.774384633031954817, 3.280070548415086495 ),
 .UNSPECIFIED. ) 
 CURVE ( )  GEOMETRIC_REPRESENTATION_ITEM ( )  RATIONAL_B_SPLINE_CURVE ( ( 1.000000000000000000, 0.9788034320659347864, 0.9788034320659347864, 1.000000000000000000 ) ) 
 REPRESENTATION_ITEM ( '' )  );
#6203 = ORIENTED_EDGE ( 'NONE', *, *, #5246, .F. ) ;
#6204 = AXIS2_PLACEMENT_3D ( 'NONE', #412, #339, #5932 ) ;
#6205 = EDGE_LOOP ( 'NONE', ( #2614, #3063, #2974, #3015 ) ) ;
#6206 = DIRECTION ( 'NONE',  ( 1.000000000000000000, 0.0000000000000000000, 0.0000000000000000000 ) ) ;
#6207 = CARTESIAN_POINT ( 'NONE',  ( 17.00000000000000000, 0.0000000000000000000, -30.00000000000000000 ) ) ;
#6208 = ORIENTED_EDGE ( 'NONE', *, *, #3901, .T. ) ;
#6209 = ORIENTED_EDGE ( 'NONE', *, *, #1134, .F. ) ;
#6210 = AXIS2_PLACEMENT_3D ( 'NONE', #5307, #5191, #753 ) ;
#6211 = CARTESIAN_POINT ( 'NONE',  ( -16.21813341007602105, 32.25524524269017945, -0.8380755883644859239 ) ) ;
#6212 = DIRECTION ( 'NONE',  ( -0.0000000000000000000, 1.000000000000000000, -0.0000000000000000000 ) ) ;
#6213 = CARTESIAN_POINT ( 'NONE',  ( 16.19770077992399493, 1.000000000000000000, -32.36776602760185284 ) ) ;
#6214 = ORIENTED_EDGE ( 'NONE', *, *, #1648, .F. ) ;
#6215 = AXIS2_PLACEMENT_3D ( 'NONE', #2376, #1794, #5315 ) ;
#6216 = CARTESIAN_POINT ( 'NONE',  ( 13.10452036353892602, 41.78585545035221571, -7.988991016362046338 ) ) ;
#6217 = ORIENTED_EDGE ( 'NONE', *, *, #6782, .F. ) ;
#6218 = CARTESIAN_POINT ( 'NONE',  ( 9.000000000000001776, 0.0000000000000000000, 2.229670385730950333 ) ) ;
#6219 = CARTESIAN_POINT ( 'NONE',  ( -13.74026056903632664, 44.88921036392233077, -4.261290993643015668 ) ) ;
#6220 = FACE_OUTER_BOUND ( 'NONE', #6792, .T. ) ;
#6221 = EDGE_CURVE ( 'NONE', #5273, #6380, #3212, .T. ) ;
#6222 = LINE ( 'NONE', #487, #5875 ) ;
#6223 = AXIS2_PLACEMENT_3D ( 'NONE', #468, #1540, #6721 ) ;
#6224 = DIRECTION ( 'NONE',  ( -0.0000000000000000000, -1.000000000000000000, -0.0000000000000000000 ) ) ;
#6225 = VERTEX_POINT ( 'NONE', #5484 ) ;
#6226 = CARTESIAN_POINT ( 'NONE',  ( -6.123233995736765296E-16, -18.00000000000000000, -4.999999999999999112 ) ) ;
#6227 = CARTESIAN_POINT ( 'NONE',  ( 16.93333333333333357, 24.93584164674765447, -5.281263776440502156 ) ) ;
#6228 = DIRECTION ( 'NONE',  ( -0.0000000000000000000, 1.000000000000000000, -0.0000000000000000000 ) ) ;
#6229 = FACE_BOUND ( 'NONE', #4850, .T. ) ;
#6230 = EDGE_CURVE ( 'NONE', #2389, #3089, #6762, .T. ) ;
#6231 = EDGE_CURVE ( 'NONE', #6945, #1142, #2227, .T. ) ;
#6232 = DIRECTION ( 'NONE',  ( 0.0000000000000000000, 1.000000000000000000, 0.0000000000000000000 ) ) ;
#6233 = EDGE_LOOP ( 'NONE', ( #3580, #2673, #6956, #6123 ) ) ;
#6234 = CARTESIAN_POINT ( 'NONE',  ( -11.00000000000000000, 0.0000000000000000000, 0.0000000000000000000 ) ) ;
#6235 = FACE_OUTER_BOUND ( 'NONE', #2324, .T. ) ;
#6236 = CARTESIAN_POINT ( 'NONE',  ( 19.01939045069839551, 25.00668284084787985, -2.229670385730952109 ) ) ;
#6237 = DIRECTION ( 'NONE',  ( 0.0000000000000000000, 0.0000000000000000000, -1.000000000000000000 ) ) ;
#6238 = ORIENTED_EDGE ( 'NONE', *, *, #7241, .T. ) ;
#6239 = EDGE_CURVE ( 'NONE', #2875, #2950, #4873, .T. ) ;
#6240 = EDGE_CURVE ( 'NONE', #3300, #1478, #988, .T. ) ;
#6241 = ORIENTED_EDGE ( 'NONE', *, *, #5556, .T. ) ;
#6242 = CARTESIAN_POINT ( 'NONE',  ( 16.93333333333332646, 11.32569704883094808, -20.71873622355948186 ) ) ;
#6243 = PLANE ( 'NONE',  #588 ) ;
#6244 =( BOUNDED_CURVE ( )  B_SPLINE_CURVE ( 3, ( #2560, #313, #3633, #3664 ),
 .UNSPECIFIED., .F., .F. ) 
 B_SPLINE_CURVE_WITH_KNOTS ( ( 4, 4 ),
 ( 0.04690151510072163021, 0.3672080205578380774 ),
 .UNSPECIFIED. ) 
 CURVE ( )  GEOMETRIC_REPRESENTATION_ITEM ( )  RATIONAL_B_SPLINE_CURVE ( ( 1.000000000000000000, 0.9914685705550954076, 0.9914685705550954076, 1.000000000000000000 ) ) 
 REPRESENTATION_ITEM ( '' )  );
#6245 = EDGE_LOOP ( 'NONE', ( #5149, #2394, #1277, #4869 ) ) ;
#6246 = ORIENTED_EDGE ( 'NONE', *, *, #2240, .T. ) ;
#6247 = CARTESIAN_POINT ( 'NONE',  ( 16.93333333333332646, 11.32569704883094808, -20.71873622355948186 ) ) ;
#6248 =( GEOMETRIC_REPRESENTATION_CONTEXT ( 3 ) GLOBAL_UNCERTAINTY_ASSIGNED_CONTEXT ( ( #1411 ) ) GLOBAL_UNIT_ASSIGNED_CONTEXT ( ( #5380, #5934, #759 ) ) REPRESENTATION_CONTEXT ( 'NONE', 'WORKASPACE' ) );
#6249 = CARTESIAN_POINT ( 'NONE',  ( -12.66758421158958114, 1.000000000000000000, 32.78593654904997834 ) ) ;
#6250 = FACE_BOUND ( 'NONE', #5532, .T. ) ;
#6251 = EDGE_LOOP ( 'NONE', ( #5176, #2914, #1237, #4773 ) ) ;
#6252 = FILL_AREA_STYLE_COLOUR ( '', #6318 ) ;
#6253 = ORIENTED_EDGE ( 'NONE', *, *, #761, .F. ) ;
#6254 = CARTESIAN_POINT ( 'NONE',  ( -14.36070098527082806, 31.17516791688956346, 13.73466314035367830 ) ) ;
#6255 = LINE ( 'NONE', #1123, #6045 ) ;
#6256 = VECTOR ( 'NONE', #7111, 1000.000000000000000 ) ;
#6257 = CARTESIAN_POINT ( 'NONE',  ( -11.00000000000000000, 0.0000000000000000000, 17.99999999999999645 ) ) ;
#6258 = DIRECTION ( 'NONE',  ( -0.1736481776669309418, 0.9848077530122079093, 0.0000000000000000000 ) ) ;
#6259 = CARTESIAN_POINT ( 'NONE',  ( -17.49999999999999645, 2.652747412077468780, -23.77032961426903768 ) ) ;
#6260 = ORIENTED_EDGE ( 'NONE', *, *, #6421, .T. ) ;
#6261 = CARTESIAN_POINT ( 'NONE',  ( 6.123233995736765296E-16, -44.00000000000000000, -5.000000000000000000 ) ) ;
#6262 = ORIENTED_EDGE ( 'NONE', *, *, #3468, .T. ) ;
#6263 = CYLINDRICAL_SURFACE ( 'NONE', #3865, 1.000000000000000444 ) ;
#6264 = FACE_BOUND ( 'NONE', #4892, .T. ) ;
#6265 = FACE_BOUND ( 'NONE', #1736, .T. ) ;
#6266 = CARTESIAN_POINT ( 'NONE',  ( 0.0000000000000000000, 20.99999999999999645, 4.999999999999999112 ) ) ;
#6267 = ORIENTED_EDGE ( 'NONE', *, *, #737, .F. ) ;
#6268 = FACE_OUTER_BOUND ( 'NONE', #5404, .T. ) ;
#6269 = EDGE_CURVE ( 'NONE', #6409, #5067, #4699, .T. ) ;
#6270 = VERTEX_POINT ( 'NONE', #6660 ) ;
#6271 = CARTESIAN_POINT ( 'NONE',  ( -15.32420816482732207, 45.48552137534615269, 3.675456269718304636 ) ) ;
#6272 = CARTESIAN_POINT ( 'NONE',  ( -0.09950371902095467291, 2.937933748843625080E-15, 23.99004962809790698 ) ) ;
#6273 = ORIENTED_EDGE ( 'NONE', *, *, #6771, .T. ) ;
#6274 = CIRCLE ( 'NONE', #3079, 1.000000000000000888 ) ;
#6275 = ORIENTED_EDGE ( 'NONE', *, *, #2299, .T. ) ;
#6276 = DIRECTION ( 'NONE',  ( 0.0000000000000000000, 0.0000000000000000000, 1.000000000000000000 ) ) ;
#6277 = CARTESIAN_POINT ( 'NONE',  ( -15.00138125790372534, 43.95476500490527627, -5.819780257153954750 ) ) ;
#6278 = EDGE_CURVE ( 'NONE', #2941, #2362, #3784, .T. ) ;
#6279 = EDGE_CURVE ( 'NONE', #2667, #3012, #2417, .T. ) ;
#6280 = AXIS2_PLACEMENT_3D ( 'NONE', #4068, #275, #125 ) ;
#6281 = ORIENTED_EDGE ( 'NONE', *, *, #812, .F. ) ;
#6282 = ORIENTED_EDGE ( 'NONE', *, *, #4609, .T. ) ;
#6283 = CARTESIAN_POINT ( 'NONE',  ( 17.99999999999997868, 1.000000000000000000, -12.99999999999998757 ) ) ;
#6284 = EDGE_CURVE ( 'NONE', #4822, #3035, #5108, .T. ) ;
#6285 = FACE_OUTER_BOUND ( 'NONE', #4647, .T. ) ;
#6286 = VERTEX_POINT ( 'NONE', #524 ) ;
#6287 = CARTESIAN_POINT ( 'NONE',  ( 0.0000000000000000000, -44.00000000000000000, 0.0000000000000000000 ) ) ;
#6288 = VERTEX_POINT ( 'NONE', #6219 ) ;
#6289 = DIRECTION ( 'NONE',  ( -0.8888888888888896167, 0.0000000000000000000, -0.4581228472908500104 ) ) ;
#6290 = CARTESIAN_POINT ( 'NONE',  ( 18.33333333333332149, 12.85621757296392609, 20.18021974284602749 ) ) ;
#6291 = ORIENTED_EDGE ( 'NONE', *, *, #2880, .T. ) ;
#6292 = CARTESIAN_POINT ( 'NONE',  ( -18.33333333333332149, 1.000000000000000000, 5.819780257153963632 ) ) ;
#6293 = DIRECTION ( 'NONE',  ( 0.0000000000000000000, 1.000000000000000000, 0.0000000000000000000 ) ) ;
#6294 = PLANE ( 'NONE',  #7246 ) ;
#6295 = ORIENTED_EDGE ( 'NONE', *, *, #679, .F. ) ;
#6296 = CARTESIAN_POINT ( 'NONE',  ( 8.289220901263082197, 2.000000000000000000, 32.08257145703459656 ) ) ;
#6297 = ORIENTED_EDGE ( 'NONE', *, *, #6371, .F. ) ;
#6298 = CARTESIAN_POINT ( 'NONE',  ( -4.898979485566358427, -39.86795187761251924, -0.9999999999999995559 ) ) ;
#6299 = DIRECTION ( 'NONE',  ( 0.0000000000000000000, 0.0000000000000000000, 1.000000000000000000 ) ) ;
#6300 = CARTESIAN_POINT ( 'NONE',  ( 19.01939045069839551, 25.00668284084787985, 2.229670385730950333 ) ) ;
#6301 = CIRCLE ( 'NONE', #5719, 23.50000000000000711 ) ;
#6302 = CARTESIAN_POINT ( 'NONE',  ( 6.123233995736765296E-16, 19.99999999999999645, -4.999999999999999112 ) ) ;
#6303 = AXIS2_PLACEMENT_3D ( 'NONE', #2115, #2783, #3333 ) ;
#6304 = VERTEX_POINT ( 'NONE', #4546 ) ;
#6305 = STYLED_ITEM ( 'NONE', ( #1798 ), #856 ) ;
#6306 = CARTESIAN_POINT ( 'NONE',  ( -13.07225160407939413, 41.42521146833313139, -8.354124115248957594 ) ) ;
#6307 = ORIENTED_EDGE ( 'NONE', *, *, #440, .T. ) ;
#6308 = AXIS2_PLACEMENT_3D ( 'NONE', #296, #1377, #362 ) ;
#6309 = CARTESIAN_POINT ( 'NONE',  ( 10.00000000000000178, 2.326828918379970576E-15, -18.99999999999999645 ) ) ;
#6310 = DIRECTION ( 'NONE',  ( -0.0000000000000000000, -1.000000000000000000, -0.0000000000000000000 ) ) ;
#6311 = ORIENTED_EDGE ( 'NONE', *, *, #3287, .T. ) ;
#6312 = ORIENTED_EDGE ( 'NONE', *, *, #3700, .F. ) ;
#6313 = ADVANCED_FACE ( 'NONE', ( #559 ), #4153, .T. ) ;
#6314 = CIRCLE ( 'NONE', #3229, 8.499999999999998224 ) ;
#6315 = DIRECTION ( 'NONE',  ( -0.9333333333333314608, 0.0000000000000000000, -0.3590109871423053933 ) ) ;
#6316 = CIRCLE ( 'NONE', #1004, 17.99999999999999645 ) ;
#6317 = DIRECTION ( 'NONE',  ( -0.9296634907984614449, 0.0000000000000000000, 0.3684098178339156315 ) ) ;
#6318 = COLOUR_RGB ( '',0.6470588235294117974, 0.6196078431372549211, 0.5882352941176470784 ) ;
#6319 = EDGE_LOOP ( 'NONE', ( #1133, #2049, #1370, #6386 ) ) ;
#6320 = EDGE_LOOP ( 'NONE', ( #108, #6209, #2876, #3030, #4590 ) ) ;
#6321 = EDGE_CURVE ( 'NONE', #6858, #5617, #1558, .T. ) ;
#6322 = EDGE_CURVE ( 'NONE', #1458, #6515, #744, .T. ) ;
#6323 = DIRECTION ( 'NONE',  ( 0.0000000000000000000, 0.0000000000000000000, 1.000000000000000000 ) ) ;
#6324 = EDGE_CURVE ( 'NONE', #5767, #1398, #483, .T. ) ;
#6325 = CARTESIAN_POINT ( 'NONE',  ( -20.11111111111111427, 2.000000000000000000, -28.39657003448201777 ) ) ;
#6326 = ORIENTED_EDGE ( 'NONE', *, *, #2289, .T. ) ;
#6327 = DIRECTION ( 'NONE',  ( -0.0000000000000000000, -1.000000000000000000, -0.0000000000000000000 ) ) ;
#6328 = ORIENTED_EDGE ( 'NONE', *, *, #6321, .T. ) ;
#6329 = ORIENTED_EDGE ( 'NONE', *, *, #3316, .T. ) ;
#6330 = PRODUCT_DEFINITION_FORMATION_WITH_SPECIFIED_SOURCE ( 'ANY', '', #5475, .NOT_KNOWN. ) ;
#6331 = FACE_OUTER_BOUND ( 'NONE', #6719, .T. ) ;
#6332 = AXIS2_PLACEMENT_3D ( 'NONE', #4510, #6742, #5594 ) ;
#6333 = EDGE_CURVE ( 'NONE', #78, #3258, #5037, .T. ) ;
#6334 = CARTESIAN_POINT ( 'NONE',  ( -16.77917170850974315, 28.00000000000000000, -4.000000000000000000 ) ) ;
#6335 = CIRCLE ( 'NONE', #3377, 1.000000000000000000 ) ;
#6336 = CARTESIAN_POINT ( 'NONE',  ( 13.86265278450480487, 45.61383969095393809, 2.956860131864257557 ) ) ;
#6337 = ORIENTED_EDGE ( 'NONE', *, *, #6333, .T. ) ;
#6338 = DIRECTION ( 'NONE',  ( 0.0000000000000000000, 0.0000000000000000000, -1.000000000000000000 ) ) ;
#6339 = EDGE_LOOP ( 'NONE', ( #1156, #5988, #3955, #1067 ) ) ;
#6340 = CARTESIAN_POINT ( 'NONE',  ( -17.21450399055210312, 24.96044089177042835, -15.92132635289559417 ) ) ;
#6341 = CARTESIAN_POINT ( 'NONE',  ( -10.00000000000000178, 0.0000000000000000000, 0.0000000000000000000 ) ) ;
#6342 =( LENGTH_UNIT ( ) NAMED_UNIT ( * ) SI_UNIT ( .MILLI., .METRE. ) );
#6343 = ORIENTED_EDGE ( 'NONE', *, *, #5651, .F. ) ;
#6344 = CARTESIAN_POINT ( 'NONE',  ( -14.78018339122351676, 38.13067191948474743, 10.91227781848743739 ) ) ;
#6345 = CARTESIAN_POINT ( 'NONE',  ( -9.000000000000001776, 2.000000000000000000, -2.229670385730950333 ) ) ;
#6346 = DIRECTION ( 'NONE',  ( 0.0000000000000000000, 0.0000000000000000000, 1.000000000000000000 ) ) ;
#6347 = CYLINDRICAL_SURFACE ( 'NONE', #5255, 20.00000000000000000 ) ;
#6348 = DIRECTION ( 'NONE',  ( -1.000000000000000000, -0.0000000000000000000, -0.0000000000000000000 ) ) ;
#6349 = ORIENTED_EDGE ( 'NONE', *, *, #5463, .F. ) ;
#6350 = ORIENTED_EDGE ( 'NONE', *, *, #4733, .F. ) ;
#6351 = CYLINDRICAL_SURFACE ( 'NONE', #529, 17.99999999999999645 ) ;
#6352 = CARTESIAN_POINT ( 'NONE',  ( 16.98412109447316709, 24.64780994033622363, -5.281263776440502156 ) ) ;
#6353 = EDGE_CURVE ( 'NONE', #3848, #1471, #3401, .T. ) ;
#6354 = VERTEX_POINT ( 'NONE', #4506 ) ;
#6355 = ORIENTED_EDGE ( 'NONE', *, *, #47, .F. ) ;
#6356 = DIRECTION ( 'NONE',  ( 0.0000000000000000000, 0.0000000000000000000, 1.000000000000000000 ) ) ;
#6357 = STYLED_ITEM ( 'NONE', ( #2634 ), #4052 ) ;
#6358 = EDGE_CURVE ( 'NONE', #1893, #3548, #5697, .T. ) ;
#6359 = DIRECTION ( 'NONE',  ( -0.0000000000000000000, -1.000000000000000000, -0.0000000000000000000 ) ) ;
#6360 = VERTEX_POINT ( 'NONE', #5670 ) ;
#6361 = DIRECTION ( 'NONE',  ( 1.000000000000000000, 0.0000000000000000000, 0.0000000000000000000 ) ) ;
#6362 = VERTEX_POINT ( 'NONE', #1045 ) ;
#6363 = CARTESIAN_POINT ( 'NONE',  ( -11.97331907960222530, 2.000000000000000000, 32.78593654904997834 ) ) ;
#6364 = VERTEX_POINT ( 'NONE', #7224 ) ;
#6365 = CARTESIAN_POINT ( 'NONE',  ( -16.56332964673305241, 29.58450836684582441, 3.676422132024025569 ) ) ;
#6366 = MECHANICAL_DESIGN_GEOMETRIC_PRESENTATION_REPRESENTATION (  '', ( #1060 ), #6248 ) ;
#6367 = DIRECTION ( 'NONE',  ( 0.0000000000000000000, 0.0000000000000000000, -1.000000000000000000 ) ) ;
#6368 = ADVANCED_FACE ( 'NONE', ( #2732 ), #2842, .F. ) ;
#6369 = EDGE_CURVE ( 'NONE', #5185, #1308, #2388, .T. ) ;
#6370 = AXIS2_PLACEMENT_3D ( 'NONE', #5305, #4704, #263 ) ;
#6371 = EDGE_CURVE ( 'NONE', #4441, #1310, #6255, .T. ) ;
#6372 = LINE ( 'NONE', #1930, #3208 ) ;
#6373 = ORIENTED_EDGE ( 'NONE', *, *, #5690, .T. ) ;
#6374 = CARTESIAN_POINT ( 'NONE',  ( -19.00000000000000000, 1.020738674908150179, -24.34455491068046484 ) ) ;
#6375 = ORIENTED_EDGE ( 'NONE', *, *, #4457, .T. ) ;
#6376 = DIRECTION ( 'NONE',  ( 0.0000000000000000000, -0.3319062115909337529, -0.9433123908373908240 ) ) ;
#6377 = DIRECTION ( 'NONE',  ( -0.0000000000000000000, -0.0000000000000000000, -1.000000000000000000 ) ) ;
#6378 = CARTESIAN_POINT ( 'NONE',  ( 3.000000000000000888, 0.0000000000000000000, 16.99999999999999289 ) ) ;
#6379 = VECTOR ( 'NONE', #548, 1000.000000000000000 ) ;
#6380 = VERTEX_POINT ( 'NONE', #3437 ) ;
#6381 = CARTESIAN_POINT ( 'NONE',  ( 17.49999999999999289, 2.365910802316770756, 23.90117044822479642 ) ) ;
#6382 = CARTESIAN_POINT ( 'NONE',  ( 0.0000000000000000000, -18.00000000000000000, 4.999999999999999112 ) ) ;
#6383 = DIRECTION ( 'NONE',  ( 0.0000000000000000000, 0.0000000000000000000, 1.000000000000000000 ) ) ;
#6384 = DIRECTION ( 'NONE',  ( -0.0000000000000000000, -0.0000000000000000000, -1.000000000000000000 ) ) ;
#6385 = CARTESIAN_POINT ( 'NONE',  ( 11.00100000000000122, 0.0000000000000000000, 0.0000000000000000000 ) ) ;
#6386 = ORIENTED_EDGE ( 'NONE', *, *, #6872, .F. ) ;
#6387 = ORIENTED_EDGE ( 'NONE', *, *, #2204, .T. ) ;
#6388 = CARTESIAN_POINT ( 'NONE',  ( 19.00000000000000000, 2.652747412077495870, -23.77032961426903057 ) ) ;
#6389 = DIRECTION ( 'NONE',  ( -0.9333333333333319048, 0.0000000000000000000, 0.3590109871423038945 ) ) ;
#6390 = ORIENTED_EDGE ( 'NONE', *, *, #2196, .F. ) ;
#6391 = EDGE_LOOP ( 'NONE', ( #2575, #4385, #3139, #3793 ) ) ;
#6392 = CARTESIAN_POINT ( 'NONE',  ( -17.99999999999999289, 0.0000000000000000000, -13.00000000000001066 ) ) ;
#6393 = VECTOR ( 'NONE', #2997, 1000.000000000000114 ) ;
#6394 = B_SPLINE_CURVE_WITH_KNOTS ( 'NONE', 3,
 ( #2272, #6160, #504, #4269 ),
 .UNSPECIFIED., .F., .F.,
 ( 4, 4 ),
 ( 0.002325734329680626423, 0.003581266945372659112 ),
 .UNSPECIFIED. ) ;
#6395 = CARTESIAN_POINT ( 'NONE',  ( -9.000000000000001776, 0.0000000000000000000, 2.229670385730950333 ) ) ;
#6396 = EDGE_LOOP ( 'NONE', ( #1913, #6155, #2433, #6400 ) ) ;
#6397 = CARTESIAN_POINT ( 'NONE',  ( -17.90601847545810088, 31.32092908250001884, -2.229670385730952109 ) ) ;
#6398 = EDGE_LOOP ( 'NONE', ( #3352, #1750, #1338, #6837, #1275 ) ) ;
#6399 = CARTESIAN_POINT ( 'NONE',  ( -18.98533287048767448, 25.11536834380910221, 2.771082858396940463 ) ) ;
#6400 = ORIENTED_EDGE ( 'NONE', *, *, #3522, .F. ) ;
#6401 = CIRCLE ( 'NONE', #3777, 4.999999999999998224 ) ;
#6402 = CARTESIAN_POINT ( 'NONE',  ( -16.67346392479331385, 28.65004765767455908, -3.960098279148824396 ) ) ;
#6403 = ADVANCED_FACE ( 'NONE', ( #5707 ), #3202, .T. ) ;
#6404 = AXIS2_PLACEMENT_3D ( 'NONE', #3909, #3977, #4997 ) ;
#6405 = DIRECTION ( 'NONE',  ( 0.0000000000000000000, 0.0000000000000000000, 1.000000000000000000 ) ) ;
#6406 = ORIENTED_EDGE ( 'NONE', *, *, #773, .F. ) ;
#6407 = VECTOR ( 'NONE', #7159, 1000.000000000000227 ) ;
#6408 = DIRECTION ( 'NONE',  ( 1.000000000000000000, -0.0000000000000000000, 1.224646799147353207E-16 ) ) ;
#6409 = VERTEX_POINT ( 'NONE', #5148 ) ;
#6410 = CARTESIAN_POINT ( 'NONE',  ( 17.49999999999999645, 2.000000000000000000, 23.77032961426903412 ) ) ;
#6411 = ADVANCED_FACE ( 'NONE', ( #5751 ), #2854, .T. ) ;
#6412 = DIRECTION ( 'NONE',  ( -1.000000000000000000, -0.0000000000000000000, -0.0000000000000000000 ) ) ;
#6413 = CARTESIAN_POINT ( 'NONE',  ( 20.11111111111111427, 2.000000000000000000, -28.39657003448201777 ) ) ;
#6414 = CARTESIAN_POINT ( 'NONE',  ( 18.33333333333332149, 12.85621757296392609, -20.18021974284602749 ) ) ;
#6415 = ORIENTED_EDGE ( 'NONE', *, *, #5375, .T. ) ;
#6416 = EDGE_CURVE ( 'NONE', #1035, #3853, #2172, .T. ) ;
#6417 = ADVANCED_FACE ( 'NONE', ( #4016 ), #3257, .T. ) ;
#6418 = CIRCLE ( 'NONE', #5946, 4.000000000000000000 ) ;
#6419 = DIRECTION ( 'NONE',  ( 0.0000000000000000000, 0.0000000000000000000, 1.000000000000000000 ) ) ;
#6420 = VERTEX_POINT ( 'NONE', #7202 ) ;
#6421 = EDGE_CURVE ( 'NONE', #1640, #2093, #4831, .T. ) ;
#6422 = DIRECTION ( 'NONE',  ( 9.637352644315592778E-16, 0.0000000000000000000, 1.000000000000000000 ) ) ;
#6423 = LINE ( 'NONE', #5290, #3691 ) ;
#6424 = CARTESIAN_POINT ( 'NONE',  ( 16.93333333333331936, 2.000000000000000000, 20.71873622355948186 ) ) ;
#6425 = AXIS2_PLACEMENT_3D ( 'NONE', #3094, #2612, #299 ) ;
#6426 = ORIENTED_EDGE ( 'NONE', *, *, #5386, .T. ) ;
#6427 = ORIENTED_EDGE ( 'NONE', *, *, #1975, .T. ) ;
#6428 = EDGE_CURVE ( 'NONE', #3890, #4592, #4020, .T. ) ;
#6429 = CARTESIAN_POINT ( 'NONE',  ( -9.999999999999998224, 7.347880794884117764E-16, -5.999999999999998224 ) ) ;
#6430 = CARTESIAN_POINT ( 'NONE',  ( 15.26282207550542225, 46.31124077123057248, 0.7496584460728907828 ) ) ;
#6431 = TOROIDAL_SURFACE ( 'NONE', #2406, 18.99999999999999645, 1.000000000000000000 ) ;
#6432 = CIRCLE ( 'NONE', #970, 1.000000000000001776 ) ;
#6433 = VECTOR ( 'NONE', #7212, 1000.000000000000227 ) ;
#6434 = ORIENTED_EDGE ( 'NONE', *, *, #885, .F. ) ;
#6435 = STYLED_ITEM ( 'NONE', ( #2381 ), #852 ) ;
#6436 = AXIS2_PLACEMENT_3D ( 'NONE', #2984, #146, #3510 ) ;
#6437 = CYLINDRICAL_SURFACE ( 'NONE', #6308, 8.499999999999992895 ) ;
#6438 = AXIS2_PLACEMENT_3D ( 'NONE', #1955, #3713, #5397 ) ;
#6439 = DIRECTION ( 'NONE',  ( 0.0000000000000000000, 0.0000000000000000000, -1.000000000000000000 ) ) ;
#6440 =( LENGTH_UNIT ( ) NAMED_UNIT ( * ) SI_UNIT ( .MILLI., .METRE. ) );
#6441 = ORIENTED_EDGE ( 'NONE', *, *, #3855, .F. ) ;
#6442 = FACE_OUTER_BOUND ( 'NONE', #4838, .T. ) ;
#6443 = ORIENTED_EDGE ( 'NONE', *, *, #2, .F. ) ;
#6444 = CARTESIAN_POINT ( 'NONE',  ( 19.00000000000000000, 2.524818719738453510, -23.81534156157350779 ) ) ;
#6445 = AXIS2_PLACEMENT_3D ( 'NONE', #1028, #3269, #6126 ) ;
#6446 = LINE ( 'NONE', #639, #2393 ) ;
#6447 = ORIENTED_EDGE ( 'NONE', *, *, #7242, .T. ) ;
#6448 = EDGE_LOOP ( 'NONE', ( #5509, #4544, #1439, #925, #1350 ) ) ;
#6449 = CYLINDRICAL_SURFACE ( 'NONE', #6619, 10.00000000000000000 ) ;
#6450 = ORIENTED_EDGE ( 'NONE', *, *, #4561, .T. ) ;
#6451 = DIRECTION ( 'NONE',  ( 1.000000000000000000, -0.0000000000000000000, -0.0000000000000000000 ) ) ;
#6452 = EDGE_CURVE ( 'NONE', #659, #2369, #5263, .T. ) ;
#6453 = CARTESIAN_POINT ( 'NONE',  ( -17.97864935613390358, 2.611925421265608893, -23.78469290733245600 ) ) ;
#6454 = ORIENTED_EDGE ( 'NONE', *, *, #1127, .T. ) ;
#6455 = CIRCLE ( 'NONE', #4072, 3.500000000000003109 ) ;
#6456 = DIRECTION ( 'NONE',  ( -1.000000000000000000, 0.0000000000000000000, 0.0000000000000000000 ) ) ;
#6457 = ORIENTED_EDGE ( 'NONE', *, *, #3679, .T. ) ;
#6458 = CARTESIAN_POINT ( 'NONE',  ( -13.16497305225976255, 38.97145227561568248, -10.30863842977029066 ) ) ;
#6459 = FACE_OUTER_BOUND ( 'NONE', #1565, .T. ) ;
#6460 = EDGE_CURVE ( 'NONE', #4717, #1917, #5736, .T. ) ;
#6461 = EDGE_CURVE ( 'NONE', #2369, #1034, #2766, .T. ) ;
#6462 = PRODUCT_CONTEXT ( 'NONE', #2367, 'mechanical' ) ;
#6463 = DIRECTION ( 'NONE',  ( 0.0000000000000000000, 1.000000000000000000, 0.0000000000000000000 ) ) ;
#6464 = EDGE_LOOP ( 'NONE', ( #6583, #1002, #1579, #4709 ) ) ;
#6465 = CARTESIAN_POINT ( 'NONE',  ( 18.88894987492136934, 25.51216261772496807, 3.143581481232742725 ) ) ;
#6466 = LINE ( 'NONE', #1915, #5963 ) ;
#6467 = CIRCLE ( 'NONE', #85, 2.499999999999998668 ) ;
#6468 = EDGE_CURVE ( 'NONE', #7193, #5368, #2629, .T. ) ;
#6469 = EDGE_CURVE ( 'NONE', #3774, #3267, #2112, .T. ) ;
#6470 = EDGE_CURVE ( 'NONE', #4974, #4312, #4251, .T. ) ;
#6471 = ORIENTED_EDGE ( 'NONE', *, *, #1811, .F. ) ;
#6472 = CARTESIAN_POINT ( 'NONE',  ( -8.999999999999998224, 1.000000000000000000, -23.77032961426903768 ) ) ;
#6473 = CARTESIAN_POINT ( 'NONE',  ( 15.29805563633783372, 34.62703965754567292, 12.52011567604874820 ) ) ;
#6474 = SURFACE_STYLE_USAGE ( .BOTH. , #3165 ) ;
#6475 = ORIENTED_EDGE ( 'NONE', *, *, #4596, .T. ) ;
#6476 = DIRECTION ( 'NONE',  ( 0.0000000000000000000, 1.000000000000000000, 0.0000000000000000000 ) ) ;
#6477 = ORIENTED_EDGE ( 'NONE', *, *, #1287, .T. ) ;
#6478 = CARTESIAN_POINT ( 'NONE',  ( -16.93333333333331936, 11.32569704883094808, 20.71873622355948186 ) ) ;
#6479 = DIRECTION ( 'NONE',  ( 0.0000000000000000000, 1.000000000000000000, 0.0000000000000000000 ) ) ;
#6480 = ORIENTED_EDGE ( 'NONE', *, *, #3565, .F. ) ;
#6481 = VERTEX_POINT ( 'NONE', #349 ) ;
#6482 = FACE_OUTER_BOUND ( 'NONE', #274, .T. ) ;
#6483 = ORIENTED_EDGE ( 'NONE', *, *, #6666, .F. ) ;
#6484 = FILL_AREA_STYLE_COLOUR ( '', #1521 ) ;
#6485 =( BOUNDED_CURVE ( )  B_SPLINE_CURVE ( 3, ( #3833, #5665, #5515, #4429 ),
 .UNSPECIFIED., .F., .F. ) 
 B_SPLINE_CURVE_WITH_KNOTS ( ( 4, 4 ),
 ( 1.491721659189603644, 1.648251646097013579 ),
 .UNSPECIFIED. ) 
 CURVE ( )  GEOMETRIC_REPRESENTATION_ITEM ( )  RATIONAL_B_SPLINE_CURVE ( ( 1.000000000000000000, 0.9979592389603897384, 0.9979592389603897384, 1.000000000000000000 ) ) 
 REPRESENTATION_ITEM ( '' )  );
#6486 = CARTESIAN_POINT ( 'NONE',  ( 18.10503729791884808, 29.58379612762614741, -3.687779525940974690 ) ) ;
#6487 = CARTESIAN_POINT ( 'NONE',  ( 18.27387285967916597, 28.32512097218156555, 4.000000000000000888 ) ) ;
#6488 = DIRECTION ( 'NONE',  ( 0.0000000000000000000, 1.000000000000000000, 0.0000000000000000000 ) ) ;
#6489 = VERTEX_POINT ( 'NONE', #2597 ) ;
#6490 = DIRECTION ( 'NONE',  ( 6.413119686690143587E-16, 0.0000000000000000000, 1.000000000000000000 ) ) ;
#6491 = DIRECTION ( 'NONE',  ( -1.000000000000000000, 0.0000000000000000000, 0.0000000000000000000 ) ) ;
#6492 = ORIENTED_EDGE ( 'NONE', *, *, #1135, .F. ) ;
#6493 = DIRECTION ( 'NONE',  ( -1.000000000000000000, 0.0000000000000000000, 0.0000000000000000000 ) ) ;
#6494 = CARTESIAN_POINT ( 'NONE',  ( -13.16554580495685833, 38.96575564336521325, 10.31239307738617939 ) ) ;
#6495 = AXIS2_PLACEMENT_3D ( 'NONE', #1683, #1065, #4452 ) ;
#6496 = ORIENTED_EDGE ( 'NONE', *, *, #4689, .F. ) ;
#6497 = CARTESIAN_POINT ( 'NONE',  ( 11.97331907960222530, 2.000000000000000000, -32.78593654904997834 ) ) ;
#6498 = EDGE_CURVE ( 'NONE', #1787, #7261, #4864, .T. ) ;
#6499 = DIRECTION ( 'NONE',  ( 0.0000000000000000000, -1.000000000000000000, 0.0000000000000000000 ) ) ;
#6500 = EDGE_CURVE ( 'NONE', #1589, #2998, #3029, .T. ) ;
#6501 = ORIENTED_EDGE ( 'NONE', *, *, #1756, .T. ) ;
#6502 = ADVANCED_FACE ( 'NONE', ( #6073 ), #5352, .F. ) ;
#6503 = EDGE_CURVE ( 'NONE', #3035, #2304, #3088, .T. ) ;
#6504 = CARTESIAN_POINT ( 'NONE',  ( 17.50000000000000000, 24.77275442485752066, -2.369205038980718214 ) ) ;
#6505 =( NAMED_UNIT ( * ) SI_UNIT ( $, .STERADIAN. ) SOLID_ANGLE_UNIT ( ) );
#6506 = ORIENTED_EDGE ( 'NONE', *, *, #844, .T. ) ;
#6507 = DIRECTION ( 'NONE',  ( -0.0000000000000000000, 0.0000000000000000000, 1.000000000000000000 ) ) ;
#6508 = ORIENTED_EDGE ( 'NONE', *, *, #2834, .T. ) ;
#6509 = DIRECTION ( 'NONE',  ( 0.0000000000000000000, 0.0000000000000000000, -1.000000000000000000 ) ) ;
#6510 = AXIS2_PLACEMENT_3D ( 'NONE', #757, #4591, #719 ) ;
#6511 = EDGE_CURVE ( 'NONE', #5704, #2875, #2897, .T. ) ;
#6512 = CARTESIAN_POINT ( 'NONE',  ( -17.48638327794449765, 1.999999999999999556, 24.09917986175360483 ) ) ;
#6513 = VERTEX_POINT ( 'NONE', #1399 ) ;
#6514 = DIRECTION ( 'NONE',  ( 0.0000000000000000000, 0.0000000000000000000, -1.000000000000000000 ) ) ;
#6515 = VERTEX_POINT ( 'NONE', #2383 ) ;
#6516 = TOROIDAL_SURFACE ( 'NONE', #1669, 4.999999999999998224, 1.000000000000000000 ) ;
#6517 = CARTESIAN_POINT ( 'NONE',  ( -18.33333333333332504, 25.05832577568395436, 5.819780257153957415 ) ) ;
#6518 = CARTESIAN_POINT ( 'NONE',  ( 4.898587196589411843E-16, 18.00000000000000000, 3.999999999999999112 ) ) ;
#6519 = DIRECTION ( 'NONE',  ( -0.0000000000000000000, 0.0000000000000000000, 1.000000000000000000 ) ) ;
#6520 = ORIENTED_EDGE ( 'NONE', *, *, #1569, .F. ) ;
#6521 = AXIS2_PLACEMENT_3D ( 'NONE', #213, #1363, #1257 ) ;
#6522 =( BOUNDED_CURVE ( )  B_SPLINE_CURVE ( 3, ( #2097, #819, #5372, #2210 ),
 .UNSPECIFIED., .F., .F. ) 
 B_SPLINE_CURVE_WITH_KNOTS ( ( 4, 4 ),
 ( 5.691913226054438724, 6.874457388304733740 ),
 .UNSPECIFIED. ) 
 CURVE ( )  GEOMETRIC_REPRESENTATION_ITEM ( )  RATIONAL_B_SPLINE_CURVE ( ( 1.000000000000000000, 0.8868215137500026213, 0.8868215137500026213, 1.000000000000000000 ) ) 
 REPRESENTATION_ITEM ( '' )  );
#6523 = DIRECTION ( 'NONE',  ( -0.0000000000000000000, 1.000000000000000000, -0.0000000000000000000 ) ) ;
#6524 = ORIENTED_EDGE ( 'NONE', *, *, #6428, .F. ) ;
#6525 = DIRECTION ( 'NONE',  ( 0.0000000000000000000, 1.000000000000000000, 0.0000000000000000000 ) ) ;
#6526 = FACE_OUTER_BOUND ( 'NONE', #4783, .T. ) ;
#6527 = DIRECTION ( 'NONE',  ( -0.0000000000000000000, -1.000000000000000000, -0.0000000000000000000 ) ) ;
#6528 = TOROIDAL_SURFACE ( 'NONE', #1453, 2.500000000000003109, 1.000000000000000000 ) ;
#6529 = ORIENTED_EDGE ( 'NONE', *, *, #5991, .T. ) ;
#6530 = CARTESIAN_POINT ( 'NONE',  ( 37.00000000000000000, 0.0000000000000000000, -13.00000000000000000 ) ) ;
#6531 = CARTESIAN_POINT ( 'NONE',  ( -17.39999999999999858, 1.000000000000000000, 5.460769270011663679 ) ) ;
#6532 = CIRCLE ( 'NONE', #5361, 17.99999999999999645 ) ;
#6533 = ORIENTED_EDGE ( 'NONE', *, *, #2352, .T. ) ;
#6534 = EDGE_CURVE ( 'NONE', #2922, #6354, #1804, .T. ) ;
#6535 = CIRCLE ( 'NONE', #1465, 10.00000000000000000 ) ;
#6536 = CARTESIAN_POINT ( 'NONE',  ( 17.43743738220025463, 2.658083114667097568, -23.76845223743194424 ) ) ;
#6537 = CIRCLE ( 'NONE', #4523, 10.99999999999999645 ) ;
#6538 = AXIS2_PLACEMENT_3D ( 'NONE', #2820, #1796, #1872 ) ;
#6539 = CARTESIAN_POINT ( 'NONE',  ( -29.00000000000000000, 1.000000000000000000, 23.81534156157350068 ) ) ;
#6540 = CIRCLE ( 'NONE', #991, 0.9999999999999998890 ) ;
#6541 = ORIENTED_EDGE ( 'NONE', *, *, #5792, .T. ) ;
#6542 = CARTESIAN_POINT ( 'NONE',  ( -17.49999999999999645, 2.000000000000000000, 2.229670385730948556 ) ) ;
#6543 = AXIS2_PLACEMENT_3D ( 'NONE', #6806, #590, #6172 ) ;
#6544 = ORIENTED_EDGE ( 'NONE', *, *, #2279, .T. ) ;
#6545 = EDGE_CURVE ( 'NONE', #6692, #3564, #2972, .T. ) ;
#6546 = ADVANCED_FACE ( 'NONE', ( #4721 ), #5828, .T. ) ;
#6547 = CARTESIAN_POINT ( 'NONE',  ( -19.00000000000000355, 2.000000000000000000, -27.12771867673098569 ) ) ;
#6548 = AXIS2_PLACEMENT_3D ( 'NONE', #6052, #4455, #4950 ) ;
#6549 = CARTESIAN_POINT ( 'NONE',  ( 8.999999999999998224, 2.000000000000000000, -23.77032961426903768 ) ) ;
#6550 = ORIENTED_EDGE ( 'NONE', *, *, #1397, .F. ) ;
#6551 = CARTESIAN_POINT ( 'NONE',  ( 0.0000000000000000000, 1.000000000000000000, -29.49999999999999289 ) ) ;
#6552 = ORIENTED_EDGE ( 'NONE', *, *, #7108, .F. ) ;
#6553 = CYLINDRICAL_SURFACE ( 'NONE', #4109, 21.50000000000001066 ) ;
#6554 = CARTESIAN_POINT ( 'NONE',  ( 16.00000000000000000, 2.000000000000000000, 29.00000000000000000 ) ) ;
#6555 = EDGE_CURVE ( 'NONE', #288, #4397, #498, .T. ) ;
#6556 = AXIS2_PLACEMENT_3D ( 'NONE', #2987, #6361, #1233 ) ;
#6557 = DIRECTION ( 'NONE',  ( 0.0000000000000000000, 1.000000000000000000, -1.224646799147353207E-16 ) ) ;
#6558 = CARTESIAN_POINT ( 'NONE',  ( 19.00105814324489018, 2.243612710614277361, 24.02881298720996028 ) ) ;
#6559 = SURFACE_SIDE_STYLE ('',( #6704 ) ) ;
#6560 =( GEOMETRIC_REPRESENTATION_CONTEXT ( 3 ) GLOBAL_UNCERTAINTY_ASSIGNED_CONTEXT ( ( #2126 ) ) GLOBAL_UNIT_ASSIGNED_CONTEXT ( ( #4237, #5893, #2682 ) ) REPRESENTATION_CONTEXT ( 'NONE', 'WORKASPACE' ) );
#6561 = CARTESIAN_POINT ( 'NONE',  ( 19.00026512745600726, 2.373109223063412543, -23.91098809966474192 ) ) ;
#6562 = ORIENTED_EDGE ( 'NONE', *, *, #6817, .F. ) ;
#6563 = SURFACE_SIDE_STYLE ('',( #3081 ) ) ;
#6564 = CARTESIAN_POINT ( 'NONE',  ( 2.000000000000000888, 0.0000000000000000000, 6.999999999999998224 ) ) ;
#6565 = PRESENTATION_STYLE_ASSIGNMENT (( #2600 ) ) ;
#6566 = DIRECTION ( 'NONE',  ( 1.000000000000000000, -0.0000000000000000000, -0.0000000000000000000 ) ) ;
#6567 = VECTOR ( 'NONE', #4937, 1000.000000000000000 ) ;
#6568 = ORIENTED_EDGE ( 'NONE', *, *, #5302, .F. ) ;
#6569 = CARTESIAN_POINT ( 'NONE',  ( -16.00000000000000000, 0.0000000000000000000, 29.00000000000000000 ) ) ;
#6570 = DIRECTION ( 'NONE',  ( -0.0000000000000000000, -1.000000000000000000, -0.0000000000000000000 ) ) ;
#6571 = CIRCLE ( 'NONE', #4680, 17.99999999999999645 ) ;
#6572 = B_SPLINE_CURVE_WITH_KNOTS ( 'NONE', 3,
 ( #6785, #3845, #1714, #6113 ),
 .UNSPECIFIED., .F., .F.,
 ( 4, 4 ),
 ( 0.0000000000000000000, 0.001255532615692047001 ),
 .UNSPECIFIED. ) ;
#6573 = B_SPLINE_CURVE_WITH_KNOTS ( 'NONE', 3,
 ( #2500, #841, #5430, #1957 ),
 .UNSPECIFIED., .F., .F.,
 ( 4, 4 ),
 ( 6.619851161367215630E-18, 0.0005020704916032207735 ),
 .UNSPECIFIED. ) ;
#6574 = EDGE_LOOP ( 'NONE', ( #2508, #4342, #3707, #159, #2465, #4820 ) ) ;
#6575 = FACE_OUTER_BOUND ( 'NONE', #6112, .T. ) ;
#6576 = FILL_AREA_STYLE ('',( #6252 ) ) ;
#6577 = ORIENTED_EDGE ( 'NONE', *, *, #5690, .F. ) ;
#6578 = ORIENTED_EDGE ( 'NONE', *, *, #5991, .F. ) ;
#6579 = EDGE_CURVE ( 'NONE', #1035, #697, #6718, .T. ) ;
#6580 = DIRECTION ( 'NONE',  ( 0.0000000000000000000, 0.0000000000000000000, -1.000000000000000000 ) ) ;
#6581 = ORIENTED_EDGE ( 'NONE', *, *, #5955, .F. ) ;
#6582 = CARTESIAN_POINT ( 'NONE',  ( 4.898587196589412829E-16, -44.00000000000000000, 4.000000000000000000 ) ) ;
#6583 = ORIENTED_EDGE ( 'NONE', *, *, #4229, .F. ) ;
#6584 = CARTESIAN_POINT ( 'NONE',  ( -13.54168186980592914, 44.17085293033028393, 5.281263776440504820 ) ) ;
#6585 = CARTESIAN_POINT ( 'NONE',  ( 0.0000000000000000000, -18.00000000000000000, 0.0000000000000000000 ) ) ;
#6586 = CARTESIAN_POINT ( 'NONE',  ( 19.01381770543838456, 2.062472952198707965, 24.34827622772847988 ) ) ;
#6587 = CARTESIAN_POINT ( 'NONE',  ( 16.38287855762947842, 31.32092908250001884, 2.229670385730948556 ) ) ;
#6588 = PRODUCT_DEFINITION_SHAPE ( 'NONE', 'NONE',  #932 ) ;
#6589 = EDGE_CURVE ( 'NONE', #4024, #6995, #4968, .T. ) ;
#6590 = EDGE_CURVE ( 'NONE', #5815, #4008, #1096, .T. ) ;
#6591 = CIRCLE ( 'NONE', #7081, 22.09501243788790958 ) ;
#6592 = CARTESIAN_POINT ( 'NONE',  ( 16.41531375206127308, 31.13697995400328011, -2.503649003572736564 ) ) ;
#6593 = VERTEX_POINT ( 'NONE', #3569 ) ;
#6594 = PRESENTATION_STYLE_ASSIGNMENT (( #351 ) ) ;
#6595 = CARTESIAN_POINT ( 'NONE',  ( 4.994582937317324500, -39.02618464946392862, 0.2625835481698579055 ) ) ;
#6596 = CARTESIAN_POINT ( 'NONE',  ( -16.38287855762947842, 31.32092908250001884, 2.229670385730948556 ) ) ;
#6597 = DIRECTION ( 'NONE',  ( -0.0000000000000000000, -1.000000000000000000, -0.0000000000000000000 ) ) ;
#6598 = ORIENTED_EDGE ( 'NONE', *, *, #6958, .T. ) ;
#6599 = AXIS2_PLACEMENT_3D ( 'NONE', #3698, #5903, #3596 ) ;
#6600 = DIRECTION ( 'NONE',  ( 0.0000000000000000000, -1.000000000000000000, 0.0000000000000000000 ) ) ;
#6601 = AXIS2_PLACEMENT_3D ( 'NONE', #6681, #5018, #543 ) ;
#6602 = ORIENTED_EDGE ( 'NONE', *, *, #853, .F. ) ;
#6603 = CIRCLE ( 'NONE', #4306, 11.00000000000000000 ) ;
#6604 = CARTESIAN_POINT ( 'NONE',  ( -17.49999999999998934, 5.626474161160422760, 22.72401835070281351 ) ) ;
#6605 = CARTESIAN_POINT ( 'NONE',  ( -16.82984283765127742, 27.71262974652007216, 4.000000000000000888 ) ) ;
#6606 = CARTESIAN_POINT ( 'NONE',  ( 4.936457148859165756, -40.61406401734375038, 0.8001280547425219103 ) ) ;
#6607 = CARTESIAN_POINT ( 'NONE',  ( 0.0000000000000000000, -44.00000000000000000, 0.0000000000000000000 ) ) ;
#6608 = VERTEX_POINT ( 'NONE', #5843 ) ;
#6609 = ORIENTED_EDGE ( 'NONE', *, *, #4228, .T. ) ;
#6610 = CARTESIAN_POINT ( 'NONE',  ( -18.14128556647506585, 29.27918061236836067, -3.793470736243384600 ) ) ;
#6611 = CARTESIAN_POINT ( 'NONE',  ( 17.49999999999999645, 2.000000000000000000, 24.69534183785885872 ) ) ;
#6612 = FACE_OUTER_BOUND ( 'NONE', #6049, .T. ) ;
#6613 = EDGE_LOOP ( 'NONE', ( #3526, #161, #6552, #116, #5838 ) ) ;
#6614 = CARTESIAN_POINT ( 'NONE',  ( 13.25895846236360498, 38.09569498938387255, -10.87190083950716080 ) ) ;
#6615 = ORIENTED_EDGE ( 'NONE', *, *, #3858, .T. ) ;
#6616 = CARTESIAN_POINT ( 'NONE',  ( -17.21450399055210667, 24.96044089177042835, 15.92132635289558706 ) ) ;
#6617 = DIRECTION ( 'NONE',  ( 0.0000000000000000000, 0.0000000000000000000, 1.000000000000000000 ) ) ;
#6618 = CARTESIAN_POINT ( 'NONE',  ( -24.41658098275678412, 29.59675746857467615, -6.911854340960288390 ) ) ;
#6619 = AXIS2_PLACEMENT_3D ( 'NONE', #1454, #4211, #3140 ) ;
#6620 = B_SPLINE_CURVE_WITH_KNOTS ( 'NONE', 3,
 ( #7098, #325, #2569, #3740, #3153, #6989, #3639, #354 ),
 .UNSPECIFIED., .F., .F.,
 ( 4, 2, 2, 4 ),
 ( 0.0000000000000000000, 0.002244228890609990291, 0.003366343335914985437, 0.004488457781219980583 ),
 .UNSPECIFIED. ) ;
#6621 = EDGE_CURVE ( 'NONE', #2950, #2875, #5576, .T. ) ;
#6622 = CARTESIAN_POINT ( 'NONE',  ( 0.0000000000000000000, -1.000000000000000888, 5.000000000000000000 ) ) ;
#6623 =( LENGTH_UNIT ( ) NAMED_UNIT ( * ) SI_UNIT ( .MILLI., .METRE. ) );
#6624 = TOROIDAL_SURFACE ( 'NONE', #4256, 22.09501243788790958, 1.000000000000000000 ) ;
#6625 = ADVANCED_FACE ( 'NONE', ( #5207 ), #3322, .T. ) ;
#6626 = CARTESIAN_POINT ( 'NONE',  ( 0.0000000000000000000, -20.99999999999999645, -5.999999999999999112 ) ) ;
#6627 = ORIENTED_EDGE ( 'NONE', *, *, #3276, .F. ) ;
#6628 = CARTESIAN_POINT ( 'NONE',  ( 16.77917170850973960, 28.00000000000000355, 4.000000000000000000 ) ) ;
#6629 = DIRECTION ( 'NONE',  ( 0.0000000000000000000, 0.0000000000000000000, 1.000000000000000000 ) ) ;
#6630 = CARTESIAN_POINT ( 'NONE',  ( 0.0000000000000000000, 19.00000000000000000, 0.0000000000000000000 ) ) ;
#6631 = DIRECTION ( 'NONE',  ( -7.131640956793539050E-15, 0.0000000000000000000, 1.000000000000000000 ) ) ;
#6632 = EDGE_CURVE ( 'NONE', #1398, #1427, #34, .T. ) ;
#6633 = ADVANCED_FACE ( 'NONE', ( #6988, #133 ), #4641, .T. ) ;
#6634 = VECTOR ( 'NONE', #6491, 1000.000000000000000 ) ;
#6635 = VERTEX_POINT ( 'NONE', #5978 ) ;
#6636 = DIRECTION ( 'NONE',  ( 0.0000000000000000000, 0.0000000000000000000, -1.000000000000000000 ) ) ;
#6637 = CARTESIAN_POINT ( 'NONE',  ( -19.00000000000000000, 0.0000000000000000000, -23.81534156157350779 ) ) ;
#6638 = ADVANCED_FACE ( 'NONE', ( #3769 ), #4866, .T. ) ;
#6639 = ORIENTED_EDGE ( 'NONE', *, *, #6908, .T. ) ;
#6640 = EDGE_CURVE ( 'NONE', #3741, #1898, #940, .T. ) ;
#6641 = CARTESIAN_POINT ( 'NONE',  ( -14.30738128755006322, 44.95221956532017771, -4.284342426178226582 ) ) ;
#6642 = DIRECTION ( 'NONE',  ( 0.0000000000000000000, 0.0000000000000000000, -1.000000000000000000 ) ) ;
#6643 = CARTESIAN_POINT ( 'NONE',  ( 4.999989818935499208, -40.99994909467381632, -0.1312086359192214391 ) ) ;
#6644 = DIRECTION ( 'NONE',  ( -0.0000000000000000000, -1.000000000000000000, -0.0000000000000000000 ) ) ;
#6645 = UNCERTAINTY_MEASURE_WITH_UNIT (LENGTH_MEASURE( 1.000000000000000082E-05 ), #2613, 'distance_accuracy_value', 'NONE');
#6646 = VECTOR ( 'NONE', #2507, 1000.000000000000000 ) ;
#6647 = EDGE_LOOP ( 'NONE', ( #2502, #6477 ) ) ;
#6648 = ORIENTED_EDGE ( 'NONE', *, *, #933, .F. ) ;
#6649 = AXIS2_PLACEMENT_3D ( 'NONE', #3671, #7065, #214 ) ;
#6650 = AXIS2_PLACEMENT_3D ( 'NONE', #2960, #92, #3917 ) ;
#6651 = CARTESIAN_POINT ( 'NONE',  ( -19.00971953386950375, 2.099855223622962175, 24.26300023080105106 ) ) ;
#6652 = CARTESIAN_POINT ( 'NONE',  ( 6.123233995736765296E-16, -45.00000000000000000, -5.000000000000000000 ) ) ;
#6653 = VECTOR ( 'NONE', #5583, 1000.000000000000000 ) ;
#6654 = CIRCLE ( 'NONE', #2641, 5.999999999999998224 ) ;
#6655 = CARTESIAN_POINT ( 'NONE',  ( 16.00000000000000000, 0.0000000000000000000, 26.50000000000000355 ) ) ;
#6656 = EDGE_LOOP ( 'NONE', ( #1595, #776, #1554, #5957, #2832 ) ) ;
#6657 = DIRECTION ( 'NONE',  ( 0.0000000000000000000, 0.0000000000000000000, 1.000000000000000000 ) ) ;
#6658 = ORIENTED_EDGE ( 'NONE', *, *, #5764, .T. ) ;
#6659 = DIRECTION ( 'NONE',  ( 0.0000000000000000000, 0.0000000000000000000, -1.000000000000000000 ) ) ;
#6660 = CARTESIAN_POINT ( 'NONE',  ( 0.0000000000000000000, 1.000000000000000000, -30.49999999999999289 ) ) ;
#6661 = B_SPLINE_CURVE_WITH_KNOTS ( 'NONE', 3,
 ( #1544, #5177, #3932, #661 ),
 .UNSPECIFIED., .F., .F.,
 ( 4, 4 ),
 ( 2.602085213965210642E-18, 0.002237096193948290204 ),
 .UNSPECIFIED. ) ;
#6662 = DIRECTION ( 'NONE',  ( 0.0000000000000000000, 1.000000000000000000, 0.0000000000000000000 ) ) ;
#6663 = AXIS2_PLACEMENT_3D ( 'NONE', #429, #3813, #5568 ) ;
#6664 = CARTESIAN_POINT ( 'NONE',  ( -16.93333333333331936, 2.000000000000000000, 20.71873622355948186 ) ) ;
#6665 = CYLINDRICAL_SURFACE ( 'NONE', #1393, 2.499999999999998668 ) ;
#6666 = EDGE_CURVE ( 'NONE', #5543, #6635, #4175, .T. ) ;
#6667 = CARTESIAN_POINT ( 'NONE',  ( 15.08081289707083705, 47.84195912029979780, -8.239936510889835276E-15 ) ) ;
#6668 = VERTEX_POINT ( 'NONE', #3151 ) ;
#6669 = CARTESIAN_POINT ( 'NONE',  ( -19.03993577963682071, 2.000000000000000000, 24.70815773875741073 ) ) ;
#6670 = CARTESIAN_POINT ( 'NONE',  ( 4.976040684393958635, -39.12627133783217204, -0.5036857354726970160 ) ) ;
#6671 = CARTESIAN_POINT ( 'NONE',  ( 12.66758421158957404, 2.000000000000000000, 32.78593654904997834 ) ) ;
#6672 = SURFACE_STYLE_FILL_AREA ( #1675 ) ;
#6673 = EDGE_LOOP ( 'NONE', ( #6804, #2630, #4959, #1178 ) ) ;
#6674 = VECTOR ( 'NONE', #3106, 1000.000000000000000 ) ;
#6675 = DIRECTION ( 'NONE',  ( 0.0000000000000000000, 0.0000000000000000000, 1.000000000000000000 ) ) ;
#6676 = CARTESIAN_POINT ( 'NONE',  ( 15.61819013813098778, 24.82078152625418710, 8.700287221821335848 ) ) ;
#6677 = EDGE_CURVE ( 'NONE', #2608, #6079, #4761, .T. ) ;
#6678 = EDGE_CURVE ( 'NONE', #2491, #4206, #1667, .T. ) ;
#6679 = DIRECTION ( 'NONE',  ( 1.000000000000000000, 0.0000000000000000000, 0.0000000000000000000 ) ) ;
#6680 = STYLED_ITEM ( 'NONE', ( #3652 ), #2438 ) ;
#6681 = CARTESIAN_POINT ( 'NONE',  ( 8.992381193096983694, 0.0000000000000000000, 2.249498208585212211 ) ) ;
#6682 = AXIS2_PLACEMENT_3D ( 'NONE', #3179, #2664, #3111 ) ;
#6683 = ORIENTED_EDGE ( 'NONE', *, *, #6452, .T. ) ;
#6684 = CARTESIAN_POINT ( 'NONE',  ( -11.97331907960222530, 1.000000000000000000, 32.78593654904997834 ) ) ;
#6685 = DIRECTION ( 'NONE',  ( 0.0000000000000000000, 0.0000000000000000000, 1.000000000000000000 ) ) ;
#6686 = CARTESIAN_POINT ( 'NONE',  ( -11.97331907960222530, 2.000000000000000000, 22.78593654904997834 ) ) ;
#6687 =( GEOMETRIC_REPRESENTATION_CONTEXT ( 3 ) GLOBAL_UNCERTAINTY_ASSIGNED_CONTEXT ( ( #4420 ) ) GLOBAL_UNIT_ASSIGNED_CONTEXT ( ( #6342, #6903, #4791 ) ) REPRESENTATION_CONTEXT ( 'NONE', 'WORKASPACE' ) );
#6688 = EDGE_CURVE ( 'NONE', #427, #5816, #4976, .T. ) ;
#6689 = EDGE_CURVE ( 'NONE', #962, #253, #5164, .T. ) ;
#6690 = EDGE_CURVE ( 'NONE', #6737, #1217, #7204, .T. ) ;
#6691 = SURFACE_SIDE_STYLE ('',( #5507 ) ) ;
#6692 = VERTEX_POINT ( 'NONE', #5908 ) ;
#6693 = VERTEX_POINT ( 'NONE', #2535 ) ;
#6694 = DIRECTION ( 'NONE',  ( 0.0000000000000000000, 0.0000000000000000000, 1.000000000000000000 ) ) ;
#6695 = FACE_OUTER_BOUND ( 'NONE', #3786, .T. ) ;
#6696 = CARTESIAN_POINT ( 'NONE',  ( -11.00000000000000000, 0.0000000000000000000, 0.0000000000000000000 ) ) ;
#6697 = ORIENTED_EDGE ( 'NONE', *, *, #7241, .F. ) ;
#6698 = CARTESIAN_POINT ( 'NONE',  ( 13.54168186980593980, 44.17085293033028393, -5.281263776440502156 ) ) ;
#6699 = EDGE_LOOP ( 'NONE', ( #5354, #613, #262, #2088 ) ) ;
#6700 = FACE_OUTER_BOUND ( 'NONE', #6860, .T. ) ;
#6701 = DIRECTION ( 'NONE',  ( 0.9333333333333330151, 0.0000000000000000000, -0.3590109871423012300 ) ) ;
#6702 = CYLINDRICAL_SURFACE ( 'NONE', #4651, 20.00000000000000000 ) ;
#6703 = DIRECTION ( 'NONE',  ( -0.0000000000000000000, -1.000000000000000000, 0.0000000000000000000 ) ) ;
#6704 = SURFACE_STYLE_FILL_AREA ( #5417 ) ;
#6705 = B_SPLINE_CURVE_WITH_KNOTS ( 'NONE', 3,
 ( #2187, #2847, #5115, #4969, #6819, #2144, #5560, #2739, #5004, #4440 ),
 .UNSPECIFIED., .F., .F.,
 ( 4, 2, 2, 2, 4 ),
 ( 0.0002060187859338208772, 0.001024349407416691232, 0.001842680028899561749, 0.002661010650382432050, 0.003479341271865302350 ),
 .UNSPECIFIED. ) ;
#6706 = CARTESIAN_POINT ( 'NONE',  ( 8.999999999999998224, 1.000000000000000000, -23.77032961426903768 ) ) ;
#6707 = EDGE_LOOP ( 'NONE', ( #3868, #1549, #2094, #3805 ) ) ;
#6708 = DIRECTION ( 'NONE',  ( 0.0000000000000000000, -0.0000000000000000000, 1.000000000000000000 ) ) ;
#6709 = DIRECTION ( 'NONE',  ( 0.0000000000000000000, 0.0000000000000000000, 1.000000000000000000 ) ) ;
#6710 = DIRECTION ( 'NONE',  ( 0.0000000000000000000, 0.0000000000000000000, 1.000000000000000000 ) ) ;
#6711 = CARTESIAN_POINT ( 'NONE',  ( 0.0000000000000000000, 19.00000000000000000, 0.0000000000000000000 ) ) ;
#6712 = EDGE_LOOP ( 'NONE', ( #5278, #3778 ) ) ;
#6713 = DIRECTION ( 'NONE',  ( -0.0000000000000000000, -1.000000000000000000, -0.0000000000000000000 ) ) ;
#6714 = VECTOR ( 'NONE', #7056, 1000.000000000000000 ) ;
#6715 = DIRECTION ( 'NONE',  ( 0.0000000000000000000, 0.0000000000000000000, 1.000000000000000000 ) ) ;
#6716 = DIRECTION ( 'NONE',  ( 0.0000000000000000000, 1.000000000000000000, 0.0000000000000000000 ) ) ;
#6717 = CYLINDRICAL_SURFACE ( 'NONE', #7091, 21.50000000000001776 ) ;
#6718 =( BOUNDED_CURVE ( )  B_SPLINE_CURVE ( 3, ( #1800, #6948, #4111, #3009 ),
 .UNSPECIFIED., .F., .F. ) 
 B_SPLINE_CURVE_WITH_KNOTS ( ( 4, 4 ),
 ( 4.345180959826851819, 4.712388980384688786 ),
 .UNSPECIFIED. ) 
 CURVE ( )  GEOMETRIC_REPRESENTATION_ITEM ( )  RATIONAL_B_SPLINE_CURVE ( ( 1.000000000000000000, 0.9887947201667834918, 0.9887947201667834918, 1.000000000000000000 ) ) 
 REPRESENTATION_ITEM ( '' )  );
#6719 = EDGE_LOOP ( 'NONE', ( #3504, #4931, #4065, #3787 ) ) ;
#6720 = TOROIDAL_SURFACE ( 'NONE', #110, 21.00000000000001421, 1.000000000000000000 ) ;
#6721 = DIRECTION ( 'NONE',  ( -6.413119686690143587E-16, 0.0000000000000000000, 1.000000000000000000 ) ) ;
#6722 = ADVANCED_FACE ( 'NONE', ( #7064 ), #5929, .T. ) ;
#6723 = CARTESIAN_POINT ( 'NONE',  ( -2.000000000000000888, 0.0000000000000000000, -6.999999999999998224 ) ) ;
#6724 = DIRECTION ( 'NONE',  ( 0.0000000000000000000, 0.0000000000000000000, 1.000000000000000000 ) ) ;
#6725 = CIRCLE ( 'NONE', #3538, 18.99999999999999645 ) ;
#6726 = ADVANCED_FACE ( 'NONE', ( #3708 ), #5422, .F. ) ;
#6727 = VERTEX_POINT ( 'NONE', #1019 ) ;
#6728 = EDGE_LOOP ( 'NONE', ( #6609, #796, #2800, #3359 ) ) ;
#6729 = ADVANCED_FACE ( 'NONE', ( #5601 ), #1604, .F. ) ;
#6730 = AXIS2_PLACEMENT_3D ( 'NONE', #2496, #4223, #5881 ) ;
#6731 = EDGE_CURVE ( 'NONE', #5771, #1502, #602, .T. ) ;
#6732 = FACE_OUTER_BOUND ( 'NONE', #6932, .T. ) ;
#6733 = DIRECTION ( 'NONE',  ( -0.0000000000000000000, -1.000000000000000000, -0.0000000000000000000 ) ) ;
#6734 = DIRECTION ( 'NONE',  ( -0.0000000000000000000, -1.000000000000000000, -0.0000000000000000000 ) ) ;
#6735 = EDGE_LOOP ( 'NONE', ( #4557, #580, #563, #5686 ) ) ;
#6736 = DIRECTION ( 'NONE',  ( -0.0000000000000000000, -1.000000000000000000, 0.0000000000000000000 ) ) ;
#6737 = VERTEX_POINT ( 'NONE', #3371 ) ;
#6738 = DIRECTION ( 'NONE',  ( 0.0000000000000000000, 0.0000000000000000000, 1.000000000000000000 ) ) ;
#6739 = CARTESIAN_POINT ( 'NONE',  ( -16.98412109447315643, 24.64780994033622008, 5.281263776440504820 ) ) ;
#6740 = DIRECTION ( 'NONE',  ( -0.9333333333333330151, 0.0000000000000000000, -0.3590109871423012300 ) ) ;
#6741 = EDGE_CURVE ( 'NONE', #2441, #2192, #4250, .T. ) ;
#6742 = DIRECTION ( 'NONE',  ( -1.000000000000000000, -0.0000000000000000000, -0.0000000000000000000 ) ) ;
#6743 = DIRECTION ( 'NONE',  ( -8.673617379884035472E-16, 0.0000000000000000000, 1.000000000000000000 ) ) ;
#6744 = ORIENTED_EDGE ( 'NONE', *, *, #87, .T. ) ;
#6745 = DIRECTION ( 'NONE',  ( 1.000000000000000000, 0.0000000000000000000, 0.0000000000000000000 ) ) ;
#6746 = CARTESIAN_POINT ( 'NONE',  ( -4.975906024263631267, -39.12702436305922760, 0.5050560273214147466 ) ) ;
#6747 = CARTESIAN_POINT ( 'NONE',  ( 16.00000000000000000, 2.000000000000000000, 26.50000000000000355 ) ) ;
#6748 = LINE ( 'NONE', #3374, #1879 ) ;
#6749 = B_SPLINE_CURVE_WITH_KNOTS ( 'NONE', 3,
 ( #2322, #188, #109, #1270 ),
 .UNSPECIFIED., .F., .F.,
 ( 4, 4 ),
 ( 0.0000000000000000000, 0.001255532615692051121 ),
 .UNSPECIFIED. ) ;
#6750 = EDGE_LOOP ( 'NONE', ( #5060, #4067, #6253, #1267 ) ) ;
#6751 =( BOUNDED_CURVE ( )  B_SPLINE_CURVE ( 3, ( #3404, #2734, #4475, #6109 ),
 .UNSPECIFIED., .F., .F. ) 
 B_SPLINE_CURVE_WITH_KNOTS ( ( 4, 4 ),
 ( 0.9987132217564778092, 1.007880168955039846 ),
 .UNSPECIFIED. ) 
 CURVE ( )  GEOMETRIC_REPRESENTATION_ITEM ( )  RATIONAL_B_SPLINE_CURVE ( ( 1.000000000000000000, 0.9999929972688477164, 0.9999929972688477164, 1.000000000000000000 ) ) 
 REPRESENTATION_ITEM ( '' )  );
#6752 = DIRECTION ( 'NONE',  ( 0.0000000000000000000, 0.0000000000000000000, 1.000000000000000000 ) ) ;
#6753 = AXIS2_PLACEMENT_3D ( 'NONE', #6821, #1899, #3557 ) ;
#6754 = CARTESIAN_POINT ( 'NONE',  ( 9.000000000000001776, 0.0000000000000000000, -2.229670385730950333 ) ) ;
#6755 = CARTESIAN_POINT ( 'NONE',  ( 11.97331907960222530, 1.000000000000000000, 31.78593654904997834 ) ) ;
#6756 = DIRECTION ( 'NONE',  ( -0.9959378143920024629, -0.08493934816410408928, -0.02988606694662921531 ) ) ;
#6757 = AXIS2_PLACEMENT_3D ( 'NONE', #4516, #6228, #6862 ) ;
#6758 = VERTEX_POINT ( 'NONE', #2741 ) ;
#6759 = ORIENTED_EDGE ( 'NONE', *, *, #2150, .T. ) ;
#6760 = CARTESIAN_POINT ( 'NONE',  ( 0.0000000000000000000, 19.99999999999999645, 0.0000000000000000000 ) ) ;
#6761 = CARTESIAN_POINT ( 'NONE',  ( -3.000000000000000888, 2.204364238465235033E-15, -17.99999999999999645 ) ) ;
#6762 = CIRCLE ( 'NONE', #2265, 0.9999999999999992228 ) ;
#6763 = AXIS2_PLACEMENT_3D ( 'NONE', #3949, #3406, #1053 ) ;
#6764 =( BOUNDED_CURVE ( )  B_SPLINE_CURVE ( 3, ( #4681, #650, #5086, #6946 ),
 .UNSPECIFIED., .F., .F. ) 
 B_SPLINE_CURVE_WITH_KNOTS ( ( 4, 4 ),
 ( 4.626820790850062259, 4.797408075036777575 ),
 .UNSPECIFIED. ) 
 CURVE ( )  GEOMETRIC_REPRESENTATION_ITEM ( )  RATIONAL_B_SPLINE_CURVE ( ( 1.000000000000000000, 0.9975764680081076197, 0.9975764680081076197, 1.000000000000000000 ) ) 
 REPRESENTATION_ITEM ( '' )  );
#6765 = EDGE_CURVE ( 'NONE', #288, #479, #7309, .T. ) ;
#6766 = ORIENTED_EDGE ( 'NONE', *, *, #5744, .T. ) ;
#6767 = ORIENTED_EDGE ( 'NONE', *, *, #3607, .F. ) ;
#6768 = CIRCLE ( 'NONE', #2738, 1.000000000000000000 ) ;
#6769 = CARTESIAN_POINT ( 'NONE',  ( -19.00000000000000711, 2.383655851095802802, 23.89901857499657467 ) ) ;
#6770 = DIRECTION ( 'NONE',  ( -0.0000000000000000000, -0.0000000000000000000, -1.000000000000000000 ) ) ;
#6771 = EDGE_CURVE ( 'NONE', #4397, #288, #3560, .T. ) ;
#6772 = ADVANCED_FACE ( 'NONE', ( #5562 ), #3916, .T. ) ;
#6773 = FACE_OUTER_BOUND ( 'NONE', #4845, .T. ) ;
#6774 = ORIENTED_EDGE ( 'NONE', *, *, #6002, .F. ) ;
#6775 = AXIS2_PLACEMENT_3D ( 'NONE', #5182, #6927, #706 ) ;
#6776 = DIRECTION ( 'NONE',  ( 0.0000000000000000000, -1.000000000000000000, 0.0000000000000000000 ) ) ;
#6777 = EDGE_LOOP ( 'NONE', ( #2334, #1325, #2534, #2159 ) ) ;
#6778 = DIRECTION ( 'NONE',  ( 0.0000000000000000000, 0.0000000000000000000, 1.000000000000000000 ) ) ;
#6779 = CARTESIAN_POINT ( 'NONE',  ( -15.25901242313525330, 45.05693803994559232, -4.323015725994050484 ) ) ;
#6780 = CARTESIAN_POINT ( 'NONE',  ( -13.74026056903632309, 44.88921036392231656, 4.261290993643034319 ) ) ;
#6781 = AXIS2_PLACEMENT_3D ( 'NONE', #4633, #2850, #1831 ) ;
#6782 = EDGE_CURVE ( 'NONE', #1589, #5933, #2849, .T. ) ;
#6783 = CYLINDRICAL_SURFACE ( 'NONE', #2617, 22.50000000000001421 ) ;
#6784 = ORIENTED_EDGE ( 'NONE', *, *, #2196, .T. ) ;
#6785 = CARTESIAN_POINT ( 'NONE',  ( 13.54168186980592914, 44.17085293033028393, 5.281263776440504820 ) ) ;
#6786 = CARTESIAN_POINT ( 'NONE',  ( -4.994547014510826166, -39.02637503085219350, 0.2631016398234131692 ) ) ;
#6787 = CARTESIAN_POINT ( 'NONE',  ( 11.97331907960222530, 1.000000000000000000, 22.78593654904997834 ) ) ;
#6788 = CARTESIAN_POINT ( 'NONE',  ( -17.00000000000000000, 1.000000000000000000, 32.50000000000000000 ) ) ;
#6789 = CIRCLE ( 'NONE', #6062, 2.499999999999998668 ) ;
#6790 = CIRCLE ( 'NONE', #3466, 5.999999999999999112 ) ;
#6791 = CARTESIAN_POINT ( 'NONE',  ( -3.000000000000000888, 0.0000000000000000000, 0.0000000000000000000 ) ) ;
#6792 = EDGE_LOOP ( 'NONE', ( #2011, #1201, #3965, #2683 ) ) ;
#6793 = DIRECTION ( 'NONE',  ( 0.0000000000000000000, 1.000000000000000000, 0.0000000000000000000 ) ) ;
#6794 =( NAMED_UNIT ( * ) SI_UNIT ( $, .STERADIAN. ) SOLID_ANGLE_UNIT ( ) );
#6795 = AXIS2_PLACEMENT_3D ( 'NONE', #4368, #7314, #6675 ) ;
#6796 = CARTESIAN_POINT ( 'NONE',  ( -15.31334333109023227, 46.02472049292816081, 2.229670385730950333 ) ) ;
#6797 = CARTESIAN_POINT ( 'NONE',  ( -16.93333333333333357, 2.000000000000000000, -5.281263776440502156 ) ) ;
#6798 = ORIENTED_EDGE ( 'NONE', *, *, #5348, .F. ) ;
#6799 = ORIENTED_EDGE ( 'NONE', *, *, #6145, .F. ) ;
#6800 = CARTESIAN_POINT ( 'NONE',  ( 11.00000000000000000, 0.0000000000000000000, 0.0000000000000000000 ) ) ;
#6801 = CARTESIAN_POINT ( 'NONE',  ( -14.66933345154986235, 39.35901098043980539, -10.10635782844369857 ) ) ;
#6802 = VECTOR ( 'NONE', #2595, 1000.000000000000000 ) ;
#6803 = ORIENTED_EDGE ( 'NONE', *, *, #4414, .T. ) ;
#6804 = ORIENTED_EDGE ( 'NONE', *, *, #5386, .F. ) ;
#6805 = CIRCLE ( 'NONE', #1728, 4.999999999999998224 ) ;
#6806 = CARTESIAN_POINT ( 'NONE',  ( -17.00000000000000000, 2.000000000000000000, -30.00000000000000000 ) ) ;
#6807 = CARTESIAN_POINT ( 'NONE',  ( 11.00000000000000000, 6.735557395310441037E-16, -4.999999999999998224 ) ) ;
#6808 = FACE_OUTER_BOUND ( 'NONE', #6673, .T. ) ;
#6809 = ORIENTED_EDGE ( 'NONE', *, *, #6240, .T. ) ;
#6810 = FILL_AREA_STYLE_COLOUR ( '', #5743 ) ;
#6811 = VERTEX_POINT ( 'NONE', #5117 ) ;
#6812 = DIRECTION ( 'NONE',  ( -1.000000000000000000, 0.0000000000000000000, 0.0000000000000000000 ) ) ;
#6813 = CARTESIAN_POINT ( 'NONE',  ( 9.000000000000001776, 1.000000000000000000, 2.229670385730950333 ) ) ;
#6814 = CIRCLE ( 'NONE', #3380, 10.00000000000000178 ) ;
#6815 = DIRECTION ( 'NONE',  ( -0.0000000000000000000, 1.000000000000000000, -0.0000000000000000000 ) ) ;
#6816 = FACE_OUTER_BOUND ( 'NONE', #5035, .T. ) ;
#6817 = EDGE_CURVE ( 'NONE', #4632, #2950, #5006, .T. ) ;
#6818 = VECTOR ( 'NONE', #6984, 1000.000000000000000 ) ;
#6819 = CARTESIAN_POINT ( 'NONE',  ( -18.71934987987160071, 26.18744431184081378, 3.575735815228922032 ) ) ;
#6820 = VERTEX_POINT ( 'NONE', #6075 ) ;
#6821 = CARTESIAN_POINT ( 'NONE',  ( -11.97331907960222530, 1.000000000000000000, -22.78593654904997834 ) ) ;
#6822 = VERTEX_POINT ( 'NONE', #6669 ) ;
#6823 = FACE_OUTER_BOUND ( 'NONE', #6024, .T. ) ;
#6824 = DIRECTION ( 'NONE',  ( 0.0000000000000000000, 1.000000000000000000, 0.0000000000000000000 ) ) ;
#6825 = FACE_OUTER_BOUND ( 'NONE', #3640, .T. ) ;
#6826 = B_SPLINE_CURVE_WITH_KNOTS ( 'NONE', 3,
 ( #2484, #5800, #798, #1792, #243, #3597 ),
 .UNSPECIFIED., .F., .F.,
 ( 4, 2, 4 ),
 ( 0.0000000000000000000, 0.0006055360669750306079, 0.001211072133950061216 ),
 .UNSPECIFIED. ) ;
#6827 = CARTESIAN_POINT ( 'NONE',  ( 16.93333333333331936, 11.32569704883094808, 20.71873622355948186 ) ) ;
#6828 = ORIENTED_EDGE ( 'NONE', *, *, #2023, .T. ) ;
#6829 = EDGE_CURVE ( 'NONE', #100, #5933, #139, .T. ) ;
#6830 = EDGE_CURVE ( 'NONE', #6635, #1884, #3259, .T. ) ;
#6831 = DIRECTION ( 'NONE',  ( 0.0000000000000000000, 0.0000000000000000000, 1.000000000000000000 ) ) ;
#6832 = SURFACE_STYLE_USAGE ( .BOTH. , #1681 ) ;
#6833 = EDGE_LOOP ( 'NONE', ( #2038, #204, #3253, #6349 ) ) ;
#6834 = DIRECTION ( 'NONE',  ( 0.0000000000000000000, 0.0000000000000000000, 1.000000000000000000 ) ) ;
#6835 = LINE ( 'NONE', #4001, #4847 ) ;
#6836 = ORIENTED_EDGE ( 'NONE', *, *, #5462, .F. ) ;
#6837 = ORIENTED_EDGE ( 'NONE', *, *, #3008, .T. ) ;
#6838 = EDGE_CURVE ( 'NONE', #6820, #7031, #5220, .T. ) ;
#6839 = DIRECTION ( 'NONE',  ( -0.0000000000000000000, -1.000000000000000000, -0.0000000000000000000 ) ) ;
#6840 = DIRECTION ( 'NONE',  ( 0.0000000000000000000, 0.0000000000000000000, 1.000000000000000000 ) ) ;
#6841 = AXIS2_PLACEMENT_3D ( 'NONE', #4635, #2375, #5718 ) ;
#6842 = APPLICATION_PROTOCOL_DEFINITION ( 'draft international standard', 'automotive_design', 1998, #2367 ) ;
#6843 = ORIENTED_EDGE ( 'NONE', *, *, #1409, .T. ) ;
#6844 = ORIENTED_EDGE ( 'NONE', *, *, #3521, .T. ) ;
#6845 = DIRECTION ( 'NONE',  ( 1.000000000000000000, 0.0000000000000000000, 0.0000000000000000000 ) ) ;
#6846 = AXIS2_PLACEMENT_3D ( 'NONE', #4015, #3976, #6289 ) ;
#6847 = DIRECTION ( 'NONE',  ( -0.0000000000000000000, -1.000000000000000000, 0.0000000000000000000 ) ) ;
#6848 = ORIENTED_EDGE ( 'NONE', *, *, #6134, .F. ) ;
#6849 = CARTESIAN_POINT ( 'NONE',  ( 8.289220901263080421, 2.000000000000000000, -32.08257145703460367 ) ) ;
#6850 = ORIENTED_EDGE ( 'NONE', *, *, #2385, .F. ) ;
#6851 = DIRECTION ( 'NONE',  ( 0.0000000000000000000, 0.0000000000000000000, -1.000000000000000000 ) ) ;
#6852 = DIRECTION ( 'NONE',  ( 0.0000000000000000000, -1.000000000000000000, 0.0000000000000000000 ) ) ;
#6853 = ORIENTED_EDGE ( 'NONE', *, *, #7218, .F. ) ;
#6854 = AXIS2_PLACEMENT_3D ( 'NONE', #3654, #6965, #850 ) ;
#6855 = DIRECTION ( 'NONE',  ( 0.0000000000000000000, 0.0000000000000000000, -1.000000000000000000 ) ) ;
#6856 = CARTESIAN_POINT ( 'NONE',  ( -18.99999999999999645, 2.652747412077494094, 23.77032961426903057 ) ) ;
#6857 = CARTESIAN_POINT ( 'NONE',  ( 15.20692007010294056, 44.71449367422462018, 4.840425221311232207 ) ) ;
#6858 = VERTEX_POINT ( 'NONE', #2189 ) ;
#6859 = DIRECTION ( 'NONE',  ( 1.224646799147353454E-16, 0.0000000000000000000, -1.000000000000000000 ) ) ;
#6860 = EDGE_LOOP ( 'NONE', ( #3244, #2065, #3897, #1713 ) ) ;
#6861 = CARTESIAN_POINT ( 'NONE',  ( 15.61819013813099133, 24.82078152625418355, -8.700287221821335848 ) ) ;
#6862 = DIRECTION ( 'NONE',  ( 0.0000000000000000000, 0.0000000000000000000, -1.000000000000000000 ) ) ;
#6863 = EDGE_CURVE ( 'NONE', #3862, #5854, #4442, .T. ) ;
#6864 = LINE ( 'NONE', #2263, #4714 ) ;
#6865 = DIRECTION ( 'NONE',  ( -0.0000000000000000000, -1.000000000000000000, 0.0000000000000000000 ) ) ;
#6866 = ORIENTED_EDGE ( 'NONE', *, *, #451, .F. ) ;
#6867 = CARTESIAN_POINT ( 'NONE',  ( -14.61217708478149646, 41.27808100486818432, 8.609540599308608932 ) ) ;
#6868 = PLANE ( 'NONE',  #517 ) ;
#6869 = CARTESIAN_POINT ( 'NONE',  ( 0.0000000000000000000, -18.00000000000000000, 0.0000000000000000000 ) ) ;
#6870 = ORIENTED_EDGE ( 'NONE', *, *, #7188, .F. ) ;
#6871 = DIRECTION ( 'NONE',  ( -1.000000000000000000, 0.0000000000000000000, 0.0000000000000000000 ) ) ;
#6872 = EDGE_CURVE ( 'NONE', #3361, #3141, #2260, .T. ) ;
#6873 = EDGE_CURVE ( 'NONE', #1434, #5902, #6572, .T. ) ;
#6874 = DIRECTION ( 'NONE',  ( 0.0000000000000000000, 0.0000000000000000000, 1.000000000000000000 ) ) ;
#6875 = ORIENTED_EDGE ( 'NONE', *, *, #2160, .F. ) ;
#6876 = AXIS2_PLACEMENT_3D ( 'NONE', #4253, #6525, #1463 ) ;
#6877 = ORIENTED_EDGE ( 'NONE', *, *, #5559, .F. ) ;
#6878 = ADVANCED_FACE ( 'NONE', ( #3881 ), #5080, .T. ) ;
#6879 = CARTESIAN_POINT ( 'NONE',  ( 12.66758421158957404, 0.0000000000000000000, -32.78593654904997834 ) ) ;
#6880 = CARTESIAN_POINT ( 'NONE',  ( -36.74593000491812944, 28.13235003885263552, 13.00000000000000000 ) ) ;
#6881 = AXIS2_PLACEMENT_3D ( 'NONE', #5381, #3699, #4896 ) ;
#6882 = EDGE_CURVE ( 'NONE', #5250, #4312, #4140, .T. ) ;
#6883 = ORIENTED_EDGE ( 'NONE', *, *, #3050, .T. ) ;
#6884 = ORIENTED_EDGE ( 'NONE', *, *, #1887, .T. ) ;
#6885 = CARTESIAN_POINT ( 'NONE',  ( -17.49065276715009176, 24.98460077916930544, -2.628187120243466790 ) ) ;
#6886 = AXIS2_PLACEMENT_3D ( 'NONE', #2294, #2252, #6701 ) ;
#6887 = CYLINDRICAL_SURFACE ( 'NONE', #1571, 3.500000000000003109 ) ;
#6888 = VERTEX_POINT ( 'NONE', #3036 ) ;
#6889 = ORIENTED_EDGE ( 'NONE', *, *, #2799, .T. ) ;
#6890 = ORIENTED_EDGE ( 'NONE', *, *, #728, .F. ) ;
#6891 = DIRECTION ( 'NONE',  ( 0.0000000000000000000, 1.224646799147353454E-16, 1.000000000000000000 ) ) ;
#6892 = AXIS2_PLACEMENT_3D ( 'NONE', #6706, #3879, #1090 ) ;
#6893 = DIRECTION ( 'NONE',  ( -1.000000000000000000, 0.0000000000000000000, 0.0000000000000000000 ) ) ;
#6894 = VECTOR ( 'NONE', #4734, 1000.000000000000000 ) ;
#6895 = CARTESIAN_POINT ( 'NONE',  ( -17.00000000000000000, 2.000000000000000000, -30.00000000000000000 ) ) ;
#6896 = VERTEX_POINT ( 'NONE', #6296 ) ;
#6897 = FACE_OUTER_BOUND ( 'NONE', #2771, .T. ) ;
#6898 = ORIENTED_EDGE ( 'NONE', *, *, #2244, .F. ) ;
#6899 = CARTESIAN_POINT ( 'NONE',  ( 12.66758421158957404, 2.000000000000000000, -42.78593654904998544 ) ) ;
#6900 = FACE_OUTER_BOUND ( 'NONE', #5335, .T. ) ;
#6901 = DIRECTION ( 'NONE',  ( 0.0000000000000000000, -1.000000000000000000, 0.0000000000000000000 ) ) ;
#6902 = AXIS2_PLACEMENT_3D ( 'NONE', #6630, #386, #2670 ) ;
#6903 =( NAMED_UNIT ( * ) PLANE_ANGLE_UNIT ( ) SI_UNIT ( $, .RADIAN. ) );
#6904 = AXIS2_PLACEMENT_3D ( 'NONE', #5671, #675, #4667 ) ;
#6905 = CIRCLE ( 'NONE', #3343, 10.00000000000000000 ) ;
#6906 = ORIENTED_EDGE ( 'NONE', *, *, #3700, .T. ) ;
#6907 = CARTESIAN_POINT ( 'NONE',  ( -15.29805563633783372, 34.62703965754567292, 12.52011567604874820 ) ) ;
#6908 = EDGE_CURVE ( 'NONE', #973, #3939, #4618, .T. ) ;
#6909 = DIRECTION ( 'NONE',  ( 0.0000000000000000000, 0.0000000000000000000, -1.000000000000000000 ) ) ;
#6910 = AXIS2_PLACEMENT_3D ( 'NONE', #4217, #280, #6419 ) ;
#6911 = VECTOR ( 'NONE', #3394, 1000.000000000000000 ) ;
#6912 = CARTESIAN_POINT ( 'NONE',  ( -17.39249901575935198, 25.38296491140138755, -3.038452441970080464 ) ) ;
#6913 = DIRECTION ( 'NONE',  ( 0.0000000000000000000, 1.000000000000000000, 0.0000000000000000000 ) ) ;
#6914 = ORIENTED_EDGE ( 'NONE', *, *, #3340, .F. ) ;
#6915 = EDGE_LOOP ( 'NONE', ( #4348, #5552 ) ) ;
#6916 = VECTOR ( 'NONE', #2604, 1000.000000000000000 ) ;
#6917 = DIRECTION ( 'NONE',  ( 0.0000000000000000000, 0.0000000000000000000, 1.000000000000000000 ) ) ;
#6918 = AXIS2_PLACEMENT_3D ( 'NONE', #2978, #5850, #6315 ) ;
#6919 = EDGE_CURVE ( 'NONE', #2786, #2310, #5216, .T. ) ;
#6920 = CARTESIAN_POINT ( 'NONE',  ( 0.0000000000000000000, -19.00000000000000000, 4.999999999999999112 ) ) ;
#6921 = AXIS2_PLACEMENT_3D ( 'NONE', #6929, #1856, #4127 ) ;
#6922 = ORIENTED_EDGE ( 'NONE', *, *, #4235, .F. ) ;
#6923 = ORIENTED_EDGE ( 'NONE', *, *, #4273, .T. ) ;
#6924 = CYLINDRICAL_SURFACE ( 'NONE', #2058, 1.000000000000000888 ) ;
#6925 = EDGE_CURVE ( 'NONE', #2101, #5803, #7226, .T. ) ;
#6926 = EDGE_CURVE ( 'NONE', #6354, #2922, #842, .T. ) ;
#6927 = DIRECTION ( 'NONE',  ( -0.0000000000000000000, -1.000000000000000000, -0.0000000000000000000 ) ) ;
#6928 = ORIENTED_EDGE ( 'NONE', *, *, #1724, .F. ) ;
#6929 = CARTESIAN_POINT ( 'NONE',  ( -19.22222222222222854, 1.000000000000000000, 28.85469288177286629 ) ) ;
#6930 = ORIENTED_EDGE ( 'NONE', *, *, #4148, .T. ) ;
#6931 = CARTESIAN_POINT ( 'NONE',  ( -19.00000000000000355, 24.67907091749999537, 2.229670385730950777 ) ) ;
#6932 = EDGE_LOOP ( 'NONE', ( #5812, #4580, #5500, #7308 ) ) ;
#6933 = CARTESIAN_POINT ( 'NONE',  ( -16.00000000000000000, 2.000000000000000000, 29.00000000000000000 ) ) ;
#6934 = AXIS2_PLACEMENT_3D ( 'NONE', #855, #2553, #5990 ) ;
#6935 = CARTESIAN_POINT ( 'NONE',  ( 0.0000000000000000000, 19.00000000000000000, 0.0000000000000000000 ) ) ;
#6936 = AXIS2_PLACEMENT_3D ( 'NONE', #2701, #3214, #4215 ) ;
#6937 = CARTESIAN_POINT ( 'NONE',  ( -11.00000000000000000, 0.0000000000000000000, 0.0000000000000000000 ) ) ;
#6938 = EDGE_LOOP ( 'NONE', ( #945, #5786, #1129, #2085 ) ) ;
#6939 = CYLINDRICAL_SURFACE ( 'NONE', #2254, 20.00000000000001776 ) ;
#6940 = ORIENTED_EDGE ( 'NONE', *, *, #4032, .F. ) ;
#6941 = PLANE ( 'NONE',  #4952 ) ;
#6942 = CARTESIAN_POINT ( 'NONE',  ( -17.80423287348564898, 16.76559260184349753, 18.80469889935136862 ) ) ;
#6943 = CARTESIAN_POINT ( 'NONE',  ( -19.04806257171480866, 2.000000000000000000, -24.69456507259759093 ) ) ;
#6944 = FACE_OUTER_BOUND ( 'NONE', #2848, .T. ) ;
#6945 = VERTEX_POINT ( 'NONE', #4023 ) ;
#6946 = CARTESIAN_POINT ( 'NONE',  ( 15.29805563633783727, 34.62703965754568003, -12.52011567604874820 ) ) ;
#6947 = LINE ( 'NONE', #801, #1117 ) ;
#6948 = CARTESIAN_POINT ( 'NONE',  ( 18.77525949755805712, 9.590948985735598953, 21.32911054205598944 ) ) ;
#6949 = DIRECTION ( 'NONE',  ( -0.9829747306675965524, 0.1733249663713345157, 0.06098471038991397364 ) ) ;
#6950 = CARTESIAN_POINT ( 'NONE',  ( -18.52659347597828088, 2.000000000000000000, 24.70753583146812815 ) ) ;
#6951 = ORIENTED_EDGE ( 'NONE', *, *, #3018, .F. ) ;
#6952 = ORIENTED_EDGE ( 'NONE', *, *, #583, .T. ) ;
#6953 = DIRECTION ( 'NONE',  ( 1.000000000000000000, 0.0000000000000000000, 0.0000000000000000000 ) ) ;
#6954 = CARTESIAN_POINT ( 'NONE',  ( 0.0000000000000000000, -19.00000000000000000, 0.0000000000000000000 ) ) ;
#6955 =( BOUNDED_CURVE ( )  B_SPLINE_CURVE ( 3, ( #5036, #1744, #6254, #595 ),
 .UNSPECIFIED., .F., .F. ) 
 B_SPLINE_CURVE_WITH_KNOTS ( ( 4, 4 ),
 ( 4.634933661082572876, 4.791463647989982810 ),
 .UNSPECIFIED. ) 
 CURVE ( )  GEOMETRIC_REPRESENTATION_ITEM ( )  RATIONAL_B_SPLINE_CURVE ( ( 1.000000000000000000, 0.9979592389603897384, 0.9979592389603897384, 1.000000000000000000 ) ) 
 REPRESENTATION_ITEM ( '' )  );
#6956 = ORIENTED_EDGE ( 'NONE', *, *, #2475, .F. ) ;
#6957 = ORIENTED_EDGE ( 'NONE', *, *, #4706, .T. ) ;
#6958 = EDGE_CURVE ( 'NONE', #1445, #5158, #2607, .T. ) ;
#6959 = DIRECTION ( 'NONE',  ( 0.0000000000000000000, 1.000000000000000000, 0.0000000000000000000 ) ) ;
#6960 = ADVANCED_FACE ( 'NONE', ( #3525 ), #6939, .F. ) ;
#6961 = CIRCLE ( 'NONE', #5537, 8.499999999999998224 ) ;
#6962 = CARTESIAN_POINT ( 'NONE',  ( 16.00000000000000000, 0.0000000000000000000, 29.00000000000000000 ) ) ;
#6963 = VERTEX_POINT ( 'NONE', #5159 ) ;
#6964 = VERTEX_POINT ( 'NONE', #4066 ) ;
#6965 = DIRECTION ( 'NONE',  ( -0.0000000000000000000, -1.000000000000000000, -0.0000000000000000000 ) ) ;
#6966 = ORIENTED_EDGE ( 'NONE', *, *, #45, .F. ) ;
#6967 = ADVANCED_FACE ( 'NONE', ( #3487 ), #5714, .T. ) ;
#6968 = ADVANCED_FACE ( 'NONE', ( #5279 ), #956, .T. ) ;
#6969 = SHAPE_REPRESENTATION ( 'Castor wheel', ( #1481, #4913, #2184, #1136 ), #3013 ) ;
#6970 = VECTOR ( 'NONE', #1519, 1000.000000000000000 ) ;
#6971 = DIRECTION ( 'NONE',  ( 0.0000000000000000000, -0.0000000000000000000, 1.000000000000000000 ) ) ;
#6972 = EDGE_CURVE ( 'NONE', #1471, #4494, #2836, .T. ) ;
#6973 = CIRCLE ( 'NONE', #465, 10.00000000000000000 ) ;
#6974 = LINE ( 'NONE', #2919, #3681 ) ;
#6975 = EDGE_LOOP ( 'NONE', ( #3486, #4608, #3508, #5984 ) ) ;
#6976 = DIRECTION ( 'NONE',  ( 1.000000000000000000, 0.0000000000000000000, 0.0000000000000000000 ) ) ;
#6977 = VERTEX_POINT ( 'NONE', #122 ) ;
#6978 = PLANE ( 'NONE',  #3645 ) ;
#6979 = FACE_OUTER_BOUND ( 'NONE', #5116, .T. ) ;
#6980 = ADVANCED_FACE ( 'NONE', ( #1320 ), #3894, .T. ) ;
#6981 = DIRECTION ( 'NONE',  ( 0.0000000000000000000, 0.0000000000000000000, 1.000000000000000000 ) ) ;
#6982 = AXIS2_PLACEMENT_3D ( 'NONE', #4376, #4458, #7214 ) ;
#6983 = CYLINDRICAL_SURFACE ( 'NONE', #4077, 20.00000000000001776 ) ;
#6984 = DIRECTION ( 'NONE',  ( 6.413119686690143587E-16, -0.0000000000000000000, 1.000000000000000000 ) ) ;
#6985 = CARTESIAN_POINT ( 'NONE',  ( 17.49999999999999645, 2.000000000000000000, 24.69534183785885872 ) ) ;
#6986 = B_SPLINE_CURVE_WITH_KNOTS ( 'NONE', 3,
 ( #1863, #4097, #6336, #717 ),
 .UNSPECIFIED., .F., .F.,
 ( 4, 4 ),
 ( 5.204170427930421283E-18, 0.002237096193948275892 ),
 .UNSPECIFIED. ) ;
#6987 = DIRECTION ( 'NONE',  ( 0.0000000000000000000, 0.0000000000000000000, -1.000000000000000000 ) ) ;
#6988 = FACE_OUTER_BOUND ( 'NONE', #1678, .T. ) ;
#6989 = CARTESIAN_POINT ( 'NONE',  ( 13.79385814048161407, 46.00399350488975614, -1.496393119724594101 ) ) ;
#6990 = VERTEX_POINT ( 'NONE', #4631 ) ;
#6991 = ORIENTED_EDGE ( 'NONE', *, *, #2561, .F. ) ;
#6992 = CARTESIAN_POINT ( 'NONE',  ( 17.54217882118008376, 24.74621057434748295, -2.229670385730951221 ) ) ;
#6993 = DIRECTION ( 'NONE',  ( -0.0000000000000000000, 1.000000000000000000, -0.0000000000000000000 ) ) ;
#6994 = VECTOR ( 'NONE', #7274, 1000.000000000000000 ) ;
#6995 = VERTEX_POINT ( 'NONE', #1751 ) ;
#6996 = AXIS2_PLACEMENT_3D ( 'NONE', #6192, #4788, #4026 ) ;
#6997 = LINE ( 'NONE', #1379, #2396 ) ;
#6998 = SURFACE_SIDE_STYLE ('',( #4735 ) ) ;
#6999 = ORIENTED_EDGE ( 'NONE', *, *, #1706, .F. ) ;
#7000 = CARTESIAN_POINT ( 'NONE',  ( -19.00000000000000355, 24.80912086497396984, 2.423370161046546567 ) ) ;
#7001 = VERTEX_POINT ( 'NONE', #6261 ) ;
#7002 = VECTOR ( 'NONE', #6180, 1000.000000000000227 ) ;
#7003 = CARTESIAN_POINT ( 'NONE',  ( -16.54905733210709329, 29.73105127962639216, -3.609762419122515276 ) ) ;
#7004 = EDGE_CURVE ( 'NONE', #5444, #5454, #4369, .T. ) ;
#7005 = ADVANCED_FACE ( 'NONE', ( #6897 ), #2127, .F. ) ;
#7006 =( GEOMETRIC_REPRESENTATION_CONTEXT ( 3 ) GLOBAL_UNCERTAINTY_ASSIGNED_CONTEXT ( ( #3091 ) ) GLOBAL_UNIT_ASSIGNED_CONTEXT ( ( #4324, #2599, #5392 ) ) REPRESENTATION_CONTEXT ( 'NONE', 'WORKASPACE' ) );
#7007 = CARTESIAN_POINT ( 'NONE',  ( -12.66758421158958114, 1.000000000000000000, -31.78593654904997834 ) ) ;
#7008 = ORIENTED_EDGE ( 'NONE', *, *, #2927, .F. ) ;
#7009 = ORIENTED_EDGE ( 'NONE', *, *, #5388, .T. ) ;
#7010 = CIRCLE ( 'NONE', #3692, 23.09004962809790129 ) ;
#7011 = CARTESIAN_POINT ( 'NONE',  ( -4.962937200442964603, -40.79941722727718201, -0.6147602299270064075 ) ) ;
#7012 = EDGE_LOOP ( 'NONE', ( #6562, #5234, #2977, #1148 ) ) ;
#7013 = CARTESIAN_POINT ( 'NONE',  ( 37.00000000000000000, 2.000000000000000000, -13.00000000000000000 ) ) ;
#7014 =( BOUNDED_SURFACE ( )  B_SPLINE_SURFACE ( 3, 2, ( 
 ( #4512, #6667, #6149 ),
 ( #11, #1160, #4396 ),
 ( #3441, #1602, #54 ),
 ( #2301, #2258, #1749 ) ),
 .UNSPECIFIED., .F., .F., .F. ) 
 B_SPLINE_SURFACE_WITH_KNOTS ( ( 4, 4 ),
 ( 3, 3 ),
 ( 7.280701767688388948, 7.291127287517007005 ),
 ( 0.0000000000000000000, 1.000000000000000000 ),
 .UNSPECIFIED. ) 
 GEOMETRIC_REPRESENTATION_ITEM ( )  RATIONAL_B_SPLINE_SURFACE ( (
 ( 1.000000000000000000, 0.8407774422516570700, 1.000000000000000000),
 ( 1.000000000000000000, 0.8426538791017863517, 1.000000000000000000),
 ( 1.000000000000000000, 0.8445151982426088999, 1.000000000000000000),
 ( 1.000000000000000000, 0.8463612962922619776, 1.000000000000000000) ) ) 
 REPRESENTATION_ITEM ( '' )  SURFACE ( )  );
#7015 = DIRECTION ( 'NONE',  ( 1.000000000000000000, 0.0000000000000000000, 0.0000000000000000000 ) ) ;
#7016 = CARTESIAN_POINT ( 'NONE',  ( 18.14128556647506940, 29.27918061236836778, 3.793470736243383712 ) ) ;
#7017 = CARTESIAN_POINT ( 'NONE',  ( 17.21450399055210312, 24.96044089177042835, -15.92132635289559417 ) ) ;
#7018 = ORIENTED_EDGE ( 'NONE', *, *, #5374, .T. ) ;
#7019 = B_SPLINE_CURVE_WITH_KNOTS ( 'NONE', 3,
 ( #7306, #2219, #1707, #6780 ),
 .UNSPECIFIED., .F., .F.,
 ( 4, 4 ),
 ( 2.602085213965210642E-18, 0.002237096193948289336 ),
 .UNSPECIFIED. ) ;
#7020 = TOROIDAL_SURFACE ( 'NONE', #3794, 2.500000000000003109, 1.000000000000000000 ) ;
#7021 = EDGE_CURVE ( 'NONE', #2920, #5052, #735, .T. ) ;
#7022 = EDGE_CURVE ( 'NONE', #5341, #5, #4099, .T. ) ;
#7023 = DIRECTION ( 'NONE',  ( -0.9296634907984616669, -0.0000000000000000000, -0.3684098178339152985 ) ) ;
#7024 = ADVANCED_FACE ( 'NONE', ( #4179 ), #6449, .T. ) ;
#7025 = ORIENTED_EDGE ( 'NONE', *, *, #6838, .T. ) ;
#7026 = CARTESIAN_POINT ( 'NONE',  ( 11.97331907960222530, 0.0000000000000000000, -22.78593654904997834 ) ) ;
#7027 = LINE ( 'NONE', #1950, #4650 ) ;
#7028 = CARTESIAN_POINT ( 'NONE',  ( -13.25895846236359255, 38.09569498938387966, 10.87190083950715724 ) ) ;
#7029 = CIRCLE ( 'NONE', #1112, 1.000000000000000000 ) ;
#7030 = CIRCLE ( 'NONE', #876, 1.000000000000000888 ) ;
#7031 = VERTEX_POINT ( 'NONE', #3696 ) ;
#7032 = DIRECTION ( 'NONE',  ( 0.0000000000000000000, 1.000000000000000000, 0.0000000000000000000 ) ) ;
#7033 = DIRECTION ( 'NONE',  ( 0.0000000000000000000, 0.0000000000000000000, -1.000000000000000000 ) ) ;
#7034 = AXIS2_PLACEMENT_3D ( 'NONE', #1593, #5546, #7298 ) ;
#7035 = AXIS2_PLACEMENT_3D ( 'NONE', #2722, #1622, #3864 ) ;
#7036 = EDGE_LOOP ( 'NONE', ( #4314, #4711, #825, #3474 ) ) ;
#7037 = TOROIDAL_SURFACE ( 'NONE', #2533, 9.000000000000001776, 1.000000000000000000 ) ;
#7038 = AXIS2_PLACEMENT_3D ( 'NONE', #2759, #2163, #3856 ) ;
#7039 = CARTESIAN_POINT ( 'NONE',  ( 18.33333333333332149, 1.000000000000000000, -5.819780257153963632 ) ) ;
#7040 = VECTOR ( 'NONE', #1837, 1000.000000000000000 ) ;
#7041 = LINE ( 'NONE', #3718, #5588 ) ;
#7042 =( NAMED_UNIT ( * ) SI_UNIT ( $, .STERADIAN. ) SOLID_ANGLE_UNIT ( ) );
#7043 = EDGE_LOOP ( 'NONE', ( #5788, #4570 ) ) ;
#7044 = CARTESIAN_POINT ( 'NONE',  ( 20.50000000000000355, 56.00000000000000000, -5.000000000000004441 ) ) ;
#7045 = ORIENTED_EDGE ( 'NONE', *, *, #6353, .F. ) ;
#7046 = CIRCLE ( 'NONE', #5971, 2.499999999999998668 ) ;
#7047 = CARTESIAN_POINT ( 'NONE',  ( -8.999999999999998224, 2.000000000000000000, 23.77032961426903768 ) ) ;
#7048 = PRESENTATION_LAYER_ASSIGNMENT (  '', '', ( #6680 ) ) ;
#7049 = AXIS2_PLACEMENT_3D ( 'NONE', #3215, #2183, #4965 ) ;
#7050 = CARTESIAN_POINT ( 'NONE',  ( 17.21450399055210667, 24.96044089177042835, 15.92132635289558706 ) ) ;
#7051 = ORIENTED_EDGE ( 'NONE', *, *, #4274, .F. ) ;
#7052 = ORIENTED_EDGE ( 'NONE', *, *, #1071, .T. ) ;
#7053 = EDGE_LOOP ( 'NONE', ( #3354, #4520, #1097, #750 ) ) ;
#7054 = DIRECTION ( 'NONE',  ( 0.0000000000000000000, 0.9433123908373908240, -0.3319062115909337529 ) ) ;
#7055 = CARTESIAN_POINT ( 'NONE',  ( 18.30286295009957698, 28.16070999943120512, -4.000000000000000000 ) ) ;
#7056 = DIRECTION ( 'NONE',  ( -0.0000000000000000000, -1.000000000000000000, -0.0000000000000000000 ) ) ;
#7057 = EDGE_CURVE ( 'NONE', #2637, #2474, #256, .T. ) ;
#7058 = FACE_OUTER_BOUND ( 'NONE', #4695, .T. ) ;
#7059 = EDGE_LOOP ( 'NONE', ( #7070, #950, #6450, #6447 ) ) ;
#7060 = CARTESIAN_POINT ( 'NONE',  ( 14.88137838567914173, 2.000000000000000000, -32.78593654904997834 ) ) ;
#7061 = EDGE_CURVE ( 'NONE', #6270, #3564, #6274, .T. ) ;
#7062 = CARTESIAN_POINT ( 'NONE',  ( 17.44684661684418359, 25.17423061042309840, -2.845755207768372763 ) ) ;
#7063 = EDGE_LOOP ( 'NONE', ( #2208, #5106, #3393, #4430 ) ) ;
#7064 = FACE_OUTER_BOUND ( 'NONE', #6103, .T. ) ;
#7065 = DIRECTION ( 'NONE',  ( -1.000000000000000000, 0.0000000000000000000, 0.0000000000000000000 ) ) ;
#7066 = CARTESIAN_POINT ( 'NONE',  ( -22.50000000000000000, 28.00000000000000000, -4.000000000000000000 ) ) ;
#7067 = EDGE_CURVE ( 'NONE', #3166, #2756, #4011, .T. ) ;
#7068 = ADVANCED_FACE ( 'NONE', ( #6482 ), #185, .T. ) ;
#7069 = ADVANCED_FACE ( 'NONE', ( #3209 ), #5967, .F. ) ;
#7070 = ORIENTED_EDGE ( 'NONE', *, *, #281, .T. ) ;
#7071 = CARTESIAN_POINT ( 'NONE',  ( 18.33120045906893836, 28.00000000000000355, 4.000000000000000888 ) ) ;
#7072 = LINE ( 'NONE', #1336, #5076 ) ;
#7073 = ORIENTED_EDGE ( 'NONE', *, *, #1179, .T. ) ;
#7074 = EDGE_CURVE ( 'NONE', #7239, #3550, #3174, .T. ) ;
#7075 = CARTESIAN_POINT ( 'NONE',  ( 0.0000000000000000000, -19.99999999999999645, 0.0000000000000000000 ) ) ;
#7076 = CARTESIAN_POINT ( 'NONE',  ( 18.33333333333332149, 2.000000000000000000, 20.18021974284602749 ) ) ;
#7077 = VERTEX_POINT ( 'NONE', #4746 ) ;
#7078 = FACE_OUTER_BOUND ( 'NONE', #5824, .T. ) ;
#7079 = ORIENTED_EDGE ( 'NONE', *, *, #7057, .F. ) ;
#7080 = CARTESIAN_POINT ( 'NONE',  ( -17.49999999999999645, 2.000000000000000000, 23.77032961426903412 ) ) ;
#7081 = AXIS2_PLACEMENT_3D ( 'NONE', #6341, #5200, #5801 ) ;
#7082 = DIRECTION ( 'NONE',  ( 0.0000000000000000000, 0.0000000000000000000, -1.000000000000000000 ) ) ;
#7083 = ORIENTED_EDGE ( 'NONE', *, *, #1806, .F. ) ;
#7084 = DIRECTION ( 'NONE',  ( 0.0000000000000000000, 1.000000000000000000, 0.0000000000000000000 ) ) ;
#7085 = ORIENTED_EDGE ( 'NONE', *, *, #7061, .F. ) ;
#7086 = CARTESIAN_POINT ( 'NONE',  ( 16.00000000000000000, 0.0000000000000000000, -31.50000000000000000 ) ) ;
#7087 = DIRECTION ( 'NONE',  ( 0.0000000000000000000, 0.0000000000000000000, 1.000000000000000000 ) ) ;
#7088 = CARTESIAN_POINT ( 'NONE',  ( -18.50909430422742830, 2.000000000000806022, -24.07442838226461390 ) ) ;
#7089 = CARTESIAN_POINT ( 'NONE',  ( 17.39999163019041006, 0.0000000000000000000, 5.460766595698405723 ) ) ;
#7090 = ORIENTED_EDGE ( 'NONE', *, *, #1526, .T. ) ;
#7091 = AXIS2_PLACEMENT_3D ( 'NONE', #1646, #3889, #2031 ) ;
#7092 = CARTESIAN_POINT ( 'NONE',  ( 16.00000000000000000, 0.0000000000000000000, -29.00000000000000000 ) ) ;
#7093 = EDGE_CURVE ( 'NONE', #2072, #3493, #4421, .T. ) ;
#7094 = CARTESIAN_POINT ( 'NONE',  ( 16.59579022705172946, 29.27909405061773995, -3.793502981034124311 ) ) ;
#7095 = ORIENTED_EDGE ( 'NONE', *, *, #4742, .F. ) ;
#7096 = DIRECTION ( 'NONE',  ( 0.8888888888888896167, 0.0000000000000000000, -0.4581228472908500104 ) ) ;
#7097 = CARTESIAN_POINT ( 'NONE',  ( -17.39643909547886835, 0.0000000000000000000, -5.470020160691008826 ) ) ;
#7098 = CARTESIAN_POINT ( 'NONE',  ( 13.82597942870980923, 45.82182462693844371, 2.229670385730948556 ) ) ;
#7099 = CIRCLE ( 'NONE', #822, 1.000000000000000000 ) ;
#7100 = ORIENTED_EDGE ( 'NONE', *, *, #98, .F. ) ;
#7101 = CARTESIAN_POINT ( 'NONE',  ( -18.99999999999999645, 6.151249469822134053, 22.53937518654406347 ) ) ;
#7102 = FACE_OUTER_BOUND ( 'NONE', #3037, .T. ) ;
#7103 = EDGE_CURVE ( 'NONE', #3853, #1217, #7247, .T. ) ;
#7104 = EDGE_CURVE ( 'NONE', #4441, #1186, #128, .T. ) ;
#7105 = ORIENTED_EDGE ( 'NONE', *, *, #5698, .T. ) ;
#7106 = DIRECTION ( 'NONE',  ( -1.000000000000000000, -0.0000000000000000000, -0.0000000000000000000 ) ) ;
#7107 = UNCERTAINTY_MEASURE_WITH_UNIT (LENGTH_MEASURE( 1.000000000000000082E-05 ), #6022, 'distance_accuracy_value', 'NONE');
#7108 = EDGE_CURVE ( 'NONE', #6515, #78, #5343, .T. ) ;
#7109 = CARTESIAN_POINT ( 'NONE',  ( -3.000000000000000888, 2.081899558550499885E-15, 16.99999999999999289 ) ) ;
#7110 = ORIENTED_EDGE ( 'NONE', *, *, #1485, .F. ) ;
#7111 = DIRECTION ( 'NONE',  ( 0.0000000000000000000, 1.000000000000000000, 0.0000000000000000000 ) ) ;
#7112 = ORIENTED_EDGE ( 'NONE', *, *, #4053, .F. ) ;
#7113 = FACE_OUTER_BOUND ( 'NONE', #7053, .T. ) ;
#7114 = VECTOR ( 'NONE', #2050, 1000.000000000000000 ) ;
#7115 = CYLINDRICAL_SURFACE ( 'NONE', #4030, 1.000000000000000888 ) ;
#7116 = EDGE_LOOP ( 'NONE', ( #2215, #2981 ) ) ;
#7117 = CARTESIAN_POINT ( 'NONE',  ( -4.994606764378072938, -40.97391981795654914, 0.2619220217192536060 ) ) ;
#7118 = VERTEX_POINT ( 'NONE', #273 ) ;
#7119 = CARTESIAN_POINT ( 'NONE',  ( -10.00000000000000178, 23.00000000000000000, 0.0000000000000000000 ) ) ;
#7120 = CONICAL_SURFACE ( 'NONE', #6161, 24.00000000000000000, 0.09966865249116210745 ) ;
#7121 = CARTESIAN_POINT ( 'NONE',  ( 18.22636807438293260, 28.64461774868944133, -3.951064462099748820 ) ) ;
#7122 = DIRECTION ( 'NONE',  ( 0.0000000000000000000, 0.0000000000000000000, 1.000000000000000000 ) ) ;
#7123 = DIRECTION ( 'NONE',  ( 0.0000000000000000000, 0.0000000000000000000, 1.000000000000000000 ) ) ;
#7124 = CARTESIAN_POINT ( 'NONE',  ( -10.00000000000000178, 0.0000000000000000000, 0.0000000000000000000 ) ) ;
#7125 = AXIS2_PLACEMENT_3D ( 'NONE', #3943, #3839, #1158 ) ;
#7126 = AXIS2_PLACEMENT_3D ( 'NONE', #6933, #3551, #1860 ) ;
#7127 = CARTESIAN_POINT ( 'NONE',  ( 0.0000000000000000000, 20.99999999999999645, -5.999999999999999112 ) ) ;
#7128 = ORIENTED_EDGE ( 'NONE', *, *, #440, .F. ) ;
#7129 = CARTESIAN_POINT ( 'NONE',  ( 17.07502125235892265, 26.60220228439246171, 3.758450641928754443 ) ) ;
#7130 = CARTESIAN_POINT ( 'NONE',  ( -11.00000000000000000, 3.061616997868383141E-16, -2.500000000000000000 ) ) ;
#7131 = CARTESIAN_POINT ( 'NONE',  ( 0.0000000000000000000, 19.99999999999999645, 0.0000000000000000000 ) ) ;
#7132 = AXIS2_PLACEMENT_3D ( 'NONE', #4708, #3592, #6405 ) ;
#7133 = ORIENTED_EDGE ( 'NONE', *, *, #2918, .T. ) ;
#7134 = CYLINDRICAL_SURFACE ( 'NONE', #4055, 2.499999999999998668 ) ;
#7135 = DIRECTION ( 'NONE',  ( 3.469446951953611822E-15, 0.0000000000000000000, 1.000000000000000000 ) ) ;
#7136 = PRODUCT_DEFINITION_SHAPE ( 'NONE', 'NONE',  #4777 ) ;
#7137 = VECTOR ( 'NONE', #2899, 1000.000000000000000 ) ;
#7138 = ORIENTED_EDGE ( 'NONE', *, *, #400, .T. ) ;
#7139 = ADVANCED_FACE ( 'NONE', ( #4784 ), #3240, .F. ) ;
#7140 = CARTESIAN_POINT ( 'NONE',  ( 18.00362956230284439, 1.999999999999210631, 24.07365952879441551 ) ) ;
#7141 = AXIS2_PLACEMENT_3D ( 'NONE', #5314, #2593, #7122 ) ;
#7142 = AXIS2_PLACEMENT_3D ( 'NONE', #3489, #162, #2923 ) ;
#7143 = CARTESIAN_POINT ( 'NONE',  ( 17.49065276715009176, 24.98460077916930899, -2.628187120243470343 ) ) ;
#7144 = FILL_AREA_STYLE_COLOUR ( '', #4547 ) ;
#7145 = ORIENTED_EDGE ( 'NONE', *, *, #2691, .T. ) ;
#7146 = CIRCLE ( 'NONE', #3230, 23.99004962809790698 ) ;
#7147 = EDGE_LOOP ( 'NONE', ( #877, #2178 ) ) ;
#7148 = EDGE_CURVE ( 'NONE', #2858, #3451, #310, .T. ) ;
#7149 = EDGE_CURVE ( 'NONE', #5211, #270, #4387, .T. ) ;
#7150 = CARTESIAN_POINT ( 'NONE',  ( 3.000000000000000888, 0.0000000000000000000, 17.99999999999999645 ) ) ;
#7151 = CIRCLE ( 'NONE', #1372, 1.000000000000000888 ) ;
#7152 = CARTESIAN_POINT ( 'NONE',  ( 16.48113011892544577, 28.16183834664268915, 14.79490872988498396 ) ) ;
#7153 = ORIENTED_EDGE ( 'NONE', *, *, #2109, .T. ) ;
#7154 = CARTESIAN_POINT ( 'NONE',  ( -4.994546269365352842, -40.97360250657951752, -0.2628434419366137975 ) ) ;
#7155 = ORIENTED_EDGE ( 'NONE', *, *, #6511, .F. ) ;
#7156 = CARTESIAN_POINT ( 'NONE',  ( -3.000000000000000888, 0.0000000000000000000, 0.0000000000000000000 ) ) ;
#7157 = DIRECTION ( 'NONE',  ( 0.0000000000000000000, 0.0000000000000000000, -1.000000000000000000 ) ) ;
#7158 =( GEOMETRIC_REPRESENTATION_CONTEXT ( 3 ) GLOBAL_UNCERTAINTY_ASSIGNED_CONTEXT ( ( #2718 ) ) GLOBAL_UNIT_ASSIGNED_CONTEXT ( ( #1309, #4663, #79 ) ) REPRESENTATION_CONTEXT ( 'NONE', 'WORKASPACE' ) );
#7159 = DIRECTION ( 'NONE',  ( 0.1736481776669309418, 0.9848077530122079093, 0.0000000000000000000 ) ) ;
#7160 = CARTESIAN_POINT ( 'NONE',  ( 18.00000000000000355, 1.000000000000000000, 2.229670385730950333 ) ) ;
#7161 = DIRECTION ( 'NONE',  ( 0.0000000000000000000, 0.0000000000000000000, -1.000000000000000000 ) ) ;
#7162 = PRODUCT_DEFINITION_FORMATION_WITH_SPECIFIED_SOURCE ( 'ANY', '', #3744, .NOT_KNOWN. ) ;
#7163 = CIRCLE ( 'NONE', #1016, 1.000000000000000888 ) ;
#7164 = B_SPLINE_CURVE_WITH_KNOTS ( 'NONE', 3,
 ( #1366, #252, #3608, #4760, #3187, #2601, #6009, #6494, #7028, #4293, #1401, #1432 ),
 .UNSPECIFIED., .F., .F.,
 ( 4, 2, 2, 2, 2, 4 ),
 ( 0.0000000000000000000, 0.003107447900044238084, 0.004661171850066356259, 0.006214895800088474434, 0.009322343700132707314, 0.01242979160017693846 ),
 .UNSPECIFIED. ) ;
#7165 = CARTESIAN_POINT ( 'NONE',  ( 19.02282415363320212, 1.999999999999998668, -24.51442684068855371 ) ) ;
#7166 = VERTEX_POINT ( 'NONE', #3940 ) ;
#7167 = DIRECTION ( 'NONE',  ( -1.000000000000000000, 0.0000000000000000000, 0.0000000000000000000 ) ) ;
#7168 = CARTESIAN_POINT ( 'NONE',  ( -17.49065276715009176, 24.98460077916930544, -2.628187120243466790 ) ) ;
#7169 = CARTESIAN_POINT ( 'NONE',  ( 9.000000000000001776, 0.0000000000000000000, 0.0000000000000000000 ) ) ;
#7170 = FILL_AREA_STYLE_COLOUR ( '', #225 ) ;
#7171 = AXIS2_PLACEMENT_3D ( 'NONE', #4319, #2045, #4353 ) ;
#7172 = VERTEX_POINT ( 'NONE', #5667 ) ;
#7173 = DIRECTION ( 'NONE',  ( 0.0000000000000000000, 0.0000000000000000000, -1.000000000000000000 ) ) ;
#7174 = LINE ( 'NONE', #947, #59 ) ;
#7175 = CIRCLE ( 'NONE', #3953, 4.000000000000000000 ) ;
#7176 = ORIENTED_EDGE ( 'NONE', *, *, #3607, .T. ) ;
#7177 = CIRCLE ( 'NONE', #1242, 10.99999999999999645 ) ;
#7178 = LINE ( 'NONE', #433, #783 ) ;
#7179 = CARTESIAN_POINT ( 'NONE',  ( 11.97331907960222530, 1.000000000000000000, -31.78593654904997834 ) ) ;
#7180 = AXIS2_PLACEMENT_3D ( 'NONE', #4373, #5572, #4488 ) ;
#7181 = CARTESIAN_POINT ( 'NONE',  ( 4.976035621826845556, -40.87369156391756775, -0.5036088886365569506 ) ) ;
#7182 = CARTESIAN_POINT ( 'NONE',  ( 16.41525833495222741, 31.13729424004627333, 2.503180897763437329 ) ) ;
#7183 = EDGE_CURVE ( 'NONE', #7261, #5474, #68, .T. ) ;
#7184 = CARTESIAN_POINT ( 'NONE',  ( 0.0000000000000000000, 28.00000000000000000, 0.0000000000000000000 ) ) ;
#7185 = ORIENTED_EDGE ( 'NONE', *, *, #4310, .F. ) ;
#7186 = ORIENTED_EDGE ( 'NONE', *, *, #4032, .T. ) ;
#7187 = CARTESIAN_POINT ( 'NONE',  ( 17.49999999999999645, 24.77275442485752066, 2.369205038980705336 ) ) ;
#7188 = EDGE_CURVE ( 'NONE', #7248, #4903, #2787, .T. ) ;
#7189 = EDGE_CURVE ( 'NONE', #6945, #2840, #1958, .T. ) ;
#7190 = DIRECTION ( 'NONE',  ( 0.0000000000000000000, -1.000000000000000000, -0.0000000000000000000 ) ) ;
#7191 = ORIENTED_EDGE ( 'NONE', *, *, #3824, .F. ) ;
#7192 = DIRECTION ( 'NONE',  ( 0.0000000000000000000, -1.000000000000000000, 0.0000000000000000000 ) ) ;
#7193 = VERTEX_POINT ( 'NONE', #480 ) ;
#7194 = LINE ( 'NONE', #5445, #4719 ) ;
#7195 = CARTESIAN_POINT ( 'NONE',  ( -8.289220901263080421, 2.000000000000000000, -32.08257145703460367 ) ) ;
#7196 = CARTESIAN_POINT ( 'NONE',  ( 17.45560332317602814, 2.521032313864932650, 23.81667381549197060 ) ) ;
#7197 = ADVANCED_FACE ( 'NONE', ( #1596 ), #1155, .T. ) ;
#7198 = CARTESIAN_POINT ( 'NONE',  ( 19.00000000000000000, 1.000000000000000000, 23.81534156157350779 ) ) ;
#7199 = FACE_OUTER_BOUND ( 'NONE', #3653, .T. ) ;
#7200 = MECHANICAL_DESIGN_GEOMETRIC_PRESENTATION_REPRESENTATION (  '', ( #6357 ), #4225 ) ;
#7201 = EDGE_CURVE ( 'NONE', #4592, #7166, #4188, .T. ) ;
#7202 = CARTESIAN_POINT ( 'NONE',  ( 12.66758421158957404, 0.0000000000000000000, 31.78593654904997834 ) ) ;
#7203 = ORIENTED_EDGE ( 'NONE', *, *, #6731, .T. ) ;
#7204 = LINE ( 'NONE', #4360, #7114 ) ;
#7205 = DIRECTION ( 'NONE',  ( 0.0000000000000000000, 1.000000000000000000, 0.0000000000000000000 ) ) ;
#7206 =( LENGTH_UNIT ( ) NAMED_UNIT ( * ) SI_UNIT ( .MILLI., .METRE. ) );
#7207 = VERTEX_POINT ( 'NONE', #2728 ) ;
#7208 = COLOUR_RGB ( '',0.7803921568627451011, 0.7607843137254901578, 0.7411764705882353255 ) ;
#7209 = DIRECTION ( 'NONE',  ( -0.0000000000000000000, 1.000000000000000000, -0.0000000000000000000 ) ) ;
#7210 = ORIENTED_EDGE ( 'NONE', *, *, #2748, .T. ) ;
#7211 = CARTESIAN_POINT ( 'NONE',  ( 8.289220901263080421, 2.000000000000000000, 32.08257145703460367 ) ) ;
#7212 = DIRECTION ( 'NONE',  ( 0.1736481776669309418, 0.9848077530122079093, 0.0000000000000000000 ) ) ;
#7213 = CARTESIAN_POINT ( 'NONE',  ( -19.00000000000000000, 2.000000000000000000, 2.229670385730950333 ) ) ;
#7214 = DIRECTION ( 'NONE',  ( 0.0000000000000000000, 0.0000000000000000000, 1.000000000000000000 ) ) ;
#7215 = EDGE_LOOP ( 'NONE', ( #1191, #896, #3476, #1360 ) ) ;
#7216 = ORIENTED_EDGE ( 'NONE', *, *, #6284, .T. ) ;
#7217 = CARTESIAN_POINT ( 'NONE',  ( -11.97331907960222530, 2.000000000000000000, 22.78593654904997834 ) ) ;
#7218 = EDGE_CURVE ( 'NONE', #4756, #5704, #416, .T. ) ;
#7219 = DIRECTION ( 'NONE',  ( 0.0000000000000000000, 0.0000000000000000000, 1.000000000000000000 ) ) ;
#7220 = ORIENTED_EDGE ( 'NONE', *, *, #3617, .T. ) ;
#7221 = DIRECTION ( 'NONE',  ( -1.000000000000000000, -0.0000000000000000000, -0.0000000000000000000 ) ) ;
#7222 = ORIENTED_EDGE ( 'NONE', *, *, #2143, .T. ) ;
#7223 = CARTESIAN_POINT ( 'NONE',  ( 18.92860632767092355, 25.11040541439161800, -3.817297050375501932 ) ) ;
#7224 = CARTESIAN_POINT ( 'NONE',  ( 17.00000000000000000, 1.000000000000000000, -33.50000000000000000 ) ) ;
#7225 = FACE_OUTER_BOUND ( 'NONE', #3463, .T. ) ;
#7226 = CIRCLE ( 'NONE', #368, 1.000000000000001554 ) ;
#7227 = CARTESIAN_POINT ( 'NONE',  ( -13.77545966957904966, 46.10833641842820896, 0.7496570352250296887 ) ) ;
#7228 = DIRECTION ( 'NONE',  ( -1.000000000000000000, -0.0000000000000000000, -0.0000000000000000000 ) ) ;
#7229 = EDGE_CURVE ( 'NONE', #4513, #4763, #1905, .T. ) ;
#7230 = ADVANCED_FACE ( 'NONE', ( #1081 ), #1701, .F. ) ;
#7231 = CIRCLE ( 'NONE', #491, 9.000000000000001776 ) ;
#7232 = CARTESIAN_POINT ( 'NONE',  ( -15.31334333109023227, 46.02472049292816081, 2.229670385730950333 ) ) ;
#7233 = VERTEX_POINT ( 'NONE', #1009 ) ;
#7234 = CARTESIAN_POINT ( 'NONE',  ( -18.36285194869025261, 24.89091738906992646, -5.819780257153954750 ) ) ;
#7235 = CARTESIAN_POINT ( 'NONE',  ( 4.962938827604081560, -39.20060880167983441, -0.6147097671608630076 ) ) ;
#7236 = CARTESIAN_POINT ( 'NONE',  ( -17.49999999999999645, 2.652747412077468780, -23.77032961426903768 ) ) ;
#7237 = DIRECTION ( 'NONE',  ( 0.0000000000000000000, -1.000000000000000000, 0.0000000000000000000 ) ) ;
#7238 = VECTOR ( 'NONE', #5390, 1000.000000000000000 ) ;
#7239 = VERTEX_POINT ( 'NONE', #6 ) ;
#7240 = EDGE_CURVE ( 'NONE', #1932, #696, #4910, .T. ) ;
#7241 = EDGE_CURVE ( 'NONE', #149, #697, #3402, .T. ) ;
#7242 = EDGE_CURVE ( 'NONE', #321, #6896, #2543, .T. ) ;
#7243 = CARTESIAN_POINT ( 'NONE',  ( -37.00000000000000000, 2.000000000000000000, 13.00000000000000000 ) ) ;
#7244 = DIRECTION ( 'NONE',  ( 0.0000000000000000000, 1.000000000000000000, 0.0000000000000000000 ) ) ;
#7245 = CARTESIAN_POINT ( 'NONE',  ( 18.00000000000000355, 0.0000000000000000000, 23.81534156157350779 ) ) ;
#7246 = AXIS2_PLACEMENT_3D ( 'NONE', #2408, #1827, #1897 ) ;
#7247 =( BOUNDED_CURVE ( )  B_SPLINE_CURVE ( 3, ( #2589, #5994, #3758, #1517 ),
 .UNSPECIFIED., .F., .F. ) 
 B_SPLINE_CURVE_WITH_KNOTS ( ( 4, 4 ),
 ( 2.995001888531989565, 3.508800674147631860 ),
 .UNSPECIFIED. ) 
 CURVE ( )  GEOMETRIC_REPRESENTATION_ITEM ( )  RATIONAL_B_SPLINE_CURVE ( ( 1.000000000000000000, 0.9781216248974324845, 0.9781216248974324845, 1.000000000000000000 ) ) 
 REPRESENTATION_ITEM ( '' )  );
#7248 = VERTEX_POINT ( 'NONE', #5517 ) ;
#7249 = CARTESIAN_POINT ( 'NONE',  ( 17.26054899887958882, 24.96446930801104358, -4.430589845054343279 ) ) ;
#7250 = CARTESIAN_POINT ( 'NONE',  ( 11.97331907960222530, 2.000000000000000000, 32.78593654904997834 ) ) ;
#7251 = AXIS2_PLACEMENT_3D ( 'NONE', #4412, #5437, #3303 ) ;
#7252 = ORIENTED_EDGE ( 'NONE', *, *, #4273, .F. ) ;
#7253 = VERTEX_POINT ( 'NONE', #5068 ) ;
#7254 = AXIS2_PLACEMENT_3D ( 'NONE', #3739, #5393, #942 ) ;
#7255 = TOROIDAL_SURFACE ( 'NONE', #167, 21.00000000000000000, 1.000000000000000000 ) ;
#7256 = CARTESIAN_POINT ( 'NONE',  ( -19.03993577963682071, 2.000000000000000000, 24.70815773875741073 ) ) ;
#7257 = CARTESIAN_POINT ( 'NONE',  ( 17.49065276715009176, 24.98460077916930899, -2.628187120243470343 ) ) ;
#7258 = AXIS2_PLACEMENT_3D ( 'NONE', #3315, #2769, #2725 ) ;
#7259 = AXIS2_PLACEMENT_3D ( 'NONE', #6472, #4264, #5890 ) ;
#7260 = DIRECTION ( 'NONE',  ( 0.0000000000000000000, 0.0000000000000000000, 1.000000000000000000 ) ) ;
#7261 = VERTEX_POINT ( 'NONE', #3836 ) ;
#7262 = CARTESIAN_POINT ( 'NONE',  ( 17.54217882118008376, 24.74621057434748295, -2.229670385730951221 ) ) ;
#7263 = VERTEX_POINT ( 'NONE', #6104 ) ;
#7264 = CARTESIAN_POINT ( 'NONE',  ( 18.98533287048767804, 25.11536834380910221, -2.771082858396939130 ) ) ;
#7265 = CARTESIAN_POINT ( 'NONE',  ( -18.94130688547426544, 25.30380328585290783, -2.967239172274397152 ) ) ;
#7266 = CARTESIAN_POINT ( 'NONE',  ( 16.00000000000000000, 2.000000000000000000, 31.50000000000000000 ) ) ;
#7267 = CIRCLE ( 'NONE', #646, 5.000000000000000000 ) ;
#7268 = CARTESIAN_POINT ( 'NONE',  ( 18.36285194869025261, 24.89091738906992646, 5.819780257153957415 ) ) ;
#7269 = CIRCLE ( 'NONE', #7038, 1.000000000000001554 ) ;
#7270 = DIRECTION ( 'NONE',  ( 0.0000000000000000000, 1.000000000000000000, 0.0000000000000000000 ) ) ;
#7271 = AXIS2_PLACEMENT_3D ( 'NONE', #3282, #1042, #4501 ) ;
#7272 = CARTESIAN_POINT ( 'NONE',  ( 15.87678109189359255, 1.000000000000000000, -33.31487243864258829 ) ) ;
#7273 = EDGE_LOOP ( 'NONE', ( #404, #6766, #6836, #6096 ) ) ;
#7274 = DIRECTION ( 'NONE',  ( -0.0000000000000000000, -1.000000000000000000, -0.0000000000000000000 ) ) ;
#7275 = CARTESIAN_POINT ( 'NONE',  ( -17.44792069186383898, 24.98086220701281945, -3.538621192024941298 ) ) ;
#7276 = DIRECTION ( 'NONE',  ( -0.0000000000000000000, -1.000000000000000000, 0.0000000000000000000 ) ) ;
#7277 = EDGE_CURVE ( 'NONE', #69, #1458, #2884, .T. ) ;
#7278 = DIRECTION ( 'NONE',  ( 0.0000000000000000000, 0.0000000000000000000, -1.000000000000000000 ) ) ;
#7279 = ORIENTED_EDGE ( 'NONE', *, *, #4449, .F. ) ;
#7280 = PRODUCT_CONTEXT ( 'NONE', #2270, 'mechanical' ) ;
#7281 = FACE_OUTER_BOUND ( 'NONE', #4216, .T. ) ;
#7282 = ADVANCED_FACE ( 'NONE', ( #3434, #708 ), #5270, .F. ) ;
#7283 = DIRECTION ( 'NONE',  ( -1.000000000000000000, -0.0000000000000000000, -0.0000000000000000000 ) ) ;
#7284 = DIRECTION ( 'NONE',  ( -1.000000000000000000, -0.0000000000000000000, -0.0000000000000000000 ) ) ;
#7285 = ADVANCED_FACE ( 'NONE', ( #5785 ), #2649, .T. ) ;
#7286 = CARTESIAN_POINT ( 'NONE',  ( 0.0000000000000000000, 0.0000000000000000000, 53.00000000000000000 ) ) ;
#7287 = AXIS2_PLACEMENT_3D ( 'NONE', #3256, #3764, #5938 ) ;
#7288 = ORIENTED_EDGE ( 'NONE', *, *, #4218, .F. ) ;
#7289 = CARTESIAN_POINT ( 'NONE',  ( 0.0000000000000000000, 18.00000000000000000, 0.0000000000000000000 ) ) ;
#7290 = DIRECTION ( 'NONE',  ( 0.0000000000000000000, -1.000000000000000000, 0.0000000000000000000 ) ) ;
#7291 = LINE ( 'NONE', #6165, #1531 ) ;
#7292 =( BOUNDED_CURVE ( )  B_SPLINE_CURVE ( 3, ( #3987, #644, #2890, #3410 ),
 .UNSPECIFIED., .F., .F. ) 
 B_SPLINE_CURVE_WITH_KNOTS ( ( 4, 4 ),
 ( 0.9987132217564771430, 1.007880168955039402 ),
 .UNSPECIFIED. ) 
 CURVE ( )  GEOMETRIC_REPRESENTATION_ITEM ( )  RATIONAL_B_SPLINE_CURVE ( ( 1.000000000000000000, 0.9999929972688477164, 0.9999929972688477164, 1.000000000000000000 ) ) 
 REPRESENTATION_ITEM ( '' )  );
#7293 = ADVANCED_FACE ( 'NONE', ( #41, #4543 ), #2442, .F. ) ;
#7294 = ORIENTED_EDGE ( 'NONE', *, *, #6972, .T. ) ;
#7295 = EDGE_LOOP ( 'NONE', ( #5285, #5371, #1234, #1023, #5400, #4986 ) ) ;
#7296 = EDGE_CURVE ( 'NONE', #2313, #4416, #7046, .T. ) ;
#7297 = CARTESIAN_POINT ( 'NONE',  ( -16.38287855762948553, 31.32092908250001884, -2.229670385730950333 ) ) ;
#7298 = DIRECTION ( 'NONE',  ( 0.0000000000000000000, 0.0000000000000000000, 1.000000000000000000 ) ) ;
#7299 = DIRECTION ( 'NONE',  ( 1.000000000000000000, 0.0000000000000000000, 0.0000000000000000000 ) ) ;
#7300 = EDGE_LOOP ( 'NONE', ( #5668, #5344, #5960, #1143 ) ) ;
#7301 = CARTESIAN_POINT ( 'NONE',  ( 13.20175912623992787, 42.87582280925256129, -6.885878452516124959 ) ) ;
#7302 = ORIENTED_EDGE ( 'NONE', *, *, #3022, .T. ) ;
#7303 =( NAMED_UNIT ( * ) SI_UNIT ( $, .STERADIAN. ) SOLID_ANGLE_UNIT ( ) );
#7304 = CARTESIAN_POINT ( 'NONE',  ( 10.00000000000000178, 0.0000000000000000000, 0.0000000000000000000 ) ) ;
#7305 = DIRECTION ( 'NONE',  ( -1.000000000000000000, -0.0000000000000000000, -0.0000000000000000000 ) ) ;
#7306 = CARTESIAN_POINT ( 'NONE',  ( -13.82597942870980745, 45.82182462693844371, 2.229670385730948556 ) ) ;
#7307 = CARTESIAN_POINT ( 'NONE',  ( -11.00000000000000000, 7.347880794884117764E-16, -5.999999999999998224 ) ) ;
#7308 = ORIENTED_EDGE ( 'NONE', *, *, #2531, .T. ) ;
#7309 = LINE ( 'NONE', #4398, #6994 ) ;
#7310 = CARTESIAN_POINT ( 'NONE',  ( -17.27083138511657268, 25.84385504583710258, 3.381111755333570557 ) ) ;
#7311 = CARTESIAN_POINT ( 'NONE',  ( 18.00000000000000355, 1.000000000000000000, 23.81534156157350779 ) ) ;
#7312 = CARTESIAN_POINT ( 'NONE',  ( 0.0000000000000000000, -44.00000000000000000, 0.0000000000000000000 ) ) ;
#7313 = ORIENTED_EDGE ( 'NONE', *, *, #2934, .F. ) ;
#7314 = DIRECTION ( 'NONE',  ( 0.0000000000000000000, 1.000000000000000000, 0.0000000000000000000 ) ) ;
#7315 = EDGE_CURVE ( 'NONE', #5196, #1820, #3974, .T. ) ;
#7316 = DIRECTION ( 'NONE',  ( -1.000000000000000000, 0.0000000000000000000, 0.0000000000000000000 ) ) ;
#7317 = LINE ( 'NONE', #655, #7137 ) ;
#7318 = DIRECTION ( 'NONE',  ( -0.0000000000000000000, 1.000000000000000000, -0.0000000000000000000 ) ) ;
#7319 = ORIENTED_EDGE ( 'NONE', *, *, #3679, .F. ) ;
#7320 = AXIS2_PLACEMENT_3D ( 'NONE', #7013, #2412, #4748 ) ;
#7321 = CYLINDRICAL_SURFACE ( 'NONE', #4927, 5.999999999999998224 ) ;
#7322 = CARTESIAN_POINT ( 'NONE',  ( 4.994630924535531591, -40.97405293727691600, 0.2616475037292045336 ) ) ;
#7323 = EDGE_CURVE ( 'NONE', #4705, #7263, #5275, .T. ) ;
#7324 = EDGE_CURVE ( 'NONE', #7077, #2858, #3826, .T. ) ;
#7325 = LINE ( 'NONE', #1032, #6379 ) ;
#7326 = AXIS2_PLACEMENT_3D ( 'NONE', #1276, #5070, #301 ) ;
#7327 = VERTEX_POINT ( 'NONE', #6397 ) ;
#7328 = NEXT_ASSEMBLY_USAGE_OCCURRENCE ( 'NAUO1', ' ', ' ', #5190, #4777, $ ) ;
#7329 = NEXT_ASSEMBLY_USAGE_OCCURRENCE ( 'NAUO2', ' ', ' ', #5190, #4539, $ ) ;
#7330 = NEXT_ASSEMBLY_USAGE_OCCURRENCE ( 'NAUO3', ' ', ' ', #5190, #932, $ ) ;
ENDSEC;
END-ISO-10303-21;
