ISO-10303-21;
HEADER;
FILE_DESCRIPTION (( 'STEP AP203' ),
    '1' );
FILE_NAME ('Input shaft.STEP',
    '2020-05-25T18:46:09',
    ( 'J.S.S.Pranav' ),
    ( '' ),
    'SwSTEP 2.0',
    'SolidWorks 2019',
    '' );
FILE_SCHEMA (( 'CONFIG_CONTROL_DESIGN' ));
ENDSEC;

DATA;
#1 = ORIENTED_EDGE ( 'NONE', *, *, #3138, .F. ) ;
#2 = CARTESIAN_POINT ( 'NONE',  ( 1.421375314836144987, -0.6459576612958056741, 0.3314239811784642220 ) ) ;
#3 = CARTESIAN_POINT ( 'NONE',  ( 1.142690218544302194, -0.1682404929396137672, -0.1650331915966305740 ) ) ;
#4 = CARTESIAN_POINT ( 'NONE',  ( -0.08843514155996026749, -0.6845090558038465778, -0.1415452322496111304 ) ) ;
#5 = CARTESIAN_POINT ( 'NONE',  ( -0.2618896110215336304, -0.2535854723066658933, 0.2496122018815704335 ) ) ;
#6 = CARTESIAN_POINT ( 'NONE',  ( -1.079053819840588124, -0.2009796725143936924, -0.2050270365173203768 ) ) ;
#7 = CARTESIAN_POINT ( 'NONE',  ( -0.5345059372701768119, -0.1446205569570242488, 0.1190260386012725047 ) ) ;
#8 = CARTESIAN_POINT ( 'NONE',  ( 0.5242857142857141328, -0.7199999999999996403, -0.06847304231704497146 ) ) ;
#9 = CARTESIAN_POINT ( 'NONE',  ( 0.03928571428571425023, -0.3309916264174740386, -0.3899711648727292590 ) ) ;
#10 = CARTESIAN_POINT ( 'NONE',  ( -0.5874011169471358151, -0.4038070698476947662, 0.2995634084539322006 ) ) ;
#11 = CARTESIAN_POINT ( 'NONE',  ( -0.4785714285714284810, -0.5980167471650512656, -0.3696555844364370902 ) ) ;
#12 = CARTESIAN_POINT ( 'NONE',  ( 1.210000000000000409, -0.5421258334296586989, -0.2740169352596860675 ) ) ;
#13 = CARTESIAN_POINT ( 'NONE',  ( -0.9649999999999996358, -0.7199999999999997513, 3.673940397442057649E-17 ) ) ;
#14 = CARTESIAN_POINT ( 'NONE',  ( -0.4857142857142857095, -0.8199999999999997291, -0.09129738975605987406 ) ) ;
#15 = CARTESIAN_POINT ( 'NONE',  ( 0.3571428571428570398, -0.09922490567806467598, -0.2558096015379863752 ) ) ;
#16 = CARTESIAN_POINT ( 'NONE',  ( -0.05572952960764724489, -0.7143488510834864469, 0.05795602882156704327 ) ) ;
#17 = CARTESIAN_POINT ( 'NONE',  ( -0.9144715285339477528, -0.5669877991035235931, 0.2615260669453430831 ) ) ;
#18 = CARTESIAN_POINT ( 'NONE',  ( 1.289285714285713480, -0.3309916264174740386, -0.3899711648727292590 ) ) ;
#19 = CARTESIAN_POINT ( 'NONE',  ( 0.2564285714285712836, -0.6902906603707253952, 0.1301651217352673140 ) ) ;
#20 = CARTESIAN_POINT ( 'NONE',  ( -1.042857142857142927, -0.7407750943219348905, 0.2558096015379864308 ) ) ;
#21 = DIRECTION ( 'NONE',  ( -1.000000000000000000, 0.0000000000000000000, 0.0000000000000000000 ) ) ;
#22 = CARTESIAN_POINT ( 'NONE',  ( 0.6328571428571423407, -0.6605813207414512611, -0.1918572011534898369 ) ) ;
#23 = CARTESIAN_POINT ( 'NONE',  ( -3.499999999999999112, -0.2300164480803694178, -0.06250000000000000000 ) ) ;
#24 = DIRECTION ( 'NONE',  ( 1.000000000000000000, 1.268357997058408169E-16, -0.0000000000000000000 ) ) ;
#25 = CARTESIAN_POINT ( 'NONE',  ( 1.203571428571427848, -0.05961245283903235381, 0.1735534956470232704 ) ) ;
#26 = CARTESIAN_POINT ( 'NONE',  ( 3.499999999999999112, -0.1779385408620361431, -0.06250000000000000000 ) ) ;
#27 = ORIENTED_EDGE ( 'NONE', *, *, #4052, .F. ) ;
#28 = CARTESIAN_POINT ( 'NONE',  ( -0.1228217477937325469, -0.5257850716011248648, -0.2807385912435421127 ) ) ;
#29 = CARTESIAN_POINT ( 'NONE',  ( -0.5321428571428570287, -0.1706040792565065856, -0.3127325929872118437 ) ) ;
#30 = CARTESIAN_POINT ( 'NONE',  ( -0.2806793337077281292, -0.3619267664103312798, 0.2943255172917968454 ) ) ;
#31 = CARTESIAN_POINT ( 'NONE',  ( -1.106661695433170500, -0.1245821584968627438, -0.05224266465369798579 ) ) ;
#32 = CARTESIAN_POINT ( 'NONE',  ( -0.5328308677594648657, -0.1405397546063211212, 0.1092511583747765441 ) ) ;
#33 = CARTESIAN_POINT ( 'NONE',  ( 0.4921428571428568821, -0.6070469405576197630, -0.2345494447404088134 ) ) ;
#34 = CARTESIAN_POINT ( 'NONE',  ( 0.1678571428571427326, -0.6693959207434931891, 0.3127325929872117327 ) ) ;
#35 = CARTESIAN_POINT ( 'NONE',  ( -0.5780684114521906780, -0.3457038096153867146, 0.2906546351344407308 ) ) ;
#36 = B_SPLINE_CURVE_WITH_KNOTS ( 'NONE', 3,
 ( #580, #3479, #5303, #104, #3924, #2301 ),
 .UNSPECIFIED., .F., .F.,
 ( 4, 2, 4 ),
 ( 8.168978220161920055E-19, 0.0008081152838386436530, 0.001616230567677286439 ),
 .UNSPECIFIED. ) ;
#37 = CARTESIAN_POINT ( 'NONE',  ( -0.9178571428571427049, -0.1706040792565065023, 0.3127325929872117327 ) ) ;
#38 = CARTESIAN_POINT ( 'NONE',  ( -1.150001796189254799, -0.7053312609539378331, -0.09266095295272745724 ) ) ;
#39 = CARTESIAN_POINT ( 'NONE',  ( -1.082857142857142296, -0.1794186792585485968, -0.1918572011534898647 ) ) ;
#40 = CARTESIAN_POINT ( 'NONE',  ( -0.7964285714285712636, -0.7803875471609674763, -0.1735534956470231316 ) ) ;
#41 = CARTESIAN_POINT ( 'NONE',  ( 0.7321428571428566512, -0.6693959207434930780, -0.3127325929872118437 ) ) ;
#42 = CARTESIAN_POINT ( 'NONE',  ( -0.05798097275246243132, -0.7167526626880088569, 0.04410858616655384534 ) ) ;
#43 = CARTESIAN_POINT ( 'NONE',  ( -0.5151927384327725790, -0.1200023689096868657, 0.001231317922199820416 ) ) ;
#44 = CARTESIAN_POINT ( 'NONE',  ( 0.4785714285714282590, -0.5980167471650512656, 0.3696555844364370347 ) ) ;
#45 = CARTESIAN_POINT ( 'NONE',  ( -1.032142857142855474, -0.6693959207434930780, 0.3127325929872118437 ) ) ;
#46 = CARTESIAN_POINT ( 'NONE',  ( -0.8028571428571427138, -0.6605813207414512611, 0.1918572011534898369 ) ) ;
#47 = CARTESIAN_POINT ( 'NONE',  ( 0.05750995336276235742, -0.1684687924888558230, 0.1635404631109556584 ) ) ;
#48 = CARTESIAN_POINT ( 'NONE',  ( 0.5685714285714281724, -0.2864874396262112599, -0.2772416883273278176 ) ) ;
#49 = CARTESIAN_POINT ( 'NONE',  ( -0.8182845720494204000, -0.1207230504934766885, 0.02082607091385105594 ) ) ;
#50 = CARTESIAN_POINT ( 'NONE',  ( -0.9849998481807982209, -0.1199999999999999956, -9.702487761646646372E-07 ) ) ;
#51 = CARTESIAN_POINT ( 'NONE',  ( 0.8071428571428566068, -0.7407750943219351125, 0.2558096015379863197 ) ) ;
#52 = CARTESIAN_POINT ( 'NONE',  ( 1.178321446490425028, -0.3471942509754938899, -0.2920926678861341386 ) ) ;
#53 = ORIENTED_EDGE ( 'NONE', *, *, #1003, .T. ) ;
#54 = CARTESIAN_POINT ( 'NONE',  ( -0.09376191516717377605, -0.6671215277226753004, -0.1700987688642607576 ) ) ;
#55 = CARTESIAN_POINT ( 'NONE',  ( -0.2428571428571427993, -0.09922490567806474537, -0.2558096015379864308 ) ) ;
#56 = CARTESIAN_POINT ( 'NONE',  ( -0.3089086317813275473, -0.5358410241236220006, 0.2767325960104726201 ) ) ;
#57 = CARTESIAN_POINT ( 'NONE',  ( 3.499999999999999112, -0.4199999999999995404, 0.0000000000000000000 ) ) ;
#58 = CARTESIAN_POINT ( 'NONE',  ( -0.5554979046389157959, -0.2213869288367471544, 0.2250758554898385777 ) ) ;
#59 = CARTESIAN_POINT ( 'NONE',  ( 0.5671428571428568377, -0.6605813207414512611, 0.1918572011534897537 ) ) ;
#60 = CARTESIAN_POINT ( 'NONE',  ( -1.149999999999999911, -0.6023557606583432866, -0.3079803571312038635 ) ) ;
#61 = CARTESIAN_POINT ( 'NONE',  ( -0.6260813776340616865, -0.6258935034351190696, 0.2181922822447051324 ) ) ;
#62 = CARTESIAN_POINT ( 'NONE',  ( 1.210000000000000187, -0.02514523917303275805, -0.06627782557813875763 ) ) ;
#63 = CARTESIAN_POINT ( 'NONE',  ( -0.6285714285714284477, -0.2419832528349483425, 0.3696555844364371457 ) ) ;
#64 = CARTESIAN_POINT ( 'NONE',  ( 0.01428571428571429221, -0.01999999999999999695, 0.09129738975605992957 ) ) ;
#65 = CARTESIAN_POINT ( 'NONE',  ( -0.9785714285714283145, -0.2419832528349483425, 0.3696555844364371457 ) ) ;
#66 = ADVANCED_FACE ( 'NONE', ( #308 ), #232, .F. ) ;
#67 = CARTESIAN_POINT ( 'NONE',  ( 0.6357142857142854542, -0.01999999999999999348, -0.09129738975605992957 ) ) ;
#68 = CARTESIAN_POINT ( 'NONE',  ( -0.04659948510602241606, -0.6980723287649835962, 0.1125907895654738866 ) ) ;
#69 = FACE_OUTER_BOUND ( 'NONE', #2003, .T. ) ;
#70 = CARTESIAN_POINT ( 'NONE',  ( 0.6392857142857139019, -0.3309916264174740386, -0.3899711648727292590 ) ) ;
#71 = CARTESIAN_POINT ( 'NONE',  ( -0.9653793475996658158, -0.7199999999802894068, -0.002447333940637575964 ) ) ;
#72 = CARTESIAN_POINT ( 'NONE',  ( -1.092142857142857082, -0.6070469405576197630, 0.2345494447404088134 ) ) ;
#73 = ADVANCED_FACE ( 'NONE', ( #118 ), #1475, .F. ) ;
#74 = CARTESIAN_POINT ( 'NONE',  ( 3.499999999999999112, -0.4199999999999995404, 0.0000000000000000000 ) ) ;
#75 = CARTESIAN_POINT ( 'NONE',  ( 0.7935714285714280392, -0.1497093396292742684, 0.1301651217352674250 ) ) ;
#76 = CARTESIAN_POINT ( 'NONE',  ( -0.8150773624421506769, -0.1199999999712942772, 0.0004940708838083374870 ) ) ;
#77 = LINE ( 'NONE', #188, #5477 ) ;
#78 = FACE_OUTER_BOUND ( 'NONE', #1100, .T. ) ;
#79 = CARTESIAN_POINT ( 'NONE',  ( 3.499999999999999112, -0.4199999999999995404, 0.0000000000000000000 ) ) ;
#80 = ORIENTED_EDGE ( 'NONE', *, *, #2000, .T. ) ;
#81 = CARTESIAN_POINT ( 'NONE',  ( -0.1447019028321466227, -0.3906840558456354251, -0.2986047918127072709 ) ) ;
#82 = CARTESIAN_POINT ( 'NONE',  ( -0.03928571428571426410, -0.3309916264174740386, 0.3899711648727292590 ) ) ;
#83 = ADVANCED_FACE ( 'NONE', ( #4399 ), #2269, .T. ) ;
#84 = CARTESIAN_POINT ( 'NONE',  ( -0.3261635835841072417, -0.6263213130852675059, 0.2178435106223153006 ) ) ;
#85 = CYLINDRICAL_SURFACE ( 'NONE', #924, 0.2999999999999998224 ) ;
#86 = CARTESIAN_POINT ( 'NONE',  ( -0.4213502725191811127, -0.5343489372063933152, -0.2773523821096331443 ) ) ;
#87 = CARTESIAN_POINT ( 'NONE',  ( 1.134999999999999121, -0.7199999999999997513, -3.673940397442057649E-17 ) ) ;
#88 = CARTESIAN_POINT ( 'NONE',  ( 0.3821428571428568954, -0.6693959207434930780, -0.3127325929872118437 ) ) ;
#89 = CARTESIAN_POINT ( 'NONE',  ( -0.6168725910554035963, -0.5798921408575816727, 0.2538430270043555703 ) ) ;
#90 = CARTESIAN_POINT ( 'NONE',  ( -1.144983132945315729, -0.1813417810707590450, 0.1733991191947712174 ) ) ;
#91 = FACE_OUTER_BOUND ( 'NONE', #4679, .T. ) ;
#92 = CARTESIAN_POINT ( 'NONE',  ( -1.499999999999999778, -0.1200000000000001482, 0.0000000000000000000 ) ) ;
#93 = CARTESIAN_POINT ( 'NONE',  ( -1.139285714285714013, -0.5090083735825255973, -0.3899711648727292590 ) ) ;
#94 = CARTESIAN_POINT ( 'NONE',  ( 0.6999999999999996225, -0.4199999999999998734, -0.4102867453090213723 ) ) ;
#95 = CARTESIAN_POINT ( 'NONE',  ( -0.7073661946185361149, -0.6094872212454005567, -0.2325831305801245308 ) ) ;
#96 = CARTESIAN_POINT ( 'NONE',  ( 0.3499999999999997002, -0.4199999999999999289, -0.4102867453090214278 ) ) ;
#97 = CARTESIAN_POINT ( 'NONE',  ( -0.9720199148876139672, -0.7167385038665857744, -0.04411701921580273716 ) ) ;
#98 = CARTESIAN_POINT ( 'NONE',  ( -0.02857142857142854972, -0.2419832528349483425, 0.3696555844364371457 ) ) ;
#99 = CARTESIAN_POINT ( 'NONE',  ( -0.7707142857142856851, -0.4867562801868940969, 0.2924783736545468749 ) ) ;
#100 = CARTESIAN_POINT ( 'NONE',  ( 0.03787982731388690044, -0.2547906114643588293, 0.2504119006754440546 ) ) ;
#101 = DIRECTION ( 'NONE',  ( 1.000000000000000000, 1.268357997058408169E-16, -0.0000000000000000000 ) ) ;
#102 = CARTESIAN_POINT ( 'NONE',  ( -0.8151813900472734131, -0.1200016685902367958, 0.001158507872144501393 ) ) ;
#103 = FACE_OUTER_BOUND ( 'NONE', #384, .T. ) ;
#104 = CARTESIAN_POINT ( 'NONE',  ( 2.142051695496484331, -0.1733613096934296105, 0.04218843845207483761 ) ) ;
#105 = CARTESIAN_POINT ( 'NONE',  ( 0.2587434232757090946, -0.2356359906968826523, -0.2399000578851956111 ) ) ;
#106 = ORIENTED_EDGE ( 'NONE', *, *, #1696, .T. ) ;
#107 = CARTESIAN_POINT ( 'NONE',  ( -0.1315695806589816108, -0.4725301895543696507, -0.2953749895016866689 ) ) ;
#108 = CARTESIAN_POINT ( 'NONE',  ( -0.01785714285714284574, -0.1706040792565065023, 0.3127325929872117327 ) ) ;
#109 = CARTESIAN_POINT ( 'NONE',  ( -0.3090376910369961316, -0.5365837891578549845, 0.2764212764931078259 ) ) ;
#110 = CARTESIAN_POINT ( 'NONE',  ( -1.118871127812789190, -0.1204794062697833457, 0.02458802315041273834 ) ) ;
#111 = CARTESIAN_POINT ( 'NONE',  ( 1.207142857142856629, -0.09922490567806467598, -0.2558096015379863752 ) ) ;
#112 = CARTESIAN_POINT ( 'NONE',  ( -0.4410776381240014699, -0.4132856614355699398, -0.2999967083086703123 ) ) ;
#113 = CARTESIAN_POINT ( 'NONE',  ( -0.1869062632218088382, -0.1705517060878222191, -0.1666600494410264699 ) ) ;
#114 = CARTESIAN_POINT ( 'NONE',  ( 1.156428571428570917, -0.6902906603707253952, 0.1301651217352673140 ) ) ;
#115 = CARTESIAN_POINT ( 'NONE',  ( 0.4999999999999996669, -0.4200000000000000400, 0.4102867453090213723 ) ) ;
#116 = CARTESIAN_POINT ( 'NONE',  ( -0.6207969027181068356, -0.6002683596954582201, 0.2398012123176007093 ) ) ;
#117 = CARTESIAN_POINT ( 'NONE',  ( -0.3906569691049953108, -0.6776063679842397880, -0.1537693508979073587 ) ) ;
#118 = FACE_OUTER_BOUND ( 'NONE', #5478, .T. ) ;
#119 = CYLINDRICAL_SURFACE ( 'NONE', #4808, 0.2999999999999998224 ) ;
#120 = CARTESIAN_POINT ( 'NONE',  ( 0.5028571428571426694, -0.6605813207414512611, -0.1918572011534898092 ) ) ;
#121 = CARTESIAN_POINT ( 'NONE',  ( -0.3892857142857142350, -0.3309916264174740386, 0.3899711648727292590 ) ) ;
#122 = AXIS2_PLACEMENT_3D ( 'NONE', #57, #5249, #501 ) ;
#123 = CARTESIAN_POINT ( 'NONE',  ( -0.9035714285714283589, -0.05961245283903235381, -0.1735534956470232704 ) ) ;
#124 = CARTESIAN_POINT ( 'NONE',  ( 0.4274901947019232318, -0.4985243531429470742, 0.2921918062901857627 ) ) ;
#125 = CARTESIAN_POINT ( 'NONE',  ( -0.7197320931129916888, -0.5436943289796974943, -0.2734889751867067842 ) ) ;
#126 = CARTESIAN_POINT ( 'NONE',  ( 0.6499999999999995781, -0.4199999999999999289, -0.4102867453090214278 ) ) ;
#127 = CARTESIAN_POINT ( 'NONE',  ( -0.1892857142857142239, -0.5090083735825255973, -0.3899711648727292590 ) ) ;
#128 = AXIS2_PLACEMENT_3D ( 'NONE', #1362, #2628, #1305 ) ;
#129 = CARTESIAN_POINT ( 'NONE',  ( -0.5885714285714286342, -0.5535125603737885980, -0.2772416883273277621 ) ) ;
#130 = CARTESIAN_POINT ( 'NONE',  ( 0.7337343354383133454, -0.4592698882047347997, 0.3000000026333771719 ) ) ;
#131 = B_SPLINE_CURVE_WITH_KNOTS ( 'NONE', 3,
 ( #5129, #3004, #4708, #495, #2302, #105, #4374, #4403, #1497, #5244, #4881, #3598, #3147, #5332, #1036, #4823, #5211, #2749 ),
 .UNSPECIFIED., .F., .F.,
 ( 4, 2, 2, 2, 2, 2, 2, 2, 4 ),
 ( 0.2142856571942071409, 0.2276785107688420740, 0.2410713643434770348, 0.2544642179181119679, 0.2678570714927469010, 0.2812499250673817786, 0.2946427786420167116, 0.3080356322166517002, 0.3214284857912866333 ),
 .UNSPECIFIED. ) ;
#132 = CARTESIAN_POINT ( 'NONE',  ( 0.02866612946091058253, -0.3055564321371796455, 0.2773133485253720387 ) ) ;
#133 = CARTESIAN_POINT ( 'NONE',  ( 0.6649926553210431246, -0.7199999999960617902, -1.077744577749732467E-06 ) ) ;
#134 = CARTESIAN_POINT ( 'NONE',  ( -0.8211680643680770997, -0.1223078063336534155, 0.03884677215045165971 ) ) ;
#135 = DIRECTION ( 'NONE',  ( 0.0000000000000000000, 0.0000000000000000000, 1.000000000000000000 ) ) ;
#136 = CARTESIAN_POINT ( 'NONE',  ( -0.04642857142857143016, -0.05961245283903229136, 0.1735534956470231871 ) ) ;
#137 = CARTESIAN_POINT ( 'NONE',  ( -0.0007142857142856993231, -0.4867562801868940969, 0.2924783736545468749 ) ) ;
#138 = EDGE_LOOP ( 'NONE', ( #309, #1979, #2636, #3258 ) ) ;
#139 = CARTESIAN_POINT ( 'NONE',  ( -0.3392857142857141906, -0.3309916264174740386, 0.3899711648727292590 ) ) ;
#140 = CARTESIAN_POINT ( 'NONE',  ( -0.3075516828126094726, -0.5280194390972290375, 0.2799773081208439263 ) ) ;
#141 = CARTESIAN_POINT ( 'NONE',  ( -1.135366685571481238, -0.1468412095741006007, 0.1240334380775612588 ) ) ;
#142 = CARTESIAN_POINT ( 'NONE',  ( 0.8428571428571425272, -0.09922490567806474537, 0.2558096015379864308 ) ) ;
#143 = CARTESIAN_POINT ( 'NONE',  ( -0.4094793866420291528, -0.5988843112364428123, -0.2408451935279299350 ) ) ;
#144 = CARTESIAN_POINT ( 'NONE',  ( -0.1962533069104135663, -0.1427565268628250839, -0.1146126673068448149 ) ) ;
#145 = CARTESIAN_POINT ( 'NONE',  ( 1.424285714285713489, -0.7199999999999996403, -0.06847304231704497146 ) ) ;
#146 = CARTESIAN_POINT ( 'NONE',  ( 0.6928571428571425050, -0.7407750943219348905, -0.2558096015379864308 ) ) ;
#147 = CARTESIAN_POINT ( 'NONE',  ( -0.6179245774250554657, -0.5854460213922321188, 0.2502679814575460293 ) ) ;
#148 = CARTESIAN_POINT ( 'NONE',  ( -0.3746667727502814849, -0.7138621592337679456, -0.06037782720933582842 ) ) ;
#149 = EDGE_CURVE ( 'NONE', #1037, #3983, #3976, .T. ) ;
#150 = CARTESIAN_POINT ( 'NONE',  ( 0.1142857142857142128, -0.8199999999999997291, -0.09129738975605995732 ) ) ;
#151 = DIRECTION ( 'NONE',  ( 1.000000000000000000, 0.0000000000000000000, -0.0000000000000000000 ) ) ;
#152 = CARTESIAN_POINT ( 'NONE',  ( -0.9142857142857142572, -0.02000000000000005940, -0.09129738975606004059 ) ) ;
#153 = CARTESIAN_POINT ( 'NONE',  ( -3.483426013712332736, -0.2125686362880322422, 0.06250000000000000000 ) ) ;
#154 = CARTESIAN_POINT ( 'NONE',  ( -0.6837461518429474028, -0.6972457585324599583, -0.1146072910354657415 ) ) ;
#155 = CARTESIAN_POINT ( 'NONE',  ( 0.5107142857142854542, -0.3309916264174742051, 0.3899711648727292590 ) ) ;
#156 = VECTOR ( 'NONE', #3849, 39.37007874015748143 ) ;
#157 = CARTESIAN_POINT ( 'NONE',  ( -0.4785714285714284810, -0.5980167471650512656, -0.3696555844364370347 ) ) ;
#158 = CARTESIAN_POINT ( 'NONE',  ( -0.5135714285714284566, -0.6902906603707253952, 0.1301651217352673973 ) ) ;
#159 = CARTESIAN_POINT ( 'NONE',  ( 0.01893013215677142452, -0.3643590184398479703, 0.2947972037917954702 ) ) ;
#160 = CARTESIAN_POINT ( 'NONE',  ( -0.8351105759651969995, -0.1461522106915871255, 0.1226189049818605520 ) ) ;
#161 = CARTESIAN_POINT ( 'NONE',  ( 3.499999999999999112, -0.4199999999999995404, 0.0000000000000000000 ) ) ;
#162 = VERTEX_POINT ( 'NONE', #133 ) ;
#163 = CARTESIAN_POINT ( 'NONE',  ( -3.499999999999999112, -0.2399999999999999634, 0.06250000000000000000 ) ) ;
#164 = LINE ( 'NONE', #3505, #1596 ) ;
#165 = EDGE_LOOP ( 'NONE', ( #554, #731 ) ) ;
#166 = CARTESIAN_POINT ( 'NONE',  ( -0.3560702039680703757, -0.7147532213820039226, 0.05587085607277282595 ) ) ;
#167 = CARTESIAN_POINT ( 'NONE',  ( 3.499999999999999112, -0.4199999999999995404, 0.0000000000000000000 ) ) ;
#168 = CARTESIAN_POINT ( 'NONE',  ( 0.8535714285714280924, -0.05961245283903235381, 0.1735534956470232704 ) ) ;
#169 = CARTESIAN_POINT ( 'NONE',  ( -0.4269362520242654946, -0.5012094749063914501, -0.2889656082126207393 ) ) ;
#170 = CARTESIAN_POINT ( 'NONE',  ( -0.1813940269426550511, -0.1912468352138076422, -0.1941544924824948060 ) ) ;
#171 = LOCAL_TIME ( 13, 46, 9.000000000000000000, #1735 ) ;
#172 = CARTESIAN_POINT ( 'NONE',  ( 1.092142857142856416, -0.6070469405576197630, -0.2345494447404088134 ) ) ;
#173 = CARTESIAN_POINT ( 'NONE',  ( 0.7249999999999995337, -0.8199999999999997291, -4.898587196589411226E-17 ) ) ;
#174 = CARTESIAN_POINT ( 'NONE',  ( -0.6411510031688343325, -0.6832806905896703364, 0.1438259310226225052 ) ) ;
#175 = CARTESIAN_POINT ( 'NONE',  ( 1.210000000000000409, -0.03949916892228094722, 0.1233657875959339734 ) ) ;
#176 = CARTESIAN_POINT ( 'NONE',  ( 0.5857142857142852987, -0.01999999999999999695, -0.09129738975605992957 ) ) ;
#177 = CARTESIAN_POINT ( 'NONE',  ( 1.500000000000000444, -0.6700000000000000400, 3.061616997868387332E-17 ) ) ;
#178 = CARTESIAN_POINT ( 'NONE',  ( -0.5607142857142856096, -0.3309916264174742051, -0.3899711648727292590 ) ) ;
#179 = EDGE_CURVE ( 'NONE', #4484, #2464, #3439, .T. ) ;
#180 = CARTESIAN_POINT ( 'NONE',  ( 0.3899909121627680442, -0.6821359106911141224, 0.1510857042402749539 ) ) ;
#181 = CARTESIAN_POINT ( 'NONE',  ( -0.6945147312828129360, -0.6644468304334905095, -0.1739434775629227770 ) ) ;
#182 = CARTESIAN_POINT ( 'NONE',  ( 1.003571428571427893, -0.7803875471609672543, -0.1735534956470232149 ) ) ;
#183 = CARTESIAN_POINT ( 'NONE',  ( -0.5428571428571428159, -0.09922490567806474537, -0.2558096015379864308 ) ) ;
#184 = CARTESIAN_POINT ( 'NONE',  ( 1.089977519560118679, -0.1578640690461340368, 0.1510856690840925165 ) ) ;
#185 = CARTESIAN_POINT ( 'NONE',  ( 0.03798803691489583551, -0.2542248047149415213, 0.2500376734804312107 ) ) ;
#186 = CARTESIAN_POINT ( 'NONE',  ( -0.8951026101704069315, -0.4517922345660515537, 0.2983137199504672932 ) ) ;
#187 = CARTESIAN_POINT ( 'NONE',  ( 0.6571428571428566956, -0.09922490567806467598, -0.2558096015379863752 ) ) ;
#188 = CARTESIAN_POINT ( 'NONE',  ( 3.499999999999999112, -0.7199999999999994182, 3.673940397442057649E-17 ) ) ;
#189 = ORIENTED_EDGE ( 'NONE', *, *, #4095, .F. ) ;
#190 = CARTESIAN_POINT ( 'NONE',  ( -0.05714285714285715495, -0.09922490567806467598, 0.2558096015379863752 ) ) ;
#191 = LINE ( 'NONE', #1914, #2313 ) ;
#192 = VERTEX_POINT ( 'NONE', #1368 ) ;
#193 = CARTESIAN_POINT ( 'NONE',  ( -0.3474494298803805226, -0.7000395905218319559, 0.1076166957668868163 ) ) ;
#194 = DIRECTION ( 'NONE',  ( 0.0000000000000000000, 1.000000000000000000, 0.0000000000000000000 ) ) ;
#195 = CARTESIAN_POINT ( 'NONE',  ( 1.078571428571428070, -0.5980167471650512656, 0.3696555844364370347 ) ) ;
#196 = CARTESIAN_POINT ( 'NONE',  ( -0.4307228828567634671, -0.4778019451964437003, -0.2943790253138969248 ) ) ;
#197 = CARTESIAN_POINT ( 'NONE',  ( -0.1963193352036733952, -0.1425973703791247604, -0.1142271006136501843 ) ) ;
#198 = EDGE_LOOP ( 'NONE', ( #3257, #3538, #2883, #4155 ) ) ;
#199 = CARTESIAN_POINT ( 'NONE',  ( 1.481375314836145263, -0.5894682459718539880, 0.2485679858838480694 ) ) ;
#200 = CARTESIAN_POINT ( 'NONE',  ( 0.1785714285714285199, -0.5980167471650512656, 0.3696555844364370902 ) ) ;
#201 = CARTESIAN_POINT ( 'NONE',  ( -0.2151289573018507761, -0.1200009778468861116, 0.0008238724122439041765 ) ) ;
#202 = CARTESIAN_POINT ( 'NONE',  ( -1.038928842587437451, -0.4266740861696637910, -0.2999297271963755063 ) ) ;
#203 = CARTESIAN_POINT ( 'NONE',  ( -0.9755447335856657354, -0.7129351616926195012, -0.06569739997240574281 ) ) ;
#204 = CARTESIAN_POINT ( 'NONE',  ( 0.6285714285714283367, -0.2419832528349483425, -0.3696555844364371457 ) ) ;
#205 = CARTESIAN_POINT ( 'NONE',  ( -1.150000000008970513, -0.1705314706142709857, 0.1812523494688467185 ) ) ;
#206 = CARTESIAN_POINT ( 'NONE',  ( -0.7964285714285712636, -0.7803875471609674763, -0.1735534956470231316 ) ) ;
#207 = EDGE_CURVE ( 'NONE', #1155, #2698, #3082, .T. ) ;
#208 = CARTESIAN_POINT ( 'NONE',  ( 0.4837391185106553193, -0.1800999387430684273, 0.1843640049157105054 ) ) ;
#209 = CARTESIAN_POINT ( 'NONE',  ( -0.6932504153974966554, -0.6689013695671790494, -0.1674758488274821211 ) ) ;
#210 = CARTESIAN_POINT ( 'NONE',  ( 1.153571428571427804, -0.05961245283903235381, 0.1735534956470232704 ) ) ;
#211 = CARTESIAN_POINT ( 'NONE',  ( -0.4999999999999998335, -0.4199999999999999845, -0.4102867453090214278 ) ) ;
#212 = CARTESIAN_POINT ( 'NONE',  ( 0.6399861290904496069, -0.6821359254283243523, -0.1510856786709945110 ) ) ;
#213 =( CONVERSION_BASED_UNIT ( 'INCH', #4060 ) LENGTH_UNIT ( ) NAMED_UNIT ( #911 ) );
#214 = CARTESIAN_POINT ( 'NONE',  ( 0.04724499667065092112, -0.2088502050581174663, 0.2131107831448482703 ) ) ;
#215 = CARTESIAN_POINT ( 'NONE',  ( -0.8716027779379805773, -0.3070827150967282426, 0.2781046051727071311 ) ) ;
#216 = CARTESIAN_POINT ( 'NONE',  ( 0.5714285714285711748, -0.2419832528349484257, 0.3696555844364372012 ) ) ;
#217 = CARTESIAN_POINT ( 'NONE',  ( -0.2178571428571413338, -0.6693959207434931891, -0.3127325929872117327 ) ) ;
#218 = VERTEX_POINT ( 'NONE', #4788 ) ;
#219 = EDGE_LOOP ( 'NONE', ( #2421, #3032, #1714, #3002 ) ) ;
#220 = CARTESIAN_POINT ( 'NONE',  ( -0.3416516275764425736, -0.6847690209703336528, 0.1410581050119382174 ) ) ;
#221 = CARTESIAN_POINT ( 'NONE',  ( 0.06499853106432006145, -0.7199999999998422107, -2.155483516425997140E-07 ) ) ;
#222 = CARTESIAN_POINT ( 'NONE',  ( 0.9607142857142850767, -0.5090083735825254863, -0.3899711648727292590 ) ) ;
#223 = AXIS2_PLACEMENT_3D ( 'NONE', #4677, #4257, #860 ) ;
#224 = CARTESIAN_POINT ( 'NONE',  ( -0.4681671285977446750, -0.2532885753139699769, -0.2494139172452122521 ) ) ;
#225 = CARTESIAN_POINT ( 'NONE',  ( -0.1915846450970025705, -0.1554316291695993779, -0.1414340249726518395 ) ) ;
#226 = VERTEX_POINT ( 'NONE', #4369 ) ;
#227 = CARTESIAN_POINT ( 'NONE',  ( 0.5285714285714283589, -0.5980167471650512656, 0.3696555844364370347 ) ) ;
#228 = CARTESIAN_POINT ( 'NONE',  ( 0.8749999999999994449, -0.01999999999999999001, 0.0000000000000000000 ) ) ;
#229 = CARTESIAN_POINT ( 'NONE',  ( -0.2149999835805942172, -0.1200000000001299194, -2.790323592955929642E-07 ) ) ;
#230 = CARTESIAN_POINT ( 'NONE',  ( -1.022043314055850471, -0.5303416942808628631, -0.2789823410082934441 ) ) ;
#231 = CARTESIAN_POINT ( 'NONE',  ( -0.9911530602896537756, -0.6759970391156865377, -0.1564168916483131277 ) ) ;
#232 = CYLINDRICAL_SURFACE ( 'NONE', #1281, 0.2499999999999998057 ) ;
#233 = CARTESIAN_POINT ( 'NONE',  ( 0.07124701057988294672, -0.7199999995211613379, 0.03926991198034099351 ) ) ;
#234 = CARTESIAN_POINT ( 'NONE',  ( -0.9314285714285713835, -0.2864874396262113154, -0.2772416883273278732 ) ) ;
#235 = CARTESIAN_POINT ( 'NONE',  ( -0.3635714285714284899, -0.1497093396292742684, -0.1301651217352674250 ) ) ;
#236 = CARTESIAN_POINT ( 'NONE',  ( -0.7548573832794662763, -0.3279036021241857890, -0.2856490178785490719 ) ) ;
#237 = CARTESIAN_POINT ( 'NONE',  ( 1.185714285714285277, -0.01999999999999999695, -0.09129738975605992957 ) ) ;
#238 = CARTESIAN_POINT ( 'NONE',  ( -0.8214285714285713969, -0.2419832528349484257, -0.3696555844364372012 ) ) ;
#239 = EDGE_CURVE ( 'NONE', #4551, #162, #2238, .T. ) ;
#240 = CARTESIAN_POINT ( 'NONE',  ( -1.003571428571428337, -0.7803875471609672543, 0.1735534956470232149 ) ) ;
#241 = CARTESIAN_POINT ( 'NONE',  ( 0.0001880142157035199796, -0.4811321324712844461, 0.2937070872515556430 ) ) ;
#242 = CARTESIAN_POINT ( 'NONE',  ( -0.8987343029172196740, -0.4744203148743857956, 0.2950573687781930521 ) ) ;
#243 = CARTESIAN_POINT ( 'NONE',  ( 0.6357142857142854542, -0.01999999999999999695, -0.09129738975605992957 ) ) ;
#244 = CARTESIAN_POINT ( 'NONE',  ( 3.449999999999997513, -0.4199999999999995404, -0.2500000000000001110 ) ) ;
#245 = ORIENTED_EDGE ( 'NONE', *, *, #3403, .F. ) ;
#246 = EDGE_CURVE ( 'NONE', #3789, #4484, #4597, .T. ) ;
#247 = ORIENTED_EDGE ( 'NONE', *, *, #1311, .T. ) ;
#248 = CARTESIAN_POINT ( 'NONE',  ( -0.3483466843797045631, -0.7020272392743813761, 0.1023461683549679729 ) ) ;
#249 = CARTESIAN_POINT ( 'NONE',  ( 1.177857142857142270, -0.6070469405576197630, 0.2345494447404087579 ) ) ;
#250 = CARTESIAN_POINT ( 'NONE',  ( 0.1828571428571427460, -0.1794186792585485968, 0.1918572011534898647 ) ) ;
#251 = CARTESIAN_POINT ( 'NONE',  ( -0.4802388589142309039, -0.1959545007640898784, -0.1996142389180160515 ) ) ;
#252 = CARTESIAN_POINT ( 'NONE',  ( -0.2013828818860629588, -0.1319305958564313819, -0.08433127207800335257 ) ) ;
#253 = CARTESIAN_POINT ( 'NONE',  ( 0.3357142857142855763, -0.01999999999999999695, -0.09129738975605992957 ) ) ;
#254 = CARTESIAN_POINT ( 'NONE',  ( 1.046428571428570820, -0.7803875471609674763, 0.1735534956470231316 ) ) ;
#255 = CARTESIAN_POINT ( 'NONE',  ( 0.8457142857142851966, -0.7199999999999997513, 0.06847304231704488819 ) ) ;
#256 = CARTESIAN_POINT ( 'NONE',  ( -1.053239315506244500, -0.3377008557802104183, -0.2884932397121424130 ) ) ;
#257 = CARTESIAN_POINT ( 'NONE',  ( -1.002730271772321213, -0.6312597235874558566, -0.2130013206415737881 ) ) ;
#258 = ORIENTED_EDGE ( 'NONE', *, *, #5368, .F. ) ;
#259 = CARTESIAN_POINT ( 'NONE',  ( 0.2149970621285840766, -0.1200000000006301859, 4.310969839508414441E-07 ) ) ;
#260 = CARTESIAN_POINT ( 'NONE',  ( -0.4814285714285713169, -0.5535125603737884870, 0.2772416883273278176 ) ) ;
#261 = CARTESIAN_POINT ( 'NONE',  ( -0.7607550509802001315, -0.2936282501052658866, -0.2720853247947150888 ) ) ;
#262 = CARTESIAN_POINT ( 'NONE',  ( 1.142857142857142350, -0.09922490567806474537, 0.2558096015379864308 ) ) ;
#263 = CARTESIAN_POINT ( 'NONE',  ( -0.8321428571428569620, -0.1706040792565065856, -0.3127325929872118437 ) ) ;
#264 = VECTOR ( 'NONE', #3765, 39.37007874015748143 ) ;
#265 = CARTESIAN_POINT ( 'NONE',  ( -0.6058819149801220050, -0.5182014081695500707, 0.2834996017340596919 ) ) ;
#266 = CARTESIAN_POINT ( 'NONE',  ( -0.05714285714285715495, -0.09922490567806467598, 0.2558096015379863752 ) ) ;
#267 = CARTESIAN_POINT ( 'NONE',  ( -0.009892329094350969798, -0.5414843440616582404, 0.2743157587319210999 ) ) ;
#268 = CARTESIAN_POINT ( 'NONE',  ( -0.9029344550206122033, -0.5004381897241350075, 0.2890647545127534856 ) ) ;
#269 = CARTESIAN_POINT ( 'NONE',  ( 0.5285714285714283589, -0.5980167471650512656, 0.3696555844364370347 ) ) ;
#270 = CARTESIAN_POINT ( 'NONE',  ( -0.3249999999999984568, -0.01999999999999999001, 0.0000000000000000000 ) ) ;
#271 = CARTESIAN_POINT ( 'NONE',  ( -0.3533284704955905187, -0.7114302760552394522, 0.07263477016229606675 ) ) ;
#272 = CARTESIAN_POINT ( 'NONE',  ( -0.8072177123317131331, -0.1239984766326802101, -0.04882252257725477884 ) ) ;
#273 = CARTESIAN_POINT ( 'NONE',  ( -0.01000000000000002970, -0.4199999999999999289, -0.3077150589817659876 ) ) ;
#274 = CARTESIAN_POINT ( 'NONE',  ( -0.4635522964993072370, -0.2779700935444736065, -0.2643360527525823178 ) ) ;
#275 = CARTESIAN_POINT ( 'NONE',  ( -0.7492857142857142216, -0.3532437198131055389, 0.2924783736545468749 ) ) ;
#276 = CARTESIAN_POINT ( 'NONE',  ( 0.5714285714285711748, -0.2419832528349484257, 0.3696555844364372012 ) ) ;
#277 = CARTESIAN_POINT ( 'NONE',  ( 0.9607142857142850767, -0.5090083735825254863, -0.3899711648727292590 ) ) ;
#278 = CARTESIAN_POINT ( 'NONE',  ( 0.9849999865971205137, -0.1200000000000122774, 8.565537073219542363E-08 ) ) ;
#279 = CARTESIAN_POINT ( 'NONE',  ( -1.058492994829007161, -0.3065560181199142864, -0.2777238602663212874 ) ) ;
#280 = ORIENTED_EDGE ( 'NONE', *, *, #4287, .F. ) ;
#281 = CARTESIAN_POINT ( 'NONE',  ( -0.4171428571428571486, -0.1794186792585485413, 0.1918572011534897814 ) ) ;
#282 = EDGE_CURVE ( 'NONE', #4589, #4824, #4419, .T. ) ;
#283 = EDGE_LOOP ( 'NONE', ( #617, #3651, #3373, #3952 ) ) ;
#284 = CARTESIAN_POINT ( 'NONE',  ( -0.4492857142857141772, -0.3532437198131055389, 0.2924783736545468749 ) ) ;
#285 = CARTESIAN_POINT ( 'NONE',  ( -0.5343056191916126796, -0.1441184553609457519, 0.1178567427730650707 ) ) ;
#286 = CARTESIAN_POINT ( 'NONE',  ( -0.7637003264484483189, -0.2771883658198822098, -0.2638989745717179591 ) ) ;
#287 = CARTESIAN_POINT ( 'NONE',  ( 1.024999999999999245, -0.8199999999999997291, -4.898587196589411226E-17 ) ) ;
#288 = CARTESIAN_POINT ( 'NONE',  ( -0.7357142857142857650, -0.8199999999999997291, -0.09129738975605987406 ) ) ;
#289 = VECTOR ( 'NONE', #2720, 39.37007874015748143 ) ;
#290 = CARTESIAN_POINT ( 'NONE',  ( -0.4185714285714285388, -0.5535125603737885980, -0.2772416883273277621 ) ) ;
#291 = CARTESIAN_POINT ( 'NONE',  ( -0.8749999999999997780, -0.01999999999999999001, 0.0000000000000000000 ) ) ;
#292 = CARTESIAN_POINT ( 'NONE',  ( -0.02882162376160959244, -0.6380322270575938814, 0.2060886093479923908 ) ) ;
#293 = CARTESIAN_POINT ( 'NONE',  ( -0.8559553496060107181, -0.2236443564517458515, 0.2268204686936290404 ) ) ;
#294 = ORIENTED_EDGE ( 'NONE', *, *, #4127, .T. ) ;
#295 = CARTESIAN_POINT ( 'NONE',  ( 0.2607142857142855652, -0.3309916264174742051, 0.3899711648727292590 ) ) ;
#296 = CARTESIAN_POINT ( 'NONE',  ( -0.2928571428571413171, -0.09922490567806474537, -0.2558096015379864863 ) ) ;
#297 = CARTESIAN_POINT ( 'NONE',  ( 0.2135714285714284677, -0.6902906603707253952, -0.1301651217352673973 ) ) ;
#298 = FACE_OUTER_BOUND ( 'NONE', #138, .T. ) ;
#299 = CARTESIAN_POINT ( 'NONE',  ( 0.3864285714285711770, -0.6902906603707253952, 0.1301651217352673140 ) ) ;
#300 = CARTESIAN_POINT ( 'NONE',  ( -0.4776776274287151125, -0.2069376659745546521, -0.2111978599770812925 ) ) ;
#301 = CARTESIAN_POINT ( 'NONE',  ( -0.2077514498074931326, -0.1234577446504212112, -0.04553228531069573176 ) ) ;
#302 = ORIENTED_EDGE ( 'NONE', *, *, #4816, .T. ) ;
#303 = CARTESIAN_POINT ( 'NONE',  ( 0.3678571428571426605, -0.1706040792565065023, -0.3127325929872117327 ) ) ;
#304 = CARTESIAN_POINT ( 'NONE',  ( -0.07988269078231706455, -0.7056346226662475463, -0.09185413655402399624 ) ) ;
#305 = EDGE_CURVE ( 'NONE', #1124, #441, #1688, .T. ) ;
#306 = CARTESIAN_POINT ( 'NONE',  ( 0.8671428571428565490, -0.6605813207414512611, 0.1918572011534897537 ) ) ;
#307 = CARTESIAN_POINT ( 'NONE',  ( -1.035427462101211393, -0.4485056624757231547, -0.2986868993690861562 ) ) ;
#308 = FACE_OUTER_BOUND ( 'NONE', #833, .T. ) ;
#309 = ORIENTED_EDGE ( 'NONE', *, *, #4629, .F. ) ;
#310 = FACE_OUTER_BOUND ( 'NONE', #5455, .T. ) ;
#311 = CARTESIAN_POINT ( 'NONE',  ( 0.9962293132122875816, -0.6599000365308569371, 0.1843640370900231085 ) ) ;
#312 = CARTESIAN_POINT ( 'NONE',  ( -0.7269806748978416833, -0.5009598900271449162, -0.2888693821843565379 ) ) ;
#313 = CARTESIAN_POINT ( 'NONE',  ( -0.5642857142857141683, -0.02000000000000005940, -0.09129738975606002671 ) ) ;
#314 = CARTESIAN_POINT ( 'NONE',  ( -1.099999999999999645, -0.4199999999999999845, -0.4102867453090214278 ) ) ;
#315 =( BOUNDED_CURVE ( )  B_SPLINE_CURVE ( 2, ( #1088, #4956, #2831, #4591, #3676, #2803, #322, #5414, #1601, #1142, #3337, #746, #5359, #1573, #2456, #1941, #3311, #4539, #217, #4511, #697, #5386, #3229, #4932, #4144, #296, #2857, #2406, #270, #4064, #1966, #1549, #2042, #2353, #5041, #2016, #4564, #3284, #2775, #1990, #1112, #3701, #668, #721, #5442, #3725, #3256, #5015, #2380, #1170, #3748, #3648, #637, #1524, #462, #2068, #882, #3391, #1734, #4222, #5067, #374, #4671, #3894, #2094, #4310, #3021, #1307, #4699, #1223, #5524, #1679, #5552, #2936, #770, #403, #2993, #3839, #4618, #2182, #4279, #1196, #2153, #4644, #5495, #3808, #855, #347, #3867, #825, #5146, #2538, #2909, #798, #45, #2482, #4195, #5093, #1253, #1650, #3362, #1762, #2964, #4725, #3780, #2125, #2511 ),
 .UNSPECIFIED., .F., .T. ) 
 B_SPLINE_CURVE_WITH_KNOTS ( ( 3, 2, 2, 2, 2, 2, 2, 2, 2, 2, 2, 2, 2, 2, 2, 2, 2, 2, 2, 2, 2, 2, 2, 2, 2, 2, 2, 2, 2, 2, 2, 2, 2, 2, 2, 2, 2, 2, 2, 2, 2, 2, 2, 2, 2, 2, 2, 2, 2, 2, 2, 2, 2, 3 ),
 ( 0.0000000000000000000, 0.01742148039375127078, 0.03484296078750254155, 0.05226444118125381927, 0.06968592157500508311, 0.08710740196875635388, 0.1045288823625076385, 0.1219503627562589232, 0.1393718431500101662, 0.1567933235437614370, 0.1742148039375127078, 0.1916362843312639785, 0.2090577647250152771, 0.2264792451187665479, 0.2439007255125178464, 0.2613222059062690339, 0.2787436863000203324, 0.2961651666937716310, 0.3135866470875228740, 0.3310081274812741725, 0.3484296078750254155, 0.3658510882687767141, 0.3832725686625279571, 0.4006940490562792556, 0.4181155294500305541, 0.4355370098437818527, 0.4529584902375330957, 0.4703799706312843942, 0.4878014510250356928, 0.5052229314187869358, 0.5226444118125380678, 0.5400658922062894218, 0.5574873726000406648, 0.5749088529937920189, 0.5923303333875432619, 0.6097518137812945049, 0.6271732941750457480, 0.6445947745687971020, 0.6620162549625483450, 0.6794377353562996991, 0.6968592157500508311, 0.7142806961438022961, 0.7317021765375534281, 0.7491236569313047822, 0.7665451373250559142, 0.7839666177188073792, 0.8013880981125585112, 0.8188095785063098653, 0.8362310589000611083, 0.8536525392938122403, 0.8710740196875637054, 0.8884955000813148374, 0.9059169804750661914, 0.9146277206719415354 ),
 .UNSPECIFIED. ) 
 CURVE ( )  GEOMETRIC_REPRESENTATION_ITEM ( )  RATIONAL_B_SPLINE_CURVE ( ( 1.000000000000000000, 0.9749279121818236193, 1.000000000000000000, 0.9749279121818236193, 1.000000000000000000, 0.9749279121818236193, 1.000000000000000000, 0.9749279121818236193, 1.000000000000000000, 0.9749279121818236193, 1.000000000000000000, 0.9749279121818236193, 1.000000000000000000, 0.9749279121818236193, 1.000000000000000000, 0.9749279121818236193, 1.000000000000000000, 0.9749279121818236193, 1.000000000000000000, 0.9749279121818236193, 1.000000000000000000, 0.9749279121818236193, 1.000000000000000000, 0.9749279121818236193, 1.000000000000000000, 0.9749279121818236193, 1.000000000000000000, 0.9749279121818236193, 1.000000000000000000, 0.9749279121818236193, 1.000000000000000000, 0.9749279121818236193, 1.000000000000000000, 0.9749279121818236193, 1.000000000000000000, 0.9749279121818236193, 1.000000000000000000, 0.9749279121818236193, 1.000000000000000000, 0.9749279121818236193, 1.000000000000000000, 0.9749279121818236193, 1.000000000000000000, 0.9749279121818236193, 1.000000000000000000, 0.9749279121818236193, 1.000000000000000000, 0.9749279121818236193, 1.000000000000000000, 0.9749279121818236193, 1.000000000000000000, 0.9749279121818236193, 1.000000000000000000, 0.9749279121818236193, 1.000000000000000000, 0.9749279121818236193, 1.000000000000000000, 0.9749279121818236193, 1.000000000000000000, 0.9749279121818236193, 1.000000000000000000, 0.9749279121818236193, 1.000000000000000000, 0.9749279121818236193, 1.000000000000000000, 0.9749279121818236193, 1.000000000000000000, 0.9749279121818236193, 1.000000000000000000, 0.9749279121818236193, 1.000000000000000000, 0.9749279121818236193, 1.000000000000000000, 0.9749279121818236193, 1.000000000000000000, 0.9749279121818236193, 1.000000000000000000, 0.9749279121818236193, 1.000000000000000000, 0.9749279121818236193, 1.000000000000000000, 0.9749279121818236193, 1.000000000000000000, 0.9749279121818236193, 1.000000000000000000, 0.9749279121818236193, 1.000000000000000000, 0.9749279121818236193, 1.000000000000000000, 0.9749279121818236193, 1.000000000000000000, 0.9749279121818236193, 1.000000000000000000, 0.9749279121818236193, 1.000000000000000000, 0.9749279121818236193, 1.000000000000000000, 0.9749279121818236193, 1.000000000000000000, 0.9749279121818236193, 1.000000000000000000, 0.9749279121818236193, 1.000000000000000000, 0.9749279121818236193, 1.000000000000000000, 0.9874639560909121982, 0.9874639560909117542 ) ) 
 REPRESENTATION_ITEM ( '' )  );
#316 = CARTESIAN_POINT ( 'NONE',  ( -0.6542857142857140262, -0.7199999999999996403, 0.06847304231704497146 ) ) ;
#317 = CARTESIAN_POINT ( 'NONE',  ( -0.8107142857142856096, -0.3309916264174742051, -0.3899711648727292590 ) ) ;
#318 = CARTESIAN_POINT ( 'NONE',  ( -0.02302792154508244774, -0.6114298963348268057, 0.2309916122149770212 ) ) ;
#319 = CARTESIAN_POINT ( 'NONE',  ( -0.9192075566531173747, -0.5921233322649829267, 0.2457103582976825351 ) ) ;
#320 = VERTEX_POINT ( 'NONE', #2163 ) ;
#321 = CARTESIAN_POINT ( 'NONE',  ( 0.9249999999999993783, -0.01999999999999999001, 0.0000000000000000000 ) ) ;
#322 = CARTESIAN_POINT ( 'NONE',  ( -0.08928571428571277502, -0.3309916264174740386, 0.3899711648727292590 ) ) ;
#323 = CARTESIAN_POINT ( 'NONE',  ( -0.2349999999999999589, -0.7199999999999997513, 3.673940397442057649E-17 ) ) ;
#324 = LINE ( 'NONE', #2912, #4693 ) ;
#325 = CARTESIAN_POINT ( 'NONE',  ( -0.8150000239043870831, -0.1200000000000006339, -1.633829186215942432E-08 ) ) ;
#326 = CARTESIAN_POINT ( 'NONE',  ( -0.07428571428571427437, -0.1200000000000000372, -0.06847304231704492983 ) ) ;
#327 = CARTESIAN_POINT ( 'NONE',  ( -0.4730618485711043375, -0.2284062821096217444, -0.2308514229142965835 ) ) ;
#328 = DIRECTION ( 'NONE',  ( 1.000000000000000000, 1.268357997058408169E-16, -0.0000000000000000000 ) ) ;
#329 = VECTOR ( 'NONE', #1262, 39.37007874015748143 ) ;
#330 = VERTEX_POINT ( 'NONE', #1318 ) ;
#331 = CARTESIAN_POINT ( 'NONE',  ( 0.5607142857142853876, -0.3309916264174742051, 0.3899711648727292590 ) ) ;
#332 = CARTESIAN_POINT ( 'NONE',  ( -0.07448702287440032987, -0.7140852897021970902, -0.05927987329489109447 ) ) ;
#333 = CARTESIAN_POINT ( 'NONE',  ( -0.2526132225260241393, -0.2082194980818331265, 0.2124838663101777103 ) ) ;
#334 = CARTESIAN_POINT ( 'NONE',  ( -1.110001907630380424, -0.1216227478791247762, -0.03156265848667014207 ) ) ;
#335 = CARTESIAN_POINT ( 'NONE',  ( -0.4599999999999999645, -0.4199999999999998734, 0.3077150589817659876 ) ) ;
#336 = CARTESIAN_POINT ( 'NONE',  ( 0.9649897174490706941, -0.7199999999922811478, -1.508844386597677808E-06 ) ) ;
#337 = CARTESIAN_POINT ( 'NONE',  ( -0.7412404506450338548, -0.4122712873681245171, -0.2999017388417498098 ) ) ;
#338 = CARTESIAN_POINT ( 'NONE',  ( -0.5857142857142856318, -0.01999999999999999348, 0.09129738975605992957 ) ) ;
#339 = CARTESIAN_POINT ( 'NONE',  ( -0.9392857142857140573, -0.3309916264174740386, 0.3899711648727292590 ) ) ;
#340 = ADVANCED_FACE ( 'NONE', ( #781 ), #3401, .T. ) ;
#341 = CARTESIAN_POINT ( 'NONE',  ( -0.5685714285714283944, -0.2864874396262112599, 0.2772416883273278176 ) ) ;
#342 = CARTESIAN_POINT ( 'NONE',  ( -0.08928571428571427382, -0.3309916264174740386, 0.3899711648727292590 ) ) ;
#343 = CARTESIAN_POINT ( 'NONE',  ( 1.156428571428570917, -0.6902906603707253952, 0.1301651217352673140 ) ) ;
#344 = CARTESIAN_POINT ( 'NONE',  ( -0.01685964329511553672, -0.5799239642625434454, 0.2540108544314832462 ) ) ;
#345 = CARTESIAN_POINT ( 'NONE',  ( -0.9153301941626588167, -0.5716478692199410405, 0.2588743432246572440 ) ) ;
#346 = CARTESIAN_POINT ( 'NONE',  ( 1.032142857142856585, -0.6693959207434930780, -0.3127325929872118437 ) ) ;
#347 = CARTESIAN_POINT ( 'NONE',  ( -0.9571428571428555188, -0.09922490567806467598, 0.2558096015379863752 ) ) ;
#348 = APPROVAL_DATE_TIME ( #826, #2382 ) ;
#349 = CARTESIAN_POINT ( 'NONE',  ( -0.2457142857142856629, -0.7199999999999996403, -0.06847304231704488819 ) ) ;
#350 = CARTESIAN_POINT ( 'NONE',  ( -3.449999999999998401, -0.4200000000000004285, 0.0000000000000000000 ) ) ;
#351 = FACE_BOUND ( 'NONE', #5127, .T. ) ;
#352 = CARTESIAN_POINT ( 'NONE',  ( 0.08642857142857134078, -0.6902906603707253952, 0.1301651217352673140 ) ) ;
#353 = CARTESIAN_POINT ( 'NONE',  ( -0.4894508183700557735, -0.1620444261402797237, -0.1531827570991044773 ) ) ;
#354 = LINE ( 'NONE', #1315, #2156 ) ;
#355 = EDGE_LOOP ( 'NONE', ( #3271, #1089, #4203, #3285, #4038, #3819, #5465, #2395, #685, #4933, #1520, #3569, #247 ) ) ;
#356 = EDGE_LOOP ( 'NONE', ( #4706, #3901, #1685, #5305 ) ) ;
#357 = CARTESIAN_POINT ( 'NONE',  ( 1.289285714285713480, -0.3309916264174740386, -0.3899711648727292590 ) ) ;
#358 = CARTESIAN_POINT ( 'NONE',  ( -1.149999999999999689, -0.4200000000000000955, 0.0000000000000000000 ) ) ;
#359 = CARTESIAN_POINT ( 'NONE',  ( -0.1088487494390702331, -0.6020943924252963875, -0.2384454791226466031 ) ) ;
#360 = CARTESIAN_POINT ( 'NONE',  ( -0.2594777930310154246, -0.2411067902765720861, 0.2408387673050018662 ) ) ;
#361 = CARTESIAN_POINT ( 'NONE',  ( -1.092136618900408029, -0.1538002687282863101, -0.1383394261049085416 ) ) ;
#362 = CARTESIAN_POINT ( 'NONE',  ( 0.8564285714285710949, -0.6902906603707253952, 0.1301651217352673140 ) ) ;
#363 = CARTESIAN_POINT ( 'NONE',  ( -1.150000000000000133, -0.6946283683042109303, -0.1572743188154601401 ) ) ;
#364 = CARTESIAN_POINT ( 'NONE',  ( -0.6051631209759417152, -0.5139317833070948804, 0.2849607603348638385 ) ) ;
#365 = CARTESIAN_POINT ( 'NONE',  ( -0.7797880015379526908, -0.1978501378030022018, -0.2016172684792251202 ) ) ;
#366 = CARTESIAN_POINT ( 'NONE',  ( -0.5107142857142855652, -0.3309916264174742051, -0.3899711648727292590 ) ) ;
#367 = CARTESIAN_POINT ( 'NONE',  ( 0.05874724973349318424, -0.7200000004788380537, -0.03926990466423585513 ) ) ;
#368 = CARTESIAN_POINT ( 'NONE',  ( -0.5042857142857142261, -0.1200000000000000788, -0.06847304231704502697 ) ) ;
#369 = CARTESIAN_POINT ( 'NONE',  ( -0.4107142857142856429, -0.5090083735825254863, 0.3899711648727292590 ) ) ;
#370 = CARTESIAN_POINT ( 'NONE',  ( 0.08928571428571424606, -0.3309916264174740386, -0.3899711648727292590 ) ) ;
#371 = CARTESIAN_POINT ( 'NONE',  ( -0.04426375907878206395, -0.6922526299536214678, 0.1261787479418127467 ) ) ;
#372 = CARTESIAN_POINT ( 'NONE',  ( -0.9431402113278314348, -0.6890865636340463007, 0.1326405819391014429 ) ) ;
#373 = CARTESIAN_POINT ( 'NONE',  ( 1.192857142857142394, -0.09922490567806474537, 0.2558096015379864308 ) ) ;
#374 = CARTESIAN_POINT ( 'NONE',  ( -0.6785714285714269378, -0.2419832528349483425, 0.3696555844364371457 ) ) ;
#375 = MECHANICAL_CONTEXT ( 'NONE', #5387, 'mechanical' ) ;
#376 = CARTESIAN_POINT ( 'NONE',  ( -0.2778571428571428026, -0.6070469405576197630, -0.2345494447404087579 ) ) ;
#377 = CYLINDRICAL_SURFACE ( 'NONE', #4266, 0.2999999999999998224 ) ;
#378 = CARTESIAN_POINT ( 'NONE',  ( 0.6221428571428566645, -0.6070469405576197630, -0.2345494447404088134 ) ) ;
#379 = CARTESIAN_POINT ( 'NONE',  ( -0.5057376102748694091, -0.1256413325253100122, -0.05790664271945744623 ) ) ;
#380 = CYLINDRICAL_SURFACE ( 'NONE', #1625, 0.2500000000000001110 ) ;
#381 = ORIENTED_EDGE ( 'NONE', *, *, #5435, .T. ) ;
#382 = CC_DESIGN_PERSON_AND_ORGANIZATION_ASSIGNMENT ( #3868, #2095, ( #3753 ) ) ;
#383 = CIRCLE ( 'NONE', #2539, 0.2999999999999999889 ) ;
#384 = EDGE_LOOP ( 'NONE', ( #5341, #1943, #1346, #779, #4553 ) ) ;
#385 = CARTESIAN_POINT ( 'NONE',  ( 0.9678571428571423052, -0.1706040792565065023, -0.3127325929872117327 ) ) ;
#386 = CARTESIAN_POINT ( 'NONE',  ( 1.166444370508384232, -0.2775220533906124221, -0.2651769945787743610 ) ) ;
#387 = CARTESIAN_POINT ( 'NONE',  ( -0.1118829812188955747, -0.5864492907481483330, -0.2495889492623101780 ) ) ;
#388 = CARTESIAN_POINT ( 'NONE',  ( -0.2425054897847931101, -0.1685209853714369210, 0.1636222883666277605 ) ) ;
#389 = CARTESIAN_POINT ( 'NONE',  ( -1.094294790453873345, -0.1476665821682418833, -0.1260020544212175908 ) ) ;
#390 = CARTESIAN_POINT ( 'NONE',  ( -0.5302438206524060504, -0.1350982209596711114, 0.09397430144750219816 ) ) ;
#391 = CARTESIAN_POINT ( 'NONE',  ( 0.3957142857142855186, -0.1200000000000000372, -0.06847304231704492983 ) ) ;
#392 = CARTESIAN_POINT ( 'NONE',  ( -1.149999999999999467, -0.6283607229709874398, -0.2808172052459287915 ) ) ;
#393 = CARTESIAN_POINT ( 'NONE',  ( -0.6142914602579573335, -0.5660090879147247067, 0.2621171902321763336 ) ) ;
#394 = CARTESIAN_POINT ( 'NONE',  ( -0.7903327892424254486, -0.1592422121504575017, -0.1483651774614562491 ) ) ;
#395 = CARTESIAN_POINT ( 'NONE',  ( -0.4035714285714284699, -0.7803875471609672543, 0.1735534956470232149 ) ) ;
#396 = DIRECTION ( 'NONE',  ( 1.000000000000000000, 1.268357997058408169E-16, -0.0000000000000000000 ) ) ;
#397 = CARTESIAN_POINT ( 'NONE',  ( -0.6114285714285713214, -0.5535125603737884870, 0.2772416883273278176 ) ) ;
#398 = CARTESIAN_POINT ( 'NONE',  ( -0.4214285714285714302, -0.5980167471650511546, 0.3696555844364371457 ) ) ;
#399 = CARTESIAN_POINT ( 'NONE',  ( 0.4642857142857140240, -0.8199999999999997291, -0.09129738975605997120 ) ) ;
#400 = CARTESIAN_POINT ( 'NONE',  ( -0.04625985625919969146, -0.6972594275733765556, 0.1145744509974403469 ) ) ;
#401 = CARTESIAN_POINT ( 'NONE',  ( -0.9241506364326069756, -0.6168609689951408681, 0.2263758393779342071 ) ) ;
#402 = CARTESIAN_POINT ( 'NONE',  ( 1.246428571428570775, -0.05961245283903229136, -0.1735534956470231871 ) ) ;
#403 = CARTESIAN_POINT ( 'NONE',  ( -0.8285714285714271821, -0.5980167471650512656, -0.3696555844364370902 ) ) ;
#404 = PERSON_AND_ORGANIZATION_ROLE ( 'creator' ) ;
#405 = ADVANCED_FACE ( 'NONE', ( #5154 ), #3791, .T. ) ;
#406 = CARTESIAN_POINT ( 'NONE',  ( -0.3314285714285713502, -0.2864874396262113709, -0.2772416883273278732 ) ) ;
#407 = CARTESIAN_POINT ( 'NONE',  ( -1.254982635170248439, -0.09639320225003461529, 0.2351141009170079066 ) ) ;
#408 = CARTESIAN_POINT ( 'NONE',  ( 0.8042857142857138264, -0.1200000000000000788, 0.06847304231704502697 ) ) ;
#409 = LINE ( 'NONE', #5097, #5422 ) ;
#410 = CARTESIAN_POINT ( 'NONE',  ( -0.9849934982653443249, -0.1200000000031389846, -9.540538572514818704E-07 ) ) ;
#411 = ORIENTED_EDGE ( 'NONE', *, *, #2033, .T. ) ;
#412 = EDGE_CURVE ( 'NONE', #2464, #2869, #5507, .T. ) ;
#413 = EDGE_CURVE ( 'NONE', #710, #1799, #3749, .T. ) ;
#414 = ORIENTED_EDGE ( 'NONE', *, *, #2059, .T. ) ;
#415 = CARTESIAN_POINT ( 'NONE',  ( 1.396428571428570464, -0.7803875471609674763, 0.1735534956470231316 ) ) ;
#416 = LINE ( 'NONE', #2135, #156 ) ;
#417 = CARTESIAN_POINT ( 'NONE',  ( -0.1217761496244569169, -0.5318858942887347840, -0.2783579635820943032 ) ) ;
#418 = CARTESIAN_POINT ( 'NONE',  ( -0.2713858222588712565, -0.3058562394263953377, 0.2774370128548062087 ) ) ;
#419 = CARTESIAN_POINT ( 'NONE',  ( -1.070664107061637393, -0.2402127905461459434, -0.2405307443814793666 ) ) ;
#420 = CARTESIAN_POINT ( 'NONE',  ( -0.5335833236709126570, -0.1423326512122763954, 0.1136409224236975823 ) ) ;
#421 = EDGE_CURVE ( 'NONE', #2442, #1178, #416, .T. ) ;
#422 = CARTESIAN_POINT ( 'NONE',  ( 0.2564285714285712836, -0.6902906603707253952, 0.1301651217352673140 ) ) ;
#423 = CARTESIAN_POINT ( 'NONE',  ( -1.150000000000002798, -0.4199999999999508571, -0.3999999999999998557 ) ) ;
#424 = CARTESIAN_POINT ( 'NONE',  ( -0.5972292936848815348, -0.4650428124321315804, 0.2965993228036292728 ) ) ;
#425 = CARTESIAN_POINT ( 'NONE',  ( -0.01785714285714283533, -0.1706040792565065023, 0.3127325929872117327 ) ) ;
#426 = CARTESIAN_POINT ( 'NONE',  ( -0.04125083703763292309, -0.2356359848466087759, -0.2399000533892420017 ) ) ;
#427 = CARTESIAN_POINT ( 'NONE',  ( -0.7399999999999998801, -0.4199999999999999845, -0.3077150589817659876 ) ) ;
#428 = CARTESIAN_POINT ( 'NONE',  ( -0.3249999999999999556, -0.01999999999999999001, 0.0000000000000000000 ) ) ;
#429 = CARTESIAN_POINT ( 'NONE',  ( 0.5607142857142853876, -0.3309916264174742051, 0.3899711648727292590 ) ) ;
#430 = CARTESIAN_POINT ( 'NONE',  ( -0.6739329860274544393, -0.7147481586525703534, -0.05589029012603745350 ) ) ;
#431 = CARTESIAN_POINT ( 'NONE',  ( -0.9196964879684710326, -0.5946707149160597172, 0.2439183202754907076 ) ) ;
#432 = CARTESIAN_POINT ( 'NONE',  ( 0.8821428571428566734, -0.1706040792565065856, 0.3127325929872118437 ) ) ;
#433 = CARTESIAN_POINT ( 'NONE',  ( 0.2457142857142856074, -0.7199999999999997513, 0.06847304231704488819 ) ) ;
#434 = APPROVAL_PERSON_ORGANIZATION ( #3751, #2795, #2126 ) ;
#435 = DIRECTION ( 'NONE',  ( 0.0000000000000000000, 0.0000000000000000000, 1.000000000000000000 ) ) ;
#436 = CARTESIAN_POINT ( 'NONE',  ( -0.2671428571428571264, -0.6605813207414512611, -0.1918572011534897537 ) ) ;
#437 = CARTESIAN_POINT ( 'NONE',  ( 0.06134594381191302292, -0.1561479018304735011, 0.1427662870994291233 ) ) ;
#438 = CARTESIAN_POINT ( 'NONE',  ( 1.136428571428570899, -0.1497093396292742407, -0.1301651217352673418 ) ) ;
#439 = LINE ( 'NONE', #4649, #2102 ) ;
#440 = CARTESIAN_POINT ( 'NONE',  ( -0.06499999966781112859, -0.7199999999999998623, 4.883406117479144416E-11 ) ) ;
#441 = VERTEX_POINT ( 'NONE', #1717 ) ;
#442 = CIRCLE ( 'NONE', #3409, 0.2500000000000000555 ) ;
#443 = CARTESIAN_POINT ( 'NONE',  ( 0.9249999999999993783, -0.01999999999999999001, 0.0000000000000000000 ) ) ;
#444 = CARTESIAN_POINT ( 'NONE',  ( 1.210000000000000409, -0.5421258334296586989, -0.2740169352596860675 ) ) ;
#445 = CARTESIAN_POINT ( 'NONE',  ( -0.09326779400885872040, -0.6688462362067657541, -0.1675578856172627584 ) ) ;
#446 = CARTESIAN_POINT ( 'NONE',  ( -0.3607142857142856540, -0.5090083735825254863, 0.3899711648727292590 ) ) ;
#447 = CARTESIAN_POINT ( 'NONE',  ( -0.2564965714472617342, -0.2262292975811917295, 0.2290687879079276734 ) ) ;
#448 = CARTESIAN_POINT ( 'NONE',  ( -1.097226099043471459, -0.1404684725695254932, -0.1089196374019140157 ) ) ;
#449 = CARTESIAN_POINT ( 'NONE',  ( -0.5389312638338290551, -0.1569837735149636204, 0.1443091066118897814 ) ) ;
#450 = VECTOR ( 'NONE', #1439, 39.37007874015748143 ) ;
#451 = CARTESIAN_POINT ( 'NONE',  ( 0.2671428571428570709, -0.6605813207414512611, 0.1918572011534897537 ) ) ;
#452 = LINE ( 'NONE', #1752, #3094 ) ;
#453 = CARTESIAN_POINT ( 'NONE',  ( -0.5775757585997336463, -0.3426782169430873104, 0.2898657014526732079 ) ) ;
#454 = CARTESIAN_POINT ( 'NONE',  ( -1.057142857142856940, -0.7407750943219351125, -0.2558096015379863197 ) ) ;
#455 = CARTESIAN_POINT ( 'NONE',  ( 1.210000000000000853, -0.2390623817586076671, -0.3273700744809530661 ) ) ;
#456 = CARTESIAN_POINT ( 'NONE',  ( -1.039999999999999813, -0.4199999999999999845, -0.3077150589817659876 ) ) ;
#457 = CARTESIAN_POINT ( 'NONE',  ( -0.6892857142857142794, -0.3309916264174740386, 0.3899711648727292590 ) ) ;
#458 = CARTESIAN_POINT ( 'NONE',  ( 0.4214285714285712636, -0.5980167471650512656, -0.3696555844364371457 ) ) ;
#459 = CARTESIAN_POINT ( 'NONE',  ( -1.149999999999999689, -0.3504279341342203535, -0.3942888398278533990 ) ) ;
#460 = DIRECTION ( 'NONE',  ( 1.149767674101120973E-16, -1.000000000000000000, 0.0000000000000000000 ) ) ;
#461 = CARTESIAN_POINT ( 'NONE',  ( 0.4571428571428569620, -0.7407750943219351125, 0.2558096015379863197 ) ) ;
#462 = CARTESIAN_POINT ( 'NONE',  ( -0.6035714285714269822, -0.05961245283903235381, -0.1735534956470232704 ) ) ;
#463 = CARTESIAN_POINT ( 'NONE',  ( -0.9314285714285713835, -0.2864874396262113709, -0.2772416883273278732 ) ) ;
#464 = B_SPLINE_CURVE_WITH_KNOTS ( 'NONE', 3,
 ( #12, #3832, #3860, #4302, #5086, #5138, #1699, #1300, #1272, #875, #5487, #1755, #2117, #4215, #455, #2591, #2985, #1216, #2929, #3014 ),
 .UNSPECIFIED., .F., .F.,
 ( 4, 2, 2, 2, 2, 2, 2, 2, 2, 4 ),
 ( 0.0000000000000000000, 0.001427112924402119867, 0.002140669386603177848, 0.002854225848804235830, 0.004281338773206347890, 0.005708451697608459517, 0.007135564622010569409, 0.008562677546412681903, 0.009989790470814791795, 0.01141690339521690342 ),
 .UNSPECIFIED. ) ;
#465 = CARTESIAN_POINT ( 'NONE',  ( 0.08499999999999999223, -0.1200000000000000233, 0.0000000000000000000 ) ) ;
#466 = CARTESIAN_POINT ( 'NONE',  ( 0.8792857142857136710, -0.3532437198131055389, -0.2924783736545468749 ) ) ;
#467 = CARTESIAN_POINT ( 'NONE',  ( -0.8440390230353903567, -0.1738265203723274588, 0.1715647200230023539 ) ) ;
#468 = CARTESIAN_POINT ( 'NONE',  ( -0.1707142857142856796, -0.4867562801868940969, 0.2924783736545468749 ) ) ;
#469 = CARTESIAN_POINT ( 'NONE',  ( 1.117857142857142216, -0.6693959207434931891, 0.3127325929872117327 ) ) ;
#470 = CARTESIAN_POINT ( 'NONE',  ( 1.170403395835730498, -0.3000791692785110820, -0.2761119303523966728 ) ) ;
#471 = ORIENTED_EDGE ( 'NONE', *, *, #3367, .T. ) ;
#472 = CARTESIAN_POINT ( 'NONE',  ( -0.1139328614633879216, -0.5756495375451637919, -0.2565095309294130321 ) ) ;
#473 = CARTESIAN_POINT ( 'NONE',  ( -0.5857142857142856318, -0.01999999999999999695, 0.09129738975605992957 ) ) ;
#474 = CARTESIAN_POINT ( 'NONE',  ( -0.2815732532156396961, -0.3674926644361824479, 0.2953790516807446309 ) ) ;
#475 = DIRECTION ( 'NONE',  ( -1.000000000000000000, -1.268357997058408169E-16, 0.0000000000000000000 ) ) ;
#476 = CARTESIAN_POINT ( 'NONE',  ( -0.5394187358936723964, -0.1584821600588590673, 0.1469983474874290985 ) ) ;
#477 = CARTESIAN_POINT ( 'NONE',  ( 0.6849999999999996092, -0.1200000000000000233, 0.0000000000000000000 ) ) ;
#478 = CARTESIAN_POINT ( 'NONE',  ( 0.1142857142857142128, -0.8199999999999997291, -0.09129738975605997120 ) ) ;
#479 = CARTESIAN_POINT ( 'NONE',  ( -0.6198976422493264193, -0.5956933095766447916, 0.2432132972321198183 ) ) ;
#480 = CARTESIAN_POINT ( 'NONE',  ( -0.7357142857142858761, -0.8199999999999997291, -0.09129738975605987406 ) ) ;
#481 = CARTESIAN_POINT ( 'NONE',  ( 0.7599999999999996758, -0.4199999999999998734, -0.3077150589817659876 ) ) ;
#482 = AXIS2_PLACEMENT_3D ( 'NONE', #831, #2999, #1343 ) ;
#483 = CARTESIAN_POINT ( 'NONE',  ( -0.5285714285714284699, -0.5980167471650512656, -0.3696555844364370347 ) ) ;
#484 = CARTESIAN_POINT ( 'NONE',  ( 0.8714285714285708861, -0.2419832528349484535, 0.3696555844364372012 ) ) ;
#485 = CARTESIAN_POINT ( 'NONE',  ( -1.149999999999999467, -0.2051294222497075936, -0.3378371031815986525 ) ) ;
#486 = CARTESIAN_POINT ( 'NONE',  ( -0.5150963287330437845, -0.1200004734294062292, 0.0006155168923427276843 ) ) ;
#487 = CARTESIAN_POINT ( 'NONE',  ( 0.3928571428571426827, -0.7407750943219348905, -0.2558096015379864308 ) ) ;
#488 = CARTESIAN_POINT ( 'NONE',  ( -0.9923375416155867379, -0.6720532673504672205, -0.1627081079812127684 ) ) ;
#489 = CARTESIAN_POINT ( 'NONE',  ( -0.9849999999999997646, -0.1200000000000000233, 0.0000000000000000000 ) ) ;
#490 = CARTESIAN_POINT ( 'NONE',  ( 0.07960214377667815255, -0.1209451006080530383, 0.03428098083570571553 ) ) ;
#491 = CARTESIAN_POINT ( 'NONE',  ( 0.9007142857142850234, -0.4867562801868940969, -0.2924783736545468749 ) ) ;
#492 = CARTESIAN_POINT ( 'NONE',  ( -0.8373168156963147757, -0.1522147188493500891, 0.1352460829671049691 ) ) ;
#493 = CARTESIAN_POINT ( 'NONE',  ( -0.6528571428571428026, -0.1794186792585485968, -0.1918572011534898369 ) ) ;
#494 = CARTESIAN_POINT ( 'NONE',  ( -0.06785714285714285199, -0.1706040792565065023, 0.3127325929872117327 ) ) ;
#495 = CARTESIAN_POINT ( 'NONE',  ( 0.2399937820061281424, -0.1578640874667734117, -0.1510857010441845338 ) ) ;
#496 = ORIENTED_EDGE ( 'NONE', *, *, #3979, .T. ) ;
#497 = CARTESIAN_POINT ( 'NONE',  ( -0.1308394792600891532, -0.4770756698539244112, -0.2945210984391496423 ) ) ;
#498 =( BOUNDED_CURVE ( )  B_SPLINE_CURVE ( 2, ( #4851, #3503, #4007, #4790, #3620, #976, #4877, #3534, #2664, #3978, #4371, #3594, #1007, #493, #3949, #2213, #2722 ),
 .UNSPECIFIED., .F., .T. ) 
 B_SPLINE_CURVE_WITH_KNOTS ( ( 3, 2, 2, 2, 2, 2, 2, 2, 3 ),
 ( 0.3658509079238332351, 0.3658510345272958375, 0.3832725123619289409, 0.4006939901965620998, 0.4181154680311952587, 0.4355369458658283621, 0.4529584237004615210, 0.4703799015350946799, 0.4878012105650812447 ),
 .UNSPECIFIED. ) 
 CURVE ( )  GEOMETRIC_REPRESENTATION_ITEM ( )  RATIONAL_B_SPLINE_CURVE ( ( 0.9999996356003670872, 0.9999998177988594916, 1.000000000000000000, 0.9749279121818236193, 1.000000000000000000, 0.9749279121818236193, 1.000000000000000000, 0.9749279121818236193, 1.000000000000000000, 0.9749279121818236193, 1.000000000000000000, 0.9749279121818236193, 1.000000000000000000, 0.9749279121818236193, 1.000000000000000000, 0.9749281551167205961, 0.9999995141349138361 ) ) 
 REPRESENTATION_ITEM ( '' )  );
#499 = CARTESIAN_POINT ( 'NONE',  ( -0.4142857142857141461, -0.8199999999999997291, 0.09129738975605995732 ) ) ;
#500 = CARTESIAN_POINT ( 'NONE',  ( -0.3236076165424275897, -0.6142564377404650111, 0.2286220551454106742 ) ) ;
#501 = DIRECTION ( 'NONE',  ( 0.0000000000000000000, 1.000000000000000000, 0.0000000000000000000 ) ) ;
#502 = CARTESIAN_POINT ( 'NONE',  ( -0.4076464713639169068, -0.6081007349891444091, -0.2337074029570037348 ) ) ;
#503 = CARTESIAN_POINT ( 'NONE',  ( 1.070714285714285063, -0.4867562801868940969, -0.2924783736545468749 ) ) ;
#504 = CARTESIAN_POINT ( 'NONE',  ( 0.2749999999999998002, -0.01999999999999999001, 0.0000000000000000000 ) ) ;
#505 = CARTESIAN_POINT ( 'NONE',  ( -0.6261823032955889934, -0.6263546619860621556, 0.2177568948004501015 ) ) ;
#506 = CARTESIAN_POINT ( 'NONE',  ( -0.3851244021842996634, -0.6937873235224172319, -0.1226830574268715640 ) ) ;
#507 = B_SPLINE_CURVE_WITH_KNOTS ( 'NONE', 3,
 ( #4430, #551, #578, #5207 ),
 .UNSPECIFIED., .F., .F.,
 ( 4, 4 ),
 ( 0.0000000000000000000, 0.001833751310402506650 ),
 .UNSPECIFIED. ) ;
#508 = CARTESIAN_POINT ( 'NONE',  ( -1.024999999999999689, -0.8199999999999997291, 4.898587196589411226E-17 ) ) ;
#509 = CARTESIAN_POINT ( 'NONE',  ( 0.4171428571428569820, -0.1794186792585485413, -0.1918572011534897814 ) ) ;
#510 = CARTESIAN_POINT ( 'NONE',  ( -0.9464285714285712858, -0.05961245283903229136, 0.1735534956470231871 ) ) ;
#511 = CARTESIAN_POINT ( 'NONE',  ( 0.6035714285714283145, -0.05961245283903235381, 0.1735534956470232704 ) ) ;
#512 = CARTESIAN_POINT ( 'NONE',  ( -0.7128463171317838132, -0.5813909842637807746, -0.2528899507239402711 ) ) ;
#513 = CARTESIAN_POINT ( 'NONE',  ( -0.9624102085322918665, -0.7195486801177556346, 0.01645072951572949110 ) ) ;
#514 = CARTESIAN_POINT ( 'NONE',  ( 0.2428571428571426882, -0.09922490567806474537, 0.2558096015379864308 ) ) ;
#515 = CARTESIAN_POINT ( 'NONE',  ( -0.9960254764921602222, -0.6588403992833686829, -0.1815630803756809186 ) ) ;
#516 = CARTESIAN_POINT ( 'NONE',  ( -0.1357142857142857040, -0.8199999999999997291, -0.09129738975605987406 ) ) ;
#517 = VERTEX_POINT ( 'NONE', #3430 ) ;
#518 = CARTESIAN_POINT ( 'NONE',  ( -0.7385714285714286564, -0.2864874396262112599, 0.2772416883273278176 ) ) ;
#519 = CARTESIAN_POINT ( 'NONE',  ( 0.06553708735853894241, -0.1445283141830107920, 0.1188190913755071687 ) ) ;
#520 = CARTESIAN_POINT ( 'NONE',  ( 1.297142857142856043, -0.6605813207414512611, 0.1918572011534897537 ) ) ;
#521 = CARTESIAN_POINT ( 'NONE',  ( -0.8266503688647034442, -0.1288529717796670915, 0.07243051095485965318 ) ) ;
#522 = DIRECTION ( 'NONE',  ( 0.0000000000000000000, 0.0000000000000000000, 1.000000000000000000 ) ) ;
#523 = CARTESIAN_POINT ( 'NONE',  ( -3.449999999999998401, -0.4200000000000004285, 0.0000000000000000000 ) ) ;
#524 = FACE_OUTER_BOUND ( 'NONE', #4733, .T. ) ;
#525 = ORIENTED_EDGE ( 'NONE', *, *, #5368, .T. ) ;
#526 = CARTESIAN_POINT ( 'NONE',  ( -0.1587204150803027680, -0.3052433340975949094, -0.2771838937579583773 ) ) ;
#527 = CARTESIAN_POINT ( 'NONE',  ( -0.6607142857142855874, -0.5090083735825254863, 0.3899711648727292590 ) ) ;
#528 = CARTESIAN_POINT ( 'NONE',  ( -0.2806383320872962717, -0.3616713110090636341, 0.2942750432549464112 ) ) ;
#529 = CARTESIAN_POINT ( 'NONE',  ( -1.136997054288494846, -0.1512601758767186111, 0.1334028237531399153 ) ) ;
#530 = CARTESIAN_POINT ( 'NONE',  ( 0.6607142857142852543, -0.5090083735825254863, -0.3899711648727292590 ) ) ;
#531 = CARTESIAN_POINT ( 'NONE',  ( -0.4072418189302309255, -0.6101008504174478819, -0.2320812054448199713 ) ) ;
#532 = CARTESIAN_POINT ( 'NONE',  ( -0.1736926770393703301, -0.2253336174620095833, -0.2282696970844004525 ) ) ;
#533 = CARTESIAN_POINT ( 'NONE',  ( 0.9635714285714280791, -0.1497093396292742684, 0.1301651217352674250 ) ) ;
#534 = CARTESIAN_POINT ( 'NONE',  ( 0.1999999999999998446, -0.4200000000000000400, 0.4102867453090213723 ) ) ;
#535 = CARTESIAN_POINT ( 'NONE',  ( -0.6191345979026248170, -0.5917653035111817283, 0.2460131595242944225 ) ) ;
#536 = CARTESIAN_POINT ( 'NONE',  ( -0.3888405988549460957, -0.6832892112257474837, -0.1438046359663978091 ) ) ;
#537 = CARTESIAN_POINT ( 'NONE',  ( 0.5107142857142854542, -0.3309916264174742051, 0.3899711648727292590 ) ) ;
#538 = CARTESIAN_POINT ( 'NONE',  ( -0.8428571428571427493, -0.09922490567806474537, -0.2558096015379864863 ) ) ;
#539 = CARTESIAN_POINT ( 'NONE',  ( 0.4385714285714283900, -0.2864874396262112599, -0.2772416883273278176 ) ) ;
#540 = CARTESIAN_POINT ( 'NONE',  ( -0.7857142857142858094, -0.8199999999999997291, -0.09129738975605987406 ) ) ;
#541 = CARTESIAN_POINT ( 'NONE',  ( -1.203571428571428514, -0.05961245283903235381, -0.1735534956470232704 ) ) ;
#542 = CARTESIAN_POINT ( 'NONE',  ( 0.4149904338555380212, -0.5710856834648682101, 0.2621359226653097729 ) ) ;
#543 = CARTESIAN_POINT ( 'NONE',  ( -0.6938219972157442239, -0.6669061991675510059, -0.1704111946378711051 ) ) ;
#544 = CARTESIAN_POINT ( 'NONE',  ( 0.2321428571428569843, -0.1706040792565065856, 0.3127325929872118437 ) ) ;
#545 = CARTESIAN_POINT ( 'NONE',  ( -1.136428571428571122, -0.1497093396292742407, 0.1301651217352673418 ) ) ;
#546 = CARTESIAN_POINT ( 'NONE',  ( -0.7171428571428570820, -0.1794186792585485413, 0.1918572011534897814 ) ) ;
#547 =( NAMED_UNIT ( * ) PLANE_ANGLE_UNIT ( ) SI_UNIT ( $, .RADIAN. ) );
#548 = CARTESIAN_POINT ( 'NONE',  ( 0.03816250465818340348, -0.2533127604206302785, 0.2494300813027084951 ) ) ;
#549 = CARTESIAN_POINT ( 'NONE',  ( 1.211428571428571077, -0.5535125603737884870, -0.2772416883273278176 ) ) ;
#550 = CARTESIAN_POINT ( 'NONE',  ( -0.8249320722163788755, -0.1263888509535850690, 0.06199658853919181450 ) ) ;
#551 = CARTESIAN_POINT ( 'NONE',  ( 3.483426013712331848, -0.2125686362880304936, -0.06250000000000000000 ) ) ;
#552 = CYLINDRICAL_SURFACE ( 'NONE', #1393, 0.2999999999999998224 ) ;
#553 = CARTESIAN_POINT ( 'NONE',  ( 3.483426013712331848, -0.2125686362880304381, 0.06250000000000000000 ) ) ;
#554 = ORIENTED_EDGE ( 'NONE', *, *, #3211, .T. ) ;
#555 = CARTESIAN_POINT ( 'NONE',  ( -0.1495981601430969865, -0.3601983927463381363, -0.2939796255902120126 ) ) ;
#556 = CARTESIAN_POINT ( 'NONE',  ( -0.04999999999999997502, -0.4199999999999999289, 0.4102867453090214278 ) ) ;
#557 = CARTESIAN_POINT ( 'NONE',  ( -0.2808433897555699388, -0.3629486972871884820, 0.2945258187272759010 ) ) ;
#558 = CARTESIAN_POINT ( 'NONE',  ( -1.126010569515530468, -0.1279274662687758524, 0.06855693998104323006 ) ) ;
#559 = CARTESIAN_POINT ( 'NONE',  ( 1.014285714285713791, -0.8199999999999997291, -0.09129738975605995732 ) ) ;
#560 = CARTESIAN_POINT ( 'NONE',  ( -0.4213041184077787604, -0.5346151905613879540, -0.2772424235333966758 ) ) ;
#561 = CARTESIAN_POINT ( 'NONE',  ( -0.1873808020867465673, -0.1689133741721065285, -0.1641854302634138396 ) ) ;
#562 = CARTESIAN_POINT ( 'NONE',  ( 1.402857142857142358, -0.6605813207414512611, -0.1918572011534898369 ) ) ;
#563 = B_SPLINE_CURVE_WITH_KNOTS ( 'NONE', 3,
 ( #3225, #1855, #4928, #1084, #3671, #5271, #4086, #4452, #4507, #1882, #4426, #4031, #3140, #2376, #4479, #3251, #1434, #1107 ),
 .UNSPECIFIED., .F., .F.,
 ( 4, 2, 2, 2, 2, 2, 2, 2, 4 ),
 ( 0.6428569715824268282, 0.6562498251570536567, 0.6696426787316804852, 0.6830355323063072026, 0.6964283858809340311, 0.7098212394555608595, 0.7232140930301876880, 0.7366069466048144054, 0.7499998001794412339 ),
 .UNSPECIFIED. ) ;
#564 = CARTESIAN_POINT ( 'NONE',  ( 0.6821428571428566068, -0.6693959207434930780, -0.3127325929872118437 ) ) ;
#565 = CARTESIAN_POINT ( 'NONE',  ( -0.6325108336070015547, -0.6532656854892022746, 0.1888157584644911402 ) ) ;
#566 = CARTESIAN_POINT ( 'NONE',  ( -0.3925204350592932934, -0.6714278609326332914, -0.1637002728879376201 ) ) ;
#567 = CARTESIAN_POINT ( 'NONE',  ( 0.1999999999999998446, -0.4199999999999999845, 0.4102867453090214278 ) ) ;
#568 = CARTESIAN_POINT ( 'NONE',  ( -0.6499999999999999112, -0.4199999999999998734, 0.4102867453090213723 ) ) ;
#569 = CARTESIAN_POINT ( 'NONE',  ( -0.5499999999999998224, -0.4199999999999999845, -0.4102867453090214278 ) ) ;
#570 = CARTESIAN_POINT ( 'NONE',  ( 1.117857142857142216, -0.6693959207434931891, 0.3127325929872117327 ) ) ;
#571 = CARTESIAN_POINT ( 'NONE',  ( -0.7126494636202963529, -0.5824247671474044319, -0.2522272229476832384 ) ) ;
#572 = CARTESIAN_POINT ( 'NONE',  ( 0.4249999999999997113, -0.8199999999999997291, -4.898587196589411226E-17 ) ) ;
#573 = CARTESIAN_POINT ( 'NONE',  ( -0.4249999999999999334, -0.8199999999999997291, 4.898587196589411226E-17 ) ) ;
#574 = CARTESIAN_POINT ( 'NONE',  ( -1.134999999999999787, -0.7199999999999997513, 3.673940397442057649E-17 ) ) ;
#575 = CARTESIAN_POINT ( 'NONE',  ( 0.02869395141065540430, -0.3053959484305757699, 0.2772470283080748499 ) ) ;
#576 = CARTESIAN_POINT ( 'NONE',  ( 1.307857142857141941, -0.6070469405576197630, 0.2345494447404087579 ) ) ;
#577 = CARTESIAN_POINT ( 'NONE',  ( -0.8281973241206668224, -0.1313526228520871253, 0.08175096573144778611 ) ) ;
#578 = CARTESIAN_POINT ( 'NONE',  ( 3.466739799365840202, -0.1952273313054390946, -0.06250000000000000000 ) ) ;
#579 = ORIENTED_EDGE ( 'NONE', *, *, #3650, .F. ) ;
#580 = CARTESIAN_POINT ( 'NONE',  ( 2.138506484271024188, -0.1699999999999995959, 0.0000000000000000000 ) ) ;
#581 = LINE ( 'NONE', #4855, #2759 ) ;
#582 = ORIENTED_EDGE ( 'NONE', *, *, #2105, .F. ) ;
#583 = CARTESIAN_POINT ( 'NONE',  ( -0.8642857142857143238, -0.02000000000000005940, -0.09129738975606004059 ) ) ;
#584 = CARTESIAN_POINT ( 'NONE',  ( 0.1278571428571428081, -0.2329530594423798728, -0.2345494447404087857 ) ) ;
#585 = CARTESIAN_POINT ( 'NONE',  ( -1.133235612518590285, -0.1414827593005298922, 0.1116504207748208605 ) ) ;
#586 = CARTESIAN_POINT ( 'NONE',  ( 0.9392857142857137243, -0.3309916264174740386, -0.3899711648727292590 ) ) ;
#587 = CARTESIAN_POINT ( 'NONE',  ( -0.4032775180589376895, -0.6288105218975418298, -0.2154095238580802096 ) ) ;
#588 = CARTESIAN_POINT ( 'NONE',  ( -0.1603828453574058788, -0.2957253277150579396, -0.2730560508051943502 ) ) ;
#589 = EDGE_CURVE ( 'NONE', #2725, #4945, #131, .T. ) ;
#590 = CARTESIAN_POINT ( 'NONE',  ( 1.327857142857142181, -0.2329530594423798728, -0.2345494447404087857 ) ) ;
#591 = CARTESIAN_POINT ( 'NONE',  ( 0.1892857142857141683, -0.5090083735825255973, 0.3899711648727292590 ) ) ;
#592 = CARTESIAN_POINT ( 'NONE',  ( -0.6258174400688651939, -0.6246826731471719629, 0.2193307743103820595 ) ) ;
#593 = CARTESIAN_POINT ( 'NONE',  ( -0.3759610026351112300, -0.7121368940316918916, -0.06826012656978208692 ) ) ;
#594 = CARTESIAN_POINT ( 'NONE',  ( 0.3607142857142854875, -0.5090083735825254863, -0.3899711648727292590 ) ) ;
#595 = DIRECTION ( 'NONE',  ( -1.149767674101120973E-16, -1.000000000000000000, 0.0000000000000000000 ) ) ;
#596 = EDGE_CURVE ( 'NONE', #3983, #3759, #3024, .T. ) ;
#597 = CARTESIAN_POINT ( 'NONE',  ( -0.4642857142857141906, -0.8199999999999997291, 0.09129738975605995732 ) ) ;
#598 = CARTESIAN_POINT ( 'NONE',  ( 1.042857142857142483, -0.7407750943219348905, -0.2558096015379864308 ) ) ;
#599 = CARTESIAN_POINT ( 'NONE',  ( -0.6742929830166850547, -0.7143232410235951235, -0.05809407793015765320 ) ) ;
#600 = CARTESIAN_POINT ( 'NONE',  ( 0.8749999999999994449, -0.01999999999999999001, 0.0000000000000000000 ) ) ;
#601 = AXIS2_PLACEMENT_3D ( 'NONE', #79, #3622, #4011 ) ;
#602 = CARTESIAN_POINT ( 'NONE',  ( -0.1785714285714285754, -0.5980167471650512656, -0.3696555844364370347 ) ) ;
#603 = CARTESIAN_POINT ( 'NONE',  ( -3.449999999999998401, -0.4200000000000004285, 0.0000000000000000000 ) ) ;
#604 = CARTESIAN_POINT ( 'NONE',  ( 0.03815893822458456958, -0.2533314185195743584, 0.2494425685164283202 ) ) ;
#605 = CARTESIAN_POINT ( 'NONE',  ( -0.9046678084871803138, -0.5109236361962132822, 0.2858897221207267192 ) ) ;
#606 = CARTESIAN_POINT ( 'NONE',  ( -2.138506484271025077, -0.1700000000000004008, 0.01069724722001542429 ) ) ;
#607 = ORIENTED_EDGE ( 'NONE', *, *, #2000, .F. ) ;
#608 = CARTESIAN_POINT ( 'NONE',  ( -0.1964285714285713969, -0.7803875471609674763, -0.1735534956470231316 ) ) ;
#609 = CYLINDRICAL_SURFACE ( 'NONE', #601, 0.2999999999999998224 ) ;
#610 = ORIENTED_EDGE ( 'NONE', *, *, #2006, .T. ) ;
#611 = CARTESIAN_POINT ( 'NONE',  ( -0.3422747492032172656, -0.6866217693171602354, 0.1375334837230998697 ) ) ;
#612 = CARTESIAN_POINT ( 'NONE',  ( 0.1642857142857142017, -0.8199999999999997291, -0.09129738975605997120 ) ) ;
#613 = CARTESIAN_POINT ( 'NONE',  ( 1.046428571428570820, -0.7803875471609674763, 0.1735534956470231316 ) ) ;
#614 = CARTESIAN_POINT ( 'NONE',  ( -0.4306415069084493230, -0.4783089016674412219, -0.2942789197642217136 ) ) ;
#615 = CARTESIAN_POINT ( 'NONE',  ( -0.1781545613837574038, -0.2048533521312131678, -0.2090802297580218738 ) ) ;
#616 = APPROVAL_PERSON_ORGANIZATION ( #2512, #2382, #2937 ) ;
#617 = ORIENTED_EDGE ( 'NONE', *, *, #5174, .T. ) ;
#618 = CARTESIAN_POINT ( 'NONE',  ( 1.220714285714284975, -0.3532437198131055944, 0.2924783736545468749 ) ) ;
#619 = CARTESIAN_POINT ( 'NONE',  ( 0.8535714285714280924, -0.05961245283903235381, 0.1735534956470232704 ) ) ;
#620 = CARTESIAN_POINT ( 'NONE',  ( -0.2206028576911531758, -0.1219289516172369359, 0.03535019128826373536 ) ) ;
#621 = CARTESIAN_POINT ( 'NONE',  ( -0.3649999999406195461, -0.7199999999999998623, 8.855304658774813828E-12 ) ) ;
#622 = CARTESIAN_POINT ( 'NONE',  ( -0.9721815608214442461, -0.7165893438303463370, -0.04510937466724203315 ) ) ;
#623 = CARTESIAN_POINT ( 'NONE',  ( 0.2321428571428569843, -0.1706040792565065856, 0.3127325929872118437 ) ) ;
#624 = CARTESIAN_POINT ( 'NONE',  ( 1.210000000000000409, -0.4199999999999998734, 0.0000000000000000000 ) ) ;
#625 = CARTESIAN_POINT ( 'NONE',  ( -0.7535714285714284477, -0.7803875471609672543, 0.1735534956470232149 ) ) ;
#626 = EDGE_CURVE ( 'NONE', #5030, #3230, #581, .T. ) ;
#627 = CARTESIAN_POINT ( 'NONE',  ( 1.074999999999999289, -0.8199999999999997291, -4.898587196589411226E-17 ) ) ;
#628 = CARTESIAN_POINT ( 'NONE',  ( -0.7074542933925284105, -0.6090513303833513525, -0.2329375583603546240 ) ) ;
#629 = CARTESIAN_POINT ( 'NONE',  ( 0.9285714285714278260, -0.2419832528349483425, -0.3696555844364371457 ) ) ;
#630 = CARTESIAN_POINT ( 'NONE',  ( -0.03928571428571425717, -0.3309916264174740386, 0.3899711648727292590 ) ) ;
#631 = VECTOR ( 'NONE', #5125, 39.37007874015748854 ) ;
#632 = CARTESIAN_POINT ( 'NONE',  ( 0.5774873248585339347, -0.3414756504194237374, -0.2921918072475452322 ) ) ;
#633 =( LENGTH_UNIT ( ) NAMED_UNIT ( * ) SI_UNIT ( $, .METRE. ) );
#634 = CARTESIAN_POINT ( 'NONE',  ( 0.01394290945547197770, -0.3954126867311936744, 0.2991512986802577490 ) ) ;
#635 = CARTESIAN_POINT ( 'NONE',  ( -0.8762876088180975298, -0.3348470997704297014, 0.2876623886502209793 ) ) ;
#636 = CARTESIAN_POINT ( 'NONE',  ( 0.7642857142857140129, -0.8199999999999997291, -0.09129738975605995732 ) ) ;
#637 = CARTESIAN_POINT ( 'NONE',  ( -0.5821428571428555188, -0.1706040792565065856, -0.3127325929872118437 ) ) ;
#638 = EDGE_LOOP ( 'NONE', ( #3335, #4133 ) ) ;
#639 = CARTESIAN_POINT ( 'NONE',  ( -0.08642857142857139630, -0.6902906603707253952, -0.1301651217352673140 ) ) ;
#640 = ORIENTED_EDGE ( 'NONE', *, *, #4802, .F. ) ;
#641 = CARTESIAN_POINT ( 'NONE',  ( -0.3416198865055058431, -0.6846734899753403880, 0.1412372123317121864 ) ) ;
#642 = CARTESIAN_POINT ( 'NONE',  ( 0.8857142857142854542, -0.01999999999999999695, -0.09129738975605992957 ) ) ;
#643 = CARTESIAN_POINT ( 'NONE',  ( -0.4775192164461293243, -0.2076336046612967667, -0.2118975487785244305 ) ) ;
#644 = CARTESIAN_POINT ( 'NONE',  ( -0.1919086917900951206, -0.1544603930886206677, -0.1396043780659301792 ) ) ;
#645 = VERTEX_POINT ( 'NONE', #3925 ) ;
#646 = CARTESIAN_POINT ( 'NONE',  ( 0.3999999999999997446, -0.4199999999999999289, -0.4102867453090214278 ) ) ;
#647 = CARTESIAN_POINT ( 'NONE',  ( 0.9714285714285707529, -0.5980167471650512656, -0.3696555844364371457 ) ) ;
#648 = CARTESIAN_POINT ( 'NONE',  ( 2.138506484271024188, -0.1699999999999995959, 0.0000000000000000000 ) ) ;
#649 = CARTESIAN_POINT ( 'NONE',  ( -1.015568608206190548, -0.5667980185077702293, -0.2616501949545226302 ) ) ;
#650 = APPROVAL ( #3022, 'UNSPECIFIED' ) ;
#651 = CARTESIAN_POINT ( 'NONE',  ( 0.2885714285714284233, -0.5535125603737884870, 0.2772416883273278176 ) ) ;
#652 = CARTESIAN_POINT ( 'NONE',  ( 0.4249999999999997113, -0.8199999999999997291, -4.898587196589411226E-17 ) ) ;
#653 = CARTESIAN_POINT ( 'NONE',  ( 1.210000000000000853, -0.1219334118363204073, 0.2252991528177961389 ) ) ;
#654 = ADVANCED_FACE ( 'NONE', ( #524 ), #609, .T. ) ;
#655 = CARTESIAN_POINT ( 'NONE',  ( -0.9678571428571426383, -0.1706040792565065023, 0.3127325929872117327 ) ) ;
#656 = CARTESIAN_POINT ( 'NONE',  ( 0.5149941242569454625, -0.1200000000025204377, 8.621950982566808248E-07 ) ) ;
#657 = CARTESIAN_POINT ( 'NONE',  ( -0.7329829972289556572, -0.4637296345317514223, -0.2968127295612349448 ) ) ;
#658 = CARTESIAN_POINT ( 'NONE',  ( 1.324999999999999289, -0.8199999999999997291, -4.898587196589411226E-17 ) ) ;
#659 = CARTESIAN_POINT ( 'NONE',  ( -0.7464285714285712192, -0.7803875471609674763, -0.1735534956470231316 ) ) ;
#660 = EDGE_CURVE ( 'NONE', #3789, #5440, #1798, .T. ) ;
#661 = VECTOR ( 'NONE', #1775, 39.37007874015748143 ) ;
#662 = EDGE_CURVE ( 'NONE', #226, #4905, #164, .T. ) ;
#663 = CARTESIAN_POINT ( 'NONE',  ( 0.7274844550151224887, -0.4985243460183425568, 0.2921918082048678422 ) ) ;
#664 = ORIENTED_EDGE ( 'NONE', *, *, #5262, .T. ) ;
#665 = CARTESIAN_POINT ( 'NONE',  ( -0.02324344998321354119, -0.6124837638338200829, 0.2301131050832865288 ) ) ;
#666 = CARTESIAN_POINT ( 'NONE',  ( -0.8997985124845603311, -0.4810504771881069508, 0.2937244381616206379 ) ) ;
#667 = CARTESIAN_POINT ( 'NONE',  ( 0.5821428571428568510, -0.1706040792565065856, 0.3127325929872118437 ) ) ;
#668 = CARTESIAN_POINT ( 'NONE',  ( -0.4749999999999984790, -0.8199999999999997291, 4.898587196589411226E-17 ) ) ;
#669 = ADVANCED_FACE ( 'NONE', ( #5277 ), #1055, .T. ) ;
#670 = AXIS2_PLACEMENT_3D ( 'NONE', #350, #2433, #722 ) ;
#671 = EDGE_LOOP ( 'NONE', ( #4604, #1525, #3677, #4785, #411, #3506 ) ) ;
#672 = ORIENTED_EDGE ( 'NONE', *, *, #5405, .T. ) ;
#673 = CARTESIAN_POINT ( 'NONE',  ( -0.3649999999406195461, -0.7199999999999998623, 8.855304658774813828E-12 ) ) ;
#674 = CARTESIAN_POINT ( 'NONE',  ( 0.1214285714285713857, -0.5980167471650512656, -0.3696555844364371457 ) ) ;
#675 = CARTESIAN_POINT ( 'NONE',  ( 0.2899999999999998135, -0.4199999999999999289, -0.3077150589817659876 ) ) ;
#676 = AXIS2_PLACEMENT_3D ( 'NONE', #2838, #703, #1147 ) ;
#677 = CARTESIAN_POINT ( 'NONE',  ( -0.4718005601757512824, -0.2346122890260428084, -0.2359539856565968097 ) ) ;
#678 = CARTESIAN_POINT ( 'NONE',  ( -2.311999999999999389, 0.009999999999999892655, -0.06250000000000000000 ) ) ;
#679 = ORIENTED_EDGE ( 'NONE', *, *, #662, .F. ) ;
#680 = CARTESIAN_POINT ( 'NONE',  ( 0.4428571428571427271, -0.7407750943219348905, -0.2558096015379864308 ) ) ;
#681 = CARTESIAN_POINT ( 'NONE',  ( 0.9821428571428566512, -0.6693959207434930780, -0.3127325929872118437 ) ) ;
#682 = CARTESIAN_POINT ( 'NONE',  ( -0.6646543783220886237, -0.7199923844257165584, 0.002207284639953776932 ) ) ;
#683 = CARTESIAN_POINT ( 'NONE',  ( -1.048709872692374478, -0.3657419122998776251, -0.2950532493965344893 ) ) ;
#684 = CARTESIAN_POINT ( 'NONE',  ( -1.002676904141764913, -0.6314971512336584603, -0.2127654357360347914 ) ) ;
#685 = ORIENTED_EDGE ( 'NONE', *, *, #4816, .F. ) ;
#686 = DIRECTION ( 'NONE',  ( 1.000000000000000000, 1.268357997058408169E-16, -0.0000000000000000000 ) ) ;
#687 = DIRECTION ( 'NONE',  ( 0.0000000000000000000, 0.0000000000000000000, 1.000000000000000000 ) ) ;
#688 = VECTOR ( 'NONE', #4334, 39.37007874015748854 ) ;
#689 = CARTESIAN_POINT ( 'NONE',  ( -0.7222380993634108792, -0.5292041238614576537, -0.2794182413092408113 ) ) ;
#690 = CARTESIAN_POINT ( 'NONE',  ( 0.7464285714285709972, -0.7803875471609674763, 0.1735534956470231316 ) ) ;
#691 = CARTESIAN_POINT ( 'NONE',  ( -1.057142857142856718, -0.7407750943219351125, -0.2558096015379863197 ) ) ;
#692 = CARTESIAN_POINT ( 'NONE',  ( -0.5876026880739599889, -0.4050633285376744608, 0.2996279551334822822 ) ) ;
#693 = CARTESIAN_POINT ( 'NONE',  ( -1.217420065944349705, -0.1571863358489220819, 0.3187886708912949230 ) ) ;
#694 = CARTESIAN_POINT ( 'NONE',  ( -0.003000546918623166887, -0.5007826839890424653, 0.2889711432563567550 ) ) ;
#695 = CARTESIAN_POINT ( 'NONE',  ( -0.8786667973694776146, -0.3494274623374640787, 0.2916541935581365430 ) ) ;
#696 = CARTESIAN_POINT ( 'NONE',  ( 0.1749999999999999056, -0.8199999999999997291, -4.898587196589411226E-17 ) ) ;
#697 = CARTESIAN_POINT ( 'NONE',  ( -0.2392857142857127417, -0.5090083735825255973, -0.3899711648727292590 ) ) ;
#698 = ORIENTED_EDGE ( 'NONE', *, *, #3367, .F. ) ;
#699 = CARTESIAN_POINT ( 'NONE',  ( 0.1064285714285714002, -0.1497093396292742407, -0.1301651217352673418 ) ) ;
#700 = CARTESIAN_POINT ( 'NONE',  ( -0.8099044768230994062, -0.1216866914670581973, -0.03217341062706399052 ) ) ;
#701 = CARTESIAN_POINT ( 'NONE',  ( 0.1078571428571427765, -0.6070469405576197630, 0.2345494447404087579 ) ) ;
#702 = CARTESIAN_POINT ( 'NONE',  ( -0.4483581214110838875, -0.3679239801413941024, -0.2955182657029986615 ) ) ;
#703 = DIRECTION ( 'NONE',  ( 1.000000000000000000, 1.268357997058408169E-16, -0.0000000000000000000 ) ) ;
#704 = CARTESIAN_POINT ( 'NONE',  ( 0.4857142857142854320, -0.8199999999999997291, 0.09129738975605987406 ) ) ;
#705 = CARTESIAN_POINT ( 'NONE',  ( -0.06748217443349270594, -0.7197437451417594279, -0.01579015674264091021 ) ) ;
#706 = CARTESIAN_POINT ( 'NONE',  ( 0.9421428571428567267, -0.2329530594423799283, 0.2345494447404088134 ) ) ;
#707 = CARTESIAN_POINT ( 'NONE',  ( -1.024063901769106444, -0.5185079366488258845, -0.2834439536899544532 ) ) ;
#708 = ORIENTED_EDGE ( 'NONE', *, *, #2472, .F. ) ;
#709 = CARTESIAN_POINT ( 'NONE',  ( 0.1899947386205769195, -0.1578640800978619030, 0.1510856882590156380 ) ) ;
#710 = VERTEX_POINT ( 'NONE', #1009 ) ;
#711 = CARTESIAN_POINT ( 'NONE',  ( 0.09571428571428568233, -0.1200000000000000372, -0.06847304231704492983 ) ) ;
#712 = CARTESIAN_POINT ( 'NONE',  ( -0.5587642106811335774, -0.2375100868590167835, 0.2381122817339448583 ) ) ;
#713 = CARTESIAN_POINT ( 'NONE',  ( -0.7236977353074004471, -0.5206584892405308196, -0.2826243326592190463 ) ) ;
#714 = CARTESIAN_POINT ( 'NONE',  ( 0.7999999999999994893, -0.4199999999999999845, 0.4102867453090214278 ) ) ;
#715 = CARTESIAN_POINT ( 'NONE',  ( -1.211201677121127585, -0.1267916363284836700, 0.2769533667436419599 ) ) ;
#716 = CARTESIAN_POINT ( 'NONE',  ( -0.9499999999999998446, -0.4199999999999999289, 0.4102867453090214278 ) ) ;
#717 = CARTESIAN_POINT ( 'NONE',  ( -0.02496476868019551626, -0.6207389853488145537, 0.2229571422411303905 ) ) ;
#718 = CARTESIAN_POINT ( 'NONE',  ( -0.8606455923949308806, -0.2469820639023423137, 0.2452747136050573151 ) ) ;
#719 = ORIENTED_EDGE ( 'NONE', *, *, #239, .F. ) ;
#720 = CARTESIAN_POINT ( 'NONE',  ( 0.7964285714285710416, -0.7803875471609674763, 0.1735534956470231316 ) ) ;
#721 = CARTESIAN_POINT ( 'NONE',  ( -0.4857142857142841552, -0.8199999999999997291, -0.09129738975605987406 ) ) ;
#722 = DIRECTION ( 'NONE',  ( 0.0000000000000000000, 0.0000000000000000000, -1.000000000000000000 ) ) ;
#723 = DIRECTION ( 'NONE',  ( 1.000000000000000000, 1.268357997058408169E-16, -0.0000000000000000000 ) ) ;
#724 = CARTESIAN_POINT ( 'NONE',  ( 0.07571428571428565069, -0.7199999999999996403, 0.06847304231704488819 ) ) ;
#725 = CARTESIAN_POINT ( 'NONE',  ( -0.4495087156078152457, -0.3607553343033645388, -0.2940920027566951700 ) ) ;
#726 = CARTESIAN_POINT ( 'NONE',  ( -0.2105456420164540376, -0.1212855246863903946, -0.02817590642367362452 ) ) ;
#727 = CARTESIAN_POINT ( 'NONE',  ( 0.3142857142857141683, -0.02000000000000005940, 0.09129738975606004059 ) ) ;
#728 = CARTESIAN_POINT ( 'NONE',  ( 1.210000000000000409, -0.1226173585036879066, -0.2675136716817962945 ) ) ;
#729 = CARTESIAN_POINT ( 'NONE',  ( -0.2160447096020754743, -0.1200626825260746877, 0.006659138825505038668 ) ) ;
#730 = CARTESIAN_POINT ( 'NONE',  ( -1.049147437646245296, -0.3629940454641188974, -0.2945351876149672199 ) ) ;
#731 = ORIENTED_EDGE ( 'NONE', *, *, #4296, .T. ) ;
#732 = DIRECTION ( 'NONE',  ( 0.0000000000000000000, 1.000000000000000000, 0.0000000000000000000 ) ) ;
#733 = ORIENTED_EDGE ( 'NONE', *, *, #5360, .T. ) ;
#734 = DIRECTION ( 'NONE',  ( -1.000000000000000000, 0.0000000000000000000, 0.0000000000000000000 ) ) ;
#735 = CARTESIAN_POINT ( 'NONE',  ( 1.046228356597797005, -0.3807300642458211759, 0.2999999964091674132 ) ) ;
#736 = CARTESIAN_POINT ( 'NONE',  ( -0.7413881732986395967, -0.4113509003958389365, -0.2998761524989962957 ) ) ;
#737 = CARTESIAN_POINT ( 'NONE',  ( -0.1999999999999999556, -0.4200000000000000400, -0.4102867453090213723 ) ) ;
#738 = CARTESIAN_POINT ( 'NONE',  ( -1.153571428571428470, -0.05961245283903235381, -0.1735534956470232704 ) ) ;
#739 = VECTOR ( 'NONE', #101, 39.37007874015748143 ) ;
#740 = CARTESIAN_POINT ( 'NONE',  ( -0.6221428571428568866, -0.6070469405576197630, 0.2345494447404088134 ) ) ;
#741 = CARTESIAN_POINT ( 'NONE',  ( -1.067857142857142616, -0.6693959207434931891, -0.3127325929872117327 ) ) ;
#742 = CARTESIAN_POINT ( 'NONE',  ( -0.01828072509783888397, -0.5873054989607664478, 0.2490159695964024866 ) ) ;
#743 = CARTESIAN_POINT ( 'NONE',  ( -0.9208513106135540749, -0.6006309844538457732, 0.2396132249758643751 ) ) ;
#744 = ORIENTED_EDGE ( 'NONE', *, *, #5539, .F. ) ;
#745 = CARTESIAN_POINT ( 'NONE',  ( 0.1964285714285713413, -0.7803875471609674763, 0.1735534956470231316 ) ) ;
#746 = CARTESIAN_POINT ( 'NONE',  ( -0.1428571428571413782, -0.7407750943219348905, 0.2558096015379864308 ) ) ;
#747 = CARTESIAN_POINT ( 'NONE',  ( -0.1064285714285714002, -0.1497093396292742407, 0.1301651217352673418 ) ) ;
#748 = CARTESIAN_POINT ( 'NONE',  ( 1.070714285714285063, -0.4867562801868940969, -0.2924783736545468749 ) ) ;
#749 = CARTESIAN_POINT ( 'NONE',  ( 0.09999999999999995004, -0.4199999999999999289, -0.4102867453090214278 ) ) ;
#750 = CARTESIAN_POINT ( 'NONE',  ( 0.4935714285714282723, -0.1497093396292742684, 0.1301651217352674250 ) ) ;
#751 = CARTESIAN_POINT ( 'NONE',  ( -0.4517091172787190967, -0.3471345808849494174, -0.2910296733213257880 ) ) ;
#752 = CARTESIAN_POINT ( 'NONE',  ( -3.499999999999999112, -0.2399999999999999634, -0.06250000000000000000 ) ) ;
#753 = EDGE_LOOP ( 'NONE', ( #2855, #3309, #1829, #4882 ) ) ;
#754 = CARTESIAN_POINT ( 'NONE',  ( 0.5499999999999996003, -0.4199999999999999845, 0.4102867453090214278 ) ) ;
#755 = CARTESIAN_POINT ( 'NONE',  ( -0.08378896747909411746, -0.6971412121739047896, -0.1148597012286057678 ) ) ;
#756 = CARTESIAN_POINT ( 'NONE',  ( -0.2386303516528833213, -0.1560765086013616298, 0.1426342701685433811 ) ) ;
#757 = CARTESIAN_POINT ( 'NONE',  ( -1.049003898952253877, -0.3638958600326023252, -0.2947073448943956508 ) ) ;
#758 = CARTESIAN_POINT ( 'NONE',  ( 2.311999999999999389, -0.2400000000000001021, -0.06250000000000000000 ) ) ;
#759 = CARTESIAN_POINT ( 'NONE',  ( 0.5837372052817255685, -0.3807301081378447472, -0.3000000021546230244 ) ) ;
#760 = EDGE_CURVE ( 'NONE', #4259, #5013, #191, .T. ) ;
#761 = CARTESIAN_POINT ( 'NONE',  ( -0.7519709882858920391, -0.3454505676402274683, -0.2906199340779445084 ) ) ;
#762 = CARTESIAN_POINT ( 'NONE',  ( -0.06071428571428568594, -0.5090083735825254863, 0.3899711648727292590 ) ) ;
#763 = CARTESIAN_POINT ( 'NONE',  ( -0.9071428571428569176, -0.09922490567806467598, 0.2558096015379863752 ) ) ;
#764 = CARTESIAN_POINT ( 'NONE',  ( -0.4292857142857142150, -0.4867562801868941524, -0.2924783736545468749 ) ) ;
#765 = CARTESIAN_POINT ( 'NONE',  ( -0.1428571428571428770, -0.7407750943219348905, 0.2558096015379864308 ) ) ;
#766 = CARTESIAN_POINT ( 'NONE',  ( 0.1857142857142856651, -0.8199999999999997291, 0.09129738975605987406 ) ) ;
#767 = CARTESIAN_POINT ( 'NONE',  ( -0.02748241280931254527, -0.6322035700537717018, 0.2120606102470333487 ) ) ;
#768 = CARTESIAN_POINT ( 'NONE',  ( -0.9524242723858877824, -0.7096820928590960031, 0.07801440525849648311 ) ) ;
#769 = CARTESIAN_POINT ( 'NONE',  ( 0.9571428571428565180, -0.09922490567806467598, -0.2558096015379863752 ) ) ;
#770 = CARTESIAN_POINT ( 'NONE',  ( -0.8178571428571412838, -0.6693959207434931891, -0.3127325929872117327 ) ) ;
#771 = APPROVAL_ROLE ( '' ) ;
#772 = CARTESIAN_POINT ( 'NONE',  ( -0.1492857142857142438, -0.3532437198131055389, 0.2924783736545468749 ) ) ;
#773 = B_SPLINE_CURVE_WITH_KNOTS ( 'NONE', 3,
 ( #5397, #4548, #705, #1558, #3266, #4968, #332, #1120, #5052, #2023, #2415, #1997, #1206, #3292, #304, #4601, #1636, #755, #3732, #1181, #2466, #2052, #3761, #5480, #3005, #2611, #4, #2079, #4709, #2919, #3457, #1234, #4206, #4682, #5535, #1292, #5185, #445, #1718, #54, #5508, #3033, #866, #2947, #1689, #3402, #3431, #4655, #2493, #2136, #2580, #5130, #782, #2192, #2165, #809, #3376, #5077, #359, #3792, #4233, #2551, #4291, #1772, #4321, #387, #2522, #2107, #5104, #3822, #1263, #1664, #472, #2975, #4738, #3902, #838, #4628, #4262, #3878, #417, #3850, #28, #1746, #5156, #1320, #892, #3482, #1347, #5246, #3927, #497, #3507, #107, #2637, #1409, #3118, #4376, #2699, #5213, #3088, #1375, #81, #1800, #4347, #4405, #919, #980, #555, #4766, #3061, #3953, #2218, #4795, #4825, #950, #2668, #526, #2244, #1830, #3539, #2275, #1380, #1474, #588, #986, #3575, #5252, #4465, #4862, #1503, #3182, #1042, #2705, #3604, #5284, #5310, #4381, #4800, #3093, #4017, #4071, #3628, #532, #2309, #5340, #2673, #2334, #1448, #956, #1836, #1017, #615, #4887, #2251, #170, #3959, #1868, #113, #3546, #2731, #4411, #561, #4913, #1416, #2361, #2755, #3124, #4831, #225, #2281, #3154, #3210, #644, #1069, #4043, #3512, #3989, #2783, #144, #4439, #197, #4492, #1894, #1920, #5218, #1948, #2462, #252, #3235, #3706, #4546, #301, #4202, #5022, #726, #4625, #4519, #778 ),
 .UNSPECIFIED., .F., .F.,
 ( 4, 2, 2, 2, 1, 1, 2, 2, 2, 2, 2, 1, 1, 1, 1, 1, 2, 2, 1, 1, 1, 2, 2, 2, 1, 1, 1, 1, 2, 2, 2, 1, 1, 2, 2, 2, 1, 1, 1, 2, 2, 2, 1, 1, 1, 2, 2, 2, 2, 2, 1, 1, 1, 1, 2, 2, 2, 2, 1, 1, 1, 1, 2, 2, 2, 2, 2, 2, 2, 1, 1, 1, 1, 2, 2, 2, 2, 1, 1, 1, 1, 2, 2, 2, 2, 2, 1, 1, 1, 1, 2, 2, 2, 1, 2, 2, 2, 1, 1, 1, 1, 2, 2, 2, 1, 1, 1, 2, 2, 2, 2, 1, 1, 1, 1, 1, 2, 2, 1, 1, 1, 1, 2, 2, 2, 2, 2, 2, 4 ),
 ( 0.1219366327431261748, 0.1257479008314120184, 0.1295591689196978480, 0.1296782710474568001, 0.1297973731752157245, 0.1300355774307336010, 0.1305119859417693817, 0.1314648029638408877, 0.1333704370079839274, 0.1371817050962700069, 0.1372412561601494829, 0.1373008072240289867, 0.1374199093517879944, 0.1376581136073059541, 0.1381345221183419292, 0.1390873391404138237, 0.1409929731845576406, 0.1411120753123166205, 0.1412311774400756281, 0.1414693816955936434, 0.1419457902066296739, 0.1428986072287017073, 0.1448042412728458017, 0.1449233434006048094, 0.1450424455283638170, 0.1452806497838818323, 0.1457570582949178351, 0.1467098753169898406, 0.1486155093611337963, 0.1524267774494217076, 0.1526649817049397229, 0.1529031859604577381, 0.1533795944714937964, 0.1543324114935659130, 0.1562380455377102018, 0.1563571476654692094, 0.1564762497932282170, 0.1567144540487462878, 0.1571908625597823739, 0.1581436795818545460, 0.1600493136259988902, 0.1601088646898783663, 0.1601684157537578701, 0.1602875178815168500, 0.1605257221370348375, 0.1610021306480707848, 0.1619549476701426238, 0.1638605817142863574, 0.1676718498025738524, 0.1677314008664533562, 0.1677909519303328323, 0.1679100540580918122, 0.1681482583136096887, 0.1686246668246454972, 0.1695774838467170587, 0.1714831178908601816, 0.1752943859791464276, 0.1753539370430259037, 0.1754134881069053797, 0.1755325902346643319, 0.1757707944901821806, 0.1762472030012179058, 0.1772000200232893841, 0.1791056540674323960, 0.1829169221557183644, 0.1848225561998613764, 0.1867281902440043884, 0.1905394583322904123, 0.1905990093961699161, 0.1906585604600493644, 0.1907776625878083443, 0.1910158668433263041, 0.1914922753543621403, 0.1924450923764339239, 0.1943507264205774632, 0.1981619945088645141, 0.1981917700408042660, 0.1982215455727440179, 0.1982810966366234662, 0.1984001987643824183, 0.1986384030199002948, 0.1991148115309360755, 0.2000676285530076093, 0.2019732625971507045, 0.2057845306854368950, 0.2058440817493163710, 0.2059036328131958193, 0.2060227349409547437, 0.2062609391964725369, 0.2067373477075082067, 0.2076901647295795184, 0.2095957987737221417, 0.2100722072847577837, 0.2105486157957934534, 0.2115014328178647651, 0.2134070668620073608, 0.2135261689897662851, 0.2136452711175251817, 0.2138834753730429750, 0.2143598838840786169, 0.2153127009061498176, 0.2172183349502922467, 0.2210296030385771326, 0.2210891541024566087, 0.2211487051663360570, 0.2212678072940949536, 0.2215060115496127469, 0.2219824200606483888, 0.2229352370827196173, 0.2248408711268621296, 0.2249004221907415779, 0.2249599732546209985, 0.2250790753823798951, 0.2253172796378976606, 0.2257936881489331915, 0.2267465051710042812, 0.2286521392151464327, 0.2287116902790258810, 0.2287712413429053293, 0.2288903434706641982, 0.2291285477261819636, 0.2296049562372174391, 0.2305577732592884455, 0.2324634073034304027, 0.2362746753917143172, 0.2372274924137852958, 0.2381803094358562745, 0.2400859434799982317, 0.2438972115682821740 ),
 .UNSPECIFIED. ) ;
#774 = CARTESIAN_POINT ( 'NONE',  ( 1.081428571428570962, -0.5535125603737884870, -0.2772416883273278176 ) ) ;
#775 = CARTESIAN_POINT ( 'NONE',  ( 0.1642857142857141739, -0.8199999999999997291, -0.09129738975605995732 ) ) ;
#776 = CARTESIAN_POINT ( 'NONE',  ( 0.2578571428571426738, -0.2329530594423798728, -0.2345494447404087857 ) ) ;
#777 = CARTESIAN_POINT ( 'NONE',  ( -0.4963170071153805152, -0.1426029731080670493, -0.1142407038243405948 ) ) ;
#778 = CARTESIAN_POINT ( 'NONE',  ( -0.2149999835805942172, -0.1200000000001299194, -2.790323592955929642E-07 ) ) ;
#779 = ORIENTED_EDGE ( 'NONE', *, *, #4852, .T. ) ;
#780 = CARTESIAN_POINT ( 'NONE',  ( 0.8714285714285708861, -0.2419832528349484257, 0.3696555844364372012 ) ) ;
#781 = FACE_OUTER_BOUND ( 'NONE', #1064, .T. ) ;
#782 = CARTESIAN_POINT ( 'NONE',  ( -0.1064769872319099447, -0.6138653925119299526, -0.2289882272810003783 ) ) ;
#783 = CARTESIAN_POINT ( 'NONE',  ( -0.2588508824451529189, -0.2379173837338103281, 0.2384539153925336608 ) ) ;
#784 = CARTESIAN_POINT ( 'NONE',  ( -1.068112776722954793, -0.2535729120308204965, -0.2496037447492982786 ) ) ;
#785 = CARTESIAN_POINT ( 'NONE',  ( -0.5349967491328098124, -0.7199999999992151567, 4.770262338753787171E-07 ) ) ;
#786 = CARTESIAN_POINT ( 'NONE',  ( -1.314982817869208231, -0.1772955714522795601, 0.1763364975361720877 ) ) ;
#787 = CARTESIAN_POINT ( 'NONE',  ( -0.6021643436240645686, -0.4957278057128716720, 0.2902849205298478896 ) ) ;
#788 = CARTESIAN_POINT ( 'NONE',  ( -0.7712170847888099035, -0.2375458112405537114, -0.2381930934783801912 ) ) ;
#789 = CARTESIAN_POINT ( 'NONE',  ( -0.3285714285714284588, -0.2419832528349483425, 0.3696555844364371457 ) ) ;
#790 = CARTESIAN_POINT ( 'NONE',  ( 0.7171428571428568599, -0.1794186792585485413, -0.1918572011534897814 ) ) ;
#791 = EDGE_CURVE ( 'NONE', #3399, #4908, #3982, .T. ) ;
#792 = CARTESIAN_POINT ( 'NONE',  ( -0.1292857142857142538, -0.4867562801868941524, -0.2924783736545468749 ) ) ;
#793 = CARTESIAN_POINT ( 'NONE',  ( -0.3357142857142856318, -0.01999999999999999695, 0.09129738975605992957 ) ) ;
#794 = CARTESIAN_POINT ( 'NONE',  ( 1.188571428571428168, -0.5535125603737884870, 0.2772416883273278176 ) ) ;
#795 = LINE ( 'NONE', #2627, #688 ) ;
#796 = CARTESIAN_POINT ( 'NONE',  ( -0.9534077088649706155, -0.7112142931695769610, 0.07207796149356078541 ) ) ;
#797 = CARTESIAN_POINT ( 'NONE',  ( 1.128571428571428115, -0.5980167471650512656, 0.3696555844364370347 ) ) ;
#798 = CARTESIAN_POINT ( 'NONE',  ( -1.021428571428569798, -0.5980167471650512656, 0.3696555844364371457 ) ) ;
#799 = SECURITY_CLASSIFICATION_LEVEL ( 'unclassified' ) ;
#800 = CARTESIAN_POINT ( 'NONE',  ( -0.2885714285714284788, -0.5535125603737885980, -0.2772416883273277621 ) ) ;
#801 = CARTESIAN_POINT ( 'NONE',  ( -0.7993241167739402186, -0.1359273297092088162, -0.09654973743076009085 ) ) ;
#802 = CARTESIAN_POINT ( 'NONE',  ( 0.5792857142857139596, -0.3532437198131055389, -0.2924783736545468749 ) ) ;
#803 = CARTESIAN_POINT ( 'NONE',  ( -0.4906226616100535787, -0.1583333953056474119, -0.1468152874153550447 ) ) ;
#804 = CARTESIAN_POINT ( 'NONE',  ( -1.027857142857142803, -0.2329530594423798728, 0.2345494447404087857 ) ) ;
#805 = EDGE_LOOP ( 'NONE', ( #1612, #5002, #2546, #4985, #2944, #2688, #3712 ) ) ;
#806 = ORIENTED_EDGE ( 'NONE', *, *, #5334, .T. ) ;
#807 = CARTESIAN_POINT ( 'NONE',  ( 1.042857142857142483, -0.7407750943219348905, -0.2558096015379864308 ) ) ;
#808 = CARTESIAN_POINT ( 'NONE',  ( -1.149999999999999689, -0.06729288646964536047, 0.02253337096187427863 ) ) ;
#809 = CARTESIAN_POINT ( 'NONE',  ( -0.1074174885756738612, -0.6092341203176337983, -0.2327887646638264751 ) ) ;
#810 = CARTESIAN_POINT ( 'NONE',  ( -0.2437925371136731301, -0.1729871701805918982, 0.1702565211392121081 ) ) ;
#811 = CARTESIAN_POINT ( 'NONE',  ( -1.109154951257375510, -0.1222181266774427927, -0.03684237866931298205 ) ) ;
#812 = CARTESIAN_POINT ( 'NONE',  ( -0.5300262404947688744, -0.1346748952454764892, 0.09268051601419960428 ) ) ;
#813 = CARTESIAN_POINT ( 'NONE',  ( 0.7171428571428568599, -0.1794186792585485413, -0.1918572011534897814 ) ) ;
#814 = DIRECTION ( 'NONE',  ( 0.0000000000000000000, 0.0000000000000000000, -1.000000000000000000 ) ) ;
#815 = CARTESIAN_POINT ( 'NONE',  ( -0.6119364045605553137, -0.5530342245910238042, 0.2690691282237113180 ) ) ;
#816 = CARTESIAN_POINT ( 'NONE',  ( -0.7703809403985061310, -0.2418440917756257136, -0.2413724004461731687 ) ) ;
#817 = CARTESIAN_POINT ( 'NONE',  ( -0.2321428571428570953, -0.1706040792565065856, -0.3127325929872118437 ) ) ;
#818 = CARTESIAN_POINT ( 'NONE',  ( 0.8028571428571424917, -0.6605813207414512611, -0.1918572011534898092 ) ) ;
#819 = CARTESIAN_POINT ( 'NONE',  ( -0.6757142857142854897, -0.7199999999999996403, -0.06847304231704488819 ) ) ;
#820 = CARTESIAN_POINT ( 'NONE',  ( -0.6464285714285712414, -0.05961245283903229136, 0.1735534956470231871 ) ) ;
#821 = CARTESIAN_POINT ( 'NONE',  ( 0.5285714285714283589, -0.5980167471650512656, 0.3696555844364370902 ) ) ;
#822 = CARTESIAN_POINT ( 'NONE',  ( -0.04223197705893742132, -0.6864973447194419043, 0.1377745451524634568 ) ) ;
#823 = CARTESIAN_POINT ( 'NONE',  ( -0.9279774344427492716, -0.6344664868397987822, 0.2099559644744889708 ) ) ;
#824 = CARTESIAN_POINT ( 'NONE',  ( 0.02857142857142854625, -0.2419832528349483425, -0.3696555844364371457 ) ) ;
#825 = CARTESIAN_POINT ( 'NONE',  ( -0.9785714285714269822, -0.2419832528349483425, 0.3696555844364371457 ) ) ;
#826 = DATE_AND_TIME ( #2965, #2858 ) ;
#827 = CARTESIAN_POINT ( 'NONE',  ( -1.250653549526791641, -0.07523288243412595833, 0.2059896519248868574 ) ) ;
#828 = CARTESIAN_POINT ( 'NONE',  ( 0.02500000000000000139, -0.01999999999999999001, 0.0000000000000000000 ) ) ;
#829 = CARTESIAN_POINT ( 'NONE',  ( 0.7185714285714283056, -0.5535125603737885980, 0.2772416883273277621 ) ) ;
#830 = CARTESIAN_POINT ( 'NONE',  ( -0.4916236207147200443, -0.1553152763107759349, -0.1412161583917480312 ) ) ;
#831 = CARTESIAN_POINT ( 'NONE',  ( 2.311999999999999389, 0.009999999999999892655, 0.06250000000000000000 ) ) ;
#832 = EDGE_CURVE ( 'NONE', #1853, #3846, #1134, .T. ) ;
#833 = EDGE_LOOP ( 'NONE', ( #664, #3629, #2021, #582, #4487 ) ) ;
#834 = AXIS2_PLACEMENT_3D ( 'NONE', #1445, #3986, #1378 ) ;
#835 = VERTEX_POINT ( 'NONE', #917 ) ;
#836 = CARTESIAN_POINT ( 'NONE',  ( 1.257142857142856673, -0.09922490567806467598, -0.2558096015379863752 ) ) ;
#837 = CARTESIAN_POINT ( 'NONE',  ( -1.150000000000000133, -0.06496180872894100067, 0.01414438166465219020 ) ) ;
#838 = CARTESIAN_POINT ( 'NONE',  ( -0.1212849505402786854, -0.5347257297480413341, -0.2771967178695772804 ) ) ;
#839 = CARTESIAN_POINT ( 'NONE',  ( -0.2684571267083070700, -0.2889746759225675365, 0.2704344543899839803 ) ) ;
#840 = CARTESIAN_POINT ( 'NONE',  ( -1.073248845669169560, -0.2274902345030851425, -0.2300914969244108876 ) ) ;
#841 = CARTESIAN_POINT ( 'NONE',  ( -0.5680674032922499173, -0.2870055949890645830, 0.2689281563126851293 ) ) ;
#842 = VECTOR ( 'NONE', #1602, 39.37007874015748854 ) ;
#843 = CARTESIAN_POINT ( 'NONE',  ( 0.8671428571428565490, -0.6605813207414512611, 0.1918572011534897537 ) ) ;
#844 = CARTESIAN_POINT ( 'NONE',  ( 0.2149970621285840766, -0.1200000000006301859, 4.310969839508414441E-07 ) ) ;
#845 = CARTESIAN_POINT ( 'NONE',  ( -0.6000351018941744163, -0.4826004833054053922, 0.2935389411455509578 ) ) ;
#846 = CARTESIAN_POINT ( 'NONE',  ( -0.7787261260309024102, -0.2023612487837999074, -0.2064827551092238145 ) ) ;
#847 = CARTESIAN_POINT ( 'NONE',  ( -0.1142857142857142683, -0.8199999999999997291, 0.09129738975605997120 ) ) ;
#848 = CARTESIAN_POINT ( 'NONE',  ( 0.7707142857142853520, -0.4867562801868940969, -0.2924783736545468749 ) ) ;
#849 = CARTESIAN_POINT ( 'NONE',  ( -0.9328571428571426072, -0.6605813207414512611, 0.1918572011534898369 ) ) ;
#850 = CARTESIAN_POINT ( 'NONE',  ( -0.8392857142857140795, -0.5090083735825255973, -0.3899711648727292590 ) ) ;
#851 = CARTESIAN_POINT ( 'NONE',  ( 0.8392857142857138575, -0.5090083735825255973, 0.3899711648727292590 ) ) ;
#852 = CARTESIAN_POINT ( 'NONE',  ( -0.6729338065145805681, -0.7158662012262984042, -0.04975683957230658122 ) ) ;
#853 = CARTESIAN_POINT ( 'NONE',  ( -0.9327252913245170918, -0.6540504712098447193, 0.1877013051074364891 ) ) ;
#854 = CARTESIAN_POINT ( 'NONE',  ( 1.257142857142856673, -0.09922490567806467598, -0.2558096015379863752 ) ) ;
#855 = CARTESIAN_POINT ( 'NONE',  ( -0.9464285714285698425, -0.05961245283903229136, 0.1735534956470231871 ) ) ;
#856 = CARTESIAN_POINT ( 'NONE',  ( -0.4064285714285713613, -0.1497093396292742407, 0.1301651217352673418 ) ) ;
#857 = CARTESIAN_POINT ( 'NONE',  ( 0.06351642045207475662, -0.1498149498676459024, 0.1305452695951657971 ) ) ;
#858 = CARTESIAN_POINT ( 'NONE',  ( 1.093571428571427750, -0.1497093396292742684, 0.1301651217352674250 ) ) ;
#859 = CARTESIAN_POINT ( 'NONE',  ( -0.4954514284116131040, -0.1446953404574876645, -0.1192947946996332359 ) ) ;
#860 = DIRECTION ( 'NONE',  ( 0.0000000000000000000, 1.000000000000000000, 0.0000000000000000000 ) ) ;
#861 = VERTEX_POINT ( 'NONE', #3951 ) ;
#862 = ORIENTED_EDGE ( 'NONE', *, *, #1426, .T. ) ;
#863 = CARTESIAN_POINT ( 'NONE',  ( 0.7964285714285710416, -0.7803875471609674763, 0.1735534956470231316 ) ) ;
#864 = ADVANCED_FACE ( 'NONE', ( #1828 ), #2215, .T. ) ;
#865 = CARTESIAN_POINT ( 'NONE',  ( -1.149999999999999689, -0.06239195601330093516, -0.1669715866766783574 ) ) ;
#866 = CARTESIAN_POINT ( 'NONE',  ( -0.09701728633689464532, -0.6551023026880974376, -0.1864163346173677571 ) ) ;
#867 = CARTESIAN_POINT ( 'NONE',  ( -0.3285714285714284033, -0.2419832528349483425, 0.3696555844364371457 ) ) ;
#868 = CARTESIAN_POINT ( 'NONE',  ( -0.2385103816336453519, -0.1557160924492933807, 0.1419653498156845939 ) ) ;
#869 = CARTESIAN_POINT ( 'NONE',  ( -1.091976823969429411, -0.1542722799963156810, -0.1392445290594496177 ) ) ;
#870 = CARTESIAN_POINT ( 'NONE',  ( -0.5301033803601453709, -0.1348241897531801403, 0.09313941315554984113 ) ) ;
#871 = CARTESIAN_POINT ( 'NONE',  ( 0.8885714285714279015, -0.5535125603737885980, 0.2772416883273277621 ) ) ;
#872 = CARTESIAN_POINT ( 'NONE',  ( 0.1464285714285713247, -0.7803875471609674763, 0.1735534956470231316 ) ) ;
#873 = CARTESIAN_POINT ( 'NONE',  ( -0.5876427956728604851, -0.4053132380588156947, 0.2996403088296508144 ) ) ;
#874 = CARTESIAN_POINT ( 'NONE',  ( -0.8214285714285712858, -0.2419832528349484535, -0.3696555844364372012 ) ) ;
#875 = CARTESIAN_POINT ( 'NONE',  ( 1.210000000000001297, -0.3695922695364768917, -0.3418956027241774609 ) ) ;
#876 = CARTESIAN_POINT ( 'NONE',  ( -0.8042857142857141595, -0.1200000000000000788, -0.06847304231704502697 ) ) ;
#877 = CARTESIAN_POINT ( 'NONE',  ( -0.7321428571428569843, -0.6693959207434930780, 0.3127325929872118437 ) ) ;
#878 = CARTESIAN_POINT ( 'NONE',  ( 0.6785714285714281591, -0.2419832528349483425, -0.3696555844364371457 ) ) ;
#879 = CARTESIAN_POINT ( 'NONE',  ( -0.05931203828357708291, -0.7179010699239222193, 0.03585795981820898148 ) ) ;
#880 = CARTESIAN_POINT ( 'NONE',  ( -0.9619357022841257265, -0.7193706199849178029, 0.01945320178838166186 ) ) ;
#881 = CARTESIAN_POINT ( 'NONE',  ( 0.3285714285714282923, -0.2419832528349483425, -0.3696555844364371457 ) ) ;
#882 = CARTESIAN_POINT ( 'NONE',  ( -0.6249999999999983347, -0.01999999999999999001, 0.0000000000000000000 ) ) ;
#883 = LOCAL_TIME ( 13, 46, 9.000000000000000000, #4223 ) ;
#884 = CARTESIAN_POINT ( 'NONE',  ( -0.6099999999999997646, -0.4199999999999999845, -0.3077150589817659876 ) ) ;
#885 = CARTESIAN_POINT ( 'NONE',  ( 0.05819368277449610272, -0.1661475384398945210, 0.1599463666668252959 ) ) ;
#886 = CARTESIAN_POINT ( 'NONE',  ( 0.5471428571428569310, -0.1794186792585485413, -0.1918572011534897814 ) ) ;
#887 = DIRECTION ( 'NONE',  ( 1.000000000000000000, 1.268357997058408169E-16, -0.0000000000000000000 ) ) ;
#888 = CARTESIAN_POINT ( 'NONE',  ( -1.060000000000000053, -0.4199999999999998734, 0.3077150589817659876 ) ) ;
#889 = CARTESIAN_POINT ( 'NONE',  ( 0.9464285714285709528, -0.05961245283903229136, -0.1735534956470231871 ) ) ;
#890 = CARTESIAN_POINT ( 'NONE',  ( -1.150000000000000133, -0.05896585871088418085, -0.01119077321515696624 ) ) ;
#891 = EDGE_LOOP ( 'NONE', ( #80, #3177, #2026, #5029, #4066 ) ) ;
#892 = CARTESIAN_POINT ( 'NONE',  ( -0.1286704136920671093, -0.4905893215355973114, -0.2918360689344376424 ) ) ;
#893 =( BOUNDED_CURVE ( )  B_SPLINE_CURVE ( 2, ( #4614, #4489, #3653, #2507, #1917, #4218, #370, #2752, #4884, #674, #1039, #4462, #5364, #612, #5391, #766, #2385, #3776, #1500, #4961, #1527, #2478, #1646, #2780, #2358, #4935, #4097, #3358, #5063, #1758, #1702, #15, #3443, #3494, #4275, #3416, #935, #458, #2204, #3468, #3940, #399, #2178, #5198, #2534, #3913, #5141, #821, #5116, #1303, #429, #4247, #3017, #4721, #511, #1360, #1730, #67, #2594, #2121, #3890, #878, #2231, #94, #2149, #5089, #41, #5169, #4306, #4333, #3387, #1333, #3863, #1249, #3046, #4753, #851, #905, #1275, #484, #2626, #1785, #2988, #3073, #4779, #2652, #4361, #4695, #2960, #4667, #3835, #5548, #2562, #1930, #4391, #598, #3639, #966, #627, #3585, #4811, #1395, #570, #4421, #2262, #3969, #1485, #3191, #1903, #1877, #5293, #3105, #4842 ),
 .UNSPECIFIED., .F., .T. ) 
 B_SPLINE_CURVE_WITH_KNOTS ( ( 3, 2, 2, 2, 2, 2, 2, 2, 2, 2, 2, 2, 2, 2, 2, 2, 2, 2, 2, 2, 2, 2, 2, 2, 2, 2, 2, 2, 2, 2, 2, 2, 2, 2, 2, 2, 2, 2, 2, 2, 2, 2, 2, 2, 2, 2, 2, 2, 2, 2, 2, 2, 2, 2, 2, 2, 3 ),
 ( 0.0000000000000000000, 0.01530596934892334941, 0.03061193869784669883, 0.04591790804677005344, 0.06122387739569339765, 0.07652984674461674186, 0.09183581609354010689, 0.1071417854424634442, 0.1224477547913867953, 0.1377537241403101465, 0.1530596934892334837, 0.1683656628381568487, 0.1836716321870802138, 0.1989776015360035788, 0.2142835708849268883, 0.2295895402338502256, 0.2448955095827735906, 0.2602014789316969834, 0.2755074482806202929, 0.2908134176295436024, 0.3061193869784669674, 0.3214253563273903325, 0.3367313256763136975, 0.3520372950252370625, 0.3673432643741604275, 0.3826492337230837371, 0.3979552030720071576, 0.4132611724209304671, 0.4285671417698537766, 0.4438731111187771972, 0.4591790804677004512, 0.4744850498166238717, 0.4897910191655471812, 0.5050969885144704907, 0.5204029578633939668, 0.5357089272123172208, 0.5510148965612405858, 0.5663208659101639508, 0.5816268352590872048, 0.5969328046080106809, 0.6122387739569339349, 0.6275447433058574109, 0.6428507126547806649, 0.6581566820037040300, 0.6734626513526273950, 0.6887686207015508710, 0.7040745900504741250, 0.7193805593993973790, 0.7346865287483208551, 0.7499924980972441091, 0.7652984674461674741, 0.7806044367950908391, 0.7959104061440143152, 0.8112163754929374582, 0.8265223448418609342, 0.8418283141907842992, 0.8464524693601904737 ),
 .UNSPECIFIED. ) 
 CURVE ( )  GEOMETRIC_REPRESENTATION_ITEM ( )  RATIONAL_B_SPLINE_CURVE ( ( 1.000000000000000000, 0.9749279121818236193, 1.000000000000000000, 0.9749279121818236193, 1.000000000000000000, 0.9749279121818236193, 1.000000000000000000, 0.9749279121818236193, 1.000000000000000000, 0.9749279121818236193, 1.000000000000000000, 0.9749279121818236193, 1.000000000000000000, 0.9749279121818236193, 1.000000000000000000, 0.9749279121818236193, 1.000000000000000000, 0.9749279121818236193, 1.000000000000000000, 0.9749279121818236193, 1.000000000000000000, 0.9749279121818236193, 1.000000000000000000, 0.9749279121818236193, 1.000000000000000000, 0.9749279121818236193, 1.000000000000000000, 0.9749279121818236193, 1.000000000000000000, 0.9749279121818236193, 1.000000000000000000, 0.9749279121818236193, 1.000000000000000000, 0.9749279121818236193, 1.000000000000000000, 0.9749279121818236193, 1.000000000000000000, 0.9749279121818236193, 1.000000000000000000, 0.9749279121818236193, 1.000000000000000000, 0.9749279121818236193, 1.000000000000000000, 0.9749279121818236193, 1.000000000000000000, 0.9749279121818236193, 1.000000000000000000, 0.9749279121818236193, 1.000000000000000000, 0.9749279121818236193, 1.000000000000000000, 0.9749279121818236193, 1.000000000000000000, 0.9749279121818236193, 1.000000000000000000, 0.9749279121818236193, 1.000000000000000000, 0.9749279121818236193, 1.000000000000000000, 0.9749279121818236193, 1.000000000000000000, 0.9749279121818236193, 1.000000000000000000, 0.9749279121818236193, 1.000000000000000000, 0.9749279121818236193, 1.000000000000000000, 0.9749279121818236193, 1.000000000000000000, 0.9749279121818236193, 1.000000000000000000, 0.9749279121818236193, 1.000000000000000000, 0.9749279121818236193, 1.000000000000000000, 0.9749279121818236193, 1.000000000000000000, 0.9749279121818236193, 1.000000000000000000, 0.9749279121818236193, 1.000000000000000000, 0.9749279121818236193, 1.000000000000000000, 0.9749279121818236193, 1.000000000000000000, 0.9749279121818236193, 1.000000000000000000, 0.9749279121818236193, 1.000000000000000000, 0.9749279121818236193, 1.000000000000000000, 0.9749279121818236193, 1.000000000000000000, 0.9749279121818236193, 1.000000000000000000, 0.9749279121818236193, 1.000000000000000000, 0.9749279121818236193, 1.000000000000000000, 0.9749279121818236193, 1.000000000000000000, 0.9749279121818236193, 1.000000000000000000, 0.9749279121818236193, 1.000000000000000000, 0.9749279121818236193, 1.000000000000000000, 0.9749279121818236193, 1.000000000000000000, 0.9749279121818236193, 1.000000000000000000, 0.9924253589008800169, 0.9894275355120811799 ) ) 
 REPRESENTATION_ITEM ( '' )  );
#894 = CARTESIAN_POINT ( 'NONE',  ( -0.3178571428571427826, -0.1706040792565065023, 0.3127325929872117327 ) ) ;
#895 = CARTESIAN_POINT ( 'NONE',  ( -0.2807281395013511149, -0.3622308148042661102, 0.2943854553937119145 ) ) ;
#896 = CARTESIAN_POINT ( 'NONE',  ( -1.114695152399118649, -0.1200059152952576702, -0.001946624413473822335 ) ) ;
#897 = CARTESIAN_POINT ( 'NONE',  ( -0.5314402546499623625, -0.1375206332134131515, 0.1010636850222682431 ) ) ;
#898 = CARTESIAN_POINT ( 'NONE',  ( 0.8028571428571424917, -0.6605813207414512611, -0.1918572011534898369 ) ) ;
#899 = DIRECTION ( 'NONE',  ( 0.0000000000000000000, 1.000000000000000000, 0.0000000000000000000 ) ) ;
#900 = CARTESIAN_POINT ( 'NONE',  ( -0.6356736672638727548, -0.6650903254372527718, 0.1730074827595985409 ) ) ;
#901 = CARTESIAN_POINT ( 'NONE',  ( -1.067857142857142616, -0.6693959207434931891, -0.3127325929872117327 ) ) ;
#902 = CARTESIAN_POINT ( 'NONE',  ( 3.499999999999999112, -0.4199999999999995404, 0.0000000000000000000 ) ) ;
#903 = CARTESIAN_POINT ( 'NONE',  ( -0.8578571428571426516, -0.2329530594423798728, 0.2345494447404087857 ) ) ;
#904 = CARTESIAN_POINT ( 'NONE',  ( -0.4964285714285713302, -0.7803875471609674763, -0.1735534956470231316 ) ) ;
#905 = CARTESIAN_POINT ( 'NONE',  ( 0.8499999999999995337, -0.4200000000000000400, 0.4102867453090213723 ) ) ;
#906 = CARTESIAN_POINT ( 'NONE',  ( -0.06014715400437584125, -0.7184709977948703363, 0.03064823601852549595 ) ) ;
#907 = CARTESIAN_POINT ( 'NONE',  ( -0.9642240568651236909, -0.7200000000394201072, 0.004894553125879264749 ) ) ;
#908 = CARTESIAN_POINT ( 'NONE',  ( 0.6285714285714283367, -0.2419832528349483425, -0.3696555844364371457 ) ) ;
#909 = CARTESIAN_POINT ( 'NONE',  ( -0.9707227698157605555, -0.7178581785251814118, -0.03611315548858297364 ) ) ;
#910 = CARTESIAN_POINT ( 'NONE',  ( -0.8135714285714283900, -0.6902906603707253952, 0.1301651217352673973 ) ) ;
#911 = DIMENSIONAL_EXPONENTS ( 1.000000000000000000, 0.0000000000000000000, 0.0000000000000000000, 0.0000000000000000000, 0.0000000000000000000, 0.0000000000000000000, 0.0000000000000000000 ) ;
#912 = CARTESIAN_POINT ( 'NONE',  ( -1.261201350557298762, -0.1267897690494783347, 0.2769513859041513593 ) ) ;
#913 = CARTESIAN_POINT ( 'NONE',  ( 0.7828571428571423629, -0.1794186792585485968, 0.1918572011534898647 ) ) ;
#914 = CARTESIAN_POINT ( 'NONE',  ( -0.8187012716497197307, -0.1209140301261249217, 0.02344200388028119114 ) ) ;
#915 = DIRECTION ( 'NONE',  ( 0.0000000000000000000, 1.000000000000000000, 0.0000000000000000000 ) ) ;
#916 = DIRECTION ( 'NONE',  ( 1.000000000000000000, -1.149767674101120973E-16, 0.0000000000000000000 ) ) ;
#917 = CARTESIAN_POINT ( 'NONE',  ( 0.5149941242569454625, -0.1200000000025204377, 8.621950982566808248E-07 ) ) ;
#918 = ORIENTED_EDGE ( 'NONE', *, *, #2381, .F. ) ;
#919 = CARTESIAN_POINT ( 'NONE',  ( -0.1494484044949396240, -0.3611309309060314332, -0.2941674165627525817 ) ) ;
#920 = CARTESIAN_POINT ( 'NONE',  ( -0.1357142857142857040, -0.8199999999999997291, -0.09129738975605987406 ) ) ;
#921 = CARTESIAN_POINT ( 'NONE',  ( -0.3002177621851329081, -0.4836531995816185092, 0.2931760244851006614 ) ) ;
#922 = CARTESIAN_POINT ( 'NONE',  ( -3.500000000000000000, -0.4200000000000004285, 0.0000000000000000000 ) ) ;
#923 = CARTESIAN_POINT ( 'NONE',  ( -0.4080625858416186413, -0.6060323047894595749, -0.2353633512867393529 ) ) ;
#924 = AXIS2_PLACEMENT_3D ( 'NONE', #167, #2728, #1014 ) ;
#925 = CARTESIAN_POINT ( 'NONE',  ( 0.6314285714285713391, -0.2864874396262113709, 0.2772416883273278732 ) ) ;
#926 = B_SPLINE_CURVE_WITH_KNOTS ( 'NONE', 3,
 ( #996, #153, #2372, #4895 ),
 .UNSPECIFIED., .F., .F.,
 ( 4, 4 ),
 ( 6.938893903907228378E-18, 0.001833751310402511854 ),
 .UNSPECIFIED. ) ;
#927 = CARTESIAN_POINT ( 'NONE',  ( 0.5457143526666518030, -0.7199998143496776359, 0.06847342782391081795 ) ) ;
#928 = CARTESIAN_POINT ( 'NONE',  ( -0.6210183087750140718, -0.6013911918387909727, 0.2389536442148858242 ) ) ;
#929 = DIRECTION ( 'NONE',  ( 0.0000000000000000000, -1.000000000000000000, 0.0000000000000000000 ) ) ;
#930 = CARTESIAN_POINT ( 'NONE',  ( 3.449999999999997513, -0.4199999999999995404, 0.0000000000000000000 ) ) ;
#931 = CARTESIAN_POINT ( 'NONE',  ( 0.003571428571428577822, -0.05961245283903229136, 0.1735534956470231871 ) ) ;
#932 = EDGE_CURVE ( 'NONE', #5428, #4320, #3155, .T. ) ;
#933 = AXIS2_PLACEMENT_3D ( 'NONE', #523, #1035, #1467 ) ;
#934 = CARTESIAN_POINT ( 'NONE',  ( -1.117857142857142660, -0.6693959207434931891, -0.3127325929872117327 ) ) ;
#935 = CARTESIAN_POINT ( 'NONE',  ( 0.4107142857142855319, -0.5090083735825254863, -0.3899711648727292590 ) ) ;
#936 = CARTESIAN_POINT ( 'NONE',  ( -0.6837471741212224341, -0.6972438137246271816, -0.1146134501393197835 ) ) ;
#937 = CARTESIAN_POINT ( 'NONE',  ( -0.5212370330927812434, -0.1224268283532541773, 0.03933785265199431919 ) ) ;
#938 = CARTESIAN_POINT ( 'NONE',  ( 0.07142857142857138297, -0.5980167471650511546, -0.3696555844364371457 ) ) ;
#939 = CARTESIAN_POINT ( 'NONE',  ( -1.007849907920777222, -0.6070857614449644002, -0.2345371771561323704 ) ) ;
#940 = CARTESIAN_POINT ( 'NONE',  ( -0.4892857142857141572, -0.5090083735825255973, -0.3899711648727292590 ) ) ;
#941 = VERTEX_POINT ( 'NONE', #1672 ) ;
#942 = CARTESIAN_POINT ( 'NONE',  ( -1.145714285714285685, -0.7199999999999996403, -0.06847304231704488819 ) ) ;
#943 = LINE ( 'NONE', #2128, #4994 ) ;
#944 = CARTESIAN_POINT ( 'NONE',  ( 3.499999999999999112, -0.2399999999999999634, -0.06250000000000000000 ) ) ;
#945 = CARTESIAN_POINT ( 'NONE',  ( -0.8183037118309965940, -0.1207320286066042997, 0.02094630727908504755 ) ) ;
#946 = CARTESIAN_POINT ( 'NONE',  ( 3.499999999999999112, -0.1199999999999997458, 0.0000000000000000000 ) ) ;
#947 = CARTESIAN_POINT ( 'NONE',  ( -0.02500000000000000139, -0.01999999999999999001, 0.0000000000000000000 ) ) ;
#948 = CARTESIAN_POINT ( 'NONE',  ( 3.499999999999999112, -0.6699999999999993738, 3.061616997868381785E-17 ) ) ;
#949 = ORIENTED_EDGE ( 'NONE', *, *, #2408, .F. ) ;
#950 = CARTESIAN_POINT ( 'NONE',  ( -0.1561594366555693059, -0.3201666335748278858, -0.2830714221016802368 ) ) ;
#951 = CARTESIAN_POINT ( 'NONE',  ( -0.1892857142857142239, -0.5090083735825255973, -0.3899711648727292590 ) ) ;
#952 = CARTESIAN_POINT ( 'NONE',  ( -0.3103983067391764550, -0.5443620526240193769, 0.2730161516837225077 ) ) ;
#953 = AXIS2_PLACEMENT_3D ( 'NONE', #4962, #723, #2486 ) ;
#954 = DIRECTION ( 'NONE',  ( 1.268357997058408169E-16, -1.000000000000000000, 0.0000000000000000000 ) ) ;
#955 = CARTESIAN_POINT ( 'NONE',  ( -0.4360780108903773433, -0.4444573508387938410, -0.2991632512880945116 ) ) ;
#956 = CARTESIAN_POINT ( 'NONE',  ( -0.1775651416796631132, -0.2074318799639457700, -0.2116952715718131151 ) ) ;
#957 = CARTESIAN_POINT ( 'NONE',  ( 1.017142857142856682, -0.1794186792585485413, -0.1918572011534897814 ) ) ;
#958 = CARTESIAN_POINT ( 'NONE',  ( 0.4571428571428569620, -0.7407750943219351125, 0.2558096015379863197 ) ) ;
#959 = CARTESIAN_POINT ( 'NONE',  ( -0.6455911060137439206, -0.6956174479450601966, 0.1184741581487679524 ) ) ;
#960 = CARTESIAN_POINT ( 'NONE',  ( -0.3885427371915769479, -0.6841868753965537620, -0.1421458344078497249 ) ) ;
#961 = CARTESIAN_POINT ( 'NONE',  ( -0.01428571428571429741, -0.01999999999999999695, -0.09129738975605992957 ) ) ;
#962 = FACE_OUTER_BOUND ( 'NONE', #753, .T. ) ;
#963 = DIRECTION ( 'NONE',  ( 0.0000000000000000000, -1.000000000000000000, 0.0000000000000000000 ) ) ;
#964 = CARTESIAN_POINT ( 'NONE',  ( -0.3464285714285713635, -0.05961245283903229136, 0.1735534956470231871 ) ) ;
#965 = CARTESIAN_POINT ( 'NONE',  ( -1.182142857142856940, -0.1706040792565065856, -0.3127325929872118437 ) ) ;
#966 = CARTESIAN_POINT ( 'NONE',  ( 1.064285714285713835, -0.8199999999999997291, -0.09129738975605997120 ) ) ;
#967 = CARTESIAN_POINT ( 'NONE',  ( -0.6885652031854888611, -0.6841198021774561600, -0.1422712384818089204 ) ) ;
#968 = CARTESIAN_POINT ( 'NONE',  ( 0.7142857142857140795, -0.8199999999999997291, -0.09129738975605995732 ) ) ;
#969 = CARTESIAN_POINT ( 'NONE',  ( -0.06071428571428568594, -0.5090083735825254863, 0.3899711648727292590 ) ) ;
#970 = EDGE_CURVE ( 'NONE', #4824, #2303, #464, .T. ) ;
#971 = ORIENTED_EDGE ( 'NONE', *, *, #1180, .F. ) ;
#972 = CARTESIAN_POINT ( 'NONE',  ( -0.5028571428571428914, -0.6605813207414512611, 0.1918572011534898369 ) ) ;
#973 = CARTESIAN_POINT ( 'NONE',  ( 0.04423655838606150442, -0.2226976910585329317, 0.2260435845971514313 ) ) ;
#974 = DIRECTION ( 'NONE',  ( 0.0000000000000000000, 0.0000000000000000000, 1.000000000000000000 ) ) ;
#975 = DIRECTION ( 'NONE',  ( 1.000000000000000000, 1.268357997058408169E-16, 0.0000000000000000000 ) ) ;
#976 = CARTESIAN_POINT ( 'NONE',  ( -0.5671428571428570597, -0.6605813207414512611, -0.1918572011534897537 ) ) ;
#977 = CARTESIAN_POINT ( 'NONE',  ( -0.2392857142857142405, -0.5090083735825255973, -0.3899711648727292590 ) ) ;
#978 = CARTESIAN_POINT ( 'NONE',  ( 0.08499999999999999223, -0.1200000000000000233, 0.0000000000000000000 ) ) ;
#979 = EDGE_LOOP ( 'NONE', ( #719, #1820, #294, #3427 ) ) ;
#980 = CARTESIAN_POINT ( 'NONE',  ( -0.1495083610398598162, -0.3607575251650366188, -0.2940924436952149779 ) ) ;
#981 = CARTESIAN_POINT ( 'NONE',  ( -0.1249999999999999584, -0.8199999999999997291, 4.898587196589411226E-17 ) ) ;
#982 = CARTESIAN_POINT ( 'NONE',  ( -0.3093357221365257703, -0.5382961429059621716, 0.2756954466637286383 ) ) ;
#983 = CARTESIAN_POINT ( 'NONE',  ( -1.135334622078440825, -0.1467569958930501628, 0.1238477595693344979 ) ) ;
#984 = CARTESIAN_POINT ( 'NONE',  ( 0.9499999999999994005, -0.4199999999999999289, -0.4102867453090214278 ) ) ;
#985 = CARTESIAN_POINT ( 'NONE',  ( -0.4040083584886311474, -0.6254976102764940871, -0.2185922777175192400 ) ) ;
#986 = CARTESIAN_POINT ( 'NONE',  ( -0.1613199603936832927, -0.2904177180087575971, -0.2705986629778073804 ) ) ;
#987 = CIRCLE ( 'NONE', #5017, 0.2999999999999996003 ) ;
#988 = CARTESIAN_POINT ( 'NONE',  ( 1.349285714285713533, -0.3532437198131055389, -0.2924783736545468749 ) ) ;
#989 = CARTESIAN_POINT ( 'NONE',  ( 0.4785714285714282035, -0.5980167471650512656, 0.3696555844364370902 ) ) ;
#990 = CARTESIAN_POINT ( 'NONE',  ( -0.6213972148260722417, -0.6033046242127416692, 0.2374860011449826114 ) ) ;
#991 = CARTESIAN_POINT ( 'NONE',  ( -0.3838192708310713686, -0.6970669731438351446, -0.1150387592140385412 ) ) ;
#992 = CARTESIAN_POINT ( 'NONE',  ( 0.1464285714285713247, -0.7803875471609674763, 0.1735534956470231316 ) ) ;
#993 = CARTESIAN_POINT ( 'NONE',  ( -0.7035714285714284033, -0.7803875471609672543, 0.1735534956470232149 ) ) ;
#994 = CARTESIAN_POINT ( 'NONE',  ( -0.8285714285714284033, -0.5980167471650512656, -0.3696555844364370347 ) ) ;
#995 = CARTESIAN_POINT ( 'NONE',  ( -1.149999999999999689, -0.4199999999999999845, -0.4102867453090214278 ) ) ;
#996 = CARTESIAN_POINT ( 'NONE',  ( -3.499999999999999112, -0.2300164480803694178, 0.06250000000000000000 ) ) ;
#997 = CARTESIAN_POINT ( 'NONE',  ( -0.7010196708409963673, -0.6388584051130510311, -0.2054209853701525479 ) ) ;
#998 = CARTESIAN_POINT ( 'NONE',  ( 0.06071428571428565818, -0.5090083735825254863, -0.3899711648727292590 ) ) ;
#999 = CARTESIAN_POINT ( 'NONE',  ( -0.3499999999999999223, -0.4199999999999999289, 0.4102867453090214278 ) ) ;
#1000 = CARTESIAN_POINT ( 'NONE',  ( -0.9742857142857141994, -0.1200000000000000788, -0.06847304231704502697 ) ) ;
#1001 = B_SPLINE_CURVE_WITH_KNOTS ( 'NONE', 3,
 ( #5528, #5150, #4624, #23 ),
 .UNSPECIFIED., .F., .F.,
 ( 4, 4 ),
 ( 0.0000000000000000000, 0.001833751310402504265 ),
 .UNSPECIFIED. ) ;
#1002 = CARTESIAN_POINT ( 'NONE',  ( -1.149999999999999689, -0.1772966367875321303, 0.1763379638233266711 ) ) ;
#1003 = EDGE_CURVE ( 'NONE', #5030, #3205, #2032, .T. ) ;
#1004 = CARTESIAN_POINT ( 'NONE',  ( 0.04350415883640060960, -0.2262260673839094072, 0.2290655350009938029 ) ) ;
#1005 = CARTESIAN_POINT ( 'NONE',  ( -2.311999999999999389, -0.2400000000000001021, -0.06250000000000000000 ) ) ;
#1006 = CARTESIAN_POINT ( 'NONE',  ( -0.8150000239043870831, -0.1200000000000006339, -1.633829186215942432E-08 ) ) ;
#1007 = CARTESIAN_POINT ( 'NONE',  ( -0.6421428571428569043, -0.2329530594423799283, -0.2345494447404088134 ) ) ;
#1008 = CARTESIAN_POINT ( 'NONE',  ( -0.1857142857142857206, -0.8199999999999997291, -0.09129738975605987406 ) ) ;
#1009 = CARTESIAN_POINT ( 'NONE',  ( -1.149999999999999689, -0.07373048196345609318, -0.2002434040829799700 ) ) ;
#1010 = VERTEX_POINT ( 'NONE', #38 ) ;
#1011 = CARTESIAN_POINT ( 'NONE',  ( -0.8214285714285713969, -0.2419832528349484257, -0.3696555844364372012 ) ) ;
#1012 = EDGE_CURVE ( 'NONE', #4493, #1607, #4749, .T. ) ;
#1013 = CARTESIAN_POINT ( 'NONE',  ( -0.2995051469189171089, -0.4792224648975774715, 0.2940964739577872078 ) ) ;
#1014 = DIRECTION ( 'NONE',  ( 0.0000000000000000000, 1.000000000000000000, 0.0000000000000000000 ) ) ;
#1015 = CARTESIAN_POINT ( 'NONE',  ( 0.8749999999999994449, -0.01999999999999999001, 0.0000000000000000000 ) ) ;
#1016 = CARTESIAN_POINT ( 'NONE',  ( -0.4057838330424995421, -0.6172056200876037124, -0.2261290174797299657 ) ) ;
#1017 = CARTESIAN_POINT ( 'NONE',  ( -0.1778107469743823998, -0.2063541906128745218, -0.2106089356239074784 ) ) ;
#1018 = CARTESIAN_POINT ( 'NONE',  ( 1.263571428571427901, -0.1497093396292742684, 0.1301651217352674250 ) ) ;
#1019 = CARTESIAN_POINT ( 'NONE',  ( 0.7571428571428566734, -0.7407750943219351125, 0.2558096015379863197 ) ) ;
#1020 = CARTESIAN_POINT ( 'NONE',  ( -0.6175103282729463849, -0.5832683926209466518, 0.2516953480658536413 ) ) ;
#1021 = CARTESIAN_POINT ( 'NONE',  ( -0.3768492300157614272, -0.7108432844598339129, -0.07364660766011595083 ) ) ;
#1022 = CARTESIAN_POINT ( 'NONE',  ( 0.2428571428571426882, -0.09922490567806474537, 0.2558096015379864308 ) ) ;
#1023 = CYLINDRICAL_SURFACE ( 'NONE', #3856, 0.2999999999999998224 ) ;
#1024 = CARTESIAN_POINT ( 'NONE',  ( -0.4321428571428570509, -0.6693959207434930780, 0.3127325929872118437 ) ) ;
#1025 = CARTESIAN_POINT ( 'NONE',  ( -0.2349989163776337320, -0.7199999999999125988, 1.590085905696768655E-07 ) ) ;
#1026 = CARTESIAN_POINT ( 'NONE',  ( -0.6834573562176705641, -0.6979409927068621622, -0.1129120251367901617 ) ) ;
#1027 = CARTESIAN_POINT ( 'NONE',  ( 1.196428571428570731, -0.05961245283903229136, -0.1735534956470231871 ) ) ;
#1028 = CARTESIAN_POINT ( 'NONE',  ( -0.09285714285714284644, -0.7407750943219348905, 0.2558096015379864308 ) ) ;
#1029 = CARTESIAN_POINT ( 'NONE',  ( 0.9774796719427205627, -0.7121917962375166056, 0.07852439054925063056 ) ) ;
#1030 = CARTESIAN_POINT ( 'NONE',  ( 0.6774854116295975226, -0.7121917981520786700, 0.07852438342510965896 ) ) ;
#1031 = CARTESIAN_POINT ( 'NONE',  ( 0.04279198411563103072, -0.2297325744610846376, 0.2319446608167927137 ) ) ;
#1032 = CARTESIAN_POINT ( 'NONE',  ( -2.144192524301212988, -0.1753537556349641646, -0.05248916986202453727 ) ) ;
#1033 = CARTESIAN_POINT ( 'NONE',  ( -2.147139134848051967, -0.1779385408620368647, 0.06250000000000000000 ) ) ;
#1034 = ORIENTED_EDGE ( 'NONE', *, *, #4852, .F. ) ;
#1035 = DIRECTION ( 'NONE',  ( 1.000000000000000000, -0.0000000000000000000, -0.0000000000000000000 ) ) ;
#1036 = CARTESIAN_POINT ( 'NONE',  ( 0.3399918687772241488, -0.6821359217442732881, -0.1510856850628818360 ) ) ;
#1037 = VERTEX_POINT ( 'NONE', #5517 ) ;
#1038 = CARTESIAN_POINT ( 'NONE',  ( -0.3394319536627651845, -0.6778950869183153483, 0.1532848304908112358 ) ) ;
#1039 = CARTESIAN_POINT ( 'NONE',  ( 0.1321428571428570897, -0.6693959207434930780, -0.3127325929872118437 ) ) ;
#1040 = CARTESIAN_POINT ( 'NONE',  ( 1.024999999999999245, -0.8199999999999997291, -4.898587196589411226E-17 ) ) ;
#1041 = CARTESIAN_POINT ( 'NONE',  ( -0.4246058789581201864, -0.5152282839491438837, -0.2845269746828347768 ) ) ;
#1042 = CARTESIAN_POINT ( 'NONE',  ( -0.1681816108938043730, -0.2532128025464788212, -0.2493632745781114712 ) ) ;
#1043 = CARTESIAN_POINT ( 'NONE',  ( 1.499092362116404065, -0.4936010557808097055, 0.3039151525014743838 ) ) ;
#1044 = PRODUCT_DEFINITION ( 'UNKNOWN', '', #5285, #4112 ) ;
#1045 = CARTESIAN_POINT ( 'NONE',  ( 0.6499999999999995781, -0.4199999999999998734, -0.4102867453090213723 ) ) ;
#1046 = CARTESIAN_POINT ( 'NONE',  ( 2.144236362706777754, -0.1753922109588969547, -0.05263810669119262098 ) ) ;
#1047 = CARTESIAN_POINT ( 'NONE',  ( 1.210000000000000187, -0.03602129333419774176, -0.1173562187172393634 ) ) ;
#1048 = CARTESIAN_POINT ( 'NONE',  ( 0.2778571428571427471, -0.6070469405576197630, 0.2345494447404087579 ) ) ;
#1049 = CARTESIAN_POINT ( 'NONE',  ( 0.1892857142857141683, -0.5090083735825255973, 0.3899711648727292590 ) ) ;
#1050 = CARTESIAN_POINT ( 'NONE',  ( 0.1149961735422437570, -0.5710856898571334828, 0.2621359189810404389 ) ) ;
#1051 = CARTESIAN_POINT ( 'NONE',  ( -0.8714285714285713302, -0.2419832528349484257, -0.3696555844364372012 ) ) ;
#1052 = CARTESIAN_POINT ( 'NONE',  ( 0.3649955931927932329, -0.7199999999985821075, -6.466458978940866093E-07 ) ) ;
#1053 = CARTESIAN_POINT ( 'NONE',  ( -0.6994474589294559230, -0.6454805033324537700, -0.1981295670374745854 ) ) ;
#1054 = CARTESIAN_POINT ( 'NONE',  ( 1.217857142857142305, -0.1706040792565065023, -0.3127325929872117327 ) ) ;
#1055 = CONICAL_SURFACE ( 'NONE', #3738, 0.1999999999999989009, 0.7853981633974415066 ) ;
#1056 = CARTESIAN_POINT ( 'NONE',  ( -0.2857142857142856429, -0.01999999999999999695, 0.09129738975605992957 ) ) ;
#1057 = CARTESIAN_POINT ( 'NONE',  ( -1.284999999999999920, -0.1200000000000000233, 0.0000000000000000000 ) ) ;
#1058 = CARTESIAN_POINT ( 'NONE',  ( 0.7087348137455502517, -0.6043640005285626504, 0.2399000646284673577 ) ) ;
#1059 = CARTESIAN_POINT ( 'NONE',  ( 0.01933080694563356003, -0.3618635817998754334, 0.2943130433834101334 ) ) ;
#1060 = CARTESIAN_POINT ( 'NONE',  ( -0.8659228371961716908, -0.2751619000617668842, 0.2627239880571642927 ) ) ;
#1061 = CARTESIAN_POINT ( 'NONE',  ( 0.6892857142857139463, -0.3309916264174740386, -0.3899711648727292590 ) ) ;
#1062 = CYLINDRICAL_SURFACE ( 'NONE', #2067, 0.2999999999999998224 ) ;
#1063 = CARTESIAN_POINT ( 'NONE',  ( -0.5149999999999999023, -0.1200000000000000233, 0.0000000000000000000 ) ) ;
#1064 = EDGE_LOOP ( 'NONE', ( #2384, #496, #2330, #5415 ) ) ;
#1065 = CARTESIAN_POINT ( 'NONE',  ( -0.3370342072634732178, -0.6698919012722899247, 0.1659942438454437286 ) ) ;
#1066 = CARTESIAN_POINT ( 'NONE',  ( 3.499999999999999112, -0.2300164480803674194, -0.06250000000000000000 ) ) ;
#1067 = CARTESIAN_POINT ( 'NONE',  ( 0.6499999999999995781, -0.4199999999999999289, -0.4102867453090214278 ) ) ;
#1068 = CARTESIAN_POINT ( 'NONE',  ( -0.4619217814374470543, -0.2870427151261209509, -0.2689495699515273008 ) ) ;
#1069 = CARTESIAN_POINT ( 'NONE',  ( -0.1922465061766668870, -0.1534601510523322665, -0.1376923012036644911 ) ) ;
#1070 = EDGE_CURVE ( 'NONE', #3846, #4259, #2037, .T. ) ;
#1071 = ORIENTED_EDGE ( 'NONE', *, *, #4567, .T. ) ;
#1072 = CARTESIAN_POINT ( 'NONE',  ( 0.1857142857142856651, -0.8199999999999997291, 0.09129738975605987406 ) ) ;
#1073 = CARTESIAN_POINT ( 'NONE',  ( 0.4249999999999997113, -0.8199999999999997291, -4.898587196589411226E-17 ) ) ;
#1074 = CARTESIAN_POINT ( 'NONE',  ( -0.2254709661330187853, -0.1271775599074988772, 0.06528231587244087697 ) ) ;
#1075 = CARTESIAN_POINT ( 'NONE',  ( -1.063954697666839033, -0.2757150721746106092, -0.2631987586234927901 ) ) ;
#1076 = CARTESIAN_POINT ( 'NONE',  ( -0.9669229967235383194, -0.7197529686382750924, -0.01223336218811089775 ) ) ;
#1077 = CARTESIAN_POINT ( 'NONE',  ( -3.499999999999999112, -0.2300164480803694178, 0.06250000000000000000 ) ) ;
#1078 = CARTESIAN_POINT ( 'NONE',  ( -0.9249999999999998224, -0.01999999999999999001, 0.0000000000000000000 ) ) ;
#1079 =( BOUNDED_CURVE ( )  B_SPLINE_CURVE ( 2, ( #3344, #1530, #2489, #1177, #2810, #5367, #4100, #1973, #275, #2049, #5395, #3758, #2891, #3264, #4965, #1633, #1118 ),
 .UNSPECIFIED., .F., .T. ) 
 B_SPLINE_CURVE_WITH_KNOTS ( ( 3, 2, 2, 2, 2, 2, 2, 2, 3 ),
 ( 0.4878012105650812447, 0.4878013793697278389, 0.5052228572043609978, 0.5226443350389939901, 0.5400658128736272046, 0.5574872907082603080, 0.5749087685428935224, 0.5923302463775266258, 0.6097515132063143772 ),
 .UNSPECIFIED. ) 
 CURVE ( )  GEOMETRIC_REPRESENTATION_ITEM ( )  RATIONAL_B_SPLINE_CURVE ( ( 0.9999995141349138361, 0.9999997570651030232, 1.000000000000000000, 0.9749279121818236193, 1.000000000000000000, 0.9749279121818236193, 1.000000000000000000, 0.9749279121818236193, 1.000000000000000000, 0.9749279121818236193, 1.000000000000000000, 0.9749279121818236193, 1.000000000000000000, 0.9749279121818236193, 1.000000000000000000, 0.9749282158504983808, 0.9999993926700064817 ) ) 
 REPRESENTATION_ITEM ( '' )  );
#1080 = CARTESIAN_POINT ( 'NONE',  ( -0.3100000000000000533, -0.4200000000000000400, -0.3077150589817659876 ) ) ;
#1081 = CARTESIAN_POINT ( 'NONE',  ( -0.7405293877148585446, -0.4167028514022580454, -0.3000028402517981307 ) ) ;
#1082 = CARTESIAN_POINT ( 'NONE',  ( 1.303571428571427937, -0.7803875471609672543, -0.1735534956470232149 ) ) ;
#1083 = CARTESIAN_POINT ( 'NONE',  ( -0.9607142857142855208, -0.5090083735825254863, 0.3899711648727292590 ) ) ;
#1084 = CARTESIAN_POINT ( 'NONE',  ( 0.8399823026325498043, -0.1578640948347895534, -0.1510857138277940936 ) ) ;
#1085 = CARTESIAN_POINT ( 'NONE',  ( 0.03743296365151985161, -0.2571317203668866402, 0.2519447899362543541 ) ) ;
#1086 = CARTESIAN_POINT ( 'NONE',  ( -0.8961710562186273599, -0.4584495893818344436, 0.2975464212942074416 ) ) ;
#1087 = CARTESIAN_POINT ( 'NONE',  ( 0.8392857142857138575, -0.5090083735825255973, 0.3899711648727292590 ) ) ;
#1088 = CARTESIAN_POINT ( 'NONE',  ( -0.02500000000000000139, -0.01999999999999999001, 0.0000000000000000000 ) ) ;
#1089 = ORIENTED_EDGE ( 'NONE', *, *, #413, .T. ) ;
#1090 = VERTEX_POINT ( 'NONE', #2623 ) ;
#1091 = CARTESIAN_POINT ( 'NONE',  ( -0.3378714513808279141, -0.6727588712101750801, 0.1616105214138038315 ) ) ;
#1092 = CARTESIAN_POINT ( 'NONE',  ( 1.500000000000000444, -0.4199999999999998179, 0.0000000000000000000 ) ) ;
#1093 = CARTESIAN_POINT ( 'NONE',  ( 0.9178571428571422608, -0.1706040792565065023, -0.3127325929872117327 ) ) ;
#1094 = CARTESIAN_POINT ( 'NONE',  ( -0.4837808606348629747, -0.1817988383262288121, -0.1826381876542849947 ) ) ;
#1095 = CARTESIAN_POINT ( 'NONE',  ( 0.7428571428571426605, -0.7407750943219348905, -0.2558096015379864308 ) ) ;
#1096 = CARTESIAN_POINT ( 'NONE',  ( 1.121428571428570775, -0.2419832528349484535, 0.3696555844364372012 ) ) ;
#1097 = CARTESIAN_POINT ( 'NONE',  ( -0.2322456504761789831, -0.1391217397366174835, 0.1058499868267105959 ) ) ;
#1098 = CARTESIAN_POINT ( 'NONE',  ( -1.038185848482783724, -0.4313050727320906219, -0.2998028253030510792 ) ) ;
#1099 = CARTESIAN_POINT ( 'NONE',  ( -0.9975713944101540775, -0.6528874431448220550, -0.1891369701796397074 ) ) ;
#1100 = EDGE_LOOP ( 'NONE', ( #3735, #4404, #2519, #2335, #2750 ) ) ;
#1101 = DIRECTION ( 'NONE',  ( 0.0000000000000000000, 0.0000000000000000000, 1.000000000000000000 ) ) ;
#1102 = DIRECTION ( 'NONE',  ( 1.000000000000000000, 1.268357997058408169E-16, -0.0000000000000000000 ) ) ;
#1103 = CARTESIAN_POINT ( 'NONE',  ( -0.7564718990689780487, -0.3182712756862265957, -0.2824591342181550502 ) ) ;
#1104 = CARTESIAN_POINT ( 'NONE',  ( 1.099999999999999201, -0.4199999999999999845, 0.4102867453090214278 ) ) ;
#1105 = CARTESIAN_POINT ( 'NONE',  ( -1.067857142857142616, -0.6693959207434931891, -0.3127325929872117327 ) ) ;
#1106 = AXIS2_PLACEMENT_3D ( 'NONE', #922, #3091, #954 ) ;
#1107 = CARTESIAN_POINT ( 'NONE',  ( 0.9649897174490706941, -0.7199999999922811478, -1.508844386597677808E-06 ) ) ;
#1108 = CARTESIAN_POINT ( 'NONE',  ( -1.204982635170248395, -0.09639320225003461529, 0.2351141009170079066 ) ) ;
#1109 = CARTESIAN_POINT ( 'NONE',  ( 0.0005839624937812886883, -0.4786674319131778987, 0.2942076527918340290 ) ) ;
#1110 = CARTESIAN_POINT ( 'NONE',  ( -0.8840070273496499764, -0.3826883210304851679, 0.2977123981681039089 ) ) ;
#1111 = CARTESIAN_POINT ( 'NONE',  ( 0.5607142857142853876, -0.3309916264174742051, 0.3899711648727292590 ) ) ;
#1112 = CARTESIAN_POINT ( 'NONE',  ( -0.4535714285714270155, -0.7803875471609672543, 0.1735534956470232149 ) ) ;
#1113 = AXIS2_PLACEMENT_3D ( 'NONE', #1683, #1656, #3370 ) ;
#1114 = CARTESIAN_POINT ( 'NONE',  ( -0.3417713916192346990, -0.6851284178158111304, 0.1403819299364628959 ) ) ;
#1115 = CYLINDRICAL_SURFACE ( 'NONE', #953, 0.2999999999999998224 ) ;
#1116 = CARTESIAN_POINT ( 'NONE',  ( 0.05428571428571423579, -0.7199999999999996403, -0.06847304231704497146 ) ) ;
#1117 = CARTESIAN_POINT ( 'NONE',  ( -0.4869963464815711962, -0.1702391763885248432, -0.1661914006975997449 ) ) ;
#1118 = CARTESIAN_POINT ( 'NONE',  ( -0.8349945818878637960, -0.7199999999978200504, 7.950444947110093563E-07 ) ) ;
#1119 = CARTESIAN_POINT ( 'NONE',  ( 0.2607142857142855652, -0.3309916264174742051, 0.3899711648727292590 ) ) ;
#1120 = CARTESIAN_POINT ( 'NONE',  ( -0.07465093692973032158, -0.7138816857718682796, -0.06028113938014326156 ) ) ;
#1121 = CARTESIAN_POINT ( 'NONE',  ( -0.2150394652376985405, -0.1200000842864164530, 0.0002521946344706785421 ) ) ;
#1122 = CARTESIAN_POINT ( 'NONE',  ( -1.057987535672760826, -0.3094818081158838274, -0.2789070473843635600 ) ) ;
#1123 = CARTESIAN_POINT ( 'NONE',  ( -1.010397039254075535, -0.5941749392229931370, -0.2443153197580231473 ) ) ;
#1124 = VERTEX_POINT ( 'NONE', #92 ) ;
#1125 = CARTESIAN_POINT ( 'NONE',  ( 1.209999999999999964, -0.1830830828431108115, 0.2683967483238870466 ) ) ;
#1126 = ORIENTED_EDGE ( 'NONE', *, *, #2033, .F. ) ;
#1127 = CARTESIAN_POINT ( 'NONE',  ( -0.4707142857142856407, -0.4867562801868940969, 0.2924783736545468749 ) ) ;
#1128 = CARTESIAN_POINT ( 'NONE',  ( -0.5605112405222313354, -0.2464030618292085972, 0.2447099447371296477 ) ) ;
#1129 = AXIS2_PLACEMENT_3D ( 'NONE', #930, #5258, #3438 ) ;
#1130 = CARTESIAN_POINT ( 'NONE',  ( -0.7335775888667576128, -0.4600332850698357623, -0.2973478996953214937 ) ) ;
#1131 = CARTESIAN_POINT ( 'NONE',  ( 0.7357142857142855430, -0.8199999999999997291, 0.09129738975605987406 ) ) ;
#1132 = CARTESIAN_POINT ( 'NONE',  ( -0.8107142857142856096, -0.3309916264174742051, -0.3899711648727292590 ) ) ;
#1133 = UNCERTAINTY_MEASURE_WITH_UNIT (LENGTH_MEASURE( 1.000000000000000082E-05 ), #213, 'distance_accuracy_value', 'NONE');
#1134 = B_SPLINE_CURVE_WITH_KNOTS ( 'NONE', 3,
 ( #3086, #4764, #553, #4793 ),
 .UNSPECIFIED., .F., .F.,
 ( 4, 4 ),
 ( 0.0000000000000000000, 0.001833751310402503398 ),
 .UNSPECIFIED. ) ;
#1135 = CARTESIAN_POINT ( 'NONE',  ( -0.5948763866312393178, -0.4504202015599924613, 0.2985308133948387233 ) ) ;
#1136 = CARTESIAN_POINT ( 'NONE',  ( -0.7357142857142857650, -0.8199999999999997291, -0.09129738975605987406 ) ) ;
#1137 = AXIS2_PLACEMENT_3D ( 'NONE', #1846, #3966, #963 ) ;
#1138 = CARTESIAN_POINT ( 'NONE',  ( -0.01131506124911102126, -0.5495548051402415757, 0.2706119235369426335 ) ) ;
#1139 = CARTESIAN_POINT ( 'NONE',  ( -0.8860589249115671251, -0.3954231275166186776, 0.2990016939160649034 ) ) ;
#1140 = ORIENTED_EDGE ( 'NONE', *, *, #1246, .F. ) ;
#1141 = CARTESIAN_POINT ( 'NONE',  ( 0.4964285714285711637, -0.7803875471609674763, 0.1735534956470231316 ) ) ;
#1142 = CARTESIAN_POINT ( 'NONE',  ( -0.1214285714285699147, -0.5980167471650512656, 0.3696555844364371457 ) ) ;
#1143 = CARTESIAN_POINT ( 'NONE',  ( -0.3462845711198980769, -0.6973188777922295634, 0.1144300958644241251 ) ) ;
#1144 = CARTESIAN_POINT ( 'NONE',  ( -0.8060109677750251223, -0.1253083286691443199, -0.05623871802889297139 ) ) ;
#1145 = CARTESIAN_POINT ( 'NONE',  ( 0.3435714285714283611, -0.6902906603707253952, -0.1301651217352673973 ) ) ;
#1146 = CARTESIAN_POINT ( 'NONE',  ( -0.4879003229387026686, -0.1671438413985303906, -0.1614580694779581826 ) ) ;
#1147 = DIRECTION ( 'NONE',  ( 0.0000000000000000000, 1.000000000000000000, 0.0000000000000000000 ) ) ;
#1148 = CARTESIAN_POINT ( 'NONE',  ( 0.07857142857142854209, -0.2419832528349483425, -0.3696555844364371457 ) ) ;
#1149 = CARTESIAN_POINT ( 'NONE',  ( 1.057142857142856718, -0.7407750943219351125, 0.2558096015379863197 ) ) ;
#1150 = CARTESIAN_POINT ( 'NONE',  ( 2.138506484271023744, -0.1699999999999995404, -0.01071612518861057156 ) ) ;
#1151 = CARTESIAN_POINT ( 'NONE',  ( -1.047468572721332203, -0.3734827393696563691, -0.2963880242477695548 ) ) ;
#1152 = ORGANIZATION ( 'UNSPECIFIED', 'UNSPECIFIED', '' ) ;
#1153 = ORIENTED_EDGE ( 'NONE', *, *, #2282, .F. ) ;
#1154 = CARTESIAN_POINT ( 'NONE',  ( -0.4064285714285713613, -0.1497093396292742407, 0.1301651217352673418 ) ) ;
#1155 = VERTEX_POINT ( 'NONE', #4388 ) ;
#1156 = CARTESIAN_POINT ( 'NONE',  ( 0.1599999999999999756, -0.4199999999999999289, -0.3077150589817659876 ) ) ;
#1157 = CARTESIAN_POINT ( 'NONE',  ( 3.499999999999999112, -0.1199999999999997458, 0.0000000000000000000 ) ) ;
#1158 = CARTESIAN_POINT ( 'NONE',  ( -0.5490483124644799373, -0.1930360689804324348, 0.1961825858957657043 ) ) ;
#1159 = CARTESIAN_POINT ( 'NONE',  ( -0.7317648549979812733, -0.4713097726928342501, -0.2955796575100920753 ) ) ;
#1160 = CARTESIAN_POINT ( 'NONE',  ( -0.3499999999999999778, -0.4199999999999998734, 0.4102867453090213723 ) ) ;
#1161 = CARTESIAN_POINT ( 'NONE',  ( -0.9928571428571428825, -0.7407750943219348905, 0.2558096015379864308 ) ) ;
#1162 = AXIS2_PLACEMENT_3D ( 'NONE', #2214, #2665, #1440 ) ;
#1163 = CARTESIAN_POINT ( 'NONE',  ( -0.5578571428571427182, -0.2329530594423798728, 0.2345494447404087857 ) ) ;
#1164 = CARTESIAN_POINT ( 'NONE',  ( -0.7892857142857141461, -0.5090083735825255973, -0.3899711648727292590 ) ) ;
#1165 = CARTESIAN_POINT ( 'NONE',  ( 0.006075299686748707531, -0.4444740915869999087, 0.2991620391403208012 ) ) ;
#1166 = CARTESIAN_POINT ( 'NONE',  ( -0.9010999174353543362, -0.4891426311328264109, 0.2919454971324985104 ) ) ;
#1167 = ORIENTED_EDGE ( 'NONE', *, *, #5405, .F. ) ;
#1168 = CARTESIAN_POINT ( 'NONE',  ( 0.6035714285714283145, -0.05961245283903235381, 0.1735534956470232704 ) ) ;
#1169 = VECTOR ( 'NONE', #1229, 39.37007874015748143 ) ;
#1170 = CARTESIAN_POINT ( 'NONE',  ( -0.5499999999999984901, -0.4200000000000000400, -0.4102867453090213723 ) ) ;
#1171 = CARTESIAN_POINT ( 'NONE',  ( -1.021428571428571352, -0.5980167471650511546, 0.3696555844364371457 ) ) ;
#1172 = EDGE_CURVE ( 'NONE', #517, #192, #1812, .T. ) ;
#1173 = CARTESIAN_POINT ( 'NONE',  ( 1.038571428571428035, -0.2864874396262112599, -0.2772416883273278176 ) ) ;
#1174 = CARTESIAN_POINT ( 'NONE',  ( 0.04642857142857141628, -0.05961245283903229136, -0.1735534956470231871 ) ) ;
#1175 = CARTESIAN_POINT ( 'NONE',  ( 0.4828571428571424851, -0.1794186792585485968, 0.1918572011534898647 ) ) ;
#1176 = CARTESIAN_POINT ( 'NONE',  ( -0.4538449865134823180, -0.3340907203436473960, -0.2874784169399662304 ) ) ;
#1177 = CARTESIAN_POINT ( 'NONE',  ( -0.6957142857142855075, -0.1200000000000000372, 0.06847304231704492983 ) ) ;
#1178 = VERTEX_POINT ( 'NONE', #3911 ) ;
#1179 = CARTESIAN_POINT ( 'NONE',  ( 0.4749999999999997002, -0.8199999999999997291, -4.898587196589411226E-17 ) ) ;
#1180 = EDGE_CURVE ( 'NONE', #441, #1010, #4183, .T. ) ;
#1181 = CARTESIAN_POINT ( 'NONE',  ( -0.08386843206432825770, -0.6969467869777629110, -0.1153277959834649313 ) ) ;
#1182 = CARTESIAN_POINT ( 'NONE',  ( -0.2432017596775237489, -0.1709255860839706265, 0.1672185095648560660 ) ) ;
#1183 = CARTESIAN_POINT ( 'NONE',  ( -1.026039596044434177, -0.5066958614351363410, -0.2873264692639271312 ) ) ;
#1184 = VERTEX_POINT ( 'NONE', #2681 ) ;
#1185 = CARTESIAN_POINT ( 'NONE',  ( 0.1814285714285713558, -0.5535125603737884870, -0.2772416883273278176 ) ) ;
#1186 = DIRECTION ( 'NONE',  ( 0.0000000000000000000, 0.0000000000000000000, 1.000000000000000000 ) ) ;
#1187 = CARTESIAN_POINT ( 'NONE',  ( -0.7503239247437420989, -0.3556667604763172341, -0.2930282847867505813 ) ) ;
#1188 = CARTESIAN_POINT ( 'NONE',  ( -0.08214285714285711471, -0.6693959207434930780, 0.3127325929872118437 ) ) ;
#1189 = CARTESIAN_POINT ( 'NONE',  ( -0.7249999999999998668, -0.8199999999999997291, 4.898587196589411226E-17 ) ) ;
#1190 = CARTESIAN_POINT ( 'NONE',  ( -0.3757142857142857784, -0.7199999999999996403, -0.06847304231704488819 ) ) ;
#1191 = CARTESIAN_POINT ( 'NONE',  ( -0.04642857142857143016, -0.05961245283903229136, 0.1735534956470231871 ) ) ;
#1192 = CARTESIAN_POINT ( 'NONE',  ( 1.134999999668880655, -0.7199999999999997513, -1.246241562513871837E-11 ) ) ;
#1193 = CARTESIAN_POINT ( 'NONE',  ( -0.008783527232682997177, -0.5351205111324910391, 0.2770331064576068147 ) ) ;
#1194 = CARTESIAN_POINT ( 'NONE',  ( -0.9338089139178678000, -0.6582162101563246992, 0.1823854167178473318 ) ) ;
#1195 = CARTESIAN_POINT ( 'NONE',  ( 1.235714285714284877, -0.01999999999999999695, -0.09129738975605992957 ) ) ;
#1196 = CARTESIAN_POINT ( 'NONE',  ( -0.8928571428571411284, -0.09922490567806474537, -0.2558096015379864863 ) ) ;
#1197 = COORDINATED_UNIVERSAL_TIME_OFFSET ( 6, 0, .BEHIND. ) ;
#1198 = CARTESIAN_POINT ( 'NONE',  ( -0.4385714285714285565, -0.2864874396262112599, 0.2772416883273278176 ) ) ;
#1199 = DIRECTION ( 'NONE',  ( 1.000000000000000000, 1.268357997058408169E-16, -0.0000000000000000000 ) ) ;
#1200 = CARTESIAN_POINT ( 'NONE',  ( 0.1428571428571428215, -0.7407750943219348905, -0.2558096015379864308 ) ) ;
#1201 = CARTESIAN_POINT ( 'NONE',  ( -0.06357142857142857040, -0.1497093396292742407, -0.1301651217352673418 ) ) ;
#1202 = CARTESIAN_POINT ( 'NONE',  ( -0.4970295881678454264, -0.1409167904361580403, -0.1100766288501591333 ) ) ;
#1203 = CARTESIAN_POINT ( 'NONE',  ( -0.1171428571428571180, -0.1794186792585485413, 0.1918572011534897814 ) ) ;
#1204 = ORIENTED_EDGE ( 'NONE', *, *, #3236, .F. ) ;
#1205 = CARTESIAN_POINT ( 'NONE',  ( 1.149999999999999245, -0.4199999999999999845, 0.4102867453090214278 ) ) ;
#1206 = CARTESIAN_POINT ( 'NONE',  ( -0.07737204756251356286, -0.7100207244748610869, -0.07680420694124626135 ) ) ;
#1207 = AXIS2_PLACEMENT_3D ( 'NONE', #5026, #1975, #3685 ) ;
#1208 = CARTESIAN_POINT ( 'NONE',  ( -0.2572348170610301854, -0.2298645587133102963, 0.2320529907339045350 ) ) ;
#1209 = CARTESIAN_POINT ( 'NONE',  ( -1.097473882301613912, -0.1399061239306186588, -0.1074685008347412429 ) ) ;
#1210 = EDGE_CURVE ( 'NONE', #5330, #4551, #2793, .T. ) ;
#1211 = CC_DESIGN_DATE_AND_TIME_ASSIGNMENT ( #2994, #5068, ( #1044 ) ) ;
#1212 = PLANE ( 'NONE',  #1449 ) ;
#1213 = CARTESIAN_POINT ( 'NONE',  ( -1.149999999999999911, -0.7043669809701119666, -0.1114877067108863279 ) ) ;
#1214 = CARTESIAN_POINT ( 'NONE',  ( -0.7794356115727942846, -0.1993340840480819498, -0.2032422243234830728 ) ) ;
#1215 = CARTESIAN_POINT ( 'NONE',  ( -0.3071428571428571064, -0.09922490567806467598, 0.2558096015379863752 ) ) ;
#1216 = CARTESIAN_POINT ( 'NONE',  ( 1.209999999999999076, -0.1537795626346388222, -0.2890419010732080962 ) ) ;
#1217 = CARTESIAN_POINT ( 'NONE',  ( -0.3435714285714285277, -0.6902906603707253952, 0.1301651217352673973 ) ) ;
#1218 = CARTESIAN_POINT ( 'NONE',  ( -0.5714285714285715079, -0.2419832528349484257, -0.3696555844364372012 ) ) ;
#1219 = LINE ( 'NONE', #1970, #1651 ) ;
#1220 = CARTESIAN_POINT ( 'NONE',  ( -0.03897241489337312237, -0.6764138035221404222, 0.1557601842386786561 ) ) ;
#1221 = CARTESIAN_POINT ( 'NONE',  ( -0.9047250164761042601, -0.5112665920482060145, 0.2857803546256596494 ) ) ;
#1222 = CARTESIAN_POINT ( 'NONE',  ( 1.374999999999999112, -0.8199999999999997291, -4.898587196589411226E-17 ) ) ;
#1223 = CARTESIAN_POINT ( 'NONE',  ( -0.7642857142857125696, -0.8199999999999997291, 0.09129738975605997120 ) ) ;
#1224 = PERSON_AND_ORGANIZATION_ROLE ( 'creator' ) ;
#1225 = CARTESIAN_POINT ( 'NONE',  ( -1.203571428571428514, -0.05961245283903235381, -0.1735534956470232704 ) ) ;
#1226 = CARTESIAN_POINT ( 'NONE',  ( -0.8068922341939357423, -0.1243361161484721616, -0.05082559587119250821 ) ) ;
#1227 = CARTESIAN_POINT ( 'NONE',  ( 1.357142857142856540, -0.7407750943219351125, 0.2558096015379863197 ) ) ;
#1228 = CARTESIAN_POINT ( 'NONE',  ( -0.4964111375416835337, -0.1423769394329725269, -0.1136909928719266744 ) ) ;
#1229 = DIRECTION ( 'NONE',  ( 1.000000000000000000, 1.268357997058408169E-16, -0.0000000000000000000 ) ) ;
#1230 = EDGE_LOOP ( 'NONE', ( #2161, #2300, #4972, #679, #1915, #1316, #1862, #4521 ) ) ;
#1231 = ORIENTED_EDGE ( 'NONE', *, *, #4743, .T. ) ;
#1232 = CARTESIAN_POINT ( 'NONE',  ( 1.085714285714285188, -0.8199999999999997291, 0.09129738975605987406 ) ) ;
#1233 = CARTESIAN_POINT ( 'NONE',  ( 1.194157547799812757, -0.4463896795384471594, -0.2998706196640759103 ) ) ;
#1234 = CARTESIAN_POINT ( 'NONE',  ( -0.08999635119358605218, -0.6797263261907525722, -0.1501857899869240287 ) ) ;
#1235 = ADVANCED_FACE ( 'NONE', ( #5195 ), #2607, .T. ) ;
#1236 = CARTESIAN_POINT ( 'NONE',  ( -0.2625931052838897939, -0.2572694758324118314, 0.2520337145637791543 ) ) ;
#1237 = CARTESIAN_POINT ( 'NONE',  ( -1.106760266036579177, -0.1244764385266385470, -0.05163688525180289840 ) ) ;
#1238 = CARTESIAN_POINT ( 'NONE',  ( 0.5349999999999996980, -0.7199999999999997513, -3.673940397442057649E-17 ) ) ;
#1239 = CARTESIAN_POINT ( 'NONE',  ( -0.5149999699673999398, -0.1200000000000678302, -2.015828881870967434E-07 ) ) ;
#1240 = EDGE_CURVE ( 'NONE', #1799, #3678, #3366, .T. ) ;
#1241 = EDGE_CURVE ( 'NONE', #1889, #320, #943, .T. ) ;
#1242 = CARTESIAN_POINT ( 'NONE',  ( -0.5777790838855194622, -0.3439242230124274768, 0.2901959361430699880 ) ) ;
#1243 = CARTESIAN_POINT ( 'NONE',  ( -0.7737641894916295060, -0.2249777556917798294, -0.2279841620745199082 ) ) ;
#1244 = CARTESIAN_POINT ( 'NONE',  ( 0.02500000000000000139, -0.01999999999999999001, 0.0000000000000000000 ) ) ;
#1245 = CARTESIAN_POINT ( 'NONE',  ( 0.05249736931029759524, -0.7121918038966250641, -0.07852436204947685350 ) ) ;
#1246 = EDGE_CURVE ( 'NONE', #3874, #320, #3827, .T. ) ;
#1247 = CARTESIAN_POINT ( 'NONE',  ( -0.2364285714285713769, -0.1497093396292742407, 0.1301651217352673418 ) ) ;
#1248 = CARTESIAN_POINT ( 'NONE',  ( -0.6571428571428569176, -0.09922490567806467598, 0.2558096015379863752 ) ) ;
#1249 = CARTESIAN_POINT ( 'NONE',  ( 0.8071428571428567178, -0.7407750943219351125, 0.2558096015379863197 ) ) ;
#1250 = CARTESIAN_POINT ( 'NONE',  ( -1.149999999999999467, -0.2503905784563764114, -0.3639309522411519615 ) ) ;
#1251 = CARTESIAN_POINT ( 'NONE',  ( -0.9239996910370544825, -0.6161380762960908530, 0.2270019028586260090 ) ) ;
#1252 = CARTESIAN_POINT ( 'NONE',  ( -0.01428571428571429741, -0.01999999999999999695, -0.09129738975605992957 ) ) ;
#1253 = CARTESIAN_POINT ( 'NONE',  ( -1.074999999999998179, -0.8199999999999997291, 4.898587196589411226E-17 ) ) ;
#1254 = CARTESIAN_POINT ( 'NONE',  ( -0.2992857142857142105, -0.4867562801868941524, -0.2924783736545468749 ) ) ;
#1255 = CARTESIAN_POINT ( 'NONE',  ( -1.144983001225090780, -0.1772962436289773069, 0.1763374226962907132 ) ) ;
#1256 = CARTESIAN_POINT ( 'NONE',  ( 0.6435714285714282390, -0.6902906603707253952, -0.1301651217352673973 ) ) ;
#1257 = CARTESIAN_POINT ( 'NONE',  ( -0.4917779542861167030, -0.1548519702771730677, -0.1403448814094894748 ) ) ;
#1258 = CARTESIAN_POINT ( 'NONE',  ( -1.113571428571428434, -0.6902906603707253952, 0.1301651217352673973 ) ) ;
#1259 = ORIENTED_EDGE ( 'NONE', *, *, #1425, .F. ) ;
#1260 = ORIENTED_EDGE ( 'NONE', *, *, #3659, .T. ) ;
#1261 = CARTESIAN_POINT ( 'NONE',  ( 1.235714285714284877, -0.01999999999999999695, -0.09129738975605992957 ) ) ;
#1262 = DIRECTION ( 'NONE',  ( 1.000000000000000000, 1.268357997058408169E-16, -0.0000000000000000000 ) ) ;
#1263 = CARTESIAN_POINT ( 'NONE',  ( -0.1125836505736616533, -0.5827804399992246864, -0.2520015297856488257 ) ) ;
#1264 = CARTESIAN_POINT ( 'NONE',  ( -0.2376197055992348151, -0.1530573974867508458, 0.1369877549372876258 ) ) ;
#1265 = CARTESIAN_POINT ( 'NONE',  ( -1.105409633883551290, -0.1260382902288425533, -0.05991622316131046261 ) ) ;
#1266 = CARTESIAN_POINT ( 'NONE',  ( -0.5642125932413520895, -0.2657828858849995979, 0.2575966410135716589 ) ) ;
#1267 = CARTESIAN_POINT ( 'NONE',  ( 0.5564285714285711615, -0.6902906603707253952, 0.1301651217352673140 ) ) ;
#1268 = CARTESIAN_POINT ( 'NONE',  ( -1.150000000000000133, -0.4385622215817507330, -0.3962759880987608008 ) ) ;
#1269 = CARTESIAN_POINT ( 'NONE',  ( -0.5860155782441748284, -0.3951593729117510723, 0.2989780503717614502 ) ) ;
#1270 = CARTESIAN_POINT ( 'NONE',  ( -0.7765001457022822073, -0.2121675573849018948, -0.2164026724492758014 ) ) ;
#1271 = CARTESIAN_POINT ( 'NONE',  ( -0.2107142857142856596, -0.3309916264174742051, -0.3899711648727292590 ) ) ;
#1272 = CARTESIAN_POINT ( 'NONE',  ( 1.210000000000000853, -0.4067836291279556815, -0.3367760019915833070 ) ) ;
#1273 = CARTESIAN_POINT ( 'NONE',  ( -0.9007142857142854675, -0.4867562801868940969, 0.2924783736545468749 ) ) ;
#1274 = CARTESIAN_POINT ( 'NONE',  ( -0.3999999999999999667, -0.4199999999999999289, 0.4102867453090214278 ) ) ;
#1275 = CARTESIAN_POINT ( 'NONE',  ( 0.8607142857142852099, -0.3309916264174742051, 0.3899711648727292590 ) ) ;
#1276 = CARTESIAN_POINT ( 'NONE',  ( -0.6710500468549022157, -0.7176163203388029599, -0.03810164888998934102 ) ) ;
#1277 = CARTESIAN_POINT ( 'NONE',  ( -0.9239633527977796357, -0.6159637536199039642, 0.2271524394027763794 ) ) ;
#1278 = CARTESIAN_POINT ( 'NONE',  ( 1.042857142857142483, -0.7407750943219348905, -0.2558096015379864308 ) ) ;
#1279 = CARTESIAN_POINT ( 'NONE',  ( 0.2349999198412558166, -0.7199999999999997513, -5.122798868869632868E-07 ) ) ;
#1280 = ADVANCED_FACE ( 'NONE', ( #3919 ), #3842, .T. ) ;
#1281 = AXIS2_PLACEMENT_3D ( 'NONE', #1954, #3664, #5375 ) ;
#1282 = CALENDAR_DATE ( 2020, 25, 5 ) ;
#1283 = CARTESIAN_POINT ( 'NONE',  ( -0.2564285714285713946, -0.6902906603707253952, -0.1301651217352673140 ) ) ;
#1284 = CARTESIAN_POINT ( 'NONE',  ( 0.07260028477596291996, -0.1300235660531584847, 0.07697090507533910220 ) ) ;
#1285 = CARTESIAN_POINT ( 'NONE',  ( 0.7078571428571422963, -0.6070469405576197630, 0.2345494447404087579 ) ) ;
#1286 = CARTESIAN_POINT ( 'NONE',  ( -0.4983438911158912799, -0.1379787233235603705, -0.1023629525796921763 ) ) ;
#1287 = DIRECTION ( 'NONE',  ( -1.000000000000000000, -1.268357997058408169E-16, 0.0000000000000000000 ) ) ;
#1288 = ORIENTED_EDGE ( 'NONE', *, *, #179, .F. ) ;
#1289 = ORIENTED_EDGE ( 'NONE', *, *, #4182, .T. ) ;
#1290 = CARTESIAN_POINT ( 'NONE',  ( 1.224999999999999201, -0.01999999999999999001, 0.0000000000000000000 ) ) ;
#1291 = CARTESIAN_POINT ( 'NONE',  ( 1.130813142562260953, -0.1353587140103084119, -0.09797010785945611810 ) ) ;
#1292 = CARTESIAN_POINT ( 'NONE',  ( -0.09311029778846016680, -0.6693914098598673368, -0.1667452490360498141 ) ) ;
#1293 = CARTESIAN_POINT ( 'NONE',  ( -0.2717821429421457546, -0.3081488278836813088, 0.2783718929185394764 ) ) ;
#1294 = CARTESIAN_POINT ( 'NONE',  ( -1.068128917279292045, -0.2534885144225342835, -0.2495474593414557518 ) ) ;
#1295 = CARTESIAN_POINT ( 'NONE',  ( -0.5397612168382428521, -0.1595462986866782173, 0.1488788784325201786 ) ) ;
#1296 = CARTESIAN_POINT ( 'NONE',  ( 0.8778571428571424473, -0.6070469405576197630, 0.2345494447404087579 ) ) ;
#1297 = CARTESIAN_POINT ( 'NONE',  ( 0.1035714285714284949, -0.7803875471609672543, -0.1735534956470232149 ) ) ;
#1298 = CARTESIAN_POINT ( 'NONE',  ( -0.6025765646586158653, -0.4982584337148124320, 0.2896178962514892596 ) ) ;
#1299 = CARTESIAN_POINT ( 'NONE',  ( -0.6714285714285712636, -0.5980167471650512656, 0.3696555844364371457 ) ) ;
#1300 = CARTESIAN_POINT ( 'NONE',  ( 1.210000000000000853, -0.4250596359254613654, -0.3326369681692855074 ) ) ;
#1301 = CARTESIAN_POINT ( 'NONE',  ( -1.029285714285713915, -0.4867562801868941524, -0.2924783736545468749 ) ) ;
#1302 = CARTESIAN_POINT ( 'NONE',  ( -0.6357142857142857872, -0.01999999999999999695, 0.09129738975605992957 ) ) ;
#1303 = CARTESIAN_POINT ( 'NONE',  ( 0.5499999999999997113, -0.4200000000000000400, 0.4102867453090213723 ) ) ;
#1304 = CARTESIAN_POINT ( 'NONE',  ( -1.150000000000000133, -0.3849977312110220984, -0.3988468412075631409 ) ) ;
#1305 = DIRECTION ( 'NONE',  ( 0.0000000000000000000, 0.0000000000000000000, -1.000000000000000000 ) ) ;
#1306 = CARTESIAN_POINT ( 'NONE',  ( 1.353571428571427759, -0.7803875471609672543, -0.1735534956470232149 ) ) ;
#1307 = CARTESIAN_POINT ( 'NONE',  ( -0.7428571428571412172, -0.7407750943219348905, 0.2558096015379864308 ) ) ;
#1308 = B_SPLINE_CURVE_WITH_KNOTS ( 'NONE', 3,
 ( #1928, #233, #3636, #5348, #3219, #1455, #1050, #2763, #1563, #5291, #4552, #3244, #3161, #3582, #709, #4023, #4922, #259 ),
 .UNSPECIFIED., .F., .F.,
 ( 4, 2, 2, 2, 2, 2, 2, 2, 4 ),
 ( 0.1071428285971115779, 0.1205356821717485233, 0.1339285357463854687, 0.1473213893210224001, 0.1607142428956593594, 0.1741070964702963186, 0.1874999500449332501, 0.2008928036195701816, 0.2142856571942071409 ),
 .UNSPECIFIED. ) ;
#1309 = PERSON_AND_ORGANIZATION_ROLE ( 'design_owner' ) ;
#1310 = CARTESIAN_POINT ( 'NONE',  ( -0.7278571428571426472, -0.2329530594423798728, 0.2345494447404087857 ) ) ;
#1311 = EDGE_CURVE ( 'NONE', #1613, #1374, #4244, .T. ) ;
#1312 = CARTESIAN_POINT ( 'NONE',  ( 0.06670338963069392946, -0.1416559714263397884, 0.1119579293376260498 ) ) ;
#1313 = CARTESIAN_POINT ( 'NONE',  ( 1.007857142857142119, -0.6070469405576197630, 0.2345494447404087579 ) ) ;
#1314 = CARTESIAN_POINT ( 'NONE',  ( 3.499999999999999112, -0.4199999999999995404, 0.0000000000000000000 ) ) ;
#1315 = CARTESIAN_POINT ( 'NONE',  ( 3.499999999999999112, -0.1199999999999997458, 0.0000000000000000000 ) ) ;
#1316 = ORIENTED_EDGE ( 'NONE', *, *, #2644, .F. ) ;
#1317 = CARTESIAN_POINT ( 'NONE',  ( 0.7857142857142855874, -0.8199999999999997291, 0.09129738975605987406 ) ) ;
#1318 = CARTESIAN_POINT ( 'NONE',  ( 3.499999999999999112, -0.4199999999999995404, -0.1999999999999989009 ) ) ;
#1319 = ORIENTED_EDGE ( 'NONE', *, *, #2006, .F. ) ;
#1320 = CARTESIAN_POINT ( 'NONE',  ( -0.1269229122654480513, -0.5012906906588037170, -0.2889440564862306715 ) ) ;
#1321 = CARTESIAN_POINT ( 'NONE',  ( -0.5642857142857141683, -0.02000000000000005940, -0.09129738975606004059 ) ) ;
#1322 = CARTESIAN_POINT ( 'NONE',  ( -0.2830060797362391467, -0.3764092714208890356, 0.2968442834472793668 ) ) ;
#1323 = CARTESIAN_POINT ( 'NONE',  ( -1.092375805573100322, -0.1530957173627748025, -0.1369803044842582140 ) ) ;
#1324 = CARTESIAN_POINT ( 'NONE',  ( -0.5392724275778921772, -0.1580300387362401637, 0.1461930326615001052 ) ) ;
#1325 = VECTOR ( 'NONE', #4432, 39.37007874015748143 ) ;
#1326 = CARTESIAN_POINT ( 'NONE',  ( 0.3314285714285712947, -0.2864874396262113709, 0.2772416883273278732 ) ) ;
#1327 = CARTESIAN_POINT ( 'NONE',  ( 0.6528571428571424695, -0.1794186792585485968, 0.1918572011534898369 ) ) ;
#1328 = CARTESIAN_POINT ( 'NONE',  ( -0.6453143570041369737, -0.6949185139826242752, 0.1200826703257991956 ) ) ;
#1329 = CARTESIAN_POINT ( 'NONE',  ( -0.6821428571428569398, -0.6693959207434930780, 0.3127325929872118437 ) ) ;
#1330 = CARTESIAN_POINT ( 'NONE',  ( -0.06000047830721869091, -0.1578640837823343523, -0.1510856946516314914 ) ) ;
#1331 = CARTESIAN_POINT ( 'NONE',  ( -0.8364285714285712992, -0.1497093396292742407, 0.1301651217352673418 ) ) ;
#1332 = CARTESIAN_POINT ( 'NONE',  ( -0.3142857142857141683, -0.02000000000000005940, -0.09129738975606004059 ) ) ;
#1333 = CARTESIAN_POINT ( 'NONE',  ( 0.7857142857142854764, -0.8199999999999997291, 0.09129738975605987406 ) ) ;
#1334 = CARTESIAN_POINT ( 'NONE',  ( -1.149999999999999689, -0.2824032057609746627, -0.3772249325552168298 ) ) ;
#1335 = CARTESIAN_POINT ( 'NONE',  ( -0.9621948843426382236, -0.7194709902650527900, 0.01781641889275166826 ) ) ;
#1336 = CARTESIAN_POINT ( 'NONE',  ( 0.08214285714285708695, -0.6693959207434930780, -0.3127325929872118437 ) ) ;
#1337 = CARTESIAN_POINT ( 'NONE',  ( -1.003118367673751621, -0.6295249981553472374, -0.2147114051231301668 ) ) ;
#1338 = CC_DESIGN_APPROVAL ( #2795, ( #5285 ) ) ;
#1339 = CARTESIAN_POINT ( 'NONE',  ( -0.7600000000000000089, -0.4199999999999999289, 0.3077150589817659876 ) ) ;
#1340 = DIRECTION ( 'NONE',  ( 0.0000000000000000000, 0.0000000000000000000, 1.000000000000000000 ) ) ;
#1341 = CARTESIAN_POINT ( 'NONE',  ( 1.189999999999999503, -0.4199999999999999289, -0.3077150589817659876 ) ) ;
#1342 = CARTESIAN_POINT ( 'NONE',  ( -0.8459731473338282237, -0.1809611602716242329, 0.1813025609842019159 ) ) ;
#1343 = DIRECTION ( 'NONE',  ( -1.000000000000000000, 0.0000000000000000000, 0.0000000000000000000 ) ) ;
#1344 = CARTESIAN_POINT ( 'NONE',  ( -1.499999999999999778, -0.4200000000000001510, 0.0000000000000000000 ) ) ;
#1345 = CARTESIAN_POINT ( 'NONE',  ( -1.149999999999999689, -0.1216319120892258437, 0.1310374281503899896 ) ) ;
#1346 = ORIENTED_EDGE ( 'NONE', *, *, #791, .T. ) ;
#1347 = CARTESIAN_POINT ( 'NONE',  ( -0.1306428484391370382, -0.4783005418876926651, -0.2942805760234292189 ) ) ;
#1348 = CARTESIAN_POINT ( 'NONE',  ( -0.6285714285714283367, -0.2419832528349483425, 0.3696555844364371457 ) ) ;
#1349 = CARTESIAN_POINT ( 'NONE',  ( -0.3217859975929325267, -0.6053132668296181684, 0.2360102526921226407 ) ) ;
#1350 = CARTESIAN_POINT ( 'NONE',  ( -1.129504632454575663, -0.1335820857449085963, 0.08961568906979441862 ) ) ;
#1351 = CARTESIAN_POINT ( 'NONE',  ( -0.4315699643136209351, -0.4725279220285545367, -0.2953754412708003985 ) ) ;
#1352 = VECTOR ( 'NONE', #4343, 39.37007874015748143 ) ;
#1353 = ADVANCED_FACE ( 'NONE', ( #3449 ), #2659, .T. ) ;
#1354 = CARTESIAN_POINT ( 'NONE',  ( 0.6742857142857137109, -0.1200000000000000788, 0.06847304231704502697 ) ) ;
#1355 = CARTESIAN_POINT ( 'NONE',  ( 0.6207142857142853298, -0.3532437198131055944, 0.2924783736545468749 ) ) ;
#1356 = CARTESIAN_POINT ( 'NONE',  ( -0.6457873289960579521, -0.6961047020929249651, 0.1173325476530000105 ) ) ;
#1357 = CARTESIAN_POINT ( 'NONE',  ( 1.209999999999999520, -0.02141859332340068436, 0.03785472181673851799 ) ) ;
#1358 = CARTESIAN_POINT ( 'NONE',  ( -1.121428571428571441, -0.2419832528349484535, -0.3696555844364372012 ) ) ;
#1359 = CARTESIAN_POINT ( 'NONE',  ( -0.8821428571428570065, -0.1706040792565065856, -0.3127325929872118437 ) ) ;
#1360 = CARTESIAN_POINT ( 'NONE',  ( 0.6142857142857139907, -0.02000000000000005940, 0.09129738975606002671 ) ) ;
#1361 = CARTESIAN_POINT ( 'NONE',  ( -1.149999999999999689, -0.07373048196345609318, -0.2002434040829799700 ) ) ;
#1362 = CARTESIAN_POINT ( 'NONE',  ( -3.449999999999998401, -0.4200000000000004285, 0.0000000000000000000 ) ) ;
#1363 = CARTESIAN_POINT ( 'NONE',  ( 0.6821428571428566068, -0.6693959207434930780, -0.3127325929872118437 ) ) ;
#1364 = CARTESIAN_POINT ( 'NONE',  ( 0.3849999519321564145, -0.1200000000001573697, 3.071926460365102464E-07 ) ) ;
#1365 = ORIENTED_EDGE ( 'NONE', *, *, #3811, .T. ) ;
#1366 = CARTESIAN_POINT ( 'NONE',  ( -0.6207142857142855519, -0.3532437198131055944, -0.2924783736545468749 ) ) ;
#1367 = CARTESIAN_POINT ( 'NONE',  ( 0.06612546531856797194, -0.1430680075937550977, 0.1153633937392695985 ) ) ;
#1368 = CARTESIAN_POINT ( 'NONE',  ( -1.134992414642794767, -0.7199999999957276131, 1.113063374356687797E-06 ) ) ;
#1369 = CARTESIAN_POINT ( 'NONE',  ( -0.8540538647804227779, -0.2147102601052804927, 0.2188108560388603296 ) ) ;
#1370 = DIRECTION ( 'NONE',  ( 1.000000000000000000, 1.268357997058408169E-16, -0.0000000000000000000 ) ) ;
#1371 = CARTESIAN_POINT ( 'NONE',  ( -0.8349945818878637960, -0.7199999999978200504, 7.950444947110093563E-07 ) ) ;
#1372 = DIRECTION ( 'NONE',  ( 0.0000000000000000000, 0.0000000000000000000, 1.000000000000000000 ) ) ;
#1373 = EDGE_CURVE ( 'NONE', #1613, #3372, #4520, .T. ) ;
#1374 = VERTEX_POINT ( 'NONE', #5142 ) ;
#1375 = CARTESIAN_POINT ( 'NONE',  ( -0.1438494292819182396, -0.3959985686150289674, -0.2990935424678028975 ) ) ;
#1376 = CARTESIAN_POINT ( 'NONE',  ( -0.6821428571428569398, -0.6693959207434930780, 0.3127325929872118437 ) ) ;
#1377 = CARTESIAN_POINT ( 'NONE',  ( -0.3088222963571976565, -0.5353438658915411485, 0.2769401833716068628 ) ) ;
#1378 = DIRECTION ( 'NONE',  ( 0.0000000000000000000, 1.000000000000000000, 0.0000000000000000000 ) ) ;
#1379 = CARTESIAN_POINT ( 'NONE',  ( -0.4029583105737615245, -0.6302416187777092338, -0.2140068062760743794 ) ) ;
#1380 = CARTESIAN_POINT ( 'NONE',  ( -0.1593110320588408124, -0.3018452958541649744, -0.2757561570521230854 ) ) ;
#1381 = AXIS2_PLACEMENT_3D ( 'NONE', #4516, #1675, #1945 ) ;
#1382 = CARTESIAN_POINT ( 'NONE',  ( 0.9099999999999998090, -0.4199999999999999845, 0.3077150589817659876 ) ) ;
#1383 = CARTESIAN_POINT ( 'NONE',  ( 0.5107142857142854542, -0.3309916264174742051, 0.3899711648727292590 ) ) ;
#1384 = CARTESIAN_POINT ( 'NONE',  ( -0.6554181185825522782, -0.7139715650848307282, 0.05985972671258224520 ) ) ;
#1385 = CARTESIAN_POINT ( 'NONE',  ( -0.3838675708959737864, -0.6969486892667937639, -0.1153232294119318352 ) ) ;
#1386 = EDGE_CURVE ( 'NONE', #1799, #5532, #795, .T. ) ;
#1387 = CARTESIAN_POINT ( 'NONE',  ( 0.5428571428571425939, -0.09922490567806474537, 0.2558096015379864308 ) ) ;
#1388 = CARTESIAN_POINT ( 'NONE',  ( 3.499999999999999112, -0.4199999999999995404, 0.0000000000000000000 ) ) ;
#1389 = CC_DESIGN_PERSON_AND_ORGANIZATION_ASSIGNMENT ( #3781, #5553, ( #5285 ) ) ;
#1390 = CIRCLE ( 'NONE', #4523, 0.2499999999999998612 ) ;
#1391 = CARTESIAN_POINT ( 'NONE',  ( 0.4707142857142854742, -0.4867562801868940969, -0.2924783736545468749 ) ) ;
#1392 = CARTESIAN_POINT ( 'NONE',  ( -0.7107142857142856318, -0.5090083735825254863, 0.3899711648727292590 ) ) ;
#1393 = AXIS2_PLACEMENT_3D ( 'NONE', #4879, #2241, #1827 ) ;
#1394 = CARTESIAN_POINT ( 'NONE',  ( -0.8607142857142856540, -0.3309916264174742051, -0.3899711648727292590 ) ) ;
#1395 = CARTESIAN_POINT ( 'NONE',  ( 1.107142857142856762, -0.7407750943219351125, 0.2558096015379863197 ) ) ;
#1396 = CARTESIAN_POINT ( 'NONE',  ( -0.7076978037881174188, -0.6078423008692749319, -0.2339142077469370251 ) ) ;
#1397 = CARTESIAN_POINT ( 'NONE',  ( 0.3607142857142854875, -0.5090083735825254863, -0.3899711648727292590 ) ) ;
#1398 = CARTESIAN_POINT ( 'NONE',  ( -0.9683046892771618452, -0.7193287298367861959, -0.02096817394593783468 ) ) ;
#1399 = CARTESIAN_POINT ( 'NONE',  ( -0.3285714285714284033, -0.2419832528349483425, 0.3696555844364371457 ) ) ;
#1400 = ORIENTED_EDGE ( 'NONE', *, *, #5043, .F. ) ;
#1401 = CARTESIAN_POINT ( 'NONE',  ( -0.9207142857142857073, -0.3532437198131055944, -0.2924783736545468749 ) ) ;
#1402 = CARTESIAN_POINT ( 'NONE',  ( 0.04902823669577584947, -0.2009408673815504254, 0.2052071559201262829 ) ) ;
#1403 = CARTESIAN_POINT ( 'NONE',  ( 1.222142857142856309, -0.6070469405576197630, -0.2345494447404088134 ) ) ;
#1404 = CARTESIAN_POINT ( 'NONE',  ( -2.138506484271023300, -0.1700000000000004008, 2.556627572707230627E-17 ) ) ;
#1405 = DIRECTION ( 'NONE',  ( 1.000000000000000000, 1.268357997058408169E-16, -0.0000000000000000000 ) ) ;
#1406 = LINE ( 'NONE', #4402, #4299 ) ;
#1407 = CARTESIAN_POINT ( 'NONE',  ( 0.05285714285714285948, -0.1794186792585485413, 0.1918572011534897814 ) ) ;
#1408 = ORIENTED_EDGE ( 'NONE', *, *, #3991, .T. ) ;
#1409 = CARTESIAN_POINT ( 'NONE',  ( -0.1330013090418786792, -0.4636202875738765217, -0.2968398925753366058 ) ) ;
#1410 = CARTESIAN_POINT ( 'NONE',  ( -0.2642857142857141795, -0.02000000000000005940, -0.09129738975606004059 ) ) ;
#1411 = CARTESIAN_POINT ( 'NONE',  ( -0.3119095852057549023, -0.5528890616666859437, 0.2689833174043394504 ) ) ;
#1412 = AXIS2_PLACEMENT_3D ( 'NONE', #2210, #2967, #1737 ) ;
#1413 = CARTESIAN_POINT ( 'NONE',  ( -1.123177361546178199, -0.1243692044149065784, 0.05125010721224660531 ) ) ;
#1414 = CARTESIAN_POINT ( 'NONE',  ( 0.7999999999999994893, -0.4199999999999999845, 0.4102867453090214278 ) ) ;
#1415 = CARTESIAN_POINT ( 'NONE',  ( -0.4120362749497147314, -0.5856477302963837284, -0.2501221130335437026 ) ) ;
#1416 = CARTESIAN_POINT ( 'NONE',  ( -0.1882437965106899258, -0.1659963485091558166, -0.1596385861566834707 ) ) ;
#1417 = CARTESIAN_POINT ( 'NONE',  ( 0.9957142857142852188, -0.1200000000000000372, -0.06847304231704492983 ) ) ;
#1418 = CARTESIAN_POINT ( 'NONE',  ( 0.6285714285714282257, -0.2419832528349483425, -0.3696555844364371457 ) ) ;
#1419 = CARTESIAN_POINT ( 'NONE',  ( -0.6260574375525140844, -0.6257839637211081163, 0.2182955820616480080 ) ) ;
#1420 = CARTESIAN_POINT ( 'NONE',  ( -0.3900352498169322724, -0.6796035551257297858, -0.1503979496040324382 ) ) ;
#1421 = CARTESIAN_POINT ( 'NONE',  ( 0.02857142857142854625, -0.2419832528349483425, -0.3696555844364371457 ) ) ;
#1422 = CARTESIAN_POINT ( 'NONE',  ( -1.014285714285714235, -0.8199999999999997291, 0.09129738975605997120 ) ) ;
#1423 = CARTESIAN_POINT ( 'NONE',  ( 0.5135714285714283456, -0.6902906603707253952, -0.1301651217352673973 ) ) ;
#1424 = CARTESIAN_POINT ( 'NONE',  ( -0.8071428571428568288, -0.7407750943219351125, -0.2558096015379863197 ) ) ;
#1425 = EDGE_CURVE ( 'NONE', #2443, #710, #4317, .T. ) ;
#1426 = EDGE_CURVE ( 'NONE', #4528, #5152, #3516, .T. ) ;
#1427 = CARTESIAN_POINT ( 'NONE',  ( -0.9999999999999998890, -0.4199999999999999289, 0.4102867453090214278 ) ) ;
#1428 = CARTESIAN_POINT ( 'NONE',  ( 0.4649894772410781973, -0.2689142941617330695, 0.2621359097700891039 ) ) ;
#1429 = CARTESIAN_POINT ( 'NONE',  ( -0.6772362989154527835, -0.7106517692256083540, -0.07607395647038880937 ) ) ;
#1430 = CARTESIAN_POINT ( 'NONE',  ( 0.1357142857142856207, -0.8199999999999997291, 0.09129738975605987406 ) ) ;
#1431 = CARTESIAN_POINT ( 'NONE',  ( -0.4142857142857141461, -0.8199999999999997291, 0.09129738975605995732 ) ) ;
#1432 = ADVANCED_FACE ( 'NONE', ( #5019 ), #2835, .T. ) ;
#1433 = CARTESIAN_POINT ( 'NONE',  ( -1.049285714285714155, -0.3532437198131055389, 0.2924783736545468749 ) ) ;
#1434 = CARTESIAN_POINT ( 'NONE',  ( 0.9587300306731537658, -0.7200000033514760700, -0.03926988271885637621 ) ) ;
#1435 = CC_DESIGN_APPROVAL ( #650, ( #3753 ) ) ;
#1436 = CARTESIAN_POINT ( 'NONE',  ( 0.03763468644775640887, -0.2560739548979951707, 0.2512554476584566987 ) ) ;
#1437 = DIRECTION ( 'NONE',  ( -0.0000000000000000000, 0.0000000000000000000, -1.000000000000000000 ) ) ;
#1438 = DIRECTION ( 'NONE',  ( -1.268357997058408169E-16, 1.000000000000000000, 0.0000000000000000000 ) ) ;
#1439 = DIRECTION ( 'NONE',  ( 1.000000000000000000, 1.268357997058408169E-16, -0.0000000000000000000 ) ) ;
#1440 = DIRECTION ( 'NONE',  ( 0.0000000000000000000, 1.000000000000000000, 0.0000000000000000000 ) ) ;
#1441 = CARTESIAN_POINT ( 'NONE',  ( -0.03285714285714284172, -0.6605813207414512611, 0.1918572011534898369 ) ) ;
#1442 = ORIENTED_EDGE ( 'NONE', *, *, #4052, .T. ) ;
#1443 = CARTESIAN_POINT ( 'NONE',  ( -0.4785714285714284810, -0.5980167471650512656, -0.3696555844364370347 ) ) ;
#1444 = CARTESIAN_POINT ( 'NONE',  ( -0.3208905741751489349, -0.6007818815389145417, 0.2394621210636206921 ) ) ;
#1445 = CARTESIAN_POINT ( 'NONE',  ( 3.499999999999999112, -0.4199999999999995404, 0.0000000000000000000 ) ) ;
#1446 = CARTESIAN_POINT ( 'NONE',  ( 0.8321428571428567400, -0.1706040792565065856, 0.3127325929872118437 ) ) ;
#1447 = CARTESIAN_POINT ( 'NONE',  ( -0.4074339072709813325, -0.6091527853240384927, -0.2328550836977440752 ) ) ;
#1448 = CARTESIAN_POINT ( 'NONE',  ( -0.1775065732903155502, -0.2076895542751323320, -0.2119536113147439671 ) ) ;
#1449 = AXIS2_PLACEMENT_3D ( 'NONE', #3245, #4947, #5031 ) ;
#1450 = CARTESIAN_POINT ( 'NONE',  ( 0.9849999999999994316, -0.1200000000000000233, 0.0000000000000000000 ) ) ;
#1451 = CARTESIAN_POINT ( 'NONE',  ( 0.7357142857142854320, -0.8199999999999997291, 0.09129738975605987406 ) ) ;
#1452 = CARTESIAN_POINT ( 'NONE',  ( -0.6256212195339699855, -0.6237751341401231997, 0.2201737650251606448 ) ) ;
#1453 = CARTESIAN_POINT ( 'NONE',  ( -0.3933129790297960060, -0.6686884771155879870, -0.1677919395099063959 ) ) ;
#1454 = CARTESIAN_POINT ( 'NONE',  ( 0.2214285714285713358, -0.2419832528349484257, 0.3696555844364372012 ) ) ;
#1455 = CARTESIAN_POINT ( 'NONE',  ( 0.1087462931190500970, -0.6043640122281979110, 0.2399000556372620219 ) ) ;
#1456 = CARTESIAN_POINT ( 'NONE',  ( -0.9571428571428569620, -0.09922490567806467598, 0.2558096015379863752 ) ) ;
#1457 = CARTESIAN_POINT ( 'NONE',  ( 0.4712393576642702198, -0.2356359731462897844, 0.2399000443975033703 ) ) ;
#1458 = CARTESIAN_POINT ( 'NONE',  ( -0.6932134245242642656, -0.6690295961646322009, -0.1672851283450221271 ) ) ;
#1459 = CARTESIAN_POINT ( 'NONE',  ( 0.04999999999999994033, -0.4199999999999999289, -0.4102867453090214278 ) ) ;
#1460 = CARTESIAN_POINT ( 'NONE',  ( -0.2642857142857141795, -0.02000000000000005940, -0.09129738975606004059 ) ) ;
#1461 = CARTESIAN_POINT ( 'NONE',  ( 0.5462379227425757655, -0.1800999567263706080, -0.1843640283161278037 ) ) ;
#1462 = CARTESIAN_POINT ( 'NONE',  ( 0.6962350528991692045, -0.6599000410259505678, 0.1843640312408742488 ) ) ;
#1463 = CARTESIAN_POINT ( 'NONE',  ( 0.03813342366849205300, -0.2534648402690908853, 0.2495316622399975093 ) ) ;
#1464 = CARTESIAN_POINT ( 'NONE',  ( -0.8377724393445806772, -0.1535318356319944622, 0.1378258908129688376 ) ) ;
#1465 = ADVANCED_FACE ( 'NONE', ( #1603, #351 ), #5392, .T. ) ;
#1466 = EDGE_LOOP ( 'NONE', ( #258, #189, #471, #3243, #4794 ) ) ;
#1467 = DIRECTION ( 'NONE',  ( 0.0000000000000000000, 0.0000000000000000000, -1.000000000000000000 ) ) ;
#1468 = CARTESIAN_POINT ( 'NONE',  ( 0.06357142857142857040, -0.1497093396292742407, 0.1301651217352673418 ) ) ;
#1469 = ORIENTED_EDGE ( 'NONE', *, *, #1003, .F. ) ;
#1470 = CARTESIAN_POINT ( 'NONE',  ( 0.1707142857142856518, -0.4867562801868940969, -0.2924783736545468749 ) ) ;
#1471 = CARTESIAN_POINT ( 'NONE',  ( -1.135150602524065855, -0.1462753275323328828, 0.1227819000054020809 ) ) ;
#1472 = CARTESIAN_POINT ( 'NONE',  ( 1.164285714285713480, -0.02000000000000005940, 0.09129738975606004059 ) ) ;
#1473 = CARTESIAN_POINT ( 'NONE',  ( -0.4118775374249993293, -0.5864777286944133916, -0.2495699642632323301 ) ) ;
#1474 = CARTESIAN_POINT ( 'NONE',  ( -0.1598998354113687348, -0.2984728661764061708, -0.2742967561376691288 ) ) ;
#1475 =( BOUNDED_SURFACE ( )  B_SPLINE_SURFACE ( 1, 2, ( 
 ( #3218, #961, #1874, #5347, #2790, #1421, #3551, #2256, #1843, #4471, #4499, #5257, #3187, #150, #2736, #4921, #992, #3581, #2315, #5290, #1049, #567, #1927, #1454, #623, #1022, #3129, #2369, #3635, #2762, #4022, #4836, #3160, #4806, #4444, #3609, #594, #3518, #5316, #2341, #2710, #1510, #652, #4078, #4416, #3964, #2287, #1810, #1481, #3996, #537, #5225, #2679, #1387, #3099, #4050, #4867, #176, #4386, #1900, #4892, #204, #4409, #1067, #530, #4911, #4069, #3987, #2279, #2249, #2781, #2332, #1834, #4936, #1946, #5308, #5282, #1414, #3544, #3626, #1446, #142, #168, #2808, #1015, #642, #4490, #4463, #1093, #2359, #586, #984, #222, #2703, #3654, #2307, #5250, #559, #1040, #4041, #613, #4437, #4015, #195, #1866, #5365, #3122, #1892, #3957, #1528, #4829, #1472, #1918, #3573, #3208, #111, #1501, #5337, #3233, #3152, #3180, #4860, #2729, #4885, #3602, #2753, #2836, #2861, #4544, #1227, #4200, #1604, #3681 ),
 ( #4123, #326, #1201, #3756, #5071, #3262, #4963, #273, #4623, #1993, #1554, #3342, #5047, #1116, #2046, #724, #352, #5474, #701, #3704, #3369, #2073, #3727, #5418, #5393, #250, #1631, #1577, #3288, #4147, #4517, #4991, #776, #2914, #2889, #675, #2487, #4570, #2411, #3785, #1145, #5500, #2435, #1971, #299, #5020, #2460, #4595, #2018, #5445, #4173, #3315, #1655, #1175, #750, #2386, #4098, #1682, #3871, #886, #4226, #48, #802, #3897, #4730, #4760, #378, #22, #1256, #3424, #1738, #3920, #4675, #2968, #1285, #829, #5205, #2632, #3450, #2098, #3026, #913, #75, #408, #3501, #4702, #2543, #3814, #1793, #5149, #466, #4341, #491, #4314, #4255, #2515, #2940, #2211, #4648, #5527, #2603, #3395, #1313, #5096, #2129, #2997, #3843, #5556, #1711, #5123, #858, #2572, #1765, #4283, #438, #2185, #2158, #3476, #5178, #1341, #3054, #549, #1403, #1857, #3532, #3143, #3112, #5273, #2692, #520, #576, #4849, #3564 ) ),
 .UNSPECIFIED., .F., .F., .F. ) 
 B_SPLINE_SURFACE_WITH_KNOTS ( ( 2, 2 ),
 ( 3, 2, 2, 2, 2, 2, 2, 2, 2, 2, 2, 2, 2, 2, 2, 2, 2, 2, 2, 2, 2, 2, 2, 2, 2, 2, 2, 2, 2, 2, 2, 2, 2, 2, 2, 2, 2, 2, 2, 2, 2, 2, 2, 2, 2, 2, 2, 2, 2, 2, 2, 2, 2, 2, 2, 2, 2, 2, 2, 2, 2, 2, 2, 2, 2, 2, 3 ),
 ( 0.0000000000000000000, 1.000000000000000000 ),
 ( 0.0000000000000000000, 0.01428571428571428527, 0.02857142857142857054, 0.04285714285714285754, 0.05714285714285714107, 0.07142857142857142461, 0.08571428571428571508, 0.1000000000000000056, 0.1142857142857142821, 0.1285714285714285587, 0.1428571428571428492, 0.1571428571428571397, 0.1714285714285714302, 0.1857142857142857206, 0.2000000000000000111, 0.2142857142857142738, 0.2285714285714285643, 0.2428571428571428548, 0.2571428571428571175, 0.2714285714285714080, 0.2857142857142856984, 0.2999999999999999889, 0.3142857142857142794, 0.3285714285714285698, 0.3428571428571428603, 0.3571428571428571508, 0.3714285714285714413, 0.3857142857142857317, 0.4000000000000000222, 0.4142857142857143127, 0.4285714285714285476, 0.4428571428571428381, 0.4571428571428571286, 0.4714285714285714191, 0.4857142857142857095, 0.5000000000000000000, 0.5142857142857142350, 0.5285714285714285809, 0.5428571428571428159, 0.5571428571428571619, 0.5714285714285713969, 0.5857142857142857428, 0.5999999999999999778, 0.6142857142857143238, 0.6285714285714285587, 0.6428571428571429047, 0.6571428571428571397, 0.6714285714285713746, 0.6857142857142857206, 0.6999999999999999556, 0.7142857142857143016, 0.7285714285714285365, 0.7428571428571428825, 0.7571428571428571175, 0.7714285714285714635, 0.7857142857142856984, 0.8000000000000000444, 0.8142857142857142794, 0.8285714285714286254, 0.8428571428571428603, 0.8571428571428570953, 0.8714285714285714413, 0.8857142857142856762, 0.9000000000000000222, 0.9142857142857142572, 0.9285714285714286031, 0.9333424783261365931 ),
 .UNSPECIFIED. ) 
 GEOMETRIC_REPRESENTATION_ITEM ( )  RATIONAL_B_SPLINE_SURFACE ( (
 ( 1.000000000000000000, 0.9749279121818236193, 1.000000000000000000, 0.9749279121818236193, 1.000000000000000000, 0.9749279121818236193, 1.000000000000000000, 0.9749279121818236193, 1.000000000000000000, 0.9749279121818236193, 1.000000000000000000, 0.9749279121818236193, 1.000000000000000000, 0.9749279121818236193, 1.000000000000000000, 0.9749279121818236193, 1.000000000000000000, 0.9749279121818236193, 1.000000000000000000, 0.9749279121818236193, 1.000000000000000000, 0.9749279121818236193, 1.000000000000000000, 0.9749279121818236193, 1.000000000000000000, 0.9749279121818236193, 1.000000000000000000, 0.9749279121818236193, 1.000000000000000000, 0.9749279121818236193, 1.000000000000000000, 0.9749279121818236193, 1.000000000000000000, 0.9749279121818236193, 1.000000000000000000, 0.9749279121818236193, 1.000000000000000000, 0.9749279121818236193, 1.000000000000000000, 0.9749279121818236193, 1.000000000000000000, 0.9749279121818236193, 1.000000000000000000, 0.9749279121818236193, 1.000000000000000000, 0.9749279121818236193, 1.000000000000000000, 0.9749279121818236193, 1.000000000000000000, 0.9749279121818236193, 1.000000000000000000, 0.9749279121818236193, 1.000000000000000000, 0.9749279121818236193, 1.000000000000000000, 0.9749279121818236193, 1.000000000000000000, 0.9749279121818236193, 1.000000000000000000, 0.9749279121818236193, 1.000000000000000000, 0.9749279121818236193, 1.000000000000000000, 0.9749279121818236193, 1.000000000000000000, 0.9749279121818236193, 1.000000000000000000, 0.9749279121818236193, 1.000000000000000000, 0.9749279121818236193, 1.000000000000000000, 0.9749279121818236193, 1.000000000000000000, 0.9749279121818236193, 1.000000000000000000, 0.9749279121818236193, 1.000000000000000000, 0.9749279121818236193, 1.000000000000000000, 0.9749279121818236193, 1.000000000000000000, 0.9749279121818236193, 1.000000000000000000, 0.9749279121818236193, 1.000000000000000000, 0.9749279121818236193, 1.000000000000000000, 0.9749279121818236193, 1.000000000000000000, 0.9749279121818236193, 1.000000000000000000, 0.9749279121818236193, 1.000000000000000000, 0.9749279121818236193, 1.000000000000000000, 0.9749279121818236193, 1.000000000000000000, 0.9749279121818236193, 1.000000000000000000, 0.9749279121818236193, 1.000000000000000000, 0.9749279121818236193, 1.000000000000000000, 0.9749279121818236193, 1.000000000000000000, 0.9749279121818236193, 1.000000000000000000, 0.9749279121818236193, 1.000000000000000000, 0.9749279121818236193, 1.000000000000000000, 0.9749279121818236193, 1.000000000000000000, 0.9749279121818236193, 1.000000000000000000, 0.9749279121818236193, 1.000000000000000000, 0.9749279121818236193, 1.000000000000000000, 0.9749279121818236193, 1.000000000000000000, 0.9749279121818236193, 1.000000000000000000, 0.9749279121818236193, 1.000000000000000000, 0.9749279121818236193, 1.000000000000000000, 0.9749279121818236193, 1.000000000000000000, 0.9749279121818236193, 1.000000000000000000, 0.9916265875095551241, 0.9888461704843150013),
 ( 1.000000000000000000, 0.9749279121818236193, 1.000000000000000000, 0.9749279121818236193, 1.000000000000000000, 0.9749279121818236193, 1.000000000000000000, 0.9749279121818236193, 1.000000000000000000, 0.9749279121818236193, 1.000000000000000000, 0.9749279121818236193, 1.000000000000000000, 0.9749279121818236193, 1.000000000000000000, 0.9749279121818236193, 1.000000000000000000, 0.9749279121818236193, 1.000000000000000000, 0.9749279121818236193, 1.000000000000000000, 0.9749279121818236193, 1.000000000000000000, 0.9749279121818236193, 1.000000000000000000, 0.9749279121818236193, 1.000000000000000000, 0.9749279121818236193, 1.000000000000000000, 0.9749279121818236193, 1.000000000000000000, 0.9749279121818236193, 1.000000000000000000, 0.9749279121818236193, 1.000000000000000000, 0.9749279121818236193, 1.000000000000000000, 0.9749279121818236193, 1.000000000000000000, 0.9749279121818236193, 1.000000000000000000, 0.9749279121818236193, 1.000000000000000000, 0.9749279121818236193, 1.000000000000000000, 0.9749279121818236193, 1.000000000000000000, 0.9749279121818236193, 1.000000000000000000, 0.9749279121818236193, 1.000000000000000000, 0.9749279121818236193, 1.000000000000000000, 0.9749279121818236193, 1.000000000000000000, 0.9749279121818236193, 1.000000000000000000, 0.9749279121818236193, 1.000000000000000000, 0.9749279121818236193, 1.000000000000000000, 0.9749279121818236193, 1.000000000000000000, 0.9749279121818236193, 1.000000000000000000, 0.9749279121818236193, 1.000000000000000000, 0.9749279121818236193, 1.000000000000000000, 0.9749279121818236193, 1.000000000000000000, 0.9749279121818236193, 1.000000000000000000, 0.9749279121818236193, 1.000000000000000000, 0.9749279121818236193, 1.000000000000000000, 0.9749279121818236193, 1.000000000000000000, 0.9749279121818236193, 1.000000000000000000, 0.9749279121818236193, 1.000000000000000000, 0.9749279121818236193, 1.000000000000000000, 0.9749279121818236193, 1.000000000000000000, 0.9749279121818236193, 1.000000000000000000, 0.9749279121818236193, 1.000000000000000000, 0.9749279121818236193, 1.000000000000000000, 0.9749279121818236193, 1.000000000000000000, 0.9749279121818236193, 1.000000000000000000, 0.9749279121818236193, 1.000000000000000000, 0.9749279121818236193, 1.000000000000000000, 0.9749279121818236193, 1.000000000000000000, 0.9749279121818236193, 1.000000000000000000, 0.9749279121818236193, 1.000000000000000000, 0.9749279121818236193, 1.000000000000000000, 0.9749279121818236193, 1.000000000000000000, 0.9749279121818236193, 1.000000000000000000, 0.9749279121818236193, 1.000000000000000000, 0.9749279121818236193, 1.000000000000000000, 0.9749279121818236193, 1.000000000000000000, 0.9749279121818236193, 1.000000000000000000, 0.9749279121818236193, 1.000000000000000000, 0.9749279121818236193, 1.000000000000000000, 0.9749279121818236193, 1.000000000000000000, 0.9749279121818236193, 1.000000000000000000, 0.9749279121818236193, 1.000000000000000000, 0.9916265875095551241, 0.9888461704843150013) ) ) 
 REPRESENTATION_ITEM ( '' )  SURFACE ( )  );
#1476 = CLOSED_SHELL ( 'NONE', ( #1353, #4980, #5176, #5400, #3474, #1496, #1797, #4154, #3537, #4119, #340, #1593, #3584, #3826, #654, #2576, #5219, #1937, #1768, #3277, #1727, #4988, #1280, #4734, #2585, #1235, #864, #73, #1628, #2230, #4058, #2140, #1432, #2950, #2348, #1465, #3998, #5182, #66, #2832, #83, #2957, #1838, #3818, #1790, #2503, #669, #5145, #405 ) ) ;
#1477 = CARTESIAN_POINT ( 'NONE',  ( 1.467142857142856416, -0.6605813207414512611, 0.1918572011534897537 ) ) ;
#1478 = CARTESIAN_POINT ( 'NONE',  ( 0.3714285714285711637, -0.5980167471650512656, -0.3696555844364371457 ) ) ;
#1479 = CARTESIAN_POINT ( 'NONE',  ( 0.8350007922890173573, -0.7199999999999530109, 1.177164345732216122E-07 ) ) ;
#1480 = CARTESIAN_POINT ( 'NONE',  ( -0.3704074734128535162, -0.7190560380700029564, -0.03434259905467845070 ) ) ;
#1481 = CARTESIAN_POINT ( 'NONE',  ( 0.4892857142857139907, -0.5090083735825255973, 0.3899711648727292590 ) ) ;
#1482 = DIRECTION ( 'NONE',  ( 1.000000000000000000, -1.149767674101120973E-16, 0.0000000000000000000 ) ) ;
#1483 = CARTESIAN_POINT ( 'NONE',  ( -0.8392857142857140795, -0.5090083735825255973, -0.3899711648727292590 ) ) ;
#1484 =( BOUNDED_CURVE ( )  B_SPLINE_CURVE ( 2, ( #5541, #3408, #1694, #2617, #3855, #2556, #9, #4327, #1723, #3436, #5135, #3884, #1297, #478, #3011, #4715, #872, #4298, #34, #200, #591, #534, #5222, #1923, #3514, #2337, #3631, #3933, #504, #2284, #4916, #3214, #4833, #2224, #4864, #2311, #1870, #1478, #88, #1840, #2253, #2733, #1073, #5343, #3548, #958, #5254, #989, #3961, #115, #1383, #1506, #3096, #4046, #2786, #1807, #4803, #3993, #2676, #4383, #2707, #1418, #3126, #1045, #4413, #4889, #564, #146, #3578, #5287, #173, #1451, #3157, #1019, #4441, #4019, #1896, #3606, #5313, #3184, #2757, #4467, #619, #5371, #228, #4074, #4997, #4151, #1609, #4102, #4129, #2894, #277, #647, #681, #3348, #1950, #3660, #1582, #1533, #254, #1149, #3238, #2841, #2364, #4941, #3708, #1096, #4574, #2813, #5423, #2439, #4524, #3320, #2391, #5451, #728 ),
 .UNSPECIFIED., .F., .T. ) 
 B_SPLINE_CURVE_WITH_KNOTS ( ( 3, 2, 2, 2, 2, 2, 2, 2, 2, 2, 2, 2, 2, 2, 2, 2, 2, 2, 2, 2, 2, 2, 2, 2, 2, 2, 2, 2, 2, 2, 2, 2, 2, 2, 2, 2, 2, 2, 2, 2, 2, 2, 2, 2, 2, 2, 2, 2, 2, 2, 2, 2, 2, 2, 2, 2, 2, 2, 3 ),
 ( 0.0000000000000000000, 0.01428571428571428527, 0.02857142857142857054, 0.04285714285714285754, 0.05714285714285714107, 0.07142857142857142461, 0.08571428571428571508, 0.1000000000000000056, 0.1142857142857142821, 0.1285714285714285587, 0.1428571428571428492, 0.1571428571428571397, 0.1714285714285714302, 0.1857142857142856929, 0.2000000000000000111, 0.2142857142857142738, 0.2285714285714285643, 0.2428571428571428548, 0.2571428571428571175, 0.2714285714285714080, 0.2857142857142856984, 0.2999999999999999889, 0.3142857142857142794, 0.3285714285714285698, 0.3428571428571428603, 0.3571428571428572063, 0.3714285714285713857, 0.3857142857142857317, 0.4000000000000000222, 0.4142857142857143127, 0.4285714285714285476, 0.4428571428571428381, 0.4571428571428571286, 0.4714285714285714191, 0.4857142857142857095, 0.5000000000000000000, 0.5142857142857142350, 0.5285714285714285809, 0.5428571428571428159, 0.5571428571428571619, 0.5714285714285713969, 0.5857142857142857428, 0.5999999999999999778, 0.6142857142857143238, 0.6285714285714285587, 0.6428571428571429047, 0.6571428571428571397, 0.6714285714285713746, 0.6857142857142857206, 0.6999999999999999556, 0.7142857142857144126, 0.7285714285714285365, 0.7428571428571427715, 0.7571428571428571175, 0.7714285714285714635, 0.7857142857142856984, 0.8000000000000000444, 0.8142857142857142794, 0.8233111137740106722 ),
 .UNSPECIFIED. ) 
 CURVE ( )  GEOMETRIC_REPRESENTATION_ITEM ( )  RATIONAL_B_SPLINE_CURVE ( ( 1.000000000000000000, 0.9749279121818236193, 1.000000000000000000, 0.9749279121818236193, 1.000000000000000000, 0.9749279121818236193, 1.000000000000000000, 0.9749279121818236193, 1.000000000000000000, 0.9749279121818236193, 1.000000000000000000, 0.9749279121818236193, 1.000000000000000000, 0.9749279121818236193, 1.000000000000000000, 0.9749279121818236193, 1.000000000000000000, 0.9749279121818236193, 1.000000000000000000, 0.9749279121818236193, 1.000000000000000000, 0.9749279121818236193, 1.000000000000000000, 0.9749279121818236193, 1.000000000000000000, 0.9749279121818236193, 1.000000000000000000, 0.9749279121818236193, 1.000000000000000000, 0.9749279121818236193, 1.000000000000000000, 0.9749279121818236193, 1.000000000000000000, 0.9749279121818236193, 1.000000000000000000, 0.9749279121818236193, 1.000000000000000000, 0.9749279121818236193, 1.000000000000000000, 0.9749279121818236193, 1.000000000000000000, 0.9749279121818236193, 1.000000000000000000, 0.9749279121818236193, 1.000000000000000000, 0.9749279121818236193, 1.000000000000000000, 0.9749279121818236193, 1.000000000000000000, 0.9749279121818236193, 1.000000000000000000, 0.9749279121818236193, 1.000000000000000000, 0.9749279121818236193, 1.000000000000000000, 0.9749279121818236193, 1.000000000000000000, 0.9749279121818236193, 1.000000000000000000, 0.9749279121818236193, 1.000000000000000000, 0.9749279121818236193, 1.000000000000000000, 0.9749279121818236193, 1.000000000000000000, 0.9749279121818236193, 1.000000000000000000, 0.9749279121818236193, 1.000000000000000000, 0.9749279121818236193, 1.000000000000000000, 0.9749279121818236193, 1.000000000000000000, 0.9749279121818236193, 1.000000000000000000, 0.9749279121818236193, 1.000000000000000000, 0.9749279121818236193, 1.000000000000000000, 0.9749279121818236193, 1.000000000000000000, 0.9749279121818236193, 1.000000000000000000, 0.9749279121818236193, 1.000000000000000000, 0.9749279121818236193, 1.000000000000000000, 0.9749279121818236193, 1.000000000000000000, 0.9749279121818236193, 1.000000000000000000, 0.9749279121818236193, 1.000000000000000000, 0.9749279121818236193, 1.000000000000000000, 0.9749279121818236193, 1.000000000000000000, 0.9749279121818236193, 1.000000000000000000, 0.9749279121818236193, 1.000000000000000000, 0.9749279121818236193, 1.000000000000000000, 0.9749279121818236193, 1.000000000000000000, 0.9749279121818236193, 1.000000000000000000, 0.9749279121818236193, 1.000000000000000000, 0.9749279121818236193, 1.000000000000000000, 0.9749279121818236193, 1.000000000000000000, 0.9749279121818236193, 1.000000000000000000, 0.9841600074004717147, 0.9883347313552794944 ) ) 
 REPRESENTATION_ITEM ( '' )  );
#1485 = CARTESIAN_POINT ( 'NONE',  ( 1.160714285714284921, -0.3309916264174742051, 0.3899711648727292590 ) ) ;
#1486 = CARTESIAN_POINT ( 'NONE',  ( -0.7058186435200732856, -0.6170398436022149768, -0.2262744014149542793 ) ) ;
#1487 = CARTESIAN_POINT ( 'NONE',  ( 1.164285714285713480, -0.02000000000000005940, 0.09129738975606004059 ) ) ;
#1488 = CARTESIAN_POINT ( 'NONE',  ( -0.3392857142857141906, -0.3309916264174740386, 0.3899711648727292590 ) ) ;
#1489 = CARTESIAN_POINT ( 'NONE',  ( -1.231428571428571761, -0.2864874396262113709, -0.2772416883273278732 ) ) ;
#1490 = CARTESIAN_POINT ( 'NONE',  ( 0.6649926553210431246, -0.7199999999960617902, -1.077744577749732467E-06 ) ) ;
#1491 = CARTESIAN_POINT ( 'NONE',  ( 0.02765535082196566435, -0.3114186777804411888, 0.2796730125831615732 ) ) ;
#1492 = CARTESIAN_POINT ( 'NONE',  ( -0.8999925300126296879, -0.4822593189958672699, 0.2934685605771188421 ) ) ;
#1493 = CARTESIAN_POINT ( 'NONE',  ( 0.3035714285714284366, -0.05961245283903235381, 0.1735534956470232704 ) ) ;
#1494 = FACE_OUTER_BOUND ( 'NONE', #4577, .T. ) ;
#1495 = CARTESIAN_POINT ( 'NONE',  ( -0.3035714285714285476, -0.05961245283903235381, -0.1735534956470232704 ) ) ;
#1496 = ADVANCED_FACE ( 'NONE', ( #1553 ), #1115, .T. ) ;
#1497 = CARTESIAN_POINT ( 'NONE',  ( 0.2837429449684826244, -0.3807301008225772443, -0.3000000011970586078 ) ) ;
#1498 = VERTEX_POINT ( 'NONE', #2434 ) ;
#1499 = CARTESIAN_POINT ( 'NONE',  ( -0.3314075440405839790, -0.6488076744064045220, 0.1940901933605123364 ) ) ;
#1500 = CARTESIAN_POINT ( 'NONE',  ( 0.2178571428571427493, -0.6693959207434931891, 0.3127325929872117327 ) ) ;
#1501 = CARTESIAN_POINT ( 'NONE',  ( 1.217857142857142305, -0.1706040792565065023, -0.3127325929872117327 ) ) ;
#1502 = CARTESIAN_POINT ( 'NONE',  ( -0.4447202638033211919, -0.3905702024864793342, -0.2985931046018532875 ) ) ;
#1503 = CARTESIAN_POINT ( 'NONE',  ( -0.1678087316108834715, -0.2551638204862280990, -0.2506663728680001424 ) ) ;
#1504 = ORIENTED_EDGE ( 'NONE', *, *, #662, .T. ) ;
#1505 = CARTESIAN_POINT ( 'NONE',  ( 0.02500000000000000139, -0.01999999999999999001, 0.0000000000000000000 ) ) ;
#1506 = CARTESIAN_POINT ( 'NONE',  ( 0.5214285714285711304, -0.2419832528349484535, 0.3696555844364372012 ) ) ;
#1507 = CARTESIAN_POINT ( 'NONE',  ( -0.2245069440855432252, -0.1259392718962404067, 0.05940157814097232064 ) ) ;
#1508 = CARTESIAN_POINT ( 'NONE',  ( -1.017728380766111940, -0.5550045382276481698, -0.2681410663317178034 ) ) ;
#1509 = CARTESIAN_POINT ( 'NONE',  ( -0.9898564066070628664, -0.6801911202092877362, -0.1494276577229307623 ) ) ;
#1510 = CARTESIAN_POINT ( 'NONE',  ( 0.4142857142857140351, -0.8199999999999997291, -0.09129738975605995732 ) ) ;
#1511 = CARTESIAN_POINT ( 'NONE',  ( -2.311999999999999389, 0.009999999999999892655, 0.06250000000000000000 ) ) ;
#1512 = CARTESIAN_POINT ( 'NONE',  ( -0.3249999999999999556, -0.01999999999999999001, 0.0000000000000000000 ) ) ;
#1513 = CARTESIAN_POINT ( 'NONE',  ( 0.3712412708931904781, -0.7199999985635400224, 0.03926991929601662823 ) ) ;
#1514 = CARTESIAN_POINT ( 'NONE',  ( -0.7224700111425160776, -0.5278530606818608861, -0.2799427121447650713 ) ) ;
#1515 = CARTESIAN_POINT ( 'NONE',  ( 0.8107142857142851655, -0.3309916264174742051, 0.3899711648727292590 ) ) ;
#1516 = CARTESIAN_POINT ( 'NONE',  ( -0.9285714285714283811, -0.2419832528349483425, 0.3696555844364371457 ) ) ;
#1517 = CARTESIAN_POINT ( 'NONE',  ( 0.6524858899368328746, -0.7121918077262148206, -0.07852434779943041898 ) ) ;
#1518 = CARTESIAN_POINT ( 'NONE',  ( 0.7712336179774564870, -0.2356359672967981711, 0.2399000399021465335 ) ) ;
#1519 = B_SPLINE_CURVE_WITH_KNOTS ( 'NONE', 3,
 ( #3352, #3616, #5457, #4607, #1461, #4030, #4899, #632, #759, #3643, #2349, #3167, #2056, #4059, #212, #1517, #5032, #4451 ),
 .UNSPECIFIED., .F., .F.,
 ( 4, 2, 2, 2, 2, 2, 2, 2, 4 ),
 ( 0.4285713143883493337, 0.4419641679629802145, 0.4553570215376110952, 0.4687498751122419205, 0.4821427286868728013, 0.4955355822615036820, 0.5089284358361345628, 0.5223212894107653881, 0.5357141429853963244 ),
 .UNSPECIFIED. ) ;
#1520 = ORIENTED_EDGE ( 'NONE', *, *, #2922, .F. ) ;
#1521 = CARTESIAN_POINT ( 'NONE',  ( 0.04259548514585474732, -0.2307017296020476282, 0.2327368497887273013 ) ) ;
#1522 = CARTESIAN_POINT ( 'NONE',  ( -0.8759963489106946666, -0.3330740957858434048, 0.2871304772599143074 ) ) ;
#1523 = CARTESIAN_POINT ( 'NONE',  ( 0.7321428571428566512, -0.6693959207434930780, -0.3127325929872118437 ) ) ;
#1524 = CARTESIAN_POINT ( 'NONE',  ( -0.5928571428571411950, -0.09922490567806474537, -0.2558096015379864863 ) ) ;
#1525 = ORIENTED_EDGE ( 'NONE', *, *, #3650, .T. ) ;
#1526 = CARTESIAN_POINT ( 'NONE',  ( -0.3369171785929566676, -0.6694862039246967100, 0.1666032936193779790 ) ) ;
#1527 = CARTESIAN_POINT ( 'NONE',  ( 0.2392857142857141850, -0.5090083735825255973, 0.3899711648727292590 ) ) ;
#1528 = CARTESIAN_POINT ( 'NONE',  ( 1.142857142857142350, -0.09922490567806474537, 0.2558096015379864308 ) ) ;
#1529 = CARTESIAN_POINT ( 'NONE',  ( -0.4743981430150563394, -0.2219340313730950864, -0.2253507216771632182 ) ) ;
#1530 = CARTESIAN_POINT ( 'NONE',  ( -0.6849998987872469858, -0.1199999999999999956, -6.468322106880966897E-07 ) ) ;
#1531 = ORIENTED_EDGE ( 'NONE', *, *, #421, .T. ) ;
#1532 = CARTESIAN_POINT ( 'NONE',  ( 0.6785714285714281591, -0.2419832528349483425, -0.3696555844364371457 ) ) ;
#1533 = CARTESIAN_POINT ( 'NONE',  ( 1.035714285714285365, -0.8199999999999997291, 0.09129738975605987406 ) ) ;
#1534 = CARTESIAN_POINT ( 'NONE',  ( -0.2273828996142084613, -0.1299966437965816846, 0.07686934439519470252 ) ) ;
#1535 = CARTESIAN_POINT ( 'NONE',  ( -1.028715781154046160, -0.4902879147553698691, -0.2916597589574247418 ) ) ;
#1536 = CARTESIAN_POINT ( 'NONE',  ( -0.9955467617468792829, -0.6606325524852059150, -0.1791757668006294102 ) ) ;
#1537 = VERTEX_POINT ( 'NONE', #3784 ) ;
#1538 = CARTESIAN_POINT ( 'NONE',  ( 1.210000000000000409, -0.2707226893517208355, 0.3022090656871794789 ) ) ;
#1539 = CARTESIAN_POINT ( 'NONE',  ( -0.8349999999999999645, -0.7199999999999997513, 3.673940397442057649E-17 ) ) ;
#1540 = CARTESIAN_POINT ( 'NONE',  ( 1.209999999999999964, -0.1000738761003230476, -0.2407301542541250838 ) ) ;
#1541 = CARTESIAN_POINT ( 'NONE',  ( -0.7319974798472802524, -0.4698604871768145563, -0.2958304262634445791 ) ) ;
#1542 = CARTESIAN_POINT ( 'NONE',  ( 1.110714285714285099, -0.3309916264174742051, 0.3899711648727292590 ) ) ;
#1543 = CARTESIAN_POINT ( 'NONE',  ( -0.6821428571428569398, -0.6693959207434930780, 0.3127325929872118437 ) ) ;
#1544 = CARTESIAN_POINT ( 'NONE',  ( 1.124285714280594206, -0.7199999999858041067, -0.06847304234652236421 ) ) ;
#1545 = CARTESIAN_POINT ( 'NONE',  ( -0.7035714285714284033, -0.7803875471609672543, 0.1735534956470232149 ) ) ;
#1546 = CARTESIAN_POINT ( 'NONE',  ( -0.01449216150199041445, -0.5671579707791795100, 0.2614743367230693560 ) ) ;
#1547 = CARTESIAN_POINT ( 'NONE',  ( -0.8931497654411195697, -0.4396178873351009875, 0.2995191287887730702 ) ) ;
#1548 = CARTESIAN_POINT ( 'NONE',  ( 0.7535714285714281147, -0.7803875471609672543, -0.1735534956470232149 ) ) ;
#1549 = CARTESIAN_POINT ( 'NONE',  ( -0.3571428571428555965, -0.09922490567806467598, 0.2558096015379863752 ) ) ;
#1550 = EDGE_LOOP ( 'NONE', ( #4093, #1260, #1319, #4094 ) ) ;
#1551 = CARTESIAN_POINT ( 'NONE',  ( -0.3382565391638023278, -0.6740462026885384317, 0.1595709208522732014 ) ) ;
#1552 = CARTESIAN_POINT ( 'NONE',  ( 3.499999999999999112, -0.4199999999999995404, 0.1999999999999989009 ) ) ;
#1553 = FACE_OUTER_BOUND ( 'NONE', #1230, .T. ) ;
#1554 = CARTESIAN_POINT ( 'NONE',  ( 0.02214285714285710652, -0.6070469405576197630, -0.2345494447404088134 ) ) ;
#1555 = CARTESIAN_POINT ( 'NONE',  ( -0.4510371423007360492, -0.3512711972202647304, -0.2920467895981149753 ) ) ;
#1556 = DIRECTION ( 'NONE',  ( -1.000000000000000000, -1.268357997058408169E-16, 0.0000000000000000000 ) ) ;
#1557 = CARTESIAN_POINT ( 'NONE',  ( 0.7535714285714281147, -0.7803875471609672543, -0.1735534956470232149 ) ) ;
#1558 = CARTESIAN_POINT ( 'NONE',  ( -0.07059133206871170962, -0.7180789642014603347, -0.03527850481737828531 ) ) ;
#1559 = CARTESIAN_POINT ( 'NONE',  ( 0.9528571428571425139, -0.1794186792585485968, 0.1918572011534898369 ) ) ;
#1560 = CARTESIAN_POINT ( 'NONE',  ( -1.056595795871625221, -0.3176177422226264535, -0.2820003452012618261 ) ) ;
#1561 = CARTESIAN_POINT ( 'NONE',  ( -1.013477426362298761, -0.5780275038551602185, -0.2550443754879631042 ) ) ;
#1562 = ORIENTED_EDGE ( 'NONE', *, *, #5220, .T. ) ;
#1563 = CARTESIAN_POINT ( 'NONE',  ( 0.1337458148118273182, -0.4592699028352726365, 0.3000000007182481165 ) ) ;
#1564 = CARTESIAN_POINT ( 'NONE',  ( 3.499999999999999112, -0.7199999999999994182, 3.673940397442057649E-17 ) ) ;
#1565 = CARTESIAN_POINT ( 'NONE',  ( -0.7267197021553445380, -0.5025602233412975739, -0.2884175253058810506 ) ) ;
#1566 = CARTESIAN_POINT ( 'NONE',  ( 1.382032824443803820, -0.5690672373850760302, 0.3758156674708491574 ) ) ;
#1567 = CARTESIAN_POINT ( 'NONE',  ( -1.142857142857142794, -0.09922490567806474537, -0.2558096015379864308 ) ) ;
#1568 = CARTESIAN_POINT ( 'NONE',  ( -0.5792273555292629661, -0.3528451776255442929, 0.2924486577003613252 ) ) ;
#1569 = CARTESIAN_POINT ( 'NONE',  ( -1.046428571428571264, -0.7803875471609674763, -0.1735534956470231316 ) ) ;
#1570 = CARTESIAN_POINT ( 'NONE',  ( -0.01037621146093502776, -0.5442370359679310488, 0.2730732027638843040 ) ) ;
#1571 = CARTESIAN_POINT ( 'NONE',  ( -0.8761177053824906746, -0.3338125077042187194, 0.2873532368646983803 ) ) ;
#1572 = CARTESIAN_POINT ( 'NONE',  ( 0.6785714285714281591, -0.2419832528349483425, -0.3696555844364371457 ) ) ;
#1573 = CARTESIAN_POINT ( 'NONE',  ( -0.1642857142857127584, -0.8199999999999997291, 0.09129738975605997120 ) ) ;
#1574 = VERTEX_POINT ( 'NONE', #1992 ) ;
#1575 = CARTESIAN_POINT ( 'NONE',  ( 0.1171428571428571042, -0.1794186792585485413, -0.1918572011534897814 ) ) ;
#1576 = CARTESIAN_POINT ( 'NONE',  ( 3.499999999999999112, -0.4199999999999995404, 0.0000000000000000000 ) ) ;
#1577 = CARTESIAN_POINT ( 'NONE',  ( 0.2042857142857141539, -0.1200000000000000788, 0.06847304231704502697 ) ) ;
#1578 = CARTESIAN_POINT ( 'NONE',  ( -0.4587618793929554850, -0.3050043056310908773, -0.2770848130928662556 ) ) ;
#1579 = DIRECTION ( 'NONE',  ( 1.268357997058408169E-16, -1.000000000000000000, 0.0000000000000000000 ) ) ;
#1580 = ADVANCED_BREP_SHAPE_REPRESENTATION ( 'Input shaft', ( #2188, #4025 ), #3312 ) ;
#1581 = CARTESIAN_POINT ( 'NONE',  ( 0.4107142857142855319, -0.5090083735825254863, -0.3899711648727292590 ) ) ;
#1582 = CARTESIAN_POINT ( 'NONE',  ( 1.024999999999999245, -0.8199999999999997291, -4.898587196589411226E-17 ) ) ;
#1583 = CARTESIAN_POINT ( 'NONE',  ( 2.142068666404902011, -0.1733771874603198537, -0.04229586244137577972 ) ) ;
#1584 = CARTESIAN_POINT ( 'NONE',  ( -1.066859101833558032, -0.2601488547088408043, -0.2538803894872054823 ) ) ;
#1585 = ORIENTED_EDGE ( 'NONE', *, *, #4287, .T. ) ;
#1586 = CARTESIAN_POINT ( 'NONE',  ( -0.3849999493936474559, -0.1199999999999999956, -3.234159520530735495E-07 ) ) ;
#1587 = ORIENTED_EDGE ( 'NONE', *, *, #2650, .T. ) ;
#1588 = CARTESIAN_POINT ( 'NONE',  ( 0.1064285714285714002, -0.1497093396292742407, -0.1301651217352673418 ) ) ;
#1589 = CARTESIAN_POINT ( 'NONE',  ( -0.5295863800032298840, -0.1338329270664114501, 0.09006121841287481611 ) ) ;
#1590 = CARTESIAN_POINT ( 'NONE',  ( -0.7602209512108933920, -0.2966532679874239187, -0.2734739923320654853 ) ) ;
#1591 = CARTESIAN_POINT ( 'NONE',  ( 1.260714285714285010, -0.5090083735825254863, -0.3899711648727292590 ) ) ;
#1592 = CARTESIAN_POINT ( 'NONE',  ( -0.7571428571428568954, -0.7407750943219351125, -0.2558096015379863197 ) ) ;
#1593 = ADVANCED_FACE ( 'NONE', ( #3703 ), #377, .T. ) ;
#1594 = CARTESIAN_POINT ( 'NONE',  ( -0.3221428571428570642, -0.6070469405576197630, 0.2345494447404088134 ) ) ;
#1595 = CARTESIAN_POINT ( 'NONE',  ( -1.164285714285714368, -0.02000000000000005940, -0.09129738975606004059 ) ) ;
#1596 = VECTOR ( 'NONE', #2329, 39.37007874015748143 ) ;
#1597 = CARTESIAN_POINT ( 'NONE',  ( -0.009001258943312969232, -0.5363743589786109656, 0.2765095324530407739 ) ) ;
#1598 = CARTESIAN_POINT ( 'NONE',  ( -0.8567632289774751442, -0.2275512807392763293, 0.2301394611760870790 ) ) ;
#1599 = ORIENTED_EDGE ( 'NONE', *, *, #4506, .F. ) ;
#1600 = CARTESIAN_POINT ( 'NONE',  ( 0.7107142857142852987, -0.5090083735825254863, -0.3899711648727292590 ) ) ;
#1601 = CARTESIAN_POINT ( 'NONE',  ( -0.1107142857142842246, -0.5090083735825254863, 0.3899711648727292590 ) ) ;
#1602 = DIRECTION ( 'NONE',  ( 0.7071067811865431318, 8.659560562354987092E-17, 0.7071067811865517916 ) ) ;
#1603 = FACE_OUTER_BOUND ( 'NONE', #165, .T. ) ;
#1604 = CARTESIAN_POINT ( 'NONE',  ( 1.371375172956523114, -0.6459586065058243731, 0.3314232273986272848 ) ) ;
#1605 = CARTESIAN_POINT ( 'NONE',  ( -0.4575618057376200642, -0.3119216149085057843, -0.2799540646849161818 ) ) ;
#1606 = PLANE ( 'NONE',  #5338 ) ;
#1607 = VERTEX_POINT ( 'NONE', #3261 ) ;
#1608 = CARTESIAN_POINT ( 'NONE',  ( 0.2285714285714285088, -0.5980167471650512656, 0.3696555844364370347 ) ) ;
#1609 = CARTESIAN_POINT ( 'NONE',  ( 0.9178571428571422608, -0.1706040792565065023, -0.3127325929872117327 ) ) ;
#1610 = CARTESIAN_POINT ( 'NONE',  ( -0.2444814126536402621, -0.1754324558451000049, 0.1737734191240749293 ) ) ;
#1611 = CARTESIAN_POINT ( 'NONE',  ( -1.036304206220993951, -0.4430381890032988323, -0.2991709419087788535 ) ) ;
#1612 = ORIENTED_EDGE ( 'NONE', *, *, #1241, .F. ) ;
#1613 = VERTEX_POINT ( 'NONE', #4146 ) ;
#1614 = CARTESIAN_POINT ( 'NONE',  ( -0.9207142857142857073, -0.3532437198131055944, -0.2924783736545468749 ) ) ;
#1615 = CARTESIAN_POINT ( 'NONE',  ( 1.008729074058665187, -0.6043639946794298057, 0.2399000691235434468 ) ) ;
#1616 = CARTESIAN_POINT ( 'NONE',  ( -0.7265327577888265331, -0.5036989244854083170, -0.2880889435613991356 ) ) ;
#1617 = CARTESIAN_POINT ( 'NONE',  ( -0.5749999999999998446, -0.01999999999999999001, 0.0000000000000000000 ) ) ;
#1618 = CARTESIAN_POINT ( 'NONE',  ( -1.204982957318348813, -0.09639477689034357810, 0.2351162682081983368 ) ) ;
#1619 = CARTESIAN_POINT ( 'NONE',  ( -0.3649999999999999356, -0.7199999999999997513, 3.673940397442057649E-17 ) ) ;
#1620 = CARTESIAN_POINT ( 'NONE',  ( -0.7142857142857143016, -0.8199999999999997291, 0.09129738975605995732 ) ) ;
#1621 = CARTESIAN_POINT ( 'NONE',  ( 0.002935615761342661150, -0.4640335856763571076, 0.2969140450603282577 ) ) ;
#1622 = CARTESIAN_POINT ( 'NONE',  ( -0.9080413401989588795, -0.5308213477382544010, 0.2789067371630592485 ) ) ;
#1623 = ORIENTED_EDGE ( 'NONE', *, *, #970, .T. ) ;
#1624 = CARTESIAN_POINT ( 'NONE',  ( 1.064285714285713835, -0.8199999999999997291, -0.09129738975605995732 ) ) ;
#1625 = AXIS2_PLACEMENT_3D ( 'NONE', #2100, #3452, #3816 ) ;
#1626 = CARTESIAN_POINT ( 'NONE',  ( 3.499999999999999112, -0.7199999999999994182, 3.673940397442057649E-17 ) ) ;
#1627 = CARTESIAN_POINT ( 'NONE',  ( -0.3849999999999998979, -0.1200000000000000233, 0.0000000000000000000 ) ) ;
#1628 = ADVANCED_FACE ( 'NONE', ( #298 ), #3190, .F. ) ;
#1629 = CARTESIAN_POINT ( 'NONE',  ( 1.017142857142856682, -0.1794186792585485413, -0.1918572011534897814 ) ) ;
#1630 = CARTESIAN_POINT ( 'NONE',  ( -0.8064026460941181584, -0.1248598830791748521, -0.05383573108325679507 ) ) ;
#1631 = CARTESIAN_POINT ( 'NONE',  ( 0.1935714285714284222, -0.1497093396292742684, 0.1301651217352674250 ) ) ;
#1632 = CARTESIAN_POINT ( 'NONE',  ( -0.4917062627095870608, -0.1550669121994865951, -0.1407497152105592342 ) ) ;
#1633 = CARTESIAN_POINT ( 'NONE',  ( -0.8242855811789646658, -0.7199996309120613169, 0.06847380873604584639 ) ) ;
#1634 = ORIENTED_EDGE ( 'NONE', *, *, #4214, .T. ) ;
#1635 = CARTESIAN_POINT ( 'NONE',  ( 0.6678571428571424828, -0.1706040792565065023, -0.3127325929872117327 ) ) ;
#1636 = CARTESIAN_POINT ( 'NONE',  ( -0.08328434563659618817, -0.6983729175082480367, -0.1118863724087959394 ) ) ;
#1637 = CARTESIAN_POINT ( 'NONE',  ( -0.2539895752259436201, -0.2144163559650641149, 0.2185111844200850195 ) ) ;
#1638 = CARTESIAN_POINT ( 'NONE',  ( -1.092950385022971815, -0.1514247681374725762, -0.1337080582901264691 ) ) ;
#1639 = CARTESIAN_POINT ( 'NONE',  ( -0.9100000000000000311, -0.4200000000000000400, -0.3077150589817659876 ) ) ;
#1640 = CARTESIAN_POINT ( 'NONE',  ( -1.220714285714285419, -0.3532437198131055944, -0.2924783736545468749 ) ) ;
#1641 = CARTESIAN_POINT ( 'NONE',  ( -0.7790491441947235973, -0.2009740717800718446, -0.2050144770020931873 ) ) ;
#1642 = CARTESIAN_POINT ( 'NONE',  ( -0.1357142857142857040, -0.8199999999999997291, -0.09129738975605987406 ) ) ;
#1643 = CARTESIAN_POINT ( 'NONE',  ( -0.01625131534485044216, -0.3807300935067366443, -0.3000000002394189735 ) ) ;
#1644 = CARTESIAN_POINT ( 'NONE',  ( -0.2149999999999999689, -0.1200000000000000233, 0.0000000000000000000 ) ) ;
#1645 = CARTESIAN_POINT ( 'NONE',  ( -0.5178571428571427937, -0.6693959207434931891, -0.3127325929872117327 ) ) ;
#1646 = CARTESIAN_POINT ( 'NONE',  ( 0.2607142857142855652, -0.3309916264174742051, 0.3899711648727292590 ) ) ;
#1647 = CARTESIAN_POINT ( 'NONE',  ( -0.03717183769921627440, -0.6703673383036775624, 0.1652767209033102203 ) ) ;
#1648 = CARTESIAN_POINT ( 'NONE',  ( -0.9190895581052913599, -0.5915078626281867757, 0.2461406552135232961 ) ) ;
#1649 = CARTESIAN_POINT ( 'NONE',  ( 1.117857142857142216, -0.6693959207434931891, 0.3127325929872117327 ) ) ;
#1650 = CARTESIAN_POINT ( 'NONE',  ( -1.085714285714284300, -0.8199999999999997291, -0.09129738975605987406 ) ) ;
#1651 = VECTOR ( 'NONE', #3625, 39.37007874015748143 ) ;
#1652 = DATE_AND_TIME ( #1282, #4288 ) ;
#1653 = CARTESIAN_POINT ( 'NONE',  ( -0.4921428571428570486, -0.6070469405576197630, 0.2345494447404088134 ) ) ;
#1654 = CARTESIAN_POINT ( 'NONE',  ( -0.7979255631678855432, -0.1388630242554962091, -0.1047909093066929781 ) ) ;
#1655 = CARTESIAN_POINT ( 'NONE',  ( 0.4721428571428568643, -0.2329530594423799283, 0.2345494447404088134 ) ) ;
#1656 = DIRECTION ( 'NONE',  ( -1.000000000000000000, 0.0000000000000000000, 0.0000000000000000000 ) ) ;
#1657 = CARTESIAN_POINT ( 'NONE',  ( -3.449999999999998401, -0.4200000000000004285, -0.2499999999999998612 ) ) ;
#1658 = VERTEX_POINT ( 'NONE', #5516 ) ;
#1659 = EDGE_CURVE ( 'NONE', #330, #3874, #4636, .T. ) ;
#1660 = EDGE_CURVE ( 'NONE', #1374, #710, #3936, .T. ) ;
#1661 = ORIENTED_EDGE ( 'NONE', *, *, #3403, .T. ) ;
#1662 = CARTESIAN_POINT ( 'NONE',  ( 0.8392857142857138575, -0.5090083735825255973, 0.3899711648727292590 ) ) ;
#1663 = CARTESIAN_POINT ( 'NONE',  ( 3.499999999999999112, -0.4199999999999995404, 0.0000000000000000000 ) ) ;
#1664 = CARTESIAN_POINT ( 'NONE',  ( -0.1133019414279409359, -0.5789945128107943928, -0.2544203520527629214 ) ) ;
#1665 = CARTESIAN_POINT ( 'NONE',  ( -0.2620439673775455947, -0.2543926560701603168, 0.2501488634904601716 ) ) ;
#1666 = CARTESIAN_POINT ( 'NONE',  ( -1.081409734731369143, -0.1911873552192454584, -0.1940843419971949035 ) ) ;
#1667 = CARTESIAN_POINT ( 'NONE',  ( 0.4171428571428569820, -0.1794186792585485413, -0.1918572011534897814 ) ) ;
#1668 = CARTESIAN_POINT ( 'NONE',  ( -1.149999999999999467, -0.6615378237512480331, -0.2350521234486556421 ) ) ;
#1669 = CARTESIAN_POINT ( 'NONE',  ( -0.5976592409924653682, -0.4677375229035085624, 0.2961793538214352317 ) ) ;
#1670 = CARTESIAN_POINT ( 'NONE',  ( -0.7860705839949065910, -0.1731863722654248816, -0.1711350322775179178 ) ) ;
#1671 = CARTESIAN_POINT ( 'NONE',  ( -0.007142857142857121817, -0.09922490567806467598, 0.2558096015379863752 ) ) ;
#1672 = CARTESIAN_POINT ( 'NONE',  ( -0.02500000000000000139, -0.01999999999999999001, 0.0000000000000000000 ) ) ;
#1673 = CARTESIAN_POINT ( 'NONE',  ( -0.4078571428571428070, -0.6070469405576197630, -0.2345494447404087579 ) ) ;
#1674 = CARTESIAN_POINT ( 'NONE',  ( -0.2714285714285714080, -0.2419832528349484257, -0.3696555844364372012 ) ) ;
#1675 = DIRECTION ( 'NONE',  ( -1.000000000000000000, 0.0000000000000000000, 0.0000000000000000000 ) ) ;
#1676 = CARTESIAN_POINT ( 'NONE',  ( -1.149999999999999911, -0.3332430312401806760, -0.3908722428788514724 ) ) ;
#1677 = CARTESIAN_POINT ( 'NONE',  ( -0.9548490708053701814, -0.7133444119853579179, 0.06334721014908620274 ) ) ;
#1678 = CARTESIAN_POINT ( 'NONE',  ( 1.214285714285713524, -0.02000000000000005940, 0.09129738975606004059 ) ) ;
#1679 = CARTESIAN_POINT ( 'NONE',  ( -0.7857142857142842551, -0.8199999999999997291, -0.09129738975605987406 ) ) ;
#1680 = CARTESIAN_POINT ( 'NONE',  ( -0.1171428571428571180, -0.1794186792585485413, 0.1918572011534897814 ) ) ;
#1681 = CARTESIAN_POINT ( 'NONE',  ( -1.235714285714285765, -0.01999999999999999695, 0.09129738975605992957 ) ) ;
#1682 = CARTESIAN_POINT ( 'NONE',  ( 0.5257142857142854675, -0.1200000000000000372, -0.06847304231704492983 ) ) ;
#1683 = CARTESIAN_POINT ( 'NONE',  ( 3.499999999999999112, -0.4199999999999995404, 0.0000000000000000000 ) ) ;
#1684 = CARTESIAN_POINT ( 'NONE',  ( 0.8149911863850846094, -0.1200000000056708205, 1.293294341024093514E-06 ) ) ;
#1685 = ORIENTED_EDGE ( 'NONE', *, *, #5468, .T. ) ;
#1686 = ORIENTED_EDGE ( 'NONE', *, *, #2175, .F. ) ;
#1687 = CARTESIAN_POINT ( 'NONE',  ( 1.299999999999999156, -0.4199999999999999289, -0.4102867453090214278 ) ) ;
#1688 = LINE ( 'NONE', #2946, #329 ) ;
#1689 = CARTESIAN_POINT ( 'NONE',  ( -0.1009500597996665361, -0.6391515126537822278, -0.2051077391727542942 ) ) ;
#1690 = CARTESIAN_POINT ( 'NONE',  ( -0.2434479517832467965, -0.1717807355736156449, 0.1684869491420401266 ) ) ;
#1691 = CARTESIAN_POINT ( 'NONE',  ( -1.073024596727354840, -0.2285866955980769000, -0.2310059212290296871 ) ) ;
#1692 = CARTESIAN_POINT ( 'NONE',  ( -0.5489713535310967174, -0.1927224958968019319, 0.1958192122474514407 ) ) ;
#1693 = CARTESIAN_POINT ( 'NONE',  ( 0.2349999999999998757, -0.7199999999999997513, -3.673940397442057649E-17 ) ) ;
#1694 = CARTESIAN_POINT ( 'NONE',  ( -0.003571428571428586496, -0.05961245283903229136, -0.1735534956470231871 ) ) ;
#1695 = CARTESIAN_POINT ( 'NONE',  ( -0.5710984218694833414, -0.3041878248406817420, 0.2768008408287738198 ) ) ;
#1696 = EDGE_CURVE ( 'NONE', #320, #5013, #4092, .T. ) ;
#1697 = CARTESIAN_POINT ( 'NONE',  ( -0.7893310084873770283, -0.1624295720831226142, -0.1538115362947057030 ) ) ;
#1698 = CARTESIAN_POINT ( 'NONE',  ( -0.4999999999999998335, -0.4200000000000000400, -0.4102867453090213723 ) ) ;
#1699 = CARTESIAN_POINT ( 'NONE',  ( 1.210000000000000631, -0.4519853009124751853, -0.3240159174850208990 ) ) ;
#1700 = CARTESIAN_POINT ( 'NONE',  ( -0.8792857142857140040, -0.3532437198131055389, 0.2924783736545468749 ) ) ;
#1701 = CARTESIAN_POINT ( 'NONE',  ( -0.7642857142857143460, -0.8199999999999997291, 0.09129738975605995732 ) ) ;
#1702 = CARTESIAN_POINT ( 'NONE',  ( 0.3464285714285712525, -0.05961245283903229136, -0.1735534956470231871 ) ) ;
#1703 = CARTESIAN_POINT ( 'NONE',  ( -0.6702395299360138781, -0.7182151144876490756, -0.03304987627629717151 ) ) ;
#1704 = CARTESIAN_POINT ( 'NONE',  ( -0.9422859514778476608, -0.6866432683817904614, 0.1374966376959534942 ) ) ;
#1705 = CARTESIAN_POINT ( 'NONE',  ( 1.085714285714285188, -0.8199999999999997291, 0.09129738975605987406 ) ) ;
#1706 = DIRECTION ( 'NONE',  ( 1.000000000000000000, 1.268357997058408169E-16, -0.0000000000000000000 ) ) ;
#1707 = CIRCLE ( 'NONE', #5100, 0.2499999999999997502 ) ;
#1708 = PERSON_AND_ORGANIZATION ( #2568, #1152 ) ;
#1709 = CARTESIAN_POINT ( 'NONE',  ( -1.171428571428571264, -0.2419832528349484257, -0.3696555844364372012 ) ) ;
#1710 = CARTESIAN_POINT ( 'NONE',  ( 0.07451342452014203532, -0.1271987490151964828, 0.06537736501201064920 ) ) ;
#1711 = CARTESIAN_POINT ( 'NONE',  ( 1.072142857142856398, -0.2329530594423799283, 0.2345494447404088134 ) ) ;
#1712 = CARTESIAN_POINT ( 'NONE',  ( -0.4966070652611971892, -0.1419097531636268061, -0.1125465162871536889 ) ) ;
#1713 = FACE_OUTER_BOUND ( 'NONE', #979, .T. ) ;
#1714 = ORIENTED_EDGE ( 'NONE', *, *, #1826, .T. ) ;
#1715 = VERTEX_POINT ( 'NONE', #3937 ) ;
#1716 = CARTESIAN_POINT ( 'NONE',  ( 1.192857142857142394, -0.09922490567806474537, 0.2558096015379864308 ) ) ;
#1717 = CARTESIAN_POINT ( 'NONE',  ( -1.149999999999999689, -0.1200000000000003286, 0.0000000000000000000 ) ) ;
#1718 = CARTESIAN_POINT ( 'NONE',  ( -0.09341605253793716646, -0.6683312843853800311, -0.1683218148244130519 ) ) ;
#1719 = CARTESIAN_POINT ( 'NONE',  ( -0.2715166285734129104, -0.3066118512627837855, 0.2777472083949413251 ) ) ;
#1720 = CARTESIAN_POINT ( 'NONE',  ( -1.080232353393907996, -0.1959836214812146760, -0.1996461865489229937 ) ) ;
#1721 = CARTESIAN_POINT ( 'NONE',  ( -0.5431446744111647629, -0.1706156605583390162, 0.1669615876858621950 ) ) ;
#1722 = CARTESIAN_POINT ( 'NONE',  ( 0.4707142857142854742, -0.4867562801868940969, -0.2924783736545468749 ) ) ;
#1723 = CARTESIAN_POINT ( 'NONE',  ( 0.06071428571428565818, -0.5090083735825254863, -0.3899711648727292590 ) ) ;
#1724 = CARTESIAN_POINT ( 'NONE',  ( -0.5890071726823774556, -0.4138147454628186006, 0.3000441541896198827 ) ) ;
#1725 = CARTESIAN_POINT ( 'NONE',  ( -1.132142857142856895, -0.1706040792565065856, -0.3127325929872118437 ) ) ;
#1726 = CARTESIAN_POINT ( 'NONE',  ( -0.03500095661443675815, -0.2689143069465482205, -0.2621359171387987463 ) ) ;
#1727 = ADVANCED_FACE ( 'NONE', ( #91 ), #5226, .T. ) ;
#1728 = CARTESIAN_POINT ( 'NONE',  ( -0.9864285714285712103, -0.6902906603707253952, -0.1301651217352673140 ) ) ;
#1729 = CARTESIAN_POINT ( 'NONE',  ( -0.3464285714285713635, -0.05961245283903229136, 0.1735534956470231871 ) ) ;
#1730 = CARTESIAN_POINT ( 'NONE',  ( 0.6249999999999996669, -0.01999999999999999001, 0.0000000000000000000 ) ) ;
#1731 = CARTESIAN_POINT ( 'NONE',  ( -0.06385238090886792561, -0.7200000000000178479, 0.007333341677032254209 ) ) ;
#1732 = CARTESIAN_POINT ( 'NONE',  ( -0.9407166614429219864, -0.6820257726432168432, 0.1463072851466339919 ) ) ;
#1733 = CARTESIAN_POINT ( 'NONE',  ( 1.267857142857142128, -0.1706040792565065023, -0.3127325929872117327 ) ) ;
#1734 = CARTESIAN_POINT ( 'NONE',  ( -0.6464285714285697981, -0.05961245283903229136, 0.1735534956470231871 ) ) ;
#1735 = COORDINATED_UNIVERSAL_TIME_OFFSET ( 6, 0, .BEHIND. ) ;
#1736 = CARTESIAN_POINT ( 'NONE',  ( -0.2135714285714285232, -0.6902906603707253952, 0.1301651217352673973 ) ) ;
#1737 = DIRECTION ( 'NONE',  ( 0.0000000000000000000, 1.000000000000000000, 0.0000000000000000000 ) ) ;
#1738 = CARTESIAN_POINT ( 'NONE',  ( 0.6649999999999995914, -0.7199999999999997513, -3.673940397442057649E-17 ) ) ;
#1739 = CARTESIAN_POINT ( 'NONE',  ( -0.5060939540963614869, -0.1252192423383162723, -0.05572534945609439877 ) ) ;
#1740 = FACE_OUTER_BOUND ( 'NONE', #2419, .T. ) ;
#1741 = ORIENTED_EDGE ( 'NONE', *, *, #2609, .F. ) ;
#1742 = B_SPLINE_CURVE_WITH_KNOTS ( 'NONE', 3,
 ( #4798, #4859, #110, #3485, #1413, #1804, #2614, #4436, #558, #3121, #1350, #4350, #585, #5188, #3601, #1471, #4408, #983, #2278, #141, #3510, #2671, #529, #3179, #2248, #3956 ),
 .UNSPECIFIED., .F., .F.,
 ( 4, 2, 2, 2, 2, 2, 2, 1, 1, 1, 2, 2, 1, 2, 4 ),
 ( 0.9756188506446163977, 0.9817141379834622983, 0.9832379598181738567, 0.9839998707355295249, 0.9847617816528853041, 0.9878094253223081989, 0.9908570689917312047, 0.9916189799090869839, 0.9919999353677647624, 0.9920951742324343181, 0.9921427936647689849, 0.9921904130971037628, 0.9923808908264426520, 0.9939047126611540994, 1.000000000000000000 ),
 .UNSPECIFIED. ) ;
#1743 = CARTESIAN_POINT ( 'NONE',  ( 1.267857142857142128, -0.1706040792565065023, -0.3127325929872117327 ) ) ;
#1744 = CARTESIAN_POINT ( 'NONE',  ( 1.158526319853689923, -0.2357916777569835365, -0.2380884242046888144 ) ) ;
#1745 = VERTEX_POINT ( 'NONE', #3965 ) ;
#1746 = CARTESIAN_POINT ( 'NONE',  ( -0.1238505880831023143, -0.5197230472121724398, -0.2829732598726847348 ) ) ;
#1747 = CARTESIAN_POINT ( 'NONE',  ( -0.2214285714285714191, -0.2419832528349484257, -0.3696555844364372012 ) ) ;
#1748 = CARTESIAN_POINT ( 'NONE',  ( -0.2728240783067488739, -0.3142285845832047952, 0.2807436957899343000 ) ) ;
#1749 = CARTESIAN_POINT ( 'NONE',  ( -1.069124746270799564, -0.2482774094367864448, -0.2460679092817819602 ) ) ;
#1750 = CARTESIAN_POINT ( 'NONE',  ( -0.5492555620702954666, -0.1938836658758754383, 0.1971583723241579766 ) ) ;
#1751 = CARTESIAN_POINT ( 'NONE',  ( 0.2242857142857142272, -0.7199999999999996403, -0.06847304231704497146 ) ) ;
#1752 = CARTESIAN_POINT ( 'NONE',  ( 3.499999999999999112, -0.2399999999999999634, 0.06250000000000000000 ) ) ;
#1753 = CARTESIAN_POINT ( 'NONE',  ( -0.5782554494537766043, -0.3468558167226414857, 0.2909468353908354898 ) ) ;
#1754 = CARTESIAN_POINT ( 'NONE',  ( -0.9714285714285711970, -0.5980167471650512656, 0.3696555844364371457 ) ) ;
#1755 = CARTESIAN_POINT ( 'NONE',  ( 1.210000000000000853, -0.3129720985881224160, -0.3415665971434668213 ) ) ;
#1756 = CARTESIAN_POINT ( 'NONE',  ( -0.9435714285714282834, -0.6902906603707253952, 0.1301651217352673973 ) ) ;
#1757 = CARTESIAN_POINT ( 'NONE',  ( -0.8071428571428568288, -0.7407750943219351125, -0.2558096015379863197 ) ) ;
#1758 = CARTESIAN_POINT ( 'NONE',  ( 0.3357142857142855763, -0.01999999999999999348, -0.09129738975605992957 ) ) ;
#1759 = CARTESIAN_POINT ( 'NONE',  ( -0.04057983599929447516, -0.6815341063357808205, 0.1470508425383130480 ) ) ;
#1760 = CARTESIAN_POINT ( 'NONE',  ( -0.9617294987259857875, -0.7192852722878581018, 0.02075087503741093048 ) ) ;
#1761 = CARTESIAN_POINT ( 'NONE',  ( 0.5857142857142852987, -0.01999999999999999695, -0.09129738975605992957 ) ) ;
#1762 = CARTESIAN_POINT ( 'NONE',  ( -1.107142857142855430, -0.7407750943219351125, -0.2558096015379863197 ) ) ;
#1763 = CARTESIAN_POINT ( 'NONE',  ( -0.5457142857142855963, -0.7199999999999996403, -0.06847304231704488819 ) ) ;
#1764 = CARTESIAN_POINT ( 'NONE',  ( 0.05688318619127437359, -0.1706310801425771906, 0.1667788783858799584 ) ) ;
#1765 = CARTESIAN_POINT ( 'NONE',  ( 1.114999999999999103, -0.1200000000000000233, 0.0000000000000000000 ) ) ;
#1766 = CARTESIAN_POINT ( 'NONE',  ( -0.8180796592083969809, -0.1206360930600838544, 0.01953634964132359986 ) ) ;
#1767 = CARTESIAN_POINT ( 'NONE',  ( -0.9649970539399207459, -0.7199999999993593747, 4.371039126606298140E-07 ) ) ;
#1768 = ADVANCED_FACE ( 'NONE', ( #962 ), #119, .T. ) ;
#1769 = CARTESIAN_POINT ( 'NONE',  ( 1.021428571428570908, -0.5980167471650511546, -0.3696555844364371457 ) ) ;
#1770 = CARTESIAN_POINT ( 'NONE',  ( 1.182280471817772183, -0.3717492187642685297, -0.2971374527621862272 ) ) ;
#1771 = EDGE_LOOP ( 'NONE', ( #5245, #2817, #2776, #3000 ) ) ;
#1772 = CARTESIAN_POINT ( 'NONE',  ( -0.1118537473955724532, -0.5866022037338983752, -0.2494868874759537392 ) ) ;
#1773 = CARTESIAN_POINT ( 'NONE',  ( -0.4464285714285713413, -0.7803875471609674763, -0.1735534956470231316 ) ) ;
#1774 = CARTESIAN_POINT ( 'NONE',  ( -0.2920910228806952169, -0.4330284433238238417, 0.3000017767165955584 ) ) ;
#1775 = DIRECTION ( 'NONE',  ( -0.0000000000000000000, -0.0000000000000000000, 1.000000000000000000 ) ) ;
#1776 = CARTESIAN_POINT ( 'NONE',  ( -0.5496681001554619694, -0.1955806517645473086, 0.1990935904021100544 ) ) ;
#1777 = CARTESIAN_POINT ( 'NONE',  ( 0.8242857142857138442, -0.7199999999999996403, -0.06847304231704497146 ) ) ;
#1778 = CARTESIAN_POINT ( 'NONE',  ( -1.150000000000001021, -0.4921411822417217086, -0.3786257108832365992 ) ) ;
#1779 = CARTESIAN_POINT ( 'NONE',  ( -0.6222654817953057194, -0.6076630564044277483, 0.2340883049859046883 ) ) ;
#1780 = B_SPLINE_CURVE_WITH_KNOTS ( 'NONE', 3,
 ( #336, #5354, #1029, #1908, #311, #1615, #2028, #1935, #2770, #735, #4581, #4210, #2743, #2873, #184, #3739, #2322, #2446 ),
 .UNSPECIFIED., .F., .F.,
 ( 4, 2, 2, 2, 2, 2, 2, 2, 4 ),
 ( 0.7499998001794412339, 0.7633926537540660640, 0.7767855073286908940, 0.7901783609033156131, 0.8035712144779404431, 0.8169640680525652732, 0.8303569216271899922, 0.8437497752018148223, 0.8571426287764396523 ),
 .UNSPECIFIED. ) ;
#1781 = CARTESIAN_POINT ( 'NONE',  ( -0.3844473953873142058, -0.6955105718943969118, -0.1187290293904261912 ) ) ;
#1782 = CARTESIAN_POINT ( 'NONE',  ( -0.9821428571428569843, -0.6693959207434930780, 0.3127325929872118437 ) ) ;
#1783 = CARTESIAN_POINT ( 'NONE',  ( 0.5242857142857141328, -0.7199999999999997513, -0.06847304231704495758 ) ) ;
#1784 = CARTESIAN_POINT ( 'NONE',  ( -1.192857142857142838, -0.09922490567806474537, -0.2558096015379864308 ) ) ;
#1785 = CARTESIAN_POINT ( 'NONE',  ( 0.8928571428571425717, -0.09922490567806474537, 0.2558096015379864863 ) ) ;
#1786 = CARTESIAN_POINT ( 'NONE',  ( -0.05330223973904586049, -0.7113877893259313856, 0.07279284970932947685 ) ) ;
#1787 = CARTESIAN_POINT ( 'NONE',  ( -0.5177102073524230130, -0.1204247920415466161, 0.01723986979696066901 ) ) ;
#1788 = CARTESIAN_POINT ( 'NONE',  ( 0.6607142857142852543, -0.5090083735825254863, -0.3899711648727292590 ) ) ;
#1789 = CARTESIAN_POINT ( 'NONE',  ( -0.9659575903202771707, -0.7199550769718471299, -0.006118331199634566980 ) ) ;
#1790 = ADVANCED_FACE ( 'NONE', ( #4529 ), #1955, .F. ) ;
#1791 = CARTESIAN_POINT ( 'NONE',  ( -1.113571428571428434, -0.6902906603707253952, 0.1301651217352673973 ) ) ;
#1792 = CARTESIAN_POINT ( 'NONE',  ( 0.07535529632270922262, -0.1261101867943054400, 0.06024311598594477013 ) ) ;
#1793 = CARTESIAN_POINT ( 'NONE',  ( 0.8578571428571423185, -0.2329530594423798728, -0.2345494447404087857 ) ) ;
#1794 = CARTESIAN_POINT ( 'NONE',  ( -0.8500520359635486134, -0.1969796966758928514, 0.2010482048496216589 ) ) ;
#1795 = CARTESIAN_POINT ( 'NONE',  ( -3.449999999999998401, -0.6700000000000003730, 3.061616997868384251E-17 ) ) ;
#1796 = DIRECTION ( 'NONE',  ( 0.0000000000000000000, 1.000000000000000000, 0.0000000000000000000 ) ) ;
#1797 = ADVANCED_FACE ( 'NONE', ( #3188 ), #1875, .T. ) ;
#1798 = LINE ( 'NONE', #948, #4009 ) ;
#1799 = VERTEX_POINT ( 'NONE', #205 ) ;
#1800 = CARTESIAN_POINT ( 'NONE',  ( -0.1470576613075994243, -0.3760082516632192728, -0.2969203785174773236 ) ) ;
#1801 = CARTESIAN_POINT ( 'NONE',  ( -0.6071428571428572063, -0.09922490567806467598, 0.2558096015379863752 ) ) ;
#1802 = CARTESIAN_POINT ( 'NONE',  ( -0.2939253466071201082, -0.4444778607801946890, 0.2991609865305897009 ) ) ;
#1803 = CC_DESIGN_PERSON_AND_ORGANIZATION_ASSIGNMENT ( #5496, #1224, ( #5285 ) ) ;
#1804 = CARTESIAN_POINT ( 'NONE',  ( -1.124358189182490309, -0.1257468237152007118, 0.05849019954823368034 ) ) ;
#1805 = CARTESIAN_POINT ( 'NONE',  ( -0.4215459022492563101, -0.5332189228898851496, -0.2778162327292606482 ) ) ;
#1806 = CARTESIAN_POINT ( 'NONE',  ( 1.306428571428570606, -0.1497093396292742407, -0.1301651217352673418 ) ) ;
#1807 = CARTESIAN_POINT ( 'NONE',  ( 0.5642857142857139463, -0.02000000000000005940, 0.09129738975606002671 ) ) ;
#1808 = CARTESIAN_POINT ( 'NONE',  ( -0.6538378160578579568, -0.7118622035650739033, 0.06948034009030892855 ) ) ;
#1809 = CARTESIAN_POINT ( 'NONE',  ( -0.3745443755112669582, -0.7140141263026621443, -0.05963018213277277574 ) ) ;
#1810 = CARTESIAN_POINT ( 'NONE',  ( 0.4785714285714282590, -0.5980167471650512656, 0.3696555844364370347 ) ) ;
#1811 = CARTESIAN_POINT ( 'NONE',  ( -1.046428571428571264, -0.7803875471609674763, -0.1735534956470231316 ) ) ;
#1812 = LINE ( 'NONE', #3071, #5166 ) ;
#1813 = CARTESIAN_POINT ( 'NONE',  ( -0.3678571428571427715, -0.1706040792565065023, 0.3127325929872117327 ) ) ;
#1814 = CARTESIAN_POINT ( 'NONE',  ( -0.8714285714285713302, -0.2419832528349484257, -0.3696555844364372012 ) ) ;
#1815 = CARTESIAN_POINT ( 'NONE',  ( -0.3528571428571428692, -0.1794186792585485968, -0.1918572011534898369 ) ) ;
#1816 = CARTESIAN_POINT ( 'NONE',  ( -0.7040296836080194298, -0.6254000979637753810, -0.2186841161080677332 ) ) ;
#1817 = CARTESIAN_POINT ( 'NONE',  ( 0.5214285714285711304, -0.2419832528349484257, 0.3696555844364372012 ) ) ;
#1818 = CARTESIAN_POINT ( 'NONE',  ( -0.9854094728306987960, -0.6930795052822420477, -0.1242890582335538091 ) ) ;
#1819 = CARTESIAN_POINT ( 'NONE',  ( 0.01428571428571430262, -0.01999999999999999695, 0.09129738975605992957 ) ) ;
#1820 = ORIENTED_EDGE ( 'NONE', *, *, #1210, .F. ) ;
#1821 = CARTESIAN_POINT ( 'NONE',  ( -1.102857142857142536, -0.6605813207414512611, 0.1918572011534898369 ) ) ;
#1822 = CARTESIAN_POINT ( 'NONE',  ( 0.03815105177270740333, -0.2533726576778332351, 0.2494700985848151975 ) ) ;
#1823 = CARTESIAN_POINT ( 'NONE',  ( -3.449999999999998401, -0.4200000000000004285, 0.0000000000000000000 ) ) ;
#1824 = CARTESIAN_POINT ( 'NONE',  ( -0.8156404969152686313, -0.1200237959073927885, 0.004087499613458362747 ) ) ;
#1825 = CARTESIAN_POINT ( 'NONE',  ( -2.147139134848051967, -0.1779385408620368647, 0.06250000000000000000 ) ) ;
#1826 = EDGE_CURVE ( 'NONE', #4320, #2725, #1308, .T. ) ;
#1827 = DIRECTION ( 'NONE',  ( 0.0000000000000000000, 1.000000000000000000, 0.0000000000000000000 ) ) ;
#1828 = FACE_OUTER_BOUND ( 'NONE', #355, .T. ) ;
#1829 = ORIENTED_EDGE ( 'NONE', *, *, #4975, .T. ) ;
#1830 = CARTESIAN_POINT ( 'NONE',  ( -0.1587929072293982335, -0.3048254730951339142, -0.2770105538719298544 ) ) ;
#1831 = CARTESIAN_POINT ( 'NONE',  ( -0.6928571428571428381, -0.7407750943219348905, 0.2558096015379864308 ) ) ;
#1832 = CARTESIAN_POINT ( 'NONE',  ( -0.2860655152555128811, -0.3954650555758783548, 0.2991556699129753749 ) ) ;
#1833 = CYLINDRICAL_SURFACE ( 'NONE', #834, 0.2999999999999998224 ) ;
#1834 = CARTESIAN_POINT ( 'NONE',  ( 0.7464285714285709972, -0.7803875471609674763, 0.1735534956470231316 ) ) ;
#1835 = CARTESIAN_POINT ( 'NONE',  ( -0.4420479925178844027, -0.4072328420428381057, -0.2997824618526040985 ) ) ;
#1836 = CARTESIAN_POINT ( 'NONE',  ( -0.1776633854615796149, -0.2070004056306267437, -0.2112611333397805546 ) ) ;
#1837 = VECTOR ( 'NONE', #3207, 39.37007874015748143 ) ;
#1838 = ADVANCED_FACE ( 'NONE', ( #4500 ), #3272, .F. ) ;
#1839 = CARTESIAN_POINT ( 'NONE',  ( 1.199285714285713622, -0.4867562801868941524, 0.2924783736545468749 ) ) ;
#1840 = CARTESIAN_POINT ( 'NONE',  ( 0.3928571428571426827, -0.7407750943219348905, -0.2558096015379864308 ) ) ;
#1841 = CARTESIAN_POINT ( 'NONE',  ( -0.6263278379150913899, -0.6270167247352084194, 0.2171294370725045664 ) ) ;
#1842 = CARTESIAN_POINT ( 'NONE',  ( -0.3672846766870381807, -0.7199999999999998623, -0.01460021151045540200 ) ) ;
#1843 = CARTESIAN_POINT ( 'NONE',  ( 0.06071428571428565818, -0.5090083735825254863, -0.3899711648727292590 ) ) ;
#1844 = CARTESIAN_POINT ( 'NONE',  ( -0.6178571428571427715, -0.1706040792565065023, 0.3127325929872117327 ) ) ;
#1845 = CIRCLE ( 'NONE', #2289, 0.2999999999999999889 ) ;
#1846 = CARTESIAN_POINT ( 'NONE',  ( -1.149999999999999689, -0.4200000000000000955, 0.0000000000000000000 ) ) ;
#1847 = CARTESIAN_POINT ( 'NONE',  ( -0.5178571428571427937, -0.6693959207434931891, -0.3127325929872117327 ) ) ;
#1848 = CARTESIAN_POINT ( 'NONE',  ( -0.9678571428571426383, -0.1706040792565065023, 0.3127325929872117327 ) ) ;
#1849 = CARTESIAN_POINT ( 'NONE',  ( -1.134999999999999787, -0.7199999999999997513, 3.673940397442057649E-17 ) ) ;
#1850 = CARTESIAN_POINT ( 'NONE',  ( -0.7215010930954562918, -0.5334809604016936824, -0.2777113241145774958 ) ) ;
#1851 = CARTESIAN_POINT ( 'NONE',  ( 0.7249999999999995337, -0.8199999999999997291, -4.898587196589411226E-17 ) ) ;
#1852 = CARTESIAN_POINT ( 'NONE',  ( -0.3714285714285713857, -0.5980167471650511546, 0.3696555844364371457 ) ) ;
#1853 = VERTEX_POINT ( 'NONE', #2316 ) ;
#1854 = CARTESIAN_POINT ( 'NONE',  ( -0.8778571428571426694, -0.6070469405576197630, -0.2345494447404087579 ) ) ;
#1855 = CARTESIAN_POINT ( 'NONE',  ( 0.8212326613629807870, -0.1200000028727515045, -0.03926993026845396889 ) ) ;
#1856 = CARTESIAN_POINT ( 'NONE',  ( 0.02132711865602612833, -0.3494259055215934717, 0.2918377683825927882 ) ) ;
#1857 = CARTESIAN_POINT ( 'NONE',  ( 1.232857142857141985, -0.6605813207414512611, -0.1918572011534898369 ) ) ;
#1858 = CARTESIAN_POINT ( 'NONE',  ( -0.8239034149099573323, -0.1251594447910672481, 0.05569089219240270366 ) ) ;
#1859 = DIRECTION ( 'NONE',  ( 1.000000000000000000, 0.0000000000000000000, -0.0000000000000000000 ) ) ;
#1860 = CARTESIAN_POINT ( 'NONE',  ( -0.07857142857142856984, -0.2419832528349483425, 0.3696555844364371457 ) ) ;
#1861 = CARTESIAN_POINT ( 'NONE',  ( -0.01142857142857141295, -0.5535125603737884870, 0.2772416883273278176 ) ) ;
#1862 = ORIENTED_EDGE ( 'NONE', *, *, #4802, .T. ) ;
#1863 = CARTESIAN_POINT ( 'NONE',  ( -0.3821428571428570620, -0.6693959207434930780, 0.3127325929872118437 ) ) ;
#1864 = CARTESIAN_POINT ( 'NONE',  ( -0.3186435872369794975, -0.5892004585299160935, 0.2477351864700024220 ) ) ;
#1865 = CARTESIAN_POINT ( 'NONE',  ( 3.499999999999999112, -0.2399999999999999634, -0.06250000000000000000 ) ) ;
#1866 = CARTESIAN_POINT ( 'NONE',  ( 1.089285714285713746, -0.5090083735825255973, 0.3899711648727292590 ) ) ;
#1867 = CARTESIAN_POINT ( 'NONE',  ( -0.4118664589028385170, -0.5865356856459970070, -0.2495312938691648108 ) ) ;
#1868 = CARTESIAN_POINT ( 'NONE',  ( -0.1853154802633038556, -0.1760814567715210388, -0.1749275669331472050 ) ) ;
#1869 = CARTESIAN_POINT ( 'NONE',  ( 1.038571428571428035, -0.2864874396262112599, -0.2772416883273278176 ) ) ;
#1870 = CARTESIAN_POINT ( 'NONE',  ( 0.3607142857142854875, -0.5090083735825254863, -0.3899711648727292590 ) ) ;
#1871 = CARTESIAN_POINT ( 'NONE',  ( -0.6400818020834930788, -0.6799563690694573337, 0.1497531549050604427 ) ) ;
#1872 = AXIS2_PLACEMENT_3D ( 'NONE', #2724, #2216, #1888 ) ;
#1873 = CARTESIAN_POINT ( 'NONE',  ( 1.209999999999999964, -0.02977245342878561893, 0.08960906335387334998 ) ) ;
#1874 = CARTESIAN_POINT ( 'NONE',  ( -0.003571428571428586496, -0.05961245283903229136, -0.1735534956470231871 ) ) ;
#1875 = CYLINDRICAL_SURFACE ( 'NONE', #2690, 0.2999999999999998224 ) ;
#1876 = CARTESIAN_POINT ( 'NONE',  ( -0.7642857142857143460, -0.8199999999999997291, 0.09129738975605995732 ) ) ;
#1877 = CARTESIAN_POINT ( 'NONE',  ( 1.192857142857142394, -0.09922490567806474537, 0.2558096015379864863 ) ) ;
#1878 = CARTESIAN_POINT ( 'NONE',  ( -0.7029775304423589999, -0.6301573404288194347, -0.2140926516888579101 ) ) ;
#1879 = CARTESIAN_POINT ( 'NONE',  ( 0.5321428571428568066, -0.1706040792565065856, 0.3127325929872118437 ) ) ;
#1880 = CARTESIAN_POINT ( 'NONE',  ( -0.5107142857142855652, -0.3309916264174742051, -0.3899711648727292590 ) ) ;
#1881 = CARTESIAN_POINT ( 'NONE',  ( -0.6528571428571426916, -0.1794186792585485968, -0.1918572011534898647 ) ) ;
#1882 = CARTESIAN_POINT ( 'NONE',  ( 0.8962312264412573004, -0.4592699320970540788, -0.2999999968878850343 ) ) ;
#1883 = CARTESIAN_POINT ( 'NONE',  ( 0.04539786653210530626, -0.2172519972268761590, 0.2211316874269723676 ) ) ;
#1884 = FACE_OUTER_BOUND ( 'NONE', #5050, .T. ) ;
#1885 = DIRECTION ( 'NONE',  ( 1.000000000000000000, 0.0000000000000000000, 0.0000000000000000000 ) ) ;
#1886 = VERTEX_POINT ( 'NONE', #1077 ) ;
#1887 = FACE_OUTER_BOUND ( 'NONE', #2191, .T. ) ;
#1888 = DIRECTION ( 'NONE',  ( 1.000000000000000000, 0.0000000000000000000, 0.0000000000000000000 ) ) ;
#1889 = VERTEX_POINT ( 'NONE', #177 ) ;
#1890 = CARTESIAN_POINT ( 'NONE',  ( 0.1492857142857142161, -0.3532437198131055389, -0.2924783736545468749 ) ) ;
#1891 = CARTESIAN_POINT ( 'NONE',  ( -1.114462490841045428, -0.1200167237555812005, -0.003430630327435891386 ) ) ;
#1892 = CARTESIAN_POINT ( 'NONE',  ( 1.121428571428570553, -0.2419832528349484257, 0.3696555844364372012 ) ) ;
#1893 = CARTESIAN_POINT ( 'NONE',  ( -0.4286777610983596998, -0.4905439145445749105, -0.2918454785283269848 ) ) ;
#1894 = CARTESIAN_POINT ( 'NONE',  ( -0.1966105746692708711, -0.1419014194789242345, -0.1125259500477884672 ) ) ;
#1895 = CARTESIAN_POINT ( 'NONE',  ( 1.370714285714284886, -0.4867562801868940969, -0.2924783736545468749 ) ) ;
#1896 = CARTESIAN_POINT ( 'NONE',  ( 0.7892857142857138131, -0.5090083735825255973, 0.3899711648727292590 ) ) ;
#1897 = CARTESIAN_POINT ( 'NONE',  ( -0.6451956118340544943, -0.6946162639884738699, 0.1207725181479322452 ) ) ;
#1898 = CARTESIAN_POINT ( 'NONE',  ( 1.209999999999999964, -0.08034885484031362157, -0.2119925270201757639 ) ) ;
#1899 = VECTOR ( 'NONE', #2432, 39.37007874015748143 ) ;
#1900 = CARTESIAN_POINT ( 'NONE',  ( 0.6071428571428567622, -0.09922490567806467598, -0.2558096015379863752 ) ) ;
#1901 = CARTESIAN_POINT ( 'NONE',  ( 1.209999999618342370, -0.4200035807672355403, 0.2999999999786165383 ) ) ;
#1902 = CARTESIAN_POINT ( 'NONE',  ( -0.3571428571428572618, -0.09922490567806467598, 0.2558096015379863752 ) ) ;
#1903 = CARTESIAN_POINT ( 'NONE',  ( 1.182142857142856496, -0.1706040792565065856, 0.3127325929872118437 ) ) ;
#1904 = CARTESIAN_POINT ( 'NONE',  ( -0.6816042180061154809, -0.7021502646779180790, -0.1020497398086835789 ) ) ;
#1905 = CARTESIAN_POINT ( 'NONE',  ( 0.7678571428571423496, -0.6693959207434931891, 0.3127325929872117327 ) ) ;
#1906 = CARTESIAN_POINT ( 'NONE',  ( -0.007142857142857121817, -0.09922490567806467598, 0.2558096015379863752 ) ) ;
#1907 = EDGE_CURVE ( 'NONE', #1537, #1090, #3591, .T. ) ;
#1908 = CARTESIAN_POINT ( 'NONE',  ( 0.9899794327890981682, -0.6821359033233853619, 0.1510857170233850799 ) ) ;
#1909 = CARTESIAN_POINT ( 'NONE',  ( 0.03607968970100265682, -0.2642826137582729440, 0.2564687575741521619 ) ) ;
#1910 = CARTESIAN_POINT ( 'NONE',  ( -0.9043706906053501360, -0.5091384720906989569, 0.2864527350015996232 ) ) ;
#1911 = CARTESIAN_POINT ( 'NONE',  ( 0.5071428571428570065, -0.7407750943219351125, 0.2558096015379863197 ) ) ;
#1912 = CARTESIAN_POINT ( 'NONE',  ( -1.144983001225090780, -0.1772962436289773347, 0.1763374226962907132 ) ) ;
#1913 = CARTESIAN_POINT ( 'NONE',  ( -0.3142857142857141683, -0.02000000000000005940, -0.09129738975606004059 ) ) ;
#1914 = CARTESIAN_POINT ( 'NONE',  ( 3.499999999999999112, -0.4199999999999995404, 0.1999999999999989009 ) ) ;
#1915 = ORIENTED_EDGE ( 'NONE', *, *, #4188, .T. ) ;
#1916 = CARTESIAN_POINT ( 'NONE',  ( -0.3406115999803843164, -0.6816328079776758919, 0.1468765953122749268 ) ) ;
#1917 = CARTESIAN_POINT ( 'NONE',  ( 0.06785714285714283811, -0.1706040792565065023, -0.3127325929872117327 ) ) ;
#1918 = CARTESIAN_POINT ( 'NONE',  ( 1.174999999999999156, -0.01999999999999999001, 0.0000000000000000000 ) ) ;
#1919 = CARTESIAN_POINT ( 'NONE',  ( -0.4308383734734128612, -0.4770825746817842217, -0.2945197616788280959 ) ) ;
#1920 = CARTESIAN_POINT ( 'NONE',  ( -0.1970340090692985768, -0.1409064939173166886, -0.1100505834050059667 ) ) ;
#1921 = ORIENTED_EDGE ( 'NONE', *, *, #2171, .T. ) ;
#1922 = CARTESIAN_POINT ( 'NONE',  ( 1.081428571428570962, -0.5535125603737884870, -0.2772416883273278176 ) ) ;
#1923 = CARTESIAN_POINT ( 'NONE',  ( 0.2214285714285713080, -0.2419832528349484535, 0.3696555844364372012 ) ) ;
#1924 = CARTESIAN_POINT ( 'NONE',  ( -0.6639350888047390598, -0.7199327713017652508, 0.006789175114211367518 ) ) ;
#1925 = CARTESIAN_POINT ( 'NONE',  ( -1.019689662901268834, -0.5439299900052819714, -0.2733810413729083622 ) ) ;
#1926 = CARTESIAN_POINT ( 'NONE',  ( -0.9830920650604605404, -0.6988065257470764680, -0.1107863187365892010 ) ) ;
#1927 = CARTESIAN_POINT ( 'NONE',  ( 0.2107142857142855485, -0.3309916264174742051, 0.3899711648727292590 ) ) ;
#1928 = CARTESIAN_POINT ( 'NONE',  ( 0.06499853106432006145, -0.7199999999998422107, -2.155483516425997140E-07 ) ) ;
#1929 = CARTESIAN_POINT ( 'NONE',  ( -0.8607142857142856540, -0.3309916264174742051, -0.3899711648727292590 ) ) ;
#1930 = CARTESIAN_POINT ( 'NONE',  ( 1.021428571428570908, -0.5980167471650512656, -0.3696555844364371457 ) ) ;
#1931 = CARTESIAN_POINT ( 'NONE',  ( -0.7080575399594893904, -0.6060471229981035934, -0.2353482830850703034 ) ) ;
#1932 = CARTESIAN_POINT ( 'NONE',  ( 0.8428571428571425272, -0.09922490567806474537, 0.2558096015379864308 ) ) ;
#1933 = CARTESIAN_POINT ( 'NONE',  ( -0.1142857142857142683, -0.8199999999999997291, 0.09129738975605995732 ) ) ;
#1934 = AXIS2_PLACEMENT_3D ( 'NONE', #5476, #328, #4125 ) ;
#1935 = CARTESIAN_POINT ( 'NONE',  ( 1.027478715328230763, -0.4985243388942902087, 0.2921918101194014850 ) ) ;
#1936 = CARTESIAN_POINT ( 'NONE',  ( 0.7837333788238374233, -0.1800999342477288268, 0.1843639990662351014 ) ) ;
#1937 = ADVANCED_FACE ( 'NONE', ( #2342 ), #1023, .T. ) ;
#1938 = CARTESIAN_POINT ( 'NONE',  ( 0.05657425114708720254, -0.1717024972026477692, 0.1683716495607036900 ) ) ;
#1939 = CARTESIAN_POINT ( 'NONE',  ( -0.8821951104221026352, -0.3713799536943674373, 0.2960570740434017023 ) ) ;
#1940 = CARTESIAN_POINT ( 'NONE',  ( 0.6142857142857139907, -0.02000000000000005940, 0.09129738975606004059 ) ) ;
#1941 = CARTESIAN_POINT ( 'NONE',  ( -0.1857142857142841941, -0.8199999999999997291, -0.09129738975605987406 ) ) ;
#1942 = EDGE_LOOP ( 'NONE', ( #3456, #2892, #1034, #5000 ) ) ;
#1943 = ORIENTED_EDGE ( 'NONE', *, *, #4939, .T. ) ;
#1944 = CARTESIAN_POINT ( 'NONE',  ( -0.3462533502074345848, -0.6972436067806355720, 0.1146124162314516165 ) ) ;
#1945 = DIRECTION ( 'NONE',  ( 0.0000000000000000000, -1.912293595564983267E-15, -1.000000000000000000 ) ) ;
#1946 = CARTESIAN_POINT ( 'NONE',  ( 0.7678571428571423496, -0.6693959207434931891, 0.3127325929872117327 ) ) ;
#1947 = CARTESIAN_POINT ( 'NONE',  ( -0.4587935557706748213, -0.3048217523715910371, -0.2770090061893602518 ) ) ;
#1948 = CARTESIAN_POINT ( 'NONE',  ( -0.1983464304881201457, -0.1379731755117317993, -0.1023474119894497297 ) ) ;
#1949 = CARTESIAN_POINT ( 'NONE',  ( 0.3785714285714282812, -0.2419832528349483425, -0.3696555844364371457 ) ) ;
#1950 = CARTESIAN_POINT ( 'NONE',  ( 1.003571428571427893, -0.7803875471609672543, -0.1735534956470232149 ) ) ;
#1951 = CARTESIAN_POINT ( 'NONE',  ( -0.6649138189692451739, -0.7199999999995296829, 0.0005543846563165270554 ) ) ;
#1952 = CARTESIAN_POINT ( 'NONE',  ( -1.048797000509201105, -0.3651959473914191401, -0.2949521594456177565 ) ) ;
#1953 = CARTESIAN_POINT ( 'NONE',  ( -0.9914249424246150966, -0.6751031573600233537, -0.1578705391574557748 ) ) ;
#1954 = CARTESIAN_POINT ( 'NONE',  ( 2.311999999999999389, 0.009999999999999892655, -0.06250000000000000000 ) ) ;
#1955 = PLANE ( 'NONE',  #4358 ) ;
#1956 = DIRECTION ( 'NONE',  ( -0.0000000000000000000, -0.0000000000000000000, 1.000000000000000000 ) ) ;
#1957 = CARTESIAN_POINT ( 'NONE',  ( 1.210000000000000631, -0.1108683360957865710, -0.2544528239998987695 ) ) ;
#1958 = CARTESIAN_POINT ( 'NONE',  ( -0.7268924328347124986, -0.5015020576668660635, -0.2887170692272046923 ) ) ;
#1959 = CARTESIAN_POINT ( 'NONE',  ( 0.9178571428571422608, -0.1706040792565065023, -0.3127325929872117327 ) ) ;
#1960 = CARTESIAN_POINT ( 'NONE',  ( -1.014285714285714235, -0.8199999999999997291, 0.09129738975605995732 ) ) ;
#1961 = CARTESIAN_POINT ( 'NONE',  ( 0.7149846941687412194, -0.5710856770731049803, 0.2621359263492895053 ) ) ;
#1962 = CARTESIAN_POINT ( 'NONE',  ( -0.7678571428571426827, -0.6693959207434931891, -0.3127325929872117327 ) ) ;
#1963 = CARTESIAN_POINT ( 'NONE',  ( -0.02763865616612672105, -0.6328905588840777474, 0.2113710109726223696 ) ) ;
#1964 = CARTESIAN_POINT ( 'NONE',  ( -0.9001950102478076809, -0.4835201932298974214, 0.2931986992664580849 ) ) ;
#1965 = CARTESIAN_POINT ( 'NONE',  ( 0.3678571428571426605, -0.1706040792565065023, -0.3127325929872117327 ) ) ;
#1966 = CARTESIAN_POINT ( 'NONE',  ( -0.3464285714285698647, -0.05961245283903229136, 0.1735534956470231871 ) ) ;
#1967 = ORIENTED_EDGE ( 'NONE', *, *, #2764, .F. ) ;
#1968 = EDGE_LOOP ( 'NONE', ( #3060, #2917, #3730, #3282 ) ) ;
#1969 = CARTESIAN_POINT ( 'NONE',  ( -0.3593344649938993718, -0.7179174540691063422, 0.03571866337769269428 ) ) ;
#1970 = CARTESIAN_POINT ( 'NONE',  ( 3.499999999999999112, -0.7199999999999994182, 3.673940397442057649E-17 ) ) ;
#1971 = CARTESIAN_POINT ( 'NONE',  ( 0.3757142857142855563, -0.7199999999999996403, 0.06847304231704488819 ) ) ;
#1972 = CARTESIAN_POINT ( 'NONE',  ( -0.4729570995599960970, -0.2289198306656951565, -0.2312769746262883508 ) ) ;
#1973 = CARTESIAN_POINT ( 'NONE',  ( -0.7385714285714285454, -0.2864874396262112599, 0.2772416883273278176 ) ) ;
#1974 = CARTESIAN_POINT ( 'NONE',  ( 0.5392857142857140351, -0.5090083735825255973, 0.3899711648727292590 ) ) ;
#1975 = DIRECTION ( 'NONE',  ( -0.0000000000000000000, 0.0000000000000000000, -1.000000000000000000 ) ) ;
#1976 = CARTESIAN_POINT ( 'NONE',  ( 0.8778571428571424473, -0.6070469405576197630, 0.2345494447404087579 ) ) ;
#1977 = CARTESIAN_POINT ( 'NONE',  ( -1.053529977911924043, -0.3359371716715774392, -0.2879823180651122083 ) ) ;
#1978 = CARTESIAN_POINT ( 'NONE',  ( -1.002884270604186945, -0.6305725944159386032, -0.2136806399425163205 ) ) ;
#1979 = ORIENTED_EDGE ( 'NONE', *, *, #2825, .F. ) ;
#1980 = CARTESIAN_POINT ( 'NONE',  ( 1.210000000000000409, -0.2347177493189075981, 0.2917699585266426143 ) ) ;
#1981 = LINE ( 'NONE', #2055, #264 ) ;
#1982 = CARTESIAN_POINT ( 'NONE',  ( -0.7220907058156272873, -0.5300615743217212961, -0.2790821148633766957 ) ) ;
#1983 = CARTESIAN_POINT ( 'NONE',  ( 1.367857142857141994, -0.6693959207434931891, 0.3127325929872117327 ) ) ;
#1984 = CARTESIAN_POINT ( 'NONE',  ( -0.6392857142857142350, -0.3309916264174740386, 0.3899711648727292590 ) ) ;
#1985 = CARTESIAN_POINT ( 'NONE',  ( -0.6065932319999973732, -0.5223726310944487583, 0.2819930623739104192 ) ) ;
#1986 = CARTESIAN_POINT ( 'NONE',  ( -0.07857142857142856984, -0.2419832528349483425, 0.3696555844364371457 ) ) ;
#1987 = CARTESIAN_POINT ( 'NONE',  ( 0.0005449555350670793642, -0.4789104437625246735, 0.2941591331179991831 ) ) ;
#1988 = CARTESIAN_POINT ( 'NONE',  ( -0.9045073312205597071, -0.5099605881961998266, 0.2861952932979826003 ) ) ;
#1989 = CARTESIAN_POINT ( 'NONE',  ( 0.3357142857142855763, -0.01999999999999999695, -0.09129738975605992957 ) ) ;
#1990 = CARTESIAN_POINT ( 'NONE',  ( -0.4428571428571413393, -0.7407750943219348905, 0.2558096015379864308 ) ) ;
#1991 = CARTESIAN_POINT ( 'NONE',  ( -0.3278258314484021052, -0.6337122715554772689, 0.2105414923701813823 ) ) ;
#1992 = CARTESIAN_POINT ( 'NONE',  ( 0.9649897174490706941, -0.7199999999922811478, -1.508844386597677808E-06 ) ) ;
#1993 = CARTESIAN_POINT ( 'NONE',  ( 0.01142857142857139387, -0.5535125603737884870, -0.2772416883273278176 ) ) ;
#1994 = CARTESIAN_POINT ( 'NONE',  ( -0.4691939523422178904, -0.2479348215613697837, -0.2457656884695393618 ) ) ;
#1995 = EDGE_CURVE ( 'NONE', #4824, #2442, #4840, .T. ) ;
#1996 = CARTESIAN_POINT ( 'NONE',  ( 0.5821428571428568510, -0.1706040792565065856, 0.3127325929872118437 ) ) ;
#1997 = CARTESIAN_POINT ( 'NONE',  ( -0.07680918273410318464, -0.7109047173675389075, -0.07340497802163595265 ) ) ;
#1998 = CARTESIAN_POINT ( 'NONE',  ( 0.8885714285714279015, -0.5535125603737884870, 0.2772416883273278176 ) ) ;
#1999 = CARTESIAN_POINT ( 'NONE',  ( -1.058583383376695997, -0.3060338947459403380, -0.2775100114216728087 ) ) ;
#2000 = EDGE_CURVE ( 'NONE', #2698, #4346, #2002, .T. ) ;
#2001 = ORIENTED_EDGE ( 'NONE', *, *, #412, .T. ) ;
#2002 = LINE ( 'NONE', #2870, #2868 ) ;
#2003 = EDGE_LOOP ( 'NONE', ( #918, #525, #1167, #3817 ) ) ;
#2004 = LINE ( 'NONE', #758, #3141 ) ;
#2005 = CARTESIAN_POINT ( 'NONE',  ( -0.5575294488306189455, -0.2313371193010337612, 0.2332658585047410471 ) ) ;
#2006 = EDGE_CURVE ( 'NONE', #4126, #1715, #2261, .T. ) ;
#2007 = CARTESIAN_POINT ( 'NONE',  ( -0.7251055286731822314, -0.5123205196920136428, -0.2855021910823396514 ) ) ;
#2008 = CARTESIAN_POINT ( 'NONE',  ( 1.132142857142856451, -0.1706040792565065856, 0.3127325929872118437 ) ) ;
#2009 = CARTESIAN_POINT ( 'NONE',  ( -0.8428571428571428603, -0.09922490567806474537, -0.2558096015379864308 ) ) ;
#2010 = CARTESIAN_POINT ( 'NONE',  ( -0.4614285714285714657, -0.2864874396262113709, -0.2772416883273278732 ) ) ;
#2011 = CARTESIAN_POINT ( 'NONE',  ( -1.153571428571428470, -0.05961245283903235381, -0.1735534956470232704 ) ) ;
#2012 = CARTESIAN_POINT ( 'NONE',  ( -0.03020116703250751850, -0.6438889626135378963, 0.1997899106010914416 ) ) ;
#2013 = CARTESIAN_POINT ( 'NONE',  ( -0.8589942784824647903, -0.2385074530888850186, 0.2391338984692428782 ) ) ;
#2014 = VERTEX_POINT ( 'NONE', #2847 ) ;
#2015 = CARTESIAN_POINT ( 'NONE',  ( 0.2928571428571427049, -0.09922490567806474537, 0.2558096015379864308 ) ) ;
#2016 = CARTESIAN_POINT ( 'NONE',  ( -0.3999999999999985234, -0.4199999999999998734, 0.4102867453090213723 ) ) ;
#2017 = DIRECTION ( 'NONE',  ( 1.000000000000000000, -0.0000000000000000000, -0.0000000000000000000 ) ) ;
#2018 = CARTESIAN_POINT ( 'NONE',  ( 0.4292857142857139929, -0.4867562801868941524, 0.2924783736545468749 ) ) ;
#2019 = CARTESIAN_POINT ( 'NONE',  ( -0.4814198958863707412, -0.1911426551413829833, -0.1940320616737293280 ) ) ;
#2020 = FACE_OUTER_BOUND ( 'NONE', #638, .T. ) ;
#2021 = ORIENTED_EDGE ( 'NONE', *, *, #3169, .T. ) ;
#2022 = CARTESIAN_POINT ( 'NONE',  ( 0.1749999999999999056, -0.8199999999999997291, -4.898587196589411226E-17 ) ) ;
#2023 = CARTESIAN_POINT ( 'NONE',  ( -0.07545416326785787942, -0.7128452643267506605, -0.06518018857672835953 ) ) ;
#2024 = CARTESIAN_POINT ( 'NONE',  ( -0.2165301955571048709, -0.1201505283478156716, 0.009738771519316289857 ) ) ;
#2025 = CARTESIAN_POINT ( 'NONE',  ( -1.042766176016459490, -0.4027540110179138044, -0.2998711748158152113 ) ) ;
#2026 = ORIENTED_EDGE ( 'NONE', *, *, #3347, .T. ) ;
#2027 = DIRECTION ( 'NONE',  ( 0.0000000000000000000, 1.000000000000000000, 0.0000000000000000000 ) ) ;
#2028 = CARTESIAN_POINT ( 'NONE',  ( 1.014978954481853712, -0.5710856706818374651, 0.2621359300329832998 ) ) ;
#2029 = CARTESIAN_POINT ( 'NONE',  ( -0.7696531048312053036, -0.2455920749177163687, -0.2440971650825681238 ) ) ;
#2030 = CARTESIAN_POINT ( 'NONE',  ( -0.3821428571428570620, -0.6693959207434930780, 0.3127325929872118437 ) ) ;
#2031 = CARTESIAN_POINT ( 'NONE',  ( -1.200653618122938804, -0.07523313604521192355, 0.2059901785537333330 ) ) ;
#2032 =( BOUNDED_CURVE ( )  B_SPLINE_CURVE ( 2, ( #4637, #2174, #4718, #790, #4330, #5165, #2502, #481, #848, #2087, #3887, #818, #4243, #5113, #2202 ),
 .UNSPECIFIED., .F., .T. ) 
 B_SPLINE_CURVE_WITH_KNOTS ( ( 3, 2, 2, 2, 2, 2, 2, 3 ),
 ( 0.4285671229025037610, 0.4438730808795783855, 0.4591790491857706824, 0.4744850174919630348, 0.4897909857981553872, 0.5050969541043477395, 0.5204029224105400919, 0.5357089178170876265 ),
 .UNSPECIFIED. ) 
 CURVE ( )  GEOMETRIC_REPRESENTATION_ITEM ( )  RATIONAL_B_SPLINE_CURVE ( ( 1.000000000000000000, 0.9749279121818236193, 1.000000000000000000, 0.9749279121818236193, 1.000000000000000000, 0.9749279121818236193, 1.000000000000000000, 0.9749279121818236193, 1.000000000000000000, 0.9749279121818236193, 1.000000000000000000, 0.9749279121818236193, 1.000000000000000000, 0.9749279121818236193, 1.000000000000000000 ) ) 
 REPRESENTATION_ITEM ( '' )  );
#2033 = EDGE_CURVE ( 'NONE', #1886, #2518, #1981, .T. ) ;
#2034 = CARTESIAN_POINT ( 'NONE',  ( -0.6971428571428570642, -0.6605813207414512611, -0.1918572011534897537 ) ) ;
#2035 = B_SPLINE_CURVE_WITH_KNOTS ( 'NONE', 1,
 ( #5241, #2693 ),
 .UNSPECIFIED., .F., .F.,
 ( 2, 2 ),
 ( 0.0000000000000000000, 1.000000000000000000 ),
 .UNSPECIFIED. ) ;
#2036 = CARTESIAN_POINT ( 'NONE',  ( -0.9285714285714283811, -0.2419832528349483425, 0.3696555844364371457 ) ) ;
#2037 = CIRCLE ( 'NONE', #5448, 0.1999999999999989009 ) ;
#2038 = CARTESIAN_POINT ( 'NONE',  ( -0.02754005549796068042, -0.6324572946325208722, 0.2118064973011773988 ) ) ;
#2039 = CARTESIAN_POINT ( 'NONE',  ( -0.9473827629741622403, -0.7000145285936973938, 0.1080645099963336297 ) ) ;
#2040 = EDGE_LOOP ( 'NONE', ( #5236, #2972, #280, #1967, #3453 ) ) ;
#2041 = CARTESIAN_POINT ( 'NONE',  ( 1.332142857142856185, -0.6693959207434930780, -0.3127325929872118437 ) ) ;
#2042 = CARTESIAN_POINT ( 'NONE',  ( -0.3678571428571413837, -0.1706040792565065023, 0.3127325929872117327 ) ) ;
#2043 = CARTESIAN_POINT ( 'NONE',  ( -0.08499999999999997835, -0.1200000000000000233, 0.0000000000000000000 ) ) ;
#2044 = CARTESIAN_POINT ( 'NONE',  ( 0.9957142857142853298, -0.1200000000000000372, -0.06847304231704492983 ) ) ;
#2045 = CARTESIAN_POINT ( 'NONE',  ( 1.500000000000000444, -0.1200000000000001898, 0.0000000000000000000 ) ) ;
#2046 = CARTESIAN_POINT ( 'NONE',  ( 0.06499999999999991895, -0.7199999999999997513, -3.673940397442057649E-17 ) ) ;
#2047 = CARTESIAN_POINT ( 'NONE',  ( -0.5138615448541292707, -0.1200000048943653114, -0.007275676576959705724 ) ) ;
#2048 =( BOUNDED_CURVE ( )  B_SPLINE_CURVE ( 2, ( #4632, #3325, #1539, #3666, #2497, #3692, #4134, #5483, #2923, #1639, #1614, #234, #2820, #5055, #2397, #3713, #2898 ),
 .UNSPECIFIED., .F., .T. ) 
 B_SPLINE_CURVE_WITH_KNOTS ( ( 3, 2, 2, 2, 2, 2, 2, 2, 3 ),
 ( 0.6097515132063143772, 0.6097517242121597292, 0.6271732020467928326, 0.6445946798814260470, 0.6620161577160591504, 0.6794376355506923648, 0.6968591133853253572, 0.7142805912199585716, 0.7317018158475324663 ),
 .UNSPECIFIED. ) 
 CURVE ( )  GEOMETRIC_REPRESENTATION_ITEM ( )  RATIONAL_B_SPLINE_CURVE ( ( 0.9999993926700064817, 0.9999996963313252385, 1.000000000000000000, 0.9749279121818236193, 1.000000000000000000, 0.9749279121818236193, 1.000000000000000000, 0.9749279121818236193, 1.000000000000000000, 0.9749279121818236193, 1.000000000000000000, 0.9749279121818236193, 1.000000000000000000, 0.9749279121818236193, 1.000000000000000000, 0.9749282765842975929, 0.9999992712056445798 ) ) 
 REPRESENTATION_ITEM ( '' )  );
#2049 = CARTESIAN_POINT ( 'NONE',  ( -0.7599999999999998979, -0.4199999999999998734, 0.3077150589817659876 ) ) ;
#2050 = ORIENTED_EDGE ( 'NONE', *, *, #3771, .F. ) ;
#2051 = CARTESIAN_POINT ( 'NONE',  ( 0.6142857142857139907, -0.02000000000000005940, 0.09129738975606004059 ) ) ;
#2052 = CARTESIAN_POINT ( 'NONE',  ( -0.08410801371647028124, -0.6963568150068871754, -0.1167371595754665425 ) ) ;
#2053 = CARTESIAN_POINT ( 'NONE',  ( -0.2344417374378972574, -0.1444750075225556263, 0.1186954226079471458 ) ) ;
#2054 = CARTESIAN_POINT ( 'NONE',  ( -1.088075877680646286, -0.1665562013717329093, -0.1605266360038797024 ) ) ;
#2055 = CARTESIAN_POINT ( 'NONE',  ( -3.499999999999999112, -0.1699999999999994293, 0.06250000000000000000 ) ) ;
#2056 = CARTESIAN_POINT ( 'NONE',  ( 0.6212364878208752605, -0.6043640297785127791, -0.2399000421497810842 ) ) ;
#2057 = CARTESIAN_POINT ( 'NONE',  ( -0.7258484973171239751, -0.5078518430802571038, -0.2868693839795325440 ) ) ;
#2058 = CARTESIAN_POINT ( 'NONE',  ( -0.5964285714285711970, -0.05961245283903229136, 0.1735534956470231871 ) ) ;
#2059 = EDGE_CURVE ( 'NONE', #2362, #4905, #2048, .T. ) ;
#2060 = CARTESIAN_POINT ( 'NONE',  ( -0.7999999999999997113, -0.4199999999999999845, -0.4102867453090214278 ) ) ;
#2061 = CARTESIAN_POINT ( 'NONE',  ( -0.6007142857142856451, -0.4867562801868940969, 0.2924783736545468749 ) ) ;
#2062 = CARTESIAN_POINT ( 'NONE',  ( -1.035714285714285587, -0.8199999999999997291, -0.09129738975605987406 ) ) ;
#2063 = CARTESIAN_POINT ( 'NONE',  ( -0.2349989163776337320, -0.7199999999999125988, 1.590085905696768655E-07 ) ) ;
#2064 = CARTESIAN_POINT ( 'NONE',  ( -0.01819482129260182116, -0.5868562886117696387, 0.2493170482630076012 ) ) ;
#2065 = CARTESIAN_POINT ( 'NONE',  ( -0.9172854893610098426, -0.5820924867255650170, 0.2525104560235562068 ) ) ;
#2066 = CARTESIAN_POINT ( 'NONE',  ( 1.310714285714284832, -0.5090083735825254863, -0.3899711648727292590 ) ) ;
#2067 = AXIS2_PLACEMENT_3D ( 'NONE', #4455, #1370, #3145 ) ;
#2068 = CARTESIAN_POINT ( 'NONE',  ( -0.6142857142857126584, -0.02000000000000005940, -0.09129738975606002671 ) ) ;
#2069 = EDGE_CURVE ( 'NONE', #1658, #1155, #442, .T. ) ;
#2070 = CARTESIAN_POINT ( 'NONE',  ( -0.3528571428571429247, -0.1794186792585485968, -0.1918572011534898647 ) ) ;
#2071 = CARTESIAN_POINT ( 'NONE',  ( 0.2242856299511265528, -0.7199997661510082470, -0.06847352790947901224 ) ) ;
#2072 = CARTESIAN_POINT ( 'NONE',  ( 0.06785714285714283811, -0.1706040792565065023, -0.3127325929872117327 ) ) ;
#2073 = CARTESIAN_POINT ( 'NONE',  ( 0.1399999999999998745, -0.4199999999999999845, 0.3077150589817659876 ) ) ;
#2074 = CARTESIAN_POINT ( 'NONE',  ( -0.4916584727827346124, -0.1552104129061988302, -0.1410194947872893956 ) ) ;
#2075 = CARTESIAN_POINT ( 'NONE',  ( -1.092142857142857082, -0.6070469405576197630, 0.2345494447404088134 ) ) ;
#2076 = ORIENTED_EDGE ( 'NONE', *, *, #1070, .T. ) ;
#2077 = CARTESIAN_POINT ( 'NONE',  ( 0.8178571428571423940, -0.6693959207434931891, 0.3127325929872117327 ) ) ;
#2078 = DIRECTION ( 'NONE',  ( 1.000000000000000000, 1.268357997058408169E-16, -0.0000000000000000000 ) ) ;
#2079 = CARTESIAN_POINT ( 'NONE',  ( -0.08850443462395417293, -0.6843017263465415168, -0.1419321697179779795 ) ) ;
#2080 = CARTESIAN_POINT ( 'NONE',  ( -0.2400081639808030465, -0.1603107774448949974, 0.1502503346635254422 ) ) ;
#2081 = CARTESIAN_POINT ( 'NONE',  ( -1.091288264098943639, -0.1563186832415889294, -0.1431203540003753161 ) ) ;
#2082 = CARTESIAN_POINT ( 'NONE',  ( 0.6207142857142853298, -0.3532437198131055944, 0.2924783736545468749 ) ) ;
#2083 = CARTESIAN_POINT ( 'NONE',  ( 0.6635714285714282568, -0.1497093396292742684, 0.1301651217352674250 ) ) ;
#2084 = CARTESIAN_POINT ( 'NONE',  ( -0.6066709154711664720, -0.5228273211517117103, 0.2818275494539519421 ) ) ;
#2085 = CARTESIAN_POINT ( 'NONE',  ( -0.7876723789228178285, -0.1678517492487162921, -0.1626467484149145826 ) ) ;
#2086 = CARTESIAN_POINT ( 'NONE',  ( -0.5321428571428570287, -0.1706040792565065856, -0.3127325929872118437 ) ) ;
#2087 = CARTESIAN_POINT ( 'NONE',  ( 0.7814285714285710283, -0.5535125603737884870, -0.2772416883273278176 ) ) ;
#2088 = CARTESIAN_POINT ( 'NONE',  ( -0.2042857142857142094, -0.1200000000000000788, -0.06847304231704502697 ) ) ;
#2089 = CARTESIAN_POINT ( 'NONE',  ( -0.5821428571428570731, -0.1706040792565065856, -0.3127325929872118437 ) ) ;
#2090 = LINE ( 'NONE', #2932, #1837 ) ;
#2091 = CARTESIAN_POINT ( 'NONE',  ( -0.05603684434495803668, -0.7147144244563794491, 0.05607520469129487206 ) ) ;
#2092 = CARTESIAN_POINT ( 'NONE',  ( -0.9296850754568883879, -0.6419098144633959002, 0.2022718925261202672 ) ) ;
#2093 = CARTESIAN_POINT ( 'NONE',  ( 1.224999999999999201, -0.01999999999999999001, 0.0000000000000000000 ) ) ;
#2094 = CARTESIAN_POINT ( 'NONE',  ( -0.7107142857142840775, -0.5090083735825254863, 0.3899711648727292590 ) ) ;
#2095 = PERSON_AND_ORGANIZATION_ROLE ( 'classification_officer' ) ;
#2096 = CARTESIAN_POINT ( 'NONE',  ( -0.3100000000000000533, -0.4199999999999999845, -0.3077150589817659876 ) ) ;
#2097 = CARTESIAN_POINT ( 'NONE',  ( -0.7919702984417668068, -0.1542465273957579486, -0.1392747233682595231 ) ) ;
#2098 = CARTESIAN_POINT ( 'NONE',  ( 0.7614285714285707884, -0.2864874396262113709, 0.2772416883273278732 ) ) ;
#2099 = CARTESIAN_POINT ( 'NONE',  ( -0.5080272976212257818, -0.1232050844694438929, -0.04382236967362306695 ) ) ;
#2100 = CARTESIAN_POINT ( 'NONE',  ( 3.499999999999999112, -0.4199999999999995404, 0.0000000000000000000 ) ) ;
#2101 = ORIENTED_EDGE ( 'NONE', *, *, #3236, .T. ) ;
#2102 = VECTOR ( 'NONE', #2915, 39.37007874015748143 ) ;
#2103 = ORIENTED_EDGE ( 'NONE', *, *, #2825, .T. ) ;
#2104 = CARTESIAN_POINT ( 'NONE',  ( 0.8928571428571425717, -0.09922490567806474537, 0.2558096015379864308 ) ) ;
#2105 = EDGE_CURVE ( 'NONE', #1155, #218, #2004, .T. ) ;
#2106 = CARTESIAN_POINT ( 'NONE',  ( 1.190198522472465825, -0.4213485110933721245, -0.3010265523864795179 ) ) ;
#2107 = CARTESIAN_POINT ( 'NONE',  ( -0.1120288394887735683, -0.5856866822903016301, -0.2500963375790195009 ) ) ;
#2108 = AXIS2_PLACEMENT_3D ( 'NONE', #3908, #4268, #814 ) ;
#2109 = CARTESIAN_POINT ( 'NONE',  ( -0.2458579832500219775, -0.1804515933038366438, 0.1807166520218698169 ) ) ;
#2110 = CARTESIAN_POINT ( 'NONE',  ( -1.091881763775865544, -0.1545541055636002747, -0.1397807327933452692 ) ) ;
#2111 = CARTESIAN_POINT ( 'NONE',  ( -0.5347109931842903841, -0.1451433124171987998, 0.1202248758229942510 ) ) ;
#2112 = CARTESIAN_POINT ( 'NONE',  ( 0.7707142857142853520, -0.4867562801868940969, -0.2924783736545468749 ) ) ;
#2113 = CARTESIAN_POINT ( 'NONE',  ( 0.5992857142857139774, -0.4867562801868941524, 0.2924783736545468749 ) ) ;
#2114 = CARTESIAN_POINT ( 'NONE',  ( -0.6152717981526369950, -0.5713442022511326934, 0.2590878917142563909 ) ) ;
#2115 = CARTESIAN_POINT ( 'NONE',  ( -0.7702029056002621665, -0.2427615952425757895, -0.2420467036677498018 ) ) ;
#2116 = CARTESIAN_POINT ( 'NONE',  ( -0.2749999999999999112, -0.01999999999999999001, 0.0000000000000000000 ) ) ;
#2117 = CARTESIAN_POINT ( 'NONE',  ( 1.210000000000000409, -0.2943552563245666609, -0.3394848724249073801 ) ) ;
#2118 = CARTESIAN_POINT ( 'NONE',  ( -0.06499999999999997446, -0.7199999999999997513, 3.673940397442057649E-17 ) ) ;
#2119 = AXIS2_PLACEMENT_3D ( 'NONE', #1388, #3100, #4807 ) ;
#2120 = CARTESIAN_POINT ( 'NONE',  ( -0.2285714285714285643, -0.5980167471650512656, -0.3696555844364370347 ) ) ;
#2121 = CARTESIAN_POINT ( 'NONE',  ( 0.6571428571428568066, -0.09922490567806467598, -0.2558096015379863752 ) ) ;
#2122 = CARTESIAN_POINT ( 'NONE',  ( -0.6650004588724299781, -0.7199999999999844302, -6.820146811721343172E-08 ) ) ;
#2123 = CARTESIAN_POINT ( 'NONE',  ( -0.9245672865166113530, -0.6188423563851546128, 0.2246385182535199088 ) ) ;
#2124 = CARTESIAN_POINT ( 'NONE',  ( 1.407142857142856363, -0.7407750943219351125, 0.2558096015379863197 ) ) ;
#2125 = CARTESIAN_POINT ( 'NONE',  ( -1.144574847189002931, -0.4650691759600456554, -0.3999999999999994671 ) ) ;
#2126 = APPROVAL_ROLE ( '' ) ;
#2127 = CARTESIAN_POINT ( 'NONE',  ( -1.117857142857142660, -0.6693959207434931891, -0.3127325929872117327 ) ) ;
#2128 = CARTESIAN_POINT ( 'NONE',  ( 3.499999999999999112, -0.6699999999999997069, 3.061616997868384251E-17 ) ) ;
#2129 = CARTESIAN_POINT ( 'NONE',  ( 1.029285714285713693, -0.4867562801868941524, 0.2924783736545468749 ) ) ;
#2130 = DIRECTION ( 'NONE',  ( 1.000000000000000000, 1.268357997058408169E-16, -0.0000000000000000000 ) ) ;
#2131 = CARTESIAN_POINT ( 'NONE',  ( -0.2349989163776337320, -0.7199999999999125988, 1.590085905696768655E-07 ) ) ;
#2132 = EDGE_LOOP ( 'NONE', ( #3649, #2811, #5155, #1365 ) ) ;
#2133 = ORIENTED_EDGE ( 'NONE', *, *, #1012, .T. ) ;
#2134 = CARTESIAN_POINT ( 'NONE',  ( 1.332142857142856185, -0.6693959207434930780, -0.3127325929872118437 ) ) ;
#2135 = CARTESIAN_POINT ( 'NONE',  ( 3.499999999999999112, -0.1199999999999997458, 0.0000000000000000000 ) ) ;
#2136 = CARTESIAN_POINT ( 'NONE',  ( -0.1039833499574308040, -0.6256120159758249422, -0.2184841873553895475 ) ) ;
#2137 = CARTESIAN_POINT ( 'NONE',  ( -0.2621508465766543283, -0.2549517124185656791, 0.2505181011782285361 ) ) ;
#2138 = CARTESIAN_POINT ( 'NONE',  ( -1.067912629527968171, -0.2546184522722407806, -0.2502980932890696009 ) ) ;
#2139 = CARTESIAN_POINT ( 'NONE',  ( -0.5395783825602691319, -0.1589773794994953637, 0.1478756504921393267 ) ) ;
#2140 = ADVANCED_FACE ( 'NONE', ( #310 ), #1212, .T. ) ;
#2141 = CARTESIAN_POINT ( 'NONE',  ( 0.5028571428571426694, -0.6605813207414512611, -0.1918572011534898369 ) ) ;
#2142 = CARTESIAN_POINT ( 'NONE',  ( 0.6099999999999996536, -0.4200000000000000400, 0.3077150589817659876 ) ) ;
#2144 = CARTESIAN_POINT ( 'NONE',  ( -0.5752961160463331280, -0.3288325874895977607, 0.2859210626360127461 ) ) ;
#2143 = CC_DESIGN_SECURITY_CLASSIFICATION ( #3753, ( #5285 ) ) ;
#2145 = CARTESIAN_POINT ( 'NONE',  ( -0.4464285714285713413, -0.7803875471609674763, -0.1735534956470231316 ) ) ;
#2146 = CARTESIAN_POINT ( 'NONE',  ( 0.03374772804071183435, -0.6599000545132649442, -0.1843640136907784832 ) ) ;
#2147 = CARTESIAN_POINT ( 'NONE',  ( -1.050714285714285268, -0.3532437198131055944, -0.2924783736545468749 ) ) ;
#2148 = CARTESIAN_POINT ( 'NONE',  ( -0.4321428571428570509, -0.6693959207434930780, 0.3127325929872118437 ) ) ;
#2149 = CARTESIAN_POINT ( 'NONE',  ( 0.7107142857142852987, -0.5090083735825254863, -0.3899711648727292590 ) ) ;
#2150 = CARTESIAN_POINT ( 'NONE',  ( -0.04640327783148728846, -0.6976042593588648311, 0.1137368965224166417 ) ) ;
#2151 = CARTESIAN_POINT ( 'NONE',  ( -0.9258755770941015095, -0.6249635211764006382, 0.2191102467615919647 ) ) ;
#2152 = CARTESIAN_POINT ( 'NONE',  ( 1.139285714285713569, -0.5090083735825255973, 0.3899711648727292590 ) ) ;
#2153 = CARTESIAN_POINT ( 'NONE',  ( -0.9035714285714268046, -0.05961245283903235381, -0.1735534956470232704 ) ) ;
#2154 = CIRCLE ( 'NONE', #3590, 0.1999999999999978739 ) ;
#2155 = CARTESIAN_POINT ( 'NONE',  ( -0.4707142857142856407, -0.4867562801868940969, 0.2924783736545468749 ) ) ;
#2156 = VECTOR ( 'NONE', #5180, 39.37007874015748143 ) ;
#2157 = CARTESIAN_POINT ( 'NONE',  ( 0.07507098997634582827, -0.1264690478622024217, 0.06197869238171118539 ) ) ;
#2158 = CARTESIAN_POINT ( 'NONE',  ( 1.157857142857142252, -0.2329530594423798728, -0.2345494447404087857 ) ) ;
#2159 = CARTESIAN_POINT ( 'NONE',  ( -0.4882829641491351902, -0.1658657670808527662, -0.1594305924531718710 ) ) ;
#2160 = LINE ( 'NONE', #3873, #1169 ) ;
#2161 = ORIENTED_EDGE ( 'NONE', *, *, #2824, .T. ) ;
#2162 = CARTESIAN_POINT ( 'NONE',  ( 0.8607142857142852099, -0.3309916264174742051, 0.3899711648727292590 ) ) ;
#2163 = CARTESIAN_POINT ( 'NONE',  ( 3.449999999999997513, -0.6699999999999997069, 3.061616997868384251E-17 ) ) ;
#2164 = ORIENTED_EDGE ( 'NONE', *, *, #1012, .F. ) ;
#2165 = CARTESIAN_POINT ( 'NONE',  ( -0.1072913974713842339, -0.6098566237962752545, -0.2322813458863594027 ) ) ;
#2166 = CARTESIAN_POINT ( 'NONE',  ( -0.3928571428571429047, -0.7407750943219348905, 0.2558096015379864308 ) ) ;
#2167 = CARTESIAN_POINT ( 'NONE',  ( -0.3191908493379382872, -0.5920489162739298594, 0.2457772087753026524 ) ) ;
#2168 = CARTESIAN_POINT ( 'NONE',  ( -1.105867008850747624, -0.1254763698309577236, -0.05711853600375529222 ) ) ;
#2169 = CARTESIAN_POINT ( 'NONE',  ( -0.5449188500984974981, -0.1767923175579494133, 0.1761889500312733559 ) ) ;
#2170 = CARTESIAN_POINT ( 'NONE',  ( 0.2135714285714284677, -0.6902906603707253952, -0.1301651217352673973 ) ) ;
#2171 = EDGE_CURVE ( 'NONE', #2442, #1090, #987, .T. ) ;
#2172 = CARTESIAN_POINT ( 'NONE',  ( -0.6166425408769306005, -0.5786698358149409138, 0.2546083028900012479 ) ) ;
#2173 = CARTESIAN_POINT ( 'NONE',  ( -0.6071428571428570953, -0.09922490567806467598, 0.2558096015379863752 ) ) ;
#2174 = CARTESIAN_POINT ( 'NONE',  ( 0.6957142857142852854, -0.1200000000000000372, -0.06847304231704492983 ) ) ;
#2175 = EDGE_CURVE ( 'NONE', #3202, #2362, #3737, .T. ) ;
#2176 = CARTESIAN_POINT ( 'NONE',  ( -0.8149999999999997247, -0.1200000000000000233, 0.0000000000000000000 ) ) ;
#2177 = CARTESIAN_POINT ( 'NONE',  ( -0.7214285714285713080, -0.5980167471650511546, 0.3696555844364371457 ) ) ;
#2178 = CARTESIAN_POINT ( 'NONE',  ( 0.4749999999999997002, -0.8199999999999997291, -4.898587196589411226E-17 ) ) ;
#2179 = CARTESIAN_POINT ( 'NONE',  ( -1.150000000000000133, -0.1904322421153026579, -0.3280275981804625651 ) ) ;
#2180 = DIRECTION ( 'NONE',  ( 1.000000000000000000, 1.149767674101120973E-16, 0.0000000000000000000 ) ) ;
#2181 = CARTESIAN_POINT ( 'NONE',  ( 0.2107142857142855485, -0.3309916264174742051, 0.3899711648727292590 ) ) ;
#2182 = CARTESIAN_POINT ( 'NONE',  ( -0.8714285714285698869, -0.2419832528349484535, -0.3696555844364372012 ) ) ;
#2183 = CARTESIAN_POINT ( 'NONE',  ( -0.5242857142857142438, -0.7199999999999996403, 0.06847304231704497146 ) ) ;
#2184 = CARTESIAN_POINT ( 'NONE',  ( 0.07547832553220615304, -0.1259577846773025367, 0.05949152353000210225 ) ) ;
#2185 = CARTESIAN_POINT ( 'NONE',  ( 1.147142857142856576, -0.1794186792585485413, -0.1918572011534897814 ) ) ;
#2186 = CARTESIAN_POINT ( 'NONE',  ( -0.8162962936498703304, -0.1200969347379713253, 0.008261861411852569961 ) ) ;
#2187 = CARTESIAN_POINT ( 'NONE',  ( -0.2028571428571428192, -0.6605813207414512611, 0.1918572011534898092 ) ) ;
#2188 = MANIFOLD_SOLID_BREP ( 'Cut-Extrude6', #1476 ) ;
#2189 = CARTESIAN_POINT ( 'NONE',  ( 0.7749999999999994671, -0.8199999999999997291, -4.898587196589411226E-17 ) ) ;
#2190 = DIRECTION ( 'NONE',  ( 0.0000000000000000000, 0.0000000000000000000, 1.000000000000000000 ) ) ;
#2191 = EDGE_LOOP ( 'NONE', ( #2354, #862, #5099, #2050 ) ) ;
#2192 = CARTESIAN_POINT ( 'NONE',  ( -0.1072116062925951435, -0.6102498145709368549, -0.2319592288133613678 ) ) ;
#2193 = CARTESIAN_POINT ( 'NONE',  ( -0.5964285714285711970, -0.05961245283903229136, 0.1735534956470231871 ) ) ;
#2194 = CARTESIAN_POINT ( 'NONE',  ( -0.3087640552118721682, -0.5350082435735457054, 0.2770796229571008129 ) ) ;
#2195 = CARTESIAN_POINT ( 'NONE',  ( -3.500000000000000000, -0.4200000000000004285, 0.0000000000000000000 ) ) ;
#2196 = CARTESIAN_POINT ( 'NONE',  ( -0.5506833608511295663, -0.1998072910352260145, 0.2038214931664557028 ) ) ;
#2197 = CIRCLE ( 'NONE', #2642, 0.2999999999999999889 ) ;
#2198 = CARTESIAN_POINT ( 'NONE',  ( 0.7814285714285710283, -0.5535125603737884870, -0.2772416883273278176 ) ) ;
#2199 = CARTESIAN_POINT ( 'NONE',  ( -1.149999999999999467, -0.6857861301590669756, -0.1840723361263891522 ) ) ;
#2200 = CARTESIAN_POINT ( 'NONE',  ( -0.6422087297494011304, -0.6864831954527109703, 0.1379063311971753802 ) ) ;
#2201 = CARTESIAN_POINT ( 'NONE',  ( -0.9285714285714283811, -0.2419832528349483425, 0.3696555844364371457 ) ) ;
#2202 = CARTESIAN_POINT ( 'NONE',  ( 0.8350007922890173573, -0.7199999999999530109, 1.177164345732216122E-07 ) ) ;
#2203 = CARTESIAN_POINT ( 'NONE',  ( -0.3892857142857142350, -0.3309916264174740386, 0.3899711648727292590 ) ) ;
#2204 = CARTESIAN_POINT ( 'NONE',  ( 0.4321428571428569398, -0.6693959207434930780, -0.3127325929872118437 ) ) ;
#2205 = CARTESIAN_POINT ( 'NONE',  ( -1.149999999999999911, -0.1627840872548398377, -0.3068280216325167675 ) ) ;
#2206 = CARTESIAN_POINT ( 'NONE',  ( -0.5153373942151240339, -0.1200066342191734164, 0.002155028912491339238 ) ) ;
#2207 = CARTESIAN_POINT ( 'NONE',  ( 0.4464285714285711193, -0.7803875471609674763, 0.1735534956470231316 ) ) ;
#2208 = CARTESIAN_POINT ( 'NONE',  ( -1.006105578733854644, -0.6156468004537751781, -0.2274916790264541744 ) ) ;
#2209 = CARTESIAN_POINT ( 'NONE',  ( -0.6314285714285716722, -0.2864874396262113709, -0.2772416883273278732 ) ) ;
#2210 = CARTESIAN_POINT ( 'NONE',  ( 3.499999999999999112, -0.4199999999999995404, 0.0000000000000000000 ) ) ;
#2211 = CARTESIAN_POINT ( 'NONE',  ( 0.9542857142857135155, -0.7199999999999996403, -0.06847304231704497146 ) ) ;
#2212 = CARTESIAN_POINT ( 'NONE',  ( -0.8170720891504078542, -0.1202711707413451070, 0.01318021904498276053 ) ) ;
#2213 = CARTESIAN_POINT ( 'NONE',  ( -0.6742856078003267584, -0.1200002952703169701, -0.06847365545217586058 ) ) ;
#2214 = CARTESIAN_POINT ( 'NONE',  ( 3.499999999999999112, -0.4199999999999995404, 0.0000000000000000000 ) ) ;
#2215 =( BOUNDED_SURFACE ( )  B_SPLINE_SURFACE ( 1, 2, ( 
 ( #978, #3536, #1468, #1407, #3176, #3116, #2697, #2273, #137, #1861, #3568, #1441, #5061, #4486, #2118, #5087, #639, #3833, #4612, #2355, #792, #4163, #2879, #2903, #5546, #3742, #3385, #2088, #1644, #3204, #1247, #3331, #3720, #2958, #5436, #3802, #5036, #4139, #1594, #3772, #1217, #3356, #1619, #1190, #2930, #3305, #1673, #290, #764, #4907, #4245, #2010, #4189, #4638, #5009, #368, #1063, #4216, #2505, #4665, #1163, #341, #4585, #5461, #2061, #397, #740, #2450, #2476, #316, #2777, #819, #5489, #2034, #5518, #2532, #4751, #427, #2624, #5139, #4692, #3861, #4719, #876, #2176, #3044, #1331, #2592, #903, #5114, #1700, #3414, #1273, #2986, #3466, #849, #1756, #2560, #13, #4273, #1728, #5167, #4304, #3015, #1301, #456, #2147, #3441, #3888, #39, #3588, #4477, #4394, #3527, #545, #3559, #4815, #3109, #2235 ),
 ( #4845, #1819, #4872, #1906, #2347, #98, #630, #3972, #969, #4784, #3615, #1028, #4366, #1933, #4898, #516, #3642, #4424, #3944, #602, #127, #2687, #2715, #5353, #5267, #3194, #5323, #1460, #3078, #1056, #3137, #5235, #2769, #1399, #1488, #999, #2265, #1852, #5296, #2742, #3166, #1431, #573, #4450, #2294, #4057, #4003, #157, #940, #211, #1880, #2321, #4029, #183, #2657, #4927, #2449, #3304, #3330, #2798, #2426, #5381, #1984, #4138, #2475, #3250, #1543, #5408, #4950, #3770, #1189, #288, #659, #1592, #5035, #4187, #4533, #2060, #1132, #238, #263, #2009, #3719, #4584, #2902, #4611, #5434, #763, #4505, #1516, #339, #3224, #1083, #5008, #2375, #1161, #4085, #1960, #4162, #3670, #2878, #691, #1105, #2823, #2400, #314, #5460, #4111, #3695, #1567, #738, #3276, #4979, #2851, #4558, #2031, #1618, #715, #3741 ) ),
 .UNSPECIFIED., .F., .F., .F. ) 
 B_SPLINE_SURFACE_WITH_KNOTS ( ( 2, 2 ),
 ( 3, 2, 2, 2, 2, 2, 2, 2, 2, 2, 2, 2, 2, 2, 2, 2, 2, 2, 2, 2, 2, 2, 2, 2, 2, 2, 2, 2, 2, 2, 2, 2, 2, 2, 2, 2, 2, 2, 2, 2, 2, 2, 2, 2, 2, 2, 2, 2, 2, 2, 2, 2, 2, 2, 2, 2, 2, 2, 2, 3 ),
 ( 0.0000000000000000000, 1.000000000000000000 ),
 ( 0.0000000000000000000, 0.01428571428571428527, 0.02857142857142857054, 0.04285714285714285754, 0.05714285714285714107, 0.07142857142857142461, 0.08571428571428571508, 0.1000000000000000056, 0.1142857142857142821, 0.1285714285714285587, 0.1428571428571428492, 0.1571428571428571397, 0.1714285714285714302, 0.1857142857142857206, 0.2000000000000000111, 0.2142857142857142738, 0.2285714285714285643, 0.2428571428571428548, 0.2571428571428571175, 0.2714285714285714080, 0.2857142857142856984, 0.2999999999999999889, 0.3142857142857142794, 0.3285714285714285698, 0.3428571428571428603, 0.3571428571428571508, 0.3714285714285714413, 0.3857142857142857317, 0.4000000000000000222, 0.4142857142857143127, 0.4285714285714285476, 0.4428571428571428381, 0.4571428571428571286, 0.4714285714285714191, 0.4857142857142857095, 0.5000000000000000000, 0.5142857142857142350, 0.5285714285714285809, 0.5428571428571428159, 0.5571428571428571619, 0.5714285714285713969, 0.5857142857142857428, 0.5999999999999999778, 0.6142857142857143238, 0.6285714285714285587, 0.6428571428571429047, 0.6571428571428571397, 0.6714285714285713746, 0.6857142857142857206, 0.6999999999999999556, 0.7142857142857143016, 0.7285714285714285365, 0.7428571428571428825, 0.7571428571428571175, 0.7714285714285714635, 0.7857142857142856984, 0.8000000000000000444, 0.8142857142857142794, 0.8200059732611234553, 0.8282060329937347420 ),
 .UNSPECIFIED. ) 
 GEOMETRIC_REPRESENTATION_ITEM ( )  RATIONAL_B_SPLINE_SURFACE ( (
 ( 1.000000000000000000, 0.9749279121818236193, 1.000000000000000000, 0.9749279121818236193, 1.000000000000000000, 0.9749279121818236193, 1.000000000000000000, 0.9749279121818236193, 1.000000000000000000, 0.9749279121818236193, 1.000000000000000000, 0.9749279121818236193, 1.000000000000000000, 0.9749279121818236193, 1.000000000000000000, 0.9749279121818236193, 1.000000000000000000, 0.9749279121818236193, 1.000000000000000000, 0.9749279121818236193, 1.000000000000000000, 0.9749279121818236193, 1.000000000000000000, 0.9749279121818236193, 1.000000000000000000, 0.9749279121818236193, 1.000000000000000000, 0.9749279121818236193, 1.000000000000000000, 0.9749279121818236193, 1.000000000000000000, 0.9749279121818236193, 1.000000000000000000, 0.9749279121818236193, 1.000000000000000000, 0.9749279121818236193, 1.000000000000000000, 0.9749279121818236193, 1.000000000000000000, 0.9749279121818236193, 1.000000000000000000, 0.9749279121818236193, 1.000000000000000000, 0.9749279121818236193, 1.000000000000000000, 0.9749279121818236193, 1.000000000000000000, 0.9749279121818236193, 1.000000000000000000, 0.9749279121818236193, 1.000000000000000000, 0.9749279121818236193, 1.000000000000000000, 0.9749279121818236193, 1.000000000000000000, 0.9749279121818236193, 1.000000000000000000, 0.9749279121818236193, 1.000000000000000000, 0.9749279121818236193, 1.000000000000000000, 0.9749279121818236193, 1.000000000000000000, 0.9749279121818236193, 1.000000000000000000, 0.9749279121818236193, 1.000000000000000000, 0.9749279121818236193, 1.000000000000000000, 0.9749279121818236193, 1.000000000000000000, 0.9749279121818236193, 1.000000000000000000, 0.9749279121818236193, 1.000000000000000000, 0.9749279121818236193, 1.000000000000000000, 0.9749279121818236193, 1.000000000000000000, 0.9749279121818236193, 1.000000000000000000, 0.9749279121818236193, 1.000000000000000000, 0.9749279121818236193, 1.000000000000000000, 0.9749279121818236193, 1.000000000000000000, 0.9749279121818236193, 1.000000000000000000, 0.9749279121818236193, 1.000000000000000000, 0.9749279121818236193, 1.000000000000000000, 0.9749279121818236193, 1.000000000000000000, 0.9749279121818236193, 1.000000000000000000, 0.9749279121818236193, 1.000000000000000000, 0.9749279121818236193, 1.000000000000000000, 0.9749279121818236193, 1.000000000000000000, 0.9749279121818236193, 1.000000000000000000, 0.9749279121818236193, 1.000000000000000000, 0.9749279121818236193, 1.000000000000000000, 0.9749279121818236193, 1.000000000000000000, 0.9749279121818236193, 1.000000000000000000, 0.9749279121818236193, 1.000000000000000000, 0.9899606815238081170, 0.9879612132744761688, 0.9879612132744761688, 0.9879612132744761688),
 ( 1.000000000000000000, 0.9749279121818236193, 1.000000000000000000, 0.9749279121818236193, 1.000000000000000000, 0.9749279121818236193, 1.000000000000000000, 0.9749279121818236193, 1.000000000000000000, 0.9749279121818236193, 1.000000000000000000, 0.9749279121818236193, 1.000000000000000000, 0.9749279121818236193, 1.000000000000000000, 0.9749279121818236193, 1.000000000000000000, 0.9749279121818236193, 1.000000000000000000, 0.9749279121818236193, 1.000000000000000000, 0.9749279121818236193, 1.000000000000000000, 0.9749279121818236193, 1.000000000000000000, 0.9749279121818236193, 1.000000000000000000, 0.9749279121818236193, 1.000000000000000000, 0.9749279121818236193, 1.000000000000000000, 0.9749279121818236193, 1.000000000000000000, 0.9749279121818236193, 1.000000000000000000, 0.9749279121818236193, 1.000000000000000000, 0.9749279121818236193, 1.000000000000000000, 0.9749279121818236193, 1.000000000000000000, 0.9749279121818236193, 1.000000000000000000, 0.9749279121818236193, 1.000000000000000000, 0.9749279121818236193, 1.000000000000000000, 0.9749279121818236193, 1.000000000000000000, 0.9749279121818236193, 1.000000000000000000, 0.9749279121818236193, 1.000000000000000000, 0.9749279121818236193, 1.000000000000000000, 0.9749279121818236193, 1.000000000000000000, 0.9749279121818236193, 1.000000000000000000, 0.9749279121818236193, 1.000000000000000000, 0.9749279121818236193, 1.000000000000000000, 0.9749279121818236193, 1.000000000000000000, 0.9749279121818236193, 1.000000000000000000, 0.9749279121818236193, 1.000000000000000000, 0.9749279121818236193, 1.000000000000000000, 0.9749279121818236193, 1.000000000000000000, 0.9749279121818236193, 1.000000000000000000, 0.9749279121818236193, 1.000000000000000000, 0.9749279121818236193, 1.000000000000000000, 0.9749279121818236193, 1.000000000000000000, 0.9749279121818236193, 1.000000000000000000, 0.9749279121818236193, 1.000000000000000000, 0.9749279121818236193, 1.000000000000000000, 0.9749279121818236193, 1.000000000000000000, 0.9749279121818236193, 1.000000000000000000, 0.9749279121818236193, 1.000000000000000000, 0.9749279121818236193, 1.000000000000000000, 0.9749279121818236193, 1.000000000000000000, 0.9749279121818236193, 1.000000000000000000, 0.9749279121818236193, 1.000000000000000000, 0.9749279121818236193, 1.000000000000000000, 0.9749279121818236193, 1.000000000000000000, 0.9749279121818236193, 1.000000000000000000, 0.9749279121818236193, 1.000000000000000000, 0.9749279121818236193, 1.000000000000000000, 0.9749279121818236193, 1.000000000000000000, 0.9749279121818236193, 1.000000000000000000, 0.9899606815238081170, 0.9879612132744761688, 0.9879612132744761688, 0.9879612132744761688) ) ) 
 REPRESENTATION_ITEM ( '' )  SURFACE ( )  );
#2216 = DIRECTION ( 'NONE',  ( 0.0000000000000000000, 0.0000000000000000000, 1.000000000000000000 ) ) ;
#2217 = ORIENTED_EDGE ( 'NONE', *, *, #2246, .F. ) ;
#2218 = CARTESIAN_POINT ( 'NONE',  ( -0.1517011645992328572, -0.3471831458329892039, -0.2910417304002884675 ) ) ;
#2219 = CARTESIAN_POINT ( 'NONE',  ( -0.5535714285714284921, -0.05961245283903235381, -0.1735534956470232704 ) ) ;
#2220 = CARTESIAN_POINT ( 'NONE',  ( -0.3243779321582168640, -0.6179699741081033926, 0.2254353322710508090 ) ) ;
#2221 = DIRECTION ( 'NONE',  ( 0.0000000000000000000, 1.000000000000000000, 0.0000000000000000000 ) ) ;
#2222 = CARTESIAN_POINT ( 'NONE',  ( -0.4118709828065900136, -0.5865120111658899127, -0.2495471136932708167 ) ) ;
#2223 = CARTESIAN_POINT ( 'NONE',  ( 1.027857142857142136, -0.2329530594423798728, -0.2345494447404087857 ) ) ;
#2224 = CARTESIAN_POINT ( 'NONE',  ( 0.3285714285714283478, -0.2419832528349483425, -0.3696555844364371457 ) ) ;
#2225 = CARTESIAN_POINT ( 'NONE',  ( -0.6346125513670313190, -0.6612208523812691530, 0.1783829593784711509 ) ) ;
#2226 = CARTESIAN_POINT ( 'NONE',  ( 1.210000000000000631, -0.02260597592890834298, -0.04879791862505229727 ) ) ;
#2227 = CARTESIAN_POINT ( 'NONE',  ( -0.7464285714285712192, -0.7803875471609674763, -0.1735534956470231316 ) ) ;
#2228 = CARTESIAN_POINT ( 'NONE',  ( 0.4278571428571426583, -0.2329530594423798728, -0.2345494447404087857 ) ) ;
#2229 = CARTESIAN_POINT ( 'NONE',  ( -1.042857142857142927, -0.7407750943219348905, 0.2558096015379864308 ) ) ;
#2230 = ADVANCED_FACE ( 'NONE', ( #5404 ), #5488, .F. ) ;
#2231 = CARTESIAN_POINT ( 'NONE',  ( 0.6892857142857139463, -0.3309916264174740386, -0.3899711648727292590 ) ) ;
#2232 = CARTESIAN_POINT ( 'NONE',  ( -0.7133384380674915315, -0.5788014409058227505, -0.2545388363394386899 ) ) ;
#2233 = CARTESIAN_POINT ( 'NONE',  ( 0.2964285714285712081, -0.05961245283903229136, -0.1735534956470231871 ) ) ;
#2234 = CARTESIAN_POINT ( 'NONE',  ( 0.3207142857142855075, -0.3532437198131055944, 0.2924783736545468749 ) ) ;
#2235 = CARTESIAN_POINT ( 'NONE',  ( -1.157420396923906747, -0.2228913718249677101, 0.2390928489593141526 ) ) ;
#2236 = CARTESIAN_POINT ( 'NONE',  ( -0.9635714285714284122, -0.1497093396292742684, -0.1301651217352674250 ) ) ;
#2237 = CARTESIAN_POINT ( 'NONE',  ( 0.04599419781051436451, -0.2144909745847978777, 0.2185809827426309915 ) ) ;
#2238 = LINE ( 'NONE', #3947, #739 ) ;
#2239 = CARTESIAN_POINT ( 'NONE',  ( -0.8272523528622609534, -0.1297781054954291469, 0.07607069419609686911 ) ) ;
#2240 = DIRECTION ( 'NONE',  ( 0.0000000000000000000, 1.000000000000000000, 0.0000000000000000000 ) ) ;
#2241 = DIRECTION ( 'NONE',  ( 1.000000000000000000, 1.268357997058408169E-16, -0.0000000000000000000 ) ) ;
#2242 = DIRECTION ( 'NONE',  ( -1.000000000000000000, 0.0000000000000000000, 0.0000000000000000000 ) ) ;
#2243 = ORIENTED_EDGE ( 'NONE', *, *, #5043, .T. ) ;
#2244 = CARTESIAN_POINT ( 'NONE',  ( -0.1587491938397114222, -0.3050774103987805574, -0.2771151692050486948 ) ) ;
#2245 = CARTESIAN_POINT ( 'NONE',  ( -0.4357142857142856651, -0.8199999999999997291, -0.09129738975605987406 ) ) ;
#2246 = EDGE_CURVE ( 'NONE', #5440, #4678, #1707, .T. ) ;
#2247 = CARTESIAN_POINT ( 'NONE',  ( -0.2806469269947506895, -0.3617248705617067683, 0.2942856093620517810 ) ) ;
#2248 = CARTESIAN_POINT ( 'NONE',  ( -1.142731427255333276, -0.1690420394301541951, 0.1649766452753608226 ) ) ;
#2249 = CARTESIAN_POINT ( 'NONE',  ( 0.7142857142857140795, -0.8199999999999997291, -0.09129738975605995732 ) ) ;
#2250 = CARTESIAN_POINT ( 'NONE',  ( -0.4132985901528176131, -0.5790127068740859029, -0.2544088082266646178 ) ) ;
#2251 = CARTESIAN_POINT ( 'NONE',  ( -0.1802166324659775776, -0.1960467406425439596, -0.1997170717978238030 ) ) ;
#2252 = CARTESIAN_POINT ( 'NONE',  ( 1.102857142857142536, -0.6605813207414512611, -0.1918572011534898369 ) ) ;
#2253 = CARTESIAN_POINT ( 'NONE',  ( 0.4035714285714283589, -0.7803875471609672543, -0.1735534956470232149 ) ) ;
#2254 = CARTESIAN_POINT ( 'NONE',  ( -0.6260603699245006482, -0.6257974068947471658, 0.2182829240054376951 ) ) ;
#2255 = CARTESIAN_POINT ( 'NONE',  ( -0.3892489722430256815, -0.6820447684963251156, -0.1460694486550308535 ) ) ;
#2256 = CARTESIAN_POINT ( 'NONE',  ( 0.04999999999999994033, -0.4199999999999999289, -0.4102867453090214278 ) ) ;
#2257 = CARTESIAN_POINT ( 'NONE',  ( -1.110714285714285321, -0.3309916264174742051, -0.3899711648727292590 ) ) ;
#2258 = CARTESIAN_POINT ( 'NONE',  ( 0.4599999999999997424, -0.4199999999999998734, -0.3077150589817659876 ) ) ;
#2259 = CARTESIAN_POINT ( 'NONE',  ( -0.7214285714285713080, -0.5980167471650511546, 0.3696555844364371457 ) ) ;
#2260 = CARTESIAN_POINT ( 'NONE',  ( -1.010714285714285454, -0.5090083735825254863, 0.3899711648727292590 ) ) ;
#2261 =( BOUNDED_CURVE ( )  B_SPLINE_CURVE ( 2, ( #5427, #1586, #3711, #4578, #1154, #281, #4108, #2422, #284, #335, #1127, #260, #3351, #2872, #4606, #4158, #785 ),
 .UNSPECIFIED., .F., .T. ) 
 B_SPLINE_CURVE_WITH_KNOTS ( ( 3, 2, 2, 2, 2, 2, 2, 2, 3 ),
 ( 0.2439006052825703763, 0.2439006896848639194, 0.2613221675194969951, 0.2787436453541301540, 0.2961651231887633129, 0.3135866010233964163, 0.3310080788580295197, 0.3484295566926626786, 0.3658509079238332351 ),
 .UNSPECIFIED. ) 
 CURVE ( )  GEOMETRIC_REPRESENTATION_ITEM ( )  RATIONAL_B_SPLINE_CURVE ( ( 0.9999997570663656798, 0.9999998785325943107, 1.000000000000000000, 0.9749279121818236193, 1.000000000000000000, 0.9749279121818236193, 1.000000000000000000, 0.9749279121818236193, 1.000000000000000000, 0.9749279121818236193, 1.000000000000000000, 0.9749279121818236193, 1.000000000000000000, 0.9749279121818236193, 1.000000000000000000, 0.9749280943829641277, 0.9999996356003670872 ) ) 
 REPRESENTATION_ITEM ( '' )  );
#2262 = CARTESIAN_POINT ( 'NONE',  ( 1.139285714285713569, -0.5090083735825255973, 0.3899711648727292590 ) ) ;
#2263 = CARTESIAN_POINT ( 'NONE',  ( -0.7157983517919747074, -0.5655883611403161870, -0.2623512068640431183 ) ) ;
#2264 = CARTESIAN_POINT ( 'NONE',  ( 0.3714285714285711637, -0.5980167471650511546, -0.3696555844364371457 ) ) ;
#2265 = CARTESIAN_POINT ( 'NONE',  ( -0.3607142857142856540, -0.5090083735825254863, 0.3899711648727292590 ) ) ;
#2266 = CARTESIAN_POINT ( 'NONE',  ( -0.7814285714285713613, -0.5535125603737884870, 0.2772416883273278176 ) ) ;
#2267 =( NAMED_UNIT ( * ) SI_UNIT ( $, .STERADIAN. ) SOLID_ANGLE_UNIT ( ) );
#2268 = CARTESIAN_POINT ( 'NONE',  ( 0.02871247663650878731, -0.3052891093020882463, 0.2772028407088886204 ) ) ;
#2269 = PLANE ( 'NONE',  #4420 ) ;
#2270 = CARTESIAN_POINT ( 'NONE',  ( -0.8319081605476931207, -0.1383945051729833509, 0.1039204462617722008 ) ) ;
#2271 = CARTESIAN_POINT ( 'NONE',  ( -2.311999999999999389, 0.009999999999999892655, -0.06250000000000000000 ) ) ;
#2272 = CARTESIAN_POINT ( 'NONE',  ( -3.449999999999998401, -0.1779385408620370312, -0.06250000000000000000 ) ) ;
#2273 = CARTESIAN_POINT ( 'NONE',  ( 0.01000000000000001235, -0.4199999999999999289, 0.3077150589817659876 ) ) ;
#2274 = EDGE_LOOP ( 'NONE', ( #1126, #5402, #1661, #5269, #949 ) ) ;
#2275 = CARTESIAN_POINT ( 'NONE',  ( -0.1590103074453703413, -0.3035736037998820191, -0.2764876226639470524 ) ) ;
#2276 = CARTESIAN_POINT ( 'NONE',  ( -0.2321428571428570953, -0.1706040792565065856, -0.3127325929872118437 ) ) ;
#2277 = CARTESIAN_POINT ( 'NONE',  ( -0.2970578210900648441, -0.4639925050933822459, 0.2969193847257854402 ) ) ;
#2278 = CARTESIAN_POINT ( 'NONE',  ( -1.135360642204587212, -0.1468253410243934576, 0.1239984376405418309 ) ) ;
#2279 = CARTESIAN_POINT ( 'NONE',  ( 0.7035714285714281813, -0.7803875471609672543, -0.1735534956470232149 ) ) ;
#2280 = CARTESIAN_POINT ( 'NONE',  ( -0.3938052900130752376, -0.6669677638956991172, -0.1703218859873494029 ) ) ;
#2281 = CARTESIAN_POINT ( 'NONE',  ( -0.1916193359762166371, -0.1553270929309046866, -0.1412383659673737413 ) ) ;
#2282 = EDGE_CURVE ( 'NONE', #861, #1184, #4010, .T. ) ;
#2283 = CARTESIAN_POINT ( 'NONE',  ( 1.177857142857142270, -0.6070469405576197630, 0.2345494447404087579 ) ) ;
#2284 = CARTESIAN_POINT ( 'NONE',  ( 0.2857142857142855874, -0.01999999999999999348, -0.09129738975605992957 ) ) ;
#2285 = CARTESIAN_POINT ( 'NONE',  ( -0.6271718765593859990, -0.6308280993800291503, 0.2134698590622529091 ) ) ;
#2286 = CARTESIAN_POINT ( 'NONE',  ( -0.3799003435026712672, -0.7056005802684178763, -0.09195811533480892364 ) ) ;
#2287 = CARTESIAN_POINT ( 'NONE',  ( 0.4678571428571425272, -0.6693959207434931891, 0.3127325929872117327 ) ) ;
#2288 = CARTESIAN_POINT ( 'NONE',  ( -0.8321428571428569620, -0.1706040792565065856, -0.3127325929872118437 ) ) ;
#2289 = AXIS2_PLACEMENT_3D ( 'NONE', #4021, #3580, #929 ) ;
#2290 = CARTESIAN_POINT ( 'NONE',  ( -0.7749999999999999112, -0.8199999999999997291, 4.898587196589411226E-17 ) ) ;
#2291 = CARTESIAN_POINT ( 'NONE',  ( 1.114988248513001379, -0.1200000000100814312, 1.724394712544996077E-06 ) ) ;
#2292 = CARTESIAN_POINT ( 'NONE',  ( -0.6835791521322879261, -0.6976500061295518584, -0.1136258377892660626 ) ) ;
#2293 = CARTESIAN_POINT ( 'NONE',  ( 0.4999999999999996669, -0.4199999999999999845, 0.4102867453090214278 ) ) ;
#2294 = CARTESIAN_POINT ( 'NONE',  ( -0.4464285714285713413, -0.7803875471609674763, -0.1735534956470231316 ) ) ;
#2295 = CARTESIAN_POINT ( 'NONE',  ( -0.6849999999999999423, -0.1200000000000000233, 0.0000000000000000000 ) ) ;
#2296 = CARTESIAN_POINT ( 'NONE',  ( 0.02306869637111059329, -0.3387601409374912387, 0.2889574244034399664 ) ) ;
#2297 = CARTESIAN_POINT ( 'NONE',  ( -3.449999999999998401, -0.4200000000000004285, 0.0000000000000000000 ) ) ;
#2298 = CARTESIAN_POINT ( 'NONE',  ( -0.8287747060295712620, -0.1323551452449216737, 0.08521562371000730718 ) ) ;
#2299 = DIRECTION ( 'NONE',  ( 0.0000000000000000000, -1.000000000000000000, 0.0000000000000000000 ) ) ;
#2300 = ORIENTED_EDGE ( 'NONE', *, *, #1172, .T. ) ;
#2301 = CARTESIAN_POINT ( 'NONE',  ( 2.147139134848051079, -0.1779385408620360320, 0.06250000000000000000 ) ) ;
#2302 = CARTESIAN_POINT ( 'NONE',  ( 0.2462436624293219967, -0.1800999522307515366, -0.1843640224662948524 ) ) ;
#2303 = VERTEX_POINT ( 'NONE', #5181 ) ;
#2304 = CARTESIAN_POINT ( 'NONE',  ( -0.7249999999999998668, -0.8199999999999997291, 4.898587196589411226E-17 ) ) ;
#2305 = CARTESIAN_POINT ( 'NONE',  ( 0.1385714285714285121, -0.2864874396262112599, -0.2772416883273278176 ) ) ;
#2306 = DIRECTION ( 'NONE',  ( 1.000000000000000000, 1.268357997058408169E-16, -0.0000000000000000000 ) ) ;
#2307 = CARTESIAN_POINT ( 'NONE',  ( 0.9928571428571424384, -0.7407750943219348905, -0.2558096015379864308 ) ) ;
#2308 = CARTESIAN_POINT ( 'NONE',  ( -0.4238760696935718331, -0.5195723969423247102, -0.2830260168360552164 ) ) ;
#2309 = CARTESIAN_POINT ( 'NONE',  ( -0.1743539685521912908, -0.2221438838516151815, -0.2255353691782495951 ) ) ;
#2310 = CARTESIAN_POINT ( 'NONE',  ( 1.338571428571427857, -0.2864874396262112599, -0.2772416883273278176 ) ) ;
#2311 = CARTESIAN_POINT ( 'NONE',  ( 0.3499999999999997558, -0.4199999999999998734, -0.4102867453090213723 ) ) ;
#2312 = CARTESIAN_POINT ( 'NONE',  ( -0.6408626336335294660, -0.6823925143277328464, 0.1454322617987262312 ) ) ;
#2313 = VECTOR ( 'NONE', #2666, 39.37007874015748143 ) ;
#2314 = CARTESIAN_POINT ( 'NONE',  ( -0.3774079285338157175, -0.7099632305380695341, -0.07701994785545955569 ) ) ;
#2315 = CARTESIAN_POINT ( 'NONE',  ( 0.1678571428571427326, -0.6693959207434931891, 0.3127325929872117327 ) ) ;
#2316 = CARTESIAN_POINT ( 'NONE',  ( 3.449999999999997513, -0.1779385408620358655, 0.06250000000000000000 ) ) ;
#2317 = CARTESIAN_POINT ( 'NONE',  ( -0.5928571428571427493, -0.09922490567806474537, -0.2558096015379864308 ) ) ;
#2318 = CARTESIAN_POINT ( 'NONE',  ( 0.4337400751251155873, -0.4592698955197171418, 0.3000000016758502253 ) ) ;
#2319 = CARTESIAN_POINT ( 'NONE',  ( -0.6869210234995555275, -0.6890393578792961549, -0.1330934839573425232 ) ) ;
#2320 = CARTESIAN_POINT ( 'NONE',  ( 1.078571428571428070, -0.5980167471650512656, 0.3696555844364370347 ) ) ;
#2321 = CARTESIAN_POINT ( 'NONE',  ( -0.5214285714285714635, -0.2419832528349484257, -0.3696555844364372012 ) ) ;
#2322 = CARTESIAN_POINT ( 'NONE',  ( 1.108727160829684921, -0.1199999961698162837, 0.03926987906179030957 ) ) ;
#2323 = CC_DESIGN_APPROVAL ( #2382, ( #1044 ) ) ;
#2324 = CARTESIAN_POINT ( 'NONE',  ( 0.04736034198524755046, -0.2083369435188421603, 0.2126008677315589235 ) ) ;
#2325 = CARTESIAN_POINT ( 'NONE',  ( -0.8665498058380459723, -0.2786004057816334756, 0.2645889210520414037 ) ) ;
#2326 = CARTESIAN_POINT ( 'NONE',  ( -0.02500000000000000139, -0.01999999999999999001, 0.0000000000000000000 ) ) ;
#2327 = EDGE_LOOP ( 'NONE', ( #5531, #2871, #2833 ) ) ;
#2328 = CARTESIAN_POINT ( 'NONE',  ( -0.2499999999999999722, -0.4199999999999999845, -0.4102867453090214278 ) ) ;
#2329 = DIRECTION ( 'NONE',  ( 1.000000000000000000, 1.268357997058408169E-16, -0.0000000000000000000 ) ) ;
#2330 = ORIENTED_EDGE ( 'NONE', *, *, #4565, .T. ) ;
#2331 = CARTESIAN_POINT ( 'NONE',  ( -0.3454536244226106279, -0.6953103956066231106, 0.1192820361233414977 ) ) ;
#2332 = CARTESIAN_POINT ( 'NONE',  ( 0.7357142857142855430, -0.8199999999999997291, 0.09129738975605987406 ) ) ;
#2333 = CARTESIAN_POINT ( 'NONE',  ( -0.4213035372877791396, -0.5346185535735035188, -0.2772410609951835858 ) ) ;
#2334 = CARTESIAN_POINT ( 'NONE',  ( -0.1768453876832207505, -0.2106021989299620145, -0.2148664503825120364 ) ) ;
#2335 = ORIENTED_EDGE ( 'NONE', *, *, #1180, .T. ) ;
#2336 = CARTESIAN_POINT ( 'NONE',  ( 0.8992857142857137998, -0.4867562801868941524, 0.2924783736545468749 ) ) ;
#2337 = CARTESIAN_POINT ( 'NONE',  ( 0.2428571428571426882, -0.09922490567806474537, 0.2558096015379864863 ) ) ;
#2338 = CARTESIAN_POINT ( 'NONE',  ( 3.499999999999999112, -0.4199999999999995404, 0.0000000000000000000 ) ) ;
#2339 = CARTESIAN_POINT ( 'NONE',  ( -0.3841091117765555452, -0.6963538753055661390, -0.1167441647658710446 ) ) ;
#2340 = CARTESIAN_POINT ( 'NONE',  ( 0.3099999999999998312, -0.4200000000000000400, 0.3077150589817659876 ) ) ;
#2341 = CARTESIAN_POINT ( 'NONE',  ( 0.3928571428571426827, -0.7407750943219348905, -0.2558096015379864308 ) ) ;
#2342 = FACE_OUTER_BOUND ( 'NONE', #198, .T. ) ;
#2343 = CARTESIAN_POINT ( 'NONE',  ( -0.3785714285714284477, -0.2419832528349483425, 0.3696555844364371457 ) ) ;
#2344 = CARTESIAN_POINT ( 'NONE',  ( -1.134999822877555964, -0.7199999999999997513, 1.131957174913228571E-06 ) ) ;
#2345 = CARTESIAN_POINT ( 'NONE',  ( -0.6853792541989904841, -0.6932459004617456122, -0.1242285371518812576 ) ) ;
#2346 = CARTESIAN_POINT ( 'NONE',  ( 0.8857142857142854542, -0.01999999999999999695, -0.09129738975605992957 ) ) ;
#2347 = CARTESIAN_POINT ( 'NONE',  ( -0.01785714285714283533, -0.1706040792565065023, 0.3127325929872117327 ) ) ;
#2348 = ADVANCED_FACE ( 'NONE', ( #78 ), #5210, .T. ) ;
#2349 = CARTESIAN_POINT ( 'NONE',  ( 0.6024868465513004701, -0.4985243816439748898, -0.2921917986307462911 ) ) ;
#2350 = CARTESIAN_POINT ( 'NONE',  ( 0.02846970437536642390, -0.3066908564480247956, 0.2777794533514311714 ) ) ;
#2351 = CARTESIAN_POINT ( 'NONE',  ( -0.8828210226267950711, -0.3752878353303414904, 0.2966597894612366115 ) ) ;
#2352 = CARTESIAN_POINT ( 'NONE',  ( 0.3142857142857141683, -0.02000000000000005940, 0.09129738975606004059 ) ) ;
#2353 = CARTESIAN_POINT ( 'NONE',  ( -0.3785714285714269489, -0.2419832528349483425, 0.3696555844364371457 ) ) ;
#2354 = ORIENTED_EDGE ( 'NONE', *, *, #3659, .F. ) ;
#2355 = CARTESIAN_POINT ( 'NONE',  ( -0.1185714285714285360, -0.5535125603737885980, -0.2772416883273277621 ) ) ;
#2356 = ORIENTED_EDGE ( 'NONE', *, *, #626, .T. ) ;
#2357 = CARTESIAN_POINT ( 'NONE',  ( -0.3470356218336845266, -0.6990971740970867154, 0.1100411490708849693 ) ) ;
#2358 = CARTESIAN_POINT ( 'NONE',  ( 0.2821428571428569732, -0.1706040792565065856, 0.3127325929872118437 ) ) ;
#2359 = CARTESIAN_POINT ( 'NONE',  ( 0.9285714285714278260, -0.2419832528349483425, -0.3696555844364371457 ) ) ;
#2360 = CARTESIAN_POINT ( 'NONE',  ( -0.4781703457569397298, -0.2047846756269463830, -0.2090095760896482913 ) ) ;
#2361 = CARTESIAN_POINT ( 'NONE',  ( -0.1889750032372346511, -0.1635777360688430437, -0.1557464452357382179 ) ) ;
#2362 = VERTEX_POINT ( 'NONE', #1371 ) ;
#2363 = CARTESIAN_POINT ( 'NONE',  ( 0.3892857142857140684, -0.3309916264174740386, -0.3899711648727292590 ) ) ;
#2364 = CARTESIAN_POINT ( 'NONE',  ( 1.089285714285713746, -0.5090083735825255973, 0.3899711648727292590 ) ) ;
#2365 = CARTESIAN_POINT ( 'NONE',  ( 0.9099999999999996980, -0.4200000000000000400, 0.3077150589817659876 ) ) ;
#2366 = CARTESIAN_POINT ( 'NONE',  ( -1.044681818798219197, -0.3908138466559974433, -0.2987156065871406363 ) ) ;
#2367 = VECTOR ( 'NONE', #2306, 39.37007874015748143 ) ;
#2368 = CARTESIAN_POINT ( 'NONE',  ( -0.9723301398424246678, -0.7164501647782729465, -0.04602131790499604941 ) ) ;
#2369 = CARTESIAN_POINT ( 'NONE',  ( 0.2642857142857141795, -0.02000000000000005940, 0.09129738975606004059 ) ) ;
#2370 = CARTESIAN_POINT ( 'NONE',  ( 1.210000000000001519, -0.1669767238980666146, 0.2589151140966670650 ) ) ;
#2371 = CARTESIAN_POINT ( 'NONE',  ( -0.9892857142857139907, -0.3309916264174740386, 0.3899711648727292590 ) ) ;
#2372 = CARTESIAN_POINT ( 'NONE',  ( -3.466739799365841534, -0.1952273313054405102, 0.06250000000000000000 ) ) ;
#2373 = CARTESIAN_POINT ( 'NONE',  ( -0.7509805855479887438, -0.3515859933237367452, -0.2920964043731908988 ) ) ;
#2374 = CARTESIAN_POINT ( 'NONE',  ( 1.357142857142856540, -0.7407750943219351125, 0.2558096015379863197 ) ) ;
#2375 = CARTESIAN_POINT ( 'NONE',  ( -0.9821428571428569843, -0.6693959207434930780, 0.3127325929872118437 ) ) ;
#2376 = CARTESIAN_POINT ( 'NONE',  ( 0.9337305089803948910, -0.6599000679998089369, -0.1843639961416686235 ) ) ;
#2377 = CARTESIAN_POINT ( 'NONE',  ( -0.02682777321534536227, -0.6293181940818385334, 0.2149433168892707913 ) ) ;
#2378 = CARTESIAN_POINT ( 'NONE',  ( -0.8565034600564093159, -0.2262879616194817811, 0.2290771209046794932 ) ) ;
#2379 = CARTESIAN_POINT ( 'NONE',  ( 0.3571428571428570953, -0.09922490567806467598, -0.2558096015379863752 ) ) ;
#2380 = CARTESIAN_POINT ( 'NONE',  ( -0.5392857142857127029, -0.5090083735825255973, -0.3899711648727292590 ) ) ;
#2381 = EDGE_CURVE ( 'NONE', #3174, #1886, #2154, .T. ) ;
#2382 = APPROVAL ( #2483, 'UNSPECIFIED' ) ;
#2383 = ORIENTED_EDGE ( 'NONE', *, *, #2717, .T. ) ;
#2384 = ORIENTED_EDGE ( 'NONE', *, *, #3990, .F. ) ;
#2385 = CARTESIAN_POINT ( 'NONE',  ( 0.1964285714285713413, -0.7803875471609674763, 0.1735534956470231316 ) ) ;
#2386 = CARTESIAN_POINT ( 'NONE',  ( 0.5042857142857138930, -0.1200000000000000788, 0.06847304231704502697 ) ) ;
#2387 = CARTESIAN_POINT ( 'NONE',  ( -0.4495988090049738428, -0.3601943841456067275, -0.2939788129312895792 ) ) ;
#2388 = CARTESIAN_POINT ( 'NONE',  ( 3.499999999999999112, -0.7199999999999994182, 3.673940397442057649E-17 ) ) ;
#2389 = CARTESIAN_POINT ( 'NONE',  ( 0.4964285714285711637, -0.7803875471609674763, 0.1735534956470231316 ) ) ;
#2390 = CONICAL_SURFACE ( 'NONE', #933, 0.2499999999999998612, 0.7853981633974543852 ) ;
#2391 = CARTESIAN_POINT ( 'NONE',  ( 1.196428571428570731, -0.05961245283903229136, -0.1735534956470231871 ) ) ;
#2392 = DIRECTION ( 'NONE',  ( 0.0000000000000000000, 1.000000000000000000, 0.0000000000000000000 ) ) ;
#2393 = CARTESIAN_POINT ( 'NONE',  ( -1.039784073491528682, -0.4213449965750014625, -0.3000032853194502525 ) ) ;
#2394 = CARTESIAN_POINT ( 'NONE',  ( -1.001540625422669972, -0.6365427908289349457, -0.2077358405712354805 ) ) ;
#2395 = ORIENTED_EDGE ( 'NONE', *, *, #5208, .F. ) ;
#2396 = CARTESIAN_POINT ( 'NONE',  ( 1.210000000000000631, -0.3263033794716495017, 0.3100063476052501432 ) ) ;
#2397 = CARTESIAN_POINT ( 'NONE',  ( -0.9635714285714284122, -0.1497093396292742684, -0.1301651217352674250 ) ) ;
#2398 = CARTESIAN_POINT ( 'NONE',  ( -0.7605342955436122931, -0.2948772962189769031, -0.2726618080100144947 ) ) ;
#2399 = CARTESIAN_POINT ( 'NONE',  ( 0.8535714285714280924, -0.05961245283903235381, 0.1735534956470232704 ) ) ;
#2400 = CARTESIAN_POINT ( 'NONE',  ( -1.089285714285713969, -0.5090083735825255973, -0.3899711648727292590 ) ) ;
#2401 = CARTESIAN_POINT ( 'NONE',  ( -0.6018437781214677207, -0.4937564669047624366, 0.2907945484546777259 ) ) ;
#2402 = CARTESIAN_POINT ( 'NONE',  ( -1.057142857142856718, -0.7407750943219351125, -0.2558096015379863197 ) ) ;
#2403 = CARTESIAN_POINT ( 'NONE',  ( -0.001699874397247106827, -0.4928093860546395866, 0.2910435263310046095 ) ) ;
#2404 = CARTESIAN_POINT ( 'NONE',  ( -0.8637109391702944006, -0.2631749363308163447, 0.2557856345150090749 ) ) ;
#2405 = CARTESIAN_POINT ( 'NONE',  ( 0.2392857142857141850, -0.5090083735825255973, 0.3899711648727292590 ) ) ;
#2406 = CARTESIAN_POINT ( 'NONE',  ( -0.3142857142857127251, -0.02000000000000005940, -0.09129738975606002671 ) ) ;
#2407 = ORIENTED_EDGE ( 'NONE', *, *, #2246, .T. ) ;
#2408 = EDGE_CURVE ( 'NONE', #2518, #3983, #1406, .T. ) ;
#2409 = CARTESIAN_POINT ( 'NONE',  ( -0.3557638737760368541, -0.7143901332447935015, 0.05774596024655192367 ) ) ;
#2410 = DIRECTION ( 'NONE',  ( 1.000000000000000000, 1.268357997058408169E-16, -0.0000000000000000000 ) ) ;
#2411 = CARTESIAN_POINT ( 'NONE',  ( 0.3221428571428569532, -0.6070469405576197630, -0.2345494447404088134 ) ) ;
#2412 = CARTESIAN_POINT ( 'NONE',  ( -0.4589016486999383804, -0.3041991407493457311, -0.2767495038980462563 ) ) ;
#2413 = LINE ( 'NONE', #752, #3637 ) ;
#2414 = CARTESIAN_POINT ( 'NONE',  ( 0.1642857142857141739, -0.8199999999999997291, -0.09129738975605995732 ) ) ;
#2415 = CARTESIAN_POINT ( 'NONE',  ( -0.07591427200444578194, -0.7122030666312774150, -0.06797668127776158864 ) ) ;
#2416 = CARTESIAN_POINT ( 'NONE',  ( -0.6645602804233556871, -0.7199871808296788300, 0.002807261400455323547 ) ) ;
#2417 = CARTESIAN_POINT ( 'NONE',  ( -1.053798157499576726, -0.3343133651917832849, -0.2875031788405017497 ) ) ;
#2418 = VECTOR ( 'NONE', #4763, 39.37007874015748143 ) ;
#2419 = EDGE_LOOP ( 'NONE', ( #5074, #4705, #106, #2383, #1231, #708, #1153 ) ) ;
#2420 = CARTESIAN_POINT ( 'NONE',  ( 1.209999999999999964, -0.4016366105246860219, 0.3049121620959678869 ) ) ;
#2421 = ORIENTED_EDGE ( 'NONE', *, *, #1373, .T. ) ;
#2422 = CARTESIAN_POINT ( 'NONE',  ( -0.4385714285714285010, -0.2864874396262112599, 0.2772416883273278176 ) ) ;
#2423 = CARTESIAN_POINT ( 'NONE',  ( -0.5670599685436192861, -0.2814042539338624249, 0.2660847312310937185 ) ) ;
#2424 = CARTESIAN_POINT ( 'NONE',  ( -0.7625971737111396642, -0.2832669230336710697, -0.2671367683235640889 ) ) ;
#2425 = CARTESIAN_POINT ( 'NONE',  ( 0.9499999999999994005, -0.4199999999999999289, -0.4102867453090214278 ) ) ;
#2426 = CARTESIAN_POINT ( 'NONE',  ( -0.6178571428571427715, -0.1706040792565065023, 0.3127325929872117327 ) ) ;
#2427 = CARTESIAN_POINT ( 'NONE',  ( -1.099999999999999645, -0.4199999999999999845, -0.4102867453090214278 ) ) ;
#2428 = CARTESIAN_POINT ( 'NONE',  ( -0.02177963010237344427, -0.6052794332672108979, 0.2360339246785812251 ) ) ;
#2429 = CARTESIAN_POINT ( 'NONE',  ( -0.8915779397484883129, -0.4297908401313866866, 0.3000011824347384448 ) ) ;
#2430 = ORIENTED_EDGE ( 'NONE', *, *, #3691, .F. ) ;
#2431 = CARTESIAN_POINT ( 'NONE',  ( 0.3999999999999997446, -0.4199999999999999289, -0.4102867453090214278 ) ) ;
#2432 = DIRECTION ( 'NONE',  ( 1.000000000000000000, 1.268357997058408169E-16, -0.0000000000000000000 ) ) ;
#2433 = DIRECTION ( 'NONE',  ( 1.000000000000000000, -0.0000000000000000000, -0.0000000000000000000 ) ) ;
#2434 = CARTESIAN_POINT ( 'NONE',  ( -3.449999999999998401, -0.1779385408620370312, 0.06250000000000000000 ) ) ;
#2435 = CARTESIAN_POINT ( 'NONE',  ( 0.3649999999999997136, -0.7199999999999997513, -3.673940397442057649E-17 ) ) ;
#2436 = CARTESIAN_POINT ( 'NONE',  ( -0.4644879422262387370, -0.2728663596639495093, -0.2614874558895870504 ) ) ;
#2437 = CARTESIAN_POINT ( 'NONE',  ( -0.1492857142857142438, -0.3532437198131055389, 0.2924783736545468749 ) ) ;
#2438 = CARTESIAN_POINT ( 'NONE',  ( 0.3464285714285712525, -0.05961245283903229136, -0.1735534956470231871 ) ) ;
#2439 = CARTESIAN_POINT ( 'NONE',  ( 1.164285714285713924, -0.02000000000000005940, 0.09129738975606002671 ) ) ;
#2440 = CYLINDRICAL_SURFACE ( 'NONE', #3001, 0.2999999999999998224 ) ;
#2441 = CARTESIAN_POINT ( 'NONE',  ( -1.050057074363947462, -0.3572875978429667643, -0.2934186501280555692 ) ) ;
#2442 = VERTEX_POINT ( 'NONE', #3596 ) ;
#2443 = VERTEX_POINT ( 'NONE', #4431 ) ;
#2444 = AXIS2_PLACEMENT_3D ( 'NONE', #2297, #4428, #974 ) ;
#2445 = CARTESIAN_POINT ( 'NONE',  ( 0.1707142857142856518, -0.4867562801868940969, -0.2924783736545468749 ) ) ;
#2446 = CARTESIAN_POINT ( 'NONE',  ( 1.114988248513001379, -0.1200000000100814312, 1.724394712544996077E-06 ) ) ;
#2447 = CARTESIAN_POINT ( 'NONE',  ( -0.7681500286240041664, -0.2533568491555944213, -0.2495427705648866068 ) ) ;
#2448 = CARTESIAN_POINT ( 'NONE',  ( -0.4678571428571427493, -0.6693959207434931891, -0.3127325929872117327 ) ) ;
#2449 = CARTESIAN_POINT ( 'NONE',  ( -0.5749999999999998446, -0.01999999999999999001, 0.0000000000000000000 ) ) ;
#2450 = CARTESIAN_POINT ( 'NONE',  ( -0.6328571428571426738, -0.6605813207414512611, 0.1918572011534898369 ) ) ;
#2451 = CARTESIAN_POINT ( 'NONE',  ( -0.02500000000000000139, -0.01999999999999999001, 0.0000000000000000000 ) ) ;
#2452 = CARTESIAN_POINT ( 'NONE',  ( -0.007518754278564804792, -0.5278269103121845385, 0.2800503503049802667 ) ) ;
#2453 = CARTESIAN_POINT ( 'NONE',  ( -0.9343006517031779978, -0.6600639610867718998, 0.1799401005659315433 ) ) ;
#2454 = EDGE_LOOP ( 'NONE', ( #5184, #5362, #5278, #2001, #3345, #5369, #2217 ) ) ;
#2455 = CARTESIAN_POINT ( 'NONE',  ( 0.9999999999999994449, -0.4199999999999999289, -0.4102867453090214278 ) ) ;
#2456 = CARTESIAN_POINT ( 'NONE',  ( -0.1749999999999984623, -0.8199999999999997291, 4.898587196589411226E-17 ) ) ;
#2457 = CARTESIAN_POINT ( 'NONE',  ( -0.09571428571428568233, -0.1200000000000000372, 0.06847304231704492983 ) ) ;
#2458 = CARTESIAN_POINT ( 'NONE',  ( 1.049285714285713711, -0.3532437198131055389, -0.2924783736545468749 ) ) ;
#2459 = CARTESIAN_POINT ( 'NONE',  ( -0.7947566074080327780, -0.1464604572594472853, -0.1233446455544216919 ) ) ;
#2460 = CARTESIAN_POINT ( 'NONE',  ( 0.4078571428571425850, -0.6070469405576197630, 0.2345494447404087579 ) ) ;
#2461 = CARTESIAN_POINT ( 'NONE',  ( -0.4678038920321149763, -0.2551889299655083487, -0.2506838161577185642 ) ) ;
#2462 = CARTESIAN_POINT ( 'NONE',  ( -0.1990367463823851102, -0.1365112920212709080, -0.09827557535843785275 ) ) ;
#2463 = PRODUCT_RELATED_PRODUCT_CATEGORY ( 'detail', '', ( #4880 ) ) ;
#2464 = VERTEX_POINT ( 'NONE', #2272 ) ;
#2465 = CARTESIAN_POINT ( 'NONE',  ( 0.5928571428571426383, -0.09922490567806474537, 0.2558096015379864308 ) ) ;
#2466 = CARTESIAN_POINT ( 'NONE',  ( -0.08394029857846195541, -0.6967704739193644192, -0.1157508884310817915 ) ) ;
#2467 =( BOUNDED_CURVE ( )  B_SPLINE_CURVE ( 2, ( #3754, #2044, #5018, #1629, #5045, #1173, #2458, #4593, #748, #774, #4621, #4198, #2799, #1544, #3168 ),
 .UNSPECIFIED., .F., .T. ) 
 B_SPLINE_CURVE_WITH_KNOTS ( ( 3, 2, 2, 2, 2, 2, 2, 3 ),
 ( 0.6428506590404907683, 0.6581566371652439740, 0.6734626054704085929, 0.6887685737755734339, 0.7040745420807381638, 0.7193805103859028938, 0.7346864786910677347, 0.7499924469962324647 ),
 .UNSPECIFIED. ) 
 CURVE ( )  GEOMETRIC_REPRESENTATION_ITEM ( )  RATIONAL_B_SPLINE_CURVE ( ( 1.000000000000000000, 0.9749279121818236193, 1.000000000000000000, 0.9749279121818236193, 1.000000000000000000, 0.9749279121818236193, 1.000000000000000000, 0.9749279121818236193, 1.000000000000000000, 0.9749279121818236193, 1.000000000000000000, 0.9749279121818236193, 1.000000000000000000, 0.9749279121935030545, 0.9999999999883205648 ) ) 
 REPRESENTATION_ITEM ( '' )  );
#2468 = CARTESIAN_POINT ( 'NONE',  ( -0.2364618953664883727, -0.1497549883175212648, 0.1304210145224258821 ) ) ;
#2469 = CARTESIAN_POINT ( 'NONE',  ( -1.068133204498299849, -0.2534660772585631272, -0.2495324692419530477 ) ) ;
#2470 = CARTESIAN_POINT ( 'NONE',  ( 0.1278571428571428081, -0.2329530594423798728, -0.2345494447404087857 ) ) ;
#2471 = CARTESIAN_POINT ( 'NONE',  ( -1.209999999999999964, -0.4199999999999999845, -0.3077150589817659876 ) ) ;
#2472 = EDGE_CURVE ( 'NONE', #1184, #4974, #36, .T. ) ;
#2473 = CARTESIAN_POINT ( 'NONE',  ( -0.7527706564008217471, -0.3405527001501365558, -0.2893223177111225453 ) ) ;
#2474 = CARTESIAN_POINT ( 'NONE',  ( -0.1249999999999999584, -0.8199999999999997291, 4.898587196589411226E-17 ) ) ;
#2475 = CARTESIAN_POINT ( 'NONE',  ( -0.6607142857142855874, -0.5090083735825254863, 0.3899711648727292590 ) ) ;
#2476 = CARTESIAN_POINT ( 'NONE',  ( -0.6435714285714283500, -0.6902906603707253952, 0.1301651217352673973 ) ) ;
#2477 = CARTESIAN_POINT ( 'NONE',  ( -0.1535714285714285532, -0.7803875471609672543, 0.1735534956470232149 ) ) ;
#2478 = CARTESIAN_POINT ( 'NONE',  ( 0.2499999999999998612, -0.4200000000000000400, 0.4102867453090213723 ) ) ;
#2479 = CARTESIAN_POINT ( 'NONE',  ( -0.01817111384519368503, -0.5867322717233102169, 0.2493999813830670154 ) ) ;
#2480 = CARTESIAN_POINT ( 'NONE',  ( -0.9180352690186169839, -0.5860120853847401445, 0.2499037962983792771 ) ) ;
#2481 = CARTESIAN_POINT ( 'NONE',  ( 1.021428571428570908, -0.5980167471650511546, -0.3696555844364371457 ) ) ;
#2482 = CARTESIAN_POINT ( 'NONE',  ( -1.042857142857141151, -0.7407750943219348905, 0.2558096015379864308 ) ) ;
#2483 = APPROVAL_STATUS ( 'not_yet_approved' ) ;
#2484 = CARTESIAN_POINT ( 'NONE',  ( -0.2028571428571428192, -0.6605813207414512611, 0.1918572011534898369 ) ) ;
#2485 = CARTESIAN_POINT ( 'NONE',  ( 0.1921428571428570597, -0.6070469405576197630, -0.2345494447404088134 ) ) ;
#2486 = DIRECTION ( 'NONE',  ( 0.0000000000000000000, 1.000000000000000000, 0.0000000000000000000 ) ) ;
#2487 = CARTESIAN_POINT ( 'NONE',  ( 0.3007142857142855452, -0.4867562801868940969, -0.2924783736545468749 ) ) ;
#2488 = CARTESIAN_POINT ( 'NONE',  ( -0.4962492293478555361, -0.1427663426529445501, -0.1146364801332575151 ) ) ;
#2489 = CARTESIAN_POINT ( 'NONE',  ( -0.6849999999999999423, -0.1200000000000000233, 0.0000000000000000000 ) ) ;
#2490 = EDGE_LOOP ( 'NONE', ( #3736, #302, #3295, #4176 ) ) ;
#2491 = CARTESIAN_POINT ( 'NONE',  ( 1.128571428571428115, -0.5980167471650512656, 0.3696555844364370347 ) ) ;
#2492 = CARTESIAN_POINT ( 'NONE',  ( 1.146649243871649126, -0.1828444063479293114, -0.1854077347992601488 ) ) ;
#2493 = CARTESIAN_POINT ( 'NONE',  ( -0.1032590205343439926, -0.6288938694546777342, -0.2153285689269179293 ) ) ;
#2494 = CARTESIAN_POINT ( 'NONE',  ( -0.2406325304916976382, -0.1623148253742250358, 0.1536374395537528359 ) ) ;
#2495 = CARTESIAN_POINT ( 'NONE',  ( -1.111597863381158513, -0.1207339999764257821, -0.02156495360163291838 ) ) ;
#2496 = B_SPLINE_CURVE_WITH_KNOTS ( 'NONE', 3,
 ( #1404, #3144, #3565, #4789, #1032, #4820 ),
 .UNSPECIFIED., .F., .F.,
 ( 4, 2, 4 ),
 ( 0.001615865123770394941, 0.002423350151327478223, 0.003230835178884561287 ),
 .UNSPECIFIED. ) ;
#2497 = CARTESIAN_POINT ( 'NONE',  ( -0.8564285714285713169, -0.6902906603707253952, -0.1301651217352673140 ) ) ;
#2498 = DIRECTION ( 'NONE',  ( 1.000000000000000000, -0.0000000000000000000, -0.0000000000000000000 ) ) ;
#2499 = CARTESIAN_POINT ( 'NONE',  ( -0.6033187399186054067, -0.5027972415782488991, 0.2883726068392632458 ) ) ;
#2500 = CARTESIAN_POINT ( 'NONE',  ( -0.7780910758216769141, -0.2051086981519615327, -0.2093531589057747444 ) ) ;
#2501 = CARTESIAN_POINT ( 'NONE',  ( -0.4892857142857141572, -0.5090083735825255973, -0.3899711648727292590 ) ) ;
#2502 = CARTESIAN_POINT ( 'NONE',  ( 0.7492857142857139996, -0.3532437198131055389, -0.2924783736545468749 ) ) ;
#2503 = ADVANCED_FACE ( 'NONE', ( #4373 ), #2390, .T. ) ;
#2504 = B_SPLINE_CURVE_WITH_KNOTS ( 'NONE', 3,
 ( #3766, #3300, #5004, #5484 ),
 .UNSPECIFIED., .F., .F.,
 ( 4, 4 ),
 ( 0.004195868071072436298, 0.004323296494320395290 ),
 .UNSPECIFIED. ) ;
#2505 = CARTESIAN_POINT ( 'NONE',  ( -0.5364285714285712547, -0.1497093396292742407, 0.1301651217352673418 ) ) ;
#2506 = CARTESIAN_POINT ( 'NONE',  ( -0.6249999999999998890, -0.01999999999999999001, 0.0000000000000000000 ) ) ;
#2507 = CARTESIAN_POINT ( 'NONE',  ( 0.05714285714285713413, -0.09922490567806467598, -0.2558096015379863752 ) ) ;
#2508 = CARTESIAN_POINT ( 'NONE',  ( -0.05729584199942699962, -0.7161049624893416343, 0.04834277799689724181 ) ) ;
#2509 = CARTESIAN_POINT ( 'NONE',  ( -0.9047478260502745950, -0.5114031734644507443, 0.2857367276437166592 ) ) ;
#2510 = CARTESIAN_POINT ( 'NONE',  ( 0.9785714285714278704, -0.2419832528349483425, -0.3696555844364371457 ) ) ;
#2511 = CARTESIAN_POINT ( 'NONE',  ( -1.150000000000002798, -0.4199999999999508016, -0.3999999999999998557 ) ) ;
#2512 = PERSON_AND_ORGANIZATION ( #2568, #1152 ) ;
#2513 = CARTESIAN_POINT ( 'NONE',  ( -1.107142857142856762, -0.7407750943219351125, -0.2558096015379863197 ) ) ;
#2514 = DIRECTION ( 'NONE',  ( 1.000000000000000000, 1.268357997058408169E-16, -0.0000000000000000000 ) ) ;
#2515 = CARTESIAN_POINT ( 'NONE',  ( 0.9328571428571421631, -0.6605813207414512611, -0.1918572011534898369 ) ) ;
#2516 = CARTESIAN_POINT ( 'NONE',  ( -0.4912125722491276769, -0.1565532785018526607, -0.1435350918238735007 ) ) ;
#2517 = CARTESIAN_POINT ( 'NONE',  ( -0.9849999999999997646, -0.1200000000000000233, 0.0000000000000000000 ) ) ;
#2518 = VERTEX_POINT ( 'NONE', #163 ) ;
#2519 = ORIENTED_EDGE ( 'NONE', *, *, #305, .T. ) ;
#2520 = CARTESIAN_POINT ( 'NONE',  ( 0.9892857142857137687, -0.3309916264174740386, -0.3899711648727292590 ) ) ;
#2521 = CARTESIAN_POINT ( 'NONE',  ( -1.149999999999999911, -0.08563774435688732700, 0.07179417383282669929 ) ) ;
#2522 = CARTESIAN_POINT ( 'NONE',  ( -0.1119274427661668680, -0.5862167936098975352, -0.2497439185570000109 ) ) ;
#2523 = CARTESIAN_POINT ( 'NONE',  ( -0.2384412112438667741, -0.1555090874376325316, 0.1415791330467418563 ) ) ;
#2524 = CARTESIAN_POINT ( 'NONE',  ( -1.096859398131959207, -0.1413172930333227995, -0.1110677387088132018 ) ) ;
#2525 = CARTESIAN_POINT ( 'NONE',  ( -0.5292930278528573673, -0.1332894284676904850, 0.08830936191041899308 ) ) ;
#2526 = CARTESIAN_POINT ( 'NONE',  ( 0.6421428571428567933, -0.2329530594423799283, 0.2345494447404088134 ) ) ;
#2527 = CARTESIAN_POINT ( 'NONE',  ( 0.6850000336343864404, -0.1200000000000126799, -8.704305666599427795E-08 ) ) ;
#2528 = CARTESIAN_POINT ( 'NONE',  ( -0.5965016302106501689, -0.4605192419737335618, 0.2972704153328374344 ) ) ;
#2529 = CARTESIAN_POINT ( 'NONE',  ( -0.7749319027060017628, -0.2194353077001670871, -0.2231029481980605356 ) ) ;
#2530 = CARTESIAN_POINT ( 'NONE',  ( -0.3178571428571427826, -0.1706040792565065023, 0.3127325929872117327 ) ) ;
#2531 = CARTESIAN_POINT ( 'NONE',  ( 0.002498325924735336507, -0.4985243673937461706, -0.2921918024603923913 ) ) ;
#2532 = CARTESIAN_POINT ( 'NONE',  ( -0.7185714285714285277, -0.5535125603737885980, -0.2772416883273277621 ) ) ;
#2533 = CARTESIAN_POINT ( 'NONE',  ( -0.6678571428571427049, -0.1706040792565065023, 0.3127325929872117327 ) ) ;
#2534 = CARTESIAN_POINT ( 'NONE',  ( 0.4964285714285711637, -0.7803875471609674763, 0.1735534956470231316 ) ) ;
#2535 = CARTESIAN_POINT ( 'NONE',  ( -1.150000000000000133, -0.1137105786691038484, -0.2578650394124334944 ) ) ;
#2536 = CARTESIAN_POINT ( 'NONE',  ( -0.9187193069888811570, -0.5895791205985692063, 0.2474745781906680098 ) ) ;
#2537 = CARTESIAN_POINT ( 'NONE',  ( 1.149999999999999245, -0.4199999999999999845, 0.4102867453090214278 ) ) ;
#2538 = CARTESIAN_POINT ( 'NONE',  ( -0.9999999999999983347, -0.4199999999999998734, 0.4102867453090213723 ) ) ;
#2539 = AXIS2_PLACEMENT_3D ( 'NONE', #3804, #2807, #4640 ) ;
#2540 = DATE_AND_TIME ( #5120, #2588 ) ;
#2541 = CARTESIAN_POINT ( 'NONE',  ( -0.1278571428571428359, -0.2329530594423798728, 0.2345494447404087857 ) ) ;
#2542 = CARTESIAN_POINT ( 'NONE',  ( 0.07316174996119788332, -0.1291397788389765933, 0.07358062842441406848 ) ) ;
#2543 = CARTESIAN_POINT ( 'NONE',  ( 0.8364285714285709661, -0.1497093396292742407, -0.1301651217352673418 ) ) ;
#2544 = CARTESIAN_POINT ( 'NONE',  ( -0.4942944140464186620, -0.1476668253638485917, -0.1260019207078453829 ) ) ;
#2545 = CARTESIAN_POINT ( 'NONE',  ( -3.500000000000000000, -0.4200000000000004285, 0.1999999999999978462 ) ) ;
#2546 = ORIENTED_EDGE ( 'NONE', *, *, #2282, .T. ) ;
#2547 = CONICAL_SURFACE ( 'NONE', #128, 0.2499999999999998612, 0.7853981633974543852 ) ;
#2548 = ORIENTED_EDGE ( 'NONE', *, *, #3247, .T. ) ;
#2549 = CARTESIAN_POINT ( 'NONE',  ( 1.374999999999999112, -0.8199999999999997291, -4.898587196589411226E-17 ) ) ;
#2550 = CARTESIAN_POINT ( 'NONE',  ( -1.150000000000000133, -0.1114871065835735531, 0.1169014805507099797 ) ) ;
#2551 = CARTESIAN_POINT ( 'NONE',  ( -0.1113040087500494213, -0.5894783979269421215, -0.2475648686259303288 ) ) ;
#2552 = CARTESIAN_POINT ( 'NONE',  ( -0.2470358772179783169, -0.1849702849108482983, 0.1865073640745848194 ) ) ;
#2553 = CARTESIAN_POINT ( 'NONE',  ( -1.083762961118477364, -0.1818726938116648206, -0.1827326433007496198 ) ) ;
#2554 = CARTESIAN_POINT ( 'NONE',  ( -0.5685986695137170699, -0.2899800043366247415, 0.2703794374155353841 ) ) ;
#2555 = CARTESIAN_POINT ( 'NONE',  ( 0.3849999999999997868, -0.1200000000000000233, 0.0000000000000000000 ) ) ;
#2556 = CARTESIAN_POINT ( 'NONE',  ( 0.02857142857142854625, -0.2419832528349483425, -0.3696555844364371457 ) ) ;
#2557 = CARTESIAN_POINT ( 'NONE',  ( -0.6069144179356393831, -0.5242487425339856788, 0.2813046279813214978 ) ) ;
#2558 = CARTESIAN_POINT ( 'NONE',  ( -0.2214285714285714191, -0.2419832528349484535, -0.3696555844364372012 ) ) ;
#2559 = CARTESIAN_POINT ( 'NONE',  ( -0.08499999999999997835, -0.1200000000000000233, 0.0000000000000000000 ) ) ;
#2560 = CARTESIAN_POINT ( 'NONE',  ( -0.9542857142857139596, -0.7199999999999996403, 0.06847304231704497146 ) ) ;
#2561 = CARTESIAN_POINT ( 'NONE',  ( -0.2071428571428571008, -0.7407750943219351125, -0.2558096015379863197 ) ) ;
#2562 = CARTESIAN_POINT ( 'NONE',  ( 1.010714285714285010, -0.5090083735825254863, -0.3899711648727292590 ) ) ;
#2563 = CARTESIAN_POINT ( 'NONE',  ( -0.04902330285775122892, -0.7034610729611961988, 0.09835529174947016395 ) ) ;
#2564 = CARTESIAN_POINT ( 'NONE',  ( -0.9191613066837441837, -0.5918820313922479315, 0.2458792162205900023 ) ) ;
#2565 = CARTESIAN_POINT ( 'NONE',  ( 1.160714285714284921, -0.3309916264174742051, 0.3899711648727292590 ) ) ;
#2566 = CARTESIAN_POINT ( 'NONE',  ( 0.2349999999999998757, -0.7199999999999997513, -3.673940397442057649E-17 ) ) ;
#2567 = PERSON_AND_ORGANIZATION ( #2568, #1152 ) ;
#2568 = PERSON ( 'UNSPECIFIED', 'UNSPECIFIED', 'UNSPECIFIED', ('UNSPECIFIED'), ('UNSPECIFIED'), ('UNSPECIFIED') ) ;
#2569 = CARTESIAN_POINT ( 'NONE',  ( -0.3742857142857141106, -0.1200000000000000788, -0.06847304231704502697 ) ) ;
#2570 = AXIS2_PLACEMENT_3D ( 'NONE', #358, #5103, #3455 ) ;
#2571 = CARTESIAN_POINT ( 'NONE',  ( 0.06618547896556760401, -0.1429210780135519721, 0.1150098989335379684 ) ) ;
#2572 = CARTESIAN_POINT ( 'NONE',  ( 1.104285714285713649, -0.1200000000000000788, 0.06847304231704502697 ) ) ;
#2573 = CARTESIAN_POINT ( 'NONE',  ( -0.5093506618209086012, -0.1220707417501455255, -0.03561804252199150811 ) ) ;
#2574 = CARTESIAN_POINT ( 'NONE',  ( -0.9957142857142855519, -0.1200000000000000372, 0.06847304231704492983 ) ) ;
#2575 = ORIENTED_EDGE ( 'NONE', *, *, #1659, .F. ) ;
#2576 = ADVANCED_FACE ( 'NONE', ( #1887 ), #552, .T. ) ;
#2577 = ORIENTED_EDGE ( 'NONE', *, *, #5435, .F. ) ;
#2578 = CARTESIAN_POINT ( 'NONE',  ( 0.9035714285714280258, -0.05961245283903235381, 0.1735534956470232704 ) ) ;
#2579 = CARTESIAN_POINT ( 'NONE',  ( 1.134772167889608108, -0.1444968913460299986, -0.1213129871277500993 ) ) ;
#2580 = CARTESIAN_POINT ( 'NONE',  ( -0.1045805962501509673, -0.6228481156290761600, -0.2210398935067672266 ) ) ;
#2581 = CARTESIAN_POINT ( 'NONE',  ( -0.4999999999999998335, -0.4199999999999999845, -0.4102867453090214278 ) ) ;
#2582 = CARTESIAN_POINT ( 'NONE',  ( -0.2388092219816881911, -0.1566156765371343740, 0.1436303832220523768 ) ) ;
#2583 = CARTESIAN_POINT ( 'NONE',  ( -1.100843460946611341, -0.1329307088944116644, -0.08756808565846817272 ) ) ;
#2584 = CARTESIAN_POINT ( 'NONE',  ( -0.5348652617045800417, -0.1455405407443099430, 0.1211281508071258839 ) ) ;
#2585 = ADVANCED_FACE ( 'NONE', ( #3175 ), #2622, .T. ) ;
#2586 = CARTESIAN_POINT ( 'NONE',  ( 0.3635714285714283789, -0.1497093396292742684, 0.1301651217352674250 ) ) ;
#2587 = DIRECTION ( 'NONE',  ( 1.000000000000000000, 1.268357997058408169E-16, -0.0000000000000000000 ) ) ;
#2589 = CARTESIAN_POINT ( 'NONE',  ( -0.5979158587992191576, -0.4693469152960482171, 0.2959219662468495771 ) ) ;
#2588 = LOCAL_TIME ( 13, 46, 9.000000000000000000, #3338 ) ;
#2590 = CARTESIAN_POINT ( 'NONE',  ( -0.8964285714285713524, -0.05961245283903229136, 0.1735534956470231871 ) ) ;
#2591 = CARTESIAN_POINT ( 'NONE',  ( 1.210000000000000631, -0.2037576426639005345, -0.3146562860988595944 ) ) ;
#2592 = CARTESIAN_POINT ( 'NONE',  ( -0.8471428571428570864, -0.1794186792585485413, 0.1918572011534897814 ) ) ;
#2593 = CARTESIAN_POINT ( 'NONE',  ( -0.1642857142857142294, -0.8199999999999997291, 0.09129738975605995732 ) ) ;
#2594 = CARTESIAN_POINT ( 'NONE',  ( 0.6464285714285711304, -0.05961245283903229136, -0.1735534956470231871 ) ) ;
#2595 = CARTESIAN_POINT ( 'NONE',  ( -0.05585270047741463378, -0.7144962313747643678, 0.05720242230007446110 ) ) ;
#2596 = CARTESIAN_POINT ( 'NONE',  ( -0.9634554389984900657, -0.7198801928013710549, 0.009789108215133910176 ) ) ;
#2597 = CARTESIAN_POINT ( 'NONE',  ( 0.1785714285714285199, -0.5980167471650512656, 0.3696555844364370347 ) ) ;
#2598 = CARTESIAN_POINT ( 'NONE',  ( 3.499999999999999112, -0.7199999999999994182, 3.673940397442057649E-17 ) ) ;
#2599 = CIRCLE ( 'NONE', #5196, 0.2499999999999997502 ) ;
#2600 = CARTESIAN_POINT ( 'NONE',  ( -1.124285714285713889, -0.7199999999999996403, 0.06847304231704497146 ) ) ;
#2601 = VECTOR ( 'NONE', #1706, 39.37007874015748143 ) ;
#2602 = CARTESIAN_POINT ( 'NONE',  ( 0.07556060803464499653, -0.1258565059618636239, 0.05898873349070305611 ) ) ;
#2603 = CARTESIAN_POINT ( 'NONE',  ( 0.9864285714285707662, -0.6902906603707253952, 0.1301651217352673140 ) ) ;
#2604 = CARTESIAN_POINT ( 'NONE',  ( -0.5057882953194670073, -0.1255806021517711091, -0.05759656250827541180 ) ) ;
#2605 = CARTESIAN_POINT ( 'NONE',  ( -1.102857142857142536, -0.6605813207414512611, 0.1918572011534898092 ) ) ;
#2606 = CARTESIAN_POINT ( 'NONE',  ( 0.9999999999999994449, -0.4199999999999999289, -0.4102867453090214278 ) ) ;
#2607 =( BOUNDED_SURFACE ( )  B_SPLINE_SURFACE ( 1, 2, ( 
 ( #4838, #64, #931, #2649, #108, #3954, #82, #556, #3903, #3062, #4406, #4796, #4826, #4767, #981, #920, #3540, #3928, #2638, #3458, #951, #5247, #3984, #1747, #2276, #55, #3034, #1410, #4710, #3119, #2700, #2612, #894, #867, #139, #2669, #446, #3570, #1863, #2166, #5279, #499, #3879, #2245, #1773, #4322, #4348, #1443, #5186, #2581, #4292, #3089, #29, #5157, #2219, #1321, #4739, #473, #2193, #1801, #3483, #1348, #5214, #4377, #527, #3508, #1376, #1831, #1545, #1620, #2304, #1136, #3149, #4190, #1962, #4140, #1164, #4434, #317, #1011, #4164, #5010, #5037, #583, #291, #3252, #3697, #5410, #3672, #2036, #3743, #716, #2726, #4857, #2880, #4087, #240, #4560, #3306, #2062, #1569, #2402, #741, #5382, #5490, #2427, #3721, #4586, #5462, #2827, #2011, #1595, #3332, #3279, #4952, #3774, #1108, #4535, #693 ),
 ( #2451, #4115, #1191, #266, #2852, #1986, #342, #4982, #5437, #2904, #4613, #765, #2477, #2593, #3442, #3467, #2931, #2561, #5519, #2120, #4274, #2625, #3386, #1674, #5547, #5088, #3912, #1332, #428, #793, #1729, #5168, #4332, #4666, #2203, #1274, #369, #398, #2148, #3862, #4720, #3045, #4752, #14, #904, #4639, #1645, #483, #3357, #5062, #5140, #1218, #2089, #2959, #3803, #4305, #2506, #1302, #820, #1248, #2533, #4246, #457, #3016, #4217, #2177, #877, #3889, #3834, #1701, #3415, #5115, #40, #1757, #2987, #4694, #850, #3968, #1394, #1814, #1359, #2683, #123, #3133, #3072, #5263, #510, #4778, #1848, #65, #3555, #1427, #2260, #3493, #5197, #2229, #3522, #4360, #4810, #3939, #4390, #4841, #934, #2651, #93, #995, #5230, #3104, #965, #1784, #541, #4313, #4759, #1681, #4254, #5122, #407, #912, #3394 ) ),
 .UNSPECIFIED., .F., .F., .F. ) 
 B_SPLINE_SURFACE_WITH_KNOTS ( ( 2, 2 ),
 ( 3, 2, 2, 2, 2, 2, 2, 2, 2, 2, 2, 2, 2, 2, 2, 2, 2, 2, 2, 2, 2, 2, 2, 2, 2, 2, 2, 2, 2, 2, 2, 2, 2, 2, 2, 2, 2, 2, 2, 2, 2, 2, 2, 2, 2, 2, 2, 2, 2, 2, 2, 2, 2, 2, 2, 2, 2, 2, 2, 3 ),
 ( 0.0000000000000000000, 1.000000000000000000 ),
 ( 0.0000000000000000000, 0.01428571428571428527, 0.02857142857142857054, 0.04285714285714285754, 0.05714285714285714107, 0.07142857142857142461, 0.08571428571428571508, 0.1000000000000000056, 0.1142857142857142821, 0.1285714285714285587, 0.1428571428571428492, 0.1571428571428571397, 0.1714285714285714302, 0.1857142857142857206, 0.2000000000000000111, 0.2142857142857142738, 0.2285714285714285643, 0.2428571428571428548, 0.2571428571428571175, 0.2714285714285714080, 0.2857142857142856984, 0.2999999999999999889, 0.3142857142857142794, 0.3285714285714285698, 0.3428571428571428603, 0.3571428571428571508, 0.3714285714285714413, 0.3857142857142857317, 0.4000000000000000222, 0.4142857142857143127, 0.4285714285714285476, 0.4428571428571428381, 0.4571428571428571286, 0.4714285714285714191, 0.4857142857142857095, 0.5000000000000000000, 0.5142857142857142350, 0.5285714285714285809, 0.5428571428571428159, 0.5571428571428571619, 0.5714285714285713969, 0.5857142857142857428, 0.5999999999999999778, 0.6142857142857143238, 0.6285714285714285587, 0.6428571428571429047, 0.6571428571428571397, 0.6714285714285713746, 0.6857142857142857206, 0.6999999999999999556, 0.7142857142857143016, 0.7285714285714285365, 0.7428571428571428825, 0.7571428571428571175, 0.7714285714285714635, 0.7857142857142856984, 0.8000000000000000444, 0.8142857142857142794, 0.8200057608673875231, 0.8282058184760614505 ),
 .UNSPECIFIED. ) 
 GEOMETRIC_REPRESENTATION_ITEM ( )  RATIONAL_B_SPLINE_SURFACE ( (
 ( 1.000000000000000000, 0.9749279121818236193, 1.000000000000000000, 0.9749279121818236193, 1.000000000000000000, 0.9749279121818236193, 1.000000000000000000, 0.9749279121818236193, 1.000000000000000000, 0.9749279121818236193, 1.000000000000000000, 0.9749279121818236193, 1.000000000000000000, 0.9749279121818236193, 1.000000000000000000, 0.9749279121818236193, 1.000000000000000000, 0.9749279121818236193, 1.000000000000000000, 0.9749279121818236193, 1.000000000000000000, 0.9749279121818236193, 1.000000000000000000, 0.9749279121818236193, 1.000000000000000000, 0.9749279121818236193, 1.000000000000000000, 0.9749279121818236193, 1.000000000000000000, 0.9749279121818236193, 1.000000000000000000, 0.9749279121818236193, 1.000000000000000000, 0.9749279121818236193, 1.000000000000000000, 0.9749279121818236193, 1.000000000000000000, 0.9749279121818236193, 1.000000000000000000, 0.9749279121818236193, 1.000000000000000000, 0.9749279121818236193, 1.000000000000000000, 0.9749279121818236193, 1.000000000000000000, 0.9749279121818236193, 1.000000000000000000, 0.9749279121818236193, 1.000000000000000000, 0.9749279121818236193, 1.000000000000000000, 0.9749279121818236193, 1.000000000000000000, 0.9749279121818236193, 1.000000000000000000, 0.9749279121818236193, 1.000000000000000000, 0.9749279121818236193, 1.000000000000000000, 0.9749279121818236193, 1.000000000000000000, 0.9749279121818236193, 1.000000000000000000, 0.9749279121818236193, 1.000000000000000000, 0.9749279121818236193, 1.000000000000000000, 0.9749279121818236193, 1.000000000000000000, 0.9749279121818236193, 1.000000000000000000, 0.9749279121818236193, 1.000000000000000000, 0.9749279121818236193, 1.000000000000000000, 0.9749279121818236193, 1.000000000000000000, 0.9749279121818236193, 1.000000000000000000, 0.9749279121818236193, 1.000000000000000000, 0.9749279121818236193, 1.000000000000000000, 0.9749279121818236193, 1.000000000000000000, 0.9749279121818236193, 1.000000000000000000, 0.9749279121818236193, 1.000000000000000000, 0.9749279121818236193, 1.000000000000000000, 0.9749279121818236193, 1.000000000000000000, 0.9749279121818236193, 1.000000000000000000, 0.9749279121818236193, 1.000000000000000000, 0.9749279121818236193, 1.000000000000000000, 0.9749279121818236193, 1.000000000000000000, 0.9749279121818236193, 1.000000000000000000, 0.9749279121818236193, 1.000000000000000000, 0.9749279121818236193, 1.000000000000000000, 0.9749279121818236193, 1.000000000000000000, 0.9749279121818236193, 1.000000000000000000, 0.9749279121818236193, 1.000000000000000000, 0.9749279121818236193, 1.000000000000000000, 0.9899610542846160044, 0.9879613617664360081, 0.9879613617664360081, 0.9879613617664360081),
 ( 1.000000000000000000, 0.9749279121818236193, 1.000000000000000000, 0.9749279121818236193, 1.000000000000000000, 0.9749279121818236193, 1.000000000000000000, 0.9749279121818236193, 1.000000000000000000, 0.9749279121818236193, 1.000000000000000000, 0.9749279121818236193, 1.000000000000000000, 0.9749279121818236193, 1.000000000000000000, 0.9749279121818236193, 1.000000000000000000, 0.9749279121818236193, 1.000000000000000000, 0.9749279121818236193, 1.000000000000000000, 0.9749279121818236193, 1.000000000000000000, 0.9749279121818236193, 1.000000000000000000, 0.9749279121818236193, 1.000000000000000000, 0.9749279121818236193, 1.000000000000000000, 0.9749279121818236193, 1.000000000000000000, 0.9749279121818236193, 1.000000000000000000, 0.9749279121818236193, 1.000000000000000000, 0.9749279121818236193, 1.000000000000000000, 0.9749279121818236193, 1.000000000000000000, 0.9749279121818236193, 1.000000000000000000, 0.9749279121818236193, 1.000000000000000000, 0.9749279121818236193, 1.000000000000000000, 0.9749279121818236193, 1.000000000000000000, 0.9749279121818236193, 1.000000000000000000, 0.9749279121818236193, 1.000000000000000000, 0.9749279121818236193, 1.000000000000000000, 0.9749279121818236193, 1.000000000000000000, 0.9749279121818236193, 1.000000000000000000, 0.9749279121818236193, 1.000000000000000000, 0.9749279121818236193, 1.000000000000000000, 0.9749279121818236193, 1.000000000000000000, 0.9749279121818236193, 1.000000000000000000, 0.9749279121818236193, 1.000000000000000000, 0.9749279121818236193, 1.000000000000000000, 0.9749279121818236193, 1.000000000000000000, 0.9749279121818236193, 1.000000000000000000, 0.9749279121818236193, 1.000000000000000000, 0.9749279121818236193, 1.000000000000000000, 0.9749279121818236193, 1.000000000000000000, 0.9749279121818236193, 1.000000000000000000, 0.9749279121818236193, 1.000000000000000000, 0.9749279121818236193, 1.000000000000000000, 0.9749279121818236193, 1.000000000000000000, 0.9749279121818236193, 1.000000000000000000, 0.9749279121818236193, 1.000000000000000000, 0.9749279121818236193, 1.000000000000000000, 0.9749279121818236193, 1.000000000000000000, 0.9749279121818236193, 1.000000000000000000, 0.9749279121818236193, 1.000000000000000000, 0.9749279121818236193, 1.000000000000000000, 0.9749279121818236193, 1.000000000000000000, 0.9749279121818236193, 1.000000000000000000, 0.9749279121818236193, 1.000000000000000000, 0.9749279121818236193, 1.000000000000000000, 0.9749279121818236193, 1.000000000000000000, 0.9749279121818236193, 1.000000000000000000, 0.9749279121818236193, 1.000000000000000000, 0.9899610542846160044, 0.9879613617664360081, 0.9879613617664360081, 0.9879613617664360081) ) ) 
 REPRESENTATION_ITEM ( '' )  SURFACE ( )  );
#2608 = CARTESIAN_POINT ( 'NONE',  ( -1.149999999999999689, -0.07566867555631090481, 0.04750039521226271516 ) ) ;
#2609 = EDGE_CURVE ( 'NONE', #1574, #4589, #1780, .T. ) ;
#2610 = ORIENTED_EDGE ( 'NONE', *, *, #4396, .F. ) ;
#2611 = CARTESIAN_POINT ( 'NONE',  ( -0.08761527004835852062, -0.6869553571429559691, -0.1369625541941993374 ) ) ;
#2612 = CARTESIAN_POINT ( 'NONE',  ( -0.3071428571428571064, -0.09922490567806467598, 0.2558096015379863752 ) ) ;
#2613 = CARTESIAN_POINT ( 'NONE',  ( -0.3017014113609991499, -0.4928183558932406338, 0.2910414164004774817 ) ) ;
#2614 = CARTESIAN_POINT ( 'NONE',  ( -1.124761277413045102, -0.1262464369557944888, 0.06095456562769415582 ) ) ;
#2615 = CARTESIAN_POINT ( 'NONE',  ( -0.5275325123889802459, -0.1300928220502606536, 0.07777867866836474242 ) ) ;
#2616 = CARTESIAN_POINT ( 'NONE',  ( 0.3742857142857140551, -0.1200000000000000788, 0.06847304231704502697 ) ) ;
#2617 = CARTESIAN_POINT ( 'NONE',  ( 0.007142857142857121817, -0.09922490567806467598, -0.2558096015379863752 ) ) ;
#2618 = CARTESIAN_POINT ( 'NONE',  ( -0.6369575330640949717, -0.6696375769811330203, 0.1664047479767213622 ) ) ;
#2619 = EDGE_CURVE ( 'NONE', #835, #162, #1519, .T. ) ;
#2620 =( BOUNDED_CURVE ( )  B_SPLINE_CURVE ( 2, ( #1479, #255, #2787, #306, #1976, #1998, #3686, #2365, #3185, #3267, #706, #1559, #4496, #4969, #278 ),
 .UNSPECIFIED., .F., .T. ) 
 B_SPLINE_CURVE_WITH_KNOTS ( ( 3, 2, 2, 2, 2, 2, 2, 3 ),
 ( 0.5357089178170876265, 0.5510148590229247967, 0.5663208273291172601, 0.5816267956353096125, 0.5969327639415019648, 0.6122387322476943172, 0.6275447005538867806, 0.6428506590404907683 ),
 .UNSPECIFIED. ) 
 CURVE ( )  GEOMETRIC_REPRESENTATION_ITEM ( )  RATIONAL_B_SPLINE_CURVE ( ( 1.000000000000000000, 0.9749279121818236193, 1.000000000000000000, 0.9749279121818236193, 1.000000000000000000, 0.9749279121818236193, 1.000000000000000000, 0.9749279121818236193, 1.000000000000000000, 0.9749279121818236193, 1.000000000000000000, 0.9749279121818236193, 1.000000000000000000, 0.9749279121818236193, 1.000000000000000000 ) ) 
 REPRESENTATION_ITEM ( '' )  );
#2621 = CARTESIAN_POINT ( 'NONE',  ( -1.089285714285713969, -0.5090083735825255973, -0.3899711648727292590 ) ) ;
#2622 =( BOUNDED_SURFACE ( )  B_SPLINE_SURFACE ( 1, 2, ( 
 ( #947, #3980, #136, #190, #494, #1860, #4792, #3567, #3950, #3146, #4854, #3535, #2748, #3058, #4458, #1008, #608, #3115, #2723, #4822, #977, #2328, #4906, #3621, #3203, #5331, #1495, #1913, #1512, #4446, #964, #1902, #1813, #2343, #121, #3102, #3583, #4418, #1024, #3611, #3220, #597, #2682, #5318, #3521, #4053, #1847, #4809, #5292, #569, #178, #4081, #4894, #2317, #4501, #4389, #3967, #2765, #5228, #2738, #5349, #3554, #4024, #4473, #1392, #2259, #3132, #5261, #625, #1876, #2290, #540, #206, #1424, #4839, #994, #1483, #2712, #1929, #1051, #3189, #4923, #3999, #152, #1078, #3638, #2792, #1456, #655, #3162, #2371, #4869, #4592, #1171, #2938, #20, #5554, #2911, #2966, #4646, #4673, #2513, #2127, #2886, #2995, #3365, #5471, #1709, #3812, #4197, #1225, #4620, #3841, #4224, #4700, #827, #4253 ),
 ( #2043, #2457, #747, #1680, #2541, #3422, #772, #5525, #5094, #5121, #5069, #2484, #1736, #4170, #323, #349, #1283, #436, #376, #800, #1254, #2096, #3393, #406, #3752, #2070, #3782, #2569, #1627, #3448, #856, #3339, #5044, #1198, #5497, #4281, #2155, #3869, #1653, #972, #158, #2183, #4846, #1763, #4312, #5238, #5147, #129, #3473, #884, #1366, #2209, #3529, #1881, #2689, #3945, #2295, #3895, #5175, #546, #1310, #518, #3139, #1339, #99, #2266, #3023, #46, #910, #3051, #3973, #5203, #3918, #4728, #1854, #4758, #2631, #4339, #1401, #463, #3562, #4395, #2236, #1000, #489, #3499, #2716, #3110, #5270, #3079, #1433, #4786, #4425, #4367, #72, #1821, #1791, #2600, #574, #942, #4004, #2660, #4817, #4184, #3589, #2471, #1640, #1489, #5324, #5298, #3326, #3195, #1057, #4478, #4873, #4159, #786 ) ),
 .UNSPECIFIED., .F., .F., .F. ) 
 B_SPLINE_SURFACE_WITH_KNOTS ( ( 2, 2 ),
 ( 3, 2, 2, 2, 2, 2, 2, 2, 2, 2, 2, 2, 2, 2, 2, 2, 2, 2, 2, 2, 2, 2, 2, 2, 2, 2, 2, 2, 2, 2, 2, 2, 2, 2, 2, 2, 2, 2, 2, 2, 2, 2, 2, 2, 2, 2, 2, 2, 2, 2, 2, 2, 2, 2, 2, 2, 2, 2, 3 ),
 ( 0.0000000000000000000, 1.000000000000000000 ),
 ( 0.0000000000000000000, 0.01428571428571428527, 0.02857142857142857054, 0.04285714285714285754, 0.05714285714285714107, 0.07142857142857142461, 0.08571428571428571508, 0.1000000000000000056, 0.1142857142857142821, 0.1285714285714285587, 0.1428571428571428492, 0.1571428571428571397, 0.1714285714285714302, 0.1857142857142857206, 0.2000000000000000111, 0.2142857142857142738, 0.2285714285714285643, 0.2428571428571428548, 0.2571428571428571175, 0.2714285714285714080, 0.2857142857142856984, 0.2999999999999999889, 0.3142857142857142794, 0.3285714285714285698, 0.3428571428571428603, 0.3571428571428571508, 0.3714285714285714413, 0.3857142857142857317, 0.4000000000000000222, 0.4142857142857143127, 0.4285714285714285476, 0.4428571428571428381, 0.4571428571428571286, 0.4714285714285714191, 0.4857142857142857095, 0.5000000000000000000, 0.5142857142857142350, 0.5285714285714285809, 0.5428571428571428159, 0.5571428571428571619, 0.5714285714285713969, 0.5857142857142857428, 0.5999999999999999778, 0.6142857142857143238, 0.6285714285714285587, 0.6428571428571429047, 0.6571428571428571397, 0.6714285714285713746, 0.6857142857142857206, 0.6999999999999999556, 0.7142857142857143016, 0.7285714285714285365, 0.7428571428571428825, 0.7571428571428571175, 0.7714285714285714635, 0.7857142857142856984, 0.8000000000000000444, 0.8142857142857142794, 0.8200058813216701825 ),
 .UNSPECIFIED. ) 
 GEOMETRIC_REPRESENTATION_ITEM ( )  RATIONAL_B_SPLINE_SURFACE ( (
 ( 1.000000000000000000, 0.9749279121818236193, 1.000000000000000000, 0.9749279121818236193, 1.000000000000000000, 0.9749279121818236193, 1.000000000000000000, 0.9749279121818236193, 1.000000000000000000, 0.9749279121818236193, 1.000000000000000000, 0.9749279121818236193, 1.000000000000000000, 0.9749279121818236193, 1.000000000000000000, 0.9749279121818236193, 1.000000000000000000, 0.9749279121818236193, 1.000000000000000000, 0.9749279121818236193, 1.000000000000000000, 0.9749279121818236193, 1.000000000000000000, 0.9749279121818236193, 1.000000000000000000, 0.9749279121818236193, 1.000000000000000000, 0.9749279121818236193, 1.000000000000000000, 0.9749279121818236193, 1.000000000000000000, 0.9749279121818236193, 1.000000000000000000, 0.9749279121818236193, 1.000000000000000000, 0.9749279121818236193, 1.000000000000000000, 0.9749279121818236193, 1.000000000000000000, 0.9749279121818236193, 1.000000000000000000, 0.9749279121818236193, 1.000000000000000000, 0.9749279121818236193, 1.000000000000000000, 0.9749279121818236193, 1.000000000000000000, 0.9749279121818236193, 1.000000000000000000, 0.9749279121818236193, 1.000000000000000000, 0.9749279121818236193, 1.000000000000000000, 0.9749279121818236193, 1.000000000000000000, 0.9749279121818236193, 1.000000000000000000, 0.9749279121818236193, 1.000000000000000000, 0.9749279121818236193, 1.000000000000000000, 0.9749279121818236193, 1.000000000000000000, 0.9749279121818236193, 1.000000000000000000, 0.9749279121818236193, 1.000000000000000000, 0.9749279121818236193, 1.000000000000000000, 0.9749279121818236193, 1.000000000000000000, 0.9749279121818236193, 1.000000000000000000, 0.9749279121818236193, 1.000000000000000000, 0.9749279121818236193, 1.000000000000000000, 0.9749279121818236193, 1.000000000000000000, 0.9749279121818236193, 1.000000000000000000, 0.9749279121818236193, 1.000000000000000000, 0.9749279121818236193, 1.000000000000000000, 0.9749279121818236193, 1.000000000000000000, 0.9749279121818236193, 1.000000000000000000, 0.9749279121818236193, 1.000000000000000000, 0.9749279121818236193, 1.000000000000000000, 0.9749279121818236193, 1.000000000000000000, 0.9749279121818236193, 1.000000000000000000, 0.9749279121818236193, 1.000000000000000000, 0.9749279121818236193, 1.000000000000000000, 0.9749279121818236193, 1.000000000000000000, 0.9749279121818236193, 1.000000000000000000, 0.9749279121818236193, 1.000000000000000000, 0.9749279121818236193, 1.000000000000000000, 0.9749279121818236193, 1.000000000000000000, 0.9749279121818236193, 1.000000000000000000, 0.9749279121818236193, 1.000000000000000000, 0.9899608428817914252, 0.9879612775498729516),
 ( 1.000000000000000000, 0.9749279121818236193, 1.000000000000000000, 0.9749279121818236193, 1.000000000000000000, 0.9749279121818236193, 1.000000000000000000, 0.9749279121818236193, 1.000000000000000000, 0.9749279121818236193, 1.000000000000000000, 0.9749279121818236193, 1.000000000000000000, 0.9749279121818236193, 1.000000000000000000, 0.9749279121818236193, 1.000000000000000000, 0.9749279121818236193, 1.000000000000000000, 0.9749279121818236193, 1.000000000000000000, 0.9749279121818236193, 1.000000000000000000, 0.9749279121818236193, 1.000000000000000000, 0.9749279121818236193, 1.000000000000000000, 0.9749279121818236193, 1.000000000000000000, 0.9749279121818236193, 1.000000000000000000, 0.9749279121818236193, 1.000000000000000000, 0.9749279121818236193, 1.000000000000000000, 0.9749279121818236193, 1.000000000000000000, 0.9749279121818236193, 1.000000000000000000, 0.9749279121818236193, 1.000000000000000000, 0.9749279121818236193, 1.000000000000000000, 0.9749279121818236193, 1.000000000000000000, 0.9749279121818236193, 1.000000000000000000, 0.9749279121818236193, 1.000000000000000000, 0.9749279121818236193, 1.000000000000000000, 0.9749279121818236193, 1.000000000000000000, 0.9749279121818236193, 1.000000000000000000, 0.9749279121818236193, 1.000000000000000000, 0.9749279121818236193, 1.000000000000000000, 0.9749279121818236193, 1.000000000000000000, 0.9749279121818236193, 1.000000000000000000, 0.9749279121818236193, 1.000000000000000000, 0.9749279121818236193, 1.000000000000000000, 0.9749279121818236193, 1.000000000000000000, 0.9749279121818236193, 1.000000000000000000, 0.9749279121818236193, 1.000000000000000000, 0.9749279121818236193, 1.000000000000000000, 0.9749279121818236193, 1.000000000000000000, 0.9749279121818236193, 1.000000000000000000, 0.9749279121818236193, 1.000000000000000000, 0.9749279121818236193, 1.000000000000000000, 0.9749279121818236193, 1.000000000000000000, 0.9749279121818236193, 1.000000000000000000, 0.9749279121818236193, 1.000000000000000000, 0.9749279121818236193, 1.000000000000000000, 0.9749279121818236193, 1.000000000000000000, 0.9749279121818236193, 1.000000000000000000, 0.9749279121818236193, 1.000000000000000000, 0.9749279121818236193, 1.000000000000000000, 0.9749279121818236193, 1.000000000000000000, 0.9749279121818236193, 1.000000000000000000, 0.9749279121818236193, 1.000000000000000000, 0.9749279121818236193, 1.000000000000000000, 0.9749279121818236193, 1.000000000000000000, 0.9749279121818236193, 1.000000000000000000, 0.9749279121818236193, 1.000000000000000000, 0.9749279121818236193, 1.000000000000000000, 0.9899608428817914252, 0.9879612775498729516) ) ) 
 REPRESENTATION_ITEM ( '' )  SURFACE ( )  );
#2623 = CARTESIAN_POINT ( 'NONE',  ( 1.209999999618342370, -0.4200035807672355403, 0.2999999999786165383 ) ) ;
#2624 = CARTESIAN_POINT ( 'NONE',  ( -0.7507142857142855563, -0.3532437198131055944, -0.2924783736545468749 ) ) ;
#2625 = CARTESIAN_POINT ( 'NONE',  ( -0.2499999999999999722, -0.4199999999999999845, -0.4102867453090214278 ) ) ;
#2626 = CARTESIAN_POINT ( 'NONE',  ( 0.8821428571428566734, -0.1706040792565065856, 0.3127325929872118437 ) ) ;
#2627 = CARTESIAN_POINT ( 'NONE',  ( -1.149999999999999689, -0.1813416913456234181, 0.1733989957014042127 ) ) ;
#2628 = DIRECTION ( 'NONE',  ( 1.000000000000000000, -0.0000000000000000000, -0.0000000000000000000 ) ) ;
#2629 = CARTESIAN_POINT ( 'NONE',  ( 0.1678571428571427326, -0.6693959207434931891, 0.3127325929872117327 ) ) ;
#2630 = CARTESIAN_POINT ( 'NONE',  ( -0.9909092179432044123, -0.6767936811272622366, -0.1551088588012627667 ) ) ;
#2631 = CARTESIAN_POINT ( 'NONE',  ( -0.8992857142857140218, -0.4867562801868941524, -0.2924783736545468749 ) ) ;
#2632 = CARTESIAN_POINT ( 'NONE',  ( 0.7399999999999996581, -0.4199999999999999845, 0.3077150589817659876 ) ) ;
#2633 = CARTESIAN_POINT ( 'NONE',  ( 1.210000000000000409, -0.4199999999999998734, 0.0000000000000000000 ) ) ;
#2634 = LINE ( 'NONE', #4285, #2874 ) ;
#2635 = CARTESIAN_POINT ( 'NONE',  ( -3.500000000000000000, -0.4200000000000004285, 0.0000000000000000000 ) ) ;
#2636 = ORIENTED_EDGE ( 'NONE', *, *, #3811, .F. ) ;
#2637 = CARTESIAN_POINT ( 'NONE',  ( -0.1320302601443331392, -0.4696634911119080269, -0.2958677077320513993 ) ) ;
#2638 = CARTESIAN_POINT ( 'NONE',  ( -0.1678571428571428159, -0.6693959207434931891, -0.3127325929872117327 ) ) ;
#2639 = CARTESIAN_POINT ( 'NONE',  ( -0.3135413059015768611, -0.5619695027889773931, 0.2643686276543313896 ) ) ;
#2640 = FACE_OUTER_BOUND ( 'NONE', #1550, .T. ) ;
#2641 = CARTESIAN_POINT ( 'NONE',  ( -0.4121425703418574726, -0.5850918226655723586, -0.2504894099155683396 ) ) ;
#2642 = AXIS2_PLACEMENT_3D ( 'NONE', #4238, #2587, #899 ) ;
#2643 = CARTESIAN_POINT ( 'NONE',  ( 0.05714285714285713413, -0.09922490567806467598, -0.2558096015379863752 ) ) ;
#2644 = EDGE_CURVE ( 'NONE', #5532, #3678, #2504, .T. ) ;
#2645 = CARTESIAN_POINT ( 'NONE',  ( 0.5885714285714283012, -0.5535125603737884870, 0.2772416883273278176 ) ) ;
#2646 = CARTESIAN_POINT ( 'NONE',  ( -0.6454054343097481716, -0.6951492922031752286, 0.1195533988310170798 ) ) ;
#2647 = CARTESIAN_POINT ( 'NONE',  ( -0.3837823986467658877, -0.6971570493358333342, -0.1148214807416871458 ) ) ;
#2648 = CARTESIAN_POINT ( 'NONE',  ( -0.9071428571428570287, -0.09922490567806467598, 0.2558096015379863752 ) ) ;
#2649 = CARTESIAN_POINT ( 'NONE',  ( -0.007142857142857135695, -0.09922490567806467598, 0.2558096015379863752 ) ) ;
#2650 = EDGE_CURVE ( 'NONE', #2943, #3789, #4530, .T. ) ;
#2651 = CARTESIAN_POINT ( 'NONE',  ( -1.128571428571428337, -0.5980167471650512656, -0.3696555844364370347 ) ) ;
#2652 = CARTESIAN_POINT ( 'NONE',  ( 0.9357142857142853876, -0.01999999999999999348, -0.09129738975605992957 ) ) ;
#2653 = CARTESIAN_POINT ( 'NONE',  ( -0.7123237054889530739, -0.5841304473157034050, -0.2511215834817016046 ) ) ;
#2654 = PLANE ( 'NONE',  #3274 ) ;
#2655 = CARTESIAN_POINT ( 'NONE',  ( 0.1249999999999999029, -0.8199999999999997291, -4.898587196589411226E-17 ) ) ;
#2656 = CARTESIAN_POINT ( 'NONE',  ( 0.3635714285714283789, -0.1497093396292742684, 0.1301651217352674250 ) ) ;
#2657 = CARTESIAN_POINT ( 'NONE',  ( -0.5535714285714284921, -0.05961245283903235381, -0.1735534956470232704 ) ) ;
#2658 = EDGE_CURVE ( 'NONE', #3318, #4589, #2899, .T. ) ;
#2659 = CONICAL_SURFACE ( 'NONE', #5259, 0.1999999999999989009, 0.7853981633974415066 ) ;
#2660 = CARTESIAN_POINT ( 'NONE',  ( -1.167142857142857038, -0.6605813207414512611, -0.1918572011534897537 ) ) ;
#2661 = CARTESIAN_POINT ( 'NONE',  ( 0.07405444939171652863, -0.1278411979014754118, 0.06816655073896464578 ) ) ;
#2662 = DIRECTION ( 'NONE',  ( 1.000000000000000000, 1.149767674101120973E-16, -0.0000000000000000000 ) ) ;
#2663 = CARTESIAN_POINT ( 'NONE',  ( -0.8303930686350938783, -0.1352667984040922811, 0.09491029109489478033 ) ) ;
#2664 = CARTESIAN_POINT ( 'NONE',  ( -0.5992857142857141994, -0.4867562801868941524, -0.2924783736545468749 ) ) ;
#2665 = DIRECTION ( 'NONE',  ( 1.000000000000000000, 1.268357997058408169E-16, -0.0000000000000000000 ) ) ;
#2666 = DIRECTION ( 'NONE',  ( -0.7071067811865523467, 0.0000000000000000000, 0.7071067811865426878 ) ) ;
#2667 = ORIENTED_EDGE ( 'NONE', *, *, #1210, .T. ) ;
#2668 = CARTESIAN_POINT ( 'NONE',  ( -0.1575279514368655986, -0.3121196131518400030, -0.2800291873769916173 ) ) ;
#2669 = CARTESIAN_POINT ( 'NONE',  ( -0.3499999999999999223, -0.4199999999999999289, 0.4102867453090214278 ) ) ;
#2670 = CARTESIAN_POINT ( 'NONE',  ( -0.2738503506920575981, -0.3202756660523128907, 0.2829726442590240754 ) ) ;
#2671 = CARTESIAN_POINT ( 'NONE',  ( -1.136242956868251275, -0.1491594926590723569, 0.1291005658339142714 ) ) ;
#2672 = CARTESIAN_POINT ( 'NONE',  ( -0.4026261583184386206, -0.6317230403702430719, -0.2125411222202802652 ) ) ;
#2673 = CARTESIAN_POINT ( 'NONE',  ( -0.1761432708298994176, -0.2137712610097479704, -0.2179313964441225993 ) ) ;
#2674 = CARTESIAN_POINT ( 'NONE',  ( 1.124285714285713667, -0.7199999999999996403, -0.06847304231704497146 ) ) ;
#2675 = B_SPLINE_CURVE_WITH_KNOTS ( 'NONE', 3,
 ( #621, #1842, #1480, #4774, #4835, #1809, #148, #4443, #4415, #593, #1021, #2314, #2678, #2286, #3186, #4891, #2647, #991, #1385, #2709, #2339, #1781, #506, #3098, #5256, #4805, #960, #4385, #536, #2255, #1420, #117, #3128, #566, #3995, #5289, #1453, #3159, #2280, #4464, #3153, #3065, #4861, #3988, #2672, #5251, #1379, #587, #985, #3181, #1016, #2754, #531, #4830, #3603, #1447, #502, #923, #4770, #143, #2730, #5309, #2222, #1867, #1473, #4351, #4016, #1415, #2641, #3511, #3123, #2250, #3931, #2704, #4410, #2333, #560, #4886, #86, #3574, #1805, #3958, #5283, #4438, #2308, #1041, #169, #1893, #4042, #614, #3545, #196, #1919, #5189, #1351, #5217, #3092, #4799, #955, #4380, #112, #1835, #5419, #1502, #3728, #702, #2862, #4912, #725, #2387, #5021, #2809, #1555, #751, #4518, #1176, #5446, #1605, #1578, #1947, #4099, #2412, #3655, #3209, #2837, #3289, #4124, #1068, #274, #2436, #4070, #2461, #224, #2782, #4491, #4937, #5366, #3263, #1994, #4174, #2890, #677, #1972, #327, #4992, #3316, #1529, #4596, #3234, #4571, #643, #4148, #300, #3627, #2360, #5339, #251, #2019, #1094, #3682, #4964, #1117, #5394, #4545, #3705, #1146, #2159, #5557, #353, #803, #2516, #830, #2074, #1632, #1257, #3844, #4676, #5475, #2544, #859, #2488, #2998, #3786, #777, #1228, #1712, #1202, #4703, #1286, #2969, #3451, #2941, #379, #2604, #3425, #1739, #5501, #3872, #2099, #2573, #4256, #3343, #2047, #3815 ),
 .UNSPECIFIED., .F., .F.,
 ( 4, 2, 2, 1, 1, 1, 2, 2, 2, 2, 2, 1, 1, 1, 1, 1, 2, 2, 1, 1, 1, 2, 2, 2, 1, 1, 1, 1, 2, 2, 2, 1, 1, 2, 2, 2, 1, 1, 1, 1, 2, 2, 2, 1, 1, 1, 2, 2, 2, 2, 2, 1, 1, 1, 1, 1, 2, 2, 2, 2, 1, 1, 1, 1, 2, 2, 2, 2, 2, 2, 2, 1, 1, 1, 1, 2, 2, 2, 2, 1, 1, 1, 1, 2, 2, 2, 2, 2, 1, 1, 1, 1, 2, 2, 2, 1, 1, 2, 2, 2, 1, 1, 1, 1, 2, 2, 2, 1, 1, 1, 2, 2, 2, 2, 1, 1, 1, 1, 1, 2, 2, 1, 1, 1, 1, 2, 2, 2, 2, 1, 1, 1, 2, 2, 4 ),
 ( 0.3658596660327276262, 0.3734821641801137626, 0.3735417149468902576, 0.3736012657136666970, 0.3737203672472196314, 0.3739585703143254447, 0.3744349764485370713, 0.3753877887169603800, 0.3772934132538069418, 0.3811046623275001211, 0.3811642130942765605, 0.3812237638610529999, 0.3813428653946059343, 0.3815810684617116921, 0.3820574745959232632, 0.3830102868643462943, 0.3849159114011924121, 0.3850350129347453465, 0.3851541144682982254, 0.3853923175354040387, 0.3858687236696156653, 0.3868215359380389740, 0.3887271604748854803, 0.3888462620084384147, 0.3889653635419912936, 0.3892035666090971069, 0.3896799727433086780, 0.3906327850117319311, 0.3925384095485783265, 0.3963496586222711726, 0.3965878616893769859, 0.3968260647564827437, 0.3973024708906943148, 0.3982552831591174569, 0.4001609076959636857, 0.4002204584627401251, 0.4002800092295165646, 0.4003991107630694435, 0.4006373138301752013, 0.4011137199643868279, 0.4020665322328099700, 0.4039721567696563098, 0.4040317075364327493, 0.4040912583032091887, 0.4042103598367620676, 0.4044485629038677144, 0.4049249690380791189, 0.4058777813065017614, 0.4077834058433471576, 0.4115946549170379498, 0.4116244303004261695, 0.4116542056838143893, 0.4117137564505908287, 0.4118328579841436521, 0.4120710610512492988, 0.4125474671854604813, 0.4135002794538829574, 0.4154059039907277984, 0.4192171530644175359, 0.4192767038311939753, 0.4193362545979704148, 0.4194553561315231827, 0.4196935591986287184, 0.4201699653328399009, 0.4211227776012622659, 0.4230284021381069959, 0.4268396512117964559, 0.4287452757486411858, 0.4306509002854859158, 0.4344621493591754313, 0.4345217001259518153, 0.4345812508927282547, 0.4347003524262811336, 0.4349385554933867803, 0.4354149616275981849, 0.4363677738960208830, 0.4382733984328663901, 0.4420846475065574044, 0.4421144228899456241, 0.4421441982733338438, 0.4422037490401102278, 0.4423228505736631067, 0.4425610536407688089, 0.4430374597749802135, 0.4439902720434030781, 0.4458958965802488073, 0.4497071456539402656, 0.4497666964207167051, 0.4498262471874931445, 0.4499453487210460789, 0.4501835517881518367, 0.4506599579223634633, 0.4516127701907866610, 0.4535183947276330008, 0.4537565977947388141, 0.4539948008618446273, 0.4544712069960562539, 0.4554240192644794516, 0.4573296438013258469, 0.4574487453348787813, 0.4575678468684317157, 0.4578060499355375290, 0.4582824560697492666, 0.4592352683381726863, 0.4611408928750195257, 0.4649521419487132046, 0.4650116927154896995, 0.4650712434822661390, 0.4651903450158190734, 0.4654285480829249422, 0.4659049542171366243, 0.4668577664855600440, 0.4687633910224068279, 0.4688229417891832673, 0.4688824925559597623, 0.4690015940895126967, 0.4692397971566185655, 0.4697162032908303586, 0.4706690155592538338, 0.4725746400961008398, 0.4726341908628773347, 0.4726937416296537742, 0.4728128431632067086, 0.4730510462303125774, 0.4735274523645243705, 0.4744802646329479012, 0.4763858891697949072, 0.4801971382434889746, 0.4803162397770419090, 0.4804353413105948434, 0.4806735443777007122, 0.4811499505119124498, 0.4821027627803359250, 0.4840083873171829310, 0.4878196363908768873 ),
 .UNSPECIFIED. ) ;
#2676 = CARTESIAN_POINT ( 'NONE',  ( 0.5964285714285710860, -0.05961245283903229136, -0.1735534956470231871 ) ) ;
#2677 = CARTESIAN_POINT ( 'NONE',  ( -0.6284782054369756343, -0.6367168587186381457, 0.2077983883892560169 ) ) ;
#2678 = CARTESIAN_POINT ( 'NONE',  ( -0.3789836648808390662, -0.7073346995652044500, -0.08649716846636927581 ) ) ;
#2679 = CARTESIAN_POINT ( 'NONE',  ( 0.5321428571428568066, -0.1706040792565065856, 0.3127325929872118437 ) ) ;
#2680 = CARTESIAN_POINT ( 'NONE',  ( -0.8642857142857143238, -0.02000000000000005940, -0.09129738975606002671 ) ) ;
#2681 = CARTESIAN_POINT ( 'NONE',  ( 2.138506484271024188, -0.1699999999999995959, 0.0000000000000000000 ) ) ;
#2682 = CARTESIAN_POINT ( 'NONE',  ( -0.4749999999999999223, -0.8199999999999997291, 4.898587196589411226E-17 ) ) ;
#2683 = CARTESIAN_POINT ( 'NONE',  ( -0.8928571428571427937, -0.09922490567806474537, -0.2558096015379864308 ) ) ;
#2684 = CARTESIAN_POINT ( 'NONE',  ( 0.4087405534323462208, -0.6043640063781512417, 0.2399000601330410487 ) ) ;
#2685 = CARTESIAN_POINT ( 'NONE',  ( -0.6918857495509067590, -0.6735866887217246690, -0.1603692815895533252 ) ) ;
#2686 = CARTESIAN_POINT ( 'NONE',  ( 0.1999999999999998446, -0.4199999999999999845, 0.4102867453090214278 ) ) ;
#2687 = CARTESIAN_POINT ( 'NONE',  ( -0.1999999999999999278, -0.4199999999999999845, -0.4102867453090214278 ) ) ;
#2688 = ORIENTED_EDGE ( 'NONE', *, *, #4397, .T. ) ;
#2689 = CARTESIAN_POINT ( 'NONE',  ( -0.6635714285714284788, -0.1497093396292742684, -0.1301651217352674250 ) ) ;
#2690 = AXIS2_PLACEMENT_3D ( 'NONE', #2791, #686, #4079 ) ;
#2691 = CARTESIAN_POINT ( 'NONE',  ( 0.02613269625411929198, -0.3203756531538749508, 0.2830078917915487269 ) ) ;
#2692 = CARTESIAN_POINT ( 'NONE',  ( 1.286428571428570589, -0.6902906603707253952, 0.1301651217352673140 ) ) ;
#2693 = CARTESIAN_POINT ( 'NONE',  ( -0.08499999999999997835, -0.1200000000000000233, 0.0000000000000000000 ) ) ;
#2694 = PLANE ( 'NONE',  #4303 ) ;
#2695 = EDGE_CURVE ( 'NONE', #1010, #2443, #4995, .T. ) ;
#2696 = DIRECTION ( 'NONE',  ( -1.000000000000000000, -1.268357997058408169E-16, 0.0000000000000000000 ) ) ;
#2697 = CARTESIAN_POINT ( 'NONE',  ( 0.02071428571428572674, -0.3532437198131055389, 0.2924783736545468749 ) ) ;
#2698 = VERTEX_POINT ( 'NONE', #3796 ) ;
#2699 = CARTESIAN_POINT ( 'NONE',  ( -0.1378793031688743953, -0.4332132824792436776, -0.2999915750673765036 ) ) ;
#2700 = CARTESIAN_POINT ( 'NONE',  ( -0.2964285714285713746, -0.05961245283903229136, 0.1735534956470231871 ) ) ;
#2701 = CARTESIAN_POINT ( 'NONE',  ( -0.3182675913639116394, -0.5872368762701782874, 0.2490620585178322799 ) ) ;
#2702 = CARTESIAN_POINT ( 'NONE',  ( -0.3849978327552369128, -0.1200000000003488693, -3.180173354764372979E-07 ) ) ;
#2703 = CARTESIAN_POINT ( 'NONE',  ( 0.9714285714285707529, -0.5980167471650511546, -0.3696555844364371457 ) ) ;
#2704 = CARTESIAN_POINT ( 'NONE',  ( -0.4162860459143413738, -0.5629619952704432162, -0.2639283036699529017 ) ) ;
#2705 = CARTESIAN_POINT ( 'NONE',  ( -0.1682163353282717377, -0.2530311728121676929, -0.2492416953285269410 ) ) ;
#2706 = CARTESIAN_POINT ( 'NONE',  ( 1.381428571428570562, -0.5535125603737884870, -0.2772416883273278176 ) ) ;
#2707 = CARTESIAN_POINT ( 'NONE',  ( 0.6178571428571424384, -0.1706040792565065023, -0.3127325929872117327 ) ) ;
#2708 = CARTESIAN_POINT ( 'NONE',  ( -0.6228679028702190923, -0.6106298475042982732, 0.2316638621994820957 ) ) ;
#2709 = CARTESIAN_POINT ( 'NONE',  ( -0.3839400249181075808, -0.6967709348010162618, -0.1157497980546240146 ) ) ;
#2710 = CARTESIAN_POINT ( 'NONE',  ( 0.4035714285714283589, -0.7803875471609672543, -0.1735534956470232149 ) ) ;
#2711 = CARTESIAN_POINT ( 'NONE',  ( -0.7249999999999998668, -0.8199999999999997291, 4.898587196589411226E-17 ) ) ;
#2712 = CARTESIAN_POINT ( 'NONE',  ( -0.8499999999999997558, -0.4199999999999999845, -0.4102867453090214278 ) ) ;
#2713 = CARTESIAN_POINT ( 'NONE',  ( -0.6925782869642195250, -0.6712284914542840930, -0.1640062544604675709 ) ) ;
#2714 = CARTESIAN_POINT ( 'NONE',  ( 0.09285714285714277705, -0.7407750943219348905, -0.2558096015379864308 ) ) ;
#2715 = CARTESIAN_POINT ( 'NONE',  ( -0.2107142857142856596, -0.3309916264174742051, -0.3899711648727292590 ) ) ;
#2716 = CARTESIAN_POINT ( 'NONE',  ( -1.006428571428571450, -0.1497093396292742407, 0.1301651217352673418 ) ) ;
#2717 = EDGE_CURVE ( 'NONE', #5013, #1853, #4609, .T. ) ;
#2718 = CARTESIAN_POINT ( 'NONE',  ( 0.7524839767078848052, -0.3414756147938147746, 0.2921917976734277889 ) ) ;
#2719 = CARTESIAN_POINT ( 'NONE',  ( 0.03870996472534628946, -0.2504489720930275776, 0.2475151605146995726 ) ) ;
#2720 = DIRECTION ( 'NONE',  ( -0.0000000000000000000, -0.0000000000000000000, 1.000000000000000000 ) ) ;
#2721 = CARTESIAN_POINT ( 'NONE',  ( -0.8279775786956726780, -0.1309828117942920533, 0.08043061365513927419 ) ) ;
#2722 = CARTESIAN_POINT ( 'NONE',  ( -0.6849956655103519587, -0.1200000000013951712, -6.360352874106080352E-07 ) ) ;
#2723 = CARTESIAN_POINT ( 'NONE',  ( -0.2178571428571428326, -0.6693959207434931891, -0.3127325929872117327 ) ) ;
#2724 = CARTESIAN_POINT ( 'NONE',  ( -2.311999999999999389, 0.009999999999999892655, 0.06250000000000000000 ) ) ;
#2725 = VERTEX_POINT ( 'NONE', #844 ) ;
#2726 = CARTESIAN_POINT ( 'NONE',  ( -0.9607142857142855208, -0.5090083735825254863, 0.3899711648727292590 ) ) ;
#2727 = CARTESIAN_POINT ( 'NONE',  ( -0.3230361236495093435, -0.6114676993057803767, 0.2309559619622360005 ) ) ;
#2728 = DIRECTION ( 'NONE',  ( 1.000000000000000000, 1.268357997058408169E-16, -0.0000000000000000000 ) ) ;
#2729 = CARTESIAN_POINT ( 'NONE',  ( 1.282142857142856363, -0.6693959207434930780, -0.3127325929872118437 ) ) ;
#2730 = CARTESIAN_POINT ( 'NONE',  ( -0.4106382289512808814, -0.5929474362182525216, -0.2451799349736917544 ) ) ;
#2731 = CARTESIAN_POINT ( 'NONE',  ( -0.1870254419972797733, -0.1701384377786823443, -0.1660399070722604897 ) ) ;
#2732 = CARTESIAN_POINT ( 'NONE',  ( 1.284999999999999254, -0.1200000000000000233, 0.0000000000000000000 ) ) ;
#2733 = CARTESIAN_POINT ( 'NONE',  ( 0.4142857142857140351, -0.8199999999999997291, -0.09129738975605997120 ) ) ;
#2734 = CARTESIAN_POINT ( 'NONE',  ( -0.6351311281636067285, -0.6631223078768264667, 0.1757633096517652038 ) ) ;
#2735 = CARTESIAN_POINT ( 'NONE',  ( 1.209999999999999298, -0.01963824136750778535, 0.003252681481081688697 ) ) ;
#2736 = CARTESIAN_POINT ( 'NONE',  ( 0.1249999999999999029, -0.8199999999999997291, -4.898587196589411226E-17 ) ) ;
#2737 = CARTESIAN_POINT ( 'NONE',  ( 3.499999999999999112, -0.4199999999999995404, 0.0000000000000000000 ) ) ;
#2738 = CARTESIAN_POINT ( 'NONE',  ( -0.6571428571428569176, -0.09922490567806467598, 0.2558096015379863752 ) ) ;
#2739 = CARTESIAN_POINT ( 'NONE',  ( -0.2564285714285713946, -0.6902906603707253952, -0.1301651217352673140 ) ) ;
#2740 = CARTESIAN_POINT ( 'NONE',  ( -0.6836818926749456127, -0.6974016788638321973, -0.1142293760214690423 ) ) ;
#2741 = CARTESIAN_POINT ( 'NONE',  ( 1.121428571428570553, -0.2419832528349484257, 0.3696555844364372012 ) ) ;
#2742 = CARTESIAN_POINT ( 'NONE',  ( -0.3928571428571429047, -0.7407750943219348905, 0.2558096015379864308 ) ) ;
#2743 = CARTESIAN_POINT ( 'NONE',  ( 1.071227878290552438, -0.2356359614477626652, 0.2399000354071399999 ) ) ;
#2744 = CARTESIAN_POINT ( 'NONE',  ( 0.7899832592470286130, -0.1578640727297565549, 0.1510856754752362696 ) ) ;
#2745 = CARTESIAN_POINT ( 'NONE',  ( 0.04275212737327008239, -0.2299289342103710831, 0.2321056439545742534 ) ) ;
#2746 = CARTESIAN_POINT ( 'NONE',  ( -0.8392601068042816470, -0.1579199164232962804, 0.1461712849706316431 ) ) ;
#2747 = CARTESIAN_POINT ( 'NONE',  ( -2.139221282475016306, -0.1706967785161327411, 0.02140887027970863471 ) ) ;
#2748 = CARTESIAN_POINT ( 'NONE',  ( -0.1535714285714285532, -0.7803875471609672543, 0.1735534956470232149 ) ) ;
#2749 = CARTESIAN_POINT ( 'NONE',  ( 0.3649955931927932329, -0.7199999999985821075, -6.466458978940866093E-07 ) ) ;
#2750 = ORIENTED_EDGE ( 'NONE', *, *, #4567, .F. ) ;
#2751 = CARTESIAN_POINT ( 'NONE',  ( -0.3373906206294407517, -0.6711202690363690104, 0.1641339938702192636 ) ) ;
#2752 = CARTESIAN_POINT ( 'NONE',  ( 0.09999999999999996392, -0.4199999999999998734, -0.4102867453090213723 ) ) ;
#2753 = CARTESIAN_POINT ( 'NONE',  ( 1.314285714285713391, -0.8199999999999997291, -0.09129738975605995732 ) ) ;
#2754 = CARTESIAN_POINT ( 'NONE',  ( -0.4065232367172201822, -0.6136415180173635520, -0.2291782595741984063 ) ) ;
#2755 = CARTESIAN_POINT ( 'NONE',  ( -0.1894142335007610034, -0.1621619864224404517, -0.1533805857888836111 ) ) ;
#2756 = CARTESIAN_POINT ( 'NONE',  ( 0.9421428571428567267, -0.2329530594423799283, 0.2345494447404088134 ) ) ;
#2757 = CARTESIAN_POINT ( 'NONE',  ( 0.8321428571428567400, -0.1706040792565065856, 0.3127325929872118437 ) ) ;
#2758 = CARTESIAN_POINT ( 'NONE',  ( -0.2182667355655207309, -0.1206754606401462676, 0.02070788772522071455 ) ) ;
#2759 = VECTOR ( 'NONE', #4345, 39.37007874015748143 ) ;
#2760 = CARTESIAN_POINT ( 'NONE',  ( 1.209999999999999964, -0.07139845616773635162, -0.1969381194076083585 ) ) ;
#2761 = CARTESIAN_POINT ( 'NONE',  ( -0.9798732800295869572, -0.7056618915366935640, -0.09176867771764470050 ) ) ;
#2762 = CARTESIAN_POINT ( 'NONE',  ( 0.2857142857142855874, -0.01999999999999999695, -0.09129738975605992957 ) ) ;
#2763 = CARTESIAN_POINT ( 'NONE',  ( 0.1274959343886326035, -0.4985243602681108110, 0.2921918043753529703 ) ) ;
#2764 = EDGE_CURVE ( 'NONE', #218, #5389, #452, .T. ) ;
#2765 = CARTESIAN_POINT ( 'NONE',  ( -0.6357142857142857872, -0.01999999999999999695, 0.09129738975605992957 ) ) ;
#2766 = CARTESIAN_POINT ( 'NONE',  ( 0.4462398359715005758, -0.3807300788751702414, 0.2999999983241488644 ) ) ;
#2767 = CARTESIAN_POINT ( 'NONE',  ( -0.6740834399525831300, -0.7145717333667109816, -0.05681163751737450945 ) ) ;
#2768 = CARTESIAN_POINT ( 'NONE',  ( 1.014285714285713791, -0.8199999999999997291, -0.09129738975605995732 ) ) ;
#2769 = CARTESIAN_POINT ( 'NONE',  ( -0.3178571428571427826, -0.1706040792565065023, 0.3127325929872117327 ) ) ;
#2770 = CARTESIAN_POINT ( 'NONE',  ( 1.033728595751419732, -0.4592698808903205587, 0.3000000035908295670 ) ) ;
#2771 = CARTESIAN_POINT ( 'NONE',  ( 0.8087329005166007390, -0.1199999971272502353, 0.03926988637606322607 ) ) ;
#2772 = CARTESIAN_POINT ( 'NONE',  ( 0.01700185683939117384, -0.3763598592066536019, 0.2968370571778882194 ) ) ;
#2773 = CARTESIAN_POINT ( 'NONE',  ( -0.8647912372382645652, -0.2690021520519183529, 0.2592387852344247845 ) ) ;
#2774 = CARTESIAN_POINT ( 'NONE',  ( 0.4535714285714283478, -0.7803875471609672543, -0.1735534956470232149 ) ) ;
#2775 = CARTESIAN_POINT ( 'NONE',  ( -0.4321428571428555521, -0.6693959207434930780, 0.3127325929872118437 ) ) ;
#2776 = ORIENTED_EDGE ( 'NONE', *, *, #832, .F. ) ;
#2777 = CARTESIAN_POINT ( 'NONE',  ( -0.6649999999999999245, -0.7199999999999997513, 3.673940397442057649E-17 ) ) ;
#2778 = EDGE_LOOP ( 'NONE', ( #672, #1587, #3528, #1204, #3926, #4156, #245 ) ) ;
#2779 = CARTESIAN_POINT ( 'NONE',  ( -0.3464180915610419187, -0.6976397078828165954, 0.1136503312259340287 ) ) ;
#2780 = CARTESIAN_POINT ( 'NONE',  ( 0.2714285714285712969, -0.2419832528349484535, 0.3696555844364372012 ) ) ;
#2781 = CARTESIAN_POINT ( 'NONE',  ( 0.7249999999999995337, -0.8199999999999997291, -4.898587196589411226E-17 ) ) ;
#2782 = CARTESIAN_POINT ( 'NONE',  ( -0.4681937713011021240, -0.2531491989646828533, -0.2493207197580362688 ) ) ;
#2783 = CARTESIAN_POINT ( 'NONE',  ( -0.1962507665747691976, -0.1427626302308646344, -0.1146275035104171308 ) ) ;
#2784 = ORIENTED_EDGE ( 'NONE', *, *, #932, .F. ) ;
#2785 = CARTESIAN_POINT ( 'NONE',  ( 0.6999999999999996225, -0.4199999999999999289, -0.4102867453090214278 ) ) ;
#2786 = CARTESIAN_POINT ( 'NONE',  ( 0.5535714285714282701, -0.05961245283903235381, 0.1735534956470232704 ) ) ;
#2787 = CARTESIAN_POINT ( 'NONE',  ( 0.8564285714285710949, -0.6902906603707253952, 0.1301651217352673140 ) ) ;
#2788 = CARTESIAN_POINT ( 'NONE',  ( -1.066254710491260305, -0.2633444375778224988, -0.2558944440522741837 ) ) ;
#2789 = CARTESIAN_POINT ( 'NONE',  ( -0.9846662962317673795, -0.6950076464403520671, -0.1199802202626760461 ) ) ;
#2790 = CARTESIAN_POINT ( 'NONE',  ( 0.01785714285714282840, -0.1706040792565065023, -0.3127325929872117327 ) ) ;
#2791 = CARTESIAN_POINT ( 'NONE',  ( 3.499999999999999112, -0.4199999999999995404, 0.0000000000000000000 ) ) ;
#2792 = CARTESIAN_POINT ( 'NONE',  ( -0.9464285714285712858, -0.05961245283903229136, 0.1735534956470231871 ) ) ;
#2793 =( BOUNDED_CURVE ( )  B_SPLINE_CURVE ( 2, ( #4359, #3553, #5227, #509, #2228, #539, #4777, #2258, #1391, #5260, #3101, #120, #1423, #1783, #3938, #3131, #3492 ),
 .UNSPECIFIED., .F., .T. ) 
 B_SPLINE_CURVE_WITH_KNOTS ( ( 3, 2, 2, 2, 2, 2, 2, 2, 3 ),
 ( 0.2142835210699264303, 0.2295895245928853412, 0.2448954928990777213, 0.2602014612052701015, 0.2755074295114623983, 0.2908133978176548062, 0.3061193661238471586, 0.3214253344300395110, 0.3214254276773019225 ),
 .UNSPECIFIED. ) 
 CURVE ( )  GEOMETRIC_REPRESENTATION_ITEM ( )  RATIONAL_B_SPLINE_CURVE ( ( 1.000000000000000000, 0.9749279121818236193, 1.000000000000000000, 0.9749279121818236193, 1.000000000000000000, 0.9749279121818236193, 1.000000000000000000, 0.9749279121818236193, 1.000000000000000000, 0.9749279121818236193, 1.000000000000000000, 0.9749279121818236193, 1.000000000000000000, 0.9749279121818236193, 1.000000000000000000, 0.9999998472554296747, 0.9999996945127205272 ) ) 
 REPRESENTATION_ITEM ( '' )  );
#2794 = CARTESIAN_POINT ( 'NONE',  ( -0.3314285714285713502, -0.2864874396262113154, -0.2772416883273278732 ) ) ;
#2795 = APPROVAL ( #3364, 'UNSPECIFIED' ) ;
#2796 = CARTESIAN_POINT ( 'NONE',  ( -0.7416181232972927084, -0.4099180558714768940, -0.2998313995634100948 ) ) ;
#2797 = CARTESIAN_POINT ( 'NONE',  ( 1.314285714285713391, -0.8199999999999997291, -0.09129738975605995732 ) ) ;
#2798 = CARTESIAN_POINT ( 'NONE',  ( -0.6071428571428572063, -0.09922490567806467598, 0.2558096015379863752 ) ) ;
#2799 = CARTESIAN_POINT ( 'NONE',  ( 1.113571428571427768, -0.6902906603707253952, -0.1301651217352673973 ) ) ;
#2800 = CARTESIAN_POINT ( 'NONE',  ( 0.05682175546354168577, -0.1708434011302744360, 0.1670960318184049886 ) ) ;
#2801 = CARTESIAN_POINT ( 'NONE',  ( -0.8756169846807817514, -0.3307672605990803483, 0.2864298624353465161 ) ) ;
#2802 = CARTESIAN_POINT ( 'NONE',  ( 0.7749999999999994671, -0.8199999999999997291, -4.898587196589411226E-17 ) ) ;
#2803 = CARTESIAN_POINT ( 'NONE',  ( -0.07857142857142707104, -0.2419832528349483425, 0.3696555844364371457 ) ) ;
#2804 = VERTEX_POINT ( 'NONE', #1239 ) ;
#2805 = ORIENTED_EDGE ( 'NONE', *, *, #2171, .F. ) ;
#2806 = CARTESIAN_POINT ( 'NONE',  ( -0.3462584292167170119, -0.6972558380667629452, 0.1145827520937580668 ) ) ;
#2807 = DIRECTION ( 'NONE',  ( 1.000000000000000000, 1.268357997058408169E-16, -0.0000000000000000000 ) ) ;
#2808 = CARTESIAN_POINT ( 'NONE',  ( 0.8642857142857138797, -0.02000000000000005940, 0.09129738975606004059 ) ) ;
#2809 = CARTESIAN_POINT ( 'NONE',  ( -0.4502228243468604507, -0.3563155377827762482, -0.2931692617884983365 ) ) ;
#2810 = CARTESIAN_POINT ( 'NONE',  ( -0.7064285714285712947, -0.1497093396292742407, 0.1301651217352673418 ) ) ;
#2811 = ORIENTED_EDGE ( 'NONE', *, *, #1425, .T. ) ;
#2812 = CARTESIAN_POINT ( 'NONE',  ( 0.1214285714285713719, -0.5980167471650511546, -0.3696555844364371457 ) ) ;
#2813 = CARTESIAN_POINT ( 'NONE',  ( 1.142857142857142350, -0.09922490567806474537, 0.2558096015379864863 ) ) ;
#2814 = CARTESIAN_POINT ( 'NONE',  ( -0.2332810670186090396, -0.1416192545815376513, 0.1118670986904324871 ) ) ;
#2815 = CARTESIAN_POINT ( 'NONE',  ( -1.030224453432818210, -0.4809086040030498554, -0.2937533423545152789 ) ) ;
#2816 = CARTESIAN_POINT ( 'NONE',  ( -1.000024616992507331, -0.6431260440711700221, -0.2009090417811414675 ) ) ;
#2817 = ORIENTED_EDGE ( 'NONE', *, *, #1070, .F. ) ;
#2818 = CARTESIAN_POINT ( 'NONE',  ( 1.209999999999999742, -0.08067939936848125826, 0.1862815150078499515 ) ) ;
#2819 = EDGE_CURVE ( 'NONE', #4551, #5030, #5312, .T. ) ;
#2820 = CARTESIAN_POINT ( 'NONE',  ( -0.9421428571428570597, -0.2329530594423799283, -0.2345494447404088134 ) ) ;
#2821 = CARTESIAN_POINT ( 'NONE',  ( -0.7587692494772184659, -0.3049607715455825985, -0.2770816114567571931 ) ) ;
#2822 = CARTESIAN_POINT ( 'NONE',  ( 1.174999999999999156, -0.01999999999999999001, 0.0000000000000000000 ) ) ;
#2823 = CARTESIAN_POINT ( 'NONE',  ( -1.078571428571428514, -0.5980167471650512656, -0.3696555844364370347 ) ) ;
#2824 = EDGE_CURVE ( 'NONE', #1124, #517, #2197, .T. ) ;
#2825 = EDGE_CURVE ( 'NONE', #941, #2303, #1484, .T. ) ;
#2826 = CARTESIAN_POINT ( 'NONE',  ( -0.5826937822412374679, -0.3743853962210685338, 0.2967045672484918128 ) ) ;
#2827 = CARTESIAN_POINT ( 'NONE',  ( -1.142857142857142794, -0.09922490567806474537, -0.2558096015379864308 ) ) ;
#2828 = CARTESIAN_POINT ( 'NONE',  ( 0.007924169458427401946, -0.4329337390861678903, 0.3000051590772073729 ) ) ;
#2829 = CARTESIAN_POINT ( 'NONE',  ( -0.8847099375828483270, -0.3870677425142501349, 0.2982115607578786354 ) ) ;
#2830 = CARTESIAN_POINT ( 'NONE',  ( 0.5928571428571426383, -0.09922490567806474537, 0.2558096015379864308 ) ) ;
#2831 = CARTESIAN_POINT ( 'NONE',  ( -0.04642857142856993136, -0.05961245283903229136, 0.1735534956470231871 ) ) ;
#2832 = ADVANCED_FACE ( 'NONE', ( #4178 ), #2865, .F. ) ;
#2833 = ORIENTED_EDGE ( 'NONE', *, *, #2644, .T. ) ;
#2834 = CARTESIAN_POINT ( 'NONE',  ( -0.3419391146689864658, -0.6856291075831663084, 0.1394339770334194761 ) ) ;
#2835 = CYLINDRICAL_SURFACE ( 'NONE', #2840, 0.2499999999999998612 ) ;
#2836 = CARTESIAN_POINT ( 'NONE',  ( 1.324999999999999289, -0.8199999999999997291, -4.898587196589411226E-17 ) ) ;
#2837 = CARTESIAN_POINT ( 'NONE',  ( -0.4599330737837902250, -0.2982836330903307909, -0.2742125778116197288 ) ) ;
#2838 = CARTESIAN_POINT ( 'NONE',  ( 1.500000000000000444, -0.4199999999999998179, 0.0000000000000000000 ) ) ;
#2839 = CARTESIAN_POINT ( 'NONE',  ( 0.1428571428571428215, -0.7407750943219348905, -0.2558096015379864308 ) ) ;
#2840 = AXIS2_PLACEMENT_3D ( 'NONE', #2939, #4647, #2913 ) ;
#2841 = CARTESIAN_POINT ( 'NONE',  ( 1.078571428571428070, -0.5980167471650512656, 0.3696555844364370902 ) ) ;
#2842 = CARTESIAN_POINT ( 'NONE',  ( -0.2150752004729994116, -0.1200003630755801798, 0.0004804950647074531542 ) ) ;
#2843 = CARTESIAN_POINT ( 'NONE',  ( -1.037704758415484596, -0.4343048093553606992, -0.2996729468739063873 ) ) ;
#2844 = ORIENTED_EDGE ( 'NONE', *, *, #1696, .F. ) ;
#2845 = CARTESIAN_POINT ( 'NONE',  ( 1.210000000000000631, -0.3830454608985724985, 0.3079757930897376594 ) ) ;
#2846 = ORIENTED_EDGE ( 'NONE', *, *, #3211, .F. ) ;
#2847 = CARTESIAN_POINT ( 'NONE',  ( -0.2149999835805942172, -0.1200000000001299194, -2.790323592955929642E-07 ) ) ;
#2848 = CARTESIAN_POINT ( 'NONE',  ( -0.5347927353237207360, -0.1453534641462220778, 0.1207033936725323137 ) ) ;
#2849 = CARTESIAN_POINT ( 'NONE',  ( -0.7467537813585475304, -0.3778883149183881462, -0.2972101259531829132 ) ) ;
#2850 = CARTESIAN_POINT ( 'NONE',  ( 0.7892857142857138131, -0.5090083735825255973, 0.3899711648727292590 ) ) ;
#2851 = CARTESIAN_POINT ( 'NONE',  ( -1.185714285714285499, -0.01999999999999999695, 0.09129738975605992957 ) ) ;
#2852 = CARTESIAN_POINT ( 'NONE',  ( -0.06785714285714285199, -0.1706040792565065023, 0.3127325929872117327 ) ) ;
#2853 = CARTESIAN_POINT ( 'NONE',  ( -0.01974120229258437970, -0.5948913049594262148, 0.2437601057119953285 ) ) ;
#2854 = CARTESIAN_POINT ( 'NONE',  ( -0.8868487984124244772, -0.4003232467866622013, 0.2993640943879575800 ) ) ;
#2855 = ORIENTED_EDGE ( 'NONE', *, *, #3979, .F. ) ;
#2856 = CARTESIAN_POINT ( 'NONE',  ( 0.2285714285714285088, -0.5980167471650512656, 0.3696555844364370347 ) ) ;
#2857 = CARTESIAN_POINT ( 'NONE',  ( -0.3035714285714270488, -0.05961245283903235381, -0.1735534956470232704 ) ) ;
#2858 = LOCAL_TIME ( 13, 46, 9.000000000000000000, #4645 ) ;
#2859 = CARTESIAN_POINT ( 'NONE',  ( -0.3564942137630509045, -0.7152391300113234429, 0.05327115117064883804 ) ) ;
#2860 = CARTESIAN_POINT ( 'NONE',  ( -0.8001351736888113741, -0.1343339094408183831, -0.09175392598602020999 ) ) ;
#2861 = CARTESIAN_POINT ( 'NONE',  ( 1.335714285714284966, -0.8199999999999997291, 0.09129738975605987406 ) ) ;
#2862 = CARTESIAN_POINT ( 'NONE',  ( -0.4494059850257149935, -0.3613952003229695120, -0.2942201351750330374 ) ) ;
#2863 = DIRECTION ( 'NONE',  ( -0.0000000000000000000, -0.0000000000000000000, 1.000000000000000000 ) ) ;
#2864 = CARTESIAN_POINT ( 'NONE',  ( 0.1321428571428570897, -0.6693959207434930780, -0.3127325929872118437 ) ) ;
#2865 = PLANE ( 'NONE',  #1207 ) ;
#2866 = CARTESIAN_POINT ( 'NONE',  ( -0.2152554677338102684, -0.1200038107026583506, 0.001631571523543008054 ) ) ;
#2867 = CARTESIAN_POINT ( 'NONE',  ( -1.048896843165301185, -0.3645688395027710804, -0.2948345344933793188 ) ) ;
#2868 = VECTOR ( 'NONE', #5001, 39.37007874015748143 ) ;
#2869 = VERTEX_POINT ( 'NONE', #4495 ) ;
#2870 = CARTESIAN_POINT ( 'NONE',  ( 3.499999999999999112, -0.1699999999999994293, -0.06250000000000000000 ) ) ;
#2871 = ORIENTED_EDGE ( 'NONE', *, *, #1386, .T. ) ;
#2872 = CARTESIAN_POINT ( 'NONE',  ( -0.5028571428571428914, -0.6605813207414512611, 0.1918572011534898092 ) ) ;
#2873 = CARTESIAN_POINT ( 'NONE',  ( 1.083727639136929710, -0.1800999297527398069, 0.1843639932172155826 ) ) ;
#2874 = VECTOR ( 'NONE', #1287, 39.37007874015748143 ) ;
#2875 = CARTESIAN_POINT ( 'NONE',  ( -0.5590120618175344891, -0.2387630793806458096, 0.2390692440289315379 ) ) ;
#2876 = CARTESIAN_POINT ( 'NONE',  ( -0.7508144337758022591, -0.3526187924565445386, -0.2923368916475558854 ) ) ;
#2877 = CARTESIAN_POINT ( 'NONE',  ( -0.5214285714285714635, -0.2419832528349484535, -0.3696555844364372012 ) ) ;
#2878 = CARTESIAN_POINT ( 'NONE',  ( -1.046428571428571264, -0.7803875471609674763, -0.1735534956470231316 ) ) ;
#2879 = CARTESIAN_POINT ( 'NONE',  ( -0.1507142857142856618, -0.3532437198131055944, -0.2924783736545468749 ) ) ;
#2880 = CARTESIAN_POINT ( 'NONE',  ( -0.9821428571428569843, -0.6693959207434930780, 0.3127325929872118437 ) ) ;
#2881 = CARTESIAN_POINT ( 'NONE',  ( -0.0002237902322103501207, -0.4836907745628914457, 0.2931677970305894831 ) ) ;
#2882 = CARTESIAN_POINT ( 'NONE',  ( -0.9223937846820811082, -0.6083634179077945792, 0.2335835459142394932 ) ) ;
#2883 = ORIENTED_EDGE ( 'NONE', *, *, #3714, .T. ) ;
#2884 = CARTESIAN_POINT ( 'NONE',  ( 0.7214285714285710860, -0.5980167471650511546, -0.3696555844364371457 ) ) ;
#2885 = CARTESIAN_POINT ( 'NONE',  ( 3.499999999999999112, -0.2300164480803674194, 0.06250000000000000000 ) ) ;
#2886 = CARTESIAN_POINT ( 'NONE',  ( -1.128571428571428337, -0.5980167471650512656, -0.3696555844364370347 ) ) ;
#2887 = LINE ( 'NONE', #5443, #842 ) ;
#2888 = CARTESIAN_POINT ( 'NONE',  ( 0.07857142857142854209, -0.2419832528349483425, -0.3696555844364371457 ) ) ;
#2889 = CARTESIAN_POINT ( 'NONE',  ( 0.2792857142857140818, -0.3532437198131055389, -0.2924783736545468749 ) ) ;
#2890 = CARTESIAN_POINT ( 'NONE',  ( -0.4708975474557339780, -0.2391820028239898532, -0.2394351898944247770 ) ) ;
#2891 = CARTESIAN_POINT ( 'NONE',  ( -0.7921428571428570375, -0.6070469405576197630, 0.2345494447404088134 ) ) ;
#2892 = ORIENTED_EDGE ( 'NONE', *, *, #149, .F. ) ;
#2893 = CARTESIAN_POINT ( 'NONE',  ( 0.1964285714285713413, -0.7803875471609674763, 0.1735534956470231316 ) ) ;
#2894 = CARTESIAN_POINT ( 'NONE',  ( 0.9499999999999994005, -0.4199999999999998734, -0.4102867453090213723 ) ) ;
#2895 = CARTESIAN_POINT ( 'NONE',  ( -0.2527296171026431337, -0.2087370980414002819, 0.2129986727038157557 ) ) ;
#2896 = CARTESIAN_POINT ( 'NONE',  ( -1.054557338038278003, -0.3297243711537631849, -0.2861311627970873905 ) ) ;
#2897 = EDGE_LOOP ( 'NONE', ( #3623, #1259, #4957, #971, #640, #4765 ) ) ;
#2898 = CARTESIAN_POINT ( 'NONE',  ( -0.9849934982653443249, -0.1200000000031389846, -9.540538572514818704E-07 ) ) ;
#2899 = LINE ( 'NONE', #1157, #5515 ) ;
#2900 = CARTESIAN_POINT ( 'NONE',  ( -0.7373652106314869670, -0.4364401648448497650, -0.2998339927409344741 ) ) ;
#2901 = CARTESIAN_POINT ( 'NONE',  ( -0.2857142857142856429, -0.01999999999999999348, 0.09129738975605992957 ) ) ;
#2902 = CARTESIAN_POINT ( 'NONE',  ( -0.8749999999999997780, -0.01999999999999999001, 0.0000000000000000000 ) ) ;
#2903 = CARTESIAN_POINT ( 'NONE',  ( -0.1614285714285713658, -0.2864874396262113709, -0.2772416883273278732 ) ) ;
#2904 = CARTESIAN_POINT ( 'NONE',  ( -0.1214285714285714274, -0.5980167471650511546, 0.3696555844364371457 ) ) ;
#2905 = DIRECTION ( 'NONE',  ( 1.000000000000000000, 1.268357997058408169E-16, -0.0000000000000000000 ) ) ;
#2906 = CARTESIAN_POINT ( 'NONE',  ( -0.01920698761866186308, -0.5921321172055290516, 0.2457189518795407090 ) ) ;
#2907 = CARTESIAN_POINT ( 'NONE',  ( -0.9060275925251102258, -0.5190049285837917692, 0.2832236023065254904 ) ) ;
#2908 = CARTESIAN_POINT ( 'NONE',  ( 0.9357142857142854986, -0.01999999999999999695, -0.09129738975605992957 ) ) ;
#2909 = CARTESIAN_POINT ( 'NONE',  ( -1.010714285714284122, -0.5090083735825254863, 0.3899711648727292590 ) ) ;
#2910 = CIRCLE ( 'NONE', #1934, 0.1999999999999989009 ) ;
#2911 = CARTESIAN_POINT ( 'NONE',  ( -1.064285714285714279, -0.8199999999999997291, 0.09129738975605995732 ) ) ;
#2912 = CARTESIAN_POINT ( 'NONE',  ( 3.499999999999999112, -0.1199999999999997458, 0.0000000000000000000 ) ) ;
#2913 = DIRECTION ( 'NONE',  ( 0.0000000000000000000, 1.000000000000000000, 0.0000000000000000000 ) ) ;
#2914 = CARTESIAN_POINT ( 'NONE',  ( 0.2685714285714283500, -0.2864874396262112599, -0.2772416883273278176 ) ) ;
#2915 = DIRECTION ( 'NONE',  ( 1.000000000000000000, -1.149767674101120973E-16, 0.0000000000000000000 ) ) ;
#2916 = CARTESIAN_POINT ( 'NONE',  ( -0.1385714285714285399, -0.2864874396262112599, 0.2772416883273278176 ) ) ;
#2917 = ORIENTED_EDGE ( 'NONE', *, *, #4182, .F. ) ;
#2918 = CARTESIAN_POINT ( 'NONE',  ( 1.278571428571428026, -0.2419832528349483425, -0.3696555844364371457 ) ) ;
#2919 = CARTESIAN_POINT ( 'NONE',  ( -0.08880223022423075485, -0.6834054840545270570, -0.1435915485101321720 ) ) ;
#2920 = CARTESIAN_POINT ( 'NONE',  ( -0.2574361818121542189, -0.2308584411423939831, 0.2328639677533312635 ) ) ;
#2921 = CARTESIAN_POINT ( 'NONE',  ( -1.068080406104602309, -0.2537421015951727421, -0.2497165130166212332 ) ) ;
#2922 = EDGE_CURVE ( 'NONE', #3372, #2014, #773, .T. ) ;
#2923 = CARTESIAN_POINT ( 'NONE',  ( -0.8992857142857140218, -0.4867562801868941524, -0.2924783736545468749 ) ) ;
#2924 = DIRECTION ( 'NONE',  ( 1.000000000000000000, 1.268357997058408169E-16, -0.0000000000000000000 ) ) ;
#2925 = CARTESIAN_POINT ( 'NONE',  ( -0.5989644302398751119, -0.4759077551807750495, 0.2947779427589432566 ) ) ;
#2926 = EDGE_CURVE ( 'NONE', #3372, #4320, #3656, .T. ) ;
#2927 = CARTESIAN_POINT ( 'NONE',  ( -0.7826379180755306253, -0.1862231084390637004, -0.1881473000049116717 ) ) ;
#2928 = CARTESIAN_POINT ( 'NONE',  ( 0.003571428571428590833, -0.05961245283903229136, 0.1735534956470231871 ) ) ;
#2929 = CARTESIAN_POINT ( 'NONE',  ( 1.210000000000000187, -0.1377954334498433797, -0.2788278495717629313 ) ) ;
#2930 = CARTESIAN_POINT ( 'NONE',  ( -0.3864285714285713436, -0.6902906603707253952, -0.1301651217352673140 ) ) ;
#2931 = CARTESIAN_POINT ( 'NONE',  ( -0.1964285714285713969, -0.7803875471609674763, -0.1735534956470231316 ) ) ;
#2932 = CARTESIAN_POINT ( 'NONE',  ( 3.499999999999999112, -0.1699999999999994293, 0.06250000000000000000 ) ) ;
#2933 = CARTESIAN_POINT ( 'NONE',  ( -0.03738333491712358264, -0.6710953037025768619, 0.1641721315891519206 ) ) ;
#2934 = CARTESIAN_POINT ( 'NONE',  ( -0.9529162904176238236, -0.7104618839584627699, 0.07504773821961906177 ) ) ;
#2935 = CARTESIAN_POINT ( 'NONE',  ( 0.007142857142857121817, -0.09922490567806467598, -0.2558096015379863752 ) ) ;
#2936 = CARTESIAN_POINT ( 'NONE',  ( -0.8071428571428554966, -0.7407750943219351125, -0.2558096015379863197 ) ) ;
#2937 = APPROVAL_ROLE ( '' ) ;
#2938 = CARTESIAN_POINT ( 'NONE',  ( -1.032142857142857029, -0.6693959207434930780, 0.3127325929872118437 ) ) ;
#2939 = CARTESIAN_POINT ( 'NONE',  ( 3.499999999999999112, -0.4199999999999995404, 0.0000000000000000000 ) ) ;
#2940 = CARTESIAN_POINT ( 'NONE',  ( 0.9435714285714280614, -0.6902906603707253952, -0.1301651217352673973 ) ) ;
#2941 = CARTESIAN_POINT ( 'NONE',  ( -0.5033441031130537757, -0.1285430996114734215, -0.07254080957910187533 ) ) ;
#2942 = CARTESIAN_POINT ( 'NONE',  ( -0.1814285714285713835, -0.5535125603737884870, 0.2772416883273278176 ) ) ;
#2943 = VERTEX_POINT ( 'NONE', #3683 ) ;
#2944 = ORIENTED_EDGE ( 'NONE', *, *, #3347, .F. ) ;
#2945 = CARTESIAN_POINT ( 'NONE',  ( 1.214285714285713524, -0.02000000000000005940, 0.09129738975606004059 ) ) ;
#2946 = CARTESIAN_POINT ( 'NONE',  ( 3.499999999999999112, -0.1199999999999997458, 0.0000000000000000000 ) ) ;
#2947 = CARTESIAN_POINT ( 'NONE',  ( -0.09937911364709370310, -0.6457560331006191312, -0.1978150239095939067 ) ) ;
#2948 = CARTESIAN_POINT ( 'NONE',  ( -0.2433002407358255126, -0.1712671798892600183, 0.1677261989328550362 ) ) ;
#2949 = CARTESIAN_POINT ( 'NONE',  ( -1.113396894079164756, -0.1201653558980158160, -0.01020290795366369900 ) ) ;
#2950 = ADVANCED_FACE ( 'NONE', ( #3290, #2020 ), #1606, .T. ) ;
#2951 = CARTESIAN_POINT ( 'NONE',  ( 0.5778571428571425139, -0.6070469405576197630, 0.2345494447404087579 ) ) ;
#2952 = CARTESIAN_POINT ( 'NONE',  ( 0.5671428571428569487, -0.6605813207414512611, 0.1918572011534897537 ) ) ;
#2953 = CARTESIAN_POINT ( 'NONE',  ( -0.5974136732925334758, -0.4661971734007006041, 0.2964221505733791173 ) ) ;
#2954 = CARTESIAN_POINT ( 'NONE',  ( -0.7897998999320948732, -0.1609287395839270052, -0.1512730245907226156 ) ) ;
#2955 = CARTESIAN_POINT ( 'NONE',  ( -0.2642857142857142350, -0.02000000000000005940, -0.09129738975606002671 ) ) ;
#2956 = CARTESIAN_POINT ( 'NONE',  ( -0.07250023915360941096, -0.1278081970608634099, -0.07852436561232314927 ) ) ;
#2957 = ADVANCED_FACE ( 'NONE', ( #4938 ), #5447, .F. ) ;
#2958 = CARTESIAN_POINT ( 'NONE',  ( -0.2685714285714284610, -0.2864874396262112599, 0.2772416883273278176 ) ) ;
#2959 = CARTESIAN_POINT ( 'NONE',  ( -0.5928571428571427493, -0.09922490567806474537, -0.2558096015379864308 ) ) ;
#2960 = CARTESIAN_POINT ( 'NONE',  ( 0.9678571428571423052, -0.1706040792565065023, -0.3127325929872117327 ) ) ;
#2961 = CARTESIAN_POINT ( 'NONE',  ( -0.06499999966781112859, -0.7199999999999998623, 4.883406117479144416E-11 ) ) ;
#2962 = CARTESIAN_POINT ( 'NONE',  ( -0.9243691861847971314, -0.6179036146365909365, 0.2254668066226364620 ) ) ;
#2963 = CARTESIAN_POINT ( 'NONE',  ( 0.9035714285714280258, -0.05961245283903235381, 0.1735534956470232704 ) ) ;
#2964 = CARTESIAN_POINT ( 'NONE',  ( -1.117857142857141106, -0.6693959207434931891, -0.3127325929872117327 ) ) ;
#2965 = CALENDAR_DATE ( 2020, 25, 5 ) ;
#2966 = CARTESIAN_POINT ( 'NONE',  ( -1.074999999999999734, -0.8199999999999997291, 4.898587196589411226E-17 ) ) ;
#2967 = DIRECTION ( 'NONE',  ( 1.000000000000000000, 1.268357997058408169E-16, -0.0000000000000000000 ) ) ;
#2968 = CARTESIAN_POINT ( 'NONE',  ( 0.6971428571428569532, -0.6605813207414512611, 0.1918572011534897537 ) ) ;
#2969 = CARTESIAN_POINT ( 'NONE',  ( -0.4990370656443633979, -0.1365104272520728246, -0.09827451058155281527 ) ) ;
#2970 = CARTESIAN_POINT ( 'NONE',  ( -1.081428571428571406, -0.5535125603737884870, 0.2772416883273278176 ) ) ;
#2971 = ORIENTED_EDGE ( 'NONE', *, *, #589, .F. ) ;
#2972 = ORIENTED_EDGE ( 'NONE', *, *, #832, .T. ) ;
#2973 = CARTESIAN_POINT ( 'NONE',  ( 0.8499999999999995337, -0.4199999999999999845, 0.4102867453090214278 ) ) ;
#2974 = CARTESIAN_POINT ( 'NONE',  ( -1.149999999999999689, -0.07373048196345609318, -0.2002434040829799700 ) ) ;
#2975 = CARTESIAN_POINT ( 'NONE',  ( -0.1162817999675110625, -0.5629839470535624724, -0.2639152569814560145 ) ) ;
#2976 = CARTESIAN_POINT ( 'NONE',  ( -0.2639362611527907299, -0.2643686589122884456, 0.2565204381144469692 ) ) ;
#2977 = CARTESIAN_POINT ( 'NONE',  ( -1.077844179477998265, -0.2061968220715924838, -0.2104567973754949695 ) ) ;
#2978 = CARTESIAN_POINT ( 'NONE',  ( -0.5585830978816068715, -0.2365964142474620002, 0.2374103898766708187 ) ) ;
#2979 = CARTESIAN_POINT ( 'NONE',  ( 0.7921428571428567045, -0.6070469405576197630, -0.2345494447404088134 ) ) ;
#2980 = CARTESIAN_POINT ( 'NONE',  ( -1.149999999999999467, -0.5584457101036734983, -0.3431537879604625307 ) ) ;
#2981 = CARTESIAN_POINT ( 'NONE',  ( -0.5972470781522957184, -0.4651535712561032931, 0.2965824790581302883 ) ) ;
#2982 = CARTESIAN_POINT ( 'NONE',  ( -0.7757705973530758525, -0.2155104153768555575, -0.2195494259900183653 ) ) ;
#2983 = CARTESIAN_POINT ( 'NONE',  ( -0.1464285714285713802, -0.7803875471609674763, -0.1735534956470231316 ) ) ;
#2984 = EDGE_CURVE ( 'NONE', #4652, #2362, #1079, .T. ) ;
#2985 = CARTESIAN_POINT ( 'NONE',  ( 1.209999999999998410, -0.1867196062207755192, -0.3069499543685431653 ) ) ;
#2986 = CARTESIAN_POINT ( 'NONE',  ( -0.9114285714285711437, -0.5535125603737884870, 0.2772416883273278176 ) ) ;
#2987 = CARTESIAN_POINT ( 'NONE',  ( -0.8178571428571426161, -0.6693959207434931891, -0.3127325929872117327 ) ) ;
#2988 = CARTESIAN_POINT ( 'NONE',  ( 0.9035714285714280258, -0.05961245283903235381, 0.1735534956470232704 ) ) ;
#2989 = CARTESIAN_POINT ( 'NONE',  ( -0.04189422257472672634, -0.6854966747515531811, 0.1396860075181728944 ) ) ;
#2990 = CARTESIAN_POINT ( 'NONE',  ( -0.9252515586733132125, -0.6220690502012189427, 0.2217657416414497151 ) ) ;
#2991 = CARTESIAN_POINT ( 'NONE',  ( 1.074999999999999289, -0.8199999999999997291, -4.898587196589411226E-17 ) ) ;
#2992 = EDGE_CURVE ( 'NONE', #1889, #861, #4791, .T. ) ;
#2993 = CARTESIAN_POINT ( 'NONE',  ( -0.8392857142857126362, -0.5090083735825255973, -0.3899711648727292590 ) ) ;
#2994 = DATE_AND_TIME ( #3810, #883 ) ;
#2995 = CARTESIAN_POINT ( 'NONE',  ( -1.139285714285714013, -0.5090083735825255973, -0.3899711648727292590 ) ) ;
#2996 = CARTESIAN_POINT ( 'NONE',  ( 0.07101689252558666954, -0.1326638059489243515, 0.08649463265901620457 ) ) ;
#2997 = CARTESIAN_POINT ( 'NONE',  ( 1.039999999999999369, -0.4199999999999999845, 0.3077150589817659876 ) ) ;
#2998 = CARTESIAN_POINT ( 'NONE',  ( -0.4962513227244200742, -0.1427613176208382406, -0.1146242549547706879 ) ) ;
#2999 = DIRECTION ( 'NONE',  ( 0.0000000000000000000, 0.0000000000000000000, 1.000000000000000000 ) ) ;
#3000 = ORIENTED_EDGE ( 'NONE', *, *, #2717, .F. ) ;
#3001 = AXIS2_PLACEMENT_3D ( 'NONE', #2338, #4152, #2392 ) ;
#3002 = ORIENTED_EDGE ( 'NONE', *, *, #4975, .F. ) ;
#3003 = CARTESIAN_POINT ( 'NONE',  ( 1.246428571428570775, -0.05961245283903229136, -0.1735534956470231871 ) ) ;
#3004 = CARTESIAN_POINT ( 'NONE',  ( 0.2212441407365478285, -0.1200000009576585314, -0.03926991563824980269 ) ) ;
#3005 = CARTESIAN_POINT ( 'NONE',  ( -0.08645975035287016552, -0.6902507708824970889, -0.1304084486534662080 ) ) ;
#3006 = CARTESIAN_POINT ( 'NONE',  ( -0.2712931788148446044, -0.3053217167383177610, 0.2772163499550164834 ) ) ;
#3007 = CARTESIAN_POINT ( 'NONE',  ( -1.068125223559567294, -0.2535078223325520907, -0.2495603241807240191 ) ) ;
#3008 = CARTESIAN_POINT ( 'NONE',  ( -0.5493699465207320110, -0.1943526575076498508, 0.1976959903280262332 ) ) ;
#3009 = CARTESIAN_POINT ( 'NONE',  ( 0.3528571428571428137, -0.1794186792585485968, 0.1918572011534898647 ) ) ;
#3010 = B_SPLINE_CURVE_WITH_KNOTS ( 'NONE', 1,
 ( #4821, #2326 ),
 .UNSPECIFIED., .F., .F.,
 ( 2, 2 ),
 ( 0.0000000000000000000, 1.000000000000000000 ),
 .UNSPECIFIED. ) ;
#3011 = CARTESIAN_POINT ( 'NONE',  ( 0.1249999999999999029, -0.8199999999999997291, -4.898587196589411226E-17 ) ) ;
#3012 = CARTESIAN_POINT ( 'NONE',  ( -0.5779730129541004180, -0.3451165958471923423, 0.2905041120288898160 ) ) ;
#3013 = CARTESIAN_POINT ( 'NONE',  ( -0.6607142857142855874, -0.5090083735825254863, 0.3899711648727292590 ) ) ;
#3014 = CARTESIAN_POINT ( 'NONE',  ( 1.210000000000000409, -0.1226173585036879066, -0.2675136716817962945 ) ) ;
#3015 = CARTESIAN_POINT ( 'NONE',  ( -1.018571428571428461, -0.5535125603737885980, -0.2772416883273277621 ) ) ;
#3016 = CARTESIAN_POINT ( 'NONE',  ( -0.6999999999999998446, -0.4199999999999999289, 0.4102867453090214278 ) ) ;
#3017 = CARTESIAN_POINT ( 'NONE',  ( 0.5821428571428568510, -0.1706040792565065856, 0.3127325929872118437 ) ) ;
#3018 = CARTESIAN_POINT ( 'NONE',  ( -0.04165312130530304108, -0.6847747694947409203, 0.1410475679999173559 ) ) ;
#3019 = CARTESIAN_POINT ( 'NONE',  ( -0.9605314033396317175, -0.7187260736453633392, 0.02826837979431516545 ) ) ;
#3020 = CARTESIAN_POINT ( 'NONE',  ( 1.396428571428570464, -0.7803875471609674763, 0.1735534956470231316 ) ) ;
#3021 = CARTESIAN_POINT ( 'NONE',  ( -0.7321428571428554299, -0.6693959207434930780, 0.3127325929872118437 ) ) ;
#3022 = APPROVAL_STATUS ( 'not_yet_approved' ) ;
#3023 = CARTESIAN_POINT ( 'NONE',  ( -0.7921428571428570375, -0.6070469405576197630, 0.2345494447404088134 ) ) ;
#3024 = CIRCLE ( 'NONE', #1872, 0.2500000000000000555 ) ;
#3025 = CARTESIAN_POINT ( 'NONE',  ( 0.05997838005655081045, -0.1603535937729884953, 0.1503235606450392114 ) ) ;
#3026 = CARTESIAN_POINT ( 'NONE',  ( 0.7721428571428566867, -0.2329530594423799283, 0.2345494447404088134 ) ) ;
#3027 = DIRECTION ( 'NONE',  ( 0.0000000000000000000, 1.000000000000000000, 0.0000000000000000000 ) ) ;
#3028 = CARTESIAN_POINT ( 'NONE',  ( -1.006428571428571450, -0.1497093396292742407, 0.1301651217352673418 ) ) ;
#3029 = ORIENTED_EDGE ( 'NONE', *, *, #3771, .T. ) ;
#3030 = CARTESIAN_POINT ( 'NONE',  ( 0.8821428571428566734, -0.1706040792565065856, 0.3127325929872118437 ) ) ;
#3031 = DIRECTION ( 'NONE',  ( 1.000000000000000000, 1.268357997058408169E-16, -0.0000000000000000000 ) ) ;
#3032 = ORIENTED_EDGE ( 'NONE', *, *, #2926, .T. ) ;
#3033 = CARTESIAN_POINT ( 'NONE',  ( -0.09583502066145994924, -0.6596353900354756661, -0.1806021600625788148 ) ) ;
#3034 = CARTESIAN_POINT ( 'NONE',  ( -0.2535714285714285032, -0.05961245283903235381, -0.1735534956470232704 ) ) ;
#3035 = CARTESIAN_POINT ( 'NONE',  ( -0.2995950455698249137, -0.4797822298205362546, 0.2939835676723617786 ) ) ;
#3036 = CARTESIAN_POINT ( 'NONE',  ( -1.096950185579039783, -0.1411060155697543006, -0.1105357791806587525 ) ) ;
#3037 = CARTESIAN_POINT ( 'NONE',  ( -0.5399518386528056046, -0.1601425514165351893, 0.1499199620118414622 ) ) ;
#3038 = CARTESIAN_POINT ( 'NONE',  ( 0.4492857142857140662, -0.3532437198131055389, -0.2924783736545468749 ) ) ;
#3039 = CARTESIAN_POINT ( 'NONE',  ( -1.149999999999999245, -0.6404420326673048169, -0.2660641507999474964 ) ) ;
#3040 = CARTESIAN_POINT ( 'NONE',  ( -0.6212354535065630623, -0.6024882814684304755, 0.2381136345166802171 ) ) ;
#3041 = CARTESIAN_POINT ( 'NONE',  ( -0.9928571428571427715, -0.7407750943219348905, 0.2558096015379864308 ) ) ;
#3042 = B_SPLINE_CURVE_WITH_KNOTS ( 'NONE', 3,
 ( #229, #4998, #1121, #2842, #201, #2866, #4575, #729, #2024, #5314, #2758, #620, #3632, #5344, #1507, #3215, #4917, #1074, #3661, #5372, #1534, #3239, #4942, #1097, #2814, #5536, #4602, #5027, #3321, #4234, #2053, #3377, #2468, #1264, #2523, #868, #756, #2582, #4656, #2080, #2494, #4207, #388, #3762, #1182, #2948, #1690, #810, #1610, #2109, #2552, #4179, #4293, #333, #2895, #5481, #5053, #1637, #5078, #3823, #447, #1208, #3349, #2920, #4630, #3404, #783, #360, #3432, #3793, #5, #5131, #5509, #3733, #1665, #2137, #5452, #1236, #5105, #2976, #4683, #839, #3851, #3006, #4263, #418, #1719, #1293, #4711, #1748, #2670, #3459, #4378, #4858, #528, #2247, #30, #895, #557, #3063, #474, #5158, #1322, #3955, #1832, #4827, #1774, #1802, #2277, #3509, #3880, #3904, #1013, #3035, #4740, #921, #4768, #2613, #4323, #3541, #5248, #140, #2194, #1377, #56, #109, #982, #3090, #952, #4349, #1411, #2639, #3120, #5280, #3985, #3484, #4797, #5187, #2701, #4407, #1864, #2167, #3571, #1444, #1349, #3150, #2727, #4435, #500, #2220, #3929, #84, #5215, #3259, #4960, #4909, #1991, #5335, #4067, #3286, #1499, #3178, #4989, #1526, #4488, #1065, #4121, #2751, #1091, #1551, #4013, #1038, #1916, #4461, #641, #220, #3206, #1114, #2834, #611, #4883, #3624, #2331, #1944, #2806, #1143, #3702, #2779, #4039, #2357, #193, #248, #3652, #5363, #271, #3600, #2409, #5416, #166, #2859, #3231, #4542, #1969, #4515, #4934, #3679, #673 ),
 .UNSPECIFIED., .F., .F.,
 ( 4, 2, 1, 1, 1, 1, 2, 2, 2, 2, 1, 1, 2, 2, 2, 2, 2, 1, 1, 1, 1, 1, 2, 2, 1, 1, 1, 2, 2, 2, 1, 1, 1, 1, 2, 2, 2, 1, 1, 2, 2, 2, 1, 1, 1, 2, 2, 2, 1, 1, 2, 2, 2, 2, 2, 1, 1, 1, 1, 2, 2, 2, 2, 1, 1, 1, 1, 2, 2, 2, 2, 2, 2, 1, 1, 1, 1, 2, 2, 2, 2, 1, 1, 1, 2, 2, 2, 2, 2, 1, 1, 1, 1, 2, 2, 2, 1, 1, 2, 2, 2, 1, 1, 1, 1, 2, 2, 2, 1, 1, 1, 2, 2, 2, 2, 1, 1, 1, 1, 1, 2, 2, 1, 1, 1, 1, 2, 2, 2, 2, 1, 1, 1, 2, 2, 4 ),
 ( 0.2438972115682821740, 0.2439567635480011654, 0.2440163155277201568, 0.2441354194871581396, 0.2443736274060341329, 0.2448500432437860919, 0.2458028749192900098, 0.2477085382702978456, 0.2515198649723135449, 0.2516389689317515277, 0.2517580728911895105, 0.2519962808100654761, 0.2524726966478174628, 0.2534255283233213252, 0.2553311916743291610, 0.2591425183763447215, 0.2592020703560637407, 0.2592616223357827043, 0.2593807262952206871, 0.2596189342140966527, 0.2600953500518485839, 0.2610481817273523908, 0.2629538450783600601, 0.2630729490377980428, 0.2631920529972360256, 0.2634302609161119357, 0.2639066767538638669, 0.2648595084293676738, 0.2667651717803752875, 0.2668842757398132703, 0.2670033796992512531, 0.2672415876181272187, 0.2677180034558790944, 0.2686708351313829013, 0.2705764984823905150, 0.2743878251844056870, 0.2746260331032816526, 0.2748642410221575627, 0.2753406568599094939, 0.2762934885354133008, 0.2781991518864209145, 0.2783182558458588973, 0.2784373598052968801, 0.2786755677241728457, 0.2791519835619247769, 0.2801048152374286393, 0.2820104785884363641, 0.2821295825478743469, 0.2822486865073123852, 0.2824868944261882397, 0.2829633102639400599, 0.2839161419394436447, 0.2858218052904508699, 0.2896331319924652092, 0.2896926839721841729, 0.2897522359519031365, 0.2898713399113411193, 0.2901095478302169739, 0.2905859636679687941, 0.2915387953434723789, 0.2934444586944796041, 0.2972557853964939989, 0.2973153373762129625, 0.2973748893559319262, 0.2974939933153698535, 0.2977322012342457080, 0.2982086170719974172, 0.2991614487475008355, 0.3010671120985076721, 0.3048784388005212342, 0.3086897655025348519, 0.3125010922045484696, 0.3125606441842674332, 0.3126201961639863969, 0.3127393001234242687, 0.3129775080423000677, 0.3134539238800515548, 0.3144067555555546956, 0.3163124189065609215, 0.3201237456085733180, 0.3201832975882922816, 0.3202428495680112452, 0.3203619535274491170, 0.3206001614463249716, 0.3210765772840765697, 0.3220294089595798770, 0.3239350723105864360, 0.3277463990125994986, 0.3278059509923184622, 0.3278655029720374259, 0.3279846069314752977, 0.3282228148503510967, 0.3286992306881025838, 0.3296520623636055580, 0.3315577257146115620, 0.3317959336334873055, 0.3320341415523631046, 0.3325105573901145917, 0.3334633890656176214, 0.3353690524166236253, 0.3354881563760614971, 0.3356072603354993689, 0.3358454682543750569, 0.3363218840921264330, 0.3372747157676292962, 0.3391803791186349670, 0.3429917058206461977, 0.3430512578003651614, 0.3431108097800840695, 0.3432299137395219413, 0.3434681216583975738, 0.3439445374961489499, 0.3448973691716517020, 0.3468030325226570953, 0.3468625845023760590, 0.3469221364820949671, 0.3470412404415328944, 0.3472794483604087490, 0.3477558641981604026, 0.3487086958736637099, 0.3506143592246703244, 0.3506739112043892881, 0.3507334631841082517, 0.3508525671435461790, 0.3510907750624220891, 0.3515671909001738538, 0.3525200225756774386, 0.3544256859266846638, 0.3582370126286990031, 0.3583561165881369304, 0.3584752205475749132, 0.3587134284664507677, 0.3591898443042025879, 0.3601426759797061727, 0.3620483393307133424, 0.3658596660327276262 ),
 .UNSPECIFIED. ) ;
#3043 = CARTESIAN_POINT ( 'NONE',  ( 0.03999760846390686825, -0.6821359180599319005, -0.1510856914552722585 ) ) ;
#3044 = CARTESIAN_POINT ( 'NONE',  ( -0.8257142857142854009, -0.1200000000000000372, 0.06847304231704492983 ) ) ;
#3045 = CARTESIAN_POINT ( 'NONE',  ( -0.4642857142857141906, -0.8199999999999997291, 0.09129738975605995732 ) ) ;
#3046 = CARTESIAN_POINT ( 'NONE',  ( 0.8178571428571423940, -0.6693959207434931891, 0.3127325929872117327 ) ) ;
#3047 = CARTESIAN_POINT ( 'NONE',  ( -0.04174955108834891432, -0.6850640349423036124, 0.1405032112792786170 ) ) ;
#3048 = CARTESIAN_POINT ( 'NONE',  ( -0.9623119445522209103, -0.7195142027389943573, 0.01707544988993541651 ) ) ;
#3049 = CARTESIAN_POINT ( 'NONE',  ( 0.1035714285714284949, -0.7803875471609672543, -0.1735534956470232149 ) ) ;
#3050 = CARTESIAN_POINT ( 'NONE',  ( 0.3314285714285712392, -0.2864874396262113154, 0.2772416883273278732 ) ) ;
#3051 = CARTESIAN_POINT ( 'NONE',  ( -0.8242857142857140662, -0.7199999999999996403, 0.06847304231704497146 ) ) ;
#3052 = CIRCLE ( 'NONE', #3597, 0.2500000000000000555 ) ;
#3053 = CARTESIAN_POINT ( 'NONE',  ( 0.06153651154140094004, -0.1555757177686064308, 0.1417035382635455920 ) ) ;
#3054 = CARTESIAN_POINT ( 'NONE',  ( 1.200714285714284957, -0.4867562801868940969, -0.2924783736545468749 ) ) ;
#3055 = CARTESIAN_POINT ( 'NONE',  ( -0.8469970681866146878, -0.1848723078166622513, 0.1863468644400972651 ) ) ;
#3056 = CARTESIAN_POINT ( 'NONE',  ( 3.499999999999999112, -0.4199999999999995404, 0.0000000000000000000 ) ) ;
#3057 = EDGE_CURVE ( 'NONE', #4908, #2518, #2413, .T. ) ;
#3058 = CARTESIAN_POINT ( 'NONE',  ( -0.1642857142857142294, -0.8199999999999997291, 0.09129738975605995732 ) ) ;
#3059 = CARTESIAN_POINT ( 'NONE',  ( -1.149999999999999467, -0.1444634185362770606, 0.1578127750910218174 ) ) ;
#3060 = ORIENTED_EDGE ( 'NONE', *, *, #2764, .T. ) ;
#3061 = CARTESIAN_POINT ( 'NONE',  ( -0.1502201038728013527, -0.3563322989747668701, -0.2931728577357093357 ) ) ;
#3062 = CARTESIAN_POINT ( 'NONE',  ( -0.07142857142857141073, -0.5980167471650511546, 0.3696555844364371457 ) ) ;
#3063 = CARTESIAN_POINT ( 'NONE',  ( -0.2810793705404008858, -0.3644182380095261631, 0.2948083682348990320 ) ) ;
#3064 = CARTESIAN_POINT ( 'NONE',  ( -1.114848729526450200, -0.1200011562833306206, -0.0009664228394628953398 ) ) ;
#3065 = CARTESIAN_POINT ( 'NONE',  ( -0.3970487150663929432, -0.6549799574637681365, -0.1865700536518523911 ) ) ;
#3066 = CARTESIAN_POINT ( 'NONE',  ( 0.4064285714285711948, -0.1497093396292742407, -0.1301651217352673418 ) ) ;
#3067 = CARTESIAN_POINT ( 'NONE',  ( 0.6421428571428567933, -0.2329530594423799283, 0.2345494447404088134 ) ) ;
#3068 = CARTESIAN_POINT ( 'NONE',  ( -0.6483910354817660204, -0.7022779888550181315, 0.1021283478224123131 ) ) ;
#3069 = DIRECTION ( 'NONE',  ( -3.042682661380561947E-05, -0.5877936241169688936, 0.8090109112500570854 ) ) ;
#3070 = CARTESIAN_POINT ( 'NONE',  ( -1.149999999999999689, -0.07373048196345609318, -0.2002434040829799700 ) ) ;
#3071 = CARTESIAN_POINT ( 'NONE',  ( 3.499999999999999112, -0.7199999999999994182, 3.673940397442057649E-17 ) ) ;
#3072 = CARTESIAN_POINT ( 'NONE',  ( -0.9249999999999998224, -0.01999999999999999001, 0.0000000000000000000 ) ) ;
#3073 = CARTESIAN_POINT ( 'NONE',  ( 0.9142857142857139241, -0.02000000000000005940, 0.09129738975606002671 ) ) ;
#3074 = CARTESIAN_POINT ( 'NONE',  ( -0.7087597969900059081, -0.6025238446142829885, -0.2381177747419164770 ) ) ;
#3075 = CARTESIAN_POINT ( 'NONE',  ( -0.9625925105056487574, -0.7196107878588404727, 0.01528888882946286346 ) ) ;
#3076 = CARTESIAN_POINT ( 'NONE',  ( 0.6928571428571425050, -0.7407750943219348905, -0.2558096015379864308 ) ) ;
#3077 = CARTESIAN_POINT ( 'NONE',  ( -0.9875262220706805261, -0.6872130169087571350, -0.1364574326218888634 ) ) ;
#3078 = CARTESIAN_POINT ( 'NONE',  ( -0.2749999999999999112, -0.01999999999999999001, 0.0000000000000000000 ) ) ;
#3079 = CARTESIAN_POINT ( 'NONE',  ( -1.038571428571428479, -0.2864874396262112599, 0.2772416883273278176 ) ) ;
#3080 = AXIS2_PLACEMENT_3D ( 'NONE', #90, #3069, #5193 ) ;
#3081 = CARTESIAN_POINT ( 'NONE',  ( 0.06773721070766891561, -0.1391598079662045573, 0.1059507721130409780 ) ) ;
#3082 = LINE ( 'NONE', #944, #3173 ) ;
#3083 = CARTESIAN_POINT ( 'NONE',  ( -0.8185083459257789240, -0.1208231534241440142, 0.02223237103190078834 ) ) ;
#3084 = CARTESIAN_POINT ( 'NONE',  ( -3.500000000000000000, -0.4200000000000004285, 0.0000000000000000000 ) ) ;
#3085 = DIRECTION ( 'NONE',  ( 0.0000000000000000000, -1.000000000000000000, 0.0000000000000000000 ) ) ;
#3086 = CARTESIAN_POINT ( 'NONE',  ( 3.449999999999997513, -0.1779385408620358655, 0.06250000000000000000 ) ) ;
#3087 = ORIENTED_EDGE ( 'NONE', *, *, #3103, .F. ) ;
#3088 = CARTESIAN_POINT ( 'NONE',  ( -0.1420100407313061863, -0.4074691320784657456, -0.2997932507639223809 ) ) ;
#3089 = CARTESIAN_POINT ( 'NONE',  ( -0.5214285714285714635, -0.2419832528349484257, -0.3696555844364372012 ) ) ;
#3090 = CARTESIAN_POINT ( 'NONE',  ( -0.3099193556808194083, -0.5416381283524710488, 0.2742473137644747538 ) ) ;
#3091 = DIRECTION ( 'NONE',  ( -1.000000000000000000, -1.268357997058408169E-16, 0.0000000000000000000 ) ) ;
#3092 = CARTESIAN_POINT ( 'NONE',  ( -0.4330071024182919892, -0.4635846020982475335, -0.2968453561676414054 ) ) ;
#3093 = CARTESIAN_POINT ( 'NONE',  ( -0.1708987114778245386, -0.2391781380472747520, -0.2394314086995695534 ) ) ;
#3094 = VECTOR ( 'NONE', #5191, 39.37007874015748143 ) ;
#3095 = CARTESIAN_POINT ( 'NONE',  ( 0.9207142857142851522, -0.3532437198131055944, 0.2924783736545468749 ) ) ;
#3096 = CARTESIAN_POINT ( 'NONE',  ( 0.5321428571428568066, -0.1706040792565065856, 0.3127325929872118437 ) ) ;
#3097 = CARTESIAN_POINT ( 'NONE',  ( -0.6556665651716552246, -0.7142765199229439421, 0.05834091289828193666 ) ) ;
#3098 = CARTESIAN_POINT ( 'NONE',  ( -0.3864801740801272478, -0.6901950468705583264, -0.1305265082441422753 ) ) ;
#3099 = CARTESIAN_POINT ( 'NONE',  ( 0.5535714285714282701, -0.05961245283903235381, 0.1735534956470232704 ) ) ;
#3100 = DIRECTION ( 'NONE',  ( 1.000000000000000000, 1.268357997058408169E-16, -0.0000000000000000000 ) ) ;
#3101 = CARTESIAN_POINT ( 'NONE',  ( 0.4921428571428568821, -0.6070469405576197630, -0.2345494447404088134 ) ) ;
#3102 = CARTESIAN_POINT ( 'NONE',  ( -0.3999999999999999667, -0.4199999999999999289, 0.4102867453090214278 ) ) ;
#3103 = EDGE_CURVE ( 'NONE', #4259, #330, #2910, .T. ) ;
#3104 = CARTESIAN_POINT ( 'NONE',  ( -1.171428571428571264, -0.2419832528349484257, -0.3696555844364372012 ) ) ;
#3105 = CARTESIAN_POINT ( 'NONE',  ( 1.206751299076533002, -0.04785595560004626131, 0.1491408775815250276 ) ) ;
#3106 = CARTESIAN_POINT ( 'NONE',  ( -0.7121699579358414800, -0.5849348447400993800, -0.2505942868515455002 ) ) ;
#3107 = CARTESIAN_POINT ( 'NONE',  ( 0.5535714285714282701, -0.05961245283903235381, 0.1735534956470232704 ) ) ;
#3108 = CARTESIAN_POINT ( 'NONE',  ( -0.9691745911482243514, -0.7188722717906359527, -0.02643898009352222550 ) ) ;
#3109 = CARTESIAN_POINT ( 'NONE',  ( -1.151201677121127975, -0.2000937272463627070, 0.2077150250577314561 ) ) ;
#3110 = CARTESIAN_POINT ( 'NONE',  ( -1.017142857142856904, -0.1794186792585485413, 0.1918572011534897814 ) ) ;
#3111 = CARTESIAN_POINT ( 'NONE',  ( 0.02715944250899323537, -0.3143249953939465935, 0.2807800077048114851 ) ) ;
#3112 = CARTESIAN_POINT ( 'NONE',  ( 1.264999999999999236, -0.7199999999999997513, -3.673940397442057649E-17 ) ) ;
#3113 = CARTESIAN_POINT ( 'NONE',  ( -0.8367835468374106300, -0.1506931612334757031, 0.1322164238497861022 ) ) ;
#3114 = CARTESIAN_POINT ( 'NONE',  ( -2.144190554702310347, -0.1753520278904706908, 0.05248247833637489229 ) ) ;
#3115 = CARTESIAN_POINT ( 'NONE',  ( -0.2071428571428571008, -0.7407750943219351125, -0.2558096015379863197 ) ) ;
#3116 = CARTESIAN_POINT ( 'NONE',  ( 0.03142857142857144459, -0.2864874396262112599, 0.2772416883273278176 ) ) ;
#3117 = ORIENTED_EDGE ( 'NONE', *, *, #1995, .F. ) ;
#3118 = CARTESIAN_POINT ( 'NONE',  ( -0.1337149282093628710, -0.4591781773331155558, -0.2974709858436324628 ) ) ;
#3119 = CARTESIAN_POINT ( 'NONE',  ( -0.2857142857142856429, -0.01999999999999999695, 0.09129738975605992957 ) ) ;
#3120 = CARTESIAN_POINT ( 'NONE',  ( -0.3144776084787320181, -0.5670774133941711703, 0.2615191446149852661 ) ) ;
#3121 = CARTESIAN_POINT ( 'NONE',  ( -1.128042673487031466, -0.1309263057720670143, 0.08086472025105777284 ) ) ;
#3122 = CARTESIAN_POINT ( 'NONE',  ( 1.110714285714285099, -0.3309916264174742051, 0.3899711648727292590 ) ) ;
#3123 = CARTESIAN_POINT ( 'NONE',  ( -0.4125837776084142483, -0.5827799657417996881, -0.2520017924852568925 ) ) ;
#3124 = CARTESIAN_POINT ( 'NONE',  ( -0.1905872016288288617, -0.1584429823784734293, -0.1470105707191979028 ) ) ;
#3125 = CARTESIAN_POINT ( 'NONE',  ( 1.274285714285713356, -0.1200000000000000788, 0.06847304231704502697 ) ) ;
#3126 = CARTESIAN_POINT ( 'NONE',  ( 0.6392857142857139019, -0.3309916264174740386, -0.3899711648727292590 ) ) ;
#3127 = CARTESIAN_POINT ( 'NONE',  ( -0.6364150625097264591, -0.6677475301270443531, 0.1692184054291035189 ) ) ;
#3128 = CARTESIAN_POINT ( 'NONE',  ( -0.3918307637902608276, -0.6737711323363342331, -0.1600763217940640581 ) ) ;
#3129 = CARTESIAN_POINT ( 'NONE',  ( 0.2535714285714283922, -0.05961245283903235381, 0.1735534956470232704 ) ) ;
#3130 = CARTESIAN_POINT ( 'NONE',  ( -0.8107142857142856096, -0.3309916264174742051, -0.3899711648727292590 ) ) ;
#3131 = CARTESIAN_POINT ( 'NONE',  ( 0.5350000636372014284, -0.7199999999999997513, 4.066937289996870461E-07 ) ) ;
#3132 = CARTESIAN_POINT ( 'NONE',  ( -0.7321428571428569843, -0.6693959207434930780, 0.3127325929872118437 ) ) ;
#3133 = CARTESIAN_POINT ( 'NONE',  ( -0.9142857142857142572, -0.02000000000000005940, -0.09129738975606004059 ) ) ;
#3134 = CARTESIAN_POINT ( 'NONE',  ( 0.3774911513163828891, -0.7121918000667897264, 0.07852437630041297911 ) ) ;
#3135 = CARTESIAN_POINT ( 'NONE',  ( -0.6970827523525682246, -0.6548525305811816466, -0.1867310487278252273 ) ) ;
#3136 = CARTESIAN_POINT ( 'NONE',  ( 0.1892857142857141683, -0.5090083735825255973, 0.3899711648727292590 ) ) ;
#3137 = CARTESIAN_POINT ( 'NONE',  ( -0.2964285714285713746, -0.05961245283903229136, 0.1735534956470231871 ) ) ;
#3138 = EDGE_CURVE ( 'NONE', #5428, #4229, #4726, .T. ) ;
#3139 = CARTESIAN_POINT ( 'NONE',  ( -0.7492857142857142216, -0.3532437198131055389, 0.2924783736545468749 ) ) ;
#3140 = CARTESIAN_POINT ( 'NONE',  ( 0.9212307481340155091, -0.6043640356277759640, -0.2399000376545996627 ) ) ;
#3141 = VECTOR ( 'NONE', #1956, 39.37007874015748143 ) ;
#3142 = CARTESIAN_POINT ( 'NONE',  ( 0.02540162591229728692, -0.3247269163513078483, 0.2845120673831968428 ) ) ;
#3143 = CARTESIAN_POINT ( 'NONE',  ( 1.254285714285713338, -0.7199999999999996403, -0.06847304231704497146 ) ) ;
#3144 = CARTESIAN_POINT ( 'NONE',  ( -2.138506484271025077, -0.1700000000000004285, -0.01069132174359148021 ) ) ;
#3145 = DIRECTION ( 'NONE',  ( 0.0000000000000000000, 1.000000000000000000, 0.0000000000000000000 ) ) ;
#3146 = CARTESIAN_POINT ( 'NONE',  ( -0.1214285714285714274, -0.5980167471650511546, 0.3696555844364371457 ) ) ;
#3147 = CARTESIAN_POINT ( 'NONE',  ( 0.3212422275076433076, -0.6043640239287947358, -0.2399000466453120595 ) ) ;
#3148 = ORIENTED_EDGE ( 'NONE', *, *, #4629, .T. ) ;
#3149 = CARTESIAN_POINT ( 'NONE',  ( -0.7464285714285712192, -0.7803875471609674763, -0.1735534956470231316 ) ) ;
#3150 = CARTESIAN_POINT ( 'NONE',  ( -0.3229283394462821866, -0.6109389137602341258, 0.2313935717766246736 ) ) ;
#3151 = LINE ( 'NONE', #3930, #2367 ) ;
#3152 = CARTESIAN_POINT ( 'NONE',  ( 1.249999999999999334, -0.4199999999999999289, -0.4102867453090214278 ) ) ;
#3153 = CARTESIAN_POINT ( 'NONE',  ( -0.3958707931649261269, -0.6595003337048283010, -0.1807803646720886059 ) ) ;
#3154 = CARTESIAN_POINT ( 'NONE',  ( -0.1916675503710150441, -0.1551821010432615777, -0.1409663227500754512 ) ) ;
#3155 = B_SPLINE_CURVE_WITH_KNOTS ( 'NONE', 3,
 ( #2559, #3355, #2956, #1330, #5060, #426, #1726, #4691, #1643, #3440, #2531, #5545, #3384, #2146, #3043, #1245, #367, #4664 ),
 .UNSPECIFIED., .F., .F.,
 ( 4, 2, 2, 2, 2, 2, 2, 2, 4 ),
 ( 0.0000000000000000000, 0.01339285357463895071, 0.02678570714927789448, 0.04017856072391683825, 0.05357141429855578202, 0.06696426787319471885, 0.08035712144783367650, 0.09374997502247263415, 0.1071428285971115779 ),
 .UNSPECIFIED. ) ;
#3156 = CARTESIAN_POINT ( 'NONE',  ( 1.006428571428570784, -0.1497093396292742407, -0.1301651217352673418 ) ) ;
#3157 = CARTESIAN_POINT ( 'NONE',  ( 0.7464285714285709972, -0.7803875471609674763, 0.1735534956470231316 ) ) ;
#3158 = CARTESIAN_POINT ( 'NONE',  ( -0.6260668286931518889, -0.6258269442968925622, 0.2182550569260837126 ) ) ;
#3159 = CARTESIAN_POINT ( 'NONE',  ( -0.3934606945024094471, -0.6681747042682271154, -0.1685525777494142896 ) ) ;
#3160 = CARTESIAN_POINT ( 'NONE',  ( 0.3178571428571426716, -0.1706040792565065023, -0.3127325929872117327 ) ) ;
#3161 = CARTESIAN_POINT ( 'NONE',  ( 0.1712450973509938856, -0.2356359789962376439, 0.2399000488932106490 ) ) ;
#3162 = CARTESIAN_POINT ( 'NONE',  ( -0.9785714285714283145, -0.2419832528349483425, 0.3696555844364371457 ) ) ;
#3163 = CARTESIAN_POINT ( 'NONE',  ( 0.4899889989338478968, -0.1578640764136656216, 0.1510856818668767643 ) ) ;
#3164 = CARTESIAN_POINT ( 'NONE',  ( -0.6744585002044157784, -0.7141215858989603538, -0.05910609605057078053 ) ) ;
#3165 = CARTESIAN_POINT ( 'NONE',  ( 0.3392857142857140795, -0.3309916264174740386, -0.3899711648727292590 ) ) ;
#3166 = CARTESIAN_POINT ( 'NONE',  ( -0.4035714285714284699, -0.7803875471609672543, 0.1735534956470232149 ) ) ;
#3167 = CARTESIAN_POINT ( 'NONE',  ( 0.6149866073976837377, -0.5710857090341692199, -0.2621359079280853321 ) ) ;
#3168 = CARTESIAN_POINT ( 'NONE',  ( 1.134999999668880655, -0.7199999999999997513, -1.246241562513871837E-11 ) ) ;
#3169 = EDGE_CURVE ( 'NONE', #4974, #218, #5058, .T. ) ;
#3170 = CARTESIAN_POINT ( 'NONE',  ( 0.03153495529682370097, -0.2890174886774220520, 0.2704598203951250612 ) ) ;
#3171 = CARTESIAN_POINT ( 'NONE',  ( -0.8406581347548020000, -0.1622421299874754752, 0.1538464932347385627 ) ) ;
#3172 = CARTESIAN_POINT ( 'NONE',  ( 3.499999999999999112, -0.1699999999999996791, 0.0000000000000000000 ) ) ;
#3173 = VECTOR ( 'NONE', #2662, 39.37007874015748143 ) ;
#3174 = VERTEX_POINT ( 'NONE', #2545 ) ;
#3175 = FACE_OUTER_BOUND ( 'NONE', #4433, .T. ) ;
#3176 = CARTESIAN_POINT ( 'NONE',  ( 0.04214285714285714857, -0.2329530594423798728, 0.2345494447404087857 ) ) ;
#3177 = ORIENTED_EDGE ( 'NONE', *, *, #3691, .T. ) ;
#3178 = CARTESIAN_POINT ( 'NONE',  ( -0.3337601923506494095, -0.6581220176751934048, 0.1827394998413000571 ) ) ;
#3179 = CARTESIAN_POINT ( 'NONE',  ( -1.140288917099445465, -0.1607943852496756254, 0.1519570747411449485 ) ) ;
#3180 = CARTESIAN_POINT ( 'NONE',  ( 1.260714285714285010, -0.5090083735825254863, -0.3899711648727292590 ) ) ;
#3181 = CARTESIAN_POINT ( 'NONE',  ( -0.4046108325099903591, -0.6227076995890346023, -0.2211689078791200247 ) ) ;
#3182 = CARTESIAN_POINT ( 'NONE',  ( -0.1681547999363688095, -0.2533530772238893891, -0.2494570188458540283 ) ) ;
#3183 = CARTESIAN_POINT ( 'NONE',  ( 1.484973876408367310, -0.5699963790630375726, 0.2598097116506182802 ) ) ;
#3184 = CARTESIAN_POINT ( 'NONE',  ( 0.8214285714285708417, -0.2419832528349484535, 0.3696555844364372012 ) ) ;
#3185 = CARTESIAN_POINT ( 'NONE',  ( 0.9207142857142851522, -0.3532437198131055944, 0.2924783736545468749 ) ) ;
#3186 = CARTESIAN_POINT ( 'NONE',  ( -0.3822489425396117246, -0.7008697548652479403, -0.1058684396044592274 ) ) ;
#3187 = CARTESIAN_POINT ( 'NONE',  ( 0.1035714285714284949, -0.7803875471609672543, -0.1735534956470232149 ) ) ;
#3188 = FACE_OUTER_BOUND ( 'NONE', #283, .T. ) ;
#3189 = CARTESIAN_POINT ( 'NONE',  ( -0.8821428571428570065, -0.1706040792565065856, -0.3127325929872118437 ) ) ;
#3190 =( BOUNDED_SURFACE ( )  B_SPLINE_SURFACE ( 1, 2, ( 
 ( #3726, #5444, #1174, #4199, #2072, #2888, #4594, #749, #3755, #3341, #5046, #1200, #4622, #775, #696, #3675, #745, #4510, #4143, #2856, #2405, #4590, #295, #4090, #4482, #2015, #1493, #2352, #4538, #1989, #4118, #2379, #1965, #3700, #4063, #2431, #3199, #5385, #4034, #5014, #2774, #4955, #5413, #5328, #1141, #1911, #4986, #269, #3724, #4903, #1111, #216, #667, #2830, #1168, #1940, #3647, #243, #5358, #187, #5441, #1572, #1061, #3283, #1600, #2884, #1523, #3619, #1548, #636, #2802, #4563, #720, #3310, #3228, #4931, #1087, #3255, #4168, #3390, #432, #4617, #2963, #3419, #321, #2908, #3779, #769, #5119, #2510, #5066, #2455, #4194, #2481, #346, #1278, #4250, #1624, #2991, #1705, #5092, #3866, #1649, #797, #2152, #2537, #2565, #4221, #4278, #373, #4698, #1678, #2093, #1195, #402, #854, #1733, #5040, #18, #3361, #2066, #3446, #2041, #5144, #1306, #5494, #1222, #3747, #3020, #2124, #5466, #4724, #3838, #3807, #5523 ),
 ( #4670, #1252, #3336, #2935, #4643, #824, #5551, #1459, #998, #938, #1336, #2714, #3049, #5266, #2655, #1430, #4423, #4336, #2629, #2597, #3136, #2686, #2181, #5295, #544, #514, #4782, #4393, #4364, #4309, #2233, #4844, #3971, #881, #3165, #96, #1397, #2264, #3558, #487, #5233, #4813, #572, #3942, #2207, #461, #3893, #44, #3916, #2293, #155, #1817, #1879, #5201, #3107, #4002, #3587, #1761, #4756, #3471, #5172, #908, #70, #126, #1788, #3497, #1363, #3076, #3525, #968, #1851, #1131, #690, #5433, #1905, #4557, #2850, #714, #1515, #4110, #4978, #1932, #2399, #4449, #600, #2346, #4926, #4476, #1959, #629, #4949, #2425, #3614, #5322, #4056, #4137, #182, #2768, #287, #3669, #3641, #5380, #3193, #2320, #4084, #1104, #1542, #2741, #2008, #262, #210, #1487, #2822, #237, #1027, #4532, #1054, #4504, #3249, #3718, #1591, #5352, #4897, #3223, #1082, #2797, #658, #4028, #4871, #2374, #1983, #3694, #5407, #1566, #3275 ) ),
 .UNSPECIFIED., .F., .F., .F. ) 
 B_SPLINE_SURFACE_WITH_KNOTS ( ( 2, 2 ),
 ( 3, 2, 2, 2, 2, 2, 2, 2, 2, 2, 2, 2, 2, 2, 2, 2, 2, 2, 2, 2, 2, 2, 2, 2, 2, 2, 2, 2, 2, 2, 2, 2, 2, 2, 2, 2, 2, 2, 2, 2, 2, 2, 2, 2, 2, 2, 2, 2, 2, 2, 2, 2, 2, 2, 2, 2, 2, 2, 2, 2, 2, 2, 2, 2, 2, 2, 2, 3 ),
 ( 0.0000000000000000000, 1.000000000000000000 ),
 ( 0.0000000000000000000, 0.01428571428571428527, 0.02857142857142857054, 0.04285714285714285754, 0.05714285714285714107, 0.07142857142857142461, 0.08571428571428571508, 0.1000000000000000056, 0.1142857142857142821, 0.1285714285714285587, 0.1428571428571428492, 0.1571428571428571397, 0.1714285714285714302, 0.1857142857142857206, 0.2000000000000000111, 0.2142857142857142738, 0.2285714285714285643, 0.2428571428571428548, 0.2571428571428571175, 0.2714285714285714080, 0.2857142857142856984, 0.2999999999999999889, 0.3142857142857142794, 0.3285714285714285698, 0.3428571428571428603, 0.3571428571428571508, 0.3714285714285714413, 0.3857142857142857317, 0.4000000000000000222, 0.4142857142857143127, 0.4285714285714285476, 0.4428571428571428381, 0.4571428571428571286, 0.4714285714285714191, 0.4857142857142857095, 0.5000000000000000000, 0.5142857142857142350, 0.5285714285714285809, 0.5428571428571428159, 0.5571428571428571619, 0.5714285714285713969, 0.5857142857142857428, 0.5999999999999999778, 0.6142857142857143238, 0.6285714285714285587, 0.6428571428571429047, 0.6571428571428571397, 0.6714285714285713746, 0.6857142857142857206, 0.6999999999999999556, 0.7142857142857143016, 0.7285714285714285365, 0.7428571428571428825, 0.7571428571428571175, 0.7714285714285714635, 0.7857142857142856984, 0.8000000000000000444, 0.8142857142857142794, 0.8285714285714286254, 0.8428571428571428603, 0.8571428571428570953, 0.8714285714285714413, 0.8857142857142856762, 0.9000000000000000222, 0.9142857142857142572, 0.9285714285714286031, 0.9333424783348422960, 0.9426759031181907167 ),
 .UNSPECIFIED. ) 
 GEOMETRIC_REPRESENTATION_ITEM ( )  RATIONAL_B_SPLINE_SURFACE ( (
 ( 1.000000000000000000, 0.9749279121818236193, 1.000000000000000000, 0.9749279121818236193, 1.000000000000000000, 0.9749279121818236193, 1.000000000000000000, 0.9749279121818236193, 1.000000000000000000, 0.9749279121818236193, 1.000000000000000000, 0.9749279121818236193, 1.000000000000000000, 0.9749279121818236193, 1.000000000000000000, 0.9749279121818236193, 1.000000000000000000, 0.9749279121818236193, 1.000000000000000000, 0.9749279121818236193, 1.000000000000000000, 0.9749279121818236193, 1.000000000000000000, 0.9749279121818236193, 1.000000000000000000, 0.9749279121818236193, 1.000000000000000000, 0.9749279121818236193, 1.000000000000000000, 0.9749279121818236193, 1.000000000000000000, 0.9749279121818236193, 1.000000000000000000, 0.9749279121818236193, 1.000000000000000000, 0.9749279121818236193, 1.000000000000000000, 0.9749279121818236193, 1.000000000000000000, 0.9749279121818236193, 1.000000000000000000, 0.9749279121818236193, 1.000000000000000000, 0.9749279121818236193, 1.000000000000000000, 0.9749279121818236193, 1.000000000000000000, 0.9749279121818236193, 1.000000000000000000, 0.9749279121818236193, 1.000000000000000000, 0.9749279121818236193, 1.000000000000000000, 0.9749279121818236193, 1.000000000000000000, 0.9749279121818236193, 1.000000000000000000, 0.9749279121818236193, 1.000000000000000000, 0.9749279121818236193, 1.000000000000000000, 0.9749279121818236193, 1.000000000000000000, 0.9749279121818236193, 1.000000000000000000, 0.9749279121818236193, 1.000000000000000000, 0.9749279121818236193, 1.000000000000000000, 0.9749279121818236193, 1.000000000000000000, 0.9749279121818236193, 1.000000000000000000, 0.9749279121818236193, 1.000000000000000000, 0.9749279121818236193, 1.000000000000000000, 0.9749279121818236193, 1.000000000000000000, 0.9749279121818236193, 1.000000000000000000, 0.9749279121818236193, 1.000000000000000000, 0.9749279121818236193, 1.000000000000000000, 0.9749279121818236193, 1.000000000000000000, 0.9749279121818236193, 1.000000000000000000, 0.9749279121818236193, 1.000000000000000000, 0.9749279121818236193, 1.000000000000000000, 0.9749279121818236193, 1.000000000000000000, 0.9749279121818236193, 1.000000000000000000, 0.9749279121818236193, 1.000000000000000000, 0.9749279121818236193, 1.000000000000000000, 0.9749279121818236193, 1.000000000000000000, 0.9749279121818236193, 1.000000000000000000, 0.9749279121818236193, 1.000000000000000000, 0.9749279121818236193, 1.000000000000000000, 0.9749279121818236193, 1.000000000000000000, 0.9749279121818236193, 1.000000000000000000, 0.9749279121818236193, 1.000000000000000000, 0.9749279121818236193, 1.000000000000000000, 0.9749279121818236193, 1.000000000000000000, 0.9749279121818236193, 1.000000000000000000, 0.9749279121818236193, 1.000000000000000000, 0.9749279121818236193, 1.000000000000000000, 0.9749279121818236193, 1.000000000000000000, 0.9749279121818236193, 1.000000000000000000, 0.9749279121818236193, 1.000000000000000000, 0.9916265874942762348, 0.9888461704741682290, 0.9888461704741682290, 0.9888461704741682290),
 ( 1.000000000000000000, 0.9749279121818236193, 1.000000000000000000, 0.9749279121818236193, 1.000000000000000000, 0.9749279121818236193, 1.000000000000000000, 0.9749279121818236193, 1.000000000000000000, 0.9749279121818236193, 1.000000000000000000, 0.9749279121818236193, 1.000000000000000000, 0.9749279121818236193, 1.000000000000000000, 0.9749279121818236193, 1.000000000000000000, 0.9749279121818236193, 1.000000000000000000, 0.9749279121818236193, 1.000000000000000000, 0.9749279121818236193, 1.000000000000000000, 0.9749279121818236193, 1.000000000000000000, 0.9749279121818236193, 1.000000000000000000, 0.9749279121818236193, 1.000000000000000000, 0.9749279121818236193, 1.000000000000000000, 0.9749279121818236193, 1.000000000000000000, 0.9749279121818236193, 1.000000000000000000, 0.9749279121818236193, 1.000000000000000000, 0.9749279121818236193, 1.000000000000000000, 0.9749279121818236193, 1.000000000000000000, 0.9749279121818236193, 1.000000000000000000, 0.9749279121818236193, 1.000000000000000000, 0.9749279121818236193, 1.000000000000000000, 0.9749279121818236193, 1.000000000000000000, 0.9749279121818236193, 1.000000000000000000, 0.9749279121818236193, 1.000000000000000000, 0.9749279121818236193, 1.000000000000000000, 0.9749279121818236193, 1.000000000000000000, 0.9749279121818236193, 1.000000000000000000, 0.9749279121818236193, 1.000000000000000000, 0.9749279121818236193, 1.000000000000000000, 0.9749279121818236193, 1.000000000000000000, 0.9749279121818236193, 1.000000000000000000, 0.9749279121818236193, 1.000000000000000000, 0.9749279121818236193, 1.000000000000000000, 0.9749279121818236193, 1.000000000000000000, 0.9749279121818236193, 1.000000000000000000, 0.9749279121818236193, 1.000000000000000000, 0.9749279121818236193, 1.000000000000000000, 0.9749279121818236193, 1.000000000000000000, 0.9749279121818236193, 1.000000000000000000, 0.9749279121818236193, 1.000000000000000000, 0.9749279121818236193, 1.000000000000000000, 0.9749279121818236193, 1.000000000000000000, 0.9749279121818236193, 1.000000000000000000, 0.9749279121818236193, 1.000000000000000000, 0.9749279121818236193, 1.000000000000000000, 0.9749279121818236193, 1.000000000000000000, 0.9749279121818236193, 1.000000000000000000, 0.9749279121818236193, 1.000000000000000000, 0.9749279121818236193, 1.000000000000000000, 0.9749279121818236193, 1.000000000000000000, 0.9749279121818236193, 1.000000000000000000, 0.9749279121818236193, 1.000000000000000000, 0.9749279121818236193, 1.000000000000000000, 0.9749279121818236193, 1.000000000000000000, 0.9749279121818236193, 1.000000000000000000, 0.9749279121818236193, 1.000000000000000000, 0.9749279121818236193, 1.000000000000000000, 0.9749279121818236193, 1.000000000000000000, 0.9749279121818236193, 1.000000000000000000, 0.9749279121818236193, 1.000000000000000000, 0.9749279121818236193, 1.000000000000000000, 0.9749279121818236193, 1.000000000000000000, 0.9749279121818236193, 1.000000000000000000, 0.9916265874942762348, 0.9888461704741682290, 0.9888461704741682290, 0.9888461704741682290) ) ) 
 REPRESENTATION_ITEM ( '' )  SURFACE ( )  );
#3191 = CARTESIAN_POINT ( 'NONE',  ( 1.171428571428570597, -0.2419832528349484535, 0.3696555844364372012 ) ) ;
#3192 = CARTESIAN_POINT ( 'NONE',  ( -0.6958988018867301450, -0.6593983447578263268, -0.1809165165027069311 ) ) ;
#3193 = CARTESIAN_POINT ( 'NONE',  ( 1.067857142857142172, -0.6693959207434931891, 0.3127325929872117327 ) ) ;
#3194 = CARTESIAN_POINT ( 'NONE',  ( -0.2428571428571427993, -0.09922490567806474537, -0.2558096015379864308 ) ) ;
#3195 = CARTESIAN_POINT ( 'NONE',  ( -1.274285714285714022, -0.1200000000000000788, -0.06847304231704502697 ) ) ;
#3196 = CARTESIAN_POINT ( 'NONE',  ( -1.499999999999999778, -0.6699999999999999289, 3.061616997868381169E-17 ) ) ;
#3197 = CARTESIAN_POINT ( 'NONE',  ( 0.04114843203205133249, -0.2379205466509800304, 0.2384562882147217844 ) ) ;
#3198 = CARTESIAN_POINT ( 'NONE',  ( -0.8766274311308216438, -0.3369191304367809559, 0.2882711123076059923 ) ) ;
#3199 = CARTESIAN_POINT ( 'NONE',  ( 0.4107142857142855319, -0.5090083735825254863, -0.3899711648727292590 ) ) ;
#3200 = CARTESIAN_POINT ( 'NONE',  ( 0.2349965661986074261, -0.7199999999991250066, -5.097316863321137046E-07 ) ) ;
#3201 =( BOUNDED_CURVE ( )  B_SPLINE_CURVE ( 2, ( #4026, #2344, #1849, #4082, #5264 ),
 .UNSPECIFIED., .F., .T. ) 
 B_SPLINE_CURVE_WITH_KNOTS ( ( 3, 2, 3 ),
 ( 0.8536521184887355673, 0.8536524138970236208, 0.8658106068495745600 ),
 .UNSPECIFIED. ) 
 CURVE ( )  GEOMETRIC_REPRESENTATION_ITEM ( )  RATIONAL_B_SPLINE_CURVE ( ( 0.9999991497418276865, 0.9999995748637049431, 1.000000000000000000, 0.9825025589499244427, 0.9894275310248470401 ) ) 
 REPRESENTATION_ITEM ( '' )  );
#3202 = VERTEX_POINT ( 'NONE', #1767 ) ;
#3203 = CARTESIAN_POINT ( 'NONE',  ( -0.2821428571428570842, -0.1706040792565065856, -0.3127325929872118437 ) ) ;
#3204 = CARTESIAN_POINT ( 'NONE',  ( -0.2257142857142856174, -0.1200000000000000372, 0.06847304231704492983 ) ) ;
#3205 = VERTEX_POINT ( 'NONE', #4650 ) ;
#3206 = CARTESIAN_POINT ( 'NONE',  ( -0.3416995305016350959, -0.6849129039461915314, 0.1407877010890651870 ) ) ;
#3207 = DIRECTION ( 'NONE',  ( -0.0000000000000000000, 1.000000000000000000, -0.0000000000000000000 ) ) ;
#3208 = CARTESIAN_POINT ( 'NONE',  ( 1.196428571428570731, -0.05961245283903229136, -0.1735534956470231871 ) ) ;
#3209 = CARTESIAN_POINT ( 'NONE',  ( -0.4593498963235435606, -0.3016225826634859608, -0.2756605534549035341 ) ) ;
#3210 = CARTESIAN_POINT ( 'NONE',  ( -0.1917398786837061497, -0.1549649276967367817, -0.1405580903119859337 ) ) ;
#3211 = EDGE_CURVE ( 'NONE', #1178, #1607, #3809, .T. ) ;
#3212 = EDGE_LOOP ( 'NONE', ( #806, #3710, #1, #4167 ) ) ;
#3213 = CARTESIAN_POINT ( 'NONE',  ( 0.03571428571428571924, -0.01999999999999999695, -0.09129738975605992957 ) ) ;
#3214 = CARTESIAN_POINT ( 'NONE',  ( 0.3071428571428569954, -0.09922490567806467598, -0.2558096015379863752 ) ) ;
#3215 = CARTESIAN_POINT ( 'NONE',  ( -0.2246703260594488660, -0.1261426197108941327, 0.06039949791326981732 ) ) ;
#3216 = CARTESIAN_POINT ( 'NONE',  ( -1.032968101771498448, -0.4638334993839121623, -0.2969585340133445439 ) ) ;
#3217 = CARTESIAN_POINT ( 'NONE',  ( 0.3421428571428570264, -0.2329530594423799283, 0.2345494447404088134 ) ) ;
#3218 = CARTESIAN_POINT ( 'NONE',  ( -0.02500000000000000139, -0.01999999999999999001, 0.0000000000000000000 ) ) ;
#3219 = CARTESIAN_POINT ( 'NONE',  ( 0.09624653227266130595, -0.6599000500171904315, 0.1843640195412060145 ) ) ;
#3220 = CARTESIAN_POINT ( 'NONE',  ( -0.4535714285714285143, -0.7803875471609672543, 0.1735534956470232149 ) ) ;
#3221 = CARTESIAN_POINT ( 'NONE',  ( -0.2457142857142856629, -0.7199999999999997513, -0.06847304231704488819 ) ) ;
#3222 = CARTESIAN_POINT ( 'NONE',  ( -0.7432025877359743626, -0.4000407879403865552, -0.2994043005833684767 ) ) ;
#3223 = CARTESIAN_POINT ( 'NONE',  ( 1.292857142857142261, -0.7407750943219348905, -0.2558096015379864308 ) ) ;
#3224 = CARTESIAN_POINT ( 'NONE',  ( -0.9499999999999998446, -0.4199999999999999289, 0.4102867453090214278 ) ) ;
#3225 = CARTESIAN_POINT ( 'NONE',  ( 0.8149911863850846094, -0.1200000000056708205, 1.293294341024093514E-06 ) ) ;
#3226 = CARTESIAN_POINT ( 'NONE',  ( 0.04703315524002395914, -0.2097966068289614516, 0.2140443302122048697 ) ) ;
#3227 = CARTESIAN_POINT ( 'NONE',  ( -0.8653214995618514482, -0.2718779798493605182, 0.2608985451331695127 ) ) ;
#3228 = CARTESIAN_POINT ( 'NONE',  ( 0.8178571428571423940, -0.6693959207434931891, 0.3127325929872117327 ) ) ;
#3229 = CARTESIAN_POINT ( 'NONE',  ( -0.2607142857142841774, -0.3309916264174742051, -0.3899711648727292590 ) ) ;
#3230 = VERTEX_POINT ( 'NONE', #1684 ) ;
#3231 = CARTESIAN_POINT ( 'NONE',  ( -0.3573251069746601893, -0.7161341785509144353, 0.04816245960265047588 ) ) ;
#3232 = CARTESIAN_POINT ( 'NONE',  ( 1.204574570594279637, -0.4538036053172946338, 0.2999996066572332976 ) ) ;
#3233 = CARTESIAN_POINT ( 'NONE',  ( 1.239285714285713658, -0.3309916264174740386, -0.3899711648727292590 ) ) ;
#3234 = CARTESIAN_POINT ( 'NONE',  ( -0.4761730250112415908, -0.2136360100991814837, -0.2178023747395881060 ) ) ;
#3235 = CARTESIAN_POINT ( 'NONE',  ( -0.2033138893163608518, -0.1285953705553546933, -0.07272198105907658194 ) ) ;
#3236 = EDGE_CURVE ( 'NONE', #4678, #5440, #2599, .T. ) ;
#3237 = CARTESIAN_POINT ( 'NONE',  ( 0.7107142857142852987, -0.5090083735825254863, -0.3899711648727292590 ) ) ;
#3238 = CARTESIAN_POINT ( 'NONE',  ( 1.067857142857142172, -0.6693959207434931891, 0.3127325929872117327 ) ) ;
#3239 = CARTESIAN_POINT ( 'NONE',  ( -0.2289656041691460475, -0.1326323157928569196, 0.08638972705940864416 ) ) ;
#3240 = CARTESIAN_POINT ( 'NONE',  ( -1.029559950140018998, -0.4850474559881204906, -0.2928637630510796397 ) ) ;
#3241 = EDGE_CURVE ( 'NONE', #5152, #4652, #354, .T. ) ;
#3242 = CARTESIAN_POINT ( 'NONE',  ( -0.9726767336682797804, -0.7161156011833337276, -0.04814767245812349994 ) ) ;
#3243 = ORIENTED_EDGE ( 'NONE', *, *, #246, .F. ) ;
#3244 = CARTESIAN_POINT ( 'NONE',  ( 0.1649952169277991432, -0.2689143005539122444, 0.2621359134543129188 ) ) ;
#3245 = CARTESIAN_POINT ( 'NONE',  ( 3.499999999999999112, -0.1699999999999995404, 0.0000000000000000000 ) ) ;
#3246 = CARTESIAN_POINT ( 'NONE',  ( -0.3849978327552369128, -0.1200000000003488693, -3.180173354764372979E-07 ) ) ;
#3247 = EDGE_CURVE ( 'NONE', #4905, #192, #4338, .T. ) ;
#3248 = CARTESIAN_POINT ( 'NONE',  ( -0.7356329183054038934, -0.4472435529802429865, -0.2988838207193886265 ) ) ;
#3249 = CARTESIAN_POINT ( 'NONE',  ( 1.239285714285713658, -0.3309916264174740386, -0.3899711648727292590 ) ) ;
#3250 = CARTESIAN_POINT ( 'NONE',  ( -0.6714285714285712636, -0.5980167471650511546, 0.3696555844364371457 ) ) ;
#3251 = CARTESIAN_POINT ( 'NONE',  ( 0.9524801502499635752, -0.7121918096407855447, -0.07852434067524040329 ) ) ;
#3252 = CARTESIAN_POINT ( 'NONE',  ( -0.8857142857142856762, -0.01999999999999999695, 0.09129738975605992957 ) ) ;
#3253 = CARTESIAN_POINT ( 'NONE',  ( -0.03374505468975997485, -0.6580653190831881050, 0.1828155070319884556 ) ) ;
#3254 = CARTESIAN_POINT ( 'NONE',  ( -0.9000984756503577211, -0.4829191831016832470, 0.2933278348992802709 ) ) ;
#3255 = CARTESIAN_POINT ( 'NONE',  ( 0.8499999999999995337, -0.4199999999999999845, 0.4102867453090214278 ) ) ;
#3256 = CARTESIAN_POINT ( 'NONE',  ( -0.5178571428571412394, -0.6693959207434931891, -0.3127325929872117327 ) ) ;
#3257 = ORIENTED_EDGE ( 'NONE', *, *, #2926, .F. ) ;
#3258 = ORIENTED_EDGE ( 'NONE', *, *, #4506, .T. ) ;
#3259 = CARTESIAN_POINT ( 'NONE',  ( -0.3275227028079649716, -0.6323819926056855056, 0.2118819188257397568 ) ) ;
#3260 = CARTESIAN_POINT ( 'NONE',  ( 1.500000000000000444, -0.4199999999999998179, 0.0000000000000000000 ) ) ;
#3261 = CARTESIAN_POINT ( 'NONE',  ( 1.500000000000000444, -0.7199999999999994182, 3.673940397442055800E-17 ) ) ;
#3262 = CARTESIAN_POINT ( 'NONE',  ( -0.03142857142857144459, -0.2864874396262112599, -0.2772416883273278176 ) ) ;
#3263 = CARTESIAN_POINT ( 'NONE',  ( -0.4686499538420957900, -0.2507663350371210353, -0.2477124501354056318 ) ) ;
#3264 = CARTESIAN_POINT ( 'NONE',  ( -0.8028571428571428248, -0.6605813207414512611, 0.1918572011534898092 ) ) ;
#3265 = CARTESIAN_POINT ( 'NONE',  ( 0.2071428571428570453, -0.7407750943219351125, 0.2558096015379863197 ) ) ;
#3266 = CARTESIAN_POINT ( 'NONE',  ( -0.07235493656611034774, -0.7166693567650322949, -0.04624371745832921154 ) ) ;
#3267 = CARTESIAN_POINT ( 'NONE',  ( 0.9314285714285710505, -0.2864874396262113154, 0.2772416883273278732 ) ) ;
#3268 = CARTESIAN_POINT ( 'NONE',  ( -1.057219974506630189, -0.3139496008760569445, -0.2806530633485391224 ) ) ;
#3269 = AXIS2_PLACEMENT_3D ( 'NONE', #1092, #2905, #194 ) ;
#3270 = CARTESIAN_POINT ( 'NONE',  ( -1.014381827172574635, -0.5731930031079551791, -0.2579402530411589733 ) ) ;
#3271 = ORIENTED_EDGE ( 'NONE', *, *, #1660, .T. ) ;
#3272 = PLANE ( 'NONE',  #4566 ) ;
#3273 = CARTESIAN_POINT ( 'NONE',  ( -0.7270530341275645014, -0.5005145848850134360, -0.2889939387736549237 ) ) ;
#3274 = AXIS2_PLACEMENT_3D ( 'NONE', #3496, #460, #2180 ) ;
#3275 = CARTESIAN_POINT ( 'NONE',  ( 1.389092061087974450, -0.5181372204680586568, 0.4052195882130061877 ) ) ;
#3276 = CARTESIAN_POINT ( 'NONE',  ( -1.164285714285714368, -0.02000000000000005940, -0.09129738975606004059 ) ) ;
#3277 = ADVANCED_FACE ( 'NONE', ( #1713 ), #3426, .T. ) ;
#3278 = CARTESIAN_POINT ( 'NONE',  ( -0.5969186767947370909, -0.4631088115184248122, 0.2968922694305053400 ) ) ;
#3279 = CARTESIAN_POINT ( 'NONE',  ( -1.185714285714285499, -0.01999999999999999695, 0.09129738975605992957 ) ) ;
#3280 = CARTESIAN_POINT ( 'NONE',  ( -0.01190240784790668090, -0.5528498191858878252, 0.2690030893701293446 ) ) ;
#3281 = CARTESIAN_POINT ( 'NONE',  ( -0.8808044174873498333, -0.3627057272645936026, 0.2944807110641330383 ) ) ;
#3282 = ORIENTED_EDGE ( 'NONE', *, *, #2105, .T. ) ;
#3283 = CARTESIAN_POINT ( 'NONE',  ( 0.6999999999999996225, -0.4199999999999999289, -0.4102867453090214278 ) ) ;
#3284 = CARTESIAN_POINT ( 'NONE',  ( -0.4214285714285698758, -0.5980167471650512656, 0.3696555844364371457 ) ) ;
#3285 = ORIENTED_EDGE ( 'NONE', *, *, #4188, .F. ) ;
#3286 = CARTESIAN_POINT ( 'NONE',  ( -0.3302306774206837936, -0.6440115887794677363, 0.1996515468216440436 ) ) ;
#3287 = CARTESIAN_POINT ( 'NONE',  ( -0.8123353182102386327, -0.1203059987136447795, -0.01695108226532714146 ) ) ;
#3288 = CARTESIAN_POINT ( 'NONE',  ( 0.2149999999999998301, -0.1200000000000000233, 0.0000000000000000000 ) ) ;
#3289 = CARTESIAN_POINT ( 'NONE',  ( -0.4604116545715877806, -0.2955621588975776981, -0.2729816059448557652 ) ) ;
#3290 = FACE_BOUND ( 'NONE', #4072, .T. ) ;
#3291 = CARTESIAN_POINT ( 'NONE',  ( 0.09999999999999995004, -0.4199999999999999289, -0.4102867453090214278 ) ) ;
#3292 = CARTESIAN_POINT ( 'NONE',  ( -0.07895941507366219247, -0.7073791079510755031, -0.08635320276881716661 ) ) ;
#3293 = CARTESIAN_POINT ( 'NONE',  ( -0.6618425555287436035, -0.7193683458771136241, 0.02001884221585382290 ) ) ;
#3294 = CARTESIAN_POINT ( 'NONE',  ( -1.067522269448241135, -0.2566606230024257584, -0.2516389439778983217 ) ) ;
#3295 = ORIENTED_EDGE ( 'NONE', *, *, #5430, .T. ) ;
#3296 = DIRECTION ( 'NONE',  ( 1.000000000000000000, 1.268357997058408169E-16, 0.0000000000000000000 ) ) ;
#3297 = EDGE_LOOP ( 'NONE', ( #5505, #1599, #5126, #733, #4579, #2667, #4375, #53, #1562, #381, #1634 ) ) ;
#3298 = CARTESIAN_POINT ( 'NONE',  ( 0.1171428571428571042, -0.1794186792585485413, -0.1918572011534897814 ) ) ;
#3299 = AXIS2_PLACEMENT_3D ( 'NONE', #1663, #2078, #3876 ) ;
#3300 = CARTESIAN_POINT ( 'NONE',  ( -1.148327710981771776, -0.1772966666958899484, 0.1763380049877973921 ) ) ;
#3301 = CARTESIAN_POINT ( 'NONE',  ( -0.5353223806482615421, -0.1467245823977054719, 0.1238023196533152570 ) ) ;
#3302 = CARTESIAN_POINT ( 'NONE',  ( -0.7666544308233780303, -0.2611434563639844497, -0.2547860378686776506 ) ) ;
#3303 = CARTESIAN_POINT ( 'NONE',  ( 3.499999999999999112, -0.4199999999999995404, -0.1999999999999989009 ) ) ;
#3304 = CARTESIAN_POINT ( 'NONE',  ( -0.5857142857142856318, -0.01999999999999999695, 0.09129738975605992957 ) ) ;
#3305 = CARTESIAN_POINT ( 'NONE',  ( -0.3971428571428570753, -0.6605813207414512611, -0.1918572011534897537 ) ) ;
#3306 = CARTESIAN_POINT ( 'NONE',  ( -1.024999999999999689, -0.8199999999999997291, 4.898587196589411226E-17 ) ) ;
#3307 = CARTESIAN_POINT ( 'NONE',  ( -0.03138282284903286951, -0.6487077491495090165, 0.1942084367872592976 ) ) ;
#3308 = CARTESIAN_POINT ( 'NONE',  ( -0.8996233752398247185, -0.4799593315708186592, 0.2939492386517000289 ) ) ;
#3309 = ORIENTED_EDGE ( 'NONE', *, *, #5360, .F. ) ;
#3310 = CARTESIAN_POINT ( 'NONE',  ( 0.8071428571428566068, -0.7407750943219351125, 0.2558096015379863197 ) ) ;
#3311 = CARTESIAN_POINT ( 'NONE',  ( -0.1964285714285699258, -0.7803875471609674763, -0.1735534956470231316 ) ) ;
#3312 =( GEOMETRIC_REPRESENTATION_CONTEXT ( 3 ) GLOBAL_UNCERTAINTY_ASSIGNED_CONTEXT ( ( #1133 ) ) GLOBAL_UNIT_ASSIGNED_CONTEXT ( ( #213, #547, #2267 ) ) REPRESENTATION_CONTEXT ( 'NONE', 'WORKASPACE' ) );
#3313 = CARTESIAN_POINT ( 'NONE',  ( -3.449999999999998401, -0.4200000000000004285, 0.0000000000000000000 ) ) ;
#3314 = DIRECTION ( 'NONE',  ( -1.268357997058408169E-16, 1.000000000000000000, 0.0000000000000000000 ) ) ;
#3315 = CARTESIAN_POINT ( 'NONE',  ( 0.4614285714285711881, -0.2864874396262113709, 0.2772416883273278732 ) ) ;
#3316 = CARTESIAN_POINT ( 'NONE',  ( -0.4736311804391425406, -0.2256295776936864395, -0.2285250914236389708 ) ) ;
#3317 = DIRECTION ( 'NONE',  ( 1.000000000000000000, 0.0000000000000000000, 0.0000000000000000000 ) ) ;
#3318 = VERTEX_POINT ( 'NONE', #4316 ) ;
#3319 = CARTESIAN_POINT ( 'NONE',  ( 0.4214285714285712636, -0.5980167471650511546, -0.3696555844364371457 ) ) ;
#3320 = CARTESIAN_POINT ( 'NONE',  ( 1.185714285714285054, -0.01999999999999999348, -0.09129738975605992957 ) ) ;
#3321 = CARTESIAN_POINT ( 'NONE',  ( -0.2339375028636130061, -0.1432226889611345200, 0.1157345417036749896 ) ) ;
#3322 = CARTESIAN_POINT ( 'NONE',  ( -1.055392413182896894, -0.3247289806635814124, -0.2845148827029856942 ) ) ;
#3323 = EDGE_LOOP ( 'NONE', ( #5426, #4456, #3746, #3788, #4230 ) ) ;
#3324 = ORIENTED_EDGE ( 'NONE', *, *, #760, .T. ) ;
#3325 = CARTESIAN_POINT ( 'NONE',  ( -0.8349998734840288206, -0.7199999999999998623, 8.085404549782136462E-07 ) ) ;
#3326 = CARTESIAN_POINT ( 'NONE',  ( -1.263571428571428568, -0.1497093396292742684, -0.1301651217352674250 ) ) ;
#3327 = AXIS2_PLACEMENT_3D ( 'NONE', #161, #4035, #2240 ) ;
#3328 = CARTESIAN_POINT ( 'NONE',  ( -0.7269540932908207242, -0.5011232646329562002, -0.2888235134878424648 ) ) ;
#3329 = CARTESIAN_POINT ( 'NONE',  ( -0.09285714285714284644, -0.7407750943219348905, 0.2558096015379864308 ) ) ;
#3330 = CARTESIAN_POINT ( 'NONE',  ( -0.5964285714285711970, -0.05961245283903229136, 0.1735534956470231871 ) ) ;
#3331 = CARTESIAN_POINT ( 'NONE',  ( -0.2471428571428571641, -0.1794186792585485413, 0.1918572011534897814 ) ) ;
#3332 = CARTESIAN_POINT ( 'NONE',  ( -1.174999999999999822, -0.01999999999999999001, 0.0000000000000000000 ) ) ;
#3333 = CARTESIAN_POINT ( 'NONE',  ( 0.0003957880721141764460, -0.4798393304484829813, 0.2939719460649071192 ) ) ;
#3334 = CARTESIAN_POINT ( 'NONE',  ( -0.9158569959525070248, -0.5744765573999252029, 0.2571883927734550657 ) ) ;
#3335 = ORIENTED_EDGE ( 'NONE', *, *, #2824, .F. ) ;
#3336 = CARTESIAN_POINT ( 'NONE',  ( -0.003571428571428586496, -0.05961245283903229136, -0.1735534956470231871 ) ) ;
#3337 = CARTESIAN_POINT ( 'NONE',  ( -0.1321428571428556187, -0.6693959207434930780, 0.3127325929872118437 ) ) ;
#3338 = COORDINATED_UNIVERSAL_TIME_OFFSET ( 6, 0, .BEHIND. ) ;
#3339 = CARTESIAN_POINT ( 'NONE',  ( -0.4171428571428571486, -0.1794186792585485413, 0.1918572011534897814 ) ) ;
#3340 = DIRECTION ( 'NONE',  ( 0.0000000000000000000, 0.0000000000000000000, 1.000000000000000000 ) ) ;
#3341 = CARTESIAN_POINT ( 'NONE',  ( 0.1214285714285713719, -0.5980167471650511546, -0.3696555844364371457 ) ) ;
#3342 = CARTESIAN_POINT ( 'NONE',  ( 0.03285714285714280009, -0.6605813207414512611, -0.1918572011534898369 ) ) ;
#3343 = CARTESIAN_POINT ( 'NONE',  ( -0.5125144319294916428, -0.1202571374160983780, -0.01581160815665123148 ) ) ;
#3344 = CARTESIAN_POINT ( 'NONE',  ( -0.6849956655103519587, -0.1200000000013951712, -6.360352874106080352E-07 ) ) ;
#3345 = ORIENTED_EDGE ( 'NONE', *, *, #5083, .F. ) ;
#3346 = CARTESIAN_POINT ( 'NONE',  ( 0.6892857142857139463, -0.3309916264174740386, -0.3899711648727292590 ) ) ;
#3347 = EDGE_CURVE ( 'NONE', #5449, #1658, #2634, .T. ) ;
#3348 = CARTESIAN_POINT ( 'NONE',  ( 0.9928571428571424384, -0.7407750943219348905, -0.2558096015379864308 ) ) ;
#3349 = CARTESIAN_POINT ( 'NONE',  ( -0.2573118684335691797, -0.2302444403944007290, 0.2323639050362074354 ) ) ;
#3350 = CARTESIAN_POINT ( 'NONE',  ( -1.087258576057385184, -0.1693303158859685298, -0.1648262452436839165 ) ) ;
#3351 = CARTESIAN_POINT ( 'NONE',  ( -0.4921428571428570486, -0.6070469405576197630, 0.2345494447404088134 ) ) ;
#3352 = CARTESIAN_POINT ( 'NONE',  ( 0.5149941242569454625, -0.1200000000025204377, 8.621950982566808248E-07 ) ) ;
#3353 = CARTESIAN_POINT ( 'NONE',  ( -0.7724155705570161512, -0.2315236203517676838, -0.2334919229250560502 ) ) ;
#3354 = CARTESIAN_POINT ( 'NONE',  ( -0.1785714285714285476, -0.5980167471650512656, -0.3696555844364370902 ) ) ;
#3355 = CARTESIAN_POINT ( 'NONE',  ( -0.07875011957680447261, -0.1200000000000002037, -0.03926990832229143580 ) ) ;
#3356 = CARTESIAN_POINT ( 'NONE',  ( -0.3542857142857141484, -0.7199999999999996403, 0.06847304231704497146 ) ) ;
#3357 = CARTESIAN_POINT ( 'NONE',  ( -0.5392857142857141461, -0.5090083735825255973, -0.3899711648727292590 ) ) ;
#3358 = CARTESIAN_POINT ( 'NONE',  ( 0.3142857142857142239, -0.02000000000000005940, 0.09129738975606002671 ) ) ;
#3359 = CARTESIAN_POINT ( 'NONE',  ( -0.03824352518618027996, -0.6740027663637337962, 0.1596399482813114223 ) ) ;
#3360 = CARTESIAN_POINT ( 'NONE',  ( -0.9430136585074780919, -0.6887282483344159267, 0.1333639904056825309 ) ) ;
#3361 = CARTESIAN_POINT ( 'NONE',  ( 1.299999999999999156, -0.4199999999999999289, -0.4102867453090214278 ) ) ;
#3362 = CARTESIAN_POINT ( 'NONE',  ( -1.096428571428569754, -0.7803875471609674763, -0.1735534956470231316 ) ) ;
#3363 = AXIS2_PLACEMENT_3D ( 'NONE', #678, #2863, #3317 ) ;
#3364 = APPROVAL_STATUS ( 'not_yet_approved' ) ;
#3365 = CARTESIAN_POINT ( 'NONE',  ( -1.149999999999999689, -0.4199999999999999845, -0.4102867453090214278 ) ) ;
#3366 =( BOUNDED_CURVE ( )  B_SPLINE_CURVE ( 1, ( #5095, #1255 ),
 .UNSPECIFIED., .F., .T. ) 
 B_SPLINE_CURVE_WITH_KNOTS ( ( 2, 2 ),
 ( 0.9163826219202317880, 1.000000000000000000 ),
 .UNSPECIFIED. ) 
 CURVE ( )  GEOMETRIC_REPRESENTATION_ITEM ( )  RATIONAL_B_SPLINE_CURVE ( ( 0.9879612132744760578, 0.9879612132744761688 ) ) 
 REPRESENTATION_ITEM ( '' )  );
#3367 = EDGE_CURVE ( 'NONE', #1745, #4484, #5502, .T. ) ;
#3368 = CARTESIAN_POINT ( 'NONE',  ( -0.8137637491799029066, -0.1200000004590480035, -0.007900989165109015624 ) ) ;
#3369 = CARTESIAN_POINT ( 'NONE',  ( 0.1292857142857141983, -0.4867562801868941524, 0.2924783736545468749 ) ) ;
#3370 = DIRECTION ( 'NONE',  ( 0.0000000000000000000, 0.0000000000000000000, 1.000000000000000000 ) ) ;
#3371 = CARTESIAN_POINT ( 'NONE',  ( -3.499999999999999112, -0.2300164480803694178, -0.06250000000000000000 ) ) ;
#3372 = VERTEX_POINT ( 'NONE', #440 ) ;
#3373 = ORIENTED_EDGE ( 'NONE', *, *, #2984, .F. ) ;
#3374 = CARTESIAN_POINT ( 'NONE',  ( 0.9357142857142854986, -0.01999999999999999695, -0.09129738975605992957 ) ) ;
#3375 = DIRECTION ( 'NONE',  ( 1.000000000000000000, -0.0000000000000000000, -0.0000000000000000000 ) ) ;
#3376 = CARTESIAN_POINT ( 'NONE',  ( -0.1076051895761777344, -0.6083060204917312142, -0.2335421623682056025 ) ) ;
#3377 = CARTESIAN_POINT ( 'NONE',  ( -0.2351145510351681511, -0.1461870039094403106, 0.1226252135132392257 ) ) ;
#3378 = CARTESIAN_POINT ( 'NONE',  ( -1.076187301597677282, -0.2135683865431542705, -0.2177406966822600376 ) ) ;
#3379 = CARTESIAN_POINT ( 'NONE',  ( 0.4278571428571426583, -0.2329530594423798728, -0.2345494447404087857 ) ) ;
#3380 = CARTESIAN_POINT ( 'NONE',  ( -1.150000000000000133, -0.6919534084471538060, -0.1662682167513767351 ) ) ;
#3381 = CARTESIAN_POINT ( 'NONE',  ( -0.6099701168957680775, -0.5419373715388811075, 0.2743314501334728761 ) ) ;
#3382 = CARTESIAN_POINT ( 'NONE',  ( -0.7894595379886958364, -0.1620176905420828983, -0.1531180460904275342 ) ) ;
#3383 = CARTESIAN_POINT ( 'NONE',  ( -0.1571428571428571119, -0.7407750943219351125, -0.2558096015379863197 ) ) ;
#3384 = CARTESIAN_POINT ( 'NONE',  ( 0.02124796719432109696, -0.6043640180786171712, -0.2399000511411957803 ) ) ;
#3385 = CARTESIAN_POINT ( 'NONE',  ( -0.1935714285714285332, -0.1497093396292742684, -0.1301651217352674250 ) ) ;
#3386 = CARTESIAN_POINT ( 'NONE',  ( -0.2607142857142856762, -0.3309916264174742051, -0.3899711648727292590 ) ) ;
#3387 = CARTESIAN_POINT ( 'NONE',  ( 0.7749999999999994671, -0.8199999999999997291, -4.898587196589411226E-17 ) ) ;
#3388 = CARTESIAN_POINT ( 'NONE',  ( -0.05567481980120566470, -0.7142828653563023655, 0.05829061657479446545 ) ) ;
#3389 = CARTESIAN_POINT ( 'NONE',  ( -0.9357546676146236697, -0.6654318100929905722, 0.1726262071988863278 ) ) ;
#3390 = CARTESIAN_POINT ( 'NONE',  ( 0.8714285714285708861, -0.2419832528349484257, 0.3696555844364372012 ) ) ;
#3391 = CARTESIAN_POINT ( 'NONE',  ( -0.6357142857142842329, -0.01999999999999999348, 0.09129738975605992957 ) ) ;
#3392 = SHAPE_DEFINITION_REPRESENTATION ( #3981, #1580 ) ;
#3393 = CARTESIAN_POINT ( 'NONE',  ( -0.3207142857142856740, -0.3532437198131055944, -0.2924783736545468749 ) ) ;
#3394 = CARTESIAN_POINT ( 'NONE',  ( -1.267420065944349306, -0.1571863358489220819, 0.3187886708912949230 ) ) ;
#3395 = CARTESIAN_POINT ( 'NONE',  ( 0.9971428571428566645, -0.6605813207414512611, 0.1918572011534897537 ) ) ;
#3396 = CARTESIAN_POINT ( 'NONE',  ( 1.210000000000000409, -0.5421258334296586989, -0.2740169352596860675 ) ) ;
#3397 = DIRECTION ( 'NONE',  ( 0.0000000000000000000, 1.000000000000000000, 0.0000000000000000000 ) ) ;
#3398 = ORIENTED_EDGE ( 'NONE', *, *, #5539, .T. ) ;
#3399 = VERTEX_POINT ( 'NONE', #3371 ) ;
#3400 = CARTESIAN_POINT ( 'NONE',  ( 1.182142857142856496, -0.1706040792565065856, 0.3127325929872118437 ) ) ;
#3401 = CYLINDRICAL_SURFACE ( 'NONE', #3299, 0.2999999999999998224 ) ;
#3402 = CARTESIAN_POINT ( 'NONE',  ( -0.1026153593624937743, -0.6317710150833026894, -0.2124933278900829892 ) ) ;
#3403 = EDGE_CURVE ( 'NONE', #1498, #3759, #2160, .T. ) ;
#3404 = CARTESIAN_POINT ( 'NONE',  ( -0.2580437787798707250, -0.2338732571696977014, 0.2352889258891800173 ) ) ;
#3405 = CARTESIAN_POINT ( 'NONE',  ( -1.097005941088149639, -0.1409766208151518319, -0.1102091339116884200 ) ) ;
#3406 = CARTESIAN_POINT ( 'NONE',  ( -0.5587985925980269997, -0.2376837763061173947, 0.2382452630523422821 ) ) ;
#3407 = CARTESIAN_POINT ( 'NONE',  ( 0.5457142857142853742, -0.7199999999999996403, 0.06847304231704488819 ) ) ;
#3408 = CARTESIAN_POINT ( 'NONE',  ( -0.01428571428571429568, -0.01999999999999999348, -0.09129738975605992957 ) ) ;
#3409 = AXIS2_PLACEMENT_3D ( 'NONE', #5377, #687, #734 ) ;
#3410 = CARTESIAN_POINT ( 'NONE',  ( -0.5842459731168374582, -0.3841012768971805991, 0.2979768169025578395 ) ) ;
#3411 = CARTESIAN_POINT ( 'NONE',  ( -0.7776823571734129414, -0.2069044231524379274, -0.2111785626895904266 ) ) ;
#3412 = CARTESIAN_POINT ( 'NONE',  ( -0.1678571428571428159, -0.6693959207434931891, -0.3127325929872117327 ) ) ;
#3413 = DIRECTION ( 'NONE',  ( 0.0000000000000000000, 1.000000000000000000, 0.0000000000000000000 ) ) ;
#3414 = CARTESIAN_POINT ( 'NONE',  ( -0.8900000000000000133, -0.4199999999999999289, 0.3077150589817659876 ) ) ;
#3415 = CARTESIAN_POINT ( 'NONE',  ( -0.7749999999999999112, -0.8199999999999997291, 4.898587196589411226E-17 ) ) ;
#3416 = CARTESIAN_POINT ( 'NONE',  ( 0.3999999999999997446, -0.4199999999999998734, -0.4102867453090213723 ) ) ;
#3417 = CARTESIAN_POINT ( 'NONE',  ( -0.04702210299450790276, -0.6990659652822948100, 0.1101203342160432669 ) ) ;
#3418 = CARTESIAN_POINT ( 'NONE',  ( -0.9050131351690765547, -0.5129860053722249402, 0.2852275054200819615 ) ) ;
#3419 = CARTESIAN_POINT ( 'NONE',  ( 0.9142857142857139241, -0.02000000000000005940, 0.09129738975606004059 ) ) ;
#3420 = CARTESIAN_POINT ( 'NONE',  ( -2.311999999999999389, -0.2400000000000001021, 0.06250000000000000000 ) ) ;
#3421 = APPROVAL_DATE_TIME ( #2540, #2795 ) ;
#3422 = CARTESIAN_POINT ( 'NONE',  ( -0.1385714285714285399, -0.2864874396262112599, 0.2772416883273278176 ) ) ;
#3423 = CARTESIAN_POINT ( 'NONE',  ( 0.07561195757703273457, -0.1257937852883720120, 0.05867487023074276220 ) ) ;
#3424 = CARTESIAN_POINT ( 'NONE',  ( 0.6542857142857138042, -0.7199999999999996403, -0.06847304231704497146 ) ) ;
#3425 = CARTESIAN_POINT ( 'NONE',  ( -0.5059108033845265417, -0.1254349185121891308, -0.05684679947158586405 ) ) ;
#3426 = CYLINDRICAL_SURFACE ( 'NONE', #5297, 0.2999999999999998224 ) ;
#3427 = ORIENTED_EDGE ( 'NONE', *, *, #2619, .T. ) ;
#3428 = EDGE_LOOP ( 'NONE', ( #27, #5333, #4044, #2430 ) ) ;
#3429 = CARTESIAN_POINT ( 'NONE',  ( 1.424973876408367035, -0.6199951720840501945, 0.3464129488674910218 ) ) ;
#3430 = CARTESIAN_POINT ( 'NONE',  ( -1.499999999999999778, -0.7200000000000001954, 3.673940397442059498E-17 ) ) ;
#3431 = CARTESIAN_POINT ( 'NONE',  ( -0.1027304943895976236, -0.6312589879258498904, -0.2130025428220292949 ) ) ;
#3432 = CARTESIAN_POINT ( 'NONE',  ( -0.2606450907949949825, -0.2470872487506089732, 0.2452051176952460554 ) ) ;
#3433 = CARTESIAN_POINT ( 'NONE',  ( -1.088841760380495183, -0.1640095094361690709, -0.1564580086166269535 ) ) ;
#3434 = CARTESIAN_POINT ( 'NONE',  ( -0.5349133747518555193, -0.1456649828196941443, 0.1214097279527506928 ) ) ;
#3435 = CARTESIAN_POINT ( 'NONE',  ( 0.6528571428571424695, -0.1794186792585485968, 0.1918572011534898647 ) ) ;
#3436 = CARTESIAN_POINT ( 'NONE',  ( 0.07142857142857138297, -0.5980167471650512656, -0.3696555844364371457 ) ) ;
#3437 = CARTESIAN_POINT ( 'NONE',  ( -0.5932940858087673019, -0.4405707892224993705, 0.2995757048856811933 ) ) ;
#3438 = DIRECTION ( 'NONE',  ( 0.0000000000000000000, 0.0000000000000000000, -1.000000000000000000 ) ) ;
#3439 = CIRCLE ( 'NONE', #2444, 0.2499999999999998612 ) ;
#3440 = CARTESIAN_POINT ( 'NONE',  ( -0.003751554498459729482, -0.4592699101513192383, -0.2999999997605805602 ) ) ;
#3441 = CARTESIAN_POINT ( 'NONE',  ( -1.061428571428571166, -0.2864874396262113709, -0.2772416883273278732 ) ) ;
#3442 = CARTESIAN_POINT ( 'NONE',  ( -0.1749999999999999889, -0.8199999999999997291, 4.898587196589411226E-17 ) ) ;
#3443 = CARTESIAN_POINT ( 'NONE',  ( 0.3678571428571426605, -0.1706040792565065023, -0.3127325929872117327 ) ) ;
#3444 = CARTESIAN_POINT ( 'NONE',  ( -0.04158743852500667443, -0.6845769341260339313, 0.1414180712968792775 ) ) ;
#3445 = CARTESIAN_POINT ( 'NONE',  ( -0.9434695322487435254, -0.6900085290996147425, 0.1307535732551335095 ) ) ;
#3446 = CARTESIAN_POINT ( 'NONE',  ( 1.321428571428570953, -0.5980167471650511546, -0.3696555844364371457 ) ) ;
#3447 = CARTESIAN_POINT ( 'NONE',  ( 0.2671428571428570709, -0.6605813207414512611, 0.1918572011534897537 ) ) ;
#3448 = CARTESIAN_POINT ( 'NONE',  ( -0.3957142857142855741, -0.1200000000000000372, 0.06847304231704492983 ) ) ;
#3449 = FACE_OUTER_BOUND ( 'NONE', #3428, .T. ) ;
#3450 = CARTESIAN_POINT ( 'NONE',  ( 0.7507142857142853343, -0.3532437198131055944, 0.2924783736545468749 ) ) ;
#3451 = CARTESIAN_POINT ( 'NONE',  ( -0.5013969775052216082, -0.1319043185170247767, -0.08424813029524452768 ) ) ;
#3452 = DIRECTION ( 'NONE',  ( 1.000000000000000000, 1.268357997058408169E-16, -0.0000000000000000000 ) ) ;
#3453 = ORIENTED_EDGE ( 'NONE', *, *, #3169, .F. ) ;
#3454 = CARTESIAN_POINT ( 'NONE',  ( 1.321428571428570953, -0.5980167471650511546, -0.3696555844364371457 ) ) ;
#3455 = DIRECTION ( 'NONE',  ( 1.268357997058408169E-16, -1.000000000000000000, 0.0000000000000000000 ) ) ;
#3456 = ORIENTED_EDGE ( 'NONE', *, *, #2408, .T. ) ;
#3457 = CARTESIAN_POINT ( 'NONE',  ( -0.08921047244857444047, -0.6821631096648591575, -0.1458569391569131402 ) ) ;
#3458 = CARTESIAN_POINT ( 'NONE',  ( -0.1785714285714285754, -0.5980167471650512656, -0.3696555844364370347 ) ) ;
#3459 = CARTESIAN_POINT ( 'NONE',  ( -0.2745820963465903097, -0.3246303546156070197, 0.2844798947794891508 ) ) ;
#3460 = CARTESIAN_POINT ( 'NONE',  ( -1.107350836891727974, -0.1238510101321556173, -0.04800488173903719180 ) ) ;
#3461 = CARTESIAN_POINT ( 'NONE',  ( -0.5580410471916268378, -0.2338720154667385254, 0.2352985557854338772 ) ) ;
#3462 = CARTESIAN_POINT ( 'NONE',  ( 0.5992857142857139774, -0.4867562801868941524, 0.2924783736545468749 ) ) ;
#3463 = CARTESIAN_POINT ( 'NONE',  ( -1.149999999999999245, -0.6706899458171607931, -0.2187104298606891983 ) ) ;
#3464 = CARTESIAN_POINT ( 'NONE',  ( -0.5972816728584090518, -0.4653690799554998092, 0.2965495885437000601 ) ) ;
#3465 = CARTESIAN_POINT ( 'NONE',  ( -0.6392857142857142350, -0.3309916264174740386, 0.3899711648727292590 ) ) ;
#3466 = CARTESIAN_POINT ( 'NONE',  ( -0.9221428571428569310, -0.6070469405576197630, 0.2345494447404088134 ) ) ;
#3467 = CARTESIAN_POINT ( 'NONE',  ( -0.1857142857142857206, -0.8199999999999997291, -0.09129738975605987406 ) ) ;
#3468 = CARTESIAN_POINT ( 'NONE',  ( 0.4428571428571426716, -0.7407750943219348905, -0.2558096015379864308 ) ) ;
#3469 = CARTESIAN_POINT ( 'NONE',  ( -0.04626924235884682934, -0.6972819580460896116, 0.1145196225705245180 ) ) ;
#3470 = CARTESIAN_POINT ( 'NONE',  ( -0.5228234911823439468, -0.1238823793224656522, 0.04909225402659466581 ) ) ;
#3471 = CARTESIAN_POINT ( 'NONE',  ( 0.6071428571428567622, -0.09922490567806467598, -0.2558096015379863752 ) ) ;
#3472 = CARTESIAN_POINT ( 'NONE',  ( 0.2349965661986074261, -0.7199999999991250066, -5.097316863321137046E-07 ) ) ;
#3473 = CARTESIAN_POINT ( 'NONE',  ( -0.5992857142857141994, -0.4867562801868941524, -0.2924783736545468749 ) ) ;
#3474 = ADVANCED_FACE ( 'NONE', ( #1740 ), #380, .T. ) ;
#3475 = CARTESIAN_POINT ( 'NONE',  ( 0.08272118069234538074, -0.1200000000000001760, 0.01456351781601862745 ) ) ;
#3476 = CARTESIAN_POINT ( 'NONE',  ( 1.168571428571427706, -0.2864874396262112599, -0.2772416883273278176 ) ) ;
#3477 = CARTESIAN_POINT ( 'NONE',  ( -0.8279230054607878975, -0.1308916622581287326, 0.08010261911699659287 ) ) ;
#3478 = CARTESIAN_POINT ( 'NONE',  ( -1.134992414642794767, -0.7199999999957276131, 1.113063374356687797E-06 ) ) ;
#3479 = CARTESIAN_POINT ( 'NONE',  ( 2.138506484271023744, -0.1699999999999996236, 0.01074871795586220154 ) ) ;
#3480 = CARTESIAN_POINT ( 'NONE',  ( 1.206034623781853554, -0.5194055406690276655, -0.2841431720245219394 ) ) ;
#3481 = ORIENTED_EDGE ( 'NONE', *, *, #3138, .T. ) ;
#3482 = CARTESIAN_POINT ( 'NONE',  ( -0.1306360122840878324, -0.4783431404748387239, -0.2942721781952695181 ) ) ;
#3483 = CARTESIAN_POINT ( 'NONE',  ( -0.6178571428571427715, -0.1706040792565065023, 0.3127325929872117327 ) ) ;
#3484 = CARTESIAN_POINT ( 'NONE',  ( -0.3181585991651030287, -0.5866668001238515284, 0.2494437390909576280 ) ) ;
#3485 = CARTESIAN_POINT ( 'NONE',  ( -1.122428059195774708, -0.1236122653260357529, 0.04662759959798162129 ) ) ;
#3486 = CARTESIAN_POINT ( 'NONE',  ( -0.5598854689233244697, -0.2431984415248451825, 0.2423920940193725337 ) ) ;
#3487 = CARTESIAN_POINT ( 'NONE',  ( 0.4599999999999997424, -0.4199999999999999289, -0.3077150589817659876 ) ) ;
#3488 = CARTESIAN_POINT ( 'NONE',  ( -1.150000000000001021, -0.4568309067418257485, -0.3912050124009135987 ) ) ;
#3489 = CARTESIAN_POINT ( 'NONE',  ( -0.6354817764808199376, -0.6643981338559928895, 0.1739849124918739498 ) ) ;
#3490 = CARTESIAN_POINT ( 'NONE',  ( 1.210000000000000631, -0.03408102564115027266, 0.1066544443496124095 ) ) ;
#3491 = CARTESIAN_POINT ( 'NONE',  ( -0.7678571428571426827, -0.6693959207434931891, -0.3127325929872117327 ) ) ;
#3492 = CARTESIAN_POINT ( 'NONE',  ( 0.5350027259275828007, -0.7199999999994484146, 4.038375050886289720E-07 ) ) ;
#3493 = CARTESIAN_POINT ( 'NONE',  ( -1.021428571428571352, -0.5980167471650511546, 0.3696555844364371457 ) ) ;
#3494 = CARTESIAN_POINT ( 'NONE',  ( 0.3785714285714283367, -0.2419832528349483425, -0.3696555844364371457 ) ) ;
#3495 = CARTESIAN_POINT ( 'NONE',  ( -0.04290823675801530568, -0.6884632789907704220, 0.1339332240008333508 ) ) ;
#3496 = CARTESIAN_POINT ( 'NONE',  ( 3.499999999999999112, -0.2399999999999999634, -0.06250000000000000000 ) ) ;
#3497 = CARTESIAN_POINT ( 'NONE',  ( 0.6714285714285710416, -0.5980167471650511546, -0.3696555844364371457 ) ) ;
#3498 = CARTESIAN_POINT ( 'NONE',  ( -0.9822707747073569085, -0.7006748856882127896, -0.1059636530243701358 ) ) ;
#3499 = CARTESIAN_POINT ( 'NONE',  ( -0.9957142857142854409, -0.1200000000000000372, 0.06847304231704492983 ) ) ;
#3500 = DIRECTION ( 'NONE',  ( -1.000000000000000000, 0.0000000000000000000, 0.0000000000000000000 ) ) ;
#3501 = CARTESIAN_POINT ( 'NONE',  ( 0.8149999999999993916, -0.1200000000000000233, 0.0000000000000000000 ) ) ;
#3502 = CARTESIAN_POINT ( 'NONE',  ( -0.8279337454782819128, -0.1309096241553228956, 0.08016715839581188552 ) ) ;
#3503 = CARTESIAN_POINT ( 'NONE',  ( -0.5349999240904531606, -0.7199999999999997513, 4.851240429224427987E-07 ) ) ;
#3504 = CARTESIAN_POINT ( 'NONE',  ( 3.499999999999999112, -0.1699999999999994293, 0.0000000000000000000 ) ) ;
#3505 = CARTESIAN_POINT ( 'NONE',  ( 3.499999999999999112, -0.1199999999999997458, 0.0000000000000000000 ) ) ;
#3506 = ORIENTED_EDGE ( 'NONE', *, *, #3057, .F. ) ;
#3507 = CARTESIAN_POINT ( 'NONE',  ( -0.1310755999453875054, -0.4756052531982484233, -0.2948039406567716791 ) ) ;
#3508 = CARTESIAN_POINT ( 'NONE',  ( -0.6714285714285712636, -0.5980167471650511546, 0.3696555844364371457 ) ) ;
#3509 = CARTESIAN_POINT ( 'NONE',  ( -0.2983575814590361253, -0.4720727233068159889, 0.2955190629428626203 ) ) ;
#3510 = CARTESIAN_POINT ( 'NONE',  ( -1.135473752624254207, -0.1471230305136163041, 0.1246533445055556244 ) ) ;
#3511 = CARTESIAN_POINT ( 'NONE',  ( -0.4123841242237253901, -0.5838270284215101302, -0.2513199600551844770 ) ) ;
#3512 = CARTESIAN_POINT ( 'NONE',  ( -0.1942786613621905467, -0.1477075524971681320, -0.1260928532535169067 ) ) ;
#3513 = CARTESIAN_POINT ( 'NONE',  ( 0.9528571428571425139, -0.1794186792585485968, 0.1918572011534898647 ) ) ;
#3514 = CARTESIAN_POINT ( 'NONE',  ( 0.2321428571428569843, -0.1706040792565065856, 0.3127325929872118437 ) ) ;
#3515 = CARTESIAN_POINT ( 'NONE',  ( -0.6546382447841502250, -0.7129637745402761517, 0.06461418334503331307 ) ) ;
#3516 = B_SPLINE_CURVE_WITH_KNOTS ( 'NONE', 3,
 ( #2122, #3836, #5549, #1703, #1276, #4696, #852, #4276, #430, #3864, #4896, #2767, #599, #3164, #1429, #5294, #1904, #4812, #4870, #4843, #1026, #2292, #2740, #154, #936, #2345, #2319, #967, #3524, #4448, #4001, #4780, #4027, #2685, #2713, #1458, #209, #4475, #4392, #5232, #543, #181, #3192, #3135, #1053, #997, #3613, #1878, #4422, #1816, #5321, #1486, #4055, #95, #628, #3970, #1396, #1931, #3074, #3640, #5351, #5265, #3106, #2653, #4362, #571, #512, #2232, #3941, #2263, #3586, #125, #1850, #3557, #1982, #689, #4582, #1514, #3768, #713, #2007, #2057, #1616, #1565, #1958, #3328, #3668, #312, #3273, #4503, #5379, #3716, #5006, #5432, #5406, #4977, #1159, #1541, #5458, #657, #1130, #3248, #2900, #4608, #1081, #337, #736, #2796, #4925, #3222, #4948, #2849, #5033, #4185, #1187, #2876, #2373, #4083, #761, #2473, #236, #1103, #2821, #4136, #4531, #1590, #2398, #4109, #261, #3693, #4556, #2424, #286, #3302, #2447, #4160, #2029, #3740, #4635, #2115, #5485, #4662, #3799, #816, #788, #3353, #1243, #4689, #5514, #2529, #2982, #1270, #3411, #2500, #846, #1641, #1214, #5057, #5111, #4212, #365, #5543, #2927, #1670, #2085, #4241, #1697, #3382, #5084, #3830, #2954, #394, #5417, #2097, #5070, #2459, #4543, #5473, #1654, #801, #2860, #4990, #4172, #1144, #1630, #1226, #4122, #272, #4569, #5499, #700, #3287, #3368, #325 ),
 .UNSPECIFIED., .F., .F.,
 ( 4, 2, 2, 1, 1, 1, 2, 2, 2, 2, 2, 2, 1, 2, 2, 2, 2, 1, 1, 2, 2, 2, 2, 1, 1, 1, 2, 2, 2, 1, 2, 2, 2, 2, 1, 2, 2, 2, 2, 1, 1, 2, 2, 1, 2, 2, 1, 2, 2, 1, 1, 2, 2, 1, 1, 1, 1, 1, 2, 2, 2, 2, 2, 2, 2, 1, 1, 2, 2, 2, 2, 1, 2, 2, 2, 2, 2, 1, 2, 2, 2, 2, 1, 2, 2, 1, 1, 1, 1, 2, 2, 2, 2, 1, 1, 1, 2, 2, 2, 2, 2, 2, 1, 1, 2, 2, 2, 2, 2, 2, 2, 2, 1, 1, 2, 4 ),
 ( 0.6098096265091738077, 0.6136186839277715244, 0.6155232126370703272, 0.6164754769917197841, 0.6169516091690444570, 0.6170706422133755975, 0.6171301587355412233, 0.6171896752577068490, 0.6174277413463691300, 0.6212367987649662915, 0.6231413274742649833, 0.6240935918289142181, 0.6245697240062388911, 0.6248077900949011720, 0.6250458561835635640, 0.6288549136021612807, 0.6290929796908235616, 0.6293310457794859536, 0.6298071779568106265, 0.6307594423114600835, 0.6326639710207591083, 0.6327830040650902488, 0.6329020371094213893, 0.6331401031980837812, 0.6336162353754084542, 0.6345684997300578001, 0.6364730284393566029, 0.6402820858579542085, 0.6407582180352788814, 0.6412343502126035544, 0.6421866145672529003, 0.6440911432765517031, 0.6443292093652140951, 0.6445672754538764870, 0.6450434076312011600, 0.6459956719858505059, 0.6479002006951493087, 0.6483763328724739816, 0.6486143989611363736, 0.6488524650497986546, 0.6498047294044481115, 0.6517092581137469143, 0.6555183155323445199, 0.6559944477096693038, 0.6562325137983315848, 0.6563515468426628363, 0.6564705798869939768, 0.6574228442416434337, 0.6593273729509422365, 0.6598035051282669095, 0.6600415712169293014, 0.6601010877390949272, 0.6601606042612604419, 0.6602796373055916934, 0.6612319016602411503, 0.6631364303695400642, 0.6636125625468647371, 0.6638506286355271291, 0.6639696616798582696, 0.6640886947241894100, 0.6650409590788390890, 0.6669454877881382249, 0.6707545452067366076, 0.6717068095613861756, 0.6719448756500485676, 0.6721829417387109595, 0.6726590739160358545, 0.6745636026253349904, 0.6783726600439332621, 0.6793249243985828301, 0.6798010565759076140, 0.6802771887532323980, 0.6821817174625314228, 0.6859907748811294725, 0.6869430392357789295, 0.6874191714131037134, 0.6875382044574349649, 0.6876572375017661054, 0.6878953035904284974, 0.6897998322997276333, 0.6936088897183259050, 0.6945611540729754729, 0.6950372862503002569, 0.6952753523389626489, 0.6953348688611282746, 0.6953943853832939004, 0.6955134184276251519, 0.6974179471369247318, 0.6983702114915745218, 0.6988463436688994168, 0.6993224758462243118, 0.7012270045555238918, 0.7021792689101736817, 0.7026554010874985767, 0.7028934671761610797, 0.7030125002204922202, 0.7030720167426578460, 0.7031315332648234717, 0.7050360619741229407, 0.7088451193927217675, 0.7107496481020211254, 0.7109877141906836284, 0.7112257802793460204, 0.7117019124566709154, 0.7126541768113207054, 0.7145587055206203964, 0.7164632342299199763, 0.7183677629392196673, 0.7202722916485192473, 0.7240813490671185182, 0.7250336134217683082, 0.7252716795104308112, 0.7255097455990933142, 0.7259858777764182092, 0.7278904064857179002, 0.7316994639043172821 ),
 .UNSPECIFIED. ) ;
#3517 = CARTESIAN_POINT ( 'NONE',  ( 3.499999999999999112, -0.1779385408620358655, 0.06250000000000000000 ) ) ;
#3518 = CARTESIAN_POINT ( 'NONE',  ( 0.3714285714285711637, -0.5980167471650511546, -0.3696555844364371457 ) ) ;
#3519 = CARTESIAN_POINT ( 'NONE',  ( -0.8749999999999997780, -0.01999999999999999001, 0.0000000000000000000 ) ) ;
#3520 = DIRECTION ( 'NONE',  ( 1.000000000000000000, 1.268357997058408169E-16, -0.0000000000000000000 ) ) ;
#3521 = CARTESIAN_POINT ( 'NONE',  ( -0.4964285714285713302, -0.7803875471609674763, -0.1735534956470231316 ) ) ;
#3522 = CARTESIAN_POINT ( 'NONE',  ( -1.053571428571428381, -0.7803875471609672543, 0.1735534956470232149 ) ) ;
#3523 = CARTESIAN_POINT ( 'NONE',  ( 0.5024887597802329964, -0.1278081932311266600, 0.07852435136173370467 ) ) ;
#3524 = CARTESIAN_POINT ( 'NONE',  ( -0.6886949980733084731, -0.6837293492411635754, -0.1429944017881476515 ) ) ;
#3525 = CARTESIAN_POINT ( 'NONE',  ( 0.7035714285714281813, -0.7803875471609672543, -0.1735534956470232149 ) ) ;
#3526 = CARTESIAN_POINT ( 'NONE',  ( -0.9806581809788096349, -0.7041182513567267875, -0.09644182563890230098 ) ) ;
#3527 = CARTESIAN_POINT ( 'NONE',  ( -1.125714285714285667, -0.1200000000000000372, 0.06847304231704492983 ) ) ;
#3528 = ORIENTED_EDGE ( 'NONE', *, *, #660, .T. ) ;
#3529 = CARTESIAN_POINT ( 'NONE',  ( -0.6421428571428569043, -0.2329530594423799283, -0.2345494447404088134 ) ) ;
#3530 = CIRCLE ( 'NONE', #1381, 0.2500000000000001110 ) ;
#3531 = CARTESIAN_POINT ( 'NONE',  ( 0.03671290860636641784, -0.2609261271960419681, 0.2543708272146078531 ) ) ;
#3532 = CARTESIAN_POINT ( 'NONE',  ( 1.243571428571427884, -0.6902906603707253952, -0.1301651217352673973 ) ) ;
#3533 = CARTESIAN_POINT ( 'NONE',  ( -0.8556629262754986698, -0.2222484449283610997, 0.2256061266710233659 ) ) ;
#3534 = CARTESIAN_POINT ( 'NONE',  ( -0.5885714285714285232, -0.5535125603737884870, -0.2772416883273278176 ) ) ;
#3535 = CARTESIAN_POINT ( 'NONE',  ( -0.1428571428571428770, -0.7407750943219348905, 0.2558096015379864308 ) ) ;
#3536 = CARTESIAN_POINT ( 'NONE',  ( 0.07428571428571428825, -0.1200000000000000372, 0.06847304231704492983 ) ) ;
#3537 = ADVANCED_FACE ( 'NONE', ( #5151 ), #4904, .T. ) ;
#3538 = ORIENTED_EDGE ( 'NONE', *, *, #2922, .T. ) ;
#3539 = CARTESIAN_POINT ( 'NONE',  ( -0.1588583644043360665, -0.3044483241563050724, -0.2768536430520406322 ) ) ;
#3540 = CARTESIAN_POINT ( 'NONE',  ( -0.1464285714285713802, -0.7803875471609674763, -0.1735534956470231316 ) ) ;
#3541 = CARTESIAN_POINT ( 'NONE',  ( -0.3038346777803173637, -0.5058472406774463526, 0.2874969153074217187 ) ) ;
#3542 = FACE_OUTER_BOUND ( 'NONE', #671, .T. ) ;
#3543 = CONICAL_SURFACE ( 'NONE', #1113, 0.1999999999999989009, 0.7853981633974415066 ) ;
#3544 = CARTESIAN_POINT ( 'NONE',  ( 0.8107142857142851655, -0.3309916264174742051, 0.3899711648727292590 ) ) ;
#3545 = CARTESIAN_POINT ( 'NONE',  ( -0.4306739784160595330, -0.4781066045006152621, -0.2943189309994680425 ) ) ;
#3546 = CARTESIAN_POINT ( 'NONE',  ( -0.1869532016453924195, -0.1703887413095932224, -0.1664159564201495300 ) ) ;
#3547 = CARTESIAN_POINT ( 'NONE',  ( 1.209999999999999520, -0.4199999999999999845, 0.3077150589817659876 ) ) ;
#3548 = CARTESIAN_POINT ( 'NONE',  ( 0.4464285714285711193, -0.7803875471609674763, 0.1735534956470231316 ) ) ;
#3549 = CARTESIAN_POINT ( 'NONE',  ( -0.6216004727999172585, -0.6043277019540014283, 0.2366939844668504989 ) ) ;
#3550 = CARTESIAN_POINT ( 'NONE',  ( 1.210000000000000409, -0.01986868824894516550, -0.01407766265872174676 ) ) ;
#3551 = CARTESIAN_POINT ( 'NONE',  ( 0.03928571428571425023, -0.3309916264174740386, -0.3899711648727292590 ) ) ;
#3552 = CARTESIAN_POINT ( 'NONE',  ( -0.8857142857142856762, -0.01999999999999999348, 0.09129738975605992957 ) ) ;
#3553 = CARTESIAN_POINT ( 'NONE',  ( 0.3957142857142855186, -0.1200000000000000372, -0.06847304231704492983 ) ) ;
#3554 = CARTESIAN_POINT ( 'NONE',  ( -0.6785714285714283811, -0.2419832528349483425, 0.3696555844364371457 ) ) ;
#3555 = CARTESIAN_POINT ( 'NONE',  ( -0.9892857142857139907, -0.3309916264174740386, 0.3899711648727292590 ) ) ;
#3556 = CARTESIAN_POINT ( 'NONE',  ( 0.5087386402034259625, -0.1199999980847588910, 0.03926989369090481963 ) ) ;
#3557 = CARTESIAN_POINT ( 'NONE',  ( -0.7217959110142528889, -0.5317744114797978705, -0.2784045973623897607 ) ) ;
#3558 = CARTESIAN_POINT ( 'NONE',  ( 0.3821428571428568954, -0.6693959207434930780, -0.3127325929872118437 ) ) ;
#3559 = CARTESIAN_POINT ( 'NONE',  ( -1.140653618122938973, -0.1614248520339089388, 0.1544926339152999373 ) ) ;
#3560 = VERTEX_POINT ( 'NONE', #3200 ) ;
#3561 = VECTOR ( 'NONE', #5007, 39.37007874015748143 ) ;
#3562 = CARTESIAN_POINT ( 'NONE',  ( -0.9421428571428570597, -0.2329530594423799283, -0.2345494447404088134 ) ) ;
#3563 = CARTESIAN_POINT ( 'NONE',  ( 0.01936327072809508262, -0.3616613316512957699, 0.2942730201735198059 ) ) ;
#3564 = CARTESIAN_POINT ( 'NONE',  ( 1.314973587786463893, -0.5699979407978271739, 0.2598088100053795313 ) ) ;
#3565 = CARTESIAN_POINT ( 'NONE',  ( -2.139206999040891954, -0.1706830391259779311, -0.02125281569935965481 ) ) ;
#3566 = FACE_OUTER_BOUND ( 'NONE', #5101, .T. ) ;
#3567 = CARTESIAN_POINT ( 'NONE',  ( -0.09999999999999999167, -0.4199999999999999289, 0.4102867453090214278 ) ) ;
#3568 = CARTESIAN_POINT ( 'NONE',  ( -0.02214285714285712386, -0.6070469405576197630, 0.2345494447404088134 ) ) ;
#3569 = ORIENTED_EDGE ( 'NONE', *, *, #1373, .F. ) ;
#3570 = CARTESIAN_POINT ( 'NONE',  ( -0.3714285714285713857, -0.5980167471650511546, 0.3696555844364371457 ) ) ;
#3571 = CARTESIAN_POINT ( 'NONE',  ( -0.3197274263929326121, -0.5948210635840518457, 0.2438106740005455964 ) ) ;
#3572 = CARTESIAN_POINT ( 'NONE',  ( -1.115000009142710136, -0.1200000000000058936, 5.842956563953087042E-08 ) ) ;
#3573 = CARTESIAN_POINT ( 'NONE',  ( 1.185714285714285277, -0.01999999999999999695, -0.09129738975605992957 ) ) ;
#3574 = CARTESIAN_POINT ( 'NONE',  ( -0.4214151612648496248, -0.5339743840296508059, -0.2775066375655876882 ) ) ;
#3575 = CARTESIAN_POINT ( 'NONE',  ( -0.1619061639434752342, -0.2871292799486609981, -0.2689926762659568538 ) ) ;
#3576 = CARTESIAN_POINT ( 'NONE',  ( 1.317142857142856283, -0.1794186792585485413, -0.1918572011534897814 ) ) ;
#3577 = EDGE_CURVE ( 'NONE', #645, #4678, #5301, .T. ) ;
#3578 = CARTESIAN_POINT ( 'NONE',  ( 0.7035714285714281813, -0.7803875471609672543, -0.1735534956470232149 ) ) ;
#3579 = CARTESIAN_POINT ( 'NONE',  ( -0.6403203987839747313, -0.6807036604944283198, 0.1484420132307563145 ) ) ;
#3580 = DIRECTION ( 'NONE',  ( -1.000000000000000000, -1.268357997058408169E-16, 0.0000000000000000000 ) ) ;
#3581 = CARTESIAN_POINT ( 'NONE',  ( 0.1571428571428570842, -0.7407750943219351125, 0.2558096015379863197 ) ) ;
#3582 = CARTESIAN_POINT ( 'NONE',  ( 0.1837448581973827599, -0.1800999432387583032, 0.1843640107656416005 ) ) ;
#3583 = CARTESIAN_POINT ( 'NONE',  ( -0.4107142857142856429, -0.5090083735825254863, 0.3899711648727292590 ) ) ;
#3584 = ADVANCED_FACE ( 'NONE', ( #1494 ), #1062, .T. ) ;
#3585 = CARTESIAN_POINT ( 'NONE',  ( 1.085714285714285188, -0.8199999999999997291, 0.09129738975605987406 ) ) ;
#3586 = CARTESIAN_POINT ( 'NONE',  ( -0.7181589911219168343, -0.5525883636885459138, -0.2692894954961416176 ) ) ;
#3587 = CARTESIAN_POINT ( 'NONE',  ( 0.5749999999999996225, -0.01999999999999999001, 0.0000000000000000000 ) ) ;
#3588 = CARTESIAN_POINT ( 'NONE',  ( -1.093571428571428417, -0.1497093396292742684, -0.1301651217352674250 ) ) ;
#3589 = CARTESIAN_POINT ( 'NONE',  ( -1.199285714285714066, -0.4867562801868941524, -0.2924783736545468749 ) ) ;
#3590 = AXIS2_PLACEMENT_3D ( 'NONE', #2635, #2696, #3085 ) ;
#3591 = B_SPLINE_CURVE_WITH_KNOTS ( 'NONE', 3,
 ( #3665, #4868, #2818, #4946, #653, #4973, #4472, #2370, #1125, #5376, #1980, #1538, #3690, #2396, #4107, #2845, #2420, #1901 ),
 .UNSPECIFIED., .F., .F.,
 ( 4, 2, 2, 2, 2, 2, 2, 2, 4 ),
 ( 0.0000000000000000000, 0.002854162194742163733, 0.003567702743427704666, 0.004281243292113244732, 0.005708324389484327466, 0.007135405486855409332, 0.008562486584226489464, 0.009989567681597573065, 0.01141664877896865667 ),
 .UNSPECIFIED. ) ;
#3592 = CARTESIAN_POINT ( 'NONE',  ( 0.01843561937784371843, -0.3674373715505483973, 0.2953692411891767899 ) ) ;
#3593 = CARTESIAN_POINT ( 'NONE',  ( -0.8342956194781293577, -0.1440875600348684171, 0.1178880992275778972 ) ) ;
#3594 = CARTESIAN_POINT ( 'NONE',  ( -0.6314285714285716722, -0.2864874396262113154, -0.2772416883273278732 ) ) ;
#3595 = ORIENTED_EDGE ( 'NONE', *, *, #970, .F. ) ;
#3596 = CARTESIAN_POINT ( 'NONE',  ( 1.210000000000000409, -0.1200000000000000511, 0.0000000000000000000 ) ) ;
#3597 = AXIS2_PLACEMENT_3D ( 'NONE', #5329, #522, #1885 ) ;
#3598 = CARTESIAN_POINT ( 'NONE',  ( 0.3149923470844505080, -0.5710857026422411220, -0.2621359116121644850 ) ) ;
#3599 = ORIENTED_EDGE ( 'NONE', *, *, #282, .T. ) ;
#3600 = CARTESIAN_POINT ( 'NONE',  ( -0.3557112291299969198, -0.7143268798073418857, 0.05806798065378703660 ) ) ;
#3601 = CARTESIAN_POINT ( 'NONE',  ( -1.134797791174124493, -0.1453619962624916606, 0.1207368825080167574 ) ) ;
#3602 = CARTESIAN_POINT ( 'NONE',  ( 1.303571428571427937, -0.7803875471609672543, -0.1735534956470232149 ) ) ;
#3603 = CARTESIAN_POINT ( 'NONE',  ( -0.4073418426195608566, -0.6096074352020642850, -0.2324845349947970430 ) ) ;
#3604 = CARTESIAN_POINT ( 'NONE',  ( -0.1682687483378199345, -0.2527570732746280968, -0.2490580030943097267 ) ) ;
#3605 = CARTESIAN_POINT ( 'NONE',  ( 1.445714285714285063, -0.7199999999999996403, 0.06847304231704488819 ) ) ;
#3606 = CARTESIAN_POINT ( 'NONE',  ( 0.7999999999999994893, -0.4200000000000000400, 0.4102867453090213723 ) ) ;
#3607 = CARTESIAN_POINT ( 'NONE',  ( -0.6452920728468379830, -0.6948620037858159737, 0.1202121976407789922 ) ) ;
#3608 = CARTESIAN_POINT ( 'NONE',  ( -0.6849956655103519587, -0.1200000000013951712, -6.360352874106080352E-07 ) ) ;
#3609 = CARTESIAN_POINT ( 'NONE',  ( 0.3499999999999997002, -0.4199999999999999289, -0.4102867453090214278 ) ) ;
#3610 = DIRECTION ( 'NONE',  ( 1.000000000000000000, 1.268357997058408169E-16, -0.0000000000000000000 ) ) ;
#3611 = CARTESIAN_POINT ( 'NONE',  ( -0.4428571428571429491, -0.7407750943219348905, 0.2558096015379864308 ) ) ;
#3612 = CARTESIAN_POINT ( 'NONE',  ( 0.3962407925859610103, -0.6599000455213939187, 0.1843640253912696425 ) ) ;
#3613 = CARTESIAN_POINT ( 'NONE',  ( -0.7027836177092978698, -0.6310237031734381441, -0.2132381507351676087 ) ) ;
#3614 = CARTESIAN_POINT ( 'NONE',  ( 0.9607142857142850767, -0.5090083735825254863, -0.3899711648727292590 ) ) ;
#3615 = CARTESIAN_POINT ( 'NONE',  ( -0.08214285714285711471, -0.6693959207434930780, 0.3127325929872118437 ) ) ;
#3616 = CARTESIAN_POINT ( 'NONE',  ( 0.5212384010498101183, -0.1200000019152421965, -0.03926992295363621738 ) ) ;
#3617 = CARTESIAN_POINT ( 'NONE',  ( 0.03372048635912372472, -0.2770022515003385810, 0.2639093705846111138 ) ) ;
#3618 = CARTESIAN_POINT ( 'NONE',  ( -0.8798326436342012169, -0.3566539495275359850, 0.2932774180249932972 ) ) ;
#3619 = CARTESIAN_POINT ( 'NONE',  ( 0.7428571428571426605, -0.7407750943219348905, -0.2558096015379864308 ) ) ;
#3620 = CARTESIAN_POINT ( 'NONE',  ( -0.5564285714285712725, -0.6902906603707253952, -0.1301651217352673140 ) ) ;
#3621 = CARTESIAN_POINT ( 'NONE',  ( -0.2714285714285714080, -0.2419832528349484257, -0.3696555844364372012 ) ) ;
#3622 = DIRECTION ( 'NONE',  ( 1.000000000000000000, 1.268357997058408169E-16, -0.0000000000000000000 ) ) ;
#3623 = ORIENTED_EDGE ( 'NONE', *, *, #413, .F. ) ;
#3624 = CARTESIAN_POINT ( 'NONE',  ( -0.3442938325810509514, -0.6923319827960533468, 0.1260052919054846510 ) ) ;
#3625 = DIRECTION ( 'NONE',  ( 1.000000000000000000, 1.268357997058408169E-16, -0.0000000000000000000 ) ) ;
#3626 = CARTESIAN_POINT ( 'NONE',  ( 0.8214285714285708417, -0.2419832528349484257, 0.3696555844364372012 ) ) ;
#3627 = CARTESIAN_POINT ( 'NONE',  ( -0.4778254520260529215, -0.2062896563224165813, -0.2105434603181944864 ) ) ;
#3628 = CARTESIAN_POINT ( 'NONE',  ( -0.1732418379661690711, -0.2275240480201148330, -0.2301196710558836567 ) ) ;
#3629 = ORIENTED_EDGE ( 'NONE', *, *, #2472, .T. ) ;
#3630 = CARTESIAN_POINT ( 'NONE',  ( 1.359999999999999432, -0.4199999999999999289, -0.3077150589817659876 ) ) ;
#3631 = CARTESIAN_POINT ( 'NONE',  ( 0.2535714285714283922, -0.05961245283903235381, 0.1735534956470232704 ) ) ;
#3632 = CARTESIAN_POINT ( 'NONE',  ( -0.2223705008711850950, -0.1233443251715393707, 0.04634005054212745472 ) ) ;
#3633 = CARTESIAN_POINT ( 'NONE',  ( -1.048208950380713489, -0.3688713810410209071, -0.2956151102986099843 ) ) ;
#3634 = CARTESIAN_POINT ( 'NONE',  ( -0.9733695590942659237, -0.7154072621552152178, -0.05239408831347001222 ) ) ;
#3635 = CARTESIAN_POINT ( 'NONE',  ( 0.2749999999999998002, -0.01999999999999999001, 0.0000000000000000000 ) ) ;
#3636 = CARTESIAN_POINT ( 'NONE',  ( 0.07749689100307773082, -0.7121918019816509959, 0.07852436917515724646 ) ) ;
#3637 = VECTOR ( 'NONE', #4175, 39.37007874015748143 ) ;
#3638 = CARTESIAN_POINT ( 'NONE',  ( -0.9357142857142857206, -0.01999999999999999695, 0.09129738975605992957 ) ) ;
#3639 = CARTESIAN_POINT ( 'NONE',  ( 1.053571428571427937, -0.7803875471609672543, -0.1735534956470232149 ) ) ;
#3640 = CARTESIAN_POINT ( 'NONE',  ( -0.7094104080838420368, -0.5992127494081004313, -0.2406025558681606780 ) ) ;
#3641 = CARTESIAN_POINT ( 'NONE',  ( 1.046428571428570820, -0.7803875471609674763, 0.1735534956470231316 ) ) ;
#3642 = CARTESIAN_POINT ( 'NONE',  ( -0.1464285714285713802, -0.7803875471609674763, -0.1735534956470231316 ) ) ;
#3643 = CARTESIAN_POINT ( 'NONE',  ( 0.5962369661281087252, -0.4592699247823799347, -0.2999999978453756211 ) ) ;
#3644 = CARTESIAN_POINT ( 'NONE',  ( 0.6899851724759785698, -0.6821359070071062458, 0.1510857106320792898 ) ) ;
#3645 = CARTESIAN_POINT ( 'NONE',  ( 0.05553528464647151941, -0.1753714545246811696, 0.1736878571525363735 ) ) ;
#3646 = CARTESIAN_POINT ( 'NONE',  ( -0.8563694937946942920, -0.2256394061263725104, 0.2285272970391115932 ) ) ;
#3647 = CARTESIAN_POINT ( 'NONE',  ( 0.6249999999999996669, -0.01999999999999999001, 0.0000000000000000000 ) ) ;
#3648 = CARTESIAN_POINT ( 'NONE',  ( -0.5714285714285699536, -0.2419832528349484535, -0.3696555844364372012 ) ) ;
#3649 = ORIENTED_EDGE ( 'NONE', *, *, #3923, .T. ) ;
#3650 = EDGE_CURVE ( 'NONE', #3399, #1745, #3767, .T. ) ;
#3651 = ORIENTED_EDGE ( 'NONE', *, *, #2175, .T. ) ;
#3652 = CARTESIAN_POINT ( 'NONE',  ( -0.3490377052538273794, -0.7034907228453706196, 0.09827032869476413912 ) ) ;
#3653 = CARTESIAN_POINT ( 'NONE',  ( 0.04642857142857141628, -0.05961245283903229136, -0.1735534956470231871 ) ) ;
#3654 = CARTESIAN_POINT ( 'NONE',  ( 0.9821428571428566512, -0.6693959207434930780, -0.3127325929872118437 ) ) ;
#3655 = CARTESIAN_POINT ( 'NONE',  ( -0.4590520992914668974, -0.3033333739359032610, -0.2763863230423034834 ) ) ;
#3656 = LINE ( 'NONE', #2388, #4344 ) ;
#3657 = ORIENTED_EDGE ( 'NONE', *, *, #2619, .F. ) ;
#3658 = CARTESIAN_POINT ( 'NONE',  ( 0.6357142857142854542, -0.01999999999999999695, -0.09129738975605992957 ) ) ;
#3659 = EDGE_CURVE ( 'NONE', #4528, #1715, #77, .T. ) ;
#3660 = CARTESIAN_POINT ( 'NONE',  ( 1.014285714285713791, -0.8199999999999997291, -0.09129738975605997120 ) ) ;
#3661 = CARTESIAN_POINT ( 'NONE',  ( -0.2259296221270744864, -0.1278186342499987305, 0.06806973800085641679 ) ) ;
#3662 = CARTESIAN_POINT ( 'NONE',  ( -1.029661864659185522, -0.4844126215094746724, -0.2930037642441806756 ) ) ;
#3663 = CARTESIAN_POINT ( 'NONE',  ( -0.9941881797399040321, -0.6656298421361194206, -0.1723307968667837087 ) ) ;
#3664 = DIRECTION ( 'NONE',  ( -0.0000000000000000000, -0.0000000000000000000, 1.000000000000000000 ) ) ;
#3665 = CARTESIAN_POINT ( 'NONE',  ( 1.210000000000000409, -0.03949916892228094722, 0.1233657875959339734 ) ) ;
#3666 = CARTESIAN_POINT ( 'NONE',  ( -0.8457142857142855297, -0.7199999999999997513, -0.06847304231704488819 ) ) ;
#3667 = CARTESIAN_POINT ( 'NONE',  ( -0.3742856610430325692, -0.1200001476351248847, -0.06847334888454056911 ) ) ;
#3668 = CARTESIAN_POINT ( 'NONE',  ( -0.7269783755196188579, -0.5009740044728505648, -0.2888653953103440530 ) ) ;
#3669 = CARTESIAN_POINT ( 'NONE',  ( 1.035714285714285143, -0.8199999999999997291, 0.09129738975605987406 ) ) ;
#3670 = CARTESIAN_POINT ( 'NONE',  ( -1.035714285714285587, -0.8199999999999997291, -0.09129738975605987406 ) ) ;
#3671 = CARTESIAN_POINT ( 'NONE',  ( 0.8462321830557398838, -0.1800999612216398482, -0.1843640341655052861 ) ) ;
#3672 = CARTESIAN_POINT ( 'NONE',  ( -0.9178571428571427049, -0.1706040792565065023, 0.3127325929872117327 ) ) ;
#3673 = CARTESIAN_POINT ( 'NONE',  ( -0.01782111233071875800, -0.5849013430029628147, 0.2506237196141791190 ) ) ;
#3674 = CARTESIAN_POINT ( 'NONE',  ( -0.9004175477224770630, -0.4849045697623822204, 0.2928967913940315748 ) ) ;
#3675 = CARTESIAN_POINT ( 'NONE',  ( 0.1857142857142856651, -0.8199999999999997291, 0.09129738975605987406 ) ) ;
#3676 = CARTESIAN_POINT ( 'NONE',  ( -0.06785714285714136706, -0.1706040792565065023, 0.3127325929872117327 ) ) ;
#3677 = ORIENTED_EDGE ( 'NONE', *, *, #4095, .T. ) ;
#3678 = VERTEX_POINT ( 'NONE', #1912 ) ;
#3679 = CARTESIAN_POINT ( 'NONE',  ( -0.3638576382151083033, -0.7199999999999998623, 0.007300254445310232210 ) ) ;
#3680 = CARTESIAN_POINT ( 'NONE',  ( -3.449999999999998401, -0.4200000000000004285, -0.2499999999999998612 ) ) ;
#3681 = CARTESIAN_POINT ( 'NONE',  ( 1.374973587786464169, -0.6199972543971030703, 0.3464117466738394491 ) ) ;
#3682 = CARTESIAN_POINT ( 'NONE',  ( -0.4853533582061426155, -0.1759430286474511773, -0.1747360745442615992 ) ) ;
#3683 = CARTESIAN_POINT ( 'NONE',  ( -3.449999999999998401, -0.4200000000000004285, 0.2499999999999998612 ) ) ;
#3684 = CARTESIAN_POINT ( 'NONE',  ( 0.6464285714285711304, -0.05961245283903229136, -0.1735534956470231871 ) ) ;
#3685 = DIRECTION ( 'NONE',  ( -1.000000000000000000, 0.0000000000000000000, 0.0000000000000000000 ) ) ;
#3686 = CARTESIAN_POINT ( 'NONE',  ( 0.8992857142857137998, -0.4867562801868941524, 0.2924783736545468749 ) ) ;
#3687 = CARTESIAN_POINT ( 'NONE',  ( -1.022854718089712511, -0.5256078317584995663, -0.2808085147614076682 ) ) ;
#3688 = CARTESIAN_POINT ( 'NONE',  ( -1.008779917187205832, -0.6024194430752479734, -0.2381846266909883325 ) ) ;
#3689 = ORIENTED_EDGE ( 'NONE', *, *, #4296, .F. ) ;
#3690 = CARTESIAN_POINT ( 'NONE',  ( 1.210000000000001075, -0.2890390788874623862, 0.3058600236262193905 ) ) ;
#3691 = EDGE_CURVE ( 'NONE', #4346, #5449, #507, .T. ) ;
#3692 = CARTESIAN_POINT ( 'NONE',  ( -0.8671428571428568821, -0.6605813207414512611, -0.1918572011534897537 ) ) ;
#3693 = CARTESIAN_POINT ( 'NONE',  ( -0.7609910422378869388, -0.2922949152450821653, -0.2714646928820916294 ) ) ;
#3694 = CARTESIAN_POINT ( 'NONE',  ( 1.371375172962996158, -0.6459586064626974267, 0.3314232274330198846 ) ) ;
#3695 = CARTESIAN_POINT ( 'NONE',  ( -1.132142857142856895, -0.1706040792565065856, -0.3127325929872118437 ) ) ;
#3696 = CARTESIAN_POINT ( 'NONE',  ( -0.6071610369064964763, -0.5256862439225298278, 0.2807710682734312346 ) ) ;
#3697 = CARTESIAN_POINT ( 'NONE',  ( -0.8964285714285713524, -0.05961245283903229136, 0.1735534956470231871 ) ) ;
#3698 = CARTESIAN_POINT ( 'NONE',  ( -0.001032426068419102765, -0.4887002350605295087, 0.2920531605553483012 ) ) ;
#3699 = CARTESIAN_POINT ( 'NONE',  ( -0.8810586788583644191, -0.3642906884595660255, 0.2947857023236917229 ) ) ;
#3700 = CARTESIAN_POINT ( 'NONE',  ( 0.3785714285714282812, -0.2419832528349483425, -0.3696555844364371457 ) ) ;
#3701 = CARTESIAN_POINT ( 'NONE',  ( -0.4642857142857126918, -0.8199999999999997291, 0.09129738975605997120 ) ) ;
#3702 = CARTESIAN_POINT ( 'NONE',  ( -0.3463240559996927925, -0.6974139850107954341, 0.1141995173735059904 ) ) ;
#3703 = FACE_OUTER_BOUND ( 'NONE', #356, .T. ) ;
#3704 = CARTESIAN_POINT ( 'NONE',  ( 0.1185714285714285082, -0.5535125603737885980, 0.2772416883273277621 ) ) ;
#3705 = CARTESIAN_POINT ( 'NONE',  ( -0.4874225200530470925, -0.1687705918896759416, -0.1639668415319883721 ) ) ;
#3706 = CARTESIAN_POINT ( 'NONE',  ( -0.2061862949723740068, -0.1250936834959011368, -0.05516417336385198017 ) ) ;
#3707 = CARTESIAN_POINT ( 'NONE',  ( 0.2392857142857141850, -0.5090083735825255973, 0.3899711648727292590 ) ) ;
#3708 = CARTESIAN_POINT ( 'NONE',  ( 1.110714285714285099, -0.3309916264174742051, 0.3899711648727292590 ) ) ;
#3709 = CARTESIAN_POINT ( 'NONE',  ( -1.029799174508264636, -0.4835571638759988411, -0.2931905158613108964 ) ) ;
#3710 = ORIENTED_EDGE ( 'NONE', *, *, #3858, .T. ) ;
#3711 = CARTESIAN_POINT ( 'NONE',  ( -0.3849999999999998979, -0.1200000000000000233, 0.0000000000000000000 ) ) ;
#3712 = ORIENTED_EDGE ( 'NONE', *, *, #1246, .T. ) ;
#3713 = CARTESIAN_POINT ( 'NONE',  ( -0.9742855545575966891, -0.1200004429055765154, -0.06847396201995116505 ) ) ;
#3714 = EDGE_CURVE ( 'NONE', #2014, #5428, #4401, .T. ) ;
#3715 = CARTESIAN_POINT ( 'NONE',  ( -0.5516248866853320498, -0.2038652100159766001, 0.2081078201390407501 ) ) ;
#3716 = CARTESIAN_POINT ( 'NONE',  ( -0.7300532863955412344, -0.4819628700644970620, -0.2935856543970961074 ) ) ;
#3717 = CONICAL_SURFACE ( 'NONE', #670, 0.2499999999999998612, 0.7853981633974543852 ) ;
#3718 = CARTESIAN_POINT ( 'NONE',  ( 1.249999999999999334, -0.4199999999999999289, -0.4102867453090214278 ) ) ;
#3719 = CARTESIAN_POINT ( 'NONE',  ( -0.8535714285714283145, -0.05961245283903235381, -0.1735534956470232704 ) ) ;
#3720 = CARTESIAN_POINT ( 'NONE',  ( -0.2578571428571427848, -0.2329530594423798728, 0.2345494447404087857 ) ) ;
#3721 = CARTESIAN_POINT ( 'NONE',  ( -1.110714285714285321, -0.3309916264174742051, -0.3899711648727292590 ) ) ;
#3722 = CARTESIAN_POINT ( 'NONE',  ( -0.03693950115541923956, -0.6695637877286992889, 0.1664872673692169569 ) ) ;
#3723 = CARTESIAN_POINT ( 'NONE',  ( -0.8955332012534376052, -0.4544751195844903835, 0.2980155831815239353 ) ) ;
#3724 = CARTESIAN_POINT ( 'NONE',  ( 0.5392857142857140351, -0.5090083735825255973, 0.3899711648727292590 ) ) ;
#3725 = CARTESIAN_POINT ( 'NONE',  ( -0.5071428571428555632, -0.7407750943219351125, -0.2558096015379863197 ) ) ;
#3726 = CARTESIAN_POINT ( 'NONE',  ( 0.02500000000000000139, -0.01999999999999999001, 0.0000000000000000000 ) ) ;
#3727 = CARTESIAN_POINT ( 'NONE',  ( 0.1507142857142855785, -0.3532437198131055944, 0.2924783736545468749 ) ) ;
#3728 = CARTESIAN_POINT ( 'NONE',  ( -0.4470617535206635740, -0.3759832603786456562, -0.2969147133823902829 ) ) ;
#3729 = DIRECTION ( 'NONE',  ( 1.000000000000000000, 1.268357997058408169E-16, -0.0000000000000000000 ) ) ;
#3730 = ORIENTED_EDGE ( 'NONE', *, *, #207, .F. ) ;
#3731 = CARTESIAN_POINT ( 'NONE',  ( 0.2821428571428569732, -0.1706040792565065856, 0.3127325929872118437 ) ) ;
#3732 = CARTESIAN_POINT ( 'NONE',  ( -0.08382052358871835973, -0.6970641134722483923, -0.1150456447222014955 ) ) ;
#3733 = CARTESIAN_POINT ( 'NONE',  ( -0.2619443567690609709, -0.2538717999521236113, 0.2498028554461165507 ) ) ;
#3734 = CARTESIAN_POINT ( 'NONE',  ( -1.031556357591201234, -0.4726167090738024323, -0.2954455446159446885 ) ) ;
#3735 = ORIENTED_EDGE ( 'NONE', *, *, #1172, .F. ) ;
#3736 = ORIENTED_EDGE ( 'NONE', *, *, #3858, .F. ) ;
#3737 = LINE ( 'NONE', #1564, #4120 ) ;
#3738 = AXIS2_PLACEMENT_3D ( 'NONE', #4037, #2242, #1372 ) ;
#3739 = CARTESIAN_POINT ( 'NONE',  ( 1.102477280406495952, -0.1278081894019844900, 0.07852433711335179978 ) ) ;
#3740 = CARTESIAN_POINT ( 'NONE',  ( -0.7699474386286947469, -0.2440769517813417278, -0.2430050795532245900 ) ) ;
#3741 = CARTESIAN_POINT ( 'NONE',  ( -1.217420396923906134, -0.1571884957666237204, 0.3187904652790856108 ) ) ;
#3742 = CARTESIAN_POINT ( 'NONE',  ( -0.1828571428571428292, -0.1794186792585485968, -0.1918572011534898647 ) ) ;
#3743 = CARTESIAN_POINT ( 'NONE',  ( -0.9392857142857140573, -0.3309916264174740386, 0.3899711648727292590 ) ) ;
#3744 = CARTESIAN_POINT ( 'NONE',  ( -0.01822904858957645133, -0.5870352905650060293, 0.2491971575073380907 ) ) ;
#3745 = CARTESIAN_POINT ( 'NONE',  ( -0.9451817789232281886, -0.6946050836852097898, 0.1208865858989881109 ) ) ;
#3746 = ORIENTED_EDGE ( 'NONE', *, *, #3750, .F. ) ;
#3747 = CARTESIAN_POINT ( 'NONE',  ( 1.385714285714284788, -0.8199999999999997291, 0.09129738975605987406 ) ) ;
#3748 = CARTESIAN_POINT ( 'NONE',  ( -0.5607142857142841663, -0.3309916264174742051, -0.3899711648727292590 ) ) ;
#3749 = B_SPLINE_CURVE_WITH_KNOTS ( 'NONE', 3,
 ( #2974, #865, #5183, #5076, #4654, #4681, #890, #837, #808, #4736, #2608, #2521, #4319, #2550, #1345, #3059, #4232, #4261 ),
 .UNSPECIFIED., .F., .F.,
 ( 4, 2, 2, 2, 2, 2, 2, 2, 4 ),
 ( 0.0000000000000000000, 0.002645496711164425745, 0.003968245066746638183, 0.005290993422328851489, 0.005952367600119958142, 0.006613741777911064795, 0.007936490133493276367, 0.009259238489075489673, 0.01058198684465770298 ),
 .UNSPECIFIED. ) ;
#3750 = EDGE_CURVE ( 'NONE', #1037, #2869, #3052, .T. ) ;
#3751 = PERSON_AND_ORGANIZATION ( #2568, #1152 ) ;
#3752 = CARTESIAN_POINT ( 'NONE',  ( -0.3421428571428570820, -0.2329530594423799283, -0.2345494447404088134 ) ) ;
#3753 = SECURITY_CLASSIFICATION ( '', '', #799 ) ;
#3754 = CARTESIAN_POINT ( 'NONE',  ( 0.9849999865971205137, -0.1200000000000122774, 8.565537073219542363E-08 ) ) ;
#3755 = CARTESIAN_POINT ( 'NONE',  ( 0.1107142857142856679, -0.5090083735825254863, -0.3899711648727292590 ) ) ;
#3756 = CARTESIAN_POINT ( 'NONE',  ( -0.05285714285714285948, -0.1794186792585485413, -0.1918572011534897814 ) ) ;
#3757 = CARTESIAN_POINT ( 'NONE',  ( 0.6850000336343864404, -0.1200000000000126799, -8.704305666599427795E-08 ) ) ;
#3758 = CARTESIAN_POINT ( 'NONE',  ( -0.7814285714285713613, -0.5535125603737884870, 0.2772416883273278176 ) ) ;
#3759 = VERTEX_POINT ( 'NONE', #1825 ) ;
#3760 = CARTESIAN_POINT ( 'NONE',  ( 0.6249999999999996669, -0.01999999999999999001, 0.0000000000000000000 ) ) ;
#3761 = CARTESIAN_POINT ( 'NONE',  ( -0.08444355041260943884, -0.6955204616699847131, -0.1187058959721000728 ) ) ;
#3762 = CARTESIAN_POINT ( 'NONE',  ( -0.2431441436635530529, -0.1707263005146342216, 0.1669211707047532356 ) ) ;
#3763 = CARTESIAN_POINT ( 'NONE',  ( -1.076898509015729255, -0.2103603042957732372, -0.2146314231429907737 ) ) ;
#3764 =( BOUNDED_CURVE ( )  B_SPLINE_CURVE ( 2, ( #1025, #3221, #2739, #4054, #4447, #5320, #4924, #1080, #5231, #2794, #4502, #1815, #235, #3667, #3246 ),
 .UNSPECIFIED., .F., .T. ) 
 B_SPLINE_CURVE_WITH_KNOTS ( ( 3, 2, 2, 2, 2, 2, 2, 3 ),
 ( 0.1219503026412926266, 0.1393718226770650770, 0.1567933005116982081, 0.1742147783463313393, 0.1916362561809644705, 0.2090577340155976294, 0.2264792118502307605, 0.2439006052825703763 ),
 .UNSPECIFIED. ) 
 CURVE ( )  GEOMETRIC_REPRESENTATION_ITEM ( )  RATIONAL_B_SPLINE_CURVE ( ( 1.000000000000000000, 0.9749279121818236193, 1.000000000000000000, 0.9749279121818236193, 1.000000000000000000, 0.9749279121818236193, 1.000000000000000000, 0.9749279121818236193, 1.000000000000000000, 0.9749279121818236193, 1.000000000000000000, 0.9749279121818236193, 1.000000000000000000, 0.9749280336492293086, 0.9999997570663656798 ) ) 
 REPRESENTATION_ITEM ( '' )  );
#3765 = DIRECTION ( 'NONE',  ( 0.0000000000000000000, -1.000000000000000000, 0.0000000000000000000 ) ) ;
#3766 = CARTESIAN_POINT ( 'NONE',  ( -1.149999999999999689, -0.1772966367875321303, 0.1763379638233266711 ) ) ;
#3767 = CIRCLE ( 'NONE', #4750, 0.1999999999999978739 ) ;
#3768 = CARTESIAN_POINT ( 'NONE',  ( -0.7231148114702572460, -0.5240910946782763036, -0.2813886591395480807 ) ) ;
#3769 = CARTESIAN_POINT ( 'NONE',  ( -0.07142857142857139685, -0.5980167471650512656, 0.3696555844364371457 ) ) ;
#3770 = CARTESIAN_POINT ( 'NONE',  ( -0.7142857142857143016, -0.8199999999999997291, 0.09129738975605995732 ) ) ;
#3771 = EDGE_CURVE ( 'NONE', #1715, #4652, #498, .T. ) ;
#3772 = CARTESIAN_POINT ( 'NONE',  ( -0.3328571428571427959, -0.6605813207414512611, 0.1918572011534898369 ) ) ;
#3773 = B_SPLINE_CURVE_WITH_KNOTS ( 'NONE', 3,
 ( #5424, #1046, #1583, #4075, #1150, #648 ),
 .UNSPECIFIED., .F., .F.,
 ( 4, 2, 4 ),
 ( 0.02761907293259897866, 0.02842473781133193420, 0.02923040269006488973 ),
 .UNSPECIFIED. ) ;
#3774 = CARTESIAN_POINT ( 'NONE',  ( -1.200653459655727229, -0.07523255016621656355, 0.2059889619634636682 ) ) ;
#3775 = EDGE_CURVE ( 'NONE', #3759, #645, #5268, .T. ) ;
#3776 = CARTESIAN_POINT ( 'NONE',  ( 0.2071428571428570453, -0.7407750943219351125, 0.2558096015379863197 ) ) ;
#3777 = CARTESIAN_POINT ( 'NONE',  ( -0.02813161592158940766, -0.6350464923287519881, 0.2091832874385551599 ) ) ;
#3778 = CARTESIAN_POINT ( 'NONE',  ( -0.9048528488199046871, -0.5120309055751688376, 0.2855356407143133102 ) ) ;
#3779 = CARTESIAN_POINT ( 'NONE',  ( 0.9464285714285709528, -0.05961245283903229136, -0.1735534956470231871 ) ) ;
#3780 = CARTESIAN_POINT ( 'NONE',  ( -1.139285714285712681, -0.5090083735825255973, -0.3899711648727292590 ) ) ;
#3781 = PERSON_AND_ORGANIZATION ( #2568, #1152 ) ;
#3782 = CARTESIAN_POINT ( 'NONE',  ( -0.3635714285714284899, -0.1497093396292742684, -0.1301651217352674250 ) ) ;
#3783 = CARTESIAN_POINT ( 'NONE',  ( 0.1814285714285713558, -0.5535125603737884870, -0.2772416883273278176 ) ) ;
#3784 = CARTESIAN_POINT ( 'NONE',  ( 1.210000000000000409, -0.03949916892228094722, 0.1233657875959339734 ) ) ;
#3785 = CARTESIAN_POINT ( 'NONE',  ( 0.3328571428571425739, -0.6605813207414512611, -0.1918572011534898369 ) ) ;
#3786 = CARTESIAN_POINT ( 'NONE',  ( -0.4962774869541344280, -0.1426982006028701955, -0.1144714762828887705 ) ) ;
#3787 = CARTESIAN_POINT ( 'NONE',  ( -1.017142857142856904, -0.1794186792585485413, 0.1918572011534897814 ) ) ;
#3788 = ORIENTED_EDGE ( 'NONE', *, *, #149, .T. ) ;
#3789 = VERTEX_POINT ( 'NONE', #1795 ) ;
#3790 = CARTESIAN_POINT ( 'NONE',  ( 1.010714285714285010, -0.5090083735825254863, -0.3899711648727292590 ) ) ;
#3791 = PLANE ( 'NONE',  #2570 ) ;
#3792 = CARTESIAN_POINT ( 'NONE',  ( -0.1094789583428639329, -0.5988879885026261451, -0.2408426736178037042 ) ) ;
#3793 = CARTESIAN_POINT ( 'NONE',  ( -0.2613079247606557853, -0.2505415306055795988, 0.2475796723768704799 ) ) ;
#3794 = CARTESIAN_POINT ( 'NONE',  ( -1.112346862758931021, -0.1204405986266565559, -0.01684688655932015111 ) ) ;
#3795 = CARTESIAN_POINT ( 'NONE',  ( 0.2992857142857141550, -0.4867562801868941524, 0.2924783736545468749 ) ) ;
#3796 = CARTESIAN_POINT ( 'NONE',  ( 3.499999999999999112, -0.2399999999999999634, -0.06250000000000000000 ) ) ;
#3797 = VECTOR ( 'NONE', #5315, 39.37007874015748143 ) ;
#3798 = CARTESIAN_POINT ( 'NONE',  ( -0.6067854130480283548, -0.5234962457577838624, 0.2815822855146584147 ) ) ;
#3799 = CARTESIAN_POINT ( 'NONE',  ( -0.7703092920228896689, -0.2422131388551638786, -0.2416440674575795200 ) ) ;
#3800 = CARTESIAN_POINT ( 'NONE',  ( -0.4357142857142856651, -0.8199999999999997291, -0.09129738975605987406 ) ) ;
#3801 = DIRECTION ( 'NONE',  ( 1.000000000000000000, 1.268357997058408169E-16, -0.0000000000000000000 ) ) ;
#3802 = CARTESIAN_POINT ( 'NONE',  ( -0.2900000000000000355, -0.4199999999999999289, 0.3077150589817659876 ) ) ;
#3803 = CARTESIAN_POINT ( 'NONE',  ( -0.6035714285714284255, -0.05961245283903235381, -0.1735534956470232704 ) ) ;
#3804 = CARTESIAN_POINT ( 'NONE',  ( -1.499999999999999778, -0.4200000000000001510, 0.0000000000000000000 ) ) ;
#3805 = CARTESIAN_POINT ( 'NONE',  ( -0.04833320237202658187, -0.7019984299840635877, 0.1024255018022633412 ) ) ;
#3806 = CARTESIAN_POINT ( 'NONE',  ( -0.9527498736810757762, -0.7102006355207539645, 0.07605169418185675489 ) ) ;
#3807 = CARTESIAN_POINT ( 'NONE',  ( 1.432032824443803642, -0.5690672373850760302, 0.3758156674708491574 ) ) ;
#3808 = CARTESIAN_POINT ( 'NONE',  ( -0.9357142857142842773, -0.01999999999999999348, 0.09129738975605992957 ) ) ;
#3809 = CIRCLE ( 'NONE', #223, 0.2999999999999996003 ) ;
#3810 = CALENDAR_DATE ( 2020, 25, 5 ) ;
#3811 = EDGE_CURVE ( 'NONE', #1374, #941, #3010, .T. ) ;
#3812 = CARTESIAN_POINT ( 'NONE',  ( -1.182142857142856940, -0.1706040792565065856, -0.3127325929872118437 ) ) ;
#3813 = CARTESIAN_POINT ( 'NONE',  ( 0.06486411168752781453, -0.1462425140752505182, 0.1227491102022824770 ) ) ;
#3814 = CARTESIAN_POINT ( 'NONE',  ( 0.8471428571428566423, -0.1794186792585485413, -0.1918572011534897814 ) ) ;
#3815 = CARTESIAN_POINT ( 'NONE',  ( -0.5149999699673999398, -0.1200000000000678302, -2.015828881870967434E-07 ) ) ;
#3816 = DIRECTION ( 'NONE',  ( 0.0000000000000000000, 1.000000000000000000, 0.0000000000000000000 ) ) ;
#3817 = ORIENTED_EDGE ( 'NONE', *, *, #4540, .F. ) ;
#3818 = ADVANCED_FACE ( 'NONE', ( #103 ), #2694, .T. ) ;
#3819 = ORIENTED_EDGE ( 'NONE', *, *, #5174, .F. ) ;
#3820 = CARTESIAN_POINT ( 'NONE',  ( 1.342857142857142083, -0.7407750943219348905, -0.2558096015379864308 ) ) ;
#3821 = CARTESIAN_POINT ( 'NONE',  ( 1.114988248513001379, -0.1200000000100814312, 1.724394712544996077E-06 ) ) ;
#3822 = CARTESIAN_POINT ( 'NONE',  ( -0.1123822351553839805, -0.5838368483262834641, -0.2513136188994769538 ) ) ;
#3823 = CARTESIAN_POINT ( 'NONE',  ( -0.2557593974643759260, -0.2226779794216501851, 0.2260271039796706294 ) ) ;
#3824 = CARTESIAN_POINT ( 'NONE',  ( -1.092066099534110268, -0.1540084818219270013, -0.1387391324758191768 ) ) ;
#3825 = CARTESIAN_POINT ( 'NONE',  ( -0.5411578698328878279, -0.1639859754727710783, 0.1564416804298190689 ) ) ;
#3826 = ADVANCED_FACE ( 'NONE', ( #3566 ), #4987, .T. ) ;
#3827 = CIRCLE ( 'NONE', #5530, 0.2500000000000001110 ) ;
#3828 = CARTESIAN_POINT ( 'NONE',  ( 0.3421428571428570264, -0.2329530594423799283, 0.2345494447404088134 ) ) ;
#3829 = CARTESIAN_POINT ( 'NONE',  ( -0.5973257291951161729, -0.4656453296789029861, 0.2965072485554313131 ) ) ;
#3830 = CARTESIAN_POINT ( 'NONE',  ( -0.7895869354760970404, -0.1616092724404007974, -0.1524284156918995492 ) ) ;
#3831 = CARTESIAN_POINT ( 'NONE',  ( -0.3928571428571428492, -0.7407750943219348905, 0.2558096015379864308 ) ) ;
#3832 = CARTESIAN_POINT ( 'NONE',  ( 1.210000000000001075, -0.5273265273251546148, -0.2859805903199955646 ) ) ;
#3833 = CARTESIAN_POINT ( 'NONE',  ( -0.09714285714285712803, -0.6605813207414512611, -0.1918572011534897537 ) ) ;
#3834 = CARTESIAN_POINT ( 'NONE',  ( -0.7535714285714284477, -0.7803875471609672543, 0.1735534956470232149 ) ) ;
#3835 = CARTESIAN_POINT ( 'NONE',  ( 0.9892857142857137687, -0.3309916264174740386, -0.3899711648727292590 ) ) ;
#3836 = CARTESIAN_POINT ( 'NONE',  ( -0.6663929908004685432, -0.7200000000075166273, -0.008862867859388355585 ) ) ;
#3837 = CARTESIAN_POINT ( 'NONE',  ( -0.9055222597268706153, -0.5160105147903619738, 0.2842296417031049960 ) ) ;
#3838 = CARTESIAN_POINT ( 'NONE',  ( 1.424973587799632790, -0.6199972543020934035, 0.3464117467286920715 ) ) ;
#3839 = CARTESIAN_POINT ( 'NONE',  ( -0.8499999999999983125, -0.4200000000000000400, -0.4102867453090213723 ) ) ;
#3840 = APPROVAL_DATE_TIME ( #1652, #650 ) ;
#3841 = CARTESIAN_POINT ( 'NONE',  ( -1.224999999999999867, -0.01999999999999999001, 0.0000000000000000000 ) ) ;
#3842 = CYLINDRICAL_SURFACE ( 'NONE', #1412, 0.2499999999999998612 ) ;
#3843 = CARTESIAN_POINT ( 'NONE',  ( 1.050714285714285046, -0.3532437198131055944, 0.2924783736545468749 ) ) ;
#3844 = CARTESIAN_POINT ( 'NONE',  ( -0.4919452814351050196, -0.1543526048455362287, -0.1393991214627002539 ) ) ;
#3845 = CARTESIAN_POINT ( 'NONE',  ( -1.070714285714285507, -0.4867562801868940969, 0.2924783736545468749 ) ) ;
#3846 = VERTEX_POINT ( 'NONE', #2885 ) ;
#3847 = ORIENTED_EDGE ( 'NONE', *, *, #2609, .T. ) ;
#3848 = CARTESIAN_POINT ( 'NONE',  ( 1.417857142857141817, -0.6693959207434931891, 0.3127325929872117327 ) ) ;
#3849 = DIRECTION ( 'NONE',  ( 1.000000000000000000, 1.268357997058408169E-16, -0.0000000000000000000 ) ) ;
#3850 = CARTESIAN_POINT ( 'NONE',  ( -0.1223249392603347613, -0.5286961523330382384, -0.2796284405479150248 ) ) ;
#3851 = CARTESIAN_POINT ( 'NONE',  ( -0.2712874449914980390, -0.3052886102792027323, 0.2772027613565422044 ) ) ;
#3852 = CARTESIAN_POINT ( 'NONE',  ( -1.073705399932201932, -0.2252728246404012702, -0.2282179527229735716 ) ) ;
#3853 = CARTESIAN_POINT ( 'NONE',  ( -0.5492098314920778046, -0.1936963339749581681, 0.1969433194573259049 ) ) ;
#3854 = CARTESIAN_POINT ( 'NONE',  ( 0.5135714285714283456, -0.6902906603707253952, -0.1301651217352673973 ) ) ;
#3855 = CARTESIAN_POINT ( 'NONE',  ( 0.01785714285714282840, -0.1706040792565065023, -0.3127325929872117327 ) ) ;
#3856 = AXIS2_PLACEMENT_3D ( 'NONE', #2737, #3610, #5317 ) ;
#3857 = CARTESIAN_POINT ( 'NONE',  ( -0.5871156979959649691, -0.4020274235466072543, 0.2994642210600286791 ) ) ;
#3858 = EDGE_CURVE ( 'NONE', #5302, #4229, #4483, .T. ) ;
#3859 = CARTESIAN_POINT ( 'NONE',  ( -0.5428571428571428159, -0.09922490567806474537, -0.2558096015379864863 ) ) ;
#3860 = CARTESIAN_POINT ( 'NONE',  ( 1.209999999999999964, -0.5116405959103365042, -0.2962912480987275887 ) ) ;
#3861 = CARTESIAN_POINT ( 'NONE',  ( -0.7828571428571425850, -0.1794186792585485968, -0.1918572011534898647 ) ) ;
#3862 = CARTESIAN_POINT ( 'NONE',  ( -0.4428571428571429491, -0.7407750943219348905, 0.2558096015379864308 ) ) ;
#3863 = CARTESIAN_POINT ( 'NONE',  ( 0.7964285714285710416, -0.7803875471609674763, 0.1735534956470231316 ) ) ;
#3864 = CARTESIAN_POINT ( 'NONE',  ( -0.6740146731162084404, -0.7146525607846951900, -0.05639057803933609364 ) ) ;
#3865 = CARTESIAN_POINT ( 'NONE',  ( -0.9425855749878750967, -0.6875092412534327124, 0.1358017209141889614 ) ) ;
#3866 = CARTESIAN_POINT ( 'NONE',  ( 1.107142857142856762, -0.7407750943219351125, 0.2558096015379863197 ) ) ;
#3867 = CARTESIAN_POINT ( 'NONE',  ( -0.9678571428571411950, -0.1706040792565065023, 0.3127325929872117327 ) ) ;
#3868 = PERSON_AND_ORGANIZATION ( #2568, #1152 ) ;
#3869 = CARTESIAN_POINT ( 'NONE',  ( -0.4814285714285712614, -0.5535125603737884870, 0.2772416883273278176 ) ) ;
#3870 = CARTESIAN_POINT ( 'NONE',  ( 0.06116826340991626809, -0.1566839391022985806, 0.1437554433362981943 ) ) ;
#3871 = CARTESIAN_POINT ( 'NONE',  ( 0.5364285714285711437, -0.1497093396292742407, -0.1301651217352673418 ) ) ;
#3872 = CARTESIAN_POINT ( 'NONE',  ( -0.5073460511772462933, -0.1238449726596855260, -0.04803338754547892275 ) ) ;
#3873 = CARTESIAN_POINT ( 'NONE',  ( 3.499999999999999112, -0.1779385408620361431, 0.06250000000000000000 ) ) ;
#3874 = VERTEX_POINT ( 'NONE', #244 ) ;
#3875 = CARTESIAN_POINT ( 'NONE',  ( 0.9785714285714278704, -0.2419832528349483425, -0.3696555844364371457 ) ) ;
#3876 = DIRECTION ( 'NONE',  ( 0.0000000000000000000, 1.000000000000000000, 0.0000000000000000000 ) ) ;
#3877 = ORIENTED_EDGE ( 'NONE', *, *, #4605, .T. ) ;
#3878 = CARTESIAN_POINT ( 'NONE',  ( -0.1215094598864547709, -0.5334295714485456363, -0.2777303006842801736 ) ) ;
#3879 = CARTESIAN_POINT ( 'NONE',  ( -0.4249999999999999334, -0.8199999999999997291, 4.898587196589411226E-17 ) ) ;
#3880 = CARTESIAN_POINT ( 'NONE',  ( -0.2994070100101378640, -0.4786111851592980693, 0.2942188632515590485 ) ) ;
#3881 = CARTESIAN_POINT ( 'NONE',  ( -1.106341534096406898, -0.1249364773437188908, -0.05420806845994199236 ) ) ;
#3882 = CARTESIAN_POINT ( 'NONE',  ( -0.5539201868930088146, -0.2140339348529632368, 0.2183355879963043145 ) ) ;
#3883 = CARTESIAN_POINT ( 'NONE',  ( 0.3207142857142855075, -0.3532437198131055944, 0.2924783736545468749 ) ) ;
#3884 = CARTESIAN_POINT ( 'NONE',  ( 0.09285714285714277705, -0.7407750943219348905, -0.2558096015379864308 ) ) ;
#3885 = CARTESIAN_POINT ( 'NONE',  ( -0.5801607357672420306, -0.3586323078156793964, 0.2937049189781749670 ) ) ;
#3886 = CARTESIAN_POINT ( 'NONE',  ( -1.141007744805419666, -0.1115456994360227438, -0.2656351066898663960 ) ) ;
#3887 = CARTESIAN_POINT ( 'NONE',  ( 0.7921428571428567045, -0.6070469405576197630, -0.2345494447404088134 ) ) ;
#3888 = CARTESIAN_POINT ( 'NONE',  ( -1.072142857142856842, -0.2329530594423799283, -0.2345494447404088134 ) ) ;
#3889 = CARTESIAN_POINT ( 'NONE',  ( -0.7428571428571428825, -0.7407750943219348905, 0.2558096015379864308 ) ) ;
#3890 = CARTESIAN_POINT ( 'NONE',  ( 0.6678571428571424828, -0.1706040792565065023, -0.3127325929872117327 ) ) ;
#3891 = CARTESIAN_POINT ( 'NONE',  ( -1.149999999999999911, -0.08252836093674366380, -0.2154570752936516287 ) ) ;
#3892 = CARTESIAN_POINT ( 'NONE',  ( -0.5150355560289376911, -0.1199999998470837187, 0.0002272127358764993224 ) ) ;
#3893 = CARTESIAN_POINT ( 'NONE',  ( 0.4678571428571425272, -0.6693959207434931891, 0.3127325929872117327 ) ) ;
#3894 = CARTESIAN_POINT ( 'NONE',  ( -0.6999999999999984013, -0.4199999999999998734, 0.4102867453090213723 ) ) ;
#3895 = CARTESIAN_POINT ( 'NONE',  ( -0.6957142857142855075, -0.1200000000000000372, 0.06847304231704492983 ) ) ;
#3896 = CARTESIAN_POINT ( 'NONE',  ( 0.06616147389513621357, -0.1429798173650399518, 0.1151513103475950844 ) ) ;
#3897 = CARTESIAN_POINT ( 'NONE',  ( 0.5899999999999997469, -0.4199999999999999289, -0.3077150589817659876 ) ) ;
#3898 = CARTESIAN_POINT ( 'NONE',  ( -0.8454774322513122220, -0.1791065954142324057, 0.1788276444910557872 ) ) ;
#3899 = CARTESIAN_POINT ( 'NONE',  ( 0.9571428571428565180, -0.09922490567806467598, -0.2558096015379863752 ) ) ;
#3900 = CARTESIAN_POINT ( 'NONE',  ( 1.118936066580220823, -0.1200000024262559417, -0.02487579505488032861 ) ) ;
#3901 = ORIENTED_EDGE ( 'NONE', *, *, #239, .T. ) ;
#3902 = CARTESIAN_POINT ( 'NONE',  ( -0.1212819071067981758, -0.5347433226576133736, -0.2771895443721091312 ) ) ;
#3903 = CARTESIAN_POINT ( 'NONE',  ( -0.06071428571428569287, -0.5090083735825254863, 0.3899711648727292590 ) ) ;
#3904 = CARTESIAN_POINT ( 'NONE',  ( -0.2994451250436043210, -0.4788486436078651098, 0.2941715035289154678 ) ) ;
#3905 = CARTESIAN_POINT ( 'NONE',  ( 3.499999999999999112, -0.4199999999999995404, 0.0000000000000000000 ) ) ;
#3906 = CARTESIAN_POINT ( 'NONE',  ( -0.5259647470938303426, -0.1277096076560641225, 0.06827899548590199430 ) ) ;
#3907 = CARTESIAN_POINT ( 'NONE',  ( 0.7278571428571424251, -0.2329530594423798728, -0.2345494447404087857 ) ) ;
#3908 = CARTESIAN_POINT ( 'NONE',  ( 3.449999999999997513, -0.4199999999999995404, 0.0000000000000000000 ) ) ;
#3909 = CARTESIAN_POINT ( 'NONE',  ( -0.6447615626141048883, -0.6935065782721767658, 0.1232922690313090902 ) ) ;
#3910 = CARTESIAN_POINT ( 'NONE',  ( -1.099999999999999645, -0.4200000000000000400, -0.4102867453090213723 ) ) ;
#3911 = CARTESIAN_POINT ( 'NONE',  ( 1.500000000000000444, -0.1200000000000002176, 0.0000000000000000000 ) ) ;
#3912 = CARTESIAN_POINT ( 'NONE',  ( -0.3035714285714285476, -0.05961245283903235381, -0.1735534956470232704 ) ) ;
#3913 = CARTESIAN_POINT ( 'NONE',  ( 0.5071428571428570065, -0.7407750943219351125, 0.2558096015379863197 ) ) ;
#3914 = CARTESIAN_POINT ( 'NONE',  ( -0.04632242507162590006, -0.6974100178993419830, 0.1142090634785846992 ) ) ;
#3915 = CARTESIAN_POINT ( 'NONE',  ( -0.5156752130032417059, -0.1200265419843983133, 0.004310390020544227659 ) ) ;
#3916 = CARTESIAN_POINT ( 'NONE',  ( 0.4892857142857139907, -0.5090083735825255973, 0.3899711648727292590 ) ) ;
#3917 = CARTESIAN_POINT ( 'NONE',  ( -1.007401430336982262, -0.6093065891448504745, -0.2327456743848558274 ) ) ;
#3918 = CARTESIAN_POINT ( 'NONE',  ( -0.8564285714285713169, -0.6902906603707253952, -0.1301651217352673140 ) ) ;
#3919 = FACE_OUTER_BOUND ( 'NONE', #2778, .T. ) ;
#3920 = CARTESIAN_POINT ( 'NONE',  ( 0.6757142857142853787, -0.7199999999999996403, 0.06847304231704488819 ) ) ;
#3921 = CARTESIAN_POINT ( 'NONE',  ( -0.8431450649336138525, -0.1706844154632942423, 0.1669392256649873951 ) ) ;
#3922 = CARTESIAN_POINT ( 'NONE',  ( -2.142064196811370724, -0.1733729363628166986, 0.04225550201557550650 ) ) ;
#3923 = EDGE_CURVE ( 'NONE', #941, #2443, #315, .T. ) ;
#3924 = CARTESIAN_POINT ( 'NONE',  ( 2.144211872697693977, -0.1753707281695416065, 0.05255490420578909361 ) ) ;
#3925 = CARTESIAN_POINT ( 'NONE',  ( -2.138506484271023300, -0.1700000000000004008, 2.556627572707230627E-17 ) ) ;
#3926 = ORIENTED_EDGE ( 'NONE', *, *, #3577, .F. ) ;
#3927 = CARTESIAN_POINT ( 'NONE',  ( -0.1307241363353119634, -0.4777941293167597969, -0.2943805595783973716 ) ) ;
#3928 = CARTESIAN_POINT ( 'NONE',  ( -0.1571428571428570842, -0.7407750943219351125, -0.2558096015379863197 ) ) ;
#3929 = CARTESIAN_POINT ( 'NONE',  ( -0.3249931657265979768, -0.6208722742264709549, 0.2228371586730013287 ) ) ;
#3930 = CARTESIAN_POINT ( 'NONE',  ( 3.499999999999999112, -0.1199999999999997458, 0.0000000000000000000 ) ) ;
#3931 = CARTESIAN_POINT ( 'NONE',  ( -0.4139296017028648023, -0.5756677338769162766, -0.2564987856152086132 ) ) ;
#3932 = CARTESIAN_POINT ( 'NONE',  ( 1.145714285714285019, -0.7199999999999996403, 0.06847304231704488819 ) ) ;
#3933 = CARTESIAN_POINT ( 'NONE',  ( 0.2642857142857141795, -0.02000000000000005940, 0.09129738975606002671 ) ) ;
#3934 = CARTESIAN_POINT ( 'NONE',  ( -0.6533229547351191435, -0.7110993916332148945, 0.07259977552362230357 ) ) ;
#3935 = FACE_OUTER_BOUND ( 'NONE', #2327, .T. ) ;
#3936 =( BOUNDED_CURVE ( )  B_SPLINE_CURVE ( 2, ( #1244, #5034, #2928, #1671, #425, #4690, #4610, #5459, #762, #3769, #1188, #3329, #4213, #847, #2474, #1642, #2983, #3383, #3412, #3354, #5112, #737, #1271, #2558, #817, #5085, #5059, #2955, #2116, #2901, #4663, #1215, #2530, #789, #4242, #1160, #4270, #5486, #2030, #3831, #395, #4186, #4583, #3800, #2145, #5544, #2448, #11, #2501, #1698, #366, #2877, #2086, #3859, #4161, #313, #1617, #338, #2058, #2173, #1844, #63, #3465, #568, #3013, #1299, #1329, #4387, #993, #4775, #2711, #480, #2227, #4837, #3491, #4717, #4748, #4329, #3130, #874, #2288, #538, #5137, #2680, #3519, #3552, #2590, #2648, #37, #2201, #4357, #4417, #5164, #1754, #1782, #3041, #3997, #1422, #508, #4301, #1811, #454, #901, #5194, #2621, #3910, #2257, #1358, #1725, #3886, #3070 ),
 .UNSPECIFIED., .F., .T. ) 
 B_SPLINE_CURVE_WITH_KNOTS ( ( 3, 2, 2, 2, 2, 2, 2, 2, 2, 2, 2, 2, 2, 2, 2, 2, 2, 2, 2, 2, 2, 2, 2, 2, 2, 2, 2, 2, 2, 2, 2, 2, 2, 2, 2, 2, 2, 2, 2, 2, 2, 2, 2, 2, 2, 2, 2, 2, 2, 2, 2, 2, 2, 2, 2, 3 ),
 ( 0.0000000000000000000, 0.01742147588132889058, 0.03484295176265778116, 0.05226442764398667173, 0.06968590352531556231, 0.08710737940664443901, 0.1045288552879733435, 0.1219503311693022340, 0.1393718070506311246, 0.1567932829319599874, 0.1742147588132888780, 0.1916362346946177964, 0.2090577105759466869, 0.2264791864572755775, 0.2439006623386044681, 0.2613221382199333309, 0.2787436141012622492, 0.2961650899825911121, 0.3135865658639199749, 0.3310080417452488932, 0.3484295176265777561, 0.3658509935079066744, 0.3832724693892355927, 0.4006939452705644555, 0.4181154211518933739, 0.4355368970332222922, 0.4529583729145511550, 0.4703798487958800179, 0.4878013246772089362, 0.5052228005585378545, 0.5226442764398666618, 0.5400657523211955802, 0.5574872282025244985, 0.5749087040838533058, 0.5923301799651822241, 0.6097516558465111425, 0.6271731317278399498, 0.6445946076091689791, 0.6620160834904977865, 0.6794375593718267048, 0.6968590352531555121, 0.7142805111344844304, 0.7317019870158133488, 0.7491234628971423781, 0.7665449387784711854, 0.7839664146598001038, 0.8013878905411289111, 0.8188093664224577184, 0.8362308423037867477, 0.8536523181851155551, 0.8710737940664445844, 0.8884952699477733917, 0.9059167458291023101, 0.9233382217104311174, 0.9407596975917600357, 0.9552366962577011344 ),
 .UNSPECIFIED. ) 
 CURVE ( )  GEOMETRIC_REPRESENTATION_ITEM ( )  RATIONAL_B_SPLINE_CURVE ( ( 1.000000000000000000, 0.9749279121818236193, 1.000000000000000000, 0.9749279121818236193, 1.000000000000000000, 0.9749279121818236193, 1.000000000000000000, 0.9749279121818236193, 1.000000000000000000, 0.9749279121818236193, 1.000000000000000000, 0.9749279121818236193, 1.000000000000000000, 0.9749279121818236193, 1.000000000000000000, 0.9749279121818236193, 1.000000000000000000, 0.9749279121818236193, 1.000000000000000000, 0.9749279121818236193, 1.000000000000000000, 0.9749279121818236193, 1.000000000000000000, 0.9749279121818236193, 1.000000000000000000, 0.9749279121818236193, 1.000000000000000000, 0.9749279121818236193, 1.000000000000000000, 0.9749279121818236193, 1.000000000000000000, 0.9749279121818236193, 1.000000000000000000, 0.9749279121818236193, 1.000000000000000000, 0.9749279121818236193, 1.000000000000000000, 0.9749279121818236193, 1.000000000000000000, 0.9749279121818236193, 1.000000000000000000, 0.9749279121818236193, 1.000000000000000000, 0.9749279121818236193, 1.000000000000000000, 0.9749279121818236193, 1.000000000000000000, 0.9749279121818236193, 1.000000000000000000, 0.9749279121818236193, 1.000000000000000000, 0.9749279121818236193, 1.000000000000000000, 0.9749279121818236193, 1.000000000000000000, 0.9749279121818236193, 1.000000000000000000, 0.9749279121818236193, 1.000000000000000000, 0.9749279121818236193, 1.000000000000000000, 0.9749279121818236193, 1.000000000000000000, 0.9749279121818236193, 1.000000000000000000, 0.9749279121818236193, 1.000000000000000000, 0.9749279121818236193, 1.000000000000000000, 0.9749279121818236193, 1.000000000000000000, 0.9749279121818236193, 1.000000000000000000, 0.9749279121818236193, 1.000000000000000000, 0.9749279121818236193, 1.000000000000000000, 0.9749279121818236193, 1.000000000000000000, 0.9749279121818236193, 1.000000000000000000, 0.9749279121818236193, 1.000000000000000000, 0.9749279121818236193, 1.000000000000000000, 0.9749279121818236193, 1.000000000000000000, 0.9749279121818236193, 1.000000000000000000, 0.9749279121818236193, 1.000000000000000000, 0.9749279121818236193, 1.000000000000000000, 0.9749279121818236193, 1.000000000000000000, 0.9749279121818236193, 1.000000000000000000, 0.9749279121818236193, 1.000000000000000000, 0.9749279121818236193, 1.000000000000000000, 0.9749279121818236193, 1.000000000000000000, 0.9749279121818236193, 1.000000000000000000, 0.9749279121818236193, 1.000000000000000000, 0.9749279121818236193, 1.000000000000000000, 0.9791654516317356283, 0.9929573299781109252 ) ) 
 REPRESENTATION_ITEM ( '' )  );
#3937 = CARTESIAN_POINT ( 'NONE',  ( -0.5349967491328098124, -0.7199999999992151567, 4.770262338753787171E-07 ) ) ;
#3938 = CARTESIAN_POINT ( 'NONE',  ( 0.5349999999999996980, -0.7199999999999997513, -3.673940397442057649E-17 ) ) ;
#3939 = CARTESIAN_POINT ( 'NONE',  ( -1.085714285714285632, -0.8199999999999997291, -0.09129738975605987406 ) ) ;
#3940 = CARTESIAN_POINT ( 'NONE',  ( 0.4535714285714283478, -0.7803875471609672543, -0.1735534956470232149 ) ) ;
#3941 = CARTESIAN_POINT ( 'NONE',  ( -0.7146177855411715019, -0.5720031418682191005, -0.2587223944728028191 ) ) ;
#3942 = CARTESIAN_POINT ( 'NONE',  ( 0.4357142857142854431, -0.8199999999999997291, 0.09129738975605987406 ) ) ;
#3943 = CARTESIAN_POINT ( 'NONE',  ( -0.9649970539399207459, -0.7199999999993593747, 4.371039126606298140E-07 ) ) ;
#3944 = CARTESIAN_POINT ( 'NONE',  ( -0.1678571428571428159, -0.6693959207434931891, -0.3127325929872117327 ) ) ;
#3945 = CARTESIAN_POINT ( 'NONE',  ( -0.6742857142857140440, -0.1200000000000000788, -0.06847304231704502697 ) ) ;
#3946 = CARTESIAN_POINT ( 'NONE',  ( 0.04052367518582870864, -0.2410991376684862852, 0.2408329245899392124 ) ) ;
#3947 = CARTESIAN_POINT ( 'NONE',  ( 3.499999999999999112, -0.7199999999999994182, 3.673940397442057649E-17 ) ) ;
#3948 = CARTESIAN_POINT ( 'NONE',  ( -0.8547366746697896422, -0.2178747042182458682, 0.2217218358758378249 ) ) ;
#3949 = CARTESIAN_POINT ( 'NONE',  ( -0.6635714285714284788, -0.1497093396292742684, -0.1301651217352674250 ) ) ;
#3950 = CARTESIAN_POINT ( 'NONE',  ( -0.1107142857142857095, -0.5090083735825254863, 0.3899711648727292590 ) ) ;
#3951 = CARTESIAN_POINT ( 'NONE',  ( 1.500000000000000444, -0.1699999999999995959, 0.0000000000000000000 ) ) ;
#3952 = ORIENTED_EDGE ( 'NONE', *, *, #3241, .F. ) ;
#3953 = CARTESIAN_POINT ( 'NONE',  ( -0.1510316288644977245, -0.3513050333657853908, -0.2920545738084823206 ) ) ;
#3954 = CARTESIAN_POINT ( 'NONE',  ( -0.02857142857142856360, -0.2419832528349483425, 0.3696555844364371457 ) ) ;
#3955 = CARTESIAN_POINT ( 'NONE',  ( -0.2837208332318852388, -0.3808583833042953892, 0.2974759711761446046 ) ) ;
#3956 = CARTESIAN_POINT ( 'NONE',  ( -1.144983001225090780, -0.1772962436289773347, 0.1763374226962907132 ) ) ;
#3957 = CARTESIAN_POINT ( 'NONE',  ( 1.132142857142856451, -0.1706040792565065856, 0.3127325929872118437 ) ) ;
#3958 = CARTESIAN_POINT ( 'NONE',  ( -0.4218112381903699748, -0.5316825270703722239, -0.2784395919677345455 ) ) ;
#3959 = CARTESIAN_POINT ( 'NONE',  ( -0.1837477509176940194, -0.1819250489251411917, -0.1828010587333675496 ) ) ;
#3960 = CARTESIAN_POINT ( 'NONE',  ( 0.9314285714285710505, -0.2864874396262113709, 0.2772416883273278732 ) ) ;
#3961 = CARTESIAN_POINT ( 'NONE',  ( 0.4892857142857139907, -0.5090083735825255973, 0.3899711648727292590 ) ) ;
#3962 = CARTESIAN_POINT ( 'NONE',  ( -0.6595977157166470484, -0.7182051063143536362, 0.03409335412502892404 ) ) ;
#3963 = CARTESIAN_POINT ( 'NONE',  ( -1.499999999999999778, -0.1700000000000004008, 0.0000000000000000000 ) ) ;
#3964 = CARTESIAN_POINT ( 'NONE',  ( 0.4571428571428569620, -0.7407750943219351125, 0.2558096015379863197 ) ) ;
#3965 = CARTESIAN_POINT ( 'NONE',  ( -3.500000000000000000, -0.4200000000000004285, -0.1999999999999978462 ) ) ;
#3966 = DIRECTION ( 'NONE',  ( -1.000000000000000000, -1.268357997058408169E-16, 0.0000000000000000000 ) ) ;
#3967 = CARTESIAN_POINT ( 'NONE',  ( -0.6249999999999998890, -0.01999999999999999001, 0.0000000000000000000 ) ) ;
#3968 = CARTESIAN_POINT ( 'NONE',  ( -0.8499999999999997558, -0.4199999999999999845, -0.4102867453090214278 ) ) ;
#3969 = CARTESIAN_POINT ( 'NONE',  ( 1.149999999999999245, -0.4200000000000000400, 0.4102867453090213723 ) ) ;
#3970 = CARTESIAN_POINT ( 'NONE',  ( -0.7076292595345727854, -0.6081831478967507643, -0.2336394967942455603 ) ) ;
#3971 = CARTESIAN_POINT ( 'NONE',  ( 0.3178571428571426716, -0.1706040792565065023, -0.3127325929872117327 ) ) ;
#3972 = CARTESIAN_POINT ( 'NONE',  ( -0.04999999999999996808, -0.4199999999999999289, 0.4102867453090214278 ) ) ;
#3973 = CARTESIAN_POINT ( 'NONE',  ( -0.8349999999999999645, -0.7199999999999997513, 3.673940397442057649E-17 ) ) ;
#3974 = CIRCLE ( 'NONE', #4065, 0.1999999999999978739 ) ;
#3975 = CARTESIAN_POINT ( 'NONE',  ( 0.02871483399469993564, -0.3052755053322678269, 0.2771972383247164329 ) ) ;
#3976 = LINE ( 'NONE', #1005, #289 ) ;
#3977 = CARTESIAN_POINT ( 'NONE',  ( -0.8374441963472146755, -0.1525813574391058913, 0.1359685281558511982 ) ) ;
#3978 = CARTESIAN_POINT ( 'NONE',  ( -0.6099999999999998757, -0.4200000000000000400, -0.3077150589817659876 ) ) ;
#3979 = EDGE_CURVE ( 'NONE', #3560, #4945, #4251, .T. ) ;
#3980 = CARTESIAN_POINT ( 'NONE',  ( -0.03571428571428571924, -0.01999999999999999695, 0.09129738975605992957 ) ) ;
#3981 = PRODUCT_DEFINITION_SHAPE ( 'NONE', 'NONE',  #1044 ) ;
#3982 = LINE ( 'NONE', #5304, #1325 ) ;
#3983 = VERTEX_POINT ( 'NONE', #3420 ) ;
#3984 = CARTESIAN_POINT ( 'NONE',  ( -0.2107142857142856596, -0.3309916264174742051, -0.3899711648727292590 ) ) ;
#3985 = CARTESIAN_POINT ( 'NONE',  ( -0.3177955203839801235, -0.5847671761280370806, 0.2507126583505083772 ) ) ;
#3986 = DIRECTION ( 'NONE',  ( 1.000000000000000000, 1.268357997058408169E-16, -0.0000000000000000000 ) ) ;
#3987 = CARTESIAN_POINT ( 'NONE',  ( 0.6928571428571425050, -0.7407750943219348905, -0.2558096015379864308 ) ) ;
#3988 = CARTESIAN_POINT ( 'NONE',  ( -0.4009670107284742380, -0.6390781169409940343, -0.2051844048562633527 ) ) ;
#3989 = CARTESIAN_POINT ( 'NONE',  ( -0.1954459144580290575, -0.1447085344683428088, -0.1193270159078231585 ) ) ;
#3990 = EDGE_CURVE ( 'NONE', #3560, #5330, #4157, .T. ) ;
#3991 = EDGE_CURVE ( 'NONE', #3202, #226, #4745, .T. ) ;
#3992 = CARTESIAN_POINT ( 'NONE',  ( 1.413571428571428035, -0.6902906603707253952, -0.1301651217352673973 ) ) ;
#3993 = CARTESIAN_POINT ( 'NONE',  ( 0.5857142857142852987, -0.01999999999999999348, -0.09129738975605992957 ) ) ;
#3994 = CARTESIAN_POINT ( 'NONE',  ( -0.6384330078002566911, -0.6746764553597467406, 0.1586749603630782102 ) ) ;
#3995 = CARTESIAN_POINT ( 'NONE',  ( -0.3931545486039235149, -0.6692376446352691355, -0.1669749987337007524 ) ) ;
#3996 = CARTESIAN_POINT ( 'NONE',  ( 0.4999999999999996669, -0.4199999999999999845, 0.4102867453090214278 ) ) ;
#3997 = CARTESIAN_POINT ( 'NONE',  ( -1.003571428571428337, -0.7803875471609672543, 0.1735534956470232149 ) ) ;
#3998 = ADVANCED_FACE ( 'NONE', ( #4014 ), #4769, .T. ) ;
#3999 = CARTESIAN_POINT ( 'NONE',  ( -0.9035714285714283589, -0.05961245283903235381, -0.1735534956470232704 ) ) ;
#4000 = CARTESIAN_POINT ( 'NONE',  ( -0.6650004588724299781, -0.7199999999999844302, -6.820146811721343172E-08 ) ) ;
#4001 = CARTESIAN_POINT ( 'NONE',  ( -0.6892862623132656186, -0.6819303218150366552, -0.1462747827135911505 ) ) ;
#4002 = CARTESIAN_POINT ( 'NONE',  ( 0.5642857142857139463, -0.02000000000000005940, 0.09129738975606004059 ) ) ;
#4003 = CARTESIAN_POINT ( 'NONE',  ( -0.4678571428571427493, -0.6693959207434931891, -0.3127325929872117327 ) ) ;
#4004 = CARTESIAN_POINT ( 'NONE',  ( -1.156428571428571139, -0.6902906603707253952, -0.1301651217352673140 ) ) ;
#4005 = CARTESIAN_POINT ( 'NONE',  ( 0.01916647404865324394, -0.3628872322511485504, 0.2945139077061263433 ) ) ;
#4006 = PLANE ( 'NONE',  #4967 ) ;
#4007 = CARTESIAN_POINT ( 'NONE',  ( -0.5349999999999999201, -0.7199999999999997513, 3.673940397442057649E-17 ) ) ;
#4008 = ORIENTED_EDGE ( 'NONE', *, *, #2059, .F. ) ;
#4009 = VECTOR ( 'NONE', #4459, 39.37007874015748143 ) ;
#4010 = LINE ( 'NONE', #3504, #2418 ) ;
#4011 = DIRECTION ( 'NONE',  ( 0.0000000000000000000, 1.000000000000000000, 0.0000000000000000000 ) ) ;
#4012 = EDGE_LOOP ( 'NONE', ( #698, #579, #4651, #1288 ) ) ;
#4013 = CARTESIAN_POINT ( 'NONE',  ( -0.3389906442483229809, -0.6764733783050648208, 0.1556624994956081198 ) ) ;
#4014 = FACE_OUTER_BOUND ( 'NONE', #805, .T. ) ;
#4015 = CARTESIAN_POINT ( 'NONE',  ( 1.067857142857142172, -0.6693959207434931891, 0.3127325929872117327 ) ) ;
#4016 = CARTESIAN_POINT ( 'NONE',  ( -0.4119376063692673506, -0.5861635797379615154, -0.2497793208944323329 ) ) ;
#4017 = CARTESIAN_POINT ( 'NONE',  ( -0.1717815305631462675, -0.2347117041259871306, -0.2360262203715347562 ) ) ;
#4018 = CARTESIAN_POINT ( 'NONE',  ( 1.434999999999999387, -0.7199999999999997513, -3.673940397442057649E-17 ) ) ;
#4019 = CARTESIAN_POINT ( 'NONE',  ( 0.7785714285714280258, -0.5980167471650512656, 0.3696555844364370902 ) ) ;
#4020 = CARTESIAN_POINT ( 'NONE',  ( -0.6392140750551060790, -0.6771985565300094878, 0.1544739052851940853 ) ) ;
#4021 = CARTESIAN_POINT ( 'NONE',  ( -1.149999999999999689, -0.4200000000000000955, 0.0000000000000000000 ) ) ;
#4022 = CARTESIAN_POINT ( 'NONE',  ( 0.2964285714285712081, -0.05961245283903229136, -0.1735534956470231871 ) ) ;
#4023 = CARTESIAN_POINT ( 'NONE',  ( 0.2024944994669656828, -0.1278081951459213439, 0.07852435848675649865 ) ) ;
#4024 = CARTESIAN_POINT ( 'NONE',  ( -0.6892857142857142794, -0.3309916264174740386, 0.3899711648727292590 ) ) ;
#4025 = AXIS2_PLACEMENT_3D ( 'NONE', #4196, #435, #5470 ) ;
#4026 = CARTESIAN_POINT ( 'NONE',  ( -1.134992414642794767, -0.7199999999957276131, 1.113063374356687797E-06 ) ) ;
#4027 = CARTESIAN_POINT ( 'NONE',  ( -0.6907048021016184425, -0.6774521899072868392, -0.1540275907282258328 ) ) ;
#4028 = CARTESIAN_POINT ( 'NONE',  ( 1.335714285714284966, -0.8199999999999997291, 0.09129738975605987406 ) ) ;
#4029 = CARTESIAN_POINT ( 'NONE',  ( -0.5321428571428570287, -0.1706040792565065856, -0.3127325929872118437 ) ) ;
#4030 = CARTESIAN_POINT ( 'NONE',  ( 0.5587376835889590332, -0.2356359965466990058, -0.2399000623807973076 ) ) ;
#4031 = CARTESIAN_POINT ( 'NONE',  ( 0.9149808677108259847, -0.5710857154256000490, -0.2621359042442923393 ) ) ;
#4032 = CARTESIAN_POINT ( 'NONE',  ( 0.03808914999330784146, -0.2536963019233857142, 0.2496860568192878771 ) ) ;
#4033 = CARTESIAN_POINT ( 'NONE',  ( -0.8892154484240906154, -0.4150503338489694993, 0.2999994055130329462 ) ) ;
#4034 = CARTESIAN_POINT ( 'NONE',  ( 0.4321428571428569398, -0.6693959207434930780, -0.3127325929872118437 ) ) ;
#4035 = DIRECTION ( 'NONE',  ( 1.000000000000000000, 1.268357997058408169E-16, -0.0000000000000000000 ) ) ;
#4036 = DIRECTION ( 'NONE',  ( 1.000000000000000000, 1.268357997058408169E-16, -0.0000000000000000000 ) ) ;
#4037 = CARTESIAN_POINT ( 'NONE',  ( 3.499999999999999112, -0.4199999999999995404, 0.0000000000000000000 ) ) ;
#4038 = ORIENTED_EDGE ( 'NONE', *, *, #3991, .F. ) ;
#4039 = CARTESIAN_POINT ( 'NONE',  ( -0.3466137793843916959, -0.6981061536089860908, 0.1125071938231894803 ) ) ;
#4040 = CARTESIAN_POINT ( 'NONE',  ( 1.145714285709165337, -0.7200000000141951739, 0.06847304228756748157 ) ) ;
#4041 = CARTESIAN_POINT ( 'NONE',  ( 1.035714285714285143, -0.8199999999999997291, 0.09129738975605987406 ) ) ;
#4042 = CARTESIAN_POINT ( 'NONE',  ( -0.4306373446415783235, -0.4783348347243447374, -0.2942738244123146441 ) ) ;
#4043 = CARTESIAN_POINT ( 'NONE',  ( -0.1929228876449649577, -0.1514950896729318486, -0.1338497560760556759 ) ) ;
#4044 = ORIENTED_EDGE ( 'NONE', *, *, #4397, .F. ) ;
#4045 = CARTESIAN_POINT ( 'NONE',  ( 1.252857142857142447, -0.1794186792585485968, 0.1918572011534898647 ) ) ;
#4046 = CARTESIAN_POINT ( 'NONE',  ( 0.5428571428571425939, -0.09922490567806474537, 0.2558096015379864863 ) ) ;
#4047 = CARTESIAN_POINT ( 'NONE',  ( 0.3849999519321564145, -0.1200000000001573697, 3.071926460365102464E-07 ) ) ;
#4048 = CARTESIAN_POINT ( 'NONE',  ( -1.061772237387187401, -0.2876741146000888483, -0.2698189788525817701 ) ) ;
#4049 = CARTESIAN_POINT ( 'NONE',  ( 0.3528571428571427582, -0.1794186792585485968, 0.1918572011534898369 ) ) ;
#4050 = CARTESIAN_POINT ( 'NONE',  ( 0.5642857142857139463, -0.02000000000000005940, 0.09129738975606004059 ) ) ;
#4051 = DIRECTION ( 'NONE',  ( 1.000000000000000000, 1.268357997058408169E-16, -0.0000000000000000000 ) ) ;
#4052 = EDGE_CURVE ( 'NONE', #330, #4346, #5229, .T. ) ;
#4053 = CARTESIAN_POINT ( 'NONE',  ( -0.5071428571428571175, -0.7407750943219351125, -0.2558096015379863197 ) ) ;
#4054 = CARTESIAN_POINT ( 'NONE',  ( -0.2671428571428571264, -0.6605813207414512611, -0.1918572011534897537 ) ) ;
#4055 = CARTESIAN_POINT ( 'NONE',  ( -0.7065677643258716500, -0.6134260316504401844, -0.2293617832339646945 ) ) ;
#4056 = CARTESIAN_POINT ( 'NONE',  ( 0.9821428571428566512, -0.6693959207434930780, -0.3127325929872118437 ) ) ;
#4057 = CARTESIAN_POINT ( 'NONE',  ( -0.4571428571428570731, -0.7407750943219351125, -0.2558096015379863197 ) ) ;
#4058 = ADVANCED_FACE ( 'NONE', ( #3542 ), #4828, .T. ) ;
#4059 = CARTESIAN_POINT ( 'NONE',  ( 0.6337362486672584172, -0.6599000635046452512, -0.1843640019909155714 ) ) ;
#4060 = LENGTH_MEASURE_WITH_UNIT ( LENGTH_MEASURE( 0.02539999999999999897 ), #633 );
#4061 = CARTESIAN_POINT ( 'NONE',  ( 0.05622782958769197842, -0.1729145586600717710, 0.1701512086200191454 ) ) ;
#4062 = CARTESIAN_POINT ( 'NONE',  ( -0.8856326635595858088, -0.3927855455425617315, 0.2987692096029532229 ) ) ;
#4063 = CARTESIAN_POINT ( 'NONE',  ( 0.3892857142857140684, -0.3309916264174740386, -0.3899711648727292590 ) ) ;
#4064 = CARTESIAN_POINT ( 'NONE',  ( -0.3357142857142841330, -0.01999999999999999348, 0.09129738975605992957 ) ) ;
#4065 = AXIS2_PLACEMENT_3D ( 'NONE', #2195, #475, #5216 ) ;
#4066 = ORIENTED_EDGE ( 'NONE', *, *, #207, .T. ) ;
#4067 = CARTESIAN_POINT ( 'NONE',  ( -0.3288567170506170312, -0.6381831104718806991, 0.2059286558522799293 ) ) ;
#4068 = CARTESIAN_POINT ( 'NONE',  ( 1.199285714285713622, -0.4867562801868941524, 0.2924783736545468749 ) ) ;
#4069 = CARTESIAN_POINT ( 'NONE',  ( 0.6821428571428566068, -0.6693959207434930780, -0.3127325929872118437 ) ) ;
#4070 = CARTESIAN_POINT ( 'NONE',  ( -0.4668407864641060390, -0.2601778339851932298, -0.2540725606493621780 ) ) ;
#4071 = CARTESIAN_POINT ( 'NONE',  ( -0.1730243004341998903, -0.2285878242963604312, -0.2310062489913896067 ) ) ;
#4072 = EDGE_LOOP ( 'NONE', ( #2101, #2407 ) ) ;
#4073 = CARTESIAN_POINT ( 'NONE',  ( 0.5178571428571425717, -0.6693959207434931891, 0.3127325929872117327 ) ) ;
#4074 = CARTESIAN_POINT ( 'NONE',  ( 0.8857142857142853432, -0.01999999999999999348, -0.09129738975605992957 ) ) ;
#4075 = CARTESIAN_POINT ( 'NONE',  ( 2.139210906741434659, -0.1706869676239782807, -0.02132518539461680102 ) ) ;
#4076 = CARTESIAN_POINT ( 'NONE',  ( -1.048426728166050870, -0.3675130242433599648, -0.2953752826782113372 ) ) ;
#4077 = CARTESIAN_POINT ( 'NONE',  ( -0.9834929460177408433, -0.6978616291790729065, -0.1131327969409698098 ) ) ;
#4078 = CARTESIAN_POINT ( 'NONE',  ( 0.4357142857142854431, -0.8199999999999997291, 0.09129738975605987406 ) ) ;
#4079 = DIRECTION ( 'NONE',  ( 0.0000000000000000000, 1.000000000000000000, 0.0000000000000000000 ) ) ;
#4080 = AXIS2_PLACEMENT_3D ( 'NONE', #603, #2498, #1186 ) ;
#4081 = CARTESIAN_POINT ( 'NONE',  ( -0.5714285714285715079, -0.2419832528349484257, -0.3696555844364372012 ) ) ;
#4082 = CARTESIAN_POINT ( 'NONE',  ( -1.142419695395616275, -0.7199999999999997513, -0.04741791756833929616 ) ) ;
#4083 = CARTESIAN_POINT ( 'NONE',  ( -0.7512585719432581799, -0.3498610505276585902, -0.2916870129508045140 ) ) ;
#4084 = CARTESIAN_POINT ( 'NONE',  ( 1.089285714285713746, -0.5090083735825255973, 0.3899711648727292590 ) ) ;
#4085 = CARTESIAN_POINT ( 'NONE',  ( -1.003571428571428337, -0.7803875471609672543, 0.1735534956470232149 ) ) ;
#4086 = CARTESIAN_POINT ( 'NONE',  ( 0.8649818243253086791, -0.2689143261225913628, -0.2621359281911726513 ) ) ;
#4087 = CARTESIAN_POINT ( 'NONE',  ( -0.9928571428571428825, -0.7407750943219348905, 0.2558096015379864308 ) ) ;
#4088 = CARTESIAN_POINT ( 'NONE',  ( 0.001633834644334205156, -0.4721261888810051599, 0.2955097044878872703 ) ) ;
#4089 = CARTESIAN_POINT ( 'NONE',  ( -0.8759578029800517696, -0.3328396601171222380, 0.2870593601710669240 ) ) ;
#4090 = CARTESIAN_POINT ( 'NONE',  ( 0.2714285714285712969, -0.2419832528349484257, 0.3696555844364372012 ) ) ;
#4091 = DIRECTION ( 'NONE',  ( 0.0000000000000000000, 1.000000000000000000, 0.0000000000000000000 ) ) ;
#4092 = CIRCLE ( 'NONE', #1129, 0.2500000000000001110 ) ;
#4093 = ORIENTED_EDGE ( 'NONE', *, *, #5208, .T. ) ;
#4094 = ORIENTED_EDGE ( 'NONE', *, *, #5430, .F. ) ;
#4095 = EDGE_CURVE ( 'NONE', #1745, #3174, #3974, .T. ) ;
#4096 = CARTESIAN_POINT ( 'NONE',  ( 0.08499999999999999223, -0.1200000000000000233, 0.0000000000000000000 ) ) ;
#4097 = CARTESIAN_POINT ( 'NONE',  ( 0.3035714285714284366, -0.05961245283903235381, 0.1735534956470232704 ) ) ;
#4098 = CARTESIAN_POINT ( 'NONE',  ( 0.5149999999999996803, -0.1200000000000000233, 0.0000000000000000000 ) ) ;
#4099 = CARTESIAN_POINT ( 'NONE',  ( -0.4588368372873946055, -0.3045724105153146399, -0.2769052000640708222 ) ) ;
#4100 = CARTESIAN_POINT ( 'NONE',  ( -0.7278571428571426472, -0.2329530594423798728, 0.2345494447404087857 ) ) ;
#4101 = CARTESIAN_POINT ( 'NONE',  ( 0.2499999999999998612, -0.4199999999999999845, 0.4102867453090214278 ) ) ;
#4102 = CARTESIAN_POINT ( 'NONE',  ( 0.9285714285714280480, -0.2419832528349483425, -0.3696555844364371457 ) ) ;
#4103 = CARTESIAN_POINT ( 'NONE',  ( -0.6648270998829256540, -0.7199984633058723604, 0.001106721746411162659 ) ) ;
#4104 = CARTESIAN_POINT ( 'NONE',  ( -1.051306424519690585, -0.3495215246797412356, -0.2916757673616582891 ) ) ;
#4105 = CARTESIAN_POINT ( 'NONE',  ( -0.9775152654038633537, -0.7099452707838055376, -0.07764384003623638064 ) ) ;
#4106 = ORIENTED_EDGE ( 'NONE', *, *, #3923, .F. ) ;
#4107 = CARTESIAN_POINT ( 'NONE',  ( 1.210000000000000631, -0.3454230549357017455, 0.3105310915883320311 ) ) ;
#4108 = CARTESIAN_POINT ( 'NONE',  ( -0.4278571428571427693, -0.2329530594423798728, 0.2345494447404087857 ) ) ;
#4109 = CARTESIAN_POINT ( 'NONE',  ( -0.7605967980744589019, -0.2945233518381010773, -0.2724992732213388780 ) ) ;
#4110 = CARTESIAN_POINT ( 'NONE',  ( 0.8214285714285708417, -0.2419832528349484257, 0.3696555844364372012 ) ) ;
#4111 = CARTESIAN_POINT ( 'NONE',  ( -1.121428571428571441, -0.2419832528349484257, -0.3696555844364372012 ) ) ;
#4112 = DESIGN_CONTEXT ( 'detailed design', #4485, 'design' ) ;
#4113 = B_SPLINE_CURVE_WITH_KNOTS ( 'NONE', 3,
 ( #1006, #76, #102, #4429, #1824, #2186, #2212, #4876, #1766, #49, #945, #3083, #914, #4342, #134, #1858, #550, #521, #2239, #3477, #3502, #2721, #4400, #577, #5274, #2298, #2663, #2270, #3593, #160, #5179, #3113, #492, #3977, #5300, #1464, #4370, #2746, #3171, #3921, #467, #3898, #1342, #3055, #4761, #1794, #5206, #1369, #3948, #3533, #293, #3646, #2378, #1598, #5357, #2013, #718, #4562, #2404, #2773, #3227, #1060, #4954, #5412, #2325, #4902, #215, #4481, #2801, #4089, #1522, #4984, #1571, #635, #3198, #4930, #695, #3618, #3281, #3699, #5384, #1939, #2351, #1110, #2829, #4062, #1139, #2854, #4117, #4033, #2429, #1547, #4142, #186, #3723, #1086, #5439, #4509, #242, #3308, #666, #1492, #5012, #3254, #1964, #3674, #1166, #4537, #268, #4454, #1910, #1988, #605, #5327, #1221, #2509, #3778, #3418, #3837, #2907, #1622, #4193, #4616, #4220, #5091, #17, #4277, #345, #3334, #2065, #2480, #2536, #5493, #1648, #2564, #319, #4697, #431, #743, #2882, #4642, #1277, #4249, #1251, #5039, #401, #2962, #2123, #2990, #2151, #823, #2092, #4669, #853, #1194, #2453, #3389, #4166, #5550, #1732, #1704, #3865, #3360, #372, #3445, #5118, #3745, #2039, #5464, #5143, #4588, #768, #5065, #3806, #2934, #5522, #796, #1677, #4363, #4723, #3019, #1760, #880, #1335, #3048, #513, #4755, #3075, #2596, #907, #4308 ),
 .UNSPECIFIED., .F., .F.,
 ( 4, 2, 1, 1, 1, 1, 2, 2, 2, 2, 2, 2, 2, 1, 1, 1, 2, 2, 2, 2, 2, 1, 2, 2, 2, 2, 2, 2, 2, 2, 2, 2, 2, 2, 1, 1, 2, 2, 2, 2, 2, 1, 1, 1, 1, 1, 2, 2, 1, 2, 2, 2, 1, 2, 2, 2, 1, 2, 2, 2, 2, 1, 1, 1, 2, 2, 2, 2, 1, 1, 2, 2, 2, 1, 2, 2, 2, 2, 1, 1, 2, 2, 1, 1, 2, 2, 1, 1, 1, 2, 2, 2, 2, 2, 2, 2, 2, 2, 1, 2, 2, 1, 2, 2, 1, 2, 2, 2, 2, 1, 2, 2, 4 ),
 ( 0.7316994639043172821, 0.7319376638144502456, 0.7321758637245832091, 0.7326522635448492471, 0.7336050631853812121, 0.7340814630056471390, 0.7343196629157801025, 0.7345578628259131770, 0.7355106624664451420, 0.7393218610285728909, 0.7412274603096368208, 0.7421802599501687858, 0.7422398099277019989, 0.7422993599052353231, 0.7424184598603017493, 0.7426566597704348238, 0.7431330595907008618, 0.7469442581528290548, 0.7488498574338932068, 0.7498026570744252828, 0.7500408569845583573, 0.7502790568946913208, 0.7507554567149573588, 0.7545666552770857738, 0.7564722545581499258, 0.7574250541986820018, 0.7583778538392140778, 0.7621890524013424928, 0.7640946516824066448, 0.7650474513229388318, 0.7655238511432048698, 0.7660002509634709078, 0.7698114495255993228, 0.7717170488066635858, 0.7726698484471956618, 0.7731462482674616998, 0.7733844481775947743, 0.7736226480877277378, 0.7774338466498560418, 0.7812450452119843458, 0.7813045951895176700, 0.7813641451670509941, 0.7814832451221175313, 0.7817214450322506059, 0.7821978448525167549, 0.7831506444930491639, 0.7850562437741138710, 0.7855326435943801311, 0.7860090434146462801, 0.7869618430551785782, 0.7888674423362433963, 0.7898202419767758053, 0.7907730416173081034, 0.7926786408983729215, 0.7964898394605023357, 0.7969662392807684848, 0.7974426391010346338, 0.7983954387415669318, 0.8003010380226316389, 0.8007774378428977879, 0.8008369878204311121, 0.8008965377979644362, 0.8010156377530309735, 0.8012538376631641590, 0.8022066373036970122, 0.8041122365847626074, 0.8045886364050289785, 0.8047077363600956268, 0.8048268363151621640, 0.8050650362252954606, 0.8060178358658282027, 0.8079234351468937980, 0.8117346337090249886, 0.8122110335292913597, 0.8124492334394245452, 0.8126874333495577307, 0.8136402329900905839, 0.8155458322711561792, 0.8160222320914225502, 0.8162604320015557358, 0.8163795319566222730, 0.8164986319116889213, 0.8174514315522213304, 0.8193570308332862595, 0.8203098304738187796, 0.8203693804513521037, 0.8204289304288853169, 0.8205480303839517431, 0.8207862302940847066, 0.8212626301143505225, 0.8231682293954140084, 0.8269794279575408691, 0.8279322275980725010, 0.8288850272386042439, 0.8307906265196677298, 0.8346018250817947015, 0.8355546247223264444, 0.8360310245425923714, 0.8365074243628581874, 0.8384130236439217843, 0.8422242222060489780, 0.8431770218465807210, 0.8436534216668466479, 0.8437725216219130742, 0.8438916215769796114, 0.8441298214871124639, 0.8460354207681760608, 0.8498466193303032545, 0.8507994189708349975, 0.8512758187911009244, 0.8515140187012338879, 0.8517522186113668514, 0.8536578178924304483 ),
 .UNSPECIFIED. ) ;
#4114 = CARTESIAN_POINT ( 'NONE',  ( -0.5901724269207623275, -0.4210908492741418097, 0.3000683257686627692 ) ) ;
#4115 = CARTESIAN_POINT ( 'NONE',  ( -0.03571428571428571924, -0.01999999999999999695, 0.09129738975605992957 ) ) ;
#4116 = CARTESIAN_POINT ( 'NONE',  ( -0.003822029751169174830, -0.5057713496817990428, 0.2875191180559686366 ) ) ;
#4117 = CARTESIAN_POINT ( 'NONE',  ( -0.8880330145655287444, -0.4076801032663783242, 0.2998174118597499160 ) ) ;
#4118 = CARTESIAN_POINT ( 'NONE',  ( 0.3464285714285712525, -0.05961245283903229136, -0.1735534956470231871 ) ) ;
#4119 = ADVANCED_FACE ( 'NONE', ( #5281 ), #1833, .T. ) ;
#4120 = VECTOR ( 'NONE', #1102, 39.37007874015748143 ) ;
#4121 = CARTESIAN_POINT ( 'NONE',  ( -0.3371423148359350974, -0.6702657688548071535, 0.1654309457419057272 ) ) ;
#4122 = CARTESIAN_POINT ( 'NONE',  ( -0.8069821198800860573, -0.1242413323412343146, -0.05027276649730266084 ) ) ;
#4123 = CARTESIAN_POINT ( 'NONE',  ( -0.08499999999999997835, -0.1200000000000000233, 0.0000000000000000000 ) ) ;
#4124 = CARTESIAN_POINT ( 'NONE',  ( -0.4613404353382495882, -0.2903032521952500500, -0.2705433191537512938 ) ) ;
#4125 = DIRECTION ( 'NONE',  ( 0.0000000000000000000, 1.000000000000000000, 0.0000000000000000000 ) ) ;
#4126 = VERTEX_POINT ( 'NONE', #2702 ) ;
#4127 = EDGE_CURVE ( 'NONE', #5330, #835, #3151, .T. ) ;
#4128 = CARTESIAN_POINT ( 'NONE',  ( 0.2928571428571427049, -0.09922490567806474537, 0.2558096015379864308 ) ) ;
#4129 = CARTESIAN_POINT ( 'NONE',  ( 0.9392857142857137243, -0.3309916264174740386, -0.3899711648727292590 ) ) ;
#4130 = FACE_OUTER_BOUND ( 'NONE', #2490, .T. ) ;
#4131 = CARTESIAN_POINT ( 'NONE',  ( -1.058324923192235811, -0.3075277470617208131, -0.2781195668606414872 ) ) ;
#4132 = ORIENTED_EDGE ( 'NONE', *, *, #2658, .T. ) ;
#4133 = ORIENTED_EDGE ( 'NONE', *, *, #4356, .F. ) ;
#4134 = CARTESIAN_POINT ( 'NONE',  ( -0.8778571428571426694, -0.6070469405576197630, -0.2345494447404087579 ) ) ;
#4135 = CARTESIAN_POINT ( 'NONE',  ( -0.5587124475941566137, -0.2372488235345552587, 0.2379118210834531288 ) ) ;
#4136 = CARTESIAN_POINT ( 'NONE',  ( -0.7592426798424346535, -0.3022357316228888591, -0.2759362596617770391 ) ) ;
#4137 = CARTESIAN_POINT ( 'NONE',  ( 0.9928571428571424384, -0.7407750943219348905, -0.2558096015379864308 ) ) ;
#4138 = CARTESIAN_POINT ( 'NONE',  ( -0.6499999999999998002, -0.4199999999999999289, 0.4102867453090214278 ) ) ;
#4139 = CARTESIAN_POINT ( 'NONE',  ( -0.3114285714285713325, -0.5535125603737884870, 0.2772416883273278176 ) ) ;
#4140 = CARTESIAN_POINT ( 'NONE',  ( -0.7785714285714284699, -0.5980167471650512656, -0.3696555844364370347 ) ) ;
#4141 = CARTESIAN_POINT ( 'NONE',  ( -0.02613097281309923609, -0.6261721100028784237, 0.2179843368633967715 ) ) ;
#4142 = CARTESIAN_POINT ( 'NONE',  ( -0.8949145047562429012, -0.4506200599020405706, 0.2984357901426405446 ) ) ;
#4143 = CARTESIAN_POINT ( 'NONE',  ( 0.2178571428571427493, -0.6693959207434931891, 0.3127325929872117327 ) ) ;
#4144 = CARTESIAN_POINT ( 'NONE',  ( -0.2821428571428555854, -0.1706040792565065856, -0.3127325929872118437 ) ) ;
#4145 = CARTESIAN_POINT ( 'NONE',  ( -0.08499999999999997835, -0.1200000000000000233, 0.0000000000000000000 ) ) ;
#4146 = CARTESIAN_POINT ( 'NONE',  ( 0.08499999999999999223, -0.1200000000000000233, 0.0000000000000000000 ) ) ;
#4147 = CARTESIAN_POINT ( 'NONE',  ( 0.2257142857142855896, -0.1200000000000000372, -0.06847304231704492983 ) ) ;
#4148 = CARTESIAN_POINT ( 'NONE',  ( -0.4775790748086249371, -0.2073703410238026124, -0.2116334622949199162 ) ) ;
#4149 = CARTESIAN_POINT ( 'NONE',  ( -0.1599999999999999478, -0.4199999999999998734, 0.3077150589817659876 ) ) ;
#4150 = CARTESIAN_POINT ( 'NONE',  ( 0.3249999999999997891, -0.01999999999999999001, 0.0000000000000000000 ) ) ;
#4151 = CARTESIAN_POINT ( 'NONE',  ( 0.9071428571428564736, -0.09922490567806467598, -0.2558096015379863752 ) ) ;
#4152 = DIRECTION ( 'NONE',  ( 1.000000000000000000, 1.268357997058408169E-16, -0.0000000000000000000 ) ) ;
#4153 = CARTESIAN_POINT ( 'NONE',  ( -1.067702755420008476, -0.2557157815954254620, -0.2510208415950556660 ) ) ;
#4154 = ADVANCED_FACE ( 'NONE', ( #2640 ), #85, .T. ) ;
#4155 = ORIENTED_EDGE ( 'NONE', *, *, #932, .T. ) ;
#4156 = ORIENTED_EDGE ( 'NONE', *, *, #3775, .F. ) ;
#4157 =( BOUNDED_CURVE ( )  B_SPLINE_CURVE ( 2, ( #3472, #1279, #2566, #433, #19, #3447, #1048, #651, #5173, #2340, #2234, #3050, #3217, #4049, #2656, #5234, #1364 ),
 .UNSPECIFIED., .F., .T. ) 
 B_SPLINE_CURVE_WITH_KNOTS ( ( 3, 2, 2, 2, 2, 2, 2, 2, 3 ),
 ( 0.1071416606871584548, 0.1071417781433465638, 0.1224477464495389023, 0.1377537147557312547, 0.1530596830619236071, 0.1683656513681159317, 0.1836716196743083118, 0.1989775879805006364, 0.2142835210699264303 ),
 .UNSPECIFIED. ) 
 CURVE ( )  GEOMETRIC_REPRESENTATION_ITEM ( )  RATIONAL_B_SPLINE_CURVE ( ( 0.9999996152024877016, 0.9999998075997673652, 1.000000000000000000, 0.9749279121818236193, 1.000000000000000000, 0.9749279121818236193, 1.000000000000000000, 0.9749279121818236193, 1.000000000000000000, 0.9749279121818236193, 1.000000000000000000, 0.9749279121818236193, 1.000000000000000000, 0.9749279121818236193, 1.000000000000000000, 0.9749279121818236193, 1.000000000000000000 ) ) 
 REPRESENTATION_ITEM ( '' )  );
#4158 = CARTESIAN_POINT ( 'NONE',  ( -0.5242856344216827447, -0.7199997785472872502, 0.06847350216834055536 ) ) ;
#4159 = CARTESIAN_POINT ( 'NONE',  ( -1.310653549526791917, -0.1614246618255944787, 0.1544922389436651500 ) ) ;
#4160 = CARTESIAN_POINT ( 'NONE',  ( -0.7694272694797966716, -0.2467550822278180289, -0.2449260997630596237 ) ) ;
#4161 = CARTESIAN_POINT ( 'NONE',  ( -0.5535714285714284921, -0.05961245283903235381, -0.1735534956470232704 ) ) ;
#4162 = CARTESIAN_POINT ( 'NONE',  ( -1.024999999999999689, -0.8199999999999997291, 4.898587196589411226E-17 ) ) ;
#4163 = CARTESIAN_POINT ( 'NONE',  ( -0.1399999999999999578, -0.4199999999999999845, -0.3077150589817659876 ) ) ;
#4164 = CARTESIAN_POINT ( 'NONE',  ( -0.8321428571428569620, -0.1706040792565065856, -0.3127325929872118437 ) ) ;
#4165 = CARTESIAN_POINT ( 'NONE',  ( -0.02089553571711298338, -0.6008059696270133809, 0.2394431709107039952 ) ) ;
#4166 = CARTESIAN_POINT ( 'NONE',  ( -0.9366670735677555815, -0.6686589858431246647, 0.1679208792681174400 ) ) ;
#4167 = ORIENTED_EDGE ( 'NONE', *, *, #3714, .F. ) ;
#4168 = CARTESIAN_POINT ( 'NONE',  ( 0.8607142857142852099, -0.3309916264174742051, 0.3899711648727292590 ) ) ;
#4169 = DIRECTION ( 'NONE',  ( 1.000000000000000000, 1.268357997058408169E-16, -0.0000000000000000000 ) ) ;
#4170 = CARTESIAN_POINT ( 'NONE',  ( -0.2242857142857142827, -0.7199999999999996403, 0.06847304231704497146 ) ) ;
#4171 = CARTESIAN_POINT ( 'NONE',  ( 3.499999999999999112, -0.2399999999999999634, 0.06250000000000000000 ) ) ;
#4172 = CARTESIAN_POINT ( 'NONE',  ( -0.8040525369833706471, -0.1276970470900547494, -0.06822445776282190510 ) ) ;
#4173 = CARTESIAN_POINT ( 'NONE',  ( 0.4507142857142854009, -0.3532437198131055944, 0.2924783736545468749 ) ) ;
#4174 = CARTESIAN_POINT ( 'NONE',  ( -0.4697305618080070411, -0.2451623441504919565, -0.2437988590266156330 ) ) ;
#4175 = DIRECTION ( 'NONE',  ( -0.0000000000000000000, -0.0000000000000000000, 1.000000000000000000 ) ) ;
#4176 = ORIENTED_EDGE ( 'NONE', *, *, #4605, .F. ) ;
#4177 = CARTESIAN_POINT ( 'NONE',  ( 0.6035714285714283145, -0.05961245283903235381, 0.1735534956470232704 ) ) ;
#4178 = FACE_OUTER_BOUND ( 'NONE', #891, .T. ) ;
#4179 = CARTESIAN_POINT ( 'NONE',  ( -0.2493889669057763603, -0.1942856145915070609, 0.1978607377309025417 ) ) ;
#4180 = CARTESIAN_POINT ( 'NONE',  ( -1.092124331104145751, -0.1538365833471044275, -0.1384090685557710643 ) ) ;
#4181 = CARTESIAN_POINT ( 'NONE',  ( 0.2028571428571427637, -0.6605813207414512611, -0.1918572011534898369 ) ) ;
#4182 = EDGE_CURVE ( 'NONE', #2698, #5389, #5307, .T. ) ;
#4183 = CIRCLE ( 'NONE', #1137, 0.2999999999999999889 ) ;
#4184 = CARTESIAN_POINT ( 'NONE',  ( -1.188571428571428390, -0.5535125603737885980, -0.2772416883273277621 ) ) ;
#4185 = CARTESIAN_POINT ( 'NONE',  ( -0.7499883449174697958, -0.3577528448369123870, -0.2934792404410968003 ) ) ;
#4186 = CARTESIAN_POINT ( 'NONE',  ( -0.4142857142857141461, -0.8199999999999997291, 0.09129738975605997120 ) ) ;
#4187 = CARTESIAN_POINT ( 'NONE',  ( -0.7785714285714284699, -0.5980167471650512656, -0.3696555844364370347 ) ) ;
#4188 = EDGE_CURVE ( 'NONE', #226, #3678, #1742, .T. ) ;
#4189 = CARTESIAN_POINT ( 'NONE',  ( -0.4721428571428570309, -0.2329530594423799283, -0.2345494447404088134 ) ) ;
#4190 = CARTESIAN_POINT ( 'NONE',  ( -0.7571428571428568954, -0.7407750943219351125, -0.2558096015379863197 ) ) ;
#4191 = CARTESIAN_POINT ( 'NONE',  ( 1.167142857142856371, -0.6605813207414512611, 0.1918572011534897537 ) ) ;
#4192 = CARTESIAN_POINT ( 'NONE',  ( -0.02435141573135898158, -0.6178437427667283766, 0.2255459813178481987 ) ) ;
#4193 = CARTESIAN_POINT ( 'NONE',  ( -0.9100475043536976338, -0.5425262583593430943, 0.2743448982040072592 ) ) ;
#4194 = CARTESIAN_POINT ( 'NONE',  ( 1.010714285714285010, -0.5090083735825254863, -0.3899711648727292590 ) ) ;
#4195 = CARTESIAN_POINT ( 'NONE',  ( -1.053571428571426827, -0.7803875471609672543, 0.1735534956470232149 ) ) ;
#4196 = CARTESIAN_POINT ( 'NONE',  ( 0.0000000000000000000, 0.0000000000000000000, 0.0000000000000000000 ) ) ;
#4197 = CARTESIAN_POINT ( 'NONE',  ( -1.192857142857142838, -0.09922490567806474537, -0.2558096015379864308 ) ) ;
#4198 = CARTESIAN_POINT ( 'NONE',  ( 1.102857142857142536, -0.6605813207414512611, -0.1918572011534898092 ) ) ;
#4199 = CARTESIAN_POINT ( 'NONE',  ( 0.05714285714285713413, -0.09922490567806467598, -0.2558096015379863752 ) ) ;
#4200 = CARTESIAN_POINT ( 'NONE',  ( 1.367857142857141994, -0.6693959207434931891, 0.3127325929872117327 ) ) ;
#4201 = CARTESIAN_POINT ( 'NONE',  ( 2.147139134848051079, -0.1779385408620360320, 0.06250000000000000000 ) ) ;
#4202 = CARTESIAN_POINT ( 'NONE',  ( -0.2082490878955712277, -0.1230042770672760410, -0.04245494852855025147 ) ) ;
#4203 = ORIENTED_EDGE ( 'NONE', *, *, #1240, .T. ) ;
#4204 = CARTESIAN_POINT ( 'NONE',  ( 1.107142857142856762, -0.7407750943219351125, 0.2558096015379863197 ) ) ;
#4205 = CARTESIAN_POINT ( 'NONE',  ( 1.122895091907567311, -0.1231098798423668622, -0.04974997765471888406 ) ) ;
#4206 = CARTESIAN_POINT ( 'NONE',  ( -0.09061749462586250747, -0.6777334970415785920, -0.1535561297697638217 ) ) ;
#4207 = CARTESIAN_POINT ( 'NONE',  ( -0.2418118427101920431, -0.1661653757201005110, 0.1599763474232344940 ) ) ;
#4208 = CARTESIAN_POINT ( 'NONE',  ( -1.074375088743649176, -0.2220438483132002316, -0.2254483173161847820 ) ) ;
#4209 = CARTESIAN_POINT ( 'NONE',  ( 0.7064285714285709616, -0.1497093396292742407, -0.1301651217352673418 ) ) ;
#4210 = CARTESIAN_POINT ( 'NONE',  ( 1.064977997867363468, -0.2689142813788699127, 0.2621359024025028961 ) ) ;
#4211 = CARTESIAN_POINT ( 'NONE',  ( -0.6021048876512424819, -0.4953623756278271451, 0.2903800061726647952 ) ) ;
#4212 = CARTESIAN_POINT ( 'NONE',  ( -0.7797719618490658311, -0.1979175177971918553, -0.2016913534340495362 ) ) ;
#4213 = CARTESIAN_POINT ( 'NONE',  ( -0.1035714285714285365, -0.7803875471609672543, 0.1735534956470232149 ) ) ;
#4214 = EDGE_CURVE ( 'NONE', #4493, #1090, #4915, .T. ) ;
#4215 = CARTESIAN_POINT ( 'NONE',  ( 1.210000000000001075, -0.2574484577719388656, -0.3324141498168051156 ) ) ;
#4216 = CARTESIAN_POINT ( 'NONE',  ( -0.5257142857142855785, -0.1200000000000000372, 0.06847304231704492983 ) ) ;
#4217 = CARTESIAN_POINT ( 'NONE',  ( -0.7107142857142856318, -0.5090083735825254863, 0.3899711648727292590 ) ) ;
#4218 = CARTESIAN_POINT ( 'NONE',  ( 0.07857142857142855596, -0.2419832528349483425, -0.3696555844364371457 ) ) ;
#4219 = CARTESIAN_POINT ( 'NONE',  ( -0.04543078322106349626, -0.6952533188038323431, 0.1194149505126480826 ) ) ;
#4220 = CARTESIAN_POINT ( 'NONE',  ( -0.9135672107102433825, -0.5620466024017812812, 0.2642563122574381751 ) ) ;
#4221 = CARTESIAN_POINT ( 'NONE',  ( 1.171428571428570597, -0.2419832528349484257, 0.3696555844364372012 ) ) ;
#4222 = CARTESIAN_POINT ( 'NONE',  ( -0.6571428571428555854, -0.09922490567806467598, 0.2558096015379863752 ) ) ;
#4223 = COORDINATED_UNIVERSAL_TIME_OFFSET ( 6, 0, .BEHIND. ) ;
#4224 = CARTESIAN_POINT ( 'NONE',  ( -1.235714285714285765, -0.01999999999999999695, 0.09129738975605992957 ) ) ;
#4225 = DIRECTION ( 'NONE',  ( 0.0000000000000000000, 1.000000000000000000, 0.0000000000000000000 ) ) ;
#4226 = CARTESIAN_POINT ( 'NONE',  ( 0.5578571428571424962, -0.2329530594423798728, -0.2345494447404087857 ) ) ;
#4227 = CARTESIAN_POINT ( 'NONE',  ( -3.499999999999999112, -0.2399999999999999634, -0.06250000000000000000 ) ) ;
#4228 = CARTESIAN_POINT ( 'NONE',  ( -1.049285714285714155, -0.3532437198131055389, 0.2924783736545468749 ) ) ;
#4229 = VERTEX_POINT ( 'NONE', #2063 ) ;
#4230 = ORIENTED_EDGE ( 'NONE', *, *, #596, .T. ) ;
#4231 = CARTESIAN_POINT ( 'NONE',  ( 1.064285714285713835, -0.8199999999999997291, -0.09129738975605995732 ) ) ;
#4232 = CARTESIAN_POINT ( 'NONE',  ( -1.149999999999999689, -0.1569959789840731090, 0.1701236560304945633 ) ) ;
#4233 = CARTESIAN_POINT ( 'NONE',  ( -0.1106474941708524840, -0.5929007512317926443, -0.2452136898442509316 ) ) ;
#4234 = CARTESIAN_POINT ( 'NONE',  ( -0.2341055452813566029, -0.1436371047215441732, 0.1167227754653937105 ) ) ;
#4235 = CARTESIAN_POINT ( 'NONE',  ( -1.085329730326132225, -0.1760336466510571407, -0.1748606625703937600 ) ) ;
#4236 = CARTESIAN_POINT ( 'NONE',  ( -0.5298796315131905077, -0.1343924609944356086, 0.09180799241099807384 ) ) ;
#4237 = CARTESIAN_POINT ( 'NONE',  ( 0.7385714285714282124, -0.2864874396262112599, -0.2772416883273278176 ) ) ;
#4238 = CARTESIAN_POINT ( 'NONE',  ( -1.499999999999999778, -0.4200000000000001510, 0.0000000000000000000 ) ) ;
#4239 = CIRCLE ( 'NONE', #3269, 0.2500000000000002220 ) ;
#4240 = CARTESIAN_POINT ( 'NONE',  ( -0.6068157645015929136, -0.5236734160855981424, 0.2815171697086507607 ) ) ;
#4241 = CARTESIAN_POINT ( 'NONE',  ( -0.7890450977871763527, -0.1633400777243513291, -0.1553507662651750498 ) ) ;
#4242 = CARTESIAN_POINT ( 'NONE',  ( -0.3392857142857141906, -0.3309916264174740386, 0.3899711648727292590 ) ) ;
#4243 = CARTESIAN_POINT ( 'NONE',  ( 0.8135714285714280569, -0.6902906603707253952, -0.1301651217352673973 ) ) ;
#4244 = B_SPLINE_CURVE_WITH_KNOTS ( 'NONE', 1,
 ( #4340, #828 ),
 .UNSPECIFIED., .F., .F.,
 ( 2, 2 ),
 ( 0.0000000000000000000, 1.000000000000000000 ),
 .UNSPECIFIED. ) ;
#4245 = CARTESIAN_POINT ( 'NONE',  ( -0.4507142857142856229, -0.3532437198131055944, -0.2924783736545468749 ) ) ;
#4246 = CARTESIAN_POINT ( 'NONE',  ( -0.6785714285714283811, -0.2419832528349483425, 0.3696555844364371457 ) ) ;
#4247 = CARTESIAN_POINT ( 'NONE',  ( 0.5714285714285711748, -0.2419832528349484535, 0.3696555844364372012 ) ) ;
#4248 = CARTESIAN_POINT ( 'NONE',  ( -0.04116736347944467689, -0.6833096035158547910, 0.1437861004296208112 ) ) ;
#4249 = CARTESIAN_POINT ( 'NONE',  ( -0.9239699657512167041, -0.6159954729778822635, 0.2271250392333356016 ) ) ;
#4250 = CARTESIAN_POINT ( 'NONE',  ( 1.053571428571427937, -0.7803875471609672543, -0.1735534956470232149 ) ) ;
#4251 = LINE ( 'NONE', #2598, #2601 ) ;
#4252 = DATE_AND_TIME ( #5042, #171 ) ;
#4253 = CARTESIAN_POINT ( 'NONE',  ( -1.254982817869207956, -0.09639409526970604825, 0.2351153300482295150 ) ) ;
#4254 = CARTESIAN_POINT ( 'NONE',  ( -1.246428571428570997, -0.05961245283903229136, 0.1735534956470231871 ) ) ;
#4255 = CARTESIAN_POINT ( 'NONE',  ( 0.9221428571428567089, -0.6070469405576197630, -0.2345494447404088134 ) ) ;
#4256 = CARTESIAN_POINT ( 'NONE',  ( -0.5101807330363306026, -0.1215081108080153377, -0.03043911533245750520 ) ) ;
#4257 = DIRECTION ( 'NONE',  ( 1.000000000000000000, 1.268357997058408169E-16, -0.0000000000000000000 ) ) ;
#4258 = ORIENTED_EDGE ( 'NONE', *, *, #3103, .T. ) ;
#4259 = VERTEX_POINT ( 'NONE', #1552 ) ;
#4260 = CARTESIAN_POINT ( 'NONE',  ( 1.385714285714284788, -0.8199999999999997291, 0.09129738975605987406 ) ) ;
#4261 = CARTESIAN_POINT ( 'NONE',  ( -1.150000000008970513, -0.1705314706142709857, 0.1812523494688467185 ) ) ;
#4262 = CARTESIAN_POINT ( 'NONE',  ( -0.1213780412874405495, -0.5341886659702411722, -0.2774185351506175956 ) ) ;
#4263 = CARTESIAN_POINT ( 'NONE',  ( -0.2713301804533179151, -0.3055351591001695399, 0.2773045501465947194 ) ) ;
#4264 = CARTESIAN_POINT ( 'NONE',  ( -1.087090041253024886, -0.1699132173841174653, -0.1657048537297589608 ) ) ;
#4265 = CARTESIAN_POINT ( 'NONE',  ( -0.5701386114539102046, -0.2986753022332230834, 0.2744472180758676383 ) ) ;
#4266 = AXIS2_PLACEMENT_3D ( 'NONE', #1576, #2514, #4225 ) ;
#4267 = CARTESIAN_POINT ( 'NONE',  ( 0.4814285714285711504, -0.5535125603737884870, -0.2772416883273278176 ) ) ;
#4268 = DIRECTION ( 'NONE',  ( -1.000000000000000000, 0.0000000000000000000, 0.0000000000000000000 ) ) ;
#4269 = CARTESIAN_POINT ( 'NONE',  ( -0.6162509669066013052, -0.5765824440573346088, 0.2558973288471345087 ) ) ;
#4270 = CARTESIAN_POINT ( 'NONE',  ( -0.3607142857142856540, -0.5090083735825254863, 0.3899711648727292590 ) ) ;
#4271 = CARTESIAN_POINT ( 'NONE',  ( 3.499999999999999112, -0.7199999999999994182, 3.673940397442057649E-17 ) ) ;
#4272 = VECTOR ( 'NONE', #3031, 39.37007874015748143 ) ;
#4273 = CARTESIAN_POINT ( 'NONE',  ( -0.9757142857142856451, -0.7199999999999996403, -0.06847304231704488819 ) ) ;
#4274 = CARTESIAN_POINT ( 'NONE',  ( -0.2392857142857142405, -0.5090083735825255973, -0.3899711648727292590 ) ) ;
#4275 = CARTESIAN_POINT ( 'NONE',  ( 0.3892857142857140684, -0.3309916264174740386, -0.3899711648727292590 ) ) ;
#4276 = CARTESIAN_POINT ( 'NONE',  ( -0.6736342044950160979, -0.7150932310835143024, -0.05405915490619707386 ) ) ;
#4277 = CARTESIAN_POINT ( 'NONE',  ( -0.9146083952749108903, -0.5677316752118113374, 0.2611056582167377571 ) ) ;
#4278 = CARTESIAN_POINT ( 'NONE',  ( 1.182142857142856496, -0.1706040792565065856, 0.3127325929872118437 ) ) ;
#4279 = CARTESIAN_POINT ( 'NONE',  ( -0.8821428571428554521, -0.1706040792565065856, -0.3127325929872118437 ) ) ;
#4280 = APPLICATION_PROTOCOL_DEFINITION ( 'international standard', 'config_control_design', 1994, #4485 ) ;
#4281 = CARTESIAN_POINT ( 'NONE',  ( -0.4599999999999999645, -0.4199999999999999289, 0.3077150589817659876 ) ) ;
#4282 = CARTESIAN_POINT ( 'NONE',  ( 0.06146513046713004275, -0.1557895251721609919, 0.1421019613934514647 ) ) ;
#4283 = CARTESIAN_POINT ( 'NONE',  ( 1.125714285714285001, -0.1200000000000000372, -0.06847304231704492983 ) ) ;
#4284 = FACE_OUTER_BOUND ( 'NONE', #4737, .T. ) ;
#4285 = CARTESIAN_POINT ( 'NONE',  ( 3.499999999999999112, -0.1779385408620358655, -0.06250000000000000000 ) ) ;
#4286 = ORIENTED_EDGE ( 'NONE', *, *, #2992, .F. ) ;
#4287 = EDGE_CURVE ( 'NONE', #5389, #3846, #2090, .T. ) ;
#4288 = LOCAL_TIME ( 13, 46, 9.000000000000000000, #1197 ) ;
#4289 = CARTESIAN_POINT ( 'NONE',  ( 1.160714285714284921, -0.3309916264174742051, 0.3899711648727292590 ) ) ;
#4290 = CARTESIAN_POINT ( 'NONE',  ( 1.154567294526342991, -0.2166210733926983156, -0.2219365133003594059 ) ) ;
#4291 = CARTESIAN_POINT ( 'NONE',  ( -0.1118547016879010286, -0.5865972118002107383, -0.2494902403848531514 ) ) ;
#4292 = CARTESIAN_POINT ( 'NONE',  ( -0.5107142857142855652, -0.3309916264174742051, -0.3899711648727292590 ) ) ;
#4293 = CARTESIAN_POINT ( 'NONE',  ( -0.2509540957001570871, -0.2008666406842078422, 0.2051253912903944210 ) ) ;
#4294 = CARTESIAN_POINT ( 'NONE',  ( -1.102733985194217947, -0.1294734361549963741, -0.07625296524274710608 ) ) ;
#4295 = CARTESIAN_POINT ( 'NONE',  ( -0.5365034847304686050, -0.1498689163427720239, 0.1306585868584676513 ) ) ;
#4296 = EDGE_CURVE ( 'NONE', #1607, #1178, #4958, .T. ) ;
#4297 = CARTESIAN_POINT ( 'NONE',  ( 0.2457142857142855796, -0.7199999999999996403, 0.06847304231704488819 ) ) ;
#4298 = CARTESIAN_POINT ( 'NONE',  ( 0.1571428571428570564, -0.7407750943219351125, 0.2558096015379863197 ) ) ;
#4299 = VECTOR ( 'NONE', #916, 39.37007874015748143 ) ;
#4300 = CARTESIAN_POINT ( 'NONE',  ( -0.6078020562453587683, -0.5294130681271665972, 0.2793551755176390539 ) ) ;
#4301 = CARTESIAN_POINT ( 'NONE',  ( -1.035714285714285587, -0.8199999999999997291, -0.09129738975605987406 ) ) ;
#4302 = CARTESIAN_POINT ( 'NONE',  ( 1.209999999999999964, -0.4867946842132585550, -0.3094249447467031788 ) ) ;
#4303 = AXIS2_PLACEMENT_3D ( 'NONE', #2271, #135, #1859 ) ;
#4304 = CARTESIAN_POINT ( 'NONE',  ( -1.007857142857142563, -0.6070469405576197630, -0.2345494447404087579 ) ) ;
#4305 = CARTESIAN_POINT ( 'NONE',  ( -0.6142857142857142128, -0.02000000000000005940, -0.09129738975606004059 ) ) ;
#4306 = CARTESIAN_POINT ( 'NONE',  ( 0.7535714285714281147, -0.7803875471609672543, -0.1735534956470232149 ) ) ;
#4307 = CARTESIAN_POINT ( 'NONE',  ( -0.03941030068198873165, -0.6778253871582090584, 0.1534016932883741080 ) ) ;
#4308 = CARTESIAN_POINT ( 'NONE',  ( -0.9649970539399207459, -0.7199999999993593747, 4.371039126606298140E-07 ) ) ;
#4309 = CARTESIAN_POINT ( 'NONE',  ( 0.2857142857142855874, -0.01999999999999999695, -0.09129738975605992957 ) ) ;
#4310 = CARTESIAN_POINT ( 'NONE',  ( -0.7214285714285698647, -0.5980167471650512656, 0.3696555844364371457 ) ) ;
#4311 = B_SPLINE_CURVE_WITH_KNOTS ( 'NONE', 3,
 ( #4781, #3892, #486, #43, #2206, #3915, #5171, #1787, #5200, #937, #3470, #3906, #2615, #2525, #1589, #4236, #812, #870, #390, #5538, #897, #32, #420, #285, #7, #2111, #2848, #5160, #2584, #3434, #3301, #4295, #5133, #449, #1324, #476, #4713, #2139, #1295, #3037, #5431, #3825, #1721, #2169, #5005, #4742, #1692, #1158, #4325, #3853, #1750, #3008, #1776, #2196, #3715, #3882, #58, #2005, #3461, #2978, #4135, #712, #3406, #5107, #2875, #4658, #3486, #1128, #4555, #1266, #4685, #2423, #841, #2554, #4265, #1695, #5082, #2144, #5513, #5110, #453, #1242, #3012, #35, #4716, #1753, #1568, #3885, #2826, #3410, #1269, #4981, #3857, #10, #4688, #692, #873, #5542, #1724, #4114, #3437, #1135, #2528, #3278, #424, #2981, #3464, #5409, #5163, #3829, #2953, #1669, #2589, #2925, #845, #5136, #2401, #4634, #4211, #787, #4661, #1298, #2499, #4534, #364, #265, #1985, #2084, #3798, #4240, #2557, #3696, #4300, #3381, #815, #393, #2114, #4269, #2172, #89, #1020, #147, #535, #479, #116, #928, #3040, #5288, #990, #3549, #1779, #2708, #5255, #4414, #1452, #592, #4834, #2254, #1419, #3158, #61, #505, #1841, #2285, #2677, #4865, #565, #4442, #2225, #2734, #3489, #900, #3127, #2618, #3994, #4020, #1871, #3579, #4747, #5192, #2312, #174, #2200, #4328, #3909, #1897, #3607, #1328, #2646, #959, #1356, #4384, #3068, #4773, #4354, #3934, #1808, #3515, #5223, #1384, #3097, #4804, #3962, #3293, #4468, #4525, #1924, #5398, #2416, #682, #4103, #1951, #4549 ),
 .UNSPECIFIED., .F., .F.,
 ( 4, 2, 1, 1, 1, 1, 2, 2, 2, 1, 2, 2, 1, 2, 2, 1, 1, 2, 2, 1, 1, 1, 1, 1, 2, 2, 2, 2, 2, 2, 2, 2, 1, 1, 1, 2, 2, 1, 1, 2, 2, 1, 2, 2, 2, 2, 2, 2, 2, 2, 1, 2, 2, 1, 2, 2, 1, 1, 1, 1, 2, 2, 2, 2, 2, 2, 2, 1, 2, 2, 2, 2, 2, 1, 1, 1, 2, 2, 2, 2, 1, 1, 1, 2, 1, 2, 2, 2, 2, 1, 2, 2, 1, 2, 2, 1, 2, 2, 1, 1, 2, 2, 2, 1, 2, 2, 2, 2, 2, 2, 1, 1, 1, 1, 2, 2, 1, 2, 2, 2, 2, 2, 2, 2, 2, 1, 2, 2, 4 ),
 ( 0.4878196363908768873, 0.4879387672406017562, 0.4880578980903265696, 0.4882961597897763073, 0.4887726831886756718, 0.4897257299864745117, 0.4916318235820720806, 0.4954440107732673293, 0.4992561979644625225, 0.4997327213633619425, 0.4999709830628116247, 0.5000901139125365491, 0.5002092447622613625, 0.5011622915600602024, 0.5030683851556578823, 0.5035449085545573578, 0.5037831702540070955, 0.5039023011037319089, 0.5039618665285943155, 0.5040214319534568332, 0.5049744787512558952, 0.5068805723468539082, 0.5073570957457534947, 0.5075953574452032324, 0.5077144882949281568, 0.5078336191446529702, 0.5087866659424521432, 0.5106927595380502671, 0.5145049467292467371, 0.5154579935270459101, 0.5155771243767707235, 0.5156366898016332412, 0.5156962552264956479, 0.5159345169259453856, 0.5164110403248448611, 0.5183171339204426520, 0.5221293211116383448, 0.5230823679094372958, 0.5233206296088870335, 0.5233801950337494402, 0.5234397604586118469, 0.5235588913083367713, 0.5240354147072361357, 0.5259415083028337046, 0.5297536954940289533, 0.5307067422918276822, 0.5316597890896265222, 0.5335658826852240910, 0.5373780698764192287, 0.5383311166742180687, 0.5388076400731174331, 0.5390459017725671709, 0.5391650326222920953, 0.5392841634720169086, 0.5411902570676145885, 0.5450024442588099483, 0.5459554910566087882, 0.5464320144555081527, 0.5466702761549578904, 0.5467894070046827038, 0.5468489724295452215, 0.5469085378544076281, 0.5488146314500054190, 0.5526268186412011119, 0.5545329122367990138, 0.5546520430865238271, 0.5547711739362487515, 0.5550094356356984893, 0.5554859590345978537, 0.5564390058323966937, 0.5583450994279942625, 0.5585833611274440003, 0.5586429265523064069, 0.5587024919771688136, 0.5588216228268937380, 0.5592981462257931025, 0.5602511930235919424, 0.5621572866191895113, 0.5623955483186391380, 0.5625146791683640624, 0.5626338100180888757, 0.5631103334169882402, 0.5640633802147869691, 0.5678755674059819958, 0.5697816610015795646, 0.5702581844004789291, 0.5707347077993782936, 0.5716877545971770225, 0.5735938481927745913, 0.5740703715916739558, 0.5741895024413987692, 0.5743086332911236935, 0.5745468949905734313, 0.5754999417883721602, 0.5774060353839697290, 0.5778825587828690935, 0.5781208204823187202, 0.5781803859071811269, 0.5782399513320435336, 0.5783590821817686800, 0.5793121289795689632, 0.5831243161707699851, 0.5850304097663705516, 0.5855069331652705822, 0.5857451948647206530, 0.5859834565641707238, 0.5869365033619710070, 0.5888425969575715735, 0.5897956437553718567, 0.5900339054548219275, 0.5902721671542719983, 0.5907486905531721399, 0.5926547841487725954, 0.5936078309465728786, 0.5937269617962979140, 0.5938460926460229494, 0.5940843543454729092, 0.5945608777443729398, 0.5983730649355731845, 0.6002791585311731959, 0.6012322053289732571, 0.6017087287278732877, 0.6021852521267733183, 0.6059974393179735630, 0.6079035329135736854, 0.6088565797113737466, 0.6093331031102737771, 0.6095713648097238480, 0.6098096265091738077 ),
 .UNSPECIFIED. ) ;
#4312 = CARTESIAN_POINT ( 'NONE',  ( -0.5564285714285712725, -0.6902906603707253952, -0.1301651217352673140 ) ) ;
#4313 = CARTESIAN_POINT ( 'NONE',  ( -1.214285714285714413, -0.02000000000000005940, -0.09129738975606004059 ) ) ;
#4314 = CARTESIAN_POINT ( 'NONE',  ( 0.9114285714285708107, -0.5535125603737884870, -0.2772416883273278176 ) ) ;
#4315 = CARTESIAN_POINT ( 'NONE',  ( 3.449999999999997513, -0.4199999999999995404, 0.2500000000000001110 ) ) ;
#4316 = CARTESIAN_POINT ( 'NONE',  ( 0.9849999865971205137, -0.1200000000000122774, 8.565537073219542363E-08 ) ) ;
#4317 = B_SPLINE_CURVE_WITH_KNOTS ( 'NONE', 3,
 ( #5199, #5090, #1304, #459, #1676, #1334, #1250, #485, #2179, #2205, #4668, #4722, #2535, #5117, #3891, #1361 ),
 .UNSPECIFIED., .F., .F.,
 ( 4, 2, 2, 2, 2, 2, 2, 4 ),
 ( 0.0000000000000000000, 0.001328493394561221404, 0.002656986789122442807, 0.005313973578244886482, 0.006642466972806107019, 0.007970960367367324953, 0.009299453761928545489, 0.01062794715648976429 ),
 .UNSPECIFIED. ) ;
#4318 = CARTESIAN_POINT ( 'NONE',  ( 1.032142857142856585, -0.6693959207434930780, -0.3127325929872118437 ) ) ;
#4319 = CARTESIAN_POINT ( 'NONE',  ( -1.150000000000000133, -0.09347809228000378279, 0.08728687747130868535 ) ) ;
#4320 = VERTEX_POINT ( 'NONE', #221 ) ;
#4321 = CARTESIAN_POINT ( 'NONE',  ( -0.1118652627302152425, -0.5865419666230923257, -0.2495271020645719595 ) ) ;
#4322 = CARTESIAN_POINT ( 'NONE',  ( -0.4571428571428570731, -0.7407750943219351125, -0.2558096015379863197 ) ) ;
#4323 = CARTESIAN_POINT ( 'NONE',  ( -0.3030088476029083044, -0.5008326732842407480, 0.2889577045023831170 ) ) ;
#4324 = DIRECTION ( 'NONE',  ( 1.000000000000000000, 1.268357997058408169E-16, -0.0000000000000000000 ) ) ;
#4325 = CARTESIAN_POINT ( 'NONE',  ( -0.5491644095158745298, -0.1935104289792830556, 0.1967295922503846106 ) ) ;
#4326 = CARTESIAN_POINT ( 'NONE',  ( 0.6635714285714282568, -0.1497093396292742684, 0.1301651217352674250 ) ) ;
#4327 = CARTESIAN_POINT ( 'NONE',  ( 0.04999999999999994726, -0.4199999999999998734, -0.4102867453090213723 ) ) ;
#4328 = CARTESIAN_POINT ( 'NONE',  ( -0.6435565037758704809, -0.6903278312155257668, 0.1302489973512475363 ) ) ;
#4329 = CARTESIAN_POINT ( 'NONE',  ( -0.7999999999999998224, -0.4200000000000000400, -0.4102867453090213723 ) ) ;
#4330 = CARTESIAN_POINT ( 'NONE',  ( 0.7278571428571424251, -0.2329530594423798728, -0.2345494447404087857 ) ) ;
#4331 = EDGE_CURVE ( 'NONE', #861, #1889, #4239, .T. ) ;
#4332 = CARTESIAN_POINT ( 'NONE',  ( -0.3678571428571427715, -0.1706040792565065023, 0.3127325929872117327 ) ) ;
#4333 = CARTESIAN_POINT ( 'NONE',  ( 0.7642857142857140129, -0.8199999999999997291, -0.09129738975605997120 ) ) ;
#4334 = DIRECTION ( 'NONE',  ( 1.026115459466504637E-16, -0.8090109116245447485, -0.5877936243890560242 ) ) ;
#4335 = FACE_OUTER_BOUND ( 'NONE', #1968, .T. ) ;
#4336 = CARTESIAN_POINT ( 'NONE',  ( 0.1571428571428570842, -0.7407750943219351125, 0.2558096015379863197 ) ) ;
#4337 = CARTESIAN_POINT ( 'NONE',  ( -1.005307785862780134, -0.6194440669409629896, -0.2241504784990837884 ) ) ;
#4338 =( BOUNDED_CURVE ( )  B_SPLINE_CURVE ( 2, ( #410, #50, #2517, #2574, #3028, #3787, #804, #5098, #4228, #888, #3845, #2970, #2075, #2605, #1258, #5558, #3478 ),
 .UNSPECIFIED., .F., .T. ) 
 B_SPLINE_CURVE_WITH_KNOTS ( ( 3, 2, 2, 2, 2, 2, 2, 2, 3 ),
 ( 0.7317018158475324663, 0.7317020690545916750, 0.7491235468892248894, 0.7665450247238579928, 0.7839665025584912073, 0.8013879803931243107, 0.8188094582277573030, 0.8362309360623905174, 0.8536521184887355673 ),
 .UNSPECIFIED. ) 
 CURVE ( )  GEOMETRIC_REPRESENTATION_ITEM ( )  RATIONAL_B_SPLINE_CURVE ( ( 0.9999992712056445798, 0.9999996355975260265, 1.000000000000000000, 0.9749279121818236193, 1.000000000000000000, 0.9749279121818236193, 1.000000000000000000, 0.9749279121818236193, 1.000000000000000000, 0.9749279121818236193, 1.000000000000000000, 0.9749279121818236193, 1.000000000000000000, 0.9749279121818236193, 1.000000000000000000, 0.9749283373181186763, 0.9999991497418276865 ) ) 
 REPRESENTATION_ITEM ( '' )  );
#4339 = CARTESIAN_POINT ( 'NONE',  ( -0.9100000000000000311, -0.4199999999999999845, -0.3077150589817659876 ) ) ;
#4340 = CARTESIAN_POINT ( 'NONE',  ( 0.08499999999999999223, -0.1200000000000000233, 0.0000000000000000000 ) ) ;
#4341 = CARTESIAN_POINT ( 'NONE',  ( 0.8899999999999996803, -0.4199999999999999289, -0.3077150589817659876 ) ) ;
#4342 = CARTESIAN_POINT ( 'NONE',  ( -0.8198119925100036953, -0.1214912062599891179, 0.03039109739710461888 ) ) ;
#4343 = DIRECTION ( 'NONE',  ( 1.000000000000000000, 1.268357997058408169E-16, -0.0000000000000000000 ) ) ;
#4344 = VECTOR ( 'NONE', #3729, 39.37007874015748143 ) ;
#4345 = DIRECTION ( 'NONE',  ( 1.000000000000000000, 1.268357997058408169E-16, -0.0000000000000000000 ) ) ;
#4346 = VERTEX_POINT ( 'NONE', #1066 ) ;
#4347 = CARTESIAN_POINT ( 'NONE',  ( -0.1483592840575914951, -0.3679167017232333192, -0.2955171241265378002 ) ) ;
#4348 = CARTESIAN_POINT ( 'NONE',  ( -0.4678571428571427493, -0.6693959207434931891, -0.3127325929872117327 ) ) ;
#4349 = CARTESIAN_POINT ( 'NONE',  ( -0.3113278005021321015, -0.5496256589770979195, 0.2705774295593567080 ) ) ;
#4350 = CARTESIAN_POINT ( 'NONE',  ( -1.132101101970356183, -0.1388602262163620982, 0.1050077184333413627 ) ) ;
#4351 = CARTESIAN_POINT ( 'NONE',  ( -0.4118946077566402186, -0.5863884365749001404, -0.2496295204008575075 ) ) ;
#4352 = CARTESIAN_POINT ( 'NONE',  ( 0.06785714285714283811, -0.1706040792565065023, -0.3127325929872117327 ) ) ;
#4353 = CARTESIAN_POINT ( 'NONE',  ( 0.6314285714285712281, -0.2864874396262113154, 0.2772416883273278732 ) ) ;
#4354 = CARTESIAN_POINT ( 'NONE',  ( -0.6518346442512692462, -0.7087591974178363285, 0.08158712378702762114 ) ) ;
#4355 = CARTESIAN_POINT ( 'NONE',  ( 1.209999999999999964, -0.04754773340886114807, -0.1500331498812694786 ) ) ;
#4356 = EDGE_CURVE ( 'NONE', #517, #1124, #383, .T. ) ;
#4357 = CARTESIAN_POINT ( 'NONE',  ( -0.9392857142857140573, -0.3309916264174740386, 0.3899711648727292590 ) ) ;
#4358 = AXIS2_PLACEMENT_3D ( 'NONE', #1511, #1101, #151 ) ;
#4359 = CARTESIAN_POINT ( 'NONE',  ( 0.3849999519321564145, -0.1200000000001573697, 3.071926460365102464E-07 ) ) ;
#4360 = CARTESIAN_POINT ( 'NONE',  ( -1.064285714285714279, -0.8199999999999997291, 0.09129738975605995732 ) ) ;
#4361 = CARTESIAN_POINT ( 'NONE',  ( 0.9464285714285709528, -0.05961245283903229136, -0.1735534956470231871 ) ) ;
#4362 = CARTESIAN_POINT ( 'NONE',  ( -0.7125457191625081954, -0.5829681796170627095, -0.2518761318364707846 ) ) ;
#4363 = CARTESIAN_POINT ( 'NONE',  ( -0.9559966193425333270, -0.7147341985058739411, 0.05631899559258522064 ) ) ;
#4364 = CARTESIAN_POINT ( 'NONE',  ( 0.2749999999999998002, -0.01999999999999999001, 0.0000000000000000000 ) ) ;
#4365 = CARTESIAN_POINT ( 'NONE',  ( -0.9714010466122352527, -0.7173005530964723375, -0.04031690543884602212 ) ) ;
#4366 = CARTESIAN_POINT ( 'NONE',  ( -0.1035714285714285365, -0.7803875471609672543, 0.1735534956470232149 ) ) ;
#4367 = CARTESIAN_POINT ( 'NONE',  ( -1.081428571428571628, -0.5535125603737884870, 0.2772416883273278176 ) ) ;
#4368 = CARTESIAN_POINT ( 'NONE',  ( 0.06604143851011100297, -0.1432743530235361662, 0.1158580184455022810 ) ) ;
#4369 = CARTESIAN_POINT ( 'NONE',  ( -1.115000009142710136, -0.1200000000000058936, 5.842956563953087042E-08 ) ) ;
#4370 = CARTESIAN_POINT ( 'NONE',  ( -0.8379797415497196589, -0.1541392305198817370, 0.1389923162697340731 ) ) ;
#4371 = CARTESIAN_POINT ( 'NONE',  ( -0.6207142857142855519, -0.3532437198131055944, -0.2924783736545468749 ) ) ;
#4372 =( BOUNDED_CURVE ( )  B_SPLINE_CURVE ( 2, ( #4096, #5390, #699, #1575, #584, #2305, #1890, #5306, #1470, #3783, #2485, #5498, #297, #2071, #4568 ),
 .UNSPECIFIED., .F., .T. ) 
 B_SPLINE_CURVE_WITH_KNOTS ( ( 3, 2, 2, 2, 2, 2, 2, 3 ),
 ( 0.0000000000000000000, 0.01530596830619236452, 0.03061193661238472905, 0.04591790491857709877, 0.06122387322476945809, 0.07652984153096183129, 0.09183580983715419754, 0.1071416606871584548 ),
 .UNSPECIFIED. ) 
 CURVE ( )  GEOMETRIC_REPRESENTATION_ITEM ( )  RATIONAL_B_SPLINE_CURVE ( ( 1.000000000000000000, 0.9749279121818236193, 1.000000000000000000, 0.9749279121818236193, 1.000000000000000000, 0.9749279121818236193, 1.000000000000000000, 0.9749279121818236193, 1.000000000000000000, 0.9749279121818236193, 1.000000000000000000, 0.9749279121818236193, 1.000000000000000000, 0.9749281045820562541, 0.9999996152024877016 ) ) 
 REPRESENTATION_ITEM ( '' )  );
#4373 = FACE_OUTER_BOUND ( 'NONE', #4012, .T. ) ;
#4374 = CARTESIAN_POINT ( 'NONE',  ( 0.2649933036989028934, -0.2689143133390617946, -0.2621359208232114102 ) ) ;
#4375 = ORIENTED_EDGE ( 'NONE', *, *, #2819, .T. ) ;
#4376 = CARTESIAN_POINT ( 'NONE',  ( -0.1360545454191795511, -0.4446029955624167251, -0.2991493951206767310 ) ) ;
#4377 = CARTESIAN_POINT ( 'NONE',  ( -0.6499999999999998002, -0.4199999999999999289, 0.4102867453090214278 ) ) ;
#4378 = CARTESIAN_POINT ( 'NONE',  ( -0.2769200255031718516, -0.3386921608981398601, 0.2889390151546911145 ) ) ;
#4379 = CARTESIAN_POINT ( 'NONE',  ( -1.114936221213610024, -0.1199999999206087520, -0.0004075976054484131326 ) ) ;
#4380 = CARTESIAN_POINT ( 'NONE',  ( -0.4379163325116858241, -0.4329825127121832429, -0.3000064727922704955 ) ) ;
#4381 = CARTESIAN_POINT ( 'NONE',  ( -0.1692047851660924140, -0.2478792226477032345, -0.2457271402679749583 ) ) ;
#4382 = CARTESIAN_POINT ( 'NONE',  ( 1.167142857142856371, -0.6605813207414512611, 0.1918572011534897537 ) ) ;
#4383 = CARTESIAN_POINT ( 'NONE',  ( 0.6071428571428568732, -0.09922490567806467598, -0.2558096015379863752 ) ) ;
#4384 = CARTESIAN_POINT ( 'NONE',  ( -0.6470068720032189358, -0.6990986020923400934, 0.1102311150735499068 ) ) ;
#4385 = CARTESIAN_POINT ( 'NONE',  ( -0.3886623171312425518, -0.6838272164560621480, -0.1428122656789121425 ) ) ;
#4386 = CARTESIAN_POINT ( 'NONE',  ( 0.5964285714285710860, -0.05961245283903229136, -0.1735534956470231871 ) ) ;
#4387 = CARTESIAN_POINT ( 'NONE',  ( -0.6928571428571428381, -0.7407750943219348905, 0.2558096015379864308 ) ) ;
#4388 = CARTESIAN_POINT ( 'NONE',  ( 2.311999999999999389, -0.2400000000000001021, -0.06250000000000000000 ) ) ;
#4389 = CARTESIAN_POINT ( 'NONE',  ( -0.6142857142857142128, -0.02000000000000005940, -0.09129738975606004059 ) ) ;
#4390 = CARTESIAN_POINT ( 'NONE',  ( -1.096428571428571308, -0.7803875471609674763, -0.1735534956470231316 ) ) ;
#4391 = CARTESIAN_POINT ( 'NONE',  ( 1.032142857142856585, -0.6693959207434930780, -0.3127325929872118437 ) ) ;
#4392 = CARTESIAN_POINT ( 'NONE',  ( -0.6933764186136609498, -0.6684638433550371683, -0.1681243975739825924 ) ) ;
#4393 = CARTESIAN_POINT ( 'NONE',  ( 0.2642857142857141795, -0.02000000000000005940, 0.09129738975606004059 ) ) ;
#4394 = CARTESIAN_POINT ( 'NONE',  ( -1.114999999999999769, -0.1200000000000000233, 0.0000000000000000000 ) ) ;
#4395 = CARTESIAN_POINT ( 'NONE',  ( -0.9528571428571425139, -0.1794186792585485968, -0.1918572011534898647 ) ) ;
#4396 = EDGE_CURVE ( 'NONE', #3205, #1574, #1219, .T. ) ;
#4397 = EDGE_CURVE ( 'NONE', #5449, #3874, #3530, .T. ) ;
#4398 = CARTESIAN_POINT ( 'NONE',  ( 0.04195571862438408212, -0.2338755223519162763, 0.2352907415409404290 ) ) ;
#4399 = FACE_OUTER_BOUND ( 'NONE', #2040, .T. ) ;
#4400 = CARTESIAN_POINT ( 'NONE',  ( -0.8280433845867302134, -0.1310929670780213996, 0.08082609474012976414 ) ) ;
#4401 = LINE ( 'NONE', #946, #1352 ) ;
#4402 = CARTESIAN_POINT ( 'NONE',  ( -3.499999999999999112, -0.2399999999999999634, 0.06250000000000000000 ) ) ;
#4403 = CARTESIAN_POINT ( 'NONE',  ( 0.2774930645452898803, -0.3414756432945413311, -0.2921918053327882681 ) ) ;
#4404 = ORIENTED_EDGE ( 'NONE', *, *, #4356, .T. ) ;
#4405 = CARTESIAN_POINT ( 'NONE',  ( -0.1494081604674240560, -0.3613816464820046592, -0.2942174351373503804 ) ) ;
#4406 = CARTESIAN_POINT ( 'NONE',  ( -0.08214285714285711471, -0.6693959207434930780, 0.3127325929872118437 ) ) ;
#4407 = CARTESIAN_POINT ( 'NONE',  ( -0.3183896423022993805, -0.5878748035658165616, 0.2486330519752998347 ) ) ;
#4408 = CARTESIAN_POINT ( 'NONE',  ( -1.135295471974028469, -0.1466542693878098158, 0.1236210335928836779 ) ) ;
#4409 = CARTESIAN_POINT ( 'NONE',  ( 0.6392857142857139019, -0.3309916264174740386, -0.3899711648727292590 ) ) ;
#4410 = CARTESIAN_POINT ( 'NONE',  ( -0.4184748881371059825, -0.5509285973156723415, -0.2704893585490892871 ) ) ;
#4411 = CARTESIAN_POINT ( 'NONE',  ( -0.1871332372022110890, -0.1697655552030485904, -0.1654783171269777753 ) ) ;
#4412 = CARTESIAN_POINT ( 'NONE',  ( 1.392142857142856238, -0.6070469405576197630, -0.2345494447404088134 ) ) ;
#4413 = CARTESIAN_POINT ( 'NONE',  ( 0.6607142857142852543, -0.5090083735825254863, -0.3899711648727292590 ) ) ;
#4414 = CARTESIAN_POINT ( 'NONE',  ( -0.6249170807479398349, -0.6205002865764637221, 0.2231867125741013314 ) ) ;
#4415 = CARTESIAN_POINT ( 'NONE',  ( -0.3755043440438950442, -0.7127770152479034893, -0.06548528674818482331 ) ) ;
#4416 = CARTESIAN_POINT ( 'NONE',  ( 0.4464285714285711193, -0.7803875471609674763, 0.1735534956470231316 ) ) ;
#4417 = CARTESIAN_POINT ( 'NONE',  ( -0.9499999999999998446, -0.4199999999999998734, 0.4102867453090213723 ) ) ;
#4418 = CARTESIAN_POINT ( 'NONE',  ( -0.4214285714285714302, -0.5980167471650511546, 0.3696555844364371457 ) ) ;
#4419 = B_SPLINE_CURVE_WITH_KNOTS ( 'NONE', 3,
 ( #3821, #3900, #4205, #1291, #2579, #3, #2492, #4290, #1744, #386, #470, #52, #1770, #2106, #1233, #5534, #3480, #444 ),
 .UNSPECIFIED., .F., .F.,
 ( 4, 2, 2, 2, 2, 2, 2, 2, 4 ),
 ( 0.8571426287764396523, 0.8656264145318695036, 0.8741102002872994658, 0.8825939860427293171, 0.8910777717981591683, 0.8995615575535890196, 0.9080453433090189819, 0.9165291290644488331, 0.9250129148198786844 ),
 .UNSPECIFIED. ) ;
#4420 = AXIS2_PLACEMENT_3D ( 'NONE', #4819, #1437, #5240 ) ;
#4421 = CARTESIAN_POINT ( 'NONE',  ( 1.128571428571427893, -0.5980167471650512656, 0.3696555844364370902 ) ) ;
#4422 = CARTESIAN_POINT ( 'NONE',  ( -0.7034013470828806014, -0.6282495608759588457, -0.2159488171726151040 ) ) ;
#4423 = CARTESIAN_POINT ( 'NONE',  ( 0.1464285714285713247, -0.7803875471609674763, 0.1735534956470231316 ) ) ;
#4424 = CARTESIAN_POINT ( 'NONE',  ( -0.1571428571428570842, -0.7407750943219351125, -0.2558096015379863197 ) ) ;
#4425 = CARTESIAN_POINT ( 'NONE',  ( -1.070714285714285507, -0.4867562801868940969, 0.2924783736545468749 ) ) ;
#4426 = CARTESIAN_POINT ( 'NONE',  ( 0.9024811068644467138, -0.4985243887682556108, -0.2921917967161468122 ) ) ;
#4427 = CARTESIAN_POINT ( 'NONE',  ( 0.01928191637019859017, -0.3621681566200222746, 0.2943731530914289740 ) ) ;
#4428 = DIRECTION ( 'NONE',  ( 1.000000000000000000, -0.0000000000000000000, -0.0000000000000000000 ) ) ;
#4429 = CARTESIAN_POINT ( 'NONE',  ( -0.8153643749565179233, -0.1200084518279043028, 0.002326373667563525361 ) ) ;
#4430 = CARTESIAN_POINT ( 'NONE',  ( 3.499999999999999112, -0.2300164480803674194, -0.06250000000000000000 ) ) ;
#4431 = CARTESIAN_POINT ( 'NONE',  ( -1.150000000000002798, -0.4199999999999508571, -0.3999999999999998557 ) ) ;
#4432 = DIRECTION ( 'NONE',  ( 0.0000000000000000000, -1.000000000000000000, 0.0000000000000000000 ) ) ;
#4433 = EDGE_LOOP ( 'NONE', ( #3481, #3877, #610, #3029, #5559, #414, #2548, #1071, #5361, #4106, #2243 ) ) ;
#4434 = CARTESIAN_POINT ( 'NONE',  ( -0.7999999999999997113, -0.4199999999999999845, -0.4102867453090214278 ) ) ;
#4435 = CARTESIAN_POINT ( 'NONE',  ( -0.3232662220386578467, -0.6125929170171470206, 0.2300184874269386170 ) ) ;
#4436 = CARTESIAN_POINT ( 'NONE',  ( -1.125586411911058793, -0.1273346808830150834, 0.06598201162574714174 ) ) ;
#4437 = CARTESIAN_POINT ( 'NONE',  ( 1.057142857142856718, -0.7407750943219351125, 0.2558096015379863197 ) ) ;
#4438 = CARTESIAN_POINT ( 'NONE',  ( -0.4228518284329975119, -0.5256089716985419269, -0.2808048115800497180 ) ) ;
#4439 = CARTESIAN_POINT ( 'NONE',  ( -0.1962796107324747963, -0.1426930797663841788, -0.1144590708283968472 ) ) ;
#4440 = CARTESIAN_POINT ( 'NONE',  ( 1.049285714285713711, -0.3532437198131055389, -0.2924783736545468749 ) ) ;
#4441 = CARTESIAN_POINT ( 'NONE',  ( 0.7678571428571423496, -0.6693959207434931891, 0.3127325929872117327 ) ) ;
#4442 = CARTESIAN_POINT ( 'NONE',  ( -0.6341161616081876229, -0.6593602627294510299, 0.1808609453227602026 ) ) ;
#4443 = CARTESIAN_POINT ( 'NONE',  ( -0.3749496221109125393, -0.7135043682920036989, -0.06210431335097763017 ) ) ;
#4444 = CARTESIAN_POINT ( 'NONE',  ( 0.3392857142857140795, -0.3309916264174740386, -0.3899711648727292590 ) ) ;
#4445 = CARTESIAN_POINT ( 'NONE',  ( -3.499999999999999112, -0.2399999999999999634, -0.06250000000000000000 ) ) ;
#4446 = CARTESIAN_POINT ( 'NONE',  ( -0.3357142857142856318, -0.01999999999999999695, 0.09129738975605992957 ) ) ;
#4447 = CARTESIAN_POINT ( 'NONE',  ( -0.2778571428571428026, -0.6070469405576197630, -0.2345494447404087579 ) ) ;
#4448 = CARTESIAN_POINT ( 'NONE',  ( -0.6889332805359077438, -0.6830071870245330024, -0.1443183570006266736 ) ) ;
#4449 = CARTESIAN_POINT ( 'NONE',  ( 0.8642857142857138797, -0.02000000000000005940, 0.09129738975606004059 ) ) ;
#4450 = CARTESIAN_POINT ( 'NONE',  ( -0.4357142857142856651, -0.8199999999999997291, -0.09129738975605987406 ) ) ;
#4451 = CARTESIAN_POINT ( 'NONE',  ( 0.6649926553210431246, -0.7199999999960617902, -1.077744577749732467E-06 ) ) ;
#4452 = CARTESIAN_POINT ( 'NONE',  ( 0.8774815851716878390, -0.3414756575437533637, -0.2921918091621535374 ) ) ;
#4453 = CARTESIAN_POINT ( 'NONE',  ( 0.03936376561347094960, -0.2470417085508237187, 0.2451723758032139100 ) ) ;
#4454 = CARTESIAN_POINT ( 'NONE',  ( -0.9036461935197285245, -0.5047676053869613044, 0.2877982602830255199 ) ) ;
#4455 = CARTESIAN_POINT ( 'NONE',  ( 3.499999999999999112, -0.4199999999999995404, 0.0000000000000000000 ) ) ;
#4456 = ORIENTED_EDGE ( 'NONE', *, *, #5083, .T. ) ;
#4457 = VECTOR ( 'NONE', #3801, 39.37007874015748143 ) ;
#4458 = CARTESIAN_POINT ( 'NONE',  ( -0.1749999999999999889, -0.8199999999999997291, 4.898587196589411226E-17 ) ) ;
#4459 = DIRECTION ( 'NONE',  ( 1.000000000000000000, 1.268357997058408169E-16, -0.0000000000000000000 ) ) ;
#4460 = ORIENTED_EDGE ( 'NONE', *, *, #2658, .F. ) ;
#4461 = CARTESIAN_POINT ( 'NONE',  ( -0.3412056549578488251, -0.6834258128846906200, 0.1435738092301060975 ) ) ;
#4462 = CARTESIAN_POINT ( 'NONE',  ( 0.1428571428571427937, -0.7407750943219348905, -0.2558096015379864308 ) ) ;
#4463 = CARTESIAN_POINT ( 'NONE',  ( 0.9071428571428564736, -0.09922490567806467598, -0.2558096015379863752 ) ) ;
#4464 = CARTESIAN_POINT ( 'NONE',  ( -0.3944941853326708325, -0.6645214705578383896, -0.1738382464843908903 ) ) ;
#4465 = CARTESIAN_POINT ( 'NONE',  ( -0.1644903234228984878, -0.2728523322579360921, -0.2614798809238672583 ) ) ;
#4466 = CARTESIAN_POINT ( 'NONE',  ( 0.9742857142857136443, -0.1200000000000000788, 0.06847304231704502697 ) ) ;
#4467 = CARTESIAN_POINT ( 'NONE',  ( 0.8428571428571425272, -0.09922490567806474537, 0.2558096015379864863 ) ) ;
#4468 = CARTESIAN_POINT ( 'NONE',  ( -0.6625330692498633267, -0.7196173857487559999, 0.01566771317291670851 ) ) ;
#4469 = PLANE ( 'NONE',  #3080 ) ;
#4470 = CARTESIAN_POINT ( 'NONE',  ( -0.9890534700722207750, -0.6826718975248029508, -0.1450065570033175766 ) ) ;
#4471 = CARTESIAN_POINT ( 'NONE',  ( 0.07142857142857138297, -0.5980167471650511546, -0.3696555844364371457 ) ) ;
#4472 = CARTESIAN_POINT ( 'NONE',  ( 1.210000000000001741, -0.1439689087611868701, 0.2428745747720506276 ) ) ;
#4473 = CARTESIAN_POINT ( 'NONE',  ( -0.6999999999999998446, -0.4199999999999999289, 0.4102867453090214278 ) ) ;
#4474 = CARTESIAN_POINT ( 'NONE',  ( 0.4524897163946931533, -0.3414756219183731067, 0.2921917995881016528 ) ) ;
#4475 = CARTESIAN_POINT ( 'NONE',  ( -0.6933236568245373377, -0.6686471850338012723, -0.1678529984470628345 ) ) ;
#4476 = CARTESIAN_POINT ( 'NONE',  ( 0.9071428571428564736, -0.09922490567806467598, -0.2558096015379863752 ) ) ;
#4477 = CARTESIAN_POINT ( 'NONE',  ( -1.104285714285714093, -0.1200000000000000788, -0.06847304231704502697 ) ) ;
#4478 = CARTESIAN_POINT ( 'NONE',  ( -1.295714285714285818, -0.1200000000000000372, 0.06847304231704492983 ) ) ;
#4479 = CARTESIAN_POINT ( 'NONE',  ( 0.9399803894035845264, -0.6821359291120899782, -0.1510856722796029283 ) ) ;
#4480 = CARTESIAN_POINT ( 'NONE',  ( 0.01628701483949803949, -0.3808095550242435734, 0.2974695243072269513 ) ) ;
#4481 = CARTESIAN_POINT ( 'NONE',  ( -0.8746799133558932349, -0.3251262591829633397, 0.2847656193285553750 ) ) ;
#4482 = CARTESIAN_POINT ( 'NONE',  ( 0.2821428571428569732, -0.1706040792565065856, 0.3127325929872118437 ) ) ;
#4483 = LINE ( 'NONE', #1626, #1899 ) ;
#4484 = VERTEX_POINT ( 'NONE', #3680 ) ;
#4485 = APPLICATION_CONTEXT ( 'configuration controlled 3d designs of mechanical parts and assemblies' ) ;
#4486 = CARTESIAN_POINT ( 'NONE',  ( -0.05428571428571427049, -0.7199999999999996403, 0.06847304231704497146 ) ) ;
#4487 = ORIENTED_EDGE ( 'NONE', *, *, #2069, .F. ) ;
#4488 = CARTESIAN_POINT ( 'NONE',  ( -0.3369617598143169190, -0.6696409430589150835, 0.1663714244092300565 ) ) ;
#4489 = CARTESIAN_POINT ( 'NONE',  ( 0.03571428571428571230, -0.01999999999999999348, -0.09129738975605992957 ) ) ;
#4490 = CARTESIAN_POINT ( 'NONE',  ( 0.8964285714285709084, -0.05961245283903229136, -0.1735534956470231871 ) ) ;
#4491 = CARTESIAN_POINT ( 'NONE',  ( -0.4682272562853790343, -0.2529740694783316202, -0.2492034302335405793 ) ) ;
#4492 = CARTESIAN_POINT ( 'NONE',  ( -0.1964139068032133006, -0.1423703044942764007, -0.1136747977369032270 ) ) ;
#4493 = VERTEX_POINT ( 'NONE', #5491 ) ;
#4494 = CARTESIAN_POINT ( 'NONE',  ( 0.7214285714285710860, -0.5980167471650511546, -0.3696555844364371457 ) ) ;
#4495 = CARTESIAN_POINT ( 'NONE',  ( -2.147139134848051967, -0.1779385408620368647, -0.06250000000000000000 ) ) ;
#4496 = CARTESIAN_POINT ( 'NONE',  ( 0.9635714285714280791, -0.1497093396292742684, 0.1301651217352674250 ) ) ;
#4497 = CARTESIAN_POINT ( 'NONE',  ( -1.029092434475848528, -0.4879553681843951107, -0.2922118268625855664 ) ) ;
#4498 = CARTESIAN_POINT ( 'NONE',  ( -0.9868177122743896357, -0.6892350754633523868, -0.1324109525002404031 ) ) ;
#4499 = CARTESIAN_POINT ( 'NONE',  ( 0.08214285714285708695, -0.6693959207434930780, -0.3127325929872118437 ) ) ;
#4500 = FACE_OUTER_BOUND ( 'NONE', #1942, .T. ) ;
#4501 = CARTESIAN_POINT ( 'NONE',  ( -0.6035714285714284255, -0.05961245283903235381, -0.1735534956470232704 ) ) ;
#4502 = CARTESIAN_POINT ( 'NONE',  ( -0.3421428571428570820, -0.2329530594423799283, -0.2345494447404088134 ) ) ;
#4503 = CARTESIAN_POINT ( 'NONE',  ( -0.7274872593960356459, -0.4978416021886724052, -0.2897371603337823287 ) ) ;
#4504 = CARTESIAN_POINT ( 'NONE',  ( 1.228571428571427759, -0.2419832528349483425, -0.3696555844364371457 ) ) ;
#4505 = CARTESIAN_POINT ( 'NONE',  ( -0.9178571428571427049, -0.1706040792565065023, 0.3127325929872117327 ) ) ;
#4506 = EDGE_CURVE ( 'NONE', #1374, #1537, #893, .T. ) ;
#4507 = CARTESIAN_POINT ( 'NONE',  ( 0.8837314655948780295, -0.3807301154525426501, -0.3000000031121127786 ) ) ;
#4508 = CARTESIAN_POINT ( 'NONE',  ( 0.05415138747429855404, -0.1804152213383407866, 0.1806696709973873993 ) ) ;
#4509 = CARTESIAN_POINT ( 'NONE',  ( -0.8979802095425705177, -0.4697223664360521411, 0.2958934001583082285 ) ) ;
#4510 = CARTESIAN_POINT ( 'NONE',  ( 0.2071428571428570453, -0.7407750943219351125, 0.2558096015379863197 ) ) ;
#4511 = CARTESIAN_POINT ( 'NONE',  ( -0.2285714285714270655, -0.5980167471650512656, -0.3696555844364370902 ) ) ;
#4512 = ORIENTED_EDGE ( 'NONE', *, *, #1907, .T. ) ;
#4513 = AXIS2_PLACEMENT_3D ( 'NONE', #3260, #5336, #4910 ) ;
#4514 = ORIENTED_EDGE ( 'NONE', *, *, #4565, .F. ) ;
#4515 = CARTESIAN_POINT ( 'NONE',  ( -0.3601666192127556676, -0.7184831225025569701, 0.03052702223331231826 ) ) ;
#4516 = CARTESIAN_POINT ( 'NONE',  ( 3.449999999999997513, -0.4199999999999995404, 0.0000000000000000000 ) ) ;
#4517 = CARTESIAN_POINT ( 'NONE',  ( 0.2364285714285712381, -0.1497093396292742407, -0.1301651217352673418 ) ) ;
#4518 = CARTESIAN_POINT ( 'NONE',  ( -0.4530183847818457510, -0.3391095687852881957, -0.2889416867868271899 ) ) ;
#4519 = CARTESIAN_POINT ( 'NONE',  ( -0.2141166898875248026, -0.1200000053672960754, -0.005685973471296487496 ) ) ;
#4520 = B_SPLINE_CURVE_WITH_KNOTS ( 'NONE', 3,
 ( #465, #3475, #490, #3423, #2602, #2184, #1792, #2157, #1710, #2661, #2542, #1284, #2996, #5204, #3081, #1312, #4787, #2571, #3896, #1367, #4368, #4701, #519, #3813, #857, #5526, #3053, #4282, #437, #3870, #5148, #3025, #4729, #885, #47, #1764, #2800, #4818, #1938, #4061, #3645, #4508, #5356, #4875, #1402, #2324, #214, #3226, #5272, #2237, #1883, #973, #1004, #1031, #2745, #5326, #1521, #4929, #4398, #3197, #3946, #4453, #2719, #604, #548, #1822, #1463, #4032, #185, #100, #1436, #1085, #3531, #1909, #3617, #3170, #3975, #2268, #575, #132, #5239, #2350, #4848, #1491, #3111, #2691, #3142, #2296, #1856, #4901, #3563, #1059, #4427, #4005, #159, #3592, #5299, #2772, #4480, #634, #5011, #2828, #1165, #1621, #4088, #1109, #1987, #4536, #3333, #241, #2881, #3698, #2403, #694, #4116, #5038, #2452, #5383, #1193, #5463, #1597, #5411, #267, #1570, #1138, #3280, #4983, #1546, #344, #3673, #2479, #2064, #3744, #742, #4561, #4587, #2906, #2853, #4165, #2428, #318, #665, #4615, #4192, #717, #4141, #2377, #767, #2038, #1963, #5064, #3777, #292, #2012, #3307, #3253, #5492, #3722, #5438, #1647, #2933, #4953, #3359, #1220, #4307, #1759, #4248, #3444, #3018, #3047, #2989, #822, #3495, #371, #4219, #400, #3469, #3914, #2150, #68, #3417, #4754, #3805, #2563, #4641, #1786, #3388, #16, #2595, #2091, #5170, #2508, #42, #879, #906, #5521, #1731, #2961 ),
 .UNSPECIFIED., .F., .F.,
 ( 4, 2, 2, 1, 1, 1, 2, 2, 2, 2, 2, 1, 1, 1, 1, 1, 1, 2, 2, 1, 1, 1, 2, 2, 2, 1, 1, 1, 1, 2, 2, 2, 1, 1, 2, 2, 2, 1, 1, 1, 1, 2, 2, 2, 1, 1, 1, 2, 2, 2, 2, 2, 1, 1, 1, 1, 1, 2, 2, 2, 2, 1, 1, 1, 1, 2, 2, 2, 2, 2, 2, 1, 1, 1, 1, 2, 2, 2, 2, 1, 1, 1, 2, 2, 2, 2, 2, 1, 1, 1, 1, 2, 2, 2, 1, 2, 2, 2, 1, 1, 1, 1, 2, 2, 2, 1, 1, 2, 2, 2, 2, 1, 1, 1, 1, 2, 2, 1, 1, 1, 2, 2, 2, 2, 1, 1, 1, 2, 2, 4 ),
 ( 0.0000000000000000000, 0.007621039546442639860, 0.007680578917899224048, 0.007740118289355809970, 0.007859197032268975744, 0.008097354518095314230, 0.008573669489747985997, 0.009526299433053331267, 0.01143155931966402701, 0.01524207909288542023, 0.01527184877861370929, 0.01530161846434199835, 0.01536115783579857993, 0.01548023657871174484, 0.01571839406453806251, 0.01619470903619069785, 0.01714733897949596853, 0.01905259886610650988, 0.01917167760901966958, 0.01929075635193282234, 0.01952891383775913134, 0.02000522880941173198, 0.02095785875271694368, 0.02286311863932738442, 0.02298219738224054412, 0.02310127612515370382, 0.02333943361098001629, 0.02381574858263261693, 0.02476837852593782863, 0.02667363841254824508, 0.03048415818576907452, 0.03072231567159537310, 0.03096047315742167516, 0.03143678812907427927, 0.03238941807237952913, 0.03429467795899000804, 0.03435421733044658615, 0.03441375670190316427, 0.03453283544481630662, 0.03477099293064259827, 0.03524730790229517463, 0.03619993784560032735, 0.03810519773221061196, 0.03816473710366719702, 0.03822427647512377513, 0.03834335521803696606, 0.03858151270386336179, 0.03905782767551612550, 0.04001045761882163210, 0.04191571750543263836, 0.04572623727865467863, 0.04575600696438297116, 0.04578577665011126369, 0.04584531602156786262, 0.04596439476448108130, 0.04620255225030749091, 0.04667886722196029625, 0.04763149716526589306, 0.04953675705187709360, 0.05334727682509950858, 0.05340681619655611445, 0.05346635556801270645, 0.05358543431092595982, 0.05382359179675248739, 0.05429990676840554253, 0.05525253671171165976, 0.05715779659832392195, 0.06096831637154842554, 0.06477883614477292218, 0.06858935591799740494, 0.06864889528945404551, 0.06870843466091067220, 0.06882751340382396721, 0.06906567088965052947, 0.06954198586130368176, 0.07049461580460991694, 0.07239987569122242894, 0.07621039546444742518, 0.07626993483590406575, 0.07632947420736067856, 0.07644855295027393194, 0.07668671043610039706, 0.07716302540775332730, 0.07811565535105921554, 0.08002091523767099202, 0.08383143501089454497, 0.08389097438235118553, 0.08395051375380779835, 0.08406959249672101009, 0.08430774998254743358, 0.08478406495420025279, 0.08573669489750591899, 0.08764195478411725138, 0.08811826975577008447, 0.08859458472742294532, 0.08954721467072862540, 0.09145247455733995778, 0.09157155330025321116, 0.09169063204316646454, 0.09192878952899290190, 0.09240510450064577663, 0.09335773444395151222, 0.09526299433056296950, 0.09907351410378584244, 0.09919259284669904031, 0.09931167158961225205, 0.09954982907543866166, 0.1000261440470914809, 0.1009787739903971193, 0.1028840338770084378, 0.1030031126199216635, 0.1031221913628349030, 0.1033603488486613681, 0.1038366638203142844, 0.1047892937636201310, 0.1066945536502318381, 0.1068136323931450776, 0.1069327111360583032, 0.1071708686218847684, 0.1076471835935377402, 0.1085998135368436562, 0.1105050734234554466, 0.1143155931966790134, 0.1144346719395922529, 0.1145537506825054924, 0.1147919081683319437, 0.1152682231399849017, 0.1162208530832907899, 0.1181261129699025941, 0.1219366327431261748 ),
 .UNSPECIFIED. ) ;
#4521 = ORIENTED_EDGE ( 'NONE', *, *, #305, .F. ) ;
#4522 = CARTESIAN_POINT ( 'NONE',  ( 0.2714285714285712969, -0.2419832528349484257, 0.3696555844364372012 ) ) ;
#4523 = AXIS2_PLACEMENT_3D ( 'NONE', #3313, #2017, #3340 ) ;
#4524 = CARTESIAN_POINT ( 'NONE',  ( 1.174999999999999156, -0.01999999999999999001, 0.0000000000000000000 ) ) ;
#4525 = CARTESIAN_POINT ( 'NONE',  ( -0.6634821905071753845, -0.7198510642008719707, 0.009661939109275707871 ) ) ;
#4526 = CARTESIAN_POINT ( 'NONE',  ( -1.040088812066774393, -0.4194454409705064002, -0.3000052203539413931 ) ) ;
#4527 = CARTESIAN_POINT ( 'NONE',  ( -0.9918521561842746914, -0.6736902422341013441, -0.1601473557671419246 ) ) ;
#4528 = VERTEX_POINT ( 'NONE', #4000 ) ;
#4529 = FACE_OUTER_BOUND ( 'NONE', #2274, .T. ) ;
#4530 = CIRCLE ( 'NONE', #4080, 0.2499999999999998612 ) ;
#4531 = CARTESIAN_POINT ( 'NONE',  ( -0.7599737658156097142, -0.2980599101016046526, -0.2741038581472415858 ) ) ;
#4532 = CARTESIAN_POINT ( 'NONE',  ( 1.207142857142856629, -0.09922490567806467598, -0.2558096015379863752 ) ) ;
#4533 = CARTESIAN_POINT ( 'NONE',  ( -0.7892857142857141461, -0.5090083735825255973, -0.3899711648727292590 ) ) ;
#4534 = CARTESIAN_POINT ( 'NONE',  ( -0.6039551616565684844, -0.5066542691834590162, 0.2872237652837058008 ) ) ;
#4535 = CARTESIAN_POINT ( 'NONE',  ( -1.211201350557298939, -0.1267897690494783347, 0.2769513859041513593 ) ) ;
#4536 = CARTESIAN_POINT ( 'NONE',  ( 0.0004852350746731592967, -0.4792823836077088617, 0.2940844011076051423 ) ) ;
#4537 = CARTESIAN_POINT ( 'NONE',  ( -0.9016686360260083299, -0.4926545334679481303, 0.2910816078584463340 ) ) ;
#4538 = CARTESIAN_POINT ( 'NONE',  ( 0.3249999999999997891, -0.01999999999999999001, 0.0000000000000000000 ) ) ;
#4539 = CARTESIAN_POINT ( 'NONE',  ( -0.2071428571428556020, -0.7407750943219351125, -0.2558096015379863197 ) ) ;
#4540 = EDGE_CURVE ( 'NONE', #1886, #1498, #926, .T. ) ;
#4541 = AXIS2_PLACEMENT_3D ( 'NONE', #2045, #2410, #3314 ) ;
#4542 = CARTESIAN_POINT ( 'NONE',  ( -0.3580079416502929823, -0.7167772920611367171, 0.04394197315762462391 ) ) ;
#4543 = CARTESIAN_POINT ( 'NONE',  ( -0.7955789462199838180, -0.1443695121566162531, -0.1185468526885216922 ) ) ;
#4544 = CARTESIAN_POINT ( 'NONE',  ( 1.346428571428570642, -0.7803875471609674763, 0.1735534956470231316 ) ) ;
#4545 = CARTESIAN_POINT ( 'NONE',  ( -0.4871757715751810491, -0.1696188922795357767, -0.1652563142475400593 ) ) ;
#4546 = CARTESIAN_POINT ( 'NONE',  ( -0.2067135877825590218, -0.1245103293872183853, -0.05192641692413606236 ) ) ;
#4547 = CARTESIAN_POINT ( 'NONE',  ( 0.3571428571428570953, -0.09922490567806467598, -0.2558096015379863752 ) ) ;
#4548 = CARTESIAN_POINT ( 'NONE',  ( -0.06614784316404491438, -0.7199999999999819877, -0.007334781810133524788 ) ) ;
#4549 = CARTESIAN_POINT ( 'NONE',  ( -0.6650004588724299781, -0.7199999999999844302, -6.820146811721343172E-08 ) ) ;
#4550 = CARTESIAN_POINT ( 'NONE',  ( -1.046858928543920486, -0.3772721650002364147, -0.2969765031238476016 ) ) ;
#4551 = VERTEX_POINT ( 'NONE', #5350 ) ;
#4552 = CARTESIAN_POINT ( 'NONE',  ( 0.1524954560814103799, -0.3414756290434882158, 0.2921918015029249527 ) ) ;
#4553 = ORIENTED_EDGE ( 'NONE', *, *, #3750, .T. ) ;
#4554 = DIRECTION ( 'NONE',  ( 1.000000000000000000, 1.268357997058408169E-16, 0.0000000000000000000 ) ) ;
#4555 = CARTESIAN_POINT ( 'NONE',  ( -0.5625793868938141484, -0.2571355098377692272, 0.2520923914486262185 ) ) ;
#4556 = CARTESIAN_POINT ( 'NONE',  ( -0.7612228691927950264, -0.2909894224960172804, -0.2708453007605517437 ) ) ;
#4557 = CARTESIAN_POINT ( 'NONE',  ( 0.7785714285714280258, -0.5980167471650512656, 0.3696555844364370347 ) ) ;
#4558 = CARTESIAN_POINT ( 'NONE',  ( -1.196428571428571175, -0.05961245283903229136, 0.1735534956470231871 ) ) ;
#4559 = APPROVAL_PERSON_ORGANIZATION ( #2567, #650, #771 ) ;
#4560 = CARTESIAN_POINT ( 'NONE',  ( -1.014285714285714235, -0.8199999999999997291, 0.09129738975605995732 ) ) ;
#4561 = CARTESIAN_POINT ( 'NONE',  ( -0.01840365255671180811, -0.5879478948535643568, 0.2485836950844204085 ) ) ;
#4562 = CARTESIAN_POINT ( 'NONE',  ( -0.8629643758972503909, -0.2591891984486131006, 0.2533053669798260854 ) ) ;
#4563 = CARTESIAN_POINT ( 'NONE',  ( 0.7857142857142855874, -0.8199999999999997291, 0.09129738975605987406 ) ) ;
#4564 = CARTESIAN_POINT ( 'NONE',  ( -0.4107142857142841441, -0.5090083735825254863, 0.3899711648727292590 ) ) ;
#4565 = EDGE_CURVE ( 'NONE', #4945, #835, #5016, .T. ) ;
#4566 = AXIS2_PLACEMENT_3D ( 'NONE', #4445, #595, #1482 ) ;
#4567 = EDGE_CURVE ( 'NONE', #192, #1010, #3201, .T. ) ;
#4568 = CARTESIAN_POINT ( 'NONE',  ( 0.2349965661986074261, -0.7199999999991250066, -5.097316863321137046E-07 ) ) ;
#4569 = CARTESIAN_POINT ( 'NONE',  ( -0.8075688494862413025, -0.1236444051784736098, -0.04665904456925395322 ) ) ;
#4570 = CARTESIAN_POINT ( 'NONE',  ( 0.3114285714285712214, -0.5535125603737884870, -0.2772416883273278176 ) ) ;
#4571 = CARTESIAN_POINT ( 'NONE',  ( -0.4768674236835171998, -0.2105038434624280641, -0.2147695615221248133 ) ) ;
#4572 = CARTESIAN_POINT ( 'NONE',  ( -0.1278571428571428359, -0.2329530594423798728, 0.2345494447404087857 ) ) ;
#4573 = CARTESIAN_POINT ( 'NONE',  ( 0.1535714285714284977, -0.7803875471609672543, -0.1735534956470232149 ) ) ;
#4574 = CARTESIAN_POINT ( 'NONE',  ( 1.132142857142856451, -0.1706040792565065856, 0.3127325929872118437 ) ) ;
#4575 = CARTESIAN_POINT ( 'NONE',  ( -0.2155127999229423108, -0.1200152497288837355, 0.003272897326404045591 ) ) ;
#4576 = CARTESIAN_POINT ( 'NONE',  ( -1.048908226079853678, -0.3644972439562249589, -0.2948211961981885842 ) ) ;
#4577 = EDGE_LOOP ( 'NONE', ( #5454, #5388, #3847, #4460 ) ) ;
#4578 = CARTESIAN_POINT ( 'NONE',  ( -0.3957142857142855741, -0.1200000000000000372, 0.06847304231704492983 ) ) ;
#4579 = ORIENTED_EDGE ( 'NONE', *, *, #3990, .T. ) ;
#4580 = CARTESIAN_POINT ( 'NONE',  ( 0.1385714285714285121, -0.2864874396262112599, -0.2772416883273278176 ) ) ;
#4581 = CARTESIAN_POINT ( 'NONE',  ( 1.052478237020985974, -0.3414756076698107212, 0.2921917957589027504 ) ) ;
#4582 = CARTESIAN_POINT ( 'NONE',  ( -0.7223251943662132302, -0.5286971136903083623, -0.2796160622296368081 ) ) ;
#4583 = CARTESIAN_POINT ( 'NONE',  ( -0.4249999999999999334, -0.8199999999999997291, 4.898587196589411226E-17 ) ) ;
#4584 = CARTESIAN_POINT ( 'NONE',  ( -0.8642857142857143238, -0.02000000000000005940, -0.09129738975606004059 ) ) ;
#4585 = CARTESIAN_POINT ( 'NONE',  ( -0.5792857142857142927, -0.3532437198131055389, 0.2924783736545468749 ) ) ;
#4586 = CARTESIAN_POINT ( 'NONE',  ( -1.121428571428571441, -0.2419832528349484257, -0.3696555844364372012 ) ) ;
#4587 = CARTESIAN_POINT ( 'NONE',  ( -0.01865890323284602123, -0.5892800900854603396, 0.2476808066970459521 ) ) ;
#4588 = CARTESIAN_POINT ( 'NONE',  ( -0.9517558706472855068, -0.7085881505256280688, 0.08203809086365464187 ) ) ;
#4589 = VERTEX_POINT ( 'NONE', #2291 ) ;
#4590 = CARTESIAN_POINT ( 'NONE',  ( 0.2499999999999998612, -0.4199999999999999845, 0.4102867453090214278 ) ) ;
#4591 = CARTESIAN_POINT ( 'NONE',  ( -0.05714285714285564227, -0.09922490567806467598, 0.2558096015379863752 ) ) ;
#4592 = CARTESIAN_POINT ( 'NONE',  ( -1.010714285714285454, -0.5090083735825254863, 0.3899711648727292590 ) ) ;
#4593 = CARTESIAN_POINT ( 'NONE',  ( 1.059999999999999387, -0.4199999999999998734, -0.3077150589817659876 ) ) ;
#4594 = CARTESIAN_POINT ( 'NONE',  ( 0.08928571428571424606, -0.3309916264174740386, -0.3899711648727292590 ) ) ;
#4595 = CARTESIAN_POINT ( 'NONE',  ( 0.4185714285714283167, -0.5535125603737885980, 0.2772416883273277621 ) ) ;
#4596 = CARTESIAN_POINT ( 'NONE',  ( -0.4750100070122196261, -0.2190488105225210924, -0.2227658235459012426 ) ) ;
#4597 = CIRCLE ( 'NONE', #5319, 0.2499999999999998612 ) ;
#4598 = CARTESIAN_POINT ( 'NONE',  ( -1.499999999999999778, -0.1700000000000004285, 0.0000000000000000000 ) ) ;
#4599 = ORIENTED_EDGE ( 'NONE', *, *, #282, .F. ) ;
#4600 = CARTESIAN_POINT ( 'NONE',  ( 0.3035714285714284366, -0.05961245283903235381, 0.1735534956470232704 ) ) ;
#4601 = CARTESIAN_POINT ( 'NONE',  ( -0.08224761001195027288, -0.7008745321226687031, -0.1058620681640572991 ) ) ;
#4602 = CARTESIAN_POINT ( 'NONE',  ( -0.2338174942849584881, -0.1429285160557283163, 0.1150278932281416228 ) ) ;
#4603 = CARTESIAN_POINT ( 'NONE',  ( -1.014586528337213522, -0.5720958164177311067, -0.2585891723736972181 ) ) ;
#4604 = ORIENTED_EDGE ( 'NONE', *, *, #791, .F. ) ;
#4605 = EDGE_CURVE ( 'NONE', #4229, #4126, #3764, .T. ) ;
#4606 = CARTESIAN_POINT ( 'NONE',  ( -0.5135714285714284566, -0.6902906603707253952, 0.1301651217352673973 ) ) ;
#4607 = CARTESIAN_POINT ( 'NONE',  ( 0.5399880423193841317, -0.1578640911509247569, -0.1510857074362381425 ) ) ;
#4608 = CARTESIAN_POINT ( 'NONE',  ( -0.7399831669144887325, -0.4201095661774831846, -0.3000177609479082186 ) ) ;
#4609 = CIRCLE ( 'NONE', #2108, 0.2500000000000001110 ) ;
#4610 = CARTESIAN_POINT ( 'NONE',  ( -0.03928571428571425717, -0.3309916264174740386, 0.3899711648727292590 ) ) ;
#4611 = CARTESIAN_POINT ( 'NONE',  ( -0.8857142857142856762, -0.01999999999999999695, 0.09129738975605992957 ) ) ;
#4612 = CARTESIAN_POINT ( 'NONE',  ( -0.1078571428571428181, -0.6070469405576197630, -0.2345494447404087579 ) ) ;
#4613 = CARTESIAN_POINT ( 'NONE',  ( -0.1321428571428571175, -0.6693959207434930780, 0.3127325929872118437 ) ) ;
#4614 = CARTESIAN_POINT ( 'NONE',  ( 0.02500000000000000139, -0.01999999999999999001, 0.0000000000000000000 ) ) ;
#4615 = CARTESIAN_POINT ( 'NONE',  ( -0.02369268645894849132, -0.6146663542057350105, 0.2282696892076404027 ) ) ;
#4616 = CARTESIAN_POINT ( 'NONE',  ( -0.9130510629464737571, -0.5591967801964676799, 0.2657604130034825762 ) ) ;
#4617 = CARTESIAN_POINT ( 'NONE',  ( 0.8928571428571425717, -0.09922490567806474537, 0.2558096015379864308 ) ) ;
#4618 = CARTESIAN_POINT ( 'NONE',  ( -0.8607142857142840997, -0.3309916264174742051, -0.3899711648727292590 ) ) ;
#4619 = PERSON_AND_ORGANIZATION ( #2568, #1152 ) ;
#4620 = CARTESIAN_POINT ( 'NONE',  ( -1.214285714285714413, -0.02000000000000005940, -0.09129738975606004059 ) ) ;
#4621 = CARTESIAN_POINT ( 'NONE',  ( 1.092142857142856416, -0.6070469405576197630, -0.2345494447404088134 ) ) ;
#4622 = CARTESIAN_POINT ( 'NONE',  ( 0.1535714285714284977, -0.7803875471609672543, -0.1735534956470232149 ) ) ;
#4623 = CARTESIAN_POINT ( 'NONE',  ( 0.0007142857142856823011, -0.4867562801868940969, -0.2924783736545468749 ) ) ;
#4624 = CARTESIAN_POINT ( 'NONE',  ( -3.483426013712332736, -0.2125686362880321312, -0.06250000000000000000 ) ) ;
#4625 = CARTESIAN_POINT ( 'NONE',  ( -0.2128926828132354232, -0.1201403610383363907, -0.01345640295561100971 ) ) ;
#4626 = ORIENTED_EDGE ( 'NONE', *, *, #1826, .F. ) ;
#4627 = CARTESIAN_POINT ( 'NONE',  ( 0.9142857142857139241, -0.02000000000000005940, 0.09129738975606004059 ) ) ;
#4628 = CARTESIAN_POINT ( 'NONE',  ( -0.1213221318028576273, -0.5345112671808733840, -0.2772853821471973346 ) ) ;
#4629 = EDGE_CURVE ( 'NONE', #2303, #1537, #5209, .T. ) ;
#4630 = CARTESIAN_POINT ( 'NONE',  ( -0.2576212999517860092, -0.2317741503116163004, 0.2336067190501291690 ) ) ;
#4631 = CARTESIAN_POINT ( 'NONE',  ( -1.098739419789569904, -0.1371359927020843195, -0.1000359448188651024 ) ) ;
#4632 = CARTESIAN_POINT ( 'NONE',  ( -0.8349945818878637960, -0.7199999999978200504, 7.950444947110093563E-07 ) ) ;
#4633 = CARTESIAN_POINT ( 'NONE',  ( -1.150000000000000133, -0.7014473072627093186, -0.1300216265081901301 ) ) ;
#4634 = CARTESIAN_POINT ( 'NONE',  ( -0.6020836533852634842, -0.4952318449932799904, 0.2904139500139999996 ) ) ;
#4635 = CARTESIAN_POINT ( 'NONE',  ( -0.7700835007200328430, -0.2433767599086836542, -0.2424968243481724073 ) ) ;
#4636 = LINE ( 'NONE', #3303, #3561 ) ;
#4637 = CARTESIAN_POINT ( 'NONE',  ( 0.6850000336343864404, -0.1200000000000126799, -8.704305666599427795E-08 ) ) ;
#4638 = CARTESIAN_POINT ( 'NONE',  ( -0.4828571428571427071, -0.1794186792585485968, -0.1918572011534898647 ) ) ;
#4639 = CARTESIAN_POINT ( 'NONE',  ( -0.5071428571428571175, -0.7407750943219351125, -0.2558096015379863197 ) ) ;
#4640 = DIRECTION ( 'NONE',  ( 0.0000000000000000000, 1.000000000000000000, 0.0000000000000000000 ) ) ;
#4641 = CARTESIAN_POINT ( 'NONE',  ( -0.05136974913248215646, -0.7080463304048807416, 0.08441021702393045056 ) ) ;
#4642 = CARTESIAN_POINT ( 'NONE',  ( -0.9235526731397902811, -0.6139913537268256727, 0.2288522674007336943 ) ) ;
#4643 = CARTESIAN_POINT ( 'NONE',  ( 0.01785714285714282840, -0.1706040792565065023, -0.3127325929872117327 ) ) ;
#4644 = CARTESIAN_POINT ( 'NONE',  ( -0.9142857142857127029, -0.02000000000000005940, -0.09129738975606002671 ) ) ;
#4645 = COORDINATED_UNIVERSAL_TIME_OFFSET ( 6, 0, .BEHIND. ) ;
#4646 = CARTESIAN_POINT ( 'NONE',  ( -1.085714285714285632, -0.8199999999999997291, -0.09129738975605987406 ) ) ;
#4647 = DIRECTION ( 'NONE',  ( 1.000000000000000000, 1.268357997058408169E-16, -0.0000000000000000000 ) ) ;
#4648 = CARTESIAN_POINT ( 'NONE',  ( 0.9649999999999994138, -0.7199999999999997513, -3.673940397442057649E-17 ) ) ;
#4649 = CARTESIAN_POINT ( 'NONE',  ( -3.499999999999999112, -0.2399999999999999634, -0.06250000000000000000 ) ) ;
#4650 = CARTESIAN_POINT ( 'NONE',  ( 0.8350007922890173573, -0.7199999999999530109, 1.177164345732216122E-07 ) ) ;
#4651 = ORIENTED_EDGE ( 'NONE', *, *, #4939, .F. ) ;
#4652 = VERTEX_POINT ( 'NONE', #3608 ) ;
#4653 = CARTESIAN_POINT ( 'NONE',  ( 1.310714285714284832, -0.5090083735825254863, -0.3899711648727292590 ) ) ;
#4654 = CARTESIAN_POINT ( 'NONE',  ( -1.149999999999999467, -0.05312299068498922000, -0.06289808747805324118 ) ) ;
#4655 = CARTESIAN_POINT ( 'NONE',  ( -0.1029426917641129563, -0.6303115301301593920, -0.2139380833849265640 ) ) ;
#4656 = CARTESIAN_POINT ( 'NONE',  ( -0.2392189931818740900, -0.1578630197100032162, 0.1459039923606476330 ) ) ;
#4657 = CARTESIAN_POINT ( 'NONE',  ( -1.113903542802675561, -0.1200690571527186085, -0.006989097407334276223 ) ) ;
#4658 = CARTESIAN_POINT ( 'NONE',  ( -0.5591827675808829223, -0.2396283558785662071, 0.2397224747329230188 ) ) ;
#4659 = CARTESIAN_POINT ( 'NONE',  ( 0.6099999999999995426, -0.4199999999999999845, 0.3077150589817659876 ) ) ;
#4660 = CARTESIAN_POINT ( 'NONE',  ( 0.6742857142857138220, -0.1200000000000000649, 0.06847304231704502697 ) ) ;
#4661 = CARTESIAN_POINT ( 'NONE',  ( -0.6022532741295617553, -0.4962742019990303288, 0.2901421946326621093 ) ) ;
#4662 = CARTESIAN_POINT ( 'NONE',  ( -0.7702615311377123408, -0.2424593084235393547, -0.2418249907840968882 ) ) ;
#4663 = CARTESIAN_POINT ( 'NONE',  ( -0.2964285714285713746, -0.05961245283903229136, 0.1735534956470231871 ) ) ;
#4664 = CARTESIAN_POINT ( 'NONE',  ( 0.06499853106432006145, -0.7199999999998422107, -2.155483516425997140E-07 ) ) ;
#4665 = CARTESIAN_POINT ( 'NONE',  ( -0.5471428571428571530, -0.1794186792585485413, 0.1918572011534897814 ) ) ;
#4666 = CARTESIAN_POINT ( 'NONE',  ( -0.3785714285714284477, -0.2419832528349483425, 0.3696555844364371457 ) ) ;
#4667 = CARTESIAN_POINT ( 'NONE',  ( 0.9785714285714279814, -0.2419832528349483425, -0.3696555844364371457 ) ) ;
#4668 = CARTESIAN_POINT ( 'NONE',  ( -1.150000000000000355, -0.1497438897655134493, -0.2954013944681146420 ) ) ;
#4669 = CARTESIAN_POINT ( 'NONE',  ( -0.9322026302016981347, -0.6519954547646266141, 0.1902313768411609540 ) ) ;
#4670 = CARTESIAN_POINT ( 'NONE',  ( -0.02500000000000000139, -0.01999999999999999001, 0.0000000000000000000 ) ) ;
#4671 = CARTESIAN_POINT ( 'NONE',  ( -0.6892857142857127251, -0.3309916264174740386, 0.3899711648727292590 ) ) ;
#4672 = APPLICATION_PROTOCOL_DEFINITION ( 'international standard', 'config_control_design', 1994, #5387 ) ;
#4673 = CARTESIAN_POINT ( 'NONE',  ( -1.096428571428571308, -0.7803875471609674763, -0.1735534956470231316 ) ) ;
#4674 = CARTESIAN_POINT ( 'NONE',  ( 3.449999999999997513, -0.4199999999999995404, 0.0000000000000000000 ) ) ;
#4675 = CARTESIAN_POINT ( 'NONE',  ( 0.6864285714285709439, -0.6902906603707253952, 0.1301651217352673140 ) ) ;
#4676 = CARTESIAN_POINT ( 'NONE',  ( -0.4922801229480953111, -0.1533625508468002829, -0.1375030370870221064 ) ) ;
#4677 = CARTESIAN_POINT ( 'NONE',  ( 1.500000000000000444, -0.4199999999999998179, 0.0000000000000000000 ) ) ;
#4678 = VERTEX_POINT ( 'NONE', #3963 ) ;
#4679 = EDGE_LOOP ( 'NONE', ( #2610, #1469, #2356, #3398 ) ) ;
#4680 = CARTESIAN_POINT ( 'NONE',  ( 1.364285714285713214, -0.8199999999999997291, -0.09129738975605995732 ) ) ;
#4681 = CARTESIAN_POINT ( 'NONE',  ( -1.149999999999999467, -0.05622520102029530259, -0.02829280311701582243 ) ) ;
#4682 = CARTESIAN_POINT ( 'NONE',  ( -0.09178982559629143834, -0.6739078484646393585, -0.1598592081697449152 ) ) ;
#4683 = CARTESIAN_POINT ( 'NONE',  ( -0.2662818697225575182, -0.2770164506797339610, 0.2639149533856109398 ) ) ;
#4684 = CARTESIAN_POINT ( 'NONE',  ( -1.068002352869524607, -0.2541498158229629767, -0.2499877423227286344 ) ) ;
#4685 = CARTESIAN_POINT ( 'NONE',  ( -0.5665721538005432656, -0.2787124069131378112, 0.2646629937749811479 ) ) ;
#4686 = CARTESIAN_POINT ( 'NONE',  ( 0.8349999999999994094, -0.7199999999999997513, -3.673940397442057649E-17 ) ) ;
#4687 = CARTESIAN_POINT ( 'NONE',  ( -1.149999999999999467, -0.6822761611830807649, -0.1929154468489958363 ) ) ;
#4688 = CARTESIAN_POINT ( 'NONE',  ( -0.5875424266950618479, -0.4046878145120849091, 0.2996091574055951834 ) ) ;
#4689 = CARTESIAN_POINT ( 'NONE',  ( -0.7743435222223687964, -0.2222162745603395440, -0.2255728070368033522 ) ) ;
#4690 = CARTESIAN_POINT ( 'NONE',  ( -0.02857142857142854972, -0.2419832528349483425, 0.3696555844364371457 ) ) ;
#4691 = CARTESIAN_POINT ( 'NONE',  ( -0.02250119576804605892, -0.3414756361691001496, -0.2921918034178808132 ) ) ;
#4692 = CARTESIAN_POINT ( 'NONE',  ( -0.7721428571428569088, -0.2329530594423799283, -0.2345494447404088134 ) ) ;
#4693 = VECTOR ( 'NONE', #1199, 39.37007874015748143 ) ;
#4694 = CARTESIAN_POINT ( 'NONE',  ( -0.8285714285714284033, -0.5980167471650512656, -0.3696555844364370347 ) ) ;
#4695 = CARTESIAN_POINT ( 'NONE',  ( 0.9571428571428564069, -0.09922490567806467598, -0.2558096015379863752 ) ) ;
#4696 = CARTESIAN_POINT ( 'NONE',  ( -0.6723001631430512992, -0.7164879455163681854, -0.04584430835468347037 ) ) ;
#4697 = CARTESIAN_POINT ( 'NONE',  ( -0.9192636835898539971, -0.5924161717628527724, 0.2455051069782081263 ) ) ;
#4698 = CARTESIAN_POINT ( 'NONE',  ( 1.203571428571427848, -0.05961245283903235381, 0.1735534956470232704 ) ) ;
#4699 = CARTESIAN_POINT ( 'NONE',  ( -0.7535714285714268934, -0.7803875471609672543, 0.1735534956470232149 ) ) ;
#4700 = CARTESIAN_POINT ( 'NONE',  ( -1.246428571428570997, -0.05961245283903229136, 0.1735534956470231871 ) ) ;
#4701 = CARTESIAN_POINT ( 'NONE',  ( 0.06587335770736731100, -0.1436893153490636788, 0.1168463182147958940 ) ) ;
#4702 = CARTESIAN_POINT ( 'NONE',  ( 0.8257142857142851788, -0.1200000000000000372, -0.06847304231704492983 ) ) ;
#4703 = CARTESIAN_POINT ( 'NONE',  ( -0.4974443234609080000, -0.1399719721670981964, -0.1076468637154643498 ) ) ;
#4704 = CARTESIAN_POINT ( 'NONE',  ( -0.1921428571428571153, -0.6070469405576197630, 0.2345494447404088134 ) ) ;
#4705 = ORIENTED_EDGE ( 'NONE', *, *, #1241, .T. ) ;
#4706 = ORIENTED_EDGE ( 'NONE', *, *, #2819, .F. ) ;
#4707 = CARTESIAN_POINT ( 'NONE',  ( 1.407142857142856363, -0.7407750943219351125, 0.2558096015379863197 ) ) ;
#4708 = CARTESIAN_POINT ( 'NONE',  ( 0.2274940211597412110, -0.1278081989757983150, -0.07852437273785424499 ) ) ;
#4709 = CARTESIAN_POINT ( 'NONE',  ( -0.08862399008840288195, -0.6839426323571414779, -0.1425988435261578702 ) ) ;
#4710 = CARTESIAN_POINT ( 'NONE',  ( -0.2749999999999999112, -0.01999999999999999001, 0.0000000000000000000 ) ) ;
#4711 = CARTESIAN_POINT ( 'NONE',  ( -0.2723287786382182496, -0.3113262334657628250, 0.2796370497026065549 ) ) ;
#4712 = CARTESIAN_POINT ( 'NONE',  ( -1.090596168275650424, -0.1584067458875053347, -0.1469624980382966961 ) ) ;
#4713 = CARTESIAN_POINT ( 'NONE',  ( -0.5395162959447730167, -0.1587843999438574571, 0.1475347588157601975 ) ) ;
#4714 = CARTESIAN_POINT ( 'NONE',  ( 0.3099999999999998312, -0.4199999999999999845, 0.3077150589817659876 ) ) ;
#4715 = CARTESIAN_POINT ( 'NONE',  ( 0.1357142857142856207, -0.8199999999999997291, 0.09129738975605987406 ) ) ;
#4716 = CARTESIAN_POINT ( 'NONE',  ( -0.5781408409477505339, -0.3461498017862255638, 0.2907684315654640028 ) ) ;
#4717 = CARTESIAN_POINT ( 'NONE',  ( -0.7785714285714284699, -0.5980167471650512656, -0.3696555844364370902 ) ) ;
#4718 = CARTESIAN_POINT ( 'NONE',  ( 0.7064285714285709616, -0.1497093396292742407, -0.1301651217352673418 ) ) ;
#4719 = CARTESIAN_POINT ( 'NONE',  ( -0.7935714285714282612, -0.1497093396292742684, -0.1301651217352674250 ) ) ;
#4720 = CARTESIAN_POINT ( 'NONE',  ( -0.4535714285714285143, -0.7803875471609672543, 0.1735534956470232149 ) ) ;
#4721 = CARTESIAN_POINT ( 'NONE',  ( 0.5928571428571425272, -0.09922490567806474537, 0.2558096015379864863 ) ) ;
#4722 = CARTESIAN_POINT ( 'NONE',  ( -1.150000000000000799, -0.1252072026827708295, -0.2709198324646328038 ) ) ;
#4723 = CARTESIAN_POINT ( 'NONE',  ( -0.9590382787244512430, -0.7179044052929691722, 0.03759352924204556468 ) ) ;
#4724 = CARTESIAN_POINT ( 'NONE',  ( 1.421375172962996203, -0.6459586064626974267, 0.3314232274330198846 ) ) ;
#4725 = CARTESIAN_POINT ( 'NONE',  ( -1.128571428571427004, -0.5980167471650512656, -0.3696555844364370902 ) ) ;
#4726 =( BOUNDED_CURVE ( )  B_SPLINE_CURVE ( 2, ( #5049, #5420, #4993, #1203, #4572, #2916, #2437, #4149, #468, #2942, #4704, #2187, #5073, #4732, #2131 ),
 .UNSPECIFIED., .F., .T. ) 
 B_SPLINE_CURVE_WITH_KNOTS ( ( 3, 2, 2, 2, 2, 2, 2, 3 ),
 ( 0.0000000000000000000, 0.01742147783463313462, 0.03484295566926626925, 0.05226443350389940040, 0.06968591133853253849, 0.08710738917316566965, 0.1045288670077988008, 0.1219503026412926266 ),
 .UNSPECIFIED. ) 
 CURVE ( )  GEOMETRIC_REPRESENTATION_ITEM ( )  RATIONAL_B_SPLINE_CURVE ( ( 1.000000000000000000, 0.9749279121818236193, 1.000000000000000000, 0.9749279121818236193, 1.000000000000000000, 0.9749279121818236193, 1.000000000000000000, 0.9749279121818236193, 1.000000000000000000, 0.9749279121818236193, 1.000000000000000000, 0.9749279121818236193, 1.000000000000000000, 0.9749279121818236193, 1.000000000000000000 ) ) 
 REPRESENTATION_ITEM ( '' )  );
#4727 = DATE_TIME_ROLE ( 'classification_date' ) ;
#4728 = CARTESIAN_POINT ( 'NONE',  ( -0.8671428571428568821, -0.6605813207414512611, -0.1918572011534897537 ) ) ;
#4729 = CARTESIAN_POINT ( 'NONE',  ( 0.05936002323818438675, -0.1623390036273691384, 0.1536775489808901163 ) ) ;
#4730 = CARTESIAN_POINT ( 'NONE',  ( 0.6007142857142853121, -0.4867562801868940969, -0.2924783736545468749 ) ) ;
#4731 = CYLINDRICAL_SURFACE ( 'NONE', #5237, 0.2999999999999998224 ) ;
#4732 = CARTESIAN_POINT ( 'NONE',  ( -0.2242857142857142827, -0.7199999999999997513, 0.06847304231704495758 ) ) ;
#4733 = EDGE_LOOP ( 'NONE', ( #1686, #1408, #1504, #4008 ) ) ;
#4734 = ADVANCED_FACE ( 'NONE', ( #3935 ), #4469, .T. ) ;
#4735 = CARTESIAN_POINT ( 'NONE',  ( 0.8285714285714280702, -0.5980167471650512656, 0.3696555844364370347 ) ) ;
#4736 = CARTESIAN_POINT ( 'NONE',  ( -1.149999999999999911, -0.07263875941422617832, 0.03919604391357716516 ) ) ;
#4737 = EDGE_LOOP ( 'NONE', ( #2575, #3087, #3324, #2844, #1140 ) ) ;
#4738 = CARTESIAN_POINT ( 'NONE',  ( -0.1184559968339703034, -0.5510308772488372586, -0.2704300095626506750 ) ) ;
#4739 = CARTESIAN_POINT ( 'NONE',  ( -0.5749999999999998446, -0.01999999999999999001, 0.0000000000000000000 ) ) ;
#4740 = CARTESIAN_POINT ( 'NONE',  ( -0.2998038699541725194, -0.4810815787225397600, 0.2937176219637214758 ) ) ;
#4741 = CARTESIAN_POINT ( 'NONE',  ( -1.107811048951443000, -0.1234059015146175692, -0.04516405628394393884 ) ) ;
#4742 = CARTESIAN_POINT ( 'NONE',  ( -0.5482826750385811909, -0.1899241053231340848, 0.1925607932849172643 ) ) ;
#4743 = EDGE_CURVE ( 'NONE', #1853, #4974, #5224, .T. ) ;
#4744 = CARTESIAN_POINT ( 'NONE',  ( 0.7599999999999996758, -0.4199999999999999289, -0.3077150589817659876 ) ) ;
#4745 = B_SPLINE_CURVE_WITH_KNOTS ( 'NONE', 3,
 ( #3943, #71, #1789, #4920, #1076, #5346, #1398, #3108, #909, #4365, #97, #4814, #622, #2368, #3242, #3634, #203, #4105, #2761, #3526, #5374, #3498, #1926, #4077, #2789, #1818, #4498, #3077, #4470, #1509, #2630, #231, #1953, #4527, #488, #4944, #3663, #1536, #515, #5202, #1099, #2816, #2394, #684, #257, #1978, #1337, #4757, #4783, #4337, #2208, #3917, #939, #3688, #4971, #1123, #5401, #1561, #3270, #4603, #4999, #649, #1508, #1925, #5373, #230, #3687, #707, #1183, #5453, #1535, #4497, #3240, #3662, #3709, #4943, #2815, #3734, #3216, #307, #1611, #2843, #1098, #202, #4970, #2393, #4526, #2025, #2366, #4550, #1151, #3633, #4076, #683, #1952, #2867, #4576, #757, #730, #2441, #4104, #5345, #256, #1977, #5399, #2417, #2896, #3322, #1560, #3268, #1122, #4131, #5425, #279, #1999, #5028, #4918, #4048, #1075, #2788, #1584, #3294, #4153, #2138, #4684, #2921, #784, #3007, #2469, #1294, #1749, #419, #1691, #840, #3852, #4208, #5510, #3378, #3763, #2977, #5159, #6, #1720, #1666, #2553, #4235, #4264, #3350, #5482, #2054, #3433, #5132, #4712, #2081, #2110, #869, #3824, #4180, #361, #1323, #1638, #389, #5079, #5054, #2524, #5537, #3036, #3405, #448, #1209, #5106, #4631, #2583, #4294, #1265, #2168, #3881, #31, #1237, #3460, #4741, #811, #334, #2495, #3794, #2949, #4657, #1891, #896, #3064, #4379, #3572 ),
 .UNSPECIFIED., .F., .F.,
 ( 4, 1, 2, 2, 2, 2, 2, 1, 1, 1, 1, 2, 2, 2, 2, 2, 2, 2, 2, 1, 2, 2, 2, 2, 2, 2, 1, 1, 2, 2, 2, 2, 1, 2, 2, 1, 1, 2, 2, 1, 1, 2, 2, 2, 1, 2, 2, 2, 2, 2, 2, 2, 2, 2, 2, 2, 1, 1, 1, 1, 2, 2, 1, 2, 1, 1, 2, 2, 1, 2, 2, 2, 2, 1, 1, 1, 2, 2, 2, 2, 1, 2, 2, 2, 1, 2, 2, 2, 2, 2, 2, 1, 2, 2, 1, 1, 1, 2, 2, 1, 1, 2, 2, 2, 1, 2, 2, 2, 2, 2, 1, 1, 2, 4 ),
 ( 0.8536578178924304483, 0.8546106384608067597, 0.8550870487449949708, 0.8555634590291830710, 0.8574691001659358047, 0.8593747413026884274, 0.8594938438737355080, 0.8596129464447824775, 0.8598511515868766386, 0.8603275618710647388, 0.8612803824394411611, 0.8650916647129464065, 0.8669973058496990292, 0.8679501264180753406, 0.8689029469864516519, 0.8708085881232043857, 0.8727142292599570084, 0.8746198703967096311, 0.8750962806808977312, 0.8755726909650859424, 0.8765255115334623648, 0.8784311526702149875, 0.8793839732385914099, 0.8803367938069678322, 0.8841480760804732997, 0.8843862812225673498, 0.8846244863646615109, 0.8851008966488497220, 0.8860537172172261444, 0.8879593583539788781, 0.8889121789223553005, 0.8898649994907317229, 0.8917706406274845676, 0.8936762817642374124, 0.8941526920484256236, 0.8946291023326137237, 0.8955819229009901461, 0.8993932051744957246, 0.9003460257428720359, 0.9012988463112483473, 0.9032044874480010810, 0.9051101285847538147, 0.9060629491531301261, 0.9063011542952242872, 0.9065393594373183372, 0.9070157697215064374, 0.9108270519950116828, 0.9127326931317643055, 0.9136855137001407279, 0.9141619239843288280, 0.9146383342685170392, 0.9184496165420225067, 0.9203552576787752404, 0.9213080782471515517, 0.9217844885313397629, 0.9219035911023868435, 0.9220226936734339240, 0.9222608988155279741, 0.9241665399522810409, 0.9251193605206574633, 0.9255957708048457855, 0.9258339759469398356, 0.9260721810890339967, 0.9279778222257868414, 0.9289306427941632638, 0.9294070530783514750, 0.9296452582204455251, 0.9297048095059690098, 0.9297643607914926056, 0.9298834633625396862, 0.9336947456360452646, 0.9356003867727979983, 0.9365532073411744207, 0.9370296176253627429, 0.9372678227674567930, 0.9373869253385038736, 0.9374464766240274693, 0.9375060279095510651, 0.9413173101830575318, 0.9417937204672458540, 0.9422701307514341762, 0.9432229513198108206, 0.9451285924565641094, 0.9460814130249407539, 0.9470342335933173983, 0.9489398747300705761, 0.9527511570035771538, 0.9532275672877654760, 0.9537039775719539092, 0.9546567981403305536, 0.9565624392770838424, 0.9568006444191780036, 0.9569197469902250841, 0.9570388495612721647, 0.9575152598454604869, 0.9584680804138370203, 0.9603737215505900870, 0.9608501318347784093, 0.9609692344058254898, 0.9610883369768725704, 0.9613265421189667315, 0.9622793626873433759, 0.9641850038240966647, 0.9679962860976033534, 0.9684726963817916756, 0.9687109015238858367, 0.9689491066659799978, 0.9699019272343566422, 0.9718075683711099311, 0.9737132095078631089, 0.9746660300762397533, 0.9751424403604280755, 0.9753806455025222366, 0.9756188506446163977 ),
 .UNSPECIFIED. ) ;
#4746 = CARTESIAN_POINT ( 'NONE',  ( -1.149999999999999689, -0.5423886987093192724, -0.3534413744359463649 ) ) ;
#4747 = CARTESIAN_POINT ( 'NONE',  ( -0.6405553376066831506, -0.6814380706551450562, 0.1471401528477694898 ) ) ;
#4748 = CARTESIAN_POINT ( 'NONE',  ( -0.7892857142857141461, -0.5090083735825255973, -0.3899711648727292590 ) ) ;
#4749 = LINE ( 'NONE', #4271, #4457 ) ;
#4750 = AXIS2_PLACEMENT_3D ( 'NONE', #3084, #5275, #2299 ) ;
#4751 = CARTESIAN_POINT ( 'NONE',  ( -0.7292857142857140929, -0.4867562801868941524, -0.2924783736545468749 ) ) ;
#4752 = CARTESIAN_POINT ( 'NONE',  ( -0.4749999999999999223, -0.8199999999999997291, 4.898587196589411226E-17 ) ) ;
#4753 = CARTESIAN_POINT ( 'NONE',  ( 0.8285714285714280702, -0.5980167471650512656, 0.3696555844364370902 ) ) ;
#4754 = CARTESIAN_POINT ( 'NONE',  ( -0.04743612405221821898, -0.7000095854816477114, 0.1076947376691464869 ) ) ;
#4755 = CARTESIAN_POINT ( 'NONE',  ( -0.9624715409124471321, -0.7195698778735323264, 0.01606009130502870919 ) ) ;
#4756 = CARTESIAN_POINT ( 'NONE',  ( 0.5964285714285710860, -0.05961245283903229136, -0.1735534956470231871 ) ) ;
#4757 = CARTESIAN_POINT ( 'NONE',  ( -1.003686285921765675, -0.6269609139827880817, -0.2171974510437171269 ) ) ;
#4758 = CARTESIAN_POINT ( 'NONE',  ( -0.8885714285714285676, -0.5535125603737885980, -0.2772416883273277621 ) ) ;
#4759 = CARTESIAN_POINT ( 'NONE',  ( -1.224999999999999867, -0.01999999999999999001, 0.0000000000000000000 ) ) ;
#4760 = CARTESIAN_POINT ( 'NONE',  ( 0.6114285714285710993, -0.5535125603737884870, -0.2772416883273278176 ) ) ;
#4761 = CARTESIAN_POINT ( 'NONE',  ( -0.8475286510039619081, -0.1869438540707147323, 0.1889305034069128919 ) ) ;
#4762 = DIRECTION ( 'NONE',  ( 1.000000000000000000, 1.268357997058408169E-16, -0.0000000000000000000 ) ) ;
#4763 = DIRECTION ( 'NONE',  ( 1.000000000000000000, 1.268357997058408169E-16, -0.0000000000000000000 ) ) ;
#4764 = CARTESIAN_POINT ( 'NONE',  ( 3.466739799365840202, -0.1952273313054392334, 0.06250000000000000000 ) ) ;
#4765 = ORIENTED_EDGE ( 'NONE', *, *, #1386, .F. ) ;
#4766 = CARTESIAN_POINT ( 'NONE',  ( -0.1498067413849923091, -0.3589005838618375410, -0.2937139078429573669 ) ) ;
#4767 = CARTESIAN_POINT ( 'NONE',  ( -0.1142857142857142683, -0.8199999999999997291, 0.09129738975605995732 ) ) ;
#4768 = CARTESIAN_POINT ( 'NONE',  ( -0.3010305204960956327, -0.4886881547085235034, 0.2920562595765729963 ) ) ;
#4769 = CYLINDRICAL_SURFACE ( 'NONE', #5504, 0.2500000000000001110 ) ;
#4770 = CARTESIAN_POINT ( 'NONE',  ( -0.4088587599643243586, -0.6020417896159093729, -0.2384843296583530614 ) ) ;
#4771 = CARTESIAN_POINT ( 'NONE',  ( 0.5885714285714284122, -0.5535125603737885980, 0.2772416883273277621 ) ) ;
#4772 = CARTESIAN_POINT ( 'NONE',  ( -1.149999999999999023, -0.5883702657837548422, -0.3204448414361762421 ) ) ;
#4773 = CARTESIAN_POINT ( 'NONE',  ( -0.6509174685745257039, -0.7071309492754030979, 0.08708377330736241650 ) ) ;
#4774 = CARTESIAN_POINT ( 'NONE',  ( -0.3744137537122395054, -0.7141748297569505688, -0.05883202366620886997 ) ) ;
#4775 = CARTESIAN_POINT ( 'NONE',  ( -0.7142857142857141906, -0.8199999999999997291, 0.09129738975605997120 ) ) ;
#4776 = CC_DESIGN_PERSON_AND_ORGANIZATION_ASSIGNMENT ( #4619, #404, ( #1044 ) ) ;
#4777 = CARTESIAN_POINT ( 'NONE',  ( 0.4492857142857140662, -0.3532437198131055389, -0.2924783736545468749 ) ) ;
#4778 = CARTESIAN_POINT ( 'NONE',  ( -0.9571428571428569620, -0.09922490567806467598, 0.2558096015379863752 ) ) ;
#4779 = CARTESIAN_POINT ( 'NONE',  ( 0.9249999999999993783, -0.01999999999999999001, 0.0000000000000000000 ) ) ;
#4780 = CARTESIAN_POINT ( 'NONE',  ( -0.6900787930446442564, -0.6794664608339811007, -0.1506350247809133402 ) ) ;
#4781 = CARTESIAN_POINT ( 'NONE',  ( -0.5149999699673999398, -0.1200000000000678302, -2.015828881870967434E-07 ) ) ;
#4782 = CARTESIAN_POINT ( 'NONE',  ( 0.2535714285714283922, -0.05961245283903235381, 0.1735534956470232704 ) ) ;
#4783 = CARTESIAN_POINT ( 'NONE',  ( -1.004210258852683557, -0.6245531344828719744, -0.2194615191452979064 ) ) ;
#4784 = CARTESIAN_POINT ( 'NONE',  ( -0.07142857142857141073, -0.5980167471650511546, 0.3696555844364371457 ) ) ;
#4785 = ORIENTED_EDGE ( 'NONE', *, *, #2381, .T. ) ;
#4786 = CARTESIAN_POINT ( 'NONE',  ( -1.060000000000000053, -0.4199999999999999289, 0.3077150589817659876 ) ) ;
#4787 = CARTESIAN_POINT ( 'NONE',  ( 0.06620438459270702736, -0.1428748737348640718, 0.1148984986909329792 ) ) ;
#4788 = CARTESIAN_POINT ( 'NONE',  ( 2.311999999999999389, -0.2400000000000001021, 0.06250000000000000000 ) ) ;
#4789 = CARTESIAN_POINT ( 'NONE',  ( -2.142038714664894705, -0.1733492386007999264, -0.04211924804414790557 ) ) ;
#4790 = CARTESIAN_POINT ( 'NONE',  ( -0.5457142857142855963, -0.7199999999999997513, -0.06847304231704488819 ) ) ;
#4791 = CIRCLE ( 'NONE', #676, 0.2500000000000002220 ) ;
#4792 = CARTESIAN_POINT ( 'NONE',  ( -0.08928571428571427382, -0.3309916264174740386, 0.3899711648727292590 ) ) ;
#4793 = CARTESIAN_POINT ( 'NONE',  ( 3.499999999999999112, -0.2300164480803674194, 0.06250000000000000000 ) ) ;
#4794 = ORIENTED_EDGE ( 'NONE', *, *, #2650, .F. ) ;
#4795 = CARTESIAN_POINT ( 'NONE',  ( -0.1530054932483133345, -0.3391876922085109713, -0.2889631520628702654 ) ) ;
#4796 = CARTESIAN_POINT ( 'NONE',  ( -0.09285714285714284644, -0.7407750943219348905, 0.2558096015379864308 ) ) ;
#4797 = CARTESIAN_POINT ( 'NONE',  ( -0.3181824041696363348, -0.5867913446979375891, 0.2493604995569200233 ) ) ;
#4798 = CARTESIAN_POINT ( 'NONE',  ( -1.115000009142710136, -0.1200000000000058936, 5.842956563953087042E-08 ) ) ;
#4799 = CARTESIAN_POINT ( 'NONE',  ( -0.4337243516387688791, -0.4591199841490322120, -0.2974791254407749275 ) ) ;
#4800 = CARTESIAN_POINT ( 'NONE',  ( -0.1697415780671232555, -0.2451068765213355316, -0.2437588596704829969 ) ) ;
#4801 = CARTESIAN_POINT ( 'NONE',  ( 1.113571428571427768, -0.6902906603707253952, -0.1301651217352673973 ) ) ;
#4802 = EDGE_CURVE ( 'NONE', #5532, #441, #1845, .T. ) ;
#4803 = CARTESIAN_POINT ( 'NONE',  ( 0.5749999999999996225, -0.01999999999999999001, 0.0000000000000000000 ) ) ;
#4804 = CARTESIAN_POINT ( 'NONE',  ( -0.6578700909769348293, -0.7168807404568440234, 0.04484521016432877621 ) ) ;
#4805 = CARTESIAN_POINT ( 'NONE',  ( -0.3884719841988243383, -0.6843988616284693016, -0.1417509678412699203 ) ) ;
#4806 = CARTESIAN_POINT ( 'NONE',  ( 0.3285714285714282923, -0.2419832528349483425, -0.3696555844364371457 ) ) ;
#4807 = DIRECTION ( 'NONE',  ( 0.0000000000000000000, 1.000000000000000000, 0.0000000000000000000 ) ) ;
#4808 = AXIS2_PLACEMENT_3D ( 'NONE', #4893, #4051, #5403 ) ;
#4809 = CARTESIAN_POINT ( 'NONE',  ( -0.5285714285714284699, -0.5980167471650512656, -0.3696555844364370347 ) ) ;
#4810 = CARTESIAN_POINT ( 'NONE',  ( -1.074999999999999734, -0.8199999999999997291, 4.898587196589411226E-17 ) ) ;
#4811 = CARTESIAN_POINT ( 'NONE',  ( 1.096428571428570864, -0.7803875471609674763, 0.1735534956470231316 ) ) ;
#4812 = CARTESIAN_POINT ( 'NONE',  ( -0.6822338930631443032, -0.7007623731139640544, -0.1057456350294442987 ) ) ;
#4813 = CARTESIAN_POINT ( 'NONE',  ( 0.4142857142857140351, -0.8199999999999997291, -0.09129738975605995732 ) ) ;
#4814 = CARTESIAN_POINT ( 'NONE',  ( -0.9720824995163692694, -0.7166811949051827835, -0.04450127128766145218 ) ) ;
#4815 = CARTESIAN_POINT ( 'NONE',  ( -1.144982957318349426, -0.1772960826677577317, 0.1763372011561487596 ) ) ;
#4816 = EDGE_CURVE ( 'NONE', #5302, #2804, #2675, .T. ) ;
#4817 = CARTESIAN_POINT ( 'NONE',  ( -1.177857142857142714, -0.6070469405576197630, -0.2345494447404087579 ) ) ;
#4818 = CARTESIAN_POINT ( 'NONE',  ( 0.05672274947727989208, -0.1711865684311855429, 0.1676065955764797499 ) ) ;
#4819 = CARTESIAN_POINT ( 'NONE',  ( 2.311999999999999389, 0.009999999999999892655, 0.06250000000000000000 ) ) ;
#4820 = CARTESIAN_POINT ( 'NONE',  ( -2.147139134848051967, -0.1779385408620368647, -0.06250000000000000000 ) ) ;
#4821 = CARTESIAN_POINT ( 'NONE',  ( 0.02500000000000000139, -0.01999999999999999001, 0.0000000000000000000 ) ) ;
#4822 = CARTESIAN_POINT ( 'NONE',  ( -0.2285714285714285643, -0.5980167471650512656, -0.3696555844364370347 ) ) ;
#4823 = CARTESIAN_POINT ( 'NONE',  ( 0.3524916296236111357, -0.7121918058114953265, -0.07852435492417304819 ) ) ;
#4824 = VERTEX_POINT ( 'NONE', #3396 ) ;
#4825 = CARTESIAN_POINT ( 'NONE',  ( -0.1538287219205163037, -0.3341886816991204157, -0.2875073049803736902 ) ) ;
#4826 = CARTESIAN_POINT ( 'NONE',  ( -0.1035714285714285365, -0.7803875471609672543, 0.1735534956470232149 ) ) ;
#4827 = CARTESIAN_POINT ( 'NONE',  ( -0.2878958653201831863, -0.4068898614656032975, 0.2999982177216477530 ) ) ;
#4828 = PLANE ( 'NONE',  #1106 ) ;
#4829 = CARTESIAN_POINT ( 'NONE',  ( 1.153571428571427804, -0.05961245283903235381, 0.1735534956470232704 ) ) ;
#4830 = CARTESIAN_POINT ( 'NONE',  ( -0.4072802515731815953, -0.6099113674299111443, -0.2322363257902459455 ) ) ;
#4831 = CARTESIAN_POINT ( 'NONE',  ( -0.1911762168308602794, -0.1566635430907241389, -0.1437369980599981223 ) ) ;
#4832 = CARTESIAN_POINT ( 'NONE',  ( 1.295714285714285596, -0.1200000000000000372, -0.06847304231704492983 ) ) ;
#4833 = CARTESIAN_POINT ( 'NONE',  ( 0.3178571428571426716, -0.1706040792565065023, -0.3127325929872117327 ) ) ;
#4834 = CARTESIAN_POINT ( 'NONE',  ( -0.6259911289523898414, -0.6254802256440479269, 0.2185817888588271751 ) ) ;
#4835 = CARTESIAN_POINT ( 'NONE',  ( -0.3744625159998218877, -0.7141151203724882546, -0.05913003513428881364 ) ) ;
#4836 = CARTESIAN_POINT ( 'NONE',  ( 0.3071428571428569954, -0.09922490567806467598, -0.2558096015379863752 ) ) ;
#4837 = CARTESIAN_POINT ( 'NONE',  ( -0.7571428571428568954, -0.7407750943219351125, -0.2558096015379863197 ) ) ;
#4838 = CARTESIAN_POINT ( 'NONE',  ( 0.02500000000000000139, -0.01999999999999999001, 0.0000000000000000000 ) ) ;
#4839 = CARTESIAN_POINT ( 'NONE',  ( -0.8178571428571426161, -0.6693959207434931891, -0.3127325929872117327 ) ) ;
#4840 = CIRCLE ( 'NONE', #5560, 0.2999999999999996003 ) ;
#4841 = CARTESIAN_POINT ( 'NONE',  ( -1.107142857142856762, -0.7407750943219351125, -0.2558096015379863197 ) ) ;
#4842 = CARTESIAN_POINT ( 'NONE',  ( 1.210000000000000409, -0.03949916892228094722, 0.1233657875959339734 ) ) ;
#4843 = CARTESIAN_POINT ( 'NONE',  ( -0.6831883572258198312, -0.6985775898745181234, -0.1113364711546643154 ) ) ;
#4844 = CARTESIAN_POINT ( 'NONE',  ( 0.3071428571428569954, -0.09922490567806467598, -0.2558096015379863752 ) ) ;
#4845 = CARTESIAN_POINT ( 'NONE',  ( 0.02500000000000001527, -0.01999999999999999001, 0.0000000000000000000 ) ) ;
#4846 = CARTESIAN_POINT ( 'NONE',  ( -0.5349999999999999201, -0.7199999999999997513, 3.673940397442057649E-17 ) ) ;
#4847 = CARTESIAN_POINT ( 'NONE',  ( 0.8149911863850846094, -0.1200000000056708205, 1.293294341024093514E-06 ) ) ;
#4848 = CARTESIAN_POINT ( 'NONE',  ( 0.02820334709511879492, -0.3082329253735515695, 0.2784056863523434733 ) ) ;
#4849 = CARTESIAN_POINT ( 'NONE',  ( 1.311375172956522839, -0.5894689548793682343, 0.2485674205489704358 ) ) ;
#4850 = CARTESIAN_POINT ( 'NONE',  ( -0.8150000239043870831, -0.1200000000000006339, -1.633829186215942432E-08 ) ) ;
#4851 = CARTESIAN_POINT ( 'NONE',  ( -0.5349967491328098124, -0.7199999999992151567, 4.770262338753787171E-07 ) ) ;
#4852 = EDGE_CURVE ( 'NONE', #4908, #1037, #439, .T. ) ;
#4853 = B_SPLINE_CURVE_WITH_KNOTS ( 'NONE', 3,
 ( #1490, #4874, #1030, #3644, #1462, #1058, #1961, #663, #130, #5325, #2718, #4900, #1518, #1936, #2744, #4951, #2771, #4847 ),
 .UNSPECIFIED., .F., .F.,
 ( 4, 2, 2, 2, 2, 2, 2, 2, 4 ),
 ( 0.5357141429853963244, 0.5491069965600251512, 0.5624998501346539781, 0.5758927037092828050, 0.5892855572839115208, 0.6026784108585403477, 0.6160712644331691745, 0.6294641180077980014, 0.6428569715824268282 ),
 .UNSPECIFIED. ) ;
#4854 = CARTESIAN_POINT ( 'NONE',  ( -0.1321428571428571175, -0.6693959207434930780, 0.3127325929872118437 ) ) ;
#4855 = CARTESIAN_POINT ( 'NONE',  ( 3.499999999999999112, -0.1199999999999997458, 0.0000000000000000000 ) ) ;
#4856 = EDGE_LOOP ( 'NONE', ( #2164, #2577, #4132, #3599, #4878, #1531, #3689 ) ) ;
#4857 = CARTESIAN_POINT ( 'NONE',  ( -0.9714285714285711970, -0.5980167471650511546, 0.3696555844364371457 ) ) ;
#4858 = CARTESIAN_POINT ( 'NONE',  ( -0.2786689011982015907, -0.3494014981575152556, 0.2918348436835231374 ) ) ;
#4859 = CARTESIAN_POINT ( 'NONE',  ( -1.116632239887292100, -0.1200000020316536187, 0.01043132220086101687 ) ) ;
#4860 = CARTESIAN_POINT ( 'NONE',  ( 1.271428571428571352, -0.5980167471650511546, -0.3696555844364371457 ) ) ;
#4861 = CARTESIAN_POINT ( 'NONE',  ( -0.3994018553106140068, -0.6456613020721354568, -0.1979212925999271067 ) ) ;
#4862 = CARTESIAN_POINT ( 'NONE',  ( -0.1668513504898620770, -0.2601206697249172639, -0.2540379041606701249 ) ) ;
#4863 = CARTESIAN_POINT ( 'NONE',  ( 1.188571428571428168, -0.5535125603737885980, 0.2772416883273277621 ) ) ;
#4864 = CARTESIAN_POINT ( 'NONE',  ( 0.3392857142857140795, -0.3309916264174740386, -0.3899711648727292590 ) ) ;
#4865 = CARTESIAN_POINT ( 'NONE',  ( -0.6313843456965909651, -0.6487385967897022487, 0.1942041351418386241 ) ) ;
#4866 = CARTESIAN_POINT ( 'NONE',  ( 1.210000000000000187, -0.02342919948718347189, 0.05512642305439067331 ) ) ;
#4867 = CARTESIAN_POINT ( 'NONE',  ( 0.5749999999999996225, -0.01999999999999999001, 0.0000000000000000000 ) ) ;
#4868 = CARTESIAN_POINT ( 'NONE',  ( 1.210000000000000409, -0.05803253550499681140, 0.1564404005478629289 ) ) ;
#4869 = CARTESIAN_POINT ( 'NONE',  ( -0.9999999999999998890, -0.4199999999999999289, 0.4102867453090214278 ) ) ;
#4870 = CARTESIAN_POINT ( 'NONE',  ( -0.6829751483477669582, -0.6990749794266789552, -0.1100889105636441573 ) ) ;
#4871 = CARTESIAN_POINT ( 'NONE',  ( 1.346428571428570642, -0.7803875471609674763, 0.1735534956470231316 ) ) ;
#4872 = CARTESIAN_POINT ( 'NONE',  ( 0.003571428571428590833, -0.05961245283903229136, 0.1735534956470231871 ) ) ;
#4873 = CARTESIAN_POINT ( 'NONE',  ( -1.306428571428571273, -0.1497093396292742407, 0.1301651217352673418 ) ) ;
#4874 = CARTESIAN_POINT ( 'NONE',  ( 0.6712355312064065549, -0.7199999976059934248, 0.03926992661111775723 ) ) ;
#4875 = CARTESIAN_POINT ( 'NONE',  ( 0.05060165487927590494, -0.1943226109390916723, 0.1979055241515367269 ) ) ;
#4876 = CARTESIAN_POINT ( 'NONE',  ( -0.8177739345417439631, -0.1205125383422628454, 0.01761068212510098069 ) ) ;
#4877 = CARTESIAN_POINT ( 'NONE',  ( -0.5778571428571427360, -0.6070469405576197630, -0.2345494447404087579 ) ) ;
#4878 = ORIENTED_EDGE ( 'NONE', *, *, #1995, .T. ) ;
#4879 = CARTESIAN_POINT ( 'NONE',  ( 3.499999999999999112, -0.4199999999999995404, 0.0000000000000000000 ) ) ;
#4880 = PRODUCT ( 'Input shaft', 'Input shaft', '', ( #375 ) ) ;
#4881 = CARTESIAN_POINT ( 'NONE',  ( 0.3024925862380635211, -0.4985243745191400566, -0.2921918005454943734 ) ) ;
#4882 = ORIENTED_EDGE ( 'NONE', *, *, #589, .T. ) ;
#4883 = CARTESIAN_POINT ( 'NONE',  ( -0.3429467720106004203, -0.6885721099118421451, 0.1337143610828145646 ) ) ;
#4884 = CARTESIAN_POINT ( 'NONE',  ( 0.1107142857142856679, -0.5090083735825254863, -0.3899711648727292590 ) ) ;
#4885 = CARTESIAN_POINT ( 'NONE',  ( 1.292857142857142261, -0.7407750943219348905, -0.2558096015379864308 ) ) ;
#4886 = CARTESIAN_POINT ( 'NONE',  ( -0.4213225662881528444, -0.5345087798560969050, -0.2772863910291352152 ) ) ;
#4887 = CARTESIAN_POINT ( 'NONE',  ( -0.1788420737205011213, -0.2018798300148446356, -0.2059953451181199269 ) ) ;
#4888 = CARTESIAN_POINT ( 'NONE',  ( 1.492033119262385688, -0.5317987174219236390, 0.2818624320760463320 ) ) ;
#4889 = CARTESIAN_POINT ( 'NONE',  ( 0.6714285714285709306, -0.5980167471650512656, -0.3696555844364371457 ) ) ;
#4890 = CARTESIAN_POINT ( 'NONE',  ( -0.3649999999406195461, -0.7199999999999998623, 8.855304658774813828E-12 ) ) ;
#4891 = CARTESIAN_POINT ( 'NONE',  ( -0.3832794261261678326, -0.6983845011976326234, -0.1118572680275928960 ) ) ;
#4892 = CARTESIAN_POINT ( 'NONE',  ( 0.6178571428571424384, -0.1706040792565065023, -0.3127325929872117327 ) ) ;
#4893 = CARTESIAN_POINT ( 'NONE',  ( 3.499999999999999112, -0.4199999999999995404, 0.0000000000000000000 ) ) ;
#4894 = CARTESIAN_POINT ( 'NONE',  ( -0.5821428571428570731, -0.1706040792565065856, -0.3127325929872118437 ) ) ;
#4895 = CARTESIAN_POINT ( 'NONE',  ( -3.449999999999998401, -0.1779385408620370312, 0.06250000000000000000 ) ) ;
#4896 = CARTESIAN_POINT ( 'NONE',  ( -0.6740691758901026231, -0.7145884971972442656, -0.05672429979874830941 ) ) ;
#4897 = CARTESIAN_POINT ( 'NONE',  ( 1.282142857142856363, -0.6693959207434930780, -0.3127325929872118437 ) ) ;
#4898 = CARTESIAN_POINT ( 'NONE',  ( -0.1249999999999999584, -0.8199999999999997291, 4.898587196589411226E-17 ) ) ;
#4899 = CARTESIAN_POINT ( 'NONE',  ( 0.5649875640121506670, -0.2689143197310746025, -0.2621359245073350830 ) ) ;
#4900 = CARTESIAN_POINT ( 'NONE',  ( 0.7649837375542661855, -0.2689142877700527734, 0.2621359060861527812 ) ) ;
#4901 = CARTESIAN_POINT ( 'NONE',  ( 0.01936912663244055519, -0.3616248426734252064, 0.2942658281634831785 ) ) ;
#4902 = CARTESIAN_POINT ( 'NONE',  ( -0.8694627138449564363, -0.2946560169365298743, 0.2730958392065983009 ) ) ;
#4903 = CARTESIAN_POINT ( 'NONE',  ( 0.5499999999999996003, -0.4199999999999999845, 0.4102867453090214278 ) ) ;
#4904 = CYLINDRICAL_SURFACE ( 'NONE', #3327, 0.2999999999999998224 ) ;
#4905 = VERTEX_POINT ( 'NONE', #5048 ) ;
#4906 = CARTESIAN_POINT ( 'NONE',  ( -0.2607142857142856762, -0.3309916264174742051, -0.3899711648727292590 ) ) ;
#4907 = CARTESIAN_POINT ( 'NONE',  ( -0.4400000000000000022, -0.4199999999999999845, -0.3077150589817659876 ) ) ;
#4908 = VERTEX_POINT ( 'NONE', #4227 ) ;
#4909 = CARTESIAN_POINT ( 'NONE',  ( -0.3276785324106101238, -0.6330665640085556545, 0.2111935909915539089 ) ) ;
#4910 = DIRECTION ( 'NONE',  ( 0.0000000000000000000, 1.000000000000000000, 0.0000000000000000000 ) ) ;
#4911 = CARTESIAN_POINT ( 'NONE',  ( 0.6714285714285710416, -0.5980167471650511546, -0.3696555844364371457 ) ) ;
#4912 = CARTESIAN_POINT ( 'NONE',  ( -0.4494485630241540353, -0.3611299514723339543, -0.2941672209565510676 ) ) ;
#4913 = CARTESIAN_POINT ( 'NONE',  ( -0.1878601028146041907, -0.1672794929901076921, -0.1616704047021821911 ) ) ;
#4914 = CARTESIAN_POINT ( 'NONE',  ( 0.04642857142857141628, -0.05961245283903229136, -0.1735534956470231871 ) ) ;
#4915 =( BOUNDED_CURVE ( )  B_SPLINE_CURVE ( 2, ( #1192, #4040, #343, #4191, #249, #794, #4068, #3232, #5520 ),
 .UNSPECIFIED., .F., .T. ) 
 B_SPLINE_CURVE_WITH_KNOTS ( ( 3, 2, 2, 2, 3 ),
 ( 0.7499924469962324647, 0.7652984153044780635, 0.7806043836127235513, 0.7959103519209692612, 0.8035629408797982931 ),
 .UNSPECIFIED. ) 
 CURVE ( )  GEOMETRIC_REPRESENTATION_ITEM ( )  RATIONAL_B_SPLINE_CURVE ( ( 1.000000000011679546, 0.9749279121701441841, 1.000000000000000000, 0.9749279121818236193, 1.000000000000000000, 0.9749279121818236193, 1.000000000000000000, 0.9874646034443433917, 0.9874639561243407915 ) ) 
 REPRESENTATION_ITEM ( '' )  );
#4916 = CARTESIAN_POINT ( 'NONE',  ( 0.2964285714285712081, -0.05961245283903229136, -0.1735534956470231871 ) ) ;
#4917 = CARTESIAN_POINT ( 'NONE',  ( -0.2249138245239237222, -0.1264495037974061042, 0.06188603658123529444 ) ) ;
#4918 = CARTESIAN_POINT ( 'NONE',  ( -1.058852171877196824, -0.3044834893286298416, -0.2768686346649487096 ) ) ;
#4919 = CC_DESIGN_DATE_AND_TIME_ASSIGNMENT ( #4252, #4727, ( #3753 ) ) ;
#4920 = CARTESIAN_POINT ( 'NONE',  ( -0.9665367163832521147, -0.7198427899538732966, -0.009787679528971169468 ) ) ;
#4921 = CARTESIAN_POINT ( 'NONE',  ( 0.1357142857142856207, -0.8199999999999997291, 0.09129738975605987406 ) ) ;
#4922 = CARTESIAN_POINT ( 'NONE',  ( 0.2087443798901599534, -0.1199999990423420149, 0.03926990100631526370 ) ) ;
#4923 = CARTESIAN_POINT ( 'NONE',  ( -0.8928571428571427937, -0.09922490567806474537, -0.2558096015379864308 ) ) ;
#4924 = CARTESIAN_POINT ( 'NONE',  ( -0.2992857142857142105, -0.4867562801868941524, -0.2924783736545468749 ) ) ;
#4925 = CARTESIAN_POINT ( 'NONE',  ( -0.7419614407068536588, -0.4077785024772807576, -0.2997568632350979811 ) ) ;
#4926 = CARTESIAN_POINT ( 'NONE',  ( 0.8964285714285709084, -0.05961245283903229136, -0.1735534956470231871 ) ) ;
#4927 = CARTESIAN_POINT ( 'NONE',  ( -0.5642857142857141683, -0.02000000000000005940, -0.09129738975606004059 ) ) ;
#4928 = CARTESIAN_POINT ( 'NONE',  ( 0.8274825417861702004, -0.1278082028052206776, -0.07852438698724917288 ) ) ;
#4929 = CARTESIAN_POINT ( 'NONE',  ( 0.04237896282182074259, -0.2317727086146998128, 0.2336055680362248144 ) ) ;
#4930 = CARTESIAN_POINT ( 'NONE',  ( -0.8773071375223154833, -0.3410743412332715163, 0.2894501705368953681 ) ) ;
#4931 = CARTESIAN_POINT ( 'NONE',  ( 0.8285714285714280702, -0.5980167471650512656, 0.3696555844364370347 ) ) ;
#4932 = CARTESIAN_POINT ( 'NONE',  ( -0.2714285714285699647, -0.2419832528349484535, -0.3696555844364372012 ) ) ;
#4933 = ORIENTED_EDGE ( 'NONE', *, *, #5334, .F. ) ;
#4934 = CARTESIAN_POINT ( 'NONE',  ( -0.3625064978386819958, -0.7197410691631785928, 0.01586144628189777028 ) ) ;
#4935 = CARTESIAN_POINT ( 'NONE',  ( 0.2928571428571427049, -0.09922490567806474537, 0.2558096015379864863 ) ) ;
#4936 = CARTESIAN_POINT ( 'NONE',  ( 0.7571428571428565624, -0.7407750943219351125, 0.2558096015379863197 ) ) ;
#4937 = CARTESIAN_POINT ( 'NONE',  ( -0.4682778500380292419, -0.2527095043096546090, -0.2490260423968529424 ) ) ;
#4938 = FACE_OUTER_BOUND ( 'NONE', #3323, .T. ) ;
#4939 = EDGE_CURVE ( 'NONE', #2464, #3399, #1001, .T. ) ;
#4940 = CARTESIAN_POINT ( 'NONE',  ( 0.7321428571428566512, -0.6693959207434930780, -0.3127325929872118437 ) ) ;
#4941 = CARTESIAN_POINT ( 'NONE',  ( 1.099999999999999423, -0.4200000000000000400, 0.4102867453090213723 ) ) ;
#4942 = CARTESIAN_POINT ( 'NONE',  ( -0.2298863835144184797, -0.1343724949200178487, 0.09187563627934486332 ) ) ;
#4943 = CARTESIAN_POINT ( 'NONE',  ( -1.030007809157347021, -0.4822575598444597267, -0.2934712841319475074 ) ) ;
#4944 = CARTESIAN_POINT ( 'NONE',  ( -0.9933858747070803963, -0.6684567429325732890, -0.1681914350697604199 ) ) ;
#4945 = VERTEX_POINT ( 'NONE', #5124 ) ;
#4946 = CARTESIAN_POINT ( 'NONE',  ( 1.209999999999999742, -0.1148208589256633355, 0.2189978539266593804 ) ) ;
#4947 = DIRECTION ( 'NONE',  ( 1.000000000000000000, 1.268357997058408169E-16, -0.0000000000000000000 ) ) ;
#4948 = CARTESIAN_POINT ( 'NONE',  ( -0.7442773169363734453, -0.3933351726298450757, -0.2988574915050643543 ) ) ;
#4949 = CARTESIAN_POINT ( 'NONE',  ( 0.9392857142857137243, -0.3309916264174740386, -0.3899711648727292590 ) ) ;
#4950 = CARTESIAN_POINT ( 'NONE',  ( -0.7035714285714284033, -0.7803875471609672543, 0.1735534956470232149 ) ) ;
#4951 = CARTESIAN_POINT ( 'NONE',  ( 0.8024830200934097713, -0.1278081913164810235, 0.07852434423726589729 ) ) ;
#4952 = CARTESIAN_POINT ( 'NONE',  ( -1.196428571428571175, -0.05961245283903229136, 0.1735534956470231871 ) ) ;
#4953 = CARTESIAN_POINT ( 'NONE',  ( -0.03786106507651598729, -0.6727237418065128427, 0.1616652481287532972 ) ) ;
#4954 = CARTESIAN_POINT ( 'NONE',  ( -0.8661768458087660827, -0.2765535299319094031, 0.2634831807221038047 ) ) ;
#4955 = CARTESIAN_POINT ( 'NONE',  ( 0.4642857142857140240, -0.8199999999999997291, -0.09129738975605995732 ) ) ;
#4956 = CARTESIAN_POINT ( 'NONE',  ( -0.03571428571428421350, -0.01999999999999999348, 0.09129738975605992957 ) ) ;
#4957 = ORIENTED_EDGE ( 'NONE', *, *, #2695, .F. ) ;
#4958 = CIRCLE ( 'NONE', #4513, 0.2999999999999996003 ) ;
#4959 = ORIENTED_EDGE ( 'NONE', *, *, #4214, .F. ) ;
#4960 = CARTESIAN_POINT ( 'NONE',  ( -0.3275803302267440986, -0.6326354283982443816, 0.2116276639861026931 ) ) ;
#4961 = CARTESIAN_POINT ( 'NONE',  ( 0.2285714285714285088, -0.5980167471650512656, 0.3696555844364370902 ) ) ;
#4962 = CARTESIAN_POINT ( 'NONE',  ( 3.499999999999999112, -0.4199999999999995404, 0.0000000000000000000 ) ) ;
#4963 = CARTESIAN_POINT ( 'NONE',  ( -0.02071428571428573367, -0.3532437198131055389, -0.2924783736545468749 ) ) ;
#4964 = CARTESIAN_POINT ( 'NONE',  ( -0.4869489240160130294, -0.1704036124543544251, -0.1664381773631922468 ) ) ;
#4965 = CARTESIAN_POINT ( 'NONE',  ( -0.8135714285714283900, -0.6902906603707253952, 0.1301651217352673973 ) ) ;
#4966 = CARTESIAN_POINT ( 'NONE',  ( 0.08928571428571424606, -0.3309916264174740386, -0.3899711648727292590 ) ) ;
#4967 = AXIS2_PLACEMENT_3D ( 'NONE', #2633, #975, #1438 ) ;
#4968 = CARTESIAN_POINT ( 'NONE',  ( -0.07438921143633382693, -0.7142049684153959355, -0.05868206033243523329 ) ) ;
#4969 = CARTESIAN_POINT ( 'NONE',  ( 0.9742857142857136443, -0.1200000000000000649, 0.06847304231704502697 ) ) ;
#4970 = CARTESIAN_POINT ( 'NONE',  ( -1.039160088957142181, -0.4252333195268719890, -0.2999606517278222140 ) ) ;
#4971 = CARTESIAN_POINT ( 'NONE',  ( -1.009172029895238909, -0.6004289830926302640, -0.2396916838161241015 ) ) ;
#4972 = ORIENTED_EDGE ( 'NONE', *, *, #3247, .F. ) ;
#4973 = CARTESIAN_POINT ( 'NONE',  ( 1.210000000000000853, -0.1364927305401502644, 0.2372229146985489756 ) ) ;
#4974 = VERTEX_POINT ( 'NONE', #4201 ) ;
#4975 = EDGE_CURVE ( 'NONE', #1613, #2725, #409, .T. ) ;
#4976 = CARTESIAN_POINT ( 'NONE',  ( 0.08499999999999997835, -0.1200000000000000233, 0.0000000000000000000 ) ) ;
#4977 = CARTESIAN_POINT ( 'NONE',  ( -0.7317083776595063593, -0.4716616588242493191, -0.2955184732544499648 ) ) ;
#4978 = CARTESIAN_POINT ( 'NONE',  ( 0.8321428571428567400, -0.1706040792565065856, 0.3127325929872118437 ) ) ;
#4979 = CARTESIAN_POINT ( 'NONE',  ( -1.174999999999999822, -0.01999999999999999001, 0.0000000000000000000 ) ) ;
#4980 = ADVANCED_FACE ( 'NONE', ( #4284 ), #3543, .T. ) ;
#4981 = CARTESIAN_POINT ( 'NONE',  ( -0.5865336622723380522, -0.3983957059171368553, 0.2992339640826860436 ) ) ;
#4982 = CARTESIAN_POINT ( 'NONE',  ( -0.09999999999999999167, -0.4199999999999999289, 0.4102867453090214278 ) ) ;
#4983 = CARTESIAN_POINT ( 'NONE',  ( -0.01354878786432887373, -0.5620123327269511693, 0.2643472026465152336 ) ) ;
#4984 = CARTESIAN_POINT ( 'NONE',  ( -0.8760448912788193487, -0.3333694192555156643, 0.2872197177681717895 ) ) ;
#4985 = ORIENTED_EDGE ( 'NONE', *, *, #5262, .F. ) ;
#4986 = CARTESIAN_POINT ( 'NONE',  ( 0.5178571428571425717, -0.6693959207434931891, 0.3127325929872117327 ) ) ;
#4987 = CYLINDRICAL_SURFACE ( 'NONE', #5023, 0.2999999999999998224 ) ;
#4988 = ADVANCED_FACE ( 'NONE', ( #5072 ), #4731, .T. ) ;
#4989 = CARTESIAN_POINT ( 'NONE',  ( -0.3353271779843804423, -0.6639609103187370520, 0.1748682199284185834 ) ) ;
#4990 = CARTESIAN_POINT ( 'NONE',  ( -0.8024856669222348859, -0.1300771380929878762, -0.07771954104668032937 ) ) ;
#4991 = CARTESIAN_POINT ( 'NONE',  ( 0.2471428571428570253, -0.1794186792585485413, -0.1918572011534897814 ) ) ;
#4992 = CARTESIAN_POINT ( 'NONE',  ( -0.4732910990682019370, -0.2272858194069800053, -0.2299168910606050886 ) ) ;
#4993 = CARTESIAN_POINT ( 'NONE',  ( -0.1064285714285714002, -0.1497093396292742407, 0.1301651217352673418 ) ) ;
#4994 = VECTOR ( 'NONE', #5177, 39.37007874015748143 ) ;
#4995 = B_SPLINE_CURVE_WITH_KNOTS ( 'NONE', 3,
 ( #5056, #1213, #4633, #363, #3380, #2199, #4687, #3463, #1668, #3039, #392, #60, #4772, #2980, #4746, #5109, #1778, #3488, #1268, #423 ),
 .UNSPECIFIED., .F., .F.,
 ( 4, 2, 2, 2, 2, 2, 2, 2, 2, 4 ),
 ( 0.0000000000000000000, 0.001426700364512304168, 0.002140050546768455277, 0.002853400729024607035, 0.004280101093536907951, 0.005706801458049208867, 0.007133501822561506313, 0.008560202187073803759, 0.009986902551586102073, 0.01141360291609840039 ),
 .UNSPECIFIED. ) ;
#4996 = CARTESIAN_POINT ( 'NONE',  ( 0.4642857142857140240, -0.8199999999999997291, -0.09129738975605995732 ) ) ;
#4997 = CARTESIAN_POINT ( 'NONE',  ( 0.8964285714285709084, -0.05961245283903229136, -0.1735534956470231871 ) ) ;
#4998 = CARTESIAN_POINT ( 'NONE',  ( -0.2150138122632812288, -0.1199999999162706665, 8.855708368372056983E-05 ) ) ;
#4999 = CARTESIAN_POINT ( 'NONE',  ( -1.014979386054380761, -0.5699812206267528270, -0.2598213441963519998 ) ) ;
#5000 = ORIENTED_EDGE ( 'NONE', *, *, #3057, .T. ) ;
#5001 = DIRECTION ( 'NONE',  ( -0.0000000000000000000, 1.000000000000000000, -0.0000000000000000000 ) ) ;
#5002 = ORIENTED_EDGE ( 'NONE', *, *, #2992, .T. ) ;
#5003 = CARTESIAN_POINT ( 'NONE',  ( 0.1492857142857142161, -0.3532437198131055389, -0.2924783736545468749 ) ) ;
#5004 = CARTESIAN_POINT ( 'NONE',  ( -1.146655421963543864, -0.1772966966042579806, 0.1763380461522606746 ) ) ;
#5005 = CARTESIAN_POINT ( 'NONE',  ( -0.5476986188349315388, -0.1876056229492032712, 0.1897495354333422202 ) ) ;
#5006 = CARTESIAN_POINT ( 'NONE',  ( -0.7311237805961247060, -0.4753023351034032506, -0.2948632098697017700 ) ) ;
#5007 = DIRECTION ( 'NONE',  ( -0.7071067811865523467, 8.659560562354873694E-17, -0.7071067811865426878 ) ) ;
#5008 = CARTESIAN_POINT ( 'NONE',  ( -0.9714285714285711970, -0.5980167471650511546, 0.3696555844364371457 ) ) ;
#5009 = CARTESIAN_POINT ( 'NONE',  ( -0.4935714285714284943, -0.1497093396292742684, -0.1301651217352674250 ) ) ;
#5010 = CARTESIAN_POINT ( 'NONE',  ( -0.8428571428571428603, -0.09922490567806474537, -0.2558096015379864308 ) ) ;
#5011 = CARTESIAN_POINT ( 'NONE',  ( 0.01211406668698965239, -0.4068280268507918906, 0.2999947936265663917 ) ) ;
#5012 = CARTESIAN_POINT ( 'NONE',  ( -0.9000338611644981279, -0.4825167959569149345, 0.2934138588277043214 ) ) ;
#5013 = VERTEX_POINT ( 'NONE', #4315 ) ;
#5014 = CARTESIAN_POINT ( 'NONE',  ( 0.4428571428571427271, -0.7407750943219348905, -0.2558096015379864308 ) ) ;
#5015 = CARTESIAN_POINT ( 'NONE',  ( -0.5285714285714270266, -0.5980167471650512656, -0.3696555844364370902 ) ) ;
#5016 = B_SPLINE_CURVE_WITH_KNOTS ( 'NONE', 3,
 ( #1052, #1513, #3134, #180, #3612, #2684, #542, #124, #2318, #2766, #4474, #1428, #1457, #208, #3163, #3523, #3556, #656 ),
 .UNSPECIFIED., .F., .F.,
 ( 4, 2, 2, 2, 2, 2, 2, 2, 4 ),
 ( 0.3214284857912866333, 0.3348213393659194570, 0.3482141929405523362, 0.3616070465151851598, 0.3749999000898179835, 0.3883927536644508627, 0.4017856072390836863, 0.4151784608137165100, 0.4285713143883493337 ),
 .UNSPECIFIED. ) ;
#5017 = AXIS2_PLACEMENT_3D ( 'NONE', #5429, #4554, #2027 ) ;
#5018 = CARTESIAN_POINT ( 'NONE',  ( 1.006428571428570784, -0.1497093396292742407, -0.1301651217352673418 ) ) ;
#5019 = FACE_OUTER_BOUND ( 'NONE', #2454, .T. ) ;
#5020 = CARTESIAN_POINT ( 'NONE',  ( 0.3971428571428570198, -0.6605813207414512611, 0.1918572011534897537 ) ) ;
#5021 = CARTESIAN_POINT ( 'NONE',  ( -0.4498080785833639128, -0.3588923297469441276, -0.2937122018579028104 ) ) ;
#5022 = CARTESIAN_POINT ( 'NONE',  ( -0.2096781233866353567, -0.1218270465282687842, -0.03359193649550433480 ) ) ;
#5023 = AXIS2_PLACEMENT_3D ( 'NONE', #5467, #4169, #4091 ) ;
#5024 = ORIENTED_EDGE ( 'NONE', *, *, #421, .F. ) ;
#5025 = CARTESIAN_POINT ( 'NONE',  ( 0.4321428571428569398, -0.6693959207434930780, -0.3127325929872118437 ) ) ;
#5026 = CARTESIAN_POINT ( 'NONE',  ( 2.311999999999999389, 0.009999999999999892655, -0.06250000000000000000 ) ) ;
#5027 = CARTESIAN_POINT ( 'NONE',  ( -0.2338654961832620782, -0.1430460553788173439, 0.1153106065995337937 ) ) ;
#5028 = CARTESIAN_POINT ( 'NONE',  ( -1.058718490769716691, -0.3052539064692550985, -0.2771892574226416661 ) ) ;
#5029 = ORIENTED_EDGE ( 'NONE', *, *, #2069, .T. ) ;
#5030 = VERTEX_POINT ( 'NONE', #3757 ) ;
#5031 = DIRECTION ( 'NONE',  ( -1.268357997058408169E-16, 1.000000000000000000, 0.0000000000000000000 ) ) ;
#5032 = CARTESIAN_POINT ( 'NONE',  ( 0.6587357703600245085, -0.7200000023940051896, -0.03926989003341140733 ) ) ;
#5033 = CARTESIAN_POINT ( 'NONE',  ( -0.7482675767616143725, -0.3684548305777742283, -0.2956678234805498184 ) ) ;
#5034 = CARTESIAN_POINT ( 'NONE',  ( 0.01428571428571430262, -0.01999999999999999348, 0.09129738975605992957 ) ) ;
#5035 = CARTESIAN_POINT ( 'NONE',  ( -0.7678571428571426827, -0.6693959207434931891, -0.3127325929872117327 ) ) ;
#5036 = CARTESIAN_POINT ( 'NONE',  ( -0.3007142857142856562, -0.4867562801868940969, 0.2924783736545468749 ) ) ;
#5037 = CARTESIAN_POINT ( 'NONE',  ( -0.8535714285714283145, -0.05961245283903235381, -0.1735534956470232704 ) ) ;
#5038 = CARTESIAN_POINT ( 'NONE',  ( -0.006149581703697001162, -0.5197751091093313347, 0.2830915016348942159 ) ) ;
#5039 = CARTESIAN_POINT ( 'NONE',  ( -0.9240445033819107978, -0.6163529388271326015, 0.2268161955770322813 ) ) ;
#5040 = CARTESIAN_POINT ( 'NONE',  ( 1.278571428571428026, -0.2419832528349483425, -0.3696555844364371457 ) ) ;
#5041 = CARTESIAN_POINT ( 'NONE',  ( -0.3892857142857127362, -0.3309916264174740386, 0.3899711648727292590 ) ) ;
#5042 = CALENDAR_DATE ( 2020, 25, 5 ) ;
#5043 = EDGE_CURVE ( 'NONE', #941, #5428, #2035, .T. ) ;
#5044 = CARTESIAN_POINT ( 'NONE',  ( -0.4278571428571427693, -0.2329530594423798728, 0.2345494447404087857 ) ) ;
#5045 = CARTESIAN_POINT ( 'NONE',  ( 1.027857142857142136, -0.2329530594423798728, -0.2345494447404087857 ) ) ;
#5046 = CARTESIAN_POINT ( 'NONE',  ( 0.1321428571428570897, -0.6693959207434930780, -0.3127325929872118437 ) ) ;
#5047 = CARTESIAN_POINT ( 'NONE',  ( 0.04357142857142851100, -0.6902906603707253952, -0.1301651217352673973 ) ) ;
#5048 = CARTESIAN_POINT ( 'NONE',  ( -0.9849934982653443249, -0.1200000000031389846, -9.540538572514818704E-07 ) ) ;
#5049 = CARTESIAN_POINT ( 'NONE',  ( -0.08499999999999997835, -0.1200000000000000233, 0.0000000000000000000 ) ) ;
#5050 = EDGE_LOOP ( 'NONE', ( #1623, #3148, #4512, #2805, #3117 ) ) ;
#5051 = CARTESIAN_POINT ( 'NONE',  ( 1.139285714285713569, -0.5090083735825255973, 0.3899711648727292590 ) ) ;
#5052 = CARTESIAN_POINT ( 'NONE',  ( -0.07489522634125549139, -0.7135743972878261232, -0.06177264910654444580 ) ) ;
#5053 = CARTESIAN_POINT ( 'NONE',  ( -0.2532611624082128365, -0.2111157436139664278, 0.2153379749300594892 ) ) ;
#5054 = CARTESIAN_POINT ( 'NONE',  ( -1.096616668556534169, -0.1418855163632751770, -0.1124892612568255262 ) ) ;
#5055 = CARTESIAN_POINT ( 'NONE',  ( -0.9528571428571425139, -0.1794186792585485968, -0.1918572011534898369 ) ) ;
#5056 = CARTESIAN_POINT ( 'NONE',  ( -1.150001796189254799, -0.7053312609539378331, -0.09266095295272745724 ) ) ;
#5057 = CARTESIAN_POINT ( 'NONE',  ( -0.7796312484752319083, -0.1985089383349142034, -0.2023411100166215004 ) ) ;
#5058 = CIRCLE ( 'NONE', #482, 0.2500000000000000555 ) ;
#5059 = CARTESIAN_POINT ( 'NONE',  ( -0.2535714285714285032, -0.05961245283903235381, -0.1735534956470232704 ) ) ;
#5060 = CARTESIAN_POINT ( 'NONE',  ( -0.05375059788402363620, -0.1800999477347813016, -0.1843640166160044336 ) ) ;
#5061 = CARTESIAN_POINT ( 'NONE',  ( -0.04357142857142854570, -0.6902906603707253952, 0.1301651217352673973 ) ) ;
#5062 = CARTESIAN_POINT ( 'NONE',  ( -0.5499999999999998224, -0.4199999999999999845, -0.4102867453090214278 ) ) ;
#5063 = CARTESIAN_POINT ( 'NONE',  ( 0.3249999999999997891, -0.01999999999999999001, 0.0000000000000000000 ) ) ;
#5064 = CARTESIAN_POINT ( 'NONE',  ( -0.02778655295043790108, -0.6335394520626989046, 0.2107167833998442596 ) ) ;
#5065 = CARTESIAN_POINT ( 'NONE',  ( -0.9527051174699454617, -0.7101295447438937813, 0.07632149050983205729 ) ) ;
#5066 = CARTESIAN_POINT ( 'NONE',  ( 0.9892857142857137687, -0.3309916264174740386, -0.3899711648727292590 ) ) ;
#5067 = CARTESIAN_POINT ( 'NONE',  ( -0.6678571428571412616, -0.1706040792565065023, 0.3127325929872117327 ) ) ;
#5068 = DATE_TIME_ROLE ( 'creation_date' ) ;
#5069 = CARTESIAN_POINT ( 'NONE',  ( -0.1921428571428571153, -0.6070469405576197630, 0.2345494447404088134 ) ) ;
#5070 = CARTESIAN_POINT ( 'NONE',  ( -0.7928259816284437544, -0.1517424009477563451, -0.1344456900773776664 ) ) ;
#5071 = CARTESIAN_POINT ( 'NONE',  ( -0.04214285714285714857, -0.2329530594423798728, -0.2345494447404087857 ) ) ;
#5072 = FACE_OUTER_BOUND ( 'NONE', #4856, .T. ) ;
#5073 = CARTESIAN_POINT ( 'NONE',  ( -0.2135714285714285232, -0.6902906603707253952, 0.1301651217352673973 ) ) ;
#5074 = ORIENTED_EDGE ( 'NONE', *, *, #4331, .T. ) ;
#5075 = CARTESIAN_POINT ( 'NONE',  ( 1.096428571428570864, -0.7803875471609674763, 0.1735534956470231316 ) ) ;
#5076 = CARTESIAN_POINT ( 'NONE',  ( -1.149999999999999467, -0.05279592796679506705, -0.08054780549987559934 ) ) ;
#5077 = CARTESIAN_POINT ( 'NONE',  ( -0.1080331089858331817, -0.6061805826212204318, -0.2352465371722697041 ) ) ;
#5078 = CARTESIAN_POINT ( 'NONE',  ( -0.2545901046175095273, -0.2171959924555416921, 0.2210805111459332450 ) ) ;
#5079 = CARTESIAN_POINT ( 'NONE',  ( -1.095646635980516148, -0.1441932239361224943, -0.1181614354024595054 ) ) ;
#5080 = CARTESIAN_POINT ( 'NONE',  ( 0.2778571428571427471, -0.6070469405576197630, 0.2345494447404087579 ) ) ;
#5081 = CARTESIAN_POINT ( 'NONE',  ( 0.5350027259275828007, -0.7199999999994484146, 4.038375050886289720E-07 ) ) ;
#5082 = CARTESIAN_POINT ( 'NONE',  ( -0.5737774004825288987, -0.3197554229080089572, 0.2829764766870975223 ) ) ;
#5083 = EDGE_CURVE ( 'NONE', #645, #2869, #2496, .T. ) ;
#5084 = CARTESIAN_POINT ( 'NONE',  ( -0.7894483851003205599, -0.1620533081640204154, -0.1531786348352659199 ) ) ;
#5085 = CARTESIAN_POINT ( 'NONE',  ( -0.2428571428571427993, -0.09922490567806474537, -0.2558096015379864863 ) ) ;
#5086 = CARTESIAN_POINT ( 'NONE',  ( 1.210000000000000409, -0.4782986626857625989, -0.3134237825836106994 ) ) ;
#5087 = CARTESIAN_POINT ( 'NONE',  ( -0.07571428571428569232, -0.7199999999999996403, -0.06847304231704488819 ) ) ;
#5088 = CARTESIAN_POINT ( 'NONE',  ( -0.2928571428571428159, -0.09922490567806474537, -0.2558096015379864308 ) ) ;
#5089 = CARTESIAN_POINT ( 'NONE',  ( 0.7214285714285709750, -0.5980167471650512656, -0.3696555844364371457 ) ) ;
#5090 = CARTESIAN_POINT ( 'NONE',  ( -1.150000000000002576, -0.4024256304199335665, -0.3999999999999975797 ) ) ;
#5091 = CARTESIAN_POINT ( 'NONE',  ( -0.9141066904714713059, -0.5649981536346826427, 0.2626344079128453135 ) ) ;
#5092 = CARTESIAN_POINT ( 'NONE',  ( 1.096428571428570864, -0.7803875471609674763, 0.1735534956470231316 ) ) ;
#5093 = CARTESIAN_POINT ( 'NONE',  ( -1.064285714285712725, -0.8199999999999997291, 0.09129738975605997120 ) ) ;
#5094 = CARTESIAN_POINT ( 'NONE',  ( -0.1707142857142856796, -0.4867562801868940969, 0.2924783736545468749 ) ) ;
#5095 = CARTESIAN_POINT ( 'NONE',  ( -1.150000000008970513, -0.1705314706142709857, 0.1812523494688467185 ) ) ;
#5096 = CARTESIAN_POINT ( 'NONE',  ( 1.018571428571428017, -0.5535125603737885980, 0.2772416883273277621 ) ) ;
#5097 = CARTESIAN_POINT ( 'NONE',  ( 3.499999999999999112, -0.1199999999999997458, 0.0000000000000000000 ) ) ;
#5098 = CARTESIAN_POINT ( 'NONE',  ( -1.038571428571428479, -0.2864874396262112599, 0.2772416883273278176 ) ) ;
#5099 = ORIENTED_EDGE ( 'NONE', *, *, #3241, .T. ) ;
#5100 = AXIS2_PLACEMENT_3D ( 'NONE', #1344, #4036, #1796 ) ;
#5101 = EDGE_LOOP ( 'NONE', ( #4959, #2133, #2846, #5024, #1921 ) ) ;
#5102 = CARTESIAN_POINT ( 'NONE',  ( 1.353571428571427759, -0.7803875471609672543, -0.1735534956470232149 ) ) ;
#5103 = DIRECTION ( 'NONE',  ( -1.000000000000000000, -1.268357997058408169E-16, 0.0000000000000000000 ) ) ;
#5104 = CARTESIAN_POINT ( 'NONE',  ( -0.1121371343276900412, -0.5851202913255582061, -0.2504706597009379587 ) ) ;
#5105 = CARTESIAN_POINT ( 'NONE',  ( -0.2633072711143442102, -0.2610338948683613713, 0.2544378991227037035 ) ) ;
#5106 = CARTESIAN_POINT ( 'NONE',  ( -1.098160030272950838, -0.1383836285743191008, -0.1034429875727708170 ) ) ;
#5107 = CARTESIAN_POINT ( 'NONE',  ( -0.5588475680195137407, -0.2379313060606568497, 0.2384345483413272959 ) ) ;
#5108 = CARTESIAN_POINT ( 'NONE',  ( 0.8135714285714280569, -0.6902906603707253952, -0.1301651217352673973 ) ) ;
#5109 = CARTESIAN_POINT ( 'NONE',  ( -1.149999999999999689, -0.5092820980016293797, -0.3711411989224231989 ) ) ;
#5110 = CARTESIAN_POINT ( 'NONE',  ( -0.5771565797385597163, -0.3401152918948452397, 0.2891739363531172224 ) ) ;
#5111 = CARTESIAN_POINT ( 'NONE',  ( -0.7797156078362920129, -0.1981542277400301366, -0.2019516879894714956 ) ) ;
#5112 = CARTESIAN_POINT ( 'NONE',  ( -0.1892857142857142239, -0.5090083735825255973, -0.3899711648727292590 ) ) ;
#5113 = CARTESIAN_POINT ( 'NONE',  ( 0.8242857142857138442, -0.7199999999999997513, -0.06847304231704495758 ) ) ;
#5114 = CARTESIAN_POINT ( 'NONE',  ( -0.8685714285714285499, -0.2864874396262112599, 0.2772416883273278176 ) ) ;
#5115 = CARTESIAN_POINT ( 'NONE',  ( -0.7857142857142858094, -0.8199999999999997291, -0.09129738975605987406 ) ) ;
#5116 = CARTESIAN_POINT ( 'NONE',  ( 0.5392857142857140351, -0.5090083735825255973, 0.3899711648727292590 ) ) ;
#5117 = CARTESIAN_POINT ( 'NONE',  ( -1.150000000000000133, -0.09231691139295407356, -0.2300682107796250542 ) ) ;
#5118 = CARTESIAN_POINT ( 'NONE',  ( -0.9443022119895834177, -0.6923126893447697494, 0.1259747312981388256 ) ) ;
#5119 = CARTESIAN_POINT ( 'NONE',  ( 0.9678571428571423052, -0.1706040792565065023, -0.3127325929872117327 ) ) ;
#5120 = CALENDAR_DATE ( 2020, 25, 5 ) ;
#5121 = CARTESIAN_POINT ( 'NONE',  ( -0.1814285714285713835, -0.5535125603737884870, 0.2772416883273278176 ) ) ;
#5122 = CARTESIAN_POINT ( 'NONE',  ( -1.250653459655727495, -0.07523255016621656355, 0.2059889619634636682 ) ) ;
#5123 = CARTESIAN_POINT ( 'NONE',  ( 1.082857142857142074, -0.1794186792585485968, 0.1918572011534898647 ) ) ;
#5124 = CARTESIAN_POINT ( 'NONE',  ( 0.3649955931927932329, -0.7199999999985821075, -6.466458978940866093E-07 ) ) ;
#5125 = DIRECTION ( 'NONE',  ( 0.7071067811865431318, 0.0000000000000000000, -0.7071067811865517916 ) ) ;
#5126 = ORIENTED_EDGE ( 'NONE', *, *, #1311, .F. ) ;
#5127 = EDGE_LOOP ( 'NONE', ( #5503, #4286 ) ) ;
#5128 = CARTESIAN_POINT ( 'NONE',  ( 1.171428571428570597, -0.2419832528349484257, 0.3696555844364372012 ) ) ;
#5129 = CARTESIAN_POINT ( 'NONE',  ( 0.2149970621285840766, -0.1200000000006301859, 4.310969839508414441E-07 ) ) ;
#5130 = CARTESIAN_POINT ( 'NONE',  ( -0.1057436121709345173, -0.6173969788005608805, -0.2259610650165455037 ) ) ;
#5131 = CARTESIAN_POINT ( 'NONE',  ( -0.2618833584877177101, -0.2535527490672194184, 0.2495903006896313669 ) ) ;
#5132 = CARTESIAN_POINT ( 'NONE',  ( -1.089311213708331616, -0.1624894196390702650, -0.1539335980508547697 ) ) ;
#5133 = CARTESIAN_POINT ( 'NONE',  ( -0.5378604324022087102, -0.1537502823894569826, 0.1383579983255640022 ) ) ;
#5134 = CARTESIAN_POINT ( 'NONE',  ( 0.7492857142857139996, -0.3532437198131055389, -0.2924783736545468749 ) ) ;
#5135 = CARTESIAN_POINT ( 'NONE',  ( 0.08214285714285708695, -0.6693959207434930780, -0.3127325929872118437 ) ) ;
#5136 = CARTESIAN_POINT ( 'NONE',  ( -0.6016576845358559966, -0.4926100300732301207, 0.2910826256348835184 ) ) ;
#5137 = CARTESIAN_POINT ( 'NONE',  ( -0.8535714285714283145, -0.05961245283903235381, -0.1735534956470232704 ) ) ;
#5138 = CARTESIAN_POINT ( 'NONE',  ( 1.210000000000000409, -0.4609113705662371552, -0.3207215150174066443 ) ) ;
#5139 = CARTESIAN_POINT ( 'NONE',  ( -0.7614285714285712325, -0.2864874396262113709, -0.2772416883273278732 ) ) ;
#5140 = CARTESIAN_POINT ( 'NONE',  ( -0.5607142857142856096, -0.3309916264174742051, -0.3899711648727292590 ) ) ;
#5141 = CARTESIAN_POINT ( 'NONE',  ( 0.5178571428571425717, -0.6693959207434931891, 0.3127325929872117327 ) ) ;
#5142 = CARTESIAN_POINT ( 'NONE',  ( 0.02500000000000000139, -0.01999999999999999001, 0.0000000000000000000 ) ) ;
#5143 = CARTESIAN_POINT ( 'NONE',  ( -0.9511043482980939823, -0.7074383513751462127, 0.08594372498178175224 ) ) ;
#5144 = CARTESIAN_POINT ( 'NONE',  ( 1.342857142857142083, -0.7407750943219348905, -0.2558096015379864308 ) ) ;
#5145 = ADVANCED_FACE ( 'NONE', ( #1884 ), #4006, .T. ) ;
#5146 = CARTESIAN_POINT ( 'NONE',  ( -0.9892857142857125474, -0.3309916264174740386, 0.3899711648727292590 ) ) ;
#5147 = CARTESIAN_POINT ( 'NONE',  ( -0.5778571428571427360, -0.6070469405576197630, -0.2345494447404087579 ) ) ;
#5148 = CARTESIAN_POINT ( 'NONE',  ( 0.06076137287105857349, -0.1579234751693067429, 0.1460123688036935319 ) ) ;
#5149 = CARTESIAN_POINT ( 'NONE',  ( 0.8685714285714281058, -0.2864874396262112599, -0.2772416883273278176 ) ) ;
#5150 = CARTESIAN_POINT ( 'NONE',  ( -3.466739799365841534, -0.1952273313054406212, -0.06250000000000000000 ) ) ;
#5151 = FACE_OUTER_BOUND ( 'NONE', #3212, .T. ) ;
#5152 = VERTEX_POINT ( 'NONE', #4850 ) ;
#5153 = CARTESIAN_POINT ( 'NONE',  ( 0.7642857142857140129, -0.8199999999999997291, -0.09129738975605995732 ) ) ;
#5154 = FACE_OUTER_BOUND ( 'NONE', #2897, .T. ) ;
#5155 = ORIENTED_EDGE ( 'NONE', *, *, #1660, .F. ) ;
#5156 = CARTESIAN_POINT ( 'NONE',  ( -0.1245834459061139349, -0.5153617512181855043, -0.2844825960339695259 ) ) ;
#5157 = CARTESIAN_POINT ( 'NONE',  ( -0.5428571428571428159, -0.09922490567806474537, -0.2558096015379864308 ) ) ;
#5158 = CARTESIAN_POINT ( 'NONE',  ( -0.2820341602611146081, -0.3703607366146261515, 0.2958717857263582496 ) ) ;
#5159 = CARTESIAN_POINT ( 'NONE',  ( -1.078267874757072864, -0.2043537618278842005, -0.2085729836704455775 ) ) ;
#5160 = CARTESIAN_POINT ( 'NONE',  ( -0.5348325832323334028, -0.1454561952593838581, 0.1209367872224289125 ) ) ;
#5161 = CARTESIAN_POINT ( 'NONE',  ( 0.6957142857142853964, -0.1200000000000000372, -0.06847304231704492983 ) ) ;
#5162 = CARTESIAN_POINT ( 'NONE',  ( 0.5564285714285711615, -0.6902906603707253952, 0.1301651217352673140 ) ) ;
#5163 = CARTESIAN_POINT ( 'NONE',  ( -0.5972900447265244717, -0.4654215553073259293, 0.2965415380710678672 ) ) ;
#5164 = CARTESIAN_POINT ( 'NONE',  ( -0.9607142857142855208, -0.5090083735825254863, 0.3899711648727292590 ) ) ;
#5165 = CARTESIAN_POINT ( 'NONE',  ( 0.7385714285714282124, -0.2864874396262112599, -0.2772416883273278176 ) ) ;
#5166 = VECTOR ( 'NONE', #3520, 39.37007874015748143 ) ;
#5167 = CARTESIAN_POINT ( 'NONE',  ( -0.9971428571428569976, -0.6605813207414512611, -0.1918572011534897537 ) ) ;
#5168 = CARTESIAN_POINT ( 'NONE',  ( -0.3571428571428572618, -0.09922490567806467598, 0.2558096015379863752 ) ) ;
#5169 = CARTESIAN_POINT ( 'NONE',  ( 0.7428571428571426605, -0.7407750943219348905, -0.2558096015379864308 ) ) ;
#5170 = CARTESIAN_POINT ( 'NONE',  ( -0.05646222630946191867, -0.7152036797321245087, 0.05346748961726671689 ) ) ;
#5171 = CARTESIAN_POINT ( 'NONE',  ( -0.5163520050966926567, -0.1201061838074490157, 0.008621008803227641834 ) ) ;
#5172 = CARTESIAN_POINT ( 'NONE',  ( 0.6178571428571424384, -0.1706040792565065023, -0.3127325929872117327 ) ) ;
#5173 = CARTESIAN_POINT ( 'NONE',  ( 0.2992857142857141550, -0.4867562801868941524, 0.2924783736545468749 ) ) ;
#5174 = EDGE_CURVE ( 'NONE', #5152, #3202, #4113, .T. ) ;
#5175 = CARTESIAN_POINT ( 'NONE',  ( -0.7064285714285712947, -0.1497093396292742407, 0.1301651217352673418 ) ) ;
#5176 = ADVANCED_FACE ( 'NONE', ( #69 ), #2547, .T. ) ;
#5177 = DIRECTION ( 'NONE',  ( 1.000000000000000000, 1.268357997058408169E-16, -0.0000000000000000000 ) ) ;
#5178 = CARTESIAN_POINT ( 'NONE',  ( 1.179285714285713604, -0.3532437198131055389, -0.2924783736545468749 ) ) ;
#5179 = CARTESIAN_POINT ( 'NONE',  ( -0.8363617159611835827, -0.1495236213904057032, 0.1298057414225316231 ) ) ;
#5180 = DIRECTION ( 'NONE',  ( 1.000000000000000000, 1.268357997058408169E-16, -0.0000000000000000000 ) ) ;
#5181 = CARTESIAN_POINT ( 'NONE',  ( 1.210000000000000409, -0.1226173585036879066, -0.2675136716817962945 ) ) ;
#5182 = ADVANCED_FACE ( 'NONE', ( #4335 ), #2654, .F. ) ;
#5183 = CARTESIAN_POINT ( 'NONE',  ( -1.149999999999999023, -0.05557476888703520579, -0.1329174720274236277 ) ) ;
#5184 = ORIENTED_EDGE ( 'NONE', *, *, #660, .F. ) ;
#5185 = CARTESIAN_POINT ( 'NONE',  ( -0.09316894794770061439, -0.6691887546201480408, -0.1670480735526775895 ) ) ;
#5186 = CARTESIAN_POINT ( 'NONE',  ( -0.4892857142857141572, -0.5090083735825255973, -0.3899711648727292590 ) ) ;
#5187 = CARTESIAN_POINT ( 'NONE',  ( -0.3182163384322331812, -0.5869688407187279022, 0.2492416851862201965 ) ) ;
#5188 = CARTESIAN_POINT ( 'NONE',  ( -1.134449095441813826, -0.1444824835204052693, 0.1187116358115059417 ) ) ;
#5189 = CARTESIAN_POINT ( 'NONE',  ( -0.4310748757267574005, -0.4756098072471288685, -0.2948030893961365861 ) ) ;
#5190 = CARTESIAN_POINT ( 'NONE',  ( 0.8457142857142853076, -0.7199999999999996403, 0.06847304231704488819 ) ) ;
#5191 = DIRECTION ( 'NONE',  ( 1.000000000000000000, 1.149767674101120973E-16, -0.0000000000000000000 ) ) ;
#5192 = CARTESIAN_POINT ( 'NONE',  ( -0.6406704097989491808, -0.6817971263486186650, 0.1465013275800870485 ) ) ;
#5193 = DIRECTION ( 'NONE',  ( 0.0000000000000000000, -0.8090109116245447485, -0.5877936243890560242 ) ) ;
#5194 = CARTESIAN_POINT ( 'NONE',  ( -1.078571428571428292, -0.5980167471650512656, -0.3696555844364370902 ) ) ;
#5195 = FACE_OUTER_BOUND ( 'NONE', #2132, .T. ) ;
#5196 = AXIS2_PLACEMENT_3D ( 'NONE', #5529, #24, #3397 ) ;
#5197 = CARTESIAN_POINT ( 'NONE',  ( -1.032142857142857029, -0.6693959207434930780, 0.3127325929872118437 ) ) ;
#5198 = CARTESIAN_POINT ( 'NONE',  ( 0.4857142857142854875, -0.8199999999999997291, 0.09129738975605987406 ) ) ;
#5199 = CARTESIAN_POINT ( 'NONE',  ( -1.150000000000002798, -0.4199999999999508571, -0.3999999999999998557 ) ) ;
#5200 = CARTESIAN_POINT ( 'NONE',  ( -0.5188822974039077884, -0.1209710129890281399, 0.02461665515429191028 ) ) ;
#5201 = CARTESIAN_POINT ( 'NONE',  ( 0.5428571428571425939, -0.09922490567806474537, 0.2558096015379864308 ) ) ;
#5202 = CARTESIAN_POINT ( 'NONE',  ( -0.9970346141353032543, -0.6549820556009184891, -0.1865296813670993814 ) ) ;
#5203 = CARTESIAN_POINT ( 'NONE',  ( -0.8457142857142855297, -0.7199999999999996403, -0.06847304231704488819 ) ) ;
#5204 = CARTESIAN_POINT ( 'NONE',  ( 0.07009596876577553481, -0.1344063738344286052, 0.09198084358621611001 ) ) ;
#5205 = CARTESIAN_POINT ( 'NONE',  ( 0.7292857142857139818, -0.4867562801868941524, 0.2924783736545468749 ) ) ;
#5206 = CARTESIAN_POINT ( 'NONE',  ( -0.8518095086556434214, -0.2045847601700419294, 0.2090084844091359972 ) ) ;
#5207 = CARTESIAN_POINT ( 'NONE',  ( 3.449999999999997513, -0.1779385408620358655, -0.06250000000000000000 ) ) ;
#5208 = EDGE_CURVE ( 'NONE', #2804, #4528, #4311, .T. ) ;
#5209 = B_SPLINE_CURVE_WITH_KNOTS ( 'NONE', 3,
 ( #5378, #1957, #1540, #1898, #2760, #4355, #1047, #62, #2226, #3550, #2735, #1357, #4866, #1873, #3490, #175 ),
 .UNSPECIFIED., .F., .F.,
 ( 4, 2, 2, 2, 2, 2, 2, 4 ),
 ( 0.0000000000000000000, 0.001327991775791275558, 0.002655983551582551117, 0.005311967103165102233, 0.006639958878956377791, 0.007967950654747653350, 0.009295942430538928908, 0.01062393420633020447 ),
 .UNSPECIFIED. ) ;
#5210 = CYLINDRICAL_SURFACE ( 'NONE', #1162, 0.2999999999999998224 ) ;
#5211 = CARTESIAN_POINT ( 'NONE',  ( 0.3587415100468046014, -0.7200000014364593692, -0.03926989734853636449 ) ) ;
#5212 = ORIENTED_EDGE ( 'NONE', *, *, #5468, .F. ) ;
#5213 = CARTESIAN_POINT ( 'NONE',  ( -0.1410139592081417481, -0.4136823910628872891, -0.3000041196444443448 ) ) ;
#5214 = CARTESIAN_POINT ( 'NONE',  ( -0.6392857142857142350, -0.3309916264174740386, 0.3899711648727292590 ) ) ;
#5215 = CARTESIAN_POINT ( 'NONE',  ( -0.3268637964501104332, -0.6294803946336333667, 0.2147856867309655415 ) ) ;
#5216 = DIRECTION ( 'NONE',  ( 0.0000000000000000000, -1.000000000000000000, 0.0000000000000000000 ) ) ;
#5217 = CARTESIAN_POINT ( 'NONE',  ( -0.4320321843826642749, -0.4696517234353032588, -0.2958697384229979077 ) ) ;
#5218 = CARTESIAN_POINT ( 'NONE',  ( -0.1974485505571656474, -0.1399623469086187511, -0.1076217611314725930 ) ) ;
#5219 = ADVANCED_FACE ( 'NONE', ( #4130 ), #2440, .T. ) ;
#5220 = EDGE_CURVE ( 'NONE', #3205, #3318, #2620, .T. ) ;
#5221 = CARTESIAN_POINT ( 'NONE',  ( 1.231428571428570651, -0.2864874396262113709, 0.2772416883273278732 ) ) ;
#5222 = CARTESIAN_POINT ( 'NONE',  ( 0.2107142857142855485, -0.3309916264174742051, 0.3899711648727292590 ) ) ;
#5223 = CARTESIAN_POINT ( 'NONE',  ( -0.6549140046273178584, -0.7133285396178720150, 0.06293517145584397177 ) ) ;
#5224 = LINE ( 'NONE', #3517, #3797 ) ;
#5225 = CARTESIAN_POINT ( 'NONE',  ( 0.5214285714285711304, -0.2419832528349484257, 0.3696555844364372012 ) ) ;
#5226 = CYLINDRICAL_SURFACE ( 'NONE', #2119, 0.2999999999999998224 ) ;
#5227 = CARTESIAN_POINT ( 'NONE',  ( 0.4064285714285711948, -0.1497093396292742407, -0.1301651217352673418 ) ) ;
#5228 = CARTESIAN_POINT ( 'NONE',  ( -0.6464285714285712414, -0.05961245283903229136, 0.1735534956470231871 ) ) ;
#5229 = CIRCLE ( 'NONE', #122, 0.1999999999999989009 ) ;
#5230 = CARTESIAN_POINT ( 'NONE',  ( -1.160714285714285365, -0.3309916264174742051, -0.3899711648727292590 ) ) ;
#5231 = CARTESIAN_POINT ( 'NONE',  ( -0.3207142857142856740, -0.3532437198131055944, -0.2924783736545468749 ) ) ;
#5232 = CARTESIAN_POINT ( 'NONE',  ( -0.6935249614516201255, -0.6679461930941459347, -0.1688877242063645812 ) ) ;
#5233 = CARTESIAN_POINT ( 'NONE',  ( 0.4035714285714283589, -0.7803875471609672543, -0.1735534956470232149 ) ) ;
#5234 = CARTESIAN_POINT ( 'NONE',  ( 0.3742857142857140551, -0.1200000000000000649, 0.06847304231704502697 ) ) ;
#5235 = CARTESIAN_POINT ( 'NONE',  ( -0.3071428571428571064, -0.09922490567806467598, 0.2558096015379863752 ) ) ;
#5236 = ORIENTED_EDGE ( 'NONE', *, *, #4743, .F. ) ;
#5237 = AXIS2_PLACEMENT_3D ( 'NONE', #1314, #887, #3027 ) ;
#5238 = CARTESIAN_POINT ( 'NONE',  ( -0.5671428571428570597, -0.6605813207414512611, -0.1918572011534897537 ) ) ;
#5239 = CARTESIAN_POINT ( 'NONE',  ( 0.02860097280140918782, -0.3059324700623335946, 0.2774683648484339016 ) ) ;
#5240 = DIRECTION ( 'NONE',  ( -1.000000000000000000, 0.0000000000000000000, 0.0000000000000000000 ) ) ;
#5241 = CARTESIAN_POINT ( 'NONE',  ( -0.02500000000000000139, -0.01999999999999999001, 0.0000000000000000000 ) ) ;
#5242 = CARTESIAN_POINT ( 'NONE',  ( -2.138506484271023300, -0.1700000000000004008, 2.556627572707230627E-17 ) ) ;
#5243 = CARTESIAN_POINT ( 'NONE',  ( 1.432033119262385634, -0.5690649565625648387, 0.3758165761013950723 ) ) ;
#5244 = CARTESIAN_POINT ( 'NONE',  ( 0.2962427058148697223, -0.4592699174671365792, -0.2999999988029407594 ) ) ;
#5245 = ORIENTED_EDGE ( 'NONE', *, *, #760, .F. ) ;
#5246 = CARTESIAN_POINT ( 'NONE',  ( -0.1306752859570969594, -0.4780984547426339049, -0.2943205398296184216 ) ) ;
#5247 = CARTESIAN_POINT ( 'NONE',  ( -0.1999999999999999278, -0.4199999999999999845, -0.4102867453090214278 ) ) ;
#5248 = CARTESIAN_POINT ( 'NONE',  ( -0.3061747863609621811, -0.5199244239953233482, 0.2830406501936781893 ) ) ;
#5249 = DIRECTION ( 'NONE',  ( 1.000000000000000000, 1.268357997058408169E-16, -0.0000000000000000000 ) ) ;
#5250 = CARTESIAN_POINT ( 'NONE',  ( 1.003571428571427893, -0.7803875471609672543, -0.1735534956470232149 ) ) ;
#5251 = CARTESIAN_POINT ( 'NONE',  ( -0.4027441744373851384, -0.6311980588580389240, -0.2130629750410736045 ) ) ;
#5252 = CARTESIAN_POINT ( 'NONE',  ( -0.1635491551696724166, -0.2779859370723311018, -0.2643459068294971015 ) ) ;
#5253 = CARTESIAN_POINT ( 'NONE',  ( 1.242142857142856549, -0.2329530594423799283, 0.2345494447404088134 ) ) ;
#5254 = CARTESIAN_POINT ( 'NONE',  ( 0.4678571428571425272, -0.6693959207434931891, 0.3127325929872117327 ) ) ;
#5255 = CARTESIAN_POINT ( 'NONE',  ( -0.6241935446427006040, -0.6170838717516625715, 0.2262509286834970545 ) ) ;
#5256 = CARTESIAN_POINT ( 'NONE',  ( -0.3876452785083095987, -0.6868688023959017563, -0.1371325650083913272 ) ) ;
#5257 = CARTESIAN_POINT ( 'NONE',  ( 0.09285714285714277705, -0.7407750943219348905, -0.2558096015379864308 ) ) ;
#5258 = DIRECTION ( 'NONE',  ( -1.000000000000000000, 0.0000000000000000000, 0.0000000000000000000 ) ) ;
#5259 = AXIS2_PLACEMENT_3D ( 'NONE', #74, #3500, #1340 ) ;
#5260 = CARTESIAN_POINT ( 'NONE',  ( 0.4814285714285711504, -0.5535125603737884870, -0.2772416883273278176 ) ) ;
#5261 = CARTESIAN_POINT ( 'NONE',  ( -0.7428571428571428825, -0.7407750943219348905, 0.2558096015379864308 ) ) ;
#5262 = EDGE_CURVE ( 'NONE', #1658, #1184, #3773, .T. ) ;
#5263 = CARTESIAN_POINT ( 'NONE',  ( -0.9357142857142857206, -0.01999999999999999695, 0.09129738975605992957 ) ) ;
#5264 = CARTESIAN_POINT ( 'NONE',  ( -1.150001796189255021, -0.7053312609539378331, -0.09266095295272745724 ) ) ;
#5265 = CARTESIAN_POINT ( 'NONE',  ( -0.7113725279832342485, -0.5891014002421334217, -0.2478320201857616700 ) ) ;
#5266 = CARTESIAN_POINT ( 'NONE',  ( 0.1142857142857142128, -0.8199999999999997291, -0.09129738975605995732 ) ) ;
#5267 = CARTESIAN_POINT ( 'NONE',  ( -0.2321428571428570953, -0.1706040792565065856, -0.3127325929872118437 ) ) ;
#5268 = B_SPLINE_CURVE_WITH_KNOTS ( 'NONE', 3,
 ( #1033, #3114, #3922, #2747, #606, #5242 ),
 .UNSPECIFIED., .F., .F.,
 ( 4, 2, 4 ),
 ( 0.0000000000000000000, 0.0008079325618851976873, 0.001615865123770394941 ),
 .UNSPECIFIED. ) ;
#5269 = ORIENTED_EDGE ( 'NONE', *, *, #596, .F. ) ;
#5270 = CARTESIAN_POINT ( 'NONE',  ( -1.027857142857142803, -0.2329530594423798728, 0.2345494447404087857 ) ) ;
#5271 = CARTESIAN_POINT ( 'NONE',  ( 0.8587319439021192657, -0.2356360023960603067, -0.2399000668760490063 ) ) ;
#5272 = CARTESIAN_POINT ( 'NONE',  ( 0.04671735274475717625, -0.2112126956418354240, 0.2154318759176643561 ) ) ;
#5273 = CARTESIAN_POINT ( 'NONE',  ( 1.275714285714284690, -0.7199999999999996403, 0.06847304231704488819 ) ) ;
#5274 = CARTESIAN_POINT ( 'NONE',  ( -0.8285067730077368964, -0.1318825216358910091, 0.08360898980391177904 ) ) ;
#5275 = DIRECTION ( 'NONE',  ( -1.000000000000000000, -1.268357997058408169E-16, 0.0000000000000000000 ) ) ;
#5276 = CARTESIAN_POINT ( 'NONE',  ( 1.439092362116403789, -0.5181347410410794829, 0.4052202033352992339 ) ) ;
#5277 = FACE_OUTER_BOUND ( 'NONE', #1771, .T. ) ;
#5278 = ORIENTED_EDGE ( 'NONE', *, *, #179, .T. ) ;
#5279 = CARTESIAN_POINT ( 'NONE',  ( -0.4035714285714284699, -0.7803875471609672543, 0.1735534956470232149 ) ) ;
#5280 = CARTESIAN_POINT ( 'NONE',  ( -0.3168319825500222620, -0.5797756035912274841, 0.2541020870055055170 ) ) ;
#5281 = FACE_OUTER_BOUND ( 'NONE', #219, .T. ) ;
#5282 = CARTESIAN_POINT ( 'NONE',  ( 0.7892857142857138131, -0.5090083735825255973, 0.3899711648727292590 ) ) ;
#5283 = CARTESIAN_POINT ( 'NONE',  ( -0.4223573259617722231, -0.5285074081531583312, -0.2797016166746535415 ) ) ;
#5284 = CARTESIAN_POINT ( 'NONE',  ( -0.1683933298650192867, -0.2521059514446357674, -0.2486200846351288019 ) ) ;
#5285 = PRODUCT_DEFINITION_FORMATION_WITH_SPECIFIED_SOURCE ( 'ANY', '', #4880, .NOT_KNOWN. ) ;
#5286 = CARTESIAN_POINT ( 'NONE',  ( 1.059999999999999609, -0.4199999999999999289, -0.3077150589817659876 ) ) ;
#5287 = CARTESIAN_POINT ( 'NONE',  ( 0.7142857142857140795, -0.8199999999999997291, -0.09129738975605997120 ) ) ;
#5288 = CARTESIAN_POINT ( 'NONE',  ( -0.6213219704931540743, -0.6029250663569686308, 0.2377782494559647630 ) ) ;
#5289 = CARTESIAN_POINT ( 'NONE',  ( -0.3932144950075360801, -0.6690302157857310750, -0.1672843245503850274 ) ) ;
#5290 = CARTESIAN_POINT ( 'NONE',  ( 0.1785714285714285199, -0.5980167471650512656, 0.3696555844364370347 ) ) ;
#5291 = CARTESIAN_POINT ( 'NONE',  ( 0.1462455756582161648, -0.3807300861907016998, 0.2999999992817514727 ) ) ;
#5292 = CARTESIAN_POINT ( 'NONE',  ( -0.5392857142857141461, -0.5090083735825255973, -0.3899711648727292590 ) ) ;
#5293 = CARTESIAN_POINT ( 'NONE',  ( 1.203571428571427848, -0.05961245283903235381, 0.1735534956470232704 ) ) ;
#5294 = CARTESIAN_POINT ( 'NONE',  ( -0.6793086782331902995, -0.7068192491587728110, -0.08846696176175315729 ) ) ;
#5295 = CARTESIAN_POINT ( 'NONE',  ( 0.2214285714285713358, -0.2419832528349484257, 0.3696555844364372012 ) ) ;
#5296 = CARTESIAN_POINT ( 'NONE',  ( -0.3821428571428570620, -0.6693959207434930780, 0.3127325929872118437 ) ) ;
#5297 = AXIS2_PLACEMENT_3D ( 'NONE', #3056, #4762, #915 ) ;
#5298 = CARTESIAN_POINT ( 'NONE',  ( -1.252857142857142447, -0.1794186792585485968, -0.1918572011534898647 ) ) ;
#5299 = CARTESIAN_POINT ( 'NONE',  ( 0.01797433014705552071, -0.3703078387374462155, 0.2958629145561830209 ) ) ;
#5300 = CARTESIAN_POINT ( 'NONE',  ( -0.8375742751453699730, -0.1529572541299405453, 0.1367053141474704470 ) ) ;
#5301 = LINE ( 'NONE', #3172, #450 ) ;
#5302 = VERTEX_POINT ( 'NONE', #4890 ) ;
#5303 = CARTESIAN_POINT ( 'NONE',  ( 2.139214485556808931, -0.1706902379618533139, 0.02133425526348393941 ) ) ;
#5304 = CARTESIAN_POINT ( 'NONE',  ( -3.499999999999999112, -0.1699999999999994293, -0.06250000000000000000 ) ) ;
#5305 = ORIENTED_EDGE ( 'NONE', *, *, #626, .F. ) ;
#5306 = CARTESIAN_POINT ( 'NONE',  ( 0.1599999999999999478, -0.4199999999999998734, -0.3077150589817659876 ) ) ;
#5307 = LINE ( 'NONE', #1865, #661 ) ;
#5308 = CARTESIAN_POINT ( 'NONE',  ( 0.7785714285714280258, -0.5980167471650512656, 0.3696555844364370347 ) ) ;
#5309 = CARTESIAN_POINT ( 'NONE',  ( -0.4113009090959075520, -0.5894950562862923960, -0.2475550940900443364 ) ) ;
#5310 = CARTESIAN_POINT ( 'NONE',  ( -0.1686516309391181412, -0.2507577151315305564, -0.2477067110270759209 ) ) ;
#5311 = CARTESIAN_POINT ( 'NONE',  ( 1.456428571428570740, -0.6902906603707253952, 0.1301651217352673140 ) ) ;
#5312 =( BOUNDED_CURVE ( )  B_SPLINE_CURVE ( 2, ( #5081, #927, #5162, #2952, #5512, #2645, #2113, #2142, #1355, #4353, #3067, #1327, #2083, #4660, #2527 ),
 .UNSPECIFIED., .F., .T. ) 
 B_SPLINE_CURVE_WITH_KNOTS ( ( 3, 2, 2, 2, 2, 2, 2, 3 ),
 ( 0.3214254276773019225, 0.3367313027362318634, 0.3520372710424242158, 0.3673432393486165681, 0.3826492076548089205, 0.3979551759610012729, 0.4132611442671936253, 0.4285671229025037610 ),
 .UNSPECIFIED. ) 
 CURVE ( )  GEOMETRIC_REPRESENTATION_ITEM ( )  RATIONAL_B_SPLINE_CURVE ( ( 0.9999996945127205272, 0.9749280649263939447, 1.000000000000000000, 0.9749279121818236193, 1.000000000000000000, 0.9749279121818236193, 1.000000000000000000, 0.9749279121818236193, 1.000000000000000000, 0.9749279121818236193, 1.000000000000000000, 0.9749279121818236193, 1.000000000000000000, 0.9749279121818236193, 1.000000000000000000 ) ) 
 REPRESENTATION_ITEM ( '' )  );
#5313 = CARTESIAN_POINT ( 'NONE',  ( 0.8107142857142851655, -0.3309916264174742051, 0.3899711648727292590 ) ) ;
#5314 = CARTESIAN_POINT ( 'NONE',  ( -0.2175405852977129462, -0.1204037055222464958, 0.01613250192616831266 ) ) ;
#5315 = DIRECTION ( 'NONE',  ( -1.000000000000000000, -1.268357997058408169E-16, 0.0000000000000000000 ) ) ;
#5316 = CARTESIAN_POINT ( 'NONE',  ( 0.3821428571428568954, -0.6693959207434930780, -0.3127325929872118437 ) ) ;
#5317 = DIRECTION ( 'NONE',  ( 0.0000000000000000000, 1.000000000000000000, 0.0000000000000000000 ) ) ;
#5318 = CARTESIAN_POINT ( 'NONE',  ( -0.4857142857142857095, -0.8199999999999997291, -0.09129738975605987406 ) ) ;
#5319 = AXIS2_PLACEMENT_3D ( 'NONE', #1823, #3375, #2190 ) ;
#5320 = CARTESIAN_POINT ( 'NONE',  ( -0.2885714285714285343, -0.5535125603737884870, -0.2772416883273278176 ) ) ;
#5321 = CARTESIAN_POINT ( 'NONE',  ( -0.7046358548262284804, -0.6225915762227062222, -0.2212755169900630647 ) ) ;
#5322 = CARTESIAN_POINT ( 'NONE',  ( 0.9714285714285707529, -0.5980167471650511546, -0.3696555844364371457 ) ) ;
#5323 = CARTESIAN_POINT ( 'NONE',  ( -0.2535714285714285032, -0.05961245283903235381, -0.1735534956470232704 ) ) ;
#5324 = CARTESIAN_POINT ( 'NONE',  ( -1.242142857142856771, -0.2329530594423799283, -0.2345494447404088134 ) ) ;
#5325 = CARTESIAN_POINT ( 'NONE',  ( 0.7462340962846946146, -0.3807300715602116581, 0.2999999973666210296 ) ) ;
#5326 = CARTESIAN_POINT ( 'NONE',  ( 0.04268933047586637164, -0.2302386003476036835, 0.2323588845039857576 ) ) ;
#5327 = CARTESIAN_POINT ( 'NONE',  ( -0.9047111063154050781, -0.5111832355856356092, 0.2858069618854584548 ) ) ;
#5328 = CARTESIAN_POINT ( 'NONE',  ( 0.4857142857142854320, -0.8199999999999997291, 0.09129738975605987406 ) ) ;
#5329 = CARTESIAN_POINT ( 'NONE',  ( -2.311999999999999389, 0.009999999999999892655, -0.06250000000000000000 ) ) ;
#5330 = VERTEX_POINT ( 'NONE', #4047 ) ;
#5331 = CARTESIAN_POINT ( 'NONE',  ( -0.2928571428571428159, -0.09922490567806474537, -0.2558096015379864308 ) ) ;
#5332 = CARTESIAN_POINT ( 'NONE',  ( 0.3337419883540302945, -0.6599000590091317342, -0.1843640078406174887 ) ) ;
#5333 = ORIENTED_EDGE ( 'NONE', *, *, #1659, .T. ) ;
#5334 = EDGE_CURVE ( 'NONE', #2014, #5302, #3042, .T. ) ;
#5335 = CARTESIAN_POINT ( 'NONE',  ( -0.3281694995372038126, -0.6352119302706479287, 0.2090130263695692270 ) ) ;
#5336 = DIRECTION ( 'NONE',  ( 1.000000000000000000, 1.268357997058408169E-16, -0.0000000000000000000 ) ) ;
#5337 = CARTESIAN_POINT ( 'NONE',  ( 1.228571428571427759, -0.2419832528349483425, -0.3696555844364371457 ) ) ;
#5338 = AXIS2_PLACEMENT_3D ( 'NONE', #4598, #1556, #1579 ) ;
#5339 = CARTESIAN_POINT ( 'NONE',  ( -0.4788600119004227662, -0.2018030516566101940, -0.2059141743880025799 ) ) ;
#5340 = CARTESIAN_POINT ( 'NONE',  ( -0.1749703587740682464, -0.2192346018147895981, -0.2229335135795704748 ) ) ;
#5341 = ORIENTED_EDGE ( 'NONE', *, *, #412, .F. ) ;
#5342 = CARTESIAN_POINT ( 'NONE',  ( 1.477857142857142092, -0.6070469405576197630, 0.2345494447404087579 ) ) ;
#5343 = CARTESIAN_POINT ( 'NONE',  ( 0.4357142857142854431, -0.8199999999999997291, 0.09129738975605987406 ) ) ;
#5344 = CARTESIAN_POINT ( 'NONE',  ( -0.2244101809686287752, -0.1258206243194290308, 0.05881023169162900854 ) ) ;
#5345 = CARTESIAN_POINT ( 'NONE',  ( -1.052658460861141565, -0.3412344782916345021, -0.2894934934607975019 ) ) ;
#5346 = CARTESIAN_POINT ( 'NONE',  ( -0.9670975462667174005, -0.7197072471305177022, -0.01333793720810460756 ) ) ;
#5347 = CARTESIAN_POINT ( 'NONE',  ( 0.007142857142857121817, -0.09922490567806467598, -0.2558096015379863752 ) ) ;
#5348 = CARTESIAN_POINT ( 'NONE',  ( 0.08999665184946653573, -0.6821359143754105459, 0.1510856978479694912 ) ) ;
#5349 = CARTESIAN_POINT ( 'NONE',  ( -0.6678571428571427049, -0.1706040792565065023, 0.3127325929872117327 ) ) ;
#5350 = CARTESIAN_POINT ( 'NONE',  ( 0.5350027259275828007, -0.7199999999994484146, 4.038375050886289720E-07 ) ) ;
#5351 = CARTESIAN_POINT ( 'NONE',  ( -0.7106427690226043703, -0.5928987191985332084, -0.2452207794260402862 ) ) ;
#5352 = CARTESIAN_POINT ( 'NONE',  ( 1.271428571428571352, -0.5980167471650511546, -0.3696555844364371457 ) ) ;
#5353 = CARTESIAN_POINT ( 'NONE',  ( -0.2214285714285714191, -0.2419832528349484257, -0.3696555844364372012 ) ) ;
#5354 = CARTESIAN_POINT ( 'NONE',  ( 0.9712297915195322595, -0.7199999966485213232, 0.03926993392564897406 ) ) ;
#5355 = CARTESIAN_POINT ( 'NONE',  ( 3.449999999999997513, -0.1779385408620358655, -0.06250000000000000000 ) ) ;
#5356 = CARTESIAN_POINT ( 'NONE',  ( 0.05296723454432450406, -0.1849573795343968374, 0.1864917871393352578 ) ) ;
#5357 = CARTESIAN_POINT ( 'NONE',  ( -0.8570179098061557754, -0.2287949208626645359, 0.2311764781623430187 ) ) ;
#5358 = CARTESIAN_POINT ( 'NONE',  ( 0.6464285714285711304, -0.05961245283903229136, -0.1735534956470231871 ) ) ;
#5359 = CARTESIAN_POINT ( 'NONE',  ( -0.1535714285714270544, -0.7803875471609672543, 0.1735534956470232149 ) ) ;
#5360 = EDGE_CURVE ( 'NONE', #1613, #3560, #4372, .T. ) ;
#5361 = ORIENTED_EDGE ( 'NONE', *, *, #2695, .T. ) ;
#5362 = ORIENTED_EDGE ( 'NONE', *, *, #246, .T. ) ;
#5363 = CARTESIAN_POINT ( 'NONE',  ( -0.3513893214999112558, -0.7080812544894482530, 0.08429341953234913143 ) ) ;
#5364 = CARTESIAN_POINT ( 'NONE',  ( 0.1535714285714284977, -0.7803875471609672543, -0.1735534956470232149 ) ) ;
#5365 = CARTESIAN_POINT ( 'NONE',  ( 1.099999999999999201, -0.4199999999999999845, 0.4102867453090214278 ) ) ;
#5366 = CARTESIAN_POINT ( 'NONE',  ( -0.4683984660611920647, -0.2520791193991139822, -0.2486019195345734734 ) ) ;
#5367 = CARTESIAN_POINT ( 'NONE',  ( -0.7171428571428570820, -0.1794186792585485413, 0.1918572011534897814 ) ) ;
#5368 = EDGE_CURVE ( 'NONE', #3174, #2943, #2887, .T. ) ;
#5369 = ORIENTED_EDGE ( 'NONE', *, *, #3577, .T. ) ;
#5370 = CARTESIAN_POINT ( 'NONE',  ( 0.2178571428571427493, -0.6693959207434931891, 0.3127325929872117327 ) ) ;
#5371 = CARTESIAN_POINT ( 'NONE',  ( 0.8642857142857138797, -0.02000000000000005940, 0.09129738975606002671 ) ) ;
#5372 = CARTESIAN_POINT ( 'NONE',  ( -0.2268217421730576722, -0.1291145402261070496, 0.07348066537733818904 ) ) ;
#5373 = CARTESIAN_POINT ( 'NONE',  ( -1.021649227064607812, -0.5326258601225900557, -0.2780672677508979618 ) ) ;
#5374 = CARTESIAN_POINT ( 'NONE',  ( -0.9818338765136144231, -0.7016318218789169281, -0.1033903696037702519 ) ) ;
#5375 = DIRECTION ( 'NONE',  ( 1.000000000000000000, 0.0000000000000000000, 0.0000000000000000000 ) ) ;
#5376 = CARTESIAN_POINT ( 'NONE',  ( 1.209999999999999964, -0.2168651306763398900, 0.2848827030346091083 ) ) ;
#5377 = CARTESIAN_POINT ( 'NONE',  ( 2.311999999999999389, 0.009999999999999892655, -0.06250000000000000000 ) ) ;
#5378 = CARTESIAN_POINT ( 'NONE',  ( 1.210000000000000409, -0.1226173585036879066, -0.2675136716817962945 ) ) ;
#5379 = CARTESIAN_POINT ( 'NONE',  ( -0.7286951879507528318, -0.4903881710799498084, -0.2916986263549041225 ) ) ;
#5380 = CARTESIAN_POINT ( 'NONE',  ( 1.057142857142856718, -0.7407750943219351125, 0.2558096015379863197 ) ) ;
#5381 = CARTESIAN_POINT ( 'NONE',  ( -0.6285714285714283367, -0.2419832528349483425, 0.3696555844364371457 ) ) ;
#5382 = CARTESIAN_POINT ( 'NONE',  ( -1.078571428571428514, -0.5980167471650512656, -0.3696555844364370347 ) ) ;
#5383 = CARTESIAN_POINT ( 'NONE',  ( -0.008723939436742147654, -0.5347769950208288714, 0.2771754945931839687 ) ) ;
#5384 = CARTESIAN_POINT ( 'NONE',  ( -0.8815198334525123913, -0.3671666077229272518, 0.2953146971406575561 ) ) ;
#5385 = CARTESIAN_POINT ( 'NONE',  ( 0.4214285714285712636, -0.5980167471650511546, -0.3696555844364371457 ) ) ;
#5386 = CARTESIAN_POINT ( 'NONE',  ( -0.2499999999999984734, -0.4200000000000000400, -0.4102867453090213723 ) ) ;
#5387 = APPLICATION_CONTEXT ( 'configuration controlled 3d designs of mechanical parts and assemblies' ) ;
#5388 = ORIENTED_EDGE ( 'NONE', *, *, #4396, .T. ) ;
#5389 = VERTEX_POINT ( 'NONE', #4171 ) ;
#5390 = CARTESIAN_POINT ( 'NONE',  ( 0.09571428571428569620, -0.1200000000000000372, -0.06847304231704492983 ) ) ;
#5391 = CARTESIAN_POINT ( 'NONE',  ( 0.1749999999999999056, -0.8199999999999997291, -4.898587196589411226E-17 ) ) ;
#5392 = PLANE ( 'NONE',  #4541 ) ;
#5393 = CARTESIAN_POINT ( 'NONE',  ( 0.1721428571428570142, -0.2329530594423799283, 0.2345494447404088134 ) ) ;
#5394 = CARTESIAN_POINT ( 'NONE',  ( -0.4870683407200162574, -0.1699900429155795090, -0.1658163804802130770 ) ) ;
#5395 = CARTESIAN_POINT ( 'NONE',  ( -0.7707142857142856851, -0.4867562801868940969, 0.2924783736545468749 ) ) ;
#5396 = CARTESIAN_POINT ( 'NONE',  ( 0.6571428571428566956, -0.09922490567806467598, -0.2558096015379863752 ) ) ;
#5397 = CARTESIAN_POINT ( 'NONE',  ( -0.06499999966781112859, -0.7199999999999998623, 4.883406117479144416E-11 ) ) ;
#5398 = CARTESIAN_POINT ( 'NONE',  ( -0.6643554936056654814, -0.7199730706073347308, 0.004112715069486267729 ) ) ;
#5399 = CARTESIAN_POINT ( 'NONE',  ( -1.053631324654085155, -0.3353230732656559687, -0.2878021808586181396 ) ) ;
#5400 = ADVANCED_FACE ( 'NONE', ( #5472 ), #3717, .T. ) ;
#5401 = CARTESIAN_POINT ( 'NONE',  ( -1.011983808937022555, -0.5859489570500420186, -0.2500627573024254979 ) ) ;
#5402 = ORIENTED_EDGE ( 'NONE', *, *, #4540, .T. ) ;
#5403 = DIRECTION ( 'NONE',  ( 0.0000000000000000000, 1.000000000000000000, 0.0000000000000000000 ) ) ;
#5404 = FACE_OUTER_BOUND ( 'NONE', #3297, .T. ) ;
#5405 = EDGE_CURVE ( 'NONE', #1498, #2943, #1390, .T. ) ;
#5406 = CARTESIAN_POINT ( 'NONE',  ( -0.7316109046934943239, -0.4722688684769038581, -0.2954116795511956828 ) ) ;
#5407 = CARTESIAN_POINT ( 'NONE',  ( 1.374973587799632968, -0.6199972543020934035, 0.3464117467286920715 ) ) ;
#5408 = CARTESIAN_POINT ( 'NONE',  ( -0.6928571428571428381, -0.7407750943219348905, 0.2558096015379864308 ) ) ;
#5409 = CARTESIAN_POINT ( 'NONE',  ( -0.5972809124303661843, -0.4653643575695439183, 0.2965502915768677972 ) ) ;
#5410 = CARTESIAN_POINT ( 'NONE',  ( -0.9071428571428569176, -0.09922490567806467598, 0.2558096015379863752 ) ) ;
#5411 = CARTESIAN_POINT ( 'NONE',  ( -0.009302499089803621668, -0.5381057712497117063, 0.2757771309228659873 ) ) ;
#5412 = CARTESIAN_POINT ( 'NONE',  ( -0.8663453609912955544, -0.2774777248876315605, 0.2639842370203698274 ) ) ;
#5413 = CARTESIAN_POINT ( 'NONE',  ( 0.4749999999999997002, -0.8199999999999997291, -4.898587196589411226E-17 ) ) ;
#5414 = CARTESIAN_POINT ( 'NONE',  ( -0.09999999999999849287, -0.4199999999999998734, 0.4102867453090213723 ) ) ;
#5415 = ORIENTED_EDGE ( 'NONE', *, *, #4127, .F. ) ;
#5416 = CARTESIAN_POINT ( 'NONE',  ( -0.3558866505153980841, -0.7145365126972076375, 0.05699464154507512259 ) ) ;
#5417 = CARTESIAN_POINT ( 'NONE',  ( -0.7908512182164261217, -0.1576373679018848173, -0.1455040840360800614 ) ) ;
#5418 = CARTESIAN_POINT ( 'NONE',  ( 0.1614285714285713103, -0.2864874396262113709, 0.2772416883273278732 ) ) ;
#5419 = CARTESIAN_POINT ( 'NONE',  ( -0.4438736109172548017, -0.3958483588180960466, -0.2990806295715784935 ) ) ;
#5420 = CARTESIAN_POINT ( 'NONE',  ( -0.09571428571428569620, -0.1200000000000000372, 0.06847304231704492983 ) ) ;
#5421 = CARTESIAN_POINT ( 'NONE',  ( 0.4535714285714283478, -0.7803875471609672543, -0.1735534956470232149 ) ) ;
#5422 = VECTOR ( 'NONE', #2130, 39.37007874015748143 ) ;
#5423 = CARTESIAN_POINT ( 'NONE',  ( 1.153571428571427804, -0.05961245283903235381, 0.1735534956470232704 ) ) ;
#5424 = CARTESIAN_POINT ( 'NONE',  ( 2.147139134848051079, -0.1779385408620360320, -0.06250000000000000000 ) ) ;
#5425 = CARTESIAN_POINT ( 'NONE',  ( -1.058466672538405096, -0.3067081736175344409, -0.2777858768852554672 ) ) ;
#5426 = ORIENTED_EDGE ( 'NONE', *, *, #3775, .T. ) ;
#5427 = CARTESIAN_POINT ( 'NONE',  ( -0.3849978327552369128, -0.1200000000003488693, -3.180173354764372979E-07 ) ) ;
#5428 = VERTEX_POINT ( 'NONE', #4145 ) ;
#5429 = CARTESIAN_POINT ( 'NONE',  ( 1.210000000000000409, -0.4199999999999998734, 0.0000000000000000000 ) ) ;
#5430 = EDGE_CURVE ( 'NONE', #2804, #4126, #324, .T. ) ;
#5431 = CARTESIAN_POINT ( 'NONE',  ( -0.5406080114655830160, -0.1622191586007739050, 0.1534815695230787591 ) ) ;
#5432 = CARTESIAN_POINT ( 'NONE',  ( -0.7314647185411874419, -0.4731794360508521091, -0.2952500851377068414 ) ) ;
#5433 = CARTESIAN_POINT ( 'NONE',  ( 0.7571428571428565624, -0.7407750943219351125, 0.2558096015379863197 ) ) ;
#5434 = CARTESIAN_POINT ( 'NONE',  ( -0.8964285714285713524, -0.05961245283903229136, 0.1735534956470231871 ) ) ;
#5435 = EDGE_CURVE ( 'NONE', #3318, #4493, #2467, .T. ) ;
#5436 = CARTESIAN_POINT ( 'NONE',  ( -0.2792857142857142483, -0.3532437198131055389, 0.2924783736545468749 ) ) ;
#5437 = CARTESIAN_POINT ( 'NONE',  ( -0.1107142857142857095, -0.5090083735825254863, 0.3899711648727292590 ) ) ;
#5438 = CARTESIAN_POINT ( 'NONE',  ( -0.03702933828260542015, -0.6698752495616343561, 0.1660197524944840020 ) ) ;
#5439 = CARTESIAN_POINT ( 'NONE',  ( -0.8967848162057496797, -0.4622740405436605027, 0.2970171880403966735 ) ) ;
#5440 = VERTEX_POINT ( 'NONE', #3196 ) ;
#5441 = CARTESIAN_POINT ( 'NONE',  ( 0.6678571428571424828, -0.1706040792565065023, -0.3127325929872117327 ) ) ;
#5442 = CARTESIAN_POINT ( 'NONE',  ( -0.4964285714285698314, -0.7803875471609674763, -0.1735534956470231316 ) ) ;
#5443 = CARTESIAN_POINT ( 'NONE',  ( -3.449999999999998401, -0.4200000000000004285, 0.2499999999999998612 ) ) ;
#5444 = CARTESIAN_POINT ( 'NONE',  ( 0.03571428571428571924, -0.01999999999999999695, -0.09129738975605992957 ) ) ;
#5445 = CARTESIAN_POINT ( 'NONE',  ( 0.4399999999999996692, -0.4199999999999999845, 0.3077150589817659876 ) ) ;
#5446 = CARTESIAN_POINT ( 'NONE',  ( -0.4561860618970425274, -0.3200088657839804673, -0.2830172277931578551 ) ) ;
#5447 = CYLINDRICAL_SURFACE ( 'NONE', #3363, 0.2500000000000000555 ) ;
#5448 = AXIS2_PLACEMENT_3D ( 'NONE', #902, #396, #3413 ) ;
#5449 = VERTEX_POINT ( 'NONE', #5355 ) ;
#5450 = CARTESIAN_POINT ( 'NONE',  ( 0.1107142857142856679, -0.5090083735825254863, -0.3899711648727292590 ) ) ;
#5451 = CARTESIAN_POINT ( 'NONE',  ( 1.203134122721220667, -0.08440396404408158360, -0.2250335991176707628 ) ) ;
#5452 = CARTESIAN_POINT ( 'NONE',  ( -0.2623932698782744377, -0.2562212735668259467, 0.2513514546883782730 ) ) ;
#5453 = CARTESIAN_POINT ( 'NONE',  ( -1.027577898817240154, -0.4973015619351864869, -0.2899098003611219054 ) ) ;
#5454 = ORIENTED_EDGE ( 'NONE', *, *, #5220, .F. ) ;
#5455 = EDGE_LOOP ( 'NONE', ( #1585, #2076, #4258, #1442, #607, #1289 ) ) ;
#5456 = CARTESIAN_POINT ( 'NONE',  ( 0.1921428571428570597, -0.6070469405576197630, -0.2345494447404088134 ) ) ;
#5457 = CARTESIAN_POINT ( 'NONE',  ( 0.5274882814730010860, -0.1278082008905839506, -0.07852437986282900795 ) ) ;
#5458 = CARTESIAN_POINT ( 'NONE',  ( -0.7322268870348715986, -0.4684329035711206624, -0.2960688656261212803 ) ) ;
#5459 = CARTESIAN_POINT ( 'NONE',  ( -0.04999999999999996808, -0.4199999999999998734, 0.4102867453090213723 ) ) ;
#5460 = CARTESIAN_POINT ( 'NONE',  ( -1.110714285714285321, -0.3309916264174742051, -0.3899711648727292590 ) ) ;
#5461 = CARTESIAN_POINT ( 'NONE',  ( -0.5900000000000000799, -0.4199999999999999289, 0.3077150589817659876 ) ) ;
#5462 = CARTESIAN_POINT ( 'NONE',  ( -1.132142857142856895, -0.1706040792565065856, -0.3127325929872118437 ) ) ;
#5463 = CARTESIAN_POINT ( 'NONE',  ( -0.008870800635340757301, -0.5356232612249312020, 0.2768236543734456934 ) ) ;
#5464 = CARTESIAN_POINT ( 'NONE',  ( -0.9489701168883654114, -0.7035000988557835733, 0.09870040136119064000 ) ) ;
#5465 = ORIENTED_EDGE ( 'NONE', *, *, #1426, .F. ) ;
#5466 = CARTESIAN_POINT ( 'NONE',  ( 1.417857142857141817, -0.6693959207434931891, 0.3127325929872117327 ) ) ;
#5467 = CARTESIAN_POINT ( 'NONE',  ( 3.499999999999999112, -0.4199999999999995404, 0.0000000000000000000 ) ) ;
#5468 = EDGE_CURVE ( 'NONE', #162, #3230, #4853, .T. ) ;
#5469 = CC_DESIGN_PERSON_AND_ORGANIZATION_ASSIGNMENT ( #1708, #1309, ( #4880 ) ) ;
#5470 = DIRECTION ( 'NONE',  ( 1.000000000000000000, 0.0000000000000000000, 0.0000000000000000000 ) ) ;
#5471 = CARTESIAN_POINT ( 'NONE',  ( -1.160714285714285365, -0.3309916264174742051, -0.3899711648727292590 ) ) ;
#5472 = FACE_OUTER_BOUND ( 'NONE', #1466, .T. ) ;
#5473 = CARTESIAN_POINT ( 'NONE',  ( -0.7971765290570935747, -0.1405343141556834041, -0.1091991416939783049 ) ) ;
#5474 = CARTESIAN_POINT ( 'NONE',  ( 0.09714285714285708639, -0.6605813207414512611, 0.1918572011534897537 ) ) ;
#5475 = CARTESIAN_POINT ( 'NONE',  ( -0.4929505548341298615, -0.1514172611539583713, -0.1336928228905455429 ) ) ;
#5476 = CARTESIAN_POINT ( 'NONE',  ( 3.499999999999999112, -0.4199999999999995404, 0.0000000000000000000 ) ) ;
#5477 = VECTOR ( 'NONE', #1405, 39.37007874015748143 ) ;
#5478 = EDGE_LOOP ( 'NONE', ( #3595, #4599, #1741, #744, #5212, #3657, #4514, #2971, #4626, #2784, #1400, #2103 ) ) ;
#5479 = CARTESIAN_POINT ( 'NONE',  ( 0.5071428571428570065, -0.7407750943219351125, 0.2558096015379863197 ) ) ;
#5480 = CARTESIAN_POINT ( 'NONE',  ( -0.08511504948537793047, -0.6938117067405192850, -0.1226279246483543972 ) ) ;
#5481 = CARTESIAN_POINT ( 'NONE',  ( -0.2529430293732775614, -0.2096899746836578537, 0.2139395745742139199 ) ) ;
#5482 = CARTESIAN_POINT ( 'NONE',  ( -1.087810299662681279, -0.1674495658971545953, -0.1619297992632104943 ) ) ;
#5483 = CARTESIAN_POINT ( 'NONE',  ( -0.8885714285714285676, -0.5535125603737884870, -0.2772416883273278176 ) ) ;
#5484 = CARTESIAN_POINT ( 'NONE',  ( -1.144983001225090780, -0.1772962436289773347, 0.1763374226962907132 ) ) ;
#5485 = CARTESIAN_POINT ( 'NONE',  ( -0.7702503441321477684, -0.2425170244481010540, -0.2418673129405462807 ) ) ;
#5486 = CARTESIAN_POINT ( 'NONE',  ( -0.3714285714285713857, -0.5980167471650512656, 0.3696555844364371457 ) ) ;
#5487 = CARTESIAN_POINT ( 'NONE',  ( 1.210000000000001075, -0.3505334501872454100, -0.3428158264492823792 ) ) ;
#5488 =( BOUNDED_SURFACE ( )  B_SPLINE_SURFACE ( 1, 2, ( 
 ( #4976, #711, #1588, #3298, #2470, #4580, #5003, #1156, #2445, #1185, #5456, #4181, #2170, #1751, #1693, #4297, #422, #451, #5080, #5511, #3795, #4714, #3883, #1326, #3828, #3009, #2586, #2616, #2555, #391, #3066, #1667, #3379, #5540, #3038, #3487, #1722, #4267, #33, #2141, #3854, #8, #1238, #3407, #1267, #59, #2951, #4771, #3462, #4659, #2082, #925, #2526, #3435, #4326, #1354, #477, #5161, #4209, #813, #3907, #4237, #5134, #4744, #2112, #2198, #2979, #898, #5108, #1777, #4686, #5190, #362, #843, #1296, #871, #2336, #1382, #3095, #3960, #2756, #3513, #533, #4466, #1450, #1417, #3156, #957, #2223, #1869, #4440, #5286, #503, #1922, #172, #2252, #4801, #2674, #87, #3932, #114, #4382, #2283, #4863, #1839, #3547, #618, #5221, #5253, #4045, #1018, #3125, #2732, #4832, #1806, #3576, #590, #2310, #988, #3630, #1895, #2706, #4412, #562, #3992, #145, #4018, #3605, #5311, #1477, #5342, #199, #3183, #4888, #1043 ),
 ( #1505, #3213, #4914, #2643, #4352, #1148, #4966, #3291, #5450, #2812, #2864, #2839, #4573, #2414, #2022, #1072, #2893, #3265, #5370, #1608, #3707, #4101, #1119, #4522, #3731, #4128, #4600, #727, #4150, #253, #2438, #4547, #303, #1949, #2363, #646, #1581, #3319, #5025, #680, #5421, #4996, #1179, #704, #2389, #5479, #4073, #227, #1974, #754, #331, #276, #1996, #2465, #4177, #2051, #3760, #3658, #3684, #5396, #1635, #1532, #3346, #2785, #3237, #4494, #4940, #1095, #1557, #5153, #2189, #1317, #863, #51, #2077, #4735, #1662, #2973, #2162, #780, #3030, #2104, #2578, #4627, #443, #3374, #889, #3899, #385, #3875, #2520, #2606, #3790, #1769, #4318, #807, #5506, #4231, #5533, #1232, #5075, #4204, #469, #2491, #5051, #1205, #4289, #5128, #3400, #1716, #25, #2945, #1290, #1261, #3003, #836, #1743, #2918, #357, #1687, #4653, #3454, #2134, #3820, #5102, #4680, #2549, #4260, #415, #4707, #3848, #2, #3429, #5243, #5276 ) ),
 .UNSPECIFIED., .F., .F., .F. ) 
 B_SPLINE_SURFACE_WITH_KNOTS ( ( 2, 2 ),
 ( 3, 2, 2, 2, 2, 2, 2, 2, 2, 2, 2, 2, 2, 2, 2, 2, 2, 2, 2, 2, 2, 2, 2, 2, 2, 2, 2, 2, 2, 2, 2, 2, 2, 2, 2, 2, 2, 2, 2, 2, 2, 2, 2, 2, 2, 2, 2, 2, 2, 2, 2, 2, 2, 2, 2, 2, 2, 2, 2, 2, 2, 2, 2, 2, 2, 2, 2, 3 ),
 ( 0.0000000000000000000, 1.000000000000000000 ),
 ( 0.0000000000000000000, 0.01428571428571428527, 0.02857142857142857054, 0.04285714285714285754, 0.05714285714285714107, 0.07142857142857142461, 0.08571428571428571508, 0.1000000000000000056, 0.1142857142857142821, 0.1285714285714285587, 0.1428571428571428492, 0.1571428571428571397, 0.1714285714285714302, 0.1857142857142857206, 0.2000000000000000111, 0.2142857142857142738, 0.2285714285714285643, 0.2428571428571428548, 0.2571428571428571175, 0.2714285714285714080, 0.2857142857142856984, 0.2999999999999999889, 0.3142857142857142794, 0.3285714285714285698, 0.3428571428571428603, 0.3571428571428571508, 0.3714285714285714413, 0.3857142857142857317, 0.4000000000000000222, 0.4142857142857143127, 0.4285714285714285476, 0.4428571428571428381, 0.4571428571428571286, 0.4714285714285714191, 0.4857142857142857095, 0.5000000000000000000, 0.5142857142857142350, 0.5285714285714285809, 0.5428571428571428159, 0.5571428571428571619, 0.5714285714285713969, 0.5857142857142857428, 0.5999999999999999778, 0.6142857142857143238, 0.6285714285714285587, 0.6428571428571429047, 0.6571428571428571397, 0.6714285714285713746, 0.6857142857142857206, 0.6999999999999999556, 0.7142857142857143016, 0.7285714285714285365, 0.7428571428571428825, 0.7571428571428571175, 0.7714285714285714635, 0.7857142857142856984, 0.8000000000000000444, 0.8142857142857142794, 0.8285714285714286254, 0.8428571428571428603, 0.8571428571428570953, 0.8714285714285714413, 0.8857142857142856762, 0.9000000000000000222, 0.9142857142857142572, 0.9285714285714286031, 0.9333426691279222975, 0.9426760958192015316 ),
 .UNSPECIFIED. ) 
 GEOMETRIC_REPRESENTATION_ITEM ( )  RATIONAL_B_SPLINE_SURFACE ( (
 ( 1.000000000000000000, 0.9749279121818236193, 1.000000000000000000, 0.9749279121818236193, 1.000000000000000000, 0.9749279121818236193, 1.000000000000000000, 0.9749279121818236193, 1.000000000000000000, 0.9749279121818236193, 1.000000000000000000, 0.9749279121818236193, 1.000000000000000000, 0.9749279121818236193, 1.000000000000000000, 0.9749279121818236193, 1.000000000000000000, 0.9749279121818236193, 1.000000000000000000, 0.9749279121818236193, 1.000000000000000000, 0.9749279121818236193, 1.000000000000000000, 0.9749279121818236193, 1.000000000000000000, 0.9749279121818236193, 1.000000000000000000, 0.9749279121818236193, 1.000000000000000000, 0.9749279121818236193, 1.000000000000000000, 0.9749279121818236193, 1.000000000000000000, 0.9749279121818236193, 1.000000000000000000, 0.9749279121818236193, 1.000000000000000000, 0.9749279121818236193, 1.000000000000000000, 0.9749279121818236193, 1.000000000000000000, 0.9749279121818236193, 1.000000000000000000, 0.9749279121818236193, 1.000000000000000000, 0.9749279121818236193, 1.000000000000000000, 0.9749279121818236193, 1.000000000000000000, 0.9749279121818236193, 1.000000000000000000, 0.9749279121818236193, 1.000000000000000000, 0.9749279121818236193, 1.000000000000000000, 0.9749279121818236193, 1.000000000000000000, 0.9749279121818236193, 1.000000000000000000, 0.9749279121818236193, 1.000000000000000000, 0.9749279121818236193, 1.000000000000000000, 0.9749279121818236193, 1.000000000000000000, 0.9749279121818236193, 1.000000000000000000, 0.9749279121818236193, 1.000000000000000000, 0.9749279121818236193, 1.000000000000000000, 0.9749279121818236193, 1.000000000000000000, 0.9749279121818236193, 1.000000000000000000, 0.9749279121818236193, 1.000000000000000000, 0.9749279121818236193, 1.000000000000000000, 0.9749279121818236193, 1.000000000000000000, 0.9749279121818236193, 1.000000000000000000, 0.9749279121818236193, 1.000000000000000000, 0.9749279121818236193, 1.000000000000000000, 0.9749279121818236193, 1.000000000000000000, 0.9749279121818236193, 1.000000000000000000, 0.9749279121818236193, 1.000000000000000000, 0.9749279121818236193, 1.000000000000000000, 0.9749279121818236193, 1.000000000000000000, 0.9749279121818236193, 1.000000000000000000, 0.9749279121818236193, 1.000000000000000000, 0.9749279121818236193, 1.000000000000000000, 0.9749279121818236193, 1.000000000000000000, 0.9749279121818236193, 1.000000000000000000, 0.9749279121818236193, 1.000000000000000000, 0.9749279121818236193, 1.000000000000000000, 0.9749279121818236193, 1.000000000000000000, 0.9749279121818236193, 1.000000000000000000, 0.9749279121818236193, 1.000000000000000000, 0.9749279121818236193, 1.000000000000000000, 0.9749279121818236193, 1.000000000000000000, 0.9749279121818236193, 1.000000000000000000, 0.9749279121818236193, 1.000000000000000000, 0.9749279121818236193, 1.000000000000000000, 0.9749279121818236193, 1.000000000000000000, 0.9749279121818236193, 1.000000000000000000, 0.9916262526436161462, 0.9888459481067578549, 0.9888459481067578549, 0.9888459481067578549),
 ( 1.000000000000000000, 0.9749279121818236193, 1.000000000000000000, 0.9749279121818236193, 1.000000000000000000, 0.9749279121818236193, 1.000000000000000000, 0.9749279121818236193, 1.000000000000000000, 0.9749279121818236193, 1.000000000000000000, 0.9749279121818236193, 1.000000000000000000, 0.9749279121818236193, 1.000000000000000000, 0.9749279121818236193, 1.000000000000000000, 0.9749279121818236193, 1.000000000000000000, 0.9749279121818236193, 1.000000000000000000, 0.9749279121818236193, 1.000000000000000000, 0.9749279121818236193, 1.000000000000000000, 0.9749279121818236193, 1.000000000000000000, 0.9749279121818236193, 1.000000000000000000, 0.9749279121818236193, 1.000000000000000000, 0.9749279121818236193, 1.000000000000000000, 0.9749279121818236193, 1.000000000000000000, 0.9749279121818236193, 1.000000000000000000, 0.9749279121818236193, 1.000000000000000000, 0.9749279121818236193, 1.000000000000000000, 0.9749279121818236193, 1.000000000000000000, 0.9749279121818236193, 1.000000000000000000, 0.9749279121818236193, 1.000000000000000000, 0.9749279121818236193, 1.000000000000000000, 0.9749279121818236193, 1.000000000000000000, 0.9749279121818236193, 1.000000000000000000, 0.9749279121818236193, 1.000000000000000000, 0.9749279121818236193, 1.000000000000000000, 0.9749279121818236193, 1.000000000000000000, 0.9749279121818236193, 1.000000000000000000, 0.9749279121818236193, 1.000000000000000000, 0.9749279121818236193, 1.000000000000000000, 0.9749279121818236193, 1.000000000000000000, 0.9749279121818236193, 1.000000000000000000, 0.9749279121818236193, 1.000000000000000000, 0.9749279121818236193, 1.000000000000000000, 0.9749279121818236193, 1.000000000000000000, 0.9749279121818236193, 1.000000000000000000, 0.9749279121818236193, 1.000000000000000000, 0.9749279121818236193, 1.000000000000000000, 0.9749279121818236193, 1.000000000000000000, 0.9749279121818236193, 1.000000000000000000, 0.9749279121818236193, 1.000000000000000000, 0.9749279121818236193, 1.000000000000000000, 0.9749279121818236193, 1.000000000000000000, 0.9749279121818236193, 1.000000000000000000, 0.9749279121818236193, 1.000000000000000000, 0.9749279121818236193, 1.000000000000000000, 0.9749279121818236193, 1.000000000000000000, 0.9749279121818236193, 1.000000000000000000, 0.9749279121818236193, 1.000000000000000000, 0.9749279121818236193, 1.000000000000000000, 0.9749279121818236193, 1.000000000000000000, 0.9749279121818236193, 1.000000000000000000, 0.9749279121818236193, 1.000000000000000000, 0.9749279121818236193, 1.000000000000000000, 0.9749279121818236193, 1.000000000000000000, 0.9749279121818236193, 1.000000000000000000, 0.9749279121818236193, 1.000000000000000000, 0.9749279121818236193, 1.000000000000000000, 0.9749279121818236193, 1.000000000000000000, 0.9749279121818236193, 1.000000000000000000, 0.9749279121818236193, 1.000000000000000000, 0.9749279121818236193, 1.000000000000000000, 0.9749279121818236193, 1.000000000000000000, 0.9916262526436161462, 0.9888459481067578549, 0.9888459481067578549, 0.9888459481067578549) ) ) 
 REPRESENTATION_ITEM ( '' )  SURFACE ( )  );
#5489 = CARTESIAN_POINT ( 'NONE',  ( -0.6864285714285712769, -0.6902906603707253952, -0.1301651217352673140 ) ) ;
#5490 = CARTESIAN_POINT ( 'NONE',  ( -1.089285714285713969, -0.5090083735825255973, -0.3899711648727292590 ) ) ;
#5491 = CARTESIAN_POINT ( 'NONE',  ( 1.134999999668880655, -0.7199999999999997513, -1.246241562513871837E-11 ) ) ;
#5492 = CARTESIAN_POINT ( 'NONE',  ( -0.03531843619381206528, -0.6639301255102377786, 0.1749134060917844069 ) ) ;
#5493 = CARTESIAN_POINT ( 'NONE',  ( -0.9189055293848291672, -0.5905490147231777787, 0.2468073575809301423 ) ) ;
#5494 = CARTESIAN_POINT ( 'NONE',  ( 1.364285714285713214, -0.8199999999999997291, -0.09129738975605995732 ) ) ;
#5495 = CARTESIAN_POINT ( 'NONE',  ( -0.9249999999999983791, -0.01999999999999999001, 0.0000000000000000000 ) ) ;
#5496 = PERSON_AND_ORGANIZATION ( #2568, #1152 ) ;
#5497 = CARTESIAN_POINT ( 'NONE',  ( -0.4492857142857141772, -0.3532437198131055389, 0.2924783736545468749 ) ) ;
#5498 = CARTESIAN_POINT ( 'NONE',  ( 0.2028571428571427915, -0.6605813207414512611, -0.1918572011534898092 ) ) ;
#5499 = CARTESIAN_POINT ( 'NONE',  ( -0.8088315856341579124, -0.1224554528169269213, -0.03885812755322724105 ) ) ;
#5500 = CARTESIAN_POINT ( 'NONE',  ( 0.3542857142857140373, -0.7199999999999996403, -0.06847304231704497146 ) ) ;
#5501 = CARTESIAN_POINT ( 'NONE',  ( -0.5065170260570293070, -0.1247356650480159895, -0.05313110701730924118 ) ) ;
#5502 = LINE ( 'NONE', #1657, #631 ) ;
#5503 = ORIENTED_EDGE ( 'NONE', *, *, #4331, .F. ) ;
#5504 = AXIS2_PLACEMENT_3D ( 'NONE', #3905, #4324, #2221 ) ;
#5505 = ORIENTED_EDGE ( 'NONE', *, *, #1907, .F. ) ;
#5506 = CARTESIAN_POINT ( 'NONE',  ( 1.053571428571427937, -0.7803875471609672543, -0.1735534956470232149 ) ) ;
#5507 = LINE ( 'NONE', #26, #4272 ) ;
#5508 = CARTESIAN_POINT ( 'NONE',  ( -0.09445334467119986810, -0.6646693417237088397, -0.1736302861407044984 ) ) ;
#5509 = CARTESIAN_POINT ( 'NONE',  ( -0.2619070411776699414, -0.2536766341004750291, 0.2496728729703597272 ) ) ;
#5510 = CARTESIAN_POINT ( 'NONE',  ( -1.074999349805792592, -0.2190988527779205997, -0.2228115449238894930 ) ) ;
#5511 = CARTESIAN_POINT ( 'NONE',  ( 0.2885714285714284233, -0.5535125603737885980, 0.2772416883273277621 ) ) ;
#5512 = CARTESIAN_POINT ( 'NONE',  ( 0.5778571428571425139, -0.6070469405576197630, 0.2345494447404087579 ) ) ;
#5513 = CARTESIAN_POINT ( 'NONE',  ( -0.5768604227783045157, -0.3383121009607235607, 0.2886710655715612472 ) ) ;
#5514 = CARTESIAN_POINT ( 'NONE',  ( -0.7747300447511574761, -0.2203851777667765466, -0.2239540490101762926 ) ) ;
#5515 = VECTOR ( 'NONE', #2924, 39.37007874015748143 ) ;
#5516 = CARTESIAN_POINT ( 'NONE',  ( 2.147139134848051079, -0.1779385408620360320, -0.06250000000000000000 ) ) ;
#5517 = CARTESIAN_POINT ( 'NONE',  ( -2.311999999999999389, -0.2400000000000001021, -0.06250000000000000000 ) ) ;
#5518 = CARTESIAN_POINT ( 'NONE',  ( -0.7078571428571426294, -0.6070469405576197630, -0.2345494447404087579 ) ) ;
#5519 = CARTESIAN_POINT ( 'NONE',  ( -0.2178571428571428326, -0.6693959207434931891, -0.3127325929872117327 ) ) ;
#5520 = CARTESIAN_POINT ( 'NONE',  ( 1.209999999618342370, -0.4200035807672355403, 0.2999999999786165383 ) ) ;
#5521 = CARTESIAN_POINT ( 'NONE',  ( -0.06249571726693837342, -0.7197386617143782805, 0.01592916371075737969 ) ) ;
#5522 = CARTESIAN_POINT ( 'NONE',  ( -0.9531643491699858250, -0.7108474048738612217, 0.07355018766543233721 ) ) ;
#5523 = CARTESIAN_POINT ( 'NONE',  ( 1.439092061087974272, -0.5181372204680586568, 0.4052195882130061877 ) ) ;
#5524 = CARTESIAN_POINT ( 'NONE',  ( -0.7749999999999984679, -0.8199999999999997291, 4.898587196589411226E-17 ) ) ;
#5525 = CARTESIAN_POINT ( 'NONE',  ( -0.1599999999999999756, -0.4199999999999999289, 0.3077150589817659876 ) ) ;
#5526 = CARTESIAN_POINT ( 'NONE',  ( 0.06235827386152723723, -0.1531212457801163496, 0.1371121467449084308 ) ) ;
#5527 = CARTESIAN_POINT ( 'NONE',  ( 0.9757142857142852010, -0.7199999999999996403, 0.06847304231704488819 ) ) ;
#5528 = CARTESIAN_POINT ( 'NONE',  ( -3.449999999999998401, -0.1779385408620370312, -0.06250000000000000000 ) ) ;
#5529 = CARTESIAN_POINT ( 'NONE',  ( -1.499999999999999778, -0.4200000000000001510, 0.0000000000000000000 ) ) ;
#5530 = AXIS2_PLACEMENT_3D ( 'NONE', #4674, #21, #5555 ) ;
#5531 = ORIENTED_EDGE ( 'NONE', *, *, #1240, .F. ) ;
#5532 = VERTEX_POINT ( 'NONE', #1002 ) ;
#5533 = CARTESIAN_POINT ( 'NONE',  ( 1.074999999999999289, -0.8199999999999997291, -4.898587196589411226E-17 ) ) ;
#5534 = CARTESIAN_POINT ( 'NONE',  ( 1.202075598454506844, -0.4954197542637151508, -0.2914286608943252310 ) ) ;
#5535 = CARTESIAN_POINT ( 'NONE',  ( -0.09247810505108274015, -0.6715721407803694198, -0.1634782104984480733 ) ) ;
#5536 = CARTESIAN_POINT ( 'NONE',  ( -0.2337868365317285757, -0.1428536217038697542, 0.1148472353173153881 ) ) ;
#5537 = CARTESIAN_POINT ( 'NONE',  ( -1.096913968032881659, -0.1411902147899936344, -0.1107479873478682958 ) ) ;
#5538 = CARTESIAN_POINT ( 'NONE',  ( -0.5308696630009616113, -0.1363278486764253061, 0.09769260273137839179 ) ) ;
#5539 = EDGE_CURVE ( 'NONE', #3230, #1574, #563, .T. ) ;
#5540 = CARTESIAN_POINT ( 'NONE',  ( 0.4385714285714283900, -0.2864874396262112599, -0.2772416883273278176 ) ) ;
#5541 = CARTESIAN_POINT ( 'NONE',  ( -0.02500000000000000139, -0.01999999999999999001, 0.0000000000000000000 ) ) ;
#5542 = CARTESIAN_POINT ( 'NONE',  ( -0.5876769060584609017, -0.4055257601208068774, 0.2996507293736080935 ) ) ;
#5543 = CARTESIAN_POINT ( 'NONE',  ( -0.7813220338478195082, -0.1914207053588776186, -0.1945192807580106154 ) ) ;
#5544 = CARTESIAN_POINT ( 'NONE',  ( -0.4571428571428570731, -0.7407750943219351125, -0.2558096015379863197 ) ) ;
#5545 = CARTESIAN_POINT ( 'NONE',  ( 0.01499808677112604051, -0.5710856962498110923, -0.2621359152965325734 ) ) ;
#5546 = CARTESIAN_POINT ( 'NONE',  ( -0.1721428571428571253, -0.2329530594423799283, -0.2345494447404088134 ) ) ;
#5547 = CARTESIAN_POINT ( 'NONE',  ( -0.2821428571428570842, -0.1706040792565065856, -0.3127325929872118437 ) ) ;
#5548 = CARTESIAN_POINT ( 'NONE',  ( 0.9999999999999994449, -0.4199999999999998734, -0.4102867453090213723 ) ) ;
#5549 = CARTESIAN_POINT ( 'NONE',  ( -0.6678766609989806868, -0.7196082215892789513, -0.01825127061743431547 ) ) ;
#5550 = CARTESIAN_POINT ( 'NONE',  ( -0.9392334774636525996, -0.6774161493036187087, 0.1544402079010918361 ) ) ;
#5551 = CARTESIAN_POINT ( 'NONE',  ( 0.03928571428571425023, -0.3309916264174740386, -0.3899711648727292590 ) ) ;
#5552 = CARTESIAN_POINT ( 'NONE',  ( -0.7964285714285698203, -0.7803875471609674763, -0.1735534956470231316 ) ) ;
#5553 = PERSON_AND_ORGANIZATION_ROLE ( 'design_supplier' ) ;
#5554 = CARTESIAN_POINT ( 'NONE',  ( -1.053571428571428381, -0.7803875471609672543, 0.1735534956470232149 ) ) ;
#5555 = DIRECTION ( 'NONE',  ( 0.0000000000000000000, 0.0000000000000000000, -1.000000000000000000 ) ) ;
#5556 = CARTESIAN_POINT ( 'NONE',  ( 1.061428571428570722, -0.2864874396262113709, 0.2772416883273278732 ) ) ;
#5557 = CARTESIAN_POINT ( 'NONE',  ( -0.4890123744098267000, -0.1634560004180908299, -0.1555457003070441491 ) ) ;
#5558 = CARTESIAN_POINT ( 'NONE',  ( -1.124285527936222051, -0.7199994832767678821, 0.06847411530389212186 ) ) ;
#5559 = ORIENTED_EDGE ( 'NONE', *, *, #2984, .T. ) ;
#5560 = AXIS2_PLACEMENT_3D ( 'NONE', #624, #3296, #732 ) ;
ENDSEC;
END-ISO-10303-21;
