ISO-10303-21;
HEADER;
FILE_DESCRIPTION (( 'STEP AP203' ),
    '1' );
FILE_NAME ('fab_circular top.STEP',
    '2026-03-23T16:44:35',
    ( '' ),
    ( '' ),
    'SwSTEP 2.0',
    'SolidWorks 2025',
    '' );
FILE_SCHEMA (( 'CONFIG_CONTROL_DESIGN' ));
ENDSEC;

DATA;
#1 = DIRECTION ( 'NONE',  ( -0.000000000000000000, 1.000000000000000000, -0.000000000000000000 ) ) ;
#2 = CARTESIAN_POINT ( 'NONE',  ( -95.81296885077719594, 0.000000000000000000, -119.5690655051871403 ) ) ;
#3 = CARTESIAN_POINT ( 'NONE',  ( 0.000000000000000000, 0.000000000000000000, -42.50000000000000000 ) ) ;
#4 = EDGE_CURVE ( 'NONE', #1585, #1113, #3814, .T. ) ;
#5 = EDGE_CURVE ( 'NONE', #465, #920, #787, .T. ) ;
#6 = ORIENTED_EDGE ( 'NONE', *, *, #2861, .F. ) ;
#7 = DIRECTION ( 'NONE',  ( -0.000000000000000000, 1.000000000000000000, -0.000000000000000000 ) ) ;
#8 = ADVANCED_FACE ( 'NONE', ( #1071 ), #1347, .F. ) ;
#9 = ORIENTED_EDGE ( 'NONE', *, *, #456, .T. ) ;
#10 = FACE_OUTER_BOUND ( 'NONE', #1610, .T. ) ;
#11 = VERTEX_POINT ( 'NONE', #3709 ) ;
#12 = CARTESIAN_POINT ( 'NONE',  ( -63.08284835957631032, 10.00000000000000000, -19.99999999999986500 ) ) ;
#13 = VECTOR ( 'NONE', #708, 1000.000000000000000 ) ;
#14 = AXIS2_PLACEMENT_3D ( 'NONE', #2597, #2058, #2321 ) ;
#15 = ORIENTED_EDGE ( 'NONE', *, *, #2831, .T. ) ;
#16 = DIRECTION ( 'NONE',  ( 0.000000000000000000, 0.000000000000000000, -1.000000000000000000 ) ) ;
#17 = AXIS2_PLACEMENT_3D ( 'NONE', #3496, #2020, #3705 ) ;
#18 = CARTESIAN_POINT ( 'NONE',  ( 98.08284835957783798, 0.000000000000000000, 19.99999999999978328 ) ) ;
#19 = CARTESIAN_POINT ( 'NONE',  ( -3.281992458512545606E-13, 5.850000000000004086, 47.00000000000000000 ) ) ;
#20 = FACE_BOUND ( 'NONE', #653, .T. ) ;
#21 = AXIS2_PLACEMENT_3D ( 'NONE', #1877, #2813, #1917 ) ;
#22 = CIRCLE ( 'NONE', #1396, 4.500000000000003553 ) ;
#23 = VERTEX_POINT ( 'NONE', #1969 ) ;
#24 = CYLINDRICAL_SURFACE ( 'NONE', #3490, 4.500000000000003553 ) ;
#25 = VECTOR ( 'NONE', #2529, 1000.000000000000000 ) ;
#26 = DIRECTION ( 'NONE',  ( -0.000000000000000000, 1.000000000000000000, -0.000000000000000000 ) ) ;
#27 = ORIENTED_EDGE ( 'NONE', *, *, #316, .F. ) ;
#28 = CYLINDRICAL_SURFACE ( 'NONE', #1395, 3.299999999999997158 ) ;
#29 = EDGE_CURVE ( 'NONE', #1053, #507, #2022, .T. ) ;
#30 = AXIS2_PLACEMENT_3D ( 'NONE', #3111, #447, #1640 ) ;
#31 = EDGE_LOOP ( 'NONE', ( #1920, #493 ) ) ;
#32 = DIRECTION ( 'NONE',  ( 0.000000000000000000, 0.000000000000000000, 1.000000000000000000 ) ) ;
#33 = APPROVAL_PERSON_ORGANIZATION ( #2607, #1822, #2312 ) ;
#34 = ADVANCED_FACE ( 'NONE', ( #2854 ), #760, .F. ) ;
#35 = ORIENTED_EDGE ( 'NONE', *, *, #3715, .T. ) ;
#36 = LINE ( 'NONE', #2982, #515 ) ;
#37 = ORIENTED_EDGE ( 'NONE', *, *, #3297, .F. ) ;
#38 = CONICAL_SURFACE ( 'NONE', #1409, 8.649999999999998579, 0.7853981633974489451 ) ;
#39 = FACE_OUTER_BOUND ( 'NONE', #3184, .T. ) ;
#40 = EDGE_CURVE ( 'NONE', #1479, #2015, #2274, .T. ) ;
#41 = CYLINDRICAL_SURFACE ( 'NONE', #388, 4.500000000000003553 ) ;
#42 = CARTESIAN_POINT ( 'NONE',  ( 0.000000000000000000, 1.734723475976807094E-15, -24.20000000000000284 ) ) ;
#43 = ORIENTED_EDGE ( 'NONE', *, *, #2622, .F. ) ;
#44 = CARTESIAN_POINT ( 'NONE',  ( 37.49999999999987921, 0.000000000000000000, -77.28284835957724397 ) ) ;
#45 = LINE ( 'NONE', #2738, #3627 ) ;
#46 = ORIENTED_EDGE ( 'NONE', *, *, #931, .T. ) ;
#47 = FACE_OUTER_BOUND ( 'NONE', #813, .T. ) ;
#48 = EDGE_CURVE ( 'NONE', #925, #1337, #3072, .T. ) ;
#49 = VERTEX_POINT ( 'NONE', #1155 ) ;
#50 = DIRECTION ( 'NONE',  ( 0.000000000000000000, 0.000000000000000000, 1.000000000000000000 ) ) ;
#51 = DIRECTION ( 'NONE',  ( 0.000000000000000000, 0.000000000000000000, 1.000000000000000000 ) ) ;
#52 = DIRECTION ( 'NONE',  ( 0.000000000000000000, 0.000000000000000000, 1.000000000000000000 ) ) ;
#53 = EDGE_CURVE ( 'NONE', #2229, #2845, #1407, .T. ) ;
#54 = VERTEX_POINT ( 'NONE', #2389 ) ;
#55 = EDGE_LOOP ( 'NONE', ( #1769, #2415, #3481, #2777 ) ) ;
#56 = EDGE_CURVE ( 'NONE', #3674, #1859, #347, .T. ) ;
#57 = FACE_OUTER_BOUND ( 'NONE', #349, .T. ) ;
#58 = DIRECTION ( 'NONE',  ( -0.000000000000000000, 1.000000000000000000, -0.000000000000000000 ) ) ;
#59 = FACE_BOUND ( 'NONE', #2893, .T. ) ;
#60 = ORIENTED_EDGE ( 'NONE', *, *, #687, .T. ) ;
#61 = DIRECTION ( 'NONE',  ( -0.000000000000000000, 1.000000000000000000, -0.000000000000000000 ) ) ;
#62 = CARTESIAN_POINT ( 'NONE',  ( -134.9999999999981242, 0.000000000000000000, -74.42024260179205442 ) ) ;
#63 = ORIENTED_EDGE ( 'NONE', *, *, #480, .T. ) ;
#64 = DIRECTION ( 'NONE',  ( 0.000000000000000000, 0.000000000000000000, 1.000000000000000000 ) ) ;
#65 = ORIENTED_EDGE ( 'NONE', *, *, #2212, .T. ) ;
#66 = CYLINDRICAL_SURFACE ( 'NONE', #898, 3.299999999999997158 ) ;
#67 = FACE_BOUND ( 'NONE', #3775, .T. ) ;
#68 = ORIENTED_EDGE ( 'NONE', *, *, #263, .F. ) ;
#69 = DIRECTION ( 'NONE',  ( 0.000000000000000000, 0.000000000000000000, 1.000000000000000000 ) ) ;
#70 = ORIENTED_EDGE ( 'NONE', *, *, #1535, .F. ) ;
#71 = ADVANCED_FACE ( 'NONE', ( #2968 ), #38, .F. ) ;
#72 = AXIS2_PLACEMENT_3D ( 'NONE', #2575, #3754, #3369 ) ;
#73 = EDGE_CURVE ( 'NONE', #1859, #2106, #875, .T. ) ;
#74 = CIRCLE ( 'NONE', #570, 4.499999999999997335 ) ;
#75 = CYLINDRICAL_SURFACE ( 'NONE', #1941, 3.299999999999997158 ) ;
#76 = FACE_OUTER_BOUND ( 'NONE', #930, .T. ) ;
#77 = CIRCLE ( 'NONE', #205, 4.500000000000003553 ) ;
#78 = EDGE_CURVE ( 'NONE', #152, #3584, #3576, .T. ) ;
#79 = ORIENTED_EDGE ( 'NONE', *, *, #485, .T. ) ;
#80 = DIRECTION ( 'NONE',  ( -0.000000000000000000, 1.000000000000000000, -0.000000000000000000 ) ) ;
#81 = AXIS2_PLACEMENT_3D ( 'NONE', #1424, #1440, #3189 ) ;
#82 = CONICAL_SURFACE ( 'NONE', #208, 8.649999999999998579, 0.7853981633974489451 ) ;
#83 = ORIENTED_EDGE ( 'NONE', *, *, #1195, .F. ) ;
#84 = CARTESIAN_POINT ( 'NONE',  ( 74.42024260179678663, 10.00000000000000000, -134.9999999999999716 ) ) ;
#85 = CONICAL_SURFACE ( 'NONE', #2258, 8.649999999999998579, 0.7853981633974489451 ) ;
#86 = VECTOR ( 'NONE', #729, 1000.000000000000000 ) ;
#87 = EDGE_LOOP ( 'NONE', ( #2479, #1628, #2172, #3393 ) ) ;
#88 = FACE_BOUND ( 'NONE', #707, .T. ) ;
#89 = CIRCLE ( 'NONE', #957, 8.649999999999998579 ) ;
#90 = VECTOR ( 'NONE', #2531, 999.9999999999998863 ) ;
#91 = EDGE_LOOP ( 'NONE', ( #6, #9, #1414, #2716 ) ) ;
#92 = EDGE_LOOP ( 'NONE', ( #1556, #2991, #155, #3438 ) ) ;
#93 = AXIS2_PLACEMENT_3D ( 'NONE', #1363, #3707, #3744 ) ;
#94 = ORIENTED_EDGE ( 'NONE', *, *, #2506, .F. ) ;
#95 = FACE_OUTER_BOUND ( 'NONE', #1598, .T. ) ;
#96 = FACE_BOUND ( 'NONE', #3048, .T. ) ;
#97 = ORIENTED_EDGE ( 'NONE', *, *, #1744, .T. ) ;
#98 = CARTESIAN_POINT ( 'NONE',  ( 116.3485199889830000, 10.00000000000000000, 99.15517145489961592 ) ) ;
#99 = CYLINDRICAL_SURFACE ( 'NONE', #960, 4.500000000000003553 ) ;
#100 = VERTEX_POINT ( 'NONE', #295 ) ;
#101 = CYLINDRICAL_SURFACE ( 'NONE', #3567, 3.299999999999997158 ) ;
#102 = EDGE_CURVE ( 'NONE', #1015, #596, #290, .T. ) ;
#103 = APPROVAL_PERSON_ORGANIZATION ( #732, #220, #2582 ) ;
#104 = ORIENTED_EDGE ( 'NONE', *, *, #2656, .F. ) ;
#105 = CARTESIAN_POINT ( 'NONE',  ( 98.08284835957788061, 10.00000000000000000, -20.00000000000000711 ) ) ;
#106 = DIRECTION ( 'NONE',  ( 0.000000000000000000, 0.000000000000000000, 1.000000000000000000 ) ) ;
#107 = FACE_BOUND ( 'NONE', #2965, .T. ) ;
#108 = ORIENTED_EDGE ( 'NONE', *, *, #868, .T. ) ;
#109 = DIRECTION ( 'NONE',  ( -0.000000000000000000, 1.000000000000000000, -0.000000000000000000 ) ) ;
#110 = VERTEX_POINT ( 'NONE', #2040 ) ;
#111 = ORIENTED_EDGE ( 'NONE', *, *, #2264, .T. ) ;
#112 = CARTESIAN_POINT ( 'NONE',  ( 95.84242333457314089, 10.00000000000000000, 116.4112681093095887 ) ) ;
#113 = DIRECTION ( 'NONE',  ( -0.000000000000000000, 1.000000000000000000, -0.000000000000000000 ) ) ;
#114 = ORIENTED_EDGE ( 'NONE', *, *, #2217, .T. ) ;
#115 = DIRECTION ( 'NONE',  ( 0.000000000000000000, 0.000000000000000000, 1.000000000000000000 ) ) ;
#116 = ORIENTED_EDGE ( 'NONE', *, *, #3832, .T. ) ;
#117 = CYLINDRICAL_SURFACE ( 'NONE', #2945, 4.500000000000003553 ) ;
#118 = ADVANCED_FACE ( 'NONE', ( #1469 ), #1779, .F. ) ;
#119 = EDGE_CURVE ( 'NONE', #1485, #684, #1343, .T. ) ;
#120 = VERTEX_POINT ( 'NONE', #2365 ) ;
#121 = CARTESIAN_POINT ( 'NONE',  ( 135.0000000000018474, 10.00000000000000000, -74.42024260179205442 ) ) ;
#122 = DIRECTION ( 'NONE',  ( -0.000000000000000000, 1.000000000000000000, -0.000000000000000000 ) ) ;
#123 = FACE_BOUND ( 'NONE', #3460, .T. ) ;
#124 = ORIENTED_EDGE ( 'NONE', *, *, #283, .F. ) ;
#125 = CYLINDRICAL_SURFACE ( 'NONE', #1280, 4.499999999999997335 ) ;
#126 = CARTESIAN_POINT ( 'NONE',  ( 74.40000000000000568, 0.000000000000000000, 135.0000000000000000 ) ) ;
#127 = VERTEX_POINT ( 'NONE', #1762 ) ;
#128 = ORIENTED_EDGE ( 'NONE', *, *, #172, .F. ) ;
#129 = DIRECTION ( 'NONE',  ( 0.000000000000000000, 0.000000000000000000, 1.000000000000000000 ) ) ;
#130 = AXIS2_PLACEMENT_3D ( 'NONE', #587, #1134, #3541 ) ;
#131 = DIRECTION ( 'NONE',  ( 8.659560562354936556E-17, 0.7071067811865473507, -0.7071067811865477948 ) ) ;
#132 = AXIS2_PLACEMENT_3D ( 'NONE', #1486, #866, #2284 ) ;
#133 = ORIENTED_EDGE ( 'NONE', *, *, #3263, .F. ) ;
#134 = CARTESIAN_POINT ( 'NONE',  ( 37.50000000000137135, 0.000000000000000000, 83.88284835958098995 ) ) ;
#135 = ORIENTED_EDGE ( 'NONE', *, *, #549, .T. ) ;
#136 = FACE_OUTER_BOUND ( 'NONE', #91, .T. ) ;
#137 = AXIS2_PLACEMENT_3D ( 'NONE', #681, #372, #2723 ) ;
#138 = AXIS2_PLACEMENT_3D ( 'NONE', #3759, #1357, #2847 ) ;
#139 = AXIS2_PLACEMENT_3D ( 'NONE', #1552, #2445, #3323 ) ;
#140 = ORIENTED_EDGE ( 'NONE', *, *, #1437, .T. ) ;
#141 = DIRECTION ( 'NONE',  ( 0.000000000000000000, 0.000000000000000000, 1.000000000000000000 ) ) ;
#142 = AXIS2_PLACEMENT_3D ( 'NONE', #3315, #2765, #1001 ) ;
#143 = EDGE_CURVE ( 'NONE', #1031, #323, #2645, .T. ) ;
#144 = CARTESIAN_POINT ( 'NONE',  ( -47.00000000000000000, 10.00000000000000000, -4.922988687768817400E-13 ) ) ;
#145 = DIRECTION ( 'NONE',  ( 0.000000000000000000, 0.000000000000000000, 1.000000000000000000 ) ) ;
#146 = AXIS2_PLACEMENT_3D ( 'NONE', #2787, #2252, #129 ) ;
#147 = AXIS2_PLACEMENT_3D ( 'NONE', #2613, #537, #2905 ) ;
#148 = VERTEX_POINT ( 'NONE', #3781 ) ;
#149 = DIRECTION ( 'NONE',  ( -0.000000000000000000, 1.000000000000000000, -0.000000000000000000 ) ) ;
#150 = AXIS2_PLACEMENT_3D ( 'NONE', #1976, #3143, #2243 ) ;
#151 = CIRCLE ( 'NONE', #839, 4.499999999999997335 ) ;
#152 = VERTEX_POINT ( 'NONE', #600 ) ;
#153 = EDGE_CURVE ( 'NONE', #2650, #2290, #791, .T. ) ;
#154 = AXIS2_PLACEMENT_3D ( 'NONE', #3287, #651, #1599 ) ;
#155 = ORIENTED_EDGE ( 'NONE', *, *, #2522, .T. ) ;
#156 = DIRECTION ( 'NONE',  ( 0.000000000000000000, 0.000000000000000000, 1.000000000000000000 ) ) ;
#157 = CARTESIAN_POINT ( 'NONE',  ( 74.42024260179678663, 10.00000000000000000, -130.4999999999999716 ) ) ;
#158 = VERTEX_POINT ( 'NONE', #3555 ) ;
#159 = DIRECTION ( 'NONE',  ( -0.000000000000000000, 1.000000000000000000, -0.000000000000000000 ) ) ;
#160 = EDGE_LOOP ( 'NONE', ( #1793, #682, #114, #2517 ) ) ;
#161 = CARTESIAN_POINT ( 'NONE',  ( -27.50000000000000000, 10.00000000000000000, 6.299999999999999822 ) ) ;
#162 = AXIS2_PLACEMENT_3D ( 'NONE', #3298, #421, #3377 ) ;
#163 = VERTEX_POINT ( 'NONE', #2315 ) ;
#164 = DIRECTION ( 'NONE',  ( -0.000000000000000000, 1.000000000000000000, -0.000000000000000000 ) ) ;
#165 = DIRECTION ( 'NONE',  ( -0.000000000000000000, 1.000000000000000000, -0.000000000000000000 ) ) ;
#166 = CARTESIAN_POINT ( 'NONE',  ( -63.08284835957622505, 10.00000000000000000, 19.99999999999991118 ) ) ;
#167 = ORIENTED_EDGE ( 'NONE', *, *, #3639, .T. ) ;
#168 = COORDINATED_UNIVERSAL_TIME_OFFSET ( 8, 0, .AHEAD. ) ;
#169 = DIRECTION ( 'NONE',  ( 0.000000000000000000, 0.7071067811865470176, 0.7071067811865479058 ) ) ;
#170 = CARTESIAN_POINT ( 'NONE',  ( -27.50000000000000000, 10.00000000000000000, 0.000000000000000000 ) ) ;
#171 = ORIENTED_EDGE ( 'NONE', *, *, #598, .T. ) ;
#172 = EDGE_CURVE ( 'NONE', #3321, #2477, #2334, .T. ) ;
#173 = VERTEX_POINT ( 'NONE', #2914 ) ;
#174 = CARTESIAN_POINT ( 'NONE',  ( 74.40000000000000568, 10.00000000000000000, 135.0000000000000000 ) ) ;
#175 = EDGE_CURVE ( 'NONE', #507, #486, #255, .T. ) ;
#176 = CARTESIAN_POINT ( 'NONE',  ( -2.499999999998570921, 10.00000000000000000, 80.58284835958100700 ) ) ;
#177 = DIRECTION ( 'NONE',  ( -0.000000000000000000, 1.000000000000000000, -0.000000000000000000 ) ) ;
#178 = ORIENTED_EDGE ( 'NONE', *, *, #1900, .T. ) ;
#179 = FACE_OUTER_BOUND ( 'NONE', #2395, .T. ) ;
#180 = ORIENTED_EDGE ( 'NONE', *, *, #534, .T. ) ;
#181 = CARTESIAN_POINT ( 'NONE',  ( -33.23401871576733413, 10.00000000000000000, -24.58401871576813846 ) ) ;
#182 = ORIENTED_EDGE ( 'NONE', *, *, #3214, .F. ) ;
#183 = CARTESIAN_POINT ( 'NONE',  ( -63.08284835957622505, 10.00000000000000000, 23.29999999999990834 ) ) ;
#184 = CARTESIAN_POINT ( 'NONE',  ( -33.23401871576802336, 10.00000000000000000, 33.23401871576744782 ) ) ;
#185 = DIRECTION ( 'NONE',  ( 0.000000000000000000, 0.000000000000000000, 1.000000000000000000 ) ) ;
#186 = EDGE_LOOP ( 'NONE', ( #3659, #412 ) ) ;
#187 = SHAPE_DEFINITION_REPRESENTATION ( #348, #2977 ) ;
#188 = DIRECTION ( 'NONE',  ( 0.000000000000000000, 0.000000000000000000, 1.000000000000000000 ) ) ;
#189 = ORIENTED_EDGE ( 'NONE', *, *, #1499, .T. ) ;
#190 = ORIENTED_EDGE ( 'NONE', *, *, #3278, .T. ) ;
#191 = DIRECTION ( 'NONE',  ( -0.000000000000000000, 1.000000000000000000, -0.000000000000000000 ) ) ;
#192 = ADVANCED_FACE ( 'NONE', ( #1442 ), #3517, .F. ) ;
#193 = DIRECTION ( 'NONE',  ( 0.000000000000000000, 1.000000000000000000, -0.000000000000000000 ) ) ;
#194 = DIRECTION ( 'NONE',  ( 0.000000000000000000, 1.000000000000000000, 0.000000000000000000 ) ) ;
#195 = EDGE_CURVE ( 'NONE', #1579, #1757, #230, .T. ) ;
#196 = EDGE_LOOP ( 'NONE', ( #3390, #1706, #838, #1615 ) ) ;
#197 = CIRCLE ( 'NONE', #3547, 3.299999999999997158 ) ;
#198 = CARTESIAN_POINT ( 'NONE',  ( 135.0000000000018474, 0.000000000000000000, -78.92024260179206863 ) ) ;
#199 = ORIENTED_EDGE ( 'NONE', *, *, #2816, .T. ) ;
#200 = CYLINDRICAL_SURFACE ( 'NONE', #1957, 3.250000000000002665 ) ;
#201 = EDGE_CURVE ( 'NONE', #3383, #2762, #1830, .T. ) ;
#202 = CIRCLE ( 'NONE', #2366, 4.500000000000003553 ) ;
#203 = ORIENTED_EDGE ( 'NONE', *, *, #3310, .F. ) ;
#204 = LINE ( 'NONE', #1992, #2010 ) ;
#205 = AXIS2_PLACEMENT_3D ( 'NONE', #3378, #1895, #3338 ) ;
#206 = CARTESIAN_POINT ( 'NONE',  ( 2.743208830090071736E-14, 10.00000000000000000, 223.0000000000000853 ) ) ;
#207 = CIRCLE ( 'NONE', #2684, 3.299999999999997158 ) ;
#208 = AXIS2_PLACEMENT_3D ( 'NONE', #2048, #1182, #32 ) ;
#209 = ORIENTED_EDGE ( 'NONE', *, *, #1033, .F. ) ;
#210 = CARTESIAN_POINT ( 'NONE',  ( -2.499999999998570921, 0.000000000000000000, 83.88284835958100416 ) ) ;
#211 = EDGE_LOOP ( 'NONE', ( #124, #911, #2641, #484 ) ) ;
#212 = CIRCLE ( 'NONE', #1698, 3.250000000000002665 ) ;
#213 = AXIS2_PLACEMENT_3D ( 'NONE', #166, #2267, #2823 ) ;
#214 = ORIENTED_EDGE ( 'NONE', *, *, #1525, .F. ) ;
#215 = CIRCLE ( 'NONE', #1576, 4.499999999999997335 ) ;
#216 = CARTESIAN_POINT ( 'NONE',  ( 74.40000000000000568, 10.00000000000000000, 139.5000000000000000 ) ) ;
#217 = DIRECTION ( 'NONE',  ( -0.000000000000000000, 1.000000000000000000, -0.000000000000000000 ) ) ;
#218 = DIRECTION ( 'NONE',  ( -0.000000000000000000, 1.000000000000000000, -0.000000000000000000 ) ) ;
#219 = CIRCLE ( 'NONE', #30, 3.299999999999997158 ) ;
#220 = APPROVAL ( #436, 'UNSPECIFIED' ) ;
#221 = VECTOR ( 'NONE', #3406, 1000.000000000000000 ) ;
#222 = ORIENTED_EDGE ( 'NONE', *, *, #40, .F. ) ;
#223 = CARTESIAN_POINT ( 'NONE',  ( 74.42024260179678663, 10.00000000000000000, -139.4999999999999716 ) ) ;
#224 = CARTESIAN_POINT ( 'NONE',  ( -33.23401871576802336, 5.850000000000004086, 28.73401871576744782 ) ) ;
#225 = AXIS2_PLACEMENT_3D ( 'NONE', #3505, #278, #1743 ) ;
#226 = EDGE_CURVE ( 'NONE', #3015, #2066, #2805, .T. ) ;
#227 = EDGE_LOOP ( 'NONE', ( #1279, #2879, #2363, #557 ) ) ;
#228 = DIRECTION ( 'NONE',  ( -0.000000000000000000, 1.000000000000000000, -0.000000000000000000 ) ) ;
#229 = CARTESIAN_POINT ( 'NONE',  ( -33.23401871576802336, 0.000000000000000000, 37.73401871576744782 ) ) ;
#230 = CIRCLE ( 'NONE', #1892, 4.499999999999997335 ) ;
#231 = ADVANCED_FACE ( 'NONE', ( #2404 ), #1650, .F. ) ;
#232 = DIRECTION ( 'NONE',  ( -0.000000000000000000, 1.000000000000000000, -0.000000000000000000 ) ) ;
#233 = VERTEX_POINT ( 'NONE', #752 ) ;
#234 = ORIENTED_EDGE ( 'NONE', *, *, #175, .T. ) ;
#235 = ORIENTED_EDGE ( 'NONE', *, *, #2840, .F. ) ;
#236 = CARTESIAN_POINT ( 'NONE',  ( -2.499999999998570921, 10.00000000000000000, 80.58284835958100700 ) ) ;
#237 = DIRECTION ( 'NONE',  ( 0.000000000000000000, 0.000000000000000000, 1.000000000000000000 ) ) ;
#238 = DIRECTION ( 'NONE',  ( -0.000000000000000000, 1.000000000000000000, -0.000000000000000000 ) ) ;
#239 = ADVANCED_FACE ( 'NONE', ( #3702 ), #125, .F. ) ;
#240 = DIRECTION ( 'NONE',  ( -0.000000000000000000, 1.000000000000000000, -0.000000000000000000 ) ) ;
#241 = DIRECTION ( 'NONE',  ( -0.000000000000000000, 1.000000000000000000, -0.000000000000000000 ) ) ;
#242 = CARTESIAN_POINT ( 'NONE',  ( 116.3485199889830000, 0.000000000000000000, 99.15517145489961592 ) ) ;
#243 = ORIENTED_EDGE ( 'NONE', *, *, #489, .T. ) ;
#244 = CARTESIAN_POINT ( 'NONE',  ( -116.3190655051870550, 0.000000000000000000, -99.06296885077716752 ) ) ;
#245 = CARTESIAN_POINT ( 'NONE',  ( 27.50000000000000000, 1.734723475976807094E-15, 0.000000000000000000 ) ) ;
#246 = CARTESIAN_POINT ( 'NONE',  ( 98.08284835957788061, 10.00000000000000000, -20.00000000000000711 ) ) ;
#247 = ADVANCED_FACE ( 'NONE', ( #2984 ), #3392, .F. ) ;
#248 = EDGE_CURVE ( 'NONE', #2603, #3834, #2519, .T. ) ;
#249 = VERTEX_POINT ( 'NONE', #1913 ) ;
#250 = DIRECTION ( 'NONE',  ( -0.000000000000000000, 1.000000000000000000, -0.000000000000000000 ) ) ;
#251 = ORIENTED_EDGE ( 'NONE', *, *, #2164, .F. ) ;
#252 = DIRECTION ( 'NONE',  ( 0.000000000000000000, 0.000000000000000000, 1.000000000000000000 ) ) ;
#253 = DIRECTION ( 'NONE',  ( 0.000000000000000000, 0.000000000000000000, 1.000000000000000000 ) ) ;
#254 = COORDINATED_UNIVERSAL_TIME_OFFSET ( 8, 0, .AHEAD. ) ;
#255 = LINE ( 'NONE', #562, #3696 ) ;
#256 = DIRECTION ( 'NONE',  ( 0.000000000000000000, 0.000000000000000000, 1.000000000000000000 ) ) ;
#257 = CARTESIAN_POINT ( 'NONE',  ( 98.08284835957783798, 10.00000000000000000, 16.69999999999978613 ) ) ;
#258 = VERTEX_POINT ( 'NONE', #2495 ) ;
#259 = CARTESIAN_POINT ( 'NONE',  ( -134.9999999999999432, 10.00000000000000000, 130.4999999999999432 ) ) ;
#260 = DIRECTION ( 'NONE',  ( 0.000000000000000000, 0.000000000000000000, 1.000000000000000000 ) ) ;
#261 = LINE ( 'NONE', #2944, #2569 ) ;
#262 = AXIS2_PLACEMENT_3D ( 'NONE', #105, #3643, #2691 ) ;
#263 = EDGE_CURVE ( 'NONE', #1057, #23, #1795, .T. ) ;
#264 = ORIENTED_EDGE ( 'NONE', *, *, #3114, .F. ) ;
#265 = CIRCLE ( 'NONE', #2056, 3.299999999999997158 ) ;
#266 = DIRECTION ( 'NONE',  ( 0.000000000000000000, 1.000000000000000000, 0.000000000000000000 ) ) ;
#267 = VECTOR ( 'NONE', #1268, 1000.000000000000000 ) ;
#268 = CIRCLE ( 'NONE', #3435, 3.250000000000002665 ) ;
#269 = ORIENTED_EDGE ( 'NONE', *, *, #529, .F. ) ;
#270 = CARTESIAN_POINT ( 'NONE',  ( 116.3798940491453351, 10.00000000000000000, -99.03159479061517345 ) ) ;
#271 = CIRCLE ( 'NONE', #3616, 8.649999999999998579 ) ;
#272 = VECTOR ( 'NONE', #856, 1000.000000000000000 ) ;
#273 = ORIENTED_EDGE ( 'NONE', *, *, #339, .F. ) ;
#274 = DIRECTION ( 'NONE',  ( -0.000000000000000000, 1.000000000000000000, -0.000000000000000000 ) ) ;
#275 = EDGE_CURVE ( 'NONE', #1053, #1887, #1626, .T. ) ;
#276 = CONICAL_SURFACE ( 'NONE', #1570, 8.649999999999998579, 0.7853981633974488341 ) ;
#277 = AXIS2_PLACEMENT_3D ( 'NONE', #3117, #1023, #1701 ) ;
#278 = DIRECTION ( 'NONE',  ( 0.000000000000000000, 1.000000000000000000, 0.000000000000000000 ) ) ;
#279 = CARTESIAN_POINT ( 'NONE',  ( 116.3798940491453351, 10.00000000000000000, -92.53159479061515924 ) ) ;
#280 = AXIS2_PLACEMENT_3D ( 'NONE', #1884, #2118, #2997 ) ;
#281 = AXIS2_PLACEMENT_3D ( 'NONE', #3345, #26, #1245 ) ;
#282 = DIRECTION ( 'NONE',  ( -0.000000000000000000, 1.000000000000000000, -0.000000000000000000 ) ) ;
#283 = EDGE_CURVE ( 'NONE', #3271, #158, #3205, .T. ) ;
#284 = DIRECTION ( 'NONE',  ( -0.000000000000000000, 1.000000000000000000, -0.000000000000000000 ) ) ;
#285 = CYLINDRICAL_SURFACE ( 'NONE', #1756, 4.500000000000003553 ) ;
#286 = CARTESIAN_POINT ( 'NONE',  ( 37.49999999999987921, 10.00000000000000000, -83.88284835957723828 ) ) ;
#287 = AXIS2_PLACEMENT_3D ( 'NONE', #3190, #1408, #2898 ) ;
#288 = EDGE_LOOP ( 'NONE', ( #735, #3760 ) ) ;
#289 = CARTESIAN_POINT ( 'NONE',  ( 0.000000000000000000, 10.00000000000000000, 0.000000000000000000 ) ) ;
#290 = CIRCLE ( 'NONE', #3144, 4.499999999999997335 ) ;
#291 = ORIENTED_EDGE ( 'NONE', *, *, #984, .F. ) ;
#292 = DIRECTION ( 'NONE',  ( -0.000000000000000000, 1.000000000000000000, -0.000000000000000000 ) ) ;
#293 = EDGE_CURVE ( 'NONE', #3376, #3162, #3325, .T. ) ;
#294 = ADVANCED_FACE ( 'NONE', ( #39 ), #2703, .F. ) ;
#295 = CARTESIAN_POINT ( 'NONE',  ( 95.87379739473514917, 10.00000000000000000, -113.0376914450248051 ) ) ;
#296 = DIRECTION ( 'NONE',  ( 0.000000000000000000, 0.000000000000000000, 1.000000000000000000 ) ) ;
#297 = DIRECTION ( 'NONE',  ( 0.000000000000000000, 0.000000000000000000, 1.000000000000000000 ) ) ;
#298 = EDGE_LOOP ( 'NONE', ( #1213, #893 ) ) ;
#299 = CARTESIAN_POINT ( 'NONE',  ( -135.0000000000000568, 10.00000000000000000, 78.89999999999996305 ) ) ;
#300 = CARTESIAN_POINT ( 'NONE',  ( -95.84434291094001424, 10.00000000000000000, 116.3798940491465856 ) ) ;
#301 = ORIENTED_EDGE ( 'NONE', *, *, #816, .T. ) ;
#302 = CARTESIAN_POINT ( 'NONE',  ( 134.9999999999999716, 10.00000000000000000, 69.89999999999994884 ) ) ;
#303 = CARTESIAN_POINT ( 'NONE',  ( 95.87379739473514917, 0.000000000000000000, -116.2876914450248051 ) ) ;
#304 = EDGE_LOOP ( 'NONE', ( #2496, #1286, #1311, #523 ) ) ;
#305 = CARTESIAN_POINT ( 'NONE',  ( 1.059319481262460570E-15, 10.00000000000000000, -55.64999999999999858 ) ) ;
#306 = ORIENTED_EDGE ( 'NONE', *, *, #919, .F. ) ;
#307 = EDGE_CURVE ( 'NONE', #936, #1420, #3818, .T. ) ;
#308 = DIRECTION ( 'NONE',  ( 0.000000000000000000, 0.000000000000000000, 1.000000000000000000 ) ) ;
#309 = FACE_OUTER_BOUND ( 'NONE', #3017, .T. ) ;
#310 = DIRECTION ( 'NONE',  ( -0.000000000000000000, 1.000000000000000000, -0.000000000000000000 ) ) ;
#311 = ORIENTED_EDGE ( 'NONE', *, *, #3333, .T. ) ;
#312 = CARTESIAN_POINT ( 'NONE',  ( -33.23401871576802336, 10.00000000000000000, 28.73401871576745137 ) ) ;
#313 = CYLINDRICAL_SURFACE ( 'NONE', #3132, 3.250000000000002665 ) ;
#314 = ORIENTED_EDGE ( 'NONE', *, *, #3384, .F. ) ;
#315 = DIRECTION ( 'NONE',  ( -0.000000000000000000, 1.000000000000000000, -0.000000000000000000 ) ) ;
#316 = EDGE_CURVE ( 'NONE', #2047, #2008, #1215, .T. ) ;
#317 = ORIENTED_EDGE ( 'NONE', *, *, #2709, .T. ) ;
#318 = CARTESIAN_POINT ( 'NONE',  ( 0.000000000000000000, 10.00000000000000000, -21.19999999999999929 ) ) ;
#319 = EDGE_CURVE ( 'NONE', #3636, #2698, #2420, .T. ) ;
#320 = AXIS2_PLACEMENT_3D ( 'NONE', #1983, #1378, #1405 ) ;
#321 = VERTEX_POINT ( 'NONE', #3122 ) ;
#322 = CARTESIAN_POINT ( 'NONE',  ( 95.84242333457314089, 0.000000000000000000, 113.1612681093095887 ) ) ;
#323 = VERTEX_POINT ( 'NONE', #2828 ) ;
#324 = CIRCLE ( 'NONE', #1076, 6.299999999999996270 ) ;
#325 = CIRCLE ( 'NONE', #1510, 8.649999999999998579 ) ;
#326 = CIRCLE ( 'NONE', #1014, 225.0000000000000000 ) ;
#327 = CARTESIAN_POINT ( 'NONE',  ( 37.49999999999987921, 10.00000000000000000, -80.58284835957724113 ) ) ;
#328 = CYLINDRICAL_SURFACE ( 'NONE', #1695, 3.299999999999997158 ) ;
#329 = FACE_BOUND ( 'NONE', #3777, .T. ) ;
#330 = CIRCLE ( 'NONE', #774, 3.250000000000002665 ) ;
#331 = VECTOR ( 'NONE', #3454, 1000.000000000000000 ) ;
#332 = AXIS2_PLACEMENT_3D ( 'NONE', #1138, #3830, #1163 ) ;
#333 = ORIENTED_EDGE ( 'NONE', *, *, #2201, .F. ) ;
#334 = DIRECTION ( 'NONE',  ( -0.000000000000000000, 1.000000000000000000, -0.000000000000000000 ) ) ;
#335 = CIRCLE ( 'NONE', #281, 3.299999999999997158 ) ;
#336 = CARTESIAN_POINT ( 'NONE',  ( 37.50000000000137135, 0.000000000000000000, 77.28284835958099563 ) ) ;
#337 = ORIENTED_EDGE ( 'NONE', *, *, #619, .F. ) ;
#338 = DIRECTION ( 'NONE',  ( 0.000000000000000000, 0.000000000000000000, 1.000000000000000000 ) ) ;
#339 = EDGE_CURVE ( 'NONE', #54, #2143, #1526, .T. ) ;
#340 = AXIS2_PLACEMENT_3D ( 'NONE', #1717, #3825, #2055 ) ;
#341 = ADVANCED_FACE ( 'NONE', ( #57 ), #2092, .F. ) ;
#342 = ORIENTED_EDGE ( 'NONE', *, *, #2071, .T. ) ;
#343 = CYLINDRICAL_SURFACE ( 'NONE', #944, 4.499999999999997335 ) ;
#344 = CARTESIAN_POINT ( 'NONE',  ( 74.40000000000000568, 10.00000000000000000, 139.5000000000000000 ) ) ;
#345 = AXIS2_PLACEMENT_3D ( 'NONE', #3444, #2216, #2527 ) ;
#346 = FACE_BOUND ( 'NONE', #1512, .T. ) ;
#347 = CIRCLE ( 'NONE', #974, 3.299999999999997158 ) ;
#348 = PRODUCT_DEFINITION_SHAPE ( 'NONE', 'NONE',  #1359 ) ;
#349 = EDGE_LOOP ( 'NONE', ( #1022, #1911, #2983, #182 ) ) ;
#350 = ORIENTED_EDGE ( 'NONE', *, *, #2664, .T. ) ;
#351 = AXIS2_PLACEMENT_3D ( 'NONE', #3103, #1818, #1006 ) ;
#352 = DIRECTION ( 'NONE',  ( -0.000000000000000000, 1.000000000000000000, -0.000000000000000000 ) ) ;
#353 = DIRECTION ( 'NONE',  ( 0.000000000000000000, 0.000000000000000000, 1.000000000000000000 ) ) ;
#354 = LOCAL_TIME ( 0, 44, 35.00000000000000000, #561 ) ;
#355 = FACE_BOUND ( 'NONE', #2159, .T. ) ;
#356 = VERTEX_POINT ( 'NONE', #933 ) ;
#357 = DIRECTION ( 'NONE',  ( -0.000000000000000000, 1.000000000000000000, -0.000000000000000000 ) ) ;
#358 = ORIENTED_EDGE ( 'NONE', *, *, #3635, .F. ) ;
#359 = DIRECTION ( 'NONE',  ( -0.000000000000000000, 1.000000000000000000, -0.000000000000000000 ) ) ;
#360 = EDGE_LOOP ( 'NONE', ( #1766, #1018, #586, #3613 ) ) ;
#361 = EDGE_CURVE ( 'NONE', #477, #3021, #3488, .T. ) ;
#362 = FACE_BOUND ( 'NONE', #992, .T. ) ;
#363 = EDGE_CURVE ( 'NONE', #2153, #2950, #3789, .T. ) ;
#364 = ORIENTED_EDGE ( 'NONE', *, *, #2169, .T. ) ;
#365 = DIRECTION ( 'NONE',  ( -0.000000000000000000, 1.000000000000000000, -0.000000000000000000 ) ) ;
#366 = ORIENTED_EDGE ( 'NONE', *, *, #3644, .F. ) ;
#367 = DIRECTION ( 'NONE',  ( -0.000000000000000000, 1.000000000000000000, -0.000000000000000000 ) ) ;
#368 = CARTESIAN_POINT ( 'NONE',  ( 0.000000000000000000, 10.00000000000000000, -24.20000000000000284 ) ) ;
#369 = ADVANCED_FACE ( 'NONE', ( #3001 ), #376, .F. ) ;
#370 = EDGE_LOOP ( 'NONE', ( #2584, #3419, #1123, #2244 ) ) ;
#371 = CARTESIAN_POINT ( 'NONE',  ( -74.39999999999994884, 10.00000000000000000, 134.9999999999997158 ) ) ;
#372 = DIRECTION ( 'NONE',  ( -0.000000000000000000, 1.000000000000000000, -0.000000000000000000 ) ) ;
#373 = ORIENTED_EDGE ( 'NONE', *, *, #2471, .F. ) ;
#374 = FACE_OUTER_BOUND ( 'NONE', #3269, .T. ) ;
#375 = EDGE_LOOP ( 'NONE', ( #3340, #2080, #2088, #743 ) ) ;
#376 = CYLINDRICAL_SURFACE ( 'NONE', #3296, 4.500000000000003553 ) ;
#377 = CARTESIAN_POINT ( 'NONE',  ( 98.08284835957788061, 10.00000000000000000, -20.00000000000000711 ) ) ;
#378 = CARTESIAN_POINT ( 'NONE',  ( 116.3798940491453351, 0.000000000000000000, -99.03159479061517345 ) ) ;
#379 = EDGE_LOOP ( 'NONE', ( #3772, #3424 ) ) ;
#380 = VECTOR ( 'NONE', #2887, 1000.000000000000000 ) ;
#381 = CARTESIAN_POINT ( 'NONE',  ( 37.50000000000137135, 10.00000000000000000, 77.28284835958099563 ) ) ;
#382 = VERTEX_POINT ( 'NONE', #1788 ) ;
#383 = CIRCLE ( 'NONE', #1560, 4.500000000000003553 ) ;
#384 = EDGE_LOOP ( 'NONE', ( #1367, #1824, #3308, #1085 ) ) ;
#385 = EDGE_CURVE ( 'NONE', #148, #3768, #1443, .T. ) ;
#386 = CARTESIAN_POINT ( 'NONE',  ( 5.510910596163087583E-16, 10.00000000000000000, -51.50000000000000000 ) ) ;
#387 = FACE_BOUND ( 'NONE', #1189, .T. ) ;
#388 = AXIS2_PLACEMENT_3D ( 'NONE', #1225, #2405, #3593 ) ;
#389 = AXIS2_PLACEMENT_3D ( 'NONE', #1792, #2674, #3550 ) ;
#390 = VERTEX_POINT ( 'NONE', #609 ) ;
#391 = CARTESIAN_POINT ( 'NONE',  ( -33.23401871576802336, 0.000000000000000000, 33.23401871576744782 ) ) ;
#392 = CARTESIAN_POINT ( 'NONE',  ( -47.00000000000000000, 5.850000000000004086, -4.500000000000489386 ) ) ;
#393 = AXIS2_PLACEMENT_3D ( 'NONE', #859, #1170, #3479 ) ;
#394 = CIRCLE ( 'NONE', #1139, 4.499999999999997335 ) ;
#395 = ORIENTED_EDGE ( 'NONE', *, *, #2453, .F. ) ;
#396 = CARTESIAN_POINT ( 'NONE',  ( -135.0000000000000568, 10.00000000000000000, 74.39999999999994884 ) ) ;
#397 = AXIS2_PLACEMENT_3D ( 'NONE', #498, #2614, #1193 ) ;
#398 = CIRCLE ( 'NONE', #3679, 3.299999999999997158 ) ;
#399 = ORIENTED_EDGE ( 'NONE', *, *, #1437, .F. ) ;
#400 = CARTESIAN_POINT ( 'NONE',  ( -47.00000000000000000, 0.000000000000000000, -4.500000000000489386 ) ) ;
#401 = FACE_BOUND ( 'NONE', #2726, .T. ) ;
#402 = AXIS2_PLACEMENT_3D ( 'NONE', #3157, #2511, #2857 ) ;
#403 = AXIS2_PLACEMENT_3D ( 'NONE', #2253, #177, #739 ) ;
#404 = ORIENTED_EDGE ( 'NONE', *, *, #2826, .T. ) ;
#405 = DIRECTION ( 'NONE',  ( 0.000000000000000000, 0.000000000000000000, 1.000000000000000000 ) ) ;
#406 = ORIENTED_EDGE ( 'NONE', *, *, #3067, .T. ) ;
#407 = ORIENTED_EDGE ( 'NONE', *, *, #201, .T. ) ;
#408 = EDGE_CURVE ( 'NONE', #2487, #1846, #197, .T. ) ;
#409 = DIRECTION ( 'NONE',  ( -0.000000000000000000, 1.000000000000000000, -0.000000000000000000 ) ) ;
#410 = LINE ( 'NONE', #157, #2138 ) ;
#411 = ADVANCED_FACE ( 'NONE', ( #2474 ), #343, .F. ) ;
#412 = ORIENTED_EDGE ( 'NONE', *, *, #3267, .T. ) ;
#413 = DIRECTION ( 'NONE',  ( -0.000000000000000000, 1.000000000000000000, -0.000000000000000000 ) ) ;
#414 = EDGE_LOOP ( 'NONE', ( #1960, #2121, #688, #3648 ) ) ;
#415 = CARTESIAN_POINT ( 'NONE',  ( -95.84434291094001424, 0.000000000000000000, 119.6298940491465856 ) ) ;
#416 = VERTEX_POINT ( 'NONE', #3054 ) ;
#417 = LINE ( 'NONE', #1662, #13 ) ;
#418 = CARTESIAN_POINT ( 'NONE',  ( -63.08284835957622505, 0.000000000000000000, 19.99999999999991118 ) ) ;
#419 = FACE_BOUND ( 'NONE', #1686, .T. ) ;
#420 = VERTEX_POINT ( 'NONE', #1586 ) ;
#421 = DIRECTION ( 'NONE',  ( -0.000000000000000000, 1.000000000000000000, -0.000000000000000000 ) ) ;
#422 = DIRECTION ( 'NONE',  ( -0.000000000000000000, 1.000000000000000000, -0.000000000000000000 ) ) ;
#423 = VERTEX_POINT ( 'NONE', #2979 ) ;
#424 = ORIENTED_EDGE ( 'NONE', *, *, #385, .F. ) ;
#425 = FACE_OUTER_BOUND ( 'NONE', #518, .T. ) ;
#426 = DIRECTION ( 'NONE',  ( 0.000000000000000000, 0.000000000000000000, 1.000000000000000000 ) ) ;
#427 = ADVANCED_FACE ( 'NONE', ( #1292 ), #689, .F. ) ;
#428 = ORIENTED_EDGE ( 'NONE', *, *, #1609, .T. ) ;
#429 = CARTESIAN_POINT ( 'NONE',  ( 98.08284835957788061, 10.00000000000000000, -16.70000000000000995 ) ) ;
#430 = ORIENTED_EDGE ( 'NONE', *, *, #931, .F. ) ;
#431 = DIRECTION ( 'NONE',  ( -0.000000000000000000, 1.000000000000000000, -0.000000000000000000 ) ) ;
#432 = EDGE_LOOP ( 'NONE', ( #2769, #1916 ) ) ;
#433 = EDGE_CURVE ( 'NONE', #2547, #3819, #1217, .T. ) ;
#434 = CYLINDRICAL_SURFACE ( 'NONE', #3626, 4.499999999999997335 ) ;
#435 = VERTEX_POINT ( 'NONE', #3033 ) ;
#436 = APPROVAL_STATUS ( 'not_yet_approved' ) ;
#437 = DIRECTION ( 'NONE',  ( 0.000000000000000000, 0.000000000000000000, 1.000000000000000000 ) ) ;
#438 = ORIENTED_EDGE ( 'NONE', *, *, #1970, .F. ) ;
#439 = EDGE_LOOP ( 'NONE', ( #2555, #569, #2156, #1883 ) ) ;
#440 = DIRECTION ( 'NONE',  ( 0.000000000000000000, 0.000000000000000000, 1.000000000000000000 ) ) ;
#441 = CIRCLE ( 'NONE', #1188, 8.649999999999998579 ) ;
#442 = CARTESIAN_POINT ( 'NONE',  ( -63.08284835957631032, 10.00000000000000000, -19.99999999999986500 ) ) ;
#443 = CIRCLE ( 'NONE', #2491, 4.500000000000003553 ) ;
#444 = DIRECTION ( 'NONE',  ( -0.000000000000000000, 1.000000000000000000, -0.000000000000000000 ) ) ;
#445 = FACE_OUTER_BOUND ( 'NONE', #2075, .T. ) ;
#446 = ORIENTED_EDGE ( 'NONE', *, *, #1691, .T. ) ;
#447 = DIRECTION ( 'NONE',  ( -0.000000000000000000, 1.000000000000000000, -0.000000000000000000 ) ) ;
#448 = VECTOR ( 'NONE', #3409, 1000.000000000000000 ) ;
#449 = AXIS2_PLACEMENT_3D ( 'NONE', #1344, #468, #2833 ) ;
#450 = VECTOR ( 'NONE', #1573, 1000.000000000000000 ) ;
#451 = EDGE_LOOP ( 'NONE', ( #1782, #2307 ) ) ;
#452 = CARTESIAN_POINT ( 'NONE',  ( -95.81296885077719594, 0.000000000000000000, -116.3190655051871403 ) ) ;
#453 = CIRCLE ( 'NONE', #1079, 4.500000000000003553 ) ;
#454 = CARTESIAN_POINT ( 'NONE',  ( 33.23401871576779598, 0.000000000000000000, -37.73401871576767519 ) ) ;
#455 = DIRECTION ( 'NONE',  ( 0.000000000000000000, 0.000000000000000000, 1.000000000000000000 ) ) ;
#456 = EDGE_CURVE ( 'NONE', #2187, #920, #2102, .T. ) ;
#457 = AXIS2_PLACEMENT_3D ( 'NONE', #657, #3396, #1275 ) ;
#458 = VECTOR ( 'NONE', #1059, 1000.000000000000000 ) ;
#459 = EDGE_CURVE ( 'NONE', #323, #1031, #441, .T. ) ;
#460 = ORIENTED_EDGE ( 'NONE', *, *, #2489, .T. ) ;
#461 = DIRECTION ( 'NONE',  ( -0.000000000000000000, 1.000000000000000000, -0.000000000000000000 ) ) ;
#462 = FACE_OUTER_BOUND ( 'NONE', #2739, .T. ) ;
#463 = AXIS2_PLACEMENT_3D ( 'NONE', #1418, #1646, #1334 ) ;
#464 = AXIS2_PLACEMENT_3D ( 'NONE', #1555, #1843, #2992 ) ;
#465 = VERTEX_POINT ( 'NONE', #3314 ) ;
#466 = AXIS2_PLACEMENT_3D ( 'NONE', #84, #1247, #3619 ) ;
#467 = VERTEX_POINT ( 'NONE', #942 ) ;
#468 = DIRECTION ( 'NONE',  ( -0.000000000000000000, 1.000000000000000000, -0.000000000000000000 ) ) ;
#469 = CARTESIAN_POINT ( 'NONE',  ( -63.08284835957631032, 0.000000000000000000, -23.29999999999986215 ) ) ;
#470 = AXIS2_PLACEMENT_3D ( 'NONE', #3241, #238, #2349 ) ;
#471 = FACE_BOUND ( 'NONE', #724, .T. ) ;
#472 = VERTEX_POINT ( 'NONE', #2122 ) ;
#473 = CARTESIAN_POINT ( 'NONE',  ( -95.84434291094001424, 0.000000000000000000, 116.3798940491465856 ) ) ;
#474 = VERTEX_POINT ( 'NONE', #1833 ) ;
#475 = DIRECTION ( 'NONE',  ( 0.000000000000000000, 0.000000000000000000, 1.000000000000000000 ) ) ;
#476 = AXIS2_PLACEMENT_3D ( 'NONE', #531, #240, #3211 ) ;
#477 = VERTEX_POINT ( 'NONE', #2203 ) ;
#478 = CARTESIAN_POINT ( 'NONE',  ( 98.08284835957788061, 0.000000000000000000, -20.00000000000000711 ) ) ;
#479 = CYLINDRICAL_SURFACE ( 'NONE', #2505, 3.250000000000002665 ) ;
#480 = EDGE_CURVE ( 'NONE', #3561, #3681, #2796, .T. ) ;
#481 = ORIENTED_EDGE ( 'NONE', *, *, #692, .T. ) ;
#482 = CALENDAR_DATE ( 2026, 24, 3 ) ;
#483 = DIRECTION ( 'NONE',  ( 0.000000000000000000, 0.000000000000000000, 1.000000000000000000 ) ) ;
#484 = ORIENTED_EDGE ( 'NONE', *, *, #2264, .F. ) ;
#485 = EDGE_CURVE ( 'NONE', #540, #2083, #3428, .T. ) ;
#486 = VERTEX_POINT ( 'NONE', #1100 ) ;
#487 = CYLINDRICAL_SURFACE ( 'NONE', #2562, 3.299999999999997158 ) ;
#488 = CARTESIAN_POINT ( 'NONE',  ( -95.84434291094001424, 0.000000000000000000, 116.3798940491465856 ) ) ;
#489 = EDGE_CURVE ( 'NONE', #1331, #2271, #417, .T. ) ;
#490 = DIRECTION ( 'NONE',  ( -0.000000000000000000, 1.000000000000000000, -0.000000000000000000 ) ) ;
#491 = DIRECTION ( 'NONE',  ( 0.000000000000000000, 0.000000000000000000, 1.000000000000000000 ) ) ;
#492 = LINE ( 'NONE', #3726, #1462 ) ;
#493 = ORIENTED_EDGE ( 'NONE', *, *, #153, .T. ) ;
#494 = DIRECTION ( 'NONE',  ( -0.000000000000000000, 1.000000000000000000, -0.000000000000000000 ) ) ;
#495 = ORIENTED_EDGE ( 'NONE', *, *, #1771, .T. ) ;
#496 = DIRECTION ( 'NONE',  ( 0.000000000000000000, 0.000000000000000000, 1.000000000000000000 ) ) ;
#497 = CARTESIAN_POINT ( 'NONE',  ( -134.9999999999981242, 10.00000000000000000, -74.42024260179205442 ) ) ;
#498 = CARTESIAN_POINT ( 'NONE',  ( -135.0000000000000568, 10.00000000000000000, 74.39999999999994884 ) ) ;
#499 = ORIENTED_EDGE ( 'NONE', *, *, #3669, .T. ) ;
#500 = PERSON_AND_ORGANIZATION_ROLE ( 'classification_officer' ) ;
#501 = ORIENTED_EDGE ( 'NONE', *, *, #56, .T. ) ;
#502 = UNCERTAINTY_MEASURE_WITH_UNIT (LENGTH_MEASURE( 1.000000000000000082E-05 ), #3171, 'distance_accuracy_value', 'NONE');
#503 = VERTEX_POINT ( 'NONE', #3116 ) ;
#504 = FACE_OUTER_BOUND ( 'NONE', #1488, .T. ) ;
#505 = DIRECTION ( 'NONE',  ( 0.000000000000000000, 0.000000000000000000, 1.000000000000000000 ) ) ;
#506 = EDGE_CURVE ( 'NONE', #3053, #827, #1129, .T. ) ;
#507 = VERTEX_POINT ( 'NONE', #770 ) ;
#508 = CARTESIAN_POINT ( 'NONE',  ( 135.0000000000018474, 10.00000000000000000, -69.92024260179205442 ) ) ;
#509 = CARTESIAN_POINT ( 'NONE',  ( -74.42024260179678663, 10.00000000000000000, -135.0000000000003126 ) ) ;
#510 = AXIS2_PLACEMENT_3D ( 'NONE', #959, #3328, #1825 ) ;
#511 = VERTEX_POINT ( 'NONE', #1058 ) ;
#512 = CARTESIAN_POINT ( 'NONE',  ( 98.08284835957783798, 10.00000000000000000, 19.99999999999978328 ) ) ;
#513 = DIRECTION ( 'NONE',  ( -0.000000000000000000, 1.000000000000000000, -0.000000000000000000 ) ) ;
#514 = EDGE_CURVE ( 'NONE', #962, #2187, #2423, .T. ) ;
#515 = VECTOR ( 'NONE', #2401, 999.9999999999998863 ) ;
#516 = CARTESIAN_POINT ( 'NONE',  ( 33.23401871576779598, 5.850000000000004086, -33.23401871576767519 ) ) ;
#517 = VECTOR ( 'NONE', #2124, 1000.000000000000000 ) ;
#518 = EDGE_LOOP ( 'NONE', ( #2461, #2218, #789, #2402 ) ) ;
#519 = DIRECTION ( 'NONE',  ( -0.000000000000000000, 1.000000000000000000, -0.000000000000000000 ) ) ;
#520 = EDGE_LOOP ( 'NONE', ( #2176, #43 ) ) ;
#521 = AXIS2_PLACEMENT_3D ( 'NONE', #2874, #2103, #253 ) ;
#522 = CIRCLE ( 'NONE', #397, 4.500000000000003553 ) ;
#523 = ORIENTED_EDGE ( 'NONE', *, *, #1933, .F. ) ;
#524 = AXIS2_PLACEMENT_3D ( 'NONE', #2568, #723, #2280 ) ;
#525 = DIRECTION ( 'NONE',  ( -0.000000000000000000, -1.000000000000000000, -0.000000000000000000 ) ) ;
#526 = DIRECTION ( 'NONE',  ( -0.000000000000000000, 1.000000000000000000, -0.000000000000000000 ) ) ;
#527 = CARTESIAN_POINT ( 'NONE',  ( 135.0000000000000000, 10.00000000000000000, -130.5000000000000000 ) ) ;
#528 = AXIS2_PLACEMENT_3D ( 'NONE', #3539, #1747, #848 ) ;
#529 = EDGE_CURVE ( 'NONE', #3321, #925, #3394, .T. ) ;
#530 = CIRCLE ( 'NONE', #3571, 3.299999999999997158 ) ;
#531 = CARTESIAN_POINT ( 'NONE',  ( -33.23401871576802336, 10.00000000000000000, 33.23401871576744782 ) ) ;
#532 = DIRECTION ( 'NONE',  ( -0.000000000000000000, 1.000000000000000000, -0.000000000000000000 ) ) ;
#533 = DIRECTION ( 'NONE',  ( -0.000000000000000000, 1.000000000000000000, -0.000000000000000000 ) ) ;
#534 = EDGE_CURVE ( 'NONE', #1097, #3012, #1005, .T. ) ;
#535 = ORIENTED_EDGE ( 'NONE', *, *, #3501, .F. ) ;
#536 = DIRECTION ( 'NONE',  ( -0.000000000000000000, 1.000000000000000000, -0.000000000000000000 ) ) ;
#537 = DIRECTION ( 'NONE',  ( 0.000000000000000000, -1.000000000000000000, 0.000000000000000000 ) ) ;
#538 = AXIS2_PLACEMENT_3D ( 'NONE', #2227, #1356, #1534 ) ;
#539 = DIRECTION ( 'NONE',  ( 8.659560562354936556E-17, 0.7071067811865473507, -0.7071067811865477948 ) ) ;
#540 = VERTEX_POINT ( 'NONE', #1953 ) ;
#541 = DIRECTION ( 'NONE',  ( 0.000000000000000000, 0.000000000000000000, 1.000000000000000000 ) ) ;
#542 = ORIENTED_EDGE ( 'NONE', *, *, #73, .T. ) ;
#543 = FACE_OUTER_BOUND ( 'NONE', #3380, .T. ) ;
#544 = DIRECTION ( 'NONE',  ( -0.000000000000000000, 1.000000000000000000, -0.000000000000000000 ) ) ;
#545 = APPROVAL_DATE_TIME ( #3209, #1822 ) ;
#546 = CARTESIAN_POINT ( 'NONE',  ( 27.50000000000000000, 7.000000000000000000, 0.000000000000000000 ) ) ;
#547 = LINE ( 'NONE', #582, #3806 ) ;
#548 = CARTESIAN_POINT ( 'NONE',  ( 33.23401871576756150, 10.00000000000000000, 33.23401871576790256 ) ) ;
#549 = EDGE_CURVE ( 'NONE', #503, #3819, #3605, .T. ) ;
#550 = ORIENTED_EDGE ( 'NONE', *, *, #1765, .F. ) ;
#551 = CARTESIAN_POINT ( 'NONE',  ( 46.99999999999999289, 0.000000000000000000, 4.500000000000160760 ) ) ;
#552 = LINE ( 'NONE', #1487, #2070 ) ;
#553 = CARTESIAN_POINT ( 'NONE',  ( 0.000000000000000000, 2.000000000000001776, 225.0000000000000000 ) ) ;
#554 = EDGE_CURVE ( 'NONE', #467, #3363, #3080, .T. ) ;
#555 = ORIENTED_EDGE ( 'NONE', *, *, #2338, .F. ) ;
#556 = CARTESIAN_POINT ( 'NONE',  ( -74.39999999999994884, 10.00000000000000000, 130.4999999999996874 ) ) ;
#557 = ORIENTED_EDGE ( 'NONE', *, *, #4, .T. ) ;
#558 = CYLINDRICAL_SURFACE ( 'NONE', #1382, 4.499999999999997335 ) ;
#559 = DIRECTION ( 'NONE',  ( 0.000000000000000000, 0.000000000000000000, 1.000000000000000000 ) ) ;
#560 = ADVANCED_FACE ( 'NONE', ( #2551 ), #1929, .F. ) ;
#561 = COORDINATED_UNIVERSAL_TIME_OFFSET ( 8, 0, .AHEAD. ) ;
#562 = CARTESIAN_POINT ( 'NONE',  ( 46.99999999999999289, 10.00000000000000000, -8.649999999999833378 ) ) ;
#563 = CARTESIAN_POINT ( 'NONE',  ( -2.500000000000067502, 10.00000000000000000, -80.58284835957709902 ) ) ;
#564 = CARTESIAN_POINT ( 'NONE',  ( 33.23401871576779598, 10.00000000000000000, -33.23401871576767519 ) ) ;
#565 = ORIENTED_EDGE ( 'NONE', *, *, #892, .F. ) ;
#566 = DIRECTION ( 'NONE',  ( -0.000000000000000000, 1.000000000000000000, -0.000000000000000000 ) ) ;
#567 = DIRECTION ( 'NONE',  ( 1.000000000000000000, 0.000000000000000000, -4.270088556250598741E-15 ) ) ;
#568 = CARTESIAN_POINT ( 'NONE',  ( 46.99999999999999289, 10.00000000000000000, 4.500000000000160760 ) ) ;
#569 = ORIENTED_EDGE ( 'NONE', *, *, #3051, .T. ) ;
#570 = AXIS2_PLACEMENT_3D ( 'NONE', #391, #1580, #1190 ) ;
#571 = EDGE_CURVE ( 'NONE', #962, #465, #3159, .T. ) ;
#572 = DIRECTION ( 'NONE',  ( 0.000000000000000000, 0.000000000000000000, -1.000000000000000000 ) ) ;
#573 = EDGE_CURVE ( 'NONE', #596, #1015, #2736, .T. ) ;
#574 = AXIS2_PLACEMENT_3D ( 'NONE', #2701, #3281, #2677 ) ;
#575 = CIRCLE ( 'NONE', #2745, 4.500000000000003553 ) ;
#576 = ORIENTED_EDGE ( 'NONE', *, *, #248, .F. ) ;
#577 = CARTESIAN_POINT ( 'NONE',  ( 37.50000000000137135, 10.00000000000000000, 80.58284835958099279 ) ) ;
#578 = AXIS2_PLACEMENT_3D ( 'NONE', #1604, #2492, #3677 ) ;
#579 = AXIS2_PLACEMENT_3D ( 'NONE', #1399, #3475, #1962 ) ;
#580 = CIRCLE ( 'NONE', #1514, 3.299999999999997158 ) ;
#581 = DIRECTION ( 'NONE',  ( -0.000000000000000000, 1.000000000000000000, -0.000000000000000000 ) ) ;
#582 = CARTESIAN_POINT ( 'NONE',  ( -47.00000000000000000, 10.00000000000000000, 8.649999999999504752 ) ) ;
#583 = AXIS2_PLACEMENT_3D ( 'NONE', #3583, #2653, #2084 ) ;
#584 = CYLINDRICAL_SURFACE ( 'NONE', #3066, 3.299999999999997158 ) ;
#585 = VECTOR ( 'NONE', #3016, 1000.000000000000000 ) ;
#586 = ORIENTED_EDGE ( 'NONE', *, *, #1336, .T. ) ;
#587 = CARTESIAN_POINT ( 'NONE',  ( 134.9999999999999716, 10.00000000000000000, 74.39999999999994884 ) ) ;
#588 = DIRECTION ( 'NONE',  ( -0.000000000000000000, 1.000000000000000000, -0.000000000000000000 ) ) ;
#589 = ORIENTED_EDGE ( 'NONE', *, *, #3523, .T. ) ;
#590 = CARTESIAN_POINT ( 'NONE',  ( -134.9999999999999432, 0.000000000000000000, -130.5000000000000000 ) ) ;
#591 = CIRCLE ( 'NONE', #711, 4.499999999999997335 ) ;
#592 = EDGE_LOOP ( 'NONE', ( #2104, #1732, #1490, #2302 ) ) ;
#593 = CYLINDRICAL_SURFACE ( 'NONE', #637, 225.0000000000000000 ) ;
#594 = EDGE_CURVE ( 'NONE', #3012, #1097, #383, .T. ) ;
#595 = EDGE_CURVE ( 'NONE', #1591, #1972, #2223, .T. ) ;
#596 = VERTEX_POINT ( 'NONE', #3230 ) ;
#597 = CARTESIAN_POINT ( 'NONE',  ( -3.281992458512545606E-13, 0.000000000000000000, 51.50000000000000000 ) ) ;
#598 = EDGE_CURVE ( 'NONE', #3474, #249, #2918, .T. ) ;
#599 = ADVANCED_FACE ( 'NONE', ( #2904 ), #3769, .F. ) ;
#600 = CARTESIAN_POINT ( 'NONE',  ( -135.0000000000000568, 0.000000000000000000, 69.89999999999994884 ) ) ;
#601 = CARTESIAN_POINT ( 'NONE',  ( -47.00000000000000000, 10.00000000000000000, -4.922988687768817400E-13 ) ) ;
#602 = DIRECTION ( 'NONE',  ( 0.000000000000000000, 0.000000000000000000, 1.000000000000000000 ) ) ;
#603 = VERTEX_POINT ( 'NONE', #259 ) ;
#604 = DIRECTION ( 'NONE',  ( 0.000000000000000000, 1.000000000000000000, 0.000000000000000000 ) ) ;
#605 = CYLINDRICAL_SURFACE ( 'NONE', #1815, 3.299999999999997158 ) ;
#606 = ORIENTED_EDGE ( 'NONE', *, *, #3826, .T. ) ;
#607 = CARTESIAN_POINT ( 'NONE',  ( 33.23401871576756150, 5.850000000000004086, 28.73401871576790256 ) ) ;
#608 = VERTEX_POINT ( 'NONE', #2031 ) ;
#609 = CARTESIAN_POINT ( 'NONE',  ( 0.000000000000000000, 5.850000000000004086, -42.50000000000000000 ) ) ;
#610 = CYLINDRICAL_SURFACE ( 'NONE', #2437, 3.299999999999997158 ) ;
#611 = EDGE_LOOP ( 'NONE', ( #3023, #1854 ) ) ;
#612 = CARTESIAN_POINT ( 'NONE',  ( -63.08284835957631032, 0.000000000000000000, -19.99999999999986500 ) ) ;
#613 = EDGE_LOOP ( 'NONE', ( #1657, #3740, #606, #2539 ) ) ;
#614 = CC_DESIGN_PERSON_AND_ORGANIZATION_ASSIGNMENT ( #2333, #1713, ( #3537 ) ) ;
#615 = DIRECTION ( 'NONE',  ( 0.000000000000000000, 0.000000000000000000, 1.000000000000000000 ) ) ;
#616 = EDGE_CURVE ( 'NONE', #2247, #1159, #1625, .T. ) ;
#617 = DIRECTION ( 'NONE',  ( 0.000000000000000000, 0.000000000000000000, 1.000000000000000000 ) ) ;
#618 = FACE_BOUND ( 'NONE', #2587, .T. ) ;
#619 = EDGE_CURVE ( 'NONE', #2424, #416, #2666, .T. ) ;
#620 = ORIENTED_EDGE ( 'NONE', *, *, #1459, .F. ) ;
#621 = LINE ( 'NONE', #3596, #3180 ) ;
#622 = DIRECTION ( 'NONE',  ( 0.000000000000000000, 0.000000000000000000, 1.000000000000000000 ) ) ;
#623 = EDGE_LOOP ( 'NONE', ( #1838, #243, #189, #2870 ) ) ;
#624 = DIRECTION ( 'NONE',  ( -0.000000000000000000, 1.000000000000000000, -0.000000000000000000 ) ) ;
#625 = ORIENTED_EDGE ( 'NONE', *, *, #2091, .T. ) ;
#626 = DIRECTION ( 'NONE',  ( 0.000000000000000000, 0.000000000000000000, 1.000000000000000000 ) ) ;
#627 = DIRECTION ( 'NONE',  ( -0.000000000000000000, 1.000000000000000000, -0.000000000000000000 ) ) ;
#628 = LINE ( 'NONE', #1984, #2876 ) ;
#629 = CIRCLE ( 'NONE', #1562, 4.499999999999997335 ) ;
#630 = ORIENTED_EDGE ( 'NONE', *, *, #307, .F. ) ;
#631 = ADVANCED_FACE ( 'NONE', ( #3250 ), #3216, .F. ) ;
#632 = DIRECTION ( 'NONE',  ( 0.000000000000000000, 0.000000000000000000, 1.000000000000000000 ) ) ;
#633 = EDGE_LOOP ( 'NONE', ( #3344, #2230 ) ) ;
#634 = CIRCLE ( 'NONE', #2120, 6.299999999999999822 ) ;
#635 = AXIS2_PLACEMENT_3D ( 'NONE', #1278, #2784, #3022 ) ;
#636 = AXIS2_PLACEMENT_3D ( 'NONE', #976, #3010, #3341 ) ;
#637 = AXIS2_PLACEMENT_3D ( 'NONE', #289, #3491, #572 ) ;
#638 = CARTESIAN_POINT ( 'NONE',  ( 0.000000000000000000, 10.00000000000000000, -27.50000000000000000 ) ) ;
#639 = DIRECTION ( 'NONE',  ( 0.000000000000000000, 0.000000000000000000, 1.000000000000000000 ) ) ;
#640 = FACE_BOUND ( 'NONE', #958, .T. ) ;
#641 = CIRCLE ( 'NONE', #81, 3.250000000000002665 ) ;
#642 = CIRCLE ( 'NONE', #775, 4.500000000000003553 ) ;
#643 = EDGE_CURVE ( 'NONE', #2146, #2106, #823, .T. ) ;
#644 = AXIS2_PLACEMENT_3D ( 'NONE', #2396, #2045, #2920 ) ;
#645 = ORIENTED_EDGE ( 'NONE', *, *, #3776, .F. ) ;
#646 = DIRECTION ( 'NONE',  ( -0.000000000000000000, 1.000000000000000000, -0.000000000000000000 ) ) ;
#647 = AXIS2_PLACEMENT_3D ( 'NONE', #2097, #3329, #3014 ) ;
#648 = DIRECTION ( 'NONE',  ( 0.000000000000000000, 0.000000000000000000, 1.000000000000000000 ) ) ;
#649 = EDGE_CURVE ( 'NONE', #3681, #2196, #2179, .T. ) ;
#650 = VERTEX_POINT ( 'NONE', #2340 ) ;
#651 = DIRECTION ( 'NONE',  ( -0.000000000000000000, 1.000000000000000000, -0.000000000000000000 ) ) ;
#652 = AXIS2_PLACEMENT_3D ( 'NONE', #982, #1524, #1290 ) ;
#653 = EDGE_LOOP ( 'NONE', ( #94, #1181 ) ) ;
#654 = CARTESIAN_POINT ( 'NONE',  ( -33.23401871576802336, 10.00000000000000000, 33.23401871576744782 ) ) ;
#655 = CARTESIAN_POINT ( 'NONE',  ( 37.49999999999987921, 0.000000000000000000, -83.88284835957723828 ) ) ;
#656 = AXIS2_PLACEMENT_3D ( 'NONE', #821, #218, #2623 ) ;
#657 = CARTESIAN_POINT ( 'NONE',  ( -116.3190655051870550, 0.000000000000000000, -95.81296885077716752 ) ) ;
#658 = EDGE_LOOP ( 'NONE', ( #1948, #3420, #3249, #1148 ) ) ;
#659 = ORIENTED_EDGE ( 'NONE', *, *, #1548, .T. ) ;
#660 = AXIS2_PLACEMENT_3D ( 'NONE', #3524, #1426, #1128 ) ;
#661 = CYLINDRICAL_SURFACE ( 'NONE', #1634, 4.500000000000003553 ) ;
#662 = DIRECTION ( 'NONE',  ( -0.000000000000000000, 1.000000000000000000, -0.000000000000000000 ) ) ;
#663 = ORIENTED_EDGE ( 'NONE', *, *, #2884, .F. ) ;
#664 = LINE ( 'NONE', #1539, #826 ) ;
#665 = DIRECTION ( 'NONE',  ( -0.000000000000000000, 1.000000000000000000, -0.000000000000000000 ) ) ;
#666 = ORIENTED_EDGE ( 'NONE', *, *, #1103, .T. ) ;
#667 = CYLINDRICAL_SURFACE ( 'NONE', #2385, 3.299999999999997158 ) ;
#668 = ORIENTED_EDGE ( 'NONE', *, *, #3764, .F. ) ;
#669 = DIRECTION ( 'NONE',  ( 0.000000000000000000, 0.000000000000000000, 1.000000000000000000 ) ) ;
#670 = CARTESIAN_POINT ( 'NONE',  ( 74.42024260179678663, 10.00000000000000000, -130.4999999999999716 ) ) ;
#671 = FACE_BOUND ( 'NONE', #2167, .T. ) ;
#672 = EDGE_CURVE ( 'NONE', #1159, #2247, #2742, .T. ) ;
#673 = VERTEX_POINT ( 'NONE', #3529 ) ;
#674 = CARTESIAN_POINT ( 'NONE',  ( 116.3485199889830000, 0.000000000000000000, 92.65517145489961592 ) ) ;
#675 = ORIENTED_EDGE ( 'NONE', *, *, #3065, .T. ) ;
#676 = VERTEX_POINT ( 'NONE', #1448 ) ;
#677 = EDGE_CURVE ( 'NONE', #2795, #1159, #2631, .T. ) ;
#678 = CARTESIAN_POINT ( 'NONE',  ( 27.50000000000000000, 7.000000000000000000, -3.299999999999997158 ) ) ;
#679 = FACE_BOUND ( 'NONE', #2184, .T. ) ;
#680 = ORIENTED_EDGE ( 'NONE', *, *, #3333, .F. ) ;
#681 = CARTESIAN_POINT ( 'NONE',  ( 27.50000000000000000, 10.00000000000000000, 0.000000000000000000 ) ) ;
#682 = ORIENTED_EDGE ( 'NONE', *, *, #2741, .T. ) ;
#683 = FACE_OUTER_BOUND ( 'NONE', #2908, .T. ) ;
#684 = VERTEX_POINT ( 'NONE', #551 ) ;
#685 = DIRECTION ( 'NONE',  ( -0.000000000000000000, 1.000000000000000000, -0.000000000000000000 ) ) ;
#686 = FACE_BOUND ( 'NONE', #2926, .T. ) ;
#687 = EDGE_CURVE ( 'NONE', #997, #3363, #1805, .T. ) ;
#688 = ORIENTED_EDGE ( 'NONE', *, *, #3342, .T. ) ;
#689 = CONICAL_SURFACE ( 'NONE', #2863, 8.649999999999998579, 0.7853981633974485010 ) ;
#690 = DIRECTION ( 'NONE',  ( 0.000000000000000000, 0.000000000000000000, 1.000000000000000000 ) ) ;
#691 = ORIENTED_EDGE ( 'NONE', *, *, #3267, .F. ) ;
#692 = EDGE_CURVE ( 'NONE', #3761, #23, #202, .T. ) ;
#693 = CIRCLE ( 'NONE', #3791, 4.499999999999997335 ) ;
#694 = ORIENTED_EDGE ( 'NONE', *, *, #3764, .T. ) ;
#695 = AXIS2_PLACEMENT_3D ( 'NONE', #3087, #2731, #690 ) ;
#696 = CARTESIAN_POINT ( 'NONE',  ( -33.23401871576733413, 0.000000000000000000, -37.73401871576812994 ) ) ;
#697 = CARTESIAN_POINT ( 'NONE',  ( 0.000000000000000000, 10.00000000000000000, 27.50000000000000000 ) ) ;
#698 = VECTOR ( 'NONE', #2915, 1000.000000000000000 ) ;
#699 = AXIS2_PLACEMENT_3D ( 'NONE', #2806, #3123, #1339 ) ;
#700 = ORIENTED_EDGE ( 'NONE', *, *, #3669, .F. ) ;
#701 = FACE_OUTER_BOUND ( 'NONE', #3286, .T. ) ;
#702 = VECTOR ( 'NONE', #730, 1000.000000000000000 ) ;
#703 = AXIS2_PLACEMENT_3D ( 'NONE', #3471, #1042, #3414 ) ;
#704 = ORIENTED_EDGE ( 'NONE', *, *, #153, .F. ) ;
#705 = DIRECTION ( 'NONE',  ( 0.000000000000000000, 0.000000000000000000, 1.000000000000000000 ) ) ;
#706 = VECTOR ( 'NONE', #3431, 1000.000000000000000 ) ;
#707 = EDGE_LOOP ( 'NONE', ( #3368, #659 ) ) ;
#708 = DIRECTION ( 'NONE',  ( 0.000000000000000000, 1.000000000000000000, -0.000000000000000000 ) ) ;
#709 = DIRECTION ( 'NONE',  ( -0.000000000000000000, 1.000000000000000000, -0.000000000000000000 ) ) ;
#710 = FACE_BOUND ( 'NONE', #633, .T. ) ;
#711 = AXIS2_PLACEMENT_3D ( 'NONE', #1112, #3822, #2590 ) ;
#712 = ORIENTED_EDGE ( 'NONE', *, *, #2262, .F. ) ;
#713 = DIRECTION ( 'NONE',  ( 0.000000000000000000, 0.000000000000000000, 1.000000000000000000 ) ) ;
#714 = CARTESIAN_POINT ( 'NONE',  ( 74.42024260179678663, 10.00000000000000000, -134.9999999999999716 ) ) ;
#715 = ORIENTED_EDGE ( 'NONE', *, *, #2577, .F. ) ;
#716 = EDGE_CURVE ( 'NONE', #382, #1455, #2985, .T. ) ;
#717 = ORIENTED_EDGE ( 'NONE', *, *, #2939, .T. ) ;
#718 = VECTOR ( 'NONE', #169, 1000.000000000000114 ) ;
#719 = CARTESIAN_POINT ( 'NONE',  ( -27.50000000000000000, 7.000000000000000000, 3.299999999999997158 ) ) ;
#720 = CARTESIAN_POINT ( 'NONE',  ( 0.000000000000000000, 10.00000000000000000, 0.000000000000000000 ) ) ;
#721 = EDGE_CURVE ( 'NONE', #2603, #3636, #3362, .T. ) ;
#722 = EDGE_LOOP ( 'NONE', ( #1434, #1639, #2811, #576 ) ) ;
#723 = DIRECTION ( 'NONE',  ( -0.000000000000000000, 1.000000000000000000, -0.000000000000000000 ) ) ;
#724 = EDGE_LOOP ( 'NONE', ( #989, #3753 ) ) ;
#725 = LINE ( 'NONE', #181, #781 ) ;
#726 = APPROVAL_PERSON_ORGANIZATION ( #1961, #3210, #2245 ) ;
#727 = ORIENTED_EDGE ( 'NONE', *, *, #3397, .T. ) ;
#728 = CARTESIAN_POINT ( 'NONE',  ( -95.81296885077719594, 0.000000000000000000, -113.0690655051871403 ) ) ;
#729 = DIRECTION ( 'NONE',  ( -0.000000000000000000, 1.000000000000000000, -0.000000000000000000 ) ) ;
#730 = DIRECTION ( 'NONE',  ( -0.000000000000000000, 1.000000000000000000, -0.000000000000000000 ) ) ;
#731 = VERTEX_POINT ( 'NONE', #2651 ) ;
#732 = PERSON_AND_ORGANIZATION ( #1416, #3386 ) ;
#733 = DIRECTION ( 'NONE',  ( -0.000000000000000000, 1.000000000000000000, -0.000000000000000000 ) ) ;
#734 = CARTESIAN_POINT ( 'NONE',  ( -95.84434291094001424, 0.000000000000000000, 113.1298940491465856 ) ) ;
#735 = ORIENTED_EDGE ( 'NONE', *, *, #1151, .F. ) ;
#736 = ORIENTED_EDGE ( 'NONE', *, *, #915, .F. ) ;
#737 = EDGE_CURVE ( 'NONE', #2463, #2019, #3828, .T. ) ;
#738 = CYLINDRICAL_SURFACE ( 'NONE', #21, 4.500000000000003553 ) ;
#739 = DIRECTION ( 'NONE',  ( 0.000000000000000000, 0.000000000000000000, 1.000000000000000000 ) ) ;
#740 = EDGE_CURVE ( 'NONE', #2008, #477, #1501, .T. ) ;
#741 = EDGE_LOOP ( 'NONE', ( #264, #1685, #2049, #1298 ) ) ;
#742 = FACE_OUTER_BOUND ( 'NONE', #3461, .T. ) ;
#743 = ORIENTED_EDGE ( 'NONE', *, *, #2902, .T. ) ;
#744 = DIRECTION ( 'NONE',  ( 0.000000000000000000, 0.7071067811865473507, 0.7071067811865477948 ) ) ;
#745 = EDGE_CURVE ( 'NONE', #1485, #507, #1860, .T. ) ;
#746 = EDGE_LOOP ( 'NONE', ( #2535, #736, #2345, #694 ) ) ;
#747 = DIRECTION ( 'NONE',  ( -0.000000000000000000, 1.000000000000000000, -0.000000000000000000 ) ) ;
#748 = CARTESIAN_POINT ( 'NONE',  ( 33.23401871576756150, 10.00000000000000000, 41.88401871576790114 ) ) ;
#749 = DIRECTION ( 'NONE',  ( 0.000000000000000000, 1.000000000000000000, 0.000000000000000000 ) ) ;
#750 = ORIENTED_EDGE ( 'NONE', *, *, #1132, .T. ) ;
#751 = PERSON_AND_ORGANIZATION_ROLE ( 'creator' ) ;
#752 = CARTESIAN_POINT ( 'NONE',  ( -74.42024260179678663, 0.000000000000000000, -130.5000000000003126 ) ) ;
#753 = DIRECTION ( 'NONE',  ( -0.000000000000000000, 1.000000000000000000, -0.000000000000000000 ) ) ;
#754 = ORIENTED_EDGE ( 'NONE', *, *, #595, .F. ) ;
#755 = ORIENTED_EDGE ( 'NONE', *, *, #2971, .F. ) ;
#756 = FACE_OUTER_BOUND ( 'NONE', #3235, .T. ) ;
#757 = DIRECTION ( 'NONE',  ( 0.000000000000000000, 1.000000000000000000, 0.000000000000000000 ) ) ;
#758 = VECTOR ( 'NONE', #3430, 1000.000000000000000 ) ;
#759 = CARTESIAN_POINT ( 'NONE',  ( 0.000000000000000000, 10.00000000000000000, 0.000000000000000000 ) ) ;
#760 = CYLINDRICAL_SURFACE ( 'NONE', #2205, 3.299999999999997158 ) ;
#761 = DIRECTION ( 'NONE',  ( -0.000000000000000000, 1.000000000000000000, -0.000000000000000000 ) ) ;
#762 = ORIENTED_EDGE ( 'NONE', *, *, #2971, .T. ) ;
#763 = LINE ( 'NONE', #3137, #2573 ) ;
#764 = CIRCLE ( 'NONE', #3302, 3.250000000000002665 ) ;
#765 = CIRCLE ( 'NONE', #635, 3.250000000000002665 ) ;
#766 = EDGE_CURVE ( 'NONE', #3115, #2602, #693, .T. ) ;
#767 = EDGE_CURVE ( 'NONE', #608, #3348, #2311, .T. ) ;
#768 = AXIS2_PLACEMENT_3D ( 'NONE', #3824, #1186, #2367 ) ;
#769 = ORIENTED_EDGE ( 'NONE', *, *, #1248, .F. ) ;
#770 = CARTESIAN_POINT ( 'NONE',  ( 46.99999999999999289, 5.850000000000004086, -4.499999999999833022 ) ) ;
#771 = AXIS2_PLACEMENT_3D ( 'NONE', #303, #1219, #1755 ) ;
#772 = DIRECTION ( 'NONE',  ( 0.000000000000000000, 0.000000000000000000, 1.000000000000000000 ) ) ;
#773 = FACE_OUTER_BOUND ( 'NONE', #3649, .T. ) ;
#774 = AXIS2_PLACEMENT_3D ( 'NONE', #2606, #3743, #3586 ) ;
#775 = AXIS2_PLACEMENT_3D ( 'NONE', #2533, #165, #772 ) ;
#776 = EDGE_CURVE ( 'NONE', #2650, #2226, #1267, .T. ) ;
#777 = VERTEX_POINT ( 'NONE', #44 ) ;
#778 = PERSON_AND_ORGANIZATION ( #1416, #3386 ) ;
#779 = CARTESIAN_POINT ( 'NONE',  ( 74.42024260179678663, 0.000000000000000000, -134.9999999999999716 ) ) ;
#780 = ORIENTED_EDGE ( 'NONE', *, *, #1899, .T. ) ;
#781 = VECTOR ( 'NONE', #1949, 999.9999999999998863 ) ;
#782 = VERTEX_POINT ( 'NONE', #905 ) ;
#783 = DIRECTION ( 'NONE',  ( -0.000000000000000000, 1.000000000000000000, -0.000000000000000000 ) ) ;
#784 = CYLINDRICAL_SURFACE ( 'NONE', #1142, 4.499999999999997335 ) ;
#785 = AXIS2_PLACEMENT_3D ( 'NONE', #3651, #3043, #2735 ) ;
#786 = CARTESIAN_POINT ( 'NONE',  ( 74.42024260179678663, 0.000000000000000000, -130.4999999999999716 ) ) ;
#787 = CIRCLE ( 'NONE', #2580, 3.250000000000002665 ) ;
#788 = CARTESIAN_POINT ( 'NONE',  ( -134.9999999999981242, 10.00000000000000000, -74.42024260179205442 ) ) ;
#789 = ORIENTED_EDGE ( 'NONE', *, *, #2444, .T. ) ;
#790 = CARTESIAN_POINT ( 'NONE',  ( 0.000000000000000000, 1.734723475976807094E-15, 27.50000000000000000 ) ) ;
#791 = CIRCLE ( 'NONE', #660, 223.0000000000000000 ) ;
#792 = EDGE_LOOP ( 'NONE', ( #2818, #2786, #2604, #797 ) ) ;
#793 = DIRECTION ( 'NONE',  ( 0.000000000000000000, 0.000000000000000000, 1.000000000000000000 ) ) ;
#794 = DIRECTION ( 'NONE',  ( -1.000000000000000000, 0.000000000000000000, 8.540177112501197482E-15 ) ) ;
#795 = FACE_OUTER_BOUND ( 'NONE', #799, .T. ) ;
#796 = CC_DESIGN_SECURITY_CLASSIFICATION ( #3398, ( #3085 ) ) ;
#797 = ORIENTED_EDGE ( 'NONE', *, *, #1264, .F. ) ;
#798 = SECURITY_CLASSIFICATION_LEVEL ( 'unclassified' ) ;
#799 = EDGE_LOOP ( 'NONE', ( #2198, #140, #3110, #251 ) ) ;
#800 = EDGE_CURVE ( 'NONE', #2361, #2226, #664, .T. ) ;
#801 = VERTEX_POINT ( 'NONE', #2449 ) ;
#802 = FACE_OUTER_BOUND ( 'NONE', #2558, .T. ) ;
#803 = FACE_OUTER_BOUND ( 'NONE', #1046, .T. ) ;
#804 = CARTESIAN_POINT ( 'NONE',  ( 33.23401871576756150, 10.00000000000000000, 33.23401871576790256 ) ) ;
#805 = ORIENTED_EDGE ( 'NONE', *, *, #737, .T. ) ;
#806 = CARTESIAN_POINT ( 'NONE',  ( 0.000000000000000000, 10.00000000000000000, -223.0000000000000853 ) ) ;
#807 = CARTESIAN_POINT ( 'NONE',  ( -95.81296885077719594, 0.000000000000000000, -116.3190655051871403 ) ) ;
#808 = ADVANCED_FACE ( 'NONE', ( #2722 ), #24, .F. ) ;
#809 = ORIENTED_EDGE ( 'NONE', *, *, #766, .F. ) ;
#810 = CARTESIAN_POINT ( 'NONE',  ( 135.0000000000000000, 0.000000000000000000, -135.0000000000000000 ) ) ;
#811 = DIRECTION ( 'NONE',  ( 0.000000000000000000, 1.000000000000000000, -0.000000000000000000 ) ) ;
#812 = CARTESIAN_POINT ( 'NONE',  ( 116.3798940491453351, 0.000000000000000000, -95.78159479061517345 ) ) ;
#813 = EDGE_LOOP ( 'NONE', ( #3108, #2370, #2030, #1791 ) ) ;
#814 = CARTESIAN_POINT ( 'NONE',  ( 0.000000000000000000, 10.00000000000000000, 33.79999999999999716 ) ) ;
#815 = ORIENTED_EDGE ( 'NONE', *, *, #1721, .T. ) ;
#816 = EDGE_CURVE ( 'NONE', #2523, #1670, #1690, .T. ) ;
#817 = EDGE_LOOP ( 'NONE', ( #15, #985 ) ) ;
#818 = DIRECTION ( 'NONE',  ( 0.000000000000000000, 0.000000000000000000, 1.000000000000000000 ) ) ;
#819 = EDGE_CURVE ( 'NONE', #3484, #390, #2705, .T. ) ;
#820 = CARTESIAN_POINT ( 'NONE',  ( -2.500000000000067057, 10.00000000000000000, -83.88284835957709618 ) ) ;
#821 = CARTESIAN_POINT ( 'NONE',  ( 134.9999999999999716, 10.00000000000000000, 74.39999999999994884 ) ) ;
#822 = ORIENTED_EDGE ( 'NONE', *, *, #119, .F. ) ;
#823 = CIRCLE ( 'NONE', #132, 3.299999999999997158 ) ;
#824 = DIRECTION ( 'NONE',  ( 0.000000000000000000, 0.7071067811865470176, 0.7071067811865479058 ) ) ;
#825 = CARTESIAN_POINT ( 'NONE',  ( 98.08284835957783798, 10.00000000000000000, 19.99999999999978328 ) ) ;
#826 = VECTOR ( 'NONE', #1842, 1000.000000000000000 ) ;
#827 = VERTEX_POINT ( 'NONE', #3028 ) ;
#828 = DIRECTION ( 'NONE',  ( 0.000000000000000000, 0.000000000000000000, 1.000000000000000000 ) ) ;
#829 = AXIS2_PLACEMENT_3D ( 'NONE', #1676, #2483, #3425 ) ;
#830 = AXIS2_PLACEMENT_3D ( 'NONE', #1813, #948, #3647 ) ;
#831 = DIRECTION ( 'NONE',  ( 0.000000000000000000, 0.000000000000000000, 1.000000000000000000 ) ) ;
#832 = AXIS2_PLACEMENT_3D ( 'NONE', #3577, #1839, #353 ) ;
#833 = AXIS2_PLACEMENT_3D ( 'NONE', #418, #1603, #3002 ) ;
#834 = EDGE_LOOP ( 'NONE', ( #1990, #1856, #2339, #1772 ) ) ;
#835 = DIRECTION ( 'NONE',  ( -0.000000000000000000, 1.000000000000000000, -0.000000000000000000 ) ) ;
#836 = CIRCLE ( 'NONE', #3374, 3.299999999999997158 ) ;
#837 = VECTOR ( 'NONE', #869, 1000.000000000000000 ) ;
#838 = ORIENTED_EDGE ( 'NONE', *, *, #1765, .T. ) ;
#839 = AXIS2_PLACEMENT_3D ( 'NONE', #1763, #3506, #296 ) ;
#840 = DIRECTION ( 'NONE',  ( 0.000000000000000000, 0.000000000000000000, 1.000000000000000000 ) ) ;
#841 = EDGE_CURVE ( 'NONE', #1541, #3376, #1211, .T. ) ;
#842 = FACE_OUTER_BOUND ( 'NONE', #3104, .T. ) ;
#843 = CARTESIAN_POINT ( 'NONE',  ( 116.3485199889830000, 10.00000000000000000, 95.90517145489961592 ) ) ;
#844 = AXIS2_PLACEMENT_3D ( 'NONE', #1660, #431, #1098 ) ;
#845 = CIRCLE ( 'NONE', #1588, 8.649999999999998579 ) ;
#846 = CARTESIAN_POINT ( 'NONE',  ( 4.041334437186263538E-16, 10.00000000000000000, -30.79999999999999716 ) ) ;
#847 = CARTESIAN_POINT ( 'NONE',  ( -74.39999999999994884, 10.00000000000000000, 130.4999999999996874 ) ) ;
#848 = DIRECTION ( 'NONE',  ( -1.000000000000000000, 0.000000000000000000, 8.540177112501197482E-15 ) ) ;
#849 = EDGE_CURVE ( 'NONE', #650, #3093, #1070, .T. ) ;
#850 = VERTEX_POINT ( 'NONE', #979 ) ;
#851 = CARTESIAN_POINT ( 'NONE',  ( -3.281992458512545606E-13, 5.850000000000004086, 47.00000000000000000 ) ) ;
#852 = DIRECTION ( 'NONE',  ( -0.000000000000000000, 1.000000000000000000, -0.000000000000000000 ) ) ;
#853 = VECTOR ( 'NONE', #2676, 1000.000000000000000 ) ;
#854 = CARTESIAN_POINT ( 'NONE',  ( -3.281992458512545606E-13, 10.00000000000000000, 55.64999999999999858 ) ) ;
#855 = EDGE_LOOP ( 'NONE', ( #3288, #1047, #3408, #3172 ) ) ;
#856 = DIRECTION ( 'NONE',  ( 8.659560562354937789E-17, 0.7071067811865471286, -0.7071067811865479058 ) ) ;
#857 = VERTEX_POINT ( 'NONE', #1521 ) ;
#858 = CARTESIAN_POINT ( 'NONE',  ( 74.40000000000000568, 0.000000000000000000, 135.0000000000000000 ) ) ;
#859 = CARTESIAN_POINT ( 'NONE',  ( 0.000000000000000000, 10.00000000000000000, -27.50000000000000000 ) ) ;
#860 =( NAMED_UNIT ( * ) PLANE_ANGLE_UNIT ( ) SI_UNIT ( $, .RADIAN. ) );
#861 = CARTESIAN_POINT ( 'NONE',  ( 0.000000000000000000, 1.734723475976807094E-15, -27.50000000000000000 ) ) ;
#862 = LINE ( 'NONE', #2662, #1021 ) ;
#863 = CARTESIAN_POINT ( 'NONE',  ( -63.08284835957631032, 0.000000000000000000, -19.99999999999986500 ) ) ;
#864 = EDGE_CURVE ( 'NONE', #1541, #1852, #74, .T. ) ;
#865 = ORIENTED_EDGE ( 'NONE', *, *, #143, .T. ) ;
#866 = DIRECTION ( 'NONE',  ( -0.000000000000000000, 1.000000000000000000, -0.000000000000000000 ) ) ;
#867 = CARTESIAN_POINT ( 'NONE',  ( 4.041334437186264524E-16, 1.734723475976807094E-15, -30.79999999999999716 ) ) ;
#868 = EDGE_CURVE ( 'NONE', #511, #997, #2157, .T. ) ;
#869 = DIRECTION ( 'NONE',  ( -0.000000000000000000, 1.000000000000000000, -0.000000000000000000 ) ) ;
#870 = ORIENTED_EDGE ( 'NONE', *, *, #2670, .T. ) ;
#871 = CYLINDRICAL_SURFACE ( 'NONE', #2809, 4.499999999999997335 ) ;
#872 = ORIENTED_EDGE ( 'NONE', *, *, #2980, .F. ) ;
#873 = DIRECTION ( 'NONE',  ( -0.000000000000000000, 1.000000000000000000, -0.000000000000000000 ) ) ;
#874 = ADVANCED_FACE ( 'NONE', ( #1783 ), #1009, .T. ) ;
#875 = LINE ( 'NONE', #846, #2145 ) ;
#876 = CARTESIAN_POINT ( 'NONE',  ( 33.23401871576779598, 10.00000000000000000, -33.23401871576767519 ) ) ;
#877 = DIRECTION ( 'NONE',  ( -0.000000000000000000, 1.000000000000000000, -0.000000000000000000 ) ) ;
#878 = ORIENTED_EDGE ( 'NONE', *, *, #3295, .F. ) ;
#879 = DIRECTION ( 'NONE',  ( 0.000000000000000000, 1.000000000000000000, 0.000000000000000000 ) ) ;
#880 = CARTESIAN_POINT ( 'NONE',  ( -33.23401871576802336, 0.000000000000000000, 33.23401871576744782 ) ) ;
#881 = EDGE_CURVE ( 'NONE', #1846, #3321, #621, .T. ) ;
#882 = ORIENTED_EDGE ( 'NONE', *, *, #776, .F. ) ;
#883 = CARTESIAN_POINT ( 'NONE',  ( -33.23401871576733413, 5.850000000000004086, -28.73401871576813704 ) ) ;
#884 = EDGE_CURVE ( 'NONE', #3484, #2248, #629, .T. ) ;
#885 = AXIS2_PLACEMENT_3D ( 'NONE', #2959, #228, #1430 ) ;
#886 = ADVANCED_FACE ( 'NONE', ( #504 ), #3185, .F. ) ;
#887 = ORIENTED_EDGE ( 'NONE', *, *, #3067, .F. ) ;
#888 = AXIS2_PLACEMENT_3D ( 'NONE', #2371, #334, #3562 ) ;
#889 = CARTESIAN_POINT ( 'NONE',  ( -3.276481547916382399E-13, 5.850000000000004086, 42.50000000000000000 ) ) ;
#890 = CIRCLE ( 'NONE', #636, 3.250000000000002665 ) ;
#891 = CIRCLE ( 'NONE', #3055, 4.500000000000003553 ) ;
#892 = EDGE_CURVE ( 'NONE', #2019, #3584, #443, .T. ) ;
#893 = ORIENTED_EDGE ( 'NONE', *, *, #1103, .F. ) ;
#894 = DIRECTION ( 'NONE',  ( -0.000000000000000000, 1.000000000000000000, -0.000000000000000000 ) ) ;
#895 = VECTOR ( 'NONE', #1998, 1000.000000000000000 ) ;
#896 = AXIS2_PLACEMENT_3D ( 'NONE', #2692, #266, #2016 ) ;
#897 = VECTOR ( 'NONE', #2063, 1000.000000000000114 ) ;
#898 = AXIS2_PLACEMENT_3D ( 'NONE', #377, #1889, #2266 ) ;
#899 = DIRECTION ( 'NONE',  ( -0.000000000000000000, 1.000000000000000000, -0.000000000000000000 ) ) ;
#900 = CARTESIAN_POINT ( 'NONE',  ( -135.0000000000000568, 0.000000000000000000, 74.39999999999994884 ) ) ;
#901 = VECTOR ( 'NONE', #2042, 1000.000000000000000 ) ;
#902 = DIRECTION ( 'NONE',  ( -0.000000000000000000, 1.000000000000000000, -0.000000000000000000 ) ) ;
#903 = CIRCLE ( 'NONE', #3813, 8.649999999999998579 ) ;
#904 = EDGE_LOOP ( 'NONE', ( #704, #3399, #3511, #3713 ) ) ;
#905 = CARTESIAN_POINT ( 'NONE',  ( 74.42024260179678663, 0.000000000000000000, -139.4999999999999716 ) ) ;
#906 = CARTESIAN_POINT ( 'NONE',  ( 0.000000000000000000, 1.734723475976807094E-15, -27.50000000000000000 ) ) ;
#907 = VERTEX_POINT ( 'NONE', #216 ) ;
#908 = CARTESIAN_POINT ( 'NONE',  ( -47.00000000000000000, 0.000000000000000000, -4.922988687768817400E-13 ) ) ;
#909 = AXIS2_PLACEMENT_3D ( 'NONE', #788, #1323, #3746 ) ;
#910 = ADVANCED_FACE ( 'NONE', ( #756 ), #1934, .F. ) ;
#911 = ORIENTED_EDGE ( 'NONE', *, *, #2418, .T. ) ;
#912 = CYLINDRICAL_SURFACE ( 'NONE', #3187, 3.250000000000002665 ) ;
#913 = ORIENTED_EDGE ( 'NONE', *, *, #3715, .F. ) ;
#914 = DIRECTION ( 'NONE',  ( -0.000000000000000000, 1.000000000000000000, -0.000000000000000000 ) ) ;
#915 = EDGE_CURVE ( 'NONE', #2131, #1952, #1506, .T. ) ;
#916 = DIRECTION ( 'NONE',  ( 0.000000000000000000, 0.000000000000000000, 1.000000000000000000 ) ) ;
#917 = CARTESIAN_POINT ( 'NONE',  ( 134.9999999999999716, 10.00000000000000000, 74.39999999999994884 ) ) ;
#918 = LINE ( 'NONE', #1226, #3451 ) ;
#919 = EDGE_CURVE ( 'NONE', #3518, #973, #2293, .T. ) ;
#920 = VERTEX_POINT ( 'NONE', #2850 ) ;
#921 = DIRECTION ( 'NONE',  ( -0.000000000000000000, 1.000000000000000000, -0.000000000000000000 ) ) ;
#922 = VERTEX_POINT ( 'NONE', #3762 ) ;
#923 = DIRECTION ( 'NONE',  ( 0.000000000000000000, 1.000000000000000000, 0.000000000000000000 ) ) ;
#924 = EDGE_CURVE ( 'NONE', #1504, #416, #265, .T. ) ;
#925 = VERTEX_POINT ( 'NONE', #1110 ) ;
#926 = CARTESIAN_POINT ( 'NONE',  ( -74.39999999999994884, 0.000000000000000000, 134.9999999999997158 ) ) ;
#927 = DIRECTION ( 'NONE',  ( -0.000000000000000000, 1.000000000000000000, -0.000000000000000000 ) ) ;
#928 = ORIENTED_EDGE ( 'NONE', *, *, #2418, .F. ) ;
#929 = FACE_OUTER_BOUND ( 'NONE', #2202, .T. ) ;
#930 = EDGE_LOOP ( 'NONE', ( #337, #2886, #2958, #3262 ) ) ;
#931 = EDGE_CURVE ( 'NONE', #2226, #1029, #2429, .T. ) ;
#932 = ADVANCED_FACE ( 'NONE', ( #2231 ), #3462, .T. ) ;
#933 = CARTESIAN_POINT ( 'NONE',  ( 98.08284835957783798, 10.00000000000000000, 16.69999999999978613 ) ) ;
#934 = CARTESIAN_POINT ( 'NONE',  ( 116.3485199889830000, 10.00000000000000000, 92.65517145489961592 ) ) ;
#935 = DIRECTION ( 'NONE',  ( 0.000000000000000000, 0.000000000000000000, 1.000000000000000000 ) ) ;
#936 = VERTEX_POINT ( 'NONE', #1090 ) ;
#937 = DIRECTION ( 'NONE',  ( -0.000000000000000000, 1.000000000000000000, -0.000000000000000000 ) ) ;
#938 = LINE ( 'NONE', #3305, #3318 ) ;
#939 = VERTEX_POINT ( 'NONE', #1709 ) ;
#940 = LINE ( 'NONE', #1828, #585 ) ;
#941 = EDGE_LOOP ( 'NONE', ( #3458, #2721 ) ) ;
#942 = CARTESIAN_POINT ( 'NONE',  ( -63.08284835957622505, 0.000000000000000000, 23.29999999999990834 ) ) ;
#943 = EDGE_CURVE ( 'NONE', #233, #3761, #3207, .T. ) ;
#944 = AXIS2_PLACEMENT_3D ( 'NONE', #1250, #1545, #3349 ) ;
#945 = FACE_BOUND ( 'NONE', #1608, .T. ) ;
#946 = VECTOR ( 'NONE', #2588, 1000.000000000000000 ) ;
#947 = VERTEX_POINT ( 'NONE', #1124 ) ;
#948 = DIRECTION ( 'NONE',  ( -0.000000000000000000, 1.000000000000000000, -0.000000000000000000 ) ) ;
#949 = EDGE_LOOP ( 'NONE', ( #2654, #2732, #2473, #1358 ) ) ;
#950 = APPLICATION_CONTEXT ( 'configuration controlled 3d designs of mechanical parts and assemblies' ) ;
#951 = AXIS2_PLACEMENT_3D ( 'NONE', #876, #3538, #2054 ) ;
#952 = AXIS2_PLACEMENT_3D ( 'NONE', #170, #2537, #1667 ) ;
#953 = CARTESIAN_POINT ( 'NONE',  ( -135.0000000000000568, 0.000000000000000000, 78.89999999999996305 ) ) ;
#954 = FACE_BOUND ( 'NONE', #1099, .T. ) ;
#955 = CIRCLE ( 'NONE', #3620, 3.250000000000002665 ) ;
#956 = CIRCLE ( 'NONE', #1458, 3.250000000000002665 ) ;
#957 = AXIS2_PLACEMENT_3D ( 'NONE', #2012, #3566, #1786 ) ;
#958 = EDGE_LOOP ( 'NONE', ( #3528, #630 ) ) ;
#959 = CARTESIAN_POINT ( 'NONE',  ( 33.23401871576779598, 10.00000000000000000, -33.23401871576767519 ) ) ;
#960 = AXIS2_PLACEMENT_3D ( 'NONE', #3581, #1522, #3285 ) ;
#961 = LINE ( 'NONE', #2683, #1136 ) ;
#962 = VERTEX_POINT ( 'NONE', #2308 ) ;
#963 = DIRECTION ( 'NONE',  ( -0.000000000000000000, 1.000000000000000000, -0.000000000000000000 ) ) ;
#964 = EDGE_CURVE ( 'NONE', #2290, #2650, #3366, .T. ) ;
#965 = CONICAL_SURFACE ( 'NONE', #1086, 8.649999999999998579, 0.7853981633974489451 ) ;
#966 = EDGE_LOOP ( 'NONE', ( #27, #2085, #3076, #2057 ) ) ;
#967 = DIRECTION ( 'NONE',  ( -0.000000000000000000, 1.000000000000000000, -0.000000000000000000 ) ) ;
#968 = AXIS2_PLACEMENT_3D ( 'NONE', #843, #3225, #2913 ) ;
#969 = FACE_BOUND ( 'NONE', #3134, .T. ) ;
#970 = ADVANCED_FACE ( 'NONE', ( #543 ), #2802, .F. ) ;
#971 = ORIENTED_EDGE ( 'NONE', *, *, #1790, .T. ) ;
#972 = DIRECTION ( 'NONE',  ( -0.000000000000000000, 1.000000000000000000, -0.000000000000000000 ) ) ;
#973 = VERTEX_POINT ( 'NONE', #98 ) ;
#974 = AXIS2_PLACEMENT_3D ( 'NONE', #861, #1496, #1185 ) ;
#975 = ORIENTED_EDGE ( 'NONE', *, *, #2922, .F. ) ;
#976 = CARTESIAN_POINT ( 'NONE',  ( 95.84242333457314089, 0.000000000000000000, 116.4112681093095887 ) ) ;
#977 = LINE ( 'NONE', #2171, #1402 ) ;
#978 = EDGE_LOOP ( 'NONE', ( #1963, #680, #3330, #3030 ) ) ;
#979 = CARTESIAN_POINT ( 'NONE',  ( 98.08284835957783798, 10.00000000000000000, 23.29999999999978044 ) ) ;
#980 = CARTESIAN_POINT ( 'NONE',  ( 135.0000000000018474, 10.00000000000000000, -74.42024260179205442 ) ) ;
#981 = VERTEX_POINT ( 'NONE', #2524 ) ;
#982 = CARTESIAN_POINT ( 'NONE',  ( -74.42024260179678663, 0.000000000000000000, -135.0000000000003126 ) ) ;
#983 = ADVANCED_FACE ( 'NONE', ( #802 ), #3721, .F. ) ;
#984 = EDGE_CURVE ( 'NONE', #3582, #1964, #2249, .T. ) ;
#985 = ORIENTED_EDGE ( 'NONE', *, *, #2109, .T. ) ;
#986 = CARTESIAN_POINT ( 'NONE',  ( 135.0000000000000000, 10.00000000000000000, 134.9999999999999432 ) ) ;
#987 = CARTESIAN_POINT ( 'NONE',  ( 135.0000000000000000, 0.000000000000000000, 134.9999999999999432 ) ) ;
#988 = FACE_BOUND ( 'NONE', #2431, .T. ) ;
#989 = ORIENTED_EDGE ( 'NONE', *, *, #534, .F. ) ;
#990 = CYLINDRICAL_SURFACE ( 'NONE', #138, 3.299999999999997158 ) ;
#991 = ORIENTED_EDGE ( 'NONE', *, *, #53, .F. ) ;
#992 = EDGE_LOOP ( 'NONE', ( #2785, #190 ) ) ;
#993 = FACE_OUTER_BOUND ( 'NONE', #3215, .T. ) ;
#994 = CARTESIAN_POINT ( 'NONE',  ( -2.499999999998570921, 10.00000000000000000, 80.58284835958100700 ) ) ;
#995 = EDGE_LOOP ( 'NONE', ( #3175, #2690, #815, #178 ) ) ;
#996 = DIRECTION ( 'NONE',  ( 0.000000000000000000, 0.000000000000000000, 1.000000000000000000 ) ) ;
#997 = VERTEX_POINT ( 'NONE', #1966 ) ;
#998 = DIRECTION ( 'NONE',  ( -0.000000000000000000, 1.000000000000000000, -0.000000000000000000 ) ) ;
#999 = ORIENTED_EDGE ( 'NONE', *, *, #1264, .T. ) ;
#1000 = ADVANCED_FACE ( 'NONE', ( #3150 ), #487, .F. ) ;
#1001 = DIRECTION ( 'NONE',  ( 0.000000000000000000, 0.000000000000000000, 1.000000000000000000 ) ) ;
#1002 = FACE_BOUND ( 'NONE', #2354, .T. ) ;
#1003 = EDGE_CURVE ( 'NONE', #1972, #3661, #1258, .T. ) ;
#1004 = ORIENTED_EDGE ( 'NONE', *, *, #3644, .T. ) ;
#1005 = CIRCLE ( 'NONE', #2486, 4.500000000000003553 ) ;
#1006 = DIRECTION ( 'NONE',  ( 1.000000000000000000, 0.000000000000000000, -4.270088556250598741E-15 ) ) ;
#1007 = VERTEX_POINT ( 'NONE', #2658 ) ;
#1008 = EDGE_CURVE ( 'NONE', #1269, #2513, #2123, .T. ) ;
#1009 = CONICAL_SURFACE ( 'NONE', #3050, 225.0000000000000000, 0.7853981633974482790 ) ;
#1010 = VERTEX_POINT ( 'NONE', #305 ) ;
#1011 = DIRECTION ( 'NONE',  ( -0.000000000000000000, 1.000000000000000000, -0.000000000000000000 ) ) ;
#1012 = DIRECTION ( 'NONE',  ( 0.000000000000000000, 0.000000000000000000, 1.000000000000000000 ) ) ;
#1013 = CIRCLE ( 'NONE', #3125, 4.500000000000003553 ) ;
#1014 = AXIS2_PLACEMENT_3D ( 'NONE', #1107, #3718, #2583 ) ;
#1015 = VERTEX_POINT ( 'NONE', #597 ) ;
#1016 = DIRECTION ( 'NONE',  ( 8.659560562354936556E-17, 0.7071067811865473507, -0.7071067811865477948 ) ) ;
#1017 = CIRCLE ( 'NONE', #1873, 4.500000000000003553 ) ;
#1018 = ORIENTED_EDGE ( 'NONE', *, *, #1652, .T. ) ;
#1019 = DIRECTION ( 'NONE',  ( -0.000000000000000000, 1.000000000000000000, -0.000000000000000000 ) ) ;
#1020 = AXIS2_PLACEMENT_3D ( 'NONE', #2033, #2906, #1476 ) ;
#1021 = VECTOR ( 'NONE', #532, 1000.000000000000000 ) ;
#1022 = ORIENTED_EDGE ( 'NONE', *, *, #1691, .F. ) ;
#1023 = DIRECTION ( 'NONE',  ( -0.000000000000000000, 1.000000000000000000, -0.000000000000000000 ) ) ;
#1024 = LINE ( 'NONE', #2206, #702 ) ;
#1025 = VECTOR ( 'NONE', #1986, 1000.000000000000000 ) ;
#1026 = EDGE_LOOP ( 'NONE', ( #438, #2273, #2386, #1653 ) ) ;
#1027 = DIRECTION ( 'NONE',  ( 0.000000000000000000, 0.000000000000000000, 1.000000000000000000 ) ) ;
#1028 = FACE_OUTER_BOUND ( 'NONE', #227, .T. ) ;
#1029 = VERTEX_POINT ( 'NONE', #3535 ) ;
#1030 = EDGE_CURVE ( 'NONE', #3162, #323, #36, .T. ) ;
#1031 = VERTEX_POINT ( 'NONE', #3519 ) ;
#1032 = VECTOR ( 'NONE', #3009, 1000.000000000000000 ) ;
#1033 = EDGE_CURVE ( 'NONE', #2928, #49, #3797, .T. ) ;
#1034 = FACE_OUTER_BOUND ( 'NONE', #741, .T. ) ;
#1035 = DIRECTION ( 'NONE',  ( 0.000000000000000000, 0.000000000000000000, 1.000000000000000000 ) ) ;
#1036 = ORIENTED_EDGE ( 'NONE', *, *, #2922, .T. ) ;
#1037 = FACE_OUTER_BOUND ( 'NONE', #3831, .T. ) ;
#1038 = ORIENTED_EDGE ( 'NONE', *, *, #1946, .F. ) ;
#1039 = CARTESIAN_POINT ( 'NONE',  ( 116.3798940491453351, 0.000000000000000000, -95.78159479061517345 ) ) ;
#1040 = VERTEX_POINT ( 'NONE', #322 ) ;
#1041 = CARTESIAN_POINT ( 'NONE',  ( -33.23401871576733413, 5.850000000000004086, -33.23401871576813704 ) ) ;
#1042 = DIRECTION ( 'NONE',  ( -0.000000000000000000, 1.000000000000000000, -0.000000000000000000 ) ) ;
#1043 = FACE_OUTER_BOUND ( 'NONE', #2095, .T. ) ;
#1044 = ORIENTED_EDGE ( 'NONE', *, *, #3384, .T. ) ;
#1045 = DIRECTION ( 'NONE',  ( -0.000000000000000000, 1.000000000000000000, -0.000000000000000000 ) ) ;
#1046 = EDGE_LOOP ( 'NONE', ( #2848, #108, #60, #2571 ) ) ;
#1047 = ORIENTED_EDGE ( 'NONE', *, *, #29, .F. ) ;
#1048 = DIRECTION ( 'NONE',  ( -0.000000000000000000, 1.000000000000000000, -0.000000000000000000 ) ) ;
#1049 = EDGE_CURVE ( 'NONE', #922, #163, #891, .T. ) ;
#1050 = DIRECTION ( 'NONE',  ( 0.000000000000000000, 0.000000000000000000, 1.000000000000000000 ) ) ;
#1051 = DIRECTION ( 'NONE',  ( -0.000000000000000000, 1.000000000000000000, -0.000000000000000000 ) ) ;
#1052 = EDGE_CURVE ( 'NONE', #596, #1455, #1775, .T. ) ;
#1053 = VERTEX_POINT ( 'NONE', #1168 ) ;
#1054 = CARTESIAN_POINT ( 'NONE',  ( -33.23401871576733413, 10.00000000000000000, -41.88401871576813562 ) ) ;
#1055 = ORIENTED_EDGE ( 'NONE', *, *, #3166, .F. ) ;
#1056 = CARTESIAN_POINT ( 'NONE',  ( 0.000000000000000000, 0.000000000000000000, -47.00000000000000000 ) ) ;
#1057 = VERTEX_POINT ( 'NONE', #2089 ) ;
#1058 = CARTESIAN_POINT ( 'NONE',  ( -63.08284835957622505, 0.000000000000000000, 16.69999999999991402 ) ) ;
#1059 = DIRECTION ( 'NONE',  ( -0.000000000000000000, -1.000000000000000000, -0.000000000000000000 ) ) ;
#1060 = DIRECTION ( 'NONE',  ( -0.000000000000000000, 1.000000000000000000, -0.000000000000000000 ) ) ;
#1061 = ORIENTED_EDGE ( 'NONE', *, *, #3295, .T. ) ;
#1062 = APPROVAL_STATUS ( 'not_yet_approved' ) ;
#1063 = EDGE_CURVE ( 'NONE', #3348, #608, #3554, .T. ) ;
#1064 = ORIENTED_EDGE ( 'NONE', *, *, #3795, .T. ) ;
#1065 = ORIENTED_EDGE ( 'NONE', *, *, #3635, .T. ) ;
#1066 = CARTESIAN_POINT ( 'NONE',  ( 0.000000000000000000, 10.00000000000000000, 27.50000000000000000 ) ) ;
#1067 = CARTESIAN_POINT ( 'NONE',  ( 33.23401871576756150, 10.00000000000000000, 33.23401871576790256 ) ) ;
#1068 = FACE_BOUND ( 'NONE', #2803, .T. ) ;
#1069 = CC_DESIGN_DATE_AND_TIME_ASSIGNMENT ( #1466, #3102, ( #1359 ) ) ;
#1070 = CIRCLE ( 'NONE', #2119, 3.250000000000002665 ) ;
#1071 = FACE_OUTER_BOUND ( 'NONE', #792, .T. ) ;
#1072 = DIRECTION ( 'NONE',  ( -0.000000000000000000, 1.000000000000000000, -0.000000000000000000 ) ) ;
#1073 = ORIENTED_EDGE ( 'NONE', *, *, #3610, .T. ) ;
#1074 = DIRECTION ( 'NONE',  ( -0.000000000000000000, 1.000000000000000000, -0.000000000000000000 ) ) ;
#1075 = CIRCLE ( 'NONE', #2373, 3.250000000000002665 ) ;
#1076 = AXIS2_PLACEMENT_3D ( 'NONE', #1607, #1853, #1314 ) ;
#1077 = CIRCLE ( 'NONE', #2319, 3.299999999999997158 ) ;
#1078 = EDGE_LOOP ( 'NONE', ( #1231, #1827, #1675, #79 ) ) ;
#1079 = AXIS2_PLACEMENT_3D ( 'NONE', #3570, #3546, #1492 ) ;
#1080 = LINE ( 'NONE', #1975, #2380 ) ;
#1081 = EDGE_CURVE ( 'NONE', #801, #3348, #2966, .T. ) ;
#1082 = CARTESIAN_POINT ( 'NONE',  ( -116.3504395653500580, 0.000000000000000000, 95.87379739473679763 ) ) ;
#1083 = AXIS2_PLACEMENT_3D ( 'NONE', #396, #2485, #338 ) ;
#1084 = CIRCLE ( 'NONE', #2812, 3.299999999999997158 ) ;
#1085 = ORIENTED_EDGE ( 'NONE', *, *, #480, .F. ) ;
#1086 = AXIS2_PLACEMENT_3D ( 'NONE', #3077, #3331, #2099 ) ;
#1087 = EDGE_LOOP ( 'NONE', ( #3277, #2478 ) ) ;
#1088 = AXIS2_PLACEMENT_3D ( 'NONE', #1056, #2238, #2199 ) ;
#1089 = EDGE_LOOP ( 'NONE', ( #2208, #2279, #2412, #3720 ) ) ;
#1090 = CARTESIAN_POINT ( 'NONE',  ( 7.715274834628325378E-16, 10.00000000000000000, -33.79999999999999716 ) ) ;
#1091 = CARTESIAN_POINT ( 'NONE',  ( 135.0000000000000000, 10.00000000000000000, -139.5000000000000000 ) ) ;
#1092 = VECTOR ( 'NONE', #3343, 1000.000000000000000 ) ;
#1093 = CARTESIAN_POINT ( 'NONE',  ( -3.281992458512545606E-13, 10.00000000000000000, 51.50000000000000000 ) ) ;
#1094 = AXIS2_PLACEMENT_3D ( 'NONE', #18, #1204, #2661 ) ;
#1095 = CARTESIAN_POINT ( 'NONE',  ( 0.000000000000000000, 10.00000000000000000, 27.50000000000000000 ) ) ;
#1096 = DIRECTION ( 'NONE',  ( -0.000000000000000000, 1.000000000000000000, -0.000000000000000000 ) ) ;
#1097 = VERTEX_POINT ( 'NONE', #2927 ) ;
#1098 = DIRECTION ( 'NONE',  ( 0.000000000000000000, 0.000000000000000000, 1.000000000000000000 ) ) ;
#1099 = EDGE_LOOP ( 'NONE', ( #3694, #2910 ) ) ;
#1100 = CARTESIAN_POINT ( 'NONE',  ( 46.99999999999999289, 10.00000000000000000, -8.649999999999833378 ) ) ;
#1101 = DIRECTION ( 'NONE',  ( 0.000000000000000000, 0.7071067811865470176, 0.7071067811865479058 ) ) ;
#1102 = CARTESIAN_POINT ( 'NONE',  ( -134.9999999999999432, 0.000000000000000000, 139.4999999999999432 ) ) ;
#1103 = EDGE_CURVE ( 'NONE', #2458, #973, #268, .T. ) ;
#1104 = EDGE_CURVE ( 'NONE', #981, #2538, #3673, .T. ) ;
#1105 = ORIENTED_EDGE ( 'NONE', *, *, #767, .T. ) ;
#1106 = APPROVAL_DATE_TIME ( #2846, #3210 ) ;
#1107 = CARTESIAN_POINT ( 'NONE',  ( 0.000000000000000000, 2.000000000000001776, 0.000000000000000000 ) ) ;
#1108 = ORIENTED_EDGE ( 'NONE', *, *, #2902, .F. ) ;
#1109 = ORIENTED_EDGE ( 'NONE', *, *, #849, .F. ) ;
#1110 = CARTESIAN_POINT ( 'NONE',  ( 27.50000000000000000, 10.00000000000000000, 6.299999999999996270 ) ) ;
#1111 = CARTESIAN_POINT ( 'NONE',  ( 0.000000000000000000, 10.00000000000000000, -47.00000000000000000 ) ) ;
#1112 = CARTESIAN_POINT ( 'NONE',  ( 0.000000000000000000, 5.850000000000004086, -47.00000000000000000 ) ) ;
#1113 = VERTEX_POINT ( 'NONE', #2642 ) ;
#1114 = DIRECTION ( 'NONE',  ( 0.000000000000000000, 0.000000000000000000, 1.000000000000000000 ) ) ;
#1115 = DIRECTION ( 'NONE',  ( 0.000000000000000000, 0.000000000000000000, 1.000000000000000000 ) ) ;
#1116 = ORIENTED_EDGE ( 'NONE', *, *, #195, .T. ) ;
#1117 = DIRECTION ( 'NONE',  ( -0.000000000000000000, 1.000000000000000000, -0.000000000000000000 ) ) ;
#1118 = DIRECTION ( 'NONE',  ( -0.000000000000000000, 1.000000000000000000, -0.000000000000000000 ) ) ;
#1119 = CARTESIAN_POINT ( 'NONE',  ( 33.23401871576779598, 10.00000000000000000, -33.23401871576767519 ) ) ;
#1120 = EDGE_CURVE ( 'NONE', #676, #1591, #1631, .T. ) ;
#1121 = ORIENTED_EDGE ( 'NONE', *, *, #2591, .T. ) ;
#1122 = ORIENTED_EDGE ( 'NONE', *, *, #2516, .T. ) ;
#1123 = ORIENTED_EDGE ( 'NONE', *, *, #881, .T. ) ;
#1124 = CARTESIAN_POINT ( 'NONE',  ( -3.271399263699921054E-13, 10.00000000000000000, 38.35000000000000142 ) ) ;
#1125 = FACE_OUTER_BOUND ( 'NONE', #949, .T. ) ;
#1126 = ADVANCED_FACE ( 'NONE', ( #929 ), #558, .F. ) ;
#1127 = APPROVAL_STATUS ( 'not_yet_approved' ) ;
#1128 = DIRECTION ( 'NONE',  ( 0.000000000000000000, 0.000000000000000000, 1.000000000000000000 ) ) ;
#1129 = CIRCLE ( 'NONE', #2618, 4.500000000000000888 ) ;
#1130 = CARTESIAN_POINT ( 'NONE',  ( -2.500000000000067057, 0.000000000000000000, -83.88284835957709618 ) ) ;
#1131 = DIRECTION ( 'NONE',  ( 0.000000000000000000, 0.000000000000000000, 1.000000000000000000 ) ) ;
#1132 = EDGE_CURVE ( 'NONE', #857, #3441, #1508, .T. ) ;
#1133 = ORIENTED_EDGE ( 'NONE', *, *, #1049, .T. ) ;
#1134 = DIRECTION ( 'NONE',  ( -0.000000000000000000, 1.000000000000000000, -0.000000000000000000 ) ) ;
#1135 = FACE_OUTER_BOUND ( 'NONE', #370, .T. ) ;
#1136 = VECTOR ( 'NONE', #80, 1000.000000000000000 ) ;
#1137 = AXIS2_PLACEMENT_3D ( 'NONE', #1494, #3240, #1222 ) ;
#1138 = CARTESIAN_POINT ( 'NONE',  ( -27.50000000000000000, 10.00000000000000000, 0.000000000000000000 ) ) ;
#1139 = AXIS2_PLACEMENT_3D ( 'NONE', #2909, #250, #1436 ) ;
#1140 = ORIENTED_EDGE ( 'NONE', *, *, #1239, .T. ) ;
#1141 = DIRECTION ( 'NONE',  ( -1.000000000000000000, 0.000000000000000000, 8.540177112501197482E-15 ) ) ;
#1142 = AXIS2_PLACEMENT_3D ( 'NONE', #1067, #3706, #2215 ) ;
#1143 = CC_DESIGN_PERSON_AND_ORGANIZATION_ASSIGNMENT ( #3437, #751, ( #3085 ) ) ;
#1144 = CIRCLE ( 'NONE', #1203, 4.499999999999997335 ) ;
#1145 = ORIENTED_EDGE ( 'NONE', *, *, #1081, .T. ) ;
#1146 = CONICAL_SURFACE ( 'NONE', #2694, 8.649999999999998579, 0.7853981633974485010 ) ;
#1147 = DIRECTION ( 'NONE',  ( 0.000000000000000000, 0.000000000000000000, 1.000000000000000000 ) ) ;
#1148 = ORIENTED_EDGE ( 'NONE', *, *, #1778, .F. ) ;
#1149 = CYLINDRICAL_SURFACE ( 'NONE', #3802, 3.299999999999997158 ) ;
#1150 = APPLICATION_PROTOCOL_DEFINITION ( 'international standard', 'config_control_design', 1994, #950 ) ;
#1151 = EDGE_CURVE ( 'NONE', #420, #1010, #2493, .T. ) ;
#1152 = CIRCLE ( 'NONE', #2756, 4.500000000000003553 ) ;
#1153 = ADVANCED_FACE ( 'NONE', ( #1439 ), #2330, .F. ) ;
#1154 = CIRCLE ( 'NONE', #470, 3.299999999999997158 ) ;
#1155 = CARTESIAN_POINT ( 'NONE',  ( -134.9999999999999432, 10.00000000000000000, 139.4999999999999432 ) ) ;
#1156 = DIRECTION ( 'NONE',  ( -0.000000000000000000, 1.000000000000000000, -0.000000000000000000 ) ) ;
#1157 = LINE ( 'NONE', #1445, #901 ) ;
#1158 = AXIS2_PLACEMENT_3D ( 'NONE', #3447, #2508, #491 ) ;
#1159 = VERTEX_POINT ( 'NONE', #270 ) ;
#1160 = DIRECTION ( 'NONE',  ( -0.000000000000000000, 1.000000000000000000, -0.000000000000000000 ) ) ;
#1161 = CARTESIAN_POINT ( 'NONE',  ( 27.50000000000000000, 10.00000000000000000, 0.000000000000000000 ) ) ;
#1162 = AXIS2_PLACEMENT_3D ( 'NONE', #546, #2625, #1729 ) ;
#1163 = DIRECTION ( 'NONE',  ( 0.000000000000000000, 0.000000000000000000, 1.000000000000000000 ) ) ;
#1164 = ORIENTED_EDGE ( 'NONE', *, *, #2262, .T. ) ;
#1165 = CARTESIAN_POINT ( 'NONE',  ( -116.3190655051870550, 0.000000000000000000, -95.81296885077716752 ) ) ;
#1166 = ADVANCED_FACE ( 'NONE', ( #1028 ), #2186, .F. ) ;
#1167 = VERTEX_POINT ( 'NONE', #1237 ) ;
#1168 = CARTESIAN_POINT ( 'NONE',  ( 46.99999999999999289, 5.850000000000004086, 4.500000000000160760 ) ) ;
#1169 = VERTEX_POINT ( 'NONE', #2416 ) ;
#1170 = DIRECTION ( 'NONE',  ( -0.000000000000000000, 1.000000000000000000, -0.000000000000000000 ) ) ;
#1171 = CYLINDRICAL_SURFACE ( 'NONE', #656, 4.500000000000003553 ) ;
#1172 = EDGE_CURVE ( 'NONE', #1040, #2265, #765, .T. ) ;
#1173 = CARTESIAN_POINT ( 'NONE',  ( 33.23401871576779598, 10.00000000000000000, -33.23401871576767519 ) ) ;
#1174 = DIRECTION ( 'NONE',  ( -0.000000000000000000, 1.000000000000000000, -0.000000000000000000 ) ) ;
#1175 = CARTESIAN_POINT ( 'NONE',  ( 135.0000000000018474, 0.000000000000000000, -74.42024260179205442 ) ) ;
#1176 = EDGE_CURVE ( 'NONE', #474, #3154, #2439, .T. ) ;
#1177 = ORIENTED_EDGE ( 'NONE', *, *, #2506, .T. ) ;
#1178 = DIRECTION ( 'NONE',  ( 0.000000000000000000, 1.000000000000000000, 0.000000000000000000 ) ) ;
#1179 = FACE_OUTER_BOUND ( 'NONE', #1461, .T. ) ;
#1180 = EDGE_CURVE ( 'NONE', #2477, #3321, #2933, .T. ) ;
#1181 = ORIENTED_EDGE ( 'NONE', *, *, #2644, .F. ) ;
#1182 = DIRECTION ( 'NONE',  ( -0.000000000000000000, 1.000000000000000000, -0.000000000000000000 ) ) ;
#1183 = EDGE_LOOP ( 'NONE', ( #83, #2895 ) ) ;
#1184 = DIRECTION ( 'NONE',  ( 0.000000000000000000, 0.000000000000000000, 1.000000000000000000 ) ) ;
#1185 = DIRECTION ( 'NONE',  ( 0.000000000000000000, 0.000000000000000000, 1.000000000000000000 ) ) ;
#1186 = DIRECTION ( 'NONE',  ( 0.000000000000000000, 1.000000000000000000, 0.000000000000000000 ) ) ;
#1187 = DIRECTION ( 'NONE',  ( 0.000000000000000000, 1.000000000000000000, 0.000000000000000000 ) ) ;
#1188 = AXIS2_PLACEMENT_3D ( 'NONE', #654, #2712, #3601 ) ;
#1189 = EDGE_LOOP ( 'NONE', ( #1477, #2320 ) ) ;
#1190 = DIRECTION ( 'NONE',  ( 0.000000000000000000, 0.000000000000000000, 1.000000000000000000 ) ) ;
#1191 = DIRECTION ( 'NONE',  ( -0.000000000000000000, 1.000000000000000000, -0.000000000000000000 ) ) ;
#1192 = ORIENTED_EDGE ( 'NONE', *, *, #1551, .T. ) ;
#1193 = DIRECTION ( 'NONE',  ( 0.000000000000000000, 0.000000000000000000, 1.000000000000000000 ) ) ;
#1194 = VECTOR ( 'NONE', #3046, 1000.000000000000114 ) ;
#1195 = EDGE_CURVE ( 'NONE', #3834, #2698, #77, .T. ) ;
#1196 = AXIS2_PLACEMENT_3D ( 'NONE', #1869, #365, #405 ) ;
#1197 = DIRECTION ( 'NONE',  ( -0.000000000000000000, 1.000000000000000000, -0.000000000000000000 ) ) ;
#1198 = VECTOR ( 'NONE', #3766, 1000.000000000000000 ) ;
#1199 = ORIENTED_EDGE ( 'NONE', *, *, #2270, .T. ) ;
#1200 = DIRECTION ( 'NONE',  ( -0.000000000000000000, 1.000000000000000000, -0.000000000000000000 ) ) ;
#1201 = AXIS2_PLACEMENT_3D ( 'NONE', #1353, #2204, #3714 ) ;
#1202 = ORIENTED_EDGE ( 'NONE', *, *, #3197, .T. ) ;
#1203 = AXIS2_PLACEMENT_3D ( 'NONE', #3433, #2599, #3716 ) ;
#1204 = DIRECTION ( 'NONE',  ( -0.000000000000000000, 1.000000000000000000, -0.000000000000000000 ) ) ;
#1205 = CARTESIAN_POINT ( 'NONE',  ( -134.9999999999999432, 10.00000000000000000, -135.0000000000000000 ) ) ;
#1206 = AXIS2_PLACEMENT_3D ( 'NONE', #1175, #310, #3228 ) ;
#1207 = EDGE_CURVE ( 'NONE', #2143, #3012, #3683, .T. ) ;
#1208 = DIRECTION ( 'NONE',  ( 0.000000000000000000, 0.000000000000000000, 1.000000000000000000 ) ) ;
#1209 = VECTOR ( 'NONE', #662, 1000.000000000000000 ) ;
#1210 = VERTEX_POINT ( 'NONE', #674 ) ;
#1211 = LINE ( 'NONE', #312, #1380 ) ;
#1212 = DIRECTION ( 'NONE',  ( -0.000000000000000000, 1.000000000000000000, -0.000000000000000000 ) ) ;
#1213 = ORIENTED_EDGE ( 'NONE', *, *, #3835, .F. ) ;
#1214 = DIRECTION ( 'NONE',  ( 8.659560562354931626E-17, 0.7071067811865476838, -0.7071067811865474617 ) ) ;
#1215 = CIRCLE ( 'NONE', #538, 4.500000000000003553 ) ;
#1216 = ORIENTED_EDGE ( 'NONE', *, *, #594, .T. ) ;
#1217 = LINE ( 'NONE', #1528, #2113 ) ;
#1218 = EDGE_CURVE ( 'NONE', #2008, #2047, #2251, .T. ) ;
#1219 = DIRECTION ( 'NONE',  ( 0.000000000000000000, 1.000000000000000000, 0.000000000000000000 ) ) ;
#1220 = EDGE_CURVE ( 'NONE', #163, #922, #575, .T. ) ;
#1221 = ORIENTED_EDGE ( 'NONE', *, *, #433, .T. ) ;
#1222 = DIRECTION ( 'NONE',  ( 0.000000000000000000, 0.000000000000000000, 1.000000000000000000 ) ) ;
#1223 = EDGE_LOOP ( 'NONE', ( #3355, #3704, #805, #3467 ) ) ;
#1224 = CARTESIAN_POINT ( 'NONE',  ( 33.23401871576756150, 10.00000000000000000, 33.23401871576790256 ) ) ;
#1225 = CARTESIAN_POINT ( 'NONE',  ( -134.9999999999981242, 10.00000000000000000, -74.42024260179205442 ) ) ;
#1226 = CARTESIAN_POINT ( 'NONE',  ( 0.000000000000000000, 10.00000000000000000, -223.0000000000000853 ) ) ;
#1227 = CARTESIAN_POINT ( 'NONE',  ( -63.08284835957622505, 10.00000000000000000, 16.69999999999991402 ) ) ;
#1228 = DIRECTION ( 'NONE',  ( -0.000000000000000000, 1.000000000000000000, -0.000000000000000000 ) ) ;
#1229 = ORIENTED_EDGE ( 'NONE', *, *, #943, .T. ) ;
#1230 = DIRECTION ( 'NONE',  ( 0.000000000000000000, -1.000000000000000000, 0.000000000000000000 ) ) ;
#1231 = ORIENTED_EDGE ( 'NONE', *, *, #2993, .F. ) ;
#1232 = CARTESIAN_POINT ( 'NONE',  ( 27.50000000000000000, 1.734723475976807094E-15, 0.000000000000000000 ) ) ;
#1233 = DIRECTION ( 'NONE',  ( 0.000000000000000000, 0.000000000000000000, 1.000000000000000000 ) ) ;
#1234 = FACE_BOUND ( 'NONE', #1874, .T. ) ;
#1235 = EDGE_CURVE ( 'NONE', #467, #511, #2868, .T. ) ;
#1236 = ORIENTED_EDGE ( 'NONE', *, *, #2861, .T. ) ;
#1237 = CARTESIAN_POINT ( 'NONE',  ( 5.510910596163091528E-16, 5.850000000000004086, -51.50000000000000000 ) ) ;
#1238 = ORIENTED_EDGE ( 'NONE', *, *, #3757, .F. ) ;
#1239 = EDGE_CURVE ( 'NONE', #127, #1376, #324, .T. ) ;
#1240 = DIRECTION ( 'NONE',  ( 8.659560562354937789E-17, 0.7071067811865470176, -0.7071067811865479058 ) ) ;
#1241 = DIRECTION ( 'NONE',  ( -0.000000000000000000, 1.000000000000000000, -0.000000000000000000 ) ) ;
#1242 = FACE_BOUND ( 'NONE', #1624, .T. ) ;
#1243 = ORIENTED_EDGE ( 'NONE', *, *, #1543, .F. ) ;
#1244 = DIRECTION ( 'NONE',  ( -0.000000000000000000, 1.000000000000000000, -0.000000000000000000 ) ) ;
#1245 = DIRECTION ( 'NONE',  ( 0.000000000000000000, 0.000000000000000000, 1.000000000000000000 ) ) ;
#1246 = ORIENTED_EDGE ( 'NONE', *, *, #1003, .F. ) ;
#1247 = DIRECTION ( 'NONE',  ( -0.000000000000000000, 1.000000000000000000, -0.000000000000000000 ) ) ;
#1248 = EDGE_CURVE ( 'NONE', #11, #3588, #3735, .T. ) ;
#1249 = ORIENTED_EDGE ( 'NONE', *, *, #3097, .F. ) ;
#1250 = CARTESIAN_POINT ( 'NONE',  ( 46.99999999999999289, 10.00000000000000000, 1.640996229256272803E-13 ) ) ;
#1251 = DIRECTION ( 'NONE',  ( 8.659560562354932858E-17, -0.7071067811865474617, 0.7071067811865474617 ) ) ;
#1252 = AXIS2_PLACEMENT_3D ( 'NONE', #3585, #2177, #626 ) ;
#1253 = FACE_BOUND ( 'NONE', #1571, .T. ) ;
#1254 = AXIS2_PLACEMENT_3D ( 'NONE', #3128, #3478, #818 ) ;
#1255 = ORIENTED_EDGE ( 'NONE', *, *, #1446, .F. ) ;
#1256 = LINE ( 'NONE', #3629, #1318 ) ;
#1257 = ORIENTED_EDGE ( 'NONE', *, *, #3278, .F. ) ;
#1258 = CIRCLE ( 'NONE', #389, 4.499999999999997335 ) ;
#1259 = CIRCLE ( 'NONE', #2126, 4.500000000000003553 ) ;
#1260 = CIRCLE ( 'NONE', #2065, 4.499999999999997335 ) ;
#1261 = EDGE_CURVE ( 'NONE', #233, #1057, #2061, .T. ) ;
#1262 = DIRECTION ( 'NONE',  ( 0.000000000000000000, 0.000000000000000000, 1.000000000000000000 ) ) ;
#1263 = DIRECTION ( 'NONE',  ( -0.000000000000000000, 1.000000000000000000, -0.000000000000000000 ) ) ;
#1264 = EDGE_CURVE ( 'NONE', #1007, #2744, #1256, .T. ) ;
#1265 = AXIS2_PLACEMENT_3D ( 'NONE', #1702, #3455, #2225 ) ;
#1266 = EDGE_LOOP ( 'NONE', ( #3346, #1620 ) ) ;
#1267 = LINE ( 'NONE', #2682, #1194 ) ;
#1268 = DIRECTION ( 'NONE',  ( -0.000000000000000000, 1.000000000000000000, -0.000000000000000000 ) ) ;
#1269 = VERTEX_POINT ( 'NONE', #381 ) ;
#1270 = CARTESIAN_POINT ( 'NONE',  ( -134.9999999999999432, 0.000000000000000000, -135.0000000000000000 ) ) ;
#1271 = VECTOR ( 'NONE', #359, 1000.000000000000000 ) ;
#1272 = ORIENTED_EDGE ( 'NONE', *, *, #915, .T. ) ;
#1273 = CARTESIAN_POINT ( 'NONE',  ( 0.000000000000000000, 5.850000000000004086, -47.00000000000000000 ) ) ;
#1274 = VECTOR ( 'NONE', #2957, 1000.000000000000000 ) ;
#1275 = DIRECTION ( 'NONE',  ( 0.000000000000000000, 0.000000000000000000, 1.000000000000000000 ) ) ;
#1276 = ORIENTED_EDGE ( 'NONE', *, *, #529, .T. ) ;
#1277 = ADVANCED_FACE ( 'NONE', ( #1564 ), #990, .F. ) ;
#1278 = CARTESIAN_POINT ( 'NONE',  ( 95.84242333457314089, 0.000000000000000000, 116.4112681093095887 ) ) ;
#1279 = ORIENTED_EDGE ( 'NONE', *, *, #2270, .F. ) ;
#1280 = AXIS2_PLACEMENT_3D ( 'NONE', #1224, #2700, #615 ) ;
#1281 = ORIENTED_EDGE ( 'NONE', *, *, #1981, .T. ) ;
#1282 = DIRECTION ( 'NONE',  ( -0.000000000000000000, 1.000000000000000000, -0.000000000000000000 ) ) ;
#1283 = CC_DESIGN_APPROVAL ( #3210, ( #3398 ) ) ;
#1284 = FACE_BOUND ( 'NONE', #3027, .T. ) ;
#1285 = ADVANCED_FACE ( 'NONE', ( #2866 ), #3774, .F. ) ;
#1286 = ORIENTED_EDGE ( 'NONE', *, *, #2768, .T. ) ;
#1287 = DIRECTION ( 'NONE',  ( -0.000000000000000000, 1.000000000000000000, -0.000000000000000000 ) ) ;
#1288 = EDGE_CURVE ( 'NONE', #3736, #782, #2314, .T. ) ;
#1289 = ORIENTED_EDGE ( 'NONE', *, *, #1120, .T. ) ;
#1290 = DIRECTION ( 'NONE',  ( 0.000000000000000000, 0.000000000000000000, 1.000000000000000000 ) ) ;
#1291 = EDGE_LOOP ( 'NONE', ( #1787, #428, #3452, #700 ) ) ;
#1292 = FACE_OUTER_BOUND ( 'NONE', #1355, .T. ) ;
#1293 = CARTESIAN_POINT ( 'NONE',  ( -33.23401871576733413, 10.00000000000000000, -33.23401871576813704 ) ) ;
#1294 = EDGE_CURVE ( 'NONE', #356, #850, #3617, .T. ) ;
#1295 = DIRECTION ( 'NONE',  ( 0.000000000000000000, -0.000000000000000000, 1.000000000000000000 ) ) ;
#1296 = ORIENTED_EDGE ( 'NONE', *, *, #1885, .F. ) ;
#1297 = DIRECTION ( 'NONE',  ( -0.000000000000000000, 1.000000000000000000, -0.000000000000000000 ) ) ;
#1298 = ORIENTED_EDGE ( 'NONE', *, *, #3757, .T. ) ;
#1299 = ORIENTED_EDGE ( 'NONE', *, *, #2646, .F. ) ;
#1300 = CARTESIAN_POINT ( 'NONE',  ( -134.9999999999981242, 0.000000000000000000, -74.42024260179205442 ) ) ;
#1301 = LINE ( 'NONE', #3464, #1025 ) ;
#1302 = ORIENTED_EDGE ( 'NONE', *, *, #2384, .F. ) ;
#1303 = LINE ( 'NONE', #1054, #3508 ) ;
#1304 = EDGE_LOOP ( 'NONE', ( #3758, #2442, #2304, #3646 ) ) ;
#1305 = CARTESIAN_POINT ( 'NONE',  ( -116.3190655051870550, 10.00000000000000000, -92.56296885077716752 ) ) ;
#1306 = ORIENTED_EDGE ( 'NONE', *, *, #1008, .T. ) ;
#1307 = LINE ( 'NONE', #748, #1947 ) ;
#1308 = DIRECTION ( 'NONE',  ( 0.000000000000000000, 1.000000000000000000, 0.000000000000000000 ) ) ;
#1309 = EDGE_CURVE ( 'NONE', #3154, #249, #3559, .T. ) ;
#1310 = ADVANCED_FACE ( 'NONE', ( #1627 ), #3181, .F. ) ;
#1311 = ORIENTED_EDGE ( 'NONE', *, *, #2622, .T. ) ;
#1312 = CALENDAR_DATE ( 2026, 24, 3 ) ;
#1313 = DIRECTION ( 'NONE',  ( -0.000000000000000000, 1.000000000000000000, -0.000000000000000000 ) ) ;
#1314 = DIRECTION ( 'NONE',  ( 0.000000000000000000, 0.000000000000000000, 1.000000000000000000 ) ) ;
#1315 = ORIENTED_EDGE ( 'NONE', *, *, #1132, .F. ) ;
#1316 = VECTOR ( 'NONE', #3580, 1000.000000000000000 ) ;
#1317 = VERTEX_POINT ( 'NONE', #210 ) ;
#1318 = VECTOR ( 'NONE', #972, 1000.000000000000000 ) ;
#1319 = CARTESIAN_POINT ( 'NONE',  ( 33.23401871576756150, 10.00000000000000000, 33.23401871576790256 ) ) ;
#1320 = PLANE ( 'NONE',  #2579 ) ;
#1321 = CIRCLE ( 'NONE', #2937, 3.299999999999997158 ) ;
#1322 = CIRCLE ( 'NONE', #142, 4.500000000000000888 ) ;
#1323 = DIRECTION ( 'NONE',  ( -0.000000000000000000, 1.000000000000000000, -0.000000000000000000 ) ) ;
#1324 = CARTESIAN_POINT ( 'NONE',  ( 37.49999999999987921, 10.00000000000000000, -83.88284835957723828 ) ) ;
#1325 = CIRCLE ( 'NONE', #3311, 4.499999999999997335 ) ;
#1326 = AXIS2_PLACEMENT_3D ( 'NONE', #1768, #7, #3811 ) ;
#1327 = ORIENTED_EDGE ( 'NONE', *, *, #1933, .T. ) ;
#1328 = LINE ( 'NONE', #3174, #1467 ) ;
#1329 = CIRCLE ( 'NONE', #280, 3.299999999999997158 ) ;
#1330 = VECTOR ( 'NONE', #3075, 1000.000000000000000 ) ;
#1331 = VERTEX_POINT ( 'NONE', #734 ) ;
#1332 = DIRECTION ( 'NONE',  ( -0.000000000000000000, 1.000000000000000000, -0.000000000000000000 ) ) ;
#1333 = DIRECTION ( 'NONE',  ( 0.000000000000000000, 0.000000000000000000, 1.000000000000000000 ) ) ;
#1334 = DIRECTION ( 'NONE',  ( 0.000000000000000000, 0.000000000000000000, 1.000000000000000000 ) ) ;
#1335 = CIRCLE ( 'NONE', #3255, 3.299999999999997158 ) ;
#1336 = EDGE_CURVE ( 'NONE', #1029, #2226, #326, .T. ) ;
#1337 = VERTEX_POINT ( 'NONE', #3418 ) ;
#1338 = DIRECTION ( 'NONE',  ( 0.000000000000000000, 0.000000000000000000, 1.000000000000000000 ) ) ;
#1339 = DIRECTION ( 'NONE',  ( 0.000000000000000000, 0.000000000000000000, 1.000000000000000000 ) ) ;
#1340 = ORIENTED_EDGE ( 'NONE', *, *, #1530, .T. ) ;
#1341 = EDGE_CURVE ( 'NONE', #947, #3105, #2498, .T. ) ;
#1342 = ORIENTED_EDGE ( 'NONE', *, *, #2403, .F. ) ;
#1343 = CIRCLE ( 'NONE', #2585, 4.499999999999997335 ) ;
#1344 = CARTESIAN_POINT ( 'NONE',  ( 98.08284835957783798, 10.00000000000000000, 19.99999999999978328 ) ) ;
#1345 = DIRECTION ( 'NONE',  ( -0.000000000000000000, 1.000000000000000000, -0.000000000000000000 ) ) ;
#1346 = FACE_BOUND ( 'NONE', #1710, .T. ) ;
#1347 = CYLINDRICAL_SURFACE ( 'NONE', #909, 4.500000000000003553 ) ;
#1348 = DIRECTION ( 'NONE',  ( 0.000000000000000000, 0.000000000000000000, 1.000000000000000000 ) ) ;
#1349 = VERTEX_POINT ( 'NONE', #1931 ) ;
#1350 = CARTESIAN_POINT ( 'NONE',  ( -116.3504395653500580, 0.000000000000000000, 92.62379739473679763 ) ) ;
#1351 = APPLICATION_CONTEXT ( 'configuration controlled 3d designs of mechanical parts and assemblies' ) ;
#1352 = EDGE_LOOP ( 'NONE', ( #407, #1738 ) ) ;
#1353 = CARTESIAN_POINT ( 'NONE',  ( -134.9999999999981242, 10.00000000000000000, -74.42024260179205442 ) ) ;
#1354 = DIRECTION ( 'NONE',  ( -0.000000000000000000, 1.000000000000000000, -0.000000000000000000 ) ) ;
#1355 = EDGE_LOOP ( 'NONE', ( #1636, #1740, #3121, #1065 ) ) ;
#1356 = DIRECTION ( 'NONE',  ( -0.000000000000000000, 1.000000000000000000, -0.000000000000000000 ) ) ;
#1357 = DIRECTION ( 'NONE',  ( -0.000000000000000000, 1.000000000000000000, -0.000000000000000000 ) ) ;
#1358 = ORIENTED_EDGE ( 'NONE', *, *, #716, .T. ) ;
#1359 = PRODUCT_DEFINITION ( 'UNKNOWN', '', #3085, #2869 ) ;
#1360 = ORIENTED_EDGE ( 'NONE', *, *, #408, .T. ) ;
#1361 = DIRECTION ( 'NONE',  ( 0.000000000000000000, 0.000000000000000000, -1.000000000000000000 ) ) ;
#1362 = CARTESIAN_POINT ( 'NONE',  ( -134.9999999999999432, 0.000000000000000000, -139.5000000000000000 ) ) ;
#1363 = CARTESIAN_POINT ( 'NONE',  ( 74.40000000000000568, 10.00000000000000000, 135.0000000000000000 ) ) ;
#1364 = EDGE_CURVE ( 'NONE', #3364, #3668, #3059, .T. ) ;
#1365 = CARTESIAN_POINT ( 'NONE',  ( 74.42024260179678663, 10.00000000000000000, -134.9999999999999716 ) ) ;
#1366 = CARTESIAN_POINT ( 'NONE',  ( 0.000000000000000000, 2.000000000000001776, 0.000000000000000000 ) ) ;
#1367 = ORIENTED_EDGE ( 'NONE', *, *, #1548, .F. ) ;
#1368 = DIRECTION ( 'NONE',  ( 0.000000000000000000, 0.000000000000000000, 1.000000000000000000 ) ) ;
#1369 = ORIENTED_EDGE ( 'NONE', *, *, #3750, .T. ) ;
#1370 = DIRECTION ( 'NONE',  ( -0.000000000000000000, 1.000000000000000000, -0.000000000000000000 ) ) ;
#1371 = DIRECTION ( 'NONE',  ( -0.000000000000000000, 1.000000000000000000, -0.000000000000000000 ) ) ;
#1372 = CYLINDRICAL_SURFACE ( 'NONE', #463, 3.250000000000002665 ) ;
#1373 = ORIENTED_EDGE ( 'NONE', *, *, #2137, .F. ) ;
#1374 = COORDINATED_UNIVERSAL_TIME_OFFSET ( 8, 0, .AHEAD. ) ;
#1375 = CARTESIAN_POINT ( 'NONE',  ( 0.000000000000000000, 1.734723475976807094E-15, 30.79999999999999716 ) ) ;
#1376 = VERTEX_POINT ( 'NONE', #814 ) ;
#1377 = EDGE_LOOP ( 'NONE', ( #3465, #2036 ) ) ;
#1378 = DIRECTION ( 'NONE',  ( -0.000000000000000000, 1.000000000000000000, -0.000000000000000000 ) ) ;
#1379 = DIRECTION ( 'NONE',  ( -0.000000000000000000, 1.000000000000000000, -0.000000000000000000 ) ) ;
#1380 = VECTOR ( 'NONE', #61, 1000.000000000000000 ) ;
#1381 = DIRECTION ( 'NONE',  ( 0.000000000000000000, -0.000000000000000000, 1.000000000000000000 ) ) ;
#1382 = AXIS2_PLACEMENT_3D ( 'NONE', #3574, #2105, #1147 ) ;
#1383 = ADVANCED_FACE ( 'NONE', ( #462 ), #2829, .F. ) ;
#1384 = VERTEX_POINT ( 'NONE', #1375 ) ;
#1385 = CARTESIAN_POINT ( 'NONE',  ( -74.39999999999994884, 0.000000000000000000, 130.4999999999996874 ) ) ;
#1386 = ORIENTED_EDGE ( 'NONE', *, *, #616, .T. ) ;
#1387 = CYLINDRICAL_SURFACE ( 'NONE', #3808, 3.250000000000002665 ) ;
#1388 = ADVANCED_FACE ( 'NONE', ( #1478 ), #82, .F. ) ;
#1389 = CIRCLE ( 'NONE', #1453, 3.299999999999997158 ) ;
#1390 = EDGE_LOOP ( 'NONE', ( #715, #3239 ) ) ;
#1391 = DIRECTION ( 'NONE',  ( -0.000000000000000000, 1.000000000000000000, -0.000000000000000000 ) ) ;
#1392 = AXIS2_PLACEMENT_3D ( 'NONE', #3204, #3833, #1141 ) ;
#1393 = DIRECTION ( 'NONE',  ( 0.000000000000000000, 0.000000000000000000, 1.000000000000000000 ) ) ;
#1394 = DIRECTION ( 'NONE',  ( 0.000000000000000000, 1.000000000000000000, 0.000000000000000000 ) ) ;
#1395 = AXIS2_PLACEMENT_3D ( 'NONE', #246, #3219, #1433 ) ;
#1396 = AXIS2_PLACEMENT_3D ( 'NONE', #497, #1681, #1393 ) ;
#1397 = ORIENTED_EDGE ( 'NONE', *, *, #721, .F. ) ;
#1398 = DATE_AND_TIME ( #1666, #2710 ) ;
#1399 = CARTESIAN_POINT ( 'NONE',  ( -74.42024260179678663, 10.00000000000000000, -135.0000000000003126 ) ) ;
#1400 = CIRCLE ( 'NONE', #1206, 4.500000000000003553 ) ;
#1401 = ORIENTED_EDGE ( 'NONE', *, *, #2948, .F. ) ;
#1402 = VECTOR ( 'NONE', #2391, 1000.000000000000000 ) ;
#1403 = ADVANCED_FACE ( 'NONE', ( #2382 ), #593, .T. ) ;
#1404 = ORIENTED_EDGE ( 'NONE', *, *, #361, .T. ) ;
#1405 = DIRECTION ( 'NONE',  ( 0.000000000000000000, 0.000000000000000000, 1.000000000000000000 ) ) ;
#1406 = LINE ( 'NONE', #3779, #895 ) ;
#1407 = CIRCLE ( 'NONE', #225, 223.0000000000000853 ) ;
#1408 = DIRECTION ( 'NONE',  ( 0.000000000000000000, 0.000000000000000000, 1.000000000000000000 ) ) ;
#1409 = AXIS2_PLACEMENT_3D ( 'NONE', #1173, #3264, #308 ) ;
#1410 = ORIENTED_EDGE ( 'NONE', *, *, #737, .F. ) ;
#1411 = LINE ( 'NONE', #508, #3306 ) ;
#1412 = LINE ( 'NONE', #3672, #2135 ) ;
#1413 = ADVANCED_FACE ( 'NONE', ( #2655 ), #871, .F. ) ;
#1414 = ORIENTED_EDGE ( 'NONE', *, *, #3166, .T. ) ;
#1415 = CARTESIAN_POINT ( 'NONE',  ( 116.3798940491453351, 0.000000000000000000, -99.03159479061517345 ) ) ;
#1416 = PERSON ( 'UNSPECIFIED', 'UNSPECIFIED', 'UNSPECIFIED', ('UNSPECIFIED'), ('UNSPECIFIED'), ('UNSPECIFIED') ) ;
#1417 = DIRECTION ( 'NONE',  ( -0.000000000000000000, 1.000000000000000000, -0.000000000000000000 ) ) ;
#1418 = CARTESIAN_POINT ( 'NONE',  ( -116.3504395653500580, 0.000000000000000000, 95.87379739473679763 ) ) ;
#1419 = EDGE_CURVE ( 'NONE', #2762, #3383, #3738, .T. ) ;
#1420 = VERTEX_POINT ( 'NONE', #318 ) ;
#1421 = ORIENTED_EDGE ( 'NONE', *, *, #595, .T. ) ;
#1422 = VERTEX_POINT ( 'NONE', #2638 ) ;
#1423 = DIRECTION ( 'NONE',  ( -0.000000000000000000, 1.000000000000000000, -0.000000000000000000 ) ) ;
#1424 = CARTESIAN_POINT ( 'NONE',  ( 116.3485199889830000, 0.000000000000000000, 95.90517145489961592 ) ) ;
#1425 = APPLICATION_PROTOCOL_DEFINITION ( 'international standard', 'config_control_design', 1994, #1351 ) ;
#1426 = DIRECTION ( 'NONE',  ( -0.000000000000000000, -1.000000000000000000, -0.000000000000000000 ) ) ;
#1427 = CARTESIAN_POINT ( 'NONE',  ( 0.000000000000000000, 10.00000000000000000, -47.00000000000000000 ) ) ;
#1428 = DIRECTION ( 'NONE',  ( -0.000000000000000000, 1.000000000000000000, -0.000000000000000000 ) ) ;
#1429 = ORIENTED_EDGE ( 'NONE', *, *, #3350, .F. ) ;
#1430 = DIRECTION ( 'NONE',  ( 0.000000000000000000, 0.000000000000000000, 1.000000000000000000 ) ) ;
#1431 = EDGE_CURVE ( 'NONE', #435, #100, #2190, .T. ) ;
#1432 = CARTESIAN_POINT ( 'NONE',  ( -47.00000000000000000, 5.850000000000004086, -4.922988687768817400E-13 ) ) ;
#1433 = DIRECTION ( 'NONE',  ( 0.000000000000000000, 0.000000000000000000, 1.000000000000000000 ) ) ;
#1434 = ORIENTED_EDGE ( 'NONE', *, *, #2826, .F. ) ;
#1435 = EDGE_CURVE ( 'NONE', #603, #49, #453, .T. ) ;
#1436 = DIRECTION ( 'NONE',  ( 0.000000000000000000, 0.000000000000000000, 1.000000000000000000 ) ) ;
#1437 = EDGE_CURVE ( 'NONE', #1757, #801, #3533, .T. ) ;
#1438 = ORIENTED_EDGE ( 'NONE', *, *, #2001, .T. ) ;
#1439 = FACE_OUTER_BOUND ( 'NONE', #2764, .T. ) ;
#1440 = DIRECTION ( 'NONE',  ( 0.000000000000000000, 1.000000000000000000, 0.000000000000000000 ) ) ;
#1441 = PERSON_AND_ORGANIZATION_ROLE ( 'creator' ) ;
#1442 = FACE_OUTER_BOUND ( 'NONE', #87, .T. ) ;
#1443 = CIRCLE ( 'NONE', #1252, 3.299999999999997158 ) ;
#1444 = CARTESIAN_POINT ( 'NONE',  ( 0.000000000000000000, 8.000000000000081712, -225.0000000000000000 ) ) ;
#1445 = CARTESIAN_POINT ( 'NONE',  ( 33.23401871576756150, 10.00000000000000000, 37.73401871576789546 ) ) ;
#1446 = EDGE_CURVE ( 'NONE', #3469, #472, #1942, .T. ) ;
#1447 = ORIENTED_EDGE ( 'NONE', *, *, #3752, .F. ) ;
#1448 = CARTESIAN_POINT ( 'NONE',  ( -47.00000000000000000, 0.000000000000000000, 4.499999999999504396 ) ) ;
#1449 = FACE_OUTER_BOUND ( 'NONE', #1291, .T. ) ;
#1450 = AXIS2_PLACEMENT_3D ( 'NONE', #3670, #2236, #3155 ) ;
#1451 = VECTOR ( 'NONE', #3276, 1000.000000000000000 ) ;
#1452 = FACE_OUTER_BOUND ( 'NONE', #2963, .T. ) ;
#1453 = AXIS2_PLACEMENT_3D ( 'NONE', #176, #1011, #440 ) ;
#1454 = AXIS2_PLACEMENT_3D ( 'NONE', #3163, #2303, #188 ) ;
#1455 = VERTEX_POINT ( 'NONE', #889 ) ;
#1456 = CARTESIAN_POINT ( 'NONE',  ( 0.000000000000000000, 1.734723475976807094E-15, 27.50000000000000000 ) ) ;
#1457 = CIRCLE ( 'NONE', #521, 3.299999999999997158 ) ;
#1458 = AXIS2_PLACEMENT_3D ( 'NONE', #1750, #1178, #3770 ) ;
#1459 = EDGE_CURVE ( 'NONE', #2149, #2196, #1773, .T. ) ;
#1460 = AXIS2_PLACEMENT_3D ( 'NONE', #908, #3272, #3232 ) ;
#1461 = EDGE_LOOP ( 'NONE', ( #2114, #675, #1140, #314 ) ) ;
#1462 = VECTOR ( 'NONE', #1016, 999.9999999999998863 ) ;
#1463 = DIRECTION ( 'NONE',  ( 0.000000000000000000, 0.000000000000000000, 1.000000000000000000 ) ) ;
#1464 = EDGE_CURVE ( 'NONE', #258, #2410, #3247, .T. ) ;
#1465 = LINE ( 'NONE', #3291, #3558 ) ;
#1466 = DATE_AND_TIME ( #2931, #354 ) ;
#1467 = VECTOR ( 'NONE', #2548, 999.9999999999998863 ) ;
#1468 = AXIS2_PLACEMENT_3D ( 'NONE', #548, #902, #1731 ) ;
#1469 = FACE_OUTER_BOUND ( 'NONE', #2711, .T. ) ;
#1470 = DIRECTION ( 'NONE',  ( -0.000000000000000000, 1.000000000000000000, -0.000000000000000000 ) ) ;
#1471 = CARTESIAN_POINT ( 'NONE',  ( -63.08284835957631032, 10.00000000000000000, -16.69999999999986784 ) ) ;
#1472 = ORIENTED_EDGE ( 'NONE', *, *, #1951, .F. ) ;
#1473 = DIRECTION ( 'NONE',  ( 0.000000000000000000, 0.000000000000000000, 1.000000000000000000 ) ) ;
#1474 = LINE ( 'NONE', #1734, #2441 ) ;
#1475 = VECTOR ( 'NONE', #1240, 1000.000000000000114 ) ;
#1476 = DIRECTION ( 'NONE',  ( 0.000000000000000000, 0.000000000000000000, 1.000000000000000000 ) ) ;
#1477 = ORIENTED_EDGE ( 'NONE', *, *, #459, .F. ) ;
#1478 = FACE_OUTER_BOUND ( 'NONE', #2260, .T. ) ;
#1479 = VERTEX_POINT ( 'NONE', #2964 ) ;
#1480 = DIRECTION ( 'NONE',  ( -0.000000000000000000, 1.000000000000000000, -0.000000000000000000 ) ) ;
#1481 = CARTESIAN_POINT ( 'NONE',  ( -3.281992458512545606E-13, 0.000000000000000000, 47.00000000000000000 ) ) ;
#1482 = DIRECTION ( 'NONE',  ( 0.000000000000000000, 0.000000000000000000, 1.000000000000000000 ) ) ;
#1483 = CARTESIAN_POINT ( 'NONE',  ( 135.0000000000000000, 0.000000000000000000, 130.4999999999999432 ) ) ;
#1484 = ADVANCED_FACE ( 'NONE', ( #2327 ), #912, .F. ) ;
#1485 = VERTEX_POINT ( 'NONE', #2086 ) ;
#1486 = CARTESIAN_POINT ( 'NONE',  ( 0.000000000000000000, 7.000000000000000000, -27.50000000000000000 ) ) ;
#1487 = CARTESIAN_POINT ( 'NONE',  ( -2.500000000000067502, 10.00000000000000000, -77.28284835957710186 ) ) ;
#1488 = EDGE_LOOP ( 'NONE', ( #2482, #3598, #495, #1987 ) ) ;
#1489 = LINE ( 'NONE', #2358, #2693 ) ;
#1490 = ORIENTED_EDGE ( 'NONE', *, *, #571, .T. ) ;
#1491 = ADVANCED_FACE ( 'NONE', ( #3274 ), #610, .F. ) ;
#1492 = DIRECTION ( 'NONE',  ( 0.000000000000000000, 0.000000000000000000, 1.000000000000000000 ) ) ;
#1493 = ORIENTED_EDGE ( 'NONE', *, *, #1829, .F. ) ;
#1494 = CARTESIAN_POINT ( 'NONE',  ( 33.23401871576779598, 10.00000000000000000, -33.23401871576767519 ) ) ;
#1495 = ORIENTED_EDGE ( 'NONE', *, *, #1985, .T. ) ;
#1496 = DIRECTION ( 'NONE',  ( -0.000000000000000000, 1.000000000000000000, -0.000000000000000000 ) ) ;
#1497 = DIRECTION ( 'NONE',  ( 0.000000000000000000, 0.000000000000000000, 1.000000000000000000 ) ) ;
#1498 = FACE_BOUND ( 'NONE', #3045, .T. ) ;
#1499 = EDGE_CURVE ( 'NONE', #2271, #120, #1872, .T. ) ;
#1500 = ORIENTED_EDGE ( 'NONE', *, *, #1970, .T. ) ;
#1501 = LINE ( 'NONE', #2973, #3044 ) ;
#1502 = DIRECTION ( 'NONE',  ( 0.000000000000000000, 0.000000000000000000, 1.000000000000000000 ) ) ;
#1503 = EDGE_CURVE ( 'NONE', #1384, #2559, #1511, .T. ) ;
#1504 = VERTEX_POINT ( 'NONE', #1724 ) ;
#1505 = CARTESIAN_POINT ( 'NONE',  ( 135.0000000000000000, 10.00000000000000000, -135.0000000000000000 ) ) ;
#1506 = CIRCLE ( 'NONE', #320, 3.299999999999997158 ) ;
#1507 = ORIENTED_EDGE ( 'NONE', *, *, #1551, .F. ) ;
#1508 = CIRCLE ( 'NONE', #3794, 8.649999999999998579 ) ;
#1509 = DIRECTION ( 'NONE',  ( 0.000000000000000000, 0.000000000000000000, 1.000000000000000000 ) ) ;
#1510 = AXIS2_PLACEMENT_3D ( 'NONE', #1427, #1156, #2316 ) ;
#1511 = CIRCLE ( 'NONE', #1572, 3.299999999999997158 ) ;
#1512 = EDGE_LOOP ( 'NONE', ( #2287, #1554 ) ) ;
#1513 = CARTESIAN_POINT ( 'NONE',  ( -3.276481547916382399E-13, 10.00000000000000000, 42.50000000000000000 ) ) ;
#1514 = AXIS2_PLACEMENT_3D ( 'NONE', #906, #2082, #828 ) ;
#1515 = ORIENTED_EDGE ( 'NONE', *, *, #2489, .F. ) ;
#1516 = CARTESIAN_POINT ( 'NONE',  ( -47.00000000000000000, 10.00000000000000000, -4.922988687768817400E-13 ) ) ;
#1517 = CARTESIAN_POINT ( 'NONE',  ( 95.84242333457314089, 10.00000000000000000, 116.4112681093095887 ) ) ;
#1518 = FACE_BOUND ( 'NONE', #2832, .T. ) ;
#1519 = AXIS2_PLACEMENT_3D ( 'NONE', #1595, #113, #1612 ) ;
#1520 = EDGE_LOOP ( 'NONE', ( #1272, #1978 ) ) ;
#1521 = CARTESIAN_POINT ( 'NONE',  ( -47.00000000000000000, 10.00000000000000000, 8.649999999999504752 ) ) ;
#1522 = DIRECTION ( 'NONE',  ( -0.000000000000000000, 1.000000000000000000, -0.000000000000000000 ) ) ;
#1523 = EDGE_LOOP ( 'NONE', ( #2707, #3202 ) ) ;
#1524 = DIRECTION ( 'NONE',  ( -0.000000000000000000, 1.000000000000000000, -0.000000000000000000 ) ) ;
#1525 = EDGE_CURVE ( 'NONE', #3139, #3015, #394, .T. ) ;
#1526 = CIRCLE ( 'NONE', #1745, 4.500000000000003553 ) ;
#1527 = ORIENTED_EDGE ( 'NONE', *, *, #1672, .F. ) ;
#1528 = CARTESIAN_POINT ( 'NONE',  ( -134.9999999999999432, 10.00000000000000000, -139.5000000000000000 ) ) ;
#1529 = FACE_OUTER_BOUND ( 'NONE', #3595, .T. ) ;
#1530 = EDGE_CURVE ( 'NONE', #1455, #947, #2617, .T. ) ;
#1531 = EDGE_LOOP ( 'NONE', ( #1493, #1145, #2237, #3388 ) ) ;
#1532 = DIRECTION ( 'NONE',  ( -0.000000000000000000, 1.000000000000000000, -0.000000000000000000 ) ) ;
#1533 = ORIENTED_EDGE ( 'NONE', *, *, #2472, .F. ) ;
#1534 = DIRECTION ( 'NONE',  ( 0.000000000000000000, 0.000000000000000000, 1.000000000000000000 ) ) ;
#1535 = EDGE_CURVE ( 'NONE', #2015, #850, #3081, .T. ) ;
#1536 = DIRECTION ( 'NONE',  ( 0.000000000000000000, 1.000000000000000000, 0.000000000000000000 ) ) ;
#1537 = CARTESIAN_POINT ( 'NONE',  ( 33.23401871576756150, 0.000000000000000000, 28.73401871576790256 ) ) ;
#1538 = ORIENTED_EDGE ( 'NONE', *, *, #1499, .F. ) ;
#1539 = CARTESIAN_POINT ( 'NONE',  ( 0.000000000000000000, 10.00000000000000000, -225.0000000000000000 ) ) ;
#1540 = FACE_OUTER_BOUND ( 'NONE', #1704, .T. ) ;
#1541 = VERTEX_POINT ( 'NONE', #2162 ) ;
#1542 = CARTESIAN_POINT ( 'NONE',  ( 33.23401871576756150, 5.850000000000004086, 37.73401871576789546 ) ) ;
#1543 = EDGE_CURVE ( 'NONE', #390, #1167, #1260, .T. ) ;
#1544 = ORIENTED_EDGE ( 'NONE', *, *, #816, .F. ) ;
#1545 = DIRECTION ( 'NONE',  ( -0.000000000000000000, 1.000000000000000000, -0.000000000000000000 ) ) ;
#1546 = CARTESIAN_POINT ( 'NONE',  ( -135.0000000000000568, 10.00000000000000000, 74.39999999999994884 ) ) ;
#1547 = FACE_BOUND ( 'NONE', #186, .T. ) ;
#1548 = EDGE_CURVE ( 'NONE', #2149, #3561, #3307, .T. ) ;
#1549 = EDGE_LOOP ( 'NONE', ( #1897, #542, #2283, #366 ) ) ;
#1550 = EDGE_LOOP ( 'NONE', ( #3179, #3489, #3640, #645 ) ) ;
#1551 = EDGE_CURVE ( 'NONE', #3582, #939, #3439, .T. ) ;
#1552 = CARTESIAN_POINT ( 'NONE',  ( -2.500000000000067502, 0.000000000000000000, -80.58284835957709902 ) ) ;
#1553 = FACE_BOUND ( 'NONE', #941, .T. ) ;
#1554 = ORIENTED_EDGE ( 'NONE', *, *, #3233, .T. ) ;
#1555 = CARTESIAN_POINT ( 'NONE',  ( -74.39999999999994884, 10.00000000000000000, 134.9999999999997158 ) ) ;
#1556 = ORIENTED_EDGE ( 'NONE', *, *, #1688, .F. ) ;
#1557 = LINE ( 'NONE', #2428, #1271 ) ;
#1558 = ORIENTED_EDGE ( 'NONE', *, *, #1364, .T. ) ;
#1559 = CARTESIAN_POINT ( 'NONE',  ( -95.81296885077719594, 0.000000000000000000, -119.5690655051871403 ) ) ;
#1560 = AXIS2_PLACEMENT_3D ( 'NONE', #121, #3698, #3675 ) ;
#1561 = CARTESIAN_POINT ( 'NONE',  ( 0.000000000000000000, 7.000000000000000000, 27.50000000000000000 ) ) ;
#1562 = AXIS2_PLACEMENT_3D ( 'NONE', #2605, #3168, #1936 ) ;
#1563 = ORIENTED_EDGE ( 'NONE', *, *, #3826, .F. ) ;
#1564 = FACE_OUTER_BOUND ( 'NONE', #613, .T. ) ;
#1565 = VERTEX_POINT ( 'NONE', #2779 ) ;
#1566 = CIRCLE ( 'NONE', #3799, 4.499999999999997335 ) ;
#1567 = AXIS2_PLACEMENT_3D ( 'NONE', #1726, #2540, #3421 ) ;
#1568 = EDGE_CURVE ( 'NONE', #1952, #1269, #1808, .T. ) ;
#1569 = EDGE_CURVE ( 'NONE', #511, #467, #1696, .T. ) ;
#1570 = AXIS2_PLACEMENT_3D ( 'NONE', #1111, #274, #1809 ) ;
#1571 = EDGE_LOOP ( 'NONE', ( #589, #1592 ) ) ;
#1572 = AXIS2_PLACEMENT_3D ( 'NONE', #1456, #835, #541 ) ;
#1573 = DIRECTION ( 'NONE',  ( -0.000000000000000000, 1.000000000000000000, -0.000000000000000000 ) ) ;
#1574 = FACE_OUTER_BOUND ( 'NONE', #1026, .T. ) ;
#1575 = CIRCLE ( 'NONE', #3379, 3.250000000000002665 ) ;
#1576 = AXIS2_PLACEMENT_3D ( 'NONE', #880, #2960, #3231 ) ;
#1577 = EDGE_CURVE ( 'NONE', #922, #907, #2455, .T. ) ;
#1578 = CIRCLE ( 'NONE', #1088, 4.499999999999997335 ) ;
#1579 = VERTEX_POINT ( 'NONE', #3335 ) ;
#1580 = DIRECTION ( 'NONE',  ( -0.000000000000000000, 1.000000000000000000, -0.000000000000000000 ) ) ;
#1581 = CARTESIAN_POINT ( 'NONE',  ( 135.0000000000000000, 10.00000000000000000, 139.4999999999999432 ) ) ;
#1582 = EDGE_LOOP ( 'NONE', ( #3603, #273, #1164, #180 ) ) ;
#1583 = CARTESIAN_POINT ( 'NONE',  ( 74.42024260179678663, 10.00000000000000000, -134.9999999999999716 ) ) ;
#1584 = AXIS2_PLACEMENT_3D ( 'NONE', #3557, #1428, #1131 ) ;
#1585 = VERTEX_POINT ( 'NONE', #670 ) ;
#1586 = CARTESIAN_POINT ( 'NONE',  ( 0.000000000000000000, 10.00000000000000000, -38.35000000000000142 ) ) ;
#1587 = DIRECTION ( 'NONE',  ( -0.000000000000000000, 1.000000000000000000, -0.000000000000000000 ) ) ;
#1588 = AXIS2_PLACEMENT_3D ( 'NONE', #3026, #1878, #2111 ) ;
#1589 = FACE_BOUND ( 'NONE', #2827, .T. ) ;
#1590 = EDGE_LOOP ( 'NONE', ( #1922, #1109 ) ) ;
#1591 = VERTEX_POINT ( 'NONE', #400 ) ;
#1592 = ORIENTED_EDGE ( 'NONE', *, *, #283, .T. ) ;
#1593 = ADVANCED_FACE ( 'NONE', ( #1849 ), #2475, .F. ) ;
#1594 = CARTESIAN_POINT ( 'NONE',  ( 46.99999999999999289, 10.00000000000000000, 1.640996229256272803E-13 ) ) ;
#1595 = CARTESIAN_POINT ( 'NONE',  ( 0.000000000000000000, 7.000000000000000000, -27.50000000000000000 ) ) ;
#1596 = ORIENTED_EDGE ( 'NONE', *, *, #2291, .T. ) ;
#1597 = FACE_OUTER_BOUND ( 'NONE', #3630, .T. ) ;
#1598 = EDGE_LOOP ( 'NONE', ( #3167, #317, #2256, #3101 ) ) ;
#1599 = DIRECTION ( 'NONE',  ( 0.000000000000000000, 0.000000000000000000, 1.000000000000000000 ) ) ;
#1600 = EDGE_CURVE ( 'NONE', #827, #3053, #1322, .T. ) ;
#1601 = ORIENTED_EDGE ( 'NONE', *, *, #1718, .F. ) ;
#1602 = DIRECTION ( 'NONE',  ( -0.000000000000000000, 1.000000000000000000, -0.000000000000000000 ) ) ;
#1603 = DIRECTION ( 'NONE',  ( -0.000000000000000000, 1.000000000000000000, -0.000000000000000000 ) ) ;
#1604 = CARTESIAN_POINT ( 'NONE',  ( 0.000000000000000000, 10.00000000000000000, -47.00000000000000000 ) ) ;
#1605 = VERTEX_POINT ( 'NONE', #655 ) ;
#1606 = CARTESIAN_POINT ( 'NONE',  ( -33.23401871576802336, 10.00000000000000000, 33.23401871576744782 ) ) ;
#1607 = CARTESIAN_POINT ( 'NONE',  ( 0.000000000000000000, 10.00000000000000000, 27.50000000000000000 ) ) ;
#1608 = EDGE_LOOP ( 'NONE', ( #1289, #3334 ) ) ;
#1609 = EDGE_CURVE ( 'NONE', #2845, #1169, #1834, .T. ) ;
#1610 = EDGE_LOOP ( 'NONE', ( #2981, #373, #2222, #301 ) ) ;
#1611 = CARTESIAN_POINT ( 'NONE',  ( 4.041334437186264524E-16, 1.734723475976807094E-15, 24.20000000000000284 ) ) ;
#1612 = DIRECTION ( 'NONE',  ( 0.000000000000000000, 0.000000000000000000, 1.000000000000000000 ) ) ;
#1613 = CARTESIAN_POINT ( 'NONE',  ( -95.81296885077719594, 10.00000000000000000, -116.3190655051871403 ) ) ;
#1614 = DIRECTION ( 'NONE',  ( 0.000000000000000000, 0.000000000000000000, 1.000000000000000000 ) ) ;
#1615 = ORIENTED_EDGE ( 'NONE', *, *, #2713, .T. ) ;
#1616 = LINE ( 'NONE', #2792, #2446 ) ;
#1617 = ADVANCED_FACE ( 'NONE', ( #2178 ), #3018, .F. ) ;
#1618 = ADVANCED_FACE ( 'NONE', ( #2728 ), #66, .F. ) ;
#1619 = EDGE_CURVE ( 'NONE', #110, #423, #398, .T. ) ;
#1620 = ORIENTED_EDGE ( 'NONE', *, *, #3342, .F. ) ;
#1621 = DIRECTION ( 'NONE',  ( 0.000000000000000000, 0.000000000000000000, 1.000000000000000000 ) ) ;
#1622 = CARTESIAN_POINT ( 'NONE',  ( -3.281992458512545606E-13, 10.00000000000000000, 55.64999999999999858 ) ) ;
#1623 = CARTESIAN_POINT ( 'NONE',  ( 135.0000000000000000, 0.000000000000000000, -135.0000000000000000 ) ) ;
#1624 = EDGE_LOOP ( 'NONE', ( #3604, #3412 ) ) ;
#1625 = CIRCLE ( 'NONE', #2925, 3.250000000000002665 ) ;
#1626 = LINE ( 'NONE', #2209, #718 ) ;
#1627 = FACE_OUTER_BOUND ( 'NONE', #834, .T. ) ;
#1628 = ORIENTED_EDGE ( 'NONE', *, *, #716, .F. ) ;
#1629 = VECTOR ( 'NONE', #1244, 1000.000000000000000 ) ;
#1630 = ORIENTED_EDGE ( 'NONE', *, *, #2024, .T. ) ;
#1631 = CIRCLE ( 'NONE', #1938, 4.499999999999997335 ) ;
#1632 = CYLINDRICAL_SURFACE ( 'NONE', #146, 3.250000000000002665 ) ;
#1633 = FACE_OUTER_BOUND ( 'NONE', #592, .T. ) ;
#1634 = AXIS2_PLACEMENT_3D ( 'NONE', #1205, #3025, #2755 ) ;
#1635 = VECTOR ( 'NONE', #1251, 1000.000000000000114 ) ;
#1636 = ORIENTED_EDGE ( 'NONE', *, *, #2107, .F. ) ;
#1637 = CARTESIAN_POINT ( 'NONE',  ( -33.23401871576733413, 10.00000000000000000, -33.23401871576813704 ) ) ;
#1638 = AXIS2_PLACEMENT_3D ( 'NONE', #1432, #3486, #2044 ) ;
#1639 = ORIENTED_EDGE ( 'NONE', *, *, #319, .T. ) ;
#1640 = DIRECTION ( 'NONE',  ( 0.000000000000000000, 0.000000000000000000, 1.000000000000000000 ) ) ;
#1641 = VECTOR ( 'NONE', #2669, 1000.000000000000000 ) ;
#1642 = CIRCLE ( 'NONE', #464, 4.500000000000003553 ) ;
#1643 = ORIENTED_EDGE ( 'NONE', *, *, #3268, .T. ) ;
#1644 = DIRECTION ( 'NONE',  ( -0.000000000000000000, 1.000000000000000000, -0.000000000000000000 ) ) ;
#1645 = CARTESIAN_POINT ( 'NONE',  ( 0.000000000000000000, 10.00000000000000000, -21.19999999999999929 ) ) ;
#1646 = DIRECTION ( 'NONE',  ( 0.000000000000000000, 1.000000000000000000, -0.000000000000000000 ) ) ;
#1647 = AXIS2_PLACEMENT_3D ( 'NONE', #790, #1907, #1973 ) ;
#1648 = AXIS2_PLACEMENT_3D ( 'NONE', #3196, #533, #297 ) ;
#1649 = ORIENTED_EDGE ( 'NONE', *, *, #1151, .T. ) ;
#1650 = CYLINDRICAL_SURFACE ( 'NONE', #3078, 4.499999999999997335 ) ;
#1651 = EDGE_LOOP ( 'NONE', ( #1904, #2789 ) ) ;
#1652 = EDGE_CURVE ( 'NONE', #1169, #1029, #2797, .T. ) ;
#1653 = ORIENTED_EDGE ( 'NONE', *, *, #1464, .T. ) ;
#1654 = DIRECTION ( 'NONE',  ( -0.000000000000000000, 1.000000000000000000, -0.000000000000000000 ) ) ;
#1655 = CARTESIAN_POINT ( 'NONE',  ( 135.0000000000000000, 10.00000000000000000, 134.9999999999999432 ) ) ;
#1656 = CARTESIAN_POINT ( 'NONE',  ( -74.42024260179678663, 10.00000000000000000, -130.5000000000003126 ) ) ;
#1657 = ORIENTED_EDGE ( 'NONE', *, *, #3407, .F. ) ;
#1658 = CARTESIAN_POINT ( 'NONE',  ( 4.041334437186265510E-16, 7.000000000000000000, -30.79999999999999716 ) ) ;
#1659 = ORIENTED_EDGE ( 'NONE', *, *, #3404, .F. ) ;
#1660 = CARTESIAN_POINT ( 'NONE',  ( 33.23401871576779598, 0.000000000000000000, -33.23401871576767519 ) ) ;
#1661 = ORIENTED_EDGE ( 'NONE', *, *, #3279, .T. ) ;
#1662 = CARTESIAN_POINT ( 'NONE',  ( -95.84434291094001424, 0.000000000000000000, 113.1298940491465856 ) ) ;
#1663 = DIRECTION ( 'NONE',  ( 0.000000000000000000, 0.000000000000000000, 1.000000000000000000 ) ) ;
#1664 = DIRECTION ( 'NONE',  ( 0.000000000000000000, 0.000000000000000000, 1.000000000000000000 ) ) ;
#1665 = ORIENTED_EDGE ( 'NONE', *, *, #2687, .T. ) ;
#1666 = CALENDAR_DATE ( 2026, 24, 3 ) ;
#1667 = DIRECTION ( 'NONE',  ( 0.000000000000000000, 0.000000000000000000, 1.000000000000000000 ) ) ;
#1668 = ORIENTED_EDGE ( 'NONE', *, *, #1896, .T. ) ;
#1669 = EDGE_CURVE ( 'NONE', #2602, #827, #204, .T. ) ;
#1670 = VERTEX_POINT ( 'NONE', #3395 ) ;
#1671 = CARTESIAN_POINT ( 'NONE',  ( 37.50000000000137135, 10.00000000000000000, 80.58284835958099279 ) ) ;
#1672 = EDGE_CURVE ( 'NONE', #676, #3661, #2242, .T. ) ;
#1673 = DIRECTION ( 'NONE',  ( -0.000000000000000000, 1.000000000000000000, -0.000000000000000000 ) ) ;
#1674 = DIRECTION ( 'NONE',  ( 0.000000000000000000, 1.000000000000000000, 0.000000000000000000 ) ) ;
#1675 = ORIENTED_EDGE ( 'NONE', *, *, #3214, .T. ) ;
#1676 = CARTESIAN_POINT ( 'NONE',  ( -33.23401871576733413, 10.00000000000000000, -33.23401871576813704 ) ) ;
#1677 = EDGE_LOOP ( 'NONE', ( #882, #3796, #2051, #430 ) ) ;
#1678 = CARTESIAN_POINT ( 'NONE',  ( -134.9999999999999432, 0.000000000000000000, 134.9999999999999432 ) ) ;
#1679 = ORIENTED_EDGE ( 'NONE', *, *, #248, .T. ) ;
#1680 = DIRECTION ( 'NONE',  ( -0.000000000000000000, 1.000000000000000000, -0.000000000000000000 ) ) ;
#1681 = DIRECTION ( 'NONE',  ( -0.000000000000000000, 1.000000000000000000, -0.000000000000000000 ) ) ;
#1682 = DIRECTION ( 'NONE',  ( -0.000000000000000000, 1.000000000000000000, -0.000000000000000000 ) ) ;
#1683 = ORIENTED_EDGE ( 'NONE', *, *, #1600, .T. ) ;
#1684 = PERSON_AND_ORGANIZATION_ROLE ( 'design_supplier' ) ;
#1685 = ORIENTED_EDGE ( 'NONE', *, *, #1049, .F. ) ;
#1686 = EDGE_LOOP ( 'NONE', ( #350, #446 ) ) ;
#1687 = DIRECTION ( 'NONE',  ( 0.000000000000000000, 0.000000000000000000, 1.000000000000000000 ) ) ;
#1688 = EDGE_CURVE ( 'NONE', #2424, #1317, #2259, .T. ) ;
#1689 = DIRECTION ( 'NONE',  ( -0.000000000000000000, 1.000000000000000000, -0.000000000000000000 ) ) ;
#1690 = CIRCLE ( 'NONE', #888, 3.299999999999997158 ) ;
#1691 = EDGE_CURVE ( 'NONE', #1605, #777, #836, .T. ) ;
#1692 = ORIENTED_EDGE ( 'NONE', *, *, #1435, .T. ) ;
#1693 = CARTESIAN_POINT ( 'NONE',  ( 37.50000000000137135, 10.00000000000000000, 80.58284835958099279 ) ) ;
#1694 = DIRECTION ( 'NONE',  ( 0.000000000000000000, 0.000000000000000000, 1.000000000000000000 ) ) ;
#1695 = AXIS2_PLACEMENT_3D ( 'NONE', #1780, #1241, #1497 ) ;
#1696 = CIRCLE ( 'NONE', #833, 3.299999999999997158 ) ;
#1697 = EDGE_CURVE ( 'NONE', #382, #3105, #2860, .T. ) ;
#1698 = AXIS2_PLACEMENT_3D ( 'NONE', #3177, #749, #3771 ) ;
#1699 = ORIENTED_EDGE ( 'NONE', *, *, #3065, .F. ) ;
#1700 = AXIS2_PLACEMENT_3D ( 'NONE', #184, #3755, #3676 ) ;
#1701 = DIRECTION ( 'NONE',  ( 0.000000000000000000, 0.000000000000000000, 1.000000000000000000 ) ) ;
#1702 = CARTESIAN_POINT ( 'NONE',  ( -33.23401871576802336, 5.850000000000004086, 33.23401871576744782 ) ) ;
#1703 = AXIS2_PLACEMENT_3D ( 'NONE', #516, #1060, #2301 ) ;
#1704 = EDGE_LOOP ( 'NONE', ( #3089, #1533, #870, #1122 ) ) ;
#1705 = CIRCLE ( 'NONE', #844, 4.499999999999997335 ) ;
#1706 = ORIENTED_EDGE ( 'NONE', *, *, #643, .F. ) ;
#1707 = VECTOR ( 'NONE', #1051, 1000.000000000000000 ) ;
#1708 = EDGE_LOOP ( 'NONE', ( #2161, #1500, #2903, #1893 ) ) ;
#1709 = CARTESIAN_POINT ( 'NONE',  ( 135.0000000000000000, 0.000000000000000000, 139.4999999999999432 ) ) ;
#1710 = EDGE_LOOP ( 'NONE', ( #2867, #1342 ) ) ;
#1711 = DIRECTION ( 'NONE',  ( -0.000000000000000000, 1.000000000000000000, -0.000000000000000000 ) ) ;
#1712 = AXIS2_PLACEMENT_3D ( 'NONE', #1365, #444, #2545 ) ;
#1713 = PERSON_AND_ORGANIZATION_ROLE ( 'design_owner' ) ;
#1714 = AXIS2_PLACEMENT_3D ( 'NONE', #3401, #461, #1338 ) ;
#1715 = CARTESIAN_POINT ( 'NONE',  ( 27.50000000000000000, 10.00000000000000000, 0.000000000000000000 ) ) ;
#1716 = FACE_OUTER_BOUND ( 'NONE', #3737, .T. ) ;
#1717 = CARTESIAN_POINT ( 'NONE',  ( -95.84434291094001424, 0.000000000000000000, 116.3798940491465856 ) ) ;
#1718 = EDGE_CURVE ( 'NONE', #3441, #857, #3621, .T. ) ;
#1719 = ORIENTED_EDGE ( 'NONE', *, *, #2305, .F. ) ;
#1720 = DIRECTION ( 'NONE',  ( -0.000000000000000000, 1.000000000000000000, -0.000000000000000000 ) ) ;
#1721 = EDGE_CURVE ( 'NONE', #3199, #120, #1080, .T. ) ;
#1722 = LINE ( 'NONE', #568, #1641 ) ;
#1723 = ORIENTED_EDGE ( 'NONE', *, *, #2884, .T. ) ;
#1724 = CARTESIAN_POINT ( 'NONE',  ( -2.499999999998570921, 10.00000000000000000, 83.88284835958100416 ) ) ;
#1725 = EDGE_LOOP ( 'NONE', ( #3426, #625 ) ) ;
#1726 = CARTESIAN_POINT ( 'NONE',  ( -3.281992458512545606E-13, 10.00000000000000000, 47.00000000000000000 ) ) ;
#1727 = CARTESIAN_POINT ( 'NONE',  ( 46.99999999999999289, 5.850000000000004086, 1.640996229256272803E-13 ) ) ;
#1728 = PERSON_AND_ORGANIZATION ( #1416, #3386 ) ;
#1729 = DIRECTION ( 'NONE',  ( 0.000000000000000000, 0.000000000000000000, 1.000000000000000000 ) ) ;
#1730 = CYLINDRICAL_SURFACE ( 'NONE', #3195, 3.299999999999997158 ) ;
#1731 = DIRECTION ( 'NONE',  ( 0.000000000000000000, 0.000000000000000000, 1.000000000000000000 ) ) ;
#1732 = ORIENTED_EDGE ( 'NONE', *, *, #514, .F. ) ;
#1733 = DIRECTION ( 'NONE',  ( -0.000000000000000000, 1.000000000000000000, -0.000000000000000000 ) ) ;
#1734 = CARTESIAN_POINT ( 'NONE',  ( 135.0000000000000000, 10.00000000000000000, 139.4999999999999432 ) ) ;
#1735 = CARTESIAN_POINT ( 'NONE',  ( 27.50000000000000000, 10.00000000000000000, -3.299999999999997158 ) ) ;
#1736 = ADVANCED_FACE ( 'NONE', ( #2514 ), #3699, .F. ) ;
#1737 = EDGE_CURVE ( 'NONE', #3139, #2220, #1307, .T. ) ;
#1738 = ORIENTED_EDGE ( 'NONE', *, *, #1419, .T. ) ;
#1739 = DIRECTION ( 'NONE',  ( 0.000000000000000000, 0.000000000000000000, 1.000000000000000000 ) ) ;
#1740 = ORIENTED_EDGE ( 'NONE', *, *, #506, .F. ) ;
#1741 = DIRECTION ( 'NONE',  ( 0.000000000000000000, 0.000000000000000000, 1.000000000000000000 ) ) ;
#1742 = CYLINDRICAL_SURFACE ( 'NONE', #2254, 3.299999999999997158 ) ;
#1743 = DIRECTION ( 'NONE',  ( 0.000000000000000000, 0.000000000000000000, 1.000000000000000000 ) ) ;
#1744 = EDGE_CURVE ( 'NONE', #1317, #2424, #1879, .T. ) ;
#1745 = AXIS2_PLACEMENT_3D ( 'NONE', #3660, #2536, #916 ) ;
#1746 = CARTESIAN_POINT ( 'NONE',  ( 33.23401871576756150, 10.00000000000000000, 41.88401871576790114 ) ) ;
#1747 = DIRECTION ( 'NONE',  ( 0.000000000000000000, 1.000000000000000000, 0.000000000000000000 ) ) ;
#1748 = VECTOR ( 'NONE', #1423, 1000.000000000000000 ) ;
#1749 = EDGE_LOOP ( 'NONE', ( #2730, #1236 ) ) ;
#1750 = CARTESIAN_POINT ( 'NONE',  ( -116.3190655051870550, 10.00000000000000000, -95.81296885077716752 ) ) ;
#1751 = AXIS2_PLACEMENT_3D ( 'NONE', #1837, #1297, #2210 ) ;
#1752 = CARTESIAN_POINT ( 'NONE',  ( -116.3504395653500580, 10.00000000000000000, 99.12379739473679763 ) ) ;
#1753 = VECTOR ( 'NONE', #685, 1000.000000000000000 ) ;
#1754 = CC_DESIGN_PERSON_AND_ORGANIZATION_ASSIGNMENT ( #1728, #1441, ( #1359 ) ) ;
#1755 = DIRECTION ( 'NONE',  ( -1.000000000000000000, 0.000000000000000000, 8.540177112501197482E-15 ) ) ;
#1756 = AXIS2_PLACEMENT_3D ( 'NONE', #2667, #588, #3200 ) ;
#1757 = VERTEX_POINT ( 'NONE', #454 ) ;
#1758 = CARTESIAN_POINT ( 'NONE',  ( 116.3485199889830000, 10.00000000000000000, 95.90517145489961592 ) ) ;
#1759 = ADVANCED_FACE ( 'NONE', ( #2490 ), #2999, .F. ) ;
#1760 = AXIS2_PLACEMENT_3D ( 'NONE', #3347, #3599, #2740 ) ;
#1761 = CIRCLE ( 'NONE', #1886, 223.0000000000000853 ) ;
#1762 = CARTESIAN_POINT ( 'NONE',  ( 7.715274834628325378E-16, 10.00000000000000000, 21.19999999999999929 ) ) ;
#1763 = CARTESIAN_POINT ( 'NONE',  ( 33.23401871576756150, 5.850000000000004086, 33.23401871576790256 ) ) ;
#1764 = CARTESIAN_POINT ( 'NONE',  ( 95.84242333457314089, 0.000000000000000000, 113.1612681093095887 ) ) ;
#1765 = EDGE_CURVE ( 'NONE', #2146, #1420, #2552, .T. ) ;
#1766 = ORIENTED_EDGE ( 'NONE', *, *, #3141, .T. ) ;
#1767 = CARTESIAN_POINT ( 'NONE',  ( -2.499999999998570477, 10.00000000000000000, 77.28284835958100984 ) ) ;
#1768 = CARTESIAN_POINT ( 'NONE',  ( 33.23401871576779598, 5.850000000000004086, -33.23401871576767519 ) ) ;
#1769 = ORIENTED_EDGE ( 'NONE', *, *, #573, .F. ) ;
#1770 = CARTESIAN_POINT ( 'NONE',  ( 135.0000000000018474, 10.00000000000000000, -78.92024260179206863 ) ) ;
#1771 = EDGE_CURVE ( 'NONE', #1565, #907, #642, .T. ) ;
#1772 = ORIENTED_EDGE ( 'NONE', *, *, #3639, .F. ) ;
#1773 = LINE ( 'NONE', #556, #2255 ) ;
#1774 = ORIENTED_EDGE ( 'NONE', *, *, #459, .T. ) ;
#1775 = LINE ( 'NONE', #1513, #1451 ) ;
#1776 = ORIENTED_EDGE ( 'NONE', *, *, #56, .F. ) ;
#1777 = EDGE_CURVE ( 'NONE', #2744, #731, #2877, .T. ) ;
#1778 = EDGE_CURVE ( 'NONE', #321, #2247, #3160, .T. ) ;
#1779 = CYLINDRICAL_SURFACE ( 'NONE', #2824, 4.500000000000003553 ) ;
#1780 = CARTESIAN_POINT ( 'NONE',  ( 0.000000000000000000, 10.00000000000000000, -27.50000000000000000 ) ) ;
#1781 = CARTESIAN_POINT ( 'NONE',  ( -47.00000000000000000, 10.00000000000000000, -8.650000000000490630 ) ) ;
#1782 = ORIENTED_EDGE ( 'NONE', *, *, #1985, .F. ) ;
#1783 = FACE_OUTER_BOUND ( 'NONE', #904, .T. ) ;
#1784 = CARTESIAN_POINT ( 'NONE',  ( -2.500000000000067057, 10.00000000000000000, -83.88284835957709618 ) ) ;
#1785 = ORIENTED_EDGE ( 'NONE', *, *, #2709, .F. ) ;
#1786 = DIRECTION ( 'NONE',  ( 0.000000000000000000, 0.000000000000000000, 1.000000000000000000 ) ) ;
#1787 = ORIENTED_EDGE ( 'NONE', *, *, #3750, .F. ) ;
#1788 = CARTESIAN_POINT ( 'NONE',  ( -3.281992458512545606E-13, 5.850000000000004086, 51.50000000000000000 ) ) ;
#1789 = CARTESIAN_POINT ( 'NONE',  ( 27.50000000000000000, 10.00000000000000000, 0.000000000000000000 ) ) ;
#1790 = EDGE_CURVE ( 'NONE', #321, #2795, #3063, .T. ) ;
#1791 = ORIENTED_EDGE ( 'NONE', *, *, #3501, .T. ) ;
#1792 = CARTESIAN_POINT ( 'NONE',  ( -47.00000000000000000, 5.850000000000004086, -4.922988687768817400E-13 ) ) ;
#1793 = ORIENTED_EDGE ( 'NONE', *, *, #3203, .F. ) ;
#1794 = EDGE_CURVE ( 'NONE', #731, #2744, #22, .T. ) ;
#1795 = LINE ( 'NONE', #3682, #2207 ) ;
#1796 = DIRECTION ( 'NONE',  ( 0.000000000000000000, 0.000000000000000000, 1.000000000000000000 ) ) ;
#1797 = FACE_BOUND ( 'NONE', #2400, .T. ) ;
#1798 = AXIS2_PLACEMENT_3D ( 'NONE', #2821, #1602, #2778 ) ;
#1799 = ORIENTED_EDGE ( 'NONE', *, *, #275, .F. ) ;
#1800 = DIRECTION ( 'NONE',  ( -0.000000000000000000, 1.000000000000000000, -0.000000000000000000 ) ) ;
#1801 = CARTESIAN_POINT ( 'NONE',  ( 134.9999999999999716, 0.000000000000000000, 69.89999999999994884 ) ) ;
#1802 = ORIENTED_EDGE ( 'NONE', *, *, #841, .F. ) ;
#1803 = FACE_OUTER_BOUND ( 'NONE', #2675, .T. ) ;
#1804 = EDGE_CURVE ( 'NONE', #1859, #3674, #580, .T. ) ;
#1805 = CIRCLE ( 'NONE', #14, 3.299999999999997158 ) ;
#1806 = CONICAL_SURFACE ( 'NONE', #2815, 6.299999999999999822, 0.7853981633974487231 ) ;
#1807 = ORIENTED_EDGE ( 'NONE', *, *, #2201, .T. ) ;
#1808 = LINE ( 'NONE', #2147, #1753 ) ;
#1809 = DIRECTION ( 'NONE',  ( 0.000000000000000000, 0.000000000000000000, 1.000000000000000000 ) ) ;
#1810 = AXIS2_PLACEMENT_3D ( 'NONE', #1517, #1536, #2078 ) ;
#1811 = AXIS2_PLACEMENT_3D ( 'NONE', #1293, #1587, #51 ) ;
#1812 = EDGE_LOOP ( 'NONE', ( #1246, #2098, #3731, #3402 ) ) ;
#1813 = CARTESIAN_POINT ( 'NONE',  ( -27.50000000000000000, 10.00000000000000000, 0.000000000000000000 ) ) ;
#1814 = AXIS2_PLACEMENT_3D ( 'NONE', #488, #193, #2834 ) ;
#1815 = AXIS2_PLACEMENT_3D ( 'NONE', #1161, #2059, #2633 ) ;
#1816 = ORIENTED_EDGE ( 'NONE', *, *, #226, .F. ) ;
#1817 = VECTOR ( 'NONE', #2578, 1000.000000000000114 ) ;
#1818 = DIRECTION ( 'NONE',  ( 0.000000000000000000, 1.000000000000000000, 0.000000000000000000 ) ) ;
#1819 = DIRECTION ( 'NONE',  ( 0.000000000000000000, 0.000000000000000000, 1.000000000000000000 ) ) ;
#1820 = CIRCLE ( 'NONE', #466, 4.500000000000003553 ) ;
#1821 = CYLINDRICAL_SURFACE ( 'NONE', #3751, 3.299999999999997158 ) ;
#1822 = APPROVAL ( #1127, 'UNSPECIFIED' ) ;
#1823 = CIRCLE ( 'NONE', #968, 3.250000000000002665 ) ;
#1824 = ORIENTED_EDGE ( 'NONE', *, *, #1459, .T. ) ;
#1825 = DIRECTION ( 'NONE',  ( 0.000000000000000000, 0.000000000000000000, 1.000000000000000000 ) ) ;
#1826 = FACE_OUTER_BOUND ( 'NONE', #1550, .T. ) ;
#1827 = ORIENTED_EDGE ( 'NONE', *, *, #2664, .F. ) ;
#1828 = CARTESIAN_POINT ( 'NONE',  ( -63.08284835957631032, 10.00000000000000000, -23.29999999999986215 ) ) ;
#1829 = EDGE_CURVE ( 'NONE', #801, #673, #2192, .T. ) ;
#1830 = CIRCLE ( 'NONE', #3634, 3.250000000000002665 ) ;
#1831 = EDGE_CURVE ( 'NONE', #1846, #2487, #1084, .T. ) ;
#1832 = ORIENTED_EDGE ( 'NONE', *, *, #1777, .F. ) ;
#1833 = CARTESIAN_POINT ( 'NONE',  ( -116.3190655051870550, 0.000000000000000000, -92.56296885077716752 ) ) ;
#1834 = LINE ( 'NONE', #2434, #1635 ) ;
#1835 = FACE_BOUND ( 'NONE', #1749, .T. ) ;
#1836 = ORIENTED_EDGE ( 'NONE', *, *, #884, .T. ) ;
#1837 = CARTESIAN_POINT ( 'NONE',  ( 27.50000000000000000, 7.000000000000000000, 0.000000000000000000 ) ) ;
#1838 = ORIENTED_EDGE ( 'NONE', *, *, #2109, .F. ) ;
#1839 = DIRECTION ( 'NONE',  ( -0.000000000000000000, 1.000000000000000000, -0.000000000000000000 ) ) ;
#1840 = FACE_BOUND ( 'NONE', #1390, .T. ) ;
#1841 = ORIENTED_EDGE ( 'NONE', *, *, #3147, .F. ) ;
#1842 = DIRECTION ( 'NONE',  ( -0.000000000000000000, -1.000000000000000000, -0.000000000000000000 ) ) ;
#1843 = DIRECTION ( 'NONE',  ( -0.000000000000000000, 1.000000000000000000, -0.000000000000000000 ) ) ;
#1844 = VERTEX_POINT ( 'NONE', #2652 ) ;
#1845 = CARTESIAN_POINT ( 'NONE',  ( -33.23401871576802336, 5.850000000000004086, 37.73401871576745492 ) ) ;
#1846 = VERTEX_POINT ( 'NONE', #2919 ) ;
#1847 = DIRECTION ( 'NONE',  ( 0.000000000000000000, 0.000000000000000000, 1.000000000000000000 ) ) ;
#1848 = ADVANCED_FACE ( 'NONE', ( #3564 ), #3270, .F. ) ;
#1849 = FACE_OUTER_BOUND ( 'NONE', #3785, .T. ) ;
#1850 = PLANE ( 'NONE',  #2500 ) ;
#1851 = ADVANCED_FACE ( 'NONE', ( #1135 ), #605, .F. ) ;
#1852 = VERTEX_POINT ( 'NONE', #229 ) ;
#1853 = DIRECTION ( 'NONE',  ( -0.000000000000000000, 1.000000000000000000, -0.000000000000000000 ) ) ;
#1854 = ORIENTED_EDGE ( 'NONE', *, *, #385, .T. ) ;
#1855 = ADVANCED_FACE ( 'NONE', ( #1449 ), #3503, .T. ) ;
#1856 = ORIENTED_EDGE ( 'NONE', *, *, #841, .T. ) ;
#1857 = CARTESIAN_POINT ( 'NONE',  ( 27.50000000000000000, 1.734723475976807094E-15, -3.299999999999997158 ) ) ;
#1858 = FACE_BOUND ( 'NONE', #298, .T. ) ;
#1859 = VERTEX_POINT ( 'NONE', #867 ) ;
#1860 = LINE ( 'NONE', #2140, #1629 ) ;
#1861 = CARTESIAN_POINT ( 'NONE',  ( 0.000000000000000000, 10.00000000000000000, 27.50000000000000000 ) ) ;
#1862 = ORIENTED_EDGE ( 'NONE', *, *, #3024, .T. ) ;
#1863 = CARTESIAN_POINT ( 'NONE',  ( 37.49999999999987921, 10.00000000000000000, -80.58284835957724113 ) ) ;
#1864 = ORIENTED_EDGE ( 'NONE', *, *, #1903, .F. ) ;
#1865 = DIRECTION ( 'NONE',  ( -0.000000000000000000, 1.000000000000000000, -0.000000000000000000 ) ) ;
#1866 = FACE_OUTER_BOUND ( 'NONE', #31, .T. ) ;
#1867 = VECTOR ( 'NONE', #2166, 1000.000000000000000 ) ;
#1868 = EDGE_LOOP ( 'NONE', ( #3600, #128, #1276, #2139 ) ) ;
#1869 = CARTESIAN_POINT ( 'NONE',  ( -63.08284835957622505, 0.000000000000000000, 19.99999999999991118 ) ) ;
#1870 = EDGE_LOOP ( 'NONE', ( #1249, #1421, #3182, #1527 ) ) ;
#1871 = AXIS2_PLACEMENT_3D ( 'NONE', #3443, #3069, #3385 ) ;
#1872 = CIRCLE ( 'NONE', #896, 3.250000000000002665 ) ;
#1873 = AXIS2_PLACEMENT_3D ( 'NONE', #1623, #3700, #2286 ) ;
#1874 = EDGE_LOOP ( 'NONE', ( #2407, #3416 ) ) ;
#1875 = AXIS2_PLACEMENT_3D ( 'NONE', #2068, #1197, #1739 ) ;
#1876 = ADVANCED_FACE ( 'NONE', ( #3829 ), #2130, .F. ) ;
#1877 = CARTESIAN_POINT ( 'NONE',  ( 74.40000000000000568, 10.00000000000000000, 135.0000000000000000 ) ) ;
#1878 = DIRECTION ( 'NONE',  ( -0.000000000000000000, 1.000000000000000000, -0.000000000000000000 ) ) ;
#1879 = CIRCLE ( 'NONE', #277, 3.299999999999997158 ) ;
#1880 = AXIS2_PLACEMENT_3D ( 'NONE', #509, #494, #1694 ) ;
#1881 = VERTEX_POINT ( 'NONE', #1784 ) ;
#1882 = CARTESIAN_POINT ( 'NONE',  ( 33.23401871576779598, 10.00000000000000000, -28.73401871576768229 ) ) ;
#1883 = ORIENTED_EDGE ( 'NONE', *, *, #881, .F. ) ;
#1884 = CARTESIAN_POINT ( 'NONE',  ( 98.08284835957788061, 0.000000000000000000, -20.00000000000000711 ) ) ;
#1885 = EDGE_CURVE ( 'NONE', #3661, #1972, #3251, .T. ) ;
#1886 = AXIS2_PLACEMENT_3D ( 'NONE', #720, #194, #1012 ) ;
#1887 = VERTEX_POINT ( 'NONE', #2322 ) ;
#1888 = DIRECTION ( 'NONE',  ( 0.000000000000000000, 0.000000000000000000, 1.000000000000000000 ) ) ;
#1889 = DIRECTION ( 'NONE',  ( -0.000000000000000000, 1.000000000000000000, -0.000000000000000000 ) ) ;
#1890 = AXIS2_PLACEMENT_3D ( 'NONE', #1715, #1, #2077 ) ;
#1891 = FACE_BOUND ( 'NONE', #3294, .T. ) ;
#1892 = AXIS2_PLACEMENT_3D ( 'NONE', #3243, #581, #437 ) ;
#1893 = ORIENTED_EDGE ( 'NONE', *, *, #3724, .F. ) ;
#1894 = DIRECTION ( 'NONE',  ( -0.000000000000000000, 1.000000000000000000, -0.000000000000000000 ) ) ;
#1895 = DIRECTION ( 'NONE',  ( -0.000000000000000000, 1.000000000000000000, -0.000000000000000000 ) ) ;
#1896 = EDGE_CURVE ( 'NONE', #1852, #1541, #215, .T. ) ;
#1897 = ORIENTED_EDGE ( 'NONE', *, *, #1804, .F. ) ;
#1898 = ORIENTED_EDGE ( 'NONE', *, *, #1946, .T. ) ;
#1899 = EDGE_CURVE ( 'NONE', #249, #3154, #956, .T. ) ;
#1900 = EDGE_CURVE ( 'NONE', #120, #2271, #3741, .T. ) ;
#1901 = DIRECTION ( 'NONE',  ( -0.000000000000000000, 1.000000000000000000, -0.000000000000000000 ) ) ;
#1902 = FACE_BOUND ( 'NONE', #2972, .T. ) ;
#1903 = EDGE_CURVE ( 'NONE', #939, #2038, #1474, .T. ) ;
#1904 = ORIENTED_EDGE ( 'NONE', *, *, #767, .F. ) ;
#1905 = CARTESIAN_POINT ( 'NONE',  ( -33.23401871576802336, 10.00000000000000000, 33.23401871576744782 ) ) ;
#1906 = VERTEX_POINT ( 'NONE', #3787 ) ;
#1907 = DIRECTION ( 'NONE',  ( -0.000000000000000000, 1.000000000000000000, -0.000000000000000000 ) ) ;
#1908 = ORIENTED_EDGE ( 'NONE', *, *, #3835, .T. ) ;
#1909 = CARTESIAN_POINT ( 'NONE',  ( -47.00000000000000000, 10.00000000000000000, 4.499999999999504396 ) ) ;
#1910 = DIRECTION ( 'NONE',  ( -0.000000000000000000, 1.000000000000000000, -0.000000000000000000 ) ) ;
#1911 = ORIENTED_EDGE ( 'NONE', *, *, #2993, .T. ) ;
#1912 = EDGE_CURVE ( 'NONE', #1906, #731, #3217, .T. ) ;
#1913 = CARTESIAN_POINT ( 'NONE',  ( -116.3190655051870550, 10.00000000000000000, -99.06296885077716752 ) ) ;
#1914 = DIRECTION ( 'NONE',  ( 0.000000000000000000, 0.000000000000000000, 1.000000000000000000 ) ) ;
#1915 = EDGE_LOOP ( 'NONE', ( #3549, #2292 ) ) ;
#1916 = ORIENTED_EDGE ( 'NONE', *, *, #3279, .F. ) ;
#1917 = DIRECTION ( 'NONE',  ( 0.000000000000000000, 0.000000000000000000, 1.000000000000000000 ) ) ;
#1918 = CARTESIAN_POINT ( 'NONE',  ( -74.39999999999994884, 10.00000000000000000, 139.4999999999997158 ) ) ;
#1919 = ADVANCED_FACE ( 'NONE', ( #2011 ), #285, .F. ) ;
#1920 = ORIENTED_EDGE ( 'NONE', *, *, #964, .T. ) ;
#1921 = DIRECTION ( 'NONE',  ( 0.000000000000000000, 0.000000000000000000, 1.000000000000000000 ) ) ;
#1922 = ORIENTED_EDGE ( 'NONE', *, *, #3607, .F. ) ;
#1923 = LINE ( 'NONE', #161, #90 ) ;
#1924 = ORIENTED_EDGE ( 'NONE', *, *, #3327, .T. ) ;
#1925 = CARTESIAN_POINT ( 'NONE',  ( 2.755455298081544620E-14, 10.00000000000000000, 225.0000000000000000 ) ) ;
#1926 = ADVANCED_FACE ( 'NONE', ( #2598 ), #2570, .F. ) ;
#1927 = CARTESIAN_POINT ( 'NONE',  ( -95.81296885077719594, 0.000000000000000000, -116.3190655051871403 ) ) ;
#1928 = ORIENTED_EDGE ( 'NONE', *, *, #819, .T. ) ;
#1929 = CONICAL_SURFACE ( 'NONE', #2556, 6.299999999999999822, 0.7853981633974485010 ) ;
#1930 = CARTESIAN_POINT ( 'NONE',  ( 135.0000000000000000, 10.00000000000000000, -139.5000000000000000 ) ) ;
#1931 = CARTESIAN_POINT ( 'NONE',  ( 95.84242333457314089, 10.00000000000000000, 119.6612681093095887 ) ) ;
#1932 = ORIENTED_EDGE ( 'NONE', *, *, #643, .T. ) ;
#1933 = EDGE_CURVE ( 'NONE', #1422, #2214, #552, .T. ) ;
#1934 = CONICAL_SURFACE ( 'NONE', #3667, 6.299999999999996270, 0.7853981633974485010 ) ;
#1935 = EDGE_LOOP ( 'NONE', ( #3476, #1538 ) ) ;
#1936 = DIRECTION ( 'NONE',  ( 0.000000000000000000, 0.000000000000000000, 1.000000000000000000 ) ) ;
#1937 = AXIS2_PLACEMENT_3D ( 'NONE', #62, #1228, #1502 ) ;
#1938 = AXIS2_PLACEMENT_3D ( 'NONE', #2620, #914, #2697 ) ;
#1939 = CARTESIAN_POINT ( 'NONE',  ( 135.0000000000000000, 10.00000000000000000, 134.9999999999999432 ) ) ;
#1940 = CYLINDRICAL_SURFACE ( 'NONE', #403, 3.250000000000002665 ) ;
#1941 = AXIS2_PLACEMENT_3D ( 'NONE', #2134, #2110, #1262 ) ;
#1942 = CIRCLE ( 'NONE', #3370, 3.299999999999997158 ) ;
#1943 = EDGE_LOOP ( 'NONE', ( #2838, #3032, #1438, #1105 ) ) ;
#1944 = CYLINDRICAL_SURFACE ( 'NONE', #3120, 4.499999999999997335 ) ;
#1945 = AXIS2_PLACEMENT_3D ( 'NONE', #3208, #2310, #2277 ) ;
#1946 = EDGE_CURVE ( 'NONE', #110, #2950, #961, .T. ) ;
#1947 = VECTOR ( 'NONE', #1101, 1000.000000000000114 ) ;
#1948 = ORIENTED_EDGE ( 'NONE', *, *, #2239, .F. ) ;
#1949 = DIRECTION ( 'NONE',  ( 0.000000000000000000, 0.7071067811865473507, 0.7071067811865477948 ) ) ;
#1950 = AXIS2_PLACEMENT_3D ( 'NONE', #2175, #1230, #705 ) ;
#1951 = EDGE_CURVE ( 'NONE', #1007, #1906, #2932, .T. ) ;
#1952 = VERTEX_POINT ( 'NONE', #336 ) ;
#1953 = CARTESIAN_POINT ( 'NONE',  ( 37.49999999999987921, 10.00000000000000000, -77.28284835957724397 ) ) ;
#1954 = CARTESIAN_POINT ( 'NONE',  ( 116.3798940491453351, 0.000000000000000000, -92.53159479061515924 ) ) ;
#1955 = DIRECTION ( 'NONE',  ( 0.000000000000000000, 0.000000000000000000, -1.000000000000000000 ) ) ;
#1956 = ADVANCED_FACE ( 'NONE', ( #701 ), #99, .F. ) ;
#1957 = AXIS2_PLACEMENT_3D ( 'NONE', #1039, #2572, #475 ) ;
#1958 = EDGE_CURVE ( 'NONE', #2347, #1422, #335, .T. ) ;
#1959 = CIRCLE ( 'NONE', #93, 4.500000000000003553 ) ;
#1960 = ORIENTED_EDGE ( 'NONE', *, *, #3233, .F. ) ;
#1961 = PERSON_AND_ORGANIZATION ( #1416, #3386 ) ;
#1962 = DIRECTION ( 'NONE',  ( 0.000000000000000000, 0.000000000000000000, 1.000000000000000000 ) ) ;
#1963 = ORIENTED_EDGE ( 'NONE', *, *, #598, .F. ) ;
#1964 = VERTEX_POINT ( 'NONE', #2141 ) ;
#1965 = VECTOR ( 'NONE', #1313, 1000.000000000000000 ) ;
#1966 = CARTESIAN_POINT ( 'NONE',  ( -63.08284835957622505, 10.00000000000000000, 16.69999999999991402 ) ) ;
#1967 = DIRECTION ( 'NONE',  ( -0.000000000000000000, 1.000000000000000000, -0.000000000000000000 ) ) ;
#1968 = DIRECTION ( 'NONE',  ( -0.000000000000000000, 1.000000000000000000, -0.000000000000000000 ) ) ;
#1969 = CARTESIAN_POINT ( 'NONE',  ( -74.42024260179678663, 10.00000000000000000, -139.5000000000003126 ) ) ;
#1970 = EDGE_CURVE ( 'NONE', #2559, #2410, #2158, .T. ) ;
#1971 = LINE ( 'NONE', #2546, #25 ) ;
#1972 = VERTEX_POINT ( 'NONE', #392 ) ;
#1973 = DIRECTION ( 'NONE',  ( 0.000000000000000000, 0.000000000000000000, 1.000000000000000000 ) ) ;
#1974 = EDGE_LOOP ( 'NONE', ( #822, #2073, #2611, #887 ) ) ;
#1975 = CARTESIAN_POINT ( 'NONE',  ( -95.84434291094001424, 0.000000000000000000, 119.6298940491465856 ) ) ;
#1976 = CARTESIAN_POINT ( 'NONE',  ( -134.9999999999999432, 0.000000000000000000, 134.9999999999999432 ) ) ;
#1977 = EDGE_CURVE ( 'NONE', #2196, #3681, #1642, .T. ) ;
#1978 = ORIENTED_EDGE ( 'NONE', *, *, #2980, .T. ) ;
#1979 = DIRECTION ( 'NONE',  ( 0.000000000000000000, 0.000000000000000000, 1.000000000000000000 ) ) ;
#1980 = ORIENTED_EDGE ( 'NONE', *, *, #2453, .T. ) ;
#1981 = EDGE_CURVE ( 'NONE', #1337, #925, #3611, .T. ) ;
#1982 = EDGE_LOOP ( 'NONE', ( #3136, #2191 ) ) ;
#1983 = CARTESIAN_POINT ( 'NONE',  ( 37.50000000000137135, 0.000000000000000000, 80.58284835958099279 ) ) ;
#1984 = CARTESIAN_POINT ( 'NONE',  ( 95.84242333457314089, 0.000000000000000000, 119.6612681093095887 ) ) ;
#1985 = EDGE_CURVE ( 'NONE', #1376, #127, #2801, .T. ) ;
#1986 = DIRECTION ( 'NONE',  ( -0.000000000000000000, 1.000000000000000000, -0.000000000000000000 ) ) ;
#1987 = ORIENTED_EDGE ( 'NONE', *, *, #1577, .F. ) ;
#1988 = DIRECTION ( 'NONE',  ( -0.000000000000000000, 1.000000000000000000, -0.000000000000000000 ) ) ;
#1989 = CARTESIAN_POINT ( 'NONE',  ( 33.23401871576756150, 0.000000000000000000, 37.73401871576789546 ) ) ;
#1990 = ORIENTED_EDGE ( 'NONE', *, *, #864, .F. ) ;
#1991 = DIRECTION ( 'NONE',  ( -0.000000000000000000, 1.000000000000000000, -0.000000000000000000 ) ) ;
#1992 = CARTESIAN_POINT ( 'NONE',  ( -33.23401871576733413, 10.00000000000000000, -37.73401871576812994 ) ) ;
#1993 = FACE_OUTER_BOUND ( 'NONE', #3068, .T. ) ;
#1994 = ORIENTED_EDGE ( 'NONE', *, *, #1195, .T. ) ;
#1995 = ORIENTED_EDGE ( 'NONE', *, *, #2577, .T. ) ;
#1996 = ORIENTED_EDGE ( 'NONE', *, *, #1600, .F. ) ;
#1997 = CARTESIAN_POINT ( 'NONE',  ( -135.0000000000000568, 10.00000000000000000, 74.39999999999994884 ) ) ;
#1998 = DIRECTION ( 'NONE',  ( 8.659560562354937789E-17, 0.7071067811865471286, -0.7071067811865479058 ) ) ;
#1999 = VECTOR ( 'NONE', #3485, 1000.000000000000000 ) ;
#2000 = ADVANCED_FACE ( 'NONE', ( #1826 ), #3029, .F. ) ;
#2001 = EDGE_CURVE ( 'NONE', #673, #608, #45, .T. ) ;
#2002 = VECTOR ( 'NONE', #1532, 1000.000000000000000 ) ;
#2003 = CARTESIAN_POINT ( 'NONE',  ( -135.0000000000000568, 10.00000000000000000, 69.89999999999994884 ) ) ;
#2004 = CARTESIAN_POINT ( 'NONE',  ( -95.84434291094001424, 10.00000000000000000, 113.1298940491465856 ) ) ;
#2005 = DIRECTION ( 'NONE',  ( -0.000000000000000000, 1.000000000000000000, -0.000000000000000000 ) ) ;
#2006 = CONICAL_SURFACE ( 'NONE', #951, 8.649999999999998579, 0.7853981633974489451 ) ;
#2007 = AXIS2_PLACEMENT_3D ( 'NONE', #926, #3290, #1233 ) ;
#2008 = VERTEX_POINT ( 'NONE', #3615 ) ;
#2009 = DIRECTION ( 'NONE',  ( -1.000000000000000000, 0.000000000000000000, 8.540177112501197482E-15 ) ) ;
#2010 = VECTOR ( 'NONE', #2888, 1000.000000000000000 ) ;
#2011 = FACE_OUTER_BOUND ( 'NONE', #3158, .T. ) ;
#2012 = CARTESIAN_POINT ( 'NONE',  ( 33.23401871576756150, 10.00000000000000000, 33.23401871576790256 ) ) ;
#2013 = VECTOR ( 'NONE', #2976, 1000.000000000000000 ) ;
#2014 = CONICAL_SURFACE ( 'NONE', #2430, 225.0000000000000000, 0.7853981633974482790 ) ;
#2015 = VERTEX_POINT ( 'NONE', #3597 ) ;
#2016 = DIRECTION ( 'NONE',  ( 1.000000000000000000, 0.000000000000000000, -4.270088556250598741E-15 ) ) ;
#2017 = CIRCLE ( 'NONE', #528, 3.250000000000002665 ) ;
#2018 = EDGE_CURVE ( 'NONE', #2015, #1479, #3494, .T. ) ;
#2019 = VERTEX_POINT ( 'NONE', #2409 ) ;
#2020 = DIRECTION ( 'NONE',  ( -0.000000000000000000, -1.000000000000000000, -0.000000000000000000 ) ) ;
#2021 = DIRECTION ( 'NONE',  ( -0.000000000000000000, 1.000000000000000000, -0.000000000000000000 ) ) ;
#2022 = CIRCLE ( 'NONE', #1158, 4.499999999999997335 ) ;
#2023 = AXIS2_PLACEMENT_3D ( 'NONE', #1606, #1045, #1027 ) ;
#2024 = EDGE_CURVE ( 'NONE', #148, #1670, #938, .T. ) ;
#2025 = ADVANCED_FACE ( 'NONE', ( #2116 ), #2450, .F. ) ;
#2026 = DIRECTION ( 'NONE',  ( -0.000000000000000000, 1.000000000000000000, -0.000000000000000000 ) ) ;
#2027 = CYLINDRICAL_SURFACE ( 'NONE', #3186, 4.500000000000003553 ) ;
#2028 = CARTESIAN_POINT ( 'NONE',  ( 37.50000000000137135, 10.00000000000000000, 83.88284835958098995 ) ) ;
#2029 = ADVANCED_FACE ( 'NONE', ( #1540 ), #313, .F. ) ;
#2030 = ORIENTED_EDGE ( 'NONE', *, *, #3776, .T. ) ;
#2031 = CARTESIAN_POINT ( 'NONE',  ( 33.23401871576779598, 10.00000000000000000, -24.58401871576768016 ) ) ;
#2032 = DIRECTION ( 'NONE',  ( 0.000000000000000000, 0.000000000000000000, 1.000000000000000000 ) ) ;
#2033 = CARTESIAN_POINT ( 'NONE',  ( 0.000000000000000000, 10.00000000000000000, 27.50000000000000000 ) ) ;
#2034 = ORIENTED_EDGE ( 'NONE', *, *, #2990, .T. ) ;
#2035 = CARTESIAN_POINT ( 'NONE',  ( 46.99999999999999289, 10.00000000000000000, 1.640996229256272803E-13 ) ) ;
#2036 = ORIENTED_EDGE ( 'NONE', *, *, #1977, .F. ) ;
#2037 = CARTESIAN_POINT ( 'NONE',  ( -134.9999999999999432, 10.00000000000000000, 134.9999999999999432 ) ) ;
#2038 = VERTEX_POINT ( 'NONE', #1581 ) ;
#2039 = CARTESIAN_POINT ( 'NONE',  ( 95.87379739473514917, 0.000000000000000000, -119.5376914450248051 ) ) ;
#2040 = CARTESIAN_POINT ( 'NONE',  ( 98.08284835957788061, 0.000000000000000000, -23.30000000000000426 ) ) ;
#2041 = CARTESIAN_POINT ( 'NONE',  ( -116.3504395653500580, 0.000000000000000000, 99.12379739473679763 ) ) ;
#2042 = DIRECTION ( 'NONE',  ( -0.000000000000000000, 1.000000000000000000, -0.000000000000000000 ) ) ;
#2043 = ORIENTED_EDGE ( 'NONE', *, *, #2457, .F. ) ;
#2044 = DIRECTION ( 'NONE',  ( 0.000000000000000000, 0.000000000000000000, 1.000000000000000000 ) ) ;
#2045 = DIRECTION ( 'NONE',  ( -0.000000000000000000, 1.000000000000000000, -0.000000000000000000 ) ) ;
#2046 = ADVANCED_FACE ( 'NONE', ( #2394 ), #3653, .F. ) ;
#2047 = VERTEX_POINT ( 'NONE', #1801 ) ;
#2048 = CARTESIAN_POINT ( 'NONE',  ( -47.00000000000000000, 10.00000000000000000, -4.922988687768817400E-13 ) ) ;
#2049 = ORIENTED_EDGE ( 'NONE', *, *, #1577, .T. ) ;
#2050 = CARTESIAN_POINT ( 'NONE',  ( 33.23401871576779598, 10.00000000000000000, -41.88401871576767377 ) ) ;
#2051 = ORIENTED_EDGE ( 'NONE', *, *, #3112, .T. ) ;
#2052 = FACE_OUTER_BOUND ( 'NONE', #2696, .T. ) ;
#2053 = DIRECTION ( 'NONE',  ( -0.000000000000000000, 1.000000000000000000, -0.000000000000000000 ) ) ;
#2054 = DIRECTION ( 'NONE',  ( 0.000000000000000000, 0.000000000000000000, 1.000000000000000000 ) ) ;
#2055 = DIRECTION ( 'NONE',  ( 0.000000000000000000, 0.000000000000000000, 1.000000000000000000 ) ) ;
#2056 = AXIS2_PLACEMENT_3D ( 'NONE', #236, #1654, #840 ) ;
#2057 = ORIENTED_EDGE ( 'NONE', *, *, #740, .F. ) ;
#2058 = DIRECTION ( 'NONE',  ( -0.000000000000000000, 1.000000000000000000, -0.000000000000000000 ) ) ;
#2059 = DIRECTION ( 'NONE',  ( -0.000000000000000000, 1.000000000000000000, -0.000000000000000000 ) ) ;
#2060 = CIRCLE ( 'NONE', #3052, 4.500000000000003553 ) ;
#2061 = CIRCLE ( 'NONE', #2989, 4.500000000000003553 ) ;
#2062 = EDGE_LOOP ( 'NONE', ( #2501, #395, #406, #2940 ) ) ;
#2063 = DIRECTION ( 'NONE',  ( 0.000000000000000000, 0.7071067811865474617, 0.7071067811865474617 ) ) ;
#2064 = AXIS2_PLACEMENT_3D ( 'NONE', #3003, #2021, #559 ) ;
#2065 = AXIS2_PLACEMENT_3D ( 'NONE', #1273, #709, #106 ) ;
#2066 = VERTEX_POINT ( 'NONE', #2509 ) ;
#2067 = ADVANCED_FACE ( 'NONE', ( #2855 ), #2014, .T. ) ;
#2068 = CARTESIAN_POINT ( 'NONE',  ( 0.000000000000000000, 7.000000000000000000, 27.50000000000000000 ) ) ;
#2069 = CIRCLE ( 'NONE', #150, 4.500000000000003553 ) ;
#2070 = VECTOR ( 'NONE', #2372, 1000.000000000000000 ) ;
#2071 = EDGE_CURVE ( 'NONE', #1210, #2458, #1971, .T. ) ;
#2072 = CIRCLE ( 'NONE', #154, 4.499999999999997335 ) ;
#2073 = ORIENTED_EDGE ( 'NONE', *, *, #745, .T. ) ;
#2074 = DIRECTION ( 'NONE',  ( 0.000000000000000000, 0.000000000000000000, 1.000000000000000000 ) ) ;
#2075 = EDGE_LOOP ( 'NONE', ( #1996, #3275, #1862, #37 ) ) ;
#2076 =( GEOMETRIC_REPRESENTATION_CONTEXT ( 3 ) GLOBAL_UNCERTAINTY_ASSIGNED_CONTEXT ( ( #502 ) ) GLOBAL_UNIT_ASSIGNED_CONTEXT ( ( #3171, #860, #3500 ) ) REPRESENTATION_CONTEXT ( 'NONE', 'WORKASPACE' ) );
#2077 = DIRECTION ( 'NONE',  ( 0.000000000000000000, 0.000000000000000000, 1.000000000000000000 ) ) ;
#2078 = DIRECTION ( 'NONE',  ( 0.000000000000000000, 0.000000000000000000, -1.000000000000000000 ) ) ;
#2079 = LINE ( 'NONE', #257, #1092 ) ;
#2080 = ORIENTED_EDGE ( 'NONE', *, *, #1235, .F. ) ;
#2081 = DIRECTION ( 'NONE',  ( -0.000000000000000000, 1.000000000000000000, -0.000000000000000000 ) ) ;
#2082 = DIRECTION ( 'NONE',  ( -0.000000000000000000, 1.000000000000000000, -0.000000000000000000 ) ) ;
#2083 = VERTEX_POINT ( 'NONE', #1324 ) ;
#2084 = DIRECTION ( 'NONE',  ( 0.000000000000000000, 0.000000000000000000, 1.000000000000000000 ) ) ;
#2085 = ORIENTED_EDGE ( 'NONE', *, *, #3263, .T. ) ;
#2086 = CARTESIAN_POINT ( 'NONE',  ( 46.99999999999999289, 0.000000000000000000, -4.499999999999833022 ) ) ;
#2087 = ADVANCED_FACE ( 'NONE', ( #1597 ), #2197, .F. ) ;
#2088 = ORIENTED_EDGE ( 'NONE', *, *, #554, .T. ) ;
#2089 = CARTESIAN_POINT ( 'NONE',  ( -74.42024260179678663, 0.000000000000000000, -139.5000000000003126 ) ) ;
#2090 = EDGE_LOOP ( 'NONE', ( #2211, #3573 ) ) ;
#2091 = EDGE_CURVE ( 'NONE', #782, #3736, #2988, .T. ) ;
#2092 = CYLINDRICAL_SURFACE ( 'NONE', #3113, 3.299999999999997158 ) ;
#2093 = DIRECTION ( 'NONE',  ( 0.000000000000000000, 0.000000000000000000, 1.000000000000000000 ) ) ;
#2094 = DIRECTION ( 'NONE',  ( -0.000000000000000000, 1.000000000000000000, -0.000000000000000000 ) ) ;
#2095 = EDGE_LOOP ( 'NONE', ( #2174, #2550, #3124, #1386 ) ) ;
#2096 = DIRECTION ( 'NONE',  ( -0.000000000000000000, 1.000000000000000000, -0.000000000000000000 ) ) ;
#2097 = CARTESIAN_POINT ( 'NONE',  ( 95.87379739473514917, 0.000000000000000000, -116.2876914450248051 ) ) ;
#2098 = ORIENTED_EDGE ( 'NONE', *, *, #2924, .T. ) ;
#2099 = DIRECTION ( 'NONE',  ( 0.000000000000000000, 0.000000000000000000, 1.000000000000000000 ) ) ;
#2100 = ADVANCED_FACE ( 'NONE', ( #3710 ), #1944, .F. ) ;
#2101 = ORIENTED_EDGE ( 'NONE', *, *, #339, .T. ) ;
#2102 = LINE ( 'NONE', #1559, #3238 ) ;
#2103 = DIRECTION ( 'NONE',  ( -0.000000000000000000, 1.000000000000000000, -0.000000000000000000 ) ) ;
#2104 = ORIENTED_EDGE ( 'NONE', *, *, #456, .F. ) ;
#2105 = DIRECTION ( 'NONE',  ( -0.000000000000000000, 1.000000000000000000, -0.000000000000000000 ) ) ;
#2106 = VERTEX_POINT ( 'NONE', #1658 ) ;
#2107 = EDGE_CURVE ( 'NONE', #827, #173, #1303, .T. ) ;
#2108 = CARTESIAN_POINT ( 'NONE',  ( 134.9999999999999716, 10.00000000000000000, 74.39999999999994884 ) ) ;
#2109 = EDGE_CURVE ( 'NONE', #1331, #3199, #764, .T. ) ;
#2110 = DIRECTION ( 'NONE',  ( -0.000000000000000000, 1.000000000000000000, -0.000000000000000000 ) ) ;
#2111 = DIRECTION ( 'NONE',  ( 0.000000000000000000, 0.000000000000000000, 1.000000000000000000 ) ) ;
#2112 = ADVANCED_FACE ( 'NONE', ( #179 ), #3747, .F. ) ;
#2113 = VECTOR ( 'NONE', #2398, 1000.000000000000000 ) ;
#2114 = ORIENTED_EDGE ( 'NONE', *, *, #2773, .F. ) ;
#2115 = DIRECTION ( 'NONE',  ( -0.000000000000000000, 1.000000000000000000, -0.000000000000000000 ) ) ;
#2116 = FACE_OUTER_BOUND ( 'NONE', #1582, .T. ) ;
#2117 = ORIENTED_EDGE ( 'NONE', *, *, #3350, .T. ) ;
#2118 = DIRECTION ( 'NONE',  ( -0.000000000000000000, 1.000000000000000000, -0.000000000000000000 ) ) ;
#2119 = AXIS2_PLACEMENT_3D ( 'NONE', #3614, #604, #3637 ) ;
#2120 = AXIS2_PLACEMENT_3D ( 'NONE', #3094, #413, #1614 ) ;
#2121 = ORIENTED_EDGE ( 'NONE', *, *, #263, .T. ) ;
#2122 = CARTESIAN_POINT ( 'NONE',  ( -63.08284835957631032, 10.00000000000000000, -23.29999999999986215 ) ) ;
#2123 = CIRCLE ( 'NONE', #3612, 3.299999999999997158 ) ;
#2124 = DIRECTION ( 'NONE',  ( -0.000000000000000000, 1.000000000000000000, -0.000000000000000000 ) ) ;
#2125 = CYLINDRICAL_SURFACE ( 'NONE', #457, 3.250000000000002665 ) ;
#2126 = AXIS2_PLACEMENT_3D ( 'NONE', #3482, #241, #256 ) ;
#2127 = ORIENTED_EDGE ( 'NONE', *, *, #293, .F. ) ;
#2128 = DIRECTION ( 'NONE',  ( -0.000000000000000000, 1.000000000000000000, -0.000000000000000000 ) ) ;
#2129 = VECTOR ( 'NONE', #526, 1000.000000000000000 ) ;
#2130 = CONICAL_SURFACE ( 'NONE', #2632, 8.649999999999998579, 0.7853981633974489451 ) ;
#2131 = VERTEX_POINT ( 'NONE', #134 ) ;
#2132 = AXIS2_PLACEMENT_3D ( 'NONE', #1505, #3543, #3812 ) ;
#2133 = AXIS2_PLACEMENT_3D ( 'NONE', #980, #1287, #648 ) ;
#2134 = CARTESIAN_POINT ( 'NONE',  ( -63.08284835957622505, 10.00000000000000000, 19.99999999999991118 ) ) ;
#2135 = VECTOR ( 'NONE', #1019, 1000.000000000000000 ) ;
#2136 = FACE_BOUND ( 'NONE', #2616, .T. ) ;
#2137 = EDGE_CURVE ( 'NONE', #3376, #1031, #492, .T. ) ;
#2138 = VECTOR ( 'NONE', #1968, 1000.000000000000000 ) ;
#2139 = ORIENTED_EDGE ( 'NONE', *, *, #48, .T. ) ;
#2140 = CARTESIAN_POINT ( 'NONE',  ( 46.99999999999999289, 10.00000000000000000, -4.499999999999833022 ) ) ;
#2141 = CARTESIAN_POINT ( 'NONE',  ( 135.0000000000000000, 10.00000000000000000, 130.4999999999999432 ) ) ;
#2142 = ADVANCED_FACE ( 'NONE', ( #742 ), #1806, .F. ) ;
#2143 = VERTEX_POINT ( 'NONE', #198 ) ;
#2144 = DIRECTION ( 'NONE',  ( 0.000000000000000000, 0.000000000000000000, 1.000000000000000000 ) ) ;
#2145 = VECTOR ( 'NONE', #2026, 1000.000000000000000 ) ;
#2146 = VERTEX_POINT ( 'NONE', #3109 ) ;
#2147 = CARTESIAN_POINT ( 'NONE',  ( 37.50000000000137135, 10.00000000000000000, 77.28284835958099563 ) ) ;
#2148 = FACE_BOUND ( 'NONE', #2748, .T. ) ;
#2149 = VERTEX_POINT ( 'NONE', #1385 ) ;
#2150 = CARTESIAN_POINT ( 'NONE',  ( -116.3190655051870550, 0.000000000000000000, -92.56296885077716752 ) ) ;
#2151 = ORIENTED_EDGE ( 'NONE', *, *, #1896, .F. ) ;
#2152 = ADVANCED_FACE ( 'NONE', ( #1037 ), #2195, .F. ) ;
#2153 = VERTEX_POINT ( 'NONE', #429 ) ;
#2154 = CARTESIAN_POINT ( 'NONE',  ( -134.9999999999999432, 0.000000000000000000, -135.0000000000000000 ) ) ;
#2155 = FACE_OUTER_BOUND ( 'NONE', #3436, .T. ) ;
#2156 = ORIENTED_EDGE ( 'NONE', *, *, #1180, .T. ) ;
#2157 = LINE ( 'NONE', #1227, #3606 ) ;
#2158 = LINE ( 'NONE', #2706, #267 ) ;
#2159 = EDGE_LOOP ( 'NONE', ( #1255, #1563 ) ) ;
#2160 = CYLINDRICAL_SURFACE ( 'NONE', #1760, 3.250000000000002665 ) ;
#2161 = ORIENTED_EDGE ( 'NONE', *, *, #3327, .F. ) ;
#2162 = CARTESIAN_POINT ( 'NONE',  ( -33.23401871576802336, 0.000000000000000000, 28.73401871576745137 ) ) ;
#2163 = FACE_BOUND ( 'NONE', #3273, .T. ) ;
#2164 = EDGE_CURVE ( 'NONE', #1579, #673, #3466, .T. ) ;
#2165 = ORIENTED_EDGE ( 'NONE', *, *, #1981, .F. ) ;
#2166 = DIRECTION ( 'NONE',  ( -0.000000000000000000, 1.000000000000000000, -0.000000000000000000 ) ) ;
#2167 = EDGE_LOOP ( 'NONE', ( #971, #3038 ) ) ;
#2168 = EDGE_LOOP ( 'NONE', ( #291, #1719, #2717, #1177 ) ) ;
#2169 = EDGE_CURVE ( 'NONE', #3588, #11, #634, .T. ) ;
#2170 = CARTESIAN_POINT ( 'NONE',  ( 135.0000000000000000, 0.000000000000000000, -130.5000000000000000 ) ) ;
#2171 = CARTESIAN_POINT ( 'NONE',  ( -33.23401871576802336, 10.00000000000000000, 37.73401871576744782 ) ) ;
#2172 = ORIENTED_EDGE ( 'NONE', *, *, #1697, .T. ) ;
#2173 = DIRECTION ( 'NONE',  ( 0.000000000000000000, 0.000000000000000000, 1.000000000000000000 ) ) ;
#2174 = ORIENTED_EDGE ( 'NONE', *, *, #677, .F. ) ;
#2175 = CARTESIAN_POINT ( 'NONE',  ( 0.000000000000000000, 8.000000000000081712, 0.000000000000000000 ) ) ;
#2176 = ORIENTED_EDGE ( 'NONE', *, *, #2291, .F. ) ;
#2177 = DIRECTION ( 'NONE',  ( -0.000000000000000000, 1.000000000000000000, -0.000000000000000000 ) ) ;
#2178 = FACE_OUTER_BOUND ( 'NONE', #1223, .T. ) ;
#2179 = CIRCLE ( 'NONE', #885, 4.500000000000003553 ) ;
#2180 = FACE_BOUND ( 'NONE', #2864, .T. ) ;
#2181 = EDGE_CURVE ( 'NONE', #981, #3469, #2790, .T. ) ;
#2182 = VECTOR ( 'NONE', #783, 1000.000000000000000 ) ;
#2183 = ADVANCED_FACE ( 'NONE', ( #445 ), #1146, .F. ) ;
#2184 = EDGE_LOOP ( 'NONE', ( #3000, #2767 ) ) ;
#2185 = DIRECTION ( 'NONE',  ( 0.000000000000000000, 1.000000000000000000, 0.000000000000000000 ) ) ;
#2186 = CYLINDRICAL_SURFACE ( 'NONE', #3552, 4.500000000000003553 ) ;
#2187 = VERTEX_POINT ( 'NONE', #2 ) ;
#2188 = ADVANCED_FACE ( 'NONE', ( #3227 ), #1730, .F. ) ;
#2189 = VECTOR ( 'NONE', #2734, 1000.000000000000000 ) ;
#2190 = CIRCLE ( 'NONE', #1392, 3.250000000000002665 ) ;
#2191 = ORIENTED_EDGE ( 'NONE', *, *, #1569, .T. ) ;
#2192 = CIRCLE ( 'NONE', #1326, 4.499999999999997335 ) ;
#2193 = CYLINDRICAL_SURFACE ( 'NONE', #1871, 3.299999999999997158 ) ;
#2194 = LINE ( 'NONE', #3387, #221 ) ;
#2195 = CONICAL_SURFACE ( 'NONE', #524, 6.299999999999996270, 0.7853981633974481680 ) ;
#2196 = VERTEX_POINT ( 'NONE', #847 ) ;
#2197 = CYLINDRICAL_SURFACE ( 'NONE', #829, 4.499999999999997335 ) ;
#2198 = ORIENTED_EDGE ( 'NONE', *, *, #3361, .F. ) ;
#2199 = DIRECTION ( 'NONE',  ( 0.000000000000000000, 0.000000000000000000, 1.000000000000000000 ) ) ;
#2200 = AXIS2_PLACEMENT_3D ( 'NONE', #442, #2564, #1035 ) ;
#2201 = EDGE_CURVE ( 'NONE', #3156, #603, #862, .T. ) ;
#2202 = EDGE_LOOP ( 'NONE', ( #754, #2961, #2820, #3146 ) ) ;
#2203 = CARTESIAN_POINT ( 'NONE',  ( 134.9999999999999716, 10.00000000000000000, 78.89999999999996305 ) ) ;
#2204 = DIRECTION ( 'NONE',  ( -0.000000000000000000, 1.000000000000000000, -0.000000000000000000 ) ) ;
#2205 = AXIS2_PLACEMENT_3D ( 'NONE', #1095, #899, #2955 ) ;
#2206 = CARTESIAN_POINT ( 'NONE',  ( -33.23401871576733413, 10.00000000000000000, -28.73401871576814059 ) ) ;
#2207 = VECTOR ( 'NONE', #149, 1000.000000000000000 ) ;
#2208 = ORIENTED_EDGE ( 'NONE', *, *, #2741, .F. ) ;
#2209 = CARTESIAN_POINT ( 'NONE',  ( 46.99999999999999289, 10.00000000000000000, 8.650000000000162004 ) ) ;
#2210 = DIRECTION ( 'NONE',  ( 0.000000000000000000, 0.000000000000000000, 1.000000000000000000 ) ) ;
#2211 = ORIENTED_EDGE ( 'NONE', *, *, #485, .F. ) ;
#2212 = EDGE_CURVE ( 'NONE', #3661, #857, #547, .T. ) ;
#2213 = LOCAL_TIME ( 0, 44, 35.00000000000000000, #3400 ) ;
#2214 = VERTEX_POINT ( 'NONE', #2648 ) ;
#2215 = DIRECTION ( 'NONE',  ( 0.000000000000000000, 0.000000000000000000, 1.000000000000000000 ) ) ;
#2216 = DIRECTION ( 'NONE',  ( -0.000000000000000000, 1.000000000000000000, -0.000000000000000000 ) ) ;
#2217 = EDGE_CURVE ( 'NONE', #3015, #3139, #151, .T. ) ;
#2218 = ORIENTED_EDGE ( 'NONE', *, *, #3572, .T. ) ;
#2219 = CARTESIAN_POINT ( 'NONE',  ( -63.08284835957631032, 10.00000000000000000, -16.69999999999986784 ) ) ;
#2220 = VERTEX_POINT ( 'NONE', #1746 ) ;
#2221 = CARTESIAN_POINT ( 'NONE',  ( 95.87379739473514917, 0.000000000000000000, -113.0376914450248051 ) ) ;
#2222 = ORIENTED_EDGE ( 'NONE', *, *, #2338, .T. ) ;
#2223 = LINE ( 'NONE', #3413, #380 ) ;
#2224 = DIRECTION ( 'NONE',  ( -0.000000000000000000, 1.000000000000000000, -0.000000000000000000 ) ) ;
#2225 = DIRECTION ( 'NONE',  ( 0.000000000000000000, 0.000000000000000000, 1.000000000000000000 ) ) ;
#2226 = VERTEX_POINT ( 'NONE', #3805 ) ;
#2227 = CARTESIAN_POINT ( 'NONE',  ( 134.9999999999999716, 0.000000000000000000, 74.39999999999994884 ) ) ;
#2228 = CARTESIAN_POINT ( 'NONE',  ( 98.08284835957783798, 10.00000000000000000, 19.99999999999978328 ) ) ;
#2229 = VERTEX_POINT ( 'NONE', #806 ) ;
#2230 = ORIENTED_EDGE ( 'NONE', *, *, #3407, .T. ) ;
#2231 = FACE_OUTER_BOUND ( 'NONE', #360, .T. ) ;
#2232 = FACE_OUTER_BOUND ( 'NONE', #623, .T. ) ;
#2233 = FACE_BOUND ( 'NONE', #1266, .T. ) ;
#2234 = ADVANCED_FACE ( 'NONE', ( #1716 ), #2027, .F. ) ;
#2235 = ORIENTED_EDGE ( 'NONE', *, *, #119, .T. ) ;
#2236 = DIRECTION ( 'NONE',  ( -0.000000000000000000, 1.000000000000000000, -0.000000000000000000 ) ) ;
#2237 = ORIENTED_EDGE ( 'NONE', *, *, #1063, .T. ) ;
#2238 = DIRECTION ( 'NONE',  ( -0.000000000000000000, 1.000000000000000000, -0.000000000000000000 ) ) ;
#2239 = EDGE_CURVE ( 'NONE', #2795, #321, #2325, .T. ) ;
#2240 = ORIENTED_EDGE ( 'NONE', *, *, #1341, .T. ) ;
#2241 = DIRECTION ( 'NONE',  ( 0.000000000000000000, 1.000000000000000000, 0.000000000000000000 ) ) ;
#2242 = LINE ( 'NONE', #1909, #331 ) ;
#2243 = DIRECTION ( 'NONE',  ( 0.000000000000000000, 0.000000000000000000, 1.000000000000000000 ) ) ;
#2244 = ORIENTED_EDGE ( 'NONE', *, *, #172, .T. ) ;
#2245 = APPROVAL_ROLE ( '' ) ;
#2246 = VECTOR ( 'NONE', #1991, 1000.000000000000000 ) ;
#2247 = VERTEX_POINT ( 'NONE', #279 ) ;
#2248 = VERTEX_POINT ( 'NONE', #2626 ) ;
#2249 = LINE ( 'NONE', #3442, #2182 ) ;
#2250 = CIRCLE ( 'NONE', #139, 3.299999999999997158 ) ;
#2251 = CIRCLE ( 'NONE', #695, 4.500000000000003553 ) ;
#2252 = DIRECTION ( 'NONE',  ( -0.000000000000000000, 1.000000000000000000, -0.000000000000000000 ) ) ;
#2253 = CARTESIAN_POINT ( 'NONE',  ( -95.81296885077719594, 0.000000000000000000, -116.3190655051871403 ) ) ;
#2254 = AXIS2_PLACEMENT_3D ( 'NONE', #2294, #3521, #505 ) ;
#2255 = VECTOR ( 'NONE', #3221, 1000.000000000000000 ) ;
#2256 = ORIENTED_EDGE ( 'NONE', *, *, #2357, .T. ) ;
#2257 = DIRECTION ( 'NONE',  ( -0.000000000000000000, 1.000000000000000000, -0.000000000000000000 ) ) ;
#2258 = AXIS2_PLACEMENT_3D ( 'NONE', #1319, #1967, #2503 ) ;
#2259 = CIRCLE ( 'NONE', #3191, 3.299999999999997158 ) ;
#2260 = EDGE_LOOP ( 'NONE', ( #2637, #1296, #65, #750 ) ) ;
#2261 = DIRECTION ( 'NONE',  ( 0.000000000000000000, 0.000000000000000000, 1.000000000000000000 ) ) ;
#2262 = EDGE_CURVE ( 'NONE', #54, #1097, #1411, .T. ) ;
#2263 = VECTOR ( 'NONE', #1214, 1000.000000000000000 ) ;
#2264 = EDGE_CURVE ( 'NONE', #158, #3093, #3193, .T. ) ;
#2265 = VERTEX_POINT ( 'NONE', #2880 ) ;
#2266 = DIRECTION ( 'NONE',  ( 0.000000000000000000, 0.000000000000000000, 1.000000000000000000 ) ) ;
#2267 = DIRECTION ( 'NONE',  ( -0.000000000000000000, 1.000000000000000000, -0.000000000000000000 ) ) ;
#2268 = CIRCLE ( 'NONE', #1647, 3.299999999999997158 ) ;
#2269 = VECTOR ( 'NONE', #490, 1000.000000000000000 ) ;
#2270 = EDGE_CURVE ( 'NONE', #782, #1113, #3525, .T. ) ;
#2271 = VERTEX_POINT ( 'NONE', #2004 ) ;
#2272 = CARTESIAN_POINT ( 'NONE',  ( -33.23401871576802336, 10.00000000000000000, 33.23401871576744782 ) ) ;
#2273 = ORIENTED_EDGE ( 'NONE', *, *, #1503, .F. ) ;
#2274 = CIRCLE ( 'NONE', #1094, 3.299999999999997158 ) ;
#2275 = ORIENTED_EDGE ( 'NONE', *, *, #2472, .T. ) ;
#2276 = DIRECTION ( 'NONE',  ( 0.000000000000000000, 0.000000000000000000, 1.000000000000000000 ) ) ;
#2277 = DIRECTION ( 'NONE',  ( 0.000000000000000000, 0.000000000000000000, 1.000000000000000000 ) ) ;
#2278 = LINE ( 'NONE', #2852, #1707 ) ;
#2279 = ORIENTED_EDGE ( 'NONE', *, *, #1364, .F. ) ;
#2280 = DIRECTION ( 'NONE',  ( 0.000000000000000000, 0.000000000000000000, 1.000000000000000000 ) ) ;
#2281 = ORIENTED_EDGE ( 'NONE', *, *, #1619, .F. ) ;
#2282 = CARTESIAN_POINT ( 'NONE',  ( -63.08284835957622505, 10.00000000000000000, 23.29999999999990834 ) ) ;
#2283 = ORIENTED_EDGE ( 'NONE', *, *, #3784, .T. ) ;
#2284 = DIRECTION ( 'NONE',  ( 0.000000000000000000, 0.000000000000000000, 1.000000000000000000 ) ) ;
#2285 = DIRECTION ( 'NONE',  ( 0.000000000000000000, 0.000000000000000000, 1.000000000000000000 ) ) ;
#2286 = DIRECTION ( 'NONE',  ( 0.000000000000000000, 0.000000000000000000, 1.000000000000000000 ) ) ;
#2287 = ORIENTED_EDGE ( 'NONE', *, *, #1261, .T. ) ;
#2288 = APPROVAL_DATE_TIME ( #3459, #220 ) ;
#2289 = CARTESIAN_POINT ( 'NONE',  ( -3.281992458512545606E-13, 10.00000000000000000, 47.00000000000000000 ) ) ;
#2290 = VERTEX_POINT ( 'NONE', #2594 ) ;
#2291 = EDGE_CURVE ( 'NONE', #2214, #1881, #1321, .T. ) ;
#2292 = ORIENTED_EDGE ( 'NONE', *, *, #1294, .F. ) ;
#2293 = LINE ( 'NONE', #2871, #946 ) ;
#2294 = CARTESIAN_POINT ( 'NONE',  ( -63.08284835957622505, 10.00000000000000000, 19.99999999999991118 ) ) ;
#2295 = ORIENTED_EDGE ( 'NONE', *, *, #864, .T. ) ;
#2296 = DIRECTION ( 'NONE',  ( -0.000000000000000000, 1.000000000000000000, -0.000000000000000000 ) ) ;
#2297 = DIRECTION ( 'NONE',  ( 0.000000000000000000, 0.000000000000000000, 1.000000000000000000 ) ) ;
#2298 = EDGE_LOOP ( 'NONE', ( #1816, #214, #2596, #35 ) ) ;
#2299 = DIRECTION ( 'NONE',  ( 0.000000000000000000, 0.000000000000000000, 1.000000000000000000 ) ) ;
#2300 = CARTESIAN_POINT ( 'NONE',  ( -3.281992458512545606E-13, 10.00000000000000000, 47.00000000000000000 ) ) ;
#2301 = DIRECTION ( 'NONE',  ( 0.000000000000000000, 0.000000000000000000, 1.000000000000000000 ) ) ;
#2302 = ORIENTED_EDGE ( 'NONE', *, *, #5, .T. ) ;
#2303 = DIRECTION ( 'NONE',  ( 0.000000000000000000, 1.000000000000000000, 0.000000000000000000 ) ) ;
#2304 = ORIENTED_EDGE ( 'NONE', *, *, #2181, .T. ) ;
#2305 = EDGE_CURVE ( 'NONE', #939, #3582, #2436, .T. ) ;
#2306 = AXIS2_PLACEMENT_3D ( 'NONE', #512, #284, #2355 ) ;
#2307 = ORIENTED_EDGE ( 'NONE', *, *, #1239, .F. ) ;
#2308 = CARTESIAN_POINT ( 'NONE',  ( -95.81296885077719594, 0.000000000000000000, -113.0690655051871403 ) ) ;
#2309 = ADVANCED_FACE ( 'NONE', ( #2935 ), #2006, .F. ) ;
#2310 = DIRECTION ( 'NONE',  ( -0.000000000000000000, 1.000000000000000000, -0.000000000000000000 ) ) ;
#2311 = CIRCLE ( 'NONE', #510, 8.649999999999998579 ) ;
#2312 = APPROVAL_ROLE ( '' ) ;
#2313 = AXIS2_PLACEMENT_3D ( 'NONE', #2761, #921, #622 ) ;
#2314 = CIRCLE ( 'NONE', #2938, 4.500000000000003553 ) ;
#2315 = CARTESIAN_POINT ( 'NONE',  ( 74.40000000000000568, 0.000000000000000000, 130.5000000000000000 ) ) ;
#2316 = DIRECTION ( 'NONE',  ( 0.000000000000000000, 0.000000000000000000, 1.000000000000000000 ) ) ;
#2317 = CARTESIAN_POINT ( 'NONE',  ( 0.000000000000000000, 10.00000000000000000, -27.50000000000000000 ) ) ;
#2318 = AXIS2_PLACEMENT_3D ( 'NONE', #2272, #2520, #1979 ) ;
#2319 = AXIS2_PLACEMENT_3D ( 'NONE', #2464, #3106, #156 ) ;
#2320 = ORIENTED_EDGE ( 'NONE', *, *, #143, .F. ) ;
#2321 = DIRECTION ( 'NONE',  ( 0.000000000000000000, 0.000000000000000000, 1.000000000000000000 ) ) ;
#2322 = CARTESIAN_POINT ( 'NONE',  ( 46.99999999999999289, 10.00000000000000000, 8.650000000000162004 ) ) ;
#2323 = LINE ( 'NONE', #553, #897 ) ;
#2324 = VECTOR ( 'NONE', #315, 1000.000000000000000 ) ;
#2325 = CIRCLE ( 'NONE', #768, 3.250000000000002665 ) ;
#2326 = ORIENTED_EDGE ( 'NONE', *, *, #1794, .F. ) ;
#2327 = FACE_OUTER_BOUND ( 'NONE', #2427, .T. ) ;
#2328 = VECTOR ( 'NONE', #3641, 1000.000000000000000 ) ;
#2329 = ORIENTED_EDGE ( 'NONE', *, *, #53, .T. ) ;
#2330 = CYLINDRICAL_SURFACE ( 'NONE', #3183, 4.500000000000003553 ) ;
#2331 = CYLINDRICAL_SURFACE ( 'NONE', #1945, 3.250000000000002665 ) ;
#2332 = CLOSED_SHELL ( 'NONE', ( #2967, #2549, #2600, #2954, #3352, #2000, #3332, #1484, #1855, #874, #2378, #2046, #2309, #2907, #3188, #1413, #2601, #2586, #970, #1848, #247, #1310, #2377, #231, #2183, #1593, #2758, #3456, #2152, #1491, #3020, #34, #2142, #1383, #2754, #1277, #2733, #341, #1618, #631, #2544, #2188, #1736, #2234, #808, #3165, #8, #1285, #2112, #3082, #3153, #1919, #599, #886, #932, #1403, #3680, #2799, #2615, #3803, #2025, #1166, #118, #2364, #1956, #2462, #1617, #3432, #1153, #369, #1000, #3658, #983, #3073, #3169, #3218, #3708, #2467, #3092, #294, #3663, #910, #1851, #1926, #2399, #560, #2087, #427, #1126, #1388, #2100, #1759, #2715, #192, #239, #3587, #411, #1876, #3480, #71, #2800, #2689, #2067, #2825, #2780, #3686, #3234, #2853, #2660, #2029, #3504, #2878 ) ) ;
#2333 = PERSON_AND_ORGANIZATION ( #1416, #3386 ) ;
#2334 = CIRCLE ( 'NONE', #1162, 3.299999999999997158 ) ;
#2335 = DIRECTION ( 'NONE',  ( 0.000000000000000000, 0.000000000000000000, 1.000000000000000000 ) ) ;
#2336 = FACE_OUTER_BOUND ( 'NONE', #2668, .T. ) ;
#2337 = FACE_OUTER_BOUND ( 'NONE', #995, .T. ) ;
#2338 = EDGE_CURVE ( 'NONE', #3768, #2523, #3212, .T. ) ;
#2339 = ORIENTED_EDGE ( 'NONE', *, *, #293, .T. ) ;
#2340 = CARTESIAN_POINT ( 'NONE',  ( -116.3504395653500580, 10.00000000000000000, 92.62379739473679763 ) ) ;
#2341 = DIRECTION ( 'NONE',  ( 0.000000000000000000, 0.000000000000000000, 1.000000000000000000 ) ) ;
#2342 = FACE_OUTER_BOUND ( 'NONE', #722, .T. ) ;
#2343 = ORIENTED_EDGE ( 'NONE', *, *, #2169, .F. ) ;
#2344 = DIRECTION ( 'NONE',  ( -0.000000000000000000, 1.000000000000000000, -0.000000000000000000 ) ) ;
#2345 = ORIENTED_EDGE ( 'NONE', *, *, #3404, .T. ) ;
#2346 = CARTESIAN_POINT ( 'NONE',  ( -134.9999999999999432, 10.00000000000000000, 139.4999999999999432 ) ) ;
#2347 = VERTEX_POINT ( 'NONE', #1130 ) ;
#2348 = FACE_OUTER_BOUND ( 'NONE', #2397, .T. ) ;
#2349 = DIRECTION ( 'NONE',  ( 0.000000000000000000, 0.000000000000000000, 1.000000000000000000 ) ) ;
#2350 = DIRECTION ( 'NONE',  ( 0.000000000000000000, 0.000000000000000000, 1.000000000000000000 ) ) ;
#2351 = CARTESIAN_POINT ( 'NONE',  ( 135.0000000000000000, 0.000000000000000000, 134.9999999999999432 ) ) ;
#2352 = CYLINDRICAL_SURFACE ( 'NONE', #2695, 4.499999999999997335 ) ;
#2353 = EDGE_CURVE ( 'NONE', #3561, #2149, #1259, .T. ) ;
#2354 = EDGE_LOOP ( 'NONE', ( #2275, #3697 ) ) ;
#2355 = DIRECTION ( 'NONE',  ( 0.000000000000000000, 0.000000000000000000, 1.000000000000000000 ) ) ;
#2356 = DIRECTION ( 'NONE',  ( 0.000000000000000000, 0.000000000000000000, 1.000000000000000000 ) ) ;
#2357 = EDGE_CURVE ( 'NONE', #1010, #420, #325, .T. ) ;
#2358 = CARTESIAN_POINT ( 'NONE',  ( 95.87379739473514917, 0.000000000000000000, -119.5376914450248051 ) ) ;
#2359 = ORIENTED_EDGE ( 'NONE', *, *, #1030, .T. ) ;
#2360 = DIRECTION ( 'NONE',  ( -0.000000000000000000, 1.000000000000000000, -0.000000000000000000 ) ) ;
#2361 = VERTEX_POINT ( 'NONE', #1444 ) ;
#2362 = CARTESIAN_POINT ( 'NONE',  ( 0.000000000000000000, 10.00000000000000000, -47.00000000000000000 ) ) ;
#2363 = ORIENTED_EDGE ( 'NONE', *, *, #3752, .T. ) ;
#2364 = ADVANCED_FACE ( 'NONE', ( #2336 ), #661, .F. ) ;
#2365 = CARTESIAN_POINT ( 'NONE',  ( -95.84434291094001424, 10.00000000000000000, 119.6298940491465856 ) ) ;
#2366 = AXIS2_PLACEMENT_3D ( 'NONE', #2941, #1117, #1473 ) ;
#2367 = DIRECTION ( 'NONE',  ( -1.000000000000000000, 0.000000000000000000, 8.540177112501197482E-15 ) ) ;
#2368 = FACE_OUTER_BOUND ( 'NONE', #2298, .T. ) ;
#2369 = VECTOR ( 'NONE', #3261, 1000.000000000000114 ) ;
#2370 = ORIENTED_EDGE ( 'NONE', *, *, #201, .F. ) ;
#2371 = CARTESIAN_POINT ( 'NONE',  ( -27.50000000000000000, 7.000000000000000000, 0.000000000000000000 ) ) ;
#2372 = DIRECTION ( 'NONE',  ( -0.000000000000000000, 1.000000000000000000, -0.000000000000000000 ) ) ;
#2373 = AXIS2_PLACEMENT_3D ( 'NONE', #112, #757, #2480 ) ;
#2374 = VECTOR ( 'NONE', #122, 1000.000000000000000 ) ;
#2375 = ORIENTED_EDGE ( 'NONE', *, *, #2659, .T. ) ;
#2376 = CYLINDRICAL_SURFACE ( 'NONE', #332, 3.299999999999997158 ) ;
#2377 = ADVANCED_FACE ( 'NONE', ( #2719 ), #3367, .F. ) ;
#2378 = ADVANCED_FACE ( 'NONE', ( #95 ), #2808, .F. ) ;
#2379 = CONICAL_SURFACE ( 'NONE', #393, 6.299999999999999822, 0.7853981633974485010 ) ;
#2380 = VECTOR ( 'NONE', #811, 1000.000000000000000 ) ;
#2381 = ORIENTED_EDGE ( 'NONE', *, *, #3381, .F. ) ;
#2382 = FACE_OUTER_BOUND ( 'NONE', #2657, .T. ) ;
#2383 = AXIS2_PLACEMENT_3D ( 'NONE', #1546, #3371, #3034 ) ;
#2384 = EDGE_CURVE ( 'NONE', #2996, #2547, #2743, .T. ) ;
#2385 = AXIS2_PLACEMENT_3D ( 'NONE', #1863, #3049, #3031 ) ;
#2386 = ORIENTED_EDGE ( 'NONE', *, *, #3724, .T. ) ;
#2387 = DIRECTION ( 'NONE',  ( 0.000000000000000000, 0.000000000000000000, 1.000000000000000000 ) ) ;
#2388 = CIRCLE ( 'NONE', #345, 4.500000000000003553 ) ;
#2389 = CARTESIAN_POINT ( 'NONE',  ( 135.0000000000018474, 0.000000000000000000, -69.92024260179205442 ) ) ;
#2390 = FACE_OUTER_BOUND ( 'NONE', #3815, .T. ) ;
#2391 = DIRECTION ( 'NONE',  ( -0.000000000000000000, 1.000000000000000000, -0.000000000000000000 ) ) ;
#2392 = EDGE_LOOP ( 'NONE', ( #3568, #1360 ) ) ;
#2393 = CARTESIAN_POINT ( 'NONE',  ( 0.000000000000000000, 2.000000000000001776, 0.000000000000000000 ) ) ;
#2394 = FACE_OUTER_BOUND ( 'NONE', #2671, .T. ) ;
#2395 = EDGE_LOOP ( 'NONE', ( #691, #1221, #1661, #3631 ) ) ;
#2396 = CARTESIAN_POINT ( 'NONE',  ( 37.50000000000137135, 0.000000000000000000, 80.58284835958099279 ) ) ;
#2397 = EDGE_LOOP ( 'NONE', ( #2891, #1064, #2858, #550 ) ) ;
#2398 = DIRECTION ( 'NONE',  ( -0.000000000000000000, 1.000000000000000000, -0.000000000000000000 ) ) ;
#2399 = ADVANCED_FACE ( 'NONE', ( #2390 ), #328, .F. ) ;
#2400 = EDGE_LOOP ( 'NONE', ( #358, #3492 ) ) ;
#2401 = DIRECTION ( 'NONE',  ( 0.000000000000000000, 0.7071067811865473507, 0.7071067811865477948 ) ) ;
#2402 = ORIENTED_EDGE ( 'NONE', *, *, #2670, .F. ) ;
#2403 = EDGE_CURVE ( 'NONE', #3021, #477, #2497, .T. ) ;
#2404 = FACE_OUTER_BOUND ( 'NONE', #1870, .T. ) ;
#2405 = DIRECTION ( 'NONE',  ( -0.000000000000000000, 1.000000000000000000, -0.000000000000000000 ) ) ;
#2406 = FACE_BOUND ( 'NONE', #451, .T. ) ;
#2407 = ORIENTED_EDGE ( 'NONE', *, *, #2656, .T. ) ;
#2408 = DIRECTION ( 'NONE',  ( 0.000000000000000000, 0.000000000000000000, 1.000000000000000000 ) ) ;
#2409 = CARTESIAN_POINT ( 'NONE',  ( -135.0000000000000568, 10.00000000000000000, 78.89999999999996305 ) ) ;
#2410 = VERTEX_POINT ( 'NONE', #2969 ) ;
#2411 = CYLINDRICAL_SURFACE ( 'NONE', #1083, 4.500000000000003553 ) ;
#2412 = ORIENTED_EDGE ( 'NONE', *, *, #3457, .T. ) ;
#2413 = CARTESIAN_POINT ( 'NONE',  ( -33.23401871576733413, 10.00000000000000000, -33.23401871576813704 ) ) ;
#2414 = FACE_BOUND ( 'NONE', #3220, .T. ) ;
#2415 = ORIENTED_EDGE ( 'NONE', *, *, #1052, .T. ) ;
#2416 = CARTESIAN_POINT ( 'NONE',  ( 2.755455298081544620E-14, 8.000000000000081712, 225.0000000000000000 ) ) ;
#2417 = ORIENTED_EDGE ( 'NONE', *, *, #4, .F. ) ;
#2418 = EDGE_CURVE ( 'NONE', #3271, #650, #2421, .T. ) ;
#2419 = EDGE_CURVE ( 'NONE', #1455, #382, #1566, .T. ) ;
#2420 = LINE ( 'NONE', #1930, #1032 ) ;
#2421 = LINE ( 'NONE', #3608, #2189 ) ;
#2422 = FACE_BOUND ( 'NONE', #1915, .T. ) ;
#2423 = CIRCLE ( 'NONE', #2554, 3.250000000000002665 ) ;
#2424 = VERTEX_POINT ( 'NONE', #2986 ) ;
#2425 = CARTESIAN_POINT ( 'NONE',  ( 0.000000000000000000, 10.00000000000000000, -42.50000000000000000 ) ) ;
#2426 = DIRECTION ( 'NONE',  ( 0.000000000000000000, 0.7071067811865470176, 0.7071067811865479058 ) ) ;
#2427 = EDGE_LOOP ( 'NONE', ( #2737, #171, #780, #3326 ) ) ;
#2428 = CARTESIAN_POINT ( 'NONE',  ( 134.9999999999999716, 10.00000000000000000, 69.89999999999994884 ) ) ;
#2429 = CIRCLE ( 'NONE', #1254, 225.0000000000000000 ) ;
#2430 = AXIS2_PLACEMENT_3D ( 'NONE', #1366, #1096, #2774 ) ;
#2431 = EDGE_LOOP ( 'NONE', ( #1836, #2117 ) ) ;
#2432 = DIRECTION ( 'NONE',  ( -0.000000000000000000, 1.000000000000000000, -0.000000000000000000 ) ) ;
#2433 = AXIS2_PLACEMENT_3D ( 'NONE', #2362, #2911, #252 ) ;
#2434 = CARTESIAN_POINT ( 'NONE',  ( 2.730962362098598537E-14, 10.00000000000000000, 223.0000000000000853 ) ) ;
#2435 = FACE_BOUND ( 'NONE', #379, .T. ) ;
#2436 = CIRCLE ( 'NONE', #2628, 4.500000000000003553 ) ;
#2437 = AXIS2_PLACEMENT_3D ( 'NONE', #1789, #2923, #1509 ) ;
#2438 = ORIENTED_EDGE ( 'NONE', *, *, #3310, .T. ) ;
#2439 = LINE ( 'NONE', #2150, #1867 ) ;
#2440 = CIRCLE ( 'NONE', #3678, 4.500000000000003553 ) ;
#2441 = VECTOR ( 'NONE', #2943, 1000.000000000000000 ) ;
#2442 = ORIENTED_EDGE ( 'NONE', *, *, #1104, .F. ) ;
#2443 = ORIENTED_EDGE ( 'NONE', *, *, #1619, .T. ) ;
#2444 = EDGE_CURVE ( 'NONE', #1844, #1349, #2994, .T. ) ;
#2445 = DIRECTION ( 'NONE',  ( -0.000000000000000000, 1.000000000000000000, -0.000000000000000000 ) ) ;
#2446 = VECTOR ( 'NONE', #744, 999.9999999999998863 ) ;
#2447 = FACE_BOUND ( 'NONE', #1935, .T. ) ;
#2448 = ORIENTED_EDGE ( 'NONE', *, *, #3610, .F. ) ;
#2449 = CARTESIAN_POINT ( 'NONE',  ( 33.23401871576779598, 5.850000000000004086, -37.73401871576767519 ) ) ;
#2450 = CYLINDRICAL_SURFACE ( 'NONE', #2133, 4.500000000000003553 ) ;
#2451 = ORIENTED_EDGE ( 'NONE', *, *, #1688, .T. ) ;
#2452 = CARTESIAN_POINT ( 'NONE',  ( 37.49999999999987921, 10.00000000000000000, -77.28284835957724397 ) ) ;
#2453 = EDGE_CURVE ( 'NONE', #684, #1485, #2561, .T. ) ;
#2454 = ORIENTED_EDGE ( 'NONE', *, *, #3527, .T. ) ;
#2455 = LINE ( 'NONE', #344, #517 ) ;
#2456 = FACE_OUTER_BOUND ( 'NONE', #978, .T. ) ;
#2457 = EDGE_CURVE ( 'NONE', #1422, #2347, #2250, .T. ) ;
#2458 = VERTEX_POINT ( 'NONE', #934 ) ;
#2459 = CC_DESIGN_APPROVAL ( #1822, ( #1359 ) ) ;
#2460 = DIRECTION ( 'NONE',  ( 0.000000000000000000, 0.000000000000000000, 1.000000000000000000 ) ) ;
#2461 = ORIENTED_EDGE ( 'NONE', *, *, #1172, .F. ) ;
#2462 = ADVANCED_FACE ( 'NONE', ( #309 ), #41, .F. ) ;
#2463 = VERTEX_POINT ( 'NONE', #953 ) ;
#2464 = CARTESIAN_POINT ( 'NONE',  ( -2.500000000000067502, 10.00000000000000000, -80.58284835957709902 ) ) ;
#2465 = FACE_BOUND ( 'NONE', #520, .T. ) ;
#2466 = ORIENTED_EDGE ( 'NONE', *, *, #1669, .F. ) ;
#2467 = ADVANCED_FACE ( 'NONE', ( #3632 ), #75, .F. ) ;
#2468 = CARTESIAN_POINT ( 'NONE',  ( 98.08284835957783798, 0.000000000000000000, 19.99999999999978328 ) ) ;
#2469 = ORIENTED_EDGE ( 'NONE', *, *, #984, .T. ) ;
#2470 = FACE_OUTER_BOUND ( 'NONE', #1078, .T. ) ;
#2471 = EDGE_CURVE ( 'NONE', #3768, #148, #207, .T. ) ;
#2472 = EDGE_CURVE ( 'NONE', #2265, #1040, #890, .T. ) ;
#2473 = ORIENTED_EDGE ( 'NONE', *, *, #3773, .T. ) ;
#2474 = FACE_OUTER_BOUND ( 'NONE', #2062, .T. ) ;
#2475 = CYLINDRICAL_SURFACE ( 'NONE', #1811, 4.499999999999997335 ) ;
#2476 = FACE_OUTER_BOUND ( 'NONE', #3037, .T. ) ;
#2477 = VERTEX_POINT ( 'NONE', #678 ) ;
#2478 = ORIENTED_EDGE ( 'NONE', *, *, #672, .F. ) ;
#2479 = ORIENTED_EDGE ( 'NONE', *, *, #1530, .F. ) ;
#2480 = DIRECTION ( 'NONE',  ( 0.000000000000000000, 0.000000000000000000, -1.000000000000000000 ) ) ;
#2481 = LINE ( 'NONE', #3666, #2512 ) ;
#2482 = ORIENTED_EDGE ( 'NONE', *, *, #1220, .F. ) ;
#2483 = DIRECTION ( 'NONE',  ( -0.000000000000000000, 1.000000000000000000, -0.000000000000000000 ) ) ;
#2484 = EDGE_LOOP ( 'NONE', ( #2101, #2770 ) ) ;
#2485 = DIRECTION ( 'NONE',  ( -0.000000000000000000, 1.000000000000000000, -0.000000000000000000 ) ) ;
#2486 = AXIS2_PLACEMENT_3D ( 'NONE', #2842, #164, #1888 ) ;
#2487 = VERTEX_POINT ( 'NONE', #1857 ) ;
#2488 = CARTESIAN_POINT ( 'NONE',  ( -74.39999999999994884, 10.00000000000000000, 139.4999999999997158 ) ) ;
#2489 = EDGE_CURVE ( 'NONE', #2248, #1167, #3041, .T. ) ;
#2490 = FACE_OUTER_BOUND ( 'NONE', #3164, .T. ) ;
#2491 = AXIS2_PLACEMENT_3D ( 'NONE', #1997, #2560, #1687 ) ;
#2492 = DIRECTION ( 'NONE',  ( -0.000000000000000000, 1.000000000000000000, -0.000000000000000000 ) ) ;
#2493 = CIRCLE ( 'NONE', #2433, 8.649999999999998579 ) ;
#2494 = ORIENTED_EDGE ( 'NONE', *, *, #1652, .F. ) ;
#2495 = CARTESIAN_POINT ( 'NONE',  ( 0.000000000000000000, 7.000000000000000000, 30.79999999999999716 ) ) ;
#2496 = ORIENTED_EDGE ( 'NONE', *, *, #1958, .F. ) ;
#2497 = CIRCLE ( 'NONE', #3242, 4.500000000000003553 ) ;
#2498 = CIRCLE ( 'NONE', #2873, 8.649999999999998579 ) ;
#2499 = EDGE_CURVE ( 'NONE', #2463, #152, #1013, .T. ) ;
#2500 = AXIS2_PLACEMENT_3D ( 'NONE', #3035, #1308, #1295 ) ;
#2501 = ORIENTED_EDGE ( 'NONE', *, *, #745, .F. ) ;
#2502 = AXIS2_PLACEMENT_3D ( 'NONE', #144, #1371, #1333 ) ;
#2503 = DIRECTION ( 'NONE',  ( 0.000000000000000000, 0.000000000000000000, 1.000000000000000000 ) ) ;
#2504 = FACE_OUTER_BOUND ( 'NONE', #1304, .T. ) ;
#2505 = AXIS2_PLACEMENT_3D ( 'NONE', #1082, #2515, #1664 ) ;
#2506 = EDGE_CURVE ( 'NONE', #2038, #1964, #2060, .T. ) ;
#2507 = AXIS2_PLACEMENT_3D ( 'NONE', #3468, #3712, #2261 ) ;
#2508 = DIRECTION ( 'NONE',  ( -0.000000000000000000, 1.000000000000000000, -0.000000000000000000 ) ) ;
#2509 = CARTESIAN_POINT ( 'NONE',  ( 33.23401871576756150, 10.00000000000000000, 24.58401871576790398 ) ) ;
#2510 = ORIENTED_EDGE ( 'NONE', *, *, #924, .F. ) ;
#2511 = DIRECTION ( 'NONE',  ( 0.000000000000000000, 1.000000000000000000, 0.000000000000000000 ) ) ;
#2512 = VECTOR ( 'NONE', #131, 999.9999999999998863 ) ;
#2513 = VERTEX_POINT ( 'NONE', #3151 ) ;
#2514 = FACE_OUTER_BOUND ( 'NONE', #3515, .T. ) ;
#2515 = DIRECTION ( 'NONE',  ( 0.000000000000000000, 1.000000000000000000, -0.000000000000000000 ) ) ;
#2516 = EDGE_CURVE ( 'NONE', #1349, #1844, #1075, .T. ) ;
#2517 = ORIENTED_EDGE ( 'NONE', *, *, #3457, .F. ) ;
#2518 = PERSON_AND_ORGANIZATION ( #1416, #3386 ) ;
#2519 = LINE ( 'NONE', #2718, #1965 ) ;
#2520 = DIRECTION ( 'NONE',  ( -0.000000000000000000, 1.000000000000000000, -0.000000000000000000 ) ) ;
#2521 = ORIENTED_EDGE ( 'NONE', *, *, #2018, .T. ) ;
#2522 = EDGE_CURVE ( 'NONE', #416, #1504, #1389, .T. ) ;
#2523 = VERTEX_POINT ( 'NONE', #719 ) ;
#2524 = CARTESIAN_POINT ( 'NONE',  ( -63.08284835957631032, 0.000000000000000000, -16.69999999999986784 ) ) ;
#2525 = EDGE_CURVE ( 'NONE', #3105, #947, #271, .T. ) ;
#2526 = DIRECTION ( 'NONE',  ( 0.000000000000000000, 0.000000000000000000, 1.000000000000000000 ) ) ;
#2527 = DIRECTION ( 'NONE',  ( 0.000000000000000000, 0.000000000000000000, 1.000000000000000000 ) ) ;
#2528 = EDGE_LOOP ( 'NONE', ( #3652, #3727 ) ) ;
#2529 = DIRECTION ( 'NONE',  ( -0.000000000000000000, 1.000000000000000000, -0.000000000000000000 ) ) ;
#2530 = ORIENTED_EDGE ( 'NONE', *, *, #3523, .F. ) ;
#2531 = DIRECTION ( 'NONE',  ( 0.000000000000000000, 0.7071067811865472397, 0.7071067811865479058 ) ) ;
#2532 = ORIENTED_EDGE ( 'NONE', *, *, #506, .T. ) ;
#2533 = CARTESIAN_POINT ( 'NONE',  ( 74.40000000000000568, 10.00000000000000000, 135.0000000000000000 ) ) ;
#2534 = CARTESIAN_POINT ( 'NONE',  ( -47.00000000000000000, 10.00000000000000000, -8.650000000000490630 ) ) ;
#2535 = ORIENTED_EDGE ( 'NONE', *, *, #1568, .F. ) ;
#2536 = DIRECTION ( 'NONE',  ( -0.000000000000000000, 1.000000000000000000, -0.000000000000000000 ) ) ;
#2537 = DIRECTION ( 'NONE',  ( -0.000000000000000000, 1.000000000000000000, -0.000000000000000000 ) ) ;
#2538 = VERTEX_POINT ( 'NONE', #469 ) ;
#2539 = ORIENTED_EDGE ( 'NONE', *, *, #2181, .F. ) ;
#2540 = DIRECTION ( 'NONE',  ( -0.000000000000000000, 1.000000000000000000, -0.000000000000000000 ) ) ;
#2541 = EDGE_CURVE ( 'NONE', #1887, #486, #3434, .T. ) ;
#2542 = CARTESIAN_POINT ( 'NONE',  ( -134.9999999999999432, 10.00000000000000000, 134.9999999999999432 ) ) ;
#2543 = DIRECTION ( 'NONE',  ( -0.000000000000000000, 1.000000000000000000, -0.000000000000000000 ) ) ;
#2544 = ADVANCED_FACE ( 'NONE', ( #3664 ), #2193, .F. ) ;
#2545 = DIRECTION ( 'NONE',  ( 0.000000000000000000, 0.000000000000000000, 1.000000000000000000 ) ) ;
#2546 = CARTESIAN_POINT ( 'NONE',  ( 116.3485199889830000, 0.000000000000000000, 92.65517145489961592 ) ) ;
#2547 = VERTEX_POINT ( 'NONE', #1362 ) ;
#2548 = DIRECTION ( 'NONE',  ( 8.659560562354937789E-17, 0.7071067811865472397, -0.7071067811865479058 ) ) ;
#2549 = ADVANCED_FACE ( 'NONE', ( #2232 ), #3129, .F. ) ;
#2550 = ORIENTED_EDGE ( 'NONE', *, *, #1790, .F. ) ;
#2551 = FACE_OUTER_BOUND ( 'NONE', #196, .T. ) ;
#2552 = LINE ( 'NONE', #1645, #2750 ) ;
#2553 = LINE ( 'NONE', #2534, #1817 ) ;
#2554 = AXIS2_PLACEMENT_3D ( 'NONE', #452, #2241, #141 ) ;
#2555 = ORIENTED_EDGE ( 'NONE', *, *, #408, .F. ) ;
#2556 = AXIS2_PLACEMENT_3D ( 'NONE', #3453, #1332, #793 ) ;
#2557 = DIRECTION ( 'NONE',  ( -0.000000000000000000, 1.000000000000000000, -0.000000000000000000 ) ) ;
#2558 = EDGE_LOOP ( 'NONE', ( #3545, #3079, #2841, #2454 ) ) ;
#2559 = VERTEX_POINT ( 'NONE', #1611 ) ;
#2560 = DIRECTION ( 'NONE',  ( -0.000000000000000000, 1.000000000000000000, -0.000000000000000000 ) ) ;
#2561 = CIRCLE ( 'NONE', #574, 4.499999999999997335 ) ;
#2562 = AXIS2_PLACEMENT_3D ( 'NONE', #1671, #894, #1184 ) ;
#2563 = FACE_OUTER_BOUND ( 'NONE', #3339, .T. ) ;
#2564 = DIRECTION ( 'NONE',  ( -0.000000000000000000, 1.000000000000000000, -0.000000000000000000 ) ) ;
#2565 = CIRCLE ( 'NONE', #2064, 6.299999999999999822 ) ;
#2566 = AXIS2_PLACEMENT_3D ( 'NONE', #987, #627, #3056 ) ;
#2567 = ORIENTED_EDGE ( 'NONE', *, *, #1568, .T. ) ;
#2568 = CARTESIAN_POINT ( 'NONE',  ( 27.50000000000000000, 10.00000000000000000, 0.000000000000000000 ) ) ;
#2569 = VECTOR ( 'NONE', #539, 999.9999999999998863 ) ;
#2570 = CONICAL_SURFACE ( 'NONE', #2636, 6.299999999999996270, 0.7853981633974481680 ) ;
#2571 = ORIENTED_EDGE ( 'NONE', *, *, #554, .F. ) ;
#2572 = DIRECTION ( 'NONE',  ( -0.000000000000000000, 1.000000000000000000, -0.000000000000000000 ) ) ;
#2573 = VECTOR ( 'NONE', #3749, 1000.000000000000000 ) ;
#2574 = ORIENTED_EDGE ( 'NONE', *, *, #48, .F. ) ;
#2575 = CARTESIAN_POINT ( 'NONE',  ( 37.49999999999987921, 10.00000000000000000, -80.58284835957724113 ) ) ;
#2576 = DIRECTION ( 'NONE',  ( -0.000000000000000000, 1.000000000000000000, -0.000000000000000000 ) ) ;
#2577 = EDGE_CURVE ( 'NONE', #49, #603, #2747, .T. ) ;
#2578 = DIRECTION ( 'NONE',  ( 8.659560562354937789E-17, 0.7071067811865470176, -0.7071067811865479058 ) ) ;
#2579 = AXIS2_PLACEMENT_3D ( 'NONE', #759, #1674, #1381 ) ;
#2580 = AXIS2_PLACEMENT_3D ( 'NONE', #1613, #3725, #2592 ) ;
#2581 = VERTEX_POINT ( 'NONE', #3689 ) ;
#2582 = APPROVAL_ROLE ( '' ) ;
#2583 = DIRECTION ( 'NONE',  ( 0.000000000000000000, 0.000000000000000000, 1.000000000000000000 ) ) ;
#2584 = ORIENTED_EDGE ( 'NONE', *, *, #3051, .F. ) ;
#2585 = AXIS2_PLACEMENT_3D ( 'NONE', #3226, #2053, #2335 ) ;
#2586 = ADVANCED_FACE ( 'NONE', ( #3358 ), #784, .F. ) ;
#2587 = EDGE_LOOP ( 'NONE', ( #3827, #203 ) ) ;
#2588 = DIRECTION ( 'NONE',  ( -0.000000000000000000, 1.000000000000000000, -0.000000000000000000 ) ) ;
#2589 = DIRECTION ( 'NONE',  ( 0.000000000000000000, 0.000000000000000000, 1.000000000000000000 ) ) ;
#2590 = DIRECTION ( 'NONE',  ( 0.000000000000000000, 0.000000000000000000, 1.000000000000000000 ) ) ;
#2591 = EDGE_CURVE ( 'NONE', #1906, #1007, #2440, .T. ) ;
#2592 = DIRECTION ( 'NONE',  ( 0.000000000000000000, 0.000000000000000000, 1.000000000000000000 ) ) ;
#2593 = CC_DESIGN_APPROVAL ( #220, ( #3085 ) ) ;
#2594 = CARTESIAN_POINT ( 'NONE',  ( 0.000000000000000000, 0.000000000000000000, 223.0000000000000000 ) ) ;
#2595 = FACE_OUTER_BOUND ( 'NONE', #2856, .T. ) ;
#2596 = ORIENTED_EDGE ( 'NONE', *, *, #1737, .T. ) ;
#2597 = CARTESIAN_POINT ( 'NONE',  ( -63.08284835957622505, 10.00000000000000000, 19.99999999999991118 ) ) ;
#2598 = FACE_OUTER_BOUND ( 'NONE', #1868, .T. ) ;
#2599 = DIRECTION ( 'NONE',  ( -0.000000000000000000, 1.000000000000000000, -0.000000000000000000 ) ) ;
#2600 = ADVANCED_FACE ( 'NONE', ( #425 ), #1632, .F. ) ;
#2601 = ADVANCED_FACE ( 'NONE', ( #993 ), #85, .F. ) ;
#2602 = VERTEX_POINT ( 'NONE', #696 ) ;
#2603 = VERTEX_POINT ( 'NONE', #2170 ) ;
#2604 = ORIENTED_EDGE ( 'NONE', *, *, #1794, .T. ) ;
#2605 = CARTESIAN_POINT ( 'NONE',  ( 0.000000000000000000, 0.000000000000000000, -47.00000000000000000 ) ) ;
#2606 = CARTESIAN_POINT ( 'NONE',  ( -116.3190655051870550, 0.000000000000000000, -95.81296885077716752 ) ) ;
#2607 = PERSON_AND_ORGANIZATION ( #1416, #3386 ) ;
#2608 = CARTESIAN_POINT ( 'NONE',  ( 135.0000000000000000, 10.00000000000000000, -135.0000000000000000 ) ) ;
#2609 = DIRECTION ( 'NONE',  ( 0.000000000000000000, 0.000000000000000000, 1.000000000000000000 ) ) ;
#2610 = LINE ( 'NONE', #1764, #1274 ) ;
#2611 = ORIENTED_EDGE ( 'NONE', *, *, #2646, .T. ) ;
#2612 = CARTESIAN_POINT ( 'NONE',  ( 116.3798940491453351, 10.00000000000000000, -95.78159479061517345 ) ) ;
#2613 = CARTESIAN_POINT ( 'NONE',  ( 0.000000000000000000, 10.00000000000000000, 0.000000000000000000 ) ) ;
#2614 = DIRECTION ( 'NONE',  ( -0.000000000000000000, 1.000000000000000000, -0.000000000000000000 ) ) ;
#2615 = ADVANCED_FACE ( 'NONE', ( #1034 ), #738, .F. ) ;
#2616 = EDGE_LOOP ( 'NONE', ( #668, #3575 ) ) ;
#2617 = LINE ( 'NONE', #3792, #272 ) ;
#2618 = AXIS2_PLACEMENT_3D ( 'NONE', #1041, #747, #1621 ) ;
#2619 = ORIENTED_EDGE ( 'NONE', *, *, #3798, .T. ) ;
#2620 = CARTESIAN_POINT ( 'NONE',  ( -47.00000000000000000, 0.000000000000000000, -4.922988687768817400E-13 ) ) ;
#2621 = FACE_OUTER_BOUND ( 'NONE', #304, .T. ) ;
#2622 = EDGE_CURVE ( 'NONE', #1881, #2214, #1077, .T. ) ;
#2623 = DIRECTION ( 'NONE',  ( 0.000000000000000000, 0.000000000000000000, 1.000000000000000000 ) ) ;
#2624 = VECTOR ( 'NONE', #1200, 1000.000000000000000 ) ;
#2625 = DIRECTION ( 'NONE',  ( -0.000000000000000000, 1.000000000000000000, -0.000000000000000000 ) ) ;
#2626 = CARTESIAN_POINT ( 'NONE',  ( 5.510910596163090542E-16, 0.000000000000000000, -51.50000000000000000 ) ) ;
#2627 = DIRECTION ( 'NONE',  ( 0.000000000000000000, 0.000000000000000000, 1.000000000000000000 ) ) ;
#2628 = AXIS2_PLACEMENT_3D ( 'NONE', #2351, #2296, #2609 ) ;
#2629 = AXIS2_PLACEMENT_3D ( 'NONE', #1939, #544, #2643 ) ;
#2630 = ORIENTED_EDGE ( 'NONE', *, *, #1033, .T. ) ;
#2631 = LINE ( 'NONE', #1415, #2930 ) ;
#2632 = AXIS2_PLACEMENT_3D ( 'NONE', #3530, #1191, #260 ) ;
#2633 = DIRECTION ( 'NONE',  ( 0.000000000000000000, 0.000000000000000000, 1.000000000000000000 ) ) ;
#2634 = LINE ( 'NONE', #286, #2013 ) ;
#2635 = CIRCLE ( 'NONE', #3445, 3.299999999999997158 ) ;
#2636 = AXIS2_PLACEMENT_3D ( 'NONE', #3513, #852, #2032 ) ;
#2637 = ORIENTED_EDGE ( 'NONE', *, *, #2924, .F. ) ;
#2638 = CARTESIAN_POINT ( 'NONE',  ( -2.500000000000067502, 0.000000000000000000, -77.28284835957710186 ) ) ;
#2639 = AXIS2_PLACEMENT_3D ( 'NONE', #3728, #1074, #3391 ) ;
#2640 = CONICAL_SURFACE ( 'NONE', #1468, 8.649999999999998579, 0.7853981633974489451 ) ;
#2641 = ORIENTED_EDGE ( 'NONE', *, *, #849, .T. ) ;
#2642 = CARTESIAN_POINT ( 'NONE',  ( 74.42024260179678663, 10.00000000000000000, -139.4999999999999716 ) ) ;
#2643 = DIRECTION ( 'NONE',  ( 0.000000000000000000, 0.000000000000000000, 1.000000000000000000 ) ) ;
#2644 = EDGE_CURVE ( 'NONE', #1964, #2038, #2998, .T. ) ;
#2645 = CIRCLE ( 'NONE', #476, 8.649999999999998579 ) ;
#2646 = EDGE_CURVE ( 'NONE', #507, #1053, #1325, .T. ) ;
#2647 = DIRECTION ( 'NONE',  ( 8.659560562354937789E-17, 0.7071067811865470176, -0.7071067811865479058 ) ) ;
#2648 = CARTESIAN_POINT ( 'NONE',  ( -2.500000000000067502, 10.00000000000000000, -77.28284835957710186 ) ) ;
#2649 = CYLINDRICAL_SURFACE ( 'NONE', #340, 3.250000000000002665 ) ;
#2650 = VERTEX_POINT ( 'NONE', #3821 ) ;
#2651 = CARTESIAN_POINT ( 'NONE',  ( -134.9999999999981242, 10.00000000000000000, -78.92024260179206863 ) ) ;
#2652 = CARTESIAN_POINT ( 'NONE',  ( 95.84242333457314089, 10.00000000000000000, 113.1612681093095887 ) ) ;
#2653 = DIRECTION ( 'NONE',  ( -0.000000000000000000, 1.000000000000000000, -0.000000000000000000 ) ) ;
#2654 = ORIENTED_EDGE ( 'NONE', *, *, #1052, .F. ) ;
#2655 = FACE_OUTER_BOUND ( 'NONE', #1974, .T. ) ;
#2656 = EDGE_CURVE ( 'NONE', #3518, #1210, #641, .T. ) ;
#2657 = EDGE_LOOP ( 'NONE', ( #2494, #1073, #3095, #46 ) ) ;
#2658 = CARTESIAN_POINT ( 'NONE',  ( -134.9999999999981242, 0.000000000000000000, -69.92024260179205442 ) ) ;
#2659 = EDGE_CURVE ( 'NONE', #390, #420, #3499, .T. ) ;
#2660 = ADVANCED_FACE ( 'NONE', ( #2563 ), #2331, .F. ) ;
#2661 = DIRECTION ( 'NONE',  ( 0.000000000000000000, 0.000000000000000000, 1.000000000000000000 ) ) ;
#2662 = CARTESIAN_POINT ( 'NONE',  ( -134.9999999999999432, 10.00000000000000000, 130.4999999999999432 ) ) ;
#2663 = CYLINDRICAL_SURFACE ( 'NONE', #2885, 4.500000000000003553 ) ;
#2664 = EDGE_CURVE ( 'NONE', #777, #1605, #1457, .T. ) ;
#2665 = EDGE_LOOP ( 'NONE', ( #1832, #2326 ) ) ;
#2666 = LINE ( 'NONE', #1767, #3665 ) ;
#2667 = CARTESIAN_POINT ( 'NONE',  ( 135.0000000000018474, 10.00000000000000000, -74.42024260179205442 ) ) ;
#2668 = EDGE_LOOP ( 'NONE', ( #3654, #1302, #2619, #135 ) ) ;
#2669 = DIRECTION ( 'NONE',  ( -0.000000000000000000, 1.000000000000000000, -0.000000000000000000 ) ) ;
#2670 = EDGE_CURVE ( 'NONE', #2265, #1349, #628, .T. ) ;
#2671 = EDGE_LOOP ( 'NONE', ( #1429, #460, #116, #3084 ) ) ;
#2672 = CARTESIAN_POINT ( 'NONE',  ( 33.23401871576779598, 10.00000000000000000, -37.73401871576767519 ) ) ;
#2673 = ORIENTED_EDGE ( 'NONE', *, *, #1912, .F. ) ;
#2674 = DIRECTION ( 'NONE',  ( -0.000000000000000000, 1.000000000000000000, -0.000000000000000000 ) ) ;
#2675 = EDGE_LOOP ( 'NONE', ( #3098, #3074, #762, #1410 ) ) ;
#2676 = DIRECTION ( 'NONE',  ( -0.000000000000000000, 1.000000000000000000, -0.000000000000000000 ) ) ;
#2677 = DIRECTION ( 'NONE',  ( 0.000000000000000000, 0.000000000000000000, 1.000000000000000000 ) ) ;
#2678 = FACE_BOUND ( 'NONE', #2724, .T. ) ;
#2679 = CC_DESIGN_DATE_AND_TIME_ASSIGNMENT ( #1398, #2804, ( #3398 ) ) ;
#2680 = AXIS2_PLACEMENT_3D ( 'NONE', #612, #2951, #2387 ) ;
#2681 = EDGE_LOOP ( 'NONE', ( #3800, #1055 ) ) ;
#2682 = CARTESIAN_POINT ( 'NONE',  ( 2.755455298081544620E-14, 2.000000000000001776, -225.0000000000000000 ) ) ;
#2683 = CARTESIAN_POINT ( 'NONE',  ( 98.08284835957788061, 10.00000000000000000, -23.30000000000000426 ) ) ;
#2684 = AXIS2_PLACEMENT_3D ( 'NONE', #3265, #3300, #1819 ) ;
#2685 = ORIENTED_EDGE ( 'NONE', *, *, #1951, .T. ) ;
#2686 = CARTESIAN_POINT ( 'NONE',  ( 27.50000000000000000, 10.00000000000000000, -6.299999999999996270 ) ) ;
#2687 = EDGE_CURVE ( 'NONE', #3474, #474, #330, .T. ) ;
#2688 = AXIS2_PLACEMENT_3D ( 'NONE', #2300, #1720, #2356 ) ;
#2689 = ADVANCED_FACE ( 'NONE', ( #842 ), #276, .F. ) ;
#2690 = ORIENTED_EDGE ( 'NONE', *, *, #2831, .F. ) ;
#2691 = DIRECTION ( 'NONE',  ( 0.000000000000000000, 0.000000000000000000, 1.000000000000000000 ) ) ;
#2692 = CARTESIAN_POINT ( 'NONE',  ( -95.84434291094001424, 10.00000000000000000, 116.3798940491465856 ) ) ;
#2693 = VECTOR ( 'NONE', #2962, 1000.000000000000000 ) ;
#2694 = AXIS2_PLACEMENT_3D ( 'NONE', #1637, #159, #1348 ) ;
#2695 = AXIS2_PLACEMENT_3D ( 'NONE', #564, #3767, #2297 ) ;
#2696 = EDGE_LOOP ( 'NONE', ( #133, #3656, #3088, #1404 ) ) ;
#2697 = DIRECTION ( 'NONE',  ( 0.000000000000000000, 0.000000000000000000, 1.000000000000000000 ) ) ;
#2698 = VERTEX_POINT ( 'NONE', #1091 ) ;
#2699 = AXIS2_PLACEMENT_3D ( 'NONE', #3091, #2543, #426 ) ;
#2700 = DIRECTION ( 'NONE',  ( -0.000000000000000000, 1.000000000000000000, -0.000000000000000000 ) ) ;
#2701 = CARTESIAN_POINT ( 'NONE',  ( 46.99999999999999289, 0.000000000000000000, 1.640996229256272803E-13 ) ) ;
#2702 = FACE_BOUND ( 'NONE', #2090, .T. ) ;
#2703 = CONICAL_SURFACE ( 'NONE', #1714, 6.299999999999999822, 0.7853981633974487231 ) ;
#2704 = ORIENTED_EDGE ( 'NONE', *, *, #3197, .F. ) ;
#2705 = LINE ( 'NONE', #2425, #1316 ) ;
#2706 = CARTESIAN_POINT ( 'NONE',  ( 4.041334437186263538E-16, 10.00000000000000000, 24.20000000000000284 ) ) ;
#2707 = ORIENTED_EDGE ( 'NONE', *, *, #102, .T. ) ;
#2708 = CARTESIAN_POINT ( 'NONE',  ( -2.500000000000067502, 10.00000000000000000, -80.58284835957709902 ) ) ;
#2709 = EDGE_CURVE ( 'NONE', #1167, #1010, #1406, .T. ) ;
#2710 = LOCAL_TIME ( 0, 44, 35.00000000000000000, #1374 ) ;
#2711 = EDGE_LOOP ( 'NONE', ( #2791, #1397, #1679, #1994 ) ) ;
#2712 = DIRECTION ( 'NONE',  ( -0.000000000000000000, 1.000000000000000000, -0.000000000000000000 ) ) ;
#2713 = EDGE_CURVE ( 'NONE', #1420, #936, #2565, .T. ) ;
#2714 = CARTESIAN_POINT ( 'NONE',  ( 0.000000000000000000, 10.00000000000000000, 0.000000000000000000 ) ) ;
#2715 = ADVANCED_FACE ( 'NONE', ( #1125 ), #3170, .F. ) ;
#2716 = ORIENTED_EDGE ( 'NONE', *, *, #571, .F. ) ;
#2717 = ORIENTED_EDGE ( 'NONE', *, *, #1903, .T. ) ;
#2718 = CARTESIAN_POINT ( 'NONE',  ( 135.0000000000000000, 10.00000000000000000, -130.5000000000000000 ) ) ;
#2719 = FACE_OUTER_BOUND ( 'NONE', #1812, .T. ) ;
#2720 = CARTESIAN_POINT ( 'NONE',  ( 0.000000000000000000, 8.000000000000081712, 0.000000000000000000 ) ) ;
#2721 = ORIENTED_EDGE ( 'NONE', *, *, #1899, .F. ) ;
#2722 = FACE_OUTER_BOUND ( 'NONE', #384, .T. ) ;
#2723 = DIRECTION ( 'NONE',  ( 0.000000000000000000, 0.000000000000000000, 1.000000000000000000 ) ) ;
#2724 = EDGE_LOOP ( 'NONE', ( #2510, #3145 ) ) ;
#2725 = FACE_OUTER_BOUND ( 'NONE', #3628, .T. ) ;
#2726 = EDGE_LOOP ( 'NONE', ( #2521, #3256 ) ) ;
#2727 = DIRECTION ( 'NONE',  ( -0.000000000000000000, 1.000000000000000000, -0.000000000000000000 ) ) ;
#2728 = FACE_OUTER_BOUND ( 'NONE', #2753, .T. ) ;
#2729 = FACE_BOUND ( 'NONE', #1725, .T. ) ;
#2730 = ORIENTED_EDGE ( 'NONE', *, *, #514, .T. ) ;
#2731 = DIRECTION ( 'NONE',  ( -0.000000000000000000, 1.000000000000000000, -0.000000000000000000 ) ) ;
#2732 = ORIENTED_EDGE ( 'NONE', *, *, #102, .F. ) ;
#2733 = ADVANCED_FACE ( 'NONE', ( #2621 ), #1149, .F. ) ;
#2734 = DIRECTION ( 'NONE',  ( 0.000000000000000000, 1.000000000000000000, -0.000000000000000000 ) ) ;
#2735 = DIRECTION ( 'NONE',  ( 1.000000000000000000, 0.000000000000000000, -4.270088556250598741E-15 ) ) ;
#2736 = CIRCLE ( 'NONE', #1798, 4.499999999999997335 ) ;
#2737 = ORIENTED_EDGE ( 'NONE', *, *, #2687, .F. ) ;
#2738 = CARTESIAN_POINT ( 'NONE',  ( 33.23401871576779598, 10.00000000000000000, -24.58401871576768016 ) ) ;
#2739 = EDGE_LOOP ( 'NONE', ( #424, #1630, #3703, #555 ) ) ;
#2740 = DIRECTION ( 'NONE',  ( 0.000000000000000000, 0.000000000000000000, 1.000000000000000000 ) ) ;
#2741 = EDGE_CURVE ( 'NONE', #3668, #3015, #1465, .T. ) ;
#2742 = CIRCLE ( 'NONE', #3548, 3.250000000000002665 ) ;
#2743 = CIRCLE ( 'NONE', #3497, 4.500000000000003553 ) ;
#2744 = VERTEX_POINT ( 'NONE', #3463 ) ;
#2745 = AXIS2_PLACEMENT_3D ( 'NONE', #126, #422, #3061 ) ;
#2746 = FACE_BOUND ( 'NONE', #3765, .T. ) ;
#2747 = CIRCLE ( 'NONE', #3502, 4.500000000000003553 ) ;
#2748 = EDGE_LOOP ( 'NONE', ( #3540, #1723 ) ) ;
#2749 = CIRCLE ( 'NONE', #3560, 3.250000000000002665 ) ;
#2750 = VECTOR ( 'NONE', #2822, 999.9999999999998863 ) ;
#2751 = ORIENTED_EDGE ( 'NONE', *, *, #919, .T. ) ;
#2752 = CIRCLE ( 'NONE', #1460, 4.499999999999997335 ) ;
#2753 = EDGE_LOOP ( 'NONE', ( #2281, #1898, #727, #2381 ) ) ;
#2754 = ADVANCED_FACE ( 'NONE', ( #803 ), #1742, .F. ) ;
#2755 = DIRECTION ( 'NONE',  ( 0.000000000000000000, 0.000000000000000000, 1.000000000000000000 ) ) ;
#2756 = AXIS2_PLACEMENT_3D ( 'NONE', #1678, #3411, #1368 ) ;
#2757 = DIRECTION ( 'NONE',  ( 0.000000000000000000, -0.7071067811865474617, -0.7071067811865474617 ) ) ;
#2758 = ADVANCED_FACE ( 'NONE', ( #2348 ), #2379, .F. ) ;
#2759 = AXIS2_PLACEMENT_3D ( 'NONE', #2720, #3071, #1208 ) ;
#2760 = ORIENTED_EDGE ( 'NONE', *, *, #1261, .F. ) ;
#2761 = CARTESIAN_POINT ( 'NONE',  ( 0.000000000000000000, 10.00000000000000000, -47.00000000000000000 ) ) ;
#2762 = VERTEX_POINT ( 'NONE', #2039 ) ;
#2763 = LINE ( 'NONE', #2452, #2328 ) ;
#2764 = EDGE_LOOP ( 'NONE', ( #333, #3320, #2630, #1995 ) ) ;
#2765 = DIRECTION ( 'NONE',  ( -0.000000000000000000, 1.000000000000000000, -0.000000000000000000 ) ) ;
#2766 = FACE_BOUND ( 'NONE', #2528, .T. ) ;
#2767 = ORIENTED_EDGE ( 'NONE', *, *, #2444, .F. ) ;
#2768 = EDGE_CURVE ( 'NONE', #2347, #1881, #2929, .T. ) ;
#2769 = ORIENTED_EDGE ( 'NONE', *, *, #549, .F. ) ;
#2770 = ORIENTED_EDGE ( 'NONE', *, *, #3473, .T. ) ;
#2771 = DIRECTION ( 'NONE',  ( -0.000000000000000000, 1.000000000000000000, -0.000000000000000000 ) ) ;
#2772 = FACE_BOUND ( 'NONE', #2665, .T. ) ;
#2773 = EDGE_CURVE ( 'NONE', #2410, #258, #3126, .T. ) ;
#2774 = DIRECTION ( 'NONE',  ( 0.000000000000000000, 0.000000000000000000, 1.000000000000000000 ) ) ;
#2775 = ORIENTED_EDGE ( 'NONE', *, *, #316, .T. ) ;
#2776 = DIRECTION ( 'NONE',  ( 0.000000000000000000, 0.000000000000000000, 1.000000000000000000 ) ) ;
#2777 = ORIENTED_EDGE ( 'NONE', *, *, #3773, .F. ) ;
#2778 = DIRECTION ( 'NONE',  ( 0.000000000000000000, 0.000000000000000000, 1.000000000000000000 ) ) ;
#2779 = CARTESIAN_POINT ( 'NONE',  ( 74.40000000000000568, 10.00000000000000000, 130.5000000000000000 ) ) ;
#2780 = ADVANCED_FACE ( 'NONE', ( #2456 ), #2125, .F. ) ;
#2781 = FACE_BOUND ( 'NONE', #817, .T. ) ;
#2782 = ORIENTED_EDGE ( 'NONE', *, *, #721, .T. ) ;
#2783 = DIRECTION ( 'NONE',  ( 0.000000000000000000, 0.000000000000000000, 1.000000000000000000 ) ) ;
#2784 = DIRECTION ( 'NONE',  ( 0.000000000000000000, 1.000000000000000000, 0.000000000000000000 ) ) ;
#2785 = ORIENTED_EDGE ( 'NONE', *, *, #2952, .T. ) ;
#2786 = ORIENTED_EDGE ( 'NONE', *, *, #1912, .T. ) ;
#2787 = CARTESIAN_POINT ( 'NONE',  ( 95.84242333457314089, 0.000000000000000000, 116.4112681093095887 ) ) ;
#2788 = FACE_BOUND ( 'NONE', #432, .T. ) ;
#2789 = ORIENTED_EDGE ( 'NONE', *, *, #1063, .F. ) ;
#2790 = LINE ( 'NONE', #2219, #448 ) ;
#2791 = ORIENTED_EDGE ( 'NONE', *, *, #319, .F. ) ;
#2792 = CARTESIAN_POINT ( 'NONE',  ( 0.000000000000000000, 10.00000000000000000, 33.79999999999999716 ) ) ;
#2793 = CC_DESIGN_PERSON_AND_ORGANIZATION_ASSIGNMENT ( #778, #1684, ( #3085 ) ) ;
#2794 = AXIS2_PLACEMENT_3D ( 'NONE', #3140, #1644, #496 ) ;
#2795 = VERTEX_POINT ( 'NONE', #378 ) ;
#2796 = LINE ( 'NONE', #2488, #3042 ) ;
#2797 = LINE ( 'NONE', #1925, #458 ) ;
#2798 = CARTESIAN_POINT ( 'NONE',  ( 98.08284835957788061, 10.00000000000000000, -23.30000000000000426 ) ) ;
#2799 = ADVANCED_FACE ( 'NONE', ( #1253, #2781, #1002, #1234, #671, #3645, #1835, #3316, #1866, #988, #3083, #67, #2414, #3602, #2163, #945, #2148, #2746, #3351, #686, #3057, #3372, #710, #2435, #419, #1589, #401, #107, #3625, #3019, #362, #88, #2766, #2180, #346, #1547, #969, #2729, #3336, #123, #1891 ), #1850, .F. ) ;
#2800 = ADVANCED_FACE ( 'NONE', ( #2476 ), #3657, .F. ) ;
#2801 = CIRCLE ( 'NONE', #2882, 6.299999999999996270 ) ;
#2802 = CONICAL_SURFACE ( 'NONE', #1567, 8.649999999999998579, 0.7853981633974488341 ) ;
#2803 = EDGE_LOOP ( 'NONE', ( #2417, #2704 ) ) ;
#2804 = DATE_TIME_ROLE ( 'classification_date' ) ;
#2805 = LINE ( 'NONE', #3417, #1475 ) ;
#2806 = CARTESIAN_POINT ( 'NONE',  ( 33.23401871576756150, 0.000000000000000000, 33.23401871576790256 ) ) ;
#2807 = EDGE_LOOP ( 'NONE', ( #1802, #2151, #167, #1036 ) ) ;
#2808 = CONICAL_SURFACE ( 'NONE', #832, 8.649999999999998579, 0.7853981633974488341 ) ;
#2809 = AXIS2_PLACEMENT_3D ( 'NONE', #2035, #2946, #3236 ) ;
#2810 = AXIS2_PLACEMENT_3D ( 'NONE', #2714, #2889, #1955 ) ;
#2811 = ORIENTED_EDGE ( 'NONE', *, *, #3729, .T. ) ;
#2812 = AXIS2_PLACEMENT_3D ( 'NONE', #245, #1118, #2341 ) ;
#2813 = DIRECTION ( 'NONE',  ( -0.000000000000000000, 1.000000000000000000, -0.000000000000000000 ) ) ;
#2814 = DIRECTION ( 'NONE',  ( -0.000000000000000000, 1.000000000000000000, -0.000000000000000000 ) ) ;
#2815 = AXIS2_PLACEMENT_3D ( 'NONE', #3389, #1072, #1921 ) ;
#2816 = EDGE_CURVE ( 'NONE', #3115, #3053, #1024, .T. ) ;
#2817 = DIRECTION ( 'NONE',  ( 8.659560562354936556E-17, 0.7071067811865473507, -0.7071067811865477948 ) ) ;
#2818 = ORIENTED_EDGE ( 'NONE', *, *, #2591, .F. ) ;
#2819 = LINE ( 'NONE', #2028, #3258 ) ;
#2820 = ORIENTED_EDGE ( 'NONE', *, *, #1672, .T. ) ;
#2821 = CARTESIAN_POINT ( 'NONE',  ( -3.281992458512545606E-13, 0.000000000000000000, 47.00000000000000000 ) ) ;
#2822 = DIRECTION ( 'NONE',  ( 0.000000000000000000, 0.7071067811865473507, 0.7071067811865477948 ) ) ;
#2823 = DIRECTION ( 'NONE',  ( 0.000000000000000000, 0.000000000000000000, 1.000000000000000000 ) ) ;
#2824 = AXIS2_PLACEMENT_3D ( 'NONE', #2608, #3536, #3192 ) ;
#2825 = ADVANCED_FACE ( 'NONE', ( #1529 ), #3373, .T. ) ;
#2826 = EDGE_CURVE ( 'NONE', #3636, #2603, #1017, .T. ) ;
#2827 = EDGE_LOOP ( 'NONE', ( #3532, #2443 ) ) ;
#2828 = CARTESIAN_POINT ( 'NONE',  ( -33.23401871576802336, 10.00000000000000000, 41.88401871576744639 ) ) ;
#2829 = CYLINDRICAL_SURFACE ( 'NONE', #952, 3.299999999999997158 ) ;
#2830 = EDGE_LOOP ( 'NONE', ( #311, #1665 ) ) ;
#2831 = EDGE_CURVE ( 'NONE', #3199, #1331, #955, .T. ) ;
#2832 = EDGE_LOOP ( 'NONE', ( #1108, #2975 ) ) ;
#2833 = DIRECTION ( 'NONE',  ( 0.000000000000000000, 0.000000000000000000, 1.000000000000000000 ) ) ;
#2834 = DIRECTION ( 'NONE',  ( 0.000000000000000000, 0.000000000000000000, 1.000000000000000000 ) ) ;
#2835 = CYLINDRICAL_SURFACE ( 'NONE', #2200, 3.299999999999997158 ) ;
#2836 = EDGE_LOOP ( 'NONE', ( #2127, #3477, #865, #3642 ) ) ;
#2837 = DIRECTION ( 'NONE',  ( 0.000000000000000000, 1.000000000000000000, 0.000000000000000000 ) ) ;
#2838 = ORIENTED_EDGE ( 'NONE', *, *, #1081, .F. ) ;
#2839 = DIRECTION ( 'NONE',  ( 0.000000000000000000, 0.000000000000000000, 1.000000000000000000 ) ) ;
#2840 = EDGE_CURVE ( 'NONE', #1210, #3518, #212, .T. ) ;
#2841 = ORIENTED_EDGE ( 'NONE', *, *, #1535, .T. ) ;
#2842 = CARTESIAN_POINT ( 'NONE',  ( 135.0000000000018474, 10.00000000000000000, -74.42024260179205442 ) ) ;
#2843 = CARTESIAN_POINT ( 'NONE',  ( 37.49999999999987921, 0.000000000000000000, -80.58284835957724113 ) ) ;
#2844 = CARTESIAN_POINT ( 'NONE',  ( -95.84434291094001424, 0.000000000000000000, 116.3798940491465856 ) ) ;
#2845 = VERTEX_POINT ( 'NONE', #206 ) ;
#2846 = DATE_AND_TIME ( #1312, #3148 ) ;
#2847 = DIRECTION ( 'NONE',  ( 0.000000000000000000, 0.000000000000000000, 1.000000000000000000 ) ) ;
#2848 = ORIENTED_EDGE ( 'NONE', *, *, #1569, .F. ) ;
#2849 = ORIENTED_EDGE ( 'NONE', *, *, #3268, .F. ) ;
#2850 = CARTESIAN_POINT ( 'NONE',  ( -95.81296885077719594, 10.00000000000000000, -119.5690655051871403 ) ) ;
#2851 = DIRECTION ( 'NONE',  ( 0.000000000000000000, 0.000000000000000000, 1.000000000000000000 ) ) ;
#2852 = CARTESIAN_POINT ( 'NONE',  ( 0.000000000000000000, 10.00000000000000000, 30.79999999999999716 ) ) ;
#2853 = ADVANCED_FACE ( 'NONE', ( #1043 ), #3100, .F. ) ;
#2854 = FACE_OUTER_BOUND ( 'NONE', #1708, .T. ) ;
#2855 = FACE_OUTER_BOUND ( 'NONE', #1677, .T. ) ;
#2856 = EDGE_LOOP ( 'NONE', ( #399, #2917, #3449, #717 ) ) ;
#2857 = DIRECTION ( 'NONE',  ( 0.000000000000000000, 0.000000000000000000, 1.000000000000000000 ) ) ;
#2858 = ORIENTED_EDGE ( 'NONE', *, *, #307, .T. ) ;
#2859 = CARTESIAN_POINT ( 'NONE',  ( 27.50000000000000000, 10.00000000000000000, 6.299999999999996270 ) ) ;
#2860 = LINE ( 'NONE', #1622, #706 ) ;
#2861 = EDGE_CURVE ( 'NONE', #2187, #962, #1575, .T. ) ;
#2862 = DIRECTION ( 'NONE',  ( -0.000000000000000000, 1.000000000000000000, -0.000000000000000000 ) ) ;
#2863 = AXIS2_PLACEMENT_3D ( 'NONE', #2413, #967, #1847 ) ;
#2864 = EDGE_LOOP ( 'NONE', ( #2685, #1121 ) ) ;
#2865 = AXIS2_PLACEMENT_3D ( 'NONE', #810, #1160, #2299 ) ;
#2866 = FACE_OUTER_BOUND ( 'NONE', #414, .T. ) ;
#2867 = ORIENTED_EDGE ( 'NONE', *, *, #361, .F. ) ;
#2868 = CIRCLE ( 'NONE', #1196, 3.299999999999997158 ) ;
#2869 = DESIGN_CONTEXT ( 'detailed design', #1351, 'design' ) ;
#2870 = ORIENTED_EDGE ( 'NONE', *, *, #1721, .F. ) ;
#2871 = CARTESIAN_POINT ( 'NONE',  ( 116.3485199889830000, 0.000000000000000000, 99.15517145489961592 ) ) ;
#2872 = VECTOR ( 'NONE', #2900, 1000.000000000000000 ) ;
#2873 = AXIS2_PLACEMENT_3D ( 'NONE', #2289, #519, #1914 ) ;
#2874 = CARTESIAN_POINT ( 'NONE',  ( 37.49999999999987921, 0.000000000000000000, -80.58284835957724113 ) ) ;
#2875 = CARTESIAN_POINT ( 'NONE',  ( -134.9999999999999432, 10.00000000000000000, -139.5000000000000000 ) ) ;
#2876 = VECTOR ( 'NONE', #217, 1000.000000000000000 ) ;
#2877 = CIRCLE ( 'NONE', #1201, 4.500000000000003553 ) ;
#2878 = ADVANCED_FACE ( 'NONE', ( #1993 ), #1372, .F. ) ;
#2879 = ORIENTED_EDGE ( 'NONE', *, *, #1288, .F. ) ;
#2880 = CARTESIAN_POINT ( 'NONE',  ( 95.84242333457314089, 0.000000000000000000, 119.6612681093095887 ) ) ;
#2881 = AXIS2_PLACEMENT_3D ( 'NONE', #812, #232, #185 ) ;
#2882 = AXIS2_PLACEMENT_3D ( 'NONE', #1861, #357, #2974 ) ;
#2883 = FACE_OUTER_BOUND ( 'NONE', #658, .T. ) ;
#2884 = EDGE_CURVE ( 'NONE', #2602, #3115, #1144, .T. ) ;
#2885 = AXIS2_PLACEMENT_3D ( 'NONE', #3213, #3266, #602 ) ;
#2886 = ORIENTED_EDGE ( 'NONE', *, *, #1744, .F. ) ;
#2887 = DIRECTION ( 'NONE',  ( -0.000000000000000000, 1.000000000000000000, -0.000000000000000000 ) ) ;
#2888 = DIRECTION ( 'NONE',  ( -0.000000000000000000, 1.000000000000000000, -0.000000000000000000 ) ) ;
#2889 = DIRECTION ( 'NONE',  ( 0.000000000000000000, -1.000000000000000000, 0.000000000000000000 ) ) ;
#2890 = CIRCLE ( 'NONE', #1584, 4.500000000000003553 ) ;
#2891 = ORIENTED_EDGE ( 'NONE', *, *, #3784, .F. ) ;
#2892 = DIRECTION ( 'NONE',  ( 0.000000000000000000, 0.000000000000000000, 1.000000000000000000 ) ) ;
#2893 = EDGE_LOOP ( 'NONE', ( #913, #3701 ) ) ;
#2894 = AXIS2_PLACEMENT_3D ( 'NONE', #638, #733, #713 ) ;
#2895 = ORIENTED_EDGE ( 'NONE', *, *, #3729, .F. ) ;
#2896 = CARTESIAN_POINT ( 'NONE',  ( -74.42024260179678663, 10.00000000000000000, -130.5000000000003126 ) ) ;
#2897 = CARTESIAN_POINT ( 'NONE',  ( -2.500000000000067502, 10.00000000000000000, -80.58284835957709902 ) ) ;
#2898 = DIRECTION ( 'NONE',  ( 1.000000000000000000, 0.000000000000000000, 0.000000000000000000 ) ) ;
#2899 = DIRECTION ( 'NONE',  ( -0.000000000000000000, 1.000000000000000000, -0.000000000000000000 ) ) ;
#2900 = DIRECTION ( 'NONE',  ( 0.000000000000000000, 1.000000000000000000, -0.000000000000000000 ) ) ;
#2901 = CARTESIAN_POINT ( 'NONE',  ( -74.39999999999994884, 0.000000000000000000, 139.4999999999997158 ) ) ;
#2902 = EDGE_CURVE ( 'NONE', #3363, #997, #3507, .T. ) ;
#2903 = ORIENTED_EDGE ( 'NONE', *, *, #2773, .T. ) ;
#2904 = FACE_OUTER_BOUND ( 'NONE', #966, .T. ) ;
#2905 = DIRECTION ( 'NONE',  ( 0.000000000000000000, 0.000000000000000000, -1.000000000000000000 ) ) ;
#2906 = DIRECTION ( 'NONE',  ( -0.000000000000000000, 1.000000000000000000, -0.000000000000000000 ) ) ;
#2907 = ADVANCED_FACE ( 'NONE', ( #795 ), #434, .F. ) ;
#2908 = EDGE_LOOP ( 'NONE', ( #2978, #1199, #1202, #1447 ) ) ;
#2909 = CARTESIAN_POINT ( 'NONE',  ( 33.23401871576756150, 5.850000000000004086, 33.23401871576790256 ) ) ;
#2910 = ORIENTED_EDGE ( 'NONE', *, *, #1341, .F. ) ;
#2911 = DIRECTION ( 'NONE',  ( -0.000000000000000000, 1.000000000000000000, -0.000000000000000000 ) ) ;
#2912 = CARTESIAN_POINT ( 'NONE',  ( 0.000000000000000000, 10.00000000000000000, -38.35000000000000142 ) ) ;
#2913 = DIRECTION ( 'NONE',  ( 0.000000000000000000, 0.000000000000000000, -1.000000000000000000 ) ) ;
#2914 = CARTESIAN_POINT ( 'NONE',  ( -33.23401871576733413, 10.00000000000000000, -41.88401871576813562 ) ) ;
#2915 = DIRECTION ( 'NONE',  ( -0.000000000000000000, 1.000000000000000000, -0.000000000000000000 ) ) ;
#2916 = CARTESIAN_POINT ( 'NONE',  ( -27.50000000000000000, 10.00000000000000000, 6.299999999999999822 ) ) ;
#2917 = ORIENTED_EDGE ( 'NONE', *, *, #195, .F. ) ;
#2918 = LINE ( 'NONE', #244, #2246 ) ;
#2919 = CARTESIAN_POINT ( 'NONE',  ( 27.50000000000000000, 1.734723475976807094E-15, 3.299999999999997158 ) ) ;
#2920 = DIRECTION ( 'NONE',  ( 0.000000000000000000, 0.000000000000000000, 1.000000000000000000 ) ) ;
#2921 = ORIENTED_EDGE ( 'NONE', *, *, #1804, .T. ) ;
#2922 = EDGE_CURVE ( 'NONE', #3162, #3376, #3194, .T. ) ;
#2923 = DIRECTION ( 'NONE',  ( -0.000000000000000000, 1.000000000000000000, -0.000000000000000000 ) ) ;
#2924 = EDGE_CURVE ( 'NONE', #1972, #3441, #2553, .T. ) ;
#2925 = AXIS2_PLACEMENT_3D ( 'NONE', #3786, #3512, #2009 ) ;
#2926 = EDGE_LOOP ( 'NONE', ( #3149, #1924 ) ) ;
#2927 = CARTESIAN_POINT ( 'NONE',  ( 135.0000000000018474, 10.00000000000000000, -69.92024260179205442 ) ) ;
#2928 = VERTEX_POINT ( 'NONE', #1102 ) ;
#2929 = LINE ( 'NONE', #820, #2129 ) ;
#2930 = VECTOR ( 'NONE', #566, 1000.000000000000000 ) ;
#2931 = CALENDAR_DATE ( 2026, 24, 3 ) ;
#2932 = CIRCLE ( 'NONE', #1937, 4.500000000000003553 ) ;
#2933 = CIRCLE ( 'NONE', #1751, 3.299999999999997158 ) ;
#2934 = CARTESIAN_POINT ( 'NONE',  ( -3.281992458512545606E-13, 10.00000000000000000, 47.00000000000000000 ) ) ;
#2935 = FACE_OUTER_BOUND ( 'NONE', #1531, .T. ) ;
#2936 = CARTESIAN_POINT ( 'NONE',  ( -116.3190655051870550, 0.000000000000000000, -99.06296885077716752 ) ) ;
#2937 = AXIS2_PLACEMENT_3D ( 'NONE', #563, #1174, #1114 ) ;
#2938 = AXIS2_PLACEMENT_3D ( 'NONE', #779, #753, #2892 ) ;
#2939 = EDGE_CURVE ( 'NONE', #673, #801, #3739, .T. ) ;
#2940 = ORIENTED_EDGE ( 'NONE', *, *, #29, .T. ) ;
#2941 = CARTESIAN_POINT ( 'NONE',  ( -74.42024260179678663, 10.00000000000000000, -135.0000000000003126 ) ) ;
#2942 = VECTOR ( 'NONE', #1417, 1000.000000000000000 ) ;
#2943 = DIRECTION ( 'NONE',  ( -0.000000000000000000, 1.000000000000000000, -0.000000000000000000 ) ) ;
#2944 = CARTESIAN_POINT ( 'NONE',  ( 7.715274834628325378E-16, 10.00000000000000000, 21.19999999999999929 ) ) ;
#2945 = AXIS2_PLACEMENT_3D ( 'NONE', #1583, #998, #2144 ) ;
#2946 = DIRECTION ( 'NONE',  ( -0.000000000000000000, 1.000000000000000000, -0.000000000000000000 ) ) ;
#2947 = CIRCLE ( 'NONE', #652, 4.500000000000003553 ) ;
#2948 = EDGE_CURVE ( 'NONE', #1670, #2523, #2635, .T. ) ;
#2949 = CIRCLE ( 'NONE', #2759, 225.0000000000000000 ) ;
#2950 = VERTEX_POINT ( 'NONE', #2798 ) ;
#2951 = DIRECTION ( 'NONE',  ( -0.000000000000000000, 1.000000000000000000, -0.000000000000000000 ) ) ;
#2952 = EDGE_CURVE ( 'NONE', #2928, #3156, #2069, .T. ) ;
#2953 = AXIS2_PLACEMENT_3D ( 'NONE', #2934, #3823, #2350 ) ;
#2954 = ADVANCED_FACE ( 'NONE', ( #773 ), #3415, .F. ) ;
#2955 = DIRECTION ( 'NONE',  ( 0.000000000000000000, 0.000000000000000000, 1.000000000000000000 ) ) ;
#2956 = DIRECTION ( 'NONE',  ( -0.000000000000000000, 1.000000000000000000, -0.000000000000000000 ) ) ;
#2957 = DIRECTION ( 'NONE',  ( -0.000000000000000000, 1.000000000000000000, -0.000000000000000000 ) ) ;
#2958 = ORIENTED_EDGE ( 'NONE', *, *, #3356, .T. ) ;
#2959 = CARTESIAN_POINT ( 'NONE',  ( -74.39999999999994884, 10.00000000000000000, 134.9999999999997158 ) ) ;
#2960 = DIRECTION ( 'NONE',  ( -0.000000000000000000, 1.000000000000000000, -0.000000000000000000 ) ) ;
#2961 = ORIENTED_EDGE ( 'NONE', *, *, #1120, .F. ) ;
#2962 = DIRECTION ( 'NONE',  ( -0.000000000000000000, 1.000000000000000000, -0.000000000000000000 ) ) ;
#2963 = EDGE_LOOP ( 'NONE', ( #1038, #1841, #3206, #3590 ) ) ;
#2964 = CARTESIAN_POINT ( 'NONE',  ( 98.08284835957783798, 0.000000000000000000, 16.69999999999978613 ) ) ;
#2965 = EDGE_LOOP ( 'NONE', ( #97, #2451 ) ) ;
#2966 = LINE ( 'NONE', #2050, #2369 ) ;
#2967 = ADVANCED_FACE ( 'NONE', ( #3756 ), #479, .F. ) ;
#2968 = FACE_OUTER_BOUND ( 'NONE', #1943, .T. ) ;
#2969 = CARTESIAN_POINT ( 'NONE',  ( 4.041334437186265510E-16, 7.000000000000000000, 24.20000000000000284 ) ) ;
#2970 = FACE_OUTER_BOUND ( 'NONE', #1549, .T. ) ;
#2971 = EDGE_CURVE ( 'NONE', #3584, #2019, #522, .T. ) ;
#2972 = EDGE_LOOP ( 'NONE', ( #1238, #3040 ) ) ;
#2973 = CARTESIAN_POINT ( 'NONE',  ( 134.9999999999999716, 10.00000000000000000, 78.89999999999996305 ) ) ;
#2974 = DIRECTION ( 'NONE',  ( 0.000000000000000000, 0.000000000000000000, 1.000000000000000000 ) ) ;
#2975 = ORIENTED_EDGE ( 'NONE', *, *, #687, .F. ) ;
#2976 = DIRECTION ( 'NONE',  ( -0.000000000000000000, 1.000000000000000000, -0.000000000000000000 ) ) ;
#2977 = ADVANCED_BREP_SHAPE_REPRESENTATION ( 'fab_circular top', ( #3817, #287 ), #2076 ) ;
#2978 = ORIENTED_EDGE ( 'NONE', *, *, #2091, .F. ) ;
#2979 = CARTESIAN_POINT ( 'NONE',  ( 98.08284835957788061, 0.000000000000000000, -16.70000000000000995 ) ) ;
#2980 = EDGE_CURVE ( 'NONE', #1952, #2131, #3248, .T. ) ;
#2981 = ORIENTED_EDGE ( 'NONE', *, *, #2024, .F. ) ;
#2982 = CARTESIAN_POINT ( 'NONE',  ( -33.23401871576802336, 10.00000000000000000, 41.88401871576744639 ) ) ;
#2983 = ORIENTED_EDGE ( 'NONE', *, *, #3544, .T. ) ;
#2984 = FACE_OUTER_BOUND ( 'NONE', #2836, .T. ) ;
#2985 = CIRCLE ( 'NONE', #3118, 4.499999999999997335 ) ;
#2986 = CARTESIAN_POINT ( 'NONE',  ( -2.499999999998570477, 0.000000000000000000, 77.28284835958100984 ) ) ;
#2987 = CARTESIAN_POINT ( 'NONE',  ( 135.0000000000000000, 0.000000000000000000, -139.5000000000000000 ) ) ;
#2988 = CIRCLE ( 'NONE', #3793, 4.500000000000003553 ) ;
#2989 = AXIS2_PLACEMENT_3D ( 'NONE', #3007, #2128, #69 ) ;
#2990 = EDGE_CURVE ( 'NONE', #2066, #2220, #89, .T. ) ;
#2991 = ORIENTED_EDGE ( 'NONE', *, *, #619, .T. ) ;
#2992 = DIRECTION ( 'NONE',  ( 0.000000000000000000, 0.000000000000000000, 1.000000000000000000 ) ) ;
#2993 = EDGE_CURVE ( 'NONE', #1605, #2083, #2634, .T. ) ;
#2994 = CIRCLE ( 'NONE', #1810, 3.250000000000002665 ) ;
#2995 = VECTOR ( 'NONE', #2360, 1000.000000000000000 ) ;
#2996 = VERTEX_POINT ( 'NONE', #590 ) ;
#2997 = DIRECTION ( 'NONE',  ( 0.000000000000000000, 0.000000000000000000, 1.000000000000000000 ) ) ;
#2998 = CIRCLE ( 'NONE', #2629, 4.500000000000003553 ) ;
#2999 = CONICAL_SURFACE ( 'NONE', #1700, 8.649999999999998579, 0.7853981633974485010 ) ;
#3000 = ORIENTED_EDGE ( 'NONE', *, *, #2516, .F. ) ;
#3001 = FACE_OUTER_BOUND ( 'NONE', #2168, .T. ) ;
#3002 = DIRECTION ( 'NONE',  ( 0.000000000000000000, 0.000000000000000000, 1.000000000000000000 ) ) ;
#3003 = CARTESIAN_POINT ( 'NONE',  ( 0.000000000000000000, 10.00000000000000000, -27.50000000000000000 ) ) ;
#3004 = CIRCLE ( 'NONE', #1950, 225.0000000000000000 ) ;
#3005 = CIRCLE ( 'NONE', #2507, 4.500000000000003553 ) ;
#3006 = ORIENTED_EDGE ( 'NONE', *, *, #1464, .F. ) ;
#3007 = CARTESIAN_POINT ( 'NONE',  ( -74.42024260179678663, 0.000000000000000000, -135.0000000000003126 ) ) ;
#3008 = ORIENTED_EDGE ( 'NONE', *, *, #2419, .F. ) ;
#3009 = DIRECTION ( 'NONE',  ( -0.000000000000000000, 1.000000000000000000, -0.000000000000000000 ) ) ;
#3010 = DIRECTION ( 'NONE',  ( 0.000000000000000000, 1.000000000000000000, 0.000000000000000000 ) ) ;
#3011 = DIRECTION ( 'NONE',  ( 0.000000000000000000, 0.000000000000000000, 1.000000000000000000 ) ) ;
#3012 = VERTEX_POINT ( 'NONE', #1770 ) ;
#3013 = DIRECTION ( 'NONE',  ( 0.000000000000000000, 0.000000000000000000, 1.000000000000000000 ) ) ;
#3014 = DIRECTION ( 'NONE',  ( 0.000000000000000000, 0.000000000000000000, 1.000000000000000000 ) ) ;
#3015 = VERTEX_POINT ( 'NONE', #607 ) ;
#3016 = DIRECTION ( 'NONE',  ( -0.000000000000000000, 1.000000000000000000, -0.000000000000000000 ) ) ;
#3017 = EDGE_LOOP ( 'NONE', ( #2673, #1472, #999, #3353 ) ) ;
#3018 = CYLINDRICAL_SURFACE ( 'NONE', #2383, 4.500000000000003553 ) ;
#3019 = FACE_BOUND ( 'NONE', #3719, .T. ) ;
#3020 = ADVANCED_FACE ( 'NONE', ( #1179 ), #3131, .F. ) ;
#3021 = VERTEX_POINT ( 'NONE', #302 ) ;
#3022 = DIRECTION ( 'NONE',  ( 0.000000000000000000, 0.000000000000000000, -1.000000000000000000 ) ) ;
#3023 = ORIENTED_EDGE ( 'NONE', *, *, #2471, .T. ) ;
#3024 = EDGE_CURVE ( 'NONE', #173, #2581, #3317, .T. ) ;
#3025 = DIRECTION ( 'NONE',  ( -0.000000000000000000, 1.000000000000000000, -0.000000000000000000 ) ) ;
#3026 = CARTESIAN_POINT ( 'NONE',  ( -33.23401871576733413, 10.00000000000000000, -33.23401871576813704 ) ) ;
#3027 = EDGE_LOOP ( 'NONE', ( #2343, #769 ) ) ;
#3028 = CARTESIAN_POINT ( 'NONE',  ( -33.23401871576733413, 5.850000000000004086, -37.73401871576812994 ) ) ;
#3029 = CYLINDRICAL_SURFACE ( 'NONE', #647, 3.250000000000002665 ) ;
#3030 = ORIENTED_EDGE ( 'NONE', *, *, #1309, .T. ) ;
#3031 = DIRECTION ( 'NONE',  ( 0.000000000000000000, 0.000000000000000000, 1.000000000000000000 ) ) ;
#3032 = ORIENTED_EDGE ( 'NONE', *, *, #2939, .F. ) ;
#3033 = CARTESIAN_POINT ( 'NONE',  ( 95.87379739473514917, 10.00000000000000000, -119.5376914450248051 ) ) ;
#3034 = DIRECTION ( 'NONE',  ( 0.000000000000000000, 0.000000000000000000, 1.000000000000000000 ) ) ;
#3035 = CARTESIAN_POINT ( 'NONE',  ( 0.000000000000000000, 0.000000000000000000, 0.000000000000000000 ) ) ;
#3036 = EDGE_CURVE ( 'NONE', #2762, #435, #1489, .T. ) ;
#3037 = EDGE_LOOP ( 'NONE', ( #1515, #3410, #1928, #3579 ) ) ;
#3038 = ORIENTED_EDGE ( 'NONE', *, *, #2239, .T. ) ;
#3039 = EDGE_CURVE ( 'NONE', #2477, #1337, #3514, .T. ) ;
#3040 = ORIENTED_EDGE ( 'NONE', *, *, #1771, .F. ) ;
#3041 = LINE ( 'NONE', #386, #450 ) ;
#3042 = VECTOR ( 'NONE', #1391, 1000.000000000000000 ) ;
#3043 = DIRECTION ( 'NONE',  ( 0.000000000000000000, 1.000000000000000000, 0.000000000000000000 ) ) ;
#3044 = VECTOR ( 'NONE', #2115, 1000.000000000000000 ) ;
#3045 = EDGE_LOOP ( 'NONE', ( #1315, #1601 ) ) ;
#3046 = DIRECTION ( 'NONE',  ( 8.659560562354932858E-17, 0.7071067811865474617, -0.7071067811865474617 ) ) ;
#3047 = CARTESIAN_POINT ( 'NONE',  ( 95.84242333457314089, 0.000000000000000000, 116.4112681093095887 ) ) ;
#3048 = EDGE_LOOP ( 'NONE', ( #535, #3292 ) ) ;
#3049 = DIRECTION ( 'NONE',  ( -0.000000000000000000, 1.000000000000000000, -0.000000000000000000 ) ) ;
#3050 = AXIS2_PLACEMENT_3D ( 'NONE', #2393, #2096, #3284 ) ;
#3051 = EDGE_CURVE ( 'NONE', #2487, #2477, #3201, .T. ) ;
#3052 = AXIS2_PLACEMENT_3D ( 'NONE', #1655, #409, #3650 ) ;
#3053 = VERTEX_POINT ( 'NONE', #883 ) ;
#3054 = CARTESIAN_POINT ( 'NONE',  ( -2.499999999998570477, 10.00000000000000000, 77.28284835958100984 ) ) ;
#3055 = AXIS2_PLACEMENT_3D ( 'NONE', #858, #873, #2074 ) ;
#3056 = DIRECTION ( 'NONE',  ( 0.000000000000000000, 0.000000000000000000, 1.000000000000000000 ) ) ;
#3057 = FACE_BOUND ( 'NONE', #611, .T. ) ;
#3058 = AXIS2_PLACEMENT_3D ( 'NONE', #3763, #1689, #2589 ) ;
#3059 = CIRCLE ( 'NONE', #699, 4.499999999999997335 ) ;
#3060 = ORIENTED_EDGE ( 'NONE', *, *, #1609, .F. ) ;
#3061 = DIRECTION ( 'NONE',  ( 0.000000000000000000, 0.000000000000000000, 1.000000000000000000 ) ) ;
#3062 = AXIS2_PLACEMENT_3D ( 'NONE', #3161, #1682, #145 ) ;
#3063 = CIRCLE ( 'NONE', #3312, 3.250000000000002665 ) ;
#3064 = ORIENTED_EDGE ( 'NONE', *, *, #1248, .T. ) ;
#3065 = EDGE_CURVE ( 'NONE', #2410, #127, #261, .T. ) ;
#3066 = AXIS2_PLACEMENT_3D ( 'NONE', #2317, #282, #2627 ) ;
#3067 = EDGE_CURVE ( 'NONE', #684, #1053, #1722, .T. ) ;
#3068 = EDGE_LOOP ( 'NONE', ( #928, #2530, #111, #3618 ) ) ;
#3069 = DIRECTION ( 'NONE',  ( -0.000000000000000000, 1.000000000000000000, -0.000000000000000000 ) ) ;
#3070 = CIRCLE ( 'NONE', #2699, 3.299999999999997158 ) ;
#3071 = DIRECTION ( 'NONE',  ( 0.000000000000000000, -1.000000000000000000, 0.000000000000000000 ) ) ;
#3072 = CIRCLE ( 'NONE', #1890, 6.299999999999996270 ) ;
#3073 = ADVANCED_FACE ( 'NONE', ( #1452 ), #28, .F. ) ;
#3074 = ORIENTED_EDGE ( 'NONE', *, *, #78, .T. ) ;
#3075 = DIRECTION ( 'NONE',  ( -0.000000000000000000, 1.000000000000000000, -0.000000000000000000 ) ) ;
#3076 = ORIENTED_EDGE ( 'NONE', *, *, #2403, .T. ) ;
#3077 = CARTESIAN_POINT ( 'NONE',  ( 46.99999999999999289, 10.00000000000000000, 1.640996229256272803E-13 ) ) ;
#3078 = AXIS2_PLACEMENT_3D ( 'NONE', #1516, #352, #2783 ) ;
#3079 = ORIENTED_EDGE ( 'NONE', *, *, #2018, .F. ) ;
#3080 = LINE ( 'NONE', #183, #3730 ) ;
#3081 = LINE ( 'NONE', #3624, #2374 ) ;
#3082 = ADVANCED_FACE ( 'NONE', ( #2342 ), #3788, .F. ) ;
#3083 = FACE_BOUND ( 'NONE', #3534, .T. ) ;
#3084 = ORIENTED_EDGE ( 'NONE', *, *, #819, .F. ) ;
#3085 = PRODUCT_DEFINITION_FORMATION_WITH_SPECIFIED_SOURCE ( 'ANY', '', #3537, .NOT_KNOWN. ) ;
#3086 = CARTESIAN_POINT ( 'NONE',  ( 95.87379739473514917, 0.000000000000000000, -116.2876914450248051 ) ) ;
#3087 = CARTESIAN_POINT ( 'NONE',  ( 134.9999999999999716, 0.000000000000000000, 74.39999999999994884 ) ) ;
#3088 = ORIENTED_EDGE ( 'NONE', *, *, #740, .T. ) ;
#3089 = ORIENTED_EDGE ( 'NONE', *, *, #3572, .F. ) ;
#3090 = DIRECTION ( 'NONE',  ( 0.000000000000000000, 0.000000000000000000, 1.000000000000000000 ) ) ;
#3091 = CARTESIAN_POINT ( 'NONE',  ( 37.50000000000137135, 10.00000000000000000, 80.58284835958099279 ) ) ;
#3092 = ADVANCED_FACE ( 'NONE', ( #10 ), #2376, .F. ) ;
#3093 = VERTEX_POINT ( 'NONE', #1752 ) ;
#3094 = CARTESIAN_POINT ( 'NONE',  ( -27.50000000000000000, 10.00000000000000000, 0.000000000000000000 ) ) ;
#3095 = ORIENTED_EDGE ( 'NONE', *, *, #800, .T. ) ;
#3096 = DIRECTION ( 'NONE',  ( 0.000000000000000000, 0.000000000000000000, 1.000000000000000000 ) ) ;
#3097 = EDGE_CURVE ( 'NONE', #1591, #676, #2752, .T. ) ;
#3098 = ORIENTED_EDGE ( 'NONE', *, *, #3569, .F. ) ;
#3099 = DIRECTION ( 'NONE',  ( 0.000000000000000000, 0.000000000000000000, 1.000000000000000000 ) ) ;
#3100 = CYLINDRICAL_SURFACE ( 'NONE', #2881, 3.250000000000002665 ) ;
#3101 = ORIENTED_EDGE ( 'NONE', *, *, #2659, .F. ) ;
#3102 = DATE_TIME_ROLE ( 'creation_date' ) ;
#3103 = CARTESIAN_POINT ( 'NONE',  ( -116.3504395653500580, 0.000000000000000000, 95.87379739473679763 ) ) ;
#3104 = EDGE_LOOP ( 'NONE', ( #1785, #1243, #2375, #1649 ) ) ;
#3105 = VERTEX_POINT ( 'NONE', #854 ) ;
#3106 = DIRECTION ( 'NONE',  ( -0.000000000000000000, 1.000000000000000000, -0.000000000000000000 ) ) ;
#3107 = FACE_BOUND ( 'NONE', #1183, .T. ) ;
#3108 = ORIENTED_EDGE ( 'NONE', *, *, #3036, .F. ) ;
#3109 = CARTESIAN_POINT ( 'NONE',  ( 0.000000000000000000, 7.000000000000000000, -24.20000000000000284 ) ) ;
#3110 = ORIENTED_EDGE ( 'NONE', *, *, #1829, .T. ) ;
#3111 = CARTESIAN_POINT ( 'NONE',  ( 98.08284835957788061, 10.00000000000000000, -20.00000000000000711 ) ) ;
#3112 = EDGE_CURVE ( 'NONE', #2290, #1029, #2323, .T. ) ;
#3113 = AXIS2_PLACEMENT_3D ( 'NONE', #327, #1894, #3592 ) ;
#3114 = EDGE_CURVE ( 'NONE', #163, #1565, #3531, .T. ) ;
#3115 = VERTEX_POINT ( 'NONE', #3655 ) ;
#3116 = CARTESIAN_POINT ( 'NONE',  ( -134.9999999999999432, 10.00000000000000000, -130.5000000000000000 ) ) ;
#3117 = CARTESIAN_POINT ( 'NONE',  ( -2.499999999998570921, 0.000000000000000000, 80.58284835958100700 ) ) ;
#3118 = AXIS2_PLACEMENT_3D ( 'NONE', #851, #1733, #3810 ) ;
#3119 = DIRECTION ( 'NONE',  ( 1.000000000000000000, 0.000000000000000000, -4.270088556250598741E-15 ) ) ;
#3120 = AXIS2_PLACEMENT_3D ( 'NONE', #1905, #2257, #115 ) ;
#3121 = ORIENTED_EDGE ( 'NONE', *, *, #3297, .T. ) ;
#3122 = CARTESIAN_POINT ( 'NONE',  ( 116.3798940491453351, 0.000000000000000000, -92.53159479061515924 ) ) ;
#3123 = DIRECTION ( 'NONE',  ( -0.000000000000000000, 1.000000000000000000, -0.000000000000000000 ) ) ;
#3124 = ORIENTED_EDGE ( 'NONE', *, *, #1778, .T. ) ;
#3125 = AXIS2_PLACEMENT_3D ( 'NONE', #900, #1673, #1050 ) ;
#3126 = CIRCLE ( 'NONE', #3440, 3.299999999999997158 ) ;
#3127 = ORIENTED_EDGE ( 'NONE', *, *, #3591, .T. ) ;
#3128 = CARTESIAN_POINT ( 'NONE',  ( 0.000000000000000000, 2.000000000000001776, 0.000000000000000000 ) ) ;
#3129 = CYLINDRICAL_SURFACE ( 'NONE', #1814, 3.250000000000002665 ) ;
#3130 = FACE_BOUND ( 'NONE', #1377, .T. ) ;
#3131 = CONICAL_SURFACE ( 'NONE', #1020, 6.299999999999996270, 0.7853981633974485010 ) ;
#3132 = AXIS2_PLACEMENT_3D ( 'NONE', #3047, #1212, #2173 ) ;
#3133 = CIRCLE ( 'NONE', #3446, 4.500000000000003553 ) ;
#3134 = EDGE_LOOP ( 'NONE', ( #2782, #404 ) ) ;
#3135 = DIRECTION ( 'NONE',  ( 0.000000000000000000, 0.000000000000000000, 1.000000000000000000 ) ) ;
#3136 = ORIENTED_EDGE ( 'NONE', *, *, #1235, .T. ) ;
#3137 = CARTESIAN_POINT ( 'NONE',  ( -2.499999999998570921, 10.00000000000000000, 83.88284835958100416 ) ) ;
#3138 = AXIS2_PLACEMENT_3D ( 'NONE', #697, #2094, #935 ) ;
#3139 = VERTEX_POINT ( 'NONE', #1542 ) ;
#3140 = CARTESIAN_POINT ( 'NONE',  ( -134.9999999999999432, 10.00000000000000000, -135.0000000000000000 ) ) ;
#3141 = EDGE_CURVE ( 'NONE', #2361, #1169, #3004, .T. ) ;
#3142 = CARTESIAN_POINT ( 'NONE',  ( 116.3798940491453351, 0.000000000000000000, -95.78159479061517345 ) ) ;
#3143 = DIRECTION ( 'NONE',  ( -0.000000000000000000, 1.000000000000000000, -0.000000000000000000 ) ) ;
#3144 = AXIS2_PLACEMENT_3D ( 'NONE', #1481, #2899, #3804 ) ;
#3145 = ORIENTED_EDGE ( 'NONE', *, *, #2522, .F. ) ;
#3146 = ORIENTED_EDGE ( 'NONE', *, *, #1885, .T. ) ;
#3147 = EDGE_CURVE ( 'NONE', #423, #110, #1329, .T. ) ;
#3148 = LOCAL_TIME ( 0, 44, 35.00000000000000000, #168 ) ;
#3149 = ORIENTED_EDGE ( 'NONE', *, *, #1503, .T. ) ;
#3150 = FACE_OUTER_BOUND ( 'NONE', #746, .T. ) ;
#3151 = CARTESIAN_POINT ( 'NONE',  ( 37.50000000000137135, 10.00000000000000000, 83.88284835958098995 ) ) ;
#3152 = LINE ( 'NONE', #1093, #2269 ) ;
#3153 = ADVANCED_FACE ( 'NONE', ( #683 ), #117, .F. ) ;
#3154 = VERTEX_POINT ( 'NONE', #1305 ) ;
#3155 = DIRECTION ( 'NONE',  ( 0.000000000000000000, 0.000000000000000000, 1.000000000000000000 ) ) ;
#3156 = VERTEX_POINT ( 'NONE', #3309 ) ;
#3157 = CARTESIAN_POINT ( 'NONE',  ( -116.3190655051870550, 0.000000000000000000, -95.81296885077716752 ) ) ;
#3158 = EDGE_LOOP ( 'NONE', ( #3520, #3283, #1216, #712 ) ) ;
#3159 = LINE ( 'NONE', #728, #3178 ) ;
#3160 = LINE ( 'NONE', #1954, #86 ) ;
#3161 = CARTESIAN_POINT ( 'NONE',  ( 116.3485199889830000, 0.000000000000000000, 95.90517145489961592 ) ) ;
#3162 = VERTEX_POINT ( 'NONE', #1845 ) ;
#3163 = CARTESIAN_POINT ( 'NONE',  ( -116.3190655051870550, 10.00000000000000000, -95.81296885077716752 ) ) ;
#3164 = EDGE_LOOP ( 'NONE', ( #1373, #975, #2359, #1774 ) ) ;
#3165 = ADVANCED_FACE ( 'NONE', ( #1803 ), #2411, .F. ) ;
#3166 = EDGE_CURVE ( 'NONE', #920, #465, #2749, .T. ) ;
#3167 = ORIENTED_EDGE ( 'NONE', *, *, #3832, .F. ) ;
#3168 = DIRECTION ( 'NONE',  ( -0.000000000000000000, 1.000000000000000000, -0.000000000000000000 ) ) ;
#3169 = ADVANCED_FACE ( 'NONE', ( #2470 ), #667, .F. ) ;
#3170 = CYLINDRICAL_SURFACE ( 'NONE', #3058, 4.499999999999997335 ) ;
#3171 =( LENGTH_UNIT ( ) NAMED_UNIT ( * ) SI_UNIT ( .MILLI., .METRE. ) );
#3172 = ORIENTED_EDGE ( 'NONE', *, *, #2541, .T. ) ;
#3173 = CARTESIAN_POINT ( 'NONE',  ( -134.9999999999999432, 10.00000000000000000, 134.9999999999999432 ) ) ;
#3174 = CARTESIAN_POINT ( 'NONE',  ( -27.50000000000000000, 10.00000000000000000, -6.299999999999999822 ) ) ;
#3175 = ORIENTED_EDGE ( 'NONE', *, *, #489, .F. ) ;
#3176 = CARTESIAN_POINT ( 'NONE',  ( -2.499999999998570921, 0.000000000000000000, 80.58284835958100700 ) ) ;
#3177 = CARTESIAN_POINT ( 'NONE',  ( 116.3485199889830000, 0.000000000000000000, 95.90517145489961592 ) ) ;
#3178 = VECTOR ( 'NONE', #1680, 1000.000000000000000 ) ;
#3179 = ORIENTED_EDGE ( 'NONE', *, *, #1419, .F. ) ;
#3180 = VECTOR ( 'NONE', #937, 1000.000000000000000 ) ;
#3181 = CYLINDRICAL_SURFACE ( 'NONE', #2318, 4.499999999999997335 ) ;
#3182 = ORIENTED_EDGE ( 'NONE', *, *, #1003, .T. ) ;
#3183 = AXIS2_PLACEMENT_3D ( 'NONE', #2037, #3223, #1741 ) ;
#3184 = EDGE_LOOP ( 'NONE', ( #878, #1544, #1643, #364 ) ) ;
#3185 = CYLINDRICAL_SURFACE ( 'NONE', #3299, 4.500000000000003553 ) ;
#3186 = AXIS2_PLACEMENT_3D ( 'NONE', #3173, #2956, #3782 ) ;
#3187 = AXIS2_PLACEMENT_3D ( 'NONE', #1165, #2344, #3516 ) ;
#3188 = ADVANCED_FACE ( 'NONE', ( #2725 ), #965, .F. ) ;
#3189 = DIRECTION ( 'NONE',  ( 0.000000000000000000, 0.000000000000000000, -1.000000000000000000 ) ) ;
#3190 = CARTESIAN_POINT ( 'NONE',  ( 0.000000000000000000, 0.000000000000000000, 0.000000000000000000 ) ) ;
#3191 = AXIS2_PLACEMENT_3D ( 'NONE', #3176, #513, #3099 ) ;
#3192 = DIRECTION ( 'NONE',  ( 0.000000000000000000, 0.000000000000000000, 1.000000000000000000 ) ) ;
#3193 = LINE ( 'NONE', #2041, #2872 ) ;
#3194 = CIRCLE ( 'NONE', #1265, 4.500000000000003553 ) ;
#3195 = AXIS2_PLACEMENT_3D ( 'NONE', #1693, #1470, #1482 ) ;
#3196 = CARTESIAN_POINT ( 'NONE',  ( 37.49999999999987921, 10.00000000000000000, -80.58284835957724113 ) ) ;
#3197 = EDGE_CURVE ( 'NONE', #1113, #1585, #1820, .T. ) ;
#3198 = CIRCLE ( 'NONE', #3510, 3.250000000000002665 ) ;
#3199 = VERTEX_POINT ( 'NONE', #415 ) ;
#3200 = DIRECTION ( 'NONE',  ( 0.000000000000000000, 0.000000000000000000, 1.000000000000000000 ) ) ;
#3201 = LINE ( 'NONE', #1735, #2324 ) ;
#3202 = ORIENTED_EDGE ( 'NONE', *, *, #573, .T. ) ;
#3203 = EDGE_CURVE ( 'NONE', #3668, #3364, #2072, .T. ) ;
#3204 = CARTESIAN_POINT ( 'NONE',  ( 95.87379739473514917, 10.00000000000000000, -116.2876914450248051 ) ) ;
#3205 = CIRCLE ( 'NONE', #351, 3.250000000000002665 ) ;
#3206 = ORIENTED_EDGE ( 'NONE', *, *, #3381, .T. ) ;
#3207 = LINE ( 'NONE', #2896, #1748 ) ;
#3208 = CARTESIAN_POINT ( 'NONE',  ( 116.3485199889830000, 0.000000000000000000, 95.90517145489961592 ) ) ;
#3209 = DATE_AND_TIME ( #3522, #3690 ) ;
#3210 = APPROVAL ( #1062, 'UNSPECIFIED' ) ;
#3211 = DIRECTION ( 'NONE',  ( 0.000000000000000000, 0.000000000000000000, 1.000000000000000000 ) ) ;
#3212 = LINE ( 'NONE', #3244, #698 ) ;
#3213 = CARTESIAN_POINT ( 'NONE',  ( -74.39999999999994884, 10.00000000000000000, 134.9999999999997158 ) ) ;
#3214 = EDGE_CURVE ( 'NONE', #777, #540, #2763, .T. ) ;
#3215 = EDGE_LOOP ( 'NONE', ( #3622, #3717, #2034, #3337 ) ) ;
#3216 = CYLINDRICAL_SURFACE ( 'NONE', #2306, 3.299999999999997158 ) ;
#3217 = LINE ( 'NONE', #3252, #2942 ) ;
#3218 = ADVANCED_FACE ( 'NONE', ( #374 ), #101, .F. ) ;
#3219 = DIRECTION ( 'NONE',  ( -0.000000000000000000, 1.000000000000000000, -0.000000000000000000 ) ) ;
#3220 = EDGE_LOOP ( 'NONE', ( #1558, #3229 ) ) ;
#3221 = DIRECTION ( 'NONE',  ( -0.000000000000000000, 1.000000000000000000, -0.000000000000000000 ) ) ;
#3222 = ORIENTED_EDGE ( 'NONE', *, *, #1180, .F. ) ;
#3223 = DIRECTION ( 'NONE',  ( -0.000000000000000000, 1.000000000000000000, -0.000000000000000000 ) ) ;
#3224 = DIRECTION ( 'NONE',  ( 0.000000000000000000, 0.7071067811865471286, 0.7071067811865479058 ) ) ;
#3225 = DIRECTION ( 'NONE',  ( 0.000000000000000000, 1.000000000000000000, 0.000000000000000000 ) ) ;
#3226 = CARTESIAN_POINT ( 'NONE',  ( 46.99999999999999289, 0.000000000000000000, 1.640996229256272803E-13 ) ) ;
#3227 = FACE_OUTER_BOUND ( 'NONE', #3820, .T. ) ;
#3228 = DIRECTION ( 'NONE',  ( 0.000000000000000000, 0.000000000000000000, 1.000000000000000000 ) ) ;
#3229 = ORIENTED_EDGE ( 'NONE', *, *, #3203, .T. ) ;
#3230 = CARTESIAN_POINT ( 'NONE',  ( -3.276481547916382399E-13, 0.000000000000000000, 42.50000000000000000 ) ) ;
#3231 = DIRECTION ( 'NONE',  ( 0.000000000000000000, 0.000000000000000000, 1.000000000000000000 ) ) ;
#3232 = DIRECTION ( 'NONE',  ( 0.000000000000000000, 0.000000000000000000, 1.000000000000000000 ) ) ;
#3233 = EDGE_CURVE ( 'NONE', #1057, #233, #2947, .T. ) ;
#3234 = ADVANCED_FACE ( 'NONE', ( #47 ), #2160, .F. ) ;
#3235 = EDGE_LOOP ( 'NONE', ( #1699, #3006, #1044, #1495 ) ) ;
#3236 = DIRECTION ( 'NONE',  ( 0.000000000000000000, 0.000000000000000000, 1.000000000000000000 ) ) ;
#3237 = EDGE_CURVE ( 'NONE', #2538, #472, #940, .T. ) ;
#3238 = VECTOR ( 'NONE', #3289, 1000.000000000000000 ) ;
#3239 = ORIENTED_EDGE ( 'NONE', *, *, #1435, .F. ) ;
#3240 = DIRECTION ( 'NONE',  ( -0.000000000000000000, 1.000000000000000000, -0.000000000000000000 ) ) ;
#3241 = CARTESIAN_POINT ( 'NONE',  ( -63.08284835957631032, 10.00000000000000000, -19.99999999999986500 ) ) ;
#3242 = AXIS2_PLACEMENT_3D ( 'NONE', #917, #367, #1796 ) ;
#3243 = CARTESIAN_POINT ( 'NONE',  ( 33.23401871576779598, 0.000000000000000000, -33.23401871576767519 ) ) ;
#3244 = CARTESIAN_POINT ( 'NONE',  ( -27.50000000000000000, 10.00000000000000000, 3.299999999999997158 ) ) ;
#3245 = DIRECTION ( 'NONE',  ( 1.000000000000000000, 0.000000000000000000, -4.270088556250598741E-15 ) ) ;
#3246 = VECTOR ( 'NONE', #3224, 1000.000000000000000 ) ;
#3247 = CIRCLE ( 'NONE', #1875, 3.299999999999997158 ) ;
#3248 = CIRCLE ( 'NONE', #644, 3.299999999999997158 ) ;
#3249 = ORIENTED_EDGE ( 'NONE', *, *, #672, .T. ) ;
#3250 = FACE_OUTER_BOUND ( 'NONE', #3685, .T. ) ;
#3251 = CIRCLE ( 'NONE', #1638, 4.499999999999997335 ) ;
#3252 = CARTESIAN_POINT ( 'NONE',  ( -134.9999999999981242, 10.00000000000000000, -78.92024260179206863 ) ) ;
#3253 = ORIENTED_EDGE ( 'NONE', *, *, #649, .T. ) ;
#3254 = CARTESIAN_POINT ( 'NONE',  ( 74.40000000000000568, 10.00000000000000000, 130.5000000000000000 ) ) ;
#3255 = AXIS2_PLACEMENT_3D ( 'NONE', #863, #3807, #1115 ) ;
#3256 = ORIENTED_EDGE ( 'NONE', *, *, #40, .T. ) ;
#3257 = DIRECTION ( 'NONE',  ( -0.000000000000000000, 1.000000000000000000, -0.000000000000000000 ) ) ;
#3258 = VECTOR ( 'NONE', #877, 1000.000000000000000 ) ;
#3259 = CIRCLE ( 'NONE', #1648, 3.299999999999997158 ) ;
#3260 = ORIENTED_EDGE ( 'NONE', *, *, #1697, .F. ) ;
#3261 = DIRECTION ( 'NONE',  ( 8.659560562354937789E-17, 0.7071067811865470176, -0.7071067811865479058 ) ) ;
#3262 = ORIENTED_EDGE ( 'NONE', *, *, #924, .T. ) ;
#3263 = EDGE_CURVE ( 'NONE', #2047, #3021, #1557, .T. ) ;
#3264 = DIRECTION ( 'NONE',  ( -0.000000000000000000, 1.000000000000000000, -0.000000000000000000 ) ) ;
#3265 = CARTESIAN_POINT ( 'NONE',  ( -27.50000000000000000, 1.734723475976807094E-15, 0.000000000000000000 ) ) ;
#3266 = DIRECTION ( 'NONE',  ( -0.000000000000000000, 1.000000000000000000, -0.000000000000000000 ) ) ;
#3267 = EDGE_CURVE ( 'NONE', #2547, #2996, #3133, .T. ) ;
#3268 = EDGE_CURVE ( 'NONE', #2523, #3588, #1923, .T. ) ;
#3269 = EDGE_LOOP ( 'NONE', ( #3313, #2043, #1327, #1596 ) ) ;
#3270 = CYLINDRICAL_SURFACE ( 'NONE', #2688, 4.499999999999997335 ) ;
#3271 = VERTEX_POINT ( 'NONE', #1350 ) ;
#3272 = DIRECTION ( 'NONE',  ( -0.000000000000000000, 1.000000000000000000, -0.000000000000000000 ) ) ;
#3273 = EDGE_LOOP ( 'NONE', ( #1668, #2295 ) ) ;
#3274 = FACE_OUTER_BOUND ( 'NONE', #439, .T. ) ;
#3275 = ORIENTED_EDGE ( 'NONE', *, *, #2107, .T. ) ;
#3276 = DIRECTION ( 'NONE',  ( -0.000000000000000000, 1.000000000000000000, -0.000000000000000000 ) ) ;
#3277 = ORIENTED_EDGE ( 'NONE', *, *, #616, .F. ) ;
#3278 = EDGE_CURVE ( 'NONE', #3156, #2928, #1152, .T. ) ;
#3279 = EDGE_CURVE ( 'NONE', #3819, #503, #3005, .T. ) ;
#3280 = DIRECTION ( 'NONE',  ( -1.000000000000000000, 0.000000000000000000, 8.540177112501197482E-15 ) ) ;
#3281 = DIRECTION ( 'NONE',  ( -0.000000000000000000, 1.000000000000000000, -0.000000000000000000 ) ) ;
#3282 = FACE_BOUND ( 'NONE', #1651, .T. ) ;
#3283 = ORIENTED_EDGE ( 'NONE', *, *, #1207, .T. ) ;
#3284 = DIRECTION ( 'NONE',  ( 0.000000000000000000, 0.000000000000000000, 1.000000000000000000 ) ) ;
#3285 = DIRECTION ( 'NONE',  ( 0.000000000000000000, 0.000000000000000000, 1.000000000000000000 ) ) ;
#3286 = EDGE_LOOP ( 'NONE', ( #68, #2760, #1229, #481 ) ) ;
#3287 = CARTESIAN_POINT ( 'NONE',  ( 33.23401871576756150, 0.000000000000000000, 33.23401871576790256 ) ) ;
#3288 = ORIENTED_EDGE ( 'NONE', *, *, #175, .F. ) ;
#3289 = DIRECTION ( 'NONE',  ( -0.000000000000000000, 1.000000000000000000, -0.000000000000000000 ) ) ;
#3290 = DIRECTION ( 'NONE',  ( -0.000000000000000000, 1.000000000000000000, -0.000000000000000000 ) ) ;
#3291 = CARTESIAN_POINT ( 'NONE',  ( 33.23401871576756150, 10.00000000000000000, 28.73401871576790256 ) ) ;
#3292 = ORIENTED_EDGE ( 'NONE', *, *, #1431, .F. ) ;
#3293 = CARTESIAN_POINT ( 'NONE',  ( -47.00000000000000000, 10.00000000000000000, -4.922988687768817400E-13 ) ) ;
#3294 = EDGE_LOOP ( 'NONE', ( #1133, #3809 ) ) ;
#3295 = EDGE_CURVE ( 'NONE', #1670, #11, #1328, .T. ) ;
#3296 = AXIS2_PLACEMENT_3D ( 'NONE', #986, #2727, #669 ) ;
#3297 = EDGE_CURVE ( 'NONE', #3053, #2581, #725, .T. ) ;
#3298 = CARTESIAN_POINT ( 'NONE',  ( -33.23401871576802336, 5.850000000000004086, 33.23401871576744782 ) ) ;
#3299 = AXIS2_PLACEMENT_3D ( 'NONE', #174, #1048, #2276 ) ;
#3300 = DIRECTION ( 'NONE',  ( -0.000000000000000000, 1.000000000000000000, -0.000000000000000000 ) ) ;
#3301 = FACE_BOUND ( 'NONE', #288, .T. ) ;
#3302 = AXIS2_PLACEMENT_3D ( 'NONE', #473, #2837, #3448 ) ;
#3303 = AXIS2_PLACEMENT_3D ( 'NONE', #3742, #525, #1361 ) ;
#3304 = CARTESIAN_POINT ( 'NONE',  ( -33.23401871576733413, 0.000000000000000000, -33.23401871576813704 ) ) ;
#3305 = CARTESIAN_POINT ( 'NONE',  ( -27.50000000000000000, 10.00000000000000000, -3.299999999999997158 ) ) ;
#3306 = VECTOR ( 'NONE', #1988, 1000.000000000000000 ) ;
#3307 = CIRCLE ( 'NONE', #2007, 4.500000000000003553 ) ;
#3308 = ORIENTED_EDGE ( 'NONE', *, *, #1977, .T. ) ;
#3309 = CARTESIAN_POINT ( 'NONE',  ( -134.9999999999999432, 0.000000000000000000, 130.4999999999999432 ) ) ;
#3310 = EDGE_CURVE ( 'NONE', #486, #1887, #3319, .T. ) ;
#3311 = AXIS2_PLACEMENT_3D ( 'NONE', #1727, #1711, #237 ) ;
#3312 = AXIS2_PLACEMENT_3D ( 'NONE', #3142, #3732, #794 ) ;
#3313 = ORIENTED_EDGE ( 'NONE', *, *, #2768, .F. ) ;
#3314 = CARTESIAN_POINT ( 'NONE',  ( -95.81296885077719594, 10.00000000000000000, -113.0690655051871403 ) ) ;
#3315 = CARTESIAN_POINT ( 'NONE',  ( -33.23401871576733413, 5.850000000000004086, -33.23401871576813704 ) ) ;
#3316 = FACE_BOUND ( 'NONE', #2830, .T. ) ;
#3317 = CIRCLE ( 'NONE', #583, 8.649999999999998579 ) ;
#3318 = VECTOR ( 'NONE', #665, 1000.000000000000000 ) ;
#3319 = CIRCLE ( 'NONE', #2639, 8.649999999999998579 ) ;
#3320 = ORIENTED_EDGE ( 'NONE', *, *, #2952, .F. ) ;
#3321 = VERTEX_POINT ( 'NONE', #3450 ) ;
#3322 = CIRCLE ( 'NONE', #785, 3.250000000000002665 ) ;
#3323 = DIRECTION ( 'NONE',  ( 0.000000000000000000, 0.000000000000000000, 1.000000000000000000 ) ) ;
#3324 = FACE_BOUND ( 'NONE', #1590, .T. ) ;
#3325 = CIRCLE ( 'NONE', #162, 4.500000000000003553 ) ;
#3326 = ORIENTED_EDGE ( 'NONE', *, *, #1176, .F. ) ;
#3327 = EDGE_CURVE ( 'NONE', #2559, #1384, #2268, .T. ) ;
#3328 = DIRECTION ( 'NONE',  ( -0.000000000000000000, 1.000000000000000000, -0.000000000000000000 ) ) ;
#3329 = DIRECTION ( 'NONE',  ( -0.000000000000000000, 1.000000000000000000, -0.000000000000000000 ) ) ;
#3330 = ORIENTED_EDGE ( 'NONE', *, *, #1176, .T. ) ;
#3331 = DIRECTION ( 'NONE',  ( -0.000000000000000000, 1.000000000000000000, -0.000000000000000000 ) ) ;
#3332 = ADVANCED_FACE ( 'NONE', ( #136 ), #1387, .F. ) ;
#3333 = EDGE_CURVE ( 'NONE', #474, #3474, #3382, .T. ) ;
#3334 = ORIENTED_EDGE ( 'NONE', *, *, #3097, .T. ) ;
#3335 = CARTESIAN_POINT ( 'NONE',  ( 33.23401871576779598, 0.000000000000000000, -28.73401871576768229 ) ) ;
#3336 = FACE_BOUND ( 'NONE', #2484, .T. ) ;
#3337 = ORIENTED_EDGE ( 'NONE', *, *, #1737, .F. ) ;
#3338 = DIRECTION ( 'NONE',  ( 0.000000000000000000, 0.000000000000000000, 1.000000000000000000 ) ) ;
#3339 = EDGE_LOOP ( 'NONE', ( #3688, #104, #2751, #1908 ) ) ;
#3340 = ORIENTED_EDGE ( 'NONE', *, *, #868, .F. ) ;
#3341 = DIRECTION ( 'NONE',  ( 0.000000000000000000, 0.000000000000000000, -1.000000000000000000 ) ) ;
#3342 = EDGE_CURVE ( 'NONE', #23, #3761, #3687, .T. ) ;
#3343 = DIRECTION ( 'NONE',  ( -0.000000000000000000, 1.000000000000000000, -0.000000000000000000 ) ) ;
#3344 = ORIENTED_EDGE ( 'NONE', *, *, #1104, .T. ) ;
#3345 = CARTESIAN_POINT ( 'NONE',  ( -2.500000000000067502, 0.000000000000000000, -80.58284835957709902 ) ) ;
#3346 = ORIENTED_EDGE ( 'NONE', *, *, #692, .F. ) ;
#3347 = CARTESIAN_POINT ( 'NONE',  ( 95.87379739473514917, 0.000000000000000000, -116.2876914450248051 ) ) ;
#3348 = VERTEX_POINT ( 'NONE', #3695 ) ;
#3349 = DIRECTION ( 'NONE',  ( 0.000000000000000000, 0.000000000000000000, 1.000000000000000000 ) ) ;
#3350 = EDGE_CURVE ( 'NONE', #2248, #3484, #1578, .T. ) ;
#3351 = FACE_BOUND ( 'NONE', #2392, .T. ) ;
#3352 = ADVANCED_FACE ( 'NONE', ( #2883 ), #200, .F. ) ;
#3353 = ORIENTED_EDGE ( 'NONE', *, *, #1777, .T. ) ;
#3354 = CARTESIAN_POINT ( 'NONE',  ( 135.0000000000018474, 10.00000000000000000, -78.92024260179206863 ) ) ;
#3355 = ORIENTED_EDGE ( 'NONE', *, *, #78, .F. ) ;
#3356 = EDGE_CURVE ( 'NONE', #1317, #1504, #763, .T. ) ;
#3357 = ORIENTED_EDGE ( 'NONE', *, *, #3039, .T. ) ;
#3358 = FACE_OUTER_BOUND ( 'NONE', #160, .T. ) ;
#3359 = AXIS2_PLACEMENT_3D ( 'NONE', #2108, #1865, #50 ) ;
#3360 = CYLINDRICAL_SURFACE ( 'NONE', #3138, 3.299999999999997158 ) ;
#3361 = EDGE_CURVE ( 'NONE', #1757, #1579, #1705, .T. ) ;
#3362 = CIRCLE ( 'NONE', #2865, 4.500000000000003553 ) ;
#3363 = VERTEX_POINT ( 'NONE', #2282 ) ;
#3364 = VERTEX_POINT ( 'NONE', #1989 ) ;
#3365 = CARTESIAN_POINT ( 'NONE',  ( -95.81296885077719594, 10.00000000000000000, -116.3190655051871403 ) ) ;
#3366 = CIRCLE ( 'NONE', #17, 223.0000000000000000 ) ;
#3367 = CONICAL_SURFACE ( 'NONE', #3734, 8.649999999999998579, 0.7853981633974489451 ) ;
#3368 = ORIENTED_EDGE ( 'NONE', *, *, #2353, .T. ) ;
#3369 = DIRECTION ( 'NONE',  ( 0.000000000000000000, 0.000000000000000000, 1.000000000000000000 ) ) ;
#3370 = AXIS2_PLACEMENT_3D ( 'NONE', #12, #3257, #3816 ) ;
#3371 = DIRECTION ( 'NONE',  ( -0.000000000000000000, 1.000000000000000000, -0.000000000000000000 ) ) ;
#3372 = FACE_BOUND ( 'NONE', #1982, .T. ) ;
#3373 = CONICAL_SURFACE ( 'NONE', #2810, 223.0000000000000853, 0.7853981633974482790 ) ;
#3374 = AXIS2_PLACEMENT_3D ( 'NONE', #2843, #2576, #2285 ) ;
#3375 = CC_DESIGN_PERSON_AND_ORGANIZATION_ASSIGNMENT ( #2518, #500, ( #3398 ) ) ;
#3376 = VERTEX_POINT ( 'NONE', #224 ) ;
#3377 = DIRECTION ( 'NONE',  ( 0.000000000000000000, 0.000000000000000000, 1.000000000000000000 ) ) ;
#3378 = CARTESIAN_POINT ( 'NONE',  ( 135.0000000000000000, 10.00000000000000000, -135.0000000000000000 ) ) ;
#3379 = AXIS2_PLACEMENT_3D ( 'NONE', #1927, #1394, #455 ) ;
#3380 = EDGE_LOOP ( 'NONE', ( #3008, #1340, #2240, #3260 ) ) ;
#3381 = EDGE_CURVE ( 'NONE', #423, #2153, #1412, .T. ) ;
#3382 = CIRCLE ( 'NONE', #402, 3.250000000000002665 ) ;
#3383 = VERTEX_POINT ( 'NONE', #2221 ) ;
#3384 = EDGE_CURVE ( 'NONE', #258, #1376, #1616, .T. ) ;
#3385 = DIRECTION ( 'NONE',  ( 0.000000000000000000, 0.000000000000000000, 1.000000000000000000 ) ) ;
#3386 = ORGANIZATION ( 'UNSPECIFIED', 'UNSPECIFIED', '' ) ;
#3387 = CARTESIAN_POINT ( 'NONE',  ( -134.9999999999999432, 10.00000000000000000, -130.5000000000000000 ) ) ;
#3388 = ORIENTED_EDGE ( 'NONE', *, *, #2001, .F. ) ;
#3389 = CARTESIAN_POINT ( 'NONE',  ( -27.50000000000000000, 10.00000000000000000, 0.000000000000000000 ) ) ;
#3390 = ORIENTED_EDGE ( 'NONE', *, *, #3795, .F. ) ;
#3391 = DIRECTION ( 'NONE',  ( 0.000000000000000000, 0.000000000000000000, 1.000000000000000000 ) ) ;
#3392 = CONICAL_SURFACE ( 'NONE', #2023, 8.649999999999998579, 0.7853981633974485010 ) ;
#3393 = ORIENTED_EDGE ( 'NONE', *, *, #2525, .T. ) ;
#3394 = LINE ( 'NONE', #2859, #758 ) ;
#3395 = CARTESIAN_POINT ( 'NONE',  ( -27.50000000000000000, 7.000000000000000000, -3.299999999999997158 ) ) ;
#3396 = DIRECTION ( 'NONE',  ( -0.000000000000000000, 1.000000000000000000, -0.000000000000000000 ) ) ;
#3397 = EDGE_CURVE ( 'NONE', #2950, #2153, #219, .T. ) ;
#3398 = SECURITY_CLASSIFICATION ( '', '', #798 ) ;
#3399 = ORIENTED_EDGE ( 'NONE', *, *, #776, .T. ) ;
#3400 = COORDINATED_UNIVERSAL_TIME_OFFSET ( 8, 0, .AHEAD. ) ;
#3401 = CARTESIAN_POINT ( 'NONE',  ( -27.50000000000000000, 10.00000000000000000, 0.000000000000000000 ) ) ;
#3402 = ORIENTED_EDGE ( 'NONE', *, *, #2212, .F. ) ;
#3403 = ORIENTED_EDGE ( 'NONE', *, *, #2816, .F. ) ;
#3404 = EDGE_CURVE ( 'NONE', #2131, #2513, #2819, .T. ) ;
#3405 = CARTESIAN_POINT ( 'NONE',  ( -3.281992458512545606E-13, 10.00000000000000000, 47.00000000000000000 ) ) ;
#3406 = DIRECTION ( 'NONE',  ( -0.000000000000000000, 1.000000000000000000, -0.000000000000000000 ) ) ;
#3407 = EDGE_CURVE ( 'NONE', #2538, #981, #1335, .T. ) ;
#3408 = ORIENTED_EDGE ( 'NONE', *, *, #275, .T. ) ;
#3409 = DIRECTION ( 'NONE',  ( -0.000000000000000000, 1.000000000000000000, -0.000000000000000000 ) ) ;
#3410 = ORIENTED_EDGE ( 'NONE', *, *, #884, .F. ) ;
#3411 = DIRECTION ( 'NONE',  ( -0.000000000000000000, 1.000000000000000000, -0.000000000000000000 ) ) ;
#3412 = ORIENTED_EDGE ( 'NONE', *, *, #3397, .F. ) ;
#3413 = CARTESIAN_POINT ( 'NONE',  ( -47.00000000000000000, 10.00000000000000000, -4.500000000000489386 ) ) ;
#3414 = DIRECTION ( 'NONE',  ( 0.000000000000000000, 0.000000000000000000, 1.000000000000000000 ) ) ;
#3415 = CYLINDRICAL_SURFACE ( 'NONE', #3062, 3.250000000000002665 ) ;
#3416 = ORIENTED_EDGE ( 'NONE', *, *, #2840, .T. ) ;
#3417 = CARTESIAN_POINT ( 'NONE',  ( 33.23401871576756150, 10.00000000000000000, 24.58401871576790398 ) ) ;
#3418 = CARTESIAN_POINT ( 'NONE',  ( 27.50000000000000000, 10.00000000000000000, -6.299999999999996270 ) ) ;
#3419 = ORIENTED_EDGE ( 'NONE', *, *, #1831, .F. ) ;
#3420 = ORIENTED_EDGE ( 'NONE', *, *, #677, .T. ) ;
#3421 = DIRECTION ( 'NONE',  ( 0.000000000000000000, 0.000000000000000000, 1.000000000000000000 ) ) ;
#3422 = DIRECTION ( 'NONE',  ( 0.000000000000000000, 0.000000000000000000, 1.000000000000000000 ) ) ;
#3423 = FACE_BOUND ( 'NONE', #3662, .T. ) ;
#3424 = ORIENTED_EDGE ( 'NONE', *, *, #1958, .T. ) ;
#3425 = DIRECTION ( 'NONE',  ( 0.000000000000000000, 0.000000000000000000, 1.000000000000000000 ) ) ;
#3426 = ORIENTED_EDGE ( 'NONE', *, *, #1288, .T. ) ;
#3427 = DIRECTION ( 'NONE',  ( -0.000000000000000000, 1.000000000000000000, -0.000000000000000000 ) ) ;
#3428 = CIRCLE ( 'NONE', #72, 3.299999999999997158 ) ;
#3429 = ORIENTED_EDGE ( 'NONE', *, *, #1218, .T. ) ;
#3430 = DIRECTION ( 'NONE',  ( 0.000000000000000000, 0.7071067811865476838, 0.7071067811865474617 ) ) ;
#3431 = DIRECTION ( 'NONE',  ( 0.000000000000000000, 0.7071067811865471286, 0.7071067811865479058 ) ) ;
#3432 = ADVANCED_FACE ( 'NONE', ( #3526 ), #2663, .F. ) ;
#3433 = CARTESIAN_POINT ( 'NONE',  ( -33.23401871576733413, 0.000000000000000000, -33.23401871576813704 ) ) ;
#3434 = CIRCLE ( 'NONE', #3553, 8.649999999999998579 ) ;
#3435 = AXIS2_PLACEMENT_3D ( 'NONE', #1758, #3589, #16 ) ;
#3436 = EDGE_LOOP ( 'NONE', ( #2329, #1369 ) ) ;
#3437 = PERSON_AND_ORGANIZATION ( #1416, #3386 ) ;
#3438 = ORIENTED_EDGE ( 'NONE', *, *, #3356, .F. ) ;
#3439 = CIRCLE ( 'NONE', #2566, 4.500000000000003553 ) ;
#3440 = AXIS2_PLACEMENT_3D ( 'NONE', #1561, #1910, #52 ) ;
#3441 = VERTEX_POINT ( 'NONE', #1781 ) ;
#3442 = CARTESIAN_POINT ( 'NONE',  ( 135.0000000000000000, 10.00000000000000000, 130.4999999999999432 ) ) ;
#3443 = CARTESIAN_POINT ( 'NONE',  ( -2.499999999998570921, 10.00000000000000000, 80.58284835958100700 ) ) ;
#3444 = CARTESIAN_POINT ( 'NONE',  ( 135.0000000000000000, 10.00000000000000000, -135.0000000000000000 ) ) ;
#3445 = AXIS2_PLACEMENT_3D ( 'NONE', #3487, #2862, #3733 ) ;
#3446 = AXIS2_PLACEMENT_3D ( 'NONE', #1270, #963, #2839 ) ;
#3447 = CARTESIAN_POINT ( 'NONE',  ( 46.99999999999999289, 5.850000000000004086, 1.640996229256272803E-13 ) ) ;
#3448 = DIRECTION ( 'NONE',  ( 1.000000000000000000, 0.000000000000000000, -4.270088556250598741E-15 ) ) ;
#3449 = ORIENTED_EDGE ( 'NONE', *, *, #2164, .T. ) ;
#3450 = CARTESIAN_POINT ( 'NONE',  ( 27.50000000000000000, 7.000000000000000000, 3.299999999999997158 ) ) ;
#3451 = VECTOR ( 'NONE', #2757, 1000.000000000000114 ) ;
#3452 = ORIENTED_EDGE ( 'NONE', *, *, #3141, .F. ) ;
#3453 = CARTESIAN_POINT ( 'NONE',  ( 0.000000000000000000, 10.00000000000000000, -27.50000000000000000 ) ) ;
#3454 = DIRECTION ( 'NONE',  ( -0.000000000000000000, 1.000000000000000000, -0.000000000000000000 ) ) ;
#3455 = DIRECTION ( 'NONE',  ( -0.000000000000000000, 1.000000000000000000, -0.000000000000000000 ) ) ;
#3456 = ADVANCED_FACE ( 'NONE', ( #2970 ), #584, .F. ) ;
#3457 = EDGE_CURVE ( 'NONE', #3364, #3139, #1157, .T. ) ;
#3458 = ORIENTED_EDGE ( 'NONE', *, *, #1309, .F. ) ;
#3459 = DATE_AND_TIME ( #482, #2213 ) ;
#3460 = EDGE_LOOP ( 'NONE', ( #3429, #2775 ) ) ;
#3461 = EDGE_LOOP ( 'NONE', ( #1401, #1061, #3064, #2849 ) ) ;
#3462 = CYLINDRICAL_SURFACE ( 'NONE', #3303, 225.0000000000000000 ) ;
#3463 = CARTESIAN_POINT ( 'NONE',  ( -134.9999999999981242, 10.00000000000000000, -69.92024260179205442 ) ) ;
#3464 = CARTESIAN_POINT ( 'NONE',  ( 95.87379739473514917, 0.000000000000000000, -113.0376914450248051 ) ) ;
#3465 = ORIENTED_EDGE ( 'NONE', *, *, #649, .F. ) ;
#3466 = LINE ( 'NONE', #1882, #1330 ) ;
#3467 = ORIENTED_EDGE ( 'NONE', *, *, #892, .T. ) ;
#3468 = CARTESIAN_POINT ( 'NONE',  ( -134.9999999999999432, 10.00000000000000000, -135.0000000000000000 ) ) ;
#3469 = VERTEX_POINT ( 'NONE', #1471 ) ;
#3470 = DIRECTION ( 'NONE',  ( -1.000000000000000000, 0.000000000000000000, 8.540177112501197482E-15 ) ) ;
#3471 = CARTESIAN_POINT ( 'NONE',  ( 135.0000000000000000, 10.00000000000000000, 134.9999999999999432 ) ) ;
#3472 = DIRECTION ( 'NONE',  ( 0.000000000000000000, 1.000000000000000000, 0.000000000000000000 ) ) ;
#3473 = EDGE_CURVE ( 'NONE', #2143, #54, #1400, .T. ) ;
#3474 = VERTEX_POINT ( 'NONE', #2936 ) ;
#3475 = DIRECTION ( 'NONE',  ( -0.000000000000000000, 1.000000000000000000, -0.000000000000000000 ) ) ;
#3476 = ORIENTED_EDGE ( 'NONE', *, *, #1900, .F. ) ;
#3477 = ORIENTED_EDGE ( 'NONE', *, *, #2137, .T. ) ;
#3478 = DIRECTION ( 'NONE',  ( -0.000000000000000000, 1.000000000000000000, -0.000000000000000000 ) ) ;
#3479 = DIRECTION ( 'NONE',  ( 0.000000000000000000, 0.000000000000000000, 1.000000000000000000 ) ) ;
#3480 = ADVANCED_FACE ( 'NONE', ( #2595 ), #2352, .F. ) ;
#3481 = ORIENTED_EDGE ( 'NONE', *, *, #2419, .T. ) ;
#3482 = CARTESIAN_POINT ( 'NONE',  ( -74.39999999999994884, 0.000000000000000000, 134.9999999999997158 ) ) ;
#3483 = CARTESIAN_POINT ( 'NONE',  ( -116.3504395653500580, 0.000000000000000000, 95.87379739473679763 ) ) ;
#3484 = VERTEX_POINT ( 'NONE', #3 ) ;
#3485 = DIRECTION ( 'NONE',  ( -0.000000000000000000, 1.000000000000000000, -0.000000000000000000 ) ) ;
#3486 = DIRECTION ( 'NONE',  ( -0.000000000000000000, 1.000000000000000000, -0.000000000000000000 ) ) ;
#3487 = CARTESIAN_POINT ( 'NONE',  ( -27.50000000000000000, 7.000000000000000000, 0.000000000000000000 ) ) ;
#3488 = CIRCLE ( 'NONE', #3359, 4.500000000000003553 ) ;
#3489 = ORIENTED_EDGE ( 'NONE', *, *, #3036, .T. ) ;
#3490 = AXIS2_PLACEMENT_3D ( 'NONE', #371, #1800, #3013 ) ;
#3491 = DIRECTION ( 'NONE',  ( -0.000000000000000000, -1.000000000000000000, -0.000000000000000000 ) ) ;
#3492 = ORIENTED_EDGE ( 'NONE', *, *, #3024, .F. ) ;
#3493 = PRODUCT_RELATED_PRODUCT_CATEGORY ( 'detail', '', ( #3537 ) ) ;
#3494 = CIRCLE ( 'NONE', #3684, 3.299999999999997158 ) ;
#3495 = ORIENTED_EDGE ( 'NONE', *, *, #73, .F. ) ;
#3496 = CARTESIAN_POINT ( 'NONE',  ( 0.000000000000000000, 0.000000000000000000, 0.000000000000000000 ) ) ;
#3497 = AXIS2_PLACEMENT_3D ( 'NONE', #2154, #58, #617 ) ;
#3498 = AXIS2_PLACEMENT_3D ( 'NONE', #2228, #2557, #483 ) ;
#3499 = LINE ( 'NONE', #2912, #3246 ) ;
#3500 =( NAMED_UNIT ( * ) SI_UNIT ( $, .STERADIAN. ) SOLID_ANGLE_UNIT ( ) );
#3501 = EDGE_CURVE ( 'NONE', #100, #435, #2017, .T. ) ;
#3502 = AXIS2_PLACEMENT_3D ( 'NONE', #2542, #3722, #3422 ) ;
#3503 = CONICAL_SURFACE ( 'NONE', #147, 223.0000000000000853, 0.7853981633974482790 ) ;
#3504 = ADVANCED_FACE ( 'NONE', ( #2337 ), #2649, .F. ) ;
#3505 = CARTESIAN_POINT ( 'NONE',  ( 0.000000000000000000, 10.00000000000000000, 0.000000000000000000 ) ) ;
#3506 = DIRECTION ( 'NONE',  ( -0.000000000000000000, 1.000000000000000000, -0.000000000000000000 ) ) ;
#3507 = CIRCLE ( 'NONE', #213, 3.299999999999997158 ) ;
#3508 = VECTOR ( 'NONE', #2817, 999.9999999999998863 ) ;
#3509 = CARTESIAN_POINT ( 'NONE',  ( -135.0000000000000568, 10.00000000000000000, 69.89999999999994884 ) ) ;
#3510 = AXIS2_PLACEMENT_3D ( 'NONE', #3483, #1187, #3245 ) ;
#3511 = ORIENTED_EDGE ( 'NONE', *, *, #1336, .F. ) ;
#3512 = DIRECTION ( 'NONE',  ( 0.000000000000000000, 1.000000000000000000, 0.000000000000000000 ) ) ;
#3513 = CARTESIAN_POINT ( 'NONE',  ( 27.50000000000000000, 10.00000000000000000, 0.000000000000000000 ) ) ;
#3514 = LINE ( 'NONE', #2686, #2263 ) ;
#3515 = EDGE_LOOP ( 'NONE', ( #1507, #2469, #3790, #1864 ) ) ;
#3516 = DIRECTION ( 'NONE',  ( 0.000000000000000000, 0.000000000000000000, 1.000000000000000000 ) ) ;
#3517 = CONICAL_SURFACE ( 'NONE', #2953, 8.649999999999998579, 0.7853981633974488341 ) ;
#3518 = VERTEX_POINT ( 'NONE', #242 ) ;
#3519 = CARTESIAN_POINT ( 'NONE',  ( -33.23401871576802336, 10.00000000000000000, 24.58401871576745279 ) ) ;
#3520 = ORIENTED_EDGE ( 'NONE', *, *, #3473, .F. ) ;
#3521 = DIRECTION ( 'NONE',  ( -0.000000000000000000, 1.000000000000000000, -0.000000000000000000 ) ) ;
#3522 = CALENDAR_DATE ( 2026, 24, 3 ) ;
#3523 = EDGE_CURVE ( 'NONE', #158, #3271, #3198, .T. ) ;
#3524 = CARTESIAN_POINT ( 'NONE',  ( 0.000000000000000000, 0.000000000000000000, 0.000000000000000000 ) ) ;
#3525 = LINE ( 'NONE', #223, #1198 ) ;
#3526 = FACE_OUTER_BOUND ( 'NONE', #3671, .T. ) ;
#3527 = EDGE_CURVE ( 'NONE', #850, #356, #530, .T. ) ;
#3528 = ORIENTED_EDGE ( 'NONE', *, *, #2713, .F. ) ;
#3529 = CARTESIAN_POINT ( 'NONE',  ( 33.23401871576779598, 5.850000000000004086, -28.73401871576768229 ) ) ;
#3530 = CARTESIAN_POINT ( 'NONE',  ( 46.99999999999999289, 10.00000000000000000, 1.640996229256272803E-13 ) ) ;
#3531 = LINE ( 'NONE', #3254, #837 ) ;
#3532 = ORIENTED_EDGE ( 'NONE', *, *, #3147, .T. ) ;
#3533 = LINE ( 'NONE', #2672, #2995 ) ;
#3534 = EDGE_LOOP ( 'NONE', ( #1116, #3565 ) ) ;
#3535 = CARTESIAN_POINT ( 'NONE',  ( 2.755455298081544620E-14, 2.000000000000001776, 225.0000000000000000 ) ) ;
#3536 = DIRECTION ( 'NONE',  ( -0.000000000000000000, 1.000000000000000000, -0.000000000000000000 ) ) ;
#3537 = PRODUCT ( 'fab_circular top', 'fab_circular top', '', ( #3780 ) ) ;
#3538 = DIRECTION ( 'NONE',  ( -0.000000000000000000, 1.000000000000000000, -0.000000000000000000 ) ) ;
#3539 = CARTESIAN_POINT ( 'NONE',  ( 95.87379739473514917, 10.00000000000000000, -116.2876914450248051 ) ) ;
#3540 = ORIENTED_EDGE ( 'NONE', *, *, #766, .T. ) ;
#3541 = DIRECTION ( 'NONE',  ( 0.000000000000000000, 0.000000000000000000, 1.000000000000000000 ) ) ;
#3542 = DIRECTION ( 'NONE',  ( 0.000000000000000000, 1.000000000000000000, 0.000000000000000000 ) ) ;
#3543 = DIRECTION ( 'NONE',  ( -0.000000000000000000, 1.000000000000000000, -0.000000000000000000 ) ) ;
#3544 = EDGE_CURVE ( 'NONE', #2083, #540, #3259, .T. ) ;
#3545 = ORIENTED_EDGE ( 'NONE', *, *, #3591, .F. ) ;
#3546 = DIRECTION ( 'NONE',  ( -0.000000000000000000, 1.000000000000000000, -0.000000000000000000 ) ) ;
#3547 = AXIS2_PLACEMENT_3D ( 'NONE', #1232, #2432, #3623 ) ;
#3548 = AXIS2_PLACEMENT_3D ( 'NONE', #2612, #879, #3470 ) ;
#3549 = ORIENTED_EDGE ( 'NONE', *, *, #3527, .F. ) ;
#3550 = DIRECTION ( 'NONE',  ( 0.000000000000000000, 0.000000000000000000, 1.000000000000000000 ) ) ;
#3551 = ORIENTED_EDGE ( 'NONE', *, *, #1669, .T. ) ;
#3552 = AXIS2_PLACEMENT_3D ( 'NONE', #714, #109, #2460 ) ;
#3553 = AXIS2_PLACEMENT_3D ( 'NONE', #1594, #2771, #2851 ) ;
#3554 = CIRCLE ( 'NONE', #1137, 8.649999999999998579 ) ;
#3555 = CARTESIAN_POINT ( 'NONE',  ( -116.3504395653500580, 0.000000000000000000, 99.12379739473679763 ) ) ;
#3556 = DIRECTION ( 'NONE',  ( -0.000000000000000000, 1.000000000000000000, -0.000000000000000000 ) ) ;
#3557 = CARTESIAN_POINT ( 'NONE',  ( -135.0000000000000568, 0.000000000000000000, 74.39999999999994884 ) ) ;
#3558 = VECTOR ( 'NONE', #1379, 1000.000000000000000 ) ;
#3559 = CIRCLE ( 'NONE', #1454, 3.250000000000002665 ) ;
#3560 = AXIS2_PLACEMENT_3D ( 'NONE', #3365, #923, #2776 ) ;
#3561 = VERTEX_POINT ( 'NONE', #2901 ) ;
#3562 = DIRECTION ( 'NONE',  ( 0.000000000000000000, 0.000000000000000000, 1.000000000000000000 ) ) ;
#3563 = AXIS2_PLACEMENT_3D ( 'NONE', #300, #3542, #567 ) ;
#3564 = FACE_OUTER_BOUND ( 'NONE', #55, .T. ) ;
#3565 = ORIENTED_EDGE ( 'NONE', *, *, #3361, .T. ) ;
#3566 = DIRECTION ( 'NONE',  ( -0.000000000000000000, 1.000000000000000000, -0.000000000000000000 ) ) ;
#3567 = AXIS2_PLACEMENT_3D ( 'NONE', #2708, #624, #64 ) ;
#3568 = ORIENTED_EDGE ( 'NONE', *, *, #1831, .T. ) ;
#3569 = EDGE_CURVE ( 'NONE', #152, #2463, #2890, .T. ) ;
#3570 = CARTESIAN_POINT ( 'NONE',  ( -134.9999999999999432, 10.00000000000000000, 134.9999999999999432 ) ) ;
#3571 = AXIS2_PLACEMENT_3D ( 'NONE', #825, #2005, #3783 ) ;
#3572 = EDGE_CURVE ( 'NONE', #1040, #1844, #2610, .T. ) ;
#3573 = ORIENTED_EDGE ( 'NONE', *, *, #3544, .F. ) ;
#3574 = CARTESIAN_POINT ( 'NONE',  ( -47.00000000000000000, 10.00000000000000000, -4.922988687768817400E-13 ) ) ;
#3575 = ORIENTED_EDGE ( 'NONE', *, *, #1008, .F. ) ;
#3576 = LINE ( 'NONE', #2003, #853 ) ;
#3577 = CARTESIAN_POINT ( 'NONE',  ( 0.000000000000000000, 10.00000000000000000, -47.00000000000000000 ) ) ;
#3578 = LINE ( 'NONE', #368, #1209 ) ;
#3579 = ORIENTED_EDGE ( 'NONE', *, *, #1543, .T. ) ;
#3580 = DIRECTION ( 'NONE',  ( -0.000000000000000000, 1.000000000000000000, -0.000000000000000000 ) ) ;
#3581 = CARTESIAN_POINT ( 'NONE',  ( -74.42024260179678663, 10.00000000000000000, -135.0000000000003126 ) ) ;
#3582 = VERTEX_POINT ( 'NONE', #1483 ) ;
#3583 = CARTESIAN_POINT ( 'NONE',  ( -33.23401871576733413, 10.00000000000000000, -33.23401871576813704 ) ) ;
#3584 = VERTEX_POINT ( 'NONE', #3509 ) ;
#3585 = CARTESIAN_POINT ( 'NONE',  ( -27.50000000000000000, 1.734723475976807094E-15, 0.000000000000000000 ) ) ;
#3586 = DIRECTION ( 'NONE',  ( 0.000000000000000000, 0.000000000000000000, 1.000000000000000000 ) ) ;
#3587 = ADVANCED_FACE ( 'NONE', ( #2368 ), #2640, .F. ) ;
#3588 = VERTEX_POINT ( 'NONE', #2916 ) ;
#3589 = DIRECTION ( 'NONE',  ( 0.000000000000000000, 1.000000000000000000, 0.000000000000000000 ) ) ;
#3590 = ORIENTED_EDGE ( 'NONE', *, *, #363, .T. ) ;
#3591 = EDGE_CURVE ( 'NONE', #1479, #356, #2079, .T. ) ;
#3592 = DIRECTION ( 'NONE',  ( 0.000000000000000000, 0.000000000000000000, 1.000000000000000000 ) ) ;
#3593 = DIRECTION ( 'NONE',  ( 0.000000000000000000, 0.000000000000000000, 1.000000000000000000 ) ) ;
#3594 = FACE_BOUND ( 'NONE', #1087, .T. ) ;
#3595 = EDGE_LOOP ( 'NONE', ( #3060, #991, #499, #2448 ) ) ;
#3596 = CARTESIAN_POINT ( 'NONE',  ( 27.50000000000000000, 10.00000000000000000, 3.299999999999997158 ) ) ;
#3597 = CARTESIAN_POINT ( 'NONE',  ( 98.08284835957783798, 0.000000000000000000, 23.29999999999978044 ) ) ;
#3598 = ORIENTED_EDGE ( 'NONE', *, *, #3114, .T. ) ;
#3599 = DIRECTION ( 'NONE',  ( -0.000000000000000000, 1.000000000000000000, -0.000000000000000000 ) ) ;
#3600 = ORIENTED_EDGE ( 'NONE', *, *, #3039, .F. ) ;
#3601 = DIRECTION ( 'NONE',  ( 0.000000000000000000, 0.000000000000000000, 1.000000000000000000 ) ) ;
#3602 = FACE_BOUND ( 'NONE', #1523, .T. ) ;
#3603 = ORIENTED_EDGE ( 'NONE', *, *, #1207, .F. ) ;
#3604 = ORIENTED_EDGE ( 'NONE', *, *, #363, .F. ) ;
#3605 = CIRCLE ( 'NONE', #2794, 4.500000000000003553 ) ;
#3606 = VECTOR ( 'NONE', #2081, 1000.000000000000000 ) ;
#3607 = EDGE_CURVE ( 'NONE', #3093, #650, #3322, .T. ) ;
#3608 = CARTESIAN_POINT ( 'NONE',  ( -116.3504395653500580, 0.000000000000000000, 92.62379739473679763 ) ) ;
#3609 = CARTESIAN_POINT ( 'NONE',  ( -47.00000000000000000, 5.850000000000004086, 4.499999999999504396 ) ) ;
#3610 = EDGE_CURVE ( 'NONE', #1169, #2361, #2949, .T. ) ;
#3611 = CIRCLE ( 'NONE', #137, 6.299999999999996270 ) ;
#3612 = AXIS2_PLACEMENT_3D ( 'NONE', #577, #292, #1463 ) ;
#3613 = ORIENTED_EDGE ( 'NONE', *, *, #800, .F. ) ;
#3614 = CARTESIAN_POINT ( 'NONE',  ( -116.3504395653500580, 10.00000000000000000, 95.87379739473679763 ) ) ;
#3615 = CARTESIAN_POINT ( 'NONE',  ( 134.9999999999999716, 0.000000000000000000, 78.89999999999996305 ) ) ;
#3616 = AXIS2_PLACEMENT_3D ( 'NONE', #3405, #1345, #2526 ) ;
#3617 = CIRCLE ( 'NONE', #3498, 3.299999999999997158 ) ;
#3618 = ORIENTED_EDGE ( 'NONE', *, *, #3607, .T. ) ;
#3619 = DIRECTION ( 'NONE',  ( 0.000000000000000000, 0.000000000000000000, 1.000000000000000000 ) ) ;
#3620 = AXIS2_PLACEMENT_3D ( 'NONE', #2844, #3472, #3119 ) ;
#3621 = CIRCLE ( 'NONE', #2502, 8.649999999999998579 ) ;
#3622 = ORIENTED_EDGE ( 'NONE', *, *, #2217, .F. ) ;
#3623 = DIRECTION ( 'NONE',  ( 0.000000000000000000, 0.000000000000000000, 1.000000000000000000 ) ) ;
#3624 = CARTESIAN_POINT ( 'NONE',  ( 98.08284835957783798, 10.00000000000000000, 23.29999999999978044 ) ) ;
#3625 = FACE_BOUND ( 'NONE', #1520, .T. ) ;
#3626 = AXIS2_PLACEMENT_3D ( 'NONE', #1119, #1354, #831 ) ;
#3627 = VECTOR ( 'NONE', #2426, 1000.000000000000114 ) ;
#3628 = EDGE_LOOP ( 'NONE', ( #1299, #234, #2438, #1799 ) ) ;
#3629 = CARTESIAN_POINT ( 'NONE',  ( -134.9999999999981242, 10.00000000000000000, -69.92024260179205442 ) ) ;
#3630 = EDGE_LOOP ( 'NONE', ( #2466, #809, #199, #2532 ) ) ;
#3631 = ORIENTED_EDGE ( 'NONE', *, *, #3798, .F. ) ;
#3632 = FACE_OUTER_BOUND ( 'NONE', #375, .T. ) ;
#3633 = FACE_BOUND ( 'NONE', #2681, .T. ) ;
#3634 = AXIS2_PLACEMENT_3D ( 'NONE', #3086, #2185, #3280 ) ;
#3635 = EDGE_CURVE ( 'NONE', #2581, #173, #845, .T. ) ;
#3636 = VERTEX_POINT ( 'NONE', #2987 ) ;
#3637 = DIRECTION ( 'NONE',  ( 1.000000000000000000, 0.000000000000000000, -4.270088556250598741E-15 ) ) ;
#3638 = DIRECTION ( 'NONE',  ( -0.000000000000000000, 1.000000000000000000, -0.000000000000000000 ) ) ;
#3639 = EDGE_CURVE ( 'NONE', #1852, #3162, #977, .T. ) ;
#3640 = ORIENTED_EDGE ( 'NONE', *, *, #1431, .T. ) ;
#3641 = DIRECTION ( 'NONE',  ( -0.000000000000000000, 1.000000000000000000, -0.000000000000000000 ) ) ;
#3642 = ORIENTED_EDGE ( 'NONE', *, *, #1030, .F. ) ;
#3643 = DIRECTION ( 'NONE',  ( -0.000000000000000000, 1.000000000000000000, -0.000000000000000000 ) ) ;
#3644 = EDGE_CURVE ( 'NONE', #3674, #2146, #3578, .T. ) ;
#3645 = FACE_BOUND ( 'NONE', #1352, .T. ) ;
#3646 = ORIENTED_EDGE ( 'NONE', *, *, #1446, .T. ) ;
#3647 = DIRECTION ( 'NONE',  ( 0.000000000000000000, 0.000000000000000000, 1.000000000000000000 ) ) ;
#3648 = ORIENTED_EDGE ( 'NONE', *, *, #943, .F. ) ;
#3649 = EDGE_LOOP ( 'NONE', ( #235, #342, #666, #306 ) ) ;
#3650 = DIRECTION ( 'NONE',  ( 0.000000000000000000, 0.000000000000000000, 1.000000000000000000 ) ) ;
#3651 = CARTESIAN_POINT ( 'NONE',  ( -116.3504395653500580, 10.00000000000000000, 95.87379739473679763 ) ) ;
#3652 = ORIENTED_EDGE ( 'NONE', *, *, #2499, .T. ) ;
#3653 = CYLINDRICAL_SURFACE ( 'NONE', #2313, 4.499999999999997335 ) ;
#3654 = ORIENTED_EDGE ( 'NONE', *, *, #433, .F. ) ;
#3655 = CARTESIAN_POINT ( 'NONE',  ( -33.23401871576733413, 0.000000000000000000, -28.73401871576814059 ) ) ;
#3656 = ORIENTED_EDGE ( 'NONE', *, *, #1218, .F. ) ;
#3657 = CYLINDRICAL_SURFACE ( 'NONE', #578, 4.499999999999997335 ) ;
#3658 = ADVANCED_FACE ( 'NONE', ( #76 ), #1821, .F. ) ;
#3659 = ORIENTED_EDGE ( 'NONE', *, *, #2384, .T. ) ;
#3660 = CARTESIAN_POINT ( 'NONE',  ( 135.0000000000018474, 0.000000000000000000, -74.42024260179205442 ) ) ;
#3661 = VERTEX_POINT ( 'NONE', #3609 ) ;
#3662 = EDGE_LOOP ( 'NONE', ( #565, #755 ) ) ;
#3663 = ADVANCED_FACE ( 'NONE', ( #1574 ), #3360, .F. ) ;
#3664 = FACE_OUTER_BOUND ( 'NONE', #92, .T. ) ;
#3665 = VECTOR ( 'NONE', #536, 1000.000000000000000 ) ;
#3666 = CARTESIAN_POINT ( 'NONE',  ( 7.715274834628325378E-16, 10.00000000000000000, -33.79999999999999716 ) ) ;
#3667 = AXIS2_PLACEMENT_3D ( 'NONE', #1066, #191, #3778 ) ;
#3668 = VERTEX_POINT ( 'NONE', #1537 ) ;
#3669 = EDGE_CURVE ( 'NONE', #2229, #2361, #918, .T. ) ;
#3670 = CARTESIAN_POINT ( 'NONE',  ( -134.9999999999999432, 10.00000000000000000, -135.0000000000000000 ) ) ;
#3671 = EDGE_LOOP ( 'NONE', ( #620, #3711, #63, #3253 ) ) ;
#3672 = CARTESIAN_POINT ( 'NONE',  ( 98.08284835957788061, 10.00000000000000000, -16.70000000000000995 ) ) ;
#3673 = CIRCLE ( 'NONE', #2680, 3.299999999999997158 ) ;
#3674 = VERTEX_POINT ( 'NONE', #42 ) ;
#3675 = DIRECTION ( 'NONE',  ( 0.000000000000000000, 0.000000000000000000, 1.000000000000000000 ) ) ;
#3676 = DIRECTION ( 'NONE',  ( 0.000000000000000000, 0.000000000000000000, 1.000000000000000000 ) ) ;
#3677 = DIRECTION ( 'NONE',  ( 0.000000000000000000, 0.000000000000000000, 1.000000000000000000 ) ) ;
#3678 = AXIS2_PLACEMENT_3D ( 'NONE', #1300, #1901, #3090 ) ;
#3679 = AXIS2_PLACEMENT_3D ( 'NONE', #478, #2224, #1663 ) ;
#3680 = ADVANCED_FACE ( 'NONE', ( #3324, #2447, #679, #1858, #3594, #96, #3633, #1553, #2155, #3301, #3282, #618, #59, #954, #387, #1498, #1797, #640, #329, #2406, #1284, #1518, #355, #2465, #2702, #1242, #2422, #2678, #2136, #20, #1840, #3130, #3423, #2772, #2233, #2788, #3107, #1068, #471, #1346, #1902 ), #1320, .T. ) ;
#3681 = VERTEX_POINT ( 'NONE', #1918 ) ;
#3682 = CARTESIAN_POINT ( 'NONE',  ( -74.42024260179678663, 10.00000000000000000, -139.5000000000003126 ) ) ;
#3683 = LINE ( 'NONE', #3354, #2002 ) ;
#3684 = AXIS2_PLACEMENT_3D ( 'NONE', #2468, #3638, #996 ) ;
#3685 = EDGE_LOOP ( 'NONE', ( #222, #3127, #3692, #70 ) ) ;
#3686 = ADVANCED_FACE ( 'NONE', ( #1633 ), #1940, .F. ) ;
#3687 = CIRCLE ( 'NONE', #1880, 4.500000000000003553 ) ;
#3688 = ORIENTED_EDGE ( 'NONE', *, *, #2071, .F. ) ;
#3689 = CARTESIAN_POINT ( 'NONE',  ( -33.23401871576733413, 10.00000000000000000, -24.58401871576813846 ) ) ;
#3690 = LOCAL_TIME ( 0, 44, 35.00000000000000000, #254 ) ;
#3691 = DIRECTION ( 'NONE',  ( 0.000000000000000000, 0.000000000000000000, 1.000000000000000000 ) ) ;
#3692 = ORIENTED_EDGE ( 'NONE', *, *, #1294, .T. ) ;
#3693 = CARTESIAN_POINT ( 'NONE',  ( 74.42024260179678663, 0.000000000000000000, -134.9999999999999716 ) ) ;
#3694 = ORIENTED_EDGE ( 'NONE', *, *, #2525, .F. ) ;
#3695 = CARTESIAN_POINT ( 'NONE',  ( 33.23401871576779598, 10.00000000000000000, -41.88401871576767377 ) ) ;
#3696 = VECTOR ( 'NONE', #2647, 1000.000000000000114 ) ;
#3697 = ORIENTED_EDGE ( 'NONE', *, *, #1172, .T. ) ;
#3698 = DIRECTION ( 'NONE',  ( -0.000000000000000000, 1.000000000000000000, -0.000000000000000000 ) ) ;
#3699 = CYLINDRICAL_SURFACE ( 'NONE', #703, 4.500000000000003553 ) ;
#3700 = DIRECTION ( 'NONE',  ( -0.000000000000000000, 1.000000000000000000, -0.000000000000000000 ) ) ;
#3701 = ORIENTED_EDGE ( 'NONE', *, *, #2990, .F. ) ;
#3702 = FACE_OUTER_BOUND ( 'NONE', #1089, .T. ) ;
#3703 = ORIENTED_EDGE ( 'NONE', *, *, #2948, .T. ) ;
#3704 = ORIENTED_EDGE ( 'NONE', *, *, #2499, .F. ) ;
#3705 = DIRECTION ( 'NONE',  ( 0.000000000000000000, 0.000000000000000000, 1.000000000000000000 ) ) ;
#3706 = DIRECTION ( 'NONE',  ( -0.000000000000000000, 1.000000000000000000, -0.000000000000000000 ) ) ;
#3707 = DIRECTION ( 'NONE',  ( -0.000000000000000000, 1.000000000000000000, -0.000000000000000000 ) ) ;
#3708 = ADVANCED_FACE ( 'NONE', ( #2504 ), #2835, .F. ) ;
#3709 = CARTESIAN_POINT ( 'NONE',  ( -27.50000000000000000, 10.00000000000000000, -6.299999999999999822 ) ) ;
#3710 = FACE_OUTER_BOUND ( 'NONE', #2807, .T. ) ;
#3711 = ORIENTED_EDGE ( 'NONE', *, *, #2353, .F. ) ;
#3712 = DIRECTION ( 'NONE',  ( -0.000000000000000000, 1.000000000000000000, -0.000000000000000000 ) ) ;
#3713 = ORIENTED_EDGE ( 'NONE', *, *, #3112, .F. ) ;
#3714 = DIRECTION ( 'NONE',  ( 0.000000000000000000, 0.000000000000000000, 1.000000000000000000 ) ) ;
#3715 = EDGE_CURVE ( 'NONE', #2220, #2066, #903, .T. ) ;
#3716 = DIRECTION ( 'NONE',  ( 0.000000000000000000, 0.000000000000000000, 1.000000000000000000 ) ) ;
#3717 = ORIENTED_EDGE ( 'NONE', *, *, #226, .T. ) ;
#3718 = DIRECTION ( 'NONE',  ( -0.000000000000000000, 1.000000000000000000, -0.000000000000000000 ) ) ;
#3719 = EDGE_LOOP ( 'NONE', ( #3748, #1192 ) ) ;
#3720 = ORIENTED_EDGE ( 'NONE', *, *, #1525, .T. ) ;
#3721 = CYLINDRICAL_SURFACE ( 'NONE', #449, 3.299999999999997158 ) ;
#3722 = DIRECTION ( 'NONE',  ( -0.000000000000000000, 1.000000000000000000, -0.000000000000000000 ) ) ;
#3723 = CARTESIAN_POINT ( 'NONE',  ( -27.50000000000000000, 1.734723475976807094E-15, 3.299999999999997158 ) ) ;
#3724 = EDGE_CURVE ( 'NONE', #1384, #258, #2278, .T. ) ;
#3725 = DIRECTION ( 'NONE',  ( 0.000000000000000000, 1.000000000000000000, 0.000000000000000000 ) ) ;
#3726 = CARTESIAN_POINT ( 'NONE',  ( -33.23401871576802336, 10.00000000000000000, 24.58401871576745279 ) ) ;
#3727 = ORIENTED_EDGE ( 'NONE', *, *, #3569, .T. ) ;
#3728 = CARTESIAN_POINT ( 'NONE',  ( 46.99999999999999289, 10.00000000000000000, 1.640996229256272803E-13 ) ) ;
#3729 = EDGE_CURVE ( 'NONE', #2698, #3834, #2388, .T. ) ;
#3730 = VECTOR ( 'NONE', #1370, 1000.000000000000000 ) ;
#3731 = ORIENTED_EDGE ( 'NONE', *, *, #1718, .T. ) ;
#3732 = DIRECTION ( 'NONE',  ( 0.000000000000000000, 1.000000000000000000, 0.000000000000000000 ) ) ;
#3733 = DIRECTION ( 'NONE',  ( 0.000000000000000000, 0.000000000000000000, 1.000000000000000000 ) ) ;
#3734 = AXIS2_PLACEMENT_3D ( 'NONE', #601, #3556, #2093 ) ;
#3735 = CIRCLE ( 'NONE', #830, 6.299999999999999822 ) ;
#3736 = VERTEX_POINT ( 'NONE', #786 ) ;
#3737 = EDGE_LOOP ( 'NONE', ( #1257, #1807, #1692, #209 ) ) ;
#3738 = CIRCLE ( 'NONE', #771, 3.250000000000002665 ) ;
#3739 = CIRCLE ( 'NONE', #1703, 4.499999999999997335 ) ;
#3740 = ORIENTED_EDGE ( 'NONE', *, *, #3237, .T. ) ;
#3741 = CIRCLE ( 'NONE', #3563, 3.250000000000002665 ) ;
#3742 = CARTESIAN_POINT ( 'NONE',  ( 0.000000000000000000, 10.00000000000000000, 0.000000000000000000 ) ) ;
#3743 = DIRECTION ( 'NONE',  ( 0.000000000000000000, 1.000000000000000000, 0.000000000000000000 ) ) ;
#3744 = DIRECTION ( 'NONE',  ( 0.000000000000000000, 0.000000000000000000, 1.000000000000000000 ) ) ;
#3745 = CIRCLE ( 'NONE', #1519, 3.299999999999997158 ) ;
#3746 = DIRECTION ( 'NONE',  ( 0.000000000000000000, 0.000000000000000000, 1.000000000000000000 ) ) ;
#3747 = CYLINDRICAL_SURFACE ( 'NONE', #1450, 4.500000000000003553 ) ;
#3748 = ORIENTED_EDGE ( 'NONE', *, *, #2305, .T. ) ;
#3749 = DIRECTION ( 'NONE',  ( -0.000000000000000000, 1.000000000000000000, -0.000000000000000000 ) ) ;
#3750 = EDGE_CURVE ( 'NONE', #2845, #2229, #1761, .T. ) ;
#3751 = AXIS2_PLACEMENT_3D ( 'NONE', #994, #1263, #3011 ) ;
#3752 = EDGE_CURVE ( 'NONE', #3736, #1585, #410, .T. ) ;
#3753 = ORIENTED_EDGE ( 'NONE', *, *, #594, .F. ) ;
#3754 = DIRECTION ( 'NONE',  ( -0.000000000000000000, 1.000000000000000000, -0.000000000000000000 ) ) ;
#3755 = DIRECTION ( 'NONE',  ( -0.000000000000000000, 1.000000000000000000, -0.000000000000000000 ) ) ;
#3756 = FACE_OUTER_BOUND ( 'NONE', #211, .T. ) ;
#3757 = EDGE_CURVE ( 'NONE', #907, #1565, #1959, .T. ) ;
#3758 = ORIENTED_EDGE ( 'NONE', *, *, #3237, .F. ) ;
#3759 = CARTESIAN_POINT ( 'NONE',  ( -63.08284835957631032, 10.00000000000000000, -19.99999999999986500 ) ) ;
#3760 = ORIENTED_EDGE ( 'NONE', *, *, #2357, .F. ) ;
#3761 = VERTEX_POINT ( 'NONE', #1656 ) ;
#3762 = CARTESIAN_POINT ( 'NONE',  ( 74.40000000000000568, 0.000000000000000000, 139.5000000000000000 ) ) ;
#3763 = CARTESIAN_POINT ( 'NONE',  ( -3.281992458512545606E-13, 10.00000000000000000, 47.00000000000000000 ) ) ;
#3764 = EDGE_CURVE ( 'NONE', #2513, #1269, #3070, .T. ) ;
#3765 = EDGE_LOOP ( 'NONE', ( #501, #2921 ) ) ;
#3766 = DIRECTION ( 'NONE',  ( -0.000000000000000000, 1.000000000000000000, -0.000000000000000000 ) ) ;
#3767 = DIRECTION ( 'NONE',  ( -0.000000000000000000, 1.000000000000000000, -0.000000000000000000 ) ) ;
#3768 = VERTEX_POINT ( 'NONE', #3723 ) ;
#3769 = CYLINDRICAL_SURFACE ( 'NONE', #130, 4.500000000000003553 ) ;
#3770 = DIRECTION ( 'NONE',  ( 0.000000000000000000, 0.000000000000000000, 1.000000000000000000 ) ) ;
#3771 = DIRECTION ( 'NONE',  ( 0.000000000000000000, 0.000000000000000000, -1.000000000000000000 ) ) ;
#3772 = ORIENTED_EDGE ( 'NONE', *, *, #2457, .T. ) ;
#3773 = EDGE_CURVE ( 'NONE', #1015, #382, #3152, .T. ) ;
#3774 = CYLINDRICAL_SURFACE ( 'NONE', #579, 4.500000000000003553 ) ;
#3775 = EDGE_LOOP ( 'NONE', ( #1980, #2235 ) ) ;
#3776 = EDGE_CURVE ( 'NONE', #3383, #100, #1301, .T. ) ;
#3777 = EDGE_LOOP ( 'NONE', ( #2574, #2165 ) ) ;
#3778 = DIRECTION ( 'NONE',  ( 0.000000000000000000, 0.000000000000000000, 1.000000000000000000 ) ) ;
#3779 = CARTESIAN_POINT ( 'NONE',  ( 1.059319481262460570E-15, 10.00000000000000000, -55.64999999999999858 ) ) ;
#3780 = MECHANICAL_CONTEXT ( 'NONE', #950, 'mechanical' ) ;
#3781 = CARTESIAN_POINT ( 'NONE',  ( -27.50000000000000000, 1.734723475976807094E-15, -3.299999999999997158 ) ) ;
#3782 = DIRECTION ( 'NONE',  ( 0.000000000000000000, 0.000000000000000000, 1.000000000000000000 ) ) ;
#3783 = DIRECTION ( 'NONE',  ( 0.000000000000000000, 0.000000000000000000, 1.000000000000000000 ) ) ;
#3784 = EDGE_CURVE ( 'NONE', #2106, #2146, #3745, .T. ) ;
#3785 = EDGE_LOOP ( 'NONE', ( #663, #3551, #1683, #3403 ) ) ;
#3786 = CARTESIAN_POINT ( 'NONE',  ( 116.3798940491453351, 10.00000000000000000, -95.78159479061517345 ) ) ;
#3787 = CARTESIAN_POINT ( 'NONE',  ( -134.9999999999981242, 0.000000000000000000, -78.92024260179206863 ) ) ;
#3788 = CYLINDRICAL_SURFACE ( 'NONE', #2132, 4.500000000000003553 ) ;
#3789 = CIRCLE ( 'NONE', #262, 3.299999999999997158 ) ;
#3790 = ORIENTED_EDGE ( 'NONE', *, *, #2644, .T. ) ;
#3791 = AXIS2_PLACEMENT_3D ( 'NONE', #3304, #646, #2408 ) ;
#3792 = CARTESIAN_POINT ( 'NONE',  ( -3.271399263699921054E-13, 10.00000000000000000, 38.35000000000000142 ) ) ;
#3793 = AXIS2_PLACEMENT_3D ( 'NONE', #3693, #761, #3135 ) ;
#3794 = AXIS2_PLACEMENT_3D ( 'NONE', #3293, #1480, #632 ) ;
#3795 = EDGE_CURVE ( 'NONE', #2106, #936, #2481, .T. ) ;
#3796 = ORIENTED_EDGE ( 'NONE', *, *, #964, .F. ) ;
#3797 = LINE ( 'NONE', #2346, #2624 ) ;
#3798 = EDGE_CURVE ( 'NONE', #2996, #503, #2194, .T. ) ;
#3799 = AXIS2_PLACEMENT_3D ( 'NONE', #19, #1282, #639 ) ;
#3800 = ORIENTED_EDGE ( 'NONE', *, *, #5, .F. ) ;
#3801 = DIRECTION ( 'NONE',  ( 0.000000000000000000, 0.000000000000000000, 1.000000000000000000 ) ) ;
#3802 = AXIS2_PLACEMENT_3D ( 'NONE', #2897, #927, #3801 ) ;
#3803 = ADVANCED_FACE ( 'NONE', ( #2052 ), #1171, .F. ) ;
#3804 = DIRECTION ( 'NONE',  ( 0.000000000000000000, 0.000000000000000000, 1.000000000000000000 ) ) ;
#3805 = CARTESIAN_POINT ( 'NONE',  ( 0.000000000000000000, 2.000000000000001776, -225.0000000000000000 ) ) ;
#3806 = VECTOR ( 'NONE', #824, 1000.000000000000114 ) ;
#3807 = DIRECTION ( 'NONE',  ( -0.000000000000000000, 1.000000000000000000, -0.000000000000000000 ) ) ;
#3808 = AXIS2_PLACEMENT_3D ( 'NONE', #807, #3427, #3096 ) ;
#3809 = ORIENTED_EDGE ( 'NONE', *, *, #1220, .T. ) ;
#3810 = DIRECTION ( 'NONE',  ( 0.000000000000000000, 0.000000000000000000, 1.000000000000000000 ) ) ;
#3811 = DIRECTION ( 'NONE',  ( 0.000000000000000000, 0.000000000000000000, 1.000000000000000000 ) ) ;
#3812 = DIRECTION ( 'NONE',  ( 0.000000000000000000, 0.000000000000000000, 1.000000000000000000 ) ) ;
#3813 = AXIS2_PLACEMENT_3D ( 'NONE', #804, #2814, #3691 ) ;
#3814 = CIRCLE ( 'NONE', #1712, 4.500000000000003553 ) ;
#3815 = EDGE_LOOP ( 'NONE', ( #3495, #1776, #1004, #1932 ) ) ;
#3816 = DIRECTION ( 'NONE',  ( 0.000000000000000000, 0.000000000000000000, 1.000000000000000000 ) ) ;
#3817 = MANIFOLD_SOLID_BREP ( 'CirPattern1', #2332 ) ;
#3818 = CIRCLE ( 'NONE', #2894, 6.299999999999999822 ) ;
#3819 = VERTEX_POINT ( 'NONE', #2875 ) ;
#3820 = EDGE_LOOP ( 'NONE', ( #872, #2567, #1306, #1659 ) ) ;
#3821 = CARTESIAN_POINT ( 'NONE',  ( 2.743208830090071421E-14, 0.000000000000000000, -223.0000000000000000 ) ) ;
#3822 = DIRECTION ( 'NONE',  ( -0.000000000000000000, 1.000000000000000000, -0.000000000000000000 ) ) ;
#3823 = DIRECTION ( 'NONE',  ( -0.000000000000000000, 1.000000000000000000, -0.000000000000000000 ) ) ;
#3824 = CARTESIAN_POINT ( 'NONE',  ( 116.3798940491453351, 0.000000000000000000, -95.78159479061517345 ) ) ;
#3825 = DIRECTION ( 'NONE',  ( 0.000000000000000000, 1.000000000000000000, -0.000000000000000000 ) ) ;
#3826 = EDGE_CURVE ( 'NONE', #472, #3469, #1154, .T. ) ;
#3827 = ORIENTED_EDGE ( 'NONE', *, *, #2541, .F. ) ;
#3828 = LINE ( 'NONE', #299, #1999 ) ;
#3829 = FACE_OUTER_BOUND ( 'NONE', #855, .T. ) ;
#3830 = DIRECTION ( 'NONE',  ( -0.000000000000000000, 1.000000000000000000, -0.000000000000000000 ) ) ;
#3831 = EDGE_LOOP ( 'NONE', ( #3222, #3357, #1281, #269 ) ) ;
#3832 = EDGE_CURVE ( 'NONE', #1167, #390, #591, .T. ) ;
#3833 = DIRECTION ( 'NONE',  ( 0.000000000000000000, 1.000000000000000000, 0.000000000000000000 ) ) ;
#3834 = VERTEX_POINT ( 'NONE', #527 ) ;
#3835 = EDGE_CURVE ( 'NONE', #973, #2458, #1823, .T. ) ;
ENDSEC;
END-ISO-10303-21;
