ISO-10303-21;
HEADER;
FILE_DESCRIPTION (( 'STEP AP203' ),
    '1' );
FILE_NAME ('weld_assem_circular plate.STEP',
    '2026-03-23T17:25:09',
    ( '' ),
    ( '' ),
    'SwSTEP 2.0',
    'SolidWorks 2025',
    '' );
FILE_SCHEMA (( 'CONFIG_CONTROL_DESIGN' ));
ENDSEC;

DATA;
#1 = ORIENTED_EDGE ( 'NONE', *, *, #592, .F. ) ;
#2 = DIRECTION ( 'NONE',  ( -0.000000000000000000, 1.000000000000000000, -0.000000000000000000 ) ) ;
#3 = ORIENTED_EDGE ( 'NONE', *, *, #3542, .T. ) ;
#4 = AXIS2_PLACEMENT_3D ( 'NONE', #1384, #2904, #4470 ) ;
#5 = ORIENTED_EDGE ( 'NONE', *, *, #2171, .T. ) ;
#6 = CIRCLE ( 'NONE', #3348, 3.299999999999997158 ) ;
#7 = DIRECTION ( 'NONE',  ( -0.000000000000000000, 1.000000000000000000, -0.000000000000000000 ) ) ;
#8 = DIRECTION ( 'NONE',  ( 0.000000000000000000, 0.000000000000000000, 1.000000000000000000 ) ) ;
#9 = DIRECTION ( 'NONE',  ( -0.000000000000000000, 1.000000000000000000, -0.000000000000000000 ) ) ;
#10 = DIRECTION ( 'NONE',  ( 8.659560562354937789E-17, 0.7071067811865470176, -0.7071067811865479058 ) ) ;
#11 = VECTOR ( 'NONE', #192, 1000.000000000000000 ) ;
#12 = EDGE_CURVE ( 'NONE', #1602, #1255, #1173, .T. ) ;
#13 = CALENDAR_DATE ( 2026, 24, 3 ) ;
#14 = DIRECTION ( 'NONE',  ( 0.000000000000000000, 0.000000000000000000, 1.000000000000000000 ) ) ;
#15 = LINE ( 'NONE', #3893, #3453 ) ;
#16 = ORIENTED_EDGE ( 'NONE', *, *, #2456, .T. ) ;
#17 = CARTESIAN_POINT ( 'NONE',  ( 116.3485199889830000, 0.000000000000000000, 92.65517145489961592 ) ) ;
#18 = ADVANCED_FACE ( 'NONE', ( #4953 ), #1458, .F. ) ;
#19 = ADVANCED_FACE ( 'NONE', ( #2374 ), #3937, .F. ) ;
#20 = DATE_AND_TIME ( #3539, #1529 ) ;
#21 = CARTESIAN_POINT ( 'NONE',  ( 37.50000000000137135, 10.00000000000000000, 83.88284835958098995 ) ) ;
#22 = AXIS2_PLACEMENT_3D ( 'NONE', #404, #2745, #481 ) ;
#23 = LINE ( 'NONE', #4857, #3822 ) ;
#24 = EDGE_LOOP ( 'NONE', ( #4940, #1846 ) ) ;
#25 = AXIS2_PLACEMENT_3D ( 'NONE', #2142, #4420, #945 ) ;
#26 = CARTESIAN_POINT ( 'NONE',  ( -33.23401871576802336, 10.00000000000000000, 33.23401871576744782 ) ) ;
#27 = CARTESIAN_POINT ( 'NONE',  ( 33.23401871576772493, 0.000000000000000000, -28.73401871576772848 ) ) ;
#28 = ORIENTED_EDGE ( 'NONE', *, *, #792, .F. ) ;
#29 = VERTEX_POINT ( 'NONE', #44 ) ;
#30 = AXIS2_PLACEMENT_3D ( 'NONE', #3713, #3689, #2182 ) ;
#31 = ORIENTED_EDGE ( 'NONE', *, *, #3774, .F. ) ;
#32 = LINE ( 'NONE', #3945, #737 ) ;
#33 = DIRECTION ( 'NONE',  ( -0.000000000000000000, 1.000000000000000000, -0.000000000000000000 ) ) ;
#34 = CARTESIAN_POINT ( 'NONE',  ( 33.23401871576756150, 0.000000000000000000, 33.23401871576790256 ) ) ;
#35 = VERTEX_POINT ( 'NONE', #435 ) ;
#36 = DIRECTION ( 'NONE',  ( 0.000000000000000000, 0.000000000000000000, 1.000000000000000000 ) ) ;
#37 = DATE_AND_TIME ( #2313, #3652 ) ;
#38 = DIRECTION ( 'NONE',  ( -0.000000000000000000, 1.000000000000000000, -0.000000000000000000 ) ) ;
#39 = CYLINDRICAL_SURFACE ( 'NONE', #1753, 4.499999999999997335 ) ;
#40 = EDGE_LOOP ( 'NONE', ( #1695, #3562, #166, #3083 ) ) ;
#41 = DIRECTION ( 'NONE',  ( -0.000000000000000000, 1.000000000000000000, -0.000000000000000000 ) ) ;
#42 = FACE_BOUND ( 'NONE', #4405, .T. ) ;
#43 = DIRECTION ( 'NONE',  ( 0.000000000000000000, 1.000000000000000000, -0.000000000000000000 ) ) ;
#44 = CARTESIAN_POINT ( 'NONE',  ( -116.3190655051870550, 10.00000000000000000, -99.06296885077716752 ) ) ;
#45 = VERTEX_POINT ( 'NONE', #65 ) ;
#46 = CARTESIAN_POINT ( 'NONE',  ( 37.49999999999987921, 10.00000000000000000, -80.58284835957724113 ) ) ;
#47 = ORIENTED_EDGE ( 'NONE', *, *, #1976, .T. ) ;
#48 = VERTEX_POINT ( 'NONE', #3618 ) ;
#49 = ADVANCED_FACE ( 'NONE', ( #459 ), #1999, .F. ) ;
#50 = CARTESIAN_POINT ( 'NONE',  ( -135.0000000000000568, 0.000000000000000000, 74.39999999999994884 ) ) ;
#51 = CARTESIAN_POINT ( 'NONE',  ( 0.000000000000000000, 10.00000000000000000, -27.50000000000000000 ) ) ;
#52 = ORIENTED_EDGE ( 'NONE', *, *, #1805, .T. ) ;
#53 = EDGE_CURVE ( 'NONE', #568, #2685, #3983, .T. ) ;
#54 = CARTESIAN_POINT ( 'NONE',  ( -74.39999999999994884, 10.00000000000000000, 139.4999999999997158 ) ) ;
#55 = ORIENTED_EDGE ( 'NONE', *, *, #3629, .T. ) ;
#56 = ADVANCED_FACE ( 'NONE', ( #4799 ), #4038, .F. ) ;
#57 = VECTOR ( 'NONE', #2058, 1000.000000000000000 ) ;
#58 = CARTESIAN_POINT ( 'NONE',  ( 37.49999999999987921, 10.00000000000000000, -80.58284835957724113 ) ) ;
#59 = DIRECTION ( 'NONE',  ( 0.000000000000000000, 0.000000000000000000, 1.000000000000000000 ) ) ;
#60 = ORIENTED_EDGE ( 'NONE', *, *, #1265, .T. ) ;
#61 = CARTESIAN_POINT ( 'NONE',  ( 33.23401871576756150, 10.00000000000000000, 33.23401871576790256 ) ) ;
#62 = CIRCLE ( 'NONE', #2031, 4.500000000000003553 ) ;
#63 = PERSON_AND_ORGANIZATION ( #431, #3410 ) ;
#64 = CARTESIAN_POINT ( 'NONE',  ( 0.000000000000000000, 7.000000000000000000, 30.79999999999999716 ) ) ;
#65 = CARTESIAN_POINT ( 'NONE',  ( 95.87379739473514917, 10.00000000000000000, -113.0376914450248051 ) ) ;
#66 = ORIENTED_EDGE ( 'NONE', *, *, #12, .F. ) ;
#67 = EDGE_CURVE ( 'NONE', #2768, #2907, #2928, .T. ) ;
#68 = AXIS2_PLACEMENT_3D ( 'NONE', #4369, #865, #4315 ) ;
#69 = AXIS2_PLACEMENT_3D ( 'NONE', #241, #4592, #3355 ) ;
#70 = CYLINDRICAL_SURFACE ( 'NONE', #184, 4.499999999999997335 ) ;
#71 = ORIENTED_EDGE ( 'NONE', *, *, #2658, .F. ) ;
#72 = AXIS2_PLACEMENT_3D ( 'NONE', #508, #3228, #3958 ) ;
#73 = VERTEX_POINT ( 'NONE', #812 ) ;
#74 = EDGE_LOOP ( 'NONE', ( #2984, #355 ) ) ;
#75 = DIRECTION ( 'NONE',  ( -0.000000000000000000, 1.000000000000000000, -0.000000000000000000 ) ) ;
#76 = VECTOR ( 'NONE', #7, 1000.000000000000000 ) ;
#77 = AXIS2_PLACEMENT_3D ( 'NONE', #3668, #2955, #4524 ) ;
#78 = DIRECTION ( 'NONE',  ( -0.000000000000000000, 1.000000000000000000, -0.000000000000000000 ) ) ;
#79 = EDGE_LOOP ( 'NONE', ( #4364, #361, #3495, #3451 ) ) ;
#80 = APPROVAL ( #293, 'UNKNOWN' ) ;
#81 = CARTESIAN_POINT ( 'NONE',  ( 5.510910596163091528E-16, 5.850000000000004086, -51.50000000000000000 ) ) ;
#82 = AXIS2_PLACEMENT_3D ( 'NONE', #3792, #2621, #1039 ) ;
#83 = DIRECTION ( 'NONE',  ( 0.000000000000000000, 0.000000000000000000, -1.000000000000000000 ) ) ;
#84 = DIRECTION ( 'NONE',  ( 0.000000000000000000, 0.000000000000000000, 1.000000000000000000 ) ) ;
#85 = ORIENTED_EDGE ( 'NONE', *, *, #2716, .T. ) ;
#86 = CONICAL_SURFACE ( 'NONE', #1480, 225.0000000000000000, 0.7853981633974482790 ) ;
#87 = DIRECTION ( 'NONE',  ( -0.000000000000000000, 1.000000000000000000, -0.000000000000000000 ) ) ;
#88 = VECTOR ( 'NONE', #2838, 1000.000000000000000 ) ;
#89 = CARTESIAN_POINT ( 'NONE',  ( -95.81296885077719594, 0.000000000000000000, -116.3190655051871403 ) ) ;
#90 = DATE_AND_TIME ( #2089, #5035 ) ;
#91 = DIRECTION ( 'NONE',  ( 0.000000000000000000, 0.000000000000000000, 1.000000000000000000 ) ) ;
#92 = CARTESIAN_POINT ( 'NONE',  ( 0.000000000000000000, 0.000000000000000000, 223.0000000000000000 ) ) ;
#93 = DIRECTION ( 'NONE',  ( -0.000000000000000000, 1.000000000000000000, -0.000000000000000000 ) ) ;
#94 = AXIS2_PLACEMENT_3D ( 'NONE', #1924, #1484, #3470 ) ;
#95 = EDGE_LOOP ( 'NONE', ( #1160, #3590, #2498, #861 ) ) ;
#96 = VECTOR ( 'NONE', #4285, 1000.000000000000000 ) ;
#97 = VERTEX_POINT ( 'NONE', #2017 ) ;
#98 = CARTESIAN_POINT ( 'NONE',  ( 95.84242333457314089, 10.00000000000000000, 116.4112681093095887 ) ) ;
#99 = ORIENTED_EDGE ( 'NONE', *, *, #3758, .T. ) ;
#100 = EDGE_LOOP ( 'NONE', ( #3109, #4703, #822, #4732 ) ) ;
#101 = EDGE_CURVE ( 'NONE', #1438, #2587, #4727, .T. ) ;
#102 = AXIS2_PLACEMENT_3D ( 'NONE', #5040, #4546, #4154 ) ;
#103 = ORIENTED_EDGE ( 'NONE', *, *, #4748, .T. ) ;
#104 = CARTESIAN_POINT ( 'NONE',  ( 27.50000000000000000, 1.102182119232617788E-16, -2.499999999999998668 ) ) ;
#105 = AXIS2_PLACEMENT_3D ( 'NONE', #2013, #2767, #2364 ) ;
#106 = DIRECTION ( 'NONE',  ( 0.000000000000000000, 0.000000000000000000, 1.000000000000000000 ) ) ;
#107 = ORIENTED_EDGE ( 'NONE', *, *, #2988, .T. ) ;
#108 = CARTESIAN_POINT ( 'NONE',  ( -47.00000000000000000, 10.00000000000000000, -8.650000000000490630 ) ) ;
#109 = EDGE_LOOP ( 'NONE', ( #2753, #896, #3605, #2126 ) ) ;
#110 = CARTESIAN_POINT ( 'NONE',  ( 0.000000000000000000, 7.000000000000000000, -24.20000000000000284 ) ) ;
#111 = CARTESIAN_POINT ( 'NONE',  ( -74.42024260179678663, 0.000000000000000000, -139.5000000000003126 ) ) ;
#112 = DIRECTION ( 'NONE',  ( 8.659560562354937789E-17, 0.7071067811865470176, -0.7071067811865479058 ) ) ;
#113 = CARTESIAN_POINT ( 'NONE',  ( -134.9999999999981242, 0.000000000000000000, -69.92024260179205442 ) ) ;
#114 = ADVANCED_FACE ( 'NONE', ( #4392 ), #2774, .F. ) ;
#115 = CARTESIAN_POINT ( 'NONE',  ( -33.23401871576733413, 10.00000000000000000, -33.23401871576813704 ) ) ;
#116 = APPROVAL_STATUS ( 'not_yet_approved' ) ;
#117 = FACE_BOUND ( 'NONE', #1982, .T. ) ;
#118 = CC_DESIGN_PERSON_AND_ORGANIZATION_ASSIGNMENT ( #3897, #4678, ( #228 ) ) ;
#119 = DIRECTION ( 'NONE',  ( -0.000000000000000000, -1.000000000000000000, -0.000000000000000000 ) ) ;
#120 = CARTESIAN_POINT ( 'NONE',  ( -2.499999999998570921, 10.00000000000000000, 80.58284835958100700 ) ) ;
#121 = ORIENTED_EDGE ( 'NONE', *, *, #2053, .T. ) ;
#122 = FACE_OUTER_BOUND ( 'NONE', #3736, .T. ) ;
#123 = ORIENTED_EDGE ( 'NONE', *, *, #1096, .F. ) ;
#124 = DIRECTION ( 'NONE',  ( -0.000000000000000000, 1.000000000000000000, -0.000000000000000000 ) ) ;
#125 = ADVANCED_FACE ( 'NONE', ( #3236 ), #845, .F. ) ;
#126 = ORIENTED_EDGE ( 'NONE', *, *, #748, .T. ) ;
#127 = ORIENTED_EDGE ( 'NONE', *, *, #2554, .T. ) ;
#128 = VERTEX_POINT ( 'NONE', #1251 ) ;
#129 = EDGE_CURVE ( 'NONE', #4014, #4169, #2746, .T. ) ;
#130 = CARTESIAN_POINT ( 'NONE',  ( 95.84242333457314089, 0.000000000000000000, 113.1612681093095887 ) ) ;
#131 = DIRECTION ( 'NONE',  ( -0.000000000000000000, 1.000000000000000000, -0.000000000000000000 ) ) ;
#132 = ORIENTED_EDGE ( 'NONE', *, *, #144, .F. ) ;
#133 = DIRECTION ( 'NONE',  ( -0.000000000000000000, 1.000000000000000000, -0.000000000000000000 ) ) ;
#134 = CARTESIAN_POINT ( 'NONE',  ( -27.50000000000000000, 10.00000000000000000, 0.000000000000000000 ) ) ;
#135 = DIRECTION ( 'NONE',  ( 0.000000000000000000, 0.000000000000000000, 1.000000000000000000 ) ) ;
#136 = APPLICATION_CONTEXT ( 'configuration controlled 3d designs of mechanical parts and assemblies' ) ;
#137 = CARTESIAN_POINT ( 'NONE',  ( -135.0000000000000568, 10.00000000000000000, 74.39999999999994884 ) ) ;
#138 = ORIENTED_EDGE ( 'NONE', *, *, #5023, .F. ) ;
#139 = AXIS2_PLACEMENT_3D ( 'NONE', #4872, #2547, #2845 ) ;
#140 = CARTESIAN_POINT ( 'NONE',  ( -116.3190655051870550, 0.000000000000000000, -95.81296885077716752 ) ) ;
#141 = EDGE_CURVE ( 'NONE', #2170, #2366, #2038, .T. ) ;
#142 = CARTESIAN_POINT ( 'NONE',  ( -63.08284835957622505, 10.00000000000000000, 19.99999999999991118 ) ) ;
#143 = DATE_AND_TIME ( #2922, #721 ) ;
#144 = EDGE_CURVE ( 'NONE', #3623, #3324, #4158, .T. ) ;
#145 = DIRECTION ( 'NONE',  ( -0.000000000000000000, 1.000000000000000000, -0.000000000000000000 ) ) ;
#146 = CARTESIAN_POINT ( 'NONE',  ( 0.000000000000000000, 10.00000000000000000, -38.35000000000000142 ) ) ;
#147 = FACE_BOUND ( 'NONE', #4581, .T. ) ;
#148 = EDGE_CURVE ( 'NONE', #2690, #3380, #980, .T. ) ;
#149 = ADVANCED_FACE ( 'NONE', ( #515 ), #2852, .F. ) ;
#150 = CARTESIAN_POINT ( 'NONE',  ( 95.87379739473514917, 0.000000000000000000, -113.0376914450248051 ) ) ;
#151 = LINE ( 'NONE', #2195, #1492 ) ;
#152 = EDGE_LOOP ( 'NONE', ( #4237, #1725, #3275, #4477 ) ) ;
#153 = ORIENTED_EDGE ( 'NONE', *, *, #4200, .T. ) ;
#154 = ORIENTED_EDGE ( 'NONE', *, *, #2104, .T. ) ;
#155 = EDGE_CURVE ( 'NONE', #3610, #1445, #23, .T. ) ;
#156 = FACE_BOUND ( 'NONE', #3187, .T. ) ;
#157 = DIRECTION ( 'NONE',  ( 0.000000000000000000, 0.000000000000000000, 1.000000000000000000 ) ) ;
#158 = EDGE_LOOP ( 'NONE', ( #570, #307, #4583, #4414 ) ) ;
#159 = CARTESIAN_POINT ( 'NONE',  ( -116.3504395653500580, 0.000000000000000000, 95.87379739473679763 ) ) ;
#160 = CIRCLE ( 'NONE', #1075, 4.499999999999997335 ) ;
#161 = CARTESIAN_POINT ( 'NONE',  ( -95.81296885077719594, 10.00000000000000000, -113.0690655051871403 ) ) ;
#162 = CIRCLE ( 'NONE', #3342, 4.499999999999997335 ) ;
#163 = DIRECTION ( 'NONE',  ( 0.000000000000000000, 0.000000000000000000, 1.000000000000000000 ) ) ;
#164 = CARTESIAN_POINT ( 'NONE',  ( -33.23401871576773914, 0.000000000000000000, 37.73401871576772493 ) ) ;
#165 = CARTESIAN_POINT ( 'NONE',  ( -116.3504395653500580, 0.000000000000000000, 95.87379739473679763 ) ) ;
#166 = ORIENTED_EDGE ( 'NONE', *, *, #1756, .T. ) ;
#167 = AXIS2_PLACEMENT_3D ( 'NONE', #1466, #4879, #3642 ) ;
#168 = CARTESIAN_POINT ( 'NONE',  ( 33.23401871576756150, 10.00000000000000000, 37.73401871576789546 ) ) ;
#169 = DIRECTION ( 'NONE',  ( 0.000000000000000000, 0.000000000000000000, 1.000000000000000000 ) ) ;
#170 = CIRCLE ( 'NONE', #909, 3.299999999999997158 ) ;
#171 = CALENDAR_DATE ( 2026, 24, 3 ) ;
#172 = CARTESIAN_POINT ( 'NONE',  ( 46.99999999999999289, 10.00000000000000000, 1.640996229256272803E-13 ) ) ;
#173 = CARTESIAN_POINT ( 'NONE',  ( 0.000000000000000000, 0.000000000000000000, 27.50000000000000000 ) ) ;
#174 = FACE_OUTER_BOUND ( 'NONE', #644, .T. ) ;
#175 = EDGE_CURVE ( 'NONE', #2249, #2905, #1003, .T. ) ;
#176 = VECTOR ( 'NONE', #2281, 999.9999999999998863 ) ;
#177 = DIRECTION ( 'NONE',  ( -0.000000000000000000, 1.000000000000000000, -0.000000000000000000 ) ) ;
#178 = ORIENTED_EDGE ( 'NONE', *, *, #1211, .T. ) ;
#179 = DIRECTION ( 'NONE',  ( 8.659560562354931626E-17, 0.7071067811865476838, -0.7071067811865474617 ) ) ;
#180 = EDGE_LOOP ( 'NONE', ( #3051, #2827 ) ) ;
#181 = AXIS2_PLACEMENT_3D ( 'NONE', #313, #33, #3498 ) ;
#182 = VERTEX_POINT ( 'NONE', #1042 ) ;
#183 = ORIENTED_EDGE ( 'NONE', *, *, #2988, .F. ) ;
#184 = AXIS2_PLACEMENT_3D ( 'NONE', #1199, #3592, #1307 ) ;
#185 = EDGE_LOOP ( 'NONE', ( #2583, #1079, #2303, #2636 ) ) ;
#186 = LINE ( 'NONE', #1697, #2123 ) ;
#187 = ORIENTED_EDGE ( 'NONE', *, *, #3017, .F. ) ;
#188 = AXIS2_PLACEMENT_3D ( 'NONE', #4679, #2670, #4235 ) ;
#189 = DIRECTION ( 'NONE',  ( 0.000000000000000000, 0.000000000000000000, 1.000000000000000000 ) ) ;
#190 = CIRCLE ( 'NONE', #3452, 3.299999999999997158 ) ;
#191 = CARTESIAN_POINT ( 'NONE',  ( 4.041334437186264524E-16, 1.734723475976807094E-15, 24.20000000000000284 ) ) ;
#192 = DIRECTION ( 'NONE',  ( -0.000000000000000000, 1.000000000000000000, -0.000000000000000000 ) ) ;
#193 = CYLINDRICAL_SURFACE ( 'NONE', #2882, 3.250000000000002665 ) ;
#194 = EDGE_LOOP ( 'NONE', ( #3196, #4377, #2580, #2537 ) ) ;
#195 = VECTOR ( 'NONE', #2814, 1000.000000000000000 ) ;
#196 = CARTESIAN_POINT ( 'NONE',  ( -74.42024260179678663, 0.000000000000000000, -135.0000000000003126 ) ) ;
#197 = PERSON_AND_ORGANIZATION_ROLE ( 'design_owner' ) ;
#198 = CARTESIAN_POINT ( 'NONE',  ( 37.49999999999987921, 10.00000000000000000, -80.58284835957724113 ) ) ;
#199 = CARTESIAN_POINT ( 'NONE',  ( -63.08284835957622505, 10.00000000000000000, 19.99999999999991118 ) ) ;
#200 = FACE_BOUND ( 'NONE', #2316, .T. ) ;
#201 = DIRECTION ( 'NONE',  ( -0.000000000000000000, 1.000000000000000000, -0.000000000000000000 ) ) ;
#202 = DIRECTION ( 'NONE',  ( -0.000000000000000000, 1.000000000000000000, -0.000000000000000000 ) ) ;
#203 = ORIENTED_EDGE ( 'NONE', *, *, #625, .T. ) ;
#204 = EDGE_CURVE ( 'NONE', #3683, #3568, #2278, .T. ) ;
#205 = ORIENTED_EDGE ( 'NONE', *, *, #4208, .T. ) ;
#206 = ORIENTED_EDGE ( 'NONE', *, *, #4144, .T. ) ;
#207 = ORIENTED_EDGE ( 'NONE', *, *, #4613, .T. ) ;
#208 = ADVANCED_FACE ( 'NONE', ( #4877 ), #590, .F. ) ;
#209 = FACE_OUTER_BOUND ( 'NONE', #4309, .T. ) ;
#210 = EDGE_LOOP ( 'NONE', ( #2482, #3053, #99, #477 ) ) ;
#211 = CARTESIAN_POINT ( 'NONE',  ( -74.39999999999994884, 0.000000000000000000, 139.4999999999997158 ) ) ;
#212 = DIRECTION ( 'NONE',  ( 0.000000000000000000, 1.000000000000000000, 0.000000000000000000 ) ) ;
#213 = CARTESIAN_POINT ( 'NONE',  ( 0.000000000000000000, 10.00000000000000000, 0.000000000000000000 ) ) ;
#214 = ADVANCED_FACE ( 'NONE', ( #4525 ), #1433, .F. ) ;
#215 = DIRECTION ( 'NONE',  ( 0.000000000000000000, 0.000000000000000000, 1.000000000000000000 ) ) ;
#216 = AXIS2_PLACEMENT_3D ( 'NONE', #4695, #798, #4381 ) ;
#217 = COORDINATED_UNIVERSAL_TIME_OFFSET ( 8, 0, .AHEAD. ) ;
#218 = DIRECTION ( 'NONE',  ( -0.000000000000000000, 1.000000000000000000, -0.000000000000000000 ) ) ;
#219 = CARTESIAN_POINT ( 'NONE',  ( 98.08284835957788061, 10.00000000000000000, -20.00000000000000711 ) ) ;
#220 = CARTESIAN_POINT ( 'NONE',  ( -47.00000000000000000, 0.000000000000000000, 4.499999999999504396 ) ) ;
#221 = AXIS2_PLACEMENT_3D ( 'NONE', #4358, #2358, #4713 ) ;
#222 = EDGE_LOOP ( 'NONE', ( #1922, #3441, #506, #650 ) ) ;
#223 = CARTESIAN_POINT ( 'NONE',  ( 27.50000000000000000, 10.00000000000000000, -6.299999999999996270 ) ) ;
#224 = EDGE_LOOP ( 'NONE', ( #4395, #2630, #4316, #1705 ) ) ;
#225 = AXIS2_PLACEMENT_3D ( 'NONE', #2894, #957, #189 ) ;
#226 = VERTEX_POINT ( 'NONE', #220 ) ;
#227 = ORIENTED_EDGE ( 'NONE', *, *, #2639, .T. ) ;
#228 = PRODUCT ( 'fab_circular bottom', 'fab_circular bottom', '', ( #4312 ) ) ;
#229 = ORIENTED_EDGE ( 'NONE', *, *, #1365, .T. ) ;
#230 = AXIS2_PLACEMENT_3D ( 'NONE', #2692, #1891, #4182 ) ;
#231 = CARTESIAN_POINT ( 'NONE',  ( -1.387778780781445676E-14, 0.000000000000000000, 47.00000000000000000 ) ) ;
#232 = ORIENTED_EDGE ( 'NONE', *, *, #3698, .T. ) ;
#233 = APPROVAL_PERSON_ORGANIZATION ( #2414, #4015, #3140 ) ;
#234 = AXIS2_PLACEMENT_3D ( 'NONE', #3318, #2166, #4060 ) ;
#235 = EDGE_CURVE ( 'NONE', #4807, #4098, #3996, .T. ) ;
#236 = VECTOR ( 'NONE', #3049, 1000.000000000000000 ) ;
#237 = ADVANCED_FACE ( 'NONE', ( #2117 ), #2903, .F. ) ;
#238 = FACE_OUTER_BOUND ( 'NONE', #4410, .T. ) ;
#239 = DIRECTION ( 'NONE',  ( 0.000000000000000000, 0.000000000000000000, 1.000000000000000000 ) ) ;
#240 = AXIS2_PLACEMENT_3D ( 'NONE', #4637, #1113, #4176 ) ;
#241 = CARTESIAN_POINT ( 'NONE',  ( 116.3798940491453351, 0.000000000000000000, -95.78159479061517345 ) ) ;
#242 = CC_DESIGN_PERSON_AND_ORGANIZATION_ASSIGNMENT ( #4826, #4035, ( #638 ) ) ;
#243 = ORIENTED_EDGE ( 'NONE', *, *, #4113, .F. ) ;
#244 = AXIS2_PLACEMENT_3D ( 'NONE', #384, #4421, #3235 ) ;
#245 = DIRECTION ( 'NONE',  ( 0.000000000000000000, 0.000000000000000000, 1.000000000000000000 ) ) ;
#246 = DIRECTION ( 'NONE',  ( 0.000000000000000000, 0.000000000000000000, 1.000000000000000000 ) ) ;
#247 = CYLINDRICAL_SURFACE ( 'NONE', #847, 3.299999999999997158 ) ;
#248 = CONICAL_SURFACE ( 'NONE', #2371, 6.299999999999996270, 0.7853981633974481680 ) ;
#249 = DIRECTION ( 'NONE',  ( 0.000000000000000000, 1.000000000000000000, 0.000000000000000000 ) ) ;
#250 = CARTESIAN_POINT ( 'NONE',  ( -1.387778780781445676E-14, -15.00000000000000000, 47.00000000000000000 ) ) ;
#251 = CIRCLE ( 'NONE', #3679, 4.500000000000003553 ) ;
#252 = FACE_BOUND ( 'NONE', #24, .T. ) ;
#253 = ORIENTED_EDGE ( 'NONE', *, *, #1871, .T. ) ;
#254 = LINE ( 'NONE', #1747, #3521 ) ;
#255 = VERTEX_POINT ( 'NONE', #2881 ) ;
#256 = ORIENTED_EDGE ( 'NONE', *, *, #597, .F. ) ;
#257 = AXIS2_PLACEMENT_3D ( 'NONE', #1399, #287, #4123 ) ;
#258 = AXIS2_PLACEMENT_3D ( 'NONE', #878, #552, #2432 ) ;
#259 = CARTESIAN_POINT ( 'NONE',  ( -134.9999999999999432, 0.000000000000000000, 130.4999999999999432 ) ) ;
#260 = ORIENTED_EDGE ( 'NONE', *, *, #2613, .T. ) ;
#261 = DIRECTION ( 'NONE',  ( 0.000000000000000000, 0.000000000000000000, 1.000000000000000000 ) ) ;
#262 = VERTEX_POINT ( 'NONE', #4112 ) ;
#263 = VECTOR ( 'NONE', #4629, 1000.000000000000000 ) ;
#264 = DIRECTION ( 'NONE',  ( 0.000000000000000000, 0.000000000000000000, 1.000000000000000000 ) ) ;
#265 = CIRCLE ( 'NONE', #517, 8.649999999999998579 ) ;
#266 = CARTESIAN_POINT ( 'NONE',  ( -33.23401871576802336, 0.000000000000000000, 37.73401871576744782 ) ) ;
#267 = VERTEX_POINT ( 'NONE', #2167 ) ;
#268 = ORIENTED_EDGE ( 'NONE', *, *, #3885, .F. ) ;
#269 = AXIS2_PLACEMENT_3D ( 'NONE', #686, #2689, #2217 ) ;
#270 = DIRECTION ( 'NONE',  ( 0.000000000000000000, 0.000000000000000000, 1.000000000000000000 ) ) ;
#271 = CARTESIAN_POINT ( 'NONE',  ( 46.99999999999999289, -15.00000000000000000, -4.499999999999990230 ) ) ;
#272 = DATE_AND_TIME ( #2623, #3648 ) ;
#273 = DIRECTION ( 'NONE',  ( 0.000000000000000000, 0.000000000000000000, 1.000000000000000000 ) ) ;
#274 = AXIS2_PLACEMENT_3D ( 'NONE', #834, #2394, #215 ) ;
#275 = DIRECTION ( 'NONE',  ( 0.000000000000000000, 1.000000000000000000, 0.000000000000000000 ) ) ;
#276 = CYLINDRICAL_SURFACE ( 'NONE', #1310, 4.500000000000003553 ) ;
#277 = ORIENTED_EDGE ( 'NONE', *, *, #1455, .F. ) ;
#278 = DIRECTION ( 'NONE',  ( 0.000000000000000000, 0.000000000000000000, 1.000000000000000000 ) ) ;
#279 = EDGE_LOOP ( 'NONE', ( #814, #1590, #4543, #1389 ) ) ;
#280 = EDGE_LOOP ( 'NONE', ( #3077, #2307, #2267, #3864 ) ) ;
#281 = EDGE_LOOP ( 'NONE', ( #3105, #3906, #1208, #950 ) ) ;
#282 = DIRECTION ( 'NONE',  ( 0.000000000000000000, 0.000000000000000000, 1.000000000000000000 ) ) ;
#283 = EDGE_LOOP ( 'NONE', ( #2606, #1103, #1508, #2390 ) ) ;
#284 = DIRECTION ( 'NONE',  ( -0.000000000000000000, 1.000000000000000000, -0.000000000000000000 ) ) ;
#285 = ORIENTED_EDGE ( 'NONE', *, *, #3603, .T. ) ;
#286 = CARTESIAN_POINT ( 'NONE',  ( 46.99999999999999289, 5.850000000000004086, -4.499999999999833022 ) ) ;
#287 = DIRECTION ( 'NONE',  ( -0.000000000000000000, 1.000000000000000000, -0.000000000000000000 ) ) ;
#288 = CYLINDRICAL_SURFACE ( 'NONE', #1671, 3.299999999999997158 ) ;
#289 = EDGE_CURVE ( 'NONE', #739, #4871, #2361, .T. ) ;
#290 = ADVANCED_FACE ( 'NONE', ( #4548 ), #3265, .T. ) ;
#291 = DIRECTION ( 'NONE',  ( -0.000000000000000000, 1.000000000000000000, -0.000000000000000000 ) ) ;
#292 = DIRECTION ( 'NONE',  ( 0.000000000000000000, 0.000000000000000000, 1.000000000000000000 ) ) ;
#293 = APPROVAL_STATUS ( 'not_yet_approved' ) ;
#294 = FACE_OUTER_BOUND ( 'NONE', #4067, .T. ) ;
#295 = CARTESIAN_POINT ( 'NONE',  ( 135.0000000000000000, 10.00000000000000000, 134.9999999999999432 ) ) ;
#296 = DIRECTION ( 'NONE',  ( 0.000000000000000000, 1.000000000000000000, 0.000000000000000000 ) ) ;
#297 = EDGE_CURVE ( 'NONE', #4280, #1693, #1823, .T. ) ;
#298 = ORIENTED_EDGE ( 'NONE', *, *, #523, .T. ) ;
#299 = FACE_OUTER_BOUND ( 'NONE', #3975, .T. ) ;
#300 = ORIENTED_EDGE ( 'NONE', *, *, #1591, .T. ) ;
#301 = ORIENTED_EDGE ( 'NONE', *, *, #3772, .F. ) ;
#302 = EDGE_CURVE ( 'NONE', #3246, #4396, #4467, .T. ) ;
#303 = AXIS2_PLACEMENT_3D ( 'NONE', #987, #1729, #604 ) ;
#304 = CARTESIAN_POINT ( 'NONE',  ( 0.000000000000000000, 7.000000000000000000, -27.50000000000000000 ) ) ;
#305 = ORIENTED_EDGE ( 'NONE', *, *, #4134, .F. ) ;
#306 = CYLINDRICAL_SURFACE ( 'NONE', #2042, 3.250000000000002665 ) ;
#307 = ORIENTED_EDGE ( 'NONE', *, *, #3936, .T. ) ;
#308 = APPROVAL_PERSON_ORGANIZATION ( #1355, #4303, #1685 ) ;
#309 = EDGE_CURVE ( 'NONE', #1237, #2905, #1880, .T. ) ;
#310 = CIRCLE ( 'NONE', #2347, 8.649999999999998579 ) ;
#311 = AXIS2_PLACEMENT_3D ( 'NONE', #5018, #3068, #4947 ) ;
#312 = DIRECTION ( 'NONE',  ( 0.000000000000000000, 0.7071067811865470176, 0.7071067811865479058 ) ) ;
#313 = CARTESIAN_POINT ( 'NONE',  ( -2.499999999998570921, 10.00000000000000000, 80.58284835958100700 ) ) ;
#314 = DIRECTION ( 'NONE',  ( 0.000000000000000000, 1.000000000000000000, -0.000000000000000000 ) ) ;
#315 = VERTEX_POINT ( 'NONE', #3697 ) ;
#316 = CC_DESIGN_APPROVAL ( #2091, ( #800 ) ) ;
#317 = AXIS2_PLACEMENT_3D ( 'NONE', #3004, #4189, #2420 ) ;
#318 = CARTESIAN_POINT ( 'NONE',  ( 116.3798940491453351, 0.000000000000000000, -99.03159479061517345 ) ) ;
#319 = FACE_OUTER_BOUND ( 'NONE', #2199, .T. ) ;
#320 = DIRECTION ( 'NONE',  ( 0.000000000000000000, 0.000000000000000000, 1.000000000000000000 ) ) ;
#321 = LINE ( 'NONE', #1503, #3661 ) ;
#322 = ADVANCED_FACE ( 'NONE', ( #2522, #2496, #4089, #615, #147, #3670, #2926, #200, #4903, #3718, #2192, #4930, #174 ), #1741, .F. ) ;
#323 = EDGE_CURVE ( 'NONE', #804, #4783, #1223, .T. ) ;
#324 = AXIS2_PLACEMENT_3D ( 'NONE', #4540, #4174, #2585 ) ;
#325 = CIRCLE ( 'NONE', #1718, 3.299999999999997158 ) ;
#326 = EDGE_LOOP ( 'NONE', ( #47, #260 ) ) ;
#327 = AXIS2_PLACEMENT_3D ( 'NONE', #1929, #4634, #4691 ) ;
#328 = CIRCLE ( 'NONE', #2207, 3.250000000000002665 ) ;
#329 = CARTESIAN_POINT ( 'NONE',  ( -95.84434291094001424, 10.00000000000000000, 113.1298940491465856 ) ) ;
#330 = VERTEX_POINT ( 'NONE', #4157 ) ;
#331 = EDGE_CURVE ( 'NONE', #4375, #850, #4239, .T. ) ;
#332 = ADVANCED_FACE ( 'NONE', ( #1918 ), #1453, .F. ) ;
#333 = CIRCLE ( 'NONE', #4498, 4.500000000000003553 ) ;
#334 = ORIENTED_EDGE ( 'NONE', *, *, #4511, .T. ) ;
#335 = DIRECTION ( 'NONE',  ( -0.000000000000000000, 1.000000000000000000, -0.000000000000000000 ) ) ;
#336 = EDGE_LOOP ( 'NONE', ( #2559, #979, #3862, #2543 ) ) ;
#337 = CIRCLE ( 'NONE', #4751, 4.500000000000003553 ) ;
#338 = DIRECTION ( 'NONE',  ( -0.000000000000000000, 1.000000000000000000, -0.000000000000000000 ) ) ;
#339 = VERTEX_POINT ( 'NONE', #4967 ) ;
#340 = ADVANCED_FACE ( 'NONE', ( #1143 ), #3815, .F. ) ;
#341 = CIRCLE ( 'NONE', #1239, 2.499999999999995115 ) ;
#342 = DIRECTION ( 'NONE',  ( -0.000000000000000000, 1.000000000000000000, -0.000000000000000000 ) ) ;
#343 = PRODUCT_RELATED_PRODUCT_CATEGORY ( 'detail', '', ( #228 ) ) ;
#344 = FACE_BOUND ( 'NONE', #74, .T. ) ;
#345 = DIRECTION ( 'NONE',  ( -0.000000000000000000, 1.000000000000000000, -0.000000000000000000 ) ) ;
#346 = ORIENTED_EDGE ( 'NONE', *, *, #2236, .F. ) ;
#347 = AXIS2_PLACEMENT_3D ( 'NONE', #3559, #3616, #2848 ) ;
#348 = CARTESIAN_POINT ( 'NONE',  ( 37.49999999999987921, 10.00000000000000000, -77.28284835957724397 ) ) ;
#349 = DIRECTION ( 'NONE',  ( 0.000000000000000000, 1.000000000000000000, 0.000000000000000000 ) ) ;
#350 = CARTESIAN_POINT ( 'NONE',  ( 0.000000000000000000, 0.000000000000000000, 0.000000000000000000 ) ) ;
#351 = FACE_OUTER_BOUND ( 'NONE', #3553, .T. ) ;
#352 = DIRECTION ( 'NONE',  ( -0.000000000000000000, 1.000000000000000000, -0.000000000000000000 ) ) ;
#353 = CONICAL_SURFACE ( 'NONE', #4923, 8.649999999999998579, 0.7853981633974489451 ) ;
#354 = EDGE_CURVE ( 'NONE', #2366, #1948, #2693, .T. ) ;
#355 = ORIENTED_EDGE ( 'NONE', *, *, #3001, .T. ) ;
#356 = DIRECTION ( 'NONE',  ( 0.000000000000000000, 1.000000000000000000, 0.000000000000000000 ) ) ;
#357 = ORIENTED_EDGE ( 'NONE', *, *, #3455, .T. ) ;
#358 = ORIENTED_EDGE ( 'NONE', *, *, #3619, .T. ) ;
#359 = EDGE_CURVE ( 'NONE', #1724, #621, #2849, .T. ) ;
#360 = DIRECTION ( 'NONE',  ( 0.000000000000000000, 0.000000000000000000, 1.000000000000000000 ) ) ;
#361 = ORIENTED_EDGE ( 'NONE', *, *, #3566, .T. ) ;
#362 = CARTESIAN_POINT ( 'NONE',  ( 135.0000000000018474, 0.000000000000000000, -69.92024260179205442 ) ) ;
#363 = VERTEX_POINT ( 'NONE', #4183 ) ;
#364 = ORIENTED_EDGE ( 'NONE', *, *, #4897, .T. ) ;
#365 = PERSON ( 'NAUO-PER1', 'UNSPECIFIED', 'UNSPECIFIED', ('UNSPECIFIED'), ('UNSPECIFIED'), ('UNSPECIFIED') ) ;
#366 = DIRECTION ( 'NONE',  ( -0.000000000000000000, -1.000000000000000000, -0.000000000000000000 ) ) ;
#367 = EDGE_CURVE ( 'NONE', #4867, #3350, #4578, .T. ) ;
#368 = FACE_BOUND ( 'NONE', #448, .T. ) ;
#369 = LINE ( 'NONE', #3135, #4485 ) ;
#370 = ORIENTED_EDGE ( 'NONE', *, *, #1278, .F. ) ;
#371 = ADVANCED_FACE ( 'NONE', ( #3795 ), #3916, .F. ) ;
#372 = DESIGN_CONTEXT ( 'detailed design', #931, 'design' ) ;
#373 = ADVANCED_FACE ( 'NONE', ( #733 ), #4207, .F. ) ;
#374 = COORDINATED_UNIVERSAL_TIME_OFFSET ( 8, 0, .AHEAD. ) ;
#375 = DIRECTION ( 'NONE',  ( 0.000000000000000000, 0.000000000000000000, 1.000000000000000000 ) ) ;
#376 = CARTESIAN_POINT ( 'NONE',  ( 33.23401871576779598, 10.00000000000000000, -33.23401871576767519 ) ) ;
#377 = EDGE_LOOP ( 'NONE', ( #1, #1639, #4071, #1479 ) ) ;
#378 = DIRECTION ( 'NONE',  ( 0.000000000000000000, 0.000000000000000000, 1.000000000000000000 ) ) ;
#379 = CARTESIAN_POINT ( 'NONE',  ( 33.23401871576779598, 5.850000000000004086, -33.23401871576767519 ) ) ;
#380 = ORIENTED_EDGE ( 'NONE', *, *, #1596, .T. ) ;
#381 = EDGE_LOOP ( 'NONE', ( #412, #463 ) ) ;
#382 = DIRECTION ( 'NONE',  ( -0.000000000000000000, -1.000000000000000000, -0.000000000000000000 ) ) ;
#383 = ORIENTED_EDGE ( 'NONE', *, *, #799, .F. ) ;
#384 = CARTESIAN_POINT ( 'NONE',  ( 27.50000000000000000, 10.00000000000000000, 0.000000000000000000 ) ) ;
#385 = VERTEX_POINT ( 'NONE', #709 ) ;
#386 = ORIENTED_EDGE ( 'NONE', *, *, #4682, .F. ) ;
#387 = AXIS2_PLACEMENT_3D ( 'NONE', #410, #1197, #2019 ) ;
#388 = CARTESIAN_POINT ( 'NONE',  ( -63.08284835957631032, 10.00000000000000000, -19.99999999999986500 ) ) ;
#389 = CARTESIAN_POINT ( 'NONE',  ( 4.041334437186264524E-16, 1.734723475976807094E-15, -30.79999999999999716 ) ) ;
#390 = DIRECTION ( 'NONE',  ( -0.000000000000000000, 1.000000000000000000, -0.000000000000000000 ) ) ;
#391 = EDGE_LOOP ( 'NONE', ( #2858, #1009, #1895, #2513 ) ) ;
#392 = CC_DESIGN_APPROVAL ( #3706, ( #638 ) ) ;
#393 = DIRECTION ( 'NONE',  ( -0.000000000000000000, 1.000000000000000000, -0.000000000000000000 ) ) ;
#394 = EDGE_CURVE ( 'NONE', #128, #1944, #2291, .T. ) ;
#395 = EDGE_CURVE ( 'NONE', #866, #3391, #321, .T. ) ;
#396 = DIRECTION ( 'NONE',  ( 0.000000000000000000, 0.000000000000000000, 1.000000000000000000 ) ) ;
#397 = DIRECTION ( 'NONE',  ( -0.000000000000000000, 1.000000000000000000, -0.000000000000000000 ) ) ;
#398 = CARTESIAN_POINT ( 'NONE',  ( 46.99999999999999289, 10.00000000000000000, -4.499999999999833022 ) ) ;
#399 = VERTEX_POINT ( 'NONE', #3050 ) ;
#400 = CARTESIAN_POINT ( 'NONE',  ( 135.0000000000000000, 10.00000000000000000, 134.9999999999999432 ) ) ;
#401 = AXIS2_PLACEMENT_3D ( 'NONE', #4129, #633, #946 ) ;
#402 = ADVANCED_FACE ( 'NONE', ( #2219 ), #4623, .F. ) ;
#403 = APPROVAL_STATUS ( 'not_yet_approved' ) ;
#404 = CARTESIAN_POINT ( 'NONE',  ( 33.23401871576756150, 0.000000000000000000, 33.23401871576790256 ) ) ;
#405 = VECTOR ( 'NONE', #2714, 1000.000000000000000 ) ;
#406 = ORIENTED_EDGE ( 'NONE', *, *, #1427, .T. ) ;
#407 = ORIENTED_EDGE ( 'NONE', *, *, #1497, .T. ) ;
#408 = AXIS2_PLACEMENT_3D ( 'NONE', #2996, #761, #3849 ) ;
#409 = CIRCLE ( 'NONE', #2771, 2.499999999999998668 ) ;
#410 = CARTESIAN_POINT ( 'NONE',  ( 33.23401871576779598, 10.00000000000000000, -33.23401871576767519 ) ) ;
#411 = CARTESIAN_POINT ( 'NONE',  ( 135.0000000000000000, 10.00000000000000000, 139.4999999999999432 ) ) ;
#412 = ORIENTED_EDGE ( 'NONE', *, *, #2977, .T. ) ;
#413 = DIRECTION ( 'NONE',  ( -0.000000000000000000, 1.000000000000000000, -0.000000000000000000 ) ) ;
#414 = ORIENTED_EDGE ( 'NONE', *, *, #4144, .F. ) ;
#415 = AXIS2_PLACEMENT_3D ( 'NONE', #4777, #1270, #3981 ) ;
#416 = VERTEX_POINT ( 'NONE', #4232 ) ;
#417 = AXIS2_PLACEMENT_3D ( 'NONE', #1073, #2188, #3404 ) ;
#418 = CYLINDRICAL_SURFACE ( 'NONE', #3270, 4.500000000000003553 ) ;
#419 = FACE_BOUND ( 'NONE', #670, .T. ) ;
#420 = FACE_OUTER_BOUND ( 'NONE', #224, .T. ) ;
#421 = ORIENTED_EDGE ( 'NONE', *, *, #3672, .T. ) ;
#422 = DIRECTION ( 'NONE',  ( -0.000000000000000000, 1.000000000000000000, -0.000000000000000000 ) ) ;
#423 = AXIS2_PLACEMENT_3D ( 'NONE', #1703, #1619, #4052 ) ;
#424 = ADVANCED_FACE ( 'NONE', ( #3771 ), #276, .F. ) ;
#425 = EDGE_CURVE ( 'NONE', #3963, #2406, #815, .T. ) ;
#426 = DIRECTION ( 'NONE',  ( -0.000000000000000000, 1.000000000000000000, -0.000000000000000000 ) ) ;
#427 = AXIS2_PLACEMENT_3D ( 'NONE', #4051, #669, #282 ) ;
#428 = CARTESIAN_POINT ( 'NONE',  ( -33.23401871576733413, 10.00000000000000000, -41.88401871576813562 ) ) ;
#429 = ORIENTED_EDGE ( 'NONE', *, *, #4706, .T. ) ;
#430 = LINE ( 'NONE', #3120, #1610 ) ;
#431 = PERSON ( 'UNSPECIFIED', 'UNSPECIFIED', 'UNSPECIFIED', ('UNSPECIFIED'), ('UNSPECIFIED'), ('UNSPECIFIED') ) ;
#432 = EDGE_CURVE ( 'NONE', #2462, #2601, #2206, .T. ) ;
#433 = FACE_BOUND ( 'NONE', #1084, .T. ) ;
#434 = AXIS2_PLACEMENT_3D ( 'NONE', #3300, #3321, #663 ) ;
#435 = CARTESIAN_POINT ( 'NONE',  ( -33.23401871576772493, 0.000000000000000000, -37.73401871576772493 ) ) ;
#436 = ADVANCED_FACE ( 'NONE', ( #1347 ), #990, .F. ) ;
#437 = VERTEX_POINT ( 'NONE', #161 ) ;
#438 = CIRCLE ( 'NONE', #3204, 3.299999999999997158 ) ;
#439 = CARTESIAN_POINT ( 'NONE',  ( 0.000000000000000000, 7.000000000000000000, -27.50000000000000000 ) ) ;
#440 = DIRECTION ( 'NONE',  ( 0.000000000000000000, 0.000000000000000000, 1.000000000000000000 ) ) ;
#441 = VERTEX_POINT ( 'NONE', #4917 ) ;
#442 = ORIENTED_EDGE ( 'NONE', *, *, #3608, .T. ) ;
#443 = AXIS2_PLACEMENT_3D ( 'NONE', #3555, #4698, #59 ) ;
#444 = VERTEX_POINT ( 'NONE', #2159 ) ;
#445 = CARTESIAN_POINT ( 'NONE',  ( 46.99999999999999289, 10.00000000000000000, 8.650000000000162004 ) ) ;
#446 = DIRECTION ( 'NONE',  ( 0.000000000000000000, 0.000000000000000000, 1.000000000000000000 ) ) ;
#447 = LINE ( 'NONE', #2759, #728 ) ;
#448 = EDGE_LOOP ( 'NONE', ( #1435, #16 ) ) ;
#449 = DIRECTION ( 'NONE',  ( -0.000000000000000000, 1.000000000000000000, -0.000000000000000000 ) ) ;
#450 = VERTEX_POINT ( 'NONE', #4456 ) ;
#451 =( NAMED_UNIT ( * ) PLANE_ANGLE_UNIT ( ) SI_UNIT ( $, .RADIAN. ) );
#452 = FACE_OUTER_BOUND ( 'NONE', #2023, .T. ) ;
#453 = DIRECTION ( 'NONE',  ( -0.000000000000000000, 1.000000000000000000, -0.000000000000000000 ) ) ;
#454 = EDGE_LOOP ( 'NONE', ( #1175, #4809, #1904, #2829 ) ) ;
#455 = DIRECTION ( 'NONE',  ( 0.000000000000000000, 0.000000000000000000, 1.000000000000000000 ) ) ;
#456 = EDGE_CURVE ( 'NONE', #1516, #3600, #576, .T. ) ;
#457 = PERSON_AND_ORGANIZATION_ROLE ( 'design_supplier' ) ;
#458 = DIRECTION ( 'NONE',  ( -0.000000000000000000, -1.000000000000000000, -0.000000000000000000 ) ) ;
#459 = FACE_OUTER_BOUND ( 'NONE', #3707, .T. ) ;
#460 = VERTEX_POINT ( 'NONE', #647 ) ;
#461 = DIRECTION ( 'NONE',  ( -0.000000000000000000, 1.000000000000000000, -0.000000000000000000 ) ) ;
#462 = DIRECTION ( 'NONE',  ( -0.000000000000000000, 1.000000000000000000, -0.000000000000000000 ) ) ;
#463 = ORIENTED_EDGE ( 'NONE', *, *, #714, .T. ) ;
#464 = EDGE_LOOP ( 'NONE', ( #994, #2721, #2125, #4770 ) ) ;
#465 = EDGE_CURVE ( 'NONE', #3776, #3216, #4408, .T. ) ;
#466 = EDGE_LOOP ( 'NONE', ( #897, #2884, #3222, #383 ) ) ;
#467 = CARTESIAN_POINT ( 'NONE',  ( 116.3798940491453351, 0.000000000000000000, -92.53159479061515924 ) ) ;
#468 = DIRECTION ( 'NONE',  ( 0.000000000000000000, 0.000000000000000000, -1.000000000000000000 ) ) ;
#469 = VERTEX_POINT ( 'NONE', #580 ) ;
#470 = LINE ( 'NONE', #3115, #1449 ) ;
#471 = AXIS2_PLACEMENT_3D ( 'NONE', #400, #3691, #4441 ) ;
#472 = VERTEX_POINT ( 'NONE', #3286 ) ;
#473 = DIRECTION ( 'NONE',  ( 0.000000000000000000, 0.000000000000000000, 1.000000000000000000 ) ) ;
#474 = AXIS2_PLACEMENT_3D ( 'NONE', #2088, #4520, #3261 ) ;
#475 = DIRECTION ( 'NONE',  ( -0.000000000000000000, 1.000000000000000000, -0.000000000000000000 ) ) ;
#476 = FACE_OUTER_BOUND ( 'NONE', #4074, .T. ) ;
#477 = ORIENTED_EDGE ( 'NONE', *, *, #297, .F. ) ;
#478 = FACE_OUTER_BOUND ( 'NONE', #2156, .T. ) ;
#479 = CYLINDRICAL_SURFACE ( 'NONE', #2375, 3.299999999999997158 ) ;
#480 = DATE_TIME_ROLE ( 'creation_date' ) ;
#481 = DIRECTION ( 'NONE',  ( 0.000000000000000000, 0.000000000000000000, 1.000000000000000000 ) ) ;
#482 = CC_DESIGN_PERSON_AND_ORGANIZATION_ASSIGNMENT ( #1961, #2011, ( #4317 ) ) ;
#483 = EDGE_CURVE ( 'NONE', #5028, #226, #3168, .T. ) ;
#484 = CARTESIAN_POINT ( 'NONE',  ( -63.08284835957631032, 10.00000000000000000, -23.29999999999986215 ) ) ;
#485 = CIRCLE ( 'NONE', #234, 8.649999999999998579 ) ;
#486 = EDGE_LOOP ( 'NONE', ( #3474, #3101 ) ) ;
#487 = FACE_OUTER_BOUND ( 'NONE', #2049, .T. ) ;
#488 = ORIENTED_EDGE ( 'NONE', *, *, #605, .T. ) ;
#489 = VECTOR ( 'NONE', #2803, 1000.000000000000114 ) ;
#490 = VECTOR ( 'NONE', #4404, 1000.000000000000000 ) ;
#491 = CARTESIAN_POINT ( 'NONE',  ( -134.9999999999999432, 10.00000000000000000, -135.0000000000000000 ) ) ;
#492 = ORIENTED_EDGE ( 'NONE', *, *, #3132, .F. ) ;
#493 = ORIENTED_EDGE ( 'NONE', *, *, #2545, .T. ) ;
#494 = AXIS2_PLACEMENT_3D ( 'NONE', #2612, #1034, #3376 ) ;
#495 = AXIS2_PLACEMENT_3D ( 'NONE', #1662, #3882, #1686 ) ;
#496 = ORIENTED_EDGE ( 'NONE', *, *, #2638, .F. ) ;
#497 = DIRECTION ( 'NONE',  ( 0.000000000000000000, 0.000000000000000000, 1.000000000000000000 ) ) ;
#498 = CONICAL_SURFACE ( 'NONE', #4166, 6.299999999999999822, 0.7853981633974487231 ) ;
#499 = CARTESIAN_POINT ( 'NONE',  ( 95.87379739473514917, 10.00000000000000000, -116.2876914450248051 ) ) ;
#500 = ORIENTED_EDGE ( 'NONE', *, *, #2140, .T. ) ;
#501 = LINE ( 'NONE', #1677, #57 ) ;
#502 = CIRCLE ( 'NONE', #2535, 4.499999999999997335 ) ;
#503 = ORIENTED_EDGE ( 'NONE', *, *, #4690, .F. ) ;
#504 = DIRECTION ( 'NONE',  ( 0.000000000000000000, 0.000000000000000000, 1.000000000000000000 ) ) ;
#505 = LINE ( 'NONE', #4363, #195 ) ;
#506 = ORIENTED_EDGE ( 'NONE', *, *, #3012, .T. ) ;
#507 = CIRCLE ( 'NONE', #2943, 3.299999999999997158 ) ;
#508 = CARTESIAN_POINT ( 'NONE',  ( -27.50000000000000000, 0.000000000000000000, 0.000000000000000000 ) ) ;
#509 = EDGE_CURVE ( 'NONE', #2295, #437, #1548, .T. ) ;
#510 = CIRCLE ( 'NONE', #4594, 4.500000000000003553 ) ;
#511 = CARTESIAN_POINT ( 'NONE',  ( -46.99999999999998579, -15.00000000000000000, -5.204170427930421283E-15 ) ) ;
#512 = DATE_TIME_ROLE ( 'classification_date' ) ;
#513 = CARTESIAN_POINT ( 'NONE',  ( 0.000000000000000000, 0.000000000000000000, 0.000000000000000000 ) ) ;
#514 = DIRECTION ( 'NONE',  ( 0.000000000000000000, 0.000000000000000000, 1.000000000000000000 ) ) ;
#515 = FACE_OUTER_BOUND ( 'NONE', #2339, .T. ) ;
#516 = VERTEX_POINT ( 'NONE', #191 ) ;
#517 = AXIS2_PLACEMENT_3D ( 'NONE', #4951, #1102, #278 ) ;
#518 = ORIENTED_EDGE ( 'NONE', *, *, #1817, .F. ) ;
#519 = CARTESIAN_POINT ( 'NONE',  ( -63.08284835957631032, 10.00000000000000000, -16.69999999999986784 ) ) ;
#520 = EDGE_LOOP ( 'NONE', ( #107, #1336 ) ) ;
#521 = ORIENTED_EDGE ( 'NONE', *, *, #4613, .F. ) ;
#522 = ORIENTED_EDGE ( 'NONE', *, *, #642, .T. ) ;
#523 = EDGE_CURVE ( 'NONE', #2998, #2052, #2917, .T. ) ;
#524 = FACE_BOUND ( 'NONE', #1721, .T. ) ;
#525 = CONICAL_SURFACE ( 'NONE', #1170, 8.649999999999998579, 0.7853981633974489451 ) ;
#526 = DIRECTION ( 'NONE',  ( 0.000000000000000000, 0.000000000000000000, 1.000000000000000000 ) ) ;
#527 = VERTEX_POINT ( 'NONE', #4482 ) ;
#528 = DIRECTION ( 'NONE',  ( -0.000000000000000000, 1.000000000000000000, -0.000000000000000000 ) ) ;
#529 = ADVANCED_FACE ( 'NONE', ( #2540 ), #607, .F. ) ;
#530 = EDGE_CURVE ( 'NONE', #1279, #1305, #3999, .T. ) ;
#531 = CYLINDRICAL_SURFACE ( 'NONE', #2382, 4.499999999999997335 ) ;
#532 = CARTESIAN_POINT ( 'NONE',  ( 134.9999999999999716, 0.000000000000000000, 74.39999999999994884 ) ) ;
#533 = EDGE_CURVE ( 'NONE', #1401, #4865, #1802, .T. ) ;
#534 = DIRECTION ( 'NONE',  ( 0.000000000000000000, 0.000000000000000000, 1.000000000000000000 ) ) ;
#535 = ADVANCED_FACE ( 'NONE', ( #2944 ), #734, .F. ) ;
#536 = DIRECTION ( 'NONE',  ( -0.000000000000000000, 1.000000000000000000, -0.000000000000000000 ) ) ;
#537 = DATE_AND_TIME ( #171, #2269 ) ;
#538 = DIRECTION ( 'NONE',  ( 0.000000000000000000, 0.000000000000000000, 1.000000000000000000 ) ) ;
#539 = DIRECTION ( 'NONE',  ( 0.000000000000000000, 0.000000000000000000, 1.000000000000000000 ) ) ;
#540 = CARTESIAN_POINT ( 'NONE',  ( 0.000000000000000000, 10.00000000000000000, -47.00000000000000000 ) ) ;
#541 = ORIENTED_EDGE ( 'NONE', *, *, #2977, .F. ) ;
#542 = FACE_BOUND ( 'NONE', #2598, .T. ) ;
#543 = CARTESIAN_POINT ( 'NONE',  ( -33.23401871576802336, 10.00000000000000000, 41.88401871576744639 ) ) ;
#544 = EDGE_LOOP ( 'NONE', ( #71, #3967 ) ) ;
#545 = ORIENTED_EDGE ( 'NONE', *, *, #2490, .T. ) ;
#546 = ORIENTED_EDGE ( 'NONE', *, *, #3395, .F. ) ;
#547 = CARTESIAN_POINT ( 'NONE',  ( -63.08284835957631032, 10.00000000000000000, -16.69999999999986784 ) ) ;
#548 = DIRECTION ( 'NONE',  ( 0.000000000000000000, 0.000000000000000000, 1.000000000000000000 ) ) ;
#549 = ORIENTED_EDGE ( 'NONE', *, *, #3825, .T. ) ;
#550 = ADVANCED_FACE ( 'NONE', ( #3761 ), #4122, .F. ) ;
#551 = LINE ( 'NONE', #2082, #3480 ) ;
#552 = DIRECTION ( 'NONE',  ( -0.000000000000000000, 1.000000000000000000, -0.000000000000000000 ) ) ;
#553 = CARTESIAN_POINT ( 'NONE',  ( -2.499999999998570921, 10.00000000000000000, 80.58284835958100700 ) ) ;
#554 = CARTESIAN_POINT ( 'NONE',  ( 33.23401871576779598, 10.00000000000000000, -41.88401871576767377 ) ) ;
#555 = ORIENTED_EDGE ( 'NONE', *, *, #1664, .T. ) ;
#556 = EDGE_CURVE ( 'NONE', #3985, #1281, #3731, .T. ) ;
#557 = ADVANCED_FACE ( 'NONE', ( #238 ), #1808, .T. ) ;
#558 = VECTOR ( 'NONE', #1859, 1000.000000000000000 ) ;
#559 = DIRECTION ( 'NONE',  ( 8.659560562354936556E-17, 0.7071067811865473507, -0.7071067811865477948 ) ) ;
#560 = CARTESIAN_POINT ( 'NONE',  ( -63.08284835957622505, 0.000000000000000000, 19.99999999999991118 ) ) ;
#561 = COORDINATED_UNIVERSAL_TIME_OFFSET ( 8, 0, .AHEAD. ) ;
#562 = FACE_OUTER_BOUND ( 'NONE', #640, .T. ) ;
#563 = DIRECTION ( 'NONE',  ( 0.000000000000000000, 0.000000000000000000, 1.000000000000000000 ) ) ;
#564 = DIRECTION ( 'NONE',  ( -0.000000000000000000, 1.000000000000000000, -0.000000000000000000 ) ) ;
#565 = EDGE_CURVE ( 'NONE', #385, #739, #2733, .T. ) ;
#566 = CC_DESIGN_PERSON_AND_ORGANIZATION_ASSIGNMENT ( #3179, #1247, ( #1209 ) ) ;
#567 = CARTESIAN_POINT ( 'NONE',  ( 98.08284835957783798, 10.00000000000000000, 16.69999999999978613 ) ) ;
#568 = VERTEX_POINT ( 'NONE', #3475 ) ;
#569 = DIRECTION ( 'NONE',  ( 0.000000000000000000, 0.000000000000000000, -1.000000000000000000 ) ) ;
#570 = ORIENTED_EDGE ( 'NONE', *, *, #2335, .F. ) ;
#571 = ORIENTED_EDGE ( 'NONE', *, *, #3936, .F. ) ;
#572 = ORIENTED_EDGE ( 'NONE', *, *, #1115, .T. ) ;
#573 = VERTEX_POINT ( 'NONE', #2681 ) ;
#574 = DIRECTION ( 'NONE',  ( -1.000000000000000000, 0.000000000000000000, 8.540177112501197482E-15 ) ) ;
#575 = ORIENTED_EDGE ( 'NONE', *, *, #2545, .F. ) ;
#576 = CIRCLE ( 'NONE', #324, 4.499999999999997335 ) ;
#577 = DIRECTION ( 'NONE',  ( 8.659560562354937789E-17, 0.7071067811865471286, -0.7071067811865479058 ) ) ;
#578 = CIRCLE ( 'NONE', #4082, 2.499999999999995115 ) ;
#579 = AXIS2_PLACEMENT_3D ( 'NONE', #1658, #3262, #4824 ) ;
#580 = CARTESIAN_POINT ( 'NONE',  ( 27.50000000000000000, 7.000000000000000000, 3.299999999999997158 ) ) ;
#581 = CYLINDRICAL_SURFACE ( 'NONE', #2863, 3.299999999999997158 ) ;
#582 = CARTESIAN_POINT ( 'NONE',  ( 135.0000000000000000, 10.00000000000000000, -130.5000000000000000 ) ) ;
#583 = VERTEX_POINT ( 'NONE', #3838 ) ;
#584 = CIRCLE ( 'NONE', #1153, 223.0000000000000853 ) ;
#585 = EDGE_CURVE ( 'NONE', #1105, #4396, #160, .T. ) ;
#586 = CARTESIAN_POINT ( 'NONE',  ( 33.23401871576771782, -15.00000000000000000, 33.23401871576773203 ) ) ;
#587 = APPROVAL_DATE_TIME ( #1271, #4303 ) ;
#588 = CYLINDRICAL_SURFACE ( 'NONE', #25, 4.499999999999997335 ) ;
#589 = DIRECTION ( 'NONE',  ( 0.000000000000000000, 0.000000000000000000, 1.000000000000000000 ) ) ;
#590 = CYLINDRICAL_SURFACE ( 'NONE', #1218, 4.499999999999997335 ) ;
#591 = VECTOR ( 'NONE', #961, 1000.000000000000000 ) ;
#592 = EDGE_CURVE ( 'NONE', #2297, #4699, #1315, .T. ) ;
#593 = CARTESIAN_POINT ( 'NONE',  ( 134.9999999999999716, 10.00000000000000000, 69.89999999999994884 ) ) ;
#594 = CARTESIAN_POINT ( 'NONE',  ( 6.938893903907228378E-15, -15.00000000000000000, -47.00000000000000000 ) ) ;
#595 = ORIENTED_EDGE ( 'NONE', *, *, #509, .T. ) ;
#596 = VECTOR ( 'NONE', #872, 1000.000000000000000 ) ;
#597 = EDGE_CURVE ( 'NONE', #3709, #3358, #4494, .T. ) ;
#598 = VERTEX_POINT ( 'NONE', #5030 ) ;
#599 = EDGE_CURVE ( 'NONE', #3246, #97, #4659, .T. ) ;
#600 = EDGE_LOOP ( 'NONE', ( #3994, #358, #500, #4945 ) ) ;
#601 = CARTESIAN_POINT ( 'NONE',  ( 27.50000000000000000, 1.102182119232617788E-16, 0.000000000000000000 ) ) ;
#602 = EDGE_LOOP ( 'NONE', ( #4839, #138, #1387, #4530 ) ) ;
#603 = CIRCLE ( 'NONE', #2306, 3.250000000000002665 ) ;
#604 = DIRECTION ( 'NONE',  ( 0.000000000000000000, 0.000000000000000000, 1.000000000000000000 ) ) ;
#605 = EDGE_CURVE ( 'NONE', #4043, #3282, #773, .T. ) ;
#606 = AXIS2_PLACEMENT_3D ( 'NONE', #2993, #1500, #1117 ) ;
#607 = CYLINDRICAL_SURFACE ( 'NONE', #1144, 3.299999999999997158 ) ;
#608 = DIRECTION ( 'NONE',  ( 0.000000000000000000, 0.000000000000000000, -1.000000000000000000 ) ) ;
#609 = DIRECTION ( 'NONE',  ( -0.000000000000000000, 1.000000000000000000, -0.000000000000000000 ) ) ;
#610 = EDGE_LOOP ( 'NONE', ( #2967, #4707 ) ) ;
#611 = CIRCLE ( 'NONE', #3116, 4.499999999999997335 ) ;
#612 = CARTESIAN_POINT ( 'NONE',  ( -33.23401871576772493, -15.00000000000000000, -33.23401871576772493 ) ) ;
#613 = FACE_OUTER_BOUND ( 'NONE', #4021, .T. ) ;
#614 = DIRECTION ( 'NONE',  ( -0.000000000000000000, 1.000000000000000000, -0.000000000000000000 ) ) ;
#615 = FACE_BOUND ( 'NONE', #2322, .T. ) ;
#616 = FACE_BOUND ( 'NONE', #2644, .T. ) ;
#617 = VERTEX_POINT ( 'NONE', #1856 ) ;
#618 = DIRECTION ( 'NONE',  ( -0.000000000000000000, 1.000000000000000000, -0.000000000000000000 ) ) ;
#619 = ORIENTED_EDGE ( 'NONE', *, *, #3259, .F. ) ;
#620 = ORIENTED_EDGE ( 'NONE', *, *, #1459, .T. ) ;
#621 = VERTEX_POINT ( 'NONE', #3496 ) ;
#622 = EDGE_LOOP ( 'NONE', ( #4666, #2936 ) ) ;
#623 = FACE_OUTER_BOUND ( 'NONE', #464, .T. ) ;
#624 = ORIENTED_EDGE ( 'NONE', *, *, #4955, .T. ) ;
#625 = EDGE_CURVE ( 'NONE', #2229, #2685, #821, .T. ) ;
#626 = DIRECTION ( 'NONE',  ( -0.000000000000000000, 1.000000000000000000, -0.000000000000000000 ) ) ;
#627 = FACE_OUTER_BOUND ( 'NONE', #4961, .T. ) ;
#628 = DIRECTION ( 'NONE',  ( 0.000000000000000000, 0.000000000000000000, 1.000000000000000000 ) ) ;
#629 = VECTOR ( 'NONE', #856, 1000.000000000000000 ) ;
#630 = CARTESIAN_POINT ( 'NONE',  ( -116.3504395653500580, 0.000000000000000000, 92.62379739473679763 ) ) ;
#631 = SECURITY_CLASSIFICATION_LEVEL ( 'unclassified' ) ;
#632 = DIRECTION ( 'NONE',  ( -0.000000000000000000, 1.000000000000000000, -0.000000000000000000 ) ) ;
#633 = DIRECTION ( 'NONE',  ( -0.000000000000000000, 1.000000000000000000, -0.000000000000000000 ) ) ;
#634 = CARTESIAN_POINT ( 'NONE',  ( -33.23401871576733413, 5.850000000000004086, -33.23401871576813704 ) ) ;
#635 = AXIS2_PLACEMENT_3D ( 'NONE', #2158, #3710, #4406 ) ;
#636 = ORIENTED_EDGE ( 'NONE', *, *, #1495, .F. ) ;
#637 = DIRECTION ( 'NONE',  ( -0.000000000000000000, 1.000000000000000000, -0.000000000000000000 ) ) ;
#638 = SECURITY_CLASSIFICATION ( '', '', #969 ) ;
#639 = ORIENTED_EDGE ( 'NONE', *, *, #1088, .T. ) ;
#640 = EDGE_LOOP ( 'NONE', ( #1907, #3199, #4223, #206 ) ) ;
#641 = ORIENTED_EDGE ( 'NONE', *, *, #3034, .T. ) ;
#642 = EDGE_CURVE ( 'NONE', #1230, #4213, #4901, .T. ) ;
#643 = DIRECTION ( 'NONE',  ( 0.000000000000000000, 0.000000000000000000, 1.000000000000000000 ) ) ;
#644 = EDGE_LOOP ( 'NONE', ( #846, #4338 ) ) ;
#645 = CARTESIAN_POINT ( 'NONE',  ( 0.000000000000000000, 1.734723475976807094E-15, 27.50000000000000000 ) ) ;
#646 = ORIENTED_EDGE ( 'NONE', *, *, #690, .F. ) ;
#647 = CARTESIAN_POINT ( 'NONE',  ( 74.42024260179678663, 0.000000000000000000, -139.4999999999999716 ) ) ;
#648 = AXIS2_PLACEMENT_3D ( 'NONE', #1774, #2536, #526 ) ;
#649 = DIRECTION ( 'NONE',  ( 0.000000000000000000, 0.000000000000000000, -1.000000000000000000 ) ) ;
#650 = ORIENTED_EDGE ( 'NONE', *, *, #3995, .F. ) ;
#651 = AXIS2_PLACEMENT_3D ( 'NONE', #1845, #4996, #1523 ) ;
#652 = VECTOR ( 'NONE', #2678, 1000.000000000000000 ) ;
#653 = DIRECTION ( 'NONE',  ( -0.000000000000000000, -1.000000000000000000, -0.000000000000000000 ) ) ;
#654 = CARTESIAN_POINT ( 'NONE',  ( 4.041334437186263538E-16, 10.00000000000000000, 24.20000000000000284 ) ) ;
#655 = PERSON_AND_ORGANIZATION ( #3837, #2346 ) ;
#656 = CARTESIAN_POINT ( 'NONE',  ( 37.49999999999987921, 0.000000000000000000, -80.58284835957724113 ) ) ;
#657 = CIRCLE ( 'NONE', #1726, 8.649999999999998579 ) ;
#658 = DIRECTION ( 'NONE',  ( -0.000000000000000000, 1.000000000000000000, -0.000000000000000000 ) ) ;
#659 = CARTESIAN_POINT ( 'NONE',  ( -27.50000000000000000, 10.00000000000000000, 0.000000000000000000 ) ) ;
#660 = EDGE_CURVE ( 'NONE', #3884, #2964, #2286, .T. ) ;
#661 = CIRCLE ( 'NONE', #4825, 4.499999999999997335 ) ;
#662 = ORIENTED_EDGE ( 'NONE', *, *, #4201, .F. ) ;
#663 = DIRECTION ( 'NONE',  ( 0.000000000000000000, 0.000000000000000000, 1.000000000000000000 ) ) ;
#664 = ORIENTED_EDGE ( 'NONE', *, *, #1482, .T. ) ;
#665 = ORIENTED_EDGE ( 'NONE', *, *, #4090, .F. ) ;
#666 = CIRCLE ( 'NONE', #1820, 4.499999999999997335 ) ;
#667 = ORIENTED_EDGE ( 'NONE', *, *, #3188, .F. ) ;
#668 = CIRCLE ( 'NONE', #3285, 4.499999999999997335 ) ;
#669 = DIRECTION ( 'NONE',  ( -0.000000000000000000, 1.000000000000000000, -0.000000000000000000 ) ) ;
#670 = EDGE_LOOP ( 'NONE', ( #2010, #1728 ) ) ;
#671 = LINE ( 'NONE', #1835, #3267 ) ;
#672 = EDGE_LOOP ( 'NONE', ( #268, #572, #977, #1752 ) ) ;
#673 = EDGE_CURVE ( 'NONE', #617, #4728, #2711, .T. ) ;
#674 = EDGE_CURVE ( 'NONE', #35, #330, #1878, .T. ) ;
#675 = AXIS2_PLACEMENT_3D ( 'NONE', #4163, #637, #4529 ) ;
#676 = CARTESIAN_POINT ( 'NONE',  ( 0.000000000000000000, -15.00000000000000000, 0.000000000000000000 ) ) ;
#677 = FACE_OUTER_BOUND ( 'NONE', #1946, .T. ) ;
#678 = CIRCLE ( 'NONE', #1911, 4.499999999999997335 ) ;
#679 = DIRECTION ( 'NONE',  ( -0.000000000000000000, -1.000000000000000000, -0.000000000000000000 ) ) ;
#680 = ORIENTED_EDGE ( 'NONE', *, *, #3725, .T. ) ;
#681 = ADVANCED_FACE ( 'NONE', ( #4986 ), #498, .F. ) ;
#682 = EDGE_CURVE ( 'NONE', #416, #1964, #1564, .T. ) ;
#683 = CIRCLE ( 'NONE', #606, 4.499999999999997335 ) ;
#684 = CARTESIAN_POINT ( 'NONE',  ( 33.23401871576756150, 5.850000000000004086, 33.23401871576790256 ) ) ;
#685 = LINE ( 'NONE', #2239, #1078 ) ;
#686 = CARTESIAN_POINT ( 'NONE',  ( 33.23401871576779598, 0.000000000000000000, -33.23401871576767519 ) ) ;
#687 = CIRCLE ( 'NONE', #1916, 2.499999999999998668 ) ;
#688 = DIRECTION ( 'NONE',  ( -0.000000000000000000, -1.000000000000000000, -0.000000000000000000 ) ) ;
#689 = DIRECTION ( 'NONE',  ( -0.000000000000000000, 1.000000000000000000, -0.000000000000000000 ) ) ;
#690 = EDGE_CURVE ( 'NONE', #3889, #1028, #1473, .T. ) ;
#691 = ORIENTED_EDGE ( 'NONE', *, *, #2359, .F. ) ;
#692 = CARTESIAN_POINT ( 'NONE',  ( 27.50000000000000000, 0.000000000000000000, 2.499999999999996891 ) ) ;
#693 = EDGE_LOOP ( 'NONE', ( #429, #759 ) ) ;
#694 = ORIENTED_EDGE ( 'NONE', *, *, #4113, .T. ) ;
#695 = LINE ( 'NONE', #3080, #3940 ) ;
#696 = ORIENTED_EDGE ( 'NONE', *, *, #1609, .T. ) ;
#697 = DIRECTION ( 'NONE',  ( 0.000000000000000000, 0.000000000000000000, 1.000000000000000000 ) ) ;
#698 = ORIENTED_EDGE ( 'NONE', *, *, #3919, .F. ) ;
#699 = CARTESIAN_POINT ( 'NONE',  ( -74.39999999999994884, 0.000000000000000000, 134.9999999999997158 ) ) ;
#700 = EDGE_CURVE ( 'NONE', #460, #3776, #5010, .T. ) ;
#701 = CARTESIAN_POINT ( 'NONE',  ( 135.0000000000000000, 10.00000000000000000, -135.0000000000000000 ) ) ;
#702 = CARTESIAN_POINT ( 'NONE',  ( 33.23401871576756150, 5.850000000000004086, 28.73401871576790256 ) ) ;
#703 = ORIENTED_EDGE ( 'NONE', *, *, #4066, .F. ) ;
#704 = DIRECTION ( 'NONE',  ( 0.000000000000000000, 0.000000000000000000, -1.000000000000000000 ) ) ;
#705 = ADVANCED_FACE ( 'NONE', ( #3019 ), #3110, .F. ) ;
#706 = DIRECTION ( 'NONE',  ( 0.000000000000000000, 1.000000000000000000, 0.000000000000000000 ) ) ;
#707 = DIRECTION ( 'NONE',  ( 0.000000000000000000, 0.000000000000000000, -1.000000000000000000 ) ) ;
#708 = LINE ( 'NONE', #1917, #236 ) ;
#709 = CARTESIAN_POINT ( 'NONE',  ( 46.99999999999999289, 5.850000000000004086, 4.500000000000160760 ) ) ;
#710 = ORIENTED_EDGE ( 'NONE', *, *, #923, .T. ) ;
#711 = CARTESIAN_POINT ( 'NONE',  ( 33.23401871576756150, 10.00000000000000000, 33.23401871576790256 ) ) ;
#712 = EDGE_LOOP ( 'NONE', ( #2703, #780 ) ) ;
#713 = VECTOR ( 'NONE', #3137, 1000.000000000000000 ) ;
#714 = EDGE_CURVE ( 'NONE', #2151, #4014, #3175, .T. ) ;
#715 = VERTEX_POINT ( 'NONE', #286 ) ;
#716 = AXIS2_PLACEMENT_3D ( 'NONE', #3630, #2507, #938 ) ;
#717 = DIRECTION ( 'NONE',  ( 0.000000000000000000, 0.000000000000000000, -1.000000000000000000 ) ) ;
#718 = EDGE_LOOP ( 'NONE', ( #3565, #2634, #1013, #3369 ) ) ;
#719 = CARTESIAN_POINT ( 'NONE',  ( 135.0000000000018474, 10.00000000000000000, -74.42024260179205442 ) ) ;
#720 = ORIENTED_EDGE ( 'NONE', *, *, #1824, .T. ) ;
#721 = LOCAL_TIME ( 1, 25, 9.000000000000000000, #3316 ) ;
#722 = CARTESIAN_POINT ( 'NONE',  ( 116.3798940491453351, 10.00000000000000000, -95.78159479061517345 ) ) ;
#723 = DIRECTION ( 'NONE',  ( -0.000000000000000000, 1.000000000000000000, -0.000000000000000000 ) ) ;
#724 = CARTESIAN_POINT ( 'NONE',  ( 37.50000000000137135, 10.00000000000000000, 77.28284835958099563 ) ) ;
#725 = ORIENTED_EDGE ( 'NONE', *, *, #4590, .T. ) ;
#726 = CIRCLE ( 'NONE', #2435, 225.0000000000000000 ) ;
#727 = EDGE_CURVE ( 'NONE', #1554, #4357, #4416, .T. ) ;
#728 = VECTOR ( 'NONE', #4329, 1000.000000000000000 ) ;
#729 =( NAMED_UNIT ( * ) SI_UNIT ( $, .STERADIAN. ) SOLID_ANGLE_UNIT ( ) );
#730 = CARTESIAN_POINT ( 'NONE',  ( -33.23401871576733413, 5.850000000000004086, -37.73401871576812994 ) ) ;
#731 = CARTESIAN_POINT ( 'NONE',  ( 0.000000000000000000, 0.000000000000000000, -47.00000000000000000 ) ) ;
#732 = CARTESIAN_POINT ( 'NONE',  ( -116.3504395653500580, 10.00000000000000000, 95.87379739473679763 ) ) ;
#733 = FACE_OUTER_BOUND ( 'NONE', #4686, .T. ) ;
#734 = CONICAL_SURFACE ( 'NONE', #4081, 6.299999999999996270, 0.7853981633974485010 ) ;
#735 = VECTOR ( 'NONE', #284, 1000.000000000000000 ) ;
#736 = EDGE_CURVE ( 'NONE', #48, #45, #2005, .T. ) ;
#737 = VECTOR ( 'NONE', #1360, 1000.000000000000000 ) ;
#738 = DIRECTION ( 'NONE',  ( -0.000000000000000000, 1.000000000000000000, -0.000000000000000000 ) ) ;
#739 = VERTEX_POINT ( 'NONE', #445 ) ;
#740 = AXIS2_PLACEMENT_3D ( 'NONE', #1573, #4718, #4307 ) ;
#741 = EDGE_CURVE ( 'NONE', #3824, #3129, #657, .T. ) ;
#742 = ORIENTED_EDGE ( 'NONE', *, *, #2359, .T. ) ;
#743 = DIRECTION ( 'NONE',  ( 0.000000000000000000, 0.000000000000000000, 1.000000000000000000 ) ) ;
#744 = ORIENTED_EDGE ( 'NONE', *, *, #1064, .F. ) ;
#745 = AXIS2_PLACEMENT_3D ( 'NONE', #940, #3255, #2433 ) ;
#746 = FACE_OUTER_BOUND ( 'NONE', #4750, .T. ) ;
#747 = ORIENTED_EDGE ( 'NONE', *, *, #309, .T. ) ;
#748 = EDGE_CURVE ( 'NONE', #4728, #2177, #1969, .T. ) ;
#749 = DIRECTION ( 'NONE',  ( -0.000000000000000000, 1.000000000000000000, -0.000000000000000000 ) ) ;
#750 = DIRECTION ( 'NONE',  ( 0.000000000000000000, 0.000000000000000000, 1.000000000000000000 ) ) ;
#751 = DIRECTION ( 'NONE',  ( -0.000000000000000000, 1.000000000000000000, -0.000000000000000000 ) ) ;
#752 = ORIENTED_EDGE ( 'NONE', *, *, #2561, .F. ) ;
#753 = EDGE_CURVE ( 'NONE', #441, #3889, #2095, .T. ) ;
#754 = AXIS2_PLACEMENT_3D ( 'NONE', #4397, #895, #4704 ) ;
#755 = AXIS2_PLACEMENT_3D ( 'NONE', #1122, #2651, #1478 ) ;
#756 = CARTESIAN_POINT ( 'NONE',  ( 0.000000000000000000, 0.000000000000000000, 0.000000000000000000 ) ) ;
#757 = DIRECTION ( 'NONE',  ( 0.000000000000000000, 1.000000000000000000, 0.000000000000000000 ) ) ;
#758 = CARTESIAN_POINT ( 'NONE',  ( 74.40000000000000568, 10.00000000000000000, 135.0000000000000000 ) ) ;
#759 = ORIENTED_EDGE ( 'NONE', *, *, #2024, .T. ) ;
#760 = CARTESIAN_POINT ( 'NONE',  ( -33.23401871576772493, -15.00000000000000000, -33.23401871576772493 ) ) ;
#761 = DIRECTION ( 'NONE',  ( -0.000000000000000000, 1.000000000000000000, -0.000000000000000000 ) ) ;
#762 = CIRCLE ( 'NONE', #1338, 4.499999999999997335 ) ;
#763 = DATE_AND_TIME ( #4724, #1714 ) ;
#764 = CARTESIAN_POINT ( 'NONE',  ( 116.3485199889830000, 0.000000000000000000, 95.90517145489961592 ) ) ;
#765 = ADVANCED_FACE ( 'NONE', ( #122 ), #2930, .F. ) ;
#766 = EDGE_LOOP ( 'NONE', ( #744, #2098, #1775, #3272 ) ) ;
#767 = ORIENTED_EDGE ( 'NONE', *, *, #1123, .T. ) ;
#768 = FACE_OUTER_BOUND ( 'NONE', #2505, .T. ) ;
#769 = EDGE_LOOP ( 'NONE', ( #1638, #2138, #2525, #2328 ) ) ;
#770 = CARTESIAN_POINT ( 'NONE',  ( 0.000000000000000000, -15.00000000000000000, 0.000000000000000000 ) ) ;
#771 = EDGE_LOOP ( 'NONE', ( #4559, #1101 ) ) ;
#772 = VERTEX_POINT ( 'NONE', #2353 ) ;
#773 = LINE ( 'NONE', #3042, #3018 ) ;
#774 = CARTESIAN_POINT ( 'NONE',  ( 0.000000000000000000, 5.850000000000004086, -42.50000000000000000 ) ) ;
#775 = LINE ( 'NONE', #3888, #1066 ) ;
#776 = ORIENTED_EDGE ( 'NONE', *, *, #359, .F. ) ;
#777 = DIRECTION ( 'NONE',  ( 0.000000000000000000, 0.000000000000000000, 1.000000000000000000 ) ) ;
#778 = APPROVAL_STATUS ( 'not_yet_approved' ) ;
#779 = CYLINDRICAL_SURFACE ( 'NONE', #1890, 4.499999999999997335 ) ;
#780 = ORIENTED_EDGE ( 'NONE', *, *, #2335, .T. ) ;
#781 = CARTESIAN_POINT ( 'NONE',  ( -1.387778780781445676E-14, -15.00000000000000000, 42.50000000000000000 ) ) ;
#782 = FACE_BOUND ( 'NONE', #2600, .T. ) ;
#783 = APPROVAL_ROLE ( '' ) ;
#784 = ORIENTED_EDGE ( 'NONE', *, *, #1806, .T. ) ;
#785 = DIRECTION ( 'NONE',  ( 0.000000000000000000, 0.000000000000000000, 1.000000000000000000 ) ) ;
#786 = ORIENTED_EDGE ( 'NONE', *, *, #4387, .F. ) ;
#787 = CIRCLE ( 'NONE', #4954, 8.649999999999998579 ) ;
#788 = DIRECTION ( 'NONE',  ( 0.000000000000000000, 0.000000000000000000, -1.000000000000000000 ) ) ;
#789 = EDGE_LOOP ( 'NONE', ( #1053, #3678 ) ) ;
#790 = ORIENTED_EDGE ( 'NONE', *, *, #3012, .F. ) ;
#791 = CIRCLE ( 'NONE', #474, 3.299999999999997158 ) ;
#792 = EDGE_CURVE ( 'NONE', #2226, #3216, #32, .T. ) ;
#793 = CARTESIAN_POINT ( 'NONE',  ( 74.42024260179678663, 10.00000000000000000, -134.9999999999999716 ) ) ;
#794 = DIRECTION ( 'NONE',  ( 0.000000000000000000, 0.000000000000000000, 1.000000000000000000 ) ) ;
#795 = CARTESIAN_POINT ( 'NONE',  ( 33.23401871576772493, -15.00000000000000000, -28.73401871576772848 ) ) ;
#796 = ORIENTED_EDGE ( 'NONE', *, *, #2785, .F. ) ;
#797 = SECURITY_CLASSIFICATION ( '', '', #631 ) ;
#798 = DIRECTION ( 'NONE',  ( -0.000000000000000000, 1.000000000000000000, -0.000000000000000000 ) ) ;
#799 = EDGE_CURVE ( 'NONE', #3473, #1309, #3673, .T. ) ;
#800 = SECURITY_CLASSIFICATION ( '', '', #1628 ) ;
#801 =( NAMED_UNIT ( * ) SI_UNIT ( $, .STERADIAN. ) SOLID_ANGLE_UNIT ( ) );
#802 = FACE_OUTER_BOUND ( 'NONE', #1394, .T. ) ;
#803 = DIRECTION ( 'NONE',  ( 1.000000000000000000, 0.000000000000000000, -4.270088556250598741E-15 ) ) ;
#804 = VERTEX_POINT ( 'NONE', #2147 ) ;
#805 = DIRECTION ( 'NONE',  ( 0.000000000000000000, 0.000000000000000000, 1.000000000000000000 ) ) ;
#806 = VECTOR ( 'NONE', #2956, 1000.000000000000000 ) ;
#807 = CIRCLE ( 'NONE', #3660, 225.0000000000000000 ) ;
#808 = SECURITY_CLASSIFICATION_LEVEL ( 'unclassified' ) ;
#809 = CARTESIAN_POINT ( 'NONE',  ( 134.9999999999999716, 10.00000000000000000, 74.39999999999994884 ) ) ;
#810 = AXIS2_PLACEMENT_3D ( 'NONE', #4575, #689, #3070 ) ;
#811 = VECTOR ( 'NONE', #4960, 999.9999999999998863 ) ;
#812 = CARTESIAN_POINT ( 'NONE',  ( -135.0000000000000568, 0.000000000000000000, 78.89999999999996305 ) ) ;
#813 = ADVANCED_FACE ( 'NONE', ( #1333 ), #418, .F. ) ;
#814 = ORIENTED_EDGE ( 'NONE', *, *, #148, .T. ) ;
#815 = CIRCLE ( 'NONE', #4489, 4.500000000000003553 ) ;
#816 = AXIS2_PLACEMENT_3D ( 'NONE', #2607, #3349, #4914 ) ;
#817 = DIRECTION ( 'NONE',  ( 0.000000000000000000, 0.000000000000000000, 1.000000000000000000 ) ) ;
#818 = DIRECTION ( 'NONE',  ( 0.000000000000000000, 0.000000000000000000, 1.000000000000000000 ) ) ;
#819 = ORIENTED_EDGE ( 'NONE', *, *, #3902, .T. ) ;
#820 = ORIENTED_EDGE ( 'NONE', *, *, #4554, .F. ) ;
#821 = CIRCLE ( 'NONE', #2044, 3.299999999999997158 ) ;
#822 = ORIENTED_EDGE ( 'NONE', *, *, #3597, .T. ) ;
#823 = VECTOR ( 'NONE', #4152, 999.9999999999998863 ) ;
#824 = CARTESIAN_POINT ( 'NONE',  ( -47.00000000000000000, 10.00000000000000000, -4.922988687768817400E-13 ) ) ;
#825 = DIRECTION ( 'NONE',  ( 0.000000000000000000, 1.000000000000000000, 0.000000000000000000 ) ) ;
#826 = LINE ( 'NONE', #3527, #4893 ) ;
#827 = VERTEX_POINT ( 'NONE', #567 ) ;
#828 = ADVANCED_FACE ( 'NONE', ( #3133 ), #248, .F. ) ;
#829 = DIRECTION ( 'NONE',  ( -0.000000000000000000, 1.000000000000000000, -0.000000000000000000 ) ) ;
#830 = CIRCLE ( 'NONE', #3024, 4.500000000000003553 ) ;
#831 = ORIENTED_EDGE ( 'NONE', *, *, #1278, .T. ) ;
#832 = DIRECTION ( 'NONE',  ( 0.000000000000000000, 0.000000000000000000, 1.000000000000000000 ) ) ;
#833 = CARTESIAN_POINT ( 'NONE',  ( -3.276481547916382399E-13, 5.850000000000004086, 42.50000000000000000 ) ) ;
#834 = CARTESIAN_POINT ( 'NONE',  ( -63.08284835957631032, 0.000000000000000000, -19.99999999999986500 ) ) ;
#835 = ORIENTED_EDGE ( 'NONE', *, *, #1596, .F. ) ;
#836 = EDGE_CURVE ( 'NONE', #2732, #4218, #1745, .T. ) ;
#837 = DIRECTION ( 'NONE',  ( 0.000000000000000000, 0.000000000000000000, 1.000000000000000000 ) ) ;
#838 = PRODUCT_RELATED_PRODUCT_CATEGORY ( 'detail', '', ( #1259 ) ) ;
#839 = CIRCLE ( 'NONE', #1413, 3.250000000000002665 ) ;
#840 = PLANE ( 'NONE',  #2445 ) ;
#841 = APPLICATION_PROTOCOL_DEFINITION ( 'international standard', 'config_control_design', 1994, #1540 ) ;
#842 = DIRECTION ( 'NONE',  ( 0.000000000000000000, 0.000000000000000000, 1.000000000000000000 ) ) ;
#843 = EDGE_CURVE ( 'NONE', #4216, #4118, #2855, .T. ) ;
#844 = CIRCLE ( 'NONE', #1416, 4.500000000000003553 ) ;
#845 = CYLINDRICAL_SURFACE ( 'NONE', #2118, 3.250000000000002665 ) ;
#846 = ORIENTED_EDGE ( 'NONE', *, *, #148, .F. ) ;
#847 = AXIS2_PLACEMENT_3D ( 'NONE', #3317, #1821, #3362 ) ;
#848 = DIRECTION ( 'NONE',  ( -0.000000000000000000, 1.000000000000000000, -0.000000000000000000 ) ) ;
#849 = ORIENTED_EDGE ( 'NONE', *, *, #3879, .T. ) ;
#850 = VERTEX_POINT ( 'NONE', #925 ) ;
#851 = CIRCLE ( 'NONE', #105, 4.499999999999997335 ) ;
#852 = ORIENTED_EDGE ( 'NONE', *, *, #3734, .T. ) ;
#853 = DIRECTION ( 'NONE',  ( 0.000000000000000000, 0.000000000000000000, 1.000000000000000000 ) ) ;
#854 = CARTESIAN_POINT ( 'NONE',  ( 0.000000000000000000, 10.00000000000000000, -47.00000000000000000 ) ) ;
#855 = ORIENTED_EDGE ( 'NONE', *, *, #3760, .F. ) ;
#856 = DIRECTION ( 'NONE',  ( -0.000000000000000000, 1.000000000000000000, -0.000000000000000000 ) ) ;
#857 = ADVANCED_FACE ( 'NONE', ( #3299 ), #2757, .F. ) ;
#858 = CARTESIAN_POINT ( 'NONE',  ( 0.000000000000000000, 0.000000000000000000, 0.000000000000000000 ) ) ;
#859 = CARTESIAN_POINT ( 'NONE',  ( -95.81296885077719594, 0.000000000000000000, -113.0690655051871403 ) ) ;
#860 = CYLINDRICAL_SURFACE ( 'NONE', #1256, 3.299999999999997158 ) ;
#861 = ORIENTED_EDGE ( 'NONE', *, *, #4167, .T. ) ;
#862 = CARTESIAN_POINT ( 'NONE',  ( -46.99999999999998579, -15.00000000000000000, 4.499999999999992006 ) ) ;
#863 = DIRECTION ( 'NONE',  ( 0.000000000000000000, 1.000000000000000000, 0.000000000000000000 ) ) ;
#864 = CARTESIAN_POINT ( 'NONE',  ( -63.08284835957631032, 10.00000000000000000, -23.29999999999986215 ) ) ;
#865 = DIRECTION ( 'NONE',  ( -0.000000000000000000, 1.000000000000000000, -0.000000000000000000 ) ) ;
#866 = VERTEX_POINT ( 'NONE', #3320 ) ;
#867 = CARTESIAN_POINT ( 'NONE',  ( 135.0000000000018474, 10.00000000000000000, -74.42024260179205442 ) ) ;
#868 = ORIENTED_EDGE ( 'NONE', *, *, #5015, .T. ) ;
#869 = EDGE_CURVE ( 'NONE', #4502, #573, #3833, .T. ) ;
#870 = ORIENTED_EDGE ( 'NONE', *, *, #965, .F. ) ;
#871 = AXIS2_PLACEMENT_3D ( 'NONE', #4768, #829, #2388 ) ;
#872 = DIRECTION ( 'NONE',  ( -0.000000000000000000, 1.000000000000000000, -0.000000000000000000 ) ) ;
#873 = LINE ( 'NONE', #2131, #490 ) ;
#874 = ORIENTED_EDGE ( 'NONE', *, *, #674, .F. ) ;
#875 = DIRECTION ( 'NONE',  ( -0.000000000000000000, 1.000000000000000000, -0.000000000000000000 ) ) ;
#876 = ADVANCED_FACE ( 'NONE', ( #2383, #2472, #1984, #4040, #542, #1716, #3271, #4832, #2883, #2497, #2266, #3819, #1044, #1894, #616, #3440, #4998, #1504, #4499, #1790, #252, #2574, #2555, #1409, #4131, #3464, #1997, #42, #1550, #2697, #2723, #1940, #4624, #1171, #3098, #4646, #2294, #2319, #782, #1581, #1220 ), #840, .T. ) ;
#877 = VERTEX_POINT ( 'NONE', #2067 ) ;
#878 = CARTESIAN_POINT ( 'NONE',  ( 33.23401871576779598, 10.00000000000000000, -33.23401871576767519 ) ) ;
#879 = CIRCLE ( 'NONE', #3402, 4.499999999999997335 ) ;
#880 = DIRECTION ( 'NONE',  ( -0.000000000000000000, 1.000000000000000000, -0.000000000000000000 ) ) ;
#881 = CYLINDRICAL_SURFACE ( 'NONE', #2799, 4.499999999999997335 ) ;
#882 = ORIENTED_EDGE ( 'NONE', *, *, #3766, .T. ) ;
#883 = CYLINDRICAL_SURFACE ( 'NONE', #4633, 4.499999999999997335 ) ;
#884 = ADVANCED_FACE ( 'NONE', ( #3636 ), #2039, .F. ) ;
#885 = DIRECTION ( 'NONE',  ( 0.000000000000000000, 1.000000000000000000, 0.000000000000000000 ) ) ;
#886 = PERSON_AND_ORGANIZATION ( #431, #3410 ) ;
#887 = FACE_BOUND ( 'NONE', #326, .T. ) ;
#888 = CC_DESIGN_APPROVAL ( #4015, ( #1988 ) ) ;
#889 = CARTESIAN_POINT ( 'NONE',  ( 0.000000000000000000, 10.00000000000000000, 27.50000000000000000 ) ) ;
#890 = CARTESIAN_POINT ( 'NONE',  ( 135.0000000000000000, 10.00000000000000000, 134.9999999999999432 ) ) ;
#891 = EDGE_CURVE ( 'NONE', #3473, #2469, #1551, .T. ) ;
#892 = CIRCLE ( 'NONE', #2197, 4.500000000000003553 ) ;
#893 = ORIENTED_EDGE ( 'NONE', *, *, #3952, .F. ) ;
#894 = ORIENTED_EDGE ( 'NONE', *, *, #4897, .F. ) ;
#895 = DIRECTION ( 'NONE',  ( -0.000000000000000000, 1.000000000000000000, -0.000000000000000000 ) ) ;
#896 = ORIENTED_EDGE ( 'NONE', *, *, #753, .T. ) ;
#897 = ORIENTED_EDGE ( 'NONE', *, *, #3203, .F. ) ;
#898 = EDGE_CURVE ( 'NONE', #4396, #1105, #4333, .T. ) ;
#899 = VECTOR ( 'NONE', #312, 1000.000000000000114 ) ;
#900 = AXIS2_PLACEMENT_3D ( 'NONE', #3281, #3650, #157 ) ;
#901 = EDGE_LOOP ( 'NONE', ( #2333, #442, #3189, #3157 ) ) ;
#902 = CC_DESIGN_PERSON_AND_ORGANIZATION_ASSIGNMENT ( #2877, #3206, ( #3515 ) ) ;
#903 = FACE_BOUND ( 'NONE', #3647, .T. ) ;
#904 = VECTOR ( 'NONE', #4860, 1000.000000000000000 ) ;
#905 = CARTESIAN_POINT ( 'NONE',  ( 4.041334437186265510E-16, 7.000000000000000000, 24.20000000000000284 ) ) ;
#906 = ORIENTED_EDGE ( 'NONE', *, *, #67, .T. ) ;
#907 = EDGE_CURVE ( 'NONE', #1339, #1309, #2854, .T. ) ;
#908 = CARTESIAN_POINT ( 'NONE',  ( -135.0000000000000568, 10.00000000000000000, 74.39999999999994884 ) ) ;
#909 = AXIS2_PLACEMENT_3D ( 'NONE', #5016, #2688, #1600 ) ;
#910 = EDGE_CURVE ( 'NONE', #4505, #3641, #3502, .T. ) ;
#911 = DIRECTION ( 'NONE',  ( -0.000000000000000000, 1.000000000000000000, -0.000000000000000000 ) ) ;
#912 = CARTESIAN_POINT ( 'NONE',  ( 37.50000000000137135, 10.00000000000000000, 80.58284835958099279 ) ) ;
#913 = DIRECTION ( 'NONE',  ( 0.000000000000000000, 0.000000000000000000, 1.000000000000000000 ) ) ;
#914 = CARTESIAN_POINT ( 'NONE',  ( 0.000000000000000000, 5.850000000000004086, -47.00000000000000000 ) ) ;
#915 = AXIS2_PLACEMENT_3D ( 'NONE', #934, #2006, #853 ) ;
#916 = DIRECTION ( 'NONE',  ( -0.000000000000000000, 1.000000000000000000, -0.000000000000000000 ) ) ;
#917 = APPLICATION_PROTOCOL_DEFINITION ( 'international standard', 'config_control_design', 1994, #931 ) ;
#918 = DIRECTION ( 'NONE',  ( 0.000000000000000000, 0.000000000000000000, 1.000000000000000000 ) ) ;
#919 = CARTESIAN_POINT ( 'NONE',  ( -134.9999999999981242, 10.00000000000000000, -78.92024260179206863 ) ) ;
#920 = AXIS2_PLACEMENT_3D ( 'NONE', #46, #4348, #2405 ) ;
#921 = ORIENTED_EDGE ( 'NONE', *, *, #2448, .F. ) ;
#922 = EDGE_CURVE ( 'NONE', #2366, #2170, #2770, .T. ) ;
#923 = EDGE_CURVE ( 'NONE', #1152, #339, #3423, .T. ) ;
#924 = CIRCLE ( 'NONE', #4601, 3.299999999999997158 ) ;
#925 = CARTESIAN_POINT ( 'NONE',  ( 116.3485199889830000, 0.000000000000000000, 92.65517145489961592 ) ) ;
#926 = CARTESIAN_POINT ( 'NONE',  ( -33.23401871576733413, 0.000000000000000000, -28.73401871576814059 ) ) ;
#927 = ORIENTED_EDGE ( 'NONE', *, *, #354, .T. ) ;
#928 = ORIENTED_EDGE ( 'NONE', *, *, #599, .F. ) ;
#929 = AXIS2_PLACEMENT_3D ( 'NONE', #2115, #1356, #2190 ) ;
#930 = ORIENTED_EDGE ( 'NONE', *, *, #3097, .F. ) ;
#931 = APPLICATION_CONTEXT ( 'configuration controlled 3d designs of mechanical parts and assemblies' ) ;
#932 = EDGE_CURVE ( 'NONE', #3856, #4607, #502, .T. ) ;
#933 = EDGE_CURVE ( 'NONE', #4098, #4807, #6, .T. ) ;
#934 = CARTESIAN_POINT ( 'NONE',  ( -47.00000000000000000, 10.00000000000000000, -4.922988687768817400E-13 ) ) ;
#935 = AXIS2_PLACEMENT_3D ( 'NONE', #4894, #2512, #534 ) ;
#936 = DIRECTION ( 'NONE',  ( 0.000000000000000000, 0.000000000000000000, 1.000000000000000000 ) ) ;
#937 = ORIENTED_EDGE ( 'NONE', *, *, #3744, .T. ) ;
#938 = DIRECTION ( 'NONE',  ( 0.000000000000000000, 0.000000000000000000, 1.000000000000000000 ) ) ;
#939 = DIRECTION ( 'NONE',  ( 0.000000000000000000, 0.000000000000000000, -1.000000000000000000 ) ) ;
#940 = CARTESIAN_POINT ( 'NONE',  ( 0.000000000000000000, 10.00000000000000000, 0.000000000000000000 ) ) ;
#941 = LINE ( 'NONE', #4793, #3951 ) ;
#942 = EDGE_CURVE ( 'NONE', #1516, #4505, #2846, .T. ) ;
#943 = PRODUCT_DEFINITION_SHAPE ( 'NONE', 'NONE',  #5051 ) ;
#944 = APPLICATION_PROTOCOL_DEFINITION ( 'international standard', 'config_control_design', 1994, #2136 ) ;
#945 = DIRECTION ( 'NONE',  ( 0.000000000000000000, 0.000000000000000000, -1.000000000000000000 ) ) ;
#946 = DIRECTION ( 'NONE',  ( 0.000000000000000000, 0.000000000000000000, 1.000000000000000000 ) ) ;
#947 = DIRECTION ( 'NONE',  ( -0.000000000000000000, 1.000000000000000000, -0.000000000000000000 ) ) ;
#948 = MANIFOLD_SOLID_BREP ( 'M6x1.0 Tapped Hole2', #1625 ) ;
#949 = DIRECTION ( 'NONE',  ( -0.000000000000000000, 1.000000000000000000, -0.000000000000000000 ) ) ;
#950 = ORIENTED_EDGE ( 'NONE', *, *, #4753, .T. ) ;
#951 = CARTESIAN_POINT ( 'NONE',  ( -134.9999999999999432, 10.00000000000000000, 139.4999999999999432 ) ) ;
#952 = VERTEX_POINT ( 'NONE', #3665 ) ;
#953 = ORIENTED_EDGE ( 'NONE', *, *, #922, .T. ) ;
#954 = EDGE_LOOP ( 'NONE', ( #4346, #1268, #3724, #203 ) ) ;
#955 = CARTESIAN_POINT ( 'NONE',  ( 74.42024260179678663, 10.00000000000000000, -139.4999999999999716 ) ) ;
#956 = VERTEX_POINT ( 'NONE', #1737 ) ;
#957 = DIRECTION ( 'NONE',  ( -0.000000000000000000, 1.000000000000000000, -0.000000000000000000 ) ) ;
#958 = EDGE_CURVE ( 'NONE', #1828, #3645, #2691, .T. ) ;
#959 = CARTESIAN_POINT ( 'NONE',  ( 33.23401871576771782, 0.000000000000000000, 33.23401871576773203 ) ) ;
#960 = CARTESIAN_POINT ( 'NONE',  ( 6.938893903907228378E-15, -15.00000000000000000, -51.50000000000000000 ) ) ;
#961 = DIRECTION ( 'NONE',  ( -0.000000000000000000, 1.000000000000000000, -0.000000000000000000 ) ) ;
#962 = DIRECTION ( 'NONE',  ( 8.659560562354937789E-17, 0.7071067811865470176, -0.7071067811865479058 ) ) ;
#963 = ORIENTED_EDGE ( 'NONE', *, *, #4584, .F. ) ;
#964 = AXIS2_PLACEMENT_3D ( 'NONE', #1603, #3536, #837 ) ;
#965 = EDGE_CURVE ( 'NONE', #4213, #1230, #1730, .T. ) ;
#966 = AXIS2_PLACEMENT_3D ( 'NONE', #3253, #528, #1776 ) ;
#967 = EDGE_CURVE ( 'NONE', #1528, #363, #2134, .T. ) ;
#968 = DIRECTION ( 'NONE',  ( 0.000000000000000000, 0.000000000000000000, -1.000000000000000000 ) ) ;
#969 = SECURITY_CLASSIFICATION_LEVEL ( 'unclassified' ) ;
#970 = FACE_OUTER_BOUND ( 'NONE', #1127, .T. ) ;
#971 = DIRECTION ( 'NONE',  ( -0.000000000000000000, 1.000000000000000000, -0.000000000000000000 ) ) ;
#972 = CARTESIAN_POINT ( 'NONE',  ( 46.99999999999999289, -15.00000000000000000, 4.500000000000003553 ) ) ;
#973 = ADVANCED_FACE ( 'NONE', ( #3693 ), #1402, .F. ) ;
#974 = CARTESIAN_POINT ( 'NONE',  ( 134.9999999999999716, 10.00000000000000000, 74.39999999999994884 ) ) ;
#975 = CARTESIAN_POINT ( 'NONE',  ( 135.0000000000000000, 0.000000000000000000, 139.4999999999999432 ) ) ;
#976 = ADVANCED_FACE ( 'NONE', ( #4366 ), #479, .F. ) ;
#977 = ORIENTED_EDGE ( 'NONE', *, *, #1196, .T. ) ;
#978 = ORIENTED_EDGE ( 'NONE', *, *, #155, .F. ) ;
#979 = ORIENTED_EDGE ( 'NONE', *, *, #3968, .F. ) ;
#980 = CIRCLE ( 'NONE', #3911, 60.00000000000000000 ) ;
#981 = VECTOR ( 'NONE', #679, 1000.000000000000000 ) ;
#982 = CIRCLE ( 'NONE', #2844, 4.499999999999997335 ) ;
#983 = ORIENTED_EDGE ( 'NONE', *, *, #4973, .T. ) ;
#984 = CARTESIAN_POINT ( 'NONE',  ( 0.000000000000000000, 0.000000000000000000, -27.50000000000000000 ) ) ;
#985 = ORIENTED_EDGE ( 'NONE', *, *, #4055, .F. ) ;
#986 = VECTOR ( 'NONE', #2626, 1000.000000000000000 ) ;
#987 = CARTESIAN_POINT ( 'NONE',  ( -33.23401871576802336, 10.00000000000000000, 33.23401871576744782 ) ) ;
#988 = VECTOR ( 'NONE', #4453, 1000.000000000000000 ) ;
#989 = AXIS2_PLACEMENT_3D ( 'NONE', #824, #177, #3549 ) ;
#990 = CYLINDRICAL_SURFACE ( 'NONE', #4161, 3.299999999999997158 ) ;
#991 = EDGE_CURVE ( 'NONE', #45, #4660, #3836, .T. ) ;
#992 = LINE ( 'NONE', #3331, #4831 ) ;
#993 = CARTESIAN_POINT ( 'NONE',  ( -47.00000000000000000, 5.850000000000004086, -4.500000000000489386 ) ) ;
#994 = ORIENTED_EDGE ( 'NONE', *, *, #2024, .F. ) ;
#995 = AXIS2_PLACEMENT_3D ( 'NONE', #1165, #349, #4993 ) ;
#996 = CARTESIAN_POINT ( 'NONE',  ( 27.50000000000000000, 1.734723475976807094E-15, 3.299999999999997158 ) ) ;
#997 = DIRECTION ( 'NONE',  ( -0.000000000000000000, -1.000000000000000000, -0.000000000000000000 ) ) ;
#998 = CIRCLE ( 'NONE', #1644, 3.299999999999997158 ) ;
#999 = PERSON_AND_ORGANIZATION ( #431, #3410 ) ;
#1000 = EDGE_CURVE ( 'NONE', #2726, #2275, #4905, .T. ) ;
#1001 = DIRECTION ( 'NONE',  ( -1.000000000000000000, 0.000000000000000000, 8.540177112501197482E-15 ) ) ;
#1002 = LINE ( 'NONE', #2551, #1706 ) ;
#1003 = LINE ( 'NONE', #4446, #806 ) ;
#1004 = VECTOR ( 'NONE', #4791, 1000.000000000000000 ) ;
#1005 = ORIENTED_EDGE ( 'NONE', *, *, #5009, .F. ) ;
#1006 = DIRECTION ( 'NONE',  ( -0.000000000000000000, 1.000000000000000000, -0.000000000000000000 ) ) ;
#1007 = ORIENTED_EDGE ( 'NONE', *, *, #4895, .T. ) ;
#1008 = AXIS2_PLACEMENT_3D ( 'NONE', #867, #2423, #3242 ) ;
#1009 = ORIENTED_EDGE ( 'NONE', *, *, #3734, .F. ) ;
#1010 = ORIENTED_EDGE ( 'NONE', *, *, #4341, .F. ) ;
#1011 = EDGE_LOOP ( 'NONE', ( #3788, #1678 ) ) ;
#1012 = DIRECTION ( 'NONE',  ( -0.000000000000000000, 1.000000000000000000, -0.000000000000000000 ) ) ;
#1013 = ORIENTED_EDGE ( 'NONE', *, *, #3719, .T. ) ;
#1014 = CIRCLE ( 'NONE', #4516, 3.250000000000002665 ) ;
#1015 = DIRECTION ( 'NONE',  ( -0.000000000000000000, 1.000000000000000000, -0.000000000000000000 ) ) ;
#1016 = DIRECTION ( 'NONE',  ( -0.000000000000000000, 1.000000000000000000, -0.000000000000000000 ) ) ;
#1017 = CYLINDRICAL_SURFACE ( 'NONE', #4851, 3.250000000000002665 ) ;
#1018 = CIRCLE ( 'NONE', #443, 3.299999999999997158 ) ;
#1019 = EDGE_CURVE ( 'NONE', #3855, #3107, #333, .T. ) ;
#1020 = DIRECTION ( 'NONE',  ( 0.000000000000000000, 0.000000000000000000, 1.000000000000000000 ) ) ;
#1021 = DATE_TIME_ROLE ( 'classification_date' ) ;
#1022 = DIRECTION ( 'NONE',  ( -0.000000000000000000, 1.000000000000000000, -0.000000000000000000 ) ) ;
#1023 = CARTESIAN_POINT ( 'NONE',  ( 5.510910596163090542E-16, 0.000000000000000000, -51.50000000000000000 ) ) ;
#1024 = DIRECTION ( 'NONE',  ( -0.000000000000000000, 1.000000000000000000, -0.000000000000000000 ) ) ;
#1025 = EDGE_LOOP ( 'NONE', ( #4593, #1586 ) ) ;
#1026 = CARTESIAN_POINT ( 'NONE',  ( -95.81296885077719594, 10.00000000000000000, -119.5690655051871403 ) ) ;
#1027 = ORIENTED_EDGE ( 'NONE', *, *, #1876, .T. ) ;
#1028 = VERTEX_POINT ( 'NONE', #2921 ) ;
#1029 = ORIENTED_EDGE ( 'NONE', *, *, #4167, .F. ) ;
#1030 = EDGE_CURVE ( 'NONE', #1033, #2931, #2289, .T. ) ;
#1031 = ORIENTED_EDGE ( 'NONE', *, *, #4468, .F. ) ;
#1032 = CARTESIAN_POINT ( 'NONE',  ( 134.9999999999999716, 10.00000000000000000, 69.89999999999994884 ) ) ;
#1033 = VERTEX_POINT ( 'NONE', #1095 ) ;
#1034 = DIRECTION ( 'NONE',  ( 0.000000000000000000, 1.000000000000000000, 0.000000000000000000 ) ) ;
#1035 = FACE_OUTER_BOUND ( 'NONE', #100, .T. ) ;
#1036 = CARTESIAN_POINT ( 'NONE',  ( 27.50000000000000000, 0.000000000000000000, 0.000000000000000000 ) ) ;
#1037 = ORIENTED_EDGE ( 'NONE', *, *, #5036, .F. ) ;
#1038 = CARTESIAN_POINT ( 'NONE',  ( 37.50000000000137135, 0.000000000000000000, 80.58284835958099279 ) ) ;
#1039 = DIRECTION ( 'NONE',  ( 0.000000000000000000, 0.000000000000000000, 1.000000000000000000 ) ) ;
#1040 = DIRECTION ( 'NONE',  ( -0.000000000000000000, 1.000000000000000000, -0.000000000000000000 ) ) ;
#1041 = FACE_OUTER_BOUND ( 'NONE', #1769, .T. ) ;
#1042 = CARTESIAN_POINT ( 'NONE',  ( 37.50000000000137135, 10.00000000000000000, 83.88284835958098995 ) ) ;
#1043 = AXIS2_PLACEMENT_3D ( 'NONE', #4318, #3591, #3563 ) ;
#1044 = FACE_BOUND ( 'NONE', #486, .T. ) ;
#1045 = ORIENTED_EDGE ( 'NONE', *, *, #3392, .F. ) ;
#1046 = FACE_OUTER_BOUND ( 'NONE', #1216, .T. ) ;
#1047 = EDGE_CURVE ( 'NONE', #4794, #4218, #3584, .T. ) ;
#1048 = CC_DESIGN_APPROVAL ( #1249, ( #1209 ) ) ;
#1049 = ORIENTED_EDGE ( 'NONE', *, *, #1057, .T. ) ;
#1050 = EDGE_CURVE ( 'NONE', #1152, #1925, #4898, .T. ) ;
#1051 = ORIENTED_EDGE ( 'NONE', *, *, #4283, .F. ) ;
#1052 = AXIS2_PLACEMENT_3D ( 'NONE', #3436, #1522, #378 ) ;
#1053 = ORIENTED_EDGE ( 'NONE', *, *, #2935, .T. ) ;
#1054 = PRODUCT_DEFINITION_FORMATION_WITH_SPECIFIED_SOURCE ( 'ANY', '', #4317, .NOT_KNOWN. ) ;
#1055 = CARTESIAN_POINT ( 'NONE',  ( 27.50000000000000000, -15.00000000000000000, 0.000000000000000000 ) ) ;
#1056 = ORIENTED_EDGE ( 'NONE', *, *, #2915, .F. ) ;
#1057 = EDGE_CURVE ( 'NONE', #2862, #330, #661, .T. ) ;
#1058 = FACE_OUTER_BOUND ( 'NONE', #2426, .T. ) ;
#1059 = EDGE_LOOP ( 'NONE', ( #4500, #2891, #1150, #1993 ) ) ;
#1060 = ADVANCED_FACE ( 'NONE', ( #4925 ), #4873, .F. ) ;
#1061 = CC_DESIGN_APPROVAL ( #3283, ( #2750 ) ) ;
#1062 = DIRECTION ( 'NONE',  ( -0.000000000000000000, 1.000000000000000000, -0.000000000000000000 ) ) ;
#1063 = CARTESIAN_POINT ( 'NONE',  ( 27.50000000000000000, 10.00000000000000000, -6.299999999999996270 ) ) ;
#1064 = EDGE_CURVE ( 'NONE', #1226, #2425, #3178, .T. ) ;
#1065 = VECTOR ( 'NONE', #3541, 1000.000000000000000 ) ;
#1066 = VECTOR ( 'NONE', #9, 1000.000000000000000 ) ;
#1067 = CARTESIAN_POINT ( 'NONE',  ( -63.08284835957622505, 10.00000000000000000, 19.99999999999991118 ) ) ;
#1068 = ORIENTED_EDGE ( 'NONE', *, *, #3825, .F. ) ;
#1069 = AXIS2_PLACEMENT_3D ( 'NONE', #1382, #4496, #3408 ) ;
#1070 = VECTOR ( 'NONE', #1012, 1000.000000000000000 ) ;
#1071 = EDGE_CURVE ( 'NONE', #2151, #4026, #4570, .T. ) ;
#1072 = DIRECTION ( 'NONE',  ( -0.000000000000000000, 1.000000000000000000, -0.000000000000000000 ) ) ;
#1073 = CARTESIAN_POINT ( 'NONE',  ( 46.99999999999999289, 5.850000000000004086, 1.640996229256272803E-13 ) ) ;
#1074 = CARTESIAN_POINT ( 'NONE',  ( 33.23401871576756150, 10.00000000000000000, 33.23401871576790256 ) ) ;
#1075 = AXIS2_PLACEMENT_3D ( 'NONE', #3806, #1130, #2641 ) ;
#1076 = DIRECTION ( 'NONE',  ( -0.000000000000000000, 1.000000000000000000, -0.000000000000000000 ) ) ;
#1077 = CARTESIAN_POINT ( 'NONE',  ( -27.50000000000000000, 0.000000000000000000, 2.499999999999996891 ) ) ;
#1078 = VECTOR ( 'NONE', #3023, 1000.000000000000000 ) ;
#1079 = ORIENTED_EDGE ( 'NONE', *, *, #4276, .F. ) ;
#1080 = FACE_OUTER_BOUND ( 'NONE', #3379, .T. ) ;
#1081 = ORIENTED_EDGE ( 'NONE', *, *, #1824, .F. ) ;
#1082 = AXIS2_PLACEMENT_3D ( 'NONE', #4636, #2642, #4197 ) ;
#1083 = DIRECTION ( 'NONE',  ( -0.000000000000000000, 1.000000000000000000, -0.000000000000000000 ) ) ;
#1084 = EDGE_LOOP ( 'NONE', ( #406, #4922 ) ) ;
#1085 = DIRECTION ( 'NONE',  ( -0.000000000000000000, 1.000000000000000000, -0.000000000000000000 ) ) ;
#1086 = VERTEX_POINT ( 'NONE', #630 ) ;
#1087 = CIRCLE ( 'NONE', #2301, 3.250000000000002665 ) ;
#1088 = EDGE_CURVE ( 'NONE', #399, #3624, #2973, .T. ) ;
#1089 = DIRECTION ( 'NONE',  ( -0.000000000000000000, 1.000000000000000000, -0.000000000000000000 ) ) ;
#1090 = CYLINDRICAL_SURFACE ( 'NONE', #1082, 3.250000000000002665 ) ;
#1091 = VECTOR ( 'NONE', #2222, 1000.000000000000000 ) ;
#1092 = CYLINDRICAL_SURFACE ( 'NONE', #1136, 4.499999999999997335 ) ;
#1093 = CIRCLE ( 'NONE', #4028, 3.250000000000002665 ) ;
#1094 = CARTESIAN_POINT ( 'NONE',  ( -47.00000000000000000, 5.850000000000004086, -4.922988687768817400E-13 ) ) ;
#1095 = CARTESIAN_POINT ( 'NONE',  ( 74.40000000000000568, 10.00000000000000000, 130.5000000000000000 ) ) ;
#1096 = EDGE_CURVE ( 'NONE', #385, #715, #3508, .T. ) ;
#1097 = DIRECTION ( 'NONE',  ( -0.000000000000000000, 1.000000000000000000, -0.000000000000000000 ) ) ;
#1098 = AXIS2_PLACEMENT_3D ( 'NONE', #2918, #4439, #2898 ) ;
#1099 = CARTESIAN_POINT ( 'NONE',  ( -1.332669674819814701E-14, 0.000000000000000000, 51.50000000000000000 ) ) ;
#1100 = DIRECTION ( 'NONE',  ( -0.000000000000000000, 1.000000000000000000, -0.000000000000000000 ) ) ;
#1101 = ORIENTED_EDGE ( 'NONE', *, *, #910, .F. ) ;
#1102 = DIRECTION ( 'NONE',  ( -0.000000000000000000, 1.000000000000000000, -0.000000000000000000 ) ) ;
#1103 = ORIENTED_EDGE ( 'NONE', *, *, #3158, .F. ) ;
#1104 = ADVANCED_BREP_SHAPE_REPRESENTATION ( '', ( #2602, #3248 ), #1616 ) ;
#1105 = VERTEX_POINT ( 'NONE', #271 ) ;
#1106 = CARTESIAN_POINT ( 'NONE',  ( 46.99999999999999289, 10.00000000000000000, -8.649999999999833378 ) ) ;
#1107 = ORIENTED_EDGE ( 'NONE', *, *, #1459, .F. ) ;
#1108 = FACE_OUTER_BOUND ( 'NONE', #2534, .T. ) ;
#1109 = EDGE_LOOP ( 'NONE', ( #1611, #2748 ) ) ;
#1110 = EDGE_CURVE ( 'NONE', #4586, #1948, #4662, .T. ) ;
#1111 = CARTESIAN_POINT ( 'NONE',  ( 46.99999999999999289, 0.000000000000000000, 6.938893903907228378E-15 ) ) ;
#1112 = DIRECTION ( 'NONE',  ( -0.000000000000000000, 1.000000000000000000, -0.000000000000000000 ) ) ;
#1113 = DIRECTION ( 'NONE',  ( -0.000000000000000000, 1.000000000000000000, -0.000000000000000000 ) ) ;
#1114 = EDGE_LOOP ( 'NONE', ( #5022, #1816 ) ) ;
#1115 = EDGE_CURVE ( 'NONE', #516, #3799, #2592, .T. ) ;
#1116 = DIRECTION ( 'NONE',  ( 0.000000000000000000, 0.7071067811865476838, 0.7071067811865474617 ) ) ;
#1117 = DIRECTION ( 'NONE',  ( 0.000000000000000000, 0.000000000000000000, 1.000000000000000000 ) ) ;
#1118 = CARTESIAN_POINT ( 'NONE',  ( 0.000000000000000000, 8.000000000000081712, 0.000000000000000000 ) ) ;
#1119 = EDGE_CURVE ( 'NONE', #827, #1899, #2450, .T. ) ;
#1120 = DIRECTION ( 'NONE',  ( -0.000000000000000000, -1.000000000000000000, -0.000000000000000000 ) ) ;
#1121 = ORIENTED_EDGE ( 'NONE', *, *, #2312, .F. ) ;
#1122 = CARTESIAN_POINT ( 'NONE',  ( -33.23401871576773914, 0.000000000000000000, 33.23401871576772493 ) ) ;
#1123 = EDGE_CURVE ( 'NONE', #1438, #2731, #251, .T. ) ;
#1124 = ORIENTED_EDGE ( 'NONE', *, *, #3478, .F. ) ;
#1125 = EDGE_LOOP ( 'NONE', ( #4628, #4187, #2198, #5024 ) ) ;
#1126 = DIRECTION ( 'NONE',  ( -0.000000000000000000, 1.000000000000000000, -0.000000000000000000 ) ) ;
#1127 = EDGE_LOOP ( 'NONE', ( #1633, #4274, #4913, #1340 ) ) ;
#1128 = LINE ( 'NONE', #3106, #1311 ) ;
#1129 = EDGE_LOOP ( 'NONE', ( #3306, #2325, #488, #725 ) ) ;
#1130 = DIRECTION ( 'NONE',  ( -0.000000000000000000, -1.000000000000000000, -0.000000000000000000 ) ) ;
#1131 = CARTESIAN_POINT ( 'NONE',  ( 95.84242333457314089, 10.00000000000000000, 119.6612681093095887 ) ) ;
#1132 = DIRECTION ( 'NONE',  ( -0.000000000000000000, 1.000000000000000000, -0.000000000000000000 ) ) ;
#1133 = ORIENTED_EDGE ( 'NONE', *, *, #101, .T. ) ;
#1134 = EDGE_CURVE ( 'NONE', #1230, #2295, #685, .T. ) ;
#1135 = ADVANCED_FACE ( 'NONE', ( #2260 ), #1762, .F. ) ;
#1136 = AXIS2_PLACEMENT_3D ( 'NONE', #2284, #4617, #2643 ) ;
#1137 =( LENGTH_UNIT ( ) NAMED_UNIT ( * ) SI_UNIT ( .MILLI., .METRE. ) );
#1138 = CARTESIAN_POINT ( 'NONE',  ( 0.000000000000000000, 10.00000000000000000, 0.000000000000000000 ) ) ;
#1139 = CIRCLE ( 'NONE', #1219, 4.499999999999997335 ) ;
#1140 = DIRECTION ( 'NONE',  ( -0.000000000000000000, 1.000000000000000000, -0.000000000000000000 ) ) ;
#1141 = ORIENTED_EDGE ( 'NONE', *, *, #1591, .F. ) ;
#1142 = LINE ( 'NONE', #781, #2923 ) ;
#1143 = FACE_OUTER_BOUND ( 'NONE', #1978, .T. ) ;
#1144 = AXIS2_PLACEMENT_3D ( 'NONE', #3330, #4891, #2210 ) ;
#1145 = CIRCLE ( 'NONE', #2127, 3.299999999999997158 ) ;
#1146 = PERSON_AND_ORGANIZATION ( #431, #3410 ) ;
#1147 = DIRECTION ( 'NONE',  ( -0.000000000000000000, 1.000000000000000000, -0.000000000000000000 ) ) ;
#1148 = ORIENTED_EDGE ( 'NONE', *, *, #3351, .T. ) ;
#1149 = AXIS2_PLACEMENT_3D ( 'NONE', #2953, #4963, #4491 ) ;
#1150 = ORIENTED_EDGE ( 'NONE', *, *, #4584, .T. ) ;
#1151 = DIRECTION ( 'NONE',  ( -0.000000000000000000, 1.000000000000000000, -0.000000000000000000 ) ) ;
#1152 = VERTEX_POINT ( 'NONE', #4620 ) ;
#1153 = AXIS2_PLACEMENT_3D ( 'NONE', #1138, #757, #3871 ) ;
#1154 = LINE ( 'NONE', #2070, #1228 ) ;
#1155 = EDGE_LOOP ( 'NONE', ( #3988, #776, #620, #3417 ) ) ;
#1156 = CIRCLE ( 'NONE', #3938, 2.499999999999995115 ) ;
#1157 = DIRECTION ( 'NONE',  ( 0.000000000000000000, 1.000000000000000000, 0.000000000000000000 ) ) ;
#1158 = DIRECTION ( 'NONE',  ( -0.000000000000000000, 1.000000000000000000, -0.000000000000000000 ) ) ;
#1159 = DIRECTION ( 'NONE',  ( -0.000000000000000000, -1.000000000000000000, -0.000000000000000000 ) ) ;
#1160 = ORIENTED_EDGE ( 'NONE', *, *, #4661, .F. ) ;
#1161 = VECTOR ( 'NONE', #3273, 1000.000000000000114 ) ;
#1162 = CARTESIAN_POINT ( 'NONE',  ( -3.281992458512545606E-13, 10.00000000000000000, 47.00000000000000000 ) ) ;
#1163 = AXIS2_PLACEMENT_3D ( 'NONE', #1457, #356, #4604 ) ;
#1164 = PERSON_AND_ORGANIZATION ( #431, #3410 ) ;
#1165 = CARTESIAN_POINT ( 'NONE',  ( 0.000000000000000000, 0.000000000000000000, 0.000000000000000000 ) ) ;
#1166 = DIRECTION ( 'NONE',  ( -0.000000000000000000, 1.000000000000000000, -0.000000000000000000 ) ) ;
#1167 = ORIENTED_EDGE ( 'NONE', *, *, #2927, .F. ) ;
#1168 = DIRECTION ( 'NONE',  ( -0.000000000000000000, 1.000000000000000000, -0.000000000000000000 ) ) ;
#1169 = VECTOR ( 'NONE', #4254, 1000.000000000000000 ) ;
#1170 = AXIS2_PLACEMENT_3D ( 'NONE', #2840, #3658, #913 ) ;
#1171 = FACE_BOUND ( 'NONE', #2489, .T. ) ;
#1172 = DIRECTION ( 'NONE',  ( -0.000000000000000000, 1.000000000000000000, -0.000000000000000000 ) ) ;
#1173 = LINE ( 'NONE', #2344, #1390 ) ;
#1174 = EDGE_CURVE ( 'NONE', #3414, #2223, #170, .T. ) ;
#1175 = ORIENTED_EDGE ( 'NONE', *, *, #2716, .F. ) ;
#1176 = LINE ( 'NONE', #1106, #2460 ) ;
#1177 = ORIENTED_EDGE ( 'NONE', *, *, #4370, .F. ) ;
#1178 = CYLINDRICAL_SURFACE ( 'NONE', #3834, 3.299999999999997158 ) ;
#1179 = ORIENTED_EDGE ( 'NONE', *, *, #4368, .T. ) ;
#1180 = EDGE_LOOP ( 'NONE', ( #4609, #2533 ) ) ;
#1181 = CARTESIAN_POINT ( 'NONE',  ( 0.000000000000000000, 0.000000000000000000, 0.000000000000000000 ) ) ;
#1182 = CC_DESIGN_PERSON_AND_ORGANIZATION_ASSIGNMENT ( #1998, #3510, ( #1938 ) ) ;
#1183 = CARTESIAN_POINT ( 'NONE',  ( 0.000000000000000000, 10.00000000000000000, -223.0000000000000853 ) ) ;
#1184 = CARTESIAN_POINT ( 'NONE',  ( 98.08284835957788061, 10.00000000000000000, -20.00000000000000711 ) ) ;
#1185 =( REPRESENTATION_RELATIONSHIP ('NONE','NONE', #3003, #3530 ) REPRESENTATION_RELATIONSHIP_WITH_TRANSFORMATION ( #1785 )SHAPE_REPRESENTATION_RELATIONSHIP( ) );
#1186 = CARTESIAN_POINT ( 'NONE',  ( 33.23401871576771782, -15.00000000000000000, 37.73401871576773203 ) ) ;
#1187 = UNCERTAINTY_MEASURE_WITH_UNIT (LENGTH_MEASURE( 1.000000000000000082E-05 ), #1137, 'distance_accuracy_value', 'NONE');
#1188 = LINE ( 'NONE', #2314, #4339 ) ;
#1189 = CARTESIAN_POINT ( 'NONE',  ( -134.9999999999999432, 10.00000000000000000, -130.5000000000000000 ) ) ;
#1190 = ORIENTED_EDGE ( 'NONE', *, *, #3034, .F. ) ;
#1191 = LINE ( 'NONE', #17, #2259 ) ;
#1192 = ADVANCED_FACE ( 'NONE', ( #3433 ), #3811, .F. ) ;
#1193 = APPROVAL_STATUS ( 'not_yet_approved' ) ;
#1194 = CARTESIAN_POINT ( 'NONE',  ( -135.0000000000000568, 10.00000000000000000, 74.39999999999994884 ) ) ;
#1195 = EDGE_LOOP ( 'NONE', ( #1558, #1031, #694, #4861 ) ) ;
#1196 = EDGE_CURVE ( 'NONE', #3799, #2732, #4977, .T. ) ;
#1197 = DIRECTION ( 'NONE',  ( -0.000000000000000000, 1.000000000000000000, -0.000000000000000000 ) ) ;
#1198 = EDGE_CURVE ( 'NONE', #568, #2014, #3755, .T. ) ;
#1199 = CARTESIAN_POINT ( 'NONE',  ( -33.23401871576802336, 10.00000000000000000, 33.23401871576744782 ) ) ;
#1200 = EDGE_LOOP ( 'NONE', ( #3729, #4017 ) ) ;
#1201 = CIRCLE ( 'NONE', #216, 4.499999999999997335 ) ;
#1202 = ORIENTED_EDGE ( 'NONE', *, *, #2237, .T. ) ;
#1203 = EDGE_LOOP ( 'NONE', ( #1068, #4255 ) ) ;
#1204 = VECTOR ( 'NONE', #4544, 1000.000000000000000 ) ;
#1205 = CARTESIAN_POINT ( 'NONE',  ( -134.9999999999981242, 10.00000000000000000, -74.42024260179205442 ) ) ;
#1206 = LINE ( 'NONE', #1285, #4754 ) ;
#1207 = DIRECTION ( 'NONE',  ( 0.000000000000000000, 0.000000000000000000, 1.000000000000000000 ) ) ;
#1208 = ORIENTED_EDGE ( 'NONE', *, *, #3439, .T. ) ;
#1209 = SECURITY_CLASSIFICATION ( '', '', #808 ) ;
#1210 = CARTESIAN_POINT ( 'NONE',  ( -33.23401871576802336, 5.850000000000004086, 33.23401871576744782 ) ) ;
#1211 = EDGE_CURVE ( 'NONE', #4475, #573, #2337, .T. ) ;
#1212 = EDGE_LOOP ( 'NONE', ( #3102, #496, #1672, #1456 ) ) ;
#1213 = APPLICATION_PROTOCOL_DEFINITION ( 'international standard', 'config_control_design', 1994, #136 ) ;
#1214 = DIRECTION ( 'NONE',  ( -0.000000000000000000, 1.000000000000000000, -0.000000000000000000 ) ) ;
#1215 = DIRECTION ( 'NONE',  ( 0.000000000000000000, 1.000000000000000000, 0.000000000000000000 ) ) ;
#1216 = EDGE_LOOP ( 'NONE', ( #3942, #2661, #1263, #3445 ) ) ;
#1217 = CARTESIAN_POINT ( 'NONE',  ( 46.99999999999999289, 0.000000000000000000, 1.640996229256272803E-13 ) ) ;
#1218 = AXIS2_PLACEMENT_3D ( 'NONE', #1330, #1358, #3297 ) ;
#1219 = AXIS2_PLACEMENT_3D ( 'NONE', #760, #2318, #2647 ) ;
#1220 = FACE_BOUND ( 'NONE', #1025, .T. ) ;
#1221 = PERSON_AND_ORGANIZATION ( #431, #3410 ) ;
#1222 = DIRECTION ( 'NONE',  ( -0.000000000000000000, 1.000000000000000000, -0.000000000000000000 ) ) ;
#1223 = CIRCLE ( 'NONE', #3015, 4.500000000000003553 ) ;
#1224 = AXIS2_PLACEMENT_3D ( 'NONE', #3993, #2056, #3599 ) ;
#1225 = DIRECTION ( 'NONE',  ( -0.000000000000000000, 1.000000000000000000, -0.000000000000000000 ) ) ;
#1226 = VERTEX_POINT ( 'NONE', #4252 ) ;
#1227 = AXIS2_PLACEMENT_3D ( 'NONE', #974, #4063, #3240 ) ;
#1228 = VECTOR ( 'NONE', #3617, 1000.000000000000000 ) ;
#1229 = DIRECTION ( 'NONE',  ( -0.000000000000000000, 1.000000000000000000, -0.000000000000000000 ) ) ;
#1230 = VERTEX_POINT ( 'NONE', #4229 ) ;
#1231 = ORIENTED_EDGE ( 'NONE', *, *, #660, .F. ) ;
#1232 = VECTOR ( 'NONE', #3459, 1000.000000000000000 ) ;
#1233 = EDGE_CURVE ( 'NONE', #469, #3714, #1188, .T. ) ;
#1234 = CIRCLE ( 'NONE', #4013, 6.299999999999996270 ) ;
#1235 = DIRECTION ( 'NONE',  ( 0.000000000000000000, 0.000000000000000000, 1.000000000000000000 ) ) ;
#1236 = FACE_OUTER_BOUND ( 'NONE', #210, .T. ) ;
#1237 = VERTEX_POINT ( 'NONE', #730 ) ;
#1238 = DIRECTION ( 'NONE',  ( 0.000000000000000000, 1.000000000000000000, 0.000000000000000000 ) ) ;
#1239 = AXIS2_PLACEMENT_3D ( 'NONE', #2100, #75, #3992 ) ;
#1240 = ORIENTED_EDGE ( 'NONE', *, *, #1805, .F. ) ;
#1241 = LINE ( 'NONE', #2180, #591 ) ;
#1242 = VECTOR ( 'NONE', #1536, 1000.000000000000000 ) ;
#1243 = CARTESIAN_POINT ( 'NONE',  ( -95.84434291094001424, 0.000000000000000000, 116.3798940491465856 ) ) ;
#1244 = CARTESIAN_POINT ( 'NONE',  ( -2.500000000000067057, 0.000000000000000000, -83.88284835957709618 ) ) ;
#1245 = AXIS2_PLACEMENT_3D ( 'NONE', #4937, #1441, #4192 ) ;
#1246 = EDGE_CURVE ( 'NONE', #3033, #4195, #3426, .T. ) ;
#1247 = PERSON_AND_ORGANIZATION_ROLE ( 'classification_officer' ) ;
#1248 = FACE_OUTER_BOUND ( 'NONE', #281, .T. ) ;
#1249 = APPROVAL ( #1298, 'UNSPECIFIED' ) ;
#1250 = AXIS2_PLACEMENT_3D ( 'NONE', #3644, #1006, #2599 ) ;
#1251 = CARTESIAN_POINT ( 'NONE',  ( 0.000000000000000000, 1.734723475976807094E-15, -24.20000000000000284 ) ) ;
#1252 = AXIS2_PLACEMENT_3D ( 'NONE', #3872, #1097, #4230 ) ;
#1253 = CYLINDRICAL_SURFACE ( 'NONE', #1008, 4.500000000000003553 ) ;
#1254 = ORIENTED_EDGE ( 'NONE', *, *, #533, .F. ) ;
#1255 = VERTEX_POINT ( 'NONE', #2765 ) ;
#1256 = AXIS2_PLACEMENT_3D ( 'NONE', #3534, #2338, #1992 ) ;
#1257 = EDGE_LOOP ( 'NONE', ( #1410, #790 ) ) ;
#1258 = CARTESIAN_POINT ( 'NONE',  ( 0.000000000000000000, 1.734723475976807094E-15, 30.79999999999999716 ) ) ;
#1259 = PRODUCT ( 'fab_circular top', 'fab_circular top', '', ( #3694 ) ) ;
#1260 = DIRECTION ( 'NONE',  ( -0.000000000000000000, 1.000000000000000000, -0.000000000000000000 ) ) ;
#1261 = EDGE_LOOP ( 'NONE', ( #1081, #232, #2980, #2251 ) ) ;
#1262 = DIRECTION ( 'NONE',  ( 0.000000000000000000, 0.000000000000000000, 1.000000000000000000 ) ) ;
#1263 = ORIENTED_EDGE ( 'NONE', *, *, #4531, .T. ) ;
#1264 = DATE_AND_TIME ( #4771, #4400 ) ;
#1265 = EDGE_CURVE ( 'NONE', #621, #3709, #2719, .T. ) ;
#1266 = LINE ( 'NONE', #859, #4985 ) ;
#1267 = CARTESIAN_POINT ( 'NONE',  ( 134.9999999999999716, 0.000000000000000000, 78.89999999999996305 ) ) ;
#1268 = ORIENTED_EDGE ( 'NONE', *, *, #3201, .F. ) ;
#1269 = CARTESIAN_POINT ( 'NONE',  ( -2.500000000000067502, 10.00000000000000000, -77.28284835957710186 ) ) ;
#1270 = DIRECTION ( 'NONE',  ( -0.000000000000000000, 1.000000000000000000, -0.000000000000000000 ) ) ;
#1271 = DATE_AND_TIME ( #2549, #3809 ) ;
#1272 = ADVANCED_FACE ( 'NONE', ( #1914 ), #779, .F. ) ;
#1273 = FACE_OUTER_BOUND ( 'NONE', #1546, .T. ) ;
#1274 = CARTESIAN_POINT ( 'NONE',  ( -116.3190655051870550, 0.000000000000000000, -92.56296885077716752 ) ) ;
#1275 = DIRECTION ( 'NONE',  ( -0.000000000000000000, 1.000000000000000000, -0.000000000000000000 ) ) ;
#1276 = EDGE_CURVE ( 'NONE', #4507, #1602, #584, .T. ) ;
#1277 = ORIENTED_EDGE ( 'NONE', *, *, #3835, .F. ) ;
#1278 = EDGE_CURVE ( 'NONE', #3720, #2327, #4096, .T. ) ;
#1279 = VERTEX_POINT ( 'NONE', #1544 ) ;
#1280 = VERTEX_POINT ( 'NONE', #1962 ) ;
#1281 = VERTEX_POINT ( 'NONE', #3505 ) ;
#1282 = ORIENTED_EDGE ( 'NONE', *, *, #2638, .T. ) ;
#1283 = EDGE_CURVE ( 'NONE', #48, #3173, #2379, .T. ) ;
#1284 = VECTOR ( 'NONE', #3557, 1000.000000000000000 ) ;
#1285 = CARTESIAN_POINT ( 'NONE',  ( 33.23401871576772493, -15.00000000000000000, -28.73401871576772848 ) ) ;
#1286 = CARTESIAN_POINT ( 'NONE',  ( 33.23401871576779598, 10.00000000000000000, -24.58401871576768016 ) ) ;
#1287 = ORIENTED_EDGE ( 'NONE', *, *, #4373, .F. ) ;
#1288 = CARTESIAN_POINT ( 'NONE',  ( 0.000000000000000000, -15.00000000000000000, 29.99999999999999645 ) ) ;
#1289 = CIRCLE ( 'NONE', #3148, 3.299999999999997158 ) ;
#1290 = ORGANIZATION ( 'NAUO-ORG1', 'UNSPECIFIED', 'UNSPECIFIED' ) ;
#1291 = EDGE_LOOP ( 'NONE', ( #4472, #1027 ) ) ;
#1292 = DIRECTION ( 'NONE',  ( -0.000000000000000000, 1.000000000000000000, -0.000000000000000000 ) ) ;
#1293 = CARTESIAN_POINT ( 'NONE',  ( 0.000000000000000000, 2.000000000000001776, 0.000000000000000000 ) ) ;
#1294 = FACE_OUTER_BOUND ( 'NONE', #4431, .T. ) ;
#1295 = FACE_OUTER_BOUND ( 'NONE', #4049, .T. ) ;
#1296 = LINE ( 'NONE', #1378, #2026 ) ;
#1297 = DIRECTION ( 'NONE',  ( -0.000000000000000000, -1.000000000000000000, -0.000000000000000000 ) ) ;
#1298 = APPROVAL_STATUS ( 'not_yet_approved' ) ;
#1299 = DIRECTION ( 'NONE',  ( 0.000000000000000000, 0.000000000000000000, 1.000000000000000000 ) ) ;
#1300 = DIRECTION ( 'NONE',  ( 0.000000000000000000, 0.7071067811865473507, 0.7071067811865477948 ) ) ;
#1301 = CARTESIAN_POINT ( 'NONE',  ( 0.000000000000000000, 2.000000000000001776, 225.0000000000000000 ) ) ;
#1302 = EDGE_CURVE ( 'NONE', #2406, #3963, #2139, .T. ) ;
#1303 = ORIENTED_EDGE ( 'NONE', *, *, #4233, .F. ) ;
#1304 = DIRECTION ( 'NONE',  ( 0.000000000000000000, 0.000000000000000000, 1.000000000000000000 ) ) ;
#1305 = VERTEX_POINT ( 'NONE', #4697 ) ;
#1306 = AXIS2_PLACEMENT_3D ( 'NONE', #3123, #3209, #3560 ) ;
#1307 = DIRECTION ( 'NONE',  ( 0.000000000000000000, 0.000000000000000000, 1.000000000000000000 ) ) ;
#1308 = ORIENTED_EDGE ( 'NONE', *, *, #898, .F. ) ;
#1309 = VERTEX_POINT ( 'NONE', #2740 ) ;
#1310 = AXIS2_PLACEMENT_3D ( 'NONE', #2135, #1062, #4869 ) ;
#1311 = VECTOR ( 'NONE', #1300, 999.9999999999998863 ) ;
#1312 = ORIENTED_EDGE ( 'NONE', *, *, #4341, .T. ) ;
#1313 = ADVANCED_FACE ( 'NONE', ( #802 ), #2363, .F. ) ;
#1314 = FACE_OUTER_BOUND ( 'NONE', #4135, .T. ) ;
#1315 = CIRCLE ( 'NONE', #4740, 4.500000000000003553 ) ;
#1316 = FACE_OUTER_BOUND ( 'NONE', #4092, .T. ) ;
#1317 = EDGE_LOOP ( 'NONE', ( #1179, #545 ) ) ;
#1318 = CC_DESIGN_PERSON_AND_ORGANIZATION_ASSIGNMENT ( #4701, #457, ( #2750 ) ) ;
#1319 = CARTESIAN_POINT ( 'NONE',  ( -27.50000000000000000, 1.734723475976807094E-15, 0.000000000000000000 ) ) ;
#1320 = AXIS2_PLACEMENT_3D ( 'NONE', #3361, #4108, #2548 ) ;
#1321 = DIRECTION ( 'NONE',  ( -0.000000000000000000, -1.000000000000000000, -0.000000000000000000 ) ) ;
#1322 = CARTESIAN_POINT ( 'NONE',  ( 33.23401871576771782, 0.000000000000000000, 28.73401871576773559 ) ) ;
#1323 = DIRECTION ( 'NONE',  ( 8.659560562354932858E-17, -0.7071067811865474617, 0.7071067811865474617 ) ) ;
#1324 = CIRCLE ( 'NONE', #423, 4.499999999999997335 ) ;
#1325 = AXIS2_PLACEMENT_3D ( 'NONE', #1348, #2896, #3372 ) ;
#1326 = DIRECTION ( 'NONE',  ( 0.000000000000000000, 0.000000000000000000, -1.000000000000000000 ) ) ;
#1327 = APPROVAL_DATE_TIME ( #4854, #3706 ) ;
#1328 = LINE ( 'NONE', #3667, #1577 ) ;
#1329 = DIRECTION ( 'NONE',  ( -0.000000000000000000, 1.000000000000000000, -0.000000000000000000 ) ) ;
#1330 = CARTESIAN_POINT ( 'NONE',  ( 33.23401871576771782, -15.00000000000000000, 33.23401871576773203 ) ) ;
#1331 = AXIS2_PLACEMENT_3D ( 'NONE', #3490, #4289, #785 ) ;
#1332 = CIRCLE ( 'NONE', #4845, 3.250000000000002665 ) ;
#1333 = FACE_OUTER_BOUND ( 'NONE', #1608, .T. ) ;
#1334 = ORIENTED_EDGE ( 'NONE', *, *, #1976, .F. ) ;
#1335 = DIRECTION ( 'NONE',  ( -0.000000000000000000, 1.000000000000000000, -0.000000000000000000 ) ) ;
#1336 = ORIENTED_EDGE ( 'NONE', *, *, #4134, .T. ) ;
#1337 = ORIENTED_EDGE ( 'NONE', *, *, #129, .F. ) ;
#1338 = AXIS2_PLACEMENT_3D ( 'NONE', #731, #1040, #4946 ) ;
#1339 = VERTEX_POINT ( 'NONE', #833 ) ;
#1340 = ORIENTED_EDGE ( 'NONE', *, *, #958, .T. ) ;
#1341 = CIRCLE ( 'NONE', #2154, 4.500000000000003553 ) ;
#1342 = EDGE_CURVE ( 'NONE', #3714, #1567, #1234, .T. ) ;
#1343 = CARTESIAN_POINT ( 'NONE',  ( 27.50000000000000000, 10.00000000000000000, 6.299999999999996270 ) ) ;
#1344 = ORIENTED_EDGE ( 'NONE', *, *, #1395, .F. ) ;
#1345 = CARTESIAN_POINT ( 'NONE',  ( -63.08284835957622505, 0.000000000000000000, 23.29999999999990834 ) ) ;
#1346 = EDGE_CURVE ( 'NONE', #3910, #4503, #507, .T. ) ;
#1347 = FACE_OUTER_BOUND ( 'NONE', #194, .T. ) ;
#1348 = CARTESIAN_POINT ( 'NONE',  ( -1.387778780781445676E-14, -15.00000000000000000, 47.00000000000000000 ) ) ;
#1349 = CARTESIAN_POINT ( 'NONE',  ( 135.0000000000000000, 0.000000000000000000, 134.9999999999999432 ) ) ;
#1350 = CARTESIAN_POINT ( 'NONE',  ( 33.23401871576756150, 10.00000000000000000, 24.58401871576790398 ) ) ;
#1351 = ORIENTED_EDGE ( 'NONE', *, *, #910, .T. ) ;
#1352 = ADVANCED_BREP_SHAPE_REPRESENTATION ( '', ( #948, #3248 ), #4561 ) ;
#1353 = ADVANCED_FACE ( 'NONE', ( #452 ), #86, .T. ) ;
#1354 = CYLINDRICAL_SURFACE ( 'NONE', #4306, 2.499999999999998668 ) ;
#1355 = PERSON_AND_ORGANIZATION ( #431, #3410 ) ;
#1356 = DIRECTION ( 'NONE',  ( -0.000000000000000000, 1.000000000000000000, -0.000000000000000000 ) ) ;
#1357 = DIRECTION ( 'NONE',  ( -0.000000000000000000, 1.000000000000000000, -0.000000000000000000 ) ) ;
#1358 = DIRECTION ( 'NONE',  ( -0.000000000000000000, -1.000000000000000000, -0.000000000000000000 ) ) ;
#1359 = APPLICATION_CONTEXT ( 'configuration controlled 3d designs of mechanical parts and assemblies' ) ;
#1360 = DIRECTION ( 'NONE',  ( -0.000000000000000000, 1.000000000000000000, -0.000000000000000000 ) ) ;
#1361 = ORIENTED_EDGE ( 'NONE', *, *, #67, .F. ) ;
#1362 = CYLINDRICAL_SURFACE ( 'NONE', #3359, 4.499999999999997335 ) ;
#1363 = ORIENTED_EDGE ( 'NONE', *, *, #991, .F. ) ;
#1364 = ORIENTED_EDGE ( 'NONE', *, *, #3439, .F. ) ;
#1365 = EDGE_CURVE ( 'NONE', #4588, #2575, #1324, .T. ) ;
#1366 = ADVANCED_FACE ( 'NONE', ( #4819 ), #4250, .T. ) ;
#1367 = EDGE_LOOP ( 'NONE', ( #2804, #2794 ) ) ;
#1368 = DIRECTION ( 'NONE',  ( 0.000000000000000000, 0.000000000000000000, 1.000000000000000000 ) ) ;
#1369 = EDGE_LOOP ( 'NONE', ( #2823, #3785 ) ) ;
#1370 = CARTESIAN_POINT ( 'NONE',  ( 7.715274834628325378E-16, 10.00000000000000000, 21.19999999999999929 ) ) ;
#1371 = ADVANCED_FACE ( 'NONE', ( #4030 ), #2539, .F. ) ;
#1372 = CARTESIAN_POINT ( 'NONE',  ( 74.42024260179678663, 10.00000000000000000, -134.9999999999999716 ) ) ;
#1373 = DIRECTION ( 'NONE',  ( 0.000000000000000000, 0.000000000000000000, 1.000000000000000000 ) ) ;
#1374 = VECTOR ( 'NONE', #10, 1000.000000000000114 ) ;
#1375 = CARTESIAN_POINT ( 'NONE',  ( -3.281992458512545606E-13, 10.00000000000000000, 47.00000000000000000 ) ) ;
#1376 = EDGE_CURVE ( 'NONE', #4213, #437, #1266, .T. ) ;
#1377 = AXIS2_PLACEMENT_3D ( 'NONE', #4417, #3229, #1783 ) ;
#1378 = CARTESIAN_POINT ( 'NONE',  ( -33.23401871576733413, 10.00000000000000000, -41.88401871576813562 ) ) ;
#1379 = PERSON_AND_ORGANIZATION ( #431, #3410 ) ;
#1380 = DIRECTION ( 'NONE',  ( 0.000000000000000000, 1.000000000000000000, 0.000000000000000000 ) ) ;
#1381 = CARTESIAN_POINT ( 'NONE',  ( -134.9999999999999432, 10.00000000000000000, -135.0000000000000000 ) ) ;
#1382 = CARTESIAN_POINT ( 'NONE',  ( 0.000000000000000000, -15.00000000000000000, 0.000000000000000000 ) ) ;
#1383 = CIRCLE ( 'NONE', #2193, 3.250000000000002665 ) ;
#1384 = CARTESIAN_POINT ( 'NONE',  ( -2.500000000000067502, 10.00000000000000000, -80.58284835957709902 ) ) ;
#1385 = ORIENTED_EDGE ( 'NONE', *, *, #3932, .F. ) ;
#1386 = DIRECTION ( 'NONE',  ( 0.000000000000000000, 0.000000000000000000, 1.000000000000000000 ) ) ;
#1387 = ORIENTED_EDGE ( 'NONE', *, *, #2672, .T. ) ;
#1388 = EDGE_LOOP ( 'NONE', ( #2578, #1056, #2285, #4705 ) ) ;
#1389 = ORIENTED_EDGE ( 'NONE', *, *, #4595, .F. ) ;
#1390 = VECTOR ( 'NONE', #3901, 1000.000000000000114 ) ;
#1391 = AXIS2_PLACEMENT_3D ( 'NONE', #4665, #3868, #2736 ) ;
#1392 = EDGE_LOOP ( 'NONE', ( #571, #4801, #4681, #2939 ) ) ;
#1393 = CARTESIAN_POINT ( 'NONE',  ( -134.9999999999999432, 0.000000000000000000, -135.0000000000000000 ) ) ;
#1394 = EDGE_LOOP ( 'NONE', ( #4330, #1412, #2351, #4761 ) ) ;
#1395 = EDGE_CURVE ( 'NONE', #182, #4688, #998, .T. ) ;
#1396 = VECTOR ( 'NONE', #3831, 1000.000000000000000 ) ;
#1397 = AXIS2_PLACEMENT_3D ( 'NONE', #3205, #1297, #1326 ) ;
#1398 = DIRECTION ( 'NONE',  ( -0.000000000000000000, -1.000000000000000000, -0.000000000000000000 ) ) ;
#1399 = CARTESIAN_POINT ( 'NONE',  ( -47.00000000000000000, 0.000000000000000000, -4.922988687768817400E-13 ) ) ;
#1400 = CARTESIAN_POINT ( 'NONE',  ( 46.99999999999999289, 0.000000000000000000, 4.500000000000003553 ) ) ;
#1401 = VERTEX_POINT ( 'NONE', #1322 ) ;
#1402 = CONICAL_SURFACE ( 'NONE', #2617, 8.649999999999998579, 0.7853981633974485010 ) ;
#1403 = DIRECTION ( 'NONE',  ( 0.000000000000000000, 0.000000000000000000, 1.000000000000000000 ) ) ;
#1404 = LINE ( 'NONE', #2550, #4355 ) ;
#1405 = DIRECTION ( 'NONE',  ( -0.000000000000000000, 1.000000000000000000, -0.000000000000000000 ) ) ;
#1406 = CARTESIAN_POINT ( 'NONE',  ( 98.08284835957788061, 10.00000000000000000, -20.00000000000000711 ) ) ;
#1407 = AXIS2_PLACEMENT_3D ( 'NONE', #1491, #1158, #8 ) ;
#1408 = ADVANCED_FACE ( 'NONE', ( #2012 ), #2061, .F. ) ;
#1409 = FACE_BOUND ( 'NONE', #622, .T. ) ;
#1410 = ORIENTED_EDGE ( 'NONE', *, *, #3853, .F. ) ;
#1411 = FACE_OUTER_BOUND ( 'NONE', #4611, .T. ) ;
#1412 = ORIENTED_EDGE ( 'NONE', *, *, #2237, .F. ) ;
#1413 = AXIS2_PLACEMENT_3D ( 'NONE', #98, #3622, #4427 ) ;
#1414 = ORIENTED_EDGE ( 'NONE', *, *, #1460, .T. ) ;
#1415 = VERTEX_POINT ( 'NONE', #2872 ) ;
#1416 = AXIS2_PLACEMENT_3D ( 'NONE', #1660, #1222, #1299 ) ;
#1417 = ORIENTED_EDGE ( 'NONE', *, *, #3778, .T. ) ;
#1418 = DIRECTION ( 'NONE',  ( 1.000000000000000000, 0.000000000000000000, -4.270088556250598741E-15 ) ) ;
#1419 = ORIENTED_EDGE ( 'NONE', *, *, #4451, .T. ) ;
#1420 = AXIS2_PLACEMENT_3D ( 'NONE', #4855, #3264, #918 ) ;
#1421 = AXIS2_PLACEMENT_3D ( 'NONE', #1243, #3506, #803 ) ;
#1422 = CARTESIAN_POINT ( 'NONE',  ( -134.9999999999999432, 10.00000000000000000, 134.9999999999999432 ) ) ;
#1423 = CARTESIAN_POINT ( 'NONE',  ( -27.50000000000000000, 10.00000000000000000, 0.000000000000000000 ) ) ;
#1424 = CARTESIAN_POINT ( 'NONE',  ( 33.23401871576771782, -15.00000000000000000, 28.73401871576773559 ) ) ;
#1425 = ORIENTED_EDGE ( 'NONE', *, *, #3230, .F. ) ;
#1426 = ORIENTED_EDGE ( 'NONE', *, *, #1869, .F. ) ;
#1427 = EDGE_CURVE ( 'NONE', #3600, #1516, #666, .T. ) ;
#1428 = ADVANCED_FACE ( 'NONE', ( #4003 ), #2415, .T. ) ;
#1429 = CARTESIAN_POINT ( 'NONE',  ( 3.061616997868377225E-16, -15.00000000000000000, -29.99999999999999645 ) ) ;
#1430 = CARTESIAN_POINT ( 'NONE',  ( 74.40000000000000568, 0.000000000000000000, 135.0000000000000000 ) ) ;
#1431 = CARTESIAN_POINT ( 'NONE',  ( -74.42024260179678663, 0.000000000000000000, -135.0000000000003126 ) ) ;
#1432 = CARTESIAN_POINT ( 'NONE',  ( -3.281992458512545606E-13, 5.850000000000004086, 47.00000000000000000 ) ) ;
#1433 = CYLINDRICAL_SURFACE ( 'NONE', #1797, 3.299999999999997158 ) ;
#1434 = EDGE_CURVE ( 'NONE', #315, #1622, #4412, .T. ) ;
#1435 = ORIENTED_EDGE ( 'NONE', *, *, #2870, .T. ) ;
#1436 = DIRECTION ( 'NONE',  ( -0.000000000000000000, -1.000000000000000000, -0.000000000000000000 ) ) ;
#1437 = VERTEX_POINT ( 'NONE', #164 ) ;
#1438 = VERTEX_POINT ( 'NONE', #111 ) ;
#1439 = ORIENTED_EDGE ( 'NONE', *, *, #2870, .F. ) ;
#1440 = EDGE_CURVE ( 'NONE', #2964, #3884, #1979, .T. ) ;
#1441 = DIRECTION ( 'NONE',  ( -0.000000000000000000, -1.000000000000000000, -0.000000000000000000 ) ) ;
#1442 = ORIENTED_EDGE ( 'NONE', *, *, #3425, .T. ) ;
#1443 = EDGE_CURVE ( 'NONE', #441, #3081, #3589, .T. ) ;
#1444 = CYLINDRICAL_SURFACE ( 'NONE', #4654, 4.500000000000003553 ) ;
#1445 = VERTEX_POINT ( 'NONE', #1680 ) ;
#1446 = DIRECTION ( 'NONE',  ( -0.000000000000000000, 1.000000000000000000, -0.000000000000000000 ) ) ;
#1447 = DIRECTION ( 'NONE',  ( -0.000000000000000000, 1.000000000000000000, -0.000000000000000000 ) ) ;
#1448 = EDGE_LOOP ( 'NONE', ( #4193, #207 ) ) ;
#1449 = VECTOR ( 'NONE', #2033, 1000.000000000000000 ) ;
#1450 = CARTESIAN_POINT ( 'NONE',  ( 74.40000000000000568, 10.00000000000000000, 135.0000000000000000 ) ) ;
#1451 = DIRECTION ( 'NONE',  ( -0.000000000000000000, -1.000000000000000000, -0.000000000000000000 ) ) ;
#1452 = CARTESIAN_POINT ( 'NONE',  ( 37.50000000000137135, 10.00000000000000000, 80.58284835958099279 ) ) ;
#1453 = CYLINDRICAL_SURFACE ( 'NONE', #408, 2.499999999999996891 ) ;
#1454 = EDGE_CURVE ( 'NONE', #1445, #2937, #4383, .T. ) ;
#1455 = EDGE_CURVE ( 'NONE', #2425, #1226, #830, .T. ) ;
#1456 = ORIENTED_EDGE ( 'NONE', *, *, #3853, .T. ) ;
#1457 = CARTESIAN_POINT ( 'NONE',  ( -116.3190655051870550, 0.000000000000000000, -95.81296885077716752 ) ) ;
#1458 = CYLINDRICAL_SURFACE ( 'NONE', #317, 4.500000000000003553 ) ;
#1459 = EDGE_CURVE ( 'NONE', #1724, #3358, #2897, .T. ) ;
#1460 = EDGE_CURVE ( 'NONE', #4474, #804, #1241, .T. ) ;
#1461 = ORIENTED_EDGE ( 'NONE', *, *, #331, .T. ) ;
#1462 = CARTESIAN_POINT ( 'NONE',  ( 135.0000000000000000, 10.00000000000000000, -139.5000000000000000 ) ) ;
#1463 = EDGE_LOOP ( 'NONE', ( #1949, #1654 ) ) ;
#1464 = AXIS2_PLACEMENT_3D ( 'NONE', #4130, #1024, #2144 ) ;
#1465 = ADVANCED_FACE ( 'NONE', ( #1035 ), #4892, .T. ) ;
#1466 = CARTESIAN_POINT ( 'NONE',  ( -1.387778780781445676E-14, 0.000000000000000000, 47.00000000000000000 ) ) ;
#1467 = AXIS2_PLACEMENT_3D ( 'NONE', #1393, #2892, #2080 ) ;
#1468 = LINE ( 'NONE', #4148, #981 ) ;
#1469 = DIRECTION ( 'NONE',  ( -0.000000000000000000, 1.000000000000000000, -0.000000000000000000 ) ) ;
#1470 = DIRECTION ( 'NONE',  ( -0.000000000000000000, 1.000000000000000000, -0.000000000000000000 ) ) ;
#1471 = APPROVAL_DATE_TIME ( #4597, #4619 ) ;
#1472 = DIRECTION ( 'NONE',  ( 0.000000000000000000, 0.000000000000000000, 1.000000000000000000 ) ) ;
#1473 = CIRCLE ( 'NONE', #2531, 4.500000000000003553 ) ;
#1474 = DIRECTION ( 'NONE',  ( 0.000000000000000000, 0.000000000000000000, 1.000000000000000000 ) ) ;
#1475 = DIRECTION ( 'NONE',  ( 0.000000000000000000, 0.000000000000000000, 1.000000000000000000 ) ) ;
#1476 = AXIS2_PLACEMENT_3D ( 'NONE', #3065, #3533, #3047 ) ;
#1477 = ORIENTED_EDGE ( 'NONE', *, *, #3842, .T. ) ;
#1478 = DIRECTION ( 'NONE',  ( 0.000000000000000000, 0.000000000000000000, -1.000000000000000000 ) ) ;
#1479 = ORIENTED_EDGE ( 'NONE', *, *, #1865, .F. ) ;
#1480 = AXIS2_PLACEMENT_3D ( 'NONE', #1293, #2792, #3955 ) ;
#1481 = ORIENTED_EDGE ( 'NONE', *, *, #1495, .T. ) ;
#1482 = EDGE_CURVE ( 'NONE', #5013, #1533, #992, .T. ) ;
#1483 = CIRCLE ( 'NONE', #427, 8.649999999999998579 ) ;
#1484 = DIRECTION ( 'NONE',  ( -0.000000000000000000, 1.000000000000000000, -0.000000000000000000 ) ) ;
#1485 = EDGE_LOOP ( 'NONE', ( #1538, #3387 ) ) ;
#1486 = CARTESIAN_POINT ( 'NONE',  ( -135.0000000000000568, 10.00000000000000000, 78.89999999999996305 ) ) ;
#1487 = ORIENTED_EDGE ( 'NONE', *, *, #642, .F. ) ;
#1488 = AXIS2_PLACEMENT_3D ( 'NONE', #3880, #1151, #2248 ) ;
#1489 = DIRECTION ( 'NONE',  ( -0.000000000000000000, -1.000000000000000000, -0.000000000000000000 ) ) ;
#1490 = EDGE_CURVE ( 'NONE', #527, #3282, #337, .T. ) ;
#1491 = CARTESIAN_POINT ( 'NONE',  ( -47.00000000000000000, 10.00000000000000000, -4.922988687768817400E-13 ) ) ;
#1492 = VECTOR ( 'NONE', #4932, 999.9999999999998863 ) ;
#1493 = DIRECTION ( 'NONE',  ( -0.000000000000000000, 1.000000000000000000, -0.000000000000000000 ) ) ;
#1494 = VERTEX_POINT ( 'NONE', #3377 ) ;
#1495 = EDGE_CURVE ( 'NONE', #1868, #4475, #4668, .T. ) ;
#1496 = CIRCLE ( 'NONE', #4265, 3.250000000000002665 ) ;
#1497 = EDGE_CURVE ( 'NONE', #226, #5028, #2451, .T. ) ;
#1498 = CARTESIAN_POINT ( 'NONE',  ( -116.3190655051870550, 0.000000000000000000, -95.81296885077716752 ) ) ;
#1499 = CARTESIAN_POINT ( 'NONE',  ( 27.50000000000000000, 10.00000000000000000, 0.000000000000000000 ) ) ;
#1500 = DIRECTION ( 'NONE',  ( -0.000000000000000000, 1.000000000000000000, -0.000000000000000000 ) ) ;
#1501 = VECTOR ( 'NONE', #962, 1000.000000000000114 ) ;
#1502 = DIRECTION ( 'NONE',  ( 0.000000000000000000, 1.000000000000000000, 0.000000000000000000 ) ) ;
#1503 = CARTESIAN_POINT ( 'NONE',  ( 3.061616997868380183E-16, 0.000000000000000000, 25.00000000000000000 ) ) ;
#1504 = FACE_BOUND ( 'NONE', #2030, .T. ) ;
#1505 = VERTEX_POINT ( 'NONE', #4079 ) ;
#1506 = CARTESIAN_POINT ( 'NONE',  ( 95.84242333457314089, 0.000000000000000000, 116.4112681093095887 ) ) ;
#1507 = ORIENTED_EDGE ( 'NONE', *, *, #599, .T. ) ;
#1508 = ORIENTED_EDGE ( 'NONE', *, *, #297, .T. ) ;
#1509 = CARTESIAN_POINT ( 'NONE',  ( 1.059319481262460570E-15, 10.00000000000000000, -55.64999999999999858 ) ) ;
#1510 = ORIENTED_EDGE ( 'NONE', *, *, #3308, .F. ) ;
#1511 = FACE_OUTER_BOUND ( 'NONE', #454, .T. ) ;
#1512 = EDGE_LOOP ( 'NONE', ( #4350, #2413 ) ) ;
#1513 = DIRECTION ( 'NONE',  ( 0.000000000000000000, 1.000000000000000000, 0.000000000000000000 ) ) ;
#1514 = FACE_BOUND ( 'NONE', #3489, .T. ) ;
#1515 = LINE ( 'NONE', #1424, #4526 ) ;
#1516 = VERTEX_POINT ( 'NONE', #4942 ) ;
#1517 = ADVANCED_FACE ( 'NONE', ( #677 ), #2622, .F. ) ;
#1518 = CYLINDRICAL_SURFACE ( 'NONE', #2510, 3.250000000000002665 ) ;
#1519 = DIRECTION ( 'NONE',  ( 0.000000000000000000, 0.000000000000000000, 1.000000000000000000 ) ) ;
#1520 = CARTESIAN_POINT ( 'NONE',  ( 98.08284835957788061, 0.000000000000000000, -16.70000000000000995 ) ) ;
#1521 = ORIENTED_EDGE ( 'NONE', *, *, #3497, .T. ) ;
#1522 = DIRECTION ( 'NONE',  ( -0.000000000000000000, 1.000000000000000000, -0.000000000000000000 ) ) ;
#1523 = DIRECTION ( 'NONE',  ( 0.000000000000000000, 0.000000000000000000, -1.000000000000000000 ) ) ;
#1524 = APPROVAL_ROLE ( '' ) ;
#1525 = DIRECTION ( 'NONE',  ( 0.000000000000000000, 0.000000000000000000, 1.000000000000000000 ) ) ;
#1526 = EDGE_LOOP ( 'NONE', ( #662, #2173 ) ) ;
#1527 = CONICAL_SURFACE ( 'NONE', #635, 6.299999999999999822, 0.7853981633974485010 ) ;
#1528 = VERTEX_POINT ( 'NONE', #2986 ) ;
#1529 = LOCAL_TIME ( 1, 25, 9.000000000000000000, #4342 ) ;
#1530 = CARTESIAN_POINT ( 'NONE',  ( 2.743208830090071421E-14, 0.000000000000000000, -223.0000000000000000 ) ) ;
#1531 = ORIENTED_EDGE ( 'NONE', *, *, #2766, .T. ) ;
#1532 = LINE ( 'NONE', #3082, #3917 ) ;
#1533 = VERTEX_POINT ( 'NONE', #4564 ) ;
#1534 = ORIENTED_EDGE ( 'NONE', *, *, #2456, .F. ) ;
#1535 = DIRECTION ( 'NONE',  ( -0.000000000000000000, 1.000000000000000000, -0.000000000000000000 ) ) ;
#1536 = DIRECTION ( 'NONE',  ( -0.000000000000000000, -1.000000000000000000, -0.000000000000000000 ) ) ;
#1537 = DIRECTION ( 'NONE',  ( -0.000000000000000000, 1.000000000000000000, -0.000000000000000000 ) ) ;
#1538 = ORIENTED_EDGE ( 'NONE', *, *, #533, .T. ) ;
#1539 = AXIS2_PLACEMENT_3D ( 'NONE', #1432, #1357, #1740 ) ;
#1540 = APPLICATION_CONTEXT ( 'configuration controlled 3d designs of mechanical parts and assemblies' ) ;
#1541 = CLOSED_SHELL ( 'NONE', ( #3269, #125, #3909, #2573, #3458, #2181, #3356, #5043, #2045, #290, #4737, #3573, #4147, #3233, #3304, #2796, #2484, #340, #2299, #4225, #371, #2175, #4258, #1579, #973, #3463, #4838, #705, #4332, #2867, #3677, #4045, #1517, #373, #884, #1570, #3547, #2200, #214, #3279, #1408, #3090, #4294, #3964, #424, #4488, #4206, #4487, #2392, #1898, #857, #3928, #4745, #3011, #1428, #1465, #876, #1715, #4535, #765, #2265, #1060, #2018, #1192, #19, #813, #4694, #18, #2649, #4527, #4301, #56, #1313, #2756, #2032, #1135, #529, #3409, #436, #681, #2119, #535, #976, #828, #2292, #2919, #2479, #3635, #1742, #1634, #4859, #2725, #4519, #4683, #4518, #2994, #1905, #1371, #3041, #1928, #3130, #4083, #1353, #1366, #4974, #2735, #4128, #3079, #3759, #149, #1587, #2695 ) ) ;
#1542 = AXIS2_PLACEMENT_3D ( 'NONE', #1036, #1537, #3551 ) ;
#1543 = APPLICATION_PROTOCOL_DEFINITION ( 'international standard', 'config_control_design', 1994, #1359 ) ;
#1544 = CARTESIAN_POINT ( 'NONE',  ( -116.3190655051870550, 0.000000000000000000, -99.06296885077716752 ) ) ;
#1545 = DIRECTION ( 'NONE',  ( -0.000000000000000000, 1.000000000000000000, -0.000000000000000000 ) ) ;
#1546 = EDGE_LOOP ( 'NONE', ( #4638, #2948, #2565, #4399 ) ) ;
#1547 = CARTESIAN_POINT ( 'NONE',  ( 74.42024260179678663, 0.000000000000000000, -134.9999999999999716 ) ) ;
#1548 = CIRCLE ( 'NONE', #5049, 3.250000000000002665 ) ;
#1549 = AXIS2_PLACEMENT_3D ( 'NONE', #770, #2850, #3861 ) ;
#1550 = FACE_BOUND ( 'NONE', #1913, .T. ) ;
#1551 = CIRCLE ( 'NONE', #415, 4.499999999999997335 ) ;
#1552 = APPROVAL_DATE_TIME ( #3466, #2091 ) ;
#1553 = CARTESIAN_POINT ( 'NONE',  ( 27.50000000000000000, 1.102182119232617788E-16, 2.499999999999998668 ) ) ;
#1554 = VERTEX_POINT ( 'NONE', #1778 ) ;
#1555 = AXIS2_PLACEMENT_3D ( 'NONE', #3293, #4853, #968 ) ;
#1556 = ORIENTED_EDGE ( 'NONE', *, *, #1174, .F. ) ;
#1557 = DIRECTION ( 'NONE',  ( -0.000000000000000000, 1.000000000000000000, -0.000000000000000000 ) ) ;
#1558 = ORIENTED_EDGE ( 'NONE', *, *, #2104, .F. ) ;
#1559 = VECTOR ( 'NONE', #2393, 1000.000000000000000 ) ;
#1560 = CARTESIAN_POINT ( 'NONE',  ( -63.08284835957622505, 0.000000000000000000, 16.69999999999991402 ) ) ;
#1561 = ORIENTED_EDGE ( 'NONE', *, *, #3239, .T. ) ;
#1562 = ORIENTED_EDGE ( 'NONE', *, *, #235, .F. ) ;
#1563 = AXIS2_PLACEMENT_3D ( 'NONE', #134, #1679, #163 ) ;
#1564 = LINE ( 'NONE', #3454, #3671 ) ;
#1565 = CARTESIAN_POINT ( 'NONE',  ( 0.000000000000000000, -15.00000000000000000, 0.000000000000000000 ) ) ;
#1566 = LINE ( 'NONE', #3113, #3998 ) ;
#1567 = VERTEX_POINT ( 'NONE', #1063 ) ;
#1568 = AXIS2_PLACEMENT_3D ( 'NONE', #3448, #4585, #4979 ) ;
#1569 = CARTESIAN_POINT ( 'NONE',  ( -1.332669674819814701E-14, -15.00000000000000000, 51.50000000000000000 ) ) ;
#1570 = ADVANCED_FACE ( 'NONE', ( #2946 ), #581, .F. ) ;
#1571 = CIRCLE ( 'NONE', #4351, 4.499999999999997335 ) ;
#1572 = SHAPE_REPRESENTATION_RELATIONSHIP ( 'NONE' , 'NONE' ,  #3530, #1352 ) ;
#1573 = CARTESIAN_POINT ( 'NONE',  ( 0.000000000000000000, 7.000000000000000000, 27.50000000000000000 ) ) ;
#1574 = CARTESIAN_POINT ( 'NONE',  ( -27.50000000000000000, 1.102182119232617788E-16, 0.000000000000000000 ) ) ;
#1575 = EDGE_LOOP ( 'NONE', ( #1487, #1641, #595, #2430 ) ) ;
#1576 = DIRECTION ( 'NONE',  ( -0.000000000000000000, 1.000000000000000000, -0.000000000000000000 ) ) ;
#1577 = VECTOR ( 'NONE', #4086, 1000.000000000000000 ) ;
#1578 = EDGE_CURVE ( 'NONE', #226, #617, #1810, .T. ) ;
#1579 = ADVANCED_FACE ( 'NONE', ( #2969 ), #3687, .F. ) ;
#1580 = VECTOR ( 'NONE', #1545, 1000.000000000000000 ) ;
#1581 = FACE_BOUND ( 'NONE', #3344, .T. ) ;
#1582 = DATE_AND_TIME ( #3146, #2354 ) ;
#1583 = FACE_BOUND ( 'NONE', #2856, .T. ) ;
#1584 = DIRECTION ( 'NONE',  ( 0.000000000000000000, 0.000000000000000000, 1.000000000000000000 ) ) ;
#1585 = EDGE_CURVE ( 'NONE', #469, #4164, #3278, .T. ) ;
#1586 = ORIENTED_EDGE ( 'NONE', *, *, #1030, .F. ) ;
#1587 = ADVANCED_FACE ( 'NONE', ( #2253 ), #1090, .F. ) ;
#1588 = CARTESIAN_POINT ( 'NONE',  ( 0.000000000000000000, 10.00000000000000000, -27.50000000000000000 ) ) ;
#1589 = VERTEX_POINT ( 'NONE', #389 ) ;
#1590 = ORIENTED_EDGE ( 'NONE', *, *, #4173, .T. ) ;
#1591 = EDGE_CURVE ( 'NONE', #2052, #3944, #4987, .T. ) ;
#1592 = DIRECTION ( 'NONE',  ( -0.000000000000000000, 1.000000000000000000, -0.000000000000000000 ) ) ;
#1593 = FACE_BOUND ( 'NONE', #1595, .T. ) ;
#1594 = DIRECTION ( 'NONE',  ( -0.000000000000000000, 1.000000000000000000, -0.000000000000000000 ) ) ;
#1595 = EDGE_LOOP ( 'NONE', ( #407, #4952 ) ) ;
#1596 = EDGE_CURVE ( 'NONE', #1936, #1836, #3186, .T. ) ;
#1597 = CARTESIAN_POINT ( 'NONE',  ( 74.40000000000000568, 10.00000000000000000, 135.0000000000000000 ) ) ;
#1598 = EDGE_LOOP ( 'NONE', ( #4046, #3211, #5041, #2235 ) ) ;
#1599 =( NAMED_UNIT ( * ) PLANE_ANGLE_UNIT ( ) SI_UNIT ( $, .RADIAN. ) );
#1600 = DIRECTION ( 'NONE',  ( 0.000000000000000000, 0.000000000000000000, 1.000000000000000000 ) ) ;
#1601 = DIRECTION ( 'NONE',  ( 0.000000000000000000, 0.000000000000000000, 1.000000000000000000 ) ) ;
#1602 = VERTEX_POINT ( 'NONE', #1183 ) ;
#1603 = CARTESIAN_POINT ( 'NONE',  ( -135.0000000000000568, 10.00000000000000000, 74.39999999999994884 ) ) ;
#1604 = FACE_BOUND ( 'NONE', #3062, .T. ) ;
#1605 = CARTESIAN_POINT ( 'NONE',  ( -46.99999999999998579, -15.00000000000000000, -5.204170427930421283E-15 ) ) ;
#1606 = ORIENTED_EDGE ( 'NONE', *, *, #748, .F. ) ;
#1607 = DIRECTION ( 'NONE',  ( -0.000000000000000000, 1.000000000000000000, -0.000000000000000000 ) ) ;
#1608 = EDGE_LOOP ( 'NONE', ( #3237, #183, #1414, #3878 ) ) ;
#1609 = EDGE_CURVE ( 'NONE', #3391, #1848, #2701, .T. ) ;
#1610 = VECTOR ( 'NONE', #3611, 1000.000000000000000 ) ;
#1611 = ORIENTED_EDGE ( 'NONE', *, *, #359, .T. ) ;
#1612 = ORIENTED_EDGE ( 'NONE', *, *, #1585, .T. ) ;
#1613 = CARTESIAN_POINT ( 'NONE',  ( 74.40000000000000568, 0.000000000000000000, 135.0000000000000000 ) ) ;
#1614 = LINE ( 'NONE', #2809, #405 ) ;
#1615 = ORIENTED_EDGE ( 'NONE', *, *, #741, .F. ) ;
#1616 =( GEOMETRIC_REPRESENTATION_CONTEXT ( 3 ) GLOBAL_UNCERTAINTY_ASSIGNED_CONTEXT ( ( #3789 ) ) GLOBAL_UNIT_ASSIGNED_CONTEXT ( ( #4992, #3810, #729 ) ) REPRESENTATION_CONTEXT ( 'NONE', 'WORKASPACE' ) );
#1617 = LINE ( 'NONE', #3164, #2341 ) ;
#1618 = ORIENTED_EDGE ( 'NONE', *, *, #5004, .F. ) ;
#1619 = DIRECTION ( 'NONE',  ( -0.000000000000000000, -1.000000000000000000, -0.000000000000000000 ) ) ;
#1620 = AXIS2_PLACEMENT_3D ( 'NONE', #173, #658, #3266 ) ;
#1621 = DIRECTION ( 'NONE',  ( -0.000000000000000000, 1.000000000000000000, -0.000000000000000000 ) ) ;
#1622 = VERTEX_POINT ( 'NONE', #1131 ) ;
#1623 = DIRECTION ( 'NONE',  ( 0.000000000000000000, 0.000000000000000000, 1.000000000000000000 ) ) ;
#1624 = CC_DESIGN_SECURITY_CLASSIFICATION ( #800, ( #1054 ) ) ;
#1625 = CLOSED_SHELL ( 'NONE', ( #4394, #4140, #3523, #3699, #5034, #1956, #3860, #3076, #49, #114, #1955, #402, #4016, #2702, #557, #322, #208, #237, #2604, #1272, #3816, #2323, #2860, #3020, #4211, #332, #4975, #550 ) ) ;
#1626 = CIRCLE ( 'NONE', #3165, 4.499999999999997335 ) ;
#1627 = DIRECTION ( 'NONE',  ( -0.000000000000000000, 1.000000000000000000, -0.000000000000000000 ) ) ;
#1628 = SECURITY_CLASSIFICATION_LEVEL ( 'unclassified' ) ;
#1629 = CARTESIAN_POINT ( 'NONE',  ( -95.81296885077719594, 0.000000000000000000, -116.3190655051871403 ) ) ;
#1630 = VECTOR ( 'NONE', #3364, 1000.000000000000000 ) ;
#1631 = VECTOR ( 'NONE', #4631, 1000.000000000000000 ) ;
#1632 = DIRECTION ( 'NONE',  ( 0.000000000000000000, 0.000000000000000000, 1.000000000000000000 ) ) ;
#1633 = ORIENTED_EDGE ( 'NONE', *, *, #1815, .F. ) ;
#1634 = ADVANCED_FACE ( 'NONE', ( #4664 ), #3513, .F. ) ;
#1635 = VECTOR ( 'NONE', #4709, 999.9999999999998863 ) ;
#1636 = AXIS2_PLACEMENT_3D ( 'NONE', #4291, #3639, #788 ) ;
#1637 = LINE ( 'NONE', #4374, #4179 ) ;
#1638 = ORIENTED_EDGE ( 'NONE', *, *, #2470, .F. ) ;
#1639 = ORIENTED_EDGE ( 'NONE', *, *, #3017, .T. ) ;
#1640 = VECTOR ( 'NONE', #2664, 1000.000000000000000 ) ;
#1641 = ORIENTED_EDGE ( 'NONE', *, *, #1134, .T. ) ;
#1642 = EDGE_CURVE ( 'NONE', #3380, #2690, #4990, .T. ) ;
#1643 = EDGE_CURVE ( 'NONE', #3350, #4867, #1649, .T. ) ;
#1644 = AXIS2_PLACEMENT_3D ( 'NONE', #912, #3197, #2487 ) ;
#1645 = CARTESIAN_POINT ( 'NONE',  ( 0.000000000000000000, 0.000000000000000000, 0.000000000000000000 ) ) ;
#1646 = LINE ( 'NONE', #2029, #2929 ) ;
#1647 = ORIENTED_EDGE ( 'NONE', *, *, #3139, .T. ) ;
#1648 = CARTESIAN_POINT ( 'NONE',  ( -63.08284835957622505, 10.00000000000000000, 19.99999999999991118 ) ) ;
#1649 = CIRCLE ( 'NONE', #1983, 4.500000000000003553 ) ;
#1650 = EDGE_CURVE ( 'NONE', #1602, #4507, #4430, .T. ) ;
#1651 = DIRECTION ( 'NONE',  ( 0.000000000000000000, 0.000000000000000000, 1.000000000000000000 ) ) ;
#1652 = AXIS2_PLACEMENT_3D ( 'NONE', #4655, #3419, #717 ) ;
#1653 = DIRECTION ( 'NONE',  ( -0.000000000000000000, 1.000000000000000000, -0.000000000000000000 ) ) ;
#1654 = ORIENTED_EDGE ( 'NONE', *, *, #3842, .F. ) ;
#1655 = FACE_OUTER_BOUND ( 'NONE', #4320, .T. ) ;
#1656 = EDGE_CURVE ( 'NONE', #4475, #1868, #4177, .T. ) ;
#1657 = CIRCLE ( 'NONE', #4185, 3.299999999999997158 ) ;
#1658 = CARTESIAN_POINT ( 'NONE',  ( -27.50000000000000000, -15.00000000000000000, 0.000000000000000000 ) ) ;
#1659 = SHAPE_DEFINITION_REPRESENTATION ( #4776, #3530 ) ;
#1660 = CARTESIAN_POINT ( 'NONE',  ( -74.42024260179678663, 10.00000000000000000, -135.0000000000003126 ) ) ;
#1661 = CIRCLE ( 'NONE', #1995, 4.500000000000003553 ) ;
#1662 = CARTESIAN_POINT ( 'NONE',  ( 46.99999999999999289, 0.000000000000000000, 6.938893903907228378E-15 ) ) ;
#1663 = CARTESIAN_POINT ( 'NONE',  ( -74.42024260179678663, 10.00000000000000000, -135.0000000000003126 ) ) ;
#1664 = EDGE_CURVE ( 'NONE', #4788, #2000, #4671, .T. ) ;
#1665 = ORIENTED_EDGE ( 'NONE', *, *, #2785, .T. ) ;
#1666 = AXIS2_PLACEMENT_3D ( 'NONE', #137, #2137, #4105 ) ;
#1667 = CARTESIAN_POINT ( 'NONE',  ( 33.23401871576771782, 0.000000000000000000, 37.73401871576773203 ) ) ;
#1668 = CARTESIAN_POINT ( 'NONE',  ( 116.3798940491453351, 10.00000000000000000, -95.78159479061517345 ) ) ;
#1669 = ORIENTED_EDGE ( 'NONE', *, *, #1869, .T. ) ;
#1670 = ORIENTED_EDGE ( 'NONE', *, *, #1490, .F. ) ;
#1671 = AXIS2_PLACEMENT_3D ( 'NONE', #1067, #1447, #5012 ) ;
#1672 = ORIENTED_EDGE ( 'NONE', *, *, #3995, .T. ) ;
#1673 = CYLINDRICAL_SURFACE ( 'NONE', #915, 4.499999999999997335 ) ;
#1674 = DIRECTION ( 'NONE',  ( 0.000000000000000000, 0.000000000000000000, 1.000000000000000000 ) ) ;
#1675 = ORIENTED_EDGE ( 'NONE', *, *, #12, .T. ) ;
#1676 = EDGE_CURVE ( 'NONE', #339, #262, #3456, .T. ) ;
#1677 = CARTESIAN_POINT ( 'NONE',  ( -74.42024260179678663, 10.00000000000000000, -130.5000000000003126 ) ) ;
#1678 = ORIENTED_EDGE ( 'NONE', *, *, #2083, .T. ) ;
#1679 = DIRECTION ( 'NONE',  ( -0.000000000000000000, 1.000000000000000000, -0.000000000000000000 ) ) ;
#1680 = CARTESIAN_POINT ( 'NONE',  ( -27.50000000000000000, 7.000000000000000000, 3.299999999999997158 ) ) ;
#1681 = DIRECTION ( 'NONE',  ( 0.000000000000000000, 0.000000000000000000, 1.000000000000000000 ) ) ;
#1682 = ORIENTED_EDGE ( 'NONE', *, *, #4635, .F. ) ;
#1683 = DIRECTION ( 'NONE',  ( -0.000000000000000000, 1.000000000000000000, -0.000000000000000000 ) ) ;
#1684 = CARTESIAN_POINT ( 'NONE',  ( 27.50000000000000000, 10.00000000000000000, 0.000000000000000000 ) ) ;
#1685 = APPROVAL_ROLE ( '' ) ;
#1686 = DIRECTION ( 'NONE',  ( 0.000000000000000000, 0.000000000000000000, -1.000000000000000000 ) ) ;
#1687 = CARTESIAN_POINT ( 'NONE',  ( 0.000000000000000000, -15.00000000000000000, 0.000000000000000000 ) ) ;
#1688 = ORIENTED_EDGE ( 'NONE', *, *, #3835, .T. ) ;
#1689 = CC_DESIGN_DATE_AND_TIME_ASSIGNMENT ( #763, #2372, ( #1938 ) ) ;
#1690 = DIRECTION ( 'NONE',  ( 0.000000000000000000, 0.000000000000000000, 1.000000000000000000 ) ) ;
#1691 = DIRECTION ( 'NONE',  ( 0.000000000000000000, 0.000000000000000000, 1.000000000000000000 ) ) ;
#1692 = DIRECTION ( 'NONE',  ( -0.000000000000000000, -1.000000000000000000, -0.000000000000000000 ) ) ;
#1693 = VERTEX_POINT ( 'NONE', #774 ) ;
#1694 = ORIENTED_EDGE ( 'NONE', *, *, #2915, .T. ) ;
#1695 = ORIENTED_EDGE ( 'NONE', *, *, #1198, .F. ) ;
#1696 = DIRECTION ( 'NONE',  ( -0.000000000000000000, 1.000000000000000000, -0.000000000000000000 ) ) ;
#1697 = CARTESIAN_POINT ( 'NONE',  ( 4.041334437186263538E-16, 10.00000000000000000, -30.79999999999999716 ) ) ;
#1698 = EDGE_LOOP ( 'NONE', ( #492, #2619, #2961, #1875 ) ) ;
#1699 = FACE_OUTER_BOUND ( 'NONE', #109, .T. ) ;
#1700 = AXIS2_PLACEMENT_3D ( 'NONE', #2377, #2491, #4490 ) ;
#1701 = CC_DESIGN_SECURITY_CLASSIFICATION ( #3896, ( #5050 ) ) ;
#1702 = CYLINDRICAL_SURFACE ( 'NONE', #1900, 4.500000000000003553 ) ;
#1703 = CARTESIAN_POINT ( 'NONE',  ( -1.387778780781445676E-14, -15.00000000000000000, 47.00000000000000000 ) ) ;
#1704 = DIRECTION ( 'NONE',  ( -0.000000000000000000, 1.000000000000000000, -0.000000000000000000 ) ) ;
#1705 = ORIENTED_EDGE ( 'NONE', *, *, #836, .F. ) ;
#1706 = VECTOR ( 'NONE', #614, 1000.000000000000000 ) ;
#1707 = APPROVAL_PERSON_ORGANIZATION ( #4251, #2220, #3503 ) ;
#1708 = DIRECTION ( 'NONE',  ( 0.000000000000000000, 0.000000000000000000, 1.000000000000000000 ) ) ;
#1709 = PERSON_AND_ORGANIZATION ( #431, #3410 ) ;
#1710 = DIRECTION ( 'NONE',  ( 0.000000000000000000, 0.000000000000000000, 1.000000000000000000 ) ) ;
#1711 = DIRECTION ( 'NONE',  ( -0.000000000000000000, 1.000000000000000000, -0.000000000000000000 ) ) ;
#1712 = DIRECTION ( 'NONE',  ( -0.000000000000000000, 1.000000000000000000, -0.000000000000000000 ) ) ;
#1713 = AXIS2_PLACEMENT_3D ( 'NONE', #1547, #3096, #320 ) ;
#1714 = LOCAL_TIME ( 1, 25, 9.000000000000000000, #3073 ) ;
#1715 = ADVANCED_FACE ( 'NONE', ( #2355, #1985, #4692, #3807, #3428, #3839, #3111, #2734, #3915, #344, #2331, #3887, #2310, #419, #1514, #1593, #3867, #4591, #368, #1930, #3476, #4024, #156, #2079, #2782, #2428, #2480, #4786, #3249, #4047, #2864, #2452, #903, #3190, #4433, #524, #4326, #4764, #3626, #4354, #3946 ), #4810, .F. ) ;
#1716 = FACE_BOUND ( 'NONE', #4001, .T. ) ;
#1717 = ORIENTED_EDGE ( 'NONE', *, *, #2927, .T. ) ;
#1718 = AXIS2_PLACEMENT_3D ( 'NONE', #3840, #3733, #1912 ) ;
#1719 = DIRECTION ( 'NONE',  ( 0.000000000000000000, 0.000000000000000000, 1.000000000000000000 ) ) ;
#1720 = ORIENTED_EDGE ( 'NONE', *, *, #4353, .T. ) ;
#1721 = EDGE_LOOP ( 'NONE', ( #852, #1830 ) ) ;
#1722 = CC_DESIGN_PERSON_AND_ORGANIZATION_ASSIGNMENT ( #999, #3232, ( #2590 ) ) ;
#1723 = VECTOR ( 'NONE', #2263, 1000.000000000000000 ) ;
#1724 = VERTEX_POINT ( 'NONE', #467 ) ;
#1725 = ORIENTED_EDGE ( 'NONE', *, *, #4706, .F. ) ;
#1726 = AXIS2_PLACEMENT_3D ( 'NONE', #3524, #2524, #4325 ) ;
#1727 = CARTESIAN_POINT ( 'NONE',  ( 0.000000000000000000, 1.102182119232617788E-16, -27.50000000000000000 ) ) ;
#1728 = ORIENTED_EDGE ( 'NONE', *, *, #3203, .T. ) ;
#1729 = DIRECTION ( 'NONE',  ( -0.000000000000000000, 1.000000000000000000, -0.000000000000000000 ) ) ;
#1730 = CIRCLE ( 'NONE', #4245, 3.250000000000002665 ) ;
#1731 = DIRECTION ( 'NONE',  ( 0.000000000000000000, 0.000000000000000000, 1.000000000000000000 ) ) ;
#1732 = CYLINDRICAL_SURFACE ( 'NONE', #1325, 4.499999999999997335 ) ;
#1733 = CARTESIAN_POINT ( 'NONE',  ( 98.08284835957788061, 0.000000000000000000, -20.00000000000000711 ) ) ;
#1734 = CYLINDRICAL_SURFACE ( 'NONE', #4523, 4.499999999999997335 ) ;
#1735 = AXIS2_PLACEMENT_3D ( 'NONE', #2659, #723, #3060 ) ;
#1736 = AXIS2_PLACEMENT_3D ( 'NONE', #1951, #1112, #4247 ) ;
#1737 = CARTESIAN_POINT ( 'NONE',  ( -63.08284835957622505, 10.00000000000000000, 16.69999999999991402 ) ) ;
#1738 = APPROVAL_DATE_TIME ( #4492, #1249 ) ;
#1739 = CARTESIAN_POINT ( 'NONE',  ( 116.3798940491453351, 0.000000000000000000, -95.78159479061517345 ) ) ;
#1740 = DIRECTION ( 'NONE',  ( 0.000000000000000000, 0.000000000000000000, 1.000000000000000000 ) ) ;
#1741 = PLANE ( 'NONE',  #1069 ) ;
#1742 = ADVANCED_FACE ( 'NONE', ( #1314 ), #1673, .F. ) ;
#1743 = AXIS2_PLACEMENT_3D ( 'NONE', #4215, #335, #3801 ) ;
#1744 = AXIS2_PLACEMENT_3D ( 'NONE', #764, #1847, #3876 ) ;
#1745 = LINE ( 'NONE', #3700, #1635 ) ;
#1746 = VERTEX_POINT ( 'NONE', #1258 ) ;
#1747 = CARTESIAN_POINT ( 'NONE',  ( 116.3485199889830000, 0.000000000000000000, 99.15517145489961592 ) ) ;
#1748 = ORIENTED_EDGE ( 'NONE', *, *, #3959, .T. ) ;
#1749 = VERTEX_POINT ( 'NONE', #2409 ) ;
#1750 = CIRCLE ( 'NONE', #2879, 4.499999999999997335 ) ;
#1751 = ORIENTED_EDGE ( 'NONE', *, *, #432, .F. ) ;
#1752 = ORIENTED_EDGE ( 'NONE', *, *, #5015, .F. ) ;
#1753 = AXIS2_PLACEMENT_3D ( 'NONE', #2793, #3172, #2416 ) ;
#1754 = CARTESIAN_POINT ( 'NONE',  ( -33.23401871576733413, 0.000000000000000000, -33.23401871576813704 ) ) ;
#1755 = EDGE_LOOP ( 'NONE', ( #3873, #2837, #4888, #3830 ) ) ;
#1756 = EDGE_CURVE ( 'NONE', #2685, #2229, #3029, .T. ) ;
#1757 = CARTESIAN_POINT ( 'NONE',  ( 134.9999999999999716, 10.00000000000000000, 74.39999999999994884 ) ) ;
#1758 = DIRECTION ( 'NONE',  ( -0.000000000000000000, 1.000000000000000000, -0.000000000000000000 ) ) ;
#1759 = CARTESIAN_POINT ( 'NONE',  ( -95.81296885077719594, 0.000000000000000000, -116.3190655051871403 ) ) ;
#1760 = EDGE_LOOP ( 'NONE', ( #893, #4944, #2003, #855 ) ) ;
#1761 = DIRECTION ( 'NONE',  ( -0.000000000000000000, 1.000000000000000000, -0.000000000000000000 ) ) ;
#1762 = CYLINDRICAL_SURFACE ( 'NONE', #3929, 3.299999999999997158 ) ;
#1763 = CALENDAR_DATE ( 2026, 24, 3 ) ;
#1764 = FACE_OUTER_BOUND ( 'NONE', #1598, .T. ) ;
#1765 = LINE ( 'NONE', #4547, #3991 ) ;
#1766 = DIRECTION ( 'NONE',  ( 0.000000000000000000, 0.000000000000000000, 1.000000000000000000 ) ) ;
#1767 = EDGE_CURVE ( 'NONE', #73, #4032, #4097, .T. ) ;
#1768 = DIRECTION ( 'NONE',  ( -0.000000000000000000, 1.000000000000000000, -0.000000000000000000 ) ) ;
#1769 = EDGE_LOOP ( 'NONE', ( #305, #3796, #3161, #4132 ) ) ;
#1770 = CARTESIAN_POINT ( 'NONE',  ( 37.49999999999987921, 0.000000000000000000, -77.28284835957724397 ) ) ;
#1771 = ORIENTED_EDGE ( 'NONE', *, *, #1650, .T. ) ;
#1772 = ORIENTED_EDGE ( 'NONE', *, *, #2506, .F. ) ;
#1773 = ORIENTED_EDGE ( 'NONE', *, *, #1174, .T. ) ;
#1774 = CARTESIAN_POINT ( 'NONE',  ( 37.50000000000137135, 0.000000000000000000, 80.58284835958099279 ) ) ;
#1775 = ORIENTED_EDGE ( 'NONE', *, *, #144, .T. ) ;
#1776 = DIRECTION ( 'NONE',  ( 0.000000000000000000, 0.000000000000000000, 1.000000000000000000 ) ) ;
#1777 = CARTESIAN_POINT ( 'NONE',  ( -27.50000000000000000, 10.00000000000000000, -3.299999999999997158 ) ) ;
#1778 = CARTESIAN_POINT ( 'NONE',  ( -1.387778780781445676E-14, 0.000000000000000000, 42.50000000000000000 ) ) ;
#1779 = FACE_OUTER_BOUND ( 'NONE', #1575, .T. ) ;
#1780 = VERTEX_POINT ( 'NONE', #130 ) ;
#1781 = EDGE_CURVE ( 'NONE', #1899, #827, #4506, .T. ) ;
#1782 = CONICAL_SURFACE ( 'NONE', #3730, 8.649999999999998579, 0.7853981633974488341 ) ;
#1783 = DIRECTION ( 'NONE',  ( 0.000000000000000000, 0.000000000000000000, -1.000000000000000000 ) ) ;
#1784 = CARTESIAN_POINT ( 'NONE',  ( 2.755455298081544620E-14, 2.000000000000001776, -225.0000000000000000 ) ) ;
#1785 = ITEM_DEFINED_TRANSFORMATION ( 'NONE', 'NONE', #2187,  #3248 ) ;
#1786 = CYLINDRICAL_SURFACE ( 'NONE', #4602, 3.299999999999997158 ) ;
#1787 = CARTESIAN_POINT ( 'NONE',  ( 0.000000000000000000, 0.000000000000000000, 60.00000000000000000 ) ) ;
#1788 = DIRECTION ( 'NONE',  ( 0.000000000000000000, 0.000000000000000000, 1.000000000000000000 ) ) ;
#1789 = PRODUCT_DEFINITION_SHAPE ( 'NONE', 'NONE',  #1988 ) ;
#1790 = FACE_BOUND ( 'NONE', #3345, .T. ) ;
#1791 = ORIENTED_EDGE ( 'NONE', *, *, #585, .F. ) ;
#1792 = CARTESIAN_POINT ( 'NONE',  ( -2.499999999998570921, 0.000000000000000000, 80.58284835958100700 ) ) ;
#1793 = VERTEX_POINT ( 'NONE', #104 ) ;
#1794 = ORIENTED_EDGE ( 'NONE', *, *, #2506, .T. ) ;
#1795 = EDGE_CURVE ( 'NONE', #2014, #2229, #4378, .T. ) ;
#1796 = ORIENTED_EDGE ( 'NONE', *, *, #1427, .F. ) ;
#1797 = AXIS2_PLACEMENT_3D ( 'NONE', #1406, #2552, #1766 ) ;
#1798 = CIRCLE ( 'NONE', #3743, 3.299999999999997158 ) ;
#1799 = ORIENTED_EDGE ( 'NONE', *, *, #3230, .T. ) ;
#1800 = CARTESIAN_POINT ( 'NONE',  ( 74.40000000000000568, 0.000000000000000000, 139.5000000000000000 ) ) ;
#1801 = EDGE_LOOP ( 'NONE', ( #3913, #1981 ) ) ;
#1802 = CIRCLE ( 'NONE', #4968, 4.499999999999997335 ) ;
#1803 = AXIS2_PLACEMENT_3D ( 'NONE', #2912, #2453, #3627 ) ;
#1804 = EDGE_CURVE ( 'NONE', #4720, #866, #341, .T. ) ;
#1805 = EDGE_CURVE ( 'NONE', #4650, #2357, #4912, .T. ) ;
#1806 = EDGE_CURVE ( 'NONE', #4032, #73, #510, .T. ) ;
#1807 = AXIS2_PLACEMENT_3D ( 'NONE', #722, #1157, #3886 ) ;
#1808 = CYLINDRICAL_SURFACE ( 'NONE', #3746, 60.00000000000000000 ) ;
#1809 = CIRCLE ( 'NONE', #2273, 3.299999999999997158 ) ;
#1810 = LINE ( 'NONE', #3354, #11 ) ;
#1811 = CARTESIAN_POINT ( 'NONE',  ( 116.3798940491453351, 10.00000000000000000, -92.53159479061515924 ) ) ;
#1812 = ORIENTED_EDGE ( 'NONE', *, *, #1434, .F. ) ;
#1813 = DIRECTION ( 'NONE',  ( 0.000000000000000000, 0.000000000000000000, 1.000000000000000000 ) ) ;
#1814 = AXIS2_PLACEMENT_3D ( 'NONE', #2163, #3715, #1020 ) ;
#1815 = EDGE_CURVE ( 'NONE', #2275, #3645, #1206, .T. ) ;
#1816 = ORIENTED_EDGE ( 'NONE', *, *, #4935, .F. ) ;
#1817 = EDGE_CURVE ( 'NONE', #3324, #3623, #4836, .T. ) ;
#1818 = DIRECTION ( 'NONE',  ( -0.000000000000000000, 1.000000000000000000, -0.000000000000000000 ) ) ;
#1819 = DIRECTION ( 'NONE',  ( -0.000000000000000000, -1.000000000000000000, -0.000000000000000000 ) ) ;
#1820 = AXIS2_PLACEMENT_3D ( 'NONE', #4438, #2839, #83 ) ;
#1821 = DIRECTION ( 'NONE',  ( -0.000000000000000000, 1.000000000000000000, -0.000000000000000000 ) ) ;
#1822 = DIRECTION ( 'NONE',  ( -0.000000000000000000, 1.000000000000000000, -0.000000000000000000 ) ) ;
#1823 = LINE ( 'NONE', #3640, #2609 ) ;
#1824 = EDGE_CURVE ( 'NONE', #3107, #3855, #4020, .T. ) ;
#1825 = AXIS2_PLACEMENT_3D ( 'NONE', #1565, #5031, #750 ) ;
#1826 = ORIENTED_EDGE ( 'NONE', *, *, #898, .T. ) ;
#1827 = LINE ( 'NONE', #4881, #1832 ) ;
#1828 = VERTEX_POINT ( 'NONE', #4029 ) ;
#1829 = CONICAL_SURFACE ( 'NONE', #1568, 223.0000000000000853, 0.7853981633974482790 ) ;
#1830 = ORIENTED_EDGE ( 'NONE', *, *, #1842, .T. ) ;
#1831 = ORIENTED_EDGE ( 'NONE', *, *, #2945, .T. ) ;
#1832 = VECTOR ( 'NONE', #4550, 1000.000000000000000 ) ;
#1833 = CARTESIAN_POINT ( 'NONE',  ( -27.50000000000000000, 1.102182119232617788E-16, 2.499999999999998668 ) ) ;
#1834 = EDGE_LOOP ( 'NONE', ( #2094, #2386 ) ) ;
#1835 = CARTESIAN_POINT ( 'NONE',  ( 33.23401871576756150, 10.00000000000000000, 41.88401871576790114 ) ) ;
#1836 = VERTEX_POINT ( 'NONE', #1852 ) ;
#1837 = CIRCLE ( 'NONE', #269, 4.499999999999997335 ) ;
#1838 = CARTESIAN_POINT ( 'NONE',  ( -27.50000000000000000, 0.000000000000000000, 0.000000000000000000 ) ) ;
#1839 = EDGE_CURVE ( 'NONE', #5028, #3280, #2202, .T. ) ;
#1840 = FACE_OUTER_BOUND ( 'NONE', #4762, .T. ) ;
#1841 = CARTESIAN_POINT ( 'NONE',  ( 98.08284835957783798, 10.00000000000000000, 19.99999999999978328 ) ) ;
#1842 = EDGE_CURVE ( 'NONE', #3985, #952, #3685, .T. ) ;
#1843 = DIRECTION ( 'NONE',  ( -0.000000000000000000, 1.000000000000000000, -0.000000000000000000 ) ) ;
#1844 = DIRECTION ( 'NONE',  ( 0.000000000000000000, 0.000000000000000000, 1.000000000000000000 ) ) ;
#1845 = CARTESIAN_POINT ( 'NONE',  ( 116.3485199889830000, 0.000000000000000000, 95.90517145489961592 ) ) ;
#1846 = ORIENTED_EDGE ( 'NONE', *, *, #2171, .F. ) ;
#1847 = DIRECTION ( 'NONE',  ( -0.000000000000000000, 1.000000000000000000, -0.000000000000000000 ) ) ;
#1848 = VERTEX_POINT ( 'NONE', #3655 ) ;
#1849 = EDGE_CURVE ( 'NONE', #952, #3156, #3782, .T. ) ;
#1850 = ORIENTED_EDGE ( 'NONE', *, *, #4055, .T. ) ;
#1851 = CC_DESIGN_PERSON_AND_ORGANIZATION_ASSIGNMENT ( #1164, #3479, ( #1054 ) ) ;
#1852 = CARTESIAN_POINT ( 'NONE',  ( -2.499999999998570477, 10.00000000000000000, 77.28284835958100984 ) ) ;
#1853 = ORIENTED_EDGE ( 'NONE', *, *, #3392, .T. ) ;
#1854 = LINE ( 'NONE', #2564, #1396 ) ;
#1855 = ORIENTED_EDGE ( 'NONE', *, *, #1123, .F. ) ;
#1856 = CARTESIAN_POINT ( 'NONE',  ( -47.00000000000000000, 5.850000000000004086, 4.499999999999504396 ) ) ;
#1857 = CARTESIAN_POINT ( 'NONE',  ( 98.08284835957783798, 0.000000000000000000, 16.69999999999978613 ) ) ;
#1858 = UNCERTAINTY_MEASURE_WITH_UNIT (LENGTH_MEASURE( 1.000000000000000082E-05 ), #2739, 'distance_accuracy_value', 'NONE');
#1859 = DIRECTION ( 'NONE',  ( 0.000000000000000000, 1.000000000000000000, -0.000000000000000000 ) ) ;
#1860 = AXIS2_PLACEMENT_3D ( 'NONE', #2436, #1576, #2065 ) ;
#1861 = CARTESIAN_POINT ( 'NONE',  ( 7.715274834628325378E-16, 10.00000000000000000, -33.79999999999999716 ) ) ;
#1862 = CYLINDRICAL_SURFACE ( 'NONE', #4847, 4.500000000000003553 ) ;
#1863 = DIRECTION ( 'NONE',  ( 1.000000000000000000, 0.000000000000000000, -4.270088556250598741E-15 ) ) ;
#1864 = DIRECTION ( 'NONE',  ( -0.000000000000000000, 1.000000000000000000, -0.000000000000000000 ) ) ;
#1865 = EDGE_CURVE ( 'NONE', #4699, #4650, #4002, .T. ) ;
#1866 = EDGE_LOOP ( 'NONE', ( #2669, #2421, #493, #4785 ) ) ;
#1867 = CARTESIAN_POINT ( 'NONE',  ( -1.387778780781445676E-14, -15.00000000000000000, 42.50000000000000000 ) ) ;
#1868 = VERTEX_POINT ( 'NONE', #4168 ) ;
#1869 = EDGE_CURVE ( 'NONE', #1964, #2277, #1483, .T. ) ;
#1870 = EDGE_LOOP ( 'NONE', ( #2859, #3277, #4909, #28 ) ) ;
#1871 = EDGE_CURVE ( 'NONE', #1505, #2503, #2105, .T. ) ;
#1872 = FACE_OUTER_BOUND ( 'NONE', #1392, .T. ) ;
#1873 = EDGE_LOOP ( 'NONE', ( #503, #2477, #927, #1647 ) ) ;
#1874 = DIRECTION ( 'NONE',  ( 0.000000000000000000, 0.000000000000000000, 1.000000000000000000 ) ) ;
#1875 = ORIENTED_EDGE ( 'NONE', *, *, #1346, .T. ) ;
#1876 = EDGE_CURVE ( 'NONE', #1749, #35, #668, .T. ) ;
#1877 = AXIS2_PLACEMENT_3D ( 'NONE', #1663, #1275, #1584 ) ;
#1878 = LINE ( 'NONE', #4615, #3582 ) ;
#1879 = CARTESIAN_POINT ( 'NONE',  ( 0.000000000000000000, 10.00000000000000000, 0.000000000000000000 ) ) ;
#1880 = CIRCLE ( 'NONE', #2440, 4.500000000000000888 ) ;
#1881 = CIRCLE ( 'NONE', #4735, 2.499999999999998668 ) ;
#1882 = CARTESIAN_POINT ( 'NONE',  ( -95.84434291094001424, 0.000000000000000000, 119.6298940491465856 ) ) ;
#1883 = ORIENTED_EDGE ( 'NONE', *, *, #530, .T. ) ;
#1884 = VECTOR ( 'NONE', #4447, 1000.000000000000000 ) ;
#1885 = CIRCLE ( 'NONE', #4000, 4.499999999999997335 ) ;
#1886 = CARTESIAN_POINT ( 'NONE',  ( -116.3504395653500580, 0.000000000000000000, 99.12379739473679763 ) ) ;
#1887 = CARTESIAN_POINT ( 'NONE',  ( -134.9999999999999432, 10.00000000000000000, 134.9999999999999432 ) ) ;
#1888 = CONTEXT_DEPENDENT_SHAPE_REPRESENTATION ( #3163, #4730 ) ;
#1889 = CARTESIAN_POINT ( 'NONE',  ( 33.23401871576779598, 0.000000000000000000, -28.73401871576768229 ) ) ;
#1890 = AXIS2_PLACEMENT_3D ( 'NONE', #3481, #4641, #4278 ) ;
#1891 = DIRECTION ( 'NONE',  ( -0.000000000000000000, 1.000000000000000000, -0.000000000000000000 ) ) ;
#1892 = CARTESIAN_POINT ( 'NONE',  ( -33.23401871576802336, 10.00000000000000000, 33.23401871576744782 ) ) ;
#1893 = AXIS2_PLACEMENT_3D ( 'NONE', #2035, #2107, #3578 ) ;
#1894 = FACE_BOUND ( 'NONE', #3881, .T. ) ;
#1895 = ORIENTED_EDGE ( 'NONE', *, *, #1849, .T. ) ;
#1896 = CARTESIAN_POINT ( 'NONE',  ( -1.332669674819814701E-14, -15.00000000000000000, 51.50000000000000000 ) ) ;
#1897 = EDGE_CURVE ( 'NONE', #4139, #3705, #1156, .T. ) ;
#1898 = ADVANCED_FACE ( 'NONE', ( #3606 ), #1702, .F. ) ;
#1899 = VERTEX_POINT ( 'NONE', #2458 ) ;
#1900 = AXIS2_PLACEMENT_3D ( 'NONE', #4382, #911, #3393 ) ;
#1901 = EDGE_LOOP ( 'NONE', ( #3326, #1794, #229, #2021 ) ) ;
#1902 = AXIS2_PLACEMENT_3D ( 'NONE', #304, #1126, #1977 ) ;
#1903 = FACE_OUTER_BOUND ( 'NONE', #3625, .T. ) ;
#1904 = ORIENTED_EDGE ( 'NONE', *, *, #4287, .T. ) ;
#1905 = ADVANCED_FACE ( 'NONE', ( #3753 ), #531, .F. ) ;
#1906 = CARTESIAN_POINT ( 'NONE',  ( 33.23401871576779598, 0.000000000000000000, -33.23401871576767519 ) ) ;
#1907 = ORIENTED_EDGE ( 'NONE', *, *, #3239, .F. ) ;
#1908 = CC_DESIGN_PERSON_AND_ORGANIZATION_ASSIGNMENT ( #655, #3025, ( #797 ) ) ;
#1909 = DIRECTION ( 'NONE',  ( -0.000000000000000000, 1.000000000000000000, -0.000000000000000000 ) ) ;
#1910 = CARTESIAN_POINT ( 'NONE',  ( -2.500000000000067502, 0.000000000000000000, -80.58284835957709902 ) ) ;
#1911 = AXIS2_PLACEMENT_3D ( 'NONE', #4010, #458, #2016 ) ;
#1912 = DIRECTION ( 'NONE',  ( 0.000000000000000000, 0.000000000000000000, 1.000000000000000000 ) ) ;
#1913 = EDGE_LOOP ( 'NONE', ( #1344, #691 ) ) ;
#1914 = FACE_OUTER_BOUND ( 'NONE', #4376, .T. ) ;
#1915 = FACE_OUTER_BOUND ( 'NONE', #336, .T. ) ;
#1916 = AXIS2_PLACEMENT_3D ( 'NONE', #1574, #1621, #84 ) ;
#1917 = CARTESIAN_POINT ( 'NONE',  ( -135.0000000000000568, 10.00000000000000000, 69.89999999999994884 ) ) ;
#1918 = FACE_OUTER_BOUND ( 'NONE', #1866, .T. ) ;
#1919 = ORIENTED_EDGE ( 'NONE', *, *, #3217, .T. ) ;
#1920 = COORDINATED_UNIVERSAL_TIME_OFFSET ( 8, 0, .AHEAD. ) ;
#1921 = DIRECTION ( 'NONE',  ( 0.000000000000000000, 0.000000000000000000, 1.000000000000000000 ) ) ;
#1922 = ORIENTED_EDGE ( 'NONE', *, *, #530, .F. ) ;
#1923 = ORIENTED_EDGE ( 'NONE', *, *, #3167, .T. ) ;
#1924 = CARTESIAN_POINT ( 'NONE',  ( 135.0000000000018474, 0.000000000000000000, -74.42024260179205442 ) ) ;
#1925 = VERTEX_POINT ( 'NONE', #960 ) ;
#1926 = CARTESIAN_POINT ( 'NONE',  ( 95.87379739473514917, 0.000000000000000000, -116.2876914450248051 ) ) ;
#1927 = ORIENTED_EDGE ( 'NONE', *, *, #4214, .T. ) ;
#1928 = ADVANCED_FACE ( 'NONE', ( #2228 ), #2869, .F. ) ;
#1929 = CARTESIAN_POINT ( 'NONE',  ( 0.000000000000000000, 10.00000000000000000, -27.50000000000000000 ) ) ;
#1930 = FACE_BOUND ( 'NONE', #1512, .T. ) ;
#1931 = DIRECTION ( 'NONE',  ( -0.000000000000000000, 1.000000000000000000, -0.000000000000000000 ) ) ;
#1932 = ORIENTED_EDGE ( 'NONE', *, *, #2312, .T. ) ;
#1933 = DATE_AND_TIME ( #13, #4563 ) ;
#1934 = DIRECTION ( 'NONE',  ( -0.000000000000000000, 1.000000000000000000, -0.000000000000000000 ) ) ;
#1935 = DIRECTION ( 'NONE',  ( -0.000000000000000000, 1.000000000000000000, -0.000000000000000000 ) ) ;
#1936 = VERTEX_POINT ( 'NONE', #3631 ) ;
#1937 = FACE_OUTER_BOUND ( 'NONE', #766, .T. ) ;
#1938 = PRODUCT_DEFINITION ( 'UNKNOWN', '', #2750, #5014 ) ;
#1939 = AXIS2_PLACEMENT_3D ( 'NONE', #2396, #3979, #455 ) ;
#1940 = FACE_BOUND ( 'NONE', #3676, .T. ) ;
#1941 = CALENDAR_DATE ( 2026, 24, 3 ) ;
#1942 = CYLINDRICAL_SURFACE ( 'NONE', #2789, 4.499999999999997335 ) ;
#1943 = VERTEX_POINT ( 'NONE', #259 ) ;
#1944 = VERTEX_POINT ( 'NONE', #110 ) ;
#1945 = FACE_OUTER_BOUND ( 'NONE', #1698, .T. ) ;
#1946 = EDGE_LOOP ( 'NONE', ( #796, #300, #5, #4398 ) ) ;
#1947 = CYLINDRICAL_SURFACE ( 'NONE', #1549, 60.00000000000000000 ) ;
#1948 = VERTEX_POINT ( 'NONE', #1833 ) ;
#1949 = ORIENTED_EDGE ( 'NONE', *, *, #4908, .F. ) ;
#1950 = CARTESIAN_POINT ( 'NONE',  ( 98.08284835957788061, 0.000000000000000000, -20.00000000000000711 ) ) ;
#1951 = CARTESIAN_POINT ( 'NONE',  ( 0.000000000000000000, 1.102182119232617788E-16, 27.50000000000000000 ) ) ;
#1952 = DIRECTION ( 'NONE',  ( -0.000000000000000000, 1.000000000000000000, -0.000000000000000000 ) ) ;
#1953 = ORIENTED_EDGE ( 'NONE', *, *, #4497, .F. ) ;
#1954 = EDGE_CURVE ( 'NONE', #2937, #3944, #3764, .T. ) ;
#1955 = ADVANCED_FACE ( 'NONE', ( #4818 ), #1732, .F. ) ;
#1956 = ADVANCED_FACE ( 'NONE', ( #4077 ), #4457, .F. ) ;
#1957 = CARTESIAN_POINT ( 'NONE',  ( -27.50000000000000000, 1.102182119232617788E-16, -2.499999999999998668 ) ) ;
#1958 = DESIGN_CONTEXT ( 'detailed design', #136, 'design' ) ;
#1959 = CIRCLE ( 'NONE', #1713, 4.500000000000003553 ) ;
#1960 = AXIS2_PLACEMENT_3D ( 'NONE', #4099, #3327, #936 ) ;
#1961 = PERSON_AND_ORGANIZATION ( #431, #3410 ) ;
#1962 = CARTESIAN_POINT ( 'NONE',  ( -63.08284835957622505, 10.00000000000000000, 23.29999999999990834 ) ) ;
#1963 = DIRECTION ( 'NONE',  ( -0.000000000000000000, 1.000000000000000000, -0.000000000000000000 ) ) ;
#1964 = VERTEX_POINT ( 'NONE', #3009 ) ;
#1965 = CARTESIAN_POINT ( 'NONE',  ( 37.49999999999987921, 10.00000000000000000, -77.28284835957724397 ) ) ;
#1966 = EDGE_CURVE ( 'NONE', #3600, #3641, #695, .T. ) ;
#1967 = CIRCLE ( 'NONE', #2369, 4.500000000000003553 ) ;
#1968 = CC_DESIGN_DATE_AND_TIME_ASSIGNMENT ( #90, #480, ( #3515 ) ) ;
#1969 = CIRCLE ( 'NONE', #989, 8.649999999999998579 ) ;
#1970 = APPROVAL_ROLE ( '' ) ;
#1971 = CARTESIAN_POINT ( 'NONE',  ( -74.42024260179678663, 0.000000000000000000, -130.5000000000003126 ) ) ;
#1972 = EDGE_CURVE ( 'NONE', #97, #1105, #2705, .T. ) ;
#1973 = DIRECTION ( 'NONE',  ( -0.000000000000000000, 1.000000000000000000, -0.000000000000000000 ) ) ;
#1974 = VECTOR ( 'NONE', #997, 1000.000000000000000 ) ;
#1975 = VERTEX_POINT ( 'NONE', #4240 ) ;
#1976 = EDGE_CURVE ( 'NONE', #583, #1437, #4104, .T. ) ;
#1977 = DIRECTION ( 'NONE',  ( 0.000000000000000000, 0.000000000000000000, 1.000000000000000000 ) ) ;
#1978 = EDGE_LOOP ( 'NONE', ( #3491, #127, #1419, #3820 ) ) ;
#1979 = CIRCLE ( 'NONE', #4911, 3.299999999999997158 ) ;
#1980 = DIRECTION ( 'NONE',  ( 0.000000000000000000, 0.000000000000000000, 1.000000000000000000 ) ) ;
#1981 = ORIENTED_EDGE ( 'NONE', *, *, #1246, .T. ) ;
#1982 = EDGE_LOOP ( 'NONE', ( #3128, #2050 ) ) ;
#1983 = AXIS2_PLACEMENT_3D ( 'NONE', #701, #2712, #2682 ) ;
#1984 = FACE_BOUND ( 'NONE', #1369, .T. ) ;
#1985 = FACE_BOUND ( 'NONE', #789, .T. ) ;
#1986 = CARTESIAN_POINT ( 'NONE',  ( 0.000000000000000000, 10.00000000000000000, 27.50000000000000000 ) ) ;
#1987 = CARTESIAN_POINT ( 'NONE',  ( 135.0000000000018474, 0.000000000000000000, -74.42024260179205442 ) ) ;
#1988 = PRODUCT_DEFINITION ( 'UNKNOWN', '', #1054, #1958 ) ;
#1989 = AXIS2_PLACEMENT_3D ( 'NONE', #711, #738, #4188 ) ;
#1990 = CARTESIAN_POINT ( 'NONE',  ( 0.000000000000000000, 0.000000000000000000, 0.000000000000000000 ) ) ;
#1991 = DIRECTION ( 'NONE',  ( 0.000000000000000000, 0.000000000000000000, 1.000000000000000000 ) ) ;
#1992 = DIRECTION ( 'NONE',  ( 0.000000000000000000, 0.000000000000000000, 1.000000000000000000 ) ) ;
#1993 = ORIENTED_EDGE ( 'NONE', *, *, #565, .F. ) ;
#1994 = CARTESIAN_POINT ( 'NONE',  ( 37.49999999999987921, 0.000000000000000000, -83.88284835957723828 ) ) ;
#1995 = AXIS2_PLACEMENT_3D ( 'NONE', #2924, #632, #4827 ) ;
#1996 = EDGE_CURVE ( 'NONE', #715, #4871, #1176, .T. ) ;
#1997 = FACE_BOUND ( 'NONE', #4212, .T. ) ;
#1998 = PERSON_AND_ORGANIZATION ( #431, #3410 ) ;
#1999 = CYLINDRICAL_SURFACE ( 'NONE', #3002, 4.499999999999997335 ) ;
#2000 = VERTEX_POINT ( 'NONE', #2274 ) ;
#2001 = CARTESIAN_POINT ( 'NONE',  ( -47.00000000000000000, 10.00000000000000000, -8.650000000000490630 ) ) ;
#2002 = ORIENTED_EDGE ( 'NONE', *, *, #2256, .T. ) ;
#2003 = ORIENTED_EDGE ( 'NONE', *, *, #4023, .T. ) ;
#2004 = ORIENTED_EDGE ( 'NONE', *, *, #1019, .T. ) ;
#2005 = LINE ( 'NONE', #150, #904 ) ;
#2006 = DIRECTION ( 'NONE',  ( -0.000000000000000000, 1.000000000000000000, -0.000000000000000000 ) ) ;
#2007 = DIRECTION ( 'NONE',  ( 0.000000000000000000, 0.000000000000000000, 1.000000000000000000 ) ) ;
#2008 = EDGE_LOOP ( 'NONE', ( #641, #3535 ) ) ;
#2009 = CARTESIAN_POINT ( 'NONE',  ( -3.276481547916382399E-13, 10.00000000000000000, 42.50000000000000000 ) ) ;
#2010 = ORIENTED_EDGE ( 'NONE', *, *, #891, .T. ) ;
#2011 = PERSON_AND_ORGANIZATION_ROLE ( 'design_owner' ) ;
#2012 = FACE_OUTER_BOUND ( 'NONE', #600, .T. ) ;
#2013 = CARTESIAN_POINT ( 'NONE',  ( 0.000000000000000000, 0.000000000000000000, -47.00000000000000000 ) ) ;
#2014 = VERTEX_POINT ( 'NONE', #3858 ) ;
#2015 = CARTESIAN_POINT ( 'NONE',  ( 2.743208830090071736E-14, 10.00000000000000000, 223.0000000000000853 ) ) ;
#2016 = DIRECTION ( 'NONE',  ( 0.000000000000000000, 0.000000000000000000, -1.000000000000000000 ) ) ;
#2017 = CARTESIAN_POINT ( 'NONE',  ( 46.99999999999999289, 0.000000000000000000, -4.499999999999990230 ) ) ;
#2018 = ADVANCED_FACE ( 'NONE', ( #1872 ), #3829, .F. ) ;
#2019 = DIRECTION ( 'NONE',  ( 0.000000000000000000, 0.000000000000000000, 1.000000000000000000 ) ) ;
#2020 = DIRECTION ( 'NONE',  ( 0.000000000000000000, 0.000000000000000000, 1.000000000000000000 ) ) ;
#2021 = ORIENTED_EDGE ( 'NONE', *, *, #4304, .F. ) ;
#2022 = AXIS2_PLACEMENT_3D ( 'NONE', #2412, #393, #1262 ) ;
#2023 = EDGE_LOOP ( 'NONE', ( #3556, #541, #3037, #3114 ) ) ;
#2024 = EDGE_CURVE ( 'NONE', #1943, #3783, #3517, .T. ) ;
#2025 = ORIENTED_EDGE ( 'NONE', *, *, #1376, .T. ) ;
#2026 = VECTOR ( 'NONE', #559, 999.9999999999998863 ) ;
#2027 = CC_DESIGN_PERSON_AND_ORGANIZATION_ASSIGNMENT ( #1709, #197, ( #1259 ) ) ;
#2028 = DIRECTION ( 'NONE',  ( 0.000000000000000000, -0.000000000000000000, 1.000000000000000000 ) ) ;
#2029 = CARTESIAN_POINT ( 'NONE',  ( -33.23401871576802336, 10.00000000000000000, 28.73401871576745137 ) ) ;
#2030 = EDGE_LOOP ( 'NONE', ( #1953, #2444 ) ) ;
#2031 = AXIS2_PLACEMENT_3D ( 'NONE', #2972, #291, #3767 ) ;
#2032 = ADVANCED_FACE ( 'NONE', ( #1945 ), #3055, .F. ) ;
#2033 = DIRECTION ( 'NONE',  ( 0.000000000000000000, 1.000000000000000000, 0.000000000000000000 ) ) ;
#2034 =( NAMED_UNIT ( * ) SI_UNIT ( $, .STERADIAN. ) SOLID_ANGLE_UNIT ( ) );
#2035 = CARTESIAN_POINT ( 'NONE',  ( 46.99999999999999289, 10.00000000000000000, 1.640996229256272803E-13 ) ) ;
#2036 = DIRECTION ( 'NONE',  ( -0.000000000000000000, 1.000000000000000000, -0.000000000000000000 ) ) ;
#2037 = FACE_OUTER_BOUND ( 'NONE', #95, .T. ) ;
#2038 = CIRCLE ( 'NONE', #68, 2.499999999999995115 ) ;
#2039 = CYLINDRICAL_SURFACE ( 'NONE', #2938, 3.299999999999997158 ) ;
#2040 = APPROVAL_ROLE ( '' ) ;
#2041 = LINE ( 'NONE', #21, #3773 ) ;
#2042 = AXIS2_PLACEMENT_3D ( 'NONE', #4141, #3803, #2204 ) ;
#2043 = CARTESIAN_POINT ( 'NONE',  ( -74.42024260179678663, 10.00000000000000000, -139.5000000000003126 ) ) ;
#2044 = AXIS2_PLACEMENT_3D ( 'NONE', #388, #1909, #3399 ) ;
#2045 = ADVANCED_FACE ( 'NONE', ( #1903 ), #1829, .T. ) ;
#2046 = CYLINDRICAL_SURFACE ( 'NONE', #3561, 4.499999999999997335 ) ;
#2047 = EDGE_LOOP ( 'NONE', ( #1606, #3257 ) ) ;
#2048 = DIRECTION ( 'NONE',  ( 0.000000000000000000, 0.000000000000000000, 1.000000000000000000 ) ) ;
#2049 = EDGE_LOOP ( 'NONE', ( #4172, #1167, #1531, #2811 ) ) ;
#2050 = ORIENTED_EDGE ( 'NONE', *, *, #3921, .T. ) ;
#2051 = AXIS2_PLACEMENT_3D ( 'NONE', #4034, #706, #2215 ) ;
#2052 = VERTEX_POINT ( 'NONE', #4266 ) ;
#2053 = EDGE_CURVE ( 'NONE', #472, #3430, #4677, .T. ) ;
#2054 = VECTOR ( 'NONE', #3171, 1000.000000000000000 ) ;
#2055 = DIRECTION ( 'NONE',  ( 0.000000000000000000, 0.000000000000000000, 1.000000000000000000 ) ) ;
#2056 = DIRECTION ( 'NONE',  ( -0.000000000000000000, 1.000000000000000000, -0.000000000000000000 ) ) ;
#2057 = EDGE_LOOP ( 'NONE', ( #4019, #1439, #1853, #1612 ) ) ;
#2058 = DIRECTION ( 'NONE',  ( -0.000000000000000000, 1.000000000000000000, -0.000000000000000000 ) ) ;
#2059 = AXIS2_PLACEMENT_3D ( 'NONE', #1645, #825, #2028 ) ;
#2060 = DIRECTION ( 'NONE',  ( -0.000000000000000000, 1.000000000000000000, -0.000000000000000000 ) ) ;
#2061 = CYLINDRICAL_SURFACE ( 'NONE', #3680, 3.299999999999997158 ) ;
#2062 = CONICAL_SURFACE ( 'NONE', #3688, 8.649999999999998579, 0.7853981633974488341 ) ;
#2063 = FACE_OUTER_BOUND ( 'NONE', #1155, .T. ) ;
#2064 = ORIENTED_EDGE ( 'NONE', *, *, #1119, .F. ) ;
#2065 = DIRECTION ( 'NONE',  ( 0.000000000000000000, 0.000000000000000000, 1.000000000000000000 ) ) ;
#2066 = AXIS2_PLACEMENT_3D ( 'NONE', #809, #3586, #842 ) ;
#2067 = CARTESIAN_POINT ( 'NONE',  ( 0.000000000000000000, 10.00000000000000000, -21.19999999999999929 ) ) ;
#2068 = COORDINATED_UNIVERSAL_TIME_OFFSET ( 8, 0, .AHEAD. ) ;
#2069 = CARTESIAN_POINT ( 'NONE',  ( 95.84242333457314089, 10.00000000000000000, 116.4112681093095887 ) ) ;
#2070 = CARTESIAN_POINT ( 'NONE',  ( 98.08284835957783798, 10.00000000000000000, 16.69999999999978613 ) ) ;
#2071 = DIRECTION ( 'NONE',  ( 0.000000000000000000, 0.000000000000000000, -1.000000000000000000 ) ) ;
#2072 = APPLICATION_CONTEXT ( 'configuration controlled 3d designs of mechanical parts and assemblies' ) ;
#2073 = EDGE_LOOP ( 'NONE', ( #5027, #894, #3493, #4884 ) ) ;
#2074 = ORIENTED_EDGE ( 'NONE', *, *, #1871, .F. ) ;
#2075 = CARTESIAN_POINT ( 'NONE',  ( 0.000000000000000000, -15.00000000000000000, -27.50000000000000000 ) ) ;
#2076 = ORIENTED_EDGE ( 'NONE', *, *, #2485, .F. ) ;
#2077 = ORIENTED_EDGE ( 'NONE', *, *, #3425, .F. ) ;
#2078 = ORIENTED_EDGE ( 'NONE', *, *, #597, .T. ) ;
#2079 = FACE_BOUND ( 'NONE', #3394, .T. ) ;
#2080 = DIRECTION ( 'NONE',  ( 0.000000000000000000, 0.000000000000000000, 1.000000000000000000 ) ) ;
#2081 = ORIENTED_EDGE ( 'NONE', *, *, #3447, .F. ) ;
#2082 = CARTESIAN_POINT ( 'NONE',  ( -3.271399263699921054E-13, 10.00000000000000000, 38.35000000000000142 ) ) ;
#2083 = EDGE_CURVE ( 'NONE', #4837, #4043, #4347, .T. ) ;
#2084 = DIRECTION ( 'NONE',  ( 0.000000000000000000, 1.000000000000000000, -0.000000000000000000 ) ) ;
#2085 = CARTESIAN_POINT ( 'NONE',  ( 0.000000000000000000, 10.00000000000000000, 0.000000000000000000 ) ) ;
#2086 = DIRECTION ( 'NONE',  ( 0.000000000000000000, 0.000000000000000000, 1.000000000000000000 ) ) ;
#2087 = VERTEX_POINT ( 'NONE', #5005 ) ;
#2088 = CARTESIAN_POINT ( 'NONE',  ( 0.000000000000000000, 7.000000000000000000, 27.50000000000000000 ) ) ;
#2089 = CALENDAR_DATE ( 2026, 24, 3 ) ;
#2090 = DIRECTION ( 'NONE',  ( 0.000000000000000000, 0.000000000000000000, 1.000000000000000000 ) ) ;
#2091 = APPROVAL ( #1193, 'UNSPECIFIED' ) ;
#2092 = CARTESIAN_POINT ( 'NONE',  ( 0.000000000000000000, 10.00000000000000000, 27.50000000000000000 ) ) ;
#2093 = CARTESIAN_POINT ( 'NONE',  ( -63.08284835957622505, 0.000000000000000000, 19.99999999999991118 ) ) ;
#2094 = ORIENTED_EDGE ( 'NONE', *, *, #3603, .F. ) ;
#2095 = LINE ( 'NONE', #593, #1884 ) ;
#2096 = CYLINDRICAL_SURFACE ( 'NONE', #4510, 3.299999999999997158 ) ;
#2097 = ORIENTED_EDGE ( 'NONE', *, *, #5037, .T. ) ;
#2098 = ORIENTED_EDGE ( 'NONE', *, *, #3478, .T. ) ;
#2099 = CIRCLE ( 'NONE', #2744, 4.500000000000003553 ) ;
#2100 = CARTESIAN_POINT ( 'NONE',  ( 0.000000000000000000, -15.00000000000000000, 27.50000000000000000 ) ) ;
#2101 = DIRECTION ( 'NONE',  ( -0.000000000000000000, 1.000000000000000000, -0.000000000000000000 ) ) ;
#2102 = EDGE_LOOP ( 'NONE', ( #953, #3804 ) ) ;
#2103 = DIRECTION ( 'NONE',  ( -0.000000000000000000, 1.000000000000000000, -0.000000000000000000 ) ) ;
#2104 = EDGE_CURVE ( 'NONE', #4603, #3568, #3036, .T. ) ;
#2105 = LINE ( 'NONE', #4556, #2949 ) ;
#2106 = AXIS2_PLACEMENT_3D ( 'NONE', #1038, #1469, #245 ) ;
#2107 = DIRECTION ( 'NONE',  ( -0.000000000000000000, 1.000000000000000000, -0.000000000000000000 ) ) ;
#2108 = LINE ( 'NONE', #1350, #3863 ) ;
#2109 = EDGE_LOOP ( 'NONE', ( #1202, #1773 ) ) ;
#2110 = DIRECTION ( 'NONE',  ( -0.000000000000000000, 1.000000000000000000, -0.000000000000000000 ) ) ;
#2111 = CYLINDRICAL_SURFACE ( 'NONE', #2747, 3.250000000000002665 ) ;
#2112 = DIRECTION ( 'NONE',  ( -0.000000000000000000, -1.000000000000000000, -0.000000000000000000 ) ) ;
#2113 = APPROVAL_DATE_TIME ( #3294, #4533 ) ;
#2114 = EDGE_CURVE ( 'NONE', #399, #1944, #2145, .T. ) ;
#2115 = CARTESIAN_POINT ( 'NONE',  ( -27.50000000000000000, 7.000000000000000000, 0.000000000000000000 ) ) ;
#2116 = CYLINDRICAL_SURFACE ( 'NONE', #3737, 4.499999999999997335 ) ;
#2117 = FACE_OUTER_BOUND ( 'NONE', #2352, .T. ) ;
#2118 = AXIS2_PLACEMENT_3D ( 'NONE', #3181, #2821, #4757 ) ;
#2119 = ADVANCED_FACE ( 'NONE', ( #768 ), #2348, .F. ) ;
#2120 = DIRECTION ( 'NONE',  ( 0.000000000000000000, 0.000000000000000000, 1.000000000000000000 ) ) ;
#2121 = ORIENTED_EDGE ( 'NONE', *, *, #1497, .F. ) ;
#2122 = AXIS2_PLACEMENT_3D ( 'NONE', #3654, #3309, #3353 ) ;
#2123 = VECTOR ( 'NONE', #131, 1000.000000000000000 ) ;
#2124 = CARTESIAN_POINT ( 'NONE',  ( -74.39999999999994884, 0.000000000000000000, 130.4999999999996874 ) ) ;
#2125 = ORIENTED_EDGE ( 'NONE', *, *, #425, .T. ) ;
#2126 = ORIENTED_EDGE ( 'NONE', *, *, #3150, .F. ) ;
#2127 = AXIS2_PLACEMENT_3D ( 'NONE', #645, #2983, #3421 ) ;
#2128 = EDGE_CURVE ( 'NONE', #2425, #3324, #2302, .T. ) ;
#2129 = ORIENTED_EDGE ( 'NONE', *, *, #2890, .F. ) ;
#2130 = VECTOR ( 'NONE', #2112, 1000.000000000000000 ) ;
#2131 = CARTESIAN_POINT ( 'NONE',  ( 0.000000000000000000, 0.000000000000000000, 30.00000000000000000 ) ) ;
#2132 = ORIENTED_EDGE ( 'NONE', *, *, #843, .F. ) ;
#2133 = FACE_OUTER_BOUND ( 'NONE', #3752, .T. ) ;
#2134 = CIRCLE ( 'NONE', #4418, 3.250000000000002665 ) ;
#2135 = CARTESIAN_POINT ( 'NONE',  ( -74.39999999999994884, 10.00000000000000000, 134.9999999999997158 ) ) ;
#2136 = APPLICATION_CONTEXT ( 'configuration controlled 3d designs of mechanical parts and assemblies' ) ;
#2137 = DIRECTION ( 'NONE',  ( -0.000000000000000000, 1.000000000000000000, -0.000000000000000000 ) ) ;
#2138 = ORIENTED_EDGE ( 'NONE', *, *, #4955, .F. ) ;
#2139 = CIRCLE ( 'NONE', #3843, 4.500000000000003553 ) ;
#2140 = EDGE_CURVE ( 'NONE', #1836, #1936, #3289, .T. ) ;
#2141 = DATE_TIME_ROLE ( 'classification_date' ) ;
#2142 = CARTESIAN_POINT ( 'NONE',  ( 33.23401871576772493, -15.00000000000000000, -33.23401871576772493 ) ) ;
#2143 = DIRECTION ( 'NONE',  ( 0.000000000000000000, 0.000000000000000000, 1.000000000000000000 ) ) ;
#2144 = DIRECTION ( 'NONE',  ( 0.000000000000000000, 0.000000000000000000, 1.000000000000000000 ) ) ;
#2145 = CIRCLE ( 'NONE', #1902, 3.299999999999997158 ) ;
#2146 = CIRCLE ( 'NONE', #2875, 3.250000000000002665 ) ;
#2147 = CARTESIAN_POINT ( 'NONE',  ( -134.9999999999981242, 10.00000000000000000, -69.92024260179205442 ) ) ;
#2148 = ORIENTED_EDGE ( 'NONE', *, *, #1804, .T. ) ;
#2149 = DIRECTION ( 'NONE',  ( -0.000000000000000000, 1.000000000000000000, -0.000000000000000000 ) ) ;
#2150 = ORIENTED_EDGE ( 'NONE', *, *, #302, .T. ) ;
#2151 = VERTEX_POINT ( 'NONE', #1530 ) ;
#2152 = CIRCLE ( 'NONE', #2958, 4.500000000000003553 ) ;
#2153 = ORIENTED_EDGE ( 'NONE', *, *, #3069, .T. ) ;
#2154 = AXIS2_PLACEMENT_3D ( 'NONE', #3762, #1132, #4943 ) ;
#2155 = CYLINDRICAL_SURFACE ( 'NONE', #3418, 2.499999999999998668 ) ;
#2156 = EDGE_LOOP ( 'NONE', ( #4349, #2866, #983, #2255 ) ) ;
#2157 = APPROVAL ( #403, 'UNSPECIFIED' ) ;
#2158 = CARTESIAN_POINT ( 'NONE',  ( 0.000000000000000000, 10.00000000000000000, -27.50000000000000000 ) ) ;
#2159 = CARTESIAN_POINT ( 'NONE',  ( 37.50000000000137135, 0.000000000000000000, 83.88284835958098995 ) ) ;
#2160 = DIRECTION ( 'NONE',  ( 0.000000000000000000, 0.000000000000000000, 1.000000000000000000 ) ) ;
#2161 = CARTESIAN_POINT ( 'NONE',  ( 135.0000000000000000, 10.00000000000000000, 139.4999999999999432 ) ) ;
#2162 = EDGE_LOOP ( 'NONE', ( #2076, #2965 ) ) ;
#2163 = CARTESIAN_POINT ( 'NONE',  ( 74.42024260179678663, 10.00000000000000000, -134.9999999999999716 ) ) ;
#2164 = PERSON_AND_ORGANIZATION ( #365, #1290 ) ;
#2165 = DIRECTION ( 'NONE',  ( 0.000000000000000000, 0.000000000000000000, 1.000000000000000000 ) ) ;
#2166 = DIRECTION ( 'NONE',  ( -0.000000000000000000, 1.000000000000000000, -0.000000000000000000 ) ) ;
#2167 = CARTESIAN_POINT ( 'NONE',  ( 0.000000000000000000, 1.102182119232617788E-16, -25.00000000000000000 ) ) ;
#2168 = ORIENTED_EDGE ( 'NONE', *, *, #1302, .F. ) ;
#2169 = CARTESIAN_POINT ( 'NONE',  ( 135.0000000000000000, 0.000000000000000000, -139.5000000000000000 ) ) ;
#2170 = VERTEX_POINT ( 'NONE', #4760 ) ;
#2171 = EDGE_CURVE ( 'NONE', #3944, #2937, #2546, .T. ) ;
#2172 = ORIENTED_EDGE ( 'NONE', *, *, #4429, .T. ) ;
#2173 = ORIENTED_EDGE ( 'NONE', *, *, #4651, .F. ) ;
#2174 = VERTEX_POINT ( 'NONE', #4782 ) ;
#2175 = ADVANCED_FACE ( 'NONE', ( #2826 ), #70, .F. ) ;
#2176 = CYLINDRICAL_SURFACE ( 'NONE', #3747, 4.500000000000003553 ) ;
#2177 = VERTEX_POINT ( 'NONE', #2001 ) ;
#2178 = AXIS2_PLACEMENT_3D ( 'NONE', #1210, #2738, #4300 ) ;
#2179 = DIRECTION ( 'NONE',  ( 0.000000000000000000, 0.000000000000000000, 1.000000000000000000 ) ) ;
#2180 = CARTESIAN_POINT ( 'NONE',  ( -134.9999999999981242, 10.00000000000000000, -69.92024260179205442 ) ) ;
#2181 = ADVANCED_FACE ( 'NONE', ( #3564 ), #3544, .F. ) ;
#2182 = DIRECTION ( 'NONE',  ( 0.000000000000000000, 0.000000000000000000, 1.000000000000000000 ) ) ;
#2183 = CONICAL_SURFACE ( 'NONE', #716, 8.649999999999998579, 0.7853981633974488341 ) ;
#2184 = EDGE_LOOP ( 'NONE', ( #3210, #4005, #4843, #3620 ) ) ;
#2185 = CC_DESIGN_APPROVAL ( #4533, ( #3515 ) ) ;
#2186 = EDGE_CURVE ( 'NONE', #4169, #4026, #3103, .T. ) ;
#2187 = AXIS2_PLACEMENT_3D ( 'NONE', #1990, #473, #3532 ) ;
#2188 = DIRECTION ( 'NONE',  ( -0.000000000000000000, 1.000000000000000000, -0.000000000000000000 ) ) ;
#2189 = APPROVAL_ROLE ( '' ) ;
#2190 = DIRECTION ( 'NONE',  ( 0.000000000000000000, 0.000000000000000000, 1.000000000000000000 ) ) ;
#2191 = DIRECTION ( 'NONE',  ( -0.000000000000000000, 1.000000000000000000, -0.000000000000000000 ) ) ;
#2192 = FACE_BOUND ( 'NONE', #1367, .T. ) ;
#2193 = AXIS2_PLACEMENT_3D ( 'NONE', #732, #1502, #1863 ) ;
#2194 = ORIENTED_EDGE ( 'NONE', *, *, #2662, .T. ) ;
#2195 = CARTESIAN_POINT ( 'NONE',  ( 7.715274834628325378E-16, 10.00000000000000000, 21.19999999999999929 ) ) ;
#2196 = ORIENTED_EDGE ( 'NONE', *, *, #3791, .T. ) ;
#2197 = AXIS2_PLACEMENT_3D ( 'NONE', #1381, #2925, #4495 ) ;
#2198 = ORIENTED_EDGE ( 'NONE', *, *, #175, .T. ) ;
#2199 = EDGE_LOOP ( 'NONE', ( #2132, #3595, #2411, #4767 ) ) ;
#2200 = ADVANCED_FACE ( 'NONE', ( #2778 ), #3212, .F. ) ;
#2201 = AXIS2_PLACEMENT_3D ( 'NONE', #499, #2834, #574 ) ;
#2202 = LINE ( 'NONE', #2605, #3594 ) ;
#2203 = ORIENTED_EDGE ( 'NONE', *, *, #682, .T. ) ;
#2204 = DIRECTION ( 'NONE',  ( 0.000000000000000000, 0.000000000000000000, 1.000000000000000000 ) ) ;
#2205 = EDGE_LOOP ( 'NONE', ( #1051, #334, #3067, #3990 ) ) ;
#2206 = CIRCLE ( 'NONE', #494, 3.250000000000002665 ) ;
#2207 = AXIS2_PLACEMENT_3D ( 'NONE', #2276, #3728, #697 ) ;
#2208 = EDGE_CURVE ( 'NONE', #1281, #3156, #3443, .T. ) ;
#2209 = AXIS2_PLACEMENT_3D ( 'NONE', #3085, #3866, #4663 ) ;
#2210 = DIRECTION ( 'NONE',  ( 0.000000000000000000, 0.000000000000000000, 1.000000000000000000 ) ) ;
#2211 = DIRECTION ( 'NONE',  ( 0.000000000000000000, 0.000000000000000000, 1.000000000000000000 ) ) ;
#2212 = ORIENTED_EDGE ( 'NONE', *, *, #395, .F. ) ;
#2213 = AXIS2_PLACEMENT_3D ( 'NONE', #2992, #2569, #246 ) ;
#2214 = DIRECTION ( 'NONE',  ( -0.000000000000000000, 1.000000000000000000, -0.000000000000000000 ) ) ;
#2215 = DIRECTION ( 'NONE',  ( -1.000000000000000000, 0.000000000000000000, 8.540177112501197482E-15 ) ) ;
#2216 = AXIS2_PLACEMENT_3D ( 'NONE', #1423, #3732, #3712 ) ;
#2217 = DIRECTION ( 'NONE',  ( 0.000000000000000000, 0.000000000000000000, 1.000000000000000000 ) ) ;
#2218 = FACE_OUTER_BOUND ( 'NONE', #466, .T. ) ;
#2219 = FACE_OUTER_BOUND ( 'NONE', #901, .T. ) ;
#2220 = APPROVAL ( #3091, 'UNSPECIFIED' ) ;
#2221 = ORIENTED_EDGE ( 'NONE', *, *, #3167, .F. ) ;
#2222 = DIRECTION ( 'NONE',  ( -0.000000000000000000, 1.000000000000000000, -0.000000000000000000 ) ) ;
#2223 = VERTEX_POINT ( 'NONE', #3941 ) ;
#2224 = AXIS2_PLACEMENT_3D ( 'NONE', #2075, #3987, #2020 ) ;
#2225 = EDGE_LOOP ( 'NONE', ( #370, #3347 ) ) ;
#2226 = VERTEX_POINT ( 'NONE', #3154 ) ;
#2227 = CIRCLE ( 'NONE', #22, 4.499999999999997335 ) ;
#2228 = FACE_OUTER_BOUND ( 'NONE', #3593, .T. ) ;
#2229 = VERTEX_POINT ( 'NONE', #519 ) ;
#2230 = DIRECTION ( 'NONE',  ( 0.000000000000000000, 0.000000000000000000, 1.000000000000000000 ) ) ;
#2231 = ORIENTED_EDGE ( 'NONE', *, *, #4738, .F. ) ;
#2232 = CIRCLE ( 'NONE', #2560, 3.299999999999997158 ) ;
#2233 = DIRECTION ( 'NONE',  ( 0.000000000000000000, 0.000000000000000000, 1.000000000000000000 ) ) ;
#2234 = LINE ( 'NONE', #1882, #3531 ) ;
#2235 = ORIENTED_EDGE ( 'NONE', *, *, #3311, .F. ) ;
#2236 = EDGE_CURVE ( 'NONE', #2631, #4790, #4432, .T. ) ;
#2237 = EDGE_CURVE ( 'NONE', #2223, #3414, #3850, .T. ) ;
#2238 = CARTESIAN_POINT ( 'NONE',  ( 37.50000000000137135, 0.000000000000000000, 77.28284835958099563 ) ) ;
#2239 = CARTESIAN_POINT ( 'NONE',  ( -95.81296885077719594, 0.000000000000000000, -119.5690655051871403 ) ) ;
#2240 = LINE ( 'NONE', #3793, #1169 ) ;
#2241 = DIRECTION ( 'NONE',  ( 0.000000000000000000, 0.000000000000000000, 1.000000000000000000 ) ) ;
#2242 = CARTESIAN_POINT ( 'NONE',  ( 116.3798940491453351, 0.000000000000000000, -95.78159479061517345 ) ) ;
#2243 = EDGE_CURVE ( 'NONE', #5013, #2449, #4840, .T. ) ;
#2244 = EDGE_LOOP ( 'NONE', ( #1461, #4041 ) ) ;
#2245 = DIRECTION ( 'NONE',  ( 0.000000000000000000, 1.000000000000000000, 0.000000000000000000 ) ) ;
#2246 = ORIENTED_EDGE ( 'NONE', *, *, #869, .T. ) ;
#2247 = EDGE_LOOP ( 'NONE', ( #2476, #60, #2078, #1107 ) ) ;
#2248 = DIRECTION ( 'NONE',  ( 0.000000000000000000, 0.000000000000000000, 1.000000000000000000 ) ) ;
#2249 = VERTEX_POINT ( 'NONE', #926 ) ;
#2250 = CARTESIAN_POINT ( 'NONE',  ( -2.499999999998570921, 10.00000000000000000, 83.88284835958100416 ) ) ;
#2251 = ORIENTED_EDGE ( 'NONE', *, *, #2308, .F. ) ;
#2252 = DIRECTION ( 'NONE',  ( 0.000000000000000000, 0.000000000000000000, 1.000000000000000000 ) ) ;
#2253 = FACE_OUTER_BOUND ( 'NONE', #3643, .T. ) ;
#2254 = CARTESIAN_POINT ( 'NONE',  ( 7.347880794884118356E-15, -15.00000000000000000, -60.00000000000000000 ) ) ;
#2255 = ORIENTED_EDGE ( 'NONE', *, *, #5009, .T. ) ;
#2256 = EDGE_CURVE ( 'NONE', #1622, #3328, #839, .T. ) ;
#2257 = EDGE_CURVE ( 'NONE', #1749, #2862, #1637, .T. ) ;
#2258 = DIRECTION ( 'NONE',  ( -0.000000000000000000, 1.000000000000000000, -0.000000000000000000 ) ) ;
#2259 = VECTOR ( 'NONE', #1683, 1000.000000000000000 ) ;
#2260 = FACE_OUTER_BOUND ( 'NONE', #4095, .T. ) ;
#2261 = CARTESIAN_POINT ( 'NONE',  ( 7.347880794884118356E-15, 0.000000000000000000, -60.00000000000000000 ) ) ;
#2262 = DIRECTION ( 'NONE',  ( -0.000000000000000000, -1.000000000000000000, -0.000000000000000000 ) ) ;
#2263 = DIRECTION ( 'NONE',  ( -0.000000000000000000, 1.000000000000000000, -0.000000000000000000 ) ) ;
#2264 = AXIS2_PLACEMENT_3D ( 'NONE', #908, #2103, #4481 ) ;
#2265 = ADVANCED_FACE ( 'NONE', ( #3184 ), #1253, .F. ) ;
#2266 = FACE_BOUND ( 'NONE', #2225, .T. ) ;
#2267 = ORIENTED_EDGE ( 'NONE', *, *, #792, .T. ) ;
#2268 = DIRECTION ( 'NONE',  ( -0.000000000000000000, 1.000000000000000000, -0.000000000000000000 ) ) ;
#2269 = LOCAL_TIME ( 1, 25, 9.000000000000000000, #2068 ) ;
#2270 = EDGE_LOOP ( 'NONE', ( #921, #2530 ) ) ;
#2271 = ORIENTED_EDGE ( 'NONE', *, *, #3224, .T. ) ;
#2272 = EDGE_CURVE ( 'NONE', #3358, #3709, #1087, .T. ) ;
#2273 = AXIS2_PLACEMENT_3D ( 'NONE', #2571, #1711, #3296 ) ;
#2274 = CARTESIAN_POINT ( 'NONE',  ( -33.23401871576773914, -15.00000000000000000, 28.73401871576772848 ) ) ;
#2275 = VERTEX_POINT ( 'NONE', #27 ) ;
#2276 = CARTESIAN_POINT ( 'NONE',  ( -116.3190655051870550, 10.00000000000000000, -95.81296885077716752 ) ) ;
#2277 = VERTEX_POINT ( 'NONE', #543 ) ;
#2278 = CIRCLE ( 'NONE', #4576, 8.649999999999998579 ) ;
#2279 = CIRCLE ( 'NONE', #2527, 4.499999999999997335 ) ;
#2280 = DIRECTION ( 'NONE',  ( 0.000000000000000000, 0.000000000000000000, 1.000000000000000000 ) ) ;
#2281 = DIRECTION ( 'NONE',  ( 8.659560562354937789E-17, 0.7071067811865472397, -0.7071067811865479058 ) ) ;
#2282 = AXIS2_PLACEMENT_3D ( 'NONE', #2242, #296, #4257 ) ;
#2283 = CIRCLE ( 'NONE', #3669, 3.299999999999997158 ) ;
#2284 = CARTESIAN_POINT ( 'NONE',  ( -33.23401871576733413, 10.00000000000000000, -33.23401871576813704 ) ) ;
#2285 = ORIENTED_EDGE ( 'NONE', *, *, #4682, .T. ) ;
#2286 = CIRCLE ( 'NONE', #2686, 3.299999999999997158 ) ;
#2287 = DIRECTION ( 'NONE',  ( 1.000000000000000000, 0.000000000000000000, 0.000000000000000000 ) ) ;
#2288 = DIRECTION ( 'NONE',  ( 0.000000000000000000, 0.000000000000000000, 1.000000000000000000 ) ) ;
#2289 = CIRCLE ( 'NONE', #4170, 4.500000000000003553 ) ;
#2290 = CARTESIAN_POINT ( 'NONE',  ( 6.938893903907228378E-15, -15.00000000000000000, -47.00000000000000000 ) ) ;
#2291 = LINE ( 'NONE', #5019, #1723 ) ;
#2292 = ADVANCED_FACE ( 'NONE', ( #4319 ), #2096, .F. ) ;
#2293 = AXIS2_PLACEMENT_3D ( 'NONE', #4336, #3092, #4670 ) ;
#2294 = FACE_BOUND ( 'NONE', #1200, .T. ) ;
#2295 = VERTEX_POINT ( 'NONE', #1026 ) ;
#2296 = DIRECTION ( 'NONE',  ( 0.000000000000000000, 0.000000000000000000, 1.000000000000000000 ) ) ;
#2297 = VERTEX_POINT ( 'NONE', #2124 ) ;
#2298 = AXIS2_PLACEMENT_3D ( 'NONE', #3287, #1292, #4849 ) ;
#2299 = ADVANCED_FACE ( 'NONE', ( #1046 ), #2062, .F. ) ;
#2300 = EDGE_LOOP ( 'NONE', ( #4733, #522 ) ) ;
#2301 = AXIS2_PLACEMENT_3D ( 'NONE', #1668, #2474, #4042 ) ;
#2302 = LINE ( 'NONE', #411, #2387 ) ;
#2303 = ORIENTED_EDGE ( 'NONE', *, *, #674, .T. ) ;
#2304 = CARTESIAN_POINT ( 'NONE',  ( -134.9999999999999432, 0.000000000000000000, -139.5000000000000000 ) ) ;
#2305 = VERTEX_POINT ( 'NONE', #2169 ) ;
#2306 = AXIS2_PLACEMENT_3D ( 'NONE', #1506, #3821, #3797 ) ;
#2307 = ORIENTED_EDGE ( 'NONE', *, *, #4368, .F. ) ;
#2308 = EDGE_CURVE ( 'NONE', #3855, #2931, #4133, .T. ) ;
#2309 = CARTESIAN_POINT ( 'NONE',  ( -47.00000000000000000, 10.00000000000000000, 8.649999999999504752 ) ) ;
#2310 = FACE_BOUND ( 'NONE', #4630, .T. ) ;
#2311 = FACE_OUTER_BOUND ( 'NONE', #2184, .T. ) ;
#2312 = EDGE_CURVE ( 'NONE', #4164, #1567, #2528, .T. ) ;
#2313 = CALENDAR_DATE ( 2026, 24, 3 ) ;
#2314 = CARTESIAN_POINT ( 'NONE',  ( 27.50000000000000000, 10.00000000000000000, 6.299999999999996270 ) ) ;
#2315 = CARTESIAN_POINT ( 'NONE',  ( -27.50000000000000000, 10.00000000000000000, 6.299999999999999822 ) ) ;
#2316 = EDGE_LOOP ( 'NONE', ( #3690, #4064 ) ) ;
#2317 = CIRCLE ( 'NONE', #2603, 4.499999999999997335 ) ;
#2318 = DIRECTION ( 'NONE',  ( -0.000000000000000000, -1.000000000000000000, -0.000000000000000000 ) ) ;
#2319 = FACE_BOUND ( 'NONE', #2270, .T. ) ;
#2320 = CARTESIAN_POINT ( 'NONE',  ( 33.23401871576756150, 10.00000000000000000, 28.73401871576790256 ) ) ;
#2321 = ORIENTED_EDGE ( 'NONE', *, *, #1767, .T. ) ;
#2322 = EDGE_LOOP ( 'NONE', ( #1007, #2589 ) ) ;
#2323 = ADVANCED_FACE ( 'NONE', ( #1411 ), #1362, .F. ) ;
#2324 = DIRECTION ( 'NONE',  ( 8.659560562354937789E-17, 0.7071067811865470176, -0.7071067811865479058 ) ) ;
#2325 = ORIENTED_EDGE ( 'NONE', *, *, #4640, .F. ) ;
#2326 = DIRECTION ( 'NONE',  ( -0.000000000000000000, -1.000000000000000000, -0.000000000000000000 ) ) ;
#2327 = VERTEX_POINT ( 'NONE', #4116 ) ;
#2328 = ORIENTED_EDGE ( 'NONE', *, *, #4090, .T. ) ;
#2329 = EDGE_CURVE ( 'NONE', #2087, #3720, #2499, .T. ) ;
#2330 = DIRECTION ( 'NONE',  ( 0.000000000000000000, 0.000000000000000000, 1.000000000000000000 ) ) ;
#2331 = FACE_BOUND ( 'NONE', #3078, .T. ) ;
#2332 = DIRECTION ( 'NONE',  ( -0.000000000000000000, 1.000000000000000000, -0.000000000000000000 ) ) ;
#2333 = ORIENTED_EDGE ( 'NONE', *, *, #4106, .F. ) ;
#2334 = DIRECTION ( 'NONE',  ( -0.000000000000000000, 1.000000000000000000, -0.000000000000000000 ) ) ;
#2335 = EDGE_CURVE ( 'NONE', #2305, #450, #4022, .T. ) ;
#2336 = APPROVAL_DATE_TIME ( #1933, #2220 ) ;
#2337 = LINE ( 'NONE', #5039, #1640 ) ;
#2338 = DIRECTION ( 'NONE',  ( -0.000000000000000000, 1.000000000000000000, -0.000000000000000000 ) ) ;
#2339 = EDGE_LOOP ( 'NONE', ( #546, #1190, #3826, #2002 ) ) ;
#2340 = CARTESIAN_POINT ( 'NONE',  ( 116.3485199889830000, 0.000000000000000000, 99.15517145489961592 ) ) ;
#2341 = VECTOR ( 'NONE', #875, 1000.000000000000000 ) ;
#2342 = COORDINATED_UNIVERSAL_TIME_OFFSET ( 8, 0, .AHEAD. ) ;
#2343 = CARTESIAN_POINT ( 'NONE',  ( 33.23401871576772493, 0.000000000000000000, -37.73401871576772493 ) ) ;
#2344 = CARTESIAN_POINT ( 'NONE',  ( 0.000000000000000000, 10.00000000000000000, -223.0000000000000853 ) ) ;
#2345 = ORIENTED_EDGE ( 'NONE', *, *, #4651, .T. ) ;
#2346 = ORGANIZATION ( 'NAUO-ORG2', 'UNSPECIFIED', 'UNSPECIFIED' ) ;
#2347 = AXIS2_PLACEMENT_3D ( 'NONE', #4924, #1072, #628 ) ;
#2348 = CYLINDRICAL_SURFACE ( 'NONE', #4991, 3.299999999999997158 ) ;
#2349 = ORIENTED_EDGE ( 'NONE', *, *, #1804, .F. ) ;
#2350 = LINE ( 'NONE', #146, #1631 ) ;
#2351 = ORIENTED_EDGE ( 'NONE', *, *, #4233, .T. ) ;
#2352 = EDGE_LOOP ( 'NONE', ( #1772, #3869, #2784, #4069 ) ) ;
#2353 = CARTESIAN_POINT ( 'NONE',  ( -116.3190655051870550, 10.00000000000000000, -92.56296885077716752 ) ) ;
#2354 = LOCAL_TIME ( 1, 25, 9.000000000000000000, #2698 ) ;
#2355 = FACE_BOUND ( 'NONE', #2381, .T. ) ;
#2356 = CARTESIAN_POINT ( 'NONE',  ( -2.500000000000067502, 10.00000000000000000, -77.28284835957710186 ) ) ;
#2357 = VERTEX_POINT ( 'NONE', #4065 ) ;
#2358 = DIRECTION ( 'NONE',  ( -0.000000000000000000, 1.000000000000000000, -0.000000000000000000 ) ) ;
#2359 = EDGE_CURVE ( 'NONE', #4688, #182, #1657, .T. ) ;
#2360 = CC_DESIGN_APPROVAL ( #80, ( #797 ) ) ;
#2361 = CIRCLE ( 'NONE', #1464, 8.649999999999998579 ) ;
#2362 = VECTOR ( 'NONE', #751, 1000.000000000000000 ) ;
#2363 = CYLINDRICAL_SURFACE ( 'NONE', #3182, 3.299999999999997158 ) ;
#2364 = DIRECTION ( 'NONE',  ( 0.000000000000000000, 0.000000000000000000, 1.000000000000000000 ) ) ;
#2365 = CC_DESIGN_DATE_AND_TIME_ASSIGNMENT ( #537, #512, ( #638 ) ) ;
#2366 = VERTEX_POINT ( 'NONE', #3748 ) ;
#2367 = CYLINDRICAL_SURFACE ( 'NONE', #3145, 4.500000000000003553 ) ;
#2368 = AXIS2_PLACEMENT_3D ( 'NONE', #2566, #3686, #1731 ) ;
#2369 = AXIS2_PLACEMENT_3D ( 'NONE', #3770, #1822, #4902 ) ;
#2370 = EDGE_CURVE ( 'NONE', #4375, #2601, #254, .T. ) ;
#2371 = AXIS2_PLACEMENT_3D ( 'NONE', #4091, #4426, #1304 ) ;
#2372 = DATE_TIME_ROLE ( 'creation_date' ) ;
#2373 = FACE_BOUND ( 'NONE', #4137, .T. ) ;
#2374 = FACE_OUTER_BOUND ( 'NONE', #1388, .T. ) ;
#2375 = AXIS2_PLACEMENT_3D ( 'NONE', #1684, #916, #2463 ) ;
#2376 = VERTEX_POINT ( 'NONE', #1770 ) ;
#2377 = CARTESIAN_POINT ( 'NONE',  ( 33.23401871576772493, 0.000000000000000000, -33.23401871576772493 ) ) ;
#2378 = ORIENTED_EDGE ( 'NONE', *, *, #1276, .T. ) ;
#2379 = CIRCLE ( 'NONE', #2293, 3.250000000000002665 ) ;
#2380 = ORIENTED_EDGE ( 'NONE', *, *, #394, .T. ) ;
#2381 = EDGE_LOOP ( 'NONE', ( #4136, #103 ) ) ;
#2382 = AXIS2_PLACEMENT_3D ( 'NONE', #2486, #2509, #643 ) ;
#2383 = FACE_BOUND ( 'NONE', #180, .T. ) ;
#2384 = DIRECTION ( 'NONE',  ( 0.000000000000000000, 0.000000000000000000, 1.000000000000000000 ) ) ;
#2385 = DIRECTION ( 'NONE',  ( 0.000000000000000000, 0.000000000000000000, 1.000000000000000000 ) ) ;
#2386 = ORIENTED_EDGE ( 'NONE', *, *, #1664, .F. ) ;
#2387 = VECTOR ( 'NONE', #1083, 1000.000000000000000 ) ;
#2388 = DIRECTION ( 'NONE',  ( 0.000000000000000000, 0.000000000000000000, 1.000000000000000000 ) ) ;
#2389 = CIRCLE ( 'NONE', #188, 2.499999999999995115 ) ;
#2390 = ORIENTED_EDGE ( 'NONE', *, *, #4468, .T. ) ;
#2391 = APPROVAL_DATE_TIME ( #37, #4015 ) ;
#2392 = ADVANCED_FACE ( 'NONE', ( #3343 ), #2906, .F. ) ;
#2393 = DIRECTION ( 'NONE',  ( -0.000000000000000000, 1.000000000000000000, -0.000000000000000000 ) ) ;
#2394 = DIRECTION ( 'NONE',  ( -0.000000000000000000, 1.000000000000000000, -0.000000000000000000 ) ) ;
#2395 = EDGE_LOOP ( 'NONE', ( #4774, #1312, #906, #698 ) ) ;
#2396 = CARTESIAN_POINT ( 'NONE',  ( 0.000000000000000000, 10.00000000000000000, -27.50000000000000000 ) ) ;
#2397 = VECTOR ( 'NONE', #1022, 1000.000000000000000 ) ;
#2398 = VECTOR ( 'NONE', #3378, 1000.000000000000000 ) ;
#2399 = CARTESIAN_POINT ( 'NONE',  ( 0.000000000000000000, 10.00000000000000000, 0.000000000000000000 ) ) ;
#2400 = DIRECTION ( 'NONE',  ( 0.000000000000000000, 0.000000000000000000, 1.000000000000000000 ) ) ;
#2401 = DIRECTION ( 'NONE',  ( -0.000000000000000000, 1.000000000000000000, -0.000000000000000000 ) ) ;
#2402 = EDGE_CURVE ( 'NONE', #2737, #4169, #1827, .T. ) ;
#2403 = ORIENTED_EDGE ( 'NONE', *, *, #2662, .F. ) ;
#2404 = EDGE_CURVE ( 'NONE', #2575, #4588, #1571, .T. ) ;
#2405 = DIRECTION ( 'NONE',  ( 0.000000000000000000, 0.000000000000000000, 1.000000000000000000 ) ) ;
#2406 = VERTEX_POINT ( 'NONE', #951 ) ;
#2407 = ORIENTED_EDGE ( 'NONE', *, *, #1650, .F. ) ;
#2408 = ORIENTED_EDGE ( 'NONE', *, *, #3201, .T. ) ;
#2409 = CARTESIAN_POINT ( 'NONE',  ( -33.23401871576772493, 0.000000000000000000, -28.73401871576772848 ) ) ;
#2410 = DIRECTION ( 'NONE',  ( -0.000000000000000000, -1.000000000000000000, -0.000000000000000000 ) ) ;
#2411 = ORIENTED_EDGE ( 'NONE', *, *, #3760, .T. ) ;
#2412 = CARTESIAN_POINT ( 'NONE',  ( 46.99999999999999289, 10.00000000000000000, 1.640996229256272803E-13 ) ) ;
#2413 = ORIENTED_EDGE ( 'NONE', *, *, #3885, .T. ) ;
#2414 = PERSON_AND_ORGANIZATION ( #431, #3410 ) ;
#2415 = CYLINDRICAL_SURFACE ( 'NONE', #4504, 225.0000000000000000 ) ;
#2416 = DIRECTION ( 'NONE',  ( 0.000000000000000000, 0.000000000000000000, -1.000000000000000000 ) ) ;
#2417 = DIRECTION ( 'NONE',  ( 0.000000000000000000, 0.000000000000000000, 1.000000000000000000 ) ) ;
#2418 = DATE_TIME_ROLE ( 'classification_date' ) ;
#2419 = CARTESIAN_POINT ( 'NONE',  ( 2.755455298081544620E-14, 8.000000000000081712, 225.0000000000000000 ) ) ;
#2420 = DIRECTION ( 'NONE',  ( 0.000000000000000000, 0.000000000000000000, 1.000000000000000000 ) ) ;
#2421 = ORIENTED_EDGE ( 'NONE', *, *, #2639, .F. ) ;
#2422 = CC_DESIGN_DATE_AND_TIME_ASSIGNMENT ( #4964, #4545, ( #797 ) ) ;
#2423 = DIRECTION ( 'NONE',  ( -0.000000000000000000, 1.000000000000000000, -0.000000000000000000 ) ) ;
#2424 = ORIENTED_EDGE ( 'NONE', *, *, #923, .F. ) ;
#2425 = VERTEX_POINT ( 'NONE', #975 ) ;
#2426 = EDGE_LOOP ( 'NONE', ( #752, #2473, #3978, #1812 ) ) ;
#2427 = AXIS2_PLACEMENT_3D ( 'NONE', #4744, #1238, #3997 ) ;
#2428 = FACE_BOUND ( 'NONE', #3303, .T. ) ;
#2429 = CARTESIAN_POINT ( 'NONE',  ( 27.50000000000000000, -15.00000000000000000, 2.499999999999995115 ) ) ;
#2430 = ORIENTED_EDGE ( 'NONE', *, *, #1376, .F. ) ;
#2431 = DIRECTION ( 'NONE',  ( -0.000000000000000000, 1.000000000000000000, -0.000000000000000000 ) ) ;
#2432 = DIRECTION ( 'NONE',  ( 0.000000000000000000, 0.000000000000000000, 1.000000000000000000 ) ) ;
#2433 = DIRECTION ( 'NONE',  ( 0.000000000000000000, 0.000000000000000000, -1.000000000000000000 ) ) ;
#2434 = CARTESIAN_POINT ( 'NONE',  ( 0.000000000000000000, 10.00000000000000000, -47.00000000000000000 ) ) ;
#2435 = AXIS2_PLACEMENT_3D ( 'NONE', #4599, #2625, #2241 ) ;
#2436 = CARTESIAN_POINT ( 'NONE',  ( 33.23401871576756150, 5.850000000000004086, 33.23401871576790256 ) ) ;
#2437 = DIRECTION ( 'NONE',  ( -0.000000000000000000, 1.000000000000000000, -0.000000000000000000 ) ) ;
#2438 = CALENDAR_DATE ( 2026, 24, 3 ) ;
#2439 = DIRECTION ( 'NONE',  ( 0.000000000000000000, -0.000000000000000000, 1.000000000000000000 ) ) ;
#2440 = AXIS2_PLACEMENT_3D ( 'NONE', #634, #3268, #3742 ) ;
#2441 = CARTESIAN_POINT ( 'NONE',  ( -134.9999999999999432, 10.00000000000000000, 134.9999999999999432 ) ) ;
#2442 = CIRCLE ( 'NONE', #244, 6.299999999999996270 ) ;
#2443 = DIRECTION ( 'NONE',  ( 0.000000000000000000, 1.000000000000000000, 0.000000000000000000 ) ) ;
#2444 = ORIENTED_EDGE ( 'NONE', *, *, #3538, .F. ) ;
#2445 = AXIS2_PLACEMENT_3D ( 'NONE', #2399, #863, #3231 ) ;
#2446 = CARTESIAN_POINT ( 'NONE',  ( 0.000000000000000000, 2.000000000000001776, 0.000000000000000000 ) ) ;
#2447 = ORIENTED_EDGE ( 'NONE', *, *, #942, .F. ) ;
#2448 = EDGE_CURVE ( 'NONE', #3216, #3776, #2710, .T. ) ;
#2449 = VERTEX_POINT ( 'NONE', #4501 ) ;
#2450 = CIRCLE ( 'NONE', #2940, 3.299999999999997158 ) ;
#2451 = CIRCLE ( 'NONE', #257, 4.499999999999997335 ) ;
#2452 = FACE_BOUND ( 'NONE', #3832, .T. ) ;
#2453 = DIRECTION ( 'NONE',  ( -0.000000000000000000, -1.000000000000000000, -0.000000000000000000 ) ) ;
#2454 = ORIENTED_EDGE ( 'NONE', *, *, #235, .T. ) ;
#2455 = AXIS2_PLACEMENT_3D ( 'NONE', #50, #3598, #2384 ) ;
#2456 = EDGE_CURVE ( 'NONE', #4746, #4976, #4680, .T. ) ;
#2457 = CC_DESIGN_DATE_AND_TIME_ASSIGNMENT ( #1264, #4335, ( #1988 ) ) ;
#2458 = CARTESIAN_POINT ( 'NONE',  ( 98.08284835957783798, 10.00000000000000000, 23.29999999999978044 ) ) ;
#2459 = DIRECTION ( 'NONE',  ( -0.000000000000000000, 1.000000000000000000, -0.000000000000000000 ) ) ;
#2460 = VECTOR ( 'NONE', #2324, 1000.000000000000114 ) ;
#2461 = LINE ( 'NONE', #3256, #4606 ) ;
#2462 = VERTEX_POINT ( 'NONE', #3721 ) ;
#2463 = DIRECTION ( 'NONE',  ( 0.000000000000000000, 0.000000000000000000, 1.000000000000000000 ) ) ;
#2464 = SECURITY_CLASSIFICATION_LEVEL ( 'unclassified' ) ;
#2465 = CARTESIAN_POINT ( 'NONE',  ( 0.000000000000000000, 10.00000000000000000, -27.50000000000000000 ) ) ;
#2466 = CONICAL_SURFACE ( 'NONE', #2797, 6.299999999999999822, 0.7853981633974485010 ) ;
#2467 = DIRECTION ( 'NONE',  ( -0.000000000000000000, 1.000000000000000000, -0.000000000000000000 ) ) ;
#2468 = DIRECTION ( 'NONE',  ( 0.000000000000000000, 0.000000000000000000, 1.000000000000000000 ) ) ;
#2469 = VERTEX_POINT ( 'NONE', #2960 ) ;
#2470 = EDGE_CURVE ( 'NONE', #3799, #4794, #151, .T. ) ;
#2471 = CIRCLE ( 'NONE', #935, 4.500000000000000888 ) ;
#2472 = FACE_BOUND ( 'NONE', #1463, .T. ) ;
#2473 = ORIENTED_EDGE ( 'NONE', *, *, #3395, .T. ) ;
#2474 = DIRECTION ( 'NONE',  ( 0.000000000000000000, 1.000000000000000000, 0.000000000000000000 ) ) ;
#2475 = ORIENTED_EDGE ( 'NONE', *, *, #4023, .F. ) ;
#2476 = ORIENTED_EDGE ( 'NONE', *, *, #2889, .F. ) ;
#2477 = ORIENTED_EDGE ( 'NONE', *, *, #922, .F. ) ;
#2478 = EDGE_CURVE ( 'NONE', #4191, #4449, #924, .T. ) ;
#2479 = ADVANCED_FACE ( 'NONE', ( #2885 ), #4448, .F. ) ;
#2480 = FACE_BOUND ( 'NONE', #2109, .T. ) ;
#2481 = DIRECTION ( 'NONE',  ( -0.000000000000000000, 1.000000000000000000, -0.000000000000000000 ) ) ;
#2482 = ORIENTED_EDGE ( 'NONE', *, *, #3001, .F. ) ;
#2483 = DIRECTION ( 'NONE',  ( 0.000000000000000000, 0.000000000000000000, 1.000000000000000000 ) ) ;
#2484 = ADVANCED_FACE ( 'NONE', ( #1080 ), #4436, .F. ) ;
#2485 = EDGE_CURVE ( 'NONE', #437, #2295, #1332, .T. ) ;
#2486 = CARTESIAN_POINT ( 'NONE',  ( 46.99999999999999289, 10.00000000000000000, 1.640996229256272803E-13 ) ) ;
#2487 = DIRECTION ( 'NONE',  ( 0.000000000000000000, 0.000000000000000000, 1.000000000000000000 ) ) ;
#2488 = DIRECTION ( 'NONE',  ( 0.000000000000000000, 1.000000000000000000, -0.000000000000000000 ) ) ;
#2489 = EDGE_LOOP ( 'NONE', ( #4293, #4100 ) ) ;
#2490 = EDGE_CURVE ( 'NONE', #460, #2226, #3035, .T. ) ;
#2491 = DIRECTION ( 'NONE',  ( -0.000000000000000000, -1.000000000000000000, -0.000000000000000000 ) ) ;
#2492 = DIRECTION ( 'NONE',  ( 0.000000000000000000, 0.000000000000000000, -1.000000000000000000 ) ) ;
#2493 = PERSON_AND_ORGANIZATION ( #431, #3410 ) ;
#2494 = CARTESIAN_POINT ( 'NONE',  ( -33.23401871576733413, 5.850000000000004086, -28.73401871576813704 ) ) ;
#2495 = DIRECTION ( 'NONE',  ( -0.000000000000000000, 1.000000000000000000, -0.000000000000000000 ) ) ;
#2496 = FACE_BOUND ( 'NONE', #3214, .T. ) ;
#2497 = FACE_BOUND ( 'NONE', #4199, .T. ) ;
#2498 = ORIENTED_EDGE ( 'NONE', *, *, #799, .T. ) ;
#2499 = LINE ( 'NONE', #2576, #1161 ) ;
#2500 = ORIENTED_EDGE ( 'NONE', *, *, #2114, .T. ) ;
#2501 = ORIENTED_EDGE ( 'NONE', *, *, #4715, .F. ) ;
#2502 = VERTEX_POINT ( 'NONE', #2724 ) ;
#2503 = VERTEX_POINT ( 'NONE', #329 ) ;
#2504 = CYLINDRICAL_SURFACE ( 'NONE', #1803, 4.499999999999997335 ) ;
#2505 = EDGE_LOOP ( 'NONE', ( #2886, #1682, #868, #624 ) ) ;
#2506 = EDGE_CURVE ( 'NONE', #4357, #4588, #5021, .T. ) ;
#2507 = DIRECTION ( 'NONE',  ( -0.000000000000000000, 1.000000000000000000, -0.000000000000000000 ) ) ;
#2508 = DIRECTION ( 'NONE',  ( -0.000000000000000000, 1.000000000000000000, -0.000000000000000000 ) ) ;
#2509 = DIRECTION ( 'NONE',  ( -0.000000000000000000, 1.000000000000000000, -0.000000000000000000 ) ) ;
#2510 = AXIS2_PLACEMENT_3D ( 'NONE', #1498, #2258, #3403 ) ;
#2511 = DIRECTION ( 'NONE',  ( -0.000000000000000000, 1.000000000000000000, -0.000000000000000000 ) ) ;
#2512 = DIRECTION ( 'NONE',  ( -0.000000000000000000, 1.000000000000000000, -0.000000000000000000 ) ) ;
#2513 = ORIENTED_EDGE ( 'NONE', *, *, #4226, .T. ) ;
#2514 = EDGE_CURVE ( 'NONE', #2087, #4118, #4514, .T. ) ;
#2515 = CIRCLE ( 'NONE', #311, 8.649999999999998579 ) ;
#2516 = DIRECTION ( 'NONE',  ( 0.000000000000000000, 0.000000000000000000, 1.000000000000000000 ) ) ;
#2517 = DIRECTION ( 'NONE',  ( 1.000000000000000000, 0.000000000000000000, -4.270088556250598741E-15 ) ) ;
#2518 = APPROVAL_STATUS ( 'not_yet_approved' ) ;
#2519 = DIRECTION ( 'NONE',  ( 0.000000000000000000, 0.000000000000000000, 1.000000000000000000 ) ) ;
#2520 = LOCAL_TIME ( 1, 25, 9.000000000000000000, #2342 ) ;
#2521 = DIRECTION ( 'NONE',  ( 0.000000000000000000, 0.000000000000000000, 1.000000000000000000 ) ) ;
#2522 = FACE_BOUND ( 'NONE', #2102, .T. ) ;
#2523 = CIRCLE ( 'NONE', #2762, 2.499999999999998668 ) ;
#2524 = DIRECTION ( 'NONE',  ( -0.000000000000000000, 1.000000000000000000, -0.000000000000000000 ) ) ;
#2525 = ORIENTED_EDGE ( 'NONE', *, *, #836, .T. ) ;
#2526 = AXIS2_PLACEMENT_3D ( 'NONE', #1372, #3711, #4102 ) ;
#2527 = AXIS2_PLACEMENT_3D ( 'NONE', #3682, #2941, #1368 ) ;
#2528 = LINE ( 'NONE', #223, #4259 ) ;
#2529 = ORIENTED_EDGE ( 'NONE', *, *, #2243, .F. ) ;
#2530 = ORIENTED_EDGE ( 'NONE', *, *, #465, .F. ) ;
#2531 = AXIS2_PLACEMENT_3D ( 'NONE', #3786, #1089, #2330 ) ;
#2532 = AXIS2_PLACEMENT_3D ( 'NONE', #4657, #2467, #539 ) ;
#2533 = ORIENTED_EDGE ( 'NONE', *, *, #1756, .F. ) ;
#2534 = EDGE_LOOP ( 'NONE', ( #2835, #4528, #3754, #2760 ) ) ;
#2535 = AXIS2_PLACEMENT_3D ( 'NONE', #586, #4057, #3583 ) ;
#2536 = DIRECTION ( 'NONE',  ( -0.000000000000000000, 1.000000000000000000, -0.000000000000000000 ) ) ;
#2537 = ORIENTED_EDGE ( 'NONE', *, *, #4387, .T. ) ;
#2538 = LINE ( 'NONE', #4437, #3726 ) ;
#2539 = CONICAL_SURFACE ( 'NONE', #1893, 8.649999999999998579, 0.7853981633974489451 ) ;
#2540 = FACE_OUTER_BOUND ( 'NONE', #954, .T. ) ;
#2541 = DIRECTION ( 'NONE',  ( 0.000000000000000000, 0.000000000000000000, 1.000000000000000000 ) ) ;
#2542 = CARTESIAN_POINT ( 'NONE',  ( 74.40000000000000568, 10.00000000000000000, 135.0000000000000000 ) ) ;
#2543 = ORIENTED_EDGE ( 'NONE', *, *, #585, .T. ) ;
#2544 = AXIS2_PLACEMENT_3D ( 'NONE', #4403, #2758, #446 ) ;
#2545 = EDGE_CURVE ( 'NONE', #3705, #2616, #3075, .T. ) ;
#2546 = CIRCLE ( 'NONE', #2787, 6.299999999999999822 ) ;
#2547 = DIRECTION ( 'NONE',  ( 0.000000000000000000, 1.000000000000000000, 0.000000000000000000 ) ) ;
#2548 = DIRECTION ( 'NONE',  ( 0.000000000000000000, 0.000000000000000000, -1.000000000000000000 ) ) ;
#2549 = CALENDAR_DATE ( 2026, 24, 3 ) ;
#2550 = CARTESIAN_POINT ( 'NONE',  ( 0.000000000000000000, 10.00000000000000000, -21.19999999999999929 ) ) ;
#2551 = CARTESIAN_POINT ( 'NONE',  ( 98.08284835957783798, 10.00000000000000000, 23.29999999999978044 ) ) ;
#2552 = DIRECTION ( 'NONE',  ( -0.000000000000000000, 1.000000000000000000, -0.000000000000000000 ) ) ;
#2553 = CONICAL_SURFACE ( 'NONE', #347, 8.649999999999998579, 0.7853981633974485010 ) ;
#2554 = EDGE_CURVE ( 'NONE', #3371, #3444, #2999, .T. ) ;
#2555 = FACE_BOUND ( 'NONE', #1180, .T. ) ;
#2556 = DIRECTION ( 'NONE',  ( -0.000000000000000000, -1.000000000000000000, -0.000000000000000000 ) ) ;
#2557 = ORIENTED_EDGE ( 'NONE', *, *, #3931, .T. ) ;
#2558 = EDGE_CURVE ( 'NONE', #450, #3350, #2699, .T. ) ;
#2559 = ORIENTED_EDGE ( 'NONE', *, *, #302, .F. ) ;
#2560 = AXIS2_PLACEMENT_3D ( 'NONE', #3716, #218, #2090 ) ;
#2561 = EDGE_CURVE ( 'NONE', #1780, #315, #603, .T. ) ;
#2562 = ORIENTED_EDGE ( 'NONE', *, *, #3597, .F. ) ;
#2563 = AXIS2_PLACEMENT_3D ( 'NONE', #2542, #3312, #4413 ) ;
#2564 = CARTESIAN_POINT ( 'NONE',  ( -3.281992458512545606E-13, 10.00000000000000000, 55.64999999999999858 ) ) ;
#2565 = ORIENTED_EDGE ( 'NONE', *, *, #5004, .T. ) ;
#2566 = CARTESIAN_POINT ( 'NONE',  ( -47.00000000000000000, 0.000000000000000000, -4.922988687768817400E-13 ) ) ;
#2567 = CARTESIAN_POINT ( 'NONE',  ( 135.0000000000018474, 10.00000000000000000, -74.42024260179205442 ) ) ;
#2568 = DIRECTION ( 'NONE',  ( -0.000000000000000000, 1.000000000000000000, -0.000000000000000000 ) ) ;
#2569 = DIRECTION ( 'NONE',  ( -0.000000000000000000, 1.000000000000000000, -0.000000000000000000 ) ) ;
#2570 = FACE_OUTER_BOUND ( 'NONE', #2073, .T. ) ;
#2571 = CARTESIAN_POINT ( 'NONE',  ( -2.499999999998570921, 0.000000000000000000, 80.58284835958100700 ) ) ;
#2572 = DIRECTION ( 'NONE',  ( 0.000000000000000000, 0.000000000000000000, 1.000000000000000000 ) ) ;
#2573 = ADVANCED_FACE ( 'NONE', ( #3052 ), #4261, .F. ) ;
#2574 = FACE_BOUND ( 'NONE', #1526, .T. ) ;
#2575 = VERTEX_POINT ( 'NONE', #1867 ) ;
#2576 = CARTESIAN_POINT ( 'NONE',  ( 33.23401871576779598, 10.00000000000000000, -24.58401871576768016 ) ) ;
#2577 = EDGE_LOOP ( 'NONE', ( #2650, #178, #882, #3519 ) ) ;
#2578 = ORIENTED_EDGE ( 'NONE', *, *, #101, .F. ) ;
#2579 = EDGE_CURVE ( 'NONE', #3568, #3683, #265, .T. ) ;
#2580 = ORIENTED_EDGE ( 'NONE', *, *, #155, .T. ) ;
#2581 = ORIENTED_EDGE ( 'NONE', *, *, #4282, .T. ) ;
#2582 = CARTESIAN_POINT ( 'NONE',  ( -116.3504395653500580, 0.000000000000000000, 99.12379739473679763 ) ) ;
#2583 = ORIENTED_EDGE ( 'NONE', *, *, #2257, .F. ) ;
#2584 = CIRCLE ( 'NONE', #221, 4.500000000000003553 ) ;
#2585 = DIRECTION ( 'NONE',  ( 0.000000000000000000, 0.000000000000000000, -1.000000000000000000 ) ) ;
#2586 = LINE ( 'NONE', #2970, #811 ) ;
#2587 = VERTEX_POINT ( 'NONE', #4210 ) ;
#2588 = AXIS2_PLACEMENT_3D ( 'NONE', #159, #3284, #4813 ) ;
#2589 = ORIENTED_EDGE ( 'NONE', *, *, #2243, .T. ) ;
#2590 = PRODUCT_DEFINITION_FORMATION_WITH_SPECIFIED_SOURCE ( 'ANY', '', #1259, .NOT_KNOWN. ) ;
#2591 = CARTESIAN_POINT ( 'NONE',  ( 0.000000000000000000, 10.00000000000000000, 30.79999999999999716 ) ) ;
#2592 = LINE ( 'NONE', #654, #3276 ) ;
#2593 = CYLINDRICAL_SURFACE ( 'NONE', #2637, 4.499999999999997335 ) ;
#2594 = CIRCLE ( 'NONE', #3406, 3.299999999999997158 ) ;
#2595 = CYLINDRICAL_SURFACE ( 'NONE', #3334, 2.499999999999998668 ) ;
#2596 = DIRECTION ( 'NONE',  ( -0.000000000000000000, 1.000000000000000000, -0.000000000000000000 ) ) ;
#2597 = CIRCLE ( 'NONE', #5044, 4.499999999999997335 ) ;
#2598 = EDGE_LOOP ( 'NONE', ( #4625, #256 ) ) ;
#2599 = DIRECTION ( 'NONE',  ( 0.000000000000000000, 0.000000000000000000, 1.000000000000000000 ) ) ;
#2600 = EDGE_LOOP ( 'NONE', ( #4821, #1670 ) ) ;
#2601 = VERTEX_POINT ( 'NONE', #3852 ) ;
#2602 = MANIFOLD_SOLID_BREP ( 'CirPattern1', #1541 ) ;
#2603 = AXIS2_PLACEMENT_3D ( 'NONE', #3400, #3808, #649 ) ;
#2604 = ADVANCED_FACE ( 'NONE', ( #299 ), #1942, .F. ) ;
#2605 = CARTESIAN_POINT ( 'NONE',  ( -47.00000000000000000, 10.00000000000000000, -4.500000000000489386 ) ) ;
#2606 = ORIENTED_EDGE ( 'NONE', *, *, #4614, .F. ) ;
#2607 = CARTESIAN_POINT ( 'NONE',  ( 6.938893903907228378E-15, -15.00000000000000000, -47.00000000000000000 ) ) ;
#2608 = EDGE_LOOP ( 'NONE', ( #3220, #2677, #1049, #874 ) ) ;
#2609 = VECTOR ( 'NONE', #947, 1000.000000000000000 ) ;
#2610 = AXIS2_PLACEMENT_3D ( 'NONE', #1926, #413, #4156 ) ;
#2611 = VECTOR ( 'NONE', #1592, 1000.000000000000000 ) ;
#2612 = CARTESIAN_POINT ( 'NONE',  ( 116.3485199889830000, 10.00000000000000000, 95.90517145489961592 ) ) ;
#2613 = EDGE_CURVE ( 'NONE', #1437, #583, #3446, .T. ) ;
#2614 = CARTESIAN_POINT ( 'NONE',  ( -63.08284835957631032, 10.00000000000000000, -19.99999999999986500 ) ) ;
#2615 = DIRECTION ( 'NONE',  ( -0.000000000000000000, -1.000000000000000000, -0.000000000000000000 ) ) ;
#2616 = VERTEX_POINT ( 'NONE', #1553 ) ;
#2617 = AXIS2_PLACEMENT_3D ( 'NONE', #115, #1627, #4755 ) ;
#2618 = CC_DESIGN_PERSON_AND_ORGANIZATION_ASSIGNMENT ( #4464, #4009, ( #2590 ) ) ;
#2619 = ORIENTED_EDGE ( 'NONE', *, *, #3069, .F. ) ;
#2620 = CARTESIAN_POINT ( 'NONE',  ( 0.000000000000000000, 0.000000000000000000, 0.000000000000000000 ) ) ;
#2621 = DIRECTION ( 'NONE',  ( -0.000000000000000000, 1.000000000000000000, -0.000000000000000000 ) ) ;
#2622 = CONICAL_SURFACE ( 'NONE', #2216, 6.299999999999999822, 0.7853981633974487231 ) ;
#2623 = CALENDAR_DATE ( 2026, 24, 3 ) ;
#2624 = DIRECTION ( 'NONE',  ( 0.000000000000000000, 0.000000000000000000, 1.000000000000000000 ) ) ;
#2625 = DIRECTION ( 'NONE',  ( -0.000000000000000000, 1.000000000000000000, -0.000000000000000000 ) ) ;
#2626 = DIRECTION ( 'NONE',  ( -0.000000000000000000, 1.000000000000000000, -0.000000000000000000 ) ) ;
#2627 = AXIS2_PLACEMENT_3D ( 'NONE', #3218, #1696, #3550 ) ;
#2628 = CARTESIAN_POINT ( 'NONE',  ( 74.42024260179678663, 0.000000000000000000, -134.9999999999999716 ) ) ;
#2629 = AXIS2_PLACEMENT_3D ( 'NONE', #3518, #2633, #360 ) ;
#2630 = ORIENTED_EDGE ( 'NONE', *, *, #2470, .T. ) ;
#2631 = VERTEX_POINT ( 'NONE', #3100 ) ;
#2632 = AXIS2_PLACEMENT_3D ( 'NONE', #379, #2268, #1525 ) ;
#2633 = DIRECTION ( 'NONE',  ( -0.000000000000000000, 1.000000000000000000, -0.000000000000000000 ) ) ;
#2634 = ORIENTED_EDGE ( 'NONE', *, *, #4461, .T. ) ;
#2635 = DIRECTION ( 'NONE',  ( 0.000000000000000000, 0.000000000000000000, 1.000000000000000000 ) ) ;
#2636 = ORIENTED_EDGE ( 'NONE', *, *, #4361, .T. ) ;
#2637 = AXIS2_PLACEMENT_3D ( 'NONE', #376, #1935, #3482 ) ;
#2638 = EDGE_CURVE ( 'NONE', #1305, #1279, #3601, .T. ) ;
#2639 = EDGE_CURVE ( 'NONE', #3705, #4139, #2389, .T. ) ;
#2640 = CIRCLE ( 'NONE', #1666, 4.500000000000003553 ) ;
#2641 = DIRECTION ( 'NONE',  ( 0.000000000000000000, 0.000000000000000000, -1.000000000000000000 ) ) ;
#2642 = DIRECTION ( 'NONE',  ( 0.000000000000000000, 1.000000000000000000, -0.000000000000000000 ) ) ;
#2643 = DIRECTION ( 'NONE',  ( 0.000000000000000000, 0.000000000000000000, 1.000000000000000000 ) ) ;
#2644 = EDGE_LOOP ( 'NONE', ( #4712, #1426 ) ) ;
#2645 = CARTESIAN_POINT ( 'NONE',  ( 6.938893903907228378E-15, -15.00000000000000000, -51.50000000000000000 ) ) ;
#2646 = CARTESIAN_POINT ( 'NONE',  ( -74.39999999999994884, 0.000000000000000000, 134.9999999999997158 ) ) ;
#2647 = DIRECTION ( 'NONE',  ( 0.000000000000000000, 0.000000000000000000, -1.000000000000000000 ) ) ;
#2648 = DIRECTION ( 'NONE',  ( 0.000000000000000000, 0.000000000000000000, 1.000000000000000000 ) ) ;
#2649 = ADVANCED_FACE ( 'NONE', ( #3412 ), #4580, .F. ) ;
#2650 = ORIENTED_EDGE ( 'NONE', *, *, #1656, .F. ) ;
#2651 = DIRECTION ( 'NONE',  ( -0.000000000000000000, -1.000000000000000000, -0.000000000000000000 ) ) ;
#2652 = EDGE_LOOP ( 'NONE', ( #2805, #2077 ) ) ;
#2653 = ORIENTED_EDGE ( 'NONE', *, *, #141, .F. ) ;
#2654 = EDGE_LOOP ( 'NONE', ( #3389, #2407, #1675, #1177 ) ) ;
#2655 = LINE ( 'NONE', #1462, #2851 ) ;
#2656 = ORIENTED_EDGE ( 'NONE', *, *, #289, .F. ) ;
#2657 = CARTESIAN_POINT ( 'NONE',  ( -27.50000000000000000, 10.00000000000000000, 0.000000000000000000 ) ) ;
#2658 = EDGE_CURVE ( 'NONE', #3323, #2587, #844, .T. ) ;
#2659 = CARTESIAN_POINT ( 'NONE',  ( 27.50000000000000000, 7.000000000000000000, 0.000000000000000000 ) ) ;
#2660 = FACE_OUTER_BOUND ( 'NONE', #3903, .T. ) ;
#2661 = ORIENTED_EDGE ( 'NONE', *, *, #4715, .T. ) ;
#2662 = EDGE_CURVE ( 'NONE', #1028, #3889, #4920, .T. ) ;
#2663 = AXIS2_PLACEMENT_3D ( 'NONE', #4365, #87, #4795 ) ;
#2664 = DIRECTION ( 'NONE',  ( -0.000000000000000000, 1.000000000000000000, -0.000000000000000000 ) ) ;
#2665 = DIRECTION ( 'NONE',  ( -0.000000000000000000, 1.000000000000000000, -0.000000000000000000 ) ) ;
#2666 = DIRECTION ( 'NONE',  ( 0.000000000000000000, -1.000000000000000000, 0.000000000000000000 ) ) ;
#2667 = DIRECTION ( 'NONE',  ( 0.000000000000000000, 0.000000000000000000, -1.000000000000000000 ) ) ;
#2668 = CIRCLE ( 'NONE', #1700, 4.499999999999997335 ) ;
#2669 = ORIENTED_EDGE ( 'NONE', *, *, #3959, .F. ) ;
#2670 = DIRECTION ( 'NONE',  ( -0.000000000000000000, 1.000000000000000000, -0.000000000000000000 ) ) ;
#2671 = ORIENTED_EDGE ( 'NONE', *, *, #483, .F. ) ;
#2672 = EDGE_CURVE ( 'NONE', #444, #182, #2041, .T. ) ;
#2673 = AXIS2_PLACEMENT_3D ( 'NONE', #295, #2722, #1844 ) ;
#2674 = VERTEX_POINT ( 'NONE', #3540 ) ;
#2675 =( GEOMETRIC_REPRESENTATION_CONTEXT ( 3 ) GLOBAL_UNCERTAINTY_ASSIGNED_CONTEXT ( ( #1858 ) ) GLOBAL_UNIT_ASSIGNED_CONTEXT ( ( #2739, #1599, #801 ) ) REPRESENTATION_CONTEXT ( 'NONE', 'WORKASPACE' ) );
#2676 = CARTESIAN_POINT ( 'NONE',  ( 0.000000000000000000, 10.00000000000000000, 27.50000000000000000 ) ) ;
#2677 = ORIENTED_EDGE ( 'NONE', *, *, #2257, .T. ) ;
#2678 = DIRECTION ( 'NONE',  ( -0.000000000000000000, 1.000000000000000000, -0.000000000000000000 ) ) ;
#2679 = EDGE_LOOP ( 'NONE', ( #227, #4269 ) ) ;
#2680 = CIRCLE ( 'NONE', #3823, 3.299999999999997158 ) ;
#2681 = CARTESIAN_POINT ( 'NONE',  ( -2.500000000000067057, 10.00000000000000000, -83.88284835957709618 ) ) ;
#2682 = DIRECTION ( 'NONE',  ( 0.000000000000000000, 0.000000000000000000, 1.000000000000000000 ) ) ;
#2683 = CIRCLE ( 'NONE', #495, 4.499999999999997335 ) ;
#2684 = CARTESIAN_POINT ( 'NONE',  ( 95.84242333457314089, 0.000000000000000000, 113.1612681093095887 ) ) ;
#2685 = VERTEX_POINT ( 'NONE', #864 ) ;
#2686 = AXIS2_PLACEMENT_3D ( 'NONE', #1950, #749, #2252 ) ;
#2687 = AXIS2_PLACEMENT_3D ( 'NONE', #219, #1405, #4087 ) ;
#2688 = DIRECTION ( 'NONE',  ( -0.000000000000000000, 1.000000000000000000, -0.000000000000000000 ) ) ;
#2689 = DIRECTION ( 'NONE',  ( -0.000000000000000000, 1.000000000000000000, -0.000000000000000000 ) ) ;
#2690 = VERTEX_POINT ( 'NONE', #3234 ) ;
#2691 = CIRCLE ( 'NONE', #1555, 4.499999999999997335 ) ;
#2692 = CARTESIAN_POINT ( 'NONE',  ( 27.50000000000000000, 10.00000000000000000, 0.000000000000000000 ) ) ;
#2693 = LINE ( 'NONE', #1077, #986 ) ;
#2694 = EDGE_CURVE ( 'NONE', #2174, #3371, #2227, .T. ) ;
#2695 = ADVANCED_FACE ( 'NONE', ( #1273 ), #4313, .F. ) ;
#2696 = AXIS2_PLACEMENT_3D ( 'NONE', #532, #3288, #4772 ) ;
#2697 = FACE_BOUND ( 'NONE', #3507, .T. ) ;
#2698 = COORDINATED_UNIVERSAL_TIME_OFFSET ( 8, 0, .AHEAD. ) ;
#2699 = LINE ( 'NONE', #5000, #2957 ) ;
#2700 = ORIENTED_EDGE ( 'NONE', *, *, #4748, .F. ) ;
#2701 = CIRCLE ( 'NONE', #1736, 2.499999999999998668 ) ;
#2702 = ADVANCED_FACE ( 'NONE', ( #1583, #4797, #1604, #2373, #3982, #4390, #3935, #3122, #433, #887, #4343, #4756, #117 ), #3147, .T. ) ;
#2703 = ORIENTED_EDGE ( 'NONE', *, *, #2763, .T. ) ;
#2704 = AXIS2_PLACEMENT_3D ( 'NONE', #3966, #462, #2857 ) ;
#2705 = LINE ( 'NONE', #4685, #3765 ) ;
#2706 = VERTEX_POINT ( 'NONE', #4726 ) ;
#2707 = DIRECTION ( 'NONE',  ( -0.000000000000000000, 1.000000000000000000, -0.000000000000000000 ) ) ;
#2708 = ORIENTED_EDGE ( 'NONE', *, *, #3629, .F. ) ;
#2709 = EDGE_CURVE ( 'NONE', #3328, #1622, #2146, .T. ) ;
#2710 = CIRCLE ( 'NONE', #3108, 4.500000000000003553 ) ;
#2711 = LINE ( 'NONE', #2309, #4822 ) ;
#2712 = DIRECTION ( 'NONE',  ( -0.000000000000000000, 1.000000000000000000, -0.000000000000000000 ) ) ;
#2713 = AXIS2_PLACEMENT_3D ( 'NONE', #3435, #4181, #4994 ) ;
#2714 = DIRECTION ( 'NONE',  ( -0.000000000000000000, 1.000000000000000000, -0.000000000000000000 ) ) ;
#2715 = ORIENTED_EDGE ( 'NONE', *, *, #673, .F. ) ;
#2716 = EDGE_CURVE ( 'NONE', #339, #1152, #678, .T. ) ;
#2717 = DIRECTION ( 'NONE',  ( -0.000000000000000000, 1.000000000000000000, -0.000000000000000000 ) ) ;
#2718 = AXIS2_PLACEMENT_3D ( 'NONE', #4672, #1166, #3926 ) ;
#2719 = LINE ( 'NONE', #318, #1232 ) ;
#2720 = CYLINDRICAL_SURFACE ( 'NONE', #4270, 3.250000000000002665 ) ;
#2721 = ORIENTED_EDGE ( 'NONE', *, *, #2853, .T. ) ;
#2722 = DIRECTION ( 'NONE',  ( -0.000000000000000000, 1.000000000000000000, -0.000000000000000000 ) ) ;
#2723 = FACE_BOUND ( 'NONE', #3745, .T. ) ;
#2724 = CARTESIAN_POINT ( 'NONE',  ( -33.23401871576733413, 0.000000000000000000, -37.73401871576812994 ) ) ;
#2725 = ADVANCED_FACE ( 'NONE', ( #1248 ), #2553, .F. ) ;
#2726 = VERTEX_POINT ( 'NONE', #2343 ) ;
#2727 = ORIENTED_EDGE ( 'NONE', *, *, #1996, .F. ) ;
#2728 = CARTESIAN_POINT ( 'NONE',  ( 135.0000000000000000, 10.00000000000000000, -135.0000000000000000 ) ) ;
#2729 = ORIENTED_EDGE ( 'NONE', *, *, #3072, .T. ) ;
#2730 = FACE_OUTER_BOUND ( 'NONE', #279, .T. ) ;
#2731 = VERTEX_POINT ( 'NONE', #1971 ) ;
#2732 = VERTEX_POINT ( 'NONE', #64 ) ;
#2733 = LINE ( 'NONE', #4246, #899 ) ;
#2734 = FACE_BOUND ( 'NONE', #4841, .T. ) ;
#2735 = ADVANCED_FACE ( 'NONE', ( #3898 ), #3511, .F. ) ;
#2736 = DIRECTION ( 'NONE',  ( 0.000000000000000000, 0.000000000000000000, 1.000000000000000000 ) ) ;
#2737 = VERTEX_POINT ( 'NONE', #2419 ) ;
#2738 = DIRECTION ( 'NONE',  ( -0.000000000000000000, 1.000000000000000000, -0.000000000000000000 ) ) ;
#2739 =( LENGTH_UNIT ( ) NAMED_UNIT ( * ) SI_UNIT ( .MILLI., .METRE. ) );
#2740 = CARTESIAN_POINT ( 'NONE',  ( -3.281992458512545606E-13, 5.850000000000004086, 51.50000000000000000 ) ) ;
#2741 = LINE ( 'NONE', #4773, #4928 ) ;
#2742 = ORIENTED_EDGE ( 'NONE', *, *, #395, .T. ) ;
#2743 = CARTESIAN_POINT ( 'NONE',  ( -27.50000000000000000, 7.000000000000000000, 0.000000000000000000 ) ) ;
#2744 = AXIS2_PLACEMENT_3D ( 'NONE', #1987, #449, #4275 ) ;
#2745 = DIRECTION ( 'NONE',  ( -0.000000000000000000, 1.000000000000000000, -0.000000000000000000 ) ) ;
#2746 = LINE ( 'NONE', #1301, #489 ) ;
#2747 = AXIS2_PLACEMENT_3D ( 'NONE', #140, #4852, #4823 ) ;
#2748 = ORIENTED_EDGE ( 'NONE', *, *, #2889, .T. ) ;
#2749 = EDGE_CURVE ( 'NONE', #1255, #2737, #3775, .T. ) ;
#2750 = PRODUCT_DEFINITION_FORMATION_WITH_SPECIFIED_SOURCE ( 'ANY', '', #228, .NOT_KNOWN. ) ;
#2751 = CARTESIAN_POINT ( 'NONE',  ( -27.50000000000000000, 10.00000000000000000, 0.000000000000000000 ) ) ;
#2752 = ORIENTED_EDGE ( 'NONE', *, *, #331, .F. ) ;
#2753 = ORIENTED_EDGE ( 'NONE', *, *, #1443, .F. ) ;
#2754 = CIRCLE ( 'NONE', #4072, 3.250000000000002665 ) ;
#2755 = EDGE_LOOP ( 'NONE', ( #4070, #4557, #3859, #1337 ) ) ;
#2756 = ADVANCED_FACE ( 'NONE', ( #562 ), #1786, .F. ) ;
#2757 = CYLINDRICAL_SURFACE ( 'NONE', #4582, 4.500000000000003553 ) ;
#2758 = DIRECTION ( 'NONE',  ( -0.000000000000000000, 1.000000000000000000, -0.000000000000000000 ) ) ;
#2759 = CARTESIAN_POINT ( 'NONE',  ( 74.40000000000000568, 10.00000000000000000, 130.5000000000000000 ) ) ;
#2760 = ORIENTED_EDGE ( 'NONE', *, *, #605, .F. ) ;
#2761 = LINE ( 'NONE', #3923, #4714 ) ;
#2762 = AXIS2_PLACEMENT_3D ( 'NONE', #4231, #1168, #4281 ) ;
#2763 = EDGE_CURVE ( 'NONE', #450, #2305, #1661, .T. ) ;
#2764 = COORDINATED_UNIVERSAL_TIME_OFFSET ( 8, 0, .AHEAD. ) ;
#2765 = CARTESIAN_POINT ( 'NONE',  ( 0.000000000000000000, 8.000000000000081712, -225.0000000000000000 ) ) ;
#2766 = EDGE_CURVE ( 'NONE', #3430, #4538, #3337, .T. ) ;
#2767 = DIRECTION ( 'NONE',  ( -0.000000000000000000, 1.000000000000000000, -0.000000000000000000 ) ) ;
#2768 = VERTEX_POINT ( 'NONE', #4900 ) ;
#2769 = CARTESIAN_POINT ( 'NONE',  ( 46.99999999999999289, -15.00000000000000000, 4.500000000000003553 ) ) ;
#2770 = CIRCLE ( 'NONE', #579, 2.499999999999995115 ) ;
#2771 = AXIS2_PLACEMENT_3D ( 'NONE', #1727, #4842, #1874 ) ;
#2772 = APPROVAL_STATUS ( 'not_yet_approved' ) ;
#2773 = DIRECTION ( 'NONE',  ( 0.000000000000000000, 1.000000000000000000, 0.000000000000000000 ) ) ;
#2774 = CYLINDRICAL_SURFACE ( 'NONE', #1306, 4.499999999999997335 ) ;
#2775 = EDGE_CURVE ( 'NONE', #715, #385, #1750, .T. ) ;
#2776 = VECTOR ( 'NONE', #3976, 999.9999999999998863 ) ;
#2777 = ORIENTED_EDGE ( 'NONE', *, *, #1578, .F. ) ;
#2778 = FACE_OUTER_BOUND ( 'NONE', #2893, .T. ) ;
#2779 = ORIENTED_EDGE ( 'NONE', *, *, #4078, .F. ) ;
#2780 = ORIENTED_EDGE ( 'NONE', *, *, #4373, .T. ) ;
#2781 = AXIS2_PLACEMENT_3D ( 'NONE', #2808, #3971, #3569 ) ;
#2782 = FACE_BOUND ( 'NONE', #3646, .T. ) ;
#2783 = DIRECTION ( 'NONE',  ( 0.000000000000000000, 0.000000000000000000, 1.000000000000000000 ) ) ;
#2784 = ORIENTED_EDGE ( 'NONE', *, *, #4304, .T. ) ;
#2785 = EDGE_CURVE ( 'NONE', #2052, #1445, #3040, .T. ) ;
#2786 = EDGE_CURVE ( 'NONE', #4098, #956, #1328, .T. ) ;
#2787 = AXIS2_PLACEMENT_3D ( 'NONE', #2751, #1229, #4805 ) ;
#2788 = LINE ( 'NONE', #108, #1374 ) ;
#2789 = AXIS2_PLACEMENT_3D ( 'NONE', #3487, #4626, #5046 ) ;
#2790 = EDGE_LOOP ( 'NONE', ( #2729, #849 ) ) ;
#2791 = PERSON_AND_ORGANIZATION ( #431, #3410 ) ;
#2792 = DIRECTION ( 'NONE',  ( -0.000000000000000000, 1.000000000000000000, -0.000000000000000000 ) ) ;
#2793 = CARTESIAN_POINT ( 'NONE',  ( -33.23401871576772493, -15.00000000000000000, -33.23401871576772493 ) ) ;
#2794 = ORIENTED_EDGE ( 'NONE', *, *, #1365, .F. ) ;
#2795 = CYLINDRICAL_SURFACE ( 'NONE', #2663, 4.499999999999997335 ) ;
#2796 = ADVANCED_FACE ( 'NONE', ( #1764 ), #4465, .F. ) ;
#2797 = AXIS2_PLACEMENT_3D ( 'NONE', #2465, #4036, #538 ) ;
#2798 = CC_DESIGN_PERSON_AND_ORGANIZATION_ASSIGNMENT ( #2164, #4571, ( #3896 ) ) ;
#2799 = AXIS2_PLACEMENT_3D ( 'NONE', #2434, #3198, #1601 ) ;
#2800 = CARTESIAN_POINT ( 'NONE',  ( 6.938893903907228378E-15, 0.000000000000000000, -47.00000000000000000 ) ) ;
#2801 = CALENDAR_DATE ( 2026, 24, 3 ) ;
#2802 = DIRECTION ( 'NONE',  ( 0.000000000000000000, 0.000000000000000000, 1.000000000000000000 ) ) ;
#2803 = DIRECTION ( 'NONE',  ( 0.000000000000000000, 0.7071067811865474617, 0.7071067811865474617 ) ) ;
#2804 = ORIENTED_EDGE ( 'NONE', *, *, #2404, .F. ) ;
#2805 = ORIENTED_EDGE ( 'NONE', *, *, #958, .F. ) ;
#2806 = EDGE_LOOP ( 'NONE', ( #2501, #1029, #2557, #3628 ) ) ;
#2807 = ORIENTED_EDGE ( 'NONE', *, *, #2478, .T. ) ;
#2808 = CARTESIAN_POINT ( 'NONE',  ( -63.08284835957631032, 10.00000000000000000, -19.99999999999986500 ) ) ;
#2809 = CARTESIAN_POINT ( 'NONE',  ( -33.23401871576733413, 10.00000000000000000, -37.73401871576812994 ) ) ;
#2810 = ORIENTED_EDGE ( 'NONE', *, *, #1839, .F. ) ;
#2811 = ORIENTED_EDGE ( 'NONE', *, *, #4612, .T. ) ;
#2812 = CARTESIAN_POINT ( 'NONE',  ( -134.9999999999999432, 10.00000000000000000, -130.5000000000000000 ) ) ;
#2813 = DIRECTION ( 'NONE',  ( -0.000000000000000000, 1.000000000000000000, -0.000000000000000000 ) ) ;
#2814 = DIRECTION ( 'NONE',  ( -0.000000000000000000, 1.000000000000000000, -0.000000000000000000 ) ) ;
#2815 = ORIENTED_EDGE ( 'NONE', *, *, #933, .F. ) ;
#2816 = CYLINDRICAL_SURFACE ( 'NONE', #72, 2.499999999999996891 ) ;
#2817 = DIRECTION ( 'NONE',  ( 0.000000000000000000, 0.000000000000000000, 1.000000000000000000 ) ) ;
#2818 = COORDINATED_UNIVERSAL_TIME_OFFSET ( 8, 0, .AHEAD. ) ;
#2819 = CARTESIAN_POINT ( 'NONE',  ( -116.3504395653500580, 0.000000000000000000, 95.87379739473679763 ) ) ;
#2820 = DIRECTION ( 'NONE',  ( 0.000000000000000000, 0.000000000000000000, 1.000000000000000000 ) ) ;
#2821 = DIRECTION ( 'NONE',  ( 0.000000000000000000, 1.000000000000000000, -0.000000000000000000 ) ) ;
#2822 = CIRCLE ( 'NONE', #2178, 4.500000000000003553 ) ;
#2823 = ORIENTED_EDGE ( 'NONE', *, *, #2256, .F. ) ;
#2824 = DIRECTION ( 'NONE',  ( -0.000000000000000000, 1.000000000000000000, -0.000000000000000000 ) ) ;
#2825 = ORIENTED_EDGE ( 'NONE', *, *, #1815, .T. ) ;
#2826 = FACE_OUTER_BOUND ( 'NONE', #79, .T. ) ;
#2827 = ORIENTED_EDGE ( 'NONE', *, *, #4296, .F. ) ;
#2828 = VECTOR ( 'NONE', #3516, 1000.000000000000000 ) ;
#2829 = ORIENTED_EDGE ( 'NONE', *, *, #1050, .F. ) ;
#2830 = CC_DESIGN_DATE_AND_TIME_ASSIGNMENT ( #1582, #2418, ( #800 ) ) ;
#2831 = ORIENTED_EDGE ( 'NONE', *, *, #4908, .T. ) ;
#2832 = LOCAL_TIME ( 1, 25, 9.000000000000000000, #4874 ) ;
#2833 = DIRECTION ( 'NONE',  ( -0.000000000000000000, -1.000000000000000000, -0.000000000000000000 ) ) ;
#2834 = DIRECTION ( 'NONE',  ( 0.000000000000000000, 1.000000000000000000, 0.000000000000000000 ) ) ;
#2835 = ORIENTED_EDGE ( 'NONE', *, *, #2083, .F. ) ;
#2836 = CARTESIAN_POINT ( 'NONE',  ( -134.9999999999981242, 10.00000000000000000, -78.92024260179206863 ) ) ;
#2837 = ORIENTED_EDGE ( 'NONE', *, *, #4830, .F. ) ;
#2838 = DIRECTION ( 'NONE',  ( -0.000000000000000000, 1.000000000000000000, -0.000000000000000000 ) ) ;
#2839 = DIRECTION ( 'NONE',  ( -0.000000000000000000, -1.000000000000000000, -0.000000000000000000 ) ) ;
#2840 = CARTESIAN_POINT ( 'NONE',  ( 46.99999999999999289, 10.00000000000000000, 1.640996229256272803E-13 ) ) ;
#2841 = DIRECTION ( 'NONE',  ( -0.000000000000000000, 1.000000000000000000, -0.000000000000000000 ) ) ;
#2842 = VECTOR ( 'NONE', #1225, 1000.000000000000000 ) ;
#2843 = CIRCLE ( 'NONE', #240, 2.499999999999998668 ) ;
#2844 = AXIS2_PLACEMENT_3D ( 'NONE', #1217, #2841, #1623 ) ;
#2845 = DIRECTION ( 'NONE',  ( 1.000000000000000000, 0.000000000000000000, -4.270088556250598741E-15 ) ) ;
#2846 = LINE ( 'NONE', #3614, #2130 ) ;
#2847 = APPROVAL_STATUS ( 'not_yet_approved' ) ;
#2848 = DIRECTION ( 'NONE',  ( 0.000000000000000000, 0.000000000000000000, 1.000000000000000000 ) ) ;
#2849 = CIRCLE ( 'NONE', #2282, 3.250000000000002665 ) ;
#2850 = DIRECTION ( 'NONE',  ( 0.000000000000000000, 1.000000000000000000, 0.000000000000000000 ) ) ;
#2851 = VECTOR ( 'NONE', #338, 1000.000000000000000 ) ;
#2852 = CYLINDRICAL_SURFACE ( 'NONE', #4484, 3.250000000000002665 ) ;
#2853 = EDGE_CURVE ( 'NONE', #1943, #3963, #4059, .T. ) ;
#2854 = CIRCLE ( 'NONE', #4244, 4.499999999999997335 ) ;
#2855 = LINE ( 'NONE', #3914, #4970 ) ;
#2856 = EDGE_LOOP ( 'NONE', ( #4243, #4886 ) ) ;
#2857 = DIRECTION ( 'NONE',  ( 0.000000000000000000, 0.000000000000000000, 1.000000000000000000 ) ) ;
#2858 = ORIENTED_EDGE ( 'NONE', *, *, #556, .F. ) ;
#2859 = ORIENTED_EDGE ( 'NONE', *, *, #2490, .F. ) ;
#2860 = ADVANCED_FACE ( 'NONE', ( #970 ), #588, .F. ) ;
#2861 = EDGE_CURVE ( 'NONE', #4503, #3910, #190, .T. ) ;
#2862 = VERTEX_POINT ( 'NONE', #4875 ) ;
#2863 = AXIS2_PLACEMENT_3D ( 'NONE', #2614, #4513, #239 ) ;
#2864 = FACE_BOUND ( 'NONE', #693, .T. ) ;
#2865 = CARTESIAN_POINT ( 'NONE',  ( 33.23401871576779598, 10.00000000000000000, -28.73401871576768229 ) ) ;
#2866 = ORIENTED_EDGE ( 'NONE', *, *, #2694, .F. ) ;
#2867 = ADVANCED_FACE ( 'NONE', ( #613 ), #247, .F. ) ;
#2868 = CARTESIAN_POINT ( 'NONE',  ( 37.50000000000137135, 10.00000000000000000, 77.28284835958099563 ) ) ;
#2869 = CONICAL_SURFACE ( 'NONE', #258, 8.649999999999998579, 0.7853981633974489451 ) ;
#2870 = EDGE_CURVE ( 'NONE', #4976, #4746, #2232, .T. ) ;
#2871 = DIRECTION ( 'NONE',  ( -0.000000000000000000, 1.000000000000000000, -0.000000000000000000 ) ) ;
#2872 = CARTESIAN_POINT ( 'NONE',  ( 33.23401871576756150, 10.00000000000000000, 24.58401871576790398 ) ) ;
#2873 = VECTOR ( 'NONE', #1335, 1000.000000000000000 ) ;
#2874 = FACE_OUTER_BOUND ( 'NONE', #1059, .T. ) ;
#2875 = AXIS2_PLACEMENT_3D ( 'NONE', #2069, #2773, #3961 ) ;
#2876 = DIRECTION ( 'NONE',  ( -0.000000000000000000, 1.000000000000000000, -0.000000000000000000 ) ) ;
#2877 = PERSON_AND_ORGANIZATION ( #431, #3410 ) ;
#2878 = CARTESIAN_POINT ( 'NONE',  ( -33.23401871576802336, 10.00000000000000000, 37.73401871576744782 ) ) ;
#2879 = AXIS2_PLACEMENT_3D ( 'NONE', #4522, #4109, #2519 ) ;
#2880 = CARTESIAN_POINT ( 'NONE',  ( 33.23401871576779598, 0.000000000000000000, -37.73401871576767519 ) ) ;
#2881 = CARTESIAN_POINT ( 'NONE',  ( 33.23401871576756150, 10.00000000000000000, 41.88401871576790114 ) ) ;
#2882 = AXIS2_PLACEMENT_3D ( 'NONE', #1759, #345, #2211 ) ;
#2883 = FACE_OUTER_BOUND ( 'NONE', #3010, .T. ) ;
#2884 = ORIENTED_EDGE ( 'NONE', *, *, #4661, .T. ) ;
#2885 = FACE_OUTER_BOUND ( 'NONE', #1125, .T. ) ;
#2886 = ORIENTED_EDGE ( 'NONE', *, *, #1115, .F. ) ;
#2887 = ORIENTED_EDGE ( 'NONE', *, *, #1110, .T. ) ;
#2888 = EDGE_LOOP ( 'NONE', ( #414, #2708 ) ) ;
#2889 = EDGE_CURVE ( 'NONE', #621, #1724, #1496, .T. ) ;
#2890 = EDGE_CURVE ( 'NONE', #1944, #877, #1404, .T. ) ;
#2891 = ORIENTED_EDGE ( 'NONE', *, *, #1996, .T. ) ;
#2892 = DIRECTION ( 'NONE',  ( -0.000000000000000000, 1.000000000000000000, -0.000000000000000000 ) ) ;
#2893 = EDGE_LOOP ( 'NONE', ( #2221, #4263, #3401, #4605 ) ) ;
#2894 = CARTESIAN_POINT ( 'NONE',  ( 46.99999999999999289, 0.000000000000000000, 1.640996229256272803E-13 ) ) ;
#2895 = CARTESIAN_POINT ( 'NONE',  ( -95.81296885077719594, 10.00000000000000000, -116.3190655051871403 ) ) ;
#2896 = DIRECTION ( 'NONE',  ( -0.000000000000000000, -1.000000000000000000, -0.000000000000000000 ) ) ;
#2897 = LINE ( 'NONE', #4458, #1559 ) ;
#2898 = DIRECTION ( 'NONE',  ( 0.000000000000000000, 0.000000000000000000, 1.000000000000000000 ) ) ;
#2899 = CARTESIAN_POINT ( 'NONE',  ( 0.000000000000000000, 0.000000000000000000, 27.50000000000000000 ) ) ;
#2900 = DIRECTION ( 'NONE',  ( 0.000000000000000000, 0.000000000000000000, -1.000000000000000000 ) ) ;
#2901 = DIRECTION ( 'NONE',  ( -0.000000000000000000, 1.000000000000000000, -0.000000000000000000 ) ) ;
#2902 = FACE_OUTER_BOUND ( 'NONE', #4812, .T. ) ;
#2903 = CYLINDRICAL_SURFACE ( 'NONE', #3007, 4.499999999999997335 ) ;
#2904 = DIRECTION ( 'NONE',  ( -0.000000000000000000, 1.000000000000000000, -0.000000000000000000 ) ) ;
#2905 = VERTEX_POINT ( 'NONE', #2494 ) ;
#2906 = CYLINDRICAL_SURFACE ( 'NONE', #434, 4.500000000000003553 ) ;
#2907 = VERTEX_POINT ( 'NONE', #2954 ) ;
#2908 = EDGE_LOOP ( 'NONE', ( #2727, #123, #4334, #4882 ) ) ;
#2909 = ORIENTED_EDGE ( 'NONE', *, *, #309, .F. ) ;
#2910 = CIRCLE ( 'NONE', #1939, 6.299999999999999822 ) ;
#2911 = ORIENTED_EDGE ( 'NONE', *, *, #3504, .F. ) ;
#2912 = CARTESIAN_POINT ( 'NONE',  ( -33.23401871576772493, -15.00000000000000000, -33.23401871576772493 ) ) ;
#2913 = ORIENTED_EDGE ( 'NONE', *, *, #3932, .T. ) ;
#2914 = CARTESIAN_POINT ( 'NONE',  ( -95.84434291094001424, 10.00000000000000000, 119.6298940491465856 ) ) ;
#2915 = EDGE_CURVE ( 'NONE', #2731, #1438, #2152, .T. ) ;
#2916 = CIRCLE ( 'NONE', #225, 4.499999999999997335 ) ;
#2917 = LINE ( 'NONE', #1777, #4322 ) ;
#2918 = CARTESIAN_POINT ( 'NONE',  ( 134.9999999999999716, 0.000000000000000000, 74.39999999999994884 ) ) ;
#2919 = ADVANCED_FACE ( 'NONE', ( #2570 ), #2466, .F. ) ;
#2920 = AXIS2_PLACEMENT_3D ( 'NONE', #4856, #2191, #589 ) ;
#2921 = CARTESIAN_POINT ( 'NONE',  ( 134.9999999999999716, 10.00000000000000000, 78.89999999999996305 ) ) ;
#2922 = CALENDAR_DATE ( 2026, 24, 3 ) ;
#2923 = VECTOR ( 'NONE', #688, 1000.000000000000000 ) ;
#2924 = CARTESIAN_POINT ( 'NONE',  ( 135.0000000000000000, 0.000000000000000000, -135.0000000000000000 ) ) ;
#2925 = DIRECTION ( 'NONE',  ( -0.000000000000000000, 1.000000000000000000, -0.000000000000000000 ) ) ;
#2926 = FACE_BOUND ( 'NONE', #3514, .T. ) ;
#2927 = EDGE_CURVE ( 'NONE', #3430, #472, #683, .T. ) ;
#2928 = CIRCLE ( 'NONE', #3162, 4.500000000000003553 ) ;
#2929 = VECTOR ( 'NONE', #390, 1000.000000000000000 ) ;
#2930 = CYLINDRICAL_SURFACE ( 'NONE', #1227, 4.500000000000003553 ) ;
#2931 = VERTEX_POINT ( 'NONE', #3847 ) ;
#2932 = AXIS2_PLACEMENT_3D ( 'NONE', #659, #352, #2648 ) ;
#2933 = AXIS2_PLACEMENT_3D ( 'NONE', #3784, #4558, #1418 ) ;
#2934 = DIRECTION ( 'NONE',  ( 0.000000000000000000, 0.000000000000000000, -1.000000000000000000 ) ) ;
#2935 = EDGE_CURVE ( 'NONE', #4321, #1505, #1093, .T. ) ;
#2936 = ORIENTED_EDGE ( 'NONE', *, *, #3766, .F. ) ;
#2937 = VERTEX_POINT ( 'NONE', #2315 ) ;
#2938 = AXIS2_PLACEMENT_3D ( 'NONE', #142, #2437, #169 ) ;
#2939 = ORIENTED_EDGE ( 'NONE', *, *, #1643, .T. ) ;
#2940 = AXIS2_PLACEMENT_3D ( 'NONE', #1841, #3382, #292 ) ;
#2941 = DIRECTION ( 'NONE',  ( -0.000000000000000000, 1.000000000000000000, -0.000000000000000000 ) ) ;
#2942 = ORIENTED_EDGE ( 'NONE', *, *, #2514, .F. ) ;
#2943 = AXIS2_PLACEMENT_3D ( 'NONE', #58, #2813, #504 ) ;
#2944 = FACE_OUTER_BOUND ( 'NONE', #769, .T. ) ;
#2945 = EDGE_CURVE ( 'NONE', #3045, #4216, #1837, .T. ) ;
#2946 = FACE_OUTER_BOUND ( 'NONE', #40, .T. ) ;
#2947 = CYLINDRICAL_SURFACE ( 'NONE', #3370, 3.299999999999997158 ) ;
#2948 = ORIENTED_EDGE ( 'NONE', *, *, #3063, .F. ) ;
#2949 = VECTOR ( 'NONE', #2084, 1000.000000000000000 ) ;
#2950 = AXIS2_PLACEMENT_3D ( 'NONE', #491, #1607, #2048 ) ;
#2951 = DIRECTION ( 'NONE',  ( -0.000000000000000000, 1.000000000000000000, -0.000000000000000000 ) ) ;
#2952 = EDGE_CURVE ( 'NONE', #1086, #363, #2240, .T. ) ;
#2953 = CARTESIAN_POINT ( 'NONE',  ( 0.000000000000000000, 10.00000000000000000, 27.50000000000000000 ) ) ;
#2954 = CARTESIAN_POINT ( 'NONE',  ( -135.0000000000000568, 10.00000000000000000, 78.89999999999996305 ) ) ;
#2955 = DIRECTION ( 'NONE',  ( -0.000000000000000000, 1.000000000000000000, -0.000000000000000000 ) ) ;
#2956 = DIRECTION ( 'NONE',  ( -0.000000000000000000, 1.000000000000000000, -0.000000000000000000 ) ) ;
#2957 = VECTOR ( 'NONE', #3777, 1000.000000000000000 ) ;
#2958 = AXIS2_PLACEMENT_3D ( 'NONE', #1431, #145, #1710 ) ;
#2959 = ORIENTED_EDGE ( 'NONE', *, *, #394, .F. ) ;
#2960 = CARTESIAN_POINT ( 'NONE',  ( -3.276481547916382399E-13, 0.000000000000000000, 42.50000000000000000 ) ) ;
#2961 = ORIENTED_EDGE ( 'NONE', *, *, #4517, .T. ) ;
#2962 = EDGE_LOOP ( 'NONE', ( #4454, #2203, #1669, #1364 ) ) ;
#2963 = CIRCLE ( 'NONE', #2718, 3.299999999999997158 ) ;
#2964 = VERTEX_POINT ( 'NONE', #1520 ) ;
#2965 = ORIENTED_EDGE ( 'NONE', *, *, #509, .F. ) ;
#2966 = CARTESIAN_POINT ( 'NONE',  ( 0.000000000000000000, 1.734723475976807094E-15, -27.50000000000000000 ) ) ;
#2967 = ORIENTED_EDGE ( 'NONE', *, *, #1000, .T. ) ;
#2968 = DIRECTION ( 'NONE',  ( 0.000000000000000000, 0.000000000000000000, 1.000000000000000000 ) ) ;
#2969 = FACE_OUTER_BOUND ( 'NONE', #3545, .T. ) ;
#2970 = CARTESIAN_POINT ( 'NONE',  ( -33.23401871576802336, 10.00000000000000000, 41.88401871576744639 ) ) ;
#2971 = ORIENTED_EDGE ( 'NONE', *, *, #4690, .T. ) ;
#2972 = CARTESIAN_POINT ( 'NONE',  ( -74.39999999999994884, 10.00000000000000000, 134.9999999999997158 ) ) ;
#2973 = LINE ( 'NONE', #1861, #823 ) ;
#2974 = DIRECTION ( 'NONE',  ( 0.000000000000000000, 1.000000000000000000, 0.000000000000000000 ) ) ;
#2975 = CARTESIAN_POINT ( 'NONE',  ( 2.755455298081544620E-14, 2.000000000000001776, 225.0000000000000000 ) ) ;
#2976 = DIRECTION ( 'NONE',  ( 0.000000000000000000, 0.000000000000000000, 1.000000000000000000 ) ) ;
#2977 = EDGE_CURVE ( 'NONE', #4014, #2151, #4997, .T. ) ;
#2978 = ORIENTED_EDGE ( 'NONE', *, *, #3538, .T. ) ;
#2979 = DIRECTION ( 'NONE',  ( -0.000000000000000000, 1.000000000000000000, -0.000000000000000000 ) ) ;
#2980 = ORIENTED_EDGE ( 'NONE', *, *, #1030, .T. ) ;
#2981 = ORIENTED_EDGE ( 'NONE', *, *, #4451, .F. ) ;
#2982 = ORIENTED_EDGE ( 'NONE', *, *, #3725, .F. ) ;
#2983 = DIRECTION ( 'NONE',  ( -0.000000000000000000, 1.000000000000000000, -0.000000000000000000 ) ) ;
#2984 = ORIENTED_EDGE ( 'NONE', *, *, #3158, .T. ) ;
#2985 = DIRECTION ( 'NONE',  ( 0.000000000000000000, 0.000000000000000000, -1.000000000000000000 ) ) ;
#2986 = CARTESIAN_POINT ( 'NONE',  ( -116.3504395653500580, 10.00000000000000000, 99.12379739473679763 ) ) ;
#2987 = LINE ( 'NONE', #3787, #4190 ) ;
#2988 = EDGE_CURVE ( 'NONE', #4474, #1975, #3112, .T. ) ;
#2989 = CIRCLE ( 'NONE', #1377, 4.499999999999997335 ) ;
#2990 = LOCAL_TIME ( 1, 25, 9.000000000000000000, #3934 ) ;
#2991 = AXIS2_PLACEMENT_3D ( 'NONE', #756, #832, #4696 ) ;
#2992 = CARTESIAN_POINT ( 'NONE',  ( 135.0000000000000000, 0.000000000000000000, 134.9999999999999432 ) ) ;
#2993 = CARTESIAN_POINT ( 'NONE',  ( -33.23401871576802336, 0.000000000000000000, 33.23401871576744782 ) ) ;
#2994 = ADVANCED_FACE ( 'NONE', ( #294 ), #353, .F. ) ;
#2995 = DIRECTION ( 'NONE',  ( 0.000000000000000000, 0.000000000000000000, -1.000000000000000000 ) ) ;
#2996 = CARTESIAN_POINT ( 'NONE',  ( 27.50000000000000000, 0.000000000000000000, 0.000000000000000000 ) ) ;
#2997 = CC_DESIGN_APPROVAL ( #2220, ( #1054 ) ) ;
#2998 = VERTEX_POINT ( 'NONE', #3405 ) ;
#2999 = LINE ( 'NONE', #2320, #1091 ) ;
#3000 = EDGE_CURVE ( 'NONE', #4699, #2297, #4110, .T. ) ;
#3001 = EDGE_CURVE ( 'NONE', #4160, #4280, #762, .T. ) ;
#3002 = AXIS2_PLACEMENT_3D ( 'NONE', #1605, #3962, #2071 ) ;
#3003 = SHAPE_REPRESENTATION ( 'weld_assem_circular plate', ( #3900, #2991, #2187 ), #2675 ) ;
#3004 = CARTESIAN_POINT ( 'NONE',  ( -74.39999999999994884, 10.00000000000000000, 134.9999999999997158 ) ) ;
#3005 = LOCAL_TIME ( 1, 25, 9.000000000000000000, #3739 ) ;
#3006 = ORIENTED_EDGE ( 'NONE', *, *, #4676, .T. ) ;
#3007 = AXIS2_PLACEMENT_3D ( 'NONE', #250, #4829, #3339 ) ;
#3008 = CONICAL_SURFACE ( 'NONE', #4236, 6.299999999999996270, 0.7853981633974485010 ) ;
#3009 = CARTESIAN_POINT ( 'NONE',  ( -33.23401871576802336, 10.00000000000000000, 24.58401871576745279 ) ) ;
#3010 = EDGE_LOOP ( 'NONE', ( #1771, #2378 ) ) ;
#3011 = ADVANCED_FACE ( 'NONE', ( #4642 ), #1862, .F. ) ;
#3012 = EDGE_CURVE ( 'NONE', #29, #772, #3202, .T. ) ;
#3013 = DIRECTION ( 'NONE',  ( -0.000000000000000000, 1.000000000000000000, -0.000000000000000000 ) ) ;
#3014 = ORIENTED_EDGE ( 'NONE', *, *, #3922, .T. ) ;
#3015 = AXIS2_PLACEMENT_3D ( 'NONE', #3385, #3028, #4948 ) ;
#3016 = AXIS2_PLACEMENT_3D ( 'NONE', #1754, #4478, #548 ) ;
#3017 = EDGE_CURVE ( 'NONE', #2297, #2357, #3769, .T. ) ;
#3018 = VECTOR ( 'NONE', #342, 1000.000000000000000 ) ;
#3019 = FACE_OUTER_BOUND ( 'NONE', #3701, .T. ) ;
#3020 = ADVANCED_FACE ( 'NONE', ( #1915 ), #3460, .F. ) ;
#3021 = CYLINDRICAL_SURFACE ( 'NONE', #69, 3.250000000000002665 ) ;
#3022 = AXIS2_PLACEMENT_3D ( 'NONE', #3845, #1214, #1519 ) ;
#3023 = DIRECTION ( 'NONE',  ( -0.000000000000000000, 1.000000000000000000, -0.000000000000000000 ) ) ;
#3024 = AXIS2_PLACEMENT_3D ( 'NONE', #1349, #475, #4792 ) ;
#3025 = PERSON_AND_ORGANIZATION_ROLE ( 'classification_officer' ) ;
#3026 = CARTESIAN_POINT ( 'NONE',  ( 46.99999999999999289, -15.00000000000000000, 6.938893903907228378E-15 ) ) ;
#3027 = DIRECTION ( 'NONE',  ( -0.000000000000000000, -1.000000000000000000, -0.000000000000000000 ) ) ;
#3028 = DIRECTION ( 'NONE',  ( -0.000000000000000000, 1.000000000000000000, -0.000000000000000000 ) ) ;
#3029 = CIRCLE ( 'NONE', #2781, 3.299999999999997158 ) ;
#3030 = ORIENTED_EDGE ( 'NONE', *, *, #3000, .F. ) ;
#3031 = DIRECTION ( 'NONE',  ( -0.000000000000000000, 1.000000000000000000, -0.000000000000000000 ) ) ;
#3032 = AXIS2_PLACEMENT_3D ( 'NONE', #4731, #848, #440 ) ;
#3033 = VERTEX_POINT ( 'NONE', #2261 ) ;
#3034 = EDGE_CURVE ( 'NONE', #315, #1780, #1014, .T. ) ;
#3035 = CIRCLE ( 'NONE', #3854, 4.500000000000003553 ) ;
#3036 = LINE ( 'NONE', #1509, #263 ) ;
#3037 = ORIENTED_EDGE ( 'NONE', *, *, #129, .T. ) ;
#3038 = LINE ( 'NONE', #3396, #4409 ) ;
#3039 = ORIENTED_EDGE ( 'NONE', *, *, #2786, .F. ) ;
#3040 = CIRCLE ( 'NONE', #929, 3.299999999999997158 ) ;
#3041 = ADVANCED_FACE ( 'NONE', ( #319 ), #2593, .F. ) ;
#3042 = CARTESIAN_POINT ( 'NONE',  ( 135.0000000000018474, 10.00000000000000000, -69.92024260179205442 ) ) ;
#3043 = DIRECTION ( 'NONE',  ( -0.000000000000000000, 1.000000000000000000, -0.000000000000000000 ) ) ;
#3044 = FACE_OUTER_BOUND ( 'NONE', #2247, .T. ) ;
#3045 = VERTEX_POINT ( 'NONE', #1889 ) ;
#3046 = FACE_OUTER_BOUND ( 'NONE', #222, .T. ) ;
#3047 = DIRECTION ( 'NONE',  ( 0.000000000000000000, 0.000000000000000000, 1.000000000000000000 ) ) ;
#3048 = CARTESIAN_POINT ( 'NONE',  ( -74.39999999999994884, 10.00000000000000000, 130.4999999999996874 ) ) ;
#3049 = DIRECTION ( 'NONE',  ( -0.000000000000000000, 1.000000000000000000, -0.000000000000000000 ) ) ;
#3050 = CARTESIAN_POINT ( 'NONE',  ( 4.041334437186265510E-16, 7.000000000000000000, -30.79999999999999716 ) ) ;
#3051 = ORIENTED_EDGE ( 'NONE', *, *, #967, .F. ) ;
#3052 = FACE_OUTER_BOUND ( 'NONE', #2205, .T. ) ;
#3053 = ORIENTED_EDGE ( 'NONE', *, *, #4614, .T. ) ;
#3054 = EDGE_LOOP ( 'NONE', ( #1855, #1133, #1148, #386 ) ) ;
#3055 = CYLINDRICAL_SURFACE ( 'NONE', #1743, 3.299999999999997158 ) ;
#3056 = ORIENTED_EDGE ( 'NONE', *, *, #3613, .T. ) ;
#3057 = FACE_OUTER_BOUND ( 'NONE', #672, .T. ) ;
#3058 = EDGE_LOOP ( 'NONE', ( #4934, #3006 ) ) ;
#3059 = CARTESIAN_POINT ( 'NONE',  ( 74.42024260179678663, 10.00000000000000000, -139.4999999999999716 ) ) ;
#3060 = DIRECTION ( 'NONE',  ( 0.000000000000000000, 0.000000000000000000, 1.000000000000000000 ) ) ;
#3061 = CARTESIAN_POINT ( 'NONE',  ( 3.061616997868379690E-16, 1.102182119232617788E-16, 25.00000000000000000 ) ) ;
#3062 = EDGE_LOOP ( 'NONE', ( #31, #2081 ) ) ;
#3063 = EDGE_CURVE ( 'NONE', #3894, #1086, #3365, .T. ) ;
#3064 = CARTESIAN_POINT ( 'NONE',  ( 0.000000000000000000, 0.000000000000000000, 0.000000000000000000 ) ) ;
#3065 = CARTESIAN_POINT ( 'NONE',  ( -63.08284835957631032, 0.000000000000000000, -19.99999999999986500 ) ) ;
#3066 = DIRECTION ( 'NONE',  ( -0.000000000000000000, 1.000000000000000000, -0.000000000000000000 ) ) ;
#3067 = ORIENTED_EDGE ( 'NONE', *, *, #432, .T. ) ;
#3068 = DIRECTION ( 'NONE',  ( -0.000000000000000000, 1.000000000000000000, -0.000000000000000000 ) ) ;
#3069 = EDGE_CURVE ( 'NONE', #2376, #4428, #438, .T. ) ;
#3070 = DIRECTION ( 'NONE',  ( 0.000000000000000000, 0.000000000000000000, 1.000000000000000000 ) ) ;
#3071 = CIRCLE ( 'NONE', #1043, 2.499999999999995115 ) ;
#3072 = EDGE_CURVE ( 'NONE', #128, #1589, #1018, .T. ) ;
#3073 = COORDINATED_UNIVERSAL_TIME_OFFSET ( 8, 0, .AHEAD. ) ;
#3074 = CONICAL_SURFACE ( 'NONE', #1052, 8.649999999999998579, 0.7853981633974489451 ) ;
#3075 = LINE ( 'NONE', #692, #3291 ) ;
#3076 = ADVANCED_FACE ( 'NONE', ( #3977 ), #39, .F. ) ;
#3077 = ORIENTED_EDGE ( 'NONE', *, *, #700, .F. ) ;
#3078 = EDGE_LOOP ( 'NONE', ( #1831, #3192 ) ) ;
#3079 = ADVANCED_FACE ( 'NONE', ( #2063 ), #2720, .F. ) ;
#3080 = CARTESIAN_POINT ( 'NONE',  ( -46.99999999999998579, -15.00000000000000000, -4.500000000000002665 ) ) ;
#3081 = VERTEX_POINT ( 'NONE', #1267 ) ;
#3082 = CARTESIAN_POINT ( 'NONE',  ( 33.23401871576772493, -15.00000000000000000, -37.73401871576772493 ) ) ;
#3083 = ORIENTED_EDGE ( 'NONE', *, *, #1795, .F. ) ;
#3084 = AXIS2_PLACEMENT_3D ( 'NONE', #4742, #1952, #2007 ) ;
#3085 = CARTESIAN_POINT ( 'NONE',  ( -95.81296885077719594, 0.000000000000000000, -116.3190655051871403 ) ) ;
#3086 = CARTESIAN_POINT ( 'NONE',  ( -27.50000000000000000, 10.00000000000000000, -6.299999999999999822 ) ) ;
#3087 = AXIS2_PLACEMENT_3D ( 'NONE', #1838, #626, #2179 ) ;
#3088 = AXIS2_PLACEMENT_3D ( 'NONE', #2092, #2, #5026 ) ;
#3089 = CARTESIAN_POINT ( 'NONE',  ( 1.059319481262460570E-15, 10.00000000000000000, -55.64999999999999858 ) ) ;
#3090 = ADVANCED_FACE ( 'NONE', ( #476 ), #860, .F. ) ;
#3091 = APPROVAL_STATUS ( 'not_yet_approved' ) ;
#3092 = DIRECTION ( 'NONE',  ( 0.000000000000000000, 1.000000000000000000, 0.000000000000000000 ) ) ;
#3093 = LINE ( 'NONE', #398, #4442 ) ;
#3094 = ORIENTED_EDGE ( 'NONE', *, *, #1134, .F. ) ;
#3095 = AXIS2_PLACEMENT_3D ( 'NONE', #2800, #4443, #2492 ) ;
#3096 = DIRECTION ( 'NONE',  ( -0.000000000000000000, 1.000000000000000000, -0.000000000000000000 ) ) ;
#3097 = EDGE_CURVE ( 'NONE', #2964, #2706, #15, .T. ) ;
#3098 = FACE_BOUND ( 'NONE', #544, .T. ) ;
#3099 = SHAPE_DEFINITION_REPRESENTATION ( #1789, #3003 ) ;
#3100 = CARTESIAN_POINT ( 'NONE',  ( -3.281992458512545606E-13, 10.00000000000000000, 55.64999999999999858 ) ) ;
#3101 = ORIENTED_EDGE ( 'NONE', *, *, #5047, .F. ) ;
#3102 = ORIENTED_EDGE ( 'NONE', *, *, #4918, .F. ) ;
#3103 = CIRCLE ( 'NONE', #4758, 225.0000000000000000 ) ;
#3104 = DIRECTION ( 'NONE',  ( -0.000000000000000000, -1.000000000000000000, -0.000000000000000000 ) ) ;
#3105 = ORIENTED_EDGE ( 'NONE', *, *, #682, .F. ) ;
#3106 = CARTESIAN_POINT ( 'NONE',  ( -33.23401871576733413, 10.00000000000000000, -24.58401871576813846 ) ) ;
#3107 = VERTEX_POINT ( 'NONE', #3579 ) ;
#3108 = AXIS2_PLACEMENT_3D ( 'NONE', #3367, #618, #1386 ) ;
#3109 = ORIENTED_EDGE ( 'NONE', *, *, #2402, .F. ) ;
#3110 = CYLINDRICAL_SURFACE ( 'NONE', #327, 3.299999999999997158 ) ;
#3111 = FACE_BOUND ( 'NONE', #2300, .T. ) ;
#3112 = CIRCLE ( 'NONE', #1252, 4.500000000000003553 ) ;
#3113 = CARTESIAN_POINT ( 'NONE',  ( 33.23401871576771782, -15.00000000000000000, 37.73401871576773203 ) ) ;
#3114 = ORIENTED_EDGE ( 'NONE', *, *, #4311, .F. ) ;
#3115 = CARTESIAN_POINT ( 'NONE',  ( 0.000000000000000000, -15.00000000000000000, 60.00000000000000000 ) ) ;
#3116 = AXIS2_PLACEMENT_3D ( 'NONE', #3633, #2568, #1681 ) ;
#3117 = DIRECTION ( 'NONE',  ( 0.000000000000000000, 0.000000000000000000, 1.000000000000000000 ) ) ;
#3118 = DIRECTION ( 'NONE',  ( -0.000000000000000000, 1.000000000000000000, -0.000000000000000000 ) ) ;
#3119 = ORIENTED_EDGE ( 'NONE', *, *, #4226, .F. ) ;
#3120 = CARTESIAN_POINT ( 'NONE',  ( 95.87379739473514917, 0.000000000000000000, -119.5376914450248051 ) ) ;
#3121 = PERSON_AND_ORGANIZATION_ROLE ( 'creator' ) ;
#3122 = FACE_BOUND ( 'NONE', #1291, .T. ) ;
#3123 = CARTESIAN_POINT ( 'NONE',  ( -33.23401871576773914, -15.00000000000000000, 33.23401871576772493 ) ) ;
#3124 = EDGE_CURVE ( 'NONE', #416, #4538, #3612, .T. ) ;
#3125 = EDGE_CURVE ( 'NONE', #1505, #4321, #3865, .T. ) ;
#3126 = ORIENTED_EDGE ( 'NONE', *, *, #3922, .F. ) ;
#3127 = DIRECTION ( 'NONE',  ( -0.000000000000000000, 1.000000000000000000, -0.000000000000000000 ) ) ;
#3128 = ORIENTED_EDGE ( 'NONE', *, *, #727, .T. ) ;
#3129 = VERTEX_POINT ( 'NONE', #428 ) ;
#3130 = ADVANCED_FACE ( 'NONE', ( #4384 ), #881, .F. ) ;
#3131 = ORIENTED_EDGE ( 'NONE', *, *, #991, .T. ) ;
#3132 = EDGE_CURVE ( 'NONE', #4428, #4503, #505, .T. ) ;
#3133 = FACE_OUTER_BOUND ( 'NONE', #4115, .T. ) ;
#3134 = DIRECTION ( 'NONE',  ( -0.000000000000000000, 1.000000000000000000, -0.000000000000000000 ) ) ;
#3135 = CARTESIAN_POINT ( 'NONE',  ( 135.0000000000018474, 10.00000000000000000, -78.92024260179206863 ) ) ;
#3136 = EDGE_LOOP ( 'NONE', ( #4684, #3313 ) ) ;
#3137 = DIRECTION ( 'NONE',  ( -0.000000000000000000, -1.000000000000000000, -0.000000000000000000 ) ) ;
#3138 = EDGE_LOOP ( 'NONE', ( #820, #4673, #4324, #126 ) ) ;
#3139 = EDGE_CURVE ( 'NONE', #1948, #4586, #687, .T. ) ;
#3140 = APPROVAL_ROLE ( '' ) ;
#3141 = CARTESIAN_POINT ( 'NONE',  ( -2.500000000000067502, 10.00000000000000000, -80.58284835957709902 ) ) ;
#3142 = CARTESIAN_POINT ( 'NONE',  ( 95.87379739473514917, 0.000000000000000000, -119.5376914450248051 ) ) ;
#3143 = EDGE_LOOP ( 'NONE', ( #667, #1751 ) ) ;
#3144 = DIRECTION ( 'NONE',  ( 0.000000000000000000, 1.000000000000000000, 0.000000000000000000 ) ) ;
#3145 = AXIS2_PLACEMENT_3D ( 'NONE', #3200, #41, #4721 ) ;
#3146 = CALENDAR_DATE ( 2026, 24, 3 ) ;
#3147 = PLANE ( 'NONE',  #4107 ) ;
#3148 = AXIS2_PLACEMENT_3D ( 'NONE', #1319, #133, #2483 ) ;
#3149 = ORIENTED_EDGE ( 'NONE', *, *, #1233, .T. ) ;
#3150 = EDGE_CURVE ( 'NONE', #3081, #1028, #2741, .T. ) ;
#3151 = APPROVAL_PERSON_ORGANIZATION ( #1379, #3706, #2040 ) ;
#3152 = EDGE_CURVE ( 'NONE', #3783, #2406, #4004, .T. ) ;
#3153 = EDGE_CURVE ( 'NONE', #2674, #715, #3093, .T. ) ;
#3154 = CARTESIAN_POINT ( 'NONE',  ( 74.42024260179678663, 0.000000000000000000, -130.4999999999999716 ) ) ;
#3155 = ORIENTED_EDGE ( 'NONE', *, *, #2672, .F. ) ;
#3156 = VERTEX_POINT ( 'NONE', #1189 ) ;
#3157 = ORIENTED_EDGE ( 'NONE', *, *, #3416, .F. ) ;
#3158 = EDGE_CURVE ( 'NONE', #4280, #4160, #851, .T. ) ;
#3159 = DIRECTION ( 'NONE',  ( -0.000000000000000000, 1.000000000000000000, -0.000000000000000000 ) ) ;
#3160 = FACE_OUTER_BOUND ( 'NONE', #2577, .T. ) ;
#3161 = ORIENTED_EDGE ( 'NONE', *, *, #3386, .T. ) ;
#3162 = AXIS2_PLACEMENT_3D ( 'NONE', #1194, #2401, #1632 ) ;
#3163 =( REPRESENTATION_RELATIONSHIP ('NONE','NONE', #3003, #4423 ) REPRESENTATION_RELATIONSHIP_WITH_TRANSFORMATION ( #4778 )SHAPE_REPRESENTATION_RELATIONSHIP( ) );
#3164 = CARTESIAN_POINT ( 'NONE',  ( 27.50000000000000000, 10.00000000000000000, -3.299999999999997158 ) ) ;
#3165 = AXIS2_PLACEMENT_3D ( 'NONE', #4273, #2410, #468 ) ;
#3166 = AXIS2_PLACEMENT_3D ( 'NONE', #2743, #4752, #3509 ) ;
#3167 = EDGE_CURVE ( 'NONE', #4428, #2376, #2963, .T. ) ;
#3168 = CIRCLE ( 'NONE', #2368, 4.499999999999997335 ) ;
#3169 = CIRCLE ( 'NONE', #3340, 6.299999999999999822 ) ;
#3170 = EDGE_LOOP ( 'NONE', ( #3252, #2825, #1442, #703 ) ) ;
#3171 = DIRECTION ( 'NONE',  ( -0.000000000000000000, 1.000000000000000000, -0.000000000000000000 ) ) ;
#3172 = DIRECTION ( 'NONE',  ( -0.000000000000000000, -1.000000000000000000, -0.000000000000000000 ) ) ;
#3173 = VERTEX_POINT ( 'NONE', #3142 ) ;
#3174 = DIRECTION ( 'NONE',  ( -0.000000000000000000, 1.000000000000000000, -0.000000000000000000 ) ) ;
#3175 = CIRCLE ( 'NONE', #3751, 223.0000000000000000 ) ;
#3176 = CIRCLE ( 'NONE', #3088, 6.299999999999996270 ) ;
#3177 = DIRECTION ( 'NONE',  ( 0.000000000000000000, 0.000000000000000000, 1.000000000000000000 ) ) ;
#3178 = CIRCLE ( 'NONE', #2213, 4.500000000000003553 ) ;
#3179 = PERSON_AND_ORGANIZATION ( #431, #3410 ) ;
#3180 = DIRECTION ( 'NONE',  ( -0.000000000000000000, 1.000000000000000000, -0.000000000000000000 ) ) ;
#3181 = CARTESIAN_POINT ( 'NONE',  ( -95.84434291094001424, 0.000000000000000000, 116.3798940491465856 ) ) ;
#3182 = AXIS2_PLACEMENT_3D ( 'NONE', #3925, #426, #1991 ) ;
#3183 = ORIENTED_EDGE ( 'NONE', *, *, #2329, .F. ) ;
#3184 = FACE_OUTER_BOUND ( 'NONE', #1129, .T. ) ;
#3185 = ORIENTED_EDGE ( 'NONE', *, *, #3984, .F. ) ;
#3186 = CIRCLE ( 'NONE', #181, 3.299999999999997158 ) ;
#3187 = EDGE_LOOP ( 'NONE', ( #2408, #4380 ) ) ;
#3188 = EDGE_CURVE ( 'NONE', #2601, #2462, #4033, .T. ) ;
#3189 = ORIENTED_EDGE ( 'NONE', *, *, #4935, .T. ) ;
#3190 = FACE_BOUND ( 'NONE', #520, .T. ) ;
#3191 = CARTESIAN_POINT ( 'NONE',  ( -46.99999999999998579, 0.000000000000000000, -4.500000000000002665 ) ) ;
#3192 = ORIENTED_EDGE ( 'NONE', *, *, #3952, .T. ) ;
#3193 = AXIS2_PLACEMENT_3D ( 'NONE', #4972, #3031, #91 ) ;
#3194 = DIRECTION ( 'NONE',  ( 0.000000000000000000, 0.000000000000000000, 1.000000000000000000 ) ) ;
#3195 = VECTOR ( 'NONE', #4965, 1000.000000000000000 ) ;
#3196 = ORIENTED_EDGE ( 'NONE', *, *, #523, .F. ) ;
#3197 = DIRECTION ( 'NONE',  ( -0.000000000000000000, 1.000000000000000000, -0.000000000000000000 ) ) ;
#3198 = DIRECTION ( 'NONE',  ( -0.000000000000000000, 1.000000000000000000, -0.000000000000000000 ) ) ;
#3199 = ORIENTED_EDGE ( 'NONE', *, *, #1440, .F. ) ;
#3200 = CARTESIAN_POINT ( 'NONE',  ( -74.42024260179678663, 10.00000000000000000, -135.0000000000003126 ) ) ;
#3201 = EDGE_CURVE ( 'NONE', #2014, #568, #4769, .T. ) ;
#3202 = CIRCLE ( 'NONE', #2713, 3.250000000000002665 ) ;
#3203 = EDGE_CURVE ( 'NONE', #2469, #3473, #611, .T. ) ;
#3204 = AXIS2_PLACEMENT_3D ( 'NONE', #656, #1843, #3383 ) ;
#3205 = CARTESIAN_POINT ( 'NONE',  ( 46.99999999999999289, -15.00000000000000000, 6.938893903907228378E-15 ) ) ;
#3206 = PERSON_AND_ORGANIZATION_ROLE ( 'creator' ) ;
#3207 = DIRECTION ( 'NONE',  ( -0.000000000000000000, 1.000000000000000000, -0.000000000000000000 ) ) ;
#3208 = DIRECTION ( 'NONE',  ( 0.000000000000000000, 0.000000000000000000, -1.000000000000000000 ) ) ;
#3209 = DIRECTION ( 'NONE',  ( -0.000000000000000000, -1.000000000000000000, -0.000000000000000000 ) ) ;
#3210 = ORIENTED_EDGE ( 'NONE', *, *, #4949, .F. ) ;
#3211 = ORIENTED_EDGE ( 'NONE', *, *, #3153, .T. ) ;
#3212 = CYLINDRICAL_SURFACE ( 'NONE', #920, 3.299999999999997158 ) ;
#3213 = EDGE_CURVE ( 'NONE', #4507, #2737, #4820, .T. ) ;
#3214 = EDGE_LOOP ( 'NONE', ( #2148, #4352 ) ) ;
#3215 = EDGE_LOOP ( 'NONE', ( #4885, #357, #555, #3798 ) ) ;
#3216 = VERTEX_POINT ( 'NONE', #4124 ) ;
#3217 = EDGE_CURVE ( 'NONE', #2931, #1033, #3298, .T. ) ;
#3218 = CARTESIAN_POINT ( 'NONE',  ( 98.08284835957783798, 10.00000000000000000, 19.99999999999978328 ) ) ;
#3219 = CARTESIAN_POINT ( 'NONE',  ( -2.500000000000067502, 10.00000000000000000, -80.58284835957709902 ) ) ;
#3220 = ORIENTED_EDGE ( 'NONE', *, *, #1876, .F. ) ;
#3221 = CARTESIAN_POINT ( 'NONE',  ( -47.00000000000000000, 10.00000000000000000, 8.649999999999504752 ) ) ;
#3222 = ORIENTED_EDGE ( 'NONE', *, *, #907, .T. ) ;
#3223 = CARTESIAN_POINT ( 'NONE',  ( -74.39999999999994884, 10.00000000000000000, 139.4999999999997158 ) ) ;
#3224 = EDGE_CURVE ( 'NONE', #3444, #1415, #2108, .T. ) ;
#3225 = CARTESIAN_POINT ( 'NONE',  ( -27.50000000000000000, 10.00000000000000000, 6.299999999999999822 ) ) ;
#3226 = CARTESIAN_POINT ( 'NONE',  ( 33.23401871576779598, 10.00000000000000000, -33.23401871576767519 ) ) ;
#3227 = ORIENTED_EDGE ( 'NONE', *, *, #2128, .T. ) ;
#3228 = DIRECTION ( 'NONE',  ( -0.000000000000000000, 1.000000000000000000, -0.000000000000000000 ) ) ;
#3229 = DIRECTION ( 'NONE',  ( -0.000000000000000000, -1.000000000000000000, -0.000000000000000000 ) ) ;
#3230 = EDGE_CURVE ( 'NONE', #2907, #2768, #2640, .T. ) ;
#3231 = DIRECTION ( 'NONE',  ( 0.000000000000000000, -0.000000000000000000, 1.000000000000000000 ) ) ;
#3232 = PERSON_AND_ORGANIZATION_ROLE ( 'design_supplier' ) ;
#3233 = ADVANCED_FACE ( 'NONE', ( #4870 ), #1734, .F. ) ;
#3234 = CARTESIAN_POINT ( 'NONE',  ( 0.000000000000000000, -15.00000000000000000, 60.00000000000000000 ) ) ;
#3235 = DIRECTION ( 'NONE',  ( 0.000000000000000000, 0.000000000000000000, 1.000000000000000000 ) ) ;
#3236 = FACE_OUTER_BOUND ( 'NONE', #3571, .T. ) ;
#3237 = ORIENTED_EDGE ( 'NONE', *, *, #3980, .F. ) ;
#3238 = CARTESIAN_POINT ( 'NONE',  ( 46.99999999999999289, 10.00000000000000000, -8.649999999999833378 ) ) ;
#3239 = EDGE_CURVE ( 'NONE', #3884, #4658, #941, .T. ) ;
#3240 = DIRECTION ( 'NONE',  ( 0.000000000000000000, 0.000000000000000000, 1.000000000000000000 ) ) ;
#3241 = EDGE_LOOP ( 'NONE', ( #1141, #786, #4759, #3723 ) ) ;
#3242 = DIRECTION ( 'NONE',  ( 0.000000000000000000, 0.000000000000000000, 1.000000000000000000 ) ) ;
#3243 = ORIENTED_EDGE ( 'NONE', *, *, #425, .F. ) ;
#3244 = CIRCLE ( 'NONE', #966, 4.500000000000003553 ) ;
#3245 = EDGE_LOOP ( 'NONE', ( #3970, #3274 ) ) ;
#3246 = VERTEX_POINT ( 'NONE', #1400 ) ;
#3247 = CC_DESIGN_SECURITY_CLASSIFICATION ( #1209, ( #2750 ) ) ;
#3248 = AXIS2_PLACEMENT_3D ( 'NONE', #2620, #4228, #2287 ) ;
#3249 = FACE_BOUND ( 'NONE', #3576, .T. ) ;
#3250 = CIRCLE ( 'NONE', #4725, 4.499999999999997335 ) ;
#3251 = DIRECTION ( 'NONE',  ( 0.000000000000000000, 0.000000000000000000, 1.000000000000000000 ) ) ;
#3252 = ORIENTED_EDGE ( 'NONE', *, *, #4904, .F. ) ;
#3253 = CARTESIAN_POINT ( 'NONE',  ( -134.9999999999999432, 0.000000000000000000, 134.9999999999999432 ) ) ;
#3254 = DIRECTION ( 'NONE',  ( 0.000000000000000000, 0.000000000000000000, 1.000000000000000000 ) ) ;
#3255 = DIRECTION ( 'NONE',  ( 0.000000000000000000, -1.000000000000000000, 0.000000000000000000 ) ) ;
#3256 = CARTESIAN_POINT ( 'NONE',  ( 46.99999999999999289, 10.00000000000000000, 4.500000000000160760 ) ) ;
#3257 = ORIENTED_EDGE ( 'NONE', *, *, #4208, .F. ) ;
#3258 = CC_DESIGN_APPROVAL ( #4303, ( #2590 ) ) ;
#3259 = EDGE_CURVE ( 'NONE', #4118, #2327, #3290, .T. ) ;
#3260 = AXIS2_PLACEMENT_3D ( 'NONE', #34, #2332, #2385 ) ;
#3261 = DIRECTION ( 'NONE',  ( 0.000000000000000000, 0.000000000000000000, 1.000000000000000000 ) ) ;
#3262 = DIRECTION ( 'NONE',  ( -0.000000000000000000, 1.000000000000000000, -0.000000000000000000 ) ) ;
#3263 = COORDINATED_UNIVERSAL_TIME_OFFSET ( 8, 0, .AHEAD. ) ;
#3264 = DIRECTION ( 'NONE',  ( 0.000000000000000000, -1.000000000000000000, 0.000000000000000000 ) ) ;
#3265 = CONICAL_SURFACE ( 'NONE', #3574, 225.0000000000000000, 0.7853981633974482790 ) ;
#3266 = DIRECTION ( 'NONE',  ( 0.000000000000000000, 0.000000000000000000, 1.000000000000000000 ) ) ;
#3267 = VECTOR ( 'NONE', #3374, 1000.000000000000114 ) ;
#3268 = DIRECTION ( 'NONE',  ( -0.000000000000000000, 1.000000000000000000, -0.000000000000000000 ) ) ;
#3269 = ADVANCED_FACE ( 'NONE', ( #1294 ), #1017, .F. ) ;
#3270 = AXIS2_PLACEMENT_3D ( 'NONE', #1205, #949, #1691 ) ;
#3271 = FACE_BOUND ( 'NONE', #2162, .T. ) ;
#3272 = ORIENTED_EDGE ( 'NONE', *, *, #2128, .F. ) ;
#3273 = DIRECTION ( 'NONE',  ( 0.000000000000000000, 0.7071067811865470176, 0.7071067811865479058 ) ) ;
#3274 = ORIENTED_EDGE ( 'NONE', *, *, #1443, .T. ) ;
#3275 = ORIENTED_EDGE ( 'NONE', *, *, #3152, .T. ) ;
#3276 = VECTOR ( 'NONE', #1470, 1000.000000000000000 ) ;
#3277 = ORIENTED_EDGE ( 'NONE', *, *, #700, .T. ) ;
#3278 = CIRCLE ( 'NONE', #1735, 3.299999999999997158 ) ;
#3279 = ADVANCED_FACE ( 'NONE', ( #627 ), #2947, .F. ) ;
#3280 = VERTEX_POINT ( 'NONE', #993 ) ;
#3281 = CARTESIAN_POINT ( 'NONE',  ( 0.000000000000000000, 1.102182119232617788E-16, 27.50000000000000000 ) ) ;
#3282 = VERTEX_POINT ( 'NONE', #4031 ) ;
#3283 = APPROVAL ( #2772, 'UNSPECIFIED' ) ;
#3284 = DIRECTION ( 'NONE',  ( 0.000000000000000000, 1.000000000000000000, 0.000000000000000000 ) ) ;
#3285 = AXIS2_PLACEMENT_3D ( 'NONE', #4411, #1321, #939 ) ;
#3286 = CARTESIAN_POINT ( 'NONE',  ( -33.23401871576802336, 0.000000000000000000, 28.73401871576745137 ) ) ;
#3287 = CARTESIAN_POINT ( 'NONE',  ( -134.9999999999999432, 0.000000000000000000, -135.0000000000000000 ) ) ;
#3288 = DIRECTION ( 'NONE',  ( -0.000000000000000000, 1.000000000000000000, -0.000000000000000000 ) ) ;
#3289 = CIRCLE ( 'NONE', #2629, 3.299999999999997158 ) ;
#3290 = LINE ( 'NONE', #554, #1501 ) ;
#3291 = VECTOR ( 'NONE', #1147, 1000.000000000000000 ) ;
#3292 = LINE ( 'NONE', #168, #3329 ) ;
#3293 = CARTESIAN_POINT ( 'NONE',  ( 33.23401871576772493, -15.00000000000000000, -33.23401871576772493 ) ) ;
#3294 = DATE_AND_TIME ( #2438, #4393 ) ;
#3295 = DIRECTION ( 'NONE',  ( 0.000000000000000000, 0.000000000000000000, 1.000000000000000000 ) ) ;
#3296 = DIRECTION ( 'NONE',  ( 0.000000000000000000, 0.000000000000000000, 1.000000000000000000 ) ) ;
#3297 = DIRECTION ( 'NONE',  ( 0.000000000000000000, 0.000000000000000000, -1.000000000000000000 ) ) ;
#3298 = CIRCLE ( 'NONE', #2563, 4.500000000000003553 ) ;
#3299 = FACE_OUTER_BOUND ( 'NONE', #1870, .T. ) ;
#3300 = CARTESIAN_POINT ( 'NONE',  ( -134.9999999999999432, 10.00000000000000000, -135.0000000000000000 ) ) ;
#3301 = EDGE_LOOP ( 'NONE', ( #3119, #4267 ) ) ;
#3302 = EDGE_LOOP ( 'NONE', ( #3094, #870, #2025, #3851 ) ) ;
#3303 = EDGE_LOOP ( 'NONE', ( #4906, #4450 ) ) ;
#3304 = ADVANCED_FACE ( 'NONE', ( #2874 ), #525, .F. ) ;
#3305 = CARTESIAN_POINT ( 'NONE',  ( 0.000000000000000000, -15.00000000000000000, 27.50000000000000000 ) ) ;
#3306 = ORIENTED_EDGE ( 'NONE', *, *, #3663, .F. ) ;
#3307 = CARTESIAN_POINT ( 'NONE',  ( 135.0000000000018474, 0.000000000000000000, -78.92024260179206863 ) ) ;
#3308 = EDGE_CURVE ( 'NONE', #3081, #441, #4689, .T. ) ;
#3309 = DIRECTION ( 'NONE',  ( 0.000000000000000000, 1.000000000000000000, 0.000000000000000000 ) ) ;
#3310 = CARTESIAN_POINT ( 'NONE',  ( -2.500000000000067502, 0.000000000000000000, -80.58284835957709902 ) ) ;
#3311 = EDGE_CURVE ( 'NONE', #1494, #385, #2461, .T. ) ;
#3312 = DIRECTION ( 'NONE',  ( -0.000000000000000000, 1.000000000000000000, -0.000000000000000000 ) ) ;
#3313 = ORIENTED_EDGE ( 'NONE', *, *, #1064, .T. ) ;
#3314 = EDGE_CURVE ( 'NONE', #2905, #1237, #2471, .T. ) ;
#3315 = CARTESIAN_POINT ( 'NONE',  ( -116.3190655051870550, 0.000000000000000000, -99.06296885077716752 ) ) ;
#3316 = COORDINATED_UNIVERSAL_TIME_OFFSET ( 8, 0, .AHEAD. ) ;
#3317 = CARTESIAN_POINT ( 'NONE',  ( 27.50000000000000000, 10.00000000000000000, 0.000000000000000000 ) ) ;
#3318 = CARTESIAN_POINT ( 'NONE',  ( 33.23401871576756150, 10.00000000000000000, 33.23401871576790256 ) ) ;
#3319 = CARTESIAN_POINT ( 'NONE',  ( 0.000000000000000000, 2.000000000000001776, 0.000000000000000000 ) ) ;
#3320 = CARTESIAN_POINT ( 'NONE',  ( 3.061616997868377225E-16, -15.00000000000000000, 25.00000000000000355 ) ) ;
#3321 = DIRECTION ( 'NONE',  ( -0.000000000000000000, 1.000000000000000000, -0.000000000000000000 ) ) ;
#3322 = ORIENTED_EDGE ( 'NONE', *, *, #3608, .F. ) ;
#3323 = VERTEX_POINT ( 'NONE', #4080 ) ;
#3324 = VERTEX_POINT ( 'NONE', #2161 ) ;
#3325 = AXIS2_PLACEMENT_3D ( 'NONE', #1597, #2334, #36 ) ;
#3326 = ORIENTED_EDGE ( 'NONE', *, *, #3921, .F. ) ;
#3327 = DIRECTION ( 'NONE',  ( -0.000000000000000000, 1.000000000000000000, -0.000000000000000000 ) ) ;
#3328 = VERTEX_POINT ( 'NONE', #3332 ) ;
#3329 = VECTOR ( 'NONE', #2951, 1000.000000000000000 ) ;
#3330 = CARTESIAN_POINT ( 'NONE',  ( -63.08284835957631032, 10.00000000000000000, -19.99999999999986500 ) ) ;
#3331 = CARTESIAN_POINT ( 'NONE',  ( 3.061616997868380183E-16, 0.000000000000000000, -30.00000000000000000 ) ) ;
#3332 = CARTESIAN_POINT ( 'NONE',  ( 95.84242333457314089, 10.00000000000000000, 113.1612681093095887 ) ) ;
#3333 = APPROVAL_PERSON_ORGANIZATION ( #63, #2157, #1970 ) ;
#3334 = AXIS2_PLACEMENT_3D ( 'NONE', #4111, #2495, #2143 ) ;
#3335 = FACE_OUTER_BOUND ( 'NONE', #1212, .T. ) ;
#3336 = DIRECTION ( 'NONE',  ( -0.000000000000000000, 1.000000000000000000, -0.000000000000000000 ) ) ;
#3337 = LINE ( 'NONE', #2878, #4765 ) ;
#3338 = CYLINDRICAL_SURFACE ( 'NONE', #401, 4.500000000000003553 ) ;
#3339 = DIRECTION ( 'NONE',  ( 0.000000000000000000, 0.000000000000000000, -1.000000000000000000 ) ) ;
#3340 = AXIS2_PLACEMENT_3D ( 'NONE', #51, #78, #2783 ) ;
#3341 = ORIENTED_EDGE ( 'NONE', *, *, #1283, .F. ) ;
#3342 = AXIS2_PLACEMENT_3D ( 'NONE', #4779, #4011, #1980 ) ;
#3343 = FACE_OUTER_BOUND ( 'NONE', #3465, .T. ) ;
#3344 = EDGE_LOOP ( 'NONE', ( #2403, #646 ) ) ;
#3345 = EDGE_LOOP ( 'NONE', ( #665, #3779 ) ) ;
#3346 = CONICAL_SURFACE ( 'NONE', #77, 8.649999999999998579, 0.7853981633974489451 ) ;
#3347 = ORIENTED_EDGE ( 'NONE', *, *, #4889, .F. ) ;
#3348 = AXIS2_PLACEMENT_3D ( 'NONE', #560, #536, #2817 ) ;
#3349 = DIRECTION ( 'NONE',  ( -0.000000000000000000, -1.000000000000000000, -0.000000000000000000 ) ) ;
#3350 = VERTEX_POINT ( 'NONE', #582 ) ;
#3351 = EDGE_CURVE ( 'NONE', #2587, #3323, #4359, .T. ) ;
#3352 = AXIS2_PLACEMENT_3D ( 'NONE', #213, #4483, #608 ) ;
#3353 = DIRECTION ( 'NONE',  ( 0.000000000000000000, 0.000000000000000000, 1.000000000000000000 ) ) ;
#3354 = CARTESIAN_POINT ( 'NONE',  ( -47.00000000000000000, 10.00000000000000000, 4.499999999999504396 ) ) ;
#3355 = DIRECTION ( 'NONE',  ( 0.000000000000000000, 0.000000000000000000, 1.000000000000000000 ) ) ;
#3356 = ADVANCED_FACE ( 'NONE', ( #1779 ), #193, .F. ) ;
#3357 = AXIS2_PLACEMENT_3D ( 'NONE', #1613, #3159, #1235 ) ;
#3358 = VERTEX_POINT ( 'NONE', #1811 ) ;
#3359 = AXIS2_PLACEMENT_3D ( 'NONE', #594, #1436, #2934 ) ;
#3360 = CARTESIAN_POINT ( 'NONE',  ( 46.99999999999999289, -15.00000000000000000, 6.938893903907228378E-15 ) ) ;
#3361 = CARTESIAN_POINT ( 'NONE',  ( 33.23401871576772493, 0.000000000000000000, -33.23401871576772493 ) ) ;
#3362 = DIRECTION ( 'NONE',  ( 0.000000000000000000, 0.000000000000000000, 1.000000000000000000 ) ) ;
#3363 = FACE_OUTER_BOUND ( 'NONE', #4781, .T. ) ;
#3364 = DIRECTION ( 'NONE',  ( -0.000000000000000000, -1.000000000000000000, -0.000000000000000000 ) ) ;
#3365 = CIRCLE ( 'NONE', #102, 3.250000000000002665 ) ;
#3366 = EDGE_LOOP ( 'NONE', ( #1425, #1361 ) ) ;
#3367 = CARTESIAN_POINT ( 'NONE',  ( 74.42024260179678663, 10.00000000000000000, -134.9999999999999716 ) ) ;
#3368 = ORIENTED_EDGE ( 'NONE', *, *, #1966, .F. ) ;
#3369 = ORIENTED_EDGE ( 'NONE', *, *, #736, .F. ) ;
#3370 = AXIS2_PLACEMENT_3D ( 'NONE', #4459, #4850, #2086 ) ;
#3371 = VERTEX_POINT ( 'NONE', #4988 ) ;
#3372 = DIRECTION ( 'NONE',  ( 0.000000000000000000, 0.000000000000000000, -1.000000000000000000 ) ) ;
#3373 = ORIENTED_EDGE ( 'NONE', *, *, #4511, .F. ) ;
#3374 = DIRECTION ( 'NONE',  ( 0.000000000000000000, 0.7071067811865470176, 0.7071067811865479058 ) ) ;
#3375 = ORIENTED_EDGE ( 'NONE', *, *, #4201, .T. ) ;
#3376 = DIRECTION ( 'NONE',  ( 0.000000000000000000, 0.000000000000000000, -1.000000000000000000 ) ) ;
#3377 = CARTESIAN_POINT ( 'NONE',  ( 46.99999999999999289, 0.000000000000000000, 4.500000000000160760 ) ) ;
#3378 = DIRECTION ( 'NONE',  ( -0.000000000000000000, 1.000000000000000000, -0.000000000000000000 ) ) ;
#3379 = EDGE_LOOP ( 'NONE', ( #2981, #2271, #3681, #3126 ) ) ;
#3380 = VERTEX_POINT ( 'NONE', #2254 ) ;
#3381 = EDGE_CURVE ( 'NONE', #4321, #4708, #2234, .T. ) ;
#3382 = DIRECTION ( 'NONE',  ( -0.000000000000000000, 1.000000000000000000, -0.000000000000000000 ) ) ;
#3383 = DIRECTION ( 'NONE',  ( 0.000000000000000000, 0.000000000000000000, 1.000000000000000000 ) ) ;
#3384 = CYLINDRICAL_SURFACE ( 'NONE', #4567, 3.299999999999997158 ) ;
#3385 = CARTESIAN_POINT ( 'NONE',  ( -134.9999999999981242, 10.00000000000000000, -74.42024260179205442 ) ) ;
#3386 = EDGE_CURVE ( 'NONE', #4783, #804, #1341, .T. ) ;
#3387 = ORIENTED_EDGE ( 'NONE', *, *, #4106, .T. ) ;
#3388 = DIRECTION ( 'NONE',  ( -0.000000000000000000, 1.000000000000000000, -0.000000000000000000 ) ) ;
#3389 = ORIENTED_EDGE ( 'NONE', *, *, #3213, .F. ) ;
#3390 = ORIENTED_EDGE ( 'NONE', *, *, #3224, .F. ) ;
#3391 = VERTEX_POINT ( 'NONE', #3061 ) ;
#3392 = EDGE_CURVE ( 'NONE', #4976, #469, #2987, .T. ) ;
#3393 = DIRECTION ( 'NONE',  ( 0.000000000000000000, 0.000000000000000000, 1.000000000000000000 ) ) ;
#3394 = EDGE_LOOP ( 'NONE', ( #1481, #4806 ) ) ;
#3395 = EDGE_CURVE ( 'NONE', #1780, #3328, #4565, .T. ) ;
#3396 = CARTESIAN_POINT ( 'NONE',  ( -63.08284835957622505, 10.00000000000000000, 23.29999999999990834 ) ) ;
#3397 = ORIENTED_EDGE ( 'NONE', *, *, #2694, .T. ) ;
#3398 = CIRCLE ( 'NONE', #4878, 60.00000000000000000 ) ;
#3399 = DIRECTION ( 'NONE',  ( 0.000000000000000000, 0.000000000000000000, 1.000000000000000000 ) ) ;
#3400 = CARTESIAN_POINT ( 'NONE',  ( 33.23401871576772493, -15.00000000000000000, -33.23401871576772493 ) ) ;
#3401 = ORIENTED_EDGE ( 'NONE', *, *, #2861, .T. ) ;
#3402 = AXIS2_PLACEMENT_3D ( 'NONE', #684, #1818, #4569 ) ;
#3403 = DIRECTION ( 'NONE',  ( 0.000000000000000000, 0.000000000000000000, 1.000000000000000000 ) ) ;
#3404 = DIRECTION ( 'NONE',  ( 0.000000000000000000, 0.000000000000000000, 1.000000000000000000 ) ) ;
#3405 = CARTESIAN_POINT ( 'NONE',  ( -27.50000000000000000, 1.734723475976807094E-15, -3.299999999999997158 ) ) ;
#3406 = AXIS2_PLACEMENT_3D ( 'NONE', #3874, #4574, #3484 ) ;
#3407 = DIRECTION ( 'NONE',  ( -0.000000000000000000, -1.000000000000000000, -0.000000000000000000 ) ) ;
#3408 = DIRECTION ( 'NONE',  ( 0.000000000000000000, -0.000000000000000000, 1.000000000000000000 ) ) ;
#3409 = ADVANCED_FACE ( 'NONE', ( #1840 ), #288, .F. ) ;
#3410 = ORGANIZATION ( 'UNSPECIFIED', 'UNSPECIFIED', '' ) ;
#3411 = EDGE_LOOP ( 'NONE', ( #2581, #3722 ) ) ;
#3412 = FACE_OUTER_BOUND ( 'NONE', #152, .T. ) ;
#3413 = AXIS2_PLACEMENT_3D ( 'NONE', #890, #3588, #2468 ) ;
#3414 = VERTEX_POINT ( 'NONE', #1857 ) ;
#3415 = CIRCLE ( 'NONE', #3166, 3.299999999999997158 ) ;
#3416 = EDGE_CURVE ( 'NONE', #1401, #3856, #1515, .T. ) ;
#3417 = ORIENTED_EDGE ( 'NONE', *, *, #2272, .T. ) ;
#3418 = AXIS2_PLACEMENT_3D ( 'NONE', #984, #4025, #3251 ) ;
#3419 = DIRECTION ( 'NONE',  ( -0.000000000000000000, -1.000000000000000000, -0.000000000000000000 ) ) ;
#3420 = EDGE_LOOP ( 'NONE', ( #4119, #4249, #205, #2715 ) ) ;
#3421 = DIRECTION ( 'NONE',  ( 0.000000000000000000, 0.000000000000000000, 1.000000000000000000 ) ) ;
#3422 = ORIENTED_EDGE ( 'NONE', *, *, #3984, .T. ) ;
#3423 = CIRCLE ( 'NONE', #3095, 4.499999999999997335 ) ;
#3424 = VECTOR ( 'NONE', #4268, 1000.000000000000000 ) ;
#3425 = EDGE_CURVE ( 'NONE', #3645, #1828, #2317, .T. ) ;
#3426 = CIRCLE ( 'NONE', #995, 60.00000000000000000 ) ;
#3427 = DIRECTION ( 'NONE',  ( 0.000000000000000000, 0.000000000000000000, 1.000000000000000000 ) ) ;
#3428 = FACE_BOUND ( 'NONE', #1109, .T. ) ;
#3429 = CARTESIAN_POINT ( 'NONE',  ( -3.281992458512545606E-13, 0.000000000000000000, 51.50000000000000000 ) ) ;
#3430 = VERTEX_POINT ( 'NONE', #266 ) ;
#3431 = AXIS2_PLACEMENT_3D ( 'NONE', #3310, #1016, #2541 ) ;
#3432 = FACE_OUTER_BOUND ( 'NONE', #3763, .T. ) ;
#3433 = FACE_OUTER_BOUND ( 'NONE', #391, .T. ) ;
#3434 = AXIS2_PLACEMENT_3D ( 'NONE', #1879, #4221, #4297 ) ;
#3435 = CARTESIAN_POINT ( 'NONE',  ( -116.3190655051870550, 10.00000000000000000, -95.81296885077716752 ) ) ;
#3436 = CARTESIAN_POINT ( 'NONE',  ( -47.00000000000000000, 10.00000000000000000, -4.922988687768817400E-13 ) ) ;
#3437 = DIRECTION ( 'NONE',  ( 0.000000000000000000, 0.000000000000000000, 1.000000000000000000 ) ) ;
#3438 = AXIS2_PLACEMENT_3D ( 'NONE', #1910, #3043, #794 ) ;
#3439 = EDGE_CURVE ( 'NONE', #4538, #2277, #2586, .T. ) ;
#3440 = FACE_BOUND ( 'NONE', #2047, .T. ) ;
#3441 = ORIENTED_EDGE ( 'NONE', *, *, #4918, .T. ) ;
#3442 = CARTESIAN_POINT ( 'NONE',  ( -95.81296885077719594, 10.00000000000000000, -116.3190655051871403 ) ) ;
#3443 = CIRCLE ( 'NONE', #2950, 4.500000000000003553 ) ;
#3444 = VERTEX_POINT ( 'NONE', #702 ) ;
#3445 = ORIENTED_EDGE ( 'NONE', *, *, #3931, .F. ) ;
#3446 = CIRCLE ( 'NONE', #755, 4.499999999999997335 ) ;
#3447 = EDGE_CURVE ( 'NONE', #1793, #2616, #2843, .T. ) ;
#3448 = CARTESIAN_POINT ( 'NONE',  ( 0.000000000000000000, 10.00000000000000000, 0.000000000000000000 ) ) ;
#3449 = EDGE_LOOP ( 'NONE', ( #2454, #3927 ) ) ;
#3450 = LINE ( 'NONE', #4508, #1070 ) ;
#3451 = ORIENTED_EDGE ( 'NONE', *, *, #2766, .F. ) ;
#3452 = AXIS2_PLACEMENT_3D ( 'NONE', #198, #4927, #2165 ) ;
#3453 = VECTOR ( 'NONE', #2036, 1000.000000000000000 ) ;
#3454 = CARTESIAN_POINT ( 'NONE',  ( -33.23401871576802336, 10.00000000000000000, 24.58401871576745279 ) ) ;
#3455 = EDGE_CURVE ( 'NONE', #1437, #4788, #1468, .T. ) ;
#3456 = LINE ( 'NONE', #5011, #1242 ) ;
#3457 = DIRECTION ( 'NONE',  ( -0.000000000000000000, 1.000000000000000000, -0.000000000000000000 ) ) ;
#3458 = ADVANCED_FACE ( 'NONE', ( #3044 ), #3021, .F. ) ;
#3459 = DIRECTION ( 'NONE',  ( -0.000000000000000000, 1.000000000000000000, -0.000000000000000000 ) ) ;
#3460 = CYLINDRICAL_SURFACE ( 'NONE', #4186, 4.499999999999997335 ) ;
#3461 = FACE_OUTER_BOUND ( 'NONE', #3420, .T. ) ;
#3462 = DIRECTION ( 'NONE',  ( -0.000000000000000000, 1.000000000000000000, -0.000000000000000000 ) ) ;
#3463 = ADVANCED_FACE ( 'NONE', ( #2660 ), #1092, .F. ) ;
#3464 = FACE_BOUND ( 'NONE', #2888, .T. ) ;
#3465 = EDGE_LOOP ( 'NONE', ( #4264, #4618, #4643, #3989 ) ) ;
#3466 = DATE_AND_TIME ( #3875, #2520 ) ;
#3467 = CARTESIAN_POINT ( 'NONE',  ( -33.23401871576733413, 10.00000000000000000, -33.23401871576813704 ) ) ;
#3468 = ORIENTED_EDGE ( 'NONE', *, *, #1342, .F. ) ;
#3469 = ORIENTED_EDGE ( 'NONE', *, *, #3381, .F. ) ;
#3470 = DIRECTION ( 'NONE',  ( 0.000000000000000000, 0.000000000000000000, 1.000000000000000000 ) ) ;
#3471 = ORIENTED_EDGE ( 'NONE', *, *, #1246, .F. ) ;
#3472 = CARTESIAN_POINT ( 'NONE',  ( -135.0000000000000568, 0.000000000000000000, 69.89999999999994884 ) ) ;
#3473 = VERTEX_POINT ( 'NONE', #3429 ) ;
#3474 = ORIENTED_EDGE ( 'NONE', *, *, #4214, .F. ) ;
#3475 = CARTESIAN_POINT ( 'NONE',  ( -63.08284835957631032, 0.000000000000000000, -23.29999999999986215 ) ) ;
#3476 = FACE_BOUND ( 'NONE', #3411, .T. ) ;
#3477 = LINE ( 'NONE', #2356, #4407 ) ;
#3478 = EDGE_CURVE ( 'NONE', #1226, #3623, #4198, .T. ) ;
#3479 = PERSON_AND_ORGANIZATION_ROLE ( 'creator' ) ;
#3480 = VECTOR ( 'NONE', #577, 1000.000000000000000 ) ;
#3481 = CARTESIAN_POINT ( 'NONE',  ( -46.99999999999998579, -15.00000000000000000, -5.204170427930421283E-15 ) ) ;
#3482 = DIRECTION ( 'NONE',  ( 0.000000000000000000, 0.000000000000000000, 1.000000000000000000 ) ) ;
#3483 = EDGE_LOOP ( 'NONE', ( #2212, #2349, #2196, #549 ) ) ;
#3484 = DIRECTION ( 'NONE',  ( 0.000000000000000000, 0.000000000000000000, 1.000000000000000000 ) ) ;
#3485 = CC_DESIGN_APPROVAL ( #4619, ( #3896 ) ) ;
#3486 = DATE_AND_TIME ( #1941, #4402 ) ;
#3487 = CARTESIAN_POINT ( 'NONE',  ( -33.23401871576773914, -15.00000000000000000, 33.23401871576772493 ) ) ;
#3488 = ORIENTED_EDGE ( 'NONE', *, *, #2749, .F. ) ;
#3489 = EDGE_LOOP ( 'NONE', ( #1717, #121 ) ) ;
#3490 = CARTESIAN_POINT ( 'NONE',  ( -33.23401871576802336, 0.000000000000000000, 33.23401871576744782 ) ) ;
#3491 = ORIENTED_EDGE ( 'NONE', *, *, #3613, .F. ) ;
#3492 = CARTESIAN_POINT ( 'NONE',  ( 0.000000000000000000, 2.000000000000001776, -225.0000000000000000 ) ) ;
#3493 = ORIENTED_EDGE ( 'NONE', *, *, #2890, .T. ) ;
#3494 = VECTOR ( 'NONE', #1493, 1000.000000000000000 ) ;
#3495 = ORIENTED_EDGE ( 'NONE', *, *, #3124, .T. ) ;
#3496 = CARTESIAN_POINT ( 'NONE',  ( 116.3798940491453351, 0.000000000000000000, -99.03159479061517345 ) ) ;
#3497 = EDGE_CURVE ( 'NONE', #4978, #4688, #4248, .T. ) ;
#3498 = DIRECTION ( 'NONE',  ( 0.000000000000000000, 0.000000000000000000, 1.000000000000000000 ) ) ;
#3499 = CARTESIAN_POINT ( 'NONE',  ( -27.50000000000000000, 1.734723475976807094E-15, 3.299999999999997158 ) ) ;
#3500 = ORIENTED_EDGE ( 'NONE', *, *, #175, .F. ) ;
#3501 = LINE ( 'NONE', #3890, #713 ) ;
#3502 = CIRCLE ( 'NONE', #4327, 4.499999999999997335 ) ;
#3503 = APPROVAL_ROLE ( '' ) ;
#3504 = EDGE_CURVE ( 'NONE', #4164, #469, #325, .T. ) ;
#3505 = CARTESIAN_POINT ( 'NONE',  ( -134.9999999999999432, 10.00000000000000000, -139.5000000000000000 ) ) ;
#3506 = DIRECTION ( 'NONE',  ( 0.000000000000000000, 1.000000000000000000, 0.000000000000000000 ) ) ;
#3507 = EDGE_LOOP ( 'NONE', ( #518, #132 ) ) ;
#3508 = CIRCLE ( 'NONE', #417, 4.499999999999997335 ) ;
#3509 = DIRECTION ( 'NONE',  ( 0.000000000000000000, 0.000000000000000000, 1.000000000000000000 ) ) ;
#3510 = PERSON_AND_ORGANIZATION_ROLE ( 'creator' ) ;
#3511 = CYLINDRICAL_SURFACE ( 'NONE', #3947, 3.250000000000002665 ) ;
#3512 = DIRECTION ( 'NONE',  ( 0.000000000000000000, 0.000000000000000000, 1.000000000000000000 ) ) ;
#3513 = CONICAL_SURFACE ( 'NONE', #1407, 8.649999999999998579, 0.7853981633974489451 ) ;
#3514 = EDGE_LOOP ( 'NONE', ( #985, #4956 ) ) ;
#3515 = PRODUCT_DEFINITION ( 'UNKNOWN', '', #2590, #372 ) ;
#3516 = DIRECTION ( 'NONE',  ( -0.000000000000000000, 1.000000000000000000, -0.000000000000000000 ) ) ;
#3517 = CIRCLE ( 'NONE', #1488, 4.500000000000003553 ) ;
#3518 = CARTESIAN_POINT ( 'NONE',  ( -2.499999999998570921, 10.00000000000000000, 80.58284835958100700 ) ) ;
#3519 = ORIENTED_EDGE ( 'NONE', *, *, #3672, .F. ) ;
#3520 = EDGE_LOOP ( 'NONE', ( #2004, #720 ) ) ;
#3521 = VECTOR ( 'NONE', #202, 1000.000000000000000 ) ;
#3522 = EDGE_LOOP ( 'NONE', ( #4292, #4863, #4234, #1919 ) ) ;
#3523 = ADVANCED_FACE ( 'NONE', ( #4921 ), #4542, .F. ) ;
#3524 = CARTESIAN_POINT ( 'NONE',  ( -33.23401871576733413, 10.00000000000000000, -33.23401871576813704 ) ) ;
#3525 = CARTESIAN_POINT ( 'NONE',  ( -33.23401871576773914, -15.00000000000000000, 33.23401871576772493 ) ) ;
#3526 = AXIS2_PLACEMENT_3D ( 'NONE', #2646, #3066, #1472 ) ;
#3527 = CARTESIAN_POINT ( 'NONE',  ( 0.000000000000000000, 10.00000000000000000, -225.0000000000000000 ) ) ;
#3528 = ORIENTED_EDGE ( 'NONE', *, *, #3213, .T. ) ;
#3529 = CARTESIAN_POINT ( 'NONE',  ( 98.08284835957788061, 10.00000000000000000, -23.30000000000000426 ) ) ;
#3530 = SHAPE_REPRESENTATION ( 'fab_circular bottom', ( #3248 ), #4561 ) ;
#3531 = VECTOR ( 'NONE', #314, 1000.000000000000000 ) ;
#3532 = DIRECTION ( 'NONE',  ( 1.000000000000000000, 0.000000000000000000, 0.000000000000000000 ) ) ;
#3533 = DIRECTION ( 'NONE',  ( -0.000000000000000000, 1.000000000000000000, -0.000000000000000000 ) ) ;
#3534 = CARTESIAN_POINT ( 'NONE',  ( 37.50000000000137135, 10.00000000000000000, 80.58284835958099279 ) ) ;
#3535 = ORIENTED_EDGE ( 'NONE', *, *, #2561, .T. ) ;
#3536 = DIRECTION ( 'NONE',  ( -0.000000000000000000, 1.000000000000000000, -0.000000000000000000 ) ) ;
#3537 = PRODUCT_DEFINITION_SHAPE ( 'NONE', 'NONE',  #3515 ) ;
#3538 = EDGE_CURVE ( 'NONE', #3624, #877, #3169, .T. ) ;
#3539 = CALENDAR_DATE ( 2026, 24, 3 ) ;
#3540 = CARTESIAN_POINT ( 'NONE',  ( 46.99999999999999289, 0.000000000000000000, -4.499999999999833022 ) ) ;
#3541 = DIRECTION ( 'NONE',  ( -0.000000000000000000, 1.000000000000000000, -0.000000000000000000 ) ) ;
#3542 = EDGE_CURVE ( 'NONE', #2502, #1237, #1614, .T. ) ;
#3543 = ORIENTED_EDGE ( 'NONE', *, *, #2579, .F. ) ;
#3544 = CYLINDRICAL_SURFACE ( 'NONE', #754, 3.250000000000002665 ) ;
#3545 = EDGE_LOOP ( 'NONE', ( #2671, #3908, #1417, #2777 ) ) ;
#3546 = EDGE_LOOP ( 'NONE', ( #3674, #4440 ) ) ;
#3547 = ADVANCED_FACE ( 'NONE', ( #3160 ), #3570, .F. ) ;
#3548 = ORIENTED_EDGE ( 'NONE', *, *, #3791, .F. ) ;
#3549 = DIRECTION ( 'NONE',  ( 0.000000000000000000, 0.000000000000000000, 1.000000000000000000 ) ) ;
#3550 = DIRECTION ( 'NONE',  ( 0.000000000000000000, 0.000000000000000000, 1.000000000000000000 ) ) ;
#3551 = DIRECTION ( 'NONE',  ( 0.000000000000000000, 0.000000000000000000, 1.000000000000000000 ) ) ;
#3552 = ORIENTED_EDGE ( 'NONE', *, *, #3000, .T. ) ;
#3553 = EDGE_LOOP ( 'NONE', ( #2911, #1932, #3422, #4146 ) ) ;
#3554 = DIRECTION ( 'NONE',  ( 0.000000000000000000, 0.000000000000000000, -1.000000000000000000 ) ) ;
#3555 = CARTESIAN_POINT ( 'NONE',  ( 0.000000000000000000, 1.734723475976807094E-15, -27.50000000000000000 ) ) ;
#3556 = ORIENTED_EDGE ( 'NONE', *, *, #1071, .F. ) ;
#3557 = DIRECTION ( 'NONE',  ( -0.000000000000000000, 1.000000000000000000, -0.000000000000000000 ) ) ;
#3558 = PERSON_AND_ORGANIZATION ( #431, #3410 ) ;
#3559 = CARTESIAN_POINT ( 'NONE',  ( -33.23401871576802336, 10.00000000000000000, 33.23401871576744782 ) ) ;
#3560 = DIRECTION ( 'NONE',  ( 0.000000000000000000, 0.000000000000000000, -1.000000000000000000 ) ) ;
#3561 = AXIS2_PLACEMENT_3D ( 'NONE', #26, #461, #1690 ) ;
#3562 = ORIENTED_EDGE ( 'NONE', *, *, #53, .T. ) ;
#3563 = DIRECTION ( 'NONE',  ( 0.000000000000000000, 0.000000000000000000, 1.000000000000000000 ) ) ;
#3564 = FACE_OUTER_BOUND ( 'NONE', #718, .T. ) ;
#3565 = ORIENTED_EDGE ( 'NONE', *, *, #4676, .F. ) ;
#3566 = EDGE_CURVE ( 'NONE', #472, #416, #1646, .T. ) ;
#3567 = EDGE_LOOP ( 'NONE', ( #2656, #963 ) ) ;
#3568 = VERTEX_POINT ( 'NONE', #3089 ) ;
#3569 = DIRECTION ( 'NONE',  ( 0.000000000000000000, 0.000000000000000000, 1.000000000000000000 ) ) ;
#3570 = CYLINDRICAL_SURFACE ( 'NONE', #3084, 3.299999999999997158 ) ;
#3571 = EDGE_LOOP ( 'NONE', ( #3939, #253, #1477, #3469 ) ) ;
#3572 = FACE_OUTER_BOUND ( 'NONE', #3522, .T. ) ;
#3573 = ADVANCED_FACE ( 'NONE', ( #1236 ), #4356, .F. ) ;
#3574 = AXIS2_PLACEMENT_3D ( 'NONE', #3319, #2596, #2572 ) ;
#3575 = VECTOR ( 'NONE', #4171, 1000.000000000000000 ) ;
#3576 = EDGE_LOOP ( 'NONE', ( #4299, #680 ) ) ;
#3577 = DIRECTION ( 'NONE',  ( 0.000000000000000000, 0.000000000000000000, 1.000000000000000000 ) ) ;
#3578 = DIRECTION ( 'NONE',  ( 0.000000000000000000, 0.000000000000000000, 1.000000000000000000 ) ) ;
#3579 = CARTESIAN_POINT ( 'NONE',  ( 74.40000000000000568, 0.000000000000000000, 130.5000000000000000 ) ) ;
#3580 = ORIENTED_EDGE ( 'NONE', *, *, #4595, .T. ) ;
#3581 = CARTESIAN_POINT ( 'NONE',  ( 37.49999999999987921, 10.00000000000000000, -83.88284835957723828 ) ) ;
#3582 = VECTOR ( 'NONE', #366, 1000.000000000000000 ) ;
#3583 = DIRECTION ( 'NONE',  ( 0.000000000000000000, 0.000000000000000000, -1.000000000000000000 ) ) ;
#3584 = CIRCLE ( 'NONE', #1149, 6.299999999999996270 ) ;
#3585 = CALENDAR_DATE ( 2026, 24, 3 ) ;
#3586 = DIRECTION ( 'NONE',  ( -0.000000000000000000, 1.000000000000000000, -0.000000000000000000 ) ) ;
#3587 = LINE ( 'NONE', #1274, #652 ) ;
#3588 = DIRECTION ( 'NONE',  ( -0.000000000000000000, 1.000000000000000000, -0.000000000000000000 ) ) ;
#3589 = CIRCLE ( 'NONE', #2696, 4.500000000000003553 ) ;
#3590 = ORIENTED_EDGE ( 'NONE', *, *, #891, .F. ) ;
#3591 = DIRECTION ( 'NONE',  ( -0.000000000000000000, 1.000000000000000000, -0.000000000000000000 ) ) ;
#3592 = DIRECTION ( 'NONE',  ( -0.000000000000000000, 1.000000000000000000, -0.000000000000000000 ) ) ;
#3593 = EDGE_LOOP ( 'NONE', ( #619, #2942, #4165, #831 ) ) ;
#3594 = VECTOR ( 'NONE', #2060, 1000.000000000000000 ) ;
#3595 = ORIENTED_EDGE ( 'NONE', *, *, #2945, .F. ) ;
#3596 = EDGE_LOOP ( 'NONE', ( #1231, #1561, #55, #930 ) ) ;
#3597 = EDGE_CURVE ( 'NONE', #1255, #4026, #826, .T. ) ;
#3598 = DIRECTION ( 'NONE',  ( -0.000000000000000000, 1.000000000000000000, -0.000000000000000000 ) ) ;
#3599 = DIRECTION ( 'NONE',  ( 0.000000000000000000, 0.000000000000000000, 1.000000000000000000 ) ) ;
#3600 = VERTEX_POINT ( 'NONE', #3191 ) ;
#3601 = CIRCLE ( 'NONE', #1163, 3.250000000000002665 ) ;
#3602 = CARTESIAN_POINT ( 'NONE',  ( 95.87379739473514917, 10.00000000000000000, -119.5376914450248051 ) ) ;
#3603 = EDGE_CURVE ( 'NONE', #2000, #4788, #1626, .T. ) ;
#3604 = AXIS2_PLACEMENT_3D ( 'NONE', #172, #2901, #3740 ) ;
#3605 = ORIENTED_EDGE ( 'NONE', *, *, #690, .T. ) ;
#3606 = FACE_OUTER_BOUND ( 'NONE', #158, .T. ) ;
#3607 = CARTESIAN_POINT ( 'NONE',  ( 95.84242333457314089, 0.000000000000000000, 119.6612681093095887 ) ) ;
#3608 = EDGE_CURVE ( 'NONE', #4865, #4607, #1566, .T. ) ;
#3609 = CARTESIAN_POINT ( 'NONE',  ( -33.23401871576802336, 5.850000000000004086, 33.23401871576744782 ) ) ;
#3610 = VERTEX_POINT ( 'NONE', #3499 ) ;
#3611 = DIRECTION ( 'NONE',  ( -0.000000000000000000, 1.000000000000000000, -0.000000000000000000 ) ) ;
#3612 = CIRCLE ( 'NONE', #4114, 4.500000000000003553 ) ;
#3613 = EDGE_CURVE ( 'NONE', #3371, #2174, #4814, .T. ) ;
#3614 = CARTESIAN_POINT ( 'NONE',  ( -46.99999999999998579, -15.00000000000000000, 4.499999999999992006 ) ) ;
#3615 = APPROVAL_ROLE ( '' ) ;
#3616 = DIRECTION ( 'NONE',  ( -0.000000000000000000, 1.000000000000000000, -0.000000000000000000 ) ) ;
#3617 = DIRECTION ( 'NONE',  ( -0.000000000000000000, 1.000000000000000000, -0.000000000000000000 ) ) ;
#3618 = CARTESIAN_POINT ( 'NONE',  ( 95.87379739473514917, 0.000000000000000000, -113.0376914450248051 ) ) ;
#3619 = EDGE_CURVE ( 'NONE', #4449, #1836, #775, .T. ) ;
#3620 = ORIENTED_EDGE ( 'NONE', *, *, #741, .T. ) ;
#3621 = LINE ( 'NONE', #3965, #2828 ) ;
#3622 = DIRECTION ( 'NONE',  ( 0.000000000000000000, 1.000000000000000000, 0.000000000000000000 ) ) ;
#3623 = VERTEX_POINT ( 'NONE', #4693 ) ;
#3624 = VERTEX_POINT ( 'NONE', #4379 ) ;
#3625 = EDGE_LOOP ( 'NONE', ( #4577, #3528, #3488, #66 ) ) ;
#3626 = FACE_BOUND ( 'NONE', #1011, .T. ) ;
#3627 = DIRECTION ( 'NONE',  ( 0.000000000000000000, 0.000000000000000000, -1.000000000000000000 ) ) ;
#3628 = ORIENTED_EDGE ( 'NONE', *, *, #2236, .T. ) ;
#3629 = EDGE_CURVE ( 'NONE', #4658, #2706, #1798, .T. ) ;
#3630 = CARTESIAN_POINT ( 'NONE',  ( 0.000000000000000000, 10.00000000000000000, -47.00000000000000000 ) ) ;
#3631 = CARTESIAN_POINT ( 'NONE',  ( -2.499999999998570921, 10.00000000000000000, 83.88284835958100416 ) ) ;
#3632 = DIRECTION ( 'NONE',  ( 0.000000000000000000, 0.000000000000000000, 1.000000000000000000 ) ) ;
#3633 = CARTESIAN_POINT ( 'NONE',  ( -3.281992458512545606E-13, 0.000000000000000000, 47.00000000000000000 ) ) ;
#3634 = ORIENTED_EDGE ( 'NONE', *, *, #204, .F. ) ;
#3635 = ADVANCED_FACE ( 'NONE', ( #2311 ), #3912, .F. ) ;
#3636 = FACE_OUTER_BOUND ( 'NONE', #4039, .T. ) ;
#3637 = CALENDAR_DATE ( 2026, 24, 3 ) ;
#3638 = DIRECTION ( 'NONE',  ( 0.000000000000000000, 0.7071067811865473507, 0.7071067811865477948 ) ) ;
#3639 = DIRECTION ( 'NONE',  ( -0.000000000000000000, -1.000000000000000000, -0.000000000000000000 ) ) ;
#3640 = CARTESIAN_POINT ( 'NONE',  ( 0.000000000000000000, 10.00000000000000000, -42.50000000000000000 ) ) ;
#3641 = VERTEX_POINT ( 'NONE', #4298 ) ;
#3642 = DIRECTION ( 'NONE',  ( 0.000000000000000000, 0.000000000000000000, -1.000000000000000000 ) ) ;
#3643 = EDGE_LOOP ( 'NONE', ( #2074, #4784, #4880, #2831 ) ) ;
#3644 = CARTESIAN_POINT ( 'NONE',  ( 27.50000000000000000, 1.734723475976807094E-15, 0.000000000000000000 ) ) ;
#3645 = VERTEX_POINT ( 'NONE', #795 ) ;
#3646 = EDGE_LOOP ( 'NONE', ( #2153, #1923 ) ) ;
#3647 = EDGE_LOOP ( 'NONE', ( #2321, #784 ) ) ;
#3648 = LOCAL_TIME ( 1, 25, 9.000000000000000000, #217 ) ;
#3649 = CARTESIAN_POINT ( 'NONE',  ( -74.39999999999994884, 10.00000000000000000, 134.9999999999997158 ) ) ;
#3650 = DIRECTION ( 'NONE',  ( -0.000000000000000000, 1.000000000000000000, -0.000000000000000000 ) ) ;
#3651 = ORIENTED_EDGE ( 'NONE', *, *, #3150, .T. ) ;
#3652 = LOCAL_TIME ( 1, 25, 9.000000000000000000, #4669 ) ;
#3653 = CARTESIAN_POINT ( 'NONE',  ( 27.50000000000000000, 1.734723475976807094E-15, -3.299999999999997158 ) ) ;
#3654 = CARTESIAN_POINT ( 'NONE',  ( -116.3190655051870550, 0.000000000000000000, -95.81296885077716752 ) ) ;
#3655 = CARTESIAN_POINT ( 'NONE',  ( 0.000000000000000000, 1.102182119232617788E-16, 30.00000000000000000 ) ) ;
#3656 = DIRECTION ( 'NONE',  ( -0.000000000000000000, -1.000000000000000000, -0.000000000000000000 ) ) ;
#3657 = AXIS2_PLACEMENT_3D ( 'NONE', #2093, #564, #1788 ) ;
#3658 = DIRECTION ( 'NONE',  ( -0.000000000000000000, 1.000000000000000000, -0.000000000000000000 ) ) ;
#3659 = ORIENTED_EDGE ( 'NONE', *, *, #932, .T. ) ;
#3660 = AXIS2_PLACEMENT_3D ( 'NONE', #1118, #2666, #4674 ) ;
#3661 = VECTOR ( 'NONE', #3462, 1000.000000000000000 ) ;
#3662 = AXIS2_PLACEMENT_3D ( 'NONE', #854, #5032, #3972 ) ;
#3663 = EDGE_CURVE ( 'NONE', #4837, #527, #369, .T. ) ;
#3664 = FACE_OUTER_BOUND ( 'NONE', #3483, .T. ) ;
#3665 = CARTESIAN_POINT ( 'NONE',  ( -134.9999999999999432, 0.000000000000000000, -130.5000000000000000 ) ) ;
#3666 = COORDINATED_UNIVERSAL_TIME_OFFSET ( 8, 0, .AHEAD. ) ;
#3667 = CARTESIAN_POINT ( 'NONE',  ( -63.08284835957622505, 10.00000000000000000, 16.69999999999991402 ) ) ;
#3668 = CARTESIAN_POINT ( 'NONE',  ( 33.23401871576779598, 10.00000000000000000, -33.23401871576767519 ) ) ;
#3669 = AXIS2_PLACEMENT_3D ( 'NONE', #2966, #3013, #261 ) ;
#3670 = FACE_BOUND ( 'NONE', #2652, .T. ) ;
#3671 = VECTOR ( 'NONE', #4271, 999.9999999999998863 ) ;
#3672 = EDGE_CURVE ( 'NONE', #1868, #4502, #3477, .T. ) ;
#3673 = LINE ( 'NONE', #4803, #2611 ) ;
#3674 = ORIENTED_EDGE ( 'NONE', *, *, #1346, .F. ) ;
#3675 = DIRECTION ( 'NONE',  ( -0.000000000000000000, 1.000000000000000000, -0.000000000000000000 ) ) ;
#3676 = EDGE_LOOP ( 'NONE', ( #1240, #1037 ) ) ;
#3677 = ADVANCED_FACE ( 'NONE', ( #420 ), #3008, .F. ) ;
#3678 = ORIENTED_EDGE ( 'NONE', *, *, #3125, .T. ) ;
#3679 = AXIS2_PLACEMENT_3D ( 'NONE', #196, #4180, #4203 ) ;
#3680 = AXIS2_PLACEMENT_3D ( 'NONE', #553, #880, #1651 ) ;
#3681 = ORIENTED_EDGE ( 'NONE', *, *, #5047, .T. ) ;
#3682 = CARTESIAN_POINT ( 'NONE',  ( -47.00000000000000000, 5.850000000000004086, -4.922988687768817400E-13 ) ) ;
#3683 = VERTEX_POINT ( 'NONE', #3948 ) ;
#3684 = CARTESIAN_POINT ( 'NONE',  ( -33.23401871576773914, -15.00000000000000000, 37.73401871576772493 ) ) ;
#3685 = CIRCLE ( 'NONE', #2298, 4.500000000000003553 ) ;
#3686 = DIRECTION ( 'NONE',  ( -0.000000000000000000, 1.000000000000000000, -0.000000000000000000 ) ) ;
#3687 = CYLINDRICAL_SURFACE ( 'NONE', #3933, 4.499999999999997335 ) ;
#3688 = AXIS2_PLACEMENT_3D ( 'NONE', #4862, #3675, #4093 ) ;
#3689 = DIRECTION ( 'NONE',  ( -0.000000000000000000, 1.000000000000000000, -0.000000000000000000 ) ) ;
#3690 = ORIENTED_EDGE ( 'NONE', *, *, #4361, .F. ) ;
#3691 = DIRECTION ( 'NONE',  ( -0.000000000000000000, 1.000000000000000000, -0.000000000000000000 ) ) ;
#3692 = AXIS2_PLACEMENT_3D ( 'NONE', #2819, #43, #2400 ) ;
#3693 = FACE_OUTER_BOUND ( 'NONE', #4238, .T. ) ;
#3694 = MECHANICAL_CONTEXT ( 'NONE', #2136, 'mechanical' ) ;
#3695 = DIRECTION ( 'NONE',  ( -0.000000000000000000, 1.000000000000000000, -0.000000000000000000 ) ) ;
#3696 = CARTESIAN_POINT ( 'NONE',  ( -95.81296885077719594, 0.000000000000000000, -113.0690655051871403 ) ) ;
#3697 = CARTESIAN_POINT ( 'NONE',  ( 95.84242333457314089, 0.000000000000000000, 119.6612681093095887 ) ) ;
#3698 = EDGE_CURVE ( 'NONE', #3107, #1033, #447, .T. ) ;
#3699 = ADVANCED_FACE ( 'NONE', ( #209 ), #2155, .F. ) ;
#3700 = CARTESIAN_POINT ( 'NONE',  ( 0.000000000000000000, 10.00000000000000000, 33.79999999999999716 ) ) ;
#3701 = EDGE_LOOP ( 'NONE', ( #4931, #937, #2500, #2959 ) ) ;
#3702 = DIRECTION ( 'NONE',  ( 0.000000000000000000, 0.000000000000000000, 1.000000000000000000 ) ) ;
#3703 = ORIENTED_EDGE ( 'NONE', *, *, #1642, .T. ) ;
#3704 = ORIENTED_EDGE ( 'NONE', *, *, #4054, .T. ) ;
#3705 = VERTEX_POINT ( 'NONE', #2429 ) ;
#3706 = APPROVAL ( #2847, 'UNSPECIFIED' ) ;
#3707 = EDGE_LOOP ( 'NONE', ( #4536, #4938, #1351, #3368 ) ) ;
#3708 = CARTESIAN_POINT ( 'NONE',  ( 116.3798940491453351, 10.00000000000000000, -99.03159479061517345 ) ) ;
#3709 = VERTEX_POINT ( 'NONE', #3708 ) ;
#3710 = DIRECTION ( 'NONE',  ( -0.000000000000000000, 1.000000000000000000, -0.000000000000000000 ) ) ;
#3711 = DIRECTION ( 'NONE',  ( -0.000000000000000000, 1.000000000000000000, -0.000000000000000000 ) ) ;
#3712 = DIRECTION ( 'NONE',  ( 0.000000000000000000, 0.000000000000000000, 1.000000000000000000 ) ) ;
#3713 = CARTESIAN_POINT ( 'NONE',  ( -74.42024260179678663, 10.00000000000000000, -135.0000000000003126 ) ) ;
#3714 = VERTEX_POINT ( 'NONE', #1343 ) ;
#3715 = DIRECTION ( 'NONE',  ( -0.000000000000000000, 1.000000000000000000, -0.000000000000000000 ) ) ;
#3716 = CARTESIAN_POINT ( 'NONE',  ( 27.50000000000000000, 1.734723475976807094E-15, 0.000000000000000000 ) ) ;
#3717 = CARTESIAN_POINT ( 'NONE',  ( 27.50000000000000000, 7.000000000000000000, -3.299999999999997158 ) ) ;
#3718 = FACE_BOUND ( 'NONE', #1834, .T. ) ;
#3719 = EDGE_CURVE ( 'NONE', #4660, #45, #4649, .T. ) ;
#3720 = VERTEX_POINT ( 'NONE', #1286 ) ;
#3721 = CARTESIAN_POINT ( 'NONE',  ( 116.3485199889830000, 10.00000000000000000, 92.65517145489961592 ) ) ;
#3722 = ORIENTED_EDGE ( 'NONE', *, *, #4738, .T. ) ;
#3723 = ORIENTED_EDGE ( 'NONE', *, *, #1954, .T. ) ;
#3724 = ORIENTED_EDGE ( 'NONE', *, *, #1795, .T. ) ;
#3725 = EDGE_CURVE ( 'NONE', #4978, #444, #5048, .T. ) ;
#3726 = VECTOR ( 'NONE', #4027, 1000.000000000000000 ) ;
#3727 = ORIENTED_EDGE ( 'NONE', *, *, #4531, .F. ) ;
#3728 = DIRECTION ( 'NONE',  ( 0.000000000000000000, 1.000000000000000000, 0.000000000000000000 ) ) ;
#3729 = ORIENTED_EDGE ( 'NONE', *, *, #1643, .F. ) ;
#3730 = AXIS2_PLACEMENT_3D ( 'NONE', #1162, #2717, #777 ) ;
#3731 = LINE ( 'NONE', #4848, #4816 ) ;
#3732 = DIRECTION ( 'NONE',  ( -0.000000000000000000, 1.000000000000000000, -0.000000000000000000 ) ) ;
#3733 = DIRECTION ( 'NONE',  ( -0.000000000000000000, 1.000000000000000000, -0.000000000000000000 ) ) ;
#3734 = EDGE_CURVE ( 'NONE', #952, #3985, #4159, .T. ) ;
#3735 = CC_DESIGN_PERSON_AND_ORGANIZATION_ASSIGNMENT ( #1146, #5045, ( #800 ) ) ;
#3736 = EDGE_LOOP ( 'NONE', ( #4290, #1510, #3651, #2194 ) ) ;
#3737 = AXIS2_PLACEMENT_3D ( 'NONE', #4445, #1329, #563 ) ;
#3738 = DIRECTION ( 'NONE',  ( -0.000000000000000000, 1.000000000000000000, -0.000000000000000000 ) ) ;
#3739 = COORDINATED_UNIVERSAL_TIME_OFFSET ( 8, 0, .AHEAD. ) ;
#3740 = DIRECTION ( 'NONE',  ( 0.000000000000000000, 0.000000000000000000, 1.000000000000000000 ) ) ;
#3741 = CARTESIAN_POINT ( 'NONE',  ( 0.000000000000000000, 10.00000000000000000, 33.79999999999999716 ) ) ;
#3742 = DIRECTION ( 'NONE',  ( 0.000000000000000000, 0.000000000000000000, 1.000000000000000000 ) ) ;
#3743 = AXIS2_PLACEMENT_3D ( 'NONE', #1184, #1260, #4711 ) ;
#3744 = EDGE_CURVE ( 'NONE', #1589, #399, #186, .T. ) ;
#3745 = EDGE_LOOP ( 'NONE', ( #2168, #3243 ) ) ;
#3746 = AXIS2_PLACEMENT_3D ( 'NONE', #676, #1513, #2280 ) ;
#3747 = AXIS2_PLACEMENT_3D ( 'NONE', #2441, #2707, #2820 ) ;
#3748 = CARTESIAN_POINT ( 'NONE',  ( -27.50000000000000000, -15.00000000000000000, 2.499999999999995115 ) ) ;
#3749 = EDGE_LOOP ( 'NONE', ( #2807, #153 ) ) ;
#3750 = ORIENTED_EDGE ( 'NONE', *, *, #1897, .F. ) ;
#3751 = AXIS2_PLACEMENT_3D ( 'NONE', #1181, #4295, #2233 ) ;
#3752 = EDGE_LOOP ( 'NONE', ( #1010, #4568, #3920, #1799 ) ) ;
#3753 = FACE_OUTER_BOUND ( 'NONE', #1755, .T. ) ;
#3754 = ORIENTED_EDGE ( 'NONE', *, *, #1490, .T. ) ;
#3755 = CIRCLE ( 'NONE', #1476, 3.299999999999997158 ) ;
#3756 = DIRECTION ( 'NONE',  ( -0.000000000000000000, -1.000000000000000000, -0.000000000000000000 ) ) ;
#3757 = ORIENTED_EDGE ( 'NONE', *, *, #3455, .F. ) ;
#3758 = EDGE_CURVE ( 'NONE', #4603, #1693, #4323, .T. ) ;
#3759 = ADVANCED_FACE ( 'NONE', ( #1316 ), #4434, .F. ) ;
#3760 = EDGE_CURVE ( 'NONE', #3045, #2087, #4811, .T. ) ;
#3761 = FACE_OUTER_BOUND ( 'NONE', #1873, .T. ) ;
#3762 = CARTESIAN_POINT ( 'NONE',  ( -134.9999999999981242, 10.00000000000000000, -74.42024260179205442 ) ) ;
#3763 = EDGE_LOOP ( 'NONE', ( #928, #2150, #1826, #4716 ) ) ;
#3764 = CIRCLE ( 'NONE', #1563, 6.299999999999999822 ) ;
#3765 = VECTOR ( 'NONE', #382, 1000.000000000000000 ) ;
#3766 = EDGE_CURVE ( 'NONE', #573, #4502, #2680, .T. ) ;
#3767 = DIRECTION ( 'NONE',  ( 0.000000000000000000, 0.000000000000000000, 1.000000000000000000 ) ) ;
#3768 = DIRECTION ( 'NONE',  ( 0.000000000000000000, 0.000000000000000000, 1.000000000000000000 ) ) ;
#3769 = LINE ( 'NONE', #3048, #3195 ) ;
#3770 = CARTESIAN_POINT ( 'NONE',  ( -134.9999999999981242, 0.000000000000000000, -74.42024260179205442 ) ) ;
#3771 = FACE_OUTER_BOUND ( 'NONE', #377, .T. ) ;
#3772 = EDGE_CURVE ( 'NONE', #866, #4720, #578, .T. ) ;
#3773 = VECTOR ( 'NONE', #3207, 1000.000000000000000 ) ;
#3774 = EDGE_CURVE ( 'NONE', #2616, #1793, #1881, .T. ) ;
#3775 = CIRCLE ( 'NONE', #1420, 225.0000000000000000 ) ;
#3776 = VERTEX_POINT ( 'NONE', #955 ) ;
#3777 = DIRECTION ( 'NONE',  ( -0.000000000000000000, 1.000000000000000000, -0.000000000000000000 ) ) ;
#3778 = EDGE_CURVE ( 'NONE', #3280, #617, #2279, .T. ) ;
#3779 = ORIENTED_EDGE ( 'NONE', *, *, #1047, .F. ) ;
#3780 = VECTOR ( 'NONE', #1323, 1000.000000000000114 ) ;
#3781 = EDGE_LOOP ( 'NONE', ( #4950, #154, #4652, #243 ) ) ;
#3782 = LINE ( 'NONE', #2812, #88 ) ;
#3783 = VERTEX_POINT ( 'NONE', #4787 ) ;
#3784 = CARTESIAN_POINT ( 'NONE',  ( -95.84434291094001424, 10.00000000000000000, 116.3798940491465856 ) ) ;
#3785 = ORIENTED_EDGE ( 'NONE', *, *, #2709, .F. ) ;
#3786 = CARTESIAN_POINT ( 'NONE',  ( 134.9999999999999716, 10.00000000000000000, 74.39999999999994884 ) ) ;
#3787 = CARTESIAN_POINT ( 'NONE',  ( 27.50000000000000000, 10.00000000000000000, 3.299999999999997158 ) ) ;
#3788 = ORIENTED_EDGE ( 'NONE', *, *, #4640, .T. ) ;
#3789 = UNCERTAINTY_MEASURE_WITH_UNIT (LENGTH_MEASURE( 1.000000000000000082E-05 ), #4992, 'distance_accuracy_value', 'NONE');
#3790 = LINE ( 'NONE', #2591, #1204 ) ;
#3791 = EDGE_CURVE ( 'NONE', #4720, #1848, #873, .T. ) ;
#3792 = CARTESIAN_POINT ( 'NONE',  ( -27.50000000000000000, 1.102182119232617788E-16, 0.000000000000000000 ) ) ;
#3793 = CARTESIAN_POINT ( 'NONE',  ( -116.3504395653500580, 0.000000000000000000, 92.62379739473679763 ) ) ;
#3794 = DIRECTION ( 'NONE',  ( 0.000000000000000000, 0.000000000000000000, -1.000000000000000000 ) ) ;
#3795 = FACE_OUTER_BOUND ( 'NONE', #2962, .T. ) ;
#3796 = ORIENTED_EDGE ( 'NONE', *, *, #3980, .T. ) ;
#3797 = DIRECTION ( 'NONE',  ( 0.000000000000000000, 0.000000000000000000, -1.000000000000000000 ) ) ;
#3798 = ORIENTED_EDGE ( 'NONE', *, *, #4539, .F. ) ;
#3799 = VERTEX_POINT ( 'NONE', #905 ) ;
#3800 = CC_DESIGN_PERSON_AND_ORGANIZATION_ASSIGNMENT ( #3954, #4284, ( #1054 ) ) ;
#3801 = DIRECTION ( 'NONE',  ( 0.000000000000000000, 0.000000000000000000, 1.000000000000000000 ) ) ;
#3802 = ORIENTED_EDGE ( 'NONE', *, *, #2952, .T. ) ;
#3803 = DIRECTION ( 'NONE',  ( -0.000000000000000000, 1.000000000000000000, -0.000000000000000000 ) ) ;
#3804 = ORIENTED_EDGE ( 'NONE', *, *, #141, .T. ) ;
#3805 = AXIS2_PLACEMENT_3D ( 'NONE', #914, #4386, #4775 ) ;
#3806 = CARTESIAN_POINT ( 'NONE',  ( 46.99999999999999289, -15.00000000000000000, 6.938893903907228378E-15 ) ) ;
#3807 = FACE_BOUND ( 'NONE', #2244, .T. ) ;
#3808 = DIRECTION ( 'NONE',  ( -0.000000000000000000, -1.000000000000000000, -0.000000000000000000 ) ) ;
#3809 = LOCAL_TIME ( 1, 25, 9.000000000000000000, #2818 ) ;
#3810 =( NAMED_UNIT ( * ) PLANE_ANGLE_UNIT ( ) SI_UNIT ( $, .RADIAN. ) );
#3811 = CYLINDRICAL_SURFACE ( 'NONE', #3022, 4.500000000000003553 ) ;
#3812 = APPROVAL_DATE_TIME ( #272, #80 ) ;
#3813 = CARTESIAN_POINT ( 'NONE',  ( 95.84242333457314089, 0.000000000000000000, 116.4112681093095887 ) ) ;
#3814 = DIRECTION ( 'NONE',  ( 0.000000000000000000, 0.000000000000000000, -1.000000000000000000 ) ) ;
#3815 = CYLINDRICAL_SURFACE ( 'NONE', #810, 4.499999999999997335 ) ;
#3816 = ADVANCED_FACE ( 'NONE', ( #4048 ), #2504, .F. ) ;
#3817 = CIRCLE ( 'NONE', #1539, 4.499999999999997335 ) ;
#3818 = EDGE_CURVE ( 'NONE', #2249, #2502, #4896, .T. ) ;
#3819 = FACE_BOUND ( 'NONE', #3567, .T. ) ;
#3820 = ORIENTED_EDGE ( 'NONE', *, *, #4973, .F. ) ;
#3821 = DIRECTION ( 'NONE',  ( 0.000000000000000000, 1.000000000000000000, 0.000000000000000000 ) ) ;
#3822 = VECTOR ( 'NONE', #1712, 1000.000000000000000 ) ;
#3823 = AXIS2_PLACEMENT_3D ( 'NONE', #3219, #2481, #1674 ) ;
#3824 = VERTEX_POINT ( 'NONE', #4866 ) ;
#3825 = EDGE_CURVE ( 'NONE', #1848, #3391, #4088, .T. ) ;
#3826 = ORIENTED_EDGE ( 'NONE', *, *, #1434, .T. ) ;
#3827 = AXIS2_PLACEMENT_3D ( 'NONE', #4645, #1120, #2667 ) ;
#3828 = AXIS2_PLACEMENT_3D ( 'NONE', #231, #3756, #4217 ) ;
#3829 = CYLINDRICAL_SURFACE ( 'NONE', #4916, 4.500000000000003553 ) ;
#3830 = ORIENTED_EDGE ( 'NONE', *, *, #1096, .T. ) ;
#3831 = DIRECTION ( 'NONE',  ( 0.000000000000000000, 0.7071067811865471286, 0.7071067811865479058 ) ) ;
#3832 = EDGE_LOOP ( 'NONE', ( #3552, #4509 ) ) ;
#3833 = CIRCLE ( 'NONE', #4, 3.299999999999997158 ) ;
#3834 = AXIS2_PLACEMENT_3D ( 'NONE', #889, #4798, #514 ) ;
#3835 = EDGE_CURVE ( 'NONE', #267, #1533, #409, .T. ) ;
#3836 = CIRCLE ( 'NONE', #2051, 3.250000000000002665 ) ;
#3837 = PERSON ( 'NAUO-PER2', 'UNSPECIFIED', 'UNSPECIFIED', ('UNSPECIFIED'), ('UNSPECIFIED'), ('UNSPECIFIED') ) ;
#3838 = CARTESIAN_POINT ( 'NONE',  ( -33.23401871576773914, 0.000000000000000000, 28.73401871576772848 ) ) ;
#3839 = FACE_BOUND ( 'NONE', #3058, .T. ) ;
#3840 = CARTESIAN_POINT ( 'NONE',  ( 27.50000000000000000, 7.000000000000000000, 0.000000000000000000 ) ) ;
#3841 = EDGE_LOOP ( 'NONE', ( #4117, #2172 ) ) ;
#3842 = EDGE_CURVE ( 'NONE', #2503, #4708, #4741, .T. ) ;
#3843 = AXIS2_PLACEMENT_3D ( 'NONE', #1887, #397, #3117 ) ;
#3844 = SHAPE_REPRESENTATION_RELATIONSHIP ( 'NONE' , 'NONE' ,  #4423, #1104 ) ;
#3845 = CARTESIAN_POINT ( 'NONE',  ( -134.9999999999999432, 10.00000000000000000, -135.0000000000000000 ) ) ;
#3846 = AXIS2_PLACEMENT_3D ( 'NONE', #3525, #4272, #4616 ) ;
#3847 = CARTESIAN_POINT ( 'NONE',  ( 74.40000000000000568, 10.00000000000000000, 139.5000000000000000 ) ) ;
#3848 = DIRECTION ( 'NONE',  ( 0.000000000000000000, 0.000000000000000000, -1.000000000000000000 ) ) ;
#3849 = DIRECTION ( 'NONE',  ( 0.000000000000000000, 0.000000000000000000, 1.000000000000000000 ) ) ;
#3850 = CIRCLE ( 'NONE', #2704, 3.299999999999997158 ) ;
#3851 = ORIENTED_EDGE ( 'NONE', *, *, #2485, .T. ) ;
#3852 = CARTESIAN_POINT ( 'NONE',  ( 116.3485199889830000, 10.00000000000000000, 99.15517145489961592 ) ) ;
#3853 = EDGE_CURVE ( 'NONE', #772, #29, #328, .T. ) ;
#3854 = AXIS2_PLACEMENT_3D ( 'NONE', #2628, #3388, #1921 ) ;
#3855 = VERTEX_POINT ( 'NONE', #1800 ) ;
#3856 = VERTEX_POINT ( 'NONE', #5007 ) ;
#3857 = AXIS2_PLACEMENT_3D ( 'NONE', #350, #1451, #2288 ) ;
#3858 = CARTESIAN_POINT ( 'NONE',  ( -63.08284835957631032, 0.000000000000000000, -16.69999999999986784 ) ) ;
#3859 = ORIENTED_EDGE ( 'NONE', *, *, #2186, .F. ) ;
#3860 = ADVANCED_FACE ( 'NONE', ( #1511 ), #4939, .F. ) ;
#3861 = DIRECTION ( 'NONE',  ( 0.000000000000000000, 0.000000000000000000, 1.000000000000000000 ) ) ;
#3862 = ORIENTED_EDGE ( 'NONE', *, *, #1972, .T. ) ;
#3863 = VECTOR ( 'NONE', #112, 1000.000000000000114 ) ;
#3864 = ORIENTED_EDGE ( 'NONE', *, *, #2448, .T. ) ;
#3865 = CIRCLE ( 'NONE', #1421, 3.250000000000002665 ) ;
#3866 = DIRECTION ( 'NONE',  ( 0.000000000000000000, 1.000000000000000000, 0.000000000000000000 ) ) ;
#3867 = FACE_BOUND ( 'NONE', #1448, .T. ) ;
#3868 = DIRECTION ( 'NONE',  ( -0.000000000000000000, 1.000000000000000000, -0.000000000000000000 ) ) ;
#3869 = ORIENTED_EDGE ( 'NONE', *, *, #727, .F. ) ;
#3870 = MECHANICAL_CONTEXT ( 'NONE', #1359, 'mechanical' ) ;
#3871 = DIRECTION ( 'NONE',  ( 0.000000000000000000, 0.000000000000000000, 1.000000000000000000 ) ) ;
#3872 = CARTESIAN_POINT ( 'NONE',  ( -134.9999999999981242, 0.000000000000000000, -74.42024260179205442 ) ) ;
#3873 = ORIENTED_EDGE ( 'NONE', *, *, #3153, .F. ) ;
#3874 = CARTESIAN_POINT ( 'NONE',  ( -27.50000000000000000, 1.734723475976807094E-15, 0.000000000000000000 ) ) ;
#3875 = CALENDAR_DATE ( 2026, 24, 3 ) ;
#3876 = DIRECTION ( 'NONE',  ( 0.000000000000000000, 0.000000000000000000, 1.000000000000000000 ) ) ;
#3877 = ORIENTED_EDGE ( 'NONE', *, *, #3719, .F. ) ;
#3878 = ORIENTED_EDGE ( 'NONE', *, *, #323, .T. ) ;
#3879 = EDGE_CURVE ( 'NONE', #1589, #128, #2283, .T. ) ;
#3880 = CARTESIAN_POINT ( 'NONE',  ( -134.9999999999999432, 0.000000000000000000, 134.9999999999999432 ) ) ;
#3881 = EDGE_LOOP ( 'NONE', ( #346, #3727 ) ) ;
#3882 = DIRECTION ( 'NONE',  ( -0.000000000000000000, -1.000000000000000000, -0.000000000000000000 ) ) ;
#3883 = ORIENTED_EDGE ( 'NONE', *, *, #2186, .T. ) ;
#3884 = VERTEX_POINT ( 'NONE', #4537 ) ;
#3885 = EDGE_CURVE ( 'NONE', #516, #1746, #1145, .T. ) ;
#3886 = DIRECTION ( 'NONE',  ( -1.000000000000000000, 0.000000000000000000, 8.540177112501197482E-15 ) ) ;
#3887 = FACE_BOUND ( 'NONE', #3841, .T. ) ;
#3888 = CARTESIAN_POINT ( 'NONE',  ( -2.499999999998570477, 10.00000000000000000, 77.28284835958100984 ) ) ;
#3889 = VERTEX_POINT ( 'NONE', #1032 ) ;
#3890 = CARTESIAN_POINT ( 'NONE',  ( -33.23401871576773914, -15.00000000000000000, 28.73401871576772848 ) ) ;
#3891 = CIRCLE ( 'NONE', #4224, 3.299999999999997158 ) ;
#3892 = CARTESIAN_POINT ( 'NONE',  ( 33.23401871576779598, 10.00000000000000000, -33.23401871576767519 ) ) ;
#3893 = CARTESIAN_POINT ( 'NONE',  ( 98.08284835957788061, 10.00000000000000000, -16.70000000000000995 ) ) ;
#3894 = VERTEX_POINT ( 'NONE', #2582 ) ;
#3895 = CYLINDRICAL_SURFACE ( 'NONE', #471, 4.500000000000003553 ) ;
#3896 = SECURITY_CLASSIFICATION ( '', '', #2464 ) ;
#3897 = PERSON_AND_ORGANIZATION ( #431, #3410 ) ;
#3898 = FACE_OUTER_BOUND ( 'NONE', #3302, .T. ) ;
#3899 = APPROVAL_PERSON_ORGANIZATION ( #655, #80, #2189 ) ;
#3900 = AXIS2_PLACEMENT_3D ( 'NONE', #3064, #396, #4277 ) ;
#3901 = DIRECTION ( 'NONE',  ( 0.000000000000000000, -0.7071067811865474617, -0.7071067811865474617 ) ) ;
#3902 = EDGE_CURVE ( 'NONE', #4191, #1936, #4982, .T. ) ;
#3903 = EDGE_LOOP ( 'NONE', ( #521, #3, #747, #3500 ) ) ;
#3904 = AXIS2_PLACEMENT_3D ( 'NONE', #199, #971, #2521 ) ;
#3905 = DIRECTION ( 'NONE',  ( -0.000000000000000000, 1.000000000000000000, -0.000000000000000000 ) ) ;
#3906 = ORIENTED_EDGE ( 'NONE', *, *, #4612, .F. ) ;
#3907 = CYLINDRICAL_SURFACE ( 'NONE', #2610, 3.250000000000002665 ) ;
#3908 = ORIENTED_EDGE ( 'NONE', *, *, #1839, .T. ) ;
#3909 = ADVANCED_FACE ( 'NONE', ( #1058 ), #306, .F. ) ;
#3910 = VERTEX_POINT ( 'NONE', #348 ) ;
#3911 = AXIS2_PLACEMENT_3D ( 'NONE', #1687, #2443, #4012 ) ;
#3912 = CONICAL_SURFACE ( 'NONE', #1391, 8.649999999999998579, 0.7853981633974485010 ) ;
#3913 = ORIENTED_EDGE ( 'NONE', *, *, #4480, .T. ) ;
#3914 = CARTESIAN_POINT ( 'NONE',  ( 33.23401871576779598, 10.00000000000000000, -37.73401871576767519 ) ) ;
#3915 = FACE_OUTER_BOUND ( 'NONE', #381, .T. ) ;
#3916 = CONICAL_SURFACE ( 'NONE', #4734, 8.649999999999998579, 0.7853981633974485010 ) ;
#3917 = VECTOR ( 'NONE', #2326, 1000.000000000000000 ) ;
#3918 = DIRECTION ( 'NONE',  ( -0.000000000000000000, 1.000000000000000000, -0.000000000000000000 ) ) ;
#3919 = EDGE_CURVE ( 'NONE', #73, #2907, #4194, .T. ) ;
#3920 = ORIENTED_EDGE ( 'NONE', *, *, #3919, .T. ) ;
#3921 = EDGE_CURVE ( 'NONE', #4357, #1554, #4817, .T. ) ;
#3922 = EDGE_CURVE ( 'NONE', #598, #255, #671, .T. ) ;
#3923 = CARTESIAN_POINT ( 'NONE',  ( 5.510910596163087583E-16, 10.00000000000000000, -51.50000000000000000 ) ) ;
#3924 = AXIS2_PLACEMENT_3D ( 'NONE', #1111, #1489, #4196 ) ;
#3925 = CARTESIAN_POINT ( 'NONE',  ( 98.08284835957783798, 10.00000000000000000, 19.99999999999978328 ) ) ;
#3926 = DIRECTION ( 'NONE',  ( 0.000000000000000000, 0.000000000000000000, 1.000000000000000000 ) ) ;
#3927 = ORIENTED_EDGE ( 'NONE', *, *, #933, .T. ) ;
#3928 = ADVANCED_FACE ( 'NONE', ( #1108 ), #1444, .F. ) ;
#3929 = AXIS2_PLACEMENT_3D ( 'NONE', #3141, #1934, #14 ) ;
#3930 = FACE_OUTER_BOUND ( 'NONE', #2395, .T. ) ;
#3931 = EDGE_CURVE ( 'NONE', #1309, #2631, #1854, .T. ) ;
#3932 = EDGE_CURVE ( 'NONE', #4807, #1280, #3038, .T. ) ;
#3933 = AXIS2_PLACEMENT_3D ( 'NONE', #4175, #4919, #4541 ) ;
#3934 = COORDINATED_UNIVERSAL_TIME_OFFSET ( 8, 0, .AHEAD. ) ;
#3935 = FACE_BOUND ( 'NONE', #4736, .T. ) ;
#3936 = EDGE_CURVE ( 'NONE', #2305, #4867, #2655, .T. ) ;
#3937 = CYLINDRICAL_SURFACE ( 'NONE', #1877, 4.500000000000003553 ) ;
#3938 = AXIS2_PLACEMENT_3D ( 'NONE', #1055, #2871, #3254 ) ;
#3939 = ORIENTED_EDGE ( 'NONE', *, *, #3125, .F. ) ;
#3940 = VECTOR ( 'NONE', #3104, 1000.000000000000000 ) ;
#3941 = CARTESIAN_POINT ( 'NONE',  ( 98.08284835957783798, 0.000000000000000000, 23.29999999999978044 ) ) ;
#3942 = ORIENTED_EDGE ( 'NONE', *, *, #907, .F. ) ;
#3943 = EDGE_LOOP ( 'NONE', ( #3322, #1254, #4385, #3659 ) ) ;
#3944 = VERTEX_POINT ( 'NONE', #4587 ) ;
#3945 = CARTESIAN_POINT ( 'NONE',  ( 74.42024260179678663, 10.00000000000000000, -130.4999999999999716 ) ) ;
#3946 = FACE_BOUND ( 'NONE', #3520, .T. ) ;
#3947 = AXIS2_PLACEMENT_3D ( 'NONE', #1629, #3180, #2802 ) ;
#3948 = CARTESIAN_POINT ( 'NONE',  ( 0.000000000000000000, 10.00000000000000000, -38.35000000000000142 ) ) ;
#3949 = ORIENTED_EDGE ( 'NONE', *, *, #4889, .T. ) ;
#3950 = LINE ( 'NONE', #2009, #629 ) ;
#3951 = VECTOR ( 'NONE', #4515, 1000.000000000000000 ) ;
#3952 = EDGE_CURVE ( 'NONE', #4216, #3045, #4328, .T. ) ;
#3953 = ORIENTED_EDGE ( 'NONE', *, *, #2370, .T. ) ;
#3954 = PERSON_AND_ORGANIZATION ( #431, #3410 ) ;
#3955 = DIRECTION ( 'NONE',  ( 0.000000000000000000, 0.000000000000000000, 1.000000000000000000 ) ) ;
#3956 = CARTESIAN_POINT ( 'NONE',  ( 116.3798940491453351, 0.000000000000000000, -95.78159479061517345 ) ) ;
#3957 = ORIENTED_EDGE ( 'NONE', *, *, #3447, .T. ) ;
#3958 = DIRECTION ( 'NONE',  ( 0.000000000000000000, 0.000000000000000000, 1.000000000000000000 ) ) ;
#3959 = EDGE_CURVE ( 'NONE', #4139, #1793, #3450, .T. ) ;
#3960 = APPROVAL_DATE_TIME ( #20, #3283 ) ;
#3961 = DIRECTION ( 'NONE',  ( 0.000000000000000000, 0.000000000000000000, -1.000000000000000000 ) ) ;
#3962 = DIRECTION ( 'NONE',  ( -0.000000000000000000, -1.000000000000000000, -0.000000000000000000 ) ) ;
#3963 = VERTEX_POINT ( 'NONE', #4120 ) ;
#3964 = ADVANCED_FACE ( 'NONE', ( #623 ), #2176, .F. ) ;
#3965 = CARTESIAN_POINT ( 'NONE',  ( 0.000000000000000000, 0.000000000000000000, -25.00000000000000000 ) ) ;
#3966 = CARTESIAN_POINT ( 'NONE',  ( 98.08284835957783798, 0.000000000000000000, 19.99999999999978328 ) ) ;
#3967 = ORIENTED_EDGE ( 'NONE', *, *, #3351, .F. ) ;
#3968 = EDGE_CURVE ( 'NONE', #97, #3246, #2683, .T. ) ;
#3969 = ORIENTED_EDGE ( 'NONE', *, *, #4296, .T. ) ;
#3970 = ORIENTED_EDGE ( 'NONE', *, *, #3308, .T. ) ;
#3971 = DIRECTION ( 'NONE',  ( -0.000000000000000000, 1.000000000000000000, -0.000000000000000000 ) ) ;
#3972 = DIRECTION ( 'NONE',  ( 0.000000000000000000, 0.000000000000000000, 1.000000000000000000 ) ) ;
#3973 = EDGE_LOOP ( 'NONE', ( #4969, #1507 ) ) ;
#3974 = CYLINDRICAL_SURFACE ( 'NONE', #3325, 4.500000000000003553 ) ;
#3975 = EDGE_LOOP ( 'NONE', ( #3757, #1334, #4656, #285 ) ) ;
#3976 = DIRECTION ( 'NONE',  ( 0.000000000000000000, 0.7071067811865472397, 0.7071067811865479058 ) ) ;
#3977 = FACE_OUTER_BOUND ( 'NONE', #2608, .T. ) ;
#3978 = ORIENTED_EDGE ( 'NONE', *, *, #2709, .T. ) ;
#3979 = DIRECTION ( 'NONE',  ( -0.000000000000000000, 1.000000000000000000, -0.000000000000000000 ) ) ;
#3980 = EDGE_CURVE ( 'NONE', #1975, #4783, #4391, .T. ) ;
#3981 = DIRECTION ( 'NONE',  ( 0.000000000000000000, 0.000000000000000000, 1.000000000000000000 ) ) ;
#3982 = FACE_BOUND ( 'NONE', #3973, .T. ) ;
#3983 = LINE ( 'NONE', #484, #1065 ) ;
#3984 = EDGE_CURVE ( 'NONE', #1567, #3714, #2442, .T. ) ;
#3985 = VERTEX_POINT ( 'NONE', #2304 ) ;
#3986 = AXIS2_PLACEMENT_3D ( 'NONE', #858, #3577, #4305 ) ;
#3987 = DIRECTION ( 'NONE',  ( -0.000000000000000000, 1.000000000000000000, -0.000000000000000000 ) ) ;
#3988 = ORIENTED_EDGE ( 'NONE', *, *, #1265, .F. ) ;
#3989 = ORIENTED_EDGE ( 'NONE', *, *, #1849, .F. ) ;
#3990 = ORIENTED_EDGE ( 'NONE', *, *, #2370, .F. ) ;
#3991 = VECTOR ( 'NONE', #249, 1000.000000000000000 ) ;
#3992 = DIRECTION ( 'NONE',  ( 0.000000000000000000, 0.000000000000000000, 1.000000000000000000 ) ) ;
#3993 = CARTESIAN_POINT ( 'NONE',  ( 116.3485199889830000, 0.000000000000000000, 95.90517145489961592 ) ) ;
#3994 = ORIENTED_EDGE ( 'NONE', *, *, #4200, .F. ) ;
#3995 = EDGE_CURVE ( 'NONE', #1305, #772, #3587, .T. ) ;
#3996 = CIRCLE ( 'NONE', #3657, 3.299999999999997158 ) ;
#3997 = DIRECTION ( 'NONE',  ( -1.000000000000000000, 0.000000000000000000, 8.540177112501197482E-15 ) ) ;
#3998 = VECTOR ( 'NONE', #4766, 1000.000000000000000 ) ;
#3999 = CIRCLE ( 'NONE', #2122, 3.250000000000002665 ) ;
#4000 = AXIS2_PLACEMENT_3D ( 'NONE', #4037, #119, #3208 ) ;
#4001 = EDGE_LOOP ( 'NONE', ( #1363, #3877 ) ) ;
#4002 = LINE ( 'NONE', #3223, #1004 ) ;
#4003 = FACE_OUTER_BOUND ( 'NONE', #4452, .T. ) ;
#4004 = LINE ( 'NONE', #4308, #1580 ) ;
#4005 = ORIENTED_EDGE ( 'NONE', *, *, #3314, .F. ) ;
#4006 = LINE ( 'NONE', #1965, #1284 ) ;
#4007 = CIRCLE ( 'NONE', #2687, 3.299999999999997158 ) ;
#4008 = CARTESIAN_POINT ( 'NONE',  ( -3.281992458512545606E-13, 5.850000000000004086, 47.00000000000000000 ) ) ;
#4009 = PERSON_AND_ORGANIZATION_ROLE ( 'creator' ) ;
#4010 = CARTESIAN_POINT ( 'NONE',  ( 6.938893903907228378E-15, 0.000000000000000000, -47.00000000000000000 ) ) ;
#4011 = DIRECTION ( 'NONE',  ( -0.000000000000000000, 1.000000000000000000, -0.000000000000000000 ) ) ;
#4012 = DIRECTION ( 'NONE',  ( 0.000000000000000000, 0.000000000000000000, 1.000000000000000000 ) ) ;
#4013 = AXIS2_PLACEMENT_3D ( 'NONE', #1499, #2459, #135 ) ;
#4014 = VERTEX_POINT ( 'NONE', #92 ) ;
#4015 = APPROVAL ( #778, 'UNSPECIFIED' ) ;
#4016 = ADVANCED_FACE ( 'NONE', ( #2730 ), #1947, .T. ) ;
#4017 = ORIENTED_EDGE ( 'NONE', *, *, #367, .F. ) ;
#4018 = DIRECTION ( 'NONE',  ( 0.000000000000000000, 0.000000000000000000, 1.000000000000000000 ) ) ;
#4019 = ORIENTED_EDGE ( 'NONE', *, *, #4675, .F. ) ;
#4020 = CIRCLE ( 'NONE', #3357, 4.500000000000003553 ) ;
#4021 = EDGE_LOOP ( 'NONE', ( #1534, #4121, #5001, #1045 ) ) ;
#4022 = CIRCLE ( 'NONE', #675, 4.500000000000003553 ) ;
#4023 = EDGE_CURVE ( 'NONE', #4118, #2087, #162, .T. ) ;
#4024 = FACE_BOUND ( 'NONE', #3449, .T. ) ;
#4025 = DIRECTION ( 'NONE',  ( -0.000000000000000000, 1.000000000000000000, -0.000000000000000000 ) ) ;
#4026 = VERTEX_POINT ( 'NONE', #3492 ) ;
#4027 = DIRECTION ( 'NONE',  ( -0.000000000000000000, 1.000000000000000000, -0.000000000000000000 ) ) ;
#4028 = AXIS2_PLACEMENT_3D ( 'NONE', #4598, #2974, #4572 ) ;
#4029 = CARTESIAN_POINT ( 'NONE',  ( 33.23401871576772493, -15.00000000000000000, -37.73401871576772493 ) ) ;
#4030 = FACE_OUTER_BOUND ( 'NONE', #2908, .T. ) ;
#4031 = CARTESIAN_POINT ( 'NONE',  ( 135.0000000000018474, 10.00000000000000000, -69.92024260179205442 ) ) ;
#4032 = VERTEX_POINT ( 'NONE', #3472 ) ;
#4033 = CIRCLE ( 'NONE', #5002, 3.250000000000002665 ) ;
#4034 = CARTESIAN_POINT ( 'NONE',  ( 95.87379739473514917, 10.00000000000000000, -116.2876914450248051 ) ) ;
#4035 = PERSON_AND_ORGANIZATION_ROLE ( 'classification_officer' ) ;
#4036 = DIRECTION ( 'NONE',  ( -0.000000000000000000, 1.000000000000000000, -0.000000000000000000 ) ) ;
#4037 = CARTESIAN_POINT ( 'NONE',  ( 6.938893903907228378E-15, -15.00000000000000000, -47.00000000000000000 ) ) ;
#4038 = CYLINDRICAL_SURFACE ( 'NONE', #4962, 3.299999999999997158 ) ;
#4039 = EDGE_LOOP ( 'NONE', ( #2815, #4142, #2345, #1385 ) ) ;
#4040 = FACE_BOUND ( 'NONE', #3143, .T. ) ;
#4041 = ORIENTED_EDGE ( 'NONE', *, *, #4283, .T. ) ;
#4042 = DIRECTION ( 'NONE',  ( -1.000000000000000000, 0.000000000000000000, 8.540177112501197482E-15 ) ) ;
#4043 = VERTEX_POINT ( 'NONE', #362 ) ;
#4044 = ORIENTED_EDGE ( 'NONE', *, *, #1482, .F. ) ;
#4045 = ADVANCED_FACE ( 'NONE', ( #3057 ), #1178, .F. ) ;
#4046 = ORIENTED_EDGE ( 'NONE', *, *, #4429, .F. ) ;
#4047 = FACE_BOUND ( 'NONE', #3136, .T. ) ;
#4048 = FACE_OUTER_BOUND ( 'NONE', #185, .T. ) ;
#4049 = EDGE_LOOP ( 'NONE', ( #1124, #277, #3227, #4958 ) ) ;
#4050 = DIRECTION ( 'NONE',  ( -0.000000000000000000, 1.000000000000000000, -0.000000000000000000 ) ) ;
#4051 = CARTESIAN_POINT ( 'NONE',  ( -33.23401871576802336, 10.00000000000000000, 33.23401871576744782 ) ) ;
#4052 = DIRECTION ( 'NONE',  ( 0.000000000000000000, 0.000000000000000000, -1.000000000000000000 ) ) ;
#4053 = DIRECTION ( 'NONE',  ( 0.000000000000000000, 0.000000000000000000, 1.000000000000000000 ) ) ;
#4054 = EDGE_CURVE ( 'NONE', #3414, #827, #1154, .T. ) ;
#4055 = EDGE_CURVE ( 'NONE', #1925, #262, #1885, .T. ) ;
#4056 = LINE ( 'NONE', #3315, #4473 ) ;
#4057 = DIRECTION ( 'NONE',  ( -0.000000000000000000, -1.000000000000000000, -0.000000000000000000 ) ) ;
#4058 = APPROVAL_STATUS ( 'not_yet_approved' ) ;
#4059 = LINE ( 'NONE', #4444, #2397 ) ;
#4060 = DIRECTION ( 'NONE',  ( 0.000000000000000000, 0.000000000000000000, 1.000000000000000000 ) ) ;
#4061 = DIRECTION ( 'NONE',  ( -0.000000000000000000, 1.000000000000000000, -0.000000000000000000 ) ) ;
#4062 = CIRCLE ( 'NONE', #2427, 3.250000000000002665 ) ;
#4063 = DIRECTION ( 'NONE',  ( -0.000000000000000000, 1.000000000000000000, -0.000000000000000000 ) ) ;
#4064 = ORIENTED_EDGE ( 'NONE', *, *, #1057, .F. ) ;
#4065 = CARTESIAN_POINT ( 'NONE',  ( -74.39999999999994884, 10.00000000000000000, 130.4999999999996874 ) ) ;
#4066 = EDGE_CURVE ( 'NONE', #2726, #1828, #1532, .T. ) ;
#4067 = EDGE_LOOP ( 'NONE', ( #3390, #1005, #3014, #1927 ) ) ;
#4068 = CIRCLE ( 'NONE', #2106, 3.299999999999997158 ) ;
#4069 = ORIENTED_EDGE ( 'NONE', *, *, #2404, .T. ) ;
#4070 = ORIENTED_EDGE ( 'NONE', *, *, #714, .F. ) ;
#4071 = ORIENTED_EDGE ( 'NONE', *, *, #5036, .T. ) ;
#4072 = AXIS2_PLACEMENT_3D ( 'NONE', #4205, #275, #3794 ) ;
#4073 = DIRECTION ( 'NONE',  ( -0.000000000000000000, 1.000000000000000000, -0.000000000000000000 ) ) ;
#4074 = EDGE_LOOP ( 'NONE', ( #2982, #1521, #742, #3155 ) ) ;
#4075 = CYLINDRICAL_SURFACE ( 'NONE', #2264, 4.500000000000003553 ) ;
#4076 = CARTESIAN_POINT ( 'NONE',  ( -27.50000000000000000, 10.00000000000000000, 0.000000000000000000 ) ) ;
#4077 = FACE_OUTER_BOUND ( 'NONE', #3170, .T. ) ;
#4078 = EDGE_CURVE ( 'NONE', #2905, #3824, #1128, .T. ) ;
#4079 = CARTESIAN_POINT ( 'NONE',  ( -95.84434291094001424, 0.000000000000000000, 113.1298940491465856 ) ) ;
#4080 = CARTESIAN_POINT ( 'NONE',  ( -74.42024260179678663, 10.00000000000000000, -130.5000000000003126 ) ) ;
#4081 = AXIS2_PLACEMENT_3D ( 'NONE', #4512, #1015, #4562 ) ;
#4082 = AXIS2_PLACEMENT_3D ( 'NONE', #3305, #4073, #106 ) ;
#4083 = ADVANCED_FACE ( 'NONE', ( #4687 ), #4162, .F. ) ;
#4084 = DIRECTION ( 'NONE',  ( 0.000000000000000000, 1.000000000000000000, 0.000000000000000000 ) ) ;
#4085 = COORDINATED_UNIVERSAL_TIME_OFFSET ( 8, 0, .AHEAD. ) ;
#4086 = DIRECTION ( 'NONE',  ( -0.000000000000000000, 1.000000000000000000, -0.000000000000000000 ) ) ;
#4087 = DIRECTION ( 'NONE',  ( 0.000000000000000000, 0.000000000000000000, 1.000000000000000000 ) ) ;
#4088 = CIRCLE ( 'NONE', #900, 2.499999999999998668 ) ;
#4089 = FACE_BOUND ( 'NONE', #2679, .T. ) ;
#4090 = EDGE_CURVE ( 'NONE', #4218, #4794, #3176, .T. ) ;
#4091 = CARTESIAN_POINT ( 'NONE',  ( 27.50000000000000000, 10.00000000000000000, 0.000000000000000000 ) ) ;
#4092 = EDGE_LOOP ( 'NONE', ( #3373, #2752, #3953, #4910 ) ) ;
#4093 = DIRECTION ( 'NONE',  ( 0.000000000000000000, 0.000000000000000000, 1.000000000000000000 ) ) ;
#4094 = ORIENTED_EDGE ( 'NONE', *, *, #2402, .T. ) ;
#4095 = EDGE_LOOP ( 'NONE', ( #4479, #636, #421, #2246 ) ) ;
#4096 = CIRCLE ( 'NONE', #4424, 8.649999999999998579 ) ;
#4097 = CIRCLE ( 'NONE', #2455, 4.500000000000003553 ) ;
#4098 = VERTEX_POINT ( 'NONE', #1560 ) ;
#4099 = CARTESIAN_POINT ( 'NONE',  ( 0.000000000000000000, 5.850000000000004086, -47.00000000000000000 ) ) ;
#4100 = ORIENTED_EDGE ( 'NONE', *, *, #3386, .F. ) ;
#4101 = FACE_OUTER_BOUND ( 'NONE', #4532, .T. ) ;
#4102 = DIRECTION ( 'NONE',  ( 0.000000000000000000, 0.000000000000000000, 1.000000000000000000 ) ) ;
#4103 = DIRECTION ( 'NONE',  ( -0.000000000000000000, 1.000000000000000000, -0.000000000000000000 ) ) ;
#4104 = CIRCLE ( 'NONE', #1652, 4.499999999999997335 ) ;
#4105 = DIRECTION ( 'NONE',  ( 0.000000000000000000, 0.000000000000000000, 1.000000000000000000 ) ) ;
#4106 = EDGE_CURVE ( 'NONE', #4865, #1401, #4579, .T. ) ;
#4107 = AXIS2_PLACEMENT_3D ( 'NONE', #513, #4702, #2439 ) ;
#4108 = DIRECTION ( 'NONE',  ( -0.000000000000000000, -1.000000000000000000, -0.000000000000000000 ) ) ;
#4109 = DIRECTION ( 'NONE',  ( -0.000000000000000000, 1.000000000000000000, -0.000000000000000000 ) ) ;
#4110 = CIRCLE ( 'NONE', #3526, 4.500000000000003553 ) ;
#4111 = CARTESIAN_POINT ( 'NONE',  ( 0.000000000000000000, 0.000000000000000000, -27.50000000000000000 ) ) ;
#4112 = CARTESIAN_POINT ( 'NONE',  ( 7.489984963523538122E-15, -15.00000000000000000, -42.50000000000000000 ) ) ;
#4113 = EDGE_CURVE ( 'NONE', #1693, #3683, #2350, .T. ) ;
#4114 = AXIS2_PLACEMENT_3D ( 'NONE', #3609, #1653, #4749 ) ;
#4115 = EDGE_LOOP ( 'NONE', ( #1121, #5003, #3149, #4999 ) ) ;
#4116 = CARTESIAN_POINT ( 'NONE',  ( 33.23401871576779598, 10.00000000000000000, -41.88401871576767377 ) ) ;
#4117 = ORIENTED_EDGE ( 'NONE', *, *, #4830, .T. ) ;
#4118 = VERTEX_POINT ( 'NONE', #4242 ) ;
#4119 = ORIENTED_EDGE ( 'NONE', *, *, #3778, .F. ) ;
#4120 = CARTESIAN_POINT ( 'NONE',  ( -134.9999999999999432, 10.00000000000000000, 130.4999999999999432 ) ) ;
#4121 = ORIENTED_EDGE ( 'NONE', *, *, #4675, .T. ) ;
#4122 = CYLINDRICAL_SURFACE ( 'NONE', #3087, 2.499999999999996891 ) ;
#4123 = DIRECTION ( 'NONE',  ( 0.000000000000000000, 0.000000000000000000, 1.000000000000000000 ) ) ;
#4124 = CARTESIAN_POINT ( 'NONE',  ( 74.42024260179678663, 10.00000000000000000, -130.4999999999999716 ) ) ;
#4125 = ORIENTED_EDGE ( 'NONE', *, *, #3072, .F. ) ;
#4126 = DIRECTION ( 'NONE',  ( 8.659560562354932858E-17, 0.7071067811865474617, -0.7071067811865474617 ) ) ;
#4127 = CARTESIAN_POINT ( 'NONE',  ( 98.08284835957788061, 10.00000000000000000, -20.00000000000000711 ) ) ;
#4128 = ADVANCED_FACE ( 'NONE', ( #746 ), #3907, .F. ) ;
#4129 = CARTESIAN_POINT ( 'NONE',  ( -134.9999999999981242, 10.00000000000000000, -74.42024260179205442 ) ) ;
#4130 = CARTESIAN_POINT ( 'NONE',  ( 46.99999999999999289, 10.00000000000000000, 1.640996229256272803E-13 ) ) ;
#4131 = FACE_BOUND ( 'NONE', #3546, .T. ) ;
#4132 = ORIENTED_EDGE ( 'NONE', *, *, #1460, .F. ) ;
#4133 = LINE ( 'NONE', #4834, #2873 ) ;
#4134 = EDGE_CURVE ( 'NONE', #1975, #4474, #1967, .T. ) ;
#4135 = EDGE_LOOP ( 'NONE', ( #2810, #2121, #4864, #2097 ) ) ;
#4136 = ORIENTED_EDGE ( 'NONE', *, *, #3063, .T. ) ;
#4137 = EDGE_LOOP ( 'NONE', ( #1277, #1287 ) ) ;
#4138 = AXIS2_PLACEMENT_3D ( 'NONE', #1757, #4050, #4789 ) ;
#4139 = VERTEX_POINT ( 'NONE', #4876 ) ;
#4140 = ADVANCED_FACE ( 'NONE', ( #3363 ), #4929, .F. ) ;
#4141 = CARTESIAN_POINT ( 'NONE',  ( 95.84242333457314089, 0.000000000000000000, 116.4112681093095887 ) ) ;
#4142 = ORIENTED_EDGE ( 'NONE', *, *, #2786, .T. ) ;
#4143 = CC_DESIGN_SECURITY_CLASSIFICATION ( #638, ( #2590 ) ) ;
#4144 = EDGE_CURVE ( 'NONE', #2706, #4658, #4007, .T. ) ;
#4145 = DIRECTION ( 'NONE',  ( 0.000000000000000000, 0.000000000000000000, 1.000000000000000000 ) ) ;
#4146 = ORIENTED_EDGE ( 'NONE', *, *, #1233, .F. ) ;
#4147 = ADVANCED_FACE ( 'NONE', ( #2902 ), #3346, .F. ) ;
#4148 = CARTESIAN_POINT ( 'NONE',  ( -33.23401871576773914, -15.00000000000000000, 37.73401871576772493 ) ) ;
#4149 = ORIENTED_EDGE ( 'NONE', *, *, #1865, .T. ) ;
#4150 = CIRCLE ( 'NONE', #3904, 3.299999999999997158 ) ;
#4151 = CARTESIAN_POINT ( 'NONE',  ( -47.00000000000000000, 0.000000000000000000, -4.500000000000489386 ) ) ;
#4152 = DIRECTION ( 'NONE',  ( 8.659560562354936556E-17, 0.7071067811865473507, -0.7071067811865477948 ) ) ;
#4153 = CALENDAR_DATE ( 2026, 24, 3 ) ;
#4154 = DIRECTION ( 'NONE',  ( 1.000000000000000000, 0.000000000000000000, -4.270088556250598741E-15 ) ) ;
#4155 = LOCAL_TIME ( 1, 25, 9.000000000000000000, #4085 ) ;
#4156 = DIRECTION ( 'NONE',  ( 0.000000000000000000, 0.000000000000000000, 1.000000000000000000 ) ) ;
#4157 = CARTESIAN_POINT ( 'NONE',  ( -33.23401871576772493, -15.00000000000000000, -37.73401871576772493 ) ) ;
#4158 = CIRCLE ( 'NONE', #3413, 4.500000000000003553 ) ;
#4159 = CIRCLE ( 'NONE', #1467, 4.500000000000003553 ) ;
#4160 = VERTEX_POINT ( 'NONE', #1023 ) ;
#4161 = AXIS2_PLACEMENT_3D ( 'NONE', #4076, #4941, #2968 ) ;
#4162 = CONICAL_SURFACE ( 'NONE', #2532, 8.649999999999998579, 0.7853981633974488341 ) ;
#4163 = CARTESIAN_POINT ( 'NONE',  ( 135.0000000000000000, 0.000000000000000000, -135.0000000000000000 ) ) ;
#4164 = VERTEX_POINT ( 'NONE', #3717 ) ;
#4165 = ORIENTED_EDGE ( 'NONE', *, *, #2329, .T. ) ;
#4166 = AXIS2_PLACEMENT_3D ( 'NONE', #2657, #4220, #4589 ) ;
#4167 = EDGE_CURVE ( 'NONE', #1309, #1339, #3817, .T. ) ;
#4168 = CARTESIAN_POINT ( 'NONE',  ( -2.500000000000067502, 0.000000000000000000, -77.28284835957710186 ) ) ;
#4169 = VERTEX_POINT ( 'NONE', #2975 ) ;
#4170 = AXIS2_PLACEMENT_3D ( 'NONE', #1450, #3336, #1403 ) ;
#4171 = DIRECTION ( 'NONE',  ( -0.000000000000000000, 1.000000000000000000, -0.000000000000000000 ) ) ;
#4172 = ORIENTED_EDGE ( 'NONE', *, *, #3566, .F. ) ;
#4173 = EDGE_CURVE ( 'NONE', #3380, #3033, #1765, .T. ) ;
#4174 = DIRECTION ( 'NONE',  ( -0.000000000000000000, -1.000000000000000000, -0.000000000000000000 ) ) ;
#4175 = CARTESIAN_POINT ( 'NONE',  ( -47.00000000000000000, 10.00000000000000000, -4.922988687768817400E-13 ) ) ;
#4176 = DIRECTION ( 'NONE',  ( 0.000000000000000000, 0.000000000000000000, 1.000000000000000000 ) ) ;
#4177 = CIRCLE ( 'NONE', #3438, 3.299999999999997158 ) ;
#4178 = ORIENTED_EDGE ( 'NONE', *, *, #1050, .T. ) ;
#4179 = VECTOR ( 'NONE', #1692, 1000.000000000000000 ) ;
#4180 = DIRECTION ( 'NONE',  ( -0.000000000000000000, 1.000000000000000000, -0.000000000000000000 ) ) ;
#4181 = DIRECTION ( 'NONE',  ( 0.000000000000000000, 1.000000000000000000, 0.000000000000000000 ) ) ;
#4182 = DIRECTION ( 'NONE',  ( 0.000000000000000000, 0.000000000000000000, 1.000000000000000000 ) ) ;
#4183 = CARTESIAN_POINT ( 'NONE',  ( -116.3504395653500580, 10.00000000000000000, 92.62379739473679763 ) ) ;
#4184 = PRODUCT_RELATED_PRODUCT_CATEGORY ( 'detail', '', ( #4317 ) ) ;
#4185 = AXIS2_PLACEMENT_3D ( 'NONE', #4907, #2149, #3702 ) ;
#4186 = AXIS2_PLACEMENT_3D ( 'NONE', #3026, #4204, #707 ) ;
#4187 = ORIENTED_EDGE ( 'NONE', *, *, #3818, .F. ) ;
#4188 = DIRECTION ( 'NONE',  ( 0.000000000000000000, 0.000000000000000000, 1.000000000000000000 ) ) ;
#4189 = DIRECTION ( 'NONE',  ( -0.000000000000000000, 1.000000000000000000, -0.000000000000000000 ) ) ;
#4190 = VECTOR ( 'NONE', #3457, 1000.000000000000000 ) ;
#4191 = VERTEX_POINT ( 'NONE', #4466 ) ;
#4192 = DIRECTION ( 'NONE',  ( 0.000000000000000000, 0.000000000000000000, -1.000000000000000000 ) ) ;
#4193 = ORIENTED_EDGE ( 'NONE', *, *, #3818, .T. ) ;
#4194 = LINE ( 'NONE', #1486, #3575 ) ;
#4195 = VERTEX_POINT ( 'NONE', #1787 ) ;
#4196 = DIRECTION ( 'NONE',  ( 0.000000000000000000, 0.000000000000000000, -1.000000000000000000 ) ) ;
#4197 = DIRECTION ( 'NONE',  ( 0.000000000000000000, 0.000000000000000000, 1.000000000000000000 ) ) ;
#4198 = LINE ( 'NONE', #4222, #3494 ) ;
#4199 = EDGE_LOOP ( 'NONE', ( #3634, #3543 ) ) ;
#4200 = EDGE_CURVE ( 'NONE', #4449, #4191, #1809, .T. ) ;
#4201 = EDGE_CURVE ( 'NONE', #1280, #956, #4150, .T. ) ;
#4202 = LINE ( 'NONE', #1886, #558 ) ;
#4203 = DIRECTION ( 'NONE',  ( 0.000000000000000000, 0.000000000000000000, 1.000000000000000000 ) ) ;
#4204 = DIRECTION ( 'NONE',  ( -0.000000000000000000, -1.000000000000000000, -0.000000000000000000 ) ) ;
#4205 = CARTESIAN_POINT ( 'NONE',  ( 116.3485199889830000, 0.000000000000000000, 95.90517145489961592 ) ) ;
#4206 = ADVANCED_FACE ( 'NONE', ( #1041 ), #3338, .F. ) ;
#4207 = CYLINDRICAL_SURFACE ( 'NONE', #2932, 3.299999999999997158 ) ;
#4208 = EDGE_CURVE ( 'NONE', #2177, #4728, #4401, .T. ) ;
#4209 = ORIENTED_EDGE ( 'NONE', *, *, #4844, .T. ) ;
#4210 = CARTESIAN_POINT ( 'NONE',  ( -74.42024260179678663, 10.00000000000000000, -139.5000000000003126 ) ) ;
#4211 = ADVANCED_FACE ( 'NONE', ( #4828 ), #2595, .F. ) ;
#4212 = EDGE_LOOP ( 'NONE', ( #4241, #2064 ) ) ;
#4213 = VERTEX_POINT ( 'NONE', #3696 ) ;
#4214 = EDGE_CURVE ( 'NONE', #255, #1415, #485, .T. ) ;
#4215 = CARTESIAN_POINT ( 'NONE',  ( 37.49999999999987921, 10.00000000000000000, -80.58284835957724113 ) ) ;
#4216 = VERTEX_POINT ( 'NONE', #2880 ) ;
#4217 = DIRECTION ( 'NONE',  ( 0.000000000000000000, 0.000000000000000000, -1.000000000000000000 ) ) ;
#4218 = VERTEX_POINT ( 'NONE', #3741 ) ;
#4219 = CIRCLE ( 'NONE', #2022, 8.649999999999998579 ) ;
#4220 = DIRECTION ( 'NONE',  ( -0.000000000000000000, 1.000000000000000000, -0.000000000000000000 ) ) ;
#4221 = DIRECTION ( 'NONE',  ( 0.000000000000000000, 1.000000000000000000, 0.000000000000000000 ) ) ;
#4222 = CARTESIAN_POINT ( 'NONE',  ( 135.0000000000000000, 10.00000000000000000, 130.4999999999999432 ) ) ;
#4223 = ORIENTED_EDGE ( 'NONE', *, *, #3097, .T. ) ;
#4224 = AXIS2_PLACEMENT_3D ( 'NONE', #439, #2824, #817 ) ;
#4225 = ADVANCED_FACE ( 'NONE', ( #2218 ), #2116, .F. ) ;
#4226 = EDGE_CURVE ( 'NONE', #3156, #1281, #892, .T. ) ;
#4227 = AXIS2_PLACEMENT_3D ( 'NONE', #3360, #653, #704 ) ;
#4228 = DIRECTION ( 'NONE',  ( 0.000000000000000000, 0.000000000000000000, 1.000000000000000000 ) ) ;
#4229 = CARTESIAN_POINT ( 'NONE',  ( -95.81296885077719594, 0.000000000000000000, -119.5690655051871403 ) ) ;
#4230 = DIRECTION ( 'NONE',  ( 0.000000000000000000, 0.000000000000000000, 1.000000000000000000 ) ) ;
#4231 = CARTESIAN_POINT ( 'NONE',  ( 0.000000000000000000, 1.102182119232617788E-16, -27.50000000000000000 ) ) ;
#4232 = CARTESIAN_POINT ( 'NONE',  ( -33.23401871576802336, 5.850000000000004086, 28.73401871576744782 ) ) ;
#4233 = EDGE_CURVE ( 'NONE', #2223, #1899, #1002, .T. ) ;
#4234 = ORIENTED_EDGE ( 'NONE', *, *, #2308, .T. ) ;
#4235 = DIRECTION ( 'NONE',  ( 0.000000000000000000, 0.000000000000000000, 1.000000000000000000 ) ) ;
#4236 = AXIS2_PLACEMENT_3D ( 'NONE', #1986, #1594, #1207 ) ;
#4237 = ORIENTED_EDGE ( 'NONE', *, *, #2853, .F. ) ;
#4238 = EDGE_LOOP ( 'NONE', ( #2909, #4460, #4551, #2779 ) ) ;
#4239 = CIRCLE ( 'NONE', #651, 3.250000000000002665 ) ;
#4240 = CARTESIAN_POINT ( 'NONE',  ( -134.9999999999981242, 0.000000000000000000, -78.92024260179206863 ) ) ;
#4241 = ORIENTED_EDGE ( 'NONE', *, *, #1781, .F. ) ;
#4242 = CARTESIAN_POINT ( 'NONE',  ( 33.23401871576779598, 5.850000000000004086, -37.73401871576767519 ) ) ;
#4243 = ORIENTED_EDGE ( 'NONE', *, *, #3139, .F. ) ;
#4244 = AXIS2_PLACEMENT_3D ( 'NONE', #4008, #2876, #1708 ) ;
#4245 = AXIS2_PLACEMENT_3D ( 'NONE', #89, #4084, #3177 ) ;
#4246 = CARTESIAN_POINT ( 'NONE',  ( 46.99999999999999289, 10.00000000000000000, 8.650000000000162004 ) ) ;
#4247 = DIRECTION ( 'NONE',  ( 0.000000000000000000, 0.000000000000000000, 1.000000000000000000 ) ) ;
#4248 = LINE ( 'NONE', #724, #2362 ) ;
#4249 = ORIENTED_EDGE ( 'NONE', *, *, #4554, .T. ) ;
#4250 = CONICAL_SURFACE ( 'NONE', #745, 223.0000000000000853, 0.7853981633974482790 ) ;
#4251 = PERSON_AND_ORGANIZATION ( #431, #3410 ) ;
#4252 = CARTESIAN_POINT ( 'NONE',  ( 135.0000000000000000, 0.000000000000000000, 130.4999999999999432 ) ) ;
#4253 = AXIS2_PLACEMENT_3D ( 'NONE', #3649, #3134, #497 ) ;
#4254 = DIRECTION ( 'NONE',  ( 0.000000000000000000, 1.000000000000000000, -0.000000000000000000 ) ) ;
#4255 = ORIENTED_EDGE ( 'NONE', *, *, #1609, .F. ) ;
#4256 = CARTESIAN_POINT ( 'NONE',  ( -46.99999999999998579, -15.00000000000000000, -5.204170427930421283E-15 ) ) ;
#4257 = DIRECTION ( 'NONE',  ( -1.000000000000000000, 0.000000000000000000, 8.540177112501197482E-15 ) ) ;
#4258 = ADVANCED_FACE ( 'NONE', ( #3461 ), #3074, .F. ) ;
#4259 = VECTOR ( 'NONE', #179, 1000.000000000000000 ) ;
#4260 = APPLICATION_PROTOCOL_DEFINITION ( 'international standard', 'config_control_design', 1994, #2072 ) ;
#4261 = CYLINDRICAL_SURFACE ( 'NONE', #1744, 3.250000000000002665 ) ;
#4262 = AXIS2_PLACEMENT_3D ( 'NONE', #3467, #1172, #4648 ) ;
#4263 = ORIENTED_EDGE ( 'NONE', *, *, #3132, .T. ) ;
#4264 = ORIENTED_EDGE ( 'NONE', *, *, #1842, .F. ) ;
#4265 = AXIS2_PLACEMENT_3D ( 'NONE', #1739, #1380, #1001 ) ;
#4266 = CARTESIAN_POINT ( 'NONE',  ( -27.50000000000000000, 7.000000000000000000, -3.299999999999997158 ) ) ;
#4267 = ORIENTED_EDGE ( 'NONE', *, *, #2208, .F. ) ;
#4268 = DIRECTION ( 'NONE',  ( -0.000000000000000000, 1.000000000000000000, -0.000000000000000000 ) ) ;
#4269 = ORIENTED_EDGE ( 'NONE', *, *, #1897, .T. ) ;
#4270 = AXIS2_PLACEMENT_3D ( 'NONE', #3956, #1963, #4279 ) ;
#4271 = DIRECTION ( 'NONE',  ( 8.659560562354936556E-17, 0.7071067811865473507, -0.7071067811865477948 ) ) ;
#4272 = DIRECTION ( 'NONE',  ( -0.000000000000000000, -1.000000000000000000, -0.000000000000000000 ) ) ;
#4273 = CARTESIAN_POINT ( 'NONE',  ( -33.23401871576773914, -15.00000000000000000, 33.23401871576772493 ) ) ;
#4274 = ORIENTED_EDGE ( 'NONE', *, *, #1000, .F. ) ;
#4275 = DIRECTION ( 'NONE',  ( 0.000000000000000000, 0.000000000000000000, 1.000000000000000000 ) ) ;
#4276 = EDGE_CURVE ( 'NONE', #35, #1749, #5038, .T. ) ;
#4277 = DIRECTION ( 'NONE',  ( 1.000000000000000000, 0.000000000000000000, 0.000000000000000000 ) ) ;
#4278 = DIRECTION ( 'NONE',  ( 0.000000000000000000, 0.000000000000000000, -1.000000000000000000 ) ) ;
#4279 = DIRECTION ( 'NONE',  ( 0.000000000000000000, 0.000000000000000000, 1.000000000000000000 ) ) ;
#4280 = VERTEX_POINT ( 'NONE', #4622 ) ;
#4281 = DIRECTION ( 'NONE',  ( 0.000000000000000000, 0.000000000000000000, 1.000000000000000000 ) ) ;
#4282 = EDGE_CURVE ( 'NONE', #3610, #2998, #2594, .T. ) ;
#4283 = EDGE_CURVE ( 'NONE', #850, #4375, #2754, .T. ) ;
#4284 = PERSON_AND_ORGANIZATION_ROLE ( 'design_supplier' ) ;
#4285 = DIRECTION ( 'NONE',  ( -0.000000000000000000, -1.000000000000000000, -0.000000000000000000 ) ) ;
#4286 = EDGE_LOOP ( 'NONE', ( #187, #3030, #4149, #52 ) ) ;
#4287 = EDGE_CURVE ( 'NONE', #262, #1925, #3250, .T. ) ;
#4288 = EDGE_CURVE ( 'NONE', #3129, #3824, #2515, .T. ) ;
#4289 = DIRECTION ( 'NONE',  ( -0.000000000000000000, 1.000000000000000000, -0.000000000000000000 ) ) ;
#4290 = ORIENTED_EDGE ( 'NONE', *, *, #753, .F. ) ;
#4291 = CARTESIAN_POINT ( 'NONE',  ( 33.23401871576771782, 0.000000000000000000, 33.23401871576773203 ) ) ;
#4292 = ORIENTED_EDGE ( 'NONE', *, *, #3698, .F. ) ;
#4293 = ORIENTED_EDGE ( 'NONE', *, *, #323, .F. ) ;
#4294 = ADVANCED_FACE ( 'NONE', ( #1937 ), #5042, .F. ) ;
#4295 = DIRECTION ( 'NONE',  ( -0.000000000000000000, -1.000000000000000000, -0.000000000000000000 ) ) ;
#4296 = EDGE_CURVE ( 'NONE', #363, #1528, #1383, .T. ) ;
#4297 = DIRECTION ( 'NONE',  ( 0.000000000000000000, 0.000000000000000000, 1.000000000000000000 ) ) ;
#4298 = CARTESIAN_POINT ( 'NONE',  ( -46.99999999999998579, -15.00000000000000000, -4.500000000000002665 ) ) ;
#4299 = ORIENTED_EDGE ( 'NONE', *, *, #5023, .T. ) ;
#4300 = DIRECTION ( 'NONE',  ( 0.000000000000000000, 0.000000000000000000, 1.000000000000000000 ) ) ;
#4301 = ADVANCED_FACE ( 'NONE', ( #4995 ), #3384, .F. ) ;
#4302 = CIRCLE ( 'NONE', #871, 3.299999999999997158 ) ;
#4303 = APPROVAL ( #116, 'UNSPECIFIED' ) ;
#4304 = EDGE_CURVE ( 'NONE', #1554, #2575, #1142, .T. ) ;
#4305 = DIRECTION ( 'NONE',  ( 1.000000000000000000, 0.000000000000000000, 0.000000000000000000 ) ) ;
#4306 = AXIS2_PLACEMENT_3D ( 'NONE', #2899, #4462, #2516 ) ;
#4307 = DIRECTION ( 'NONE',  ( 0.000000000000000000, 0.000000000000000000, 1.000000000000000000 ) ) ;
#4308 = CARTESIAN_POINT ( 'NONE',  ( -134.9999999999999432, 10.00000000000000000, 139.4999999999999432 ) ) ;
#4309 = EDGE_LOOP ( 'NONE', ( #2529, #664, #2780, #4360 ) ) ;
#4310 = CYLINDRICAL_SURFACE ( 'NONE', #964, 4.500000000000003553 ) ;
#4311 = EDGE_CURVE ( 'NONE', #4026, #4169, #726, .T. ) ;
#4312 = MECHANICAL_CONTEXT ( 'NONE', #1540, 'mechanical' ) ;
#4313 = CYLINDRICAL_SURFACE ( 'NONE', #3692, 3.250000000000002665 ) ;
#4314 = APPROVAL_PERSON_ORGANIZATION ( #2493, #4533, #3615 ) ;
#4315 = DIRECTION ( 'NONE',  ( 0.000000000000000000, 0.000000000000000000, 1.000000000000000000 ) ) ;
#4316 = ORIENTED_EDGE ( 'NONE', *, *, #1047, .T. ) ;
#4317 = PRODUCT ( 'weld_assem_circular plate', 'weld_assem_circular plate', '', ( #3870 ) ) ;
#4318 = CARTESIAN_POINT ( 'NONE',  ( 0.000000000000000000, -15.00000000000000000, -27.50000000000000000 ) ) ;
#4319 = FACE_OUTER_BOUND ( 'NONE', #4627, .T. ) ;
#4320 = EDGE_LOOP ( 'NONE', ( #2653, #2971, #2887, #4371 ) ) ;
#4321 = VERTEX_POINT ( 'NONE', #4966 ) ;
#4322 = VECTOR ( 'NONE', #1758, 1000.000000000000000 ) ;
#4323 = CIRCLE ( 'NONE', #1960, 4.499999999999997335 ) ;
#4324 = ORIENTED_EDGE ( 'NONE', *, *, #673, .T. ) ;
#4325 = DIRECTION ( 'NONE',  ( 0.000000000000000000, 0.000000000000000000, 1.000000000000000000 ) ) ;
#4326 = FACE_BOUND ( 'NONE', #712, .T. ) ;
#4327 = AXIS2_PLACEMENT_3D ( 'NONE', #511, #4388, #2900 ) ;
#4328 = CIRCLE ( 'NONE', #4971, 4.499999999999997335 ) ;
#4329 = DIRECTION ( 'NONE',  ( -0.000000000000000000, 1.000000000000000000, -0.000000000000000000 ) ) ;
#4330 = ORIENTED_EDGE ( 'NONE', *, *, #4054, .F. ) ;
#4331 = CARTESIAN_POINT ( 'NONE',  ( -33.23401871576802336, 5.850000000000004086, 37.73401871576745492 ) ) ;
#4332 = ADVANCED_FACE ( 'NONE', ( #351 ), #4808, .F. ) ;
#4333 = CIRCLE ( 'NONE', #1397, 4.499999999999997335 ) ;
#4334 = ORIENTED_EDGE ( 'NONE', *, *, #565, .T. ) ;
#4335 = DATE_TIME_ROLE ( 'creation_date' ) ;
#4336 = CARTESIAN_POINT ( 'NONE',  ( 95.87379739473514917, 0.000000000000000000, -116.2876914450248051 ) ) ;
#4337 = DIRECTION ( 'NONE',  ( 0.000000000000000000, 0.000000000000000000, -1.000000000000000000 ) ) ;
#4338 = ORIENTED_EDGE ( 'NONE', *, *, #1642, .F. ) ;
#4339 = VECTOR ( 'NONE', #1116, 1000.000000000000000 ) ;
#4340 = CARTESIAN_POINT ( 'NONE',  ( 0.000000000000000000, 0.000000000000000000, 0.000000000000000000 ) ) ;
#4341 = EDGE_CURVE ( 'NONE', #4032, #2768, #708, .T. ) ;
#4342 = COORDINATED_UNIVERSAL_TIME_OFFSET ( 8, 0, .AHEAD. ) ;
#4343 = FACE_OUTER_BOUND ( 'NONE', #1801, .T. ) ;
#4344 = CC_DESIGN_DATE_AND_TIME_ASSIGNMENT ( #5020, #2141, ( #1209 ) ) ;
#4345 = DIRECTION ( 'NONE',  ( 0.000000000000000000, 0.000000000000000000, 1.000000000000000000 ) ) ;
#4346 = ORIENTED_EDGE ( 'NONE', *, *, #53, .F. ) ;
#4347 = CIRCLE ( 'NONE', #94, 4.500000000000003553 ) ;
#4348 = DIRECTION ( 'NONE',  ( -0.000000000000000000, 1.000000000000000000, -0.000000000000000000 ) ) ;
#4349 = ORIENTED_EDGE ( 'NONE', *, *, #2554, .F. ) ;
#4350 = ORIENTED_EDGE ( 'NONE', *, *, #4635, .T. ) ;
#4351 = AXIS2_PLACEMENT_3D ( 'NONE', #4471, #2556, #569 ) ;
#4352 = ORIENTED_EDGE ( 'NONE', *, *, #3772, .T. ) ;
#4353 = EDGE_CURVE ( 'NONE', #3641, #4505, #2597, .T. ) ;
#4354 = FACE_BOUND ( 'NONE', #3245, .T. ) ;
#4355 = VECTOR ( 'NONE', #3638, 999.9999999999998863 ) ;
#4356 = CYLINDRICAL_SURFACE ( 'NONE', #3662, 4.499999999999997335 ) ;
#4357 = VERTEX_POINT ( 'NONE', #1099 ) ;
#4358 = CARTESIAN_POINT ( 'NONE',  ( 135.0000000000018474, 10.00000000000000000, -74.42024260179205442 ) ) ;
#4359 = CIRCLE ( 'NONE', #30, 4.500000000000003553 ) ;
#4360 = ORIENTED_EDGE ( 'NONE', *, *, #4844, .F. ) ;
#4361 = EDGE_CURVE ( 'NONE', #330, #2862, #1139, .T. ) ;
#4362 = DIRECTION ( 'NONE',  ( -0.000000000000000000, 1.000000000000000000, -0.000000000000000000 ) ) ;
#4363 = CARTESIAN_POINT ( 'NONE',  ( 37.49999999999987921, 10.00000000000000000, -83.88284835957723828 ) ) ;
#4364 = ORIENTED_EDGE ( 'NONE', *, *, #2053, .F. ) ;
#4365 = CARTESIAN_POINT ( 'NONE',  ( -3.281992458512545606E-13, 10.00000000000000000, 47.00000000000000000 ) ) ;
#4366 = FACE_OUTER_BOUND ( 'NONE', #2057, .T. ) ;
#4367 = APPROVAL_DATE_TIME ( #3486, #2157 ) ;
#4368 = EDGE_CURVE ( 'NONE', #2226, #460, #1959, .T. ) ;
#4369 = CARTESIAN_POINT ( 'NONE',  ( -27.50000000000000000, -15.00000000000000000, 0.000000000000000000 ) ) ;
#4370 = EDGE_CURVE ( 'NONE', #2737, #1255, #807, .T. ) ;
#4371 = ORIENTED_EDGE ( 'NONE', *, *, #354, .F. ) ;
#4372 = CARTESIAN_POINT ( 'NONE',  ( 135.0000000000000000, 10.00000000000000000, -139.5000000000000000 ) ) ;
#4373 = EDGE_CURVE ( 'NONE', #1533, #267, #2523, .T. ) ;
#4374 = CARTESIAN_POINT ( 'NONE',  ( -33.23401871576772493, -15.00000000000000000, -28.73401871576772848 ) ) ;
#4375 = VERTEX_POINT ( 'NONE', #2340 ) ;
#4376 = EDGE_LOOP ( 'NONE', ( #2447, #1796, #4780, #1720 ) ) ;
#4377 = ORIENTED_EDGE ( 'NONE', *, *, #4282, .F. ) ;
#4378 = LINE ( 'NONE', #547, #596 ) ;
#4379 = CARTESIAN_POINT ( 'NONE',  ( 7.715274834628325378E-16, 10.00000000000000000, -33.79999999999999716 ) ) ;
#4380 = ORIENTED_EDGE ( 'NONE', *, *, #1198, .T. ) ;
#4381 = DIRECTION ( 'NONE',  ( 0.000000000000000000, 0.000000000000000000, 1.000000000000000000 ) ) ;
#4382 = CARTESIAN_POINT ( 'NONE',  ( 135.0000000000000000, 10.00000000000000000, -135.0000000000000000 ) ) ;
#4383 = LINE ( 'NONE', #3225, #2776 ) ;
#4384 = FACE_OUTER_BOUND ( 'NONE', #283, .T. ) ;
#4385 = ORIENTED_EDGE ( 'NONE', *, *, #3416, .T. ) ;
#4386 = DIRECTION ( 'NONE',  ( -0.000000000000000000, 1.000000000000000000, -0.000000000000000000 ) ) ;
#4387 = EDGE_CURVE ( 'NONE', #1445, #2052, #3415, .T. ) ;
#4388 = DIRECTION ( 'NONE',  ( -0.000000000000000000, -1.000000000000000000, -0.000000000000000000 ) ) ;
#4389 = SHAPE_DEFINITION_REPRESENTATION ( #3537, #4423 ) ;
#4390 = FACE_BOUND ( 'NONE', #610, .T. ) ;
#4391 = LINE ( 'NONE', #919, #3424 ) ;
#4392 = FACE_OUTER_BOUND ( 'NONE', #3215, .T. ) ;
#4393 = LOCAL_TIME ( 1, 25, 9.000000000000000000, #561 ) ;
#4394 = ADVANCED_FACE ( 'NONE', ( #1655 ), #2816, .F. ) ;
#4395 = ORIENTED_EDGE ( 'NONE', *, *, #1196, .F. ) ;
#4396 = VERTEX_POINT ( 'NONE', #2769 ) ;
#4397 = CARTESIAN_POINT ( 'NONE',  ( 95.87379739473514917, 0.000000000000000000, -116.2876914450248051 ) ) ;
#4398 = ORIENTED_EDGE ( 'NONE', *, *, #1454, .F. ) ;
#4399 = ORIENTED_EDGE ( 'NONE', *, *, #967, .T. ) ;
#4400 = LOCAL_TIME ( 1, 25, 9.000000000000000000, #2764 ) ;
#4401 = CIRCLE ( 'NONE', #2920, 8.649999999999998579 ) ;
#4402 = LOCAL_TIME ( 1, 25, 9.000000000000000000, #1920 ) ;
#4403 = CARTESIAN_POINT ( 'NONE',  ( 135.0000000000000000, 10.00000000000000000, 134.9999999999999432 ) ) ;
#4404 = DIRECTION ( 'NONE',  ( -0.000000000000000000, 1.000000000000000000, -0.000000000000000000 ) ) ;
#4405 = EDGE_LOOP ( 'NONE', ( #835, #4983 ) ) ;
#4406 = DIRECTION ( 'NONE',  ( 0.000000000000000000, 0.000000000000000000, 1.000000000000000000 ) ) ;
#4407 = VECTOR ( 'NONE', #3918, 1000.000000000000000 ) ;
#4408 = CIRCLE ( 'NONE', #2526, 4.500000000000003553 ) ;
#4409 = VECTOR ( 'NONE', #4957, 1000.000000000000000 ) ;
#4410 = EDGE_LOOP ( 'NONE', ( #4743, #3703, #3580, #3471 ) ) ;
#4411 = CARTESIAN_POINT ( 'NONE',  ( -33.23401871576772493, 0.000000000000000000, -33.23401871576772493 ) ) ;
#4412 = LINE ( 'NONE', #3607, #2054 ) ;
#4413 = DIRECTION ( 'NONE',  ( 0.000000000000000000, 0.000000000000000000, 1.000000000000000000 ) ) ;
#4414 = ORIENTED_EDGE ( 'NONE', *, *, #2558, .F. ) ;
#4415 = CARTESIAN_POINT ( 'NONE',  ( -2.499999999998570477, 0.000000000000000000, 77.28284835958100984 ) ) ;
#4416 = CIRCLE ( 'NONE', #167, 4.499999999999997335 ) ;
#4417 = CARTESIAN_POINT ( 'NONE',  ( 33.23401871576771782, -15.00000000000000000, 33.23401871576773203 ) ) ;
#4418 = AXIS2_PLACEMENT_3D ( 'NONE', #4463, #885, #2517 ) ;
#4419 = APPROVAL_ROLE ( '' ) ;
#4420 = DIRECTION ( 'NONE',  ( -0.000000000000000000, -1.000000000000000000, -0.000000000000000000 ) ) ;
#4421 = DIRECTION ( 'NONE',  ( -0.000000000000000000, 1.000000000000000000, -0.000000000000000000 ) ) ;
#4422 = CARTESIAN_POINT ( 'NONE',  ( 95.84242333457314089, 0.000000000000000000, 116.4112681093095887 ) ) ;
#4423 = SHAPE_REPRESENTATION ( 'fab_circular top', ( #3248 ), #1616 ) ;
#4424 = AXIS2_PLACEMENT_3D ( 'NONE', #3892, #38, #375 ) ;
#4425 = ORIENTED_EDGE ( 'NONE', *, *, #2478, .F. ) ;
#4426 = DIRECTION ( 'NONE',  ( -0.000000000000000000, 1.000000000000000000, -0.000000000000000000 ) ) ;
#4427 = DIRECTION ( 'NONE',  ( 0.000000000000000000, 0.000000000000000000, -1.000000000000000000 ) ) ;
#4428 = VERTEX_POINT ( 'NONE', #1994 ) ;
#4429 = EDGE_CURVE ( 'NONE', #2674, #1494, #982, .T. ) ;
#4430 = CIRCLE ( 'NONE', #3434, 223.0000000000000853 ) ;
#4431 = EDGE_LOOP ( 'NONE', ( #2700, #3802, #3969, #1618 ) ) ;
#4432 = CIRCLE ( 'NONE', #3032, 8.649999999999998579 ) ;
#4433 = FACE_BOUND ( 'NONE', #4763, .T. ) ;
#4434 = CYLINDRICAL_SURFACE ( 'NONE', #1224, 3.250000000000002665 ) ;
#4435 = ORIENTED_EDGE ( 'NONE', *, *, #2114, .F. ) ;
#4436 = CONICAL_SURFACE ( 'NONE', #1989, 8.649999999999998579, 0.7853981633974489451 ) ;
#4437 = CARTESIAN_POINT ( 'NONE',  ( -27.50000000000000000, 0.000000000000000000, -2.499999999999996891 ) ) ;
#4438 = CARTESIAN_POINT ( 'NONE',  ( -46.99999999999998579, 0.000000000000000000, -5.204170427930421283E-15 ) ) ;
#4439 = DIRECTION ( 'NONE',  ( -0.000000000000000000, 1.000000000000000000, -0.000000000000000000 ) ) ;
#4440 = ORIENTED_EDGE ( 'NONE', *, *, #2861, .F. ) ;
#4441 = DIRECTION ( 'NONE',  ( 0.000000000000000000, 0.000000000000000000, 1.000000000000000000 ) ) ;
#4442 = VECTOR ( 'NONE', #3118, 1000.000000000000000 ) ;
#4443 = DIRECTION ( 'NONE',  ( -0.000000000000000000, -1.000000000000000000, -0.000000000000000000 ) ) ;
#4444 = CARTESIAN_POINT ( 'NONE',  ( -134.9999999999999432, 10.00000000000000000, 130.4999999999999432 ) ) ;
#4445 = CARTESIAN_POINT ( 'NONE',  ( -3.281992458512545606E-13, 10.00000000000000000, 47.00000000000000000 ) ) ;
#4446 = CARTESIAN_POINT ( 'NONE',  ( -33.23401871576733413, 10.00000000000000000, -28.73401871576814059 ) ) ;
#4447 = DIRECTION ( 'NONE',  ( -0.000000000000000000, 1.000000000000000000, -0.000000000000000000 ) ) ;
#4448 = CYLINDRICAL_SURFACE ( 'NONE', #4262, 4.499999999999997335 ) ;
#4449 = VERTEX_POINT ( 'NONE', #4415 ) ;
#4450 = ORIENTED_EDGE ( 'NONE', *, *, #660, .T. ) ;
#4451 = EDGE_CURVE ( 'NONE', #3444, #598, #4815, .T. ) ;
#4452 = EDGE_LOOP ( 'NONE', ( #4915, #4094, #3883, #2562 ) ) ;
#4453 = DIRECTION ( 'NONE',  ( -0.000000000000000000, 1.000000000000000000, -0.000000000000000000 ) ) ;
#4454 = ORIENTED_EDGE ( 'NONE', *, *, #3124, .F. ) ;
#4455 = FACE_OUTER_BOUND ( 'NONE', #3781, .T. ) ;
#4456 = CARTESIAN_POINT ( 'NONE',  ( 135.0000000000000000, 0.000000000000000000, -130.5000000000000000 ) ) ;
#4457 = CYLINDRICAL_SURFACE ( 'NONE', #1245, 4.499999999999997335 ) ;
#4458 = CARTESIAN_POINT ( 'NONE',  ( 116.3798940491453351, 0.000000000000000000, -92.53159479061515924 ) ) ;
#4459 = CARTESIAN_POINT ( 'NONE',  ( 98.08284835957783798, 10.00000000000000000, 19.99999999999978328 ) ) ;
#4460 = ORIENTED_EDGE ( 'NONE', *, *, #4949, .T. ) ;
#4461 = EDGE_CURVE ( 'NONE', #3173, #4660, #430, .T. ) ;
#4462 = DIRECTION ( 'NONE',  ( -0.000000000000000000, 1.000000000000000000, -0.000000000000000000 ) ) ;
#4463 = CARTESIAN_POINT ( 'NONE',  ( -116.3504395653500580, 10.00000000000000000, 95.87379739473679763 ) ) ;
#4464 = PERSON_AND_ORGANIZATION ( #431, #3410 ) ;
#4465 = CYLINDRICAL_SURFACE ( 'NONE', #3604, 4.499999999999997335 ) ;
#4466 = CARTESIAN_POINT ( 'NONE',  ( -2.499999999998570921, 0.000000000000000000, 83.88284835958100416 ) ) ;
#4467 = LINE ( 'NONE', #972, #1630 ) ;
#4468 = EDGE_CURVE ( 'NONE', #1693, #4603, #4469, .T. ) ;
#4469 = CIRCLE ( 'NONE', #3805, 4.499999999999997335 ) ;
#4470 = DIRECTION ( 'NONE',  ( 0.000000000000000000, 0.000000000000000000, 1.000000000000000000 ) ) ;
#4471 = CARTESIAN_POINT ( 'NONE',  ( -1.387778780781445676E-14, -15.00000000000000000, 47.00000000000000000 ) ) ;
#4472 = ORIENTED_EDGE ( 'NONE', *, *, #4276, .T. ) ;
#4473 = VECTOR ( 'NONE', #1761, 1000.000000000000000 ) ;
#4474 = VERTEX_POINT ( 'NONE', #113 ) ;
#4475 = VERTEX_POINT ( 'NONE', #1244 ) ;
#4476 = LOCAL_TIME ( 1, 25, 9.000000000000000000, #3263 ) ;
#4477 = ORIENTED_EDGE ( 'NONE', *, *, #1302, .T. ) ;
#4478 = DIRECTION ( 'NONE',  ( -0.000000000000000000, 1.000000000000000000, -0.000000000000000000 ) ) ;
#4479 = ORIENTED_EDGE ( 'NONE', *, *, #1211, .F. ) ;
#4480 = EDGE_CURVE ( 'NONE', #4195, #3033, #3398, .T. ) ;
#4481 = DIRECTION ( 'NONE',  ( 0.000000000000000000, 0.000000000000000000, 1.000000000000000000 ) ) ;
#4482 = CARTESIAN_POINT ( 'NONE',  ( 135.0000000000018474, 10.00000000000000000, -78.92024260179206863 ) ) ;
#4483 = DIRECTION ( 'NONE',  ( -0.000000000000000000, -1.000000000000000000, -0.000000000000000000 ) ) ;
#4484 = AXIS2_PLACEMENT_3D ( 'NONE', #4422, #1973, #3512 ) ;
#4485 = VECTOR ( 'NONE', #1931, 1000.000000000000000 ) ;
#4486 = CARTESIAN_POINT ( 'NONE',  ( 2.730962362098598537E-14, 10.00000000000000000, 223.0000000000000853 ) ) ;
#4487 = ADVANCED_FACE ( 'NONE', ( #4700 ), #2367, .F. ) ;
#4488 = ADVANCED_FACE ( 'NONE', ( #3930 ), #4310, .F. ) ;
#4489 = AXIS2_PLACEMENT_3D ( 'NONE', #1422, #1446, #4145 ) ;
#4490 = DIRECTION ( 'NONE',  ( 0.000000000000000000, 0.000000000000000000, -1.000000000000000000 ) ) ;
#4491 = DIRECTION ( 'NONE',  ( 0.000000000000000000, 0.000000000000000000, 1.000000000000000000 ) ) ;
#4492 = DATE_AND_TIME ( #3637, #2832 ) ;
#4493 = DIRECTION ( 'NONE',  ( -0.000000000000000000, 1.000000000000000000, -0.000000000000000000 ) ) ;
#4494 = CIRCLE ( 'NONE', #1807, 3.250000000000002665 ) ;
#4495 = DIRECTION ( 'NONE',  ( 0.000000000000000000, 0.000000000000000000, 1.000000000000000000 ) ) ;
#4496 = DIRECTION ( 'NONE',  ( 0.000000000000000000, 1.000000000000000000, 0.000000000000000000 ) ) ;
#4497 = EDGE_CURVE ( 'NONE', #877, #3624, #2910, .T. ) ;
#4498 = AXIS2_PLACEMENT_3D ( 'NONE', #1430, #3738, #3768 ) ;
#4499 = FACE_BOUND ( 'NONE', #5033, .T. ) ;
#4500 = ORIENTED_EDGE ( 'NONE', *, *, #2775, .F. ) ;
#4501 = CARTESIAN_POINT ( 'NONE',  ( 0.000000000000000000, -15.00000000000000000, -25.00000000000000355 ) ) ;
#4502 = VERTEX_POINT ( 'NONE', #1269 ) ;
#4503 = VERTEX_POINT ( 'NONE', #3581 ) ;
#4504 = AXIS2_PLACEMENT_3D ( 'NONE', #2085, #3656, #3554 ) ;
#4505 = VERTEX_POINT ( 'NONE', #862 ) ;
#4506 = CIRCLE ( 'NONE', #2627, 3.299999999999997158 ) ;
#4507 = VERTEX_POINT ( 'NONE', #2015 ) ;
#4508 = CARTESIAN_POINT ( 'NONE',  ( 27.50000000000000000, 0.000000000000000000, -2.499999999999996891 ) ) ;
#4509 = ORIENTED_EDGE ( 'NONE', *, *, #592, .T. ) ;
#4510 = AXIS2_PLACEMENT_3D ( 'NONE', #1588, #3127, #818 ) ;
#4511 = EDGE_CURVE ( 'NONE', #850, #2462, #1191, .T. ) ;
#4512 = CARTESIAN_POINT ( 'NONE',  ( 0.000000000000000000, 10.00000000000000000, 27.50000000000000000 ) ) ;
#4513 = DIRECTION ( 'NONE',  ( -0.000000000000000000, 1.000000000000000000, -0.000000000000000000 ) ) ;
#4514 = CIRCLE ( 'NONE', #2632, 4.499999999999997335 ) ;
#4515 = DIRECTION ( 'NONE',  ( -0.000000000000000000, 1.000000000000000000, -0.000000000000000000 ) ) ;
#4516 = AXIS2_PLACEMENT_3D ( 'NONE', #3813, #5017, #4621 ) ;
#4517 = EDGE_CURVE ( 'NONE', #2376, #3910, #4006, .T. ) ;
#4518 = ADVANCED_FACE ( 'NONE', ( #478 ), #883, .F. ) ;
#4519 = ADVANCED_FACE ( 'NONE', ( #2037 ), #2795, .F. ) ;
#4520 = DIRECTION ( 'NONE',  ( -0.000000000000000000, 1.000000000000000000, -0.000000000000000000 ) ) ;
#4521 = DIRECTION ( 'NONE',  ( 0.000000000000000000, 0.000000000000000000, -1.000000000000000000 ) ) ;
#4522 = CARTESIAN_POINT ( 'NONE',  ( 46.99999999999999289, 5.850000000000004086, 1.640996229256272803E-13 ) ) ;
#4523 = AXIS2_PLACEMENT_3D ( 'NONE', #3226, #1704, #1373 ) ;
#4524 = DIRECTION ( 'NONE',  ( 0.000000000000000000, 0.000000000000000000, 1.000000000000000000 ) ) ;
#4525 = FACE_OUTER_BOUND ( 'NONE', #3596, .T. ) ;
#4526 = VECTOR ( 'NONE', #2615, 1000.000000000000000 ) ;
#4527 = ADVANCED_FACE ( 'NONE', ( #1295 ), #3895, .F. ) ;
#4528 = ORIENTED_EDGE ( 'NONE', *, *, #3663, .T. ) ;
#4529 = DIRECTION ( 'NONE',  ( 0.000000000000000000, 0.000000000000000000, 1.000000000000000000 ) ) ;
#4530 = ORIENTED_EDGE ( 'NONE', *, *, #1395, .T. ) ;
#4531 = EDGE_CURVE ( 'NONE', #4790, #2631, #787, .T. ) ;
#4532 = EDGE_LOOP ( 'NONE', ( #4435, #639, #2978, #2129 ) ) ;
#4533 = APPROVAL ( #4058, 'UNSPECIFIED' ) ;
#4534 = ORIENTED_EDGE ( 'NONE', *, *, #736, .T. ) ;
#4535 = ADVANCED_FACE ( 'NONE', ( #3572 ), #3974, .F. ) ;
#4536 = ORIENTED_EDGE ( 'NONE', *, *, #456, .F. ) ;
#4537 = CARTESIAN_POINT ( 'NONE',  ( 98.08284835957788061, 0.000000000000000000, -23.30000000000000426 ) ) ;
#4538 = VERTEX_POINT ( 'NONE', #4331 ) ;
#4539 = EDGE_CURVE ( 'NONE', #583, #2000, #3501, .T. ) ;
#4540 = CARTESIAN_POINT ( 'NONE',  ( -46.99999999999998579, 0.000000000000000000, -5.204170427930421283E-15 ) ) ;
#4541 = DIRECTION ( 'NONE',  ( 0.000000000000000000, 0.000000000000000000, 1.000000000000000000 ) ) ;
#4542 = CYLINDRICAL_SURFACE ( 'NONE', #1542, 2.499999999999996891 ) ;
#4543 = ORIENTED_EDGE ( 'NONE', *, *, #4480, .F. ) ;
#4544 = DIRECTION ( 'NONE',  ( -0.000000000000000000, 1.000000000000000000, -0.000000000000000000 ) ) ;
#4545 = DATE_TIME_ROLE ( 'classification_date' ) ;
#4546 = DIRECTION ( 'NONE',  ( 0.000000000000000000, 1.000000000000000000, 0.000000000000000000 ) ) ;
#4547 = CARTESIAN_POINT ( 'NONE',  ( 7.347880794884118356E-15, -15.00000000000000000, -60.00000000000000000 ) ) ;
#4548 = FACE_OUTER_BOUND ( 'NONE', #2755, .T. ) ;
#4549 = EDGE_LOOP ( 'NONE', ( #4632, #4425, #819, #380 ) ) ;
#4550 = DIRECTION ( 'NONE',  ( -0.000000000000000000, -1.000000000000000000, -0.000000000000000000 ) ) ;
#4551 = ORIENTED_EDGE ( 'NONE', *, *, #4288, .T. ) ;
#4552 = ORIENTED_EDGE ( 'NONE', *, *, #1676, .F. ) ;
#4553 = AXIS2_PLACEMENT_3D ( 'NONE', #1648, #2431, #3194 ) ;
#4554 = EDGE_CURVE ( 'NONE', #3280, #2177, #2788, .T. ) ;
#4555 = CIRCLE ( 'NONE', #139, 3.250000000000002665 ) ;
#4556 = CARTESIAN_POINT ( 'NONE',  ( -95.84434291094001424, 0.000000000000000000, 113.1298940491465856 ) ) ;
#4557 = ORIENTED_EDGE ( 'NONE', *, *, #1071, .T. ) ;
#4558 = DIRECTION ( 'NONE',  ( 0.000000000000000000, 1.000000000000000000, 0.000000000000000000 ) ) ;
#4559 = ORIENTED_EDGE ( 'NONE', *, *, #4353, .F. ) ;
#4560 = APPROVAL_PERSON_ORGANIZATION ( #2164, #4619, #4899 ) ;
#4561 =( GEOMETRIC_REPRESENTATION_CONTEXT ( 3 ) GLOBAL_UNCERTAINTY_ASSIGNED_CONTEXT ( ( #1187 ) ) GLOBAL_UNIT_ASSIGNED_CONTEXT ( ( #1137, #451, #2034 ) ) REPRESENTATION_CONTEXT ( 'NONE', 'WORKASPACE' ) );
#4562 = DIRECTION ( 'NONE',  ( 0.000000000000000000, 0.000000000000000000, 1.000000000000000000 ) ) ;
#4563 = LOCAL_TIME ( 1, 25, 9.000000000000000000, #374 ) ;
#4564 = CARTESIAN_POINT ( 'NONE',  ( 3.061616997868379690E-16, 1.102182119232617788E-16, -30.00000000000000000 ) ) ;
#4565 = LINE ( 'NONE', #2684, #2398 ) ;
#4566 = EDGE_LOOP ( 'NONE', ( #3750, #1748, #3957, #575 ) ) ;
#4567 = AXIS2_PLACEMENT_3D ( 'NONE', #1452, #1076, #1474 ) ;
#4568 = ORIENTED_EDGE ( 'NONE', *, *, #1767, .F. ) ;
#4569 = DIRECTION ( 'NONE',  ( 0.000000000000000000, 0.000000000000000000, 1.000000000000000000 ) ) ;
#4570 = LINE ( 'NONE', #1784, #4981 ) ;
#4571 = PERSON_AND_ORGANIZATION_ROLE ( 'classification_officer' ) ;
#4572 = DIRECTION ( 'NONE',  ( 1.000000000000000000, 0.000000000000000000, -4.270088556250598741E-15 ) ) ;
#4573 = CC_DESIGN_SECURITY_CLASSIFICATION ( #797, ( #5051 ) ) ;
#4574 = DIRECTION ( 'NONE',  ( -0.000000000000000000, 1.000000000000000000, -0.000000000000000000 ) ) ;
#4575 = CARTESIAN_POINT ( 'NONE',  ( 33.23401871576756150, 10.00000000000000000, 33.23401871576790256 ) ) ;
#4576 = AXIS2_PLACEMENT_3D ( 'NONE', #540, #4061, #2976 ) ;
#4577 = ORIENTED_EDGE ( 'NONE', *, *, #1276, .F. ) ;
#4578 = CIRCLE ( 'NONE', #4653, 4.500000000000003553 ) ;
#4579 = CIRCLE ( 'NONE', #1636, 4.499999999999997335 ) ;
#4580 = CYLINDRICAL_SURFACE ( 'NONE', #3193, 4.500000000000003553 ) ;
#4581 = EDGE_LOOP ( 'NONE', ( #1791, #1308 ) ) ;
#4582 = AXIS2_PLACEMENT_3D ( 'NONE', #793, #1768, #2120 ) ;
#4583 = ORIENTED_EDGE ( 'NONE', *, *, #367, .T. ) ;
#4584 = EDGE_CURVE ( 'NONE', #4871, #739, #4219, .T. ) ;
#4585 = DIRECTION ( 'NONE',  ( 0.000000000000000000, -1.000000000000000000, 0.000000000000000000 ) ) ;
#4586 = VERTEX_POINT ( 'NONE', #1957 ) ;
#4587 = CARTESIAN_POINT ( 'NONE',  ( -27.50000000000000000, 10.00000000000000000, -6.299999999999999822 ) ) ;
#4588 = VERTEX_POINT ( 'NONE', #1569 ) ;
#4589 = DIRECTION ( 'NONE',  ( 0.000000000000000000, 0.000000000000000000, 1.000000000000000000 ) ) ;
#4590 = EDGE_CURVE ( 'NONE', #3282, #527, #2584, .T. ) ;
#4591 = FACE_BOUND ( 'NONE', #2790, .T. ) ;
#4592 = DIRECTION ( 'NONE',  ( -0.000000000000000000, 1.000000000000000000, -0.000000000000000000 ) ) ;
#4593 = ORIENTED_EDGE ( 'NONE', *, *, #3217, .F. ) ;
#4594 = AXIS2_PLACEMENT_3D ( 'NONE', #4710, #4739, #2055 ) ;
#4595 = EDGE_CURVE ( 'NONE', #2690, #4195, #470, .T. ) ;
#4596 = CYLINDRICAL_SURFACE ( 'NONE', #4227, 4.499999999999997335 ) ;
#4597 = DATE_AND_TIME ( #3585, #4155 ) ;
#4598 = CARTESIAN_POINT ( 'NONE',  ( -95.84434291094001424, 0.000000000000000000, 116.3798940491465856 ) ) ;
#4599 = CARTESIAN_POINT ( 'NONE',  ( 0.000000000000000000, 2.000000000000001776, 0.000000000000000000 ) ) ;
#4600 = CARTESIAN_POINT ( 'NONE',  ( 135.0000000000000000, 10.00000000000000000, -135.0000000000000000 ) ) ;
#4601 = AXIS2_PLACEMENT_3D ( 'NONE', #1792, #2979, #1719 ) ;
#4602 = AXIS2_PLACEMENT_3D ( 'NONE', #4127, #3695, #3295 ) ;
#4603 = VERTEX_POINT ( 'NONE', #81 ) ;
#4604 = DIRECTION ( 'NONE',  ( 0.000000000000000000, 0.000000000000000000, 1.000000000000000000 ) ) ;
#4605 = ORIENTED_EDGE ( 'NONE', *, *, #4517, .F. ) ;
#4606 = VECTOR ( 'NONE', #609, 1000.000000000000000 ) ;
#4607 = VERTEX_POINT ( 'NONE', #1186 ) ;
#4608 = DIRECTION ( 'NONE',  ( 0.000000000000000000, 0.000000000000000000, 1.000000000000000000 ) ) ;
#4609 = ORIENTED_EDGE ( 'NONE', *, *, #625, .F. ) ;
#4610 = DIRECTION ( 'NONE',  ( -0.000000000000000000, 1.000000000000000000, -0.000000000000000000 ) ) ;
#4611 = EDGE_LOOP ( 'NONE', ( #4552, #2424, #4178, #1850 ) ) ;
#4612 = EDGE_CURVE ( 'NONE', #4538, #416, #2822, .T. ) ;
#4613 = EDGE_CURVE ( 'NONE', #2502, #2249, #1201, .T. ) ;
#4614 = EDGE_CURVE ( 'NONE', #4160, #4603, #2761, .T. ) ;
#4615 = CARTESIAN_POINT ( 'NONE',  ( -33.23401871576772493, -15.00000000000000000, -37.73401871576772493 ) ) ;
#4616 = DIRECTION ( 'NONE',  ( 0.000000000000000000, 0.000000000000000000, -1.000000000000000000 ) ) ;
#4617 = DIRECTION ( 'NONE',  ( -0.000000000000000000, 1.000000000000000000, -0.000000000000000000 ) ) ;
#4618 = ORIENTED_EDGE ( 'NONE', *, *, #556, .T. ) ;
#4619 = APPROVAL ( #2518, 'UNKNOWN' ) ;
#4620 = CARTESIAN_POINT ( 'NONE',  ( 6.938893903907228378E-15, 0.000000000000000000, -51.50000000000000000 ) ) ;
#4621 = DIRECTION ( 'NONE',  ( 0.000000000000000000, 0.000000000000000000, -1.000000000000000000 ) ) ;
#4622 = CARTESIAN_POINT ( 'NONE',  ( 0.000000000000000000, 0.000000000000000000, -42.50000000000000000 ) ) ;
#4623 = CYLINDRICAL_SURFACE ( 'NONE', #3827, 4.499999999999997335 ) ;
#4624 = FACE_BOUND ( 'NONE', #3366, .T. ) ;
#4625 = ORIENTED_EDGE ( 'NONE', *, *, #2272, .F. ) ;
#4626 = DIRECTION ( 'NONE',  ( -0.000000000000000000, -1.000000000000000000, -0.000000000000000000 ) ) ;
#4627 = EDGE_LOOP ( 'NONE', ( #4989, #4125, #2380, #364 ) ) ;
#4628 = ORIENTED_EDGE ( 'NONE', *, *, #3542, .F. ) ;
#4629 = DIRECTION ( 'NONE',  ( 8.659560562354937789E-17, 0.7071067811865471286, -0.7071067811865479058 ) ) ;
#4630 = EDGE_LOOP ( 'NONE', ( #3397, #3056 ) ) ;
#4631 = DIRECTION ( 'NONE',  ( 0.000000000000000000, 0.7071067811865471286, 0.7071067811865479058 ) ) ;
#4632 = ORIENTED_EDGE ( 'NONE', *, *, #3619, .F. ) ;
#4633 = AXIS2_PLACEMENT_3D ( 'NONE', #61, #3174, #2417 ) ;
#4634 = DIRECTION ( 'NONE',  ( -0.000000000000000000, 1.000000000000000000, -0.000000000000000000 ) ) ;
#4635 = EDGE_CURVE ( 'NONE', #1746, #516, #4302, .T. ) ;
#4636 = CARTESIAN_POINT ( 'NONE',  ( -95.84434291094001424, 0.000000000000000000, 116.3798940491465856 ) ) ;
#4637 = CARTESIAN_POINT ( 'NONE',  ( 27.50000000000000000, 1.102182119232617788E-16, 0.000000000000000000 ) ) ;
#4638 = ORIENTED_EDGE ( 'NONE', *, *, #2952, .F. ) ;
#4639 = CIRCLE ( 'NONE', #4723, 4.499999999999997335 ) ;
#4640 = EDGE_CURVE ( 'NONE', #4043, #4837, #2099, .T. ) ;
#4641 = DIRECTION ( 'NONE',  ( -0.000000000000000000, -1.000000000000000000, -0.000000000000000000 ) ) ;
#4642 = FACE_OUTER_BOUND ( 'NONE', #1261, .T. ) ;
#4643 = ORIENTED_EDGE ( 'NONE', *, *, #2208, .T. ) ;
#4644 = CARTESIAN_POINT ( 'NONE',  ( -33.23401871576772493, 0.000000000000000000, -33.23401871576772493 ) ) ;
#4645 = CARTESIAN_POINT ( 'NONE',  ( 33.23401871576771782, -15.00000000000000000, 33.23401871576773203 ) ) ;
#4646 = FACE_BOUND ( 'NONE', #3301, .T. ) ;
#4647 = PERSON_AND_ORGANIZATION ( #431, #3410 ) ;
#4648 = DIRECTION ( 'NONE',  ( 0.000000000000000000, 0.000000000000000000, 1.000000000000000000 ) ) ;
#4649 = CIRCLE ( 'NONE', #2201, 3.250000000000002665 ) ;
#4650 = VERTEX_POINT ( 'NONE', #54 ) ;
#4651 = EDGE_CURVE ( 'NONE', #956, #1280, #5025, .T. ) ;
#4652 = ORIENTED_EDGE ( 'NONE', *, *, #2579, .T. ) ;
#4653 = AXIS2_PLACEMENT_3D ( 'NONE', #4600, #1864, #1475 ) ;
#4654 = AXIS2_PLACEMENT_3D ( 'NONE', #719, #4610, #2230 ) ;
#4655 = CARTESIAN_POINT ( 'NONE',  ( -33.23401871576773914, 0.000000000000000000, 33.23401871576772493 ) ) ;
#4656 = ORIENTED_EDGE ( 'NONE', *, *, #4539, .T. ) ;
#4657 = CARTESIAN_POINT ( 'NONE',  ( 0.000000000000000000, 10.00000000000000000, -47.00000000000000000 ) ) ;
#4658 = VERTEX_POINT ( 'NONE', #3529 ) ;
#4659 = CIRCLE ( 'NONE', #3924, 4.499999999999997335 ) ;
#4660 = VERTEX_POINT ( 'NONE', #3602 ) ;
#4661 = EDGE_CURVE ( 'NONE', #2469, #1339, #3950, .T. ) ;
#4662 = CIRCLE ( 'NONE', #82, 2.499999999999998668 ) ;
#4663 = DIRECTION ( 'NONE',  ( 0.000000000000000000, 0.000000000000000000, 1.000000000000000000 ) ) ;
#4664 = FACE_OUTER_BOUND ( 'NONE', #3138, .T. ) ;
#4665 = CARTESIAN_POINT ( 'NONE',  ( -33.23401871576733413, 10.00000000000000000, -33.23401871576813704 ) ) ;
#4666 = ORIENTED_EDGE ( 'NONE', *, *, #869, .F. ) ;
#4667 = FACE_OUTER_BOUND ( 'NONE', #2806, .T. ) ;
#4668 = CIRCLE ( 'NONE', #3431, 3.299999999999997158 ) ;
#4669 = COORDINATED_UNIVERSAL_TIME_OFFSET ( 8, 0, .AHEAD. ) ;
#4670 = DIRECTION ( 'NONE',  ( -1.000000000000000000, 0.000000000000000000, 8.540177112501197482E-15 ) ) ;
#4671 = CIRCLE ( 'NONE', #3846, 4.499999999999997335 ) ;
#4672 = CARTESIAN_POINT ( 'NONE',  ( 37.49999999999987921, 0.000000000000000000, -80.58284835957724113 ) ) ;
#4673 = ORIENTED_EDGE ( 'NONE', *, *, #5037, .F. ) ;
#4674 = DIRECTION ( 'NONE',  ( 0.000000000000000000, 0.000000000000000000, 1.000000000000000000 ) ) ;
#4675 = EDGE_CURVE ( 'NONE', #4746, #4164, #1617, .T. ) ;
#4676 = EDGE_CURVE ( 'NONE', #3173, #48, #4062, .T. ) ;
#4677 = CIRCLE ( 'NONE', #1331, 4.499999999999997335 ) ;
#4678 = PERSON_AND_ORGANIZATION_ROLE ( 'design_owner' ) ;
#4679 = CARTESIAN_POINT ( 'NONE',  ( 27.50000000000000000, -15.00000000000000000, 0.000000000000000000 ) ) ;
#4680 = CIRCLE ( 'NONE', #1250, 3.299999999999997158 ) ;
#4681 = ORIENTED_EDGE ( 'NONE', *, *, #2558, .T. ) ;
#4682 = EDGE_CURVE ( 'NONE', #2731, #3323, #501, .T. ) ;
#4683 = ADVANCED_FACE ( 'NONE', ( #4667 ), #1782, .F. ) ;
#4684 = ORIENTED_EDGE ( 'NONE', *, *, #1455, .T. ) ;
#4685 = CARTESIAN_POINT ( 'NONE',  ( 46.99999999999999289, -15.00000000000000000, -4.499999999999990230 ) ) ;
#4686 = EDGE_LOOP ( 'NONE', ( #2231, #298, #1665, #978 ) ) ;
#4687 = FACE_OUTER_BOUND ( 'NONE', #1195, .T. ) ;
#4688 = VERTEX_POINT ( 'NONE', #2868 ) ;
#4689 = CIRCLE ( 'NONE', #1098, 4.500000000000003553 ) ;
#4690 = EDGE_CURVE ( 'NONE', #2170, #4586, #2538, .T. ) ;
#4691 = DIRECTION ( 'NONE',  ( 0.000000000000000000, 0.000000000000000000, 1.000000000000000000 ) ) ;
#4692 = FACE_BOUND ( 'NONE', #2008, .T. ) ;
#4693 = CARTESIAN_POINT ( 'NONE',  ( 135.0000000000000000, 10.00000000000000000, 130.4999999999999432 ) ) ;
#4694 = ADVANCED_FACE ( 'NONE', ( #2133 ), #4075, .F. ) ;
#4695 = CARTESIAN_POINT ( 'NONE',  ( -33.23401871576733413, 0.000000000000000000, -33.23401871576813704 ) ) ;
#4696 = DIRECTION ( 'NONE',  ( 1.000000000000000000, 0.000000000000000000, 0.000000000000000000 ) ) ;
#4697 = CARTESIAN_POINT ( 'NONE',  ( -116.3190655051870550, 0.000000000000000000, -92.56296885077716752 ) ) ;
#4698 = DIRECTION ( 'NONE',  ( -0.000000000000000000, 1.000000000000000000, -0.000000000000000000 ) ) ;
#4699 = VERTEX_POINT ( 'NONE', #211 ) ;
#4700 = FACE_OUTER_BOUND ( 'NONE', #3054, .T. ) ;
#4701 = PERSON_AND_ORGANIZATION ( #431, #3410 ) ;
#4702 = DIRECTION ( 'NONE',  ( 0.000000000000000000, 1.000000000000000000, 0.000000000000000000 ) ) ;
#4703 = ORIENTED_EDGE ( 'NONE', *, *, #4370, .T. ) ;
#4704 = DIRECTION ( 'NONE',  ( 0.000000000000000000, 0.000000000000000000, 1.000000000000000000 ) ) ;
#4705 = ORIENTED_EDGE ( 'NONE', *, *, #2658, .T. ) ;
#4706 = EDGE_CURVE ( 'NONE', #3783, #1943, #3244, .T. ) ;
#4707 = ORIENTED_EDGE ( 'NONE', *, *, #4904, .T. ) ;
#4708 = VERTEX_POINT ( 'NONE', #2914 ) ;
#4709 = DIRECTION ( 'NONE',  ( 0.000000000000000000, 0.7071067811865473507, 0.7071067811865477948 ) ) ;
#4710 = CARTESIAN_POINT ( 'NONE',  ( -135.0000000000000568, 0.000000000000000000, 74.39999999999994884 ) ) ;
#4711 = DIRECTION ( 'NONE',  ( 0.000000000000000000, 0.000000000000000000, 1.000000000000000000 ) ) ;
#4712 = ORIENTED_EDGE ( 'NONE', *, *, #4753, .F. ) ;
#4713 = DIRECTION ( 'NONE',  ( 0.000000000000000000, 0.000000000000000000, 1.000000000000000000 ) ) ;
#4714 = VECTOR ( 'NONE', #422, 1000.000000000000000 ) ;
#4715 = EDGE_CURVE ( 'NONE', #1339, #4790, #551, .T. ) ;
#4716 = ORIENTED_EDGE ( 'NONE', *, *, #1972, .F. ) ;
#4717 = PERSON_AND_ORGANIZATION_ROLE ( 'creator' ) ;
#4718 = DIRECTION ( 'NONE',  ( -0.000000000000000000, 1.000000000000000000, -0.000000000000000000 ) ) ;
#4719 = CARTESIAN_POINT ( 'NONE',  ( 116.3485199889830000, 10.00000000000000000, 95.90517145489961592 ) ) ;
#4720 = VERTEX_POINT ( 'NONE', #1288 ) ;
#4721 = DIRECTION ( 'NONE',  ( 0.000000000000000000, 0.000000000000000000, 1.000000000000000000 ) ) ;
#4722 = APPROVAL_PERSON_ORGANIZATION ( #886, #1249, #4419 ) ;
#4723 = AXIS2_PLACEMENT_3D ( 'NONE', #1094, #2214, #270 ) ;
#4724 = CALENDAR_DATE ( 2026, 24, 3 ) ;
#4725 = AXIS2_PLACEMENT_3D ( 'NONE', #2290, #3407, #3848 ) ;
#4726 = CARTESIAN_POINT ( 'NONE',  ( 98.08284835957788061, 10.00000000000000000, -16.70000000000000995 ) ) ;
#4727 = LINE ( 'NONE', #2043, #2842 ) ;
#4728 = VERTEX_POINT ( 'NONE', #3221 ) ;
#4729 = APPROVAL_PERSON_ORGANIZATION ( #4647, #2091, #783 ) ;
#4730 = PRODUCT_DEFINITION_SHAPE ( 'NONE', 'NONE',  #5050 ) ;
#4731 = CARTESIAN_POINT ( 'NONE',  ( -3.281992458512545606E-13, 10.00000000000000000, 47.00000000000000000 ) ) ;
#4732 = ORIENTED_EDGE ( 'NONE', *, *, #4311, .T. ) ;
#4733 = ORIENTED_EDGE ( 'NONE', *, *, #965, .T. ) ;
#4734 = AXIS2_PLACEMENT_3D ( 'NONE', #1892, #1100, #3437 ) ;
#4735 = AXIS2_PLACEMENT_3D ( 'NONE', #601, #2101, #4887 ) ;
#4736 = EDGE_LOOP ( 'NONE', ( #710, #85 ) ) ;
#4737 = ADVANCED_FACE ( 'NONE', ( #4455 ), #2183, .F. ) ;
#4738 = EDGE_CURVE ( 'NONE', #2998, #3610, #1289, .T. ) ;
#4739 = DIRECTION ( 'NONE',  ( -0.000000000000000000, 1.000000000000000000, -0.000000000000000000 ) ) ;
#4740 = AXIS2_PLACEMENT_3D ( 'NONE', #699, #1535, #3427 ) ;
#4741 = CIRCLE ( 'NONE', #2933, 3.250000000000002665 ) ;
#4742 = CARTESIAN_POINT ( 'NONE',  ( -2.500000000000067502, 10.00000000000000000, -80.58284835957709902 ) ) ;
#4743 = ORIENTED_EDGE ( 'NONE', *, *, #4173, .F. ) ;
#4744 = CARTESIAN_POINT ( 'NONE',  ( 95.87379739473514917, 0.000000000000000000, -116.2876914450248051 ) ) ;
#4745 = ADVANCED_FACE ( 'NONE', ( #1699 ), #4868, .F. ) ;
#4746 = VERTEX_POINT ( 'NONE', #3653 ) ;
#4747 = DIRECTION ( 'NONE',  ( -0.000000000000000000, 1.000000000000000000, -0.000000000000000000 ) ) ;
#4748 = EDGE_CURVE ( 'NONE', #1086, #3894, #5029, .T. ) ;
#4749 = DIRECTION ( 'NONE',  ( 0.000000000000000000, 0.000000000000000000, 1.000000000000000000 ) ) ;
#4750 = EDGE_LOOP ( 'NONE', ( #5006, #3341, #4534, #3131 ) ) ;
#4751 = AXIS2_PLACEMENT_3D ( 'NONE', #2567, #4103, #2160 ) ;
#4752 = DIRECTION ( 'NONE',  ( -0.000000000000000000, 1.000000000000000000, -0.000000000000000000 ) ) ;
#4753 = EDGE_CURVE ( 'NONE', #2277, #1964, #4796, .T. ) ;
#4754 = VECTOR ( 'NONE', #2833, 1000.000000000000000 ) ;
#4755 = DIRECTION ( 'NONE',  ( 0.000000000000000000, 0.000000000000000000, 1.000000000000000000 ) ) ;
#4756 = FACE_BOUND ( 'NONE', #1485, .T. ) ;
#4757 = DIRECTION ( 'NONE',  ( 0.000000000000000000, 0.000000000000000000, 1.000000000000000000 ) ) ;
#4758 = AXIS2_PLACEMENT_3D ( 'NONE', #2446, #124, #4018 ) ;
#4759 = ORIENTED_EDGE ( 'NONE', *, *, #1454, .T. ) ;
#4760 = CARTESIAN_POINT ( 'NONE',  ( -27.50000000000000000, -15.00000000000000000, -2.499999999999995115 ) ) ;
#4761 = ORIENTED_EDGE ( 'NONE', *, *, #1781, .T. ) ;
#4762 = EDGE_LOOP ( 'NONE', ( #3039, #1562, #2913, #3375 ) ) ;
#4763 = EDGE_LOOP ( 'NONE', ( #1694, #767 ) ) ;
#4764 = FACE_BOUND ( 'NONE', #1317, .T. ) ;
#4765 = VECTOR ( 'NONE', #4493, 1000.000000000000000 ) ;
#4766 = DIRECTION ( 'NONE',  ( -0.000000000000000000, -1.000000000000000000, -0.000000000000000000 ) ) ;
#4767 = ORIENTED_EDGE ( 'NONE', *, *, #2514, .T. ) ;
#4768 = CARTESIAN_POINT ( 'NONE',  ( 0.000000000000000000, 1.734723475976807094E-15, 27.50000000000000000 ) ) ;
#4769 = CIRCLE ( 'NONE', #274, 3.299999999999997158 ) ;
#4770 = ORIENTED_EDGE ( 'NONE', *, *, #3152, .F. ) ;
#4771 = CALENDAR_DATE ( 2026, 24, 3 ) ;
#4772 = DIRECTION ( 'NONE',  ( 0.000000000000000000, 0.000000000000000000, 1.000000000000000000 ) ) ;
#4773 = CARTESIAN_POINT ( 'NONE',  ( 134.9999999999999716, 10.00000000000000000, 78.89999999999996305 ) ) ;
#4774 = ORIENTED_EDGE ( 'NONE', *, *, #1806, .F. ) ;
#4775 = DIRECTION ( 'NONE',  ( 0.000000000000000000, 0.000000000000000000, 1.000000000000000000 ) ) ;
#4776 = PRODUCT_DEFINITION_SHAPE ( 'NONE', 'NONE',  #1938 ) ;
#4777 = CARTESIAN_POINT ( 'NONE',  ( -3.281992458512545606E-13, 0.000000000000000000, 47.00000000000000000 ) ) ;
#4778 = ITEM_DEFINED_TRANSFORMATION ( 'NONE', 'NONE', #2991,  #3248 ) ;
#4779 = CARTESIAN_POINT ( 'NONE',  ( 33.23401871576779598, 5.850000000000004086, -33.23401871576767519 ) ) ;
#4780 = ORIENTED_EDGE ( 'NONE', *, *, #1966, .T. ) ;
#4781 = EDGE_LOOP ( 'NONE', ( #301, #2742, #696, #3548 ) ) ;
#4782 = CARTESIAN_POINT ( 'NONE',  ( 33.23401871576756150, 0.000000000000000000, 37.73401871576789546 ) ) ;
#4783 = VERTEX_POINT ( 'NONE', #2836 ) ;
#4784 = ORIENTED_EDGE ( 'NONE', *, *, #2935, .F. ) ;
#4785 = ORIENTED_EDGE ( 'NONE', *, *, #3774, .T. ) ;
#4786 = FACE_BOUND ( 'NONE', #3749, .T. ) ;
#4787 = CARTESIAN_POINT ( 'NONE',  ( -134.9999999999999432, 0.000000000000000000, 139.4999999999999432 ) ) ;
#4788 = VERTEX_POINT ( 'NONE', #3684 ) ;
#4789 = DIRECTION ( 'NONE',  ( 0.000000000000000000, 0.000000000000000000, 1.000000000000000000 ) ) ;
#4790 = VERTEX_POINT ( 'NONE', #4846 ) ;
#4791 = DIRECTION ( 'NONE',  ( -0.000000000000000000, 1.000000000000000000, -0.000000000000000000 ) ) ;
#4792 = DIRECTION ( 'NONE',  ( 0.000000000000000000, 0.000000000000000000, 1.000000000000000000 ) ) ;
#4793 = CARTESIAN_POINT ( 'NONE',  ( 98.08284835957788061, 10.00000000000000000, -23.30000000000000426 ) ) ;
#4794 = VERTEX_POINT ( 'NONE', #1370 ) ;
#4795 = DIRECTION ( 'NONE',  ( 0.000000000000000000, 0.000000000000000000, 1.000000000000000000 ) ) ;
#4796 = CIRCLE ( 'NONE', #303, 8.649999999999998579 ) ;
#4797 = FACE_BOUND ( 'NONE', #1203, .T. ) ;
#4798 = DIRECTION ( 'NONE',  ( -0.000000000000000000, 1.000000000000000000, -0.000000000000000000 ) ) ;
#4799 = FACE_OUTER_BOUND ( 'NONE', #4549, .T. ) ;
#4800 = APPROVAL_PERSON_ORGANIZATION ( #1221, #3283, #1524 ) ;
#4801 = ORIENTED_EDGE ( 'NONE', *, *, #2763, .F. ) ;
#4802 = AXIS2_PLACEMENT_3D ( 'NONE', #4644, #2262, #2995 ) ;
#4803 = CARTESIAN_POINT ( 'NONE',  ( -3.281992458512545606E-13, 10.00000000000000000, 51.50000000000000000 ) ) ;
#4804 = ORIENTED_EDGE ( 'NONE', *, *, #4895, .F. ) ;
#4805 = DIRECTION ( 'NONE',  ( 0.000000000000000000, 0.000000000000000000, 1.000000000000000000 ) ) ;
#4806 = ORIENTED_EDGE ( 'NONE', *, *, #1656, .T. ) ;
#4807 = VERTEX_POINT ( 'NONE', #1345 ) ;
#4808 = CONICAL_SURFACE ( 'NONE', #230, 6.299999999999996270, 0.7853981633974481680 ) ;
#4809 = ORIENTED_EDGE ( 'NONE', *, *, #1676, .T. ) ;
#4810 = PLANE ( 'NONE',  #2059 ) ;
#4811 = LINE ( 'NONE', #2865, #988 ) ;
#4812 = EDGE_LOOP ( 'NONE', ( #2475, #4835, #3949, #3183 ) ) ;
#4813 = DIRECTION ( 'NONE',  ( 1.000000000000000000, 0.000000000000000000, -4.270088556250598741E-15 ) ) ;
#4814 = CIRCLE ( 'NONE', #3260, 4.499999999999997335 ) ;
#4815 = CIRCLE ( 'NONE', #1860, 4.499999999999997335 ) ;
#4816 = VECTOR ( 'NONE', #2508, 1000.000000000000000 ) ;
#4817 = CIRCLE ( 'NONE', #3828, 4.499999999999997335 ) ;
#4818 = FACE_OUTER_BOUND ( 'NONE', #1901, .T. ) ;
#4819 = FACE_OUTER_BOUND ( 'NONE', #2654, .T. ) ;
#4820 = LINE ( 'NONE', #4486, #3780 ) ;
#4821 = ORIENTED_EDGE ( 'NONE', *, *, #4590, .F. ) ;
#4822 = VECTOR ( 'NONE', #4959, 1000.000000000000114 ) ;
#4823 = DIRECTION ( 'NONE',  ( 0.000000000000000000, 0.000000000000000000, 1.000000000000000000 ) ) ;
#4824 = DIRECTION ( 'NONE',  ( 0.000000000000000000, 0.000000000000000000, 1.000000000000000000 ) ) ;
#4825 = AXIS2_PLACEMENT_3D ( 'NONE', #612, #1819, #4521 ) ;
#4826 = PERSON_AND_ORGANIZATION ( #431, #3410 ) ;
#4827 = DIRECTION ( 'NONE',  ( 0.000000000000000000, 0.000000000000000000, 1.000000000000000000 ) ) ;
#4828 = FACE_OUTER_BOUND ( 'NONE', #4933, .T. ) ;
#4829 = DIRECTION ( 'NONE',  ( -0.000000000000000000, -1.000000000000000000, -0.000000000000000000 ) ) ;
#4830 = EDGE_CURVE ( 'NONE', #1494, #2674, #2916, .T. ) ;
#4831 = VECTOR ( 'NONE', #2511, 1000.000000000000000 ) ;
#4832 = FACE_BOUND ( 'NONE', #1257, .T. ) ;
#4833 = EDGE_LOOP ( 'NONE', ( #1615, #5008 ) ) ;
#4834 = CARTESIAN_POINT ( 'NONE',  ( 74.40000000000000568, 10.00000000000000000, 139.5000000000000000 ) ) ;
#4835 = ORIENTED_EDGE ( 'NONE', *, *, #3259, .T. ) ;
#4836 = CIRCLE ( 'NONE', #2544, 4.500000000000003553 ) ;
#4837 = VERTEX_POINT ( 'NONE', #3307 ) ;
#4838 = ADVANCED_FACE ( 'NONE', ( #4101 ), #1527, .F. ) ;
#4839 = ORIENTED_EDGE ( 'NONE', *, *, #3497, .F. ) ;
#4840 = CIRCLE ( 'NONE', #2224, 2.499999999999995115 ) ;
#4841 = EDGE_LOOP ( 'NONE', ( #1282, #1883 ) ) ;
#4842 = DIRECTION ( 'NONE',  ( -0.000000000000000000, 1.000000000000000000, -0.000000000000000000 ) ) ;
#4843 = ORIENTED_EDGE ( 'NONE', *, *, #4078, .T. ) ;
#4844 = EDGE_CURVE ( 'NONE', #2449, #267, #3621, .T. ) ;
#4845 = AXIS2_PLACEMENT_3D ( 'NONE', #3442, #2245, #2296 ) ;
#4846 = CARTESIAN_POINT ( 'NONE',  ( -3.271399263699921054E-13, 10.00000000000000000, 38.35000000000000142 ) ) ;
#4847 = AXIS2_PLACEMENT_3D ( 'NONE', #758, #1140, #2624 ) ;
#4848 = CARTESIAN_POINT ( 'NONE',  ( -134.9999999999999432, 10.00000000000000000, -139.5000000000000000 ) ) ;
#4849 = DIRECTION ( 'NONE',  ( 0.000000000000000000, 0.000000000000000000, 1.000000000000000000 ) ) ;
#4850 = DIRECTION ( 'NONE',  ( -0.000000000000000000, 1.000000000000000000, -0.000000000000000000 ) ) ;
#4851 = AXIS2_PLACEMENT_3D ( 'NONE', #165, #2488, #4053 ) ;
#4852 = DIRECTION ( 'NONE',  ( -0.000000000000000000, 1.000000000000000000, -0.000000000000000000 ) ) ;
#4853 = DIRECTION ( 'NONE',  ( -0.000000000000000000, -1.000000000000000000, -0.000000000000000000 ) ) ;
#4854 = DATE_AND_TIME ( #1763, #4476 ) ;
#4855 = CARTESIAN_POINT ( 'NONE',  ( 0.000000000000000000, 8.000000000000081712, 0.000000000000000000 ) ) ;
#4856 = CARTESIAN_POINT ( 'NONE',  ( -47.00000000000000000, 10.00000000000000000, -4.922988687768817400E-13 ) ) ;
#4857 = CARTESIAN_POINT ( 'NONE',  ( -27.50000000000000000, 10.00000000000000000, 3.299999999999997158 ) ) ;
#4858 = CC_DESIGN_PERSON_AND_ORGANIZATION_ASSIGNMENT ( #2791, #4717, ( #1988 ) ) ;
#4859 = ADVANCED_FACE ( 'NONE', ( #487 ), #2046, .F. ) ;
#4860 = DIRECTION ( 'NONE',  ( -0.000000000000000000, 1.000000000000000000, -0.000000000000000000 ) ) ;
#4861 = ORIENTED_EDGE ( 'NONE', *, *, #204, .T. ) ;
#4862 = CARTESIAN_POINT ( 'NONE',  ( -3.281992458512545606E-13, 10.00000000000000000, 47.00000000000000000 ) ) ;
#4863 = ORIENTED_EDGE ( 'NONE', *, *, #1019, .F. ) ;
#4864 = ORIENTED_EDGE ( 'NONE', *, *, #1578, .T. ) ;
#4865 = VERTEX_POINT ( 'NONE', #1667 ) ;
#4866 = CARTESIAN_POINT ( 'NONE',  ( -33.23401871576733413, 10.00000000000000000, -24.58401871576813846 ) ) ;
#4867 = VERTEX_POINT ( 'NONE', #4372 ) ;
#4868 = CYLINDRICAL_SURFACE ( 'NONE', #4138, 4.500000000000003553 ) ;
#4869 = DIRECTION ( 'NONE',  ( 0.000000000000000000, 0.000000000000000000, 1.000000000000000000 ) ) ;
#4870 = FACE_OUTER_BOUND ( 'NONE', #1760, .T. ) ;
#4871 = VERTEX_POINT ( 'NONE', #3238 ) ;
#4872 = CARTESIAN_POINT ( 'NONE',  ( -95.84434291094001424, 10.00000000000000000, 116.3798940491465856 ) ) ;
#4873 = CYLINDRICAL_SURFACE ( 'NONE', #1814, 4.500000000000003553 ) ;
#4874 = COORDINATED_UNIVERSAL_TIME_OFFSET ( 8, 0, .AHEAD. ) ;
#4875 = CARTESIAN_POINT ( 'NONE',  ( -33.23401871576772493, -15.00000000000000000, -28.73401871576772848 ) ) ;
#4876 = CARTESIAN_POINT ( 'NONE',  ( 27.50000000000000000, -15.00000000000000000, -2.499999999999995115 ) ) ;
#4877 = FACE_OUTER_BOUND ( 'NONE', #3943, .T. ) ;
#4878 = AXIS2_PLACEMENT_3D ( 'NONE', #4340, #3144, #805 ) ;
#4879 = DIRECTION ( 'NONE',  ( -0.000000000000000000, -1.000000000000000000, -0.000000000000000000 ) ) ;
#4880 = ORIENTED_EDGE ( 'NONE', *, *, #3381, .T. ) ;
#4881 = CARTESIAN_POINT ( 'NONE',  ( 2.755455298081544620E-14, 10.00000000000000000, 225.0000000000000000 ) ) ;
#4882 = ORIENTED_EDGE ( 'NONE', *, *, #289, .T. ) ;
#4883 = CIRCLE ( 'NONE', #387, 8.649999999999998579 ) ;
#4884 = ORIENTED_EDGE ( 'NONE', *, *, #4497, .T. ) ;
#4885 = ORIENTED_EDGE ( 'NONE', *, *, #2613, .F. ) ;
#4886 = ORIENTED_EDGE ( 'NONE', *, *, #1110, .F. ) ;
#4887 = DIRECTION ( 'NONE',  ( 0.000000000000000000, 0.000000000000000000, 1.000000000000000000 ) ) ;
#4888 = ORIENTED_EDGE ( 'NONE', *, *, #3311, .T. ) ;
#4889 = EDGE_CURVE ( 'NONE', #2327, #3720, #4883, .T. ) ;
#4890 = CC_DESIGN_APPROVAL ( #2157, ( #1938 ) ) ;
#4891 = DIRECTION ( 'NONE',  ( -0.000000000000000000, 1.000000000000000000, -0.000000000000000000 ) ) ;
#4892 = CYLINDRICAL_SURFACE ( 'NONE', #3352, 225.0000000000000000 ) ;
#4893 = VECTOR ( 'NONE', #1159, 1000.000000000000000 ) ;
#4894 = CARTESIAN_POINT ( 'NONE',  ( -33.23401871576733413, 5.850000000000004086, -33.23401871576813704 ) ) ;
#4895 = EDGE_CURVE ( 'NONE', #2449, #5013, #3071, .T. ) ;
#4896 = CIRCLE ( 'NONE', #3016, 4.499999999999997335 ) ;
#4897 = EDGE_CURVE ( 'NONE', #1944, #399, #3891, .T. ) ;
#4898 = LINE ( 'NONE', #2645, #1974 ) ;
#4899 = APPROVAL_ROLE ( '' ) ;
#4900 = CARTESIAN_POINT ( 'NONE',  ( -135.0000000000000568, 10.00000000000000000, 69.89999999999994884 ) ) ;
#4901 = CIRCLE ( 'NONE', #2209, 3.250000000000002665 ) ;
#4902 = DIRECTION ( 'NONE',  ( 0.000000000000000000, 0.000000000000000000, 1.000000000000000000 ) ) ;
#4903 = FACE_BOUND ( 'NONE', #771, .T. ) ;
#4904 = EDGE_CURVE ( 'NONE', #2275, #2726, #2668, .T. ) ;
#4905 = CIRCLE ( 'NONE', #1320, 4.499999999999997335 ) ;
#4906 = ORIENTED_EDGE ( 'NONE', *, *, #1440, .T. ) ;
#4907 = CARTESIAN_POINT ( 'NONE',  ( 37.50000000000137135, 10.00000000000000000, 80.58284835958099279 ) ) ;
#4908 = EDGE_CURVE ( 'NONE', #4708, #2503, #4555, .T. ) ;
#4909 = ORIENTED_EDGE ( 'NONE', *, *, #465, .T. ) ;
#4910 = ORIENTED_EDGE ( 'NONE', *, *, #3188, .T. ) ;
#4911 = AXIS2_PLACEMENT_3D ( 'NONE', #1733, #4747, #3632 ) ;
#4912 = CIRCLE ( 'NONE', #4253, 4.500000000000003553 ) ;
#4913 = ORIENTED_EDGE ( 'NONE', *, *, #4066, .T. ) ;
#4914 = DIRECTION ( 'NONE',  ( 0.000000000000000000, 0.000000000000000000, -1.000000000000000000 ) ) ;
#4915 = ORIENTED_EDGE ( 'NONE', *, *, #2749, .T. ) ;
#4916 = AXIS2_PLACEMENT_3D ( 'NONE', #2728, #1557, #4608 ) ;
#4917 = CARTESIAN_POINT ( 'NONE',  ( 134.9999999999999716, 0.000000000000000000, 69.89999999999994884 ) ) ;
#4918 = EDGE_CURVE ( 'NONE', #1279, #29, #4056, .T. ) ;
#4919 = DIRECTION ( 'NONE',  ( -0.000000000000000000, 1.000000000000000000, -0.000000000000000000 ) ) ;
#4920 = CIRCLE ( 'NONE', #2066, 4.500000000000003553 ) ;
#4921 = FACE_OUTER_BOUND ( 'NONE', #4566, .T. ) ;
#4922 = ORIENTED_EDGE ( 'NONE', *, *, #456, .T. ) ;
#4923 = AXIS2_PLACEMENT_3D ( 'NONE', #1074, #2665, #273 ) ;
#4924 = CARTESIAN_POINT ( 'NONE',  ( 33.23401871576756150, 10.00000000000000000, 33.23401871576790256 ) ) ;
#4925 = FACE_OUTER_BOUND ( 'NONE', #280, .T. ) ;
#4926 = CONTEXT_DEPENDENT_SHAPE_REPRESENTATION ( #1185, #943 ) ;
#4927 = DIRECTION ( 'NONE',  ( -0.000000000000000000, 1.000000000000000000, -0.000000000000000000 ) ) ;
#4928 = VECTOR ( 'NONE', #453, 1000.000000000000000 ) ;
#4929 = CYLINDRICAL_SURFACE ( 'NONE', #1620, 2.499999999999998668 ) ;
#4930 = FACE_BOUND ( 'NONE', #1114, .T. ) ;
#4931 = ORIENTED_EDGE ( 'NONE', *, *, #3879, .F. ) ;
#4932 = DIRECTION ( 'NONE',  ( 8.659560562354936556E-17, 0.7071067811865473507, -0.7071067811865477948 ) ) ;
#4933 = EDGE_LOOP ( 'NONE', ( #4044, #4804, #4209, #1688 ) ) ;
#4934 = ORIENTED_EDGE ( 'NONE', *, *, #1283, .T. ) ;
#4935 = EDGE_CURVE ( 'NONE', #4607, #3856, #2989, .T. ) ;
#4936 = CC_DESIGN_PERSON_AND_ORGANIZATION_ASSIGNMENT ( #3558, #3121, ( #2750 ) ) ;
#4937 = CARTESIAN_POINT ( 'NONE',  ( 33.23401871576772493, -15.00000000000000000, -33.23401871576772493 ) ) ;
#4938 = ORIENTED_EDGE ( 'NONE', *, *, #942, .T. ) ;
#4939 = CYLINDRICAL_SURFACE ( 'NONE', #816, 4.499999999999997335 ) ;
#4940 = ORIENTED_EDGE ( 'NONE', *, *, #1954, .F. ) ;
#4941 = DIRECTION ( 'NONE',  ( -0.000000000000000000, 1.000000000000000000, -0.000000000000000000 ) ) ;
#4942 = CARTESIAN_POINT ( 'NONE',  ( -46.99999999999998579, 0.000000000000000000, 4.499999999999992006 ) ) ;
#4943 = DIRECTION ( 'NONE',  ( 0.000000000000000000, 0.000000000000000000, 1.000000000000000000 ) ) ;
#4944 = ORIENTED_EDGE ( 'NONE', *, *, #843, .T. ) ;
#4945 = ORIENTED_EDGE ( 'NONE', *, *, #3902, .F. ) ;
#4946 = DIRECTION ( 'NONE',  ( 0.000000000000000000, 0.000000000000000000, 1.000000000000000000 ) ) ;
#4947 = DIRECTION ( 'NONE',  ( 0.000000000000000000, 0.000000000000000000, 1.000000000000000000 ) ) ;
#4948 = DIRECTION ( 'NONE',  ( 0.000000000000000000, 0.000000000000000000, 1.000000000000000000 ) ) ;
#4949 = EDGE_CURVE ( 'NONE', #1237, #3129, #1296, .T. ) ;
#4950 = ORIENTED_EDGE ( 'NONE', *, *, #3758, .F. ) ;
#4951 = CARTESIAN_POINT ( 'NONE',  ( 0.000000000000000000, 10.00000000000000000, -47.00000000000000000 ) ) ;
#4952 = ORIENTED_EDGE ( 'NONE', *, *, #483, .T. ) ;
#4953 = FACE_OUTER_BOUND ( 'NONE', #4286, .T. ) ;
#4954 = AXIS2_PLACEMENT_3D ( 'NONE', #1375, #2110, #1813 ) ;
#4955 = EDGE_CURVE ( 'NONE', #2732, #3799, #791, .T. ) ;
#4956 = ORIENTED_EDGE ( 'NONE', *, *, #4287, .F. ) ;
#4957 = DIRECTION ( 'NONE',  ( -0.000000000000000000, 1.000000000000000000, -0.000000000000000000 ) ) ;
#4958 = ORIENTED_EDGE ( 'NONE', *, *, #1817, .T. ) ;
#4959 = DIRECTION ( 'NONE',  ( 0.000000000000000000, 0.7071067811865470176, 0.7071067811865479058 ) ) ;
#4960 = DIRECTION ( 'NONE',  ( 0.000000000000000000, 0.7071067811865473507, 0.7071067811865477948 ) ) ;
#4961 = EDGE_LOOP ( 'NONE', ( #1556, #3704, #4980, #1303 ) ) ;
#4962 = AXIS2_PLACEMENT_3D ( 'NONE', #120, #93, #4345 ) ;
#4963 = DIRECTION ( 'NONE',  ( -0.000000000000000000, 1.000000000000000000, -0.000000000000000000 ) ) ;
#4964 = DATE_AND_TIME ( #4153, #3005 ) ;
#4965 = DIRECTION ( 'NONE',  ( -0.000000000000000000, 1.000000000000000000, -0.000000000000000000 ) ) ;
#4966 = CARTESIAN_POINT ( 'NONE',  ( -95.84434291094001424, 0.000000000000000000, 119.6298940491465856 ) ) ;
#4967 = CARTESIAN_POINT ( 'NONE',  ( 7.489984963523538122E-15, 0.000000000000000000, -42.50000000000000000 ) ) ;
#4968 = AXIS2_PLACEMENT_3D ( 'NONE', #959, #1398, #2985 ) ;
#4969 = ORIENTED_EDGE ( 'NONE', *, *, #3968, .T. ) ;
#4970 = VECTOR ( 'NONE', #201, 1000.000000000000000 ) ;
#4971 = AXIS2_PLACEMENT_3D ( 'NONE', #1906, #1085, #2635 ) ;
#4972 = CARTESIAN_POINT ( 'NONE',  ( -134.9999999999999432, 10.00000000000000000, 134.9999999999999432 ) ) ;
#4973 = EDGE_CURVE ( 'NONE', #2174, #598, #3292, .T. ) ;
#4974 = ADVANCED_FACE ( 'NONE', ( #3335 ), #2111, .F. ) ;
#4975 = ADVANCED_FACE ( 'NONE', ( #3664 ), #1354, .F. ) ;
#4976 = VERTEX_POINT ( 'NONE', #996 ) ;
#4977 = CIRCLE ( 'NONE', #740, 3.299999999999997158 ) ;
#4978 = VERTEX_POINT ( 'NONE', #2238 ) ;
#4979 = DIRECTION ( 'NONE',  ( 0.000000000000000000, 0.000000000000000000, -1.000000000000000000 ) ) ;
#4980 = ORIENTED_EDGE ( 'NONE', *, *, #1119, .T. ) ;
#4981 = VECTOR ( 'NONE', #4126, 1000.000000000000114 ) ;
#4982 = LINE ( 'NONE', #2250, #735 ) ;
#4983 = ORIENTED_EDGE ( 'NONE', *, *, #2140, .F. ) ;
#4984 = CC_DESIGN_DATE_AND_TIME_ASSIGNMENT ( #143, #1021, ( #3896 ) ) ;
#4985 = VECTOR ( 'NONE', #4362, 1000.000000000000000 ) ;
#4986 = FACE_OUTER_BOUND ( 'NONE', #3241, .T. ) ;
#4987 = LINE ( 'NONE', #3086, #176 ) ;
#4988 = CARTESIAN_POINT ( 'NONE',  ( 33.23401871576756150, 0.000000000000000000, 28.73401871576790256 ) ) ;
#4989 = ORIENTED_EDGE ( 'NONE', *, *, #3744, .F. ) ;
#4990 = CIRCLE ( 'NONE', #1825, 60.00000000000000000 ) ;
#4991 = AXIS2_PLACEMENT_3D ( 'NONE', #2676, #3905, #743 ) ;
#4992 =( LENGTH_UNIT ( ) NAMED_UNIT ( * ) SI_UNIT ( .MILLI., .METRE. ) );
#4993 = DIRECTION ( 'NONE',  ( 0.000000000000000000, 0.000000000000000000, 1.000000000000000000 ) ) ;
#4994 = DIRECTION ( 'NONE',  ( 0.000000000000000000, 0.000000000000000000, 1.000000000000000000 ) ) ;
#4995 = FACE_OUTER_BOUND ( 'NONE', #602, .T. ) ;
#4996 = DIRECTION ( 'NONE',  ( 0.000000000000000000, 1.000000000000000000, 0.000000000000000000 ) ) ;
#4997 = CIRCLE ( 'NONE', #3857, 223.0000000000000000 ) ;
#4998 = FACE_BOUND ( 'NONE', #4833, .T. ) ;
#4999 = ORIENTED_EDGE ( 'NONE', *, *, #1342, .T. ) ;
#5000 = CARTESIAN_POINT ( 'NONE',  ( 135.0000000000000000, 10.00000000000000000, -130.5000000000000000 ) ) ;
#5001 = ORIENTED_EDGE ( 'NONE', *, *, #3504, .T. ) ;
#5002 = AXIS2_PLACEMENT_3D ( 'NONE', #4719, #1215, #4337 ) ;
#5003 = ORIENTED_EDGE ( 'NONE', *, *, #1585, .F. ) ;
#5004 = EDGE_CURVE ( 'NONE', #3894, #1528, #4202, .T. ) ;
#5005 = CARTESIAN_POINT ( 'NONE',  ( 33.23401871576779598, 5.850000000000004086, -28.73401871576768229 ) ) ;
#5006 = ORIENTED_EDGE ( 'NONE', *, *, #4461, .F. ) ;
#5007 = CARTESIAN_POINT ( 'NONE',  ( 33.23401871576771782, -15.00000000000000000, 28.73401871576773559 ) ) ;
#5008 = ORIENTED_EDGE ( 'NONE', *, *, #4288, .F. ) ;
#5009 = EDGE_CURVE ( 'NONE', #598, #3444, #879, .T. ) ;
#5010 = LINE ( 'NONE', #3059, #76 ) ;
#5011 = CARTESIAN_POINT ( 'NONE',  ( 7.489984963523538122E-15, -15.00000000000000000, -42.50000000000000000 ) ) ;
#5012 = DIRECTION ( 'NONE',  ( 0.000000000000000000, 0.000000000000000000, 1.000000000000000000 ) ) ;
#5013 = VERTEX_POINT ( 'NONE', #1429 ) ;
#5014 = DESIGN_CONTEXT ( 'detailed design', #2072, 'design' ) ;
#5015 = EDGE_CURVE ( 'NONE', #1746, #2732, #3790, .T. ) ;
#5016 = CARTESIAN_POINT ( 'NONE',  ( 98.08284835957783798, 0.000000000000000000, 19.99999999999978328 ) ) ;
#5017 = DIRECTION ( 'NONE',  ( 0.000000000000000000, 1.000000000000000000, 0.000000000000000000 ) ) ;
#5018 = CARTESIAN_POINT ( 'NONE',  ( -33.23401871576733413, 10.00000000000000000, -33.23401871576813704 ) ) ;
#5019 = CARTESIAN_POINT ( 'NONE',  ( 0.000000000000000000, 10.00000000000000000, -24.20000000000000284 ) ) ;
#5020 = DATE_AND_TIME ( #2801, #2990 ) ;
#5021 = LINE ( 'NONE', #1896, #96 ) ;
#5022 = ORIENTED_EDGE ( 'NONE', *, *, #932, .F. ) ;
#5023 = EDGE_CURVE ( 'NONE', #444, #4978, #4068, .T. ) ;
#5024 = ORIENTED_EDGE ( 'NONE', *, *, #3314, .T. ) ;
#5025 = CIRCLE ( 'NONE', #4553, 3.299999999999997158 ) ;
#5026 = DIRECTION ( 'NONE',  ( 0.000000000000000000, 0.000000000000000000, 1.000000000000000000 ) ) ;
#5027 = ORIENTED_EDGE ( 'NONE', *, *, #1088, .F. ) ;
#5028 = VERTEX_POINT ( 'NONE', #4151 ) ;
#5029 = CIRCLE ( 'NONE', #2588, 3.250000000000002665 ) ;
#5030 = CARTESIAN_POINT ( 'NONE',  ( 33.23401871576756150, 5.850000000000004086, 37.73401871576789546 ) ) ;
#5031 = DIRECTION ( 'NONE',  ( 0.000000000000000000, 1.000000000000000000, 0.000000000000000000 ) ) ;
#5032 = DIRECTION ( 'NONE',  ( -0.000000000000000000, 1.000000000000000000, -0.000000000000000000 ) ) ;
#5033 = EDGE_LOOP ( 'NONE', ( #3468, #3185 ) ) ;
#5034 = ADVANCED_FACE ( 'NONE', ( #3432 ), #4596, .F. ) ;
#5035 = LOCAL_TIME ( 1, 25, 9.000000000000000000, #3666 ) ;
#5036 = EDGE_CURVE ( 'NONE', #2357, #4650, #62, .T. ) ;
#5037 = EDGE_CURVE ( 'NONE', #617, #3280, #4639, .T. ) ;
#5038 = CIRCLE ( 'NONE', #4802, 4.499999999999997335 ) ;
#5039 = CARTESIAN_POINT ( 'NONE',  ( -2.500000000000067057, 10.00000000000000000, -83.88284835957709618 ) ) ;
#5040 = CARTESIAN_POINT ( 'NONE',  ( -116.3504395653500580, 0.000000000000000000, 95.87379739473679763 ) ) ;
#5041 = ORIENTED_EDGE ( 'NONE', *, *, #2775, .T. ) ;
#5042 = CYLINDRICAL_SURFACE ( 'NONE', #2673, 4.500000000000003553 ) ;
#5043 = ADVANCED_FACE ( 'NONE', ( #3046 ), #1518, .F. ) ;
#5044 = AXIS2_PLACEMENT_3D ( 'NONE', #4256, #3027, #3814 ) ;
#5045 = PERSON_AND_ORGANIZATION_ROLE ( 'classification_officer' ) ;
#5046 = DIRECTION ( 'NONE',  ( 0.000000000000000000, 0.000000000000000000, -1.000000000000000000 ) ) ;
#5047 = EDGE_CURVE ( 'NONE', #1415, #255, #310, .T. ) ;
#5048 = CIRCLE ( 'NONE', #648, 3.299999999999997158 ) ;
#5049 = AXIS2_PLACEMENT_3D ( 'NONE', #2895, #212, #264 ) ;
#5050 = NEXT_ASSEMBLY_USAGE_OCCURRENCE ( 'NAUO1', ' ', ' ', #1988, #3515, $ ) ;
#5051 = NEXT_ASSEMBLY_USAGE_OCCURRENCE ( 'NAUO2', ' ', ' ', #1988, #1938, $ ) ;
ENDSEC;
END-ISO-10303-21;
