ISO-10303-21;
HEADER;
FILE_DESCRIPTION (( 'STEP AP203' ),
    '1' );
FILE_NAME ('NEMA-34(SY86STH115-6004B).STEP',
    '2021-01-13T09:55:09',
    ( '' ),
    ( '' ),
    'SwSTEP 2.0',
    'SolidWorks 2016',
    '' );
FILE_SCHEMA (( 'CONFIG_CONTROL_DESIGN' ));
ENDSEC;

DATA;
#1 = ORIENTED_EDGE ( 'NONE', *, *, #2346, .F. ) ;
#2 = FACE_BOUND ( 'NONE', #402, .T. ) ;
#3 = LINE ( 'NONE', #2757, #3544 ) ;
#4 = PLANE ( 'NONE',  #4680 ) ;
#5 = ORIENTED_EDGE ( 'NONE', *, *, #3306, .T. ) ;
#6 = DIRECTION ( 'NONE',  ( 0.0000000000000000000, 0.0000000000000000000, -1.000000000000000000 ) ) ;
#7 = ORIENTED_EDGE ( 'NONE', *, *, #1549, .F. ) ;
#8 = LINE ( 'NONE', #1204, #679 ) ;
#9 = LINE ( 'NONE', #3366, #1842 ) ;
#10 = CARTESIAN_POINT ( 'NONE',  ( 2.499999999999999600, 6.538348415311010500, 24.49999999999998900 ) ) ;
#11 = FACE_OUTER_BOUND ( 'NONE', #3309, .T. ) ;
#12 = VERTEX_POINT ( 'NONE', #2857 ) ;
#13 = DIRECTION ( 'NONE',  ( -0.0000000000000000000, -0.0000000000000000000, 1.000000000000000000 ) ) ;
#14 = AXIS2_PLACEMENT_3D ( 'NONE', #3824, #484, #476 ) ;
#15 = DIRECTION ( 'NONE',  ( -0.0000000000000000000, -0.0000000000000000000, 1.000000000000000000 ) ) ;
#16 = VECTOR ( 'NONE', #3145, 1000.000000000000100 ) ;
#17 = ORIENTED_EDGE ( 'NONE', *, *, #3744, .F. ) ;
#18 = DIRECTION ( 'NONE',  ( -1.000000000000000000, 0.0000000000000000000, 0.0000000000000000000 ) ) ;
#19 = CARTESIAN_POINT ( 'NONE',  ( -10.99999999999999800, 48.71259202696844400, -90.50000000000000000 ) ) ;
#20 = VECTOR ( 'NONE', #4344, 1000.000000000000000 ) ;
#21 = DIRECTION ( 'NONE',  ( 0.0000000000000000000, 0.0000000000000000000, -1.000000000000000000 ) ) ;
#22 = CARTESIAN_POINT ( 'NONE',  ( -36.50000000000000000, 0.0000000000000000000, 10.00000000000000000 ) ) ;
#23 = FACE_OUTER_BOUND ( 'NONE', #3950, .T. ) ;
#24 = DIRECTION ( 'NONE',  ( -0.0000000000000000000, -0.0000000000000000000, 1.000000000000000000 ) ) ;
#25 = LINE ( 'NONE', #3157, #2691 ) ;
#26 = DIRECTION ( 'NONE',  ( -0.0000000000000000000, -0.0000000000000000000, 1.000000000000000000 ) ) ;
#27 = EDGE_CURVE ( 'NONE', #1404, #4740, #2115, .T. ) ;
#28 = PERSON_AND_ORGANIZATION ( #821, #4726 ) ;
#29 = EDGE_CURVE ( 'NONE', #1022, #2666, #3094, .T. ) ;
#30 = CARTESIAN_POINT ( 'NONE',  ( 33.99999999999999300, -34.00000000000000000, -103.5000000000000000 ) ) ;
#31 = FACE_OUTER_BOUND ( 'NONE', #2117, .T. ) ;
#32 =( GEOMETRIC_REPRESENTATION_CONTEXT ( 3 ) GLOBAL_UNCERTAINTY_ASSIGNED_CONTEXT ( ( #3242 ) ) GLOBAL_UNIT_ASSIGNED_CONTEXT ( ( #106, #1579, #2311 ) ) REPRESENTATION_CONTEXT ( 'NONE', 'WORKASPACE' ) );
#33 = EDGE_LOOP ( 'NONE', ( #4582, #1 ) ) ;
#34 = DIRECTION ( 'NONE',  ( 0.0000000000000000000, 0.0000000000000000000, 1.000000000000000000 ) ) ;
#35 = ORIENTED_EDGE ( 'NONE', *, *, #115, .F. ) ;
#36 = EDGE_CURVE ( 'NONE', #2436, #2106, #2403, .T. ) ;
#37 = ORIENTED_EDGE ( 'NONE', *, *, #113, .T. ) ;
#38 = DIRECTION ( 'NONE',  ( -0.0000000000000000000, 1.000000000000000000, 0.0000000000000000000 ) ) ;
#39 = VERTEX_POINT ( 'NONE', #309 ) ;
#40 = CARTESIAN_POINT ( 'NONE',  ( -36.85000000000000100, 24.49999999999998900, -94.89999999999999100 ) ) ;
#41 = AXIS2_PLACEMENT_3D ( 'NONE', #1409, #3598, #2512 ) ;
#42 = VERTEX_POINT ( 'NONE', #667 ) ;
#43 = DIRECTION ( 'NONE',  ( 1.000000000000000000, 0.0000000000000000000, 0.0000000000000000000 ) ) ;
#44 = CLOSED_SHELL ( 'NONE', ( #1613, #1538, #4593, #2696, #2122, #3063, #2006, #4567, #648, #841, #1250, #1334, #1228, #4129, #408, #4173, #352, #1536, #1900, #1201, #1459, #544, #3888, #4578, #4548, #480, #1179, #889, #4505, #1330, #2694, #53, #2300, #1247, #1919, #3236, #4010, #2781, #429, #86, #1986, #3241, #2674, #3585, #4457, #1262, #48, #2396, #505, #2589, #2351, #1902, #2301, #1155, #107, #810, #1792, #4176, #643, #1964, #2974, #4458, #3436, #487, #3021, #3044, #4718, #866, #1561, #2760, #2847, #609, #2255, #1674, #1759, #1229, #2795, #4148, #3582, #519, #141, #3279, #543, #2075, #4549, #4504, #2049, #4614, #815, #2633, #2312, #165, #3385, #2768, #2999, #2326, #2231, #4687, #4061, #4150, #2349, #1452, #3783, #542, #4259, #1652, #2027, #1980, #210, #4481, #1582, #3354, #1388, #3808, #258, #4178, #1973, #4524, #450, #1943, #3133, #94, #1627, #3762, #142, #1514, #1363, #2276, #2406, #3088, #4616, #3182, #3933, #1515, #2973, #2125, #75, #3506, #792, #3214, #76, #4103, #2662, #3826, #838, #3806, #244, #3355, #70, #3707, #3915, #3114, #3432, #3692, #910, #471, #3010, #510, #3735, #4204 ) ) ;
#45 = ORIENTED_EDGE ( 'NONE', *, *, #567, .T. ) ;
#46 = CARTESIAN_POINT ( 'NONE',  ( -2.499999999999997800, 5.000000000000000000, -108.0000000000000000 ) ) ;
#47 = ORIENTED_EDGE ( 'NONE', *, *, #2474, .F. ) ;
#48 = ADVANCED_FACE ( 'NONE', ( #1038, #744 ), #4656, .T. ) ;
#49 = ORIENTED_EDGE ( 'NONE', *, *, #78, .F. ) ;
#50 = EDGE_CURVE ( 'NONE', #1966, #3124, #682, .T. ) ;
#51 = ORIENTED_EDGE ( 'NONE', *, *, #468, .F. ) ;
#52 = EDGE_CURVE ( 'NONE', #961, #1633, #4367, .T. ) ;
#53 = ADVANCED_FACE ( 'NONE', ( #11 ), #455, .F. ) ;
#54 = DIRECTION ( 'NONE',  ( -1.000000000000000000, 0.0000000000000000000, 0.0000000000000000000 ) ) ;
#55 = DIRECTION ( 'NONE',  ( 0.0000000000000000000, 0.0000000000000000000, -1.000000000000000000 ) ) ;
#56 = CARTESIAN_POINT ( 'NONE',  ( -40.14999999999999900, 24.49999999999998900, -104.4999999999999900 ) ) ;
#57 = ORIENTED_EDGE ( 'NONE', *, *, #2005, .T. ) ;
#58 = ORIENTED_EDGE ( 'NONE', *, *, #690, .F. ) ;
#59 = DIRECTION ( 'NONE',  ( 1.000000000000000000, 0.0000000000000000000, 0.0000000000000000000 ) ) ;
#60 = CIRCLE ( 'NONE', #1366, 5.999999999999998200 ) ;
#61 = CIRCLE ( 'NONE', #4236, 1.500000000000001300 ) ;
#62 = ORIENTED_EDGE ( 'NONE', *, *, #2411, .T. ) ;
#63 = AXIS2_PLACEMENT_3D ( 'NONE', #2273, #1191, #1910 ) ;
#64 = CIRCLE ( 'NONE', #1113, 25.71787683086650800 ) ;
#65 = DIRECTION ( 'NONE',  ( 0.0000000000000000000, 0.0000000000000000000, -1.000000000000000000 ) ) ;
#66 = TOROIDAL_SURFACE ( 'NONE', #4491, 6.500000000000000900, 1.500000000000000000 ) ;
#67 = FACE_OUTER_BOUND ( 'NONE', #2283, .T. ) ;
#68 = DIRECTION ( 'NONE',  ( 1.000000000000000000, 0.0000000000000000000, 0.0000000000000000000 ) ) ;
#69 = CONICAL_SURFACE ( 'NONE', #4756, 1.649999999999998600, 0.7853981633974206300 ) ;
#70 = ADVANCED_FACE ( 'NONE', ( #3500 ), #2916, .F. ) ;
#71 = DIRECTION ( 'NONE',  ( -1.000000000000000000, 0.0000000000000000000, 0.0000000000000000000 ) ) ;
#72 = LINE ( 'NONE', #3089, #2862 ) ;
#73 = DIRECTION ( 'NONE',  ( 0.0000000000000000000, -1.000000000000000000, 0.0000000000000000000 ) ) ;
#74 = CARTESIAN_POINT ( 'NONE',  ( -2.168047151893588900, 6.656467866987865600, 23.24458249656361300 ) ) ;
#75 = ADVANCED_FACE ( 'NONE', ( #67 ), #231, .F. ) ;
#76 = ADVANCED_FACE ( 'NONE', ( #3848 ), #346, .F. ) ;
#77 = LINE ( 'NONE', #3963, #3857 ) ;
#78 = EDGE_CURVE ( 'NONE', #2100, #2822, #2516, .T. ) ;
#79 = CARTESIAN_POINT ( 'NONE',  ( -26.14999999999999500, -38.50000000000000700, -94.89999999999999100 ) ) ;
#80 = LINE ( 'NONE', #4303, #4555 ) ;
#81 = VECTOR ( 'NONE', #1453, 1000.000000000000000 ) ;
#82 = EDGE_LOOP ( 'NONE', ( #3026, #3295, #3402, #3377 ) ) ;
#83 = LINE ( 'NONE', #4293, #2874 ) ;
#84 = AXIS2_PLACEMENT_3D ( 'NONE', #313, #1756, #298 ) ;
#85 = EDGE_CURVE ( 'NONE', #2898, #1883, #4239, .T. ) ;
#86 = ADVANCED_FACE ( 'NONE', ( #1207 ), #4014, .F. ) ;
#87 = ORIENTED_EDGE ( 'NONE', *, *, #4750, .F. ) ;
#88 = CARTESIAN_POINT ( 'NONE',  ( 7.000000000000000000, 0.0000000000000000000, -132.5000000000000000 ) ) ;
#89 = CARTESIAN_POINT ( 'NONE',  ( -1.882561122242555300, 6.743136419239587700, 22.84710716526382500 ) ) ;
#90 = AXIS2_PLACEMENT_3D ( 'NONE', #2635, #1540, #71 ) ;
#91 = ORIENTED_EDGE ( 'NONE', *, *, #315, .T. ) ;
#92 = CARTESIAN_POINT ( 'NONE',  ( 13.59958492358056100, 44.99999999999999300, 0.0000000000000000000 ) ) ;
#93 = EDGE_CURVE ( 'NONE', #3007, #2943, #2048, .T. ) ;
#94 = ADVANCED_FACE ( 'NONE', ( #1152 ), #3979, .T. ) ;
#95 = DIRECTION ( 'NONE',  ( 0.0000000000000000000, 0.0000000000000000000, -1.000000000000000000 ) ) ;
#96 = CARTESIAN_POINT ( 'NONE',  ( -36.40000000000001300, 0.0000000000000000000, 11.60000000000000100 ) ) ;
#97 = ORIENTED_EDGE ( 'NONE', *, *, #2849, .T. ) ;
#98 = ORIENTED_EDGE ( 'NONE', *, *, #2253, .F. ) ;
#99 = CARTESIAN_POINT ( 'NONE',  ( -38.50000000000000000, 24.49999999999998900, -94.89999999999999100 ) ) ;
#100 = EDGE_LOOP ( 'NONE', ( #4050, #1339, #3038, #4526, #3662, #98, #3017, #1129 ) ) ;
#101 = CARTESIAN_POINT ( 'NONE',  ( -23.99999999999999600, 42.99999999999999300, 10.00000000000000000 ) ) ;
#102 = ORIENTED_EDGE ( 'NONE', *, *, #3884, .T. ) ;
#103 = ORIENTED_EDGE ( 'NONE', *, *, #4539, .F. ) ;
#104 = DIRECTION ( 'NONE',  ( 1.000000000000000000, 0.0000000000000000000, 0.0000000000000000000 ) ) ;
#105 = EDGE_LOOP ( 'NONE', ( #1417, #436, #4417, #2261 ) ) ;
#106 =( LENGTH_UNIT ( ) NAMED_UNIT ( * ) SI_UNIT ( .MILLI., .METRE. ) );
#107 = ADVANCED_FACE ( 'NONE', ( #1308 ), #4349, .F. ) ;
#108 = DIRECTION ( 'NONE',  ( 0.0000000000000000000, 0.0000000000000000000, -1.000000000000000000 ) ) ;
#109 = EDGE_LOOP ( 'NONE', ( #3192, #909 ) ) ;
#110 = VECTOR ( 'NONE', #3908, 1000.000000000000000 ) ;
#111 =( BOUNDED_CURVE ( )  B_SPLINE_CURVE ( 3, ( #2017, #3046, #1282, #3423 ),
 .UNSPECIFIED., .F., .F. ) 
 B_SPLINE_CURVE_WITH_KNOTS ( ( 4, 4 ),
 ( 1.570796326794896300, 3.141592653589793100 ),
 .UNSPECIFIED. ) 
 CURVE ( )  GEOMETRIC_REPRESENTATION_ITEM ( )  RATIONAL_B_SPLINE_CURVE ( ( 1.000000000000000000, 0.8047378541243649400, 0.8047378541243649400, 1.000000000000000000 ) ) 
 REPRESENTATION_ITEM ( '' )  );
#112 = CIRCLE ( 'NONE', #2361, 1.250000000000000400 ) ;
#113 = EDGE_CURVE ( 'NONE', #4361, #1837, #4536, .T. ) ;
#114 = EDGE_CURVE ( 'NONE', #514, #2031, #177, .T. ) ;
#115 = EDGE_CURVE ( 'NONE', #600, #1640, #2630, .T. ) ;
#116 = ORIENTED_EDGE ( 'NONE', *, *, #3853, .T. ) ;
#117 = CIRCLE ( 'NONE', #4710, 5.000000000000000900 ) ;
#118 = LINE ( 'NONE', #2064, #2000 ) ;
#119 = FACE_OUTER_BOUND ( 'NONE', #4372, .T. ) ;
#120 = ORIENTED_EDGE ( 'NONE', *, *, #382, .F. ) ;
#121 = AXIS2_PLACEMENT_3D ( 'NONE', #1039, #3964, #2532 ) ;
#122 = PLANE ( 'NONE',  #1443 ) ;
#123 = DIRECTION ( 'NONE',  ( 0.0000000000000000000, 0.0000000000000000000, -1.000000000000000000 ) ) ;
#124 = LINE ( 'NONE', #1618, #2113 ) ;
#125 = ORIENTED_EDGE ( 'NONE', *, *, #2619, .F. ) ;
#126 = AXIS2_PLACEMENT_3D ( 'NONE', #625, #4671, #2421 ) ;
#127 = DIRECTION ( 'NONE',  ( 0.0000000000000000000, 1.000000000000000000, 0.0000000000000000000 ) ) ;
#128 = DIRECTION ( 'NONE',  ( 1.000000000000000000, 0.0000000000000000000, 0.0000000000000000000 ) ) ;
#129 = VECTOR ( 'NONE', #1504, 1000.000000000000000 ) ;
#130 = FACE_OUTER_BOUND ( 'NONE', #727, .T. ) ;
#131 = AXIS2_PLACEMENT_3D ( 'NONE', #3317, #1510, #3666 ) ;
#132 = DIRECTION ( 'NONE',  ( -1.000000000000000000, 0.0000000000000000000, 0.0000000000000000000 ) ) ;
#133 = DIRECTION ( 'NONE',  ( -0.0000000000000000000, -0.0000000000000000000, 1.000000000000000000 ) ) ;
#134 = FACE_OUTER_BOUND ( 'NONE', #3663, .T. ) ;
#135 = CARTESIAN_POINT ( 'NONE',  ( -4.000000000000000900, 47.82163214108173600, -83.49999999999998600 ) ) ;
#136 = CYLINDRICAL_SURFACE ( 'NONE', #2146, 3.250000000000002700 ) ;
#137 = CARTESIAN_POINT ( 'NONE',  ( -2.499999999999997800, 6.000000000000007100, -133.0000000000000000 ) ) ;
#138 = EDGE_CURVE ( 'NONE', #2949, #3823, #1092, .T. ) ;
#139 = EDGE_CURVE ( 'NONE', #2783, #2436, #2001, .T. ) ;
#140 = ORIENTED_EDGE ( 'NONE', *, *, #115, .T. ) ;
#141 = ADVANCED_FACE ( 'NONE', ( #1553 ), #2980, .T. ) ;
#142 = ADVANCED_FACE ( 'NONE', ( #4074 ), #3901, .T. ) ;
#143 = EDGE_LOOP ( 'NONE', ( #399, #207, #4477, #1176, #384 ) ) ;
#144 = AXIS2_PLACEMENT_3D ( 'NONE', #1714, #1338, #1352 ) ;
#145 = ORIENTED_EDGE ( 'NONE', *, *, #4154, .T. ) ;
#146 = CARTESIAN_POINT ( 'NONE',  ( 3.275056425745499000, 47.82163214108175000, -73.50000000000000000 ) ) ;
#147 = DIRECTION ( 'NONE',  ( 1.000000000000000000, -4.956352788505164300E-016, 0.0000000000000000000 ) ) ;
#148 = ORIENTED_EDGE ( 'NONE', *, *, #1259, .T. ) ;
#149 = CARTESIAN_POINT ( 'NONE',  ( 0.0000000000000000000, 0.0000000000000000000, 46.50000000000000700 ) ) ;
#150 = CARTESIAN_POINT ( 'NONE',  ( -34.78999999999997800, -34.78999999999999900, 0.0000000000000000000 ) ) ;
#151 = ORIENTED_EDGE ( 'NONE', *, *, #291, .T. ) ;
#152 = ORIENTED_EDGE ( 'NONE', *, *, #4724, .T. ) ;
#153 = AXIS2_PLACEMENT_3D ( 'NONE', #2502, #2867, #2315 ) ;
#154 = ORIENTED_EDGE ( 'NONE', *, *, #2344, .T. ) ;
#155 = VERTEX_POINT ( 'NONE', #3699 ) ;
#156 = DIRECTION ( 'NONE',  ( -0.0000000000000000000, 1.000000000000000000, -0.0000000000000000000 ) ) ;
#157 = EDGE_LOOP ( 'NONE', ( #2905, #2881, #1526, #2200 ) ) ;
#158 = ORIENTED_EDGE ( 'NONE', *, *, #3261, .T. ) ;
#159 = ORIENTED_EDGE ( 'NONE', *, *, #2159, .T. ) ;
#160 = DIRECTION ( 'NONE',  ( 0.0000000000000000000, 0.0000000000000000000, -1.000000000000000000 ) ) ;
#161 = CARTESIAN_POINT ( 'NONE',  ( -38.50000000000000000, 24.49999999999998900, -94.89999999999999100 ) ) ;
#162 = DIRECTION ( 'NONE',  ( 1.000000000000000000, 0.0000000000000000000, 0.0000000000000000000 ) ) ;
#163 = CARTESIAN_POINT ( 'NONE',  ( -24.49999999999999600, -38.50000000000000700, -105.0000000000000000 ) ) ;
#164 = VERTEX_POINT ( 'NONE', #1497 ) ;
#165 = ADVANCED_FACE ( 'NONE', ( #119 ), #2732, .T. ) ;
#166 = ORIENTED_EDGE ( 'NONE', *, *, #3545, .T. ) ;
#167 = CARTESIAN_POINT ( 'NONE',  ( -2.499999999999997800, 6.359371162128720600, -132.6671736628173100 ) ) ;
#168 = LINE ( 'NONE', #3013, #3951 ) ;
#169 = FACE_OUTER_BOUND ( 'NONE', #1995, .T. ) ;
#170 = DIRECTION ( 'NONE',  ( -3.469446951953611000E-015, 1.000000000000000000, 0.0000000000000000000 ) ) ;
#171 = VERTEX_POINT ( 'NONE', #2226 ) ;
#172 = AXIS2_PLACEMENT_3D ( 'NONE', #617, #4664, #1762 ) ;
#173 = EDGE_CURVE ( 'NONE', #1966, #42, #1436, .T. ) ;
#174 = CYLINDRICAL_SURFACE ( 'NONE', #1343, 9.000000000000000000 ) ;
#175 = CIRCLE ( 'NONE', #4570, 1.250000000000001100 ) ;
#176 = EDGE_CURVE ( 'NONE', #472, #1953, #976, .T. ) ;
#177 = LINE ( 'NONE', #4387, #3144 ) ;
#178 = LINE ( 'NONE', #2776, #2800 ) ;
#179 = AXIS2_PLACEMENT_3D ( 'NONE', #3240, #4359, #697 ) ;
#180 = DIRECTION ( 'NONE',  ( -0.0000000000000000000, 1.000000000000000000, 0.0000000000000000000 ) ) ;
#181 = FACE_BOUND ( 'NONE', #733, .T. ) ;
#182 = DESIGN_CONTEXT ( 'detailed design', #3786, 'design' ) ;
#183 = EDGE_CURVE ( 'NONE', #3407, #3128, #1948, .T. ) ;
#184 = CARTESIAN_POINT ( 'NONE',  ( -43.00000000000000000, -37.00000000000000700, 10.00000000000000000 ) ) ;
#185 = CARTESIAN_POINT ( 'NONE',  ( -43.00000000000000000, -24.00000000000000000, 0.0000000000000000000 ) ) ;
#186 = CIRCLE ( 'NONE', #2324, 5.000000000000000900 ) ;
#187 = AXIS2_PLACEMENT_3D ( 'NONE', #2641, #1916, #1950 ) ;
#188 = CARTESIAN_POINT ( 'NONE',  ( -4.336808689942017700E-016, 5.000000000000000000, 24.49999999999999300 ) ) ;
#189 = LINE ( 'NONE', #2282, #2808 ) ;
#190 = LINE ( 'NONE', #3275, #580 ) ;
#191 = DIRECTION ( 'NONE',  ( 1.000000000000000000, 0.0000000000000000000, 0.0000000000000000000 ) ) ;
#192 = ORIENTED_EDGE ( 'NONE', *, *, #36, .T. ) ;
#193 = CARTESIAN_POINT ( 'NONE',  ( 0.0000000000000000000, 0.0000000000000000000, -99.99999999999998600 ) ) ;
#194 = LINE ( 'NONE', #2552, #1279 ) ;
#195 = MANIFOLD_SOLID_BREP ( 'Fillet7', #44 ) ;
#196 = EDGE_LOOP ( 'NONE', ( #2212, #2444, #4120, #3725, #611 ) ) ;
#197 = EDGE_CURVE ( 'NONE', #2370, #445, #1718, .T. ) ;
#198 = CARTESIAN_POINT ( 'NONE',  ( -23.99999999999999600, -38.00000000000000700, 0.0000000000000000000 ) ) ;
#199 = EDGE_CURVE ( 'NONE', #3248, #3941, #4124, .T. ) ;
#200 = EDGE_CURVE ( 'NONE', #1284, #2777, #1897, .T. ) ;
#201 = EDGE_LOOP ( 'NONE', ( #4391, #395, #1133, #2286 ) ) ;
#202 = CARTESIAN_POINT ( 'NONE',  ( -22.84999999999999800, -38.50000000000000700, -104.5000000000000400 ) ) ;
#203 = AXIS2_PLACEMENT_3D ( 'NONE', #1564, #516, #812 ) ;
#204 = EDGE_LOOP ( 'NONE', ( #2274, #314, #489, #3289, #2566, #1712, #3726, #2765 ) ) ;
#205 = DIRECTION ( 'NONE',  ( 0.0000000000000000000, 0.0000000000000000000, 1.000000000000000000 ) ) ;
#206 = AXIS2_PLACEMENT_3D ( 'NONE', #4315, #668, #2531 ) ;
#207 = ORIENTED_EDGE ( 'NONE', *, *, #3168, .T. ) ;
#208 = DIRECTION ( 'NONE',  ( -0.0000000000000000000, 0.0000000000000000000, 1.000000000000000000 ) ) ;
#209 = EDGE_LOOP ( 'NONE', ( #4506, #3247, #1606, #3535, #3668 ) ) ;
#210 = ADVANCED_FACE ( 'NONE', ( #2853 ), #2725, .F. ) ;
#211 = ORIENTED_EDGE ( 'NONE', *, *, #811, .T. ) ;
#212 = DIRECTION ( 'NONE',  ( -1.000000000000000000, 0.0000000000000000000, 0.0000000000000000000 ) ) ;
#213 = VERTEX_POINT ( 'NONE', #146 ) ;
#214 = ORIENTED_EDGE ( 'NONE', *, *, #2474, .T. ) ;
#215 = AXIS2_PLACEMENT_3D ( 'NONE', #3851, #160, #1647 ) ;
#216 = VERTEX_POINT ( 'NONE', #4514 ) ;
#217 = ORIENTED_EDGE ( 'NONE', *, *, #3650, .T. ) ;
#218 = DIRECTION ( 'NONE',  ( 0.0000000000000000000, 0.0000000000000000000, 1.000000000000000000 ) ) ;
#219 = EDGE_LOOP ( 'NONE', ( #4096, #3905 ) ) ;
#220 = DIRECTION ( 'NONE',  ( 1.000000000000000000, -0.0000000000000000000, -0.0000000000000000000 ) ) ;
#221 = LINE ( 'NONE', #3056, #2508 ) ;
#222 = VECTOR ( 'NONE', #2852, 1000.000000000000000 ) ;
#223 = EDGE_LOOP ( 'NONE', ( #2481, #17, #2667, #3485, #2608, #1599 ) ) ;
#224 = ORIENTED_EDGE ( 'NONE', *, *, #139, .F. ) ;
#225 = DIRECTION ( 'NONE',  ( -1.000000000000000000, 0.0000000000000000000, 0.0000000000000000000 ) ) ;
#226 = EDGE_CURVE ( 'NONE', #1706, #2056, #401, .T. ) ;
#227 = DIRECTION ( 'NONE',  ( -1.000000000000000000, 0.0000000000000000000, 0.0000000000000000000 ) ) ;
#228 = VECTOR ( 'NONE', #4569, 1000.000000000000000 ) ;
#229 = DIRECTION ( 'NONE',  ( 1.000000000000000000, 0.0000000000000000000, 0.0000000000000000000 ) ) ;
#230 = CONICAL_SURFACE ( 'NONE', #203, 1.649999999999998600, 0.7853981633974206300 ) ;
#231 = CYLINDRICAL_SURFACE ( 'NONE', #1654, 2.500000000000002200 ) ;
#232 = EDGE_CURVE ( 'NONE', #3314, #1706, #1778, .T. ) ;
#233 = VERTEX_POINT ( 'NONE', #3431 ) ;
#234 = LINE ( 'NONE', #2845, #1556 ) ;
#235 = EDGE_LOOP ( 'NONE', ( #2458, #3468, #769, #492 ) ) ;
#236 = CARTESIAN_POINT ( 'NONE',  ( 2.168404344971008900E-015, 7.000000000000000000, -108.0000000000000000 ) ) ;
#237 = AXIS2_PLACEMENT_3D ( 'NONE', #4395, #3971, #2505 ) ;
#238 = CIRCLE ( 'NONE', #3775, 3.250000000000002700 ) ;
#239 = DIRECTION ( 'NONE',  ( -1.000000000000000000, 0.0000000000000000000, 0.0000000000000000000 ) ) ;
#240 = FACE_OUTER_BOUND ( 'NONE', #4354, .T. ) ;
#241 = CARTESIAN_POINT ( 'NONE',  ( -9.000000000000000000, 0.0000000000000000000, -99.99999999999998600 ) ) ;
#242 = CARTESIAN_POINT ( 'NONE',  ( 7.000000000000000000, 0.0000000000000000000, -133.0000000000000000 ) ) ;
#243 = CARTESIAN_POINT ( 'NONE',  ( -38.00000000000000000, 23.99999999999998600, -105.0000000000000000 ) ) ;
#244 = ADVANCED_FACE ( 'NONE', ( #4118 ), #1487, .F. ) ;
#245 = VECTOR ( 'NONE', #481, 1000.000000000000000 ) ;
#246 = AXIS2_PLACEMENT_3D ( 'NONE', #523, #3510, #3835 ) ;
#247 = PERSON_AND_ORGANIZATION ( #821, #4726 ) ;
#248 = CARTESIAN_POINT ( 'NONE',  ( -34.78999999999997800, -34.78999999999999900, 0.0000000000000000000 ) ) ;
#249 = CIRCLE ( 'NONE', #3966, 5.999999999999998200 ) ;
#250 = CARTESIAN_POINT ( 'NONE',  ( -43.00000000000000000, -37.00000000000000700, 10.00000000000000000 ) ) ;
#251 = DIRECTION ( 'NONE',  ( 0.0000000000000000000, -0.7071067811865462400, 0.7071067811865489100 ) ) ;
#252 = EDGE_LOOP ( 'NONE', ( #531, #4179, #3736, #4164, #1651 ) ) ;
#253 = CARTESIAN_POINT ( 'NONE',  ( -27.49999999999999600, -34.00000000000000000, -103.5000000000000000 ) ) ;
#254 = VERTEX_POINT ( 'NONE', #1223 ) ;
#255 = DIRECTION ( 'NONE',  ( 0.0000000000000000000, -1.000000000000000000, 0.0000000000000000000 ) ) ;
#256 = ORIENTED_EDGE ( 'NONE', *, *, #877, .T. ) ;
#257 = CARTESIAN_POINT ( 'NONE',  ( -43.00000000000000000, -43.00000000000000000, 10.00000000000000000 ) ) ;
#258 = ADVANCED_FACE ( 'NONE', ( #3320 ), #4528, .F. ) ;
#259 = APPROVAL ( #4125, 'UNSPECIFIED' ) ;
#260 = VERTEX_POINT ( 'NONE', #3396 ) ;
#261 = EDGE_CURVE ( 'NONE', #2045, #1590, #340, .T. ) ;
#262 = CARTESIAN_POINT ( 'NONE',  ( -23.99999999999999600, -38.00000000000000700, 10.00000000000000000 ) ) ;
#263 = EDGE_CURVE ( 'NONE', #4446, #2224, #3086, .T. ) ;
#264 = CARTESIAN_POINT ( 'NONE',  ( 38.00000000000000000, -24.00000000000000400, 10.00000000000000000 ) ) ;
#265 = ORIENTED_EDGE ( 'NONE', *, *, #964, .T. ) ;
#266 = DIRECTION ( 'NONE',  ( -0.8571673007021118900, 0.0000000000000000000, -0.5150380749100549300 ) ) ;
#267 = AXIS2_PLACEMENT_3D ( 'NONE', #729, #750, #4745 ) ;
#268 = VERTEX_POINT ( 'NONE', #2320 ) ;
#269 = ORIENTED_EDGE ( 'NONE', *, *, #3884, .F. ) ;
#270 = ORIENTED_EDGE ( 'NONE', *, *, #1355, .T. ) ;
#271 = DIRECTION ( 'NONE',  ( -1.000000000000000000, 4.956352788505164300E-016, 0.0000000000000000000 ) ) ;
#272 = EDGE_CURVE ( 'NONE', #4576, #1093, #1608, .T. ) ;
#273 = CARTESIAN_POINT ( 'NONE',  ( 23.99999999999999300, 37.99999999999999300, 0.0000000000000000000 ) ) ;
#274 = EDGE_LOOP ( 'NONE', ( #4345, #4158 ) ) ;
#275 = VERTEX_POINT ( 'NONE', #2304 ) ;
#276 = ORIENTED_EDGE ( 'NONE', *, *, #1428, .F. ) ;
#277 = ORIENTED_EDGE ( 'NONE', *, *, #2557, .F. ) ;
#278 = AXIS2_PLACEMENT_3D ( 'NONE', #3983, #1401, #3967 ) ;
#279 = VERTEX_POINT ( 'NONE', #3796 ) ;
#280 = CYLINDRICAL_SURFACE ( 'NONE', #4731, 7.000000000000000000 ) ;
#281 = CARTESIAN_POINT ( 'NONE',  ( -37.00000000000000000, 36.99999999999998600, 10.00000000000000000 ) ) ;
#282 = VECTOR ( 'NONE', #4663, 1000.000000000000000 ) ;
#283 = DIRECTION ( 'NONE',  ( -1.000000000000000000, 0.0000000000000000000, 0.0000000000000000000 ) ) ;
#284 = CARTESIAN_POINT ( 'NONE',  ( 11.00000000000000700, 44.99999999999999300, -93.00000000000000000 ) ) ;
#285 = VERTEX_POINT ( 'NONE', #3313 ) ;
#286 = CIRCLE ( 'NONE', #3820, 1.500000000000001300 ) ;
#287 = CIRCLE ( 'NONE', #4598, 2.500000000000002200 ) ;
#288 = EDGE_LOOP ( 'NONE', ( #3425, #3058 ) ) ;
#289 = PLANE ( 'NONE',  #3427 ) ;
#290 = CARTESIAN_POINT ( 'NONE',  ( 2.244805165723644100, 6.630632454277491500, -109.3875325329177700 ) ) ;
#291 = EDGE_CURVE ( 'NONE', #4542, #4177, #2395, .T. ) ;
#292 = LINE ( 'NONE', #782, #1156 ) ;
#293 = EDGE_CURVE ( 'NONE', #626, #3942, #1994, .T. ) ;
#294 = PLANE ( 'NONE',  #4572 ) ;
#295 = CIRCLE ( 'NONE', #3943, 5.000000000000000900 ) ;
#296 = AXIS2_PLACEMENT_3D ( 'NONE', #2860, #3288, #1102 ) ;
#297 = CARTESIAN_POINT ( 'NONE',  ( -2.499999999999997800, 6.538348415311011400, -132.5000000000000000 ) ) ;
#298 = DIRECTION ( 'NONE',  ( -1.000000000000000000, 0.0000000000000000000, 0.0000000000000000000 ) ) ;
#299 = DIRECTION ( 'NONE',  ( 0.0000000000000000000, 0.0000000000000000000, -1.000000000000000000 ) ) ;
#300 = FACE_OUTER_BOUND ( 'NONE', #3742, .T. ) ;
#301 = APPROVAL_PERSON_ORGANIZATION ( #3755, #3631, #2987 ) ;
#302 = DIRECTION ( 'NONE',  ( 0.0000000000000000000, 0.0000000000000000000, -1.000000000000000000 ) ) ;
#303 = LINE ( 'NONE', #4716, #937 ) ;
#304 = LINE ( 'NONE', #1069, #4444 ) ;
#305 = AXIS2_PLACEMENT_3D ( 'NONE', #1852, #2690, #3028 ) ;
#306 = ORIENTED_EDGE ( 'NONE', *, *, #1896, .F. ) ;
#307 = CARTESIAN_POINT ( 'NONE',  ( 11.00000000000000700, 44.99999999999999300, -95.50000000000000000 ) ) ;
#308 = FACE_OUTER_BOUND ( 'NONE', #4425, .T. ) ;
#309 = CARTESIAN_POINT ( 'NONE',  ( 33.99999999999999300, -29.00000000000000400, -103.5000000000000000 ) ) ;
#310 = CARTESIAN_POINT ( 'NONE',  ( -38.50000000000000000, 24.49999999999998900, -105.0000000000000000 ) ) ;
#311 = ORIENTED_EDGE ( 'NONE', *, *, #1124, .F. ) ;
#312 = CARTESIAN_POINT ( 'NONE',  ( 28.99999999999999600, 37.99999999999999300, -103.5000000000000000 ) ) ;
#313 = CARTESIAN_POINT ( 'NONE',  ( 0.0000000000000000000, 49.84668856682723300, -68.49999999999998600 ) ) ;
#314 = ORIENTED_EDGE ( 'NONE', *, *, #2956, .T. ) ;
#315 = EDGE_CURVE ( 'NONE', #1298, #2903, #3376, .T. ) ;
#316 = DIRECTION ( 'NONE',  ( 1.000000000000000000, 0.0000000000000000000, 0.0000000000000000000 ) ) ;
#317 = DIRECTION ( 'NONE',  ( 1.000000000000000000, 0.0000000000000000000, 0.0000000000000000000 ) ) ;
#318 = CARTESIAN_POINT ( 'NONE',  ( 34.79000000000002000, -34.78999999999997100, 0.0000000000000000000 ) ) ;
#319 = CARTESIAN_POINT ( 'NONE',  ( 0.0000000000000000000, 0.0000000000000000000, 6.600000000000000500 ) ) ;
#320 = AXIS2_PLACEMENT_3D ( 'NONE', #3003, #4094, #3290 ) ;
#321 = ORIENTED_EDGE ( 'NONE', *, *, #2668, .T. ) ;
#322 = CARTESIAN_POINT ( 'NONE',  ( -28.99999999999999600, 42.99999999999999300, 0.0000000000000000000 ) ) ;
#323 = ORIENTED_EDGE ( 'NONE', *, *, #3746, .T. ) ;
#324 = EDGE_CURVE ( 'NONE', #1475, #4669, #2169, .T. ) ;
#325 = CARTESIAN_POINT ( 'NONE',  ( -19.13546597130016000, 91.75049768612581100, -57.74950231387434500 ) ) ;
#326 = CARTESIAN_POINT ( 'NONE',  ( 34.00000000000000000, 28.99999999999998900, -103.5000000000000000 ) ) ;
#327 = VERTEX_POINT ( 'NONE', #3525 ) ;
#328 = DIRECTION ( 'NONE',  ( 0.0000000000000000000, 0.0000000000000000000, 1.000000000000000000 ) ) ;
#329 = ORIENTED_EDGE ( 'NONE', *, *, #1492, .T. ) ;
#330 = DIRECTION ( 'NONE',  ( -1.000000000000000000, 0.0000000000000000000, 0.0000000000000000000 ) ) ;
#331 = AXIS2_PLACEMENT_3D ( 'NONE', #3831, #2715, #1268 ) ;
#332 = ORIENTED_EDGE ( 'NONE', *, *, #2377, .T. ) ;
#333 = ORIENTED_EDGE ( 'NONE', *, *, #1001, .F. ) ;
#334 = ORIENTED_EDGE ( 'NONE', *, *, #2128, .T. ) ;
#335 = CARTESIAN_POINT ( 'NONE',  ( -7.997924617902913100, 52.99999999999999300, -95.50000000000000000 ) ) ;
#336 = EDGE_CURVE ( 'NONE', #3942, #3549, #61, .T. ) ;
#337 = CARTESIAN_POINT ( 'NONE',  ( 11.00000000000000700, 48.71259202696843000, -95.50000000000000000 ) ) ;
#338 = CARTESIAN_POINT ( 'NONE',  ( 38.00000000000000000, 27.49999999999998900, -103.5000000000000000 ) ) ;
#339 = LINE ( 'NONE', #2654, #4116 ) ;
#340 = LINE ( 'NONE', #3068, #1261 ) ;
#341 = ORIENTED_EDGE ( 'NONE', *, *, #3391, .T. ) ;
#342 = CIRCLE ( 'NONE', #2981, 3.250000000000002700 ) ;
#343 = CARTESIAN_POINT ( 'NONE',  ( -37.00000000000000000, -37.00000000000000700, 0.0000000000000000000 ) ) ;
#344 = LINE ( 'NONE', #876, #2914 ) ;
#345 = CARTESIAN_POINT ( 'NONE',  ( -2.500000000000000400, 6.538348415311010500, 46.50000000000000700 ) ) ;
#346 = CONICAL_SURFACE ( 'NONE', #1407, 1.649999999999998600, 1.029744258676652800 ) ;
#347 = ORIENTED_EDGE ( 'NONE', *, *, #877, .F. ) ;
#348 = CIRCLE ( 'NONE', #2435, 1.500000000000001300 ) ;
#349 = ORIENTED_EDGE ( 'NONE', *, *, #2957, .F. ) ;
#350 = DIRECTION ( 'NONE',  ( -1.000000000000000000, 0.0000000000000000000, 0.0000000000000000000 ) ) ;
#351 = DIRECTION ( 'NONE',  ( 0.0000000000000000000, 0.0000000000000000000, -1.000000000000000000 ) ) ;
#352 = ADVANCED_FACE ( 'NONE', ( #1546 ), #1029, .T. ) ;
#353 = FACE_OUTER_BOUND ( 'NONE', #2672, .T. ) ;
#354 = CARTESIAN_POINT ( 'NONE',  ( -43.00000000000000000, -24.00000000000000000, -103.5000000000000000 ) ) ;
#355 = CC_DESIGN_DATE_AND_TIME_ASSIGNMENT ( #1387, #4476, ( #3479 ) ) ;
#356 = EDGE_CURVE ( 'NONE', #3226, #2722, #1146, .T. ) ;
#357 = EDGE_CURVE ( 'NONE', #1970, #1772, #1302, .T. ) ;
#358 = EDGE_CURVE ( 'NONE', #4594, #3550, #2453, .T. ) ;
#359 = CYLINDRICAL_SURFACE ( 'NONE', #952, 2.500000000000002200 ) ;
#360 = DIRECTION ( 'NONE',  ( -0.8571673007021118900, 0.0000000000000000000, -0.5150380749100549300 ) ) ;
#361 = CARTESIAN_POINT ( 'NONE',  ( -23.99999999999999600, 37.99999999999999300, -103.5000000000000000 ) ) ;
#362 = CYLINDRICAL_SURFACE ( 'NONE', #1107, 5.000000000000000900 ) ;
#363 = APPROVAL_DATE_TIME ( #764, #259 ) ;
#364 = CARTESIAN_POINT ( 'NONE',  ( -21.49999999999999600, 44.99999999999999300, -95.50000000000000000 ) ) ;
#365 = VERTEX_POINT ( 'NONE', #4184 ) ;
#366 = CONICAL_SURFACE ( 'NONE', #3665, 1.649999999999998600, 1.029744258676653600 ) ;
#367 = AXIS2_PLACEMENT_3D ( 'NONE', #2744, #4276, #2447 ) ;
#368 = CARTESIAN_POINT ( 'NONE',  ( -2.500000000000000400, 5.000000000000000000, 72.00000000000000000 ) ) ;
#369 = CARTESIAN_POINT ( 'NONE',  ( 0.0000000000000000000, 0.0000000000000000000, 47.00000000000000000 ) ) ;
#370 = DIRECTION ( 'NONE',  ( 0.0000000000000000000, 0.0000000000000000000, 1.000000000000000000 ) ) ;
#371 = ORIENTED_EDGE ( 'NONE', *, *, #4310, .T. ) ;
#372 = DIRECTION ( 'NONE',  ( -0.0000000000000000000, -0.0000000000000000000, -1.000000000000000000 ) ) ;
#373 = AXIS2_PLACEMENT_3D ( 'NONE', #3344, #4087, #59 ) ;
#374 = VERTEX_POINT ( 'NONE', #2364 ) ;
#375 = DIRECTION ( 'NONE',  ( 1.000000000000000000, 0.0000000000000000000, 0.0000000000000000000 ) ) ;
#376 = ORIENTED_EDGE ( 'NONE', *, *, #2317, .T. ) ;
#377 = CARTESIAN_POINT ( 'NONE',  ( -40.14999999999999900, 24.49999999999998900, -105.0000000000000000 ) ) ;
#378 = DIRECTION ( 'NONE',  ( -0.0000000000000000000, 0.0000000000000000000, -1.000000000000000000 ) ) ;
#379 = CARTESIAN_POINT ( 'NONE',  ( -23.99999999999999600, -41.50000000000000000, -105.0000000000000000 ) ) ;
#380 = ORIENTED_EDGE ( 'NONE', *, *, #3417, .F. ) ;
#381 = EDGE_CURVE ( 'NONE', #1602, #3124, #449, .T. ) ;
#382 = EDGE_CURVE ( 'NONE', #1098, #260, #3201, .T. ) ;
#383 = CARTESIAN_POINT ( 'NONE',  ( -37.00000000000000000, -43.00000000000000000, 0.0000000000000000000 ) ) ;
#384 = ORIENTED_EDGE ( 'NONE', *, *, #3326, .T. ) ;
#385 = DIRECTION ( 'NONE',  ( 1.000000000000000000, 0.0000000000000000000, 0.0000000000000000000 ) ) ;
#386 = VERTEX_POINT ( 'NONE', #2353 ) ;
#387 = EDGE_LOOP ( 'NONE', ( #2939, #2877, #1077, #1285 ) ) ;
#388 = DIRECTION ( 'NONE',  ( 1.000000000000000000, 0.0000000000000000000, 0.0000000000000000000 ) ) ;
#389 = AXIS2_PLACEMENT_3D ( 'NONE', #2720, #3131, #954 ) ;
#390 = CARTESIAN_POINT ( 'NONE',  ( 0.0000000000000000000, 0.0000000000000000000, 11.60000000000000100 ) ) ;
#391 = VERTEX_POINT ( 'NONE', #1979 ) ;
#392 = ORIENTED_EDGE ( 'NONE', *, *, #3949, .T. ) ;
#393 = LINE ( 'NONE', #3092, #3031 ) ;
#394 = CARTESIAN_POINT ( 'NONE',  ( -11.00000000000000000, 44.99999999999999300, -90.50000000000000000 ) ) ;
#395 = ORIENTED_EDGE ( 'NONE', *, *, #93, .F. ) ;
#396 = DIRECTION ( 'NONE',  ( 0.0000000000000000000, 0.0000000000000000000, 1.000000000000000000 ) ) ;
#397 = DIRECTION ( 'NONE',  ( -1.000000000000000000, 0.0000000000000000000, 0.0000000000000000000 ) ) ;
#398 = EDGE_LOOP ( 'NONE', ( #3705, #2575, #1687, #4281 ) ) ;
#399 = ORIENTED_EDGE ( 'NONE', *, *, #3171, .T. ) ;
#400 = VECTOR ( 'NONE', #3105, 1000.000000000000000 ) ;
#401 = CIRCLE ( 'NONE', #2688, 1.050000000000000000 ) ;
#402 = EDGE_LOOP ( 'NONE', ( #3992, #3082 ) ) ;
#403 = AXIS2_PLACEMENT_3D ( 'NONE', #369, #752, #1122 ) ;
#404 = CARTESIAN_POINT ( 'NONE',  ( 24.49999999999999600, 38.49999999999999300, -94.89999999999999100 ) ) ;
#405 = VECTOR ( 'NONE', #2814, 1000.000000000000000 ) ;
#406 = VERTEX_POINT ( 'NONE', #3863 ) ;
#407 = EDGE_LOOP ( 'NONE', ( #2676, #2831, #3926, #4126 ) ) ;
#408 = ADVANCED_FACE ( 'NONE', ( #3618 ), #4006, .T. ) ;
#409 = VECTOR ( 'NONE', #2976, 1000.000000000000000 ) ;
#410 = DIRECTION ( 'NONE',  ( 0.0000000000000000000, 1.000000000000000000, 0.0000000000000000000 ) ) ;
#411 = FACE_OUTER_BOUND ( 'NONE', #3067, .T. ) ;
#412 = DIRECTION ( 'NONE',  ( -1.000000000000000000, 0.0000000000000000000, -0.0000000000000000000 ) ) ;
#413 = CARTESIAN_POINT ( 'NONE',  ( -38.00000000000000000, 23.99999999999998600, 10.00000000000000000 ) ) ;
#414 = FACE_OUTER_BOUND ( 'NONE', #3882, .T. ) ;
#415 = CARTESIAN_POINT ( 'NONE',  ( -10.99999999999999600, 44.99999999999999300, -93.00000000000000000 ) ) ;
#416 = EDGE_CURVE ( 'NONE', #1298, #4347, #3137, .T. ) ;
#417 = EDGE_CURVE ( 'NONE', #2664, #1527, #3491, .T. ) ;
#418 = DIRECTION ( 'NONE',  ( -0.0000000000000000000, -0.0000000000000000000, 1.000000000000000000 ) ) ;
#419 = CYLINDRICAL_SURFACE ( 'NONE', #3470, 5.000000000000000900 ) ;
#420 = CARTESIAN_POINT ( 'NONE',  ( -2.483521002841859300, 6.544715494727168600, 24.16993349549307300 ) ) ;
#421 = CYLINDRICAL_SURFACE ( 'NONE', #4695, 1.500000000000001300 ) ;
#422 = AXIS2_PLACEMENT_3D ( 'NONE', #4485, #3342, #443 ) ;
#423 = VERTEX_POINT ( 'NONE', #2378 ) ;
#424 = CIRCLE ( 'NONE', #1303, 7.000000000000000000 ) ;
#425 = CARTESIAN_POINT ( 'NONE',  ( -43.00000000000000000, -43.00000000000000000, 10.00000000000000000 ) ) ;
#426 = DIRECTION ( 'NONE',  ( 0.0000000000000000000, 0.0000000000000000000, 1.000000000000000000 ) ) ;
#427 = ORIENTED_EDGE ( 'NONE', *, *, #2645, .F. ) ;
#428 = VERTEX_POINT ( 'NONE', #4216 ) ;
#429 = ADVANCED_FACE ( 'NONE', ( #4183 ), #561, .F. ) ;
#430 = ORIENTED_EDGE ( 'NONE', *, *, #1642, .T. ) ;
#431 = AXIS2_PLACEMENT_3D ( 'NONE', #2649, #784, #3025 ) ;
#432 = DIRECTION ( 'NONE',  ( 1.000000000000000000, 0.0000000000000000000, 0.0000000000000000000 ) ) ;
#433 = DIRECTION ( 'NONE',  ( 0.0000000000000000000, 0.0000000000000000000, -1.000000000000000000 ) ) ;
#434 = VERTEX_POINT ( 'NONE', #2779 ) ;
#435 = DIRECTION ( 'NONE',  ( -0.0000000000000000000, -0.0000000000000000000, -1.000000000000000000 ) ) ;
#436 = ORIENTED_EDGE ( 'NONE', *, *, #1246, .T. ) ;
#437 = CARTESIAN_POINT ( 'NONE',  ( -33.99999999999999300, 27.49999999999998900, -103.5000000000000000 ) ) ;
#438 = ORIENTED_EDGE ( 'NONE', *, *, #586, .T. ) ;
#439 = EDGE_CURVE ( 'NONE', #2771, #4625, #2285, .T. ) ;
#440 = ORIENTED_EDGE ( 'NONE', *, *, #1619, .F. ) ;
#441 = EDGE_CURVE ( 'NONE', #1350, #805, #4295, .T. ) ;
#442 = EDGE_CURVE ( 'NONE', #4177, #4008, #4234, .T. ) ;
#443 = DIRECTION ( 'NONE',  ( -1.000000000000000000, 0.0000000000000000000, 0.0000000000000000000 ) ) ;
#444 = ORIENTED_EDGE ( 'NONE', *, *, #2409, .F. ) ;
#445 = VERTEX_POINT ( 'NONE', #2441 ) ;
#446 = AXIS2_PLACEMENT_3D ( 'NONE', #2686, #2639, #3061 ) ;
#447 = LINE ( 'NONE', #3071, #2042 ) ;
#448 = CARTESIAN_POINT ( 'NONE',  ( 0.0000000000000000000, 0.0000000000000000000, 10.00000000000000000 ) ) ;
#449 = CIRCLE ( 'NONE', #246, 1.500000000000001300 ) ;
#450 = ADVANCED_FACE ( 'NONE', ( #169 ), #504, .T. ) ;
#451 = VERTEX_POINT ( 'NONE', #1351 ) ;
#452 = ORIENTED_EDGE ( 'NONE', *, *, #3455, .F. ) ;
#453 = CYLINDRICAL_SURFACE ( 'NONE', #431, 5.000000000000000900 ) ;
#454 = CIRCLE ( 'NONE', #3212, 3.250000000000002700 ) ;
#455 = CYLINDRICAL_SURFACE ( 'NONE', #3635, 3.250000000000002700 ) ;
#456 = CARTESIAN_POINT ( 'NONE',  ( -23.99999999999999600, 42.99999999999999300, -103.5000000000000000 ) ) ;
#457 = VECTOR ( 'NONE', #1231, 1000.000000000000000 ) ;
#458 = VERTEX_POINT ( 'NONE', #2472 ) ;
#459 = AXIS2_PLACEMENT_3D ( 'NONE', #2085, #2104, #1374 ) ;
#460 = CARTESIAN_POINT ( 'NONE',  ( 0.0000000000000000000, 0.0000000000000000000, -105.0000000000000000 ) ) ;
#461 = CIRCLE ( 'NONE', #3175, 3.250000000000002700 ) ;
#462 = DIRECTION ( 'NONE',  ( -0.0000000000000000000, -0.0000000000000000000, 1.000000000000000000 ) ) ;
#463 = DIRECTION ( 'NONE',  ( 1.000000000000000000, 0.0000000000000000000, 0.0000000000000000000 ) ) ;
#464 = DIRECTION ( 'NONE',  ( -1.000000000000000000, 0.0000000000000000000, 0.0000000000000000000 ) ) ;
#465 = LINE ( 'NONE', #1882, #576 ) ;
#466 = EDGE_CURVE ( 'NONE', #391, #285, #2109, .T. ) ;
#467 = DIRECTION ( 'NONE',  ( -1.000000000000000000, 0.0000000000000000000, 0.0000000000000000000 ) ) ;
#468 = EDGE_CURVE ( 'NONE', #254, #458, #3256, .T. ) ;
#469 = CIRCLE ( 'NONE', #3496, 6.499999999999999100 ) ;
#470 = TOROIDAL_SURFACE ( 'NONE', #2321, 6.500000000000000900, 1.500000000000000000 ) ;
#471 = ADVANCED_FACE ( 'NONE', ( #4586 ), #3179, .F. ) ;
#472 = VERTEX_POINT ( 'NONE', #2486 ) ;
#473 = DIRECTION ( 'NONE',  ( -1.000000000000000000, -0.0000000000000000000, 0.0000000000000000000 ) ) ;
#474 = FACE_OUTER_BOUND ( 'NONE', #2616, .T. ) ;
#475 = AXIS2_PLACEMENT_3D ( 'NONE', #711, #328, #4016 ) ;
#476 = DIRECTION ( 'NONE',  ( 0.0000000000000000000, 0.0000000000000000000, -1.000000000000000000 ) ) ;
#477 = ORIENTED_EDGE ( 'NONE', *, *, #4194, .T. ) ;
#478 = DIRECTION ( 'NONE',  ( -0.0000000000000000000, -0.0000000000000000000, -1.000000000000000000 ) ) ;
#479 = ORIENTED_EDGE ( 'NONE', *, *, #2769, .F. ) ;
#480 = ADVANCED_FACE ( 'NONE', ( #2229 ), #2972, .F. ) ;
#481 = DIRECTION ( 'NONE',  ( -0.0000000000000000000, -0.0000000000000000000, -1.000000000000000000 ) ) ;
#482 = AXIS2_PLACEMENT_3D ( 'NONE', #1871, #4437, #2245 ) ;
#483 = EDGE_LOOP ( 'NONE', ( #2504, #4525, #1719, #3769 ) ) ;
#484 = DIRECTION ( 'NONE',  ( -0.0000000000000000000, 1.000000000000000000, -0.0000000000000000000 ) ) ;
#485 = ORIENTED_EDGE ( 'NONE', *, *, #173, .F. ) ;
#486 = CARTESIAN_POINT ( 'NONE',  ( -15.00000000000000000, 52.99999999999999300, -83.49999999999998600 ) ) ;
#487 = ADVANCED_FACE ( 'NONE', ( #2574 ), #3952, .F. ) ;
#488 = CARTESIAN_POINT ( 'NONE',  ( -36.85000000000000100, 24.49999999999998900, -104.4999999999999900 ) ) ;
#489 = ORIENTED_EDGE ( 'NONE', *, *, #847, .T. ) ;
#490 = ORIENTED_EDGE ( 'NONE', *, *, #2490, .T. ) ;
#491 = DIRECTION ( 'NONE',  ( -0.0000000000000000000, -0.0000000000000000000, 1.000000000000000000 ) ) ;
#492 = ORIENTED_EDGE ( 'NONE', *, *, #1397, .F. ) ;
#493 = CARTESIAN_POINT ( 'NONE',  ( 7.997924617902913100, 52.99999999999999300, -83.49999999999998600 ) ) ;
#494 = EDGE_LOOP ( 'NONE', ( #3534, #1252, #513, #4688 ) ) ;
#495 = CC_DESIGN_PERSON_AND_ORGANIZATION_ASSIGNMENT ( #993, #1887, ( #3136 ) ) ;
#496 = VECTOR ( 'NONE', #1212, 1000.000000000000000 ) ;
#497 = EDGE_CURVE ( 'NONE', #3779, #4521, #3842, .T. ) ;
#498 = EDGE_CURVE ( 'NONE', #4558, #386, #1426, .T. ) ;
#499 = EDGE_LOOP ( 'NONE', ( #2549, #2181, #3060, #2848 ) ) ;
#500 = VERTEX_POINT ( 'NONE', #2071 ) ;
#501 = DIRECTION ( 'NONE',  ( -0.0000000000000000000, 0.0000000000000000000, 1.000000000000000000 ) ) ;
#502 = CARTESIAN_POINT ( 'NONE',  ( 28.99999999999999600, -34.00000000000000000, 0.0000000000000000000 ) ) ;
#503 = CIRCLE ( 'NONE', #1438, 5.000000000000000900 ) ;
#504 = CYLINDRICAL_SURFACE ( 'NONE', #3443, 4.000000000000000900 ) ;
#505 = ADVANCED_FACE ( 'NONE', ( #3553 ), #1728, .F. ) ;
#506 = DIRECTION ( 'NONE',  ( 1.000000000000000000, 0.0000000000000000000, 0.0000000000000000000 ) ) ;
#507 = VERTEX_POINT ( 'NONE', #632 ) ;
#508 = AXIS2_PLACEMENT_3D ( 'NONE', #4693, #1741, #640 ) ;
#509 = CARTESIAN_POINT ( 'NONE',  ( 24.49999999999999600, 38.49999999999999300, -105.0000000000000000 ) ) ;
#510 = ADVANCED_FACE ( 'NONE', ( #676 ), #1891, .F. ) ;
#511 = DIRECTION ( 'NONE',  ( 0.0000000000000000000, 0.0000000000000000000, -1.000000000000000000 ) ) ;
#512 = VECTOR ( 'NONE', #795, 1000.000000000000000 ) ;
#513 = ORIENTED_EDGE ( 'NONE', *, *, #3233, .T. ) ;
#514 = VERTEX_POINT ( 'NONE', #3593 ) ;
#515 = EDGE_CURVE ( 'NONE', #4161, #591, #800, .T. ) ;
#516 = DIRECTION ( 'NONE',  ( 0.0000000000000000000, 0.0000000000000000000, -1.000000000000000000 ) ) ;
#517 = VECTOR ( 'NONE', #1061, 1000.000000000000000 ) ;
#518 = DIRECTION ( 'NONE',  ( 0.0000000000000000000, 1.000000000000000000, -0.0000000000000000000 ) ) ;
#519 = ADVANCED_FACE ( 'NONE', ( #3440 ), #2844, .T. ) ;
#520 = CYLINDRICAL_SURFACE ( 'NONE', #4419, 9.000000000000000000 ) ;
#521 = AXIS2_PLACEMENT_3D ( 'NONE', #2843, #2099, #2520 ) ;
#522 = DIRECTION ( 'NONE',  ( -1.000000000000000000, 0.0000000000000000000, 0.0000000000000000000 ) ) ;
#523 = CARTESIAN_POINT ( 'NONE',  ( -23.99999999999999600, 41.49999999999998600, -103.5000000000000000 ) ) ;
#524 = VECTOR ( 'NONE', #797, 1000.000000000000000 ) ;
#525 = CARTESIAN_POINT ( 'NONE',  ( 24.49999999999999600, 38.49999999999999300, -105.0000000000000000 ) ) ;
#526 = FACE_OUTER_BOUND ( 'NONE', #713, .T. ) ;
#527 = EDGE_CURVE ( 'NONE', #4753, #3486, #3870, .T. ) ;
#528 = FACE_OUTER_BOUND ( 'NONE', #1240, .T. ) ;
#529 = DIRECTION ( 'NONE',  ( -1.000000000000000000, 0.0000000000000000000, 0.0000000000000000000 ) ) ;
#530 = EDGE_CURVE ( 'NONE', #4630, #1431, #4067, .T. ) ;
#531 = ORIENTED_EDGE ( 'NONE', *, *, #1767, .T. ) ;
#532 = LINE ( 'NONE', #912, #1683 ) ;
#533 = ORIENTED_EDGE ( 'NONE', *, *, #4410, .F. ) ;
#534 = AXIS2_PLACEMENT_3D ( 'NONE', #2014, #4588, #2740 ) ;
#535 = VERTEX_POINT ( 'NONE', #4325 ) ;
#536 = DIRECTION ( 'NONE',  ( -0.0000000000000000000, -0.0000000000000000000, 1.000000000000000000 ) ) ;
#537 = ORIENTED_EDGE ( 'NONE', *, *, #1732, .T. ) ;
#538 = DIRECTION ( 'NONE',  ( 1.000000000000000000, 0.0000000000000000000, 0.0000000000000000000 ) ) ;
#539 = AXIS2_PLACEMENT_3D ( 'NONE', #3287, #3347, #789 ) ;
#540 = EDGE_LOOP ( 'NONE', ( #4531, #557, #4561, #1516 ) ) ;
#541 = CARTESIAN_POINT ( 'NONE',  ( -22.84999999999999800, -38.50000000000000700, -105.0000000000000000 ) ) ;
#542 = ADVANCED_FACE ( 'NONE', ( #2343, #1369 ), #1444, .T. ) ;
#543 = ADVANCED_FACE ( 'NONE', ( #4702 ), #3733, .T. ) ;
#544 = ADVANCED_FACE ( 'NONE', ( #4529 ), #4357, .F. ) ;
#545 = DIRECTION ( 'NONE',  ( -1.000000000000000000, 0.0000000000000000000, 0.0000000000000000000 ) ) ;
#546 = AXIS2_PLACEMENT_3D ( 'NONE', #915, #1680, #2011 ) ;
#547 = ORIENTED_EDGE ( 'NONE', *, *, #1672, .F. ) ;
#548 = ORIENTED_EDGE ( 'NONE', *, *, #3076, .T. ) ;
#549 = CARTESIAN_POINT ( 'NONE',  ( -15.00000000000000000, 42.99999999999999300, -83.49999999999998600 ) ) ;
#550 = EDGE_LOOP ( 'NONE', ( #3054, #1747, #148, #798, #749 ) ) ;
#551 = VERTEX_POINT ( 'NONE', #3681 ) ;
#552 = ORIENTED_EDGE ( 'NONE', *, *, #173, .T. ) ;
#553 = DIRECTION ( 'NONE',  ( 1.000000000000000000, 0.0000000000000000000, 0.0000000000000000000 ) ) ;
#554 = EDGE_CURVE ( 'NONE', #4483, #3429, #2338, .T. ) ;
#555 = DIRECTION ( 'NONE',  ( 0.0000000000000000000, 0.0000000000000000000, 1.000000000000000000 ) ) ;
#556 = ORIENTED_EDGE ( 'NONE', *, *, #4370, .F. ) ;
#557 = ORIENTED_EDGE ( 'NONE', *, *, #1732, .F. ) ;
#558 = ORIENTED_EDGE ( 'NONE', *, *, #3914, .T. ) ;
#559 = DIRECTION ( 'NONE',  ( -0.0000000000000000000, -0.0000000000000000000, 1.000000000000000000 ) ) ;
#560 = VECTOR ( 'NONE', #3822, 1000.000000000000000 ) ;
#561 = CYLINDRICAL_SURFACE ( 'NONE', #4174, 3.250000000000002700 ) ;
#562 = CARTESIAN_POINT ( 'NONE',  ( 38.50000000000000000, -24.50000000000000400, -105.0000000000000000 ) ) ;
#563 = ORIENTED_EDGE ( 'NONE', *, *, #1097, .F. ) ;
#564 = AXIS2_PLACEMENT_3D ( 'NONE', #4045, #2565, #765 ) ;
#565 = LINE ( 'NONE', #4243, #4704 ) ;
#566 = LINE ( 'NONE', #1178, #4365 ) ;
#567 = EDGE_CURVE ( 'NONE', #3923, #4746, #1940, .T. ) ;
#568 = VECTOR ( 'NONE', #2126, 1000.000000000000200 ) ;
#569 = DIRECTION ( 'NONE',  ( 0.7071067811865279200, 8.659560562354692500E-017, -0.7071067811865671100 ) ) ;
#570 = FACE_OUTER_BOUND ( 'NONE', #2144, .T. ) ;
#571 = ORIENTED_EDGE ( 'NONE', *, *, #3484, .T. ) ;
#572 = AXIS2_PLACEMENT_3D ( 'NONE', #2617, #2258, #1142 ) ;
#573 = FACE_OUTER_BOUND ( 'NONE', #1353, .T. ) ;
#574 = AXIS2_PLACEMENT_3D ( 'NONE', #1793, #2913, #4025 ) ;
#575 = CARTESIAN_POINT ( 'NONE',  ( -2.025056425745498600, 47.82163214108172900, -68.49999999999998600 ) ) ;
#576 = VECTOR ( 'NONE', #4057, 1000.000000000000000 ) ;
#577 = DIRECTION ( 'NONE',  ( 0.0000000000000000000, 0.0000000000000000000, -1.000000000000000000 ) ) ;
#578 = DIRECTION ( 'NONE',  ( 1.000000000000000000, 0.0000000000000000000, 0.0000000000000000000 ) ) ;
#579 = FACE_OUTER_BOUND ( 'NONE', #105, .T. ) ;
#580 = VECTOR ( 'NONE', #1827, 1000.000000000000000 ) ;
#581 = DIRECTION ( 'NONE',  ( -1.000000000000000000, -0.0000000000000000000, -0.0000000000000000000 ) ) ;
#582 = ORIENTED_EDGE ( 'NONE', *, *, #1456, .F. ) ;
#583 = DIRECTION ( 'NONE',  ( -0.0000000000000000000, -0.0000000000000000000, 1.000000000000000000 ) ) ;
#584 = CIRCLE ( 'NONE', #659, 2.149999999999985300 ) ;
#585 = EDGE_LOOP ( 'NONE', ( #3875, #3134, #3881, #2084 ) ) ;
#586 = EDGE_CURVE ( 'NONE', #500, #2519, #3193, .T. ) ;
#587 = DIRECTION ( 'NONE',  ( -1.000000000000000000, 0.0000000000000000000, 0.0000000000000000000 ) ) ;
#588 = EDGE_CURVE ( 'NONE', #1923, #786, #4175, .T. ) ;
#589 = EDGE_CURVE ( 'NONE', #2203, #2370, #2564, .T. ) ;
#590 = CARTESIAN_POINT ( 'NONE',  ( 2.499999999999999600, 6.538348415311010500, 46.50000000000000700 ) ) ;
#591 = VERTEX_POINT ( 'NONE', #3768 ) ;
#592 = CARTESIAN_POINT ( 'NONE',  ( -25.71787683086650800, 3.149531554178654000E-015, 10.00000000000000000 ) ) ;
#593 = DIRECTION ( 'NONE',  ( 0.0000000000000000000, 1.000000000000000000, 0.0000000000000000000 ) ) ;
#594 = DIRECTION ( 'NONE',  ( -0.0000000000000000000, 1.000000000000000000, -0.0000000000000000000 ) ) ;
#595 = AXIS2_PLACEMENT_3D ( 'NONE', #3321, #745, #4077 ) ;
#596 = DIRECTION ( 'NONE',  ( 0.0000000000000000000, 0.0000000000000000000, 1.000000000000000000 ) ) ;
#597 = CARTESIAN_POINT ( 'NONE',  ( 2.499999999999999600, 6.000000000000002700, 47.00000000000000700 ) ) ;
#598 = AXIS2_PLACEMENT_3D ( 'NONE', #198, #2004, #928 ) ;
#599 = ORIENTED_EDGE ( 'NONE', *, *, #4382, .F. ) ;
#600 = VERTEX_POINT ( 'NONE', #1873 ) ;
#601 = ORIENTED_EDGE ( 'NONE', *, *, #2238, .F. ) ;
#602 = DIRECTION ( 'NONE',  ( -0.0000000000000000000, -0.0000000000000000000, -1.000000000000000000 ) ) ;
#603 = VERTEX_POINT ( 'NONE', #857 ) ;
#604 = CARTESIAN_POINT ( 'NONE',  ( -0.6513527786893776900, 6.971489897067982600, -108.0807898013550800 ) ) ;
#605 = CARTESIAN_POINT ( 'NONE',  ( 0.0000000000000000000, 0.0000000000000000000, 42.00000000000000000 ) ) ;
#606 = AXIS2_PLACEMENT_3D ( 'NONE', #46, #412, #4064 ) ;
#607 = ORIENTED_EDGE ( 'NONE', *, *, #1272, .T. ) ;
#608 = ORIENTED_EDGE ( 'NONE', *, *, #382, .T. ) ;
#609 = ADVANCED_FACE ( 'NONE', ( #4287 ), #4413, .T. ) ;
#610 = DIRECTION ( 'NONE',  ( -1.000000000000000000, 0.0000000000000000000, 0.0000000000000000000 ) ) ;
#611 = ORIENTED_EDGE ( 'NONE', *, *, #967, .T. ) ;
#612 = CIRCLE ( 'NONE', #2111, 1.649999999999998600 ) ;
#613 = DIRECTION ( 'NONE',  ( 0.1736481776669337500, 0.0000000000000000000, 0.9848077530122073500 ) ) ;
#614 = ORIENTED_EDGE ( 'NONE', *, *, #2344, .F. ) ;
#615 = ORIENTED_EDGE ( 'NONE', *, *, #3050, .F. ) ;
#616 = ORIENTED_EDGE ( 'NONE', *, *, #199, .T. ) ;
#617 = CARTESIAN_POINT ( 'NONE',  ( -38.50000000000000000, 24.49999999999998900, -94.89999999999999100 ) ) ;
#618 = CARTESIAN_POINT ( 'NONE',  ( 2.483521002841861500, 6.544715494727168600, -110.1699334954930700 ) ) ;
#619 = FACE_OUTER_BOUND ( 'NONE', #843, .T. ) ;
#620 = VECTOR ( 'NONE', #3924, 1000.000000000000000 ) ;
#621 = EDGE_CURVE ( 'NONE', #840, #669, #612, .T. ) ;
#622 = EDGE_CURVE ( 'NONE', #3369, #3442, #4636, .T. ) ;
#623 = ORIENTED_EDGE ( 'NONE', *, *, #3080, .T. ) ;
#624 = FACE_OUTER_BOUND ( 'NONE', #1309, .T. ) ;
#625 = CARTESIAN_POINT ( 'NONE',  ( 0.0000000000000000000, 0.0000000000000000000, -99.99999999999998600 ) ) ;
#626 = VERTEX_POINT ( 'NONE', #839 ) ;
#627 = CARTESIAN_POINT ( 'NONE',  ( -1.996253024152488500, 6.713473101842142300, -108.9607270894597700 ) ) ;
#628 = ORIENTED_EDGE ( 'NONE', *, *, #1031, .F. ) ;
#629 = AXIS2_PLACEMENT_3D ( 'NONE', #149, #825, #4187 ) ;
#630 = DIRECTION ( 'NONE',  ( 0.0000000000000000000, 0.0000000000000000000, -1.000000000000000000 ) ) ;
#631 = CIRCLE ( 'NONE', #237, 1.649999999999998600 ) ;
#632 = CARTESIAN_POINT ( 'NONE',  ( 38.00000000000000000, -29.00000000000000400, -103.5000000000000000 ) ) ;
#633 = VECTOR ( 'NONE', #1967, 1000.000000000000000 ) ;
#634 = CARTESIAN_POINT ( 'NONE',  ( -33.99999999999999300, 33.99999999999998600, 0.0000000000000000000 ) ) ;
#635 = CARTESIAN_POINT ( 'NONE',  ( 1.882561122242553800, 6.743136419239587700, -108.8471071652638400 ) ) ;
#636 = CIRCLE ( 'NONE', #3064, 1.500000000000001300 ) ;
#637 = CONICAL_SURFACE ( 'NONE', #3569, 25.71787683086650800, 0.1745329251994364200 ) ;
#638 = VECTOR ( 'NONE', #977, 1000.000000000000000 ) ;
#639 = DIRECTION ( 'NONE',  ( 0.0000000000000000000, -1.000000000000000000, 0.0000000000000000000 ) ) ;
#640 = DIRECTION ( 'NONE',  ( 1.000000000000000000, 0.0000000000000000000, 0.0000000000000000000 ) ) ;
#641 = ORIENTED_EDGE ( 'NONE', *, *, #943, .T. ) ;
#642 = CIRCLE ( 'NONE', #3864, 7.000000000000000000 ) ;
#643 = ADVANCED_FACE ( 'NONE', ( #3893 ), #3312, .T. ) ;
#644 = DIRECTION ( 'NONE',  ( 0.0000000000000000000, -1.000000000000000000, 0.0000000000000000000 ) ) ;
#645 = ORIENTED_EDGE ( 'NONE', *, *, #4311, .T. ) ;
#646 = CARTESIAN_POINT ( 'NONE',  ( -28.99999999999999600, -38.00000000000000700, 0.0000000000000000000 ) ) ;
#647 = ORIENTED_EDGE ( 'NONE', *, *, #1170, .T. ) ;
#648 = ADVANCED_FACE ( 'NONE', ( #1359 ), #738, .F. ) ;
#649 = DIRECTION ( 'NONE',  ( -1.000000000000000000, 0.0000000000000000000, 0.0000000000000000000 ) ) ;
#650 = AXIS2_PLACEMENT_3D ( 'NONE', #2380, #918, #2337 ) ;
#651 = ORIENTED_EDGE ( 'NONE', *, *, #2256, .T. ) ;
#652 = EDGE_CURVE ( 'NONE', #4065, #805, #2909, .T. ) ;
#653 = CARTESIAN_POINT ( 'NONE',  ( -2.499999999999997800, 6.538348415311011400, -110.5000000000000000 ) ) ;
#654 = EDGE_CURVE ( 'NONE', #945, #2091, #393, .T. ) ;
#655 = DIRECTION ( 'NONE',  ( -0.0000000000000000000, 1.000000000000000000, -0.0000000000000000000 ) ) ;
#656 = CARTESIAN_POINT ( 'NONE',  ( 0.0000000000000000000, 0.0000000000000000000, 42.00000000000000000 ) ) ;
#657 = CARTESIAN_POINT ( 'NONE',  ( 0.0000000000000000000, 0.0000000000000000000, -99.99999999999998600 ) ) ;
#658 = CARTESIAN_POINT ( 'NONE',  ( -0.7750564257454981600, 47.82163214108172900, -68.49999999999998600 ) ) ;
#659 = AXIS2_PLACEMENT_3D ( 'NONE', #1237, #4568, #3051 ) ;
#660 = ORIENTED_EDGE ( 'NONE', *, *, #3481, .F. ) ;
#661 = EDGE_LOOP ( 'NONE', ( #1825, #2841, #4629, #2038 ) ) ;
#662 = DIRECTION ( 'NONE',  ( 0.0000000000000000000, 0.0000000000000000000, 1.000000000000000000 ) ) ;
#663 = CARTESIAN_POINT ( 'NONE',  ( 9.000000000000000000, 1.102182119232617700E-015, -105.0000000000000000 ) ) ;
#664 = EDGE_CURVE ( 'NONE', #1822, #1288, #2778, .T. ) ;
#665 = VERTEX_POINT ( 'NONE', #135 ) ;
#666 = VERTEX_POINT ( 'NONE', #1999 ) ;
#667 = CARTESIAN_POINT ( 'NONE',  ( -28.99999999999999600, 37.99999999999999300, -103.5000000000000000 ) ) ;
#668 = DIRECTION ( 'NONE',  ( 0.0000000000000000000, 0.0000000000000000000, -1.000000000000000000 ) ) ;
#669 = VERTEX_POINT ( 'NONE', #488 ) ;
#670 = DIRECTION ( 'NONE',  ( 1.000000000000000000, 0.0000000000000000000, 0.0000000000000000000 ) ) ;
#671 = DIRECTION ( 'NONE',  ( 1.000000000000000000, 0.0000000000000000000, 0.0000000000000000000 ) ) ;
#672 = AXIS2_PLACEMENT_3D ( 'NONE', #1543, #418, #2622 ) ;
#673 = VERTEX_POINT ( 'NONE', #1614 ) ;
#674 = LINE ( 'NONE', #1984, #3490 ) ;
#675 = DIRECTION ( 'NONE',  ( 1.000000000000000000, -0.0000000000000000000, -0.0000000000000000000 ) ) ;
#676 = FACE_OUTER_BOUND ( 'NONE', #398, .T. ) ;
#677 = CARTESIAN_POINT ( 'NONE',  ( -41.49999999999999300, 0.0000000000000000000, -103.5000000000000000 ) ) ;
#678 = PLANE ( 'NONE',  #1414 ) ;
#679 = VECTOR ( 'NONE', #1935, 1000.000000000000000 ) ;
#680 = FACE_OUTER_BOUND ( 'NONE', #3902, .T. ) ;
#681 = CARTESIAN_POINT ( 'NONE',  ( 1.255945787636616900, 6.887791082098757100, 22.33225260273932000 ) ) ;
#682 = CIRCLE ( 'NONE', #3039, 3.499999999999999600 ) ;
#683 = ORIENTED_EDGE ( 'NONE', *, *, #1863, .T. ) ;
#684 = CARTESIAN_POINT ( 'NONE',  ( -24.49999999999999600, -38.50000000000000700, -104.5000000000000400 ) ) ;
#685 = CARTESIAN_POINT ( 'NONE',  ( 9.535533905932744900, 50.80406636015202100, -95.50000000000000000 ) ) ;
#686 = EDGE_CURVE ( 'NONE', #1264, #3614, #112, .T. ) ;
#687 = FACE_OUTER_BOUND ( 'NONE', #1681, .T. ) ;
#688 = EDGE_CURVE ( 'NONE', #327, #164, #1834, .T. ) ;
#689 = VERTEX_POINT ( 'NONE', #2383 ) ;
#690 = EDGE_CURVE ( 'NONE', #4008, #2491, #3673, .T. ) ;
#691 = CARTESIAN_POINT ( 'NONE',  ( 0.0000000000000000000, 49.84668856682723300, -73.50000000000000000 ) ) ;
#692 = DIRECTION ( 'NONE',  ( 0.0000000000000000000, -0.0000000000000000000, -1.000000000000000000 ) ) ;
#693 = FACE_OUTER_BOUND ( 'NONE', #157, .T. ) ;
#694 = AXIS2_PLACEMENT_3D ( 'NONE', #2561, #692, #375 ) ;
#695 = CARTESIAN_POINT ( 'NONE',  ( 9.000000000000000000, 0.0000000000000000000, 6.600000000000000500 ) ) ;
#696 = CARTESIAN_POINT ( 'NONE',  ( -33.99999999999999300, -34.00000000000000000, 0.0000000000000000000 ) ) ;
#697 = DIRECTION ( 'NONE',  ( -1.000000000000000000, 0.0000000000000000000, 0.0000000000000000000 ) ) ;
#698 = FACE_OUTER_BOUND ( 'NONE', #4002, .T. ) ;
#699 = DIRECTION ( 'NONE',  ( -1.000000000000000000, 0.0000000000000000000, 0.0000000000000000000 ) ) ;
#700 = DIRECTION ( 'NONE',  ( -1.000000000000000000, 0.0000000000000000000, -0.0000000000000000000 ) ) ;
#701 = CIRCLE ( 'NONE', #1874, 2.149999999999929700 ) ;
#702 = DIRECTION ( 'NONE',  ( 0.0000000000000000000, 0.0000000000000000000, 1.000000000000000000 ) ) ;
#703 = CONICAL_SURFACE ( 'NONE', #3813, 36.40000000000001300, 0.7853981633973787800 ) ;
#704 = AXIS2_PLACEMENT_3D ( 'NONE', #1938, #3412, #1609 ) ;
#705 = ORIENTED_EDGE ( 'NONE', *, *, #2088, .F. ) ;
#706 = LINE ( 'NONE', #3471, #3343 ) ;
#707 = DIRECTION ( 'NONE',  ( -0.0000000000000000000, -0.0000000000000000000, -1.000000000000000000 ) ) ;
#708 = CARTESIAN_POINT ( 'NONE',  ( 23.99999999999999300, 37.99999999999999300, -103.5000000000000000 ) ) ;
#709 = CARTESIAN_POINT ( 'NONE',  ( 2.025056425745498600, 47.82163214108175000, -73.50000000000000000 ) ) ;
#710 = ORIENTED_EDGE ( 'NONE', *, *, #567, .F. ) ;
#711 = CARTESIAN_POINT ( 'NONE',  ( 0.0000000000000000000, 0.0000000000000000000, 11.60000000000000100 ) ) ;
#712 = DIRECTION ( 'NONE',  ( 0.0000000000000000000, 0.0000000000000000000, -1.000000000000000000 ) ) ;
#713 = EDGE_LOOP ( 'NONE', ( #321, #2652, #2899, #3701 ) ) ;
#714 = EDGE_CURVE ( 'NONE', #1004, #1422, #855, .T. ) ;
#715 = DIRECTION ( 'NONE',  ( -0.0000000000000000000, 1.000000000000000000, -0.0000000000000000000 ) ) ;
#716 = EDGE_CURVE ( 'NONE', #2056, #1706, #3434, .T. ) ;
#717 = DIRECTION ( 'NONE',  ( 1.000000000000000000, 0.0000000000000000000, 0.0000000000000000000 ) ) ;
#718 = DIRECTION ( 'NONE',  ( -1.000000000000000000, 0.0000000000000000000, 0.0000000000000000000 ) ) ;
#719 = AXIS2_PLACEMENT_3D ( 'NONE', #2551, #1423, #2906 ) ;
#720 = EDGE_LOOP ( 'NONE', ( #552, #4615, #4461, #1604 ) ) ;
#721 = DIRECTION ( 'NONE',  ( -0.0000000000000000000, -0.0000000000000000000, 1.000000000000000000 ) ) ;
#722 = CARTESIAN_POINT ( 'NONE',  ( 1.250000000000000400, 49.84668856682723300, -68.49999999999998600 ) ) ;
#723 = VERTEX_POINT ( 'NONE', #921 ) ;
#724 = EDGE_LOOP ( 'NONE', ( #1257, #4453, #4474, #614 ) ) ;
#725 = DIRECTION ( 'NONE',  ( 0.0000000000000000000, 0.0000000000000000000, -1.000000000000000000 ) ) ;
#726 = ORIENTED_EDGE ( 'NONE', *, *, #781, .F. ) ;
#727 = EDGE_LOOP ( 'NONE', ( #4415, #4634, #438, #2150 ) ) ;
#728 = DIRECTION ( 'NONE',  ( -1.000000000000000000, 0.0000000000000000000, 0.0000000000000000000 ) ) ;
#729 = CARTESIAN_POINT ( 'NONE',  ( 33.99999999999999300, 33.99999999999998600, 0.0000000000000000000 ) ) ;
#730 = VERTEX_POINT ( 'NONE', #3155 ) ;
#731 = CARTESIAN_POINT ( 'NONE',  ( -41.49999999999999300, 23.99999999999998600, -105.0000000000000000 ) ) ;
#732 = CARTESIAN_POINT ( 'NONE',  ( -38.00000000000000000, -24.00000000000000000, -103.5000000000000000 ) ) ;
#733 = EDGE_LOOP ( 'NONE', ( #2039, #4759 ) ) ;
#734 = ORIENTED_EDGE ( 'NONE', *, *, #3122, .F. ) ;
#735 = ORIENTED_EDGE ( 'NONE', *, *, #3232, .T. ) ;
#736 = AXIS2_PLACEMENT_3D ( 'NONE', #2959, #3333, #3716 ) ;
#737 = DIRECTION ( 'NONE',  ( -1.000000000000000000, 0.0000000000000000000, 0.0000000000000000000 ) ) ;
#738 = CYLINDRICAL_SURFACE ( 'NONE', #3340, 1.649999999999998600 ) ;
#739 = VERTEX_POINT ( 'NONE', #4607 ) ;
#740 = ORIENTED_EDGE ( 'NONE', *, *, #199, .F. ) ;
#741 = DIRECTION ( 'NONE',  ( -1.000000000000000000, 0.0000000000000000000, 0.0000000000000000000 ) ) ;
#742 = LINE ( 'NONE', #549, #2046 ) ;
#743 = CIRCLE ( 'NONE', #2494, 1.500000000000001300 ) ;
#744 = FACE_BOUND ( 'NONE', #4697, .T. ) ;
#745 = DIRECTION ( 'NONE',  ( 0.0000000000000000000, -0.0000000000000000000, -1.000000000000000000 ) ) ;
#746 = ORIENTED_EDGE ( 'NONE', *, *, #3683, .T. ) ;
#747 = VECTOR ( 'NONE', #2933, 1000.000000000000000 ) ;
#748 = CARTESIAN_POINT ( 'NONE',  ( 14.99999999999999600, 42.99999999999999300, -103.5000000000000000 ) ) ;
#749 = ORIENTED_EDGE ( 'NONE', *, *, #4370, .T. ) ;
#750 = DIRECTION ( 'NONE',  ( 0.0000000000000000000, 0.0000000000000000000, 1.000000000000000000 ) ) ;
#751 = CARTESIAN_POINT ( 'NONE',  ( 28.99999999999999600, -34.00000000000000000, -103.5000000000000000 ) ) ;
#752 = DIRECTION ( 'NONE',  ( 0.0000000000000000000, 0.0000000000000000000, 1.000000000000000000 ) ) ;
#753 = FACE_OUTER_BOUND ( 'NONE', #1944, .T. ) ;
#754 = CARTESIAN_POINT ( 'NONE',  ( 8.500000000000005300, 44.99999999999999300, -90.50000000000000000 ) ) ;
#755 = DIRECTION ( 'NONE',  ( 0.0000000000000000000, 0.0000000000000000000, -1.000000000000000000 ) ) ;
#756 = EDGE_CURVE ( 'NONE', #2341, #3592, #1709, .T. ) ;
#757 = EDGE_CURVE ( 'NONE', #723, #1004, #3, .T. ) ;
#758 = FACE_BOUND ( 'NONE', #2257, .T. ) ;
#759 = CARTESIAN_POINT ( 'NONE',  ( -28.99999999999999600, 33.99999999999998600, -103.5000000000000000 ) ) ;
#760 = CARTESIAN_POINT ( 'NONE',  ( 2.500000000000002200, 6.000000000000005300, -133.0000000000000000 ) ) ;
#761 = CARTESIAN_POINT ( 'NONE',  ( -10.99999999999999600, 44.99999999999999300, -90.50000000000000000 ) ) ;
#762 = FACE_BOUND ( 'NONE', #2522, .T. ) ;
#763 = CC_DESIGN_PERSON_AND_ORGANIZATION_ASSIGNMENT ( #2070, #4139, ( #4418 ) ) ;
#764 = DATE_AND_TIME ( #1733, #1227 ) ;
#765 = DIRECTION ( 'NONE',  ( -1.000000000000000000, 0.0000000000000000000, -0.0000000000000000000 ) ) ;
#766 = LINE ( 'NONE', #831, #3052 ) ;
#767 = EDGE_CURVE ( 'NONE', #2666, #1022, #970, .T. ) ;
#768 = CARTESIAN_POINT ( 'NONE',  ( 7.997924617902913100, 52.99999999999999300, -90.50000000000000000 ) ) ;
#769 = ORIENTED_EDGE ( 'NONE', *, *, #3997, .F. ) ;
#770 = VECTOR ( 'NONE', #1893, 999.9999999999998900 ) ;
#771 = AXIS2_PLACEMENT_3D ( 'NONE', #3730, #787, #2651 ) ;
#772 = VERTEX_POINT ( 'NONE', #1291 ) ;
#773 = EDGE_LOOP ( 'NONE', ( #2375, #851, #3764, #1017, #2797 ) ) ;
#774 = CARTESIAN_POINT ( 'NONE',  ( 0.0000000000000000000, 45.79657571533623200, -68.49999999999998600 ) ) ;
#775 = CARTESIAN_POINT ( 'NONE',  ( 2.500000000000002200, 6.538348415311009600, -132.5000000000000000 ) ) ;
#776 = ORIENTED_EDGE ( 'NONE', *, *, #4194, .F. ) ;
#777 = CARTESIAN_POINT ( 'NONE',  ( 43.00000000000000000, 36.99999999999998600, 10.00000000000000000 ) ) ;
#778 = DIRECTION ( 'NONE',  ( -0.7071067811865482400, 0.0000000000000000000, -0.7071067811865469100 ) ) ;
#779 = CARTESIAN_POINT ( 'NONE',  ( -2.025056425745498600, 47.82163214108172900, -68.49999999999998600 ) ) ;
#780 = EDGE_CURVE ( 'NONE', #1557, #2106, #1603, .T. ) ;
#781 = EDGE_CURVE ( 'NONE', #4562, #2949, #2627, .T. ) ;
#782 = CARTESIAN_POINT ( 'NONE',  ( -31.53999999999997800, -34.78999999999999900, 0.0000000000000000000 ) ) ;
#783 = DIRECTION ( 'NONE',  ( -0.0000000000000000000, -0.0000000000000000000, -1.000000000000000000 ) ) ;
#784 = DIRECTION ( 'NONE',  ( 0.0000000000000000000, 0.0000000000000000000, -1.000000000000000000 ) ) ;
#785 = VERTEX_POINT ( 'NONE', #1686 ) ;
#786 = VERTEX_POINT ( 'NONE', #2059 ) ;
#787 = DIRECTION ( 'NONE',  ( -0.0000000000000000000, -0.0000000000000000000, -1.000000000000000000 ) ) ;
#788 = AXIS2_PLACEMENT_3D ( 'NONE', #257, #1027, #3230 ) ;
#789 = DIRECTION ( 'NONE',  ( -1.000000000000000000, 0.0000000000000000000, 0.0000000000000000000 ) ) ;
#790 = VERTEX_POINT ( 'NONE', #4741 ) ;
#791 = DIRECTION ( 'NONE',  ( -0.0000000000000000000, -0.0000000000000000000, 1.000000000000000000 ) ) ;
#792 = ADVANCED_FACE ( 'NONE', ( #2289 ), #2850, .F. ) ;
#793 = ORIENTED_EDGE ( 'NONE', *, *, #2025, .F. ) ;
#794 = AXIS2_PLACEMENT_3D ( 'NONE', #1219, #2989, #3787 ) ;
#795 = DIRECTION ( 'NONE',  ( 1.000000000000000000, -0.0000000000000000000, -0.0000000000000000000 ) ) ;
#796 = ORIENTED_EDGE ( 'NONE', *, *, #4100, .T. ) ;
#797 = DIRECTION ( 'NONE',  ( -0.0000000000000000000, -0.0000000000000000000, 1.000000000000000000 ) ) ;
#798 = ORIENTED_EDGE ( 'NONE', *, *, #2430, .T. ) ;
#799 = LINE ( 'NONE', #242, #1655 ) ;
#800 = CIRCLE ( 'NONE', #1378, 3.250000000000002700 ) ;
#801 = AXIS2_PLACEMENT_3D ( 'NONE', #4343, #2139, #317 ) ;
#802 = CARTESIAN_POINT ( 'NONE',  ( 0.0000000000000000000, 0.0000000000000000000, 47.00000000000000000 ) ) ;
#803 = CIRCLE ( 'NONE', #672, 4.000000000000000900 ) ;
#804 = FACE_OUTER_BOUND ( 'NONE', #3872, .T. ) ;
#805 = VERTEX_POINT ( 'NONE', #2418 ) ;
#806 = DIRECTION ( 'NONE',  ( -0.0000000000000000000, -0.0000000000000000000, -1.000000000000000000 ) ) ;
#807 = ORIENTED_EDGE ( 'NONE', *, *, #4351, .T. ) ;
#808 = DIRECTION ( 'NONE',  ( 1.047444401652940000E-014, -1.000000000000000000, 0.0000000000000000000 ) ) ;
#809 = VECTOR ( 'NONE', #2590, 1000.000000000000000 ) ;
#810 = ADVANCED_FACE ( 'NONE', ( #3793 ), #2978, .T. ) ;
#811 = EDGE_CURVE ( 'NONE', #2436, #4115, #1658, .T. ) ;
#812 = DIRECTION ( 'NONE',  ( -1.000000000000000000, 0.0000000000000000000, 0.0000000000000000000 ) ) ;
#813 = VECTOR ( 'NONE', #3562, 1000.000000000000000 ) ;
#814 = CARTESIAN_POINT ( 'NONE',  ( -27.49999999999999600, -38.00000000000000700, -103.5000000000000000 ) ) ;
#815 = ADVANCED_FACE ( 'NONE', ( #3034 ), #1998, .T. ) ;
#816 = CIRCLE ( 'NONE', #2829, 25.71787683086650800 ) ;
#817 = DIRECTION ( 'NONE',  ( -0.8191520442889932400, -0.5735764363510441600, -0.0000000000000000000 ) ) ;
#818 = AXIS2_PLACEMENT_3D ( 'NONE', #4153, #1972, #2280 ) ;
#819 = CALENDAR_DATE ( 2021, 13, 1 ) ;
#820 = LINE ( 'NONE', #3747, #770 ) ;
#821 = PERSON ( 'UNSPECIFIED', 'UNSPECIFIED', 'UNSPECIFIED', ('UNSPECIFIED'), ('UNSPECIFIED'), ('UNSPECIFIED') ) ;
#822 = CARTESIAN_POINT ( 'NONE',  ( 0.0000000000000000000, 49.84668856682723300, -68.49999999999998600 ) ) ;
#823 = LINE ( 'NONE', #4209, #1731 ) ;
#824 = DIRECTION ( 'NONE',  ( -0.0000000000000000000, -0.0000000000000000000, 1.000000000000000000 ) ) ;
#825 = DIRECTION ( 'NONE',  ( 0.0000000000000000000, 0.0000000000000000000, -1.000000000000000000 ) ) ;
#826 = CIRCLE ( 'NONE', #3557, 6.500000000000005300 ) ;
#827 = AXIS2_PLACEMENT_3D ( 'NONE', #2438, #251, #4584 ) ;
#828 = ORIENTED_EDGE ( 'NONE', *, *, #530, .T. ) ;
#829 = CIRCLE ( 'NONE', #1589, 1.649999999999998600 ) ;
#830 = DIRECTION ( 'NONE',  ( 0.0000000000000000000, -1.000000000000000000, -0.0000000000000000000 ) ) ;
#831 = CARTESIAN_POINT ( 'NONE',  ( -43.00000000000000000, -43.00000000000000000, 0.0000000000000000000 ) ) ;
#832 = EDGE_CURVE ( 'NONE', #233, #2918, #1149, .T. ) ;
#833 = VERTEX_POINT ( 'NONE', #2527 ) ;
#834 = DIRECTION ( 'NONE',  ( 0.0000000000000000000, -1.000000000000000000, 0.0000000000000000000 ) ) ;
#835 = ORIENTED_EDGE ( 'NONE', *, *, #1945, .T. ) ;
#836 = DIRECTION ( 'NONE',  ( -0.0000000000000000000, -0.0000000000000000000, -1.000000000000000000 ) ) ;
#837 = DIRECTION ( 'NONE',  ( -0.0000000000000000000, -0.0000000000000000000, -1.000000000000000000 ) ) ;
#838 = ADVANCED_FACE ( 'NONE', ( #3621 ), #974, .F. ) ;
#839 = CARTESIAN_POINT ( 'NONE',  ( 24.00000000000000000, 42.99999999999999300, 0.0000000000000000000 ) ) ;
#840 = VERTEX_POINT ( 'NONE', #56 ) ;
#841 = ADVANCED_FACE ( 'NONE', ( #2678 ), #3899, .F. ) ;
#842 = ORIENTED_EDGE ( 'NONE', *, *, #2238, .T. ) ;
#843 = EDGE_LOOP ( 'NONE', ( #4107, #166, #1885, #4091 ) ) ;
#844 = APPLICATION_PROTOCOL_DEFINITION ( 'international standard', 'config_control_design', 1994, #3786 ) ;
#845 = PLANE ( 'NONE',  #1044 ) ;
#846 = ORIENTED_EDGE ( 'NONE', *, *, #138, .F. ) ;
#847 = EDGE_CURVE ( 'NONE', #4044, #2975, #8, .T. ) ;
#848 = ORIENTED_EDGE ( 'NONE', *, *, #2156, .T. ) ;
#849 = EDGE_CURVE ( 'NONE', #2666, #3923, #4486, .T. ) ;
#850 = CARTESIAN_POINT ( 'NONE',  ( -23.99999999999999600, 42.99999999999999300, -103.5000000000000000 ) ) ;
#851 = ORIENTED_EDGE ( 'NONE', *, *, #2189, .T. ) ;
#852 = VERTEX_POINT ( 'NONE', #1187 ) ;
#853 = ORIENTED_EDGE ( 'NONE', *, *, #3421, .F. ) ;
#854 = AXIS2_PLACEMENT_3D ( 'NONE', #4059, #1498, #4438 ) ;
#855 = LINE ( 'NONE', #4590, #3790 ) ;
#856 = CARTESIAN_POINT ( 'NONE',  ( 0.0000000000000000000, 0.0000000000000000000, 47.00000000000000000 ) ) ;
#857 = CARTESIAN_POINT ( 'NONE',  ( 27.49999999999999300, 37.99999999999999300, -105.0000000000000000 ) ) ;
#858 = ORIENTED_EDGE ( 'NONE', *, *, #3947, .F. ) ;
#859 = ORIENTED_EDGE ( 'NONE', *, *, #3677, .T. ) ;
#860 = AXIS2_PLACEMENT_3D ( 'NONE', #691, #2515, #4727 ) ;
#861 = LINE ( 'NONE', #4257, #1894 ) ;
#862 = PLANE ( 'NONE',  #2167 ) ;
#863 = VECTOR ( 'NONE', #791, 1000.000000000000000 ) ;
#864 = ORIENTED_EDGE ( 'NONE', *, *, #1289, .F. ) ;
#865 = CARTESIAN_POINT ( 'NONE',  ( -2.025056425745498600, 47.82163214108172900, -73.50000000000000000 ) ) ;
#866 = ADVANCED_FACE ( 'NONE', ( #2786 ), #453, .T. ) ;
#867 = CIRCLE ( 'NONE', #475, 26.00000000000000400 ) ;
#868 = ORIENTED_EDGE ( 'NONE', *, *, #2587, .T. ) ;
#869 = AXIS2_PLACEMENT_3D ( 'NONE', #4689, #3209, #4356 ) ;
#870 = DIRECTION ( 'NONE',  ( -0.0000000000000000000, -0.0000000000000000000, -1.000000000000000000 ) ) ;
#871 = FACE_BOUND ( 'NONE', #4758, .T. ) ;
#872 = CARTESIAN_POINT ( 'NONE',  ( 0.0000000000000000000, 49.84668856682723300, -68.49999999999998600 ) ) ;
#873 = CARTESIAN_POINT ( 'NONE',  ( -34.78999999999999900, 34.78999999999999900, 0.0000000000000000000 ) ) ;
#874 = DIRECTION ( 'NONE',  ( 0.0000000000000000000, 0.0000000000000000000, 1.000000000000000000 ) ) ;
#875 = FACE_BOUND ( 'NONE', #252, .T. ) ;
#876 = CARTESIAN_POINT ( 'NONE',  ( -37.00000000000000000, -43.00000000000000000, 10.00000000000000000 ) ) ;
#877 = EDGE_CURVE ( 'NONE', #1690, #4361, #4072, .T. ) ;
#878 = CARTESIAN_POINT ( 'NONE',  ( 33.99999999999999300, -34.00000000000000000, -105.0000000000000000 ) ) ;
#879 = EDGE_CURVE ( 'NONE', #3308, #3027, #742, .T. ) ;
#880 = CYLINDRICAL_SURFACE ( 'NONE', #1596, 1.500000000000001300 ) ;
#881 = DATE_AND_TIME ( #819, #3049 ) ;
#882 = DIRECTION ( 'NONE',  ( 0.0000000000000000000, 0.0000000000000000000, -1.000000000000000000 ) ) ;
#883 = CIRCLE ( 'NONE', #4468, 4.999999999999997300 ) ;
#884 = AXIS2_PLACEMENT_3D ( 'NONE', #3898, #2431, #2400 ) ;
#885 = CONICAL_SURFACE ( 'NONE', #179, 1.649999999999998600, 0.7853981633974206300 ) ;
#886 = DIRECTION ( 'NONE',  ( 1.000000000000000000, 0.0000000000000000000, 0.0000000000000000000 ) ) ;
#887 = ORIENTED_EDGE ( 'NONE', *, *, #586, .F. ) ;
#888 = CARTESIAN_POINT ( 'NONE',  ( -4.336808689942017700E-016, 5.000000000000000000, 24.49999999999999300 ) ) ;
#889 = ADVANCED_FACE ( 'NONE', ( #3737 ), #3262, .T. ) ;
#890 = EDGE_LOOP ( 'NONE', ( #1410, #3301, #1864, #2660 ) ) ;
#891 = ORIENTED_EDGE ( 'NONE', *, *, #4619, .F. ) ;
#892 = DIRECTION ( 'NONE',  ( -0.0000000000000000000, -0.0000000000000000000, -1.000000000000000000 ) ) ;
#893 = AXIS2_PLACEMENT_3D ( 'NONE', #2457, #3228, #271 ) ;
#894 = ORIENTED_EDGE ( 'NONE', *, *, #2025, .T. ) ;
#895 = CARTESIAN_POINT ( 'NONE',  ( -28.99999999999999600, -43.00000000000000000, 0.0000000000000000000 ) ) ;
#896 = DIRECTION ( 'NONE',  ( -0.0000000000000000000, -0.0000000000000000000, -1.000000000000000000 ) ) ;
#897 = PLANE ( 'NONE',  #2173 ) ;
#898 = EDGE_LOOP ( 'NONE', ( #1535, #3587 ) ) ;
#899 = DIRECTION ( 'NONE',  ( 0.7071067811865279200, 8.659560562354692500E-017, -0.7071067811865671100 ) ) ;
#900 = DIRECTION ( 'NONE',  ( -0.0000000000000000000, -0.0000000000000000000, 1.000000000000000000 ) ) ;
#901 = ORIENTED_EDGE ( 'NONE', *, *, #4622, .T. ) ;
#902 = ORIENTED_EDGE ( 'NONE', *, *, #664, .F. ) ;
#903 = VERTEX_POINT ( 'NONE', #3860 ) ;
#904 = CARTESIAN_POINT ( 'NONE',  ( -23.99999999999999600, -38.00000000000000700, -103.5000000000000000 ) ) ;
#905 = EDGE_LOOP ( 'NONE', ( #3437, #965 ) ) ;
#906 = AXIS2_PLACEMENT_3D ( 'NONE', #1803, #370, #4033 ) ;
#907 = EDGE_CURVE ( 'NONE', #2920, #3782, #2513, .T. ) ;
#908 = EDGE_CURVE ( 'NONE', #2822, #2100, #1840, .T. ) ;
#909 = ORIENTED_EDGE ( 'NONE', *, *, #3651, .F. ) ;
#910 = ADVANCED_FACE ( 'NONE', ( #1432 ), #3066, .F. ) ;
#911 = ORIENTED_EDGE ( 'NONE', *, *, #1217, .F. ) ;
#912 = CARTESIAN_POINT ( 'NONE',  ( 2.499999999999999600, 5.000000000000000000, 72.00000000000000000 ) ) ;
#913 = VECTOR ( 'NONE', #3973, 1000.000000000000000 ) ;
#914 = VECTOR ( 'NONE', #2023, 1000.000000000000200 ) ;
#915 = CARTESIAN_POINT ( 'NONE',  ( 41.49999999999999300, 23.99999999999998600, -103.5000000000000000 ) ) ;
#916 = ORIENTED_EDGE ( 'NONE', *, *, #4682, .F. ) ;
#917 = AXIS2_PLACEMENT_3D ( 'NONE', #2548, #712, #2214 ) ;
#918 = DIRECTION ( 'NONE',  ( 1.000000000000000000, 0.0000000000000000000, 0.0000000000000000000 ) ) ;
#919 = CARTESIAN_POINT ( 'NONE',  ( 8.500000000000005300, 44.99999999999999300, -90.50000000000000000 ) ) ;
#920 = CIRCLE ( 'NONE', #2182, 2.500000000000002200 ) ;
#921 = CARTESIAN_POINT ( 'NONE',  ( -12.89937738537086000, 45.99999999999998600, -103.5000000000000000 ) ) ;
#922 = CIRCLE ( 'NONE', #595, 3.250000000000002700 ) ;
#923 = VECTOR ( 'NONE', #1208, 1000.000000000000000 ) ;
#924 = ORIENTED_EDGE ( 'NONE', *, *, #2858, .T. ) ;
#925 = AXIS2_PLACEMENT_3D ( 'NONE', #2433, #1360, #2062 ) ;
#926 = CARTESIAN_POINT ( 'NONE',  ( 41.49999999999999300, -24.00000000000000000, -105.0000000000000000 ) ) ;
#927 = VECTOR ( 'NONE', #3986, 1000.000000000000000 ) ;
#928 = DIRECTION ( 'NONE',  ( -1.000000000000000000, 0.0000000000000000000, 0.0000000000000000000 ) ) ;
#929 = VECTOR ( 'NONE', #933, 1000.000000000000000 ) ;
#930 = AXIS2_PLACEMENT_3D ( 'NONE', #1800, #1108, #4363 ) ;
#931 = DIRECTION ( 'NONE',  ( 1.000000000000000000, 0.0000000000000000000, 0.0000000000000000000 ) ) ;
#932 = CYLINDRICAL_SURFACE ( 'NONE', #2571, 1.649999999999998600 ) ;
#933 = DIRECTION ( 'NONE',  ( -0.0000000000000000000, -1.000000000000000000, 0.0000000000000000000 ) ) ;
#934 = COORDINATED_UNIVERSAL_TIME_OFFSET ( 1, 0, .AHEAD. ) ;
#935 = DIRECTION ( 'NONE',  ( 1.000000000000000000, 0.0000000000000000000, 0.0000000000000000000 ) ) ;
#936 = CONICAL_SURFACE ( 'NONE', #2009, 6.500000000000005300, 0.7853981633974422800 ) ;
#937 = VECTOR ( 'NONE', #1419, 1000.000000000000000 ) ;
#938 = DIRECTION ( 'NONE',  ( 1.000000000000000000, 0.0000000000000000000, 0.0000000000000000000 ) ) ;
#939 = CC_DESIGN_DATE_AND_TIME_ASSIGNMENT ( #881, #1565, ( #2708 ) ) ;
#940 = EDGE_CURVE ( 'NONE', #4065, #673, #2730, .T. ) ;
#941 = FACE_OUTER_BOUND ( 'NONE', #3023, .T. ) ;
#942 = DIRECTION ( 'NONE',  ( 0.0000000000000000000, 0.0000000000000000000, -1.000000000000000000 ) ) ;
#943 = EDGE_CURVE ( 'NONE', #2091, #1641, #920, .T. ) ;
#944 = EDGE_CURVE ( 'NONE', #626, #1744, #861, .T. ) ;
#945 = VERTEX_POINT ( 'NONE', #2053 ) ;
#946 = CIRCLE ( 'NONE', #572, 4.999999999999997300 ) ;
#947 = CARTESIAN_POINT ( 'NONE',  ( -38.00000000000000000, -24.00000000000000000, 0.0000000000000000000 ) ) ;
#948 = AXIS2_PLACEMENT_3D ( 'NONE', #2230, #1547, #2931 ) ;
#949 = ORIENTED_EDGE ( 'NONE', *, *, #3723, .F. ) ;
#950 = CARTESIAN_POINT ( 'NONE',  ( 26.14999999999999500, 38.49999999999999300, -94.89999999999999100 ) ) ;
#951 = DIRECTION ( 'NONE',  ( -0.0000000000000000000, -0.0000000000000000000, 1.000000000000000000 ) ) ;
#952 = AXIS2_PLACEMENT_3D ( 'NONE', #4470, #2930, #2546 ) ;
#953 = ORIENTED_EDGE ( 'NONE', *, *, #3374, .F. ) ;
#954 = DIRECTION ( 'NONE',  ( 0.0000000000000000000, 0.0000000000000000000, -1.000000000000000000 ) ) ;
#955 = DIRECTION ( 'NONE',  ( -0.0000000000000000000, 0.0000000000000000000, -1.000000000000000000 ) ) ;
#956 = CARTESIAN_POINT ( 'NONE',  ( 2.499999999999999600, 6.179965038163814500, 46.83387842631033500 ) ) ;
#957 = AXIS2_PLACEMENT_3D ( 'NONE', #4414, #1866, #4435 ) ;
#958 = ORIENTED_EDGE ( 'NONE', *, *, #3944, .F. ) ;
#959 = ORIENTED_EDGE ( 'NONE', *, *, #527, .F. ) ;
#960 = CARTESIAN_POINT ( 'NONE',  ( -41.50000000000000000, -24.00000000000000000, -103.5000000000000000 ) ) ;
#961 = VERTEX_POINT ( 'NONE', #3533 ) ;
#962 = EDGE_LOOP ( 'NONE', ( #1375, #966, #485, #599 ) ) ;
#963 = CARTESIAN_POINT ( 'NONE',  ( -33.99999999999999300, -29.00000000000000000, 0.0000000000000000000 ) ) ;
#964 = EDGE_CURVE ( 'NONE', #1590, #374, #3091, .T. ) ;
#965 = ORIENTED_EDGE ( 'NONE', *, *, #3076, .F. ) ;
#966 = ORIENTED_EDGE ( 'NONE', *, *, #3828, .F. ) ;
#967 = EDGE_CURVE ( 'NONE', #3007, #1703, #565, .T. ) ;
#968 = ORIENTED_EDGE ( 'NONE', *, *, #3139, .T. ) ;
#969 = CIRCLE ( 'NONE', #1623, 2.149999999999929700 ) ;
#970 = CIRCLE ( 'NONE', #1720, 36.40000000000001300 ) ;
#971 = CARTESIAN_POINT ( 'NONE',  ( -7.997924617902913100, 52.99999999999999300, 0.0000000000000000000 ) ) ;
#972 = ORIENTED_EDGE ( 'NONE', *, *, #4037, .T. ) ;
#973 = ORIENTED_EDGE ( 'NONE', *, *, #4220, .F. ) ;
#974 = CONICAL_SURFACE ( 'NONE', #4084, 1.649999999999998600, 1.029744258676652800 ) ;
#975 = VECTOR ( 'NONE', #4401, 999.9999999999998900 ) ;
#976 = CIRCLE ( 'NONE', #4499, 2.149999999999985300 ) ;
#977 = DIRECTION ( 'NONE',  ( -1.000000000000000000, 0.0000000000000000000, 0.0000000000000000000 ) ) ;
#978 = ORIENTED_EDGE ( 'NONE', *, *, #3959, .T. ) ;
#979 = LINE ( 'NONE', #4122, #3386 ) ;
#980 = CARTESIAN_POINT ( 'NONE',  ( 2.500000000000002200, 5.000000000000000000, -108.0000000000000000 ) ) ;
#981 = ORIENTED_EDGE ( 'NONE', *, *, #466, .F. ) ;
#982 = DIRECTION ( 'NONE',  ( 0.0000000000000000000, 0.0000000000000000000, -1.000000000000000000 ) ) ;
#983 = CARTESIAN_POINT ( 'NONE',  ( 2.168404344971008900E-015, 7.000000000000000000, -108.0000000000000000 ) ) ;
#984 = DIRECTION ( 'NONE',  ( 0.0000000000000000000, 0.0000000000000000000, -1.000000000000000000 ) ) ;
#985 = FACE_OUTER_BOUND ( 'NONE', #3844, .T. ) ;
#986 = AXIS2_PLACEMENT_3D ( 'NONE', #994, #4306, #3559 ) ;
#987 = DIRECTION ( 'NONE',  ( -0.0000000000000000000, -0.0000000000000000000, 1.000000000000000000 ) ) ;
#988 = DIRECTION ( 'NONE',  ( -0.0000000000000000000, -0.0000000000000000000, -1.000000000000000000 ) ) ;
#989 = CARTESIAN_POINT ( 'NONE',  ( -1.112900646888175000, 6.912648175671910700, -108.2553999105326600 ) ) ;
#990 = TOROIDAL_SURFACE ( 'NONE', #206, 3.500000000000000000, 1.500000000000000000 ) ;
#991 = CARTESIAN_POINT ( 'NONE',  ( -34.78999999999997800, -34.78999999999999900, 10.00000000000000000 ) ) ;
#992 = CYLINDRICAL_SURFACE ( 'NONE', #3837, 1.250000000000000200 ) ;
#993 = PERSON_AND_ORGANIZATION ( #821, #4726 ) ;
#994 = CARTESIAN_POINT ( 'NONE',  ( 0.0000000000000000000, 44.99999999999999300, 0.0000000000000000000 ) ) ;
#995 = DIRECTION ( 'NONE',  ( -1.000000000000000000, 0.0000000000000000000, 0.0000000000000000000 ) ) ;
#996 = CIRCLE ( 'NONE', #1908, 3.250000000000002700 ) ;
#997 = CARTESIAN_POINT ( 'NONE',  ( -37.00000000000000000, 36.99999999999998600, 0.0000000000000000000 ) ) ;
#998 = EDGE_LOOP ( 'NONE', ( #1299, #3185, #1698 ) ) ;
#999 = EDGE_CURVE ( 'NONE', #2278, #1422, #4643, .T. ) ;
#1000 = CARTESIAN_POINT ( 'NONE',  ( 9.000000000000000000, 0.0000000000000000000, 6.600000000000000500 ) ) ;
#1001 = EDGE_CURVE ( 'NONE', #689, #2172, #4238, .T. ) ;
#1002 = CARTESIAN_POINT ( 'NONE',  ( -2.499999999999997800, 6.000000000000007100, -133.0000000000000000 ) ) ;
#1003 = ORIENTED_EDGE ( 'NONE', *, *, #2253, .T. ) ;
#1004 = VERTEX_POINT ( 'NONE', #1742 ) ;
#1005 = DIRECTION ( 'NONE',  ( 0.0000000000000000000, 0.0000000000000000000, -1.000000000000000000 ) ) ;
#1006 = DIRECTION ( 'NONE',  ( 0.0000000000000000000, -0.0000000000000000000, -1.000000000000000000 ) ) ;
#1007 = DIRECTION ( 'NONE',  ( -0.0000000000000000000, 1.000000000000000000, -0.0000000000000000000 ) ) ;
#1008 = AXIS2_PLACEMENT_3D ( 'NONE', #4602, #1676, #1797 ) ;
#1009 = ORIENTED_EDGE ( 'NONE', *, *, #4037, .F. ) ;
#1010 = DIRECTION ( 'NONE',  ( 0.0000000000000000000, 0.0000000000000000000, -1.000000000000000000 ) ) ;
#1011 = DIRECTION ( 'NONE',  ( -0.0000000000000000000, -0.0000000000000000000, -1.000000000000000000 ) ) ;
#1012 = EDGE_CURVE ( 'NONE', #4172, #4630, #2401, .T. ) ;
#1013 = ORIENTED_EDGE ( 'NONE', *, *, #183, .T. ) ;
#1014 = CARTESIAN_POINT ( 'NONE',  ( 0.0000000000000000000, 45.79657571533623200, -73.50000000000000000 ) ) ;
#1015 = VERTEX_POINT ( 'NONE', #1056 ) ;
#1016 = DIRECTION ( 'NONE',  ( 1.000000000000000000, 0.0000000000000000000, 0.0000000000000000000 ) ) ;
#1017 = ORIENTED_EDGE ( 'NONE', *, *, #498, .F. ) ;
#1018 = AXIS2_PLACEMENT_3D ( 'NONE', #3652, #2911, #741 ) ;
#1019 = PLANE ( 'NONE',  #606 ) ;
#1020 = ORIENTED_EDGE ( 'NONE', *, *, #3563, .T. ) ;
#1021 = CARTESIAN_POINT ( 'NONE',  ( 38.00000000000000000, 23.99999999999998900, 0.0000000000000000000 ) ) ;
#1022 = VERTEX_POINT ( 'NONE', #2096 ) ;
#1023 = DIRECTION ( 'NONE',  ( -1.000000000000000000, 0.0000000000000000000, 0.0000000000000000000 ) ) ;
#1024 = DIRECTION ( 'NONE',  ( 0.0000000000000000000, 0.0000000000000000000, -1.000000000000000000 ) ) ;
#1025 = ORIENTED_EDGE ( 'NONE', *, *, #357, .T. ) ;
#1026 = ORIENTED_EDGE ( 'NONE', *, *, #1568, .F. ) ;
#1027 = DIRECTION ( 'NONE',  ( 0.0000000000000000000, 1.000000000000000000, 0.0000000000000000000 ) ) ;
#1028 = CONICAL_SURFACE ( 'NONE', #2995, 6.500000000000005300, 0.7853981633974491700 ) ;
#1029 = CYLINDRICAL_SURFACE ( 'NONE', #1539, 1.250000000000000400 ) ;
#1030 = EDGE_CURVE ( 'NONE', #3314, #730, #3380, .T. ) ;
#1031 = EDGE_CURVE ( 'NONE', #535, #391, #64, .T. ) ;
#1032 = ORIENTED_EDGE ( 'NONE', *, *, #1896, .T. ) ;
#1033 = DIRECTION ( 'NONE',  ( -1.000000000000000000, 0.0000000000000000000, 0.0000000000000000000 ) ) ;
#1034 = CIRCLE ( 'NONE', #3315, 1.649999999999998600 ) ;
#1035 = CARTESIAN_POINT ( 'NONE',  ( 36.85000000000000100, -24.50000000000000400, -105.0000000000000000 ) ) ;
#1036 = CONICAL_SURFACE ( 'NONE', #121, 6.500000000000005300, 0.7853981633974422800 ) ;
#1037 = DIRECTION ( 'NONE',  ( -1.000000000000000000, 0.0000000000000000000, -0.0000000000000000000 ) ) ;
#1038 = FACE_OUTER_BOUND ( 'NONE', #3298, .T. ) ;
#1039 = CARTESIAN_POINT ( 'NONE',  ( 0.0000000000000000000, 0.0000000000000000000, -133.0000000000000000 ) ) ;
#1040 = AXIS2_PLACEMENT_3D ( 'NONE', #1014, #4309, #4329 ) ;
#1041 = DIRECTION ( 'NONE',  ( -0.0000000000000000000, -0.0000000000000000000, 1.000000000000000000 ) ) ;
#1042 = LINE ( 'NONE', #2205, #1377 ) ;
#1043 = DIRECTION ( 'NONE',  ( 0.0000000000000000000, 0.0000000000000000000, -1.000000000000000000 ) ) ;
#1044 = AXIS2_PLACEMENT_3D ( 'NONE', #1154, #68, #4510 ) ;
#1045 = DIRECTION ( 'NONE',  ( -0.0000000000000000000, 1.000000000000000000, 0.0000000000000000000 ) ) ;
#1046 = LINE ( 'NONE', #2738, #929 ) ;
#1047 = FACE_OUTER_BOUND ( 'NONE', #1172, .T. ) ;
#1048 = AXIS2_PLACEMENT_3D ( 'NONE', #2941, #3811, #2578 ) ;
#1049 = DIRECTION ( 'NONE',  ( 0.0000000000000000000, 0.0000000000000000000, 1.000000000000000000 ) ) ;
#1050 = PLANE ( 'NONE',  #2073 ) ;
#1051 = DIRECTION ( 'NONE',  ( -0.5735764363510440500, 0.8191520442889931300, -0.0000000000000000000 ) ) ;
#1052 = FACE_OUTER_BOUND ( 'NONE', #407, .T. ) ;
#1053 = DIRECTION ( 'NONE',  ( 0.0000000000000000000, 0.0000000000000000000, 1.000000000000000000 ) ) ;
#1054 = LINE ( 'NONE', #364, #2133 ) ;
#1055 = CARTESIAN_POINT ( 'NONE',  ( -21.49999999999999600, 44.99999999999999300, -90.50000000000000000 ) ) ;
#1056 = CARTESIAN_POINT ( 'NONE',  ( 2.500000000000002200, 6.000000000000005300, -133.0000000000000000 ) ) ;
#1057 = EDGE_LOOP ( 'NONE', ( #4368, #2427, #647 ) ) ;
#1058 = VECTOR ( 'NONE', #3379, 1000.000000000000000 ) ;
#1059 = EDGE_CURVE ( 'NONE', #730, #3314, #1783, .T. ) ;
#1060 = DIRECTION ( 'NONE',  ( 0.0000000000000000000, -0.0000000000000000000, -1.000000000000000000 ) ) ;
#1061 = DIRECTION ( 'NONE',  ( 0.0000000000000000000, -1.000000000000000000, 0.0000000000000000000 ) ) ;
#1062 = ORIENTED_EDGE ( 'NONE', *, *, #1097, .T. ) ;
#1063 = AXIS2_PLACEMENT_3D ( 'NONE', #1846, #435, #1134 ) ;
#1064 = ORIENTED_EDGE ( 'NONE', *, *, #999, .F. ) ;
#1065 = DIRECTION ( 'NONE',  ( -1.000000000000000000, 0.0000000000000000000, 0.0000000000000000000 ) ) ;
#1066 = DIRECTION ( 'NONE',  ( 1.000000000000000000, -0.0000000000000000000, -0.0000000000000000000 ) ) ;
#1067 = DIRECTION ( 'NONE',  ( 1.040834085586083300E-014, -1.000000000000000000, 0.0000000000000000000 ) ) ;
#1068 = CARTESIAN_POINT ( 'NONE',  ( 28.99999999999999600, -38.00000000000000700, 0.0000000000000000000 ) ) ;
#1069 = CARTESIAN_POINT ( 'NONE',  ( -2.499999999999997800, 5.000000000000000000, -110.5000000000000000 ) ) ;
#1070 = AXIS2_PLACEMENT_3D ( 'NONE', #1221, #501, #1251 ) ;
#1071 = ORIENTED_EDGE ( 'NONE', *, *, #1672, .T. ) ;
#1072 = CARTESIAN_POINT ( 'NONE',  ( -38.50000000000000000, 24.49999999999998900, -93.90857997860452100 ) ) ;
#1073 = EDGE_LOOP ( 'NONE', ( #3781, #3801, #440, #3834 ) ) ;
#1074 = DIRECTION ( 'NONE',  ( 0.0000000000000000000, 0.0000000000000000000, 1.000000000000000000 ) ) ;
#1075 = EDGE_CURVE ( 'NONE', #4630, #903, #286, .T. ) ;
#1076 = CARTESIAN_POINT ( 'NONE',  ( 0.0000000000000000000, 0.0000000000000000000, -99.99999999999998600 ) ) ;
#1077 = ORIENTED_EDGE ( 'NONE', *, *, #1671, .F. ) ;
#1078 = ORIENTED_EDGE ( 'NONE', *, *, #811, .F. ) ;
#1079 = DIRECTION ( 'NONE',  ( -0.0000000000000000000, -0.0000000000000000000, -1.000000000000000000 ) ) ;
#1080 = ORIENTED_EDGE ( 'NONE', *, *, #1862, .T. ) ;
#1081 = CARTESIAN_POINT ( 'NONE',  ( -2.025056425745498600, 47.82163214108172900, -73.50000000000000000 ) ) ;
#1082 = ORIENTED_EDGE ( 'NONE', *, *, #3576, .T. ) ;
#1083 = VECTOR ( 'NONE', #3575, 1000.000000000000000 ) ;
#1084 = VECTOR ( 'NONE', #3876, 1000.000000000000000 ) ;
#1085 = CARTESIAN_POINT ( 'NONE',  ( 38.00000000000000000, -29.00000000000000400, -103.5000000000000000 ) ) ;
#1086 = CARTESIAN_POINT ( 'NONE',  ( 13.59958492358056100, 44.99999999999999300, -95.50000000000000000 ) ) ;
#1087 = CARTESIAN_POINT ( 'NONE',  ( -9.000000000000000000, 1.102182119232617700E-015, 6.600000000000000500 ) ) ;
#1088 = EDGE_LOOP ( 'NONE', ( #3877, #4245, #4518 ) ) ;
#1089 = EDGE_LOOP ( 'NONE', ( #3229, #1025, #842 ) ) ;
#1090 = FACE_OUTER_BOUND ( 'NONE', #4394, .T. ) ;
#1091 = LINE ( 'NONE', #2917, #2851 ) ;
#1092 = CIRCLE ( 'NONE', #2299, 1.500000000000001300 ) ;
#1093 = VERTEX_POINT ( 'NONE', #759 ) ;
#1094 = CARTESIAN_POINT ( 'NONE',  ( 38.50000000000000000, -24.50000000000000400, -94.89999999999999100 ) ) ;
#1095 = EDGE_CURVE ( 'NONE', #275, #3125, #342, .T. ) ;
#1096 = VECTOR ( 'NONE', #3606, 1000.000000000000000 ) ;
#1097 = EDGE_CURVE ( 'NONE', #1350, #2029, #2175, .T. ) ;
#1098 = VERTEX_POINT ( 'NONE', #1819 ) ;
#1099 = EDGE_CURVE ( 'NONE', #4215, #4746, #2112, .T. ) ;
#1100 = DIRECTION ( 'NONE',  ( 1.000000000000000000, 0.0000000000000000000, 0.0000000000000000000 ) ) ;
#1101 = CARTESIAN_POINT ( 'NONE',  ( 34.00000000000000000, -29.00000000000000400, 0.0000000000000000000 ) ) ;
#1102 = DIRECTION ( 'NONE',  ( -1.000000000000000000, 0.0000000000000000000, 0.0000000000000000000 ) ) ;
#1103 = LINE ( 'NONE', #1877, #2855 ) ;
#1104 = AXIS2_PLACEMENT_3D ( 'NONE', #1612, #1593, #1958 ) ;
#1105 = DIRECTION ( 'NONE',  ( -1.000000000000000000, 0.0000000000000000000, 0.0000000000000000000 ) ) ;
#1106 = LINE ( 'NONE', #4455, #1447 ) ;
#1107 = AXIS2_PLACEMENT_3D ( 'NONE', #262, #942, #3503 ) ;
#1108 = DIRECTION ( 'NONE',  ( 0.0000000000000000000, 0.0000000000000000000, -1.000000000000000000 ) ) ;
#1109 = CARTESIAN_POINT ( 'NONE',  ( 8.500000000000005300, 52.28296204382373700, -93.00000000000000000 ) ) ;
#1110 = LINE ( 'NONE', #3078, #245 ) ;
#1111 = CARTESIAN_POINT ( 'NONE',  ( -24.49999999999999600, -38.50000000000000700, -105.0000000000000000 ) ) ;
#1112 = PERSON_AND_ORGANIZATION ( #821, #4726 ) ;
#1113 = AXIS2_PLACEMENT_3D ( 'NONE', #4640, #1342, #671 ) ;
#1114 = CIRCLE ( 'NONE', #187, 2.149999999999985300 ) ;
#1115 = CARTESIAN_POINT ( 'NONE',  ( -38.00000000000000000, 27.49999999999998600, -103.5000000000000000 ) ) ;
#1116 = CARTESIAN_POINT ( 'NONE',  ( -2.499999999999997800, 6.538348415311011400, -133.0000000000000000 ) ) ;
#1117 = CARTESIAN_POINT ( 'NONE',  ( -38.00000000000000000, 28.99999999999998900, 0.0000000000000000000 ) ) ;
#1118 = ORIENTED_EDGE ( 'NONE', *, *, #85, .T. ) ;
#1119 = CARTESIAN_POINT ( 'NONE',  ( 0.0000000000000000000, 0.0000000000000000000, -133.0000000000000000 ) ) ;
#1120 = ORIENTED_EDGE ( 'NONE', *, *, #2726, .F. ) ;
#1121 = ORIENTED_EDGE ( 'NONE', *, *, #652, .F. ) ;
#1122 = DIRECTION ( 'NONE',  ( 1.000000000000000000, 0.0000000000000000000, -0.0000000000000000000 ) ) ;
#1123 = EDGE_CURVE ( 'NONE', #2920, #39, #117, .T. ) ;
#1124 = EDGE_CURVE ( 'NONE', #1640, #600, #4121, .T. ) ;
#1125 = DIRECTION ( 'NONE',  ( 1.000000000000000000, 0.0000000000000000000, 0.0000000000000000000 ) ) ;
#1126 = CARTESIAN_POINT ( 'NONE',  ( 40.14999999999999900, -24.50000000000000400, -94.89999999999999100 ) ) ;
#1127 = ORIENTED_EDGE ( 'NONE', *, *, #3139, .F. ) ;
#1128 = AXIS2_PLACEMENT_3D ( 'NONE', #1598, #1961, #467 ) ;
#1129 = ORIENTED_EDGE ( 'NONE', *, *, #442, .F. ) ;
#1130 = CARTESIAN_POINT ( 'NONE',  ( -38.50000000000000000, 24.49999999999998900, -104.4999999999999900 ) ) ;
#1131 = CARTESIAN_POINT ( 'NONE',  ( -2.419238038268362300, 6.568749104104521800, 23.84876441808704300 ) ) ;
#1132 = CARTESIAN_POINT ( 'NONE',  ( -34.78999999999999900, 34.78999999999999900, 10.00000000000000000 ) ) ;
#1133 = ORIENTED_EDGE ( 'NONE', *, *, #3649, .F. ) ;
#1134 = DIRECTION ( 'NONE',  ( -1.000000000000000000, 0.0000000000000000000, 0.0000000000000000000 ) ) ;
#1135 = ORIENTED_EDGE ( 'NONE', *, *, #3205, .F. ) ;
#1136 = CARTESIAN_POINT ( 'NONE',  ( 34.78999999999999900, 34.79000000000002800, 10.00000000000000000 ) ) ;
#1137 = ORIENTED_EDGE ( 'NONE', *, *, #1524, .T. ) ;
#1138 = ORIENTED_EDGE ( 'NONE', *, *, #4292, .T. ) ;
#1139 = ORIENTED_EDGE ( 'NONE', *, *, #4600, .T. ) ;
#1140 = DIRECTION ( 'NONE',  ( 0.0000000000000000000, 0.0000000000000000000, -1.000000000000000000 ) ) ;
#1141 = AXIS2_PLACEMENT_3D ( 'NONE', #1956, #3449, #4162 ) ;
#1142 = DIRECTION ( 'NONE',  ( -1.000000000000000000, 2.081668171172169700E-015, 0.0000000000000000000 ) ) ;
#1143 = VERTEX_POINT ( 'NONE', #2544 ) ;
#1144 = ORIENTED_EDGE ( 'NONE', *, *, #1945, .F. ) ;
#1145 = FACE_OUTER_BOUND ( 'NONE', #494, .T. ) ;
#1146 = LINE ( 'NONE', #2737, #4479 ) ;
#1147 = DIRECTION ( 'NONE',  ( -0.7071067811865279200, 0.0000000000000000000, -0.7071067811865671100 ) ) ;
#1148 = ORIENTED_EDGE ( 'NONE', *, *, #1095, .F. ) ;
#1149 = CIRCLE ( 'NONE', #4433, 1.500000000000001300 ) ;
#1150 = CARTESIAN_POINT ( 'NONE',  ( 33.99999999999999300, 27.49999999999998900, -103.5000000000000000 ) ) ;
#1151 = VECTOR ( 'NONE', #3016, 1000.000000000000000 ) ;
#1152 = FACE_OUTER_BOUND ( 'NONE', #1868, .T. ) ;
#1153 = DIRECTION ( 'NONE',  ( 0.0000000000000000000, 0.0000000000000000000, -1.000000000000000000 ) ) ;
#1154 = CARTESIAN_POINT ( 'NONE',  ( 2.499999999999999600, 5.000000000000000000, 72.00000000000000000 ) ) ;
#1155 = ADVANCED_FACE ( 'NONE', ( #3142 ), #2982, .F. ) ;
#1156 = VECTOR ( 'NONE', #2576, 1000.000000000000000 ) ;
#1157 = CARTESIAN_POINT ( 'NONE',  ( 36.50000000000000000, 4.469960816887838400E-015, 10.00000000000000000 ) ) ;
#1158 = CARTESIAN_POINT ( 'NONE',  ( 0.0000000000000000000, 0.0000000000000000000, 11.60000000000000100 ) ) ;
#1159 = AXIS2_PLACEMENT_3D ( 'NONE', #4268, #3191, #3507 ) ;
#1160 = EDGE_CURVE ( 'NONE', #327, #1143, #4011, .T. ) ;
#1161 = EDGE_CURVE ( 'NONE', #665, #428, #803, .T. ) ;
#1162 = FACE_OUTER_BOUND ( 'NONE', #3988, .T. ) ;
#1163 = CARTESIAN_POINT ( 'NONE',  ( -43.00000000000000000, 28.99999999999998900, 0.0000000000000000000 ) ) ;
#1164 = CARTESIAN_POINT ( 'NONE',  ( -2.025056425745498600, 47.82163214108172900, -68.49999999999998600 ) ) ;
#1165 = CARTESIAN_POINT ( 'NONE',  ( -0.1665620082149400800, 7.000000000000000900, 21.99999999999999600 ) ) ;
#1166 = LINE ( 'NONE', #4388, #3045 ) ;
#1167 = APPROVAL_PERSON_ORGANIZATION ( #1112, #259, #3406 ) ;
#1168 = DIRECTION ( 'NONE',  ( 1.000000000000000000, 0.0000000000000000000, 0.0000000000000000000 ) ) ;
#1169 = VECTOR ( 'NONE', #4732, 1000.000000000000000 ) ;
#1170 = EDGE_CURVE ( 'NONE', #2777, #12, #1034, .T. ) ;
#1171 = CYLINDRICAL_SURFACE ( 'NONE', #267, 4.999999999999997300 ) ;
#1172 = EDGE_LOOP ( 'NONE', ( #1496, #1824, #846, #726 ) ) ;
#1173 = DIRECTION ( 'NONE',  ( -1.000000000000000000, 0.0000000000000000000, 0.0000000000000000000 ) ) ;
#1174 = CONICAL_SURFACE ( 'NONE', #3955, 6.500000000000005300, 0.7853981633974491700 ) ;
#1175 = AXIS2_PLACEMENT_3D ( 'NONE', #1163, #73, #4469 ) ;
#1176 = ORIENTED_EDGE ( 'NONE', *, *, #2887, .T. ) ;
#1177 = CARTESIAN_POINT ( 'NONE',  ( 0.0000000000000000000, 0.0000000000000000000, 11.60000000000000100 ) ) ;
#1178 = CARTESIAN_POINT ( 'NONE',  ( -8.499999999999994700, 52.28296204382374400, -93.00000000000000000 ) ) ;
#1179 = ADVANCED_FACE ( 'NONE', ( #1090 ), #174, .F. ) ;
#1180 = EDGE_LOOP ( 'NONE', ( #911, #607, #1985, #2391 ) ) ;
#1181 = ORIENTED_EDGE ( 'NONE', *, *, #4353, .T. ) ;
#1182 = CARTESIAN_POINT ( 'NONE',  ( 28.99999999999999600, -38.00000000000000700, -103.5000000000000000 ) ) ;
#1183 = CARTESIAN_POINT ( 'NONE',  ( 27.49999999999999600, -43.00000000000000000, -103.5000000000000000 ) ) ;
#1184 = EDGE_CURVE ( 'NONE', #1236, #260, #4589, .T. ) ;
#1185 = EDGE_CURVE ( 'NONE', #3469, #327, #1715, .T. ) ;
#1186 = EDGE_CURVE ( 'NONE', #1641, #4558, #3846, .T. ) ;
#1187 = CARTESIAN_POINT ( 'NONE',  ( 38.00000000000000000, 28.99999999999998900, 0.0000000000000000000 ) ) ;
#1188 = ORIENTED_EDGE ( 'NONE', *, *, #3048, .T. ) ;
#1189 = ORIENTED_EDGE ( 'NONE', *, *, #3516, .T. ) ;
#1190 = DIRECTION ( 'NONE',  ( -1.000000000000000000, 0.0000000000000000000, 0.0000000000000000000 ) ) ;
#1191 = DIRECTION ( 'NONE',  ( -0.0000000000000000000, 0.0000000000000000000, 1.000000000000000000 ) ) ;
#1192 = ORIENTED_EDGE ( 'NONE', *, *, #263, .F. ) ;
#1193 = DIRECTION ( 'NONE',  ( 0.0000000000000000000, 0.0000000000000000000, -1.000000000000000000 ) ) ;
#1194 = ORIENTED_EDGE ( 'NONE', *, *, #2703, .F. ) ;
#1195 = AXIS2_PLACEMENT_3D ( 'NONE', #2077, #1702, #1722 ) ;
#1196 = ORIENTED_EDGE ( 'NONE', *, *, #3104, .F. ) ;
#1197 = ORIENTED_EDGE ( 'NONE', *, *, #2005, .F. ) ;
#1198 = ORIENTED_EDGE ( 'NONE', *, *, #4001, .T. ) ;
#1199 = CIRCLE ( 'NONE', #534, 1.500000000000001300 ) ;
#1200 = VECTOR ( 'NONE', #1491, 1000.000000000000000 ) ;
#1201 = ADVANCED_FACE ( 'NONE', ( #4708 ), #1482, .T. ) ;
#1202 = ORIENTED_EDGE ( 'NONE', *, *, #293, .F. ) ;
#1203 = DIRECTION ( 'NONE',  ( 0.0000000000000000000, 0.0000000000000000000, 1.000000000000000000 ) ) ;
#1204 = CARTESIAN_POINT ( 'NONE',  ( 28.99999999999999600, 42.99999999999999300, 0.0000000000000000000 ) ) ;
#1205 = VECTOR ( 'NONE', #3395, 1000.000000000000000 ) ;
#1206 = VECTOR ( 'NONE', #3752, 1000.000000000000000 ) ;
#1207 = FACE_OUTER_BOUND ( 'NONE', #4047, .T. ) ;
#1208 = DIRECTION ( 'NONE',  ( 0.8571673007021118900, 1.049727191138618100E-016, -0.5150380749100549300 ) ) ;
#1209 = ORIENTED_EDGE ( 'NONE', *, *, #4509, .F. ) ;
#1210 = DIRECTION ( 'NONE',  ( 0.0000000000000000000, 0.0000000000000000000, -1.000000000000000000 ) ) ;
#1211 = CARTESIAN_POINT ( 'NONE',  ( 28.99999999999999600, 33.99999999999998600, -103.5000000000000000 ) ) ;
#1212 = DIRECTION ( 'NONE',  ( 0.0000000000000000000, -0.0000000000000000000, -1.000000000000000000 ) ) ;
#1213 = VECTOR ( 'NONE', #1779, 1000.000000000000000 ) ;
#1214 = ORIENTED_EDGE ( 'NONE', *, *, #3578, .F. ) ;
#1215 = EDGE_CURVE ( 'NONE', #2224, #4446, #1656, .T. ) ;
#1216 = CARTESIAN_POINT ( 'NONE',  ( -15.00000000000000000, 42.99999999999999300, -83.49999999999998600 ) ) ;
#1217 = EDGE_CURVE ( 'NONE', #458, #254, #1946, .T. ) ;
#1218 = CYLINDRICAL_SURFACE ( 'NONE', #2856, 1.500000000000001300 ) ;
#1219 = CARTESIAN_POINT ( 'NONE',  ( 2.025056425745498600, 47.82163214108175000, -68.49999999999998600 ) ) ;
#1220 = LINE ( 'NONE', #4422, #4725 ) ;
#1221 = CARTESIAN_POINT ( 'NONE',  ( -23.99999999999999600, 37.99999999999999300, 0.0000000000000000000 ) ) ;
#1222 = AXIS2_PLACEMENT_3D ( 'NONE', #696, #4337, #3993 ) ;
#1223 = CARTESIAN_POINT ( 'NONE',  ( 22.84999999999999800, 38.49999999999999300, -104.4999999999999900 ) ) ;
#1224 = CIRCLE ( 'NONE', #794, 1.250000000000001100 ) ;
#1225 = PLANE ( 'NONE',  #63 ) ;
#1226 = CARTESIAN_POINT ( 'NONE',  ( 7.997924617902913100, 52.99999999999999300, -96.50000000000001400 ) ) ;
#1227 = LOCAL_TIME ( 10, 55, 9.000000000000000000, #2693 ) ;
#1228 = ADVANCED_FACE ( 'NONE', ( #3740 ), #2197, .T. ) ;
#1229 = ADVANCED_FACE ( 'NONE', ( #2594 ), #2813, .T. ) ;
#1230 = FACE_OUTER_BOUND ( 'NONE', #4473, .T. ) ;
#1231 = DIRECTION ( 'NONE',  ( -0.0000000000000000000, -0.0000000000000000000, -1.000000000000000000 ) ) ;
#1232 = MECHANICAL_CONTEXT ( 'NONE', #1554, 'mechanical' ) ;
#1233 = CARTESIAN_POINT ( 'NONE',  ( 43.00000000000000000, 36.99999999999998600, 10.00000000000000000 ) ) ;
#1234 = AXIS2_PLACEMENT_3D ( 'NONE', #1649, #3868, #935 ) ;
#1235 = ORIENTED_EDGE ( 'NONE', *, *, #3112, .T. ) ;
#1236 = VERTEX_POINT ( 'NONE', #3277 ) ;
#1237 = CARTESIAN_POINT ( 'NONE',  ( 24.49999999999999600, 38.49999999999999300, -105.0000000000000000 ) ) ;
#1238 = EDGE_LOOP ( 'NONE', ( #628, #4223, #548, #981 ) ) ;
#1239 = DIRECTION ( 'NONE',  ( -1.000000000000000000, 0.0000000000000000000, 0.0000000000000000000 ) ) ;
#1240 = EDGE_LOOP ( 'NONE', ( #4332, #793, #2570, #7 ) ) ;
#1241 = DIRECTION ( 'NONE',  ( -1.000000000000000000, 0.0000000000000000000, 0.0000000000000000000 ) ) ;
#1242 = DIRECTION ( 'NONE',  ( -1.000000000000000000, 0.0000000000000000000, 0.0000000000000000000 ) ) ;
#1243 = ORIENTED_EDGE ( 'NONE', *, *, #114, .T. ) ;
#1244 = DIRECTION ( 'NONE',  ( -0.0000000000000000000, -0.0000000000000000000, -1.000000000000000000 ) ) ;
#1245 = EDGE_LOOP ( 'NONE', ( #2423, #329, #3676, #4274 ) ) ;
#1246 = EDGE_CURVE ( 'NONE', #3369, #2920, #4443, .T. ) ;
#1247 = ADVANCED_FACE ( 'NONE', ( #2994 ), #2204, .F. ) ;
#1248 = ORIENTED_EDGE ( 'NONE', *, *, #4279, .F. ) ;
#1249 = EDGE_CURVE ( 'NONE', #4347, #4562, #2131, .T. ) ;
#1250 = ADVANCED_FACE ( 'NONE', ( #1052 ), #2015, .F. ) ;
#1251 = DIRECTION ( 'NONE',  ( 1.000000000000000000, 0.0000000000000000000, 0.0000000000000000000 ) ) ;
#1252 = ORIENTED_EDGE ( 'NONE', *, *, #2377, .F. ) ;
#1253 = EDGE_LOOP ( 'NONE', ( #2281, #4624, #2451, #1209, #3482, #2770, #1933, #3345 ) ) ;
#1254 = CARTESIAN_POINT ( 'NONE',  ( -38.00000000000000000, 23.99999999999998600, -103.5000000000000000 ) ) ;
#1255 = CARTESIAN_POINT ( 'NONE',  ( -28.99999999999999600, 37.99999999999999300, 0.0000000000000000000 ) ) ;
#1256 = EDGE_LOOP ( 'NONE', ( #2178, #3070, #1832, #853 ) ) ;
#1257 = ORIENTED_EDGE ( 'NONE', *, *, #3610, .T. ) ;
#1258 = ORIENTED_EDGE ( 'NONE', *, *, #2922, .F. ) ;
#1259 = EDGE_CURVE ( 'NONE', #2370, #1703, #2869, .T. ) ;
#1260 = FACE_OUTER_BOUND ( 'NONE', #4538, .T. ) ;
#1261 = VECTOR ( 'NONE', #886, 1000.000000000000000 ) ;
#1262 = ADVANCED_FACE ( 'NONE', ( #526 ), #678, .F. ) ;
#1263 = CARTESIAN_POINT ( 'NONE',  ( -38.00000000000000000, -29.00000000000000000, -103.5000000000000000 ) ) ;
#1264 = VERTEX_POINT ( 'NONE', #4341 ) ;
#1265 = CIRCLE ( 'NONE', #1466, 36.50000000000000000 ) ;
#1266 = ORIENTED_EDGE ( 'NONE', *, *, #4482, .F. ) ;
#1267 = AXIS2_PLACEMENT_3D ( 'NONE', #1781, #2136, #1774 ) ;
#1268 = DIRECTION ( 'NONE',  ( 1.000000000000000000, 1.776356839400250500E-015, 0.0000000000000000000 ) ) ;
#1269 = LINE ( 'NONE', #754, #1955 ) ;
#1270 = DIRECTION ( 'NONE',  ( 0.0000000000000000000, 0.0000000000000000000, 1.000000000000000000 ) ) ;
#1271 = LINE ( 'NONE', #241, #1315 ) ;
#1272 = EDGE_CURVE ( 'NONE', #458, #4180, #303, .T. ) ;
#1273 = CARTESIAN_POINT ( 'NONE',  ( -43.00000000000000000, -37.00000000000000700, 0.0000000000000000000 ) ) ;
#1274 = EDGE_CURVE ( 'NONE', #4521, #3350, #1511, .T. ) ;
#1275 = FACE_OUTER_BOUND ( 'NONE', #2389, .T. ) ;
#1276 = FACE_OUTER_BOUND ( 'NONE', #2319, .T. ) ;
#1277 = ORIENTED_EDGE ( 'NONE', *, *, #2063, .F. ) ;
#1278 = DIRECTION ( 'NONE',  ( -0.0000000000000000000, -0.0000000000000000000, -1.000000000000000000 ) ) ;
#1279 = VECTOR ( 'NONE', #4023, 1000.000000000000000 ) ;
#1280 = DIRECTION ( 'NONE',  ( -0.0000000000000000000, -0.0000000000000000000, -1.000000000000000000 ) ) ;
#1281 = VERTEX_POINT ( 'NONE', #2358 ) ;
#1282 = CARTESIAN_POINT ( 'NONE',  ( -8.499999999999994700, 52.28296204382375100, -94.46446609406727600 ) ) ;
#1283 = AXIS2_PLACEMENT_3D ( 'NONE', #4677, #644, #1024 ) ;
#1284 = VERTEX_POINT ( 'NONE', #1072 ) ;
#1285 = ORIENTED_EDGE ( 'NONE', *, *, #530, .F. ) ;
#1286 = CARTESIAN_POINT ( 'NONE',  ( 0.0000000000000000000, 0.0000000000000000000, 11.60000000000000100 ) ) ;
#1287 = CARTESIAN_POINT ( 'NONE',  ( -3.275056425745499000, 47.82163214108172900, -68.49999999999998600 ) ) ;
#1288 = VERTEX_POINT ( 'NONE', #184 ) ;
#1289 = EDGE_CURVE ( 'NONE', #3447, #1537, #1663, .T. ) ;
#1290 = CARTESIAN_POINT ( 'NONE',  ( -37.00000000000000000, -37.00000000000000700, 10.00000000000000000 ) ) ;
#1291 = CARTESIAN_POINT ( 'NONE',  ( 36.99999999999999300, 42.99999999999999300, 10.00000000000000000 ) ) ;
#1292 = EDGE_LOOP ( 'NONE', ( #2329, #4015, #4300, #3304, #3788 ) ) ;
#1293 = ORIENTED_EDGE ( 'NONE', *, *, #3216, .T. ) ;
#1294 = ORIENTED_EDGE ( 'NONE', *, *, #498, .T. ) ;
#1295 = ORIENTED_EDGE ( 'NONE', *, *, #2990, .F. ) ;
#1296 = AXIS2_PLACEMENT_3D ( 'NONE', #4403, #3738, #1532 ) ;
#1297 = ORIENTED_EDGE ( 'NONE', *, *, #1836, .F. ) ;
#1298 = VERTEX_POINT ( 'NONE', #1971 ) ;
#1299 = ORIENTED_EDGE ( 'NONE', *, *, #1621, .F. ) ;
#1300 = DIRECTION ( 'NONE',  ( -1.000000000000000000, 0.0000000000000000000, 0.0000000000000000000 ) ) ;
#1301 = FACE_OUTER_BOUND ( 'NONE', #773, .T. ) ;
#1302 = LINE ( 'NONE', #950, #4423 ) ;
#1303 = AXIS2_PLACEMENT_3D ( 'NONE', #2648, #1203, #4071 ) ;
#1304 = ORIENTED_EDGE ( 'NONE', *, *, #4248, .F. ) ;
#1305 = CARTESIAN_POINT ( 'NONE',  ( -15.00000000000000000, 42.99999999999999300, -103.5000000000000000 ) ) ;
#1306 = VECTOR ( 'NONE', #3919, 1000.000000000000000 ) ;
#1307 = LINE ( 'NONE', #3162, #110 ) ;
#1308 = FACE_OUTER_BOUND ( 'NONE', #2350, .T. ) ;
#1309 = EDGE_LOOP ( 'NONE', ( #1660, #1192, #490, #2211 ) ) ;
#1310 = EDGE_CURVE ( 'NONE', #1527, #4213, #3816, .T. ) ;
#1311 = CIRCLE ( 'NONE', #4449, 4.999999999999997300 ) ;
#1312 = PLANE ( 'NONE',  #1336 ) ;
#1313 = ORIENTED_EDGE ( 'NONE', *, *, #2888, .T. ) ;
#1314 = CARTESIAN_POINT ( 'NONE',  ( -0.1665607149922469800, 7.000000000000001800, -108.0000000000000100 ) ) ;
#1315 = VECTOR ( 'NONE', #1335, 1000.000000000000000 ) ;
#1316 = DIRECTION ( 'NONE',  ( -1.000000000000000000, 0.0000000000000000000, 0.0000000000000000000 ) ) ;
#1317 = CYLINDRICAL_SURFACE ( 'NONE', #2103, 1.649999999999998600 ) ;
#1318 = CARTESIAN_POINT ( 'NONE',  ( 43.00000000000000000, 23.99999999999998600, -103.5000000000000000 ) ) ;
#1319 = DIRECTION ( 'NONE',  ( 0.0000000000000000000, 0.0000000000000000000, -1.000000000000000000 ) ) ;
#1320 = CARTESIAN_POINT ( 'NONE',  ( 38.50000000000000000, -24.50000000000000400, -104.5000000000000400 ) ) ;
#1321 = CIRCLE ( 'NONE', #126, 7.000000000000000000 ) ;
#1322 = EDGE_CURVE ( 'NONE', #2783, #4115, #1329, .T. ) ;
#1323 = CONICAL_SURFACE ( 'NONE', #2866, 6.500000000000005300, 0.7853981633974491700 ) ;
#1324 = CARTESIAN_POINT ( 'NONE',  ( -7.000000000000000000, 8.572527594031473200E-016, -133.0000000000000000 ) ) ;
#1325 = CARTESIAN_POINT ( 'NONE',  ( -10.99999999999999800, 48.71259202696844400, -95.50000000000000000 ) ) ;
#1326 = EDGE_CURVE ( 'NONE', #2098, #2307, #996, .T. ) ;
#1327 = PLANE ( 'NONE',  #2413 ) ;
#1328 = EDGE_LOOP ( 'NONE', ( #2080, #2207, #2177, #2772 ) ) ;
#1329 = LINE ( 'NONE', #3478, #2697 ) ;
#1330 = ADVANCED_FACE ( 'NONE', ( #474 ), #136, .F. ) ;
#1331 = DIRECTION ( 'NONE',  ( -0.0000000000000000000, -0.0000000000000000000, -1.000000000000000000 ) ) ;
#1332 = DIRECTION ( 'NONE',  ( 0.0000000000000000000, -1.000000000000000000, 0.0000000000000000000 ) ) ;
#1333 = ORIENTED_EDGE ( 'NONE', *, *, #1581, .F. ) ;
#1334 = ADVANCED_FACE ( 'NONE', ( #31 ), #366, .F. ) ;
#1335 = DIRECTION ( 'NONE',  ( -0.0000000000000000000, -0.0000000000000000000, -1.000000000000000000 ) ) ;
#1336 = AXIS2_PLACEMENT_3D ( 'NONE', #971, #4235, #2028 ) ;
#1337 = ORIENTED_EDGE ( 'NONE', *, *, #4509, .T. ) ;
#1338 = DIRECTION ( 'NONE',  ( 0.0000000000000000000, 0.0000000000000000000, 1.000000000000000000 ) ) ;
#1339 = ORIENTED_EDGE ( 'NONE', *, *, #3421, .T. ) ;
#1340 = DIRECTION ( 'NONE',  ( -0.0000000000000000000, -0.0000000000000000000, 1.000000000000000000 ) ) ;
#1341 = CARTESIAN_POINT ( 'NONE',  ( -38.03999999999998500, -34.78999999999999900, 0.0000000000000000000 ) ) ;
#1342 = DIRECTION ( 'NONE',  ( 0.0000000000000000000, 0.0000000000000000000, 1.000000000000000000 ) ) ;
#1343 = AXIS2_PLACEMENT_3D ( 'NONE', #3363, #1898, #432 ) ;
#1344 = VERTEX_POINT ( 'NONE', #307 ) ;
#1345 = CARTESIAN_POINT ( 'NONE',  ( -38.03999999999998500, -34.78999999999999900, 0.0000000000000000000 ) ) ;
#1346 = DIRECTION ( 'NONE',  ( 0.0000000000000000000, 0.0000000000000000000, 1.000000000000000000 ) ) ;
#1347 = CARTESIAN_POINT ( 'NONE',  ( 2.168404344971008900E-015, 5.000000000000000000, -110.5000000000000000 ) ) ;
#1348 = ORIENTED_EDGE ( 'NONE', *, *, #3113, .F. ) ;
#1349 = EDGE_LOOP ( 'NONE', ( #3260, #2545, #1617, #1577 ) ) ;
#1350 = VERTEX_POINT ( 'NONE', #3619 ) ;
#1351 = CARTESIAN_POINT ( 'NONE',  ( 43.00000000000000000, 23.99999999999999600, 0.0000000000000000000 ) ) ;
#1352 = DIRECTION ( 'NONE',  ( 1.000000000000000000, 0.0000000000000000000, -0.0000000000000000000 ) ) ;
#1353 = EDGE_LOOP ( 'NONE', ( #1120, #1421, #2904, #2611 ) ) ;
#1354 = ORIENTED_EDGE ( 'NONE', *, *, #3261, .F. ) ;
#1355 = EDGE_CURVE ( 'NONE', #213, #551, #4144, .T. ) ;
#1356 = ORIENTED_EDGE ( 'NONE', *, *, #4036, .T. ) ;
#1357 = EDGE_CURVE ( 'NONE', #2920, #4058, #2473, .T. ) ;
#1358 = CARTESIAN_POINT ( 'NONE',  ( -15.00000000000000000, 52.99999999999999300, -103.5000000000000000 ) ) ;
#1359 = FACE_OUTER_BOUND ( 'NONE', #1848, .T. ) ;
#1360 = DIRECTION ( 'NONE',  ( 0.0000000000000000000, 0.0000000000000000000, -1.000000000000000000 ) ) ;
#1361 = ORIENTED_EDGE ( 'NONE', *, *, #3112, .F. ) ;
#1362 = CARTESIAN_POINT ( 'NONE',  ( -2.499999999999996900, 6.538348415311011400, -110.3334275778634500 ) ) ;
#1363 = ADVANCED_FACE ( 'NONE', ( #1861 ), #3223, .T. ) ;
#1364 = ORIENTED_EDGE ( 'NONE', *, *, #688, .T. ) ;
#1365 = ORIENTED_EDGE ( 'NONE', *, *, #2924, .F. ) ;
#1366 = AXIS2_PLACEMENT_3D ( 'NONE', #1290, #4263, #3475 ) ;
#1367 = CIRCLE ( 'NONE', #2735, 6.500000000000005300 ) ;
#1368 = CARTESIAN_POINT ( 'NONE',  ( 36.35000000000007200, -24.50000000000000400, -105.0000000000000000 ) ) ;
#1369 = FACE_OUTER_BOUND ( 'NONE', #4284, .T. ) ;
#1370 = CARTESIAN_POINT ( 'NONE',  ( -6.500000000000005300, 0.0000000000000000000, 47.00000000000000000 ) ) ;
#1371 = CARTESIAN_POINT ( 'NONE',  ( 33.99999999999999300, 33.99999999999998600, -103.5000000000000000 ) ) ;
#1372 = ORIENTED_EDGE ( 'NONE', *, *, #3297, .F. ) ;
#1373 = CYLINDRICAL_SURFACE ( 'NONE', #3858, 2.500000000000002200 ) ;
#1374 = DIRECTION ( 'NONE',  ( 1.000000000000000000, 0.0000000000000000000, 0.0000000000000000000 ) ) ;
#1375 = ORIENTED_EDGE ( 'NONE', *, *, #272, .T. ) ;
#1376 = DIRECTION ( 'NONE',  ( -1.000000000000000000, 0.0000000000000000000, 0.0000000000000000000 ) ) ;
#1377 = VECTOR ( 'NONE', #4445, 1000.000000000000200 ) ;
#1378 = AXIS2_PLACEMENT_3D ( 'NONE', #2902, #1074, #3985 ) ;
#1379 = DIRECTION ( 'NONE',  ( 1.000000000000000000, 0.0000000000000000000, 0.0000000000000000000 ) ) ;
#1380 = CARTESIAN_POINT ( 'NONE',  ( 38.00000000000000000, 23.99999999999998900, -103.5000000000000000 ) ) ;
#1381 = CARTESIAN_POINT ( 'NONE',  ( -24.50000000000000000, -38.50000000000000700, -93.90857997860452100 ) ) ;
#1382 = FACE_OUTER_BOUND ( 'NONE', #4362, .T. ) ;
#1383 = CARTESIAN_POINT ( 'NONE',  ( 2.168404344971008900E-015, 7.000000000000000000, -108.0000000000000000 ) ) ;
#1384 = CARTESIAN_POINT ( 'NONE',  ( 1.250000000000000400, 45.79657571533623200, -68.49999999999998600 ) ) ;
#1385 = DIRECTION ( 'NONE',  ( 0.0000000000000000000, 0.0000000000000000000, -1.000000000000000000 ) ) ;
#1386 = VECTOR ( 'NONE', #2614, 1000.000000000000000 ) ;
#1387 = DATE_AND_TIME ( #1859, #2747 ) ;
#1388 = ADVANCED_FACE ( 'NONE', ( #1230 ), #3219, .F. ) ;
#1389 = DIRECTION ( 'NONE',  ( 0.0000000000000000000, -0.0000000000000000000, -1.000000000000000000 ) ) ;
#1390 = LINE ( 'NONE', #4711, #2362 ) ;
#1391 = DIRECTION ( 'NONE',  ( -1.000000000000000000, 0.0000000000000000000, 0.0000000000000000000 ) ) ;
#1392 = LINE ( 'NONE', #1727, #638 ) ;
#1393 = EDGE_LOOP ( 'NONE', ( #1258, #3886, #1412, #3196 ) ) ;
#1394 = FACE_BOUND ( 'NONE', #2232, .T. ) ;
#1395 =( BOUNDED_CURVE ( )  B_SPLINE_CURVE ( 3, ( #2927, #1805, #685, #337 ),
 .UNSPECIFIED., .F., .T. ) 
 B_SPLINE_CURVE_WITH_KNOTS ( ( 4, 4 ),
 ( 3.141592653589793100, 4.712388980384689700 ),
 .UNSPECIFIED. ) 
 CURVE ( )  GEOMETRIC_REPRESENTATION_ITEM ( )  RATIONAL_B_SPLINE_CURVE ( ( 1.000000000000000000, 0.8047378541243649400, 0.8047378541243649400, 1.000000000000000000 ) ) 
 REPRESENTATION_ITEM ( '' )  );
#1396 = AXIS2_PLACEMENT_3D ( 'NONE', #4308, #2833, #2764 ) ;
#1397 = EDGE_CURVE ( 'NONE', #3782, #2143, #883, .T. ) ;
#1398 = CARTESIAN_POINT ( 'NONE',  ( 2.500000000000002200, 6.538348415311009600, -132.5000000000000000 ) ) ;
#1399 = ORIENTED_EDGE ( 'NONE', *, *, #2858, .F. ) ;
#1400 = ORIENTED_EDGE ( 'NONE', *, *, #2523, .F. ) ;
#1401 = DIRECTION ( 'NONE',  ( -0.0000000000000000000, -0.0000000000000000000, -1.000000000000000000 ) ) ;
#1402 = DIRECTION ( 'NONE',  ( -8.881784197001256300E-016, 0.0000000000000000000, -1.000000000000000000 ) ) ;
#1403 = AXIS2_PLACEMENT_3D ( 'NONE', #4627, #1331, #1023 ) ;
#1404 = VERTEX_POINT ( 'NONE', #1086 ) ;
#1405 = DIRECTION ( 'NONE',  ( -1.000000000000000000, 0.0000000000000000000, 0.0000000000000000000 ) ) ;
#1406 = DIRECTION ( 'NONE',  ( 0.0000000000000000000, 0.0000000000000000000, -1.000000000000000000 ) ) ;
#1407 = AXIS2_PLACEMENT_3D ( 'NONE', #4012, #707, #18 ) ;
#1408 = CARTESIAN_POINT ( 'NONE',  ( 1.540029376274095500, 6.832569802792398200, -108.5043362185432900 ) ) ;
#1409 = CARTESIAN_POINT ( 'NONE',  ( 27.49999999999999600, -34.00000000000000000, -103.5000000000000000 ) ) ;
#1410 = ORIENTED_EDGE ( 'NONE', *, *, #2221, .F. ) ;
#1411 = DIRECTION ( 'NONE',  ( -0.0000000000000000000, -0.0000000000000000000, 1.000000000000000000 ) ) ;
#1412 = ORIENTED_EDGE ( 'NONE', *, *, #2189, .F. ) ;
#1413 = DIRECTION ( 'NONE',  ( 0.0000000000000000000, 0.0000000000000000000, 1.000000000000000000 ) ) ;
#1414 = AXIS2_PLACEMENT_3D ( 'NONE', #2501, #3245, #1060 ) ;
#1415 = DIRECTION ( 'NONE',  ( 0.0000000000000000000, 1.000000000000000000, 0.0000000000000000000 ) ) ;
#1416 = EDGE_LOOP ( 'NONE', ( #601, #3180, #2440, #4291 ) ) ;
#1417 = ORIENTED_EDGE ( 'NONE', *, *, #3050, .T. ) ;
#1418 = EDGE_LOOP ( 'NONE', ( #2158, #1080, #270, #3118 ) ) ;
#1419 = DIRECTION ( 'NONE',  ( 0.7071067811865279200, 8.659560562354692500E-017, -0.7071067811865671100 ) ) ;
#1420 = ORIENTED_EDGE ( 'NONE', *, *, #588, .T. ) ;
#1421 = ORIENTED_EDGE ( 'NONE', *, *, #4480, .T. ) ;
#1422 = VERTEX_POINT ( 'NONE', #748 ) ;
#1423 = DIRECTION ( 'NONE',  ( 0.0000000000000000000, 0.0000000000000000000, -1.000000000000000000 ) ) ;
#1424 = DIRECTION ( 'NONE',  ( 1.000000000000000000, 0.0000000000000000000, -0.0000000000000000000 ) ) ;
#1425 = FACE_OUTER_BOUND ( 'NONE', #1937, .T. ) ;
#1426 = LINE ( 'NONE', #980, #620 ) ;
#1427 = EDGE_CURVE ( 'NONE', #4213, #3151, #1628, .T. ) ;
#1428 = EDGE_CURVE ( 'NONE', #4114, #2903, #4665, .T. ) ;
#1429 = EDGE_CURVE ( 'NONE', #4594, #3248, #1738, .T. ) ;
#1430 = ORIENTED_EDGE ( 'NONE', *, *, #4279, .T. ) ;
#1431 = VERTEX_POINT ( 'NONE', #1433 ) ;
#1432 = FACE_OUTER_BOUND ( 'NONE', #3037, .T. ) ;
#1433 = CARTESIAN_POINT ( 'NONE',  ( -27.49999999999999600, -38.00000000000000700, -105.0000000000000000 ) ) ;
#1434 = CIRCLE ( 'NONE', #4628, 3.250000000000002700 ) ;
#1435 = DIRECTION ( 'NONE',  ( 0.0000000000000000000, -1.000000000000000000, 0.0000000000000000000 ) ) ;
#1436 = CIRCLE ( 'NONE', #736, 1.500000000000001300 ) ;
#1437 = VERTEX_POINT ( 'NONE', #3989 ) ;
#1438 = AXIS2_PLACEMENT_3D ( 'NONE', #273, #4720, #1391 ) ;
#1439 = DIRECTION ( 'NONE',  ( -1.000000000000000000, 0.0000000000000000000, -0.0000000000000000000 ) ) ;
#1440 = LINE ( 'NONE', #92, #457 ) ;
#1441 = ORIENTED_EDGE ( 'NONE', *, *, #780, .F. ) ;
#1442 = CARTESIAN_POINT ( 'NONE',  ( 8.500000000000005300, 52.28296204382373700, -91.53553390593275200 ) ) ;
#1443 = AXIS2_PLACEMENT_3D ( 'NONE', #3751, #2996, #808 ) ;
#1444 = PLANE ( 'NONE',  #403 ) ;
#1445 = LINE ( 'NONE', #2442, #4375 ) ;
#1446 = DIRECTION ( 'NONE',  ( -0.5735764363510440500, -0.8191520442889931300, -0.0000000000000000000 ) ) ;
#1447 = VECTOR ( 'NONE', #2915, 1000.000000000000000 ) ;
#1448 = AXIS2_PLACEMENT_3D ( 'NONE', #4313, #2161, #1033 ) ;
#1449 = DIRECTION ( 'NONE',  ( 1.000000000000000000, 0.0000000000000000000, 0.0000000000000000000 ) ) ;
#1450 = DIRECTION ( 'NONE',  ( -0.0000000000000000000, 0.0000000000000000000, 1.000000000000000000 ) ) ;
#1451 = LINE ( 'NONE', #1520, #524 ) ;
#1452 = ADVANCED_FACE ( 'NONE', ( #4318 ), #637, .F. ) ;
#1453 = DIRECTION ( 'NONE',  ( -1.000000000000000000, -0.0000000000000000000, -0.0000000000000000000 ) ) ;
#1454 = ORIENTED_EDGE ( 'NONE', *, *, #324, .T. ) ;
#1455 = LINE ( 'NONE', #3267, #3110 ) ;
#1456 = EDGE_CURVE ( 'NONE', #4172, #2537, #4262, .T. ) ;
#1457 = CARTESIAN_POINT ( 'NONE',  ( 0.3300778807779234900, 6.994067516105956500, 22.01647689357335500 ) ) ;
#1458 = EDGE_CURVE ( 'NONE', #1883, #1775, #766, .T. ) ;
#1459 = ADVANCED_FACE ( 'NONE', ( #1276 ), #2252, .T. ) ;
#1460 = DIRECTION ( 'NONE',  ( -1.000000000000000000, 0.0000000000000000000, 0.0000000000000000000 ) ) ;
#1461 = ORIENTED_EDGE ( 'NONE', *, *, #3481, .T. ) ;
#1462 = DIRECTION ( 'NONE',  ( -1.000000000000000000, 0.0000000000000000000, 0.0000000000000000000 ) ) ;
#1463 = DIRECTION ( 'NONE',  ( -1.000000000000000000, 0.0000000000000000000, 0.0000000000000000000 ) ) ;
#1464 = B_SPLINE_CURVE_WITH_KNOTS ( 'NONE', 3,
 ( #2547, #1470, #1899, #2946 ),
 .UNSPECIFIED., .F., .F.,
 ( 4, 4 ),
 ( 0.003150347304430028900, 0.003885040755056816700 ),
 .UNSPECIFIED. ) ;
#1465 = DIRECTION ( 'NONE',  ( -1.000000000000000000, -0.0000000000000000000, -0.0000000000000000000 ) ) ;
#1466 = AXIS2_PLACEMENT_3D ( 'NONE', #1518, #3336, #1105 ) ;
#1467 = VERTEX_POINT ( 'NONE', #1368 ) ;
#1468 = CARTESIAN_POINT ( 'NONE',  ( -34.78999999999997800, -34.78999999999999900, 0.0000000000000000000 ) ) ;
#1469 = DIRECTION ( 'NONE',  ( -1.000000000000000000, 0.0000000000000000000, 0.0000000000000000000 ) ) ;
#1470 = CARTESIAN_POINT ( 'NONE',  ( -2.500000000000000400, 6.359375045741664700, 46.66717003532952600 ) ) ;
#1471 = EDGE_LOOP ( 'NONE', ( #3792, #2890 ) ) ;
#1472 = CARTESIAN_POINT ( 'NONE',  ( 0.0000000000000000000, 0.0000000000000000000, -105.0000000000000000 ) ) ;
#1473 = DIRECTION ( 'NONE',  ( -0.0000000000000000000, -0.0000000000000000000, 1.000000000000000000 ) ) ;
#1474 = ORIENTED_EDGE ( 'NONE', *, *, #2405, .T. ) ;
#1475 = VERTEX_POINT ( 'NONE', #695 ) ;
#1476 = VERTEX_POINT ( 'NONE', #2863 ) ;
#1477 = CARTESIAN_POINT ( 'NONE',  ( 0.0000000000000000000, 49.84668856682723300, -68.49999999999998600 ) ) ;
#1478 = DIRECTION ( 'NONE',  ( 0.0000000000000000000, 0.0000000000000000000, -1.000000000000000000 ) ) ;
#1479 = ORIENTED_EDGE ( 'NONE', *, *, #4482, .T. ) ;
#1480 = CARTESIAN_POINT ( 'NONE',  ( -2.500000000000001300, 6.538348415311011400, 24.33342477317454200 ) ) ;
#1481 = VERTEX_POINT ( 'NONE', #312 ) ;
#1482 = CYLINDRICAL_SURFACE ( 'NONE', #2392, 1.250000000000000400 ) ;
#1483 = ORIENTED_EDGE ( 'NONE', *, *, #3859, .T. ) ;
#1484 = DIRECTION ( 'NONE',  ( 0.0000000000000000000, 0.0000000000000000000, -1.000000000000000000 ) ) ;
#1485 = ORIENTED_EDGE ( 'NONE', *, *, #999, .T. ) ;
#1486 = LINE ( 'NONE', #3867, #400 ) ;
#1487 = CONICAL_SURFACE ( 'NONE', #1048, 1.649999999999998600, 0.7853981633974206300 ) ;
#1488 = ORIENTED_EDGE ( 'NONE', *, *, #4621, .T. ) ;
#1489 = DIRECTION ( 'NONE',  ( -0.0000000000000000000, -0.0000000000000000000, -1.000000000000000000 ) ) ;
#1490 = DIRECTION ( 'NONE',  ( -1.000000000000000000, 0.0000000000000000000, 0.0000000000000000000 ) ) ;
#1491 = DIRECTION ( 'NONE',  ( 0.0000000000000000000, 0.0000000000000000000, -1.000000000000000000 ) ) ;
#1492 = EDGE_CURVE ( 'NONE', #3994, #1236, #1390, .T. ) ;
#1493 = VECTOR ( 'NONE', #569, 1000.000000000000000 ) ;
#1494 = EDGE_CURVE ( 'NONE', #2680, #1772, #2308, .T. ) ;
#1495 = ORIENTED_EDGE ( 'NONE', *, *, #2587, .F. ) ;
#1496 = ORIENTED_EDGE ( 'NONE', *, *, #3205, .T. ) ;
#1497 = CARTESIAN_POINT ( 'NONE',  ( -22.84999999999999800, -38.50000000000000700, -104.5000000000000400 ) ) ;
#1498 = DIRECTION ( 'NONE',  ( 0.0000000000000000000, -1.000000000000000000, 0.0000000000000000000 ) ) ;
#1499 = CYLINDRICAL_SURFACE ( 'NONE', #3620, 5.000000000000000900 ) ;
#1500 = AXIS2_PLACEMENT_3D ( 'NONE', #415, #834, #4112 ) ;
#1501 = CARTESIAN_POINT ( 'NONE',  ( -6.500000000000005300, 0.0000000000000000000, 47.00000000000000000 ) ) ;
#1502 = LINE ( 'NONE', #963, #813 ) ;
#1503 = EDGE_CURVE ( 'NONE', #2949, #4038, #80, .T. ) ;
#1504 = DIRECTION ( 'NONE',  ( -0.0000000000000000000, -0.0000000000000000000, 1.000000000000000000 ) ) ;
#1505 = CIRCLE ( 'NONE', #3658, 5.999999999999998200 ) ;
#1506 = DIRECTION ( 'NONE',  ( 0.0000000000000000000, 0.0000000000000000000, -1.000000000000000000 ) ) ;
#1507 = DIRECTION ( 'NONE',  ( -0.0000000000000000000, -0.0000000000000000000, -1.000000000000000000 ) ) ;
#1508 = CALENDAR_DATE ( 2021, 13, 1 ) ;
#1509 = AXIS2_PLACEMENT_3D ( 'NONE', #1358, #2090, #3766 ) ;
#1510 = DIRECTION ( 'NONE',  ( -0.0000000000000000000, -0.0000000000000000000, 1.000000000000000000 ) ) ;
#1511 = CIRCLE ( 'NONE', #1689, 6.499999999999999100 ) ;
#1512 = CARTESIAN_POINT ( 'NONE',  ( -43.00000000000000000, -24.00000000000000000, 10.00000000000000000 ) ) ;
#1513 = CIRCLE ( 'NONE', #1403, 5.999999999999998200 ) ;
#1514 = ADVANCED_FACE ( 'NONE', ( #3574 ), #2604, .T. ) ;
#1515 = ADVANCED_FACE ( 'NONE', ( #4088 ), #1019, .F. ) ;
#1516 = ORIENTED_EDGE ( 'NONE', *, *, #1123, .F. ) ;
#1517 = FACE_OUTER_BOUND ( 'NONE', #201, .T. ) ;
#1518 = CARTESIAN_POINT ( 'NONE',  ( 0.0000000000000000000, 0.0000000000000000000, 10.00000000000000000 ) ) ;
#1519 = CARTESIAN_POINT ( 'NONE',  ( 2.499999999999999600, 5.000000000000000000, 47.00000000000000000 ) ) ;
#1520 = CARTESIAN_POINT ( 'NONE',  ( 31.54000000000002000, -34.78999999999997100, 0.0000000000000000000 ) ) ;
#1521 = ORIENTED_EDGE ( 'NONE', *, *, #3912, .T. ) ;
#1522 = ORIENTED_EDGE ( 'NONE', *, *, #3772, .F. ) ;
#1523 = CARTESIAN_POINT ( 'NONE',  ( 0.0000000000000000000, 47.82163214108173600, -73.50000000000000000 ) ) ;
#1524 = EDGE_CURVE ( 'NONE', #1437, #3782, #3167, .T. ) ;
#1525 = EDGE_CURVE ( 'NONE', #285, #2448, #3107, .T. ) ;
#1526 = ORIENTED_EDGE ( 'NONE', *, *, #2619, .T. ) ;
#1527 = VERTEX_POINT ( 'NONE', #3189 ) ;
#1528 = DIRECTION ( 'NONE',  ( -0.0000000000000000000, -0.0000000000000000000, -1.000000000000000000 ) ) ;
#1529 = AXIS2_PLACEMENT_3D ( 'NONE', #3734, #2597, #2997 ) ;
#1530 = DIRECTION ( 'NONE',  ( -0.0000000000000000000, -0.0000000000000000000, -1.000000000000000000 ) ) ;
#1531 = VERTEX_POINT ( 'NONE', #1383 ) ;
#1532 = DIRECTION ( 'NONE',  ( 1.000000000000000000, 0.0000000000000000000, 0.0000000000000000000 ) ) ;
#1533 = EDGE_LOOP ( 'NONE', ( #2339, #740, #1820, #4018 ) ) ;
#1534 = DIRECTION ( 'NONE',  ( -0.8571673007021114500, 0.0000000000000000000, -0.5150380749100556000 ) ) ;
#1535 = ORIENTED_EDGE ( 'NONE', *, *, #3513, .F. ) ;
#1536 = ADVANCED_FACE ( 'NONE', ( #2072 ), #3920, .T. ) ;
#1537 = VERTEX_POINT ( 'NONE', #297 ) ;
#1538 = ADVANCED_FACE ( 'NONE', ( #2935 ), #1965, .F. ) ;
#1539 = AXIS2_PLACEMENT_3D ( 'NONE', #4051, #896, #4198 ) ;
#1540 = DIRECTION ( 'NONE',  ( -0.0000000000000000000, -0.0000000000000000000, 1.000000000000000000 ) ) ;
#1541 = ORIENTED_EDGE ( 'NONE', *, *, #2791, .T. ) ;
#1542 = ORIENTED_EDGE ( 'NONE', *, *, #4480, .F. ) ;
#1543 = CARTESIAN_POINT ( 'NONE',  ( 0.0000000000000000000, 47.82163214108173600, -83.49999999999998600 ) ) ;
#1544 = CIRCLE ( 'NONE', #884, 4.999999999999997300 ) ;
#1545 = CARTESIAN_POINT ( 'NONE',  ( -9.000000000000000000, 0.0000000000000000000, -105.0000000000000000 ) ) ;
#1546 = FACE_OUTER_BOUND ( 'NONE', #1418, .T. ) ;
#1547 = DIRECTION ( 'NONE',  ( 0.0000000000000000000, 0.0000000000000000000, 1.000000000000000000 ) ) ;
#1548 = ORIENTED_EDGE ( 'NONE', *, *, #4450, .F. ) ;
#1549 = EDGE_CURVE ( 'NONE', #233, #3226, #4205, .T. ) ;
#1550 = VECTOR ( 'NONE', #2008, 1000.000000000000000 ) ;
#1551 = DIRECTION ( 'NONE',  ( 0.0000000000000000000, -1.000000000000000000, -0.0000000000000000000 ) ) ;
#1552 = CIRCLE ( 'NONE', #3832, 1.500000000000001300 ) ;
#1553 = FACE_OUTER_BOUND ( 'NONE', #1928, .T. ) ;
#1554 = APPLICATION_CONTEXT ( 'configuration controlled 3d designs of mechanical parts and assemblies' ) ;
#1555 = ORIENTED_EDGE ( 'NONE', *, *, #2222, .T. ) ;
#1556 = VECTOR ( 'NONE', #3225, 1000.000000000000000 ) ;
#1557 = VERTEX_POINT ( 'NONE', #2878 ) ;
#1558 = AXIS2_PLACEMENT_3D ( 'NONE', #3953, #725, #1439 ) ;
#1559 = FACE_BOUND ( 'NONE', #4566, .T. ) ;
#1560 = CARTESIAN_POINT ( 'NONE',  ( 2.168404344971008900E-015, 5.000000000000000000, -110.5000000000000000 ) ) ;
#1561 = ADVANCED_FACE ( 'NONE', ( #3698 ), #419, .T. ) ;
#1562 = LINE ( 'NONE', #4707, #3511 ) ;
#1563 = AXIS2_PLACEMENT_3D ( 'NONE', #188, #3115, #4256 ) ;
#1564 = CARTESIAN_POINT ( 'NONE',  ( 38.50000000000000000, -24.50000000000000400, -104.5000000000000400 ) ) ;
#1565 = DATE_TIME_ROLE ( 'creation_date' ) ;
#1566 = DIRECTION ( 'NONE',  ( 1.000000000000000000, -0.0000000000000000000, 0.0000000000000000000 ) ) ;
#1567 = LINE ( 'NONE', #202, #1493 ) ;
#1568 = EDGE_CURVE ( 'NONE', #434, #1822, #249, .T. ) ;
#1569 = DIRECTION ( 'NONE',  ( -1.000000000000000000, 0.0000000000000000000, 0.0000000000000000000 ) ) ;
#1570 = LINE ( 'NONE', #2067, #2598 ) ;
#1571 = ORIENTED_EDGE ( 'NONE', *, *, #3625, .F. ) ;
#1572 = DIRECTION ( 'NONE',  ( 1.000000000000000000, 0.0000000000000000000, 0.0000000000000000000 ) ) ;
#1573 = VECTOR ( 'NONE', #156, 1000.000000000000000 ) ;
#1574 = ORIENTED_EDGE ( 'NONE', *, *, #183, .F. ) ;
#1575 = DIRECTION ( 'NONE',  ( 1.000000000000000000, 0.0000000000000000000, 0.0000000000000000000 ) ) ;
#1576 = DIRECTION ( 'NONE',  ( 0.0000000000000000000, 0.0000000000000000000, -1.000000000000000000 ) ) ;
#1577 = ORIENTED_EDGE ( 'NONE', *, *, #2954, .T. ) ;
#1578 = CARTESIAN_POINT ( 'NONE',  ( 0.0000000000000000000, 52.99999999999999300, -96.50000000000001400 ) ) ;
#1579 =( NAMED_UNIT ( * ) PLANE_ANGLE_UNIT ( ) SI_UNIT ( $, .RADIAN. ) );
#1580 = DIRECTION ( 'NONE',  ( 0.0000000000000000000, -1.000000000000000000, 0.0000000000000000000 ) ) ;
#1581 = EDGE_CURVE ( 'NONE', #1953, #472, #1114, .T. ) ;
#1582 = ADVANCED_FACE ( 'NONE', ( #3972 ), #1624, .F. ) ;
#1583 = EDGE_CURVE ( 'NONE', #603, #4521, #189, .T. ) ;
#1584 = CARTESIAN_POINT ( 'NONE',  ( 2.499999999999999600, 5.000000000000000000, 24.49999999999998900 ) ) ;
#1585 = DIRECTION ( 'NONE',  ( -0.7071067811864985000, 0.0000000000000000000, -0.7071067811865965300 ) ) ;
#1586 = ORIENTED_EDGE ( 'NONE', *, *, #1001, .T. ) ;
#1587 = ORIENTED_EDGE ( 'NONE', *, *, #4264, .F. ) ;
#1588 = CARTESIAN_POINT ( 'NONE',  ( 23.99999999999999300, 42.99999999999999300, 10.00000000000000000 ) ) ;
#1589 = AXIS2_PLACEMENT_3D ( 'NONE', #4554, #870, #132 ) ;
#1590 = VERTEX_POINT ( 'NONE', #4519 ) ;
#1591 = DIRECTION ( 'NONE',  ( -1.000000000000000000, 0.0000000000000000000, 0.0000000000000000000 ) ) ;
#1592 = ORIENTED_EDGE ( 'NONE', *, *, #1949, .F. ) ;
#1593 = DIRECTION ( 'NONE',  ( -0.0000000000000000000, -0.0000000000000000000, -1.000000000000000000 ) ) ;
#1594 = EDGE_LOOP ( 'NONE', ( #3797, #3524, #58, #1214 ) ) ;
#1595 = ORIENTED_EDGE ( 'NONE', *, *, #2317, .F. ) ;
#1596 = AXIS2_PLACEMENT_3D ( 'NONE', #1183, #1580, #1888 ) ;
#1597 = ORIENTED_EDGE ( 'NONE', *, *, #261, .T. ) ;
#1598 = CARTESIAN_POINT ( 'NONE',  ( 0.0000000000000000000, 0.0000000000000000000, -105.0000000000000000 ) ) ;
#1599 = ORIENTED_EDGE ( 'NONE', *, *, #1699, .F. ) ;
#1600 = APPROVAL_STATUS ( 'not_yet_approved' ) ;
#1601 = CARTESIAN_POINT ( 'NONE',  ( -33.99999999999999300, 28.99999999999998900, -103.5000000000000000 ) ) ;
#1602 = VERTEX_POINT ( 'NONE', #456 ) ;
#1603 = CIRCLE ( 'NONE', #1963, 1.649999999999998600 ) ;
#1604 = ORIENTED_EDGE ( 'NONE', *, *, #50, .F. ) ;
#1605 = AXIS2_PLACEMENT_3D ( 'NONE', #1662, #133, #3426 ) ;
#1606 = ORIENTED_EDGE ( 'NONE', *, *, #2128, .F. ) ;
#1607 = VECTOR ( 'NONE', #1193, 1000.000000000000000 ) ;
#1608 = CIRCLE ( 'NONE', #704, 1.500000000000001300 ) ;
#1609 = DIRECTION ( 'NONE',  ( 0.0000000000000000000, 0.0000000000000000000, 1.000000000000000000 ) ) ;
#1610 = ORIENTED_EDGE ( 'NONE', *, *, #1799, .T. ) ;
#1611 = CARTESIAN_POINT ( 'NONE',  ( 15.00000000000000000, 42.99999999999999300, -83.49999999999998600 ) ) ;
#1612 = CARTESIAN_POINT ( 'NONE',  ( -38.50000000000000000, 24.49999999999998900, -105.0000000000000000 ) ) ;
#1613 = ADVANCED_FACE ( 'NONE', ( #2194 ), #1858, .F. ) ;
#1614 = CARTESIAN_POINT ( 'NONE',  ( -28.99999999999999600, -38.00000000000000700, 0.0000000000000000000 ) ) ;
#1615 = LINE ( 'NONE', #1085, #1213 ) ;
#1616 = ORIENTED_EDGE ( 'NONE', *, *, #4699, .F. ) ;
#1617 = ORIENTED_EDGE ( 'NONE', *, *, #1976, .T. ) ;
#1618 = CARTESIAN_POINT ( 'NONE',  ( 11.00000000000000700, 44.99999999999999300, -95.50000000000000000 ) ) ;
#1619 = EDGE_CURVE ( 'NONE', #4038, #1826, #636, .T. ) ;
#1620 = FACE_OUTER_BOUND ( 'NONE', #720, .T. ) ;
#1621 = EDGE_CURVE ( 'NONE', #3469, #1143, #2642, .T. ) ;
#1622 = LINE ( 'NONE', #646, #2689 ) ;
#1623 = AXIS2_PLACEMENT_3D ( 'NONE', #3661, #4049, #737 ) ;
#1624 = CYLINDRICAL_SURFACE ( 'NONE', #3404, 1.050000000000000000 ) ;
#1625 = CARTESIAN_POINT ( 'NONE',  ( -43.00000000000000000, -28.99999999999999600, 0.0000000000000000000 ) ) ;
#1626 = DIRECTION ( 'NONE',  ( 0.0000000000000000000, -1.000000000000000000, 0.0000000000000000000 ) ) ;
#1627 = ADVANCED_FACE ( 'NONE', ( #2068 ), #4381, .T. ) ;
#1628 = CIRCLE ( 'NONE', #3222, 3.500000000000003100 ) ;
#1629 = LINE ( 'NONE', #3922, #2016 ) ;
#1630 = AXIS2_PLACEMENT_3D ( 'NONE', #2718, #3472, #553 ) ;
#1631 = ORIENTED_EDGE ( 'NONE', *, *, #589, .F. ) ;
#1632 = VECTOR ( 'NONE', #3294, 1000.000000000000000 ) ;
#1633 = VERTEX_POINT ( 'NONE', #2968 ) ;
#1634 = CARTESIAN_POINT ( 'NONE',  ( 3.275056425745499000, 47.82163214108175000, -68.49999999999998600 ) ) ;
#1635 = EDGE_LOOP ( 'NONE', ( #4672, #2032 ) ) ;
#1636 = DIRECTION ( 'NONE',  ( -1.000000000000000000, 0.0000000000000000000, 0.0000000000000000000 ) ) ;
#1637 = ORIENTED_EDGE ( 'NONE', *, *, #3625, .T. ) ;
#1638 = DIRECTION ( 'NONE',  ( -1.000000000000000000, 0.0000000000000000000, 0.0000000000000000000 ) ) ;
#1639 = AXIS2_PLACEMENT_3D ( 'NONE', #2057, #982, #995 ) ;
#1640 = VERTEX_POINT ( 'NONE', #3773 ) ;
#1641 = VERTEX_POINT ( 'NONE', #3337 ) ;
#1642 = EDGE_CURVE ( 'NONE', #1093, #4326, #1962, .T. ) ;
#1643 = DIRECTION ( 'NONE',  ( -0.0000000000000000000, -0.0000000000000000000, 1.000000000000000000 ) ) ;
#1644 = VERTEX_POINT ( 'NONE', #1931 ) ;
#1645 = ORIENTED_EDGE ( 'NONE', *, *, #2405, .F. ) ;
#1646 = ORIENTED_EDGE ( 'NONE', *, *, #1949, .T. ) ;
#1647 = DIRECTION ( 'NONE',  ( -1.000000000000000000, 0.0000000000000000000, 0.0000000000000000000 ) ) ;
#1648 = CARTESIAN_POINT ( 'NONE',  ( -38.00000000000000000, 28.99999999999998900, -103.5000000000000000 ) ) ;
#1649 = CARTESIAN_POINT ( 'NONE',  ( 37.00000000000000000, -37.00000000000000700, 0.0000000000000000000 ) ) ;
#1650 = EDGE_LOOP ( 'NONE', ( #2387, #2713, #4409, #3176 ) ) ;
#1651 = ORIENTED_EDGE ( 'NONE', *, *, #2791, .F. ) ;
#1652 = ADVANCED_FACE ( 'NONE', ( #2419 ), #845, .F. ) ;
#1653 = VERTEX_POINT ( 'NONE', #2657 ) ;
#1654 = AXIS2_PLACEMENT_3D ( 'NONE', #3622, #3688, #2163 ) ;
#1655 = VECTOR ( 'NONE', #2785, 1000.000000000000000 ) ;
#1656 = CIRCLE ( 'NONE', #3408, 1.250000000000000400 ) ;
#1657 = CARTESIAN_POINT ( 'NONE',  ( 36.99999999999999300, 42.99999999999999300, 0.0000000000000000000 ) ) ;
#1658 = CIRCLE ( 'NONE', #3597, 1.649999999999998600 ) ;
#1659 = VECTOR ( 'NONE', #1051, 1000.000000000000200 ) ;
#1660 = ORIENTED_EDGE ( 'NONE', *, *, #3467, .F. ) ;
#1661 = ORIENTED_EDGE ( 'NONE', *, *, #2490, .F. ) ;
#1662 = CARTESIAN_POINT ( 'NONE',  ( -24.49999999999999600, -38.50000000000000700, -105.0000000000000000 ) ) ;
#1663 = B_SPLINE_CURVE_WITH_KNOTS ( 'NONE', 3,
 ( #137, #4168, #167, #3917 ),
 .UNSPECIFIED., .F., .F.,
 ( 4, 4 ),
 ( 0.0000000000000000000, 0.0007347237686830796000 ),
 .UNSPECIFIED. ) ;
#1664 = VECTOR ( 'NONE', #4691, 1000.000000000000000 ) ;
#1665 = VERTEX_POINT ( 'NONE', #3371 ) ;
#1666 = DIRECTION ( 'NONE',  ( 0.0000000000000000000, 0.0000000000000000000, 1.000000000000000000 ) ) ;
#1667 = DIRECTION ( 'NONE',  ( 0.0000000000000000000, 0.0000000000000000000, 1.000000000000000000 ) ) ;
#1668 = LINE ( 'NONE', #1682, #3213 ) ;
#1669 = EDGE_CURVE ( 'NONE', #4328, #1476, #1224, .T. ) ;
#1670 = CARTESIAN_POINT ( 'NONE',  ( -27.49999999999999600, 37.99999999999999300, -105.0000000000000000 ) ) ;
#1671 = EDGE_CURVE ( 'NONE', #1431, #3821, #3759, .T. ) ;
#1672 = EDGE_CURVE ( 'NONE', #2307, #4161, #1451, .T. ) ;
#1673 = FACE_OUTER_BOUND ( 'NONE', #550, .T. ) ;
#1674 = ADVANCED_FACE ( 'NONE', ( #2932 ), #880, .T. ) ;
#1675 = CARTESIAN_POINT ( 'NONE',  ( 23.99999999999999600, -43.00000000000000000, -103.5000000000000000 ) ) ;
#1676 = DIRECTION ( 'NONE',  ( -0.0000000000000000000, -0.0000000000000000000, -1.000000000000000000 ) ) ;
#1677 = LINE ( 'NONE', #1000, #4501 ) ;
#1678 = AXIS2_PLACEMENT_3D ( 'NONE', #997, #3940, #3927 ) ;
#1679 = CONICAL_SURFACE ( 'NONE', #2379, 1.649999999999998600, 1.029744258676653600 ) ;
#1680 = DIRECTION ( 'NONE',  ( -0.0000000000000000000, 1.000000000000000000, 0.0000000000000000000 ) ) ;
#1681 = EDGE_LOOP ( 'NONE', ( #1723, #3674, #323, #2235, #2599, #902, #558, #1574 ) ) ;
#1682 = CARTESIAN_POINT ( 'NONE',  ( -1.250000000000000400, 49.84668856682723300, -68.49999999999998600 ) ) ;
#1683 = VECTOR ( 'NONE', #4214, 1000.000000000000000 ) ;
#1684 = AXIS2_PLACEMENT_3D ( 'NONE', #873, #4546, #3030 ) ;
#1685 = CARTESIAN_POINT ( 'NONE',  ( 2.025056425745498600, 47.82163214108175000, -68.49999999999998600 ) ) ;
#1686 = CARTESIAN_POINT ( 'NONE',  ( 36.50000000000000000, 4.469960816887838400E-015, 11.50000000000000500 ) ) ;
#1687 = ORIENTED_EDGE ( 'NONE', *, *, #4131, .F. ) ;
#1688 = CARTESIAN_POINT ( 'NONE',  ( 2.499999999999999600, 6.359375045741662900, 46.66717003532952600 ) ) ;
#1689 = AXIS2_PLACEMENT_3D ( 'NONE', #1960, #491, #2309 ) ;
#1690 = VERTEX_POINT ( 'NONE', #3741 ) ;
#1691 = DIRECTION ( 'NONE',  ( 1.000000000000000000, -0.0000000000000000000, 0.0000000000000000000 ) ) ;
#1692 = CARTESIAN_POINT ( 'NONE',  ( 28.99999999999999600, 42.99999999999999300, 0.0000000000000000000 ) ) ;
#1693 = CARTESIAN_POINT ( 'NONE',  ( 22.84999999999999800, 38.49999999999999300, -94.89999999999999100 ) ) ;
#1694 = EDGE_LOOP ( 'NONE', ( #3653, #3494, #2209, #959 ) ) ;
#1695 = EDGE_CURVE ( 'NONE', #2172, #689, #4661, .T. ) ;
#1696 = PLANE ( 'NONE',  #389 ) ;
#1697 = DIRECTION ( 'NONE',  ( 0.0000000000000000000, 0.0000000000000000000, -1.000000000000000000 ) ) ;
#1698 = ORIENTED_EDGE ( 'NONE', *, *, #1160, .T. ) ;
#1699 = EDGE_CURVE ( 'NONE', #3942, #1422, #3695, .T. ) ;
#1700 = ORIENTED_EDGE ( 'NONE', *, *, #3216, .F. ) ;
#1701 = ORIENTED_EDGE ( 'NONE', *, *, #4340, .T. ) ;
#1702 = DIRECTION ( 'NONE',  ( -1.000000000000000000, 0.0000000000000000000, 0.0000000000000000000 ) ) ;
#1703 = VERTEX_POINT ( 'NONE', #3096 ) ;
#1704 = DIRECTION ( 'NONE',  ( 0.0000000000000000000, 0.0000000000000000000, 1.000000000000000000 ) ) ;
#1705 = AXIS2_PLACEMENT_3D ( 'NONE', #1903, #34, #1876 ) ;
#1706 = VERTEX_POINT ( 'NONE', #4564 ) ;
#1707 = DIRECTION ( 'NONE',  ( -1.000000000000000000, 0.0000000000000000000, 0.0000000000000000000 ) ) ;
#1708 = VERTEX_POINT ( 'NONE', #1989 ) ;
#1709 = CIRCLE ( 'NONE', #3987, 7.000000000000000000 ) ;
#1710 = CARTESIAN_POINT ( 'NONE',  ( 33.99999999999999300, -34.00000000000000000, 0.0000000000000000000 ) ) ;
#1711 = ORIENTED_EDGE ( 'NONE', *, *, #1975, .F. ) ;
#1712 = ORIENTED_EDGE ( 'NONE', *, *, #4541, .T. ) ;
#1713 = PRODUCT_DEFINITION_SHAPE ( 'NONE', 'NONE',  #2708 ) ;
#1714 = CARTESIAN_POINT ( 'NONE',  ( 0.0000000000000000000, 0.0000000000000000000, 10.00000000000000000 ) ) ;
#1715 = LINE ( 'NONE', #2272, #3956 ) ;
#1716 = DIRECTION ( 'NONE',  ( 0.0000000000000000000, 0.0000000000000000000, 1.000000000000000000 ) ) ;
#1717 = VECTOR ( 'NONE', #3520, 1000.000000000000000 ) ;
#1718 = LINE ( 'NONE', #4208, #3958 ) ;
#1719 = ORIENTED_EDGE ( 'NONE', *, *, #2557, .T. ) ;
#1720 = AXIS2_PLACEMENT_3D ( 'NONE', #3854, #2787, #229 ) ;
#1721 = LINE ( 'NONE', #250, #405 ) ;
#1722 = DIRECTION ( 'NONE',  ( 0.0000000000000000000, 0.0000000000000000000, 1.000000000000000000 ) ) ;
#1723 = ORIENTED_EDGE ( 'NONE', *, *, #2796, .T. ) ;
#1724 = CARTESIAN_POINT ( 'NONE',  ( -2.369606214910320800, 6.587060365341304900, -109.6867503970000400 ) ) ;
#1725 = EDGE_LOOP ( 'NONE', ( #660, #4743, #2151, #1785 ) ) ;
#1726 = VECTOR ( 'NONE', #4304, 1000.000000000000000 ) ;
#1727 = CARTESIAN_POINT ( 'NONE',  ( 43.00000000000000000, -43.00000000000000000, 0.0000000000000000000 ) ) ;
#1728 = PLANE ( 'NONE',  #893 ) ;
#1729 = CIRCLE ( 'NONE', #2541, 1.649999999999998600 ) ;
#1730 = PLANE ( 'NONE',  #788 ) ;
#1731 = VECTOR ( 'NONE', #518, 1000.000000000000000 ) ;
#1732 = EDGE_CURVE ( 'NONE', #4052, #4058, #469, .T. ) ;
#1733 = CALENDAR_DATE ( 2021, 13, 1 ) ;
#1734 = DIRECTION ( 'NONE',  ( 1.000000000000000000, 0.0000000000000000000, 0.0000000000000000000 ) ) ;
#1735 = DIRECTION ( 'NONE',  ( -0.0000000000000000000, -0.0000000000000000000, 1.000000000000000000 ) ) ;
#1736 = EDGE_CURVE ( 'NONE', #673, #1665, #2591, .T. ) ;
#1737 = DIRECTION ( 'NONE',  ( 0.0000000000000000000, -0.0000000000000000000, -1.000000000000000000 ) ) ;
#1738 = LINE ( 'NONE', #1055, #3285 ) ;
#1739 = CYLINDRICAL_SURFACE ( 'NONE', #1813, 36.50000000000000000 ) ;
#1740 = CARTESIAN_POINT ( 'NONE',  ( 28.99999999999999600, -34.00000000000000000, -103.5000000000000000 ) ) ;
#1741 = DIRECTION ( 'NONE',  ( -0.0000000000000000000, -0.0000000000000000000, 1.000000000000000000 ) ) ;
#1742 = CARTESIAN_POINT ( 'NONE',  ( 12.89937738537086000, 45.99999999999998600, -103.5000000000000000 ) ) ;
#1743 = AXIS2_PLACEMENT_3D ( 'NONE', #3771, #3353, #128 ) ;
#1744 = VERTEX_POINT ( 'NONE', #1657 ) ;
#1745 = FACE_OUTER_BOUND ( 'NONE', #2681, .T. ) ;
#1746 = CARTESIAN_POINT ( 'NONE',  ( 8.500000000000005300, 44.99999999999999300, -93.00000000000000000 ) ) ;
#1747 = ORIENTED_EDGE ( 'NONE', *, *, #589, .T. ) ;
#1748 = EDGE_CURVE ( 'NONE', #4333, #500, #3812, .T. ) ;
#1749 = EDGE_LOOP ( 'NONE', ( #1522, #1078, #192, #1488 ) ) ;
#1750 = DIRECTION ( 'NONE',  ( 0.0000000000000000000, 0.0000000000000000000, -1.000000000000000000 ) ) ;
#1751 = B_SPLINE_CURVE_WITH_KNOTS ( 'NONE', 3,
 ( #4301, #956, #1688, #590 ),
 .UNSPECIFIED., .F., .F.,
 ( 4, 4 ),
 ( 0.003917228997316327600, 0.004651611670246540500 ),
 .UNSPECIFIED. ) ;
#1752 = ORIENTED_EDGE ( 'NONE', *, *, #3817, .T. ) ;
#1753 = CARTESIAN_POINT ( 'NONE',  ( -1.250000000000000400, 45.79657571533623200, -73.50000000000000000 ) ) ;
#1754 = AXIS2_PLACEMENT_3D ( 'NONE', #2518, #4127, #1569 ) ;
#1755 = CARTESIAN_POINT ( 'NONE',  ( 24.49999999999999600, 38.49999999999999300, -94.89999999999999100 ) ) ;
#1756 = DIRECTION ( 'NONE',  ( -0.0000000000000000000, -0.0000000000000000000, -1.000000000000000000 ) ) ;
#1757 = CARTESIAN_POINT ( 'NONE',  ( 9.535533905932744900, 50.80406636015202100, -90.50000000000000000 ) ) ;
#1758 = EDGE_LOOP ( 'NONE', ( #2753, #3659, #444, #4735 ) ) ;
#1759 = ADVANCED_FACE ( 'NONE', ( #4312 ), #3397, .T. ) ;
#1760 = EDGE_LOOP ( 'NONE', ( #3890, #1148 ) ) ;
#1761 = CARTESIAN_POINT ( 'NONE',  ( 27.49999999999999300, 33.99999999999998600, -103.5000000000000000 ) ) ;
#1762 = DIRECTION ( 'NONE',  ( -1.000000000000000000, 0.0000000000000000000, 0.0000000000000000000 ) ) ;
#1763 = CARTESIAN_POINT ( 'NONE',  ( 2.168047151893591500, 6.656467866987864700, -109.2445824965636200 ) ) ;
#1764 = ORIENTED_EDGE ( 'NONE', *, *, #2970, .F. ) ;
#1765 = EDGE_CURVE ( 'NONE', #155, #1281, #3453, .T. ) ;
#1766 = ORIENTED_EDGE ( 'NONE', *, *, #4747, .F. ) ;
#1767 = EDGE_CURVE ( 'NONE', #2901, #3365, #111, .T. ) ;
#1768 = DIRECTION ( 'NONE',  ( -0.0000000000000000000, -0.0000000000000000000, -1.000000000000000000 ) ) ;
#1769 = DIRECTION ( 'NONE',  ( -0.0000000000000000000, -0.0000000000000000000, -1.000000000000000000 ) ) ;
#1770 = CARTESIAN_POINT ( 'NONE',  ( 9.000000000000000000, 0.0000000000000000000, 10.00000000000000000 ) ) ;
#1771 = ORIENTED_EDGE ( 'NONE', *, *, #226, .F. ) ;
#1772 = VERTEX_POINT ( 'NONE', #2345 ) ;
#1773 = CARTESIAN_POINT ( 'NONE',  ( 38.00000000000000000, -27.50000000000000400, -103.5000000000000000 ) ) ;
#1774 = DIRECTION ( 'NONE',  ( -1.000000000000000000, 0.0000000000000000000, 0.0000000000000000000 ) ) ;
#1775 = VERTEX_POINT ( 'NONE', #185 ) ;
#1776 = CIRCLE ( 'NONE', #2097, 3.499999999999999600 ) ;
#1777 = CARTESIAN_POINT ( 'NONE',  ( 28.99999999999999600, -43.00000000000000000, 0.0000000000000000000 ) ) ;
#1778 = LINE ( 'NONE', #2220, #2625 ) ;
#1779 = DIRECTION ( 'NONE',  ( 1.000000000000000000, -0.0000000000000000000, 0.0000000000000000000 ) ) ;
#1780 = CARTESIAN_POINT ( 'NONE',  ( -41.49999999999999300, 23.99999999999998600, -105.0000000000000000 ) ) ;
#1781 = CARTESIAN_POINT ( 'NONE',  ( 34.78999999999999900, 34.79000000000002800, 0.0000000000000000000 ) ) ;
#1782 = AXIS2_PLACEMENT_3D ( 'NONE', #2631, #3004, #4597 ) ;
#1783 = CIRCLE ( 'NONE', #2079, 1.050000000000000000 ) ;
#1784 = LINE ( 'NONE', #2773, #4591 ) ;
#1785 = ORIENTED_EDGE ( 'NONE', *, *, #3390, .F. ) ;
#1786 = ORIENTED_EDGE ( 'NONE', *, *, #232, .T. ) ;
#1787 = DIRECTION ( 'NONE',  ( 0.0000000000000000000, 0.0000000000000000000, -1.000000000000000000 ) ) ;
#1788 = CARTESIAN_POINT ( 'NONE',  ( 43.00000000000000000, -37.00000000000000700, 0.0000000000000000000 ) ) ;
#1789 = CARTESIAN_POINT ( 'NONE',  ( 37.00000000000000000, -37.00000000000000700, 10.00000000000000000 ) ) ;
#1790 = CYLINDRICAL_SURFACE ( 'NONE', #4160, 1.500000000000001300 ) ;
#1791 = AXIS2_PLACEMENT_3D ( 'NONE', #774, #4454, #4056 ) ;
#1792 = ADVANCED_FACE ( 'NONE', ( #3047 ), #3335, .T. ) ;
#1793 = CARTESIAN_POINT ( 'NONE',  ( 0.0000000000000000000, 47.82163214108173600, -73.50000000000000000 ) ) ;
#1794 = CARTESIAN_POINT ( 'NONE',  ( -22.35000000000006900, -38.50000000000000700, -105.0000000000000000 ) ) ;
#1795 = CIRCLE ( 'NONE', #2374, 4.999999999999997300 ) ;
#1796 = DIRECTION ( 'NONE',  ( 0.0000000000000000000, 0.0000000000000000000, 1.000000000000000000 ) ) ;
#1797 = DIRECTION ( 'NONE',  ( -1.000000000000000000, 0.0000000000000000000, 0.0000000000000000000 ) ) ;
#1798 = VECTOR ( 'NONE', #1856, 1000.000000000000000 ) ;
#1799 = EDGE_CURVE ( 'NONE', #2782, #279, #823, .T. ) ;
#1800 = CARTESIAN_POINT ( 'NONE',  ( 24.49999999999999600, 38.49999999999999300, -104.4999999999999900 ) ) ;
#1801 = APPROVAL_DATE_TIME ( #4202, #3631 ) ;
#1802 = LINE ( 'NONE', #2318, #1808 ) ;
#1803 = CARTESIAN_POINT ( 'NONE',  ( -33.99999999999999300, 33.99999999999998600, 0.0000000000000000000 ) ) ;
#1804 = LINE ( 'NONE', #2794, #4609 ) ;
#1805 = CARTESIAN_POINT ( 'NONE',  ( 8.500000000000005300, 52.28296204382373700, -94.46446609406727600 ) ) ;
#1806 = VECTOR ( 'NONE', #2236, 1000.000000000000000 ) ;
#1807 = ORIENTED_EDGE ( 'NONE', *, *, #4520, .T. ) ;
#1808 = VECTOR ( 'NONE', #4181, 1000.000000000000000 ) ;
#1809 = AXIS2_PLACEMENT_3D ( 'NONE', #3210, #4712, #2879 ) ;
#1810 = DIRECTION ( 'NONE',  ( -0.0000000000000000000, -0.0000000000000000000, 1.000000000000000000 ) ) ;
#1811 = CARTESIAN_POINT ( 'NONE',  ( 7.997924617902913100, 52.99999999999999300, -83.49999999999998600 ) ) ;
#1812 = VERTEX_POINT ( 'NONE', #1233 ) ;
#1813 = AXIS2_PLACEMENT_3D ( 'NONE', #1286, #3509, #1300 ) ;
#1814 = ORIENTED_EDGE ( 'NONE', *, *, #2588, .T. ) ;
#1815 = DIRECTION ( 'NONE',  ( 0.0000000000000000000, 0.0000000000000000000, -1.000000000000000000 ) ) ;
#1816 = DIRECTION ( 'NONE',  ( -1.000000000000000000, 0.0000000000000000000, -0.0000000000000000000 ) ) ;
#1817 = AXIS2_PLACEMENT_3D ( 'NONE', #322, #3271, #4373 ) ;
#1818 = CARTESIAN_POINT ( 'NONE',  ( 31.54000000000002000, -34.78999999999997100, 10.00000000000000000 ) ) ;
#1819 = CARTESIAN_POINT ( 'NONE',  ( -7.000000000000000000, 0.0000000000000000000, 6.600000000000000500 ) ) ;
#1820 = ORIENTED_EDGE ( 'NONE', *, *, #3713, .F. ) ;
#1821 = CARTESIAN_POINT ( 'NONE',  ( 38.00000000000000000, 27.49999999999998900, -105.0000000000000000 ) ) ;
#1822 = VERTEX_POINT ( 'NONE', #3856 ) ;
#1823 = CARTESIAN_POINT ( 'NONE',  ( 34.79000000000002000, -34.78999999999997100, 0.0000000000000000000 ) ) ;
#1824 = ORIENTED_EDGE ( 'NONE', *, *, #2462, .F. ) ;
#1825 = ORIENTED_EDGE ( 'NONE', *, *, #3576, .F. ) ;
#1826 = VERTEX_POINT ( 'NONE', #1601 ) ;
#1827 = DIRECTION ( 'NONE',  ( 1.000000000000000000, -4.956352788505164300E-016, 0.0000000000000000000 ) ) ;
#1828 = EDGE_LOOP ( 'NONE', ( #2410, #3925, #1361, #3530 ) ) ;
#1829 = CARTESIAN_POINT ( 'NONE',  ( 33.99999999999999300, -34.00000000000000000, -103.5000000000000000 ) ) ;
#1830 = CARTESIAN_POINT ( 'NONE',  ( 2.483518151364000100, 6.544718942463084100, 24.16919894293593500 ) ) ;
#1831 = ORIENTED_EDGE ( 'NONE', *, *, #3328, .F. ) ;
#1832 = ORIENTED_EDGE ( 'NONE', *, *, #417, .F. ) ;
#1833 = DIRECTION ( 'NONE',  ( 0.0000000000000000000, 0.0000000000000000000, -1.000000000000000000 ) ) ;
#1834 = LINE ( 'NONE', #541, #1084 ) ;
#1835 = EDGE_CURVE ( 'NONE', #4115, #2436, #4258, .T. ) ;
#1836 = EDGE_CURVE ( 'NONE', #2365, #1281, #1110, .T. ) ;
#1837 = VERTEX_POINT ( 'NONE', #493 ) ;
#1838 = ORIENTED_EDGE ( 'NONE', *, *, #439, .F. ) ;
#1839 = EDGE_LOOP ( 'NONE', ( #347, #2799, #3141, #3033, #2223 ) ) ;
#1840 = CIRCLE ( 'NONE', #1605, 2.149999999999929700 ) ;
#1841 = DIRECTION ( 'NONE',  ( -1.000000000000000000, 4.956352788505164300E-016, 0.0000000000000000000 ) ) ;
#1842 = VECTOR ( 'NONE', #1147, 1000.000000000000000 ) ;
#1843 = CARTESIAN_POINT ( 'NONE',  ( 31.53999999999999900, 34.79000000000002800, 0.0000000000000000000 ) ) ;
#1844 = ORIENTED_EDGE ( 'NONE', *, *, #52, .T. ) ;
#1845 = AXIS2_PLACEMENT_3D ( 'NONE', #2083, #1007, #1402 ) ;
#1846 = CARTESIAN_POINT ( 'NONE',  ( 38.50000000000000000, -24.50000000000000400, -105.0000000000000000 ) ) ;
#1847 = FACE_OUTER_BOUND ( 'NONE', #3948, .T. ) ;
#1848 = EDGE_LOOP ( 'NONE', ( #4532, #1364, #1880, #3878 ) ) ;
#1849 = DIRECTION ( 'NONE',  ( -1.000000000000000000, -0.0000000000000000000, -0.0000000000000000000 ) ) ;
#1850 = CIRCLE ( 'NONE', #719, 4.999999999999997300 ) ;
#1851 = PLANE ( 'NONE',  #2929 ) ;
#1852 = CARTESIAN_POINT ( 'NONE',  ( 0.0000000000000000000, 52.99999999999999300, 0.0000000000000000000 ) ) ;
#1853 = TOROIDAL_SURFACE ( 'NONE', #2806, 3.500000000000000000, 1.500000000000000000 ) ;
#1854 = AXIS2_PLACEMENT_3D ( 'NONE', #3018, #3389, #3757 ) ;
#1855 = DIRECTION ( 'NONE',  ( 1.000000000000000000, 0.0000000000000000000, 0.0000000000000000000 ) ) ;
#1856 = DIRECTION ( 'NONE',  ( 0.0000000000000000000, -1.000000000000000000, -0.0000000000000000000 ) ) ;
#1857 = CARTESIAN_POINT ( 'NONE',  ( -2.244805165723638300, 6.630632454277494100, 23.38753253291774600 ) ) ;
#1858 = CONICAL_SURFACE ( 'NONE', #1854, 1.649999999999998600, 0.7853981633974206300 ) ;
#1859 = CALENDAR_DATE ( 2021, 13, 1 ) ;
#1860 = CARTESIAN_POINT ( 'NONE',  ( -43.00000000000000000, 23.99999999999998600, -103.5000000000000000 ) ) ;
#1861 = FACE_OUTER_BOUND ( 'NONE', #4475, .T. ) ;
#1862 = EDGE_CURVE ( 'NONE', #4328, #213, #4552, .T. ) ;
#1863 = EDGE_CURVE ( 'NONE', #3303, #1633, #1321, .T. ) ;
#1864 = ORIENTED_EDGE ( 'NONE', *, *, #849, .T. ) ;
#1865 = PLANE ( 'NONE',  #4286 ) ;
#1866 = DIRECTION ( 'NONE',  ( 0.0000000000000000000, -1.000000000000000000, 0.0000000000000000000 ) ) ;
#1867 = DIRECTION ( 'NONE',  ( 0.0000000000000000000, 0.0000000000000000000, 1.000000000000000000 ) ) ;
#1868 = EDGE_LOOP ( 'NONE', ( #2615, #3937 ) ) ;
#1869 = AXIS2_PLACEMENT_3D ( 'NONE', #4335, #655, #2894 ) ;
#1870 = ORIENTED_EDGE ( 'NONE', *, *, #4128, .F. ) ;
#1871 = CARTESIAN_POINT ( 'NONE',  ( 23.99999999999999300, 37.99999999999999300, -103.5000000000000000 ) ) ;
#1872 = CARTESIAN_POINT ( 'NONE',  ( 27.49999999999999600, -38.00000000000000700, -105.0000000000000000 ) ) ;
#1873 = CARTESIAN_POINT ( 'NONE',  ( -4.000000000000000900, 47.82163214108173600, -73.50000000000000000 ) ) ;
#1874 = AXIS2_PLACEMENT_3D ( 'NONE', #562, #4620, #3123 ) ;
#1875 = ORIENTED_EDGE ( 'NONE', *, *, #4353, .F. ) ;
#1876 = DIRECTION ( 'NONE',  ( 1.000000000000000000, 0.0000000000000000000, 0.0000000000000000000 ) ) ;
#1877 = CARTESIAN_POINT ( 'NONE',  ( -10.99999999999999600, 52.28296204382374400, -95.50000000000000000 ) ) ;
#1878 = AXIS2_PLACEMENT_3D ( 'NONE', #2695, #511, #1242 ) ;
#1879 = ORIENTED_EDGE ( 'NONE', *, *, #324, .F. ) ;
#1880 = ORIENTED_EDGE ( 'NONE', *, *, #2726, .T. ) ;
#1881 = DIRECTION ( 'NONE',  ( 0.0000000000000000000, 1.000000000000000000, 0.0000000000000000000 ) ) ;
#1882 = CARTESIAN_POINT ( 'NONE',  ( 28.99999999999999600, 37.99999999999999300, 0.0000000000000000000 ) ) ;
#1883 = VERTEX_POINT ( 'NONE', #1273 ) ;
#1884 = CARTESIAN_POINT ( 'NONE',  ( -0.6548136810052570500, 6.971197482151059600, 22.08162768479805700 ) ) ;
#1885 = ORIENTED_EDGE ( 'NONE', *, *, #113, .F. ) ;
#1886 = ORIENTED_EDGE ( 'NONE', *, *, #756, .T. ) ;
#1887 = PERSON_AND_ORGANIZATION_ROLE ( 'creator' ) ;
#1888 = DIRECTION ( 'NONE',  ( 0.0000000000000000000, 0.0000000000000000000, -1.000000000000000000 ) ) ;
#1889 = VERTEX_POINT ( 'NONE', #4637 ) ;
#1890 = LINE ( 'NONE', #3409, #560 ) ;
#1891 = CYLINDRICAL_SURFACE ( 'NONE', #1283, 2.500000000000002200 ) ;
#1892 = ORIENTED_EDGE ( 'NONE', *, *, #3351, .T. ) ;
#1893 = DIRECTION ( 'NONE',  ( -0.4437126062796567500, -0.6336872742246437700, -0.6336872742246412200 ) ) ;
#1894 = VECTOR ( 'NONE', #220, 1000.000000000000000 ) ;
#1895 = VECTOR ( 'NONE', #4472, 1000.000000000000000 ) ;
#1896 = EDGE_CURVE ( 'NONE', #3541, #434, #3517, .T. ) ;
#1897 = LINE ( 'NONE', #40, #923 ) ;
#1898 = DIRECTION ( 'NONE',  ( -0.0000000000000000000, -0.0000000000000000000, 1.000000000000000000 ) ) ;
#1899 = CARTESIAN_POINT ( 'NONE',  ( -2.500000000000000400, 6.179965038163814500, 46.83387842631034200 ) ) ;
#1900 = ADVANCED_FACE ( 'NONE', ( #414 ), #992, .T. ) ;
#1901 = CIRCLE ( 'NONE', #2618, 5.000000000000000900 ) ;
#1902 = ADVANCED_FACE ( 'NONE', ( #579 ), #3931, .F. ) ;
#1903 = CARTESIAN_POINT ( 'NONE',  ( 0.0000000000000000000, 0.0000000000000000000, 6.600000000000000500 ) ) ;
#1904 = APPLICATION_PROTOCOL_DEFINITION ( 'international standard', 'config_control_design', 1994, #1554 ) ;
#1905 = VECTOR ( 'NONE', #147, 1000.000000000000000 ) ;
#1906 = AXIS2_PLACEMENT_3D ( 'NONE', #4420, #721, #3286 ) ;
#1907 = CIRCLE ( 'NONE', #3059, 1.250000000000001100 ) ;
#1908 = AXIS2_PLACEMENT_3D ( 'NONE', #4250, #955, #3580 ) ;
#1909 = VECTOR ( 'NONE', #4595, 1000.000000000000000 ) ;
#1910 = DIRECTION ( 'NONE',  ( 1.000000000000000000, 0.0000000000000000000, 0.0000000000000000000 ) ) ;
#1911 = DIRECTION ( 'NONE',  ( 1.000000000000000000, 0.0000000000000000000, 0.0000000000000000000 ) ) ;
#1912 = VECTOR ( 'NONE', #266, 1000.000000000000000 ) ;
#1913 = EDGE_LOOP ( 'NONE', ( #4612, #4404, #3419, #2034 ) ) ;
#1914 = CYLINDRICAL_SURFACE ( 'NONE', #2825, 1.649999999999998600 ) ;
#1915 = CARTESIAN_POINT ( 'NONE',  ( -10.99999999999999800, 48.71259202696844400, -90.50000000000000000 ) ) ;
#1916 = DIRECTION ( 'NONE',  ( -0.0000000000000000000, -0.0000000000000000000, 1.000000000000000000 ) ) ;
#1917 = ORIENTED_EDGE ( 'NONE', *, *, #2887, .F. ) ;
#1918 = EDGE_CURVE ( 'NONE', #1812, #772, #1505, .T. ) ;
#1919 = ADVANCED_FACE ( 'NONE', ( #4730 ), #2434, .F. ) ;
#1920 = EDGE_CURVE ( 'NONE', #2537, #833, #25, .T. ) ;
#1921 = EDGE_CURVE ( 'NONE', #2777, #669, #1804, .T. ) ;
#1922 = CARTESIAN_POINT ( 'NONE',  ( -43.00000000000000000, 42.99999999999999300, 10.00000000000000000 ) ) ;
#1923 = VERTEX_POINT ( 'NONE', #1341 ) ;
#1924 = AXIS2_PLACEMENT_3D ( 'NONE', #709, #3639, #1067 ) ;
#1925 = DIRECTION ( 'NONE',  ( -0.0000000000000000000, -0.0000000000000000000, 1.000000000000000000 ) ) ;
#1926 = CARTESIAN_POINT ( 'NONE',  ( -2.025056425745498600, 47.82163214108172900, -68.49999999999998600 ) ) ;
#1927 = AXIS2_PLACEMENT_3D ( 'NONE', #4146, #3413, #1591 ) ;
#1928 = EDGE_LOOP ( 'NONE', ( #3936, #87, #3599, #1870 ) ) ;
#1929 = CARTESIAN_POINT ( 'NONE',  ( 7.000000000000000000, 0.0000000000000000000, -99.99999999999998600 ) ) ;
#1930 = ORIENTED_EDGE ( 'NONE', *, *, #4383, .T. ) ;
#1931 = CARTESIAN_POINT ( 'NONE',  ( 2.499999999999999600, 5.000000000000000000, 24.49999999999999300 ) ) ;
#1932 = ORIENTED_EDGE ( 'NONE', *, *, #226, .T. ) ;
#1933 = ORIENTED_EDGE ( 'NONE', *, *, #3328, .T. ) ;
#1934 = VERTEX_POINT ( 'NONE', #3547 ) ;
#1935 = DIRECTION ( 'NONE',  ( -0.0000000000000000000, 1.000000000000000000, -0.0000000000000000000 ) ) ;
#1936 = ORIENTED_EDGE ( 'NONE', *, *, #2886, .T. ) ;
#1937 = EDGE_LOOP ( 'NONE', ( #651, #2455 ) ) ;
#1938 = CARTESIAN_POINT ( 'NONE',  ( -27.49999999999999600, 33.99999999999998600, -103.5000000000000000 ) ) ;
#1939 = LINE ( 'NONE', #2443, #1632 ) ;
#1940 = LINE ( 'NONE', #4749, #2673 ) ;
#1941 = DIRECTION ( 'NONE',  ( -1.000000000000000000, 0.0000000000000000000, 0.0000000000000000000 ) ) ;
#1942 = EDGE_LOOP ( 'NONE', ( #2953, #1771 ) ) ;
#1943 = ADVANCED_FACE ( 'NONE', ( #2305, #4140, #2750, #762, #3572 ), #3566, .T. ) ;
#1944 = EDGE_LOOP ( 'NONE', ( #2335, #641, #2572, #1294, #4638 ) ) ;
#1945 = EDGE_CURVE ( 'NONE', #1475, #2076, #1677, .T. ) ;
#1946 = CIRCLE ( 'NONE', #930, 1.649999999999998600 ) ;
#1947 = FACE_OUTER_BOUND ( 'NONE', #962, .T. ) ;
#1948 = LINE ( 'NONE', #2327, #3682 ) ;
#1949 = EDGE_CURVE ( 'NONE', #1467, #3954, #701, .T. ) ;
#1950 = DIRECTION ( 'NONE',  ( -1.000000000000000000, 0.0000000000000000000, 0.0000000000000000000 ) ) ;
#1951 = ORIENTED_EDGE ( 'NONE', *, *, #4384, .F. ) ;
#1952 = CIRCLE ( 'NONE', #818, 3.500000000000003100 ) ;
#1953 = VERTEX_POINT ( 'NONE', #2464 ) ;
#1954 = DIRECTION ( 'NONE',  ( -0.0000000000000000000, -0.0000000000000000000, 1.000000000000000000 ) ) ;
#1955 = VECTOR ( 'NONE', #1125, 1000.000000000000000 ) ;
#1956 = CARTESIAN_POINT ( 'NONE',  ( 38.00000000000000000, -24.00000000000000400, 0.0000000000000000000 ) ) ;
#1957 = DIRECTION ( 'NONE',  ( -1.000000000000000000, 0.0000000000000000000, 0.0000000000000000000 ) ) ;
#1958 = DIRECTION ( 'NONE',  ( -1.000000000000000000, 0.0000000000000000000, 0.0000000000000000000 ) ) ;
#1959 = LINE ( 'NONE', #1872, #1798 ) ;
#1960 = CARTESIAN_POINT ( 'NONE',  ( 33.99999999999999300, 33.99999999999998600, -105.0000000000000000 ) ) ;
#1961 = DIRECTION ( 'NONE',  ( 0.0000000000000000000, 0.0000000000000000000, -1.000000000000000000 ) ) ;
#1962 = LINE ( 'NONE', #2671, #1386 ) ;
#1963 = AXIS2_PLACEMENT_3D ( 'NONE', #1320, #1697, #3170 ) ;
#1964 = ADVANCED_FACE ( 'NONE', ( #134 ), #362, .T. ) ;
#1965 = CONICAL_SURFACE ( 'NONE', #521, 1.649999999999998600, 0.7853981633974206300 ) ;
#1966 = VERTEX_POINT ( 'NONE', #1670 ) ;
#1967 = DIRECTION ( 'NONE',  ( -0.0000000000000000000, -0.0000000000000000000, -1.000000000000000000 ) ) ;
#1968 = DIRECTION ( 'NONE',  ( -0.0000000000000000000, -0.0000000000000000000, 1.000000000000000000 ) ) ;
#1969 = EDGE_LOOP ( 'NONE', ( #1917, #1610, #4273 ) ) ;
#1970 = VERTEX_POINT ( 'NONE', #3871 ) ;
#1971 = CARTESIAN_POINT ( 'NONE',  ( -38.00000000000000000, -27.50000000000000000, -105.0000000000000000 ) ) ;
#1972 = DIRECTION ( 'NONE',  ( 0.0000000000000000000, 0.0000000000000000000, -1.000000000000000000 ) ) ;
#1973 = ADVANCED_FACE ( 'NONE', ( #875, #3640 ), #1312, .F. ) ;
#1974 = ORIENTED_EDGE ( 'NONE', *, *, #515, .T. ) ;
#1975 = EDGE_CURVE ( 'NONE', #3614, #1264, #4498, .T. ) ;
#1976 = EDGE_CURVE ( 'NONE', #3895, #2519, #4604, .T. ) ;
#1977 = CARTESIAN_POINT ( 'NONE',  ( -27.49999999999999600, 37.99999999999999300, -105.0000000000000000 ) ) ;
#1978 = ORIENTED_EDGE ( 'NONE', *, *, #1322, .F. ) ;
#1979 = CARTESIAN_POINT ( 'NONE',  ( 25.71787683086650800, 0.0000000000000000000, 10.00000000000000000 ) ) ;
#1980 = ADVANCED_FACE ( 'NONE', ( #1673 ), #1050, .F. ) ;
#1981 = AXIS2_PLACEMENT_3D ( 'NONE', #2332, #1643, #3083 ) ;
#1982 = CARTESIAN_POINT ( 'NONE',  ( 43.00000000000000000, -29.00000000000000400, 0.0000000000000000000 ) ) ;
#1983 = ORIENTED_EDGE ( 'NONE', *, *, #4463, .T. ) ;
#1984 = CARTESIAN_POINT ( 'NONE',  ( -28.99999999999999600, 42.99999999999999300, 0.0000000000000000000 ) ) ;
#1985 = ORIENTED_EDGE ( 'NONE', *, *, #4311, .F. ) ;
#1986 = ADVANCED_FACE ( 'NONE', ( #23 ), #3276, .F. ) ;
#1987 = EDGE_CURVE ( 'NONE', #4669, #423, #2066, .T. ) ;
#1988 = VERTEX_POINT ( 'NONE', #653 ) ;
#1989 = CARTESIAN_POINT ( 'NONE',  ( -34.00000000000000000, 28.99999999999998900, 0.0000000000000000000 ) ) ;
#1990 = EDGE_LOOP ( 'NONE', ( #277, #1521, #1121, #1348 ) ) ;
#1991 = VERTEX_POINT ( 'NONE', #345 ) ;
#1992 = ORIENTED_EDGE ( 'NONE', *, *, #4655, .T. ) ;
#1993 = FACE_OUTER_BOUND ( 'NONE', #1245, .T. ) ;
#1994 = LINE ( 'NONE', #1588, #1200 ) ;
#1995 = EDGE_LOOP ( 'NONE', ( #4430, #35, #477, #4592 ) ) ;
#1996 = CARTESIAN_POINT ( 'NONE',  ( 34.79000000000002000, -34.78999999999997100, 10.00000000000000000 ) ) ;
#1997 = CARTESIAN_POINT ( 'NONE',  ( -36.85000000000000100, 24.49999999999998900, -104.4999999999999900 ) ) ;
#1998 = CYLINDRICAL_SURFACE ( 'NONE', #4330, 1.500000000000001300 ) ;
#1999 = CARTESIAN_POINT ( 'NONE',  ( -9.000000000000000000, 0.0000000000000000000, -99.99999999999998600 ) ) ;
#2000 = VECTOR ( 'NONE', #4252, 1000.000000000000000 ) ;
#2001 = LINE ( 'NONE', #2183, #3795 ) ;
#2002 = EDGE_CURVE ( 'NONE', #1970, #2680, #1166, .T. ) ;
#2003 = CYLINDRICAL_SURFACE ( 'NONE', #2677, 3.250000000000002700 ) ;
#2004 = DIRECTION ( 'NONE',  ( -0.0000000000000000000, -0.0000000000000000000, 1.000000000000000000 ) ) ;
#2005 = EDGE_CURVE ( 'NONE', #1481, #3942, #186, .T. ) ;
#2006 = ADVANCED_FACE ( 'NONE', ( #300 ), #932, .F. ) ;
#2007 = VECTOR ( 'NONE', #3938, 1000.000000000000000 ) ;
#2008 = DIRECTION ( 'NONE',  ( -0.0000000000000000000, -1.000000000000000000, -0.0000000000000000000 ) ) ;
#2009 = AXIS2_PLACEMENT_3D ( 'NONE', #3684, #4035, #2506 ) ;
#2010 = B_SPLINE_CURVE_WITH_KNOTS ( 'NONE', 3,
 ( #2626, #1480, #420, #1131, #3348, #1857, #74, #3690, #89, #2961, #2637, #4089, #1884, #2984, #1165, #4493 ),
 .UNSPECIFIED., .F., .F.,
 ( 4, 2, 2, 2, 2, 2, 2, 4 ),
 ( 0.0000000000000000000, 0.0004922798488377052900, 0.0009845596976754105800, 0.001476839546513116000, 0.001969119395350821200, 0.002953679093026239300, 0.003445958941863950800, 0.003938238790701662300 ),
 .UNSPECIFIED. ) ;
#2011 = DIRECTION ( 'NONE',  ( 0.0000000000000000000, 0.0000000000000000000, 1.000000000000000000 ) ) ;
#2012 = LINE ( 'NONE', #1116, #3159 ) ;
#2013 = AXIS2_PLACEMENT_3D ( 'NONE', #3946, #2164, #1016 ) ;
#2014 = CARTESIAN_POINT ( 'NONE',  ( 41.49999999999999300, -24.00000000000000400, -103.5000000000000000 ) ) ;
#2015 = CYLINDRICAL_SURFACE ( 'NONE', #2812, 1.649999999999998600 ) ;
#2016 = VECTOR ( 'NONE', #4285, 1000.000000000000000 ) ;
#2017 = CARTESIAN_POINT ( 'NONE',  ( -10.99999999999999800, 48.71259202696844400, -95.50000000000000000 ) ) ;
#2018 = AXIS2_PLACEMENT_3D ( 'NONE', #3492, #581, #1270 ) ;
#2019 = ORIENTED_EDGE ( 'NONE', *, *, #4046, .T. ) ;
#2020 = CYLINDRICAL_SURFACE ( 'NONE', #422, 5.999999999999998200 ) ;
#2021 = PLANE ( 'NONE',  #827 ) ;
#2022 = EDGE_LOOP ( 'NONE', ( #4342, #2142 ) ) ;
#2023 = DIRECTION ( 'NONE',  ( 0.5735764363510440500, 0.8191520442889931300, -0.0000000000000000000 ) ) ;
#2024 = ORIENTED_EDGE ( 'NONE', *, *, #967, .F. ) ;
#2025 = EDGE_CURVE ( 'NONE', #3350, #2918, #3636, .T. ) ;
#2026 = CARTESIAN_POINT ( 'NONE',  ( 23.99999999999999300, 42.99999999999999300, -103.5000000000000000 ) ) ;
#2027 = ADVANCED_FACE ( 'NONE', ( #2865 ), #294, .F. ) ;
#2028 = DIRECTION ( 'NONE',  ( 0.0000000000000000000, 0.0000000000000000000, 1.000000000000000000 ) ) ;
#2029 = VERTEX_POINT ( 'NONE', #3638 ) ;
#2030 = AXIS2_PLACEMENT_3D ( 'NONE', #413, #1140, #54 ) ;
#2031 = VERTEX_POINT ( 'NONE', #1753 ) ;
#2032 = ORIENTED_EDGE ( 'NONE', *, *, #1030, .T. ) ;
#2033 = EDGE_LOOP ( 'NONE', ( #3930, #3324, #868, #3887, #1013, #1198, #4522, #4060 ) ) ;
#2034 = ORIENTED_EDGE ( 'NONE', *, *, #940, .F. ) ;
#2035 = AXIS2_PLACEMENT_3D ( 'NONE', #2993, #3356, #1572 ) ;
#2036 = DIRECTION ( 'NONE',  ( 0.0000000000000000000, 1.000000000000000000, -0.0000000000000000000 ) ) ;
#2037 = DIRECTION ( 'NONE',  ( -1.000000000000000000, 0.0000000000000000000, 0.0000000000000000000 ) ) ;
#2038 = ORIENTED_EDGE ( 'NONE', *, *, #2859, .F. ) ;
#2039 = ORIENTED_EDGE ( 'NONE', *, *, #908, .T. ) ;
#2040 = ORIENTED_EDGE ( 'NONE', *, *, #2159, .F. ) ;
#2041 = EDGE_CURVE ( 'NONE', #406, #451, #1562, .T. ) ;
#2042 = VECTOR ( 'NONE', #3032, 1000.000000000000000 ) ;
#2043 = VECTOR ( 'NONE', #2711, 1000.000000000000000 ) ;
#2044 = ORIENTED_EDGE ( 'NONE', *, *, #4001, .F. ) ;
#2045 = VERTEX_POINT ( 'NONE', #3990 ) ;
#2046 = VECTOR ( 'NONE', #4197, 1000.000000000000000 ) ;
#2047 = CONICAL_SURFACE ( 'NONE', #1529, 1.649999999999998600, 0.7853981633974206300 ) ;
#2048 = CIRCLE ( 'NONE', #2632, 6.500000000000005300 ) ;
#2049 = ADVANCED_FACE ( 'NONE', ( #1047 ), #990, .T. ) ;
#2050 = CARTESIAN_POINT ( 'NONE',  ( -2.500000000000000400, 6.000000000000002700, 47.00000000000000700 ) ) ;
#2051 = PLANE ( 'NONE',  #2069 ) ;
#2052 = ORIENTED_EDGE ( 'NONE', *, *, #4408, .F. ) ;
#2053 = CARTESIAN_POINT ( 'NONE',  ( -2.499999999999997800, 5.000000000000000000, -133.0000000000000000 ) ) ;
#2054 = CYLINDRICAL_SURFACE ( 'NONE', #3084, 1.500000000000001300 ) ;
#2055 = DIRECTION ( 'NONE',  ( 0.0000000000000000000, 1.000000000000000000, 0.0000000000000000000 ) ) ;
#2056 = VERTEX_POINT ( 'NONE', #2479 ) ;
#2057 = CARTESIAN_POINT ( 'NONE',  ( 23.99999999999999300, 37.99999999999999300, -105.0000000000000000 ) ) ;
#2058 = DIRECTION ( 'NONE',  ( -1.000000000000000000, -0.0000000000000000000, -0.0000000000000000000 ) ) ;
#2059 = CARTESIAN_POINT ( 'NONE',  ( -31.53999999999997800, -34.78999999999999900, 0.0000000000000000000 ) ) ;
#2060 = CIRCLE ( 'NONE', #3111, 6.499999999999999100 ) ;
#2061 = EDGE_CURVE ( 'NONE', #3686, #3407, #2302, .T. ) ;
#2062 = DIRECTION ( 'NONE',  ( -1.000000000000000000, 0.0000000000000000000, -0.0000000000000000000 ) ) ;
#2063 = EDGE_CURVE ( 'NONE', #785, #4215, #77, .T. ) ;
#2064 = CARTESIAN_POINT ( 'NONE',  ( 43.00000000000000000, 23.99999999999998900, -103.5000000000000000 ) ) ;
#2065 = DIRECTION ( 'NONE',  ( 1.000000000000000000, 0.0000000000000000000, 0.0000000000000000000 ) ) ;
#2066 = LINE ( 'NONE', #2892, #3911 ) ;
#2067 = CARTESIAN_POINT ( 'NONE',  ( 43.00000000000000000, -24.00000000000000400, 10.00000000000000000 ) ) ;
#2068 = FACE_OUTER_BOUND ( 'NONE', #3991, .T. ) ;
#2069 = AXIS2_PLACEMENT_3D ( 'NONE', #1692, #3555, #1346 ) ;
#2070 = PERSON_AND_ORGANIZATION ( #821, #4726 ) ;
#2071 = CARTESIAN_POINT ( 'NONE',  ( -38.04000000000000600, 34.78999999999999900, 10.00000000000000000 ) ) ;
#2072 = FACE_OUTER_BOUND ( 'NONE', #3073, .T. ) ;
#2073 = AXIS2_PLACEMENT_3D ( 'NONE', #4350, #4374, #3980 ) ;
#2074 = CARTESIAN_POINT ( 'NONE',  ( 1.263676312620239700, 6.891657885839629600, -108.3185039856694800 ) ) ;
#2075 = ADVANCED_FACE ( 'NONE', ( #4199 ), #1853, .T. ) ;
#2076 = VERTEX_POINT ( 'NONE', #1770 ) ;
#2077 = CARTESIAN_POINT ( 'NONE',  ( 43.00000000000000000, -43.00000000000000000, 10.00000000000000000 ) ) ;
#2078 = CARTESIAN_POINT ( 'NONE',  ( -43.00000000000000000, 23.99999999999999300, 0.0000000000000000000 ) ) ;
#2079 = AXIS2_PLACEMENT_3D ( 'NONE', #3656, #3815, #3284 ) ;
#2080 = ORIENTED_EDGE ( 'NONE', *, *, #622, .T. ) ;
#2081 = ORIENTED_EDGE ( 'NONE', *, *, #2756, .T. ) ;
#2082 = CARTESIAN_POINT ( 'NONE',  ( -23.99999999999999600, 37.99999999999999300, -103.5000000000000000 ) ) ;
#2083 = CARTESIAN_POINT ( 'NONE',  ( -4.336808689942017700E-016, 5.000000000000000000, 24.49999999999998900 ) ) ;
#2084 = ORIENTED_EDGE ( 'NONE', *, *, #4069, .F. ) ;
#2085 = CARTESIAN_POINT ( 'NONE',  ( 0.0000000000000000000, 0.0000000000000000000, 10.00000000000000000 ) ) ;
#2086 = DIRECTION ( 'NONE',  ( 0.0000000000000000000, 0.0000000000000000000, 1.000000000000000000 ) ) ;
#2087 = ORIENTED_EDGE ( 'NONE', *, *, #2465, .T. ) ;
#2088 = EDGE_CURVE ( 'NONE', #4642, #2365, #1907, .T. ) ;
#2089 = EDGE_CURVE ( 'NONE', #2094, #666, #3969, .T. ) ;
#2090 = DIRECTION ( 'NONE',  ( 0.0000000000000000000, 0.0000000000000000000, 1.000000000000000000 ) ) ;
#2091 = VERTEX_POINT ( 'NONE', #3624 ) ;
#2092 = CARTESIAN_POINT ( 'NONE',  ( 7.997924617902913100, 52.99999999999999300, -95.50000000000000000 ) ) ;
#2093 = DIRECTION ( 'NONE',  ( -0.0000000000000000000, -0.0000000000000000000, 1.000000000000000000 ) ) ;
#2094 = VERTEX_POINT ( 'NONE', #4041 ) ;
#2095 = CARTESIAN_POINT ( 'NONE',  ( -2.499999999999997800, 6.538348415311011400, -110.5000000000000000 ) ) ;
#2096 = CARTESIAN_POINT ( 'NONE',  ( 36.40000000000001300, 4.463837582892103700E-015, 11.60000000000000100 ) ) ;
#2097 = AXIS2_PLACEMENT_3D ( 'NONE', #3616, #1750, #4679 ) ;
#2098 = VERTEX_POINT ( 'NONE', #3689 ) ;
#2099 = DIRECTION ( 'NONE',  ( 0.0000000000000000000, 0.0000000000000000000, -1.000000000000000000 ) ) ;
#2100 = VERTEX_POINT ( 'NONE', #1794 ) ;
#2101 = CARTESIAN_POINT ( 'NONE',  ( -33.99999999999999300, -34.00000000000000000, 0.0000000000000000000 ) ) ;
#2102 = ORIENTED_EDGE ( 'NONE', *, *, #2712, .F. ) ;
#2103 = AXIS2_PLACEMENT_3D ( 'NONE', #2228, #1530, #2609 ) ;
#2104 = DIRECTION ( 'NONE',  ( 0.0000000000000000000, 0.0000000000000000000, 1.000000000000000000 ) ) ;
#2105 = VERTEX_POINT ( 'NONE', #2559 ) ;
#2106 = VERTEX_POINT ( 'NONE', #2262 ) ;
#2107 = DIRECTION ( 'NONE',  ( 0.0000000000000000000, 0.0000000000000000000, -1.000000000000000000 ) ) ;
#2108 = CYLINDRICAL_SURFACE ( 'NONE', #3148, 1.649999999999998600 ) ;
#2109 = LINE ( 'NONE', #3910, #2510 ) ;
#2110 = ORIENTED_EDGE ( 'NONE', *, *, #3853, .F. ) ;
#2111 = AXIS2_PLACEMENT_3D ( 'NONE', #2356, #123, #4188 ) ;
#2112 = CIRCLE ( 'NONE', #1018, 36.50000000000000000 ) ;
#2113 = VECTOR ( 'NONE', #1551, 1000.000000000000000 ) ;
#2114 = DIRECTION ( 'NONE',  ( -0.0000000000000000000, 0.0000000000000000000, 1.000000000000000000 ) ) ;
#2115 = LINE ( 'NONE', #2092, #568 ) ;
#2116 = CARTESIAN_POINT ( 'NONE',  ( 27.49999999999999600, -38.00000000000000700, -105.0000000000000000 ) ) ;
#2117 = EDGE_LOOP ( 'NONE', ( #224, #4466, #4039 ) ) ;
#2118 = VECTOR ( 'NONE', #1691, 1000.000000000000000 ) ;
#2119 = CARTESIAN_POINT ( 'NONE',  ( 8.500000000000005300, 52.28296204382373700, -93.00000000000000000 ) ) ;
#2120 = DIRECTION ( 'NONE',  ( -1.000000000000000000, 0.0000000000000000000, 0.0000000000000000000 ) ) ;
#2121 = LINE ( 'NONE', #3152, #2586 ) ;
#2122 = ADVANCED_FACE ( 'NONE', ( #2415 ), #1317, .F. ) ;
#2123 = FACE_BOUND ( 'NONE', #109, .T. ) ;
#2124 = AXIS2_PLACEMENT_3D ( 'NONE', #4744, #1041, #3257 ) ;
#2125 = ADVANCED_FACE ( 'NONE', ( #4024 ), #359, .F. ) ;
#2126 = DIRECTION ( 'NONE',  ( -0.5735764363510440500, 0.8191520442889931300, -0.0000000000000000000 ) ) ;
#2127 = DIRECTION ( 'NONE',  ( -1.000000000000000000, 0.0000000000000000000, 0.0000000000000000000 ) ) ;
#2128 = EDGE_CURVE ( 'NONE', #1988, #1537, #2012, .T. ) ;
#2129 = EDGE_CURVE ( 'NONE', #2491, #1590, #1106, .T. ) ;
#2130 = DIRECTION ( 'NONE',  ( -0.0000000000000000000, -0.0000000000000000000, -1.000000000000000000 ) ) ;
#2131 = LINE ( 'NONE', #731, #3458 ) ;
#2132 = DIRECTION ( 'NONE',  ( -1.000000000000000000, 0.0000000000000000000, 0.0000000000000000000 ) ) ;
#2133 = VECTOR ( 'NONE', #1849, 1000.000000000000000 ) ;
#2134 = CARTESIAN_POINT ( 'NONE',  ( -31.53999999999997800, -34.78999999999999900, 10.00000000000000000 ) ) ;
#2135 = DIRECTION ( 'NONE',  ( -0.0000000000000000000, -1.000000000000000000, -0.0000000000000000000 ) ) ;
#2136 = DIRECTION ( 'NONE',  ( 0.0000000000000000000, 0.0000000000000000000, 1.000000000000000000 ) ) ;
#2137 = ORIENTED_EDGE ( 'NONE', *, *, #3171, .F. ) ;
#2138 = LINE ( 'NONE', #2951, #3403 ) ;
#2139 = DIRECTION ( 'NONE',  ( -0.0000000000000000000, -0.0000000000000000000, 1.000000000000000000 ) ) ;
#2140 = DIRECTION ( 'NONE',  ( -1.000000000000000000, 0.0000000000000000000, 0.0000000000000000000 ) ) ;
#2141 = AXIS2_PLACEMENT_3D ( 'NONE', #343, #3637, #4398 ) ;
#2142 = ORIENTED_EDGE ( 'NONE', *, *, #4133, .T. ) ;
#2143 = VERTEX_POINT ( 'NONE', #1101 ) ;
#2144 = EDGE_LOOP ( 'NONE', ( #479, #1313, #4110, #2277, #452, #3643 ) ) ;
#2145 = DIRECTION ( 'NONE',  ( 0.0000000000000000000, 0.0000000000000000000, -1.000000000000000000 ) ) ;
#2146 = AXIS2_PLACEMENT_3D ( 'NONE', #2743, #559, #938 ) ;
#2147 = DIRECTION ( 'NONE',  ( -1.000000000000000000, 0.0000000000000000000, 0.0000000000000000000 ) ) ;
#2148 = DIRECTION ( 'NONE',  ( -1.000000000000000000, 0.0000000000000000000, -0.0000000000000000000 ) ) ;
#2149 = DIRECTION ( 'NONE',  ( 0.0000000000000000000, 0.0000000000000000000, -1.000000000000000000 ) ) ;
#2150 = ORIENTED_EDGE ( 'NONE', *, *, #1976, .F. ) ;
#2151 = ORIENTED_EDGE ( 'NONE', *, *, #2922, .T. ) ;
#2152 = CARTESIAN_POINT ( 'NONE',  ( 2.418393837880088000, 6.569062314279958200, 23.84527639998790200 ) ) ;
#2153 = ORIENTED_EDGE ( 'NONE', *, *, #2409, .T. ) ;
#2154 = CARTESIAN_POINT ( 'NONE',  ( -43.00000000000000000, 42.99999999999999300, 0.0000000000000000000 ) ) ;
#2155 = ORIENTED_EDGE ( 'NONE', *, *, #52, .F. ) ;
#2156 = EDGE_CURVE ( 'NONE', #669, #840, #4253, .T. ) ;
#2157 = EDGE_LOOP ( 'NONE', ( #916, #1461, #2477, #864 ) ) ;
#2158 = ORIENTED_EDGE ( 'NONE', *, *, #1669, .F. ) ;
#2159 = EDGE_CURVE ( 'NONE', #1481, #2975, #465, .T. ) ;
#2160 = EDGE_CURVE ( 'NONE', #1602, #42, #2745, .T. ) ;
#2161 = DIRECTION ( 'NONE',  ( -0.0000000000000000000, -0.0000000000000000000, -1.000000000000000000 ) ) ;
#2162 = EDGE_LOOP ( 'NONE', ( #3628, #4142, #4053, #2373 ) ) ;
#2163 = DIRECTION ( 'NONE',  ( 0.0000000000000000000, 0.0000000000000000000, -1.000000000000000000 ) ) ;
#2164 = DIRECTION ( 'NONE',  ( -0.0000000000000000000, -0.0000000000000000000, 1.000000000000000000 ) ) ;
#2165 = ORIENTED_EDGE ( 'NONE', *, *, #416, .F. ) ;
#2166 = ORIENTED_EDGE ( 'NONE', *, *, #2646, .T. ) ;
#2167 = AXIS2_PLACEMENT_3D ( 'NONE', #3784, #2310, #2656 ) ;
#2168 = FACE_OUTER_BOUND ( 'NONE', #1969, .T. ) ;
#2169 = CIRCLE ( 'NONE', #1630, 9.000000000000000000 ) ;
#2170 = DIRECTION ( 'NONE',  ( 0.0000000000000000000, 0.0000000000000000000, -1.000000000000000000 ) ) ;
#2171 = DIRECTION ( 'NONE',  ( 1.000000000000000000, 0.0000000000000000000, 0.0000000000000000000 ) ) ;
#2172 = VERTEX_POINT ( 'NONE', #1843 ) ;
#2173 = AXIS2_PLACEMENT_3D ( 'NONE', #1982, #3069, #1666 ) ;
#2174 = CARTESIAN_POINT ( 'NONE',  ( 38.50000000000000000, -24.50000000000000400, -105.0000000000000000 ) ) ;
#2175 = CIRCLE ( 'NONE', #131, 6.499999999999999100 ) ;
#2176 = LINE ( 'NONE', #4424, #1895 ) ;
#2177 = ORIENTED_EDGE ( 'NONE', *, *, #1357, .F. ) ;
#2178 = ORIENTED_EDGE ( 'NONE', *, *, #3974, .T. ) ;
#2179 = CARTESIAN_POINT ( 'NONE',  ( 38.50000000000000000, -24.50000000000000400, -93.90857997860452100 ) ) ;
#2180 = VECTOR ( 'NONE', #2484, 1000.000000000000000 ) ;
#2181 = ORIENTED_EDGE ( 'NONE', *, *, #1059, .F. ) ;
#2182 = AXIS2_PLACEMENT_3D ( 'NONE', #1347, #594, #3935 ) ;
#2183 = CARTESIAN_POINT ( 'NONE',  ( 36.85000000000000100, -24.50000000000000400, -94.89999999999999100 ) ) ;
#2184 = DIRECTION ( 'NONE',  ( -1.000000000000000000, 0.0000000000000000000, 0.0000000000000000000 ) ) ;
#2185 = CARTESIAN_POINT ( 'NONE',  ( -1.250000000000000400, 49.84668856682723300, -73.50000000000000000 ) ) ;
#2186 = CIRCLE ( 'NONE', #4512, 5.000000000000000900 ) ;
#2187 = PLANE ( 'NONE',  #1558 ) ;
#2188 = FACE_BOUND ( 'NONE', #905, .T. ) ;
#2189 = EDGE_CURVE ( 'NONE', #3592, #1015, #4157, .T. ) ;
#2190 = DIRECTION ( 'NONE',  ( 0.0000000000000000000, -0.0000000000000000000, -1.000000000000000000 ) ) ;
#2191 = CARTESIAN_POINT ( 'NONE',  ( 0.1665607149922485300, 7.000000000000000000, 21.99999999999999300 ) ) ;
#2192 = EDGE_CURVE ( 'NONE', #4058, #3442, #1959, .T. ) ;
#2193 = DIRECTION ( 'NONE',  ( 0.0000000000000000000, 0.0000000000000000000, -1.000000000000000000 ) ) ;
#2194 = FACE_OUTER_BOUND ( 'NONE', #1180, .T. ) ;
#2195 = CARTESIAN_POINT ( 'NONE',  ( -11.00000000000000000, 44.99999999999999300, -95.50000000000000000 ) ) ;
#2196 = PERSON_AND_ORGANIZATION ( #821, #4726 ) ;
#2197 = CONICAL_SURFACE ( 'NONE', #4212, 6.500000000000005300, 0.7853981633974422800 ) ;
#2198 = AXIS2_PLACEMENT_3D ( 'NONE', #425, #1168, #21 ) ;
#2199 = CARTESIAN_POINT ( 'NONE',  ( -7.000000000000000000, 0.0000000000000000000, 46.50000000000000700 ) ) ;
#2200 = ORIENTED_EDGE ( 'NONE', *, *, #3362, .T. ) ;
#2201 = CARTESIAN_POINT ( 'NONE',  ( 33.99999999999999300, 28.99999999999998900, -103.5000000000000000 ) ) ;
#2202 = DIRECTION ( 'NONE',  ( 0.0000000000000000000, 0.0000000000000000000, 1.000000000000000000 ) ) ;
#2203 = VERTEX_POINT ( 'NONE', #2582 ) ;
#2204 = PLANE ( 'NONE',  #4054 ) ;
#2205 = CARTESIAN_POINT ( 'NONE',  ( -7.997924617902913100, 52.99999999999999300, -103.5000000000000000 ) ) ;
#2206 = AXIS2_PLACEMENT_3D ( 'NONE', #2875, #1841, #2891 ) ;
#2207 = ORIENTED_EDGE ( 'NONE', *, *, #2192, .F. ) ;
#2208 = DIRECTION ( 'NONE',  ( 0.0000000000000000000, 0.0000000000000000000, 1.000000000000000000 ) ) ;
#2209 = ORIENTED_EDGE ( 'NONE', *, *, #4383, .F. ) ;
#2210 = PLANE ( 'NONE',  #2601 ) ;
#2211 = ORIENTED_EDGE ( 'NONE', *, *, #1975, .T. ) ;
#2212 = ORIENTED_EDGE ( 'NONE', *, *, #1259, .F. ) ;
#2213 = ORIENTED_EDGE ( 'NONE', *, *, #29, .F. ) ;
#2214 = DIRECTION ( 'NONE',  ( -1.000000000000000000, 0.0000000000000000000, 0.0000000000000000000 ) ) ;
#2215 = EDGE_LOOP ( 'NONE', ( #3487, #2774, #4397, #1764 ) ) ;
#2216 = ORIENTED_EDGE ( 'NONE', *, *, #3390, .T. ) ;
#2217 = CARTESIAN_POINT ( 'NONE',  ( 4.000000000000000900, 47.82163214108173600, -73.50000000000000000 ) ) ;
#2218 = CARTESIAN_POINT ( 'NONE',  ( -38.00000000000000000, -24.00000000000000000, 0.0000000000000000000 ) ) ;
#2219 = CC_DESIGN_APPROVAL ( #259, ( #3479 ) ) ;
#2220 = CARTESIAN_POINT ( 'NONE',  ( -1.050000000000000000, 1.285879139104721000E-016, 42.00000000000000000 ) ) ;
#2221 = EDGE_CURVE ( 'NONE', #1022, #785, #2804, .T. ) ;
#2222 = EDGE_CURVE ( 'NONE', #1665, #2898, #1220, .T. ) ;
#2223 = ORIENTED_EDGE ( 'NONE', *, *, #3296, .F. ) ;
#2224 = VERTEX_POINT ( 'NONE', #722 ) ;
#2225 = ORIENTED_EDGE ( 'NONE', *, *, #1184, .F. ) ;
#2226 = CARTESIAN_POINT ( 'NONE',  ( 6.500000000000005300, 0.0000000000000000000, -133.0000000000000000 ) ) ;
#2227 = LINE ( 'NONE', #1512, #3085 ) ;
#2228 = CARTESIAN_POINT ( 'NONE',  ( 24.49999999999999600, 38.49999999999999300, -105.0000000000000000 ) ) ;
#2229 = FACE_OUTER_BOUND ( 'NONE', #1238, .T. ) ;
#2230 = CARTESIAN_POINT ( 'NONE',  ( 0.0000000000000000000, 0.0000000000000000000, 47.00000000000000000 ) ) ;
#2231 = ADVANCED_FACE ( 'NONE', ( #2188, #240 ), #2210, .T. ) ;
#2232 = EDGE_LOOP ( 'NONE', ( #120, #1587 ) ) ;
#2233 = AXIS2_PLACEMENT_3D ( 'NONE', #960, #593, #2801 ) ;
#2234 = LINE ( 'NONE', #1068, #1664 ) ;
#2235 = ORIENTED_EDGE ( 'NONE', *, *, #1458, .F. ) ;
#2236 = DIRECTION ( 'NONE',  ( 0.0000000000000000000, 0.0000000000000000000, -1.000000000000000000 ) ) ;
#2237 = CARTESIAN_POINT ( 'NONE',  ( 0.0000000000000000000, 45.79657571533623200, -68.49999999999998600 ) ) ;
#2238 = EDGE_CURVE ( 'NONE', #1772, #2680, #2928, .T. ) ;
#2239 = VECTOR ( 'NONE', #1954, 1000.000000000000000 ) ;
#2240 = DIRECTION ( 'NONE',  ( -0.0000000000000000000, 1.000000000000000000, 0.0000000000000000000 ) ) ;
#2241 = DIRECTION ( 'NONE',  ( -1.000000000000000000, 0.0000000000000000000, 0.0000000000000000000 ) ) ;
#2242 = CIRCLE ( 'NONE', #1639, 3.499999999999999600 ) ;
#2243 = AXIS2_PLACEMENT_3D ( 'NONE', #4331, #1049, #2809 ) ;
#2244 = DIRECTION ( 'NONE',  ( 0.0000000000000000000, 0.0000000000000000000, 1.000000000000000000 ) ) ;
#2245 = DIRECTION ( 'NONE',  ( -1.000000000000000000, 0.0000000000000000000, 0.0000000000000000000 ) ) ;
#2246 = DIRECTION ( 'NONE',  ( 0.7071067811864985000, 8.659560562354331400E-017, -0.7071067811865965300 ) ) ;
#2247 = CARTESIAN_POINT ( 'NONE',  ( 31.53999999999999900, 34.79000000000002800, 0.0000000000000000000 ) ) ;
#2248 = CYLINDRICAL_SURFACE ( 'NONE', #4229, 1.500000000000001300 ) ;
#2249 = APPROVAL_PERSON_ORGANIZATION ( #3814, #3231, #3420 ) ;
#2250 = DIRECTION ( 'NONE',  ( 0.0000000000000000000, 0.0000000000000000000, 1.000000000000000000 ) ) ;
#2251 = DIRECTION ( 'NONE',  ( -1.000000000000000000, 0.0000000000000000000, 0.0000000000000000000 ) ) ;
#2252 = CYLINDRICAL_SURFACE ( 'NONE', #4141, 4.000000000000000900 ) ;
#2253 = EDGE_CURVE ( 'NONE', #374, #1812, #3753, .T. ) ;
#2254 = CIRCLE ( 'NONE', #3368, 6.500000000000005300 ) ;
#2255 = ADVANCED_FACE ( 'NONE', ( #698 ), #2248, .T. ) ;
#2256 = EDGE_CURVE ( 'NONE', #391, #535, #816, .T. ) ;
#2257 = EDGE_LOOP ( 'NONE', ( #3000, #1571 ) ) ;
#2258 = DIRECTION ( 'NONE',  ( -0.0000000000000000000, -0.0000000000000000000, 1.000000000000000000 ) ) ;
#2259 = DIRECTION ( 'NONE',  ( 0.0000000000000000000, 0.0000000000000000000, -1.000000000000000000 ) ) ;
#2260 = FACE_OUTER_BOUND ( 'NONE', #3416, .T. ) ;
#2261 = ORIENTED_EDGE ( 'NONE', *, *, #1524, .F. ) ;
#2262 = CARTESIAN_POINT ( 'NONE',  ( 36.85000000000000100, -24.50000000000000400, -104.5000000000000400 ) ) ;
#2263 = ORIENTED_EDGE ( 'NONE', *, *, #1184, .T. ) ;
#2264 = AXIS2_PLACEMENT_3D ( 'NONE', #4251, #212, #3880 ) ;
#2265 = ORIENTED_EDGE ( 'NONE', *, *, #1030, .F. ) ;
#2266 = DIRECTION ( 'NONE',  ( 0.0000000000000000000, 0.0000000000000000000, 1.000000000000000000 ) ) ;
#2267 = DIRECTION ( 'NONE',  ( -1.000000000000000000, -0.0000000000000000000, 0.0000000000000000000 ) ) ;
#2268 = AXIS2_PLACEMENT_3D ( 'NONE', #253, #2055, #596 ) ;
#2269 = CARTESIAN_POINT ( 'NONE',  ( -7.997924617902913100, 52.99999999999999300, 0.0000000000000000000 ) ) ;
#2270 = ORIENTED_EDGE ( 'NONE', *, *, #2555, .F. ) ;
#2271 = VERTEX_POINT ( 'NONE', #1545 ) ;
#2272 = CARTESIAN_POINT ( 'NONE',  ( -22.84999999999999800, -38.50000000000000700, -94.89999999999999100 ) ) ;
#2273 = CARTESIAN_POINT ( 'NONE',  ( 0.0000000000000000000, 0.0000000000000000000, 0.0000000000000000000 ) ) ;
#2274 = ORIENTED_EDGE ( 'NONE', *, *, #3789, .T. ) ;
#2275 = PLANE ( 'NONE',  #3332 ) ;
#2276 = ADVANCED_FACE ( 'NONE', ( #1275 ), #122, .T. ) ;
#2277 = ORIENTED_EDGE ( 'NONE', *, *, #4682, .T. ) ;
#2278 = VERTEX_POINT ( 'NONE', #1611 ) ;
#2279 = EDGE_CURVE ( 'NONE', #3486, #268, #4377, .T. ) ;
#2280 = DIRECTION ( 'NONE',  ( -1.000000000000000000, 0.0000000000000000000, 0.0000000000000000000 ) ) ;
#2281 = ORIENTED_EDGE ( 'NONE', *, *, #3883, .T. ) ;
#2282 = CARTESIAN_POINT ( 'NONE',  ( 27.49999999999999600, 33.99999999999998600, -105.0000000000000000 ) ) ;
#2283 = EDGE_LOOP ( 'NONE', ( #3349, #4167, #2334, #2153 ) ) ;
#2284 = FACE_OUTER_BOUND ( 'NONE', #4352, .T. ) ;
#2285 = LINE ( 'NONE', #1746, #282 ) ;
#2286 = ORIENTED_EDGE ( 'NONE', *, *, #4340, .F. ) ;
#2287 = ORIENTED_EDGE ( 'NONE', *, *, #3233, .F. ) ;
#2288 = AXIS2_PLACEMENT_3D ( 'NONE', #2698, #4517, #104 ) ;
#2289 = FACE_OUTER_BOUND ( 'NONE', #3341, .T. ) ;
#2290 = FACE_OUTER_BOUND ( 'NONE', #2675, .T. ) ;
#2291 = VECTOR ( 'NONE', #1769, 1000.000000000000000 ) ;
#2292 = ORIENTED_EDGE ( 'NONE', *, *, #1669, .T. ) ;
#2293 = CARTESIAN_POINT ( 'NONE',  ( 22.35000000000001200, 38.49999999999999300, -105.0000000000000000 ) ) ;
#2294 = LINE ( 'NONE', #777, #2579 ) ;
#2295 = ORIENTED_EDGE ( 'NONE', *, *, #3113, .T. ) ;
#2296 = AXIS2_PLACEMENT_3D ( 'NONE', #947, #2749, #3177 ) ;
#2297 = DIRECTION ( 'NONE',  ( 0.0000000000000000000, 0.0000000000000000000, -1.000000000000000000 ) ) ;
#2298 = CYLINDRICAL_SURFACE ( 'NONE', #4737, 9.000000000000000000 ) ;
#2299 = AXIS2_PLACEMENT_3D ( 'NONE', #1115, #4040, #2145 ) ;
#2300 = ADVANCED_FACE ( 'NONE', ( #130 ), #3102, .F. ) ;
#2301 = ADVANCED_FACE ( 'NONE', ( #4083, #2123 ), #1225, .F. ) ;
#2302 = CIRCLE ( 'NONE', #2500, 4.999999999999997300 ) ;
#2303 = CARTESIAN_POINT ( 'NONE',  ( -38.04000000000000600, 34.78999999999999900, 0.0000000000000000000 ) ) ;
#2304 = CARTESIAN_POINT ( 'NONE',  ( -38.03999999999998500, -34.78999999999999900, 10.00000000000000000 ) ) ;
#2305 = FACE_BOUND ( 'NONE', #898, .T. ) ;
#2306 = CIRCLE ( 'NONE', #1845, 2.499999999999998700 ) ;
#2307 = VERTEX_POINT ( 'NONE', #4492 ) ;
#2308 = CIRCLE ( 'NONE', #4302, 1.649999999999998600 ) ;
#2309 = DIRECTION ( 'NONE',  ( -1.000000000000000000, 0.0000000000000000000, 0.0000000000000000000 ) ) ;
#2310 = DIRECTION ( 'NONE',  ( 0.0000000000000000000, 0.0000000000000000000, 1.000000000000000000 ) ) ;
#2311 =( NAMED_UNIT ( * ) SI_UNIT ( $, .STERADIAN. ) SOLID_ANGLE_UNIT ( ) );
#2312 = ADVANCED_FACE ( 'NONE', ( #2636 ), #2638, .T. ) ;
#2313 = ORIENTED_EDGE ( 'NONE', *, *, #4563, .F. ) ;
#2314 = CC_DESIGN_PERSON_AND_ORGANIZATION_ASSIGNMENT ( #247, #2640, ( #3479 ) ) ;
#2315 = DIRECTION ( 'NONE',  ( 1.000000000000000000, 0.0000000000000000000, 0.0000000000000000000 ) ) ;
#2316 = EDGE_CURVE ( 'NONE', #4642, #155, #3218, .T. ) ;
#2317 = EDGE_CURVE ( 'NONE', #1837, #3776, #4550, .T. ) ;
#2318 = CARTESIAN_POINT ( 'NONE',  ( -33.99999999999999300, 28.99999999999998900, -105.0000000000000000 ) ) ;
#2319 = EDGE_LOOP ( 'NONE', ( #311, #1936, #3120, #776 ) ) ;
#2320 = CARTESIAN_POINT ( 'NONE',  ( 2.499999999999999600, 6.538348415311010500, 46.50000000000000700 ) ) ;
#2321 = AXIS2_PLACEMENT_3D ( 'NONE', #1371, #1385, #330 ) ;
#2322 = ORIENTED_EDGE ( 'NONE', *, *, #4264, .T. ) ;
#2323 = DIRECTION ( 'NONE',  ( -0.0000000000000000000, -0.0000000000000000000, -1.000000000000000000 ) ) ;
#2324 = AXIS2_PLACEMENT_3D ( 'NONE', #708, #3272, #2184 ) ;
#2325 = ORIENTED_EDGE ( 'NONE', *, *, #3828, .T. ) ;
#2326 = ADVANCED_FACE ( 'NONE', ( #353 ), #2357, .T. ) ;
#2327 = CARTESIAN_POINT ( 'NONE',  ( -43.00000000000000000, 42.99999999999999300, 0.0000000000000000000 ) ) ;
#2328 = DIRECTION ( 'NONE',  ( -1.000000000000000000, 0.0000000000000000000, 0.0000000000000000000 ) ) ;
#2329 = ORIENTED_EDGE ( 'NONE', *, *, #2821, .F. ) ;
#2330 = ORIENTED_EDGE ( 'NONE', *, *, #3392, .F. ) ;
#2331 = AXIS2_PLACEMENT_3D ( 'NONE', #4434, #3410, #3008 ) ;
#2332 = CARTESIAN_POINT ( 'NONE',  ( -34.78999999999997800, -34.78999999999999900, 0.0000000000000000000 ) ) ;
#2333 = EDGE_LOOP ( 'NONE', ( #4218, #887 ) ) ;
#2334 = ORIENTED_EDGE ( 'NONE', *, *, #3457, .F. ) ;
#2335 = ORIENTED_EDGE ( 'NONE', *, *, #654, .T. ) ;
#2336 = CARTESIAN_POINT ( 'NONE',  ( 0.0000000000000000000, 0.0000000000000000000, 47.00000000000000000 ) ) ;
#2337 = DIRECTION ( 'NONE',  ( 0.0000000000000000000, 0.0000000000000000000, -1.000000000000000000 ) ) ;
#2338 = CIRCLE ( 'NONE', #153, 3.250000000000002700 ) ;
#2339 = ORIENTED_EDGE ( 'NONE', *, *, #3712, .F. ) ;
#2340 = ORIENTED_EDGE ( 'NONE', *, *, #4275, .T. ) ;
#2341 = VERTEX_POINT ( 'NONE', #88 ) ;
#2342 = FACE_BOUND ( 'NONE', #33, .T. ) ;
#2343 = FACE_BOUND ( 'NONE', #1942, .T. ) ;
#2344 = EDGE_CURVE ( 'NONE', #507, #2105, #4717, .T. ) ;
#2345 = CARTESIAN_POINT ( 'NONE',  ( 26.14999999999999500, 38.49999999999999300, -94.89999999999999100 ) ) ;
#2346 = EDGE_CURVE ( 'NONE', #428, #665, #4249, .T. ) ;
#2347 = ORIENTED_EDGE ( 'NONE', *, *, #4619, .T. ) ;
#2348 = CIRCLE ( 'NONE', #1222, 4.999999999999997300 ) ;
#2349 = ADVANCED_FACE ( 'NONE', ( #411 ), #2298, .F. ) ;
#2350 = EDGE_LOOP ( 'NONE', ( #3466, #2325, #430, #2503 ) ) ;
#2351 = ADVANCED_FACE ( 'NONE', ( #3568 ), #897, .F. ) ;
#2352 = CYLINDRICAL_SURFACE ( 'NONE', #2030, 4.999999999999997300 ) ;
#2353 = CARTESIAN_POINT ( 'NONE',  ( 2.500000000000002200, 5.000000000000000000, -133.0000000000000000 ) ) ;
#2354 = DIRECTION ( 'NONE',  ( 0.0000000000000000000, 0.0000000000000000000, 1.000000000000000000 ) ) ;
#2355 = DIRECTION ( 'NONE',  ( -0.0000000000000000000, -0.0000000000000000000, -1.000000000000000000 ) ) ;
#2356 = CARTESIAN_POINT ( 'NONE',  ( -38.50000000000000000, 24.49999999999998900, -104.4999999999999900 ) ) ;
#2357 = CYLINDRICAL_SURFACE ( 'NONE', #3243, 36.50000000000000000 ) ;
#2358 = CARTESIAN_POINT ( 'NONE',  ( -3.275056425745499000, 47.82163214108172900, -73.50000000000000000 ) ) ;
#2359 = CARTESIAN_POINT ( 'NONE',  ( -37.00000000000000000, -37.00000000000000700, 10.00000000000000000 ) ) ;
#2360 = VECTOR ( 'NONE', #2267, 1000.000000000000000 ) ;
#2361 = AXIS2_PLACEMENT_3D ( 'NONE', #3540, #1716, #4230 ) ;
#2362 = VECTOR ( 'NONE', #3238, 999.9999999999998900 ) ;
#2363 = CYLINDRICAL_SURFACE ( 'NONE', #4459, 1.500000000000001300 ) ;
#2364 = CARTESIAN_POINT ( 'NONE',  ( 43.00000000000000000, -37.00000000000000700, 10.00000000000000000 ) ) ;
#2365 = VERTEX_POINT ( 'NONE', #1287 ) ;
#2366 = CARTESIAN_POINT ( 'NONE',  ( 0.0000000000000000000, 5.000000000000000000, 47.00000000000000000 ) ) ;
#2367 = FACE_OUTER_BOUND ( 'NONE', #1725, .T. ) ;
#2368 = CARTESIAN_POINT ( 'NONE',  ( 0.0000000000000000000, 0.0000000000000000000, 47.00000000000000000 ) ) ;
#2369 = DIRECTION ( 'NONE',  ( -0.0000000000000000000, 1.000000000000000000, -0.0000000000000000000 ) ) ;
#2370 = VERTEX_POINT ( 'NONE', #4559 ) ;
#2371 = EDGE_LOOP ( 'NONE', ( #4580, #3266, #3664, #125 ) ) ;
#2372 = DIRECTION ( 'NONE',  ( 0.0000000000000000000, 0.0000000000000000000, 1.000000000000000000 ) ) ;
#2373 = ORIENTED_EDGE ( 'NONE', *, *, #1525, .T. ) ;
#2374 = AXIS2_PLACEMENT_3D ( 'NONE', #1254, #4606, #4186 ) ;
#2375 = ORIENTED_EDGE ( 'NONE', *, *, #2820, .F. ) ;
#2376 = EDGE_CURVE ( 'NONE', #4180, #3830, #4196, .T. ) ;
#2377 = EDGE_CURVE ( 'NONE', #12, #2777, #1729, .T. ) ;
#2378 = CARTESIAN_POINT ( 'NONE',  ( -9.000000000000000000, 1.102182119232617700E-015, 10.00000000000000000 ) ) ;
#2379 = AXIS2_PLACEMENT_3D ( 'NONE', #3571, #2815, #2880 ) ;
#2380 = CARTESIAN_POINT ( 'NONE',  ( -28.99999999999999600, -43.00000000000000000, 0.0000000000000000000 ) ) ;
#2381 = ORIENTED_EDGE ( 'NONE', *, *, #3513, .T. ) ;
#2382 = CARTESIAN_POINT ( 'NONE',  ( 6.500000000000005300, 8.266365894244637300E-016, 47.00000000000000000 ) ) ;
#2383 = CARTESIAN_POINT ( 'NONE',  ( 38.04000000000000600, 34.79000000000002800, 0.0000000000000000000 ) ) ;
#2384 = ORIENTED_EDGE ( 'NONE', *, *, #2316, .T. ) ;
#2385 = AXIS2_PLACEMENT_3D ( 'NONE', #1468, #1411, #1449 ) ;
#2386 = DIRECTION ( 'NONE',  ( 0.8571673007021118900, 1.049727191138618100E-016, -0.5150380749100549300 ) ) ;
#2387 = ORIENTED_EDGE ( 'NONE', *, *, #3516, .F. ) ;
#2388 = DIRECTION ( 'NONE',  ( -0.0000000000000000000, -0.0000000000000000000, 1.000000000000000000 ) ) ;
#2389 = EDGE_LOOP ( 'NONE', ( #102, #2292 ) ) ;
#2390 = ORIENTED_EDGE ( 'NONE', *, *, #3944, .T. ) ;
#2391 = ORIENTED_EDGE ( 'NONE', *, *, #4685, .F. ) ;
#2392 = AXIS2_PLACEMENT_3D ( 'NONE', #822, #1528, #1190 ) ;
#2393 = EDGE_LOOP ( 'NONE', ( #1454, #735 ) ) ;
#2394 = FACE_OUTER_BOUND ( 'NONE', #4145, .T. ) ;
#2395 = CIRCLE ( 'NONE', #1141, 4.999999999999997300 ) ;
#2396 = ADVANCED_FACE ( 'NONE', ( #4135 ), #3473, .F. ) ;
#2397 = DIRECTION ( 'NONE',  ( 0.0000000000000000000, 0.0000000000000000000, 1.000000000000000000 ) ) ;
#2398 = ORIENTED_EDGE ( 'NONE', *, *, #527, .T. ) ;
#2399 = DIRECTION ( 'NONE',  ( 1.000000000000000000, 0.0000000000000000000, -0.0000000000000000000 ) ) ;
#2400 = DIRECTION ( 'NONE',  ( -1.000000000000000000, 0.0000000000000000000, 0.0000000000000000000 ) ) ;
#2401 = LINE ( 'NONE', #4715, #1306 ) ;
#2402 = CYLINDRICAL_SURFACE ( 'NONE', #3398, 4.999999999999997300 ) ;
#2403 = LINE ( 'NONE', #1035, #2291 ) ;
#2404 = ORIENTED_EDGE ( 'NONE', *, *, #1619, .T. ) ;
#2405 = EDGE_CURVE ( 'NONE', #1481, #603, #4307, .T. ) ;
#2406 = ADVANCED_FACE ( 'NONE', ( #693 ), #520, .F. ) ;
#2407 = CYLINDRICAL_SURFACE ( 'NONE', #1296, 3.250000000000002700 ) ;
#2408 = DIRECTION ( 'NONE',  ( -0.0000000000000000000, -0.0000000000000000000, 1.000000000000000000 ) ) ;
#2409 = EDGE_CURVE ( 'NONE', #1531, #1641, #1046, .T. ) ;
#2410 = ORIENTED_EDGE ( 'NONE', *, *, #356, .F. ) ;
#2411 = EDGE_CURVE ( 'NONE', #2203, #4753, #72, .T. ) ;
#2412 = LINE ( 'NONE', #2926, #4191 ) ;
#2413 = AXIS2_PLACEMENT_3D ( 'NONE', #3208, #3529, #1737 ) ;
#2414 = CARTESIAN_POINT ( 'NONE',  ( 0.0000000000000000000, 0.0000000000000000000, 6.600000000000000500 ) ) ;
#2415 = FACE_OUTER_BOUND ( 'NONE', #1416, .T. ) ;
#2416 = CARTESIAN_POINT ( 'NONE',  ( -36.40000000000001300, 0.0000000000000000000, 11.60000000000000100 ) ) ;
#2417 = AXIS2_PLACEMENT_3D ( 'NONE', #904, #4155, #4579 ) ;
#2418 = CARTESIAN_POINT ( 'NONE',  ( -28.99999999999999600, -34.00000000000000000, -103.5000000000000000 ) ) ;
#2419 = FACE_OUTER_BOUND ( 'NONE', #3480, .T. ) ;
#2420 = CYLINDRICAL_SURFACE ( 'NONE', #508, 7.000000000000000000 ) ;
#2421 = DIRECTION ( 'NONE',  ( -1.000000000000000000, 0.0000000000000000000, 0.0000000000000000000 ) ) ;
#2422 = CARTESIAN_POINT ( 'NONE',  ( -2.499999999999997800, 0.0000000000000000000, -133.0000000000000000 ) ) ;
#2423 = ORIENTED_EDGE ( 'NONE', *, *, #3817, .F. ) ;
#2424 = FACE_OUTER_BOUND ( 'NONE', #2371, .T. ) ;
#2425 = DIRECTION ( 'NONE',  ( 0.0000000000000000000, -1.000000000000000000, 0.0000000000000000000 ) ) ;
#2426 = CARTESIAN_POINT ( 'NONE',  ( 37.00000000000000000, -37.00000000000000700, 10.00000000000000000 ) ) ;
#2427 = ORIENTED_EDGE ( 'NONE', *, *, #200, .T. ) ;
#2428 = CARTESIAN_POINT ( 'NONE',  ( 23.99999999999999300, -43.00000000000000000, -103.5000000000000000 ) ) ;
#2429 = ORIENTED_EDGE ( 'NONE', *, *, #4405, .T. ) ;
#2430 = EDGE_CURVE ( 'NONE', #1703, #4703, #4601, .T. ) ;
#2431 = DIRECTION ( 'NONE',  ( 0.0000000000000000000, 0.0000000000000000000, -1.000000000000000000 ) ) ;
#2432 = EDGE_CURVE ( 'NONE', #4558, #216, #3748, .T. ) ;
#2433 = CARTESIAN_POINT ( 'NONE',  ( 0.0000000000000000000, 0.0000000000000000000, 0.0000000000000000000 ) ) ;
#2434 = PLANE ( 'NONE',  #1195 ) ;
#2435 = AXIS2_PLACEMENT_3D ( 'NONE', #1150, #4426, #2250 ) ;
#2436 = VERTEX_POINT ( 'NONE', #3495 ) ;
#2437 = EDGE_LOOP ( 'NONE', ( #3724, #2767, #968, #1700 ) ) ;
#2438 = CARTESIAN_POINT ( 'NONE',  ( 0.0000000000000000000, 52.99999999999999300, -96.50000000000001400 ) ) ;
#2439 = EDGE_LOOP ( 'NONE', ( #2102, #4322, #2947, #1196 ) ) ;
#2440 = ORIENTED_EDGE ( 'NONE', *, *, #1217, .T. ) ;
#2441 = CARTESIAN_POINT ( 'NONE',  ( -2.500000000000000400, 6.538348415311010500, 24.49999999999999300 ) ) ;
#2442 = CARTESIAN_POINT ( 'NONE',  ( -43.00000000000000000, 28.99999999999998900, 0.0000000000000000000 ) ) ;
#2443 = CARTESIAN_POINT ( 'NONE',  ( 9.000000000000000000, 1.102182119232617700E-015, -99.99999999999998600 ) ) ;
#2444 = ORIENTED_EDGE ( 'NONE', *, *, #197, .T. ) ;
#2445 = ORIENTED_EDGE ( 'NONE', *, *, #3744, .T. ) ;
#2446 = AXIS2_PLACEMENT_3D ( 'NONE', #2923, #351, #699 ) ;
#2447 = DIRECTION ( 'NONE',  ( 1.000000000000000000, 0.0000000000000000000, -0.0000000000000000000 ) ) ;
#2448 = VERTEX_POINT ( 'NONE', #2754 ) ;
#2449 = CARTESIAN_POINT ( 'NONE',  ( 31.53999999999999900, 34.79000000000002800, 10.00000000000000000 ) ) ;
#2450 = ORIENTED_EDGE ( 'NONE', *, *, #1185, .F. ) ;
#2451 = ORIENTED_EDGE ( 'NONE', *, *, #1920, .T. ) ;
#2452 = VECTOR ( 'NONE', #43, 1000.000000000000000 ) ;
#2453 = LINE ( 'NONE', #2752, #914 ) ;
#2454 = CARTESIAN_POINT ( 'NONE',  ( -38.00000000000000000, 27.49999999999998600, -105.0000000000000000 ) ) ;
#2455 = ORIENTED_EDGE ( 'NONE', *, *, #1031, .T. ) ;
#2456 = FACE_OUTER_BOUND ( 'NONE', #1749, .T. ) ;
#2457 = CARTESIAN_POINT ( 'NONE',  ( -43.00000000000000000, -28.99999999999999600, 0.0000000000000000000 ) ) ;
#2458 = ORIENTED_EDGE ( 'NONE', *, *, #907, .F. ) ;
#2459 = DIRECTION ( 'NONE',  ( 0.0000000000000000000, 0.0000000000000000000, -1.000000000000000000 ) ) ;
#2460 = CARTESIAN_POINT ( 'NONE',  ( 2.419238038268361800, 6.568749104104521000, -109.8487644180870300 ) ) ;
#2461 = VECTOR ( 'NONE', #3708, 1000.000000000000200 ) ;
#2462 = EDGE_CURVE ( 'NONE', #3823, #4673, #1795, .T. ) ;
#2463 = CARTESIAN_POINT ( 'NONE',  ( -38.50000000000000000, 24.49999999999998900, -104.4999999999999900 ) ) ;
#2464 = CARTESIAN_POINT ( 'NONE',  ( -40.64999999999998400, 24.49999999999998900, -105.0000000000000000 ) ) ;
#2465 = EDGE_CURVE ( 'NONE', #2704, #3984, #2467, .T. ) ;
#2466 = DIRECTION ( 'NONE',  ( 0.0000000000000000000, 0.0000000000000000000, 1.000000000000000000 ) ) ;
#2467 = LINE ( 'NONE', #1625, #1905 ) ;
#2468 = PLANE ( 'NONE',  #3710 ) ;
#2469 = CARTESIAN_POINT ( 'NONE',  ( 0.0000000000000000000, 5.000000000000000000, -133.0000000000000000 ) ) ;
#2470 = VECTOR ( 'NONE', #892, 1000.000000000000000 ) ;
#2471 = LOCAL_TIME ( 10, 55, 9.000000000000000000, #4314 ) ;
#2472 = CARTESIAN_POINT ( 'NONE',  ( 26.14999999999999500, 38.49999999999999300, -104.4999999999999900 ) ) ;
#2473 = CIRCLE ( 'NONE', #41, 1.500000000000001300 ) ;
#2474 = EDGE_CURVE ( 'NONE', #591, #4161, #461, .T. ) ;
#2475 = CARTESIAN_POINT ( 'NONE',  ( 28.99999999999999600, 33.99999999999998600, 0.0000000000000000000 ) ) ;
#2476 = LINE ( 'NONE', #3722, #3108 ) ;
#2477 = ORIENTED_EDGE ( 'NONE', *, *, #4275, .F. ) ;
#2478 = LINE ( 'NONE', #3281, #3978 ) ;
#2479 = CARTESIAN_POINT ( 'NONE',  ( 1.050000000000000000, 0.0000000000000000000, 47.00000000000000000 ) ) ;
#2480 = AXIS2_PLACEMENT_3D ( 'NONE', #3278, #3774, #396 ) ;
#2481 = ORIENTED_EDGE ( 'NONE', *, *, #336, .T. ) ;
#2482 = ORIENTED_EDGE ( 'NONE', *, *, #2376, .T. ) ;
#2483 = DIRECTION ( 'NONE',  ( -0.0000000000000000000, -0.0000000000000000000, -1.000000000000000000 ) ) ;
#2484 = DIRECTION ( 'NONE',  ( 0.0000000000000000000, 0.0000000000000000000, -1.000000000000000000 ) ) ;
#2485 = ORIENTED_EDGE ( 'NONE', *, *, #416, .T. ) ;
#2486 = CARTESIAN_POINT ( 'NONE',  ( -36.35000000000001600, 24.49999999999998900, -105.0000000000000000 ) ) ;
#2487 = CARTESIAN_POINT ( 'NONE',  ( 33.99999999999999300, -27.50000000000000000, -103.5000000000000000 ) ) ;
#2488 = CARTESIAN_POINT ( 'NONE',  ( 33.99999999999999300, -27.50000000000000400, -105.0000000000000000 ) ) ;
#2489 = EDGE_CURVE ( 'NONE', #3549, #603, #2242, .T. ) ;
#2490 = EDGE_CURVE ( 'NONE', #4446, #3614, #1668, .T. ) ;
#2491 = VERTEX_POINT ( 'NONE', #3537 ) ;
#2492 = ORIENTED_EDGE ( 'NONE', *, *, #664, .T. ) ;
#2493 = DIRECTION ( 'NONE',  ( -1.000000000000000000, 0.0000000000000000000, 0.0000000000000000000 ) ) ;
#2494 = AXIS2_PLACEMENT_3D ( 'NONE', #3906, #4316, #1704 ) ;
#2495 = ORIENTED_EDGE ( 'NONE', *, *, #554, .F. ) ;
#2496 = ORIENTED_EDGE ( 'NONE', *, *, #1695, .T. ) ;
#2497 = DIRECTION ( 'NONE',  ( -1.000000000000000000, 0.0000000000000000000, 0.0000000000000000000 ) ) ;
#2498 = EDGE_LOOP ( 'NONE', ( #2542, #3543 ) ) ;
#2499 = ORIENTED_EDGE ( 'NONE', *, *, #3232, .F. ) ;
#2500 = AXIS2_PLACEMENT_3D ( 'NONE', #3601, #2114, #4683 ) ;
#2501 = CARTESIAN_POINT ( 'NONE',  ( 43.00000000000000000, 28.99999999999998900, 0.0000000000000000000 ) ) ;
#2502 = CARTESIAN_POINT ( 'NONE',  ( 34.78999999999999900, 34.79000000000002800, 10.00000000000000000 ) ) ;
#2503 = ORIENTED_EDGE ( 'NONE', *, *, #3805, .F. ) ;
#2504 = ORIENTED_EDGE ( 'NONE', *, *, #4653, .T. ) ;
#2505 = DIRECTION ( 'NONE',  ( -1.000000000000000000, 0.0000000000000000000, 0.0000000000000000000 ) ) ;
#2506 = DIRECTION ( 'NONE',  ( 1.000000000000000000, 0.0000000000000000000, 0.0000000000000000000 ) ) ;
#2507 = DIRECTION ( 'NONE',  ( 1.000000000000000000, 0.0000000000000000000, 0.0000000000000000000 ) ) ;
#2508 = VECTOR ( 'NONE', #4147, 1000.000000000000000 ) ;
#2509 =( BOUNDED_CURVE ( )  B_SPLINE_CURVE ( 3, ( #3608, #1757, #1442, #2119 ),
 .UNSPECIFIED., .F., .F. ) 
 B_SPLINE_CURVE_WITH_KNOTS ( ( 4, 4 ),
 ( 1.570796326794896600, 3.141592653589793100 ),
 .UNSPECIFIED. ) 
 CURVE ( )  GEOMETRIC_REPRESENTATION_ITEM ( )  RATIONAL_B_SPLINE_CURVE ( ( 1.000000000000000000, 0.8047378541243649400, 0.8047378541243649400, 1.000000000000000000 ) ) 
 REPRESENTATION_ITEM ( '' )  );
#2510 = VECTOR ( 'NONE', #613, 1000.000000000000100 ) ;
#2511 = AXIS2_PLACEMENT_3D ( 'NONE', #2803, #3536, #239 ) ;
#2512 = DIRECTION ( 'NONE',  ( 0.0000000000000000000, 0.0000000000000000000, 1.000000000000000000 ) ) ;
#2513 = LINE ( 'NONE', #502, #228 ) ;
#2514 = LINE ( 'NONE', #2247, #863 ) ;
#2515 = DIRECTION ( 'NONE',  ( 0.0000000000000000000, 0.0000000000000000000, 1.000000000000000000 ) ) ;
#2516 = CIRCLE ( 'NONE', #1906, 2.149999999999929700 ) ;
#2517 = DIRECTION ( 'NONE',  ( -0.0000000000000000000, 0.0000000000000000000, -1.000000000000000000 ) ) ;
#2518 = CARTESIAN_POINT ( 'NONE',  ( -38.00000000000000000, -24.00000000000000000, -103.5000000000000000 ) ) ;
#2519 = VERTEX_POINT ( 'NONE', #3197 ) ;
#2520 = DIRECTION ( 'NONE',  ( -1.000000000000000000, 0.0000000000000000000, 0.0000000000000000000 ) ) ;
#2521 = VECTOR ( 'NONE', #2897, 1000.000000000000000 ) ;
#2522 = EDGE_LOOP ( 'NONE', ( #1711, #3711 ) ) ;
#2523 = EDGE_CURVE ( 'NONE', #3531, #1098, #3633, .T. ) ;
#2524 = DIRECTION ( 'NONE',  ( 0.0000000000000000000, 1.000000000000000000, 0.0000000000000000000 ) ) ;
#2525 = FACE_BOUND ( 'NONE', #4755, .T. ) ;
#2526 = CARTESIAN_POINT ( 'NONE',  ( 11.00000000000000700, 44.99999999999999300, -90.50000000000000000 ) ) ;
#2527 = CARTESIAN_POINT ( 'NONE',  ( 24.00000000000000400, -43.00000000000000000, 0.0000000000000000000 ) ) ;
#2528 = CYLINDRICAL_SURFACE ( 'NONE', #2296, 4.999999999999997300 ) ;
#2529 = CARTESIAN_POINT ( 'NONE',  ( -34.78999999999997800, -34.78999999999999900, 10.00000000000000000 ) ) ;
#2530 = DIRECTION ( 'NONE',  ( 0.0000000000000000000, 0.0000000000000000000, 1.000000000000000000 ) ) ;
#2531 = DIRECTION ( 'NONE',  ( -1.000000000000000000, 0.0000000000000000000, 0.0000000000000000000 ) ) ;
#2532 = DIRECTION ( 'NONE',  ( 1.000000000000000000, 0.0000000000000000000, 0.0000000000000000000 ) ) ;
#2533 = VECTOR ( 'NONE', #473, 1000.000000000000000 ) ;
#2534 = LINE ( 'NONE', #3642, #1912 ) ;
#2535 = DIRECTION ( 'NONE',  ( -1.000000000000000000, 0.0000000000000000000, 0.0000000000000000000 ) ) ;
#2536 = DIRECTION ( 'NONE',  ( -3.469446951953611000E-015, 1.000000000000000000, 0.0000000000000000000 ) ) ;
#2537 = VERTEX_POINT ( 'NONE', #2428 ) ;
#2538 = CYLINDRICAL_SURFACE ( 'NONE', #1500, 2.500000000000002200 ) ;
#2539 = DIRECTION ( 'NONE',  ( -0.0000000000000000000, -0.0000000000000000000, -1.000000000000000000 ) ) ;
#2540 = DIRECTION ( 'NONE',  ( -0.0000000000000000000, -0.0000000000000000000, -1.000000000000000000 ) ) ;
#2541 = AXIS2_PLACEMENT_3D ( 'NONE', #161, #2709, #4571 ) ;
#2542 = ORIENTED_EDGE ( 'NONE', *, *, #3140, .F. ) ;
#2543 = DIRECTION ( 'NONE',  ( 1.000000000000000000, 0.0000000000000000000, 0.0000000000000000000 ) ) ;
#2544 = CARTESIAN_POINT ( 'NONE',  ( -26.14999999999999500, -38.50000000000000700, -94.89999999999999100 ) ) ;
#2545 = ORIENTED_EDGE ( 'NONE', *, *, #3651, .T. ) ;
#2546 = DIRECTION ( 'NONE',  ( 0.0000000000000000000, 0.0000000000000000000, -1.000000000000000000 ) ) ;
#2547 = CARTESIAN_POINT ( 'NONE',  ( -2.500000000000000400, 6.538348415311010500, 46.50000000000000700 ) ) ;
#2548 = CARTESIAN_POINT ( 'NONE',  ( 38.50000000000000000, -24.50000000000000400, -104.5000000000000400 ) ) ;
#2549 = ORIENTED_EDGE ( 'NONE', *, *, #232, .F. ) ;
#2550 = ORIENTED_EDGE ( 'NONE', *, *, #2728, .T. ) ;
#2551 = CARTESIAN_POINT ( 'NONE',  ( -33.99999999999999300, 33.99999999999998600, -103.5000000000000000 ) ) ;
#2552 = CARTESIAN_POINT ( 'NONE',  ( -38.00000000000000000, -27.50000000000000000, -105.0000000000000000 ) ) ;
#2553 = CC_DESIGN_PERSON_AND_ORGANIZATION_ASSIGNMENT ( #28, #2613, ( #3136 ) ) ;
#2554 = ORIENTED_EDGE ( 'NONE', *, *, #2670, .T. ) ;
#2555 = EDGE_CURVE ( 'NONE', #3821, #673, #1622, .T. ) ;
#2556 = ORIENTED_EDGE ( 'NONE', *, *, #2728, .F. ) ;
#2557 = EDGE_CURVE ( 'NONE', #4649, #3984, #1502, .T. ) ;
#2558 = DIRECTION ( 'NONE',  ( 0.0000000000000000000, 0.0000000000000000000, 1.000000000000000000 ) ) ;
#2559 = CARTESIAN_POINT ( 'NONE',  ( 43.00000000000000000, -24.00000000000000400, -103.5000000000000000 ) ) ;
#2560 = EDGE_LOOP ( 'NONE', ( #1631, #62, #4527, #4185 ) ) ;
#2561 = CARTESIAN_POINT ( 'NONE',  ( -34.78999999999999900, 34.78999999999999900, 0.0000000000000000000 ) ) ;
#2562 = ORIENTED_EDGE ( 'NONE', *, *, #781, .T. ) ;
#2563 = AXIS2_PLACEMENT_3D ( 'NONE', #2871, #2884, #702 ) ;
#2564 = CIRCLE ( 'NONE', #3097, 2.499999999999998700 ) ;
#2565 = DIRECTION ( 'NONE',  ( 0.0000000000000000000, 0.0000000000000000000, -1.000000000000000000 ) ) ;
#2566 = ORIENTED_EDGE ( 'NONE', *, *, #944, .T. ) ;
#2567 = CARTESIAN_POINT ( 'NONE',  ( 33.99999999999999300, -34.00000000000000000, 0.0000000000000000000 ) ) ;
#2568 = DIRECTION ( 'NONE',  ( -1.000000000000000000, 0.0000000000000000000, 0.0000000000000000000 ) ) ;
#2569 = VERTEX_POINT ( 'NONE', #597 ) ;
#2570 = ORIENTED_EDGE ( 'NONE', *, *, #3207, .F. ) ;
#2571 = AXIS2_PLACEMENT_3D ( 'NONE', #310, #1079, #2876 ) ;
#2572 = ORIENTED_EDGE ( 'NONE', *, *, #1186, .T. ) ;
#2573 = LINE ( 'NONE', #2840, #3957 ) ;
#2574 = FACE_OUTER_BOUND ( 'NONE', #235, .T. ) ;
#2575 = ORIENTED_EDGE ( 'NONE', *, *, #3306, .F. ) ;
#2576 = DIRECTION ( 'NONE',  ( -0.0000000000000000000, -0.0000000000000000000, 1.000000000000000000 ) ) ;
#2577 = DIRECTION ( 'NONE',  ( 0.0000000000000000000, 0.0000000000000000000, 1.000000000000000000 ) ) ;
#2578 = DIRECTION ( 'NONE',  ( -1.000000000000000000, 0.0000000000000000000, 0.0000000000000000000 ) ) ;
#2579 = VECTOR ( 'NONE', #3322, 1000.000000000000000 ) ;
#2580 = EDGE_LOOP ( 'NONE', ( #3825, #973, #582, #4265 ) ) ;
#2581 = AXIS2_PLACEMENT_3D ( 'NONE', #1560, #715, #3632 ) ;
#2582 = CARTESIAN_POINT ( 'NONE',  ( -4.336808689942017700E-016, 5.000000000000000000, 21.99999999999999300 ) ) ;
#2583 = CARTESIAN_POINT ( 'NONE',  ( 23.99999999999999300, 41.49999999999998600, -105.0000000000000000 ) ) ;
#2584 = LINE ( 'NONE', #4464, #129 ) ;
#2585 = CARTESIAN_POINT ( 'NONE',  ( -38.00000000000000000, -29.00000000000000000, 0.0000000000000000000 ) ) ;
#2586 = VECTOR ( 'NONE', #2805, 1000.000000000000000 ) ;
#2587 = EDGE_CURVE ( 'NONE', #1708, #3686, #1445, .T. ) ;
#2588 = EDGE_CURVE ( 'NONE', #2031, #1934, #3331, .T. ) ;
#2589 = ADVANCED_FACE ( 'NONE', ( #4080, #758 ), #3215, .F. ) ;
#2590 = DIRECTION ( 'NONE',  ( 0.0000000000000000000, 0.0000000000000000000, -1.000000000000000000 ) ) ;
#2591 = CIRCLE ( 'NONE', #598, 5.000000000000000900 ) ;
#2592 = CARTESIAN_POINT ( 'NONE',  ( 26.64999999999998400, 38.49999999999999300, -105.0000000000000000 ) ) ;
#2593 = DIRECTION ( 'NONE',  ( 0.0000000000000000000, 0.0000000000000000000, 1.000000000000000000 ) ) ;
#2594 = FACE_OUTER_BOUND ( 'NONE', #540, .T. ) ;
#2595 = AXIS2_PLACEMENT_3D ( 'NONE', #2218, #1473, #1462 ) ;
#2596 = CARTESIAN_POINT ( 'NONE',  ( 2.500000000000002200, 6.359371162128721400, -132.6671736628173100 ) ) ;
#2597 = DIRECTION ( 'NONE',  ( 0.0000000000000000000, 0.0000000000000000000, -1.000000000000000000 ) ) ;
#2598 = VECTOR ( 'NONE', #3126, 1000.000000000000000 ) ;
#2599 = ORIENTED_EDGE ( 'NONE', *, *, #3015, .T. ) ;
#2600 = LINE ( 'NONE', #3709, #1058 ) ;
#2601 = AXIS2_PLACEMENT_3D ( 'NONE', #390, #2945, #3319 ) ;
#2602 = DIRECTION ( 'NONE',  ( -0.0000000000000000000, 1.000000000000000000, -0.0000000000000000000 ) ) ;
#2603 = CARTESIAN_POINT ( 'NONE',  ( 11.00000000000000700, 48.71259202696843000, -95.50000000000000000 ) ) ;
#2604 = PLANE ( 'NONE',  #4396 ) ;
#2605 = VERTEX_POINT ( 'NONE', #4651 ) ;
#2606 = ORIENTED_EDGE ( 'NONE', *, *, #2643, .F. ) ;
#2607 = AXIS2_PLACEMENT_3D ( 'NONE', #3194, #1010, #4379 ) ;
#2608 = ORIENTED_EDGE ( 'NONE', *, *, #3949, .F. ) ;
#2609 = DIRECTION ( 'NONE',  ( -1.000000000000000000, 0.0000000000000000000, 0.0000000000000000000 ) ) ;
#2610 = CARTESIAN_POINT ( 'NONE',  ( -21.49999999999999600, 44.99999999999999300, -90.50000000000000000 ) ) ;
#2611 = ORIENTED_EDGE ( 'NONE', *, *, #3683, .F. ) ;
#2612 = ORIENTED_EDGE ( 'NONE', *, *, #4022, .T. ) ;
#2613 = PERSON_AND_ORGANIZATION_ROLE ( 'design_supplier' ) ;
#2614 = DIRECTION ( 'NONE',  ( -0.0000000000000000000, -0.0000000000000000000, 1.000000000000000000 ) ) ;
#2615 = ORIENTED_EDGE ( 'NONE', *, *, #263, .T. ) ;
#2616 = EDGE_LOOP ( 'NONE', ( #4511, #217, #2347, #1548 ) ) ;
#2617 = CARTESIAN_POINT ( 'NONE',  ( 38.00000000000000000, 23.99999999999998900, -103.5000000000000000 ) ) ;
#2618 = AXIS2_PLACEMENT_3D ( 'NONE', #3873, #2761, #610 ) ;
#2619 = EDGE_CURVE ( 'NONE', #666, #2271, #1271, .T. ) ;
#2620 = ORIENTED_EDGE ( 'NONE', *, *, #3723, .T. ) ;
#2621 = EDGE_LOOP ( 'NONE', ( #3283, #949, #152, #2955 ) ) ;
#2622 = DIRECTION ( 'NONE',  ( -1.000000000000000000, 0.0000000000000000000, 0.0000000000000000000 ) ) ;
#2623 = FACE_OUTER_BOUND ( 'NONE', #1253, .T. ) ;
#2624 = DIRECTION ( 'NONE',  ( 0.0000000000000000000, 0.0000000000000000000, 1.000000000000000000 ) ) ;
#2625 = VECTOR ( 'NONE', #462, 1000.000000000000000 ) ;
#2626 = CARTESIAN_POINT ( 'NONE',  ( -2.500000000000000400, 6.538348415311010500, 24.49999999999999300 ) ) ;
#2627 = CIRCLE ( 'NONE', #2938, 3.500000000000003100 ) ;
#2628 = CARTESIAN_POINT ( 'NONE',  ( 43.00000000000000000, -29.00000000000000400, 0.0000000000000000000 ) ) ;
#2629 = FACE_OUTER_BOUND ( 'NONE', #204, .T. ) ;
#2630 = CIRCLE ( 'NONE', #574, 4.000000000000000900 ) ;
#2631 = CARTESIAN_POINT ( 'NONE',  ( 34.78999999999999900, 34.79000000000002800, 0.0000000000000000000 ) ) ;
#2632 = AXIS2_PLACEMENT_3D ( 'NONE', #4757, #2558, #1855 ) ;
#2633 = ADVANCED_FACE ( 'NONE', ( #1382 ), #3451, .T. ) ;
#2634 = FACE_OUTER_BOUND ( 'NONE', #3560, .T. ) ;
#2635 = CARTESIAN_POINT ( 'NONE',  ( 23.99999999999999600, -38.00000000000000700, -103.5000000000000000 ) ) ;
#2636 = FACE_OUTER_BOUND ( 'NONE', #3445, .T. ) ;
#2637 = CARTESIAN_POINT ( 'NONE',  ( -1.263676312620237300, 6.891657885839630500, 22.31850398566945500 ) ) ;
#2638 = TOROIDAL_SURFACE ( 'NONE', #1927, 6.500000000000000900, 1.500000000000000000 ) ;
#2639 = DIRECTION ( 'NONE',  ( 0.0000000000000000000, 1.000000000000000000, 0.0000000000000000000 ) ) ;
#2640 = PERSON_AND_ORGANIZATION_ROLE ( 'classification_officer' ) ;
#2641 = CARTESIAN_POINT ( 'NONE',  ( -38.50000000000000000, 24.49999999999998900, -105.0000000000000000 ) ) ;
#2642 = LINE ( 'NONE', #79, #4440 ) ;
#2643 = EDGE_CURVE ( 'NONE', #4326, #1708, #295, .T. ) ;
#2644 = VECTOR ( 'NONE', #778, 999.9999999999998900 ) ;
#2645 = EDGE_CURVE ( 'NONE', #840, #1953, #2121, .T. ) ;
#2646 = EDGE_CURVE ( 'NONE', #2605, #164, #3099, .T. ) ;
#2647 = EDGE_LOOP ( 'NONE', ( #2340, #1844, #2554, #1009, #1886, #3430, #2019, #3009, #334 ) ) ;
#2648 = CARTESIAN_POINT ( 'NONE',  ( 0.0000000000000000000, 0.0000000000000000000, -132.5000000000000000 ) ) ;
#2649 = CARTESIAN_POINT ( 'NONE',  ( 23.99999999999999300, 37.99999999999999300, 10.00000000000000000 ) ) ;
#2650 = LINE ( 'NONE', #850, #2533 ) ;
#2651 = DIRECTION ( 'NONE',  ( -1.000000000000000000, 0.0000000000000000000, 0.0000000000000000000 ) ) ;
#2652 = ORIENTED_EDGE ( 'NONE', *, *, #1549, .T. ) ;
#2653 = CARTESIAN_POINT ( 'NONE',  ( -0.7750564257454981600, 47.82163214108172900, -68.49999999999998600 ) ) ;
#2654 = CARTESIAN_POINT ( 'NONE',  ( -23.99999999999999600, -43.00000000000000000, 10.00000000000000000 ) ) ;
#2655 = ORIENTED_EDGE ( 'NONE', *, *, #139, .T. ) ;
#2656 = DIRECTION ( 'NONE',  ( 1.000000000000000000, 0.0000000000000000000, -0.0000000000000000000 ) ) ;
#2657 = CARTESIAN_POINT ( 'NONE',  ( 13.59958492358056100, 44.99999999999999300, -90.50000000000000000 ) ) ;
#2658 = AXIS2_PLACEMENT_3D ( 'NONE', #2734, #4270, #4646 ) ;
#2659 = DIRECTION ( 'NONE',  ( -0.0000000000000000000, -1.000000000000000000, 0.0000000000000000000 ) ) ;
#2660 = ORIENTED_EDGE ( 'NONE', *, *, #4622, .F. ) ;
#2661 = ORIENTED_EDGE ( 'NONE', *, *, #1642, .F. ) ;
#2662 = ADVANCED_FACE ( 'NONE', ( #1162 ), #3855, .F. ) ;
#2663 = CARTESIAN_POINT ( 'NONE',  ( 2.499999999999999600, 6.538348415311010500, 47.00000000000000000 ) ) ;
#2664 = VERTEX_POINT ( 'NONE', #1318 ) ;
#2665 = DIRECTION ( 'NONE',  ( 0.0000000000000000000, 0.0000000000000000000, -1.000000000000000000 ) ) ;
#2666 = VERTEX_POINT ( 'NONE', #2416 ) ;
#2667 = ORIENTED_EDGE ( 'NONE', *, *, #381, .F. ) ;
#2668 = EDGE_CURVE ( 'NONE', #852, #233, #3965, .T. ) ;
#2669 = ORIENTED_EDGE ( 'NONE', *, *, #3203, .F. ) ;
#2670 = EDGE_CURVE ( 'NONE', #1633, #3303, #4436, .T. ) ;
#2671 = CARTESIAN_POINT ( 'NONE',  ( -28.99999999999999600, 33.99999999999998600, 0.0000000000000000000 ) ) ;
#2672 = EDGE_LOOP ( 'NONE', ( #1277, #901, #45, #3607 ) ) ;
#2673 = VECTOR ( 'NONE', #2540, 1000.000000000000000 ) ;
#2674 = ADVANCED_FACE ( 'NONE', ( #181, #2525, #4497, #3508, #1559, #3388 ), #289, .T. ) ;
#2675 = EDGE_LOOP ( 'NONE', ( #3186, #3292, #2330, #563 ) ) ;
#2676 = ORIENTED_EDGE ( 'NONE', *, *, #1835, .F. ) ;
#2677 = AXIS2_PLACEMENT_3D ( 'NONE', #318, #13, #4719 ) ;
#2678 = FACE_OUTER_BOUND ( 'NONE', #998, .T. ) ;
#2679 = CIRCLE ( 'NONE', #4075, 7.000000000000000000 ) ;
#2680 = VERTEX_POINT ( 'NONE', #1693 ) ;
#2681 = EDGE_LOOP ( 'NONE', ( #1026, #306, #2044, #4681 ) ) ;
#2682 = CARTESIAN_POINT ( 'NONE',  ( 7.997924617902913100, 52.99999999999999300, 0.0000000000000000000 ) ) ;
#2683 = PLANE ( 'NONE',  #4225 ) ;
#2684 = FACE_OUTER_BOUND ( 'NONE', #3172, .T. ) ;
#2685 = ORIENTED_EDGE ( 'NONE', *, *, #4220, .T. ) ;
#2686 = CARTESIAN_POINT ( 'NONE',  ( -27.49999999999999600, 42.99999999999999300, -103.5000000000000000 ) ) ;
#2687 = FACE_OUTER_BOUND ( 'NONE', #3109, .T. ) ;
#2688 = AXIS2_PLACEMENT_3D ( 'NONE', #2336, #2593, #506 ) ;
#2689 = VECTOR ( 'NONE', #583, 1000.000000000000000 ) ;
#2690 = DIRECTION ( 'NONE',  ( 0.0000000000000000000, -1.000000000000000000, 0.0000000000000000000 ) ) ;
#2691 = VECTOR ( 'NONE', #4299, 1000.000000000000000 ) ;
#2692 = CARTESIAN_POINT ( 'NONE',  ( -38.00000000000000000, 28.99999999999998900, -103.5000000000000000 ) ) ;
#2693 = COORDINATED_UNIVERSAL_TIME_OFFSET ( 1, 0, .AHEAD. ) ;
#2694 = ADVANCED_FACE ( 'NONE', ( #3565 ), #2003, .F. ) ;
#2695 = CARTESIAN_POINT ( 'NONE',  ( 23.99999999999999600, -38.00000000000000700, -103.5000000000000000 ) ) ;
#2696 = ADVANCED_FACE ( 'NONE', ( #573 ), #69, .F. ) ;
#2697 = VECTOR ( 'NONE', #2386, 1000.000000000000000 ) ;
#2698 = CARTESIAN_POINT ( 'NONE',  ( 23.99999999999999600, -38.00000000000000700, 0.0000000000000000000 ) ) ;
#2699 = LINE ( 'NONE', #2469, #3761 ) ;
#2700 = EDGE_LOOP ( 'NONE', ( #958, #4007, #4754, #3777 ) ) ;
#2701 = CYLINDRICAL_SURFACE ( 'NONE', #2563, 1.500000000000001300 ) ;
#2702 = EDGE_CURVE ( 'NONE', #805, #3821, #2412, .T. ) ;
#2703 = EDGE_CURVE ( 'NONE', #3541, #3995, #4713, .T. ) ;
#2704 = VERTEX_POINT ( 'NONE', #3647 ) ;
#2705 = CARTESIAN_POINT ( 'NONE',  ( -28.99999999999999600, 33.99999999999998600, 0.0000000000000000000 ) ) ;
#2706 = ORIENTED_EDGE ( 'NONE', *, *, #3976, .F. ) ;
#2707 = DIRECTION ( 'NONE',  ( 1.000000000000000000, 0.0000000000000000000, 0.0000000000000000000 ) ) ;
#2708 = PRODUCT_DEFINITION ( 'UNKNOWN', '', #3136, #182 ) ;
#2709 = DIRECTION ( 'NONE',  ( -0.0000000000000000000, -0.0000000000000000000, -1.000000000000000000 ) ) ;
#2710 = ORIENTED_EDGE ( 'NONE', *, *, #27, .T. ) ;
#2711 = DIRECTION ( 'NONE',  ( -0.0000000000000000000, -1.000000000000000000, -0.0000000000000000000 ) ) ;
#2712 = EDGE_CURVE ( 'NONE', #2664, #451, #3745, .T. ) ;
#2713 = ORIENTED_EDGE ( 'NONE', *, *, #757, .F. ) ;
#2714 = ORIENTED_EDGE ( 'NONE', *, *, #4206, .F. ) ;
#2715 = DIRECTION ( 'NONE',  ( 0.0000000000000000000, 0.0000000000000000000, -1.000000000000000000 ) ) ;
#2716 = ORIENTED_EDGE ( 'NONE', *, *, #3138, .T. ) ;
#2717 = ORIENTED_EDGE ( 'NONE', *, *, #4100, .F. ) ;
#2718 = CARTESIAN_POINT ( 'NONE',  ( 0.0000000000000000000, 0.0000000000000000000, 6.600000000000000500 ) ) ;
#2719 = DIRECTION ( 'NONE',  ( -0.0000000000000000000, -0.0000000000000000000, -1.000000000000000000 ) ) ;
#2720 = CARTESIAN_POINT ( 'NONE',  ( 2.500000000000002200, 5.000000000000000000, -108.0000000000000000 ) ) ;
#2721 = CARTESIAN_POINT ( 'NONE',  ( 0.0000000000000000000, 0.0000000000000000000, 47.00000000000000000 ) ) ;
#2722 = VERTEX_POINT ( 'NONE', #4380 ) ;
#2723 = VERTEX_POINT ( 'NONE', #663 ) ;
#2724 = CIRCLE ( 'NONE', #3489, 1.250000000000001100 ) ;
#2725 = CYLINDRICAL_SURFACE ( 'NONE', #957, 2.499999999999998700 ) ;
#2726 = EDGE_CURVE ( 'NONE', #164, #2605, #631, .T. ) ;
#2727 = DIRECTION ( 'NONE',  ( 0.0000000000000000000, 0.0000000000000000000, -1.000000000000000000 ) ) ;
#2728 = EDGE_CURVE ( 'NONE', #1093, #1826, #1850, .T. ) ;
#2729 = ORIENTED_EDGE ( 'NONE', *, *, #2160, .T. ) ;
#2730 = LINE ( 'NONE', #895, #1550 ) ;
#2731 = LINE ( 'NONE', #2422, #1717 ) ;
#2732 = TOROIDAL_SURFACE ( 'NONE', #482, 3.500000000000000000, 1.500000000000000000 ) ;
#2733 = CARTESIAN_POINT ( 'NONE',  ( 27.49999999999999600, 33.99999999999998600, -105.0000000000000000 ) ) ;
#2734 = CARTESIAN_POINT ( 'NONE',  ( -21.49999999999999600, 44.99999999999999300, -95.50000000000000000 ) ) ;
#2735 = AXIS2_PLACEMENT_3D ( 'NONE', #3384, #4515, #3450 ) ;
#2736 = FACE_BOUND ( 'NONE', #2333, .T. ) ;
#2737 = CARTESIAN_POINT ( 'NONE',  ( 33.99999999999999300, 28.99999999999998900, 0.0000000000000000000 ) ) ;
#2738 = CARTESIAN_POINT ( 'NONE',  ( 2.168404344971008900E-015, 5.000000000000000000, -108.0000000000000000 ) ) ;
#2739 = AXIS2_PLACEMENT_3D ( 'NONE', #3055, #3399, #4102 ) ;
#2740 = DIRECTION ( 'NONE',  ( 0.0000000000000000000, 0.0000000000000000000, 1.000000000000000000 ) ) ;
#2741 = CARTESIAN_POINT ( 'NONE',  ( 38.50000000000000000, -24.50000000000000400, -94.89999999999999100 ) ) ;
#2742 = VECTOR ( 'NONE', #2036, 1000.000000000000000 ) ;
#2743 = CARTESIAN_POINT ( 'NONE',  ( 34.78999999999999900, 34.79000000000002800, 0.0000000000000000000 ) ) ;
#2744 = CARTESIAN_POINT ( 'NONE',  ( 0.0000000000000000000, 47.82163214108173600, -73.50000000000000000 ) ) ;
#2745 = CIRCLE ( 'NONE', #4079, 5.000000000000000900 ) ;
#2746 = AXIS2_PLACEMENT_3D ( 'NONE', #2414, #3874, #2763 ) ;
#2747 = LOCAL_TIME ( 10, 55, 9.000000000000000000, #3165 ) ;
#2748 = VECTOR ( 'NONE', #95, 1000.000000000000000 ) ;
#2749 = DIRECTION ( 'NONE',  ( 0.0000000000000000000, -0.0000000000000000000, -1.000000000000000000 ) ) ;
#2750 = FACE_BOUND ( 'NONE', #288, .T. ) ;
#2751 = FACE_OUTER_BOUND ( 'NONE', #2215, .T. ) ;
#2752 = CARTESIAN_POINT ( 'NONE',  ( -7.997924617902913100, 52.99999999999999300, -90.50000000000000000 ) ) ;
#2753 = ORIENTED_EDGE ( 'NONE', *, *, #2432, .F. ) ;
#2754 = CARTESIAN_POINT ( 'NONE',  ( -26.00000000000005700, 3.184081677783124900E-015, 11.60000000000000100 ) ) ;
#2755 = VECTOR ( 'NONE', #4447, 1000.000000000000000 ) ;
#2756 = EDGE_CURVE ( 'NONE', #39, #4052, #3962, .T. ) ;
#2757 = CARTESIAN_POINT ( 'NONE',  ( -15.00000000000000000, 45.99999999999998600, -103.5000000000000000 ) ) ;
#2758 = ORIENTED_EDGE ( 'NONE', *, *, #4069, .T. ) ;
#2759 = ORIENTED_EDGE ( 'NONE', *, *, #4451, .T. ) ;
#2760 = ADVANCED_FACE ( 'NONE', ( #2687 ), #3804, .F. ) ;
#2761 = DIRECTION ( 'NONE',  ( -0.0000000000000000000, -0.0000000000000000000, -1.000000000000000000 ) ) ;
#2762 = CARTESIAN_POINT ( 'NONE',  ( 0.0000000000000000000, 45.79657571533623200, -68.49999999999998600 ) ) ;
#2763 = DIRECTION ( 'NONE',  ( 1.000000000000000000, 0.0000000000000000000, 0.0000000000000000000 ) ) ;
#2764 = DIRECTION ( 'NONE',  ( -1.000000000000000000, 0.0000000000000000000, 0.0000000000000000000 ) ) ;
#2765 = ORIENTED_EDGE ( 'NONE', *, *, #3104, .T. ) ;
#2766 = CARTESIAN_POINT ( 'NONE',  ( 40.64999999999992800, -24.50000000000000400, -105.0000000000000000 ) ) ;
#2767 = ORIENTED_EDGE ( 'NONE', *, *, #3122, .T. ) ;
#2768 = ADVANCED_FACE ( 'NONE', ( #3327 ), #1218, .T. ) ;
#2769 = EDGE_CURVE ( 'NONE', #1015, #386, #3850, .T. ) ;
#2770 = ORIENTED_EDGE ( 'NONE', *, *, #261, .F. ) ;
#2771 = VERTEX_POINT ( 'NONE', #1109 ) ;
#2772 = ORIENTED_EDGE ( 'NONE', *, *, #1246, .F. ) ;
#2773 = CARTESIAN_POINT ( 'NONE',  ( 1.250000000000000400, 49.84668856682723300, -68.49999999999998600 ) ) ;
#2774 = ORIENTED_EDGE ( 'NONE', *, *, #1274, .F. ) ;
#2775 = ORIENTED_EDGE ( 'NONE', *, *, #2156, .F. ) ;
#2776 = CARTESIAN_POINT ( 'NONE',  ( 6.500000000000005300, 0.0000000000000000000, -133.0000000000000000 ) ) ;
#2777 = VERTEX_POINT ( 'NONE', #4369 ) ;
#2778 = LINE ( 'NONE', #3057, #2043 ) ;
#2779 = CARTESIAN_POINT ( 'NONE',  ( -37.00000000000000000, 42.99999999999999300, 10.00000000000000000 ) ) ;
#2780 = ORIENTED_EDGE ( 'NONE', *, *, #714, .F. ) ;
#2781 = ADVANCED_FACE ( 'NONE', ( #4020, #4596, #871, #3907, #2736, #3630 ), #1851, .F. ) ;
#2782 = VERTEX_POINT ( 'NONE', #2526 ) ;
#2783 = VERTEX_POINT ( 'NONE', #2179 ) ;
#2784 = DIRECTION ( 'NONE',  ( -1.000000000000000000, -0.0000000000000000000, -0.0000000000000000000 ) ) ;
#2785 = DIRECTION ( 'NONE',  ( -0.0000000000000000000, -0.0000000000000000000, 1.000000000000000000 ) ) ;
#2786 = FACE_OUTER_BOUND ( 'NONE', #3360, .T. ) ;
#2787 = DIRECTION ( 'NONE',  ( 0.0000000000000000000, 0.0000000000000000000, 1.000000000000000000 ) ) ;
#2788 = FACE_BOUND ( 'NONE', #3438, .T. ) ;
#2789 = B_SPLINE_CURVE_WITH_KNOTS ( 'NONE', 3,
 ( #3169, #2807, #618, #2460, #4666, #290, #1763, #2819, #635, #1408, #2074, #2834, #3198, #3181, #3595, #983 ),
 .UNSPECIFIED., .F., .F.,
 ( 4, 2, 2, 2, 2, 2, 2, 4 ),
 ( 0.0000000000000000000, 0.0004922798488377097400, 0.0009845596976754194700, 0.001476839546513129200, 0.001969119395350838900, 0.002953679093026258900, 0.003445958941863960800, 0.003938238790701662300 ),
 .UNSPECIFIED. ) ;
#2790 = PRODUCT_RELATED_PRODUCT_CATEGORY ( 'detail', '', ( #4418 ) ) ;
#2791 = EDGE_CURVE ( 'NONE', #2901, #790, #4078, .T. ) ;
#2792 = DIRECTION ( 'NONE',  ( -1.000000000000000000, 0.0000000000000000000, 0.0000000000000000000 ) ) ;
#2793 = LINE ( 'NONE', #3629, #2521 ) ;
#2794 = CARTESIAN_POINT ( 'NONE',  ( -36.85000000000000100, 24.49999999999998900, -105.0000000000000000 ) ) ;
#2795 = ADVANCED_FACE ( 'NONE', ( #4654 ), #1790, .T. ) ;
#2796 = EDGE_CURVE ( 'NONE', #3407, #4673, #2925, .T. ) ;
#2797 = ORIENTED_EDGE ( 'NONE', *, *, #2432, .T. ) ;
#2798 = DIRECTION ( 'NONE',  ( -1.000000000000000000, 0.0000000000000000000, 0.0000000000000000000 ) ) ;
#2799 = ORIENTED_EDGE ( 'NONE', *, *, #4246, .T. ) ;
#2800 = VECTOR ( 'NONE', #4283, 1000.000000000000100 ) ;
#2801 = DIRECTION ( 'NONE',  ( 0.0000000000000000000, 0.0000000000000000000, 1.000000000000000000 ) ) ;
#2802 = AXIS2_PLACEMENT_3D ( 'NONE', #3330, #817, #1506 ) ;
#2803 = CARTESIAN_POINT ( 'NONE',  ( 24.49999999999999600, 38.49999999999999300, -104.4999999999999900 ) ) ;
#2804 = LINE ( 'NONE', #4076, #3809 ) ;
#2805 = DIRECTION ( 'NONE',  ( -0.7071067811865279200, 0.0000000000000000000, -0.7071067811865671100 ) ) ;
#2806 = AXIS2_PLACEMENT_3D ( 'NONE', #1380, #4334, #2127 ) ;
#2807 = CARTESIAN_POINT ( 'NONE',  ( 2.500000000000002200, 6.538348415311009600, -110.3334247731745600 ) ) ;
#2808 = VECTOR ( 'NONE', #830, 1000.000000000000000 ) ;
#2809 = DIRECTION ( 'NONE',  ( 1.040834085586083300E-014, -1.000000000000000000, 0.0000000000000000000 ) ) ;
#2810 = COORDINATED_UNIVERSAL_TIME_OFFSET ( 1, 0, .AHEAD. ) ;
#2811 = CARTESIAN_POINT ( 'NONE',  ( -1.255945787636616900, 6.887791082098758000, -108.3322526027393300 ) ) ;
#2812 = AXIS2_PLACEMENT_3D ( 'NONE', #2174, #2539, #350 ) ;
#2813 = TOROIDAL_SURFACE ( 'NONE', #3728, 6.500000000000000900, 1.500000000000000000 ) ;
#2814 = DIRECTION ( 'NONE',  ( -0.0000000000000000000, -0.0000000000000000000, 1.000000000000000000 ) ) ;
#2815 = DIRECTION ( 'NONE',  ( -0.0000000000000000000, -0.0000000000000000000, -1.000000000000000000 ) ) ;
#2816 = ORIENTED_EDGE ( 'NONE', *, *, #554, .T. ) ;
#2817 = EDGE_LOOP ( 'NONE', ( #1441, #1807, #1592, #3195 ) ) ;
#2818 = EDGE_LOOP ( 'NONE', ( #1597, #265, #1003, #3022, #1430, #3424, #2492, #3521 ) ) ;
#2819 = CARTESIAN_POINT ( 'NONE',  ( 1.986930464147632600, 6.712756531240945200, -108.9740219885560600 ) ) ;
#2820 = EDGE_CURVE ( 'NONE', #3592, #216, #2584, .T. ) ;
#2821 = EDGE_CURVE ( 'NONE', #279, #1653, #3156, .T. ) ;
#2822 = VERTEX_POINT ( 'NONE', #4411 ) ;
#2823 = DIRECTION ( 'NONE',  ( -0.8571673007021114500, 0.0000000000000000000, -0.5150380749100556000 ) ) ;
#2824 = CARTESIAN_POINT ( 'NONE',  ( -1.526594349609042400, 6.832903885162080500, -108.5135362345227300 ) ) ;
#2825 = AXIS2_PLACEMENT_3D ( 'NONE', #1111, #4412, #1490 ) ;
#2826 = DIRECTION ( 'NONE',  ( -1.000000000000000000, 0.0000000000000000000, 0.0000000000000000000 ) ) ;
#2827 = CARTESIAN_POINT ( 'NONE',  ( 0.0000000000000000000, 5.000000000000000000, 0.0000000000000000000 ) ) ;
#2828 = CARTESIAN_POINT ( 'NONE',  ( 0.0000000000000000000, 0.0000000000000000000, 47.00000000000000000 ) ) ;
#2829 = AXIS2_PLACEMENT_3D ( 'NONE', #448, #2624, #1575 ) ;
#2830 = ORIENTED_EDGE ( 'NONE', *, *, #1765, .T. ) ;
#2831 = ORIENTED_EDGE ( 'NONE', *, *, #3772, .T. ) ;
#2832 = CARTESIAN_POINT ( 'NONE',  ( 43.00000000000000000, -43.00000000000000000, 0.0000000000000000000 ) ) ;
#2833 = DIRECTION ( 'NONE',  ( 0.0000000000000000000, 0.0000000000000000000, -1.000000000000000000 ) ) ;
#2834 = CARTESIAN_POINT ( 'NONE',  ( 0.8134603077133958400, 6.954224535302846500, -108.1304572173773600 ) ) ;
#2835 = CARTESIAN_POINT ( 'NONE',  ( -43.00000000000000000, 27.49999999999998900, -103.5000000000000000 ) ) ;
#2836 = ORIENTED_EDGE ( 'NONE', *, *, #757, .T. ) ;
#2837 = ORIENTED_EDGE ( 'NONE', *, *, #1918, .F. ) ;
#2838 = AXIS2_PLACEMENT_3D ( 'NONE', #1789, #3199, #1376 ) ;
#2839 = ORIENTED_EDGE ( 'NONE', *, *, #944, .F. ) ;
#2840 = CARTESIAN_POINT ( 'NONE',  ( -6.500000000000005300, 7.960204194457803400E-016, -133.0000000000000000 ) ) ;
#2841 = ORIENTED_EDGE ( 'NONE', *, *, #3712, .T. ) ;
#2842 = LINE ( 'NONE', #3960, #913 ) ;
#2843 = CARTESIAN_POINT ( 'NONE',  ( -38.50000000000000000, 24.49999999999998900, -104.4999999999999900 ) ) ;
#2844 = TOROIDAL_SURFACE ( 'NONE', #2607, 3.500000000000000000, 1.500000000000000000 ) ;
#2845 = CARTESIAN_POINT ( 'NONE',  ( 38.00000000000000000, -29.00000000000000400, 0.0000000000000000000 ) ) ;
#2846 = CARTESIAN_POINT ( 'NONE',  ( 8.500000000000005300, 44.99999999999999300, -93.00000000000000000 ) ) ;
#2847 = ADVANCED_FACE ( 'NONE', ( #985 ), #2352, .T. ) ;
#2848 = ORIENTED_EDGE ( 'NONE', *, *, #716, .T. ) ;
#2849 = EDGE_CURVE ( 'NONE', #3308, #723, #1042, .T. ) ;
#2850 = CONICAL_SURFACE ( 'NONE', #3183, 1.649999999999998600, 1.029744258676653600 ) ;
#2851 = VECTOR ( 'NONE', #3221, 1000.000000000000000 ) ;
#2852 = DIRECTION ( 'NONE',  ( -0.0000000000000000000, -1.000000000000000000, -0.0000000000000000000 ) ) ;
#2853 = FACE_OUTER_BOUND ( 'NONE', #1694, .T. ) ;
#2854 = DIRECTION ( 'NONE',  ( -1.000000000000000000, 0.0000000000000000000, 0.0000000000000000000 ) ) ;
#2855 = VECTOR ( 'NONE', #38, 1000.000000000000000 ) ;
#2856 = AXIS2_PLACEMENT_3D ( 'NONE', #4739, #2140, #2868 ) ;
#2857 = CARTESIAN_POINT ( 'NONE',  ( -40.14999999999999900, 24.49999999999998900, -94.89999999999999100 ) ) ;
#2858 = EDGE_CURVE ( 'NONE', #786, #3125, #292, .T. ) ;
#2859 = EDGE_CURVE ( 'NONE', #4111, #2901, #1103, .T. ) ;
#2860 = CARTESIAN_POINT ( 'NONE',  ( 0.0000000000000000000, 0.0000000000000000000, 0.0000000000000000000 ) ) ;
#2861 = DIRECTION ( 'NONE',  ( 0.0000000000000000000, 0.0000000000000000000, 1.000000000000000000 ) ) ;
#2862 = VECTOR ( 'NONE', #3512, 1000.000000000000000 ) ;
#2863 = CARTESIAN_POINT ( 'NONE',  ( 0.7750564257454981600, 47.82163214108175000, -68.49999999999998600 ) ) ;
#2864 = CARTESIAN_POINT ( 'NONE',  ( 38.00000000000000000, -27.50000000000000400, -105.0000000000000000 ) ) ;
#2865 = FACE_OUTER_BOUND ( 'NONE', #196, .T. ) ;
#2866 = AXIS2_PLACEMENT_3D ( 'NONE', #2828, #1043, #3590 ) ;
#2867 = DIRECTION ( 'NONE',  ( 0.0000000000000000000, 0.0000000000000000000, 1.000000000000000000 ) ) ;
#2868 = DIRECTION ( 'NONE',  ( 0.0000000000000000000, 0.0000000000000000000, 1.000000000000000000 ) ) ;
#2869 = LINE ( 'NONE', #368, #3338 ) ;
#2870 = EDGE_CURVE ( 'NONE', #790, #4594, #3691, .T. ) ;
#2871 = CARTESIAN_POINT ( 'NONE',  ( 43.00000000000000000, -27.50000000000000400, -103.5000000000000000 ) ) ;
#2872 = LINE ( 'NONE', #2585, #1806 ) ;
#2873 = ORIENTED_EDGE ( 'NONE', *, *, #336, .F. ) ;
#2874 = VECTOR ( 'NONE', #15, 1000.000000000000000 ) ;
#2875 = CARTESIAN_POINT ( 'NONE',  ( -43.00000000000000000, -27.49999999999999600, -103.5000000000000000 ) ) ;
#2876 = DIRECTION ( 'NONE',  ( -1.000000000000000000, 0.0000000000000000000, 0.0000000000000000000 ) ) ;
#2877 = ORIENTED_EDGE ( 'NONE', *, *, #3048, .F. ) ;
#2878 = CARTESIAN_POINT ( 'NONE',  ( 40.14999999999999900, -24.50000000000000400, -104.5000000000000400 ) ) ;
#2879 = DIRECTION ( 'NONE',  ( -1.000000000000000000, 0.0000000000000000000, 0.0000000000000000000 ) ) ;
#2880 = DIRECTION ( 'NONE',  ( -1.000000000000000000, 0.0000000000000000000, 0.0000000000000000000 ) ) ;
#2881 = ORIENTED_EDGE ( 'NONE', *, *, #4351, .F. ) ;
#2882 = DIRECTION ( 'NONE',  ( 0.0000000000000000000, 0.0000000000000000000, -1.000000000000000000 ) ) ;
#2883 = CARTESIAN_POINT ( 'NONE',  ( 0.0000000000000000000, 0.0000000000000000000, 10.00000000000000000 ) ) ;
#2884 = DIRECTION ( 'NONE',  ( -1.000000000000000000, 0.0000000000000000000, 0.0000000000000000000 ) ) ;
#2885 = DIRECTION ( 'NONE',  ( -1.000000000000000000, 0.0000000000000000000, 0.0000000000000000000 ) ) ;
#2886 = EDGE_CURVE ( 'NONE', #1640, #428, #3211, .T. ) ;
#2887 = EDGE_CURVE ( 'NONE', #2782, #1653, #1269, .T. ) ;
#2888 = EDGE_CURVE ( 'NONE', #1015, #171, #3042, .T. ) ;
#2889 = DIRECTION ( 'NONE',  ( -1.000000000000000000, 0.0000000000000000000, 0.0000000000000000000 ) ) ;
#2890 = ORIENTED_EDGE ( 'NONE', *, *, #176, .T. ) ;
#2891 = DIRECTION ( 'NONE',  ( 0.0000000000000000000, -1.000000000000000000, 0.0000000000000000000 ) ) ;
#2892 = CARTESIAN_POINT ( 'NONE',  ( -9.000000000000000000, 1.102182119232617700E-015, 6.600000000000000500 ) ) ;
#2893 = EDGE_LOOP ( 'NONE', ( #91, #276, #4278, #2165 ) ) ;
#2894 = DIRECTION ( 'NONE',  ( 5.551115123125778000E-015, 0.0000000000000000000, -1.000000000000000000 ) ) ;
#2895 = AXIS2_PLACEMENT_3D ( 'NONE', #4165, #2355, #162 ) ;
#2896 = ORIENTED_EDGE ( 'NONE', *, *, #50, .T. ) ;
#2897 = DIRECTION ( 'NONE',  ( -0.0000000000000000000, -0.0000000000000000000, -1.000000000000000000 ) ) ;
#2898 = VERTEX_POINT ( 'NONE', #383 ) ;
#2899 = ORIENTED_EDGE ( 'NONE', *, *, #356, .T. ) ;
#2900 = AXIS2_PLACEMENT_3D ( 'NONE', #2359, #2727, #529 ) ;
#2901 = VERTEX_POINT ( 'NONE', #1325 ) ;
#2902 = CARTESIAN_POINT ( 'NONE',  ( 34.79000000000002000, -34.78999999999997100, 10.00000000000000000 ) ) ;
#2903 = VERTEX_POINT ( 'NONE', #1263 ) ;
#2904 = ORIENTED_EDGE ( 'NONE', *, *, #908, .F. ) ;
#2905 = ORIENTED_EDGE ( 'NONE', *, *, #4093, .F. ) ;
#2906 = DIRECTION ( 'NONE',  ( -1.000000000000000000, 0.0000000000000000000, 0.0000000000000000000 ) ) ;
#2907 = DIRECTION ( 'NONE',  ( -0.0000000000000000000, -0.0000000000000000000, -1.000000000000000000 ) ) ;
#2908 = LINE ( 'NONE', #3539, #1083 ) ;
#2909 = LINE ( 'NONE', #4575, #496 ) ;
#2910 = EDGE_LOOP ( 'NONE', ( #4676, #3982, #3190 ) ) ;
#2911 = DIRECTION ( 'NONE',  ( -0.0000000000000000000, -0.0000000000000000000, 1.000000000000000000 ) ) ;
#2912 = VECTOR ( 'NONE', #4489, 1000.000000000000000 ) ;
#2913 = DIRECTION ( 'NONE',  ( 0.0000000000000000000, 0.0000000000000000000, 1.000000000000000000 ) ) ;
#2914 = VECTOR ( 'NONE', #2297, 1000.000000000000000 ) ;
#2915 = DIRECTION ( 'NONE',  ( -0.0000000000000000000, -0.0000000000000000000, 1.000000000000000000 ) ) ;
#2916 = CONICAL_SURFACE ( 'NONE', #3528, 1.649999999999998600, 0.7853981633974206300 ) ;
#2917 = CARTESIAN_POINT ( 'NONE',  ( 43.00000000000000000, -37.00000000000000700, 10.00000000000000000 ) ) ;
#2918 = VERTEX_POINT ( 'NONE', #3921 ) ;
#2919 = FACE_OUTER_BOUND ( 'NONE', #1089, .T. ) ;
#2920 = VERTEX_POINT ( 'NONE', #1740 ) ;
#2921 = DIRECTION ( 'NONE',  ( -0.7071067811865279200, 0.0000000000000000000, -0.7071067811865671100 ) ) ;
#2922 = EDGE_CURVE ( 'NONE', #171, #2341, #178, .T. ) ;
#2923 = CARTESIAN_POINT ( 'NONE',  ( -23.99999999999999600, -38.00000000000000700, -105.0000000000000000 ) ) ;
#2924 = EDGE_CURVE ( 'NONE', #1923, #275, #3095, .T. ) ;
#2925 = LINE ( 'NONE', #4432, #809 ) ;
#2926 = CARTESIAN_POINT ( 'NONE',  ( -28.99999999999999600, -38.00000000000000700, -103.5000000000000000 ) ) ;
#2927 = CARTESIAN_POINT ( 'NONE',  ( 8.500000000000005300, 52.28296204382373700, -93.00000000000000000 ) ) ;
#2928 = CIRCLE ( 'NONE', #4324, 1.649999999999998600 ) ;
#2929 = AXIS2_PLACEMENT_3D ( 'NONE', #2883, #302, #700 ) ;
#2930 = DIRECTION ( 'NONE',  ( 0.0000000000000000000, -1.000000000000000000, 0.0000000000000000000 ) ) ;
#2931 = DIRECTION ( 'NONE',  ( 1.000000000000000000, 0.0000000000000000000, 0.0000000000000000000 ) ) ;
#2932 = FACE_OUTER_BOUND ( 'NONE', #1328, .T. ) ;
#2933 = DIRECTION ( 'NONE',  ( -1.000000000000000000, -0.0000000000000000000, -0.0000000000000000000 ) ) ;
#2934 = DIRECTION ( 'NONE',  ( 1.000000000000000000, 0.0000000000000000000, 0.0000000000000000000 ) ) ;
#2935 = FACE_OUTER_BOUND ( 'NONE', #2960, .T. ) ;
#2936 = DIRECTION ( 'NONE',  ( 1.000000000000000000, 0.0000000000000000000, 0.0000000000000000000 ) ) ;
#2937 = CARTESIAN_POINT ( 'NONE',  ( -4.336808689942017700E-016, 7.000000000000000000, 21.99999999999999300 ) ) ;
#2938 = AXIS2_PLACEMENT_3D ( 'NONE', #243, #984, #3596 ) ;
#2939 = ORIENTED_EDGE ( 'NONE', *, *, #1075, .T. ) ;
#2940 = DIRECTION ( 'NONE',  ( -1.000000000000000000, 0.0000000000000000000, 0.0000000000000000000 ) ) ;
#2941 = CARTESIAN_POINT ( 'NONE',  ( -24.49999999999999600, -38.50000000000000700, -104.5000000000000400 ) ) ;
#2942 = ORIENTED_EDGE ( 'NONE', *, *, #4310, .F. ) ;
#2943 = VERTEX_POINT ( 'NONE', #1370 ) ;
#2944 = DIRECTION ( 'NONE',  ( -0.0000000000000000000, -0.0000000000000000000, -1.000000000000000000 ) ) ;
#2945 = DIRECTION ( 'NONE',  ( 0.0000000000000000000, 0.0000000000000000000, 1.000000000000000000 ) ) ;
#2946 = CARTESIAN_POINT ( 'NONE',  ( -2.500000000000000400, 6.000000000000002700, 47.00000000000000700 ) ) ;
#2947 = ORIENTED_EDGE ( 'NONE', *, *, #2668, .F. ) ;
#2948 = DIRECTION ( 'NONE',  ( 1.000000000000000000, -1.387778780781446500E-015, 0.0000000000000000000 ) ) ;
#2949 = VERTEX_POINT ( 'NONE', #2454 ) ;
#2950 = ORIENTED_EDGE ( 'NONE', *, *, #1397, .T. ) ;
#2951 = CARTESIAN_POINT ( 'NONE',  ( -4.000000000000000900, 47.82163214108173600, -73.50000000000000000 ) ) ;
#2952 = DIRECTION ( 'NONE',  ( -0.0000000000000000000, -0.0000000000000000000, -1.000000000000000000 ) ) ;
#2953 = ORIENTED_EDGE ( 'NONE', *, *, #716, .F. ) ;
#2954 = EDGE_CURVE ( 'NONE', #2519, #500, #238, .T. ) ;
#2955 = ORIENTED_EDGE ( 'NONE', *, *, #4156, .F. ) ;
#2956 = EDGE_CURVE ( 'NONE', #2722, #4044, #1901, .T. ) ;
#2957 = EDGE_CURVE ( 'NONE', #4038, #4576, #2060, .T. ) ;
#2958 = EDGE_LOOP ( 'NONE', ( #1138, #978, #3605, #1495 ) ) ;
#2959 = CARTESIAN_POINT ( 'NONE',  ( -27.49999999999999600, 37.99999999999999300, -103.5000000000000000 ) ) ;
#2960 = EDGE_LOOP ( 'NONE', ( #2775, #2390, #1333, #427 ) ) ;
#2961 = CARTESIAN_POINT ( 'NONE',  ( -1.540029376274097500, 6.832569802792397300, 22.50433621854328300 ) ) ;
#2962 = DIRECTION ( 'NONE',  ( 1.000000000000000000, 0.0000000000000000000, 0.0000000000000000000 ) ) ;
#2963 = EDGE_LOOP ( 'NONE', ( #1137, #2950, #1293, #151, #3132, #4296, #1337, #1892 ) ) ;
#2964 = AXIS2_PLACEMENT_3D ( 'NONE', #1076, #2907, #718 ) ;
#2965 = PLANE ( 'NONE',  #564 ) ;
#2966 = ORIENTED_EDGE ( 'NONE', *, *, #879, .F. ) ;
#2967 = CARTESIAN_POINT ( 'NONE',  ( -33.99999999999999300, -29.00000000000000000, -103.5000000000000000 ) ) ;
#2968 = CARTESIAN_POINT ( 'NONE',  ( -7.000000000000000000, 8.572527594031473200E-016, -99.99999999999998600 ) ) ;
#2969 = ORIENTED_EDGE ( 'NONE', *, *, #847, .F. ) ;
#2970 = EDGE_CURVE ( 'NONE', #3226, #3779, #2186, .T. ) ;
#2971 = VECTOR ( 'NONE', #1280, 1000.000000000000000 ) ;
#2972 = CONICAL_SURFACE ( 'NONE', #459, 25.71787683086650800, 0.1745329251994364200 ) ;
#2973 = ADVANCED_FACE ( 'NONE', ( #753 ), #2468, .F. ) ;
#2974 = ADVANCED_FACE ( 'NONE', ( #4544 ), #1499, .F. ) ;
#2975 = VERTEX_POINT ( 'NONE', #4255 ) ;
#2976 = DIRECTION ( 'NONE',  ( -0.0000000000000000000, -0.0000000000000000000, 1.000000000000000000 ) ) ;
#2977 = CARTESIAN_POINT ( 'NONE',  ( 43.00000000000000000, -24.00000000000001100, 0.0000000000000000000 ) ) ;
#2978 = CYLINDRICAL_SURFACE ( 'NONE', #2838, 5.999999999999998200 ) ;
#2979 = CIRCLE ( 'NONE', #2288, 5.000000000000000900 ) ;
#2980 = CYLINDRICAL_SURFACE ( 'NONE', #2206, 1.500000000000001300 ) ;
#2981 = AXIS2_PLACEMENT_3D ( 'NONE', #2529, #2244, #388 ) ;
#2982 = PLANE ( 'NONE',  #1175 ) ;
#2983 = CARTESIAN_POINT ( 'NONE',  ( 43.00000000000000000, -43.00000000000000000, 10.00000000000000000 ) ) ;
#2984 = CARTESIAN_POINT ( 'NONE',  ( -0.3308101903967350400, 6.994064620083992900, 22.01648027394657300 ) ) ;
#2985 = VECTOR ( 'NONE', #1489, 1000.000000000000000 ) ;
#2986 = CARTESIAN_POINT ( 'NONE',  ( 11.00000000000000700, 44.99999999999999300, -93.00000000000000000 ) ) ;
#2987 = APPROVAL_ROLE ( '' ) ;
#2988 = VECTOR ( 'NONE', #1011, 1000.000000000000000 ) ;
#2989 = DIRECTION ( 'NONE',  ( 0.0000000000000000000, 0.0000000000000000000, 1.000000000000000000 ) ) ;
#2990 = EDGE_CURVE ( 'NONE', #903, #2537, #3448, .T. ) ;
#2991 = EDGE_CURVE ( 'NONE', #535, #2448, #3558, .T. ) ;
#2992 = VECTOR ( 'NONE', #2408, 1000.000000000000000 ) ;
#2993 = CARTESIAN_POINT ( 'NONE',  ( 0.0000000000000000000, 0.0000000000000000000, 6.600000000000000500 ) ) ;
#2994 = FACE_OUTER_BOUND ( 'NONE', #3648, .T. ) ;
#2995 = AXIS2_PLACEMENT_3D ( 'NONE', #2368, #3464, #227 ) ;
#2996 = DIRECTION ( 'NONE',  ( 0.0000000000000000000, 0.0000000000000000000, 1.000000000000000000 ) ) ;
#2997 = DIRECTION ( 'NONE',  ( -1.000000000000000000, 0.0000000000000000000, 0.0000000000000000000 ) ) ;
#2998 = LINE ( 'NONE', #3693, #81 ) ;
#2999 = ADVANCED_FACE ( 'NONE', ( #1620 ), #4540, .T. ) ;
#3000 = ORIENTED_EDGE ( 'NONE', *, *, #1326, .F. ) ;
#3001 = FACE_OUTER_BOUND ( 'NONE', #661, .T. ) ;
#3002 = AXIS2_PLACEMENT_3D ( 'NONE', #4117, #1925, #3103 ) ;
#3003 = CARTESIAN_POINT ( 'NONE',  ( -41.49999999999999300, 23.99999999999998600, -103.5000000000000000 ) ) ;
#3004 = DIRECTION ( 'NONE',  ( 0.0000000000000000000, 0.0000000000000000000, 1.000000000000000000 ) ) ;
#3005 = ORIENTED_EDGE ( 'NONE', *, *, #3807, .F. ) ;
#3006 = AXIS2_PLACEMENT_3D ( 'NONE', #1710, #662, #4648 ) ;
#3007 = VERTEX_POINT ( 'NONE', #2050 ) ;
#3008 = DIRECTION ( 'NONE',  ( -1.000000000000000000, 0.0000000000000000000, 0.0000000000000000000 ) ) ;
#3009 = ORIENTED_EDGE ( 'NONE', *, *, #3457, .T. ) ;
#3010 = ADVANCED_FACE ( 'NONE', ( #1847 ), #1373, .F. ) ;
#3011 = CARTESIAN_POINT ( 'NONE',  ( 7.000000000000000000, 8.572527594031473200E-016, 47.00000000000000000 ) ) ;
#3012 = CARTESIAN_POINT ( 'NONE',  ( 0.0000000000000000000, 0.0000000000000000000, 6.600000000000000500 ) ) ;
#3013 = CARTESIAN_POINT ( 'NONE',  ( -28.99999999999999600, 33.99999999999998600, -103.5000000000000000 ) ) ;
#3014 = ORIENTED_EDGE ( 'NONE', *, *, #2430, .F. ) ;
#3015 = EDGE_CURVE ( 'NONE', #1883, #1288, #1721, .T. ) ;
#3016 = DIRECTION ( 'NONE',  ( 1.000000000000000000, 0.0000000000000000000, 0.0000000000000000000 ) ) ;
#3017 = ORIENTED_EDGE ( 'NONE', *, *, #3578, .T. ) ;
#3018 = CARTESIAN_POINT ( 'NONE',  ( 24.49999999999999600, 38.49999999999999300, -104.4999999999999900 ) ) ;
#3019 = DIRECTION ( 'NONE',  ( -1.000000000000000000, 0.0000000000000000000, 0.0000000000000000000 ) ) ;
#3020 = ORIENTED_EDGE ( 'NONE', *, *, #2192, .T. ) ;
#3021 = ADVANCED_FACE ( 'NONE', ( #3323 ), #4647, .T. ) ;
#3022 = ORIENTED_EDGE ( 'NONE', *, *, #1918, .T. ) ;
#3023 = EDGE_LOOP ( 'NONE', ( #3504, #2263, #2322, #1400, #1701, #4460, #859, #2398, #4339 ) ) ;
#3024 = CARTESIAN_POINT ( 'NONE',  ( 36.99999999999999300, 42.99999999999999300, 10.00000000000000000 ) ) ;
#3025 = DIRECTION ( 'NONE',  ( -1.000000000000000000, 0.0000000000000000000, 0.0000000000000000000 ) ) ;
#3026 = ORIENTED_EDGE ( 'NONE', *, *, #1671, .T. ) ;
#3027 = VERTEX_POINT ( 'NONE', #4376 ) ;
#3028 = DIRECTION ( 'NONE',  ( 0.0000000000000000000, -0.0000000000000000000, -1.000000000000000000 ) ) ;
#3029 = LINE ( 'NONE', #101, #4233 ) ;
#3030 = DIRECTION ( 'NONE',  ( 1.000000000000000000, 0.0000000000000000000, 0.0000000000000000000 ) ) ;
#3031 = VECTOR ( 'NONE', #900, 1000.000000000000000 ) ;
#3032 = DIRECTION ( 'NONE',  ( -1.000000000000000000, 0.0000000000000000000, 0.0000000000000000000 ) ) ;
#3033 = ORIENTED_EDGE ( 'NONE', *, *, #879, .T. ) ;
#3034 = FACE_OUTER_BOUND ( 'NONE', #1073, .T. ) ;
#3035 = CARTESIAN_POINT ( 'NONE',  ( -8.499999999999994700, 52.28296204382375100, -91.53553390593275200 ) ) ;
#3036 = LINE ( 'NONE', #1811, #1659 ) ;
#3037 = EDGE_LOOP ( 'NONE', ( #3041, #3819, #1541 ) ) ;
#3038 = ORIENTED_EDGE ( 'NONE', *, *, #2712, .T. ) ;
#3039 = AXIS2_PLACEMENT_3D ( 'NONE', #3945, #3600, #2792 ) ;
#3040 = LINE ( 'NONE', #377, #3204 ) ;
#3041 = ORIENTED_EDGE ( 'NONE', *, *, #4655, .F. ) ;
#3042 = CIRCLE ( 'NONE', #4009, 6.500000000000005300 ) ;
#3043 = DIRECTION ( 'NONE',  ( -0.0000000000000000000, -0.0000000000000000000, 1.000000000000000000 ) ) ;
#3044 = ADVANCED_FACE ( 'NONE', ( #4189 ), #3268, .T. ) ;
#3045 = VECTOR ( 'NONE', #2823, 1000.000000000000000 ) ;
#3046 = CARTESIAN_POINT ( 'NONE',  ( -9.535533905932734200, 50.80406636015202800, -95.50000000000000000 ) ) ;
#3047 = FACE_OUTER_BOUND ( 'NONE', #4346, .T. ) ;
#3048 = EDGE_CURVE ( 'NONE', #3821, #903, #3903, .T. ) ;
#3049 = LOCAL_TIME ( 10, 55, 9.000000000000000000, #934 ) ;
#3050 = EDGE_CURVE ( 'NONE', #1437, #3369, #2234, .T. ) ;
#3051 = DIRECTION ( 'NONE',  ( -1.000000000000000000, 0.0000000000000000000, 0.0000000000000000000 ) ) ;
#3052 = VECTOR ( 'NONE', #3184, 1000.000000000000000 ) ;
#3053 = AXIS2_PLACEMENT_3D ( 'NONE', #1136, #4441, #3325 ) ;
#3054 = ORIENTED_EDGE ( 'NONE', *, *, #4565, .T. ) ;
#3055 = CARTESIAN_POINT ( 'NONE',  ( 38.00000000000000000, -24.00000000000000400, -103.5000000000000000 ) ) ;
#3056 = CARTESIAN_POINT ( 'NONE',  ( 40.14999999999999900, -24.50000000000000400, -105.0000000000000000 ) ) ;
#3057 = CARTESIAN_POINT ( 'NONE',  ( -43.00000000000000000, -43.00000000000000000, 10.00000000000000000 ) ) ;
#3058 = ORIENTED_EDGE ( 'NONE', *, *, #1765, .F. ) ;
#3059 = AXIS2_PLACEMENT_3D ( 'NONE', #1164, #3299, #3732 ) ;
#3060 = ORIENTED_EDGE ( 'NONE', *, *, #4101, .T. ) ;
#3061 = DIRECTION ( 'NONE',  ( 0.0000000000000000000, 0.0000000000000000000, 1.000000000000000000 ) ) ;
#3062 = EDGE_LOOP ( 'NONE', ( #2710, #5, #2137 ) ) ;
#3063 = ADVANCED_FACE ( 'NONE', ( #2919 ), #3502, .F. ) ;
#3064 = AXIS2_PLACEMENT_3D ( 'NONE', #437, #1566, #108 ) ;
#3065 = CARTESIAN_POINT ( 'NONE',  ( -7.997924617902913100, 52.99999999999999300, -83.49999999999998600 ) ) ;
#3066 = PLANE ( 'NONE',  #2658 ) ;
#3067 = EDGE_LOOP ( 'NONE', ( #4034, #1879, #835, #4048 ) ) ;
#3068 = CARTESIAN_POINT ( 'NONE',  ( -43.00000000000000000, -43.00000000000000000, 10.00000000000000000 ) ) ;
#3069 = DIRECTION ( 'NONE',  ( 0.0000000000000000000, 1.000000000000000000, -0.0000000000000000000 ) ) ;
#3070 = ORIENTED_EDGE ( 'NONE', *, *, #1310, .F. ) ;
#3071 = CARTESIAN_POINT ( 'NONE',  ( 43.00000000000000000, 28.99999999999998900, 0.0000000000000000000 ) ) ;
#3072 = DIRECTION ( 'NONE',  ( -0.0000000000000000000, 1.000000000000000000, 0.0000000000000000000 ) ) ;
#3073 = EDGE_LOOP ( 'NONE', ( #4231, #623, #1356, #4577 ) ) ;
#3074 = DIRECTION ( 'NONE',  ( -0.7071067811865431300, 8.659560562354879900E-017, 0.7071067811865517900 ) ) ;
#3075 = ORIENTED_EDGE ( 'NONE', *, *, #4292, .F. ) ;
#3076 = EDGE_CURVE ( 'NONE', #2448, #285, #867, .T. ) ;
#3077 = CARTESIAN_POINT ( 'NONE',  ( -38.50000000000000000, 24.49999999999998900, -105.0000000000000000 ) ) ;
#3078 = CARTESIAN_POINT ( 'NONE',  ( -3.275056425745499000, 47.82163214108172900, -68.49999999999998600 ) ) ;
#3079 = ORIENTED_EDGE ( 'NONE', *, *, #3467, .T. ) ;
#3080 = EDGE_CURVE ( 'NONE', #365, #1934, #3685, .T. ) ;
#3081 = ORIENTED_EDGE ( 'NONE', *, *, #291, .F. ) ;
#3082 = ORIENTED_EDGE ( 'NONE', *, *, #3770, .T. ) ;
#3083 = DIRECTION ( 'NONE',  ( -1.000000000000000000, 0.0000000000000000000, 0.0000000000000000000 ) ) ;
#3084 = AXIS2_PLACEMENT_3D ( 'NONE', #3302, #410, #2266 ) ;
#3085 = VECTOR ( 'NONE', #3780, 1000.000000000000000 ) ;
#3086 = CIRCLE ( 'NONE', #4581, 1.250000000000000400 ) ;
#3087 = EDGE_LOOP ( 'NONE', ( #3244, #103, #1243, #1814 ) ) ;
#3088 = ADVANCED_FACE ( 'NONE', ( #4130, #2684 ), #4, .T. ) ;
#3089 = CARTESIAN_POINT ( 'NONE',  ( -4.336808689942017700E-016, 6.538348415311010500, 21.99999999999999300 ) ) ;
#3090 = CARTESIAN_POINT ( 'NONE',  ( -8.499999999999994700, 44.99999999999999300, -93.00000000000000000 ) ) ;
#3091 = CIRCLE ( 'NONE', #3160, 5.999999999999998200 ) ;
#3092 = CARTESIAN_POINT ( 'NONE',  ( -2.499999999999997800, 5.000000000000000000, -108.0000000000000000 ) ) ;
#3093 = FACE_OUTER_BOUND ( 'NONE', #1256, .T. ) ;
#3094 = CIRCLE ( 'NONE', #3280, 36.40000000000001300 ) ;
#3095 = LINE ( 'NONE', #1345, #1726 ) ;
#3096 = CARTESIAN_POINT ( 'NONE',  ( -2.500000000000000400, 5.000000000000000000, 47.00000000000000000 ) ) ;
#3097 = AXIS2_PLACEMENT_3D ( 'NONE', #888, #2369, #3465 ) ;
#3098 = ADVANCED_BREP_SHAPE_REPRESENTATION ( 'NEMA-34(SY86STH115-6004B)', ( #195, #1743 ), #32 ) ;
#3099 = CIRCLE ( 'NONE', #1396, 1.649999999999998600 ) ;
#3100 = DIRECTION ( 'NONE',  ( -1.000000000000000000, 0.0000000000000000000, 0.0000000000000000000 ) ) ;
#3101 = CARTESIAN_POINT ( 'NONE',  ( 23.99999999999999300, 41.49999999999998600, -103.5000000000000000 ) ) ;
#3102 = CYLINDRICAL_SURFACE ( 'NONE', #1684, 3.250000000000002700 ) ;
#3103 = DIRECTION ( 'NONE',  ( -1.000000000000000000, 0.0000000000000000000, 0.0000000000000000000 ) ) ;
#3104 = EDGE_CURVE ( 'NONE', #451, #852, #1311, .T. ) ;
#3105 = DIRECTION ( 'NONE',  ( -0.0000000000000000000, -1.000000000000000000, 0.0000000000000000000 ) ) ;
#3106 = DIRECTION ( 'NONE',  ( 0.0000000000000000000, 0.0000000000000000000, 1.000000000000000000 ) ) ;
#3107 = CIRCLE ( 'NONE', #869, 26.00000000000000400 ) ;
#3108 = VECTOR ( 'NONE', #2921, 1000.000000000000000 ) ;
#3109 = EDGE_LOOP ( 'NONE', ( #2661, #2550, #3075, #2606 ) ) ;
#3110 = VECTOR ( 'NONE', #372, 1000.000000000000000 ) ;
#3111 = AXIS2_PLACEMENT_3D ( 'NONE', #3554, #3889, #283 ) ;
#3112 = EDGE_CURVE ( 'NONE', #4044, #3779, #3800, .T. ) ;
#3113 = EDGE_CURVE ( 'NONE', #3984, #4065, #2348, .T. ) ;
#3114 = ADVANCED_FACE ( 'NONE', ( #4371 ), #2187, .F. ) ;
#3115 = DIRECTION ( 'NONE',  ( 0.0000000000000000000, -1.000000000000000000, 0.0000000000000000000 ) ) ;
#3116 = EDGE_LOOP ( 'NONE', ( #2110, #2729, #3005, #2052 ) ) ;
#3117 = DIRECTION ( 'NONE',  ( -0.0000000000000000000, -0.0000000000000000000, 1.000000000000000000 ) ) ;
#3118 = ORIENTED_EDGE ( 'NONE', *, *, #3138, .F. ) ;
#3119 = CARTESIAN_POINT ( 'NONE',  ( 27.49999999999999600, 37.99999999999999300, -103.5000000000000000 ) ) ;
#3120 = ORIENTED_EDGE ( 'NONE', *, *, #2346, .T. ) ;
#3121 = CARTESIAN_POINT ( 'NONE',  ( -24.00000000000000400, 42.99999999999999300, 0.0000000000000000000 ) ) ;
#3122 = EDGE_CURVE ( 'NONE', #39, #507, #1615, .T. ) ;
#3123 = DIRECTION ( 'NONE',  ( -1.000000000000000000, 0.0000000000000000000, 0.0000000000000000000 ) ) ;
#3124 = VERTEX_POINT ( 'NONE', #3589 ) ;
#3125 = VERTEX_POINT ( 'NONE', #2134 ) ;
#3126 = DIRECTION ( 'NONE',  ( 0.0000000000000000000, 0.0000000000000000000, -1.000000000000000000 ) ) ;
#3127 = EDGE_LOOP ( 'NONE', ( #645, #2482 ) ) ;
#3128 = VERTEX_POINT ( 'NONE', #4358 ) ;
#3129 = ORIENTED_EDGE ( 'NONE', *, *, #1170, .F. ) ;
#3130 = ORIENTED_EDGE ( 'NONE', *, *, #1621, .T. ) ;
#3131 = DIRECTION ( 'NONE',  ( 1.000000000000000000, 0.0000000000000000000, 0.0000000000000000000 ) ) ;
#3132 = ORIENTED_EDGE ( 'NONE', *, *, #442, .T. ) ;
#3133 = ADVANCED_FACE ( 'NONE', ( #624 ), #3149, .T. ) ;
#3134 = ORIENTED_EDGE ( 'NONE', *, *, #4621, .F. ) ;
#3135 = LINE ( 'NONE', #1305, #4421 ) ;
#3136 = PRODUCT_DEFINITION_FORMATION_WITH_SPECIFIED_SOURCE ( 'ANY', '', #4418, .NOT_KNOWN. ) ;
#3137 = CIRCLE ( 'NONE', #215, 3.500000000000003100 ) ;
#3138 = EDGE_CURVE ( 'NONE', #1476, #551, #2793, .T. ) ;
#3139 = EDGE_CURVE ( 'NONE', #507, #4542, #234, .T. ) ;
#3140 = EDGE_CURVE ( 'NONE', #4746, #4215, #1265, .T. ) ;
#3141 = ORIENTED_EDGE ( 'NONE', *, *, #2849, .F. ) ;
#3142 = FACE_OUTER_BOUND ( 'NONE', #2958, .T. ) ;
#3143 = CIRCLE ( 'NONE', #1924, 1.250000000000001100 ) ;
#3144 = VECTOR ( 'NONE', #2944, 1000.000000000000000 ) ;
#3145 = DIRECTION ( 'NONE',  ( -0.1736481776669337500, 2.126576849575812900E-017, 0.9848077530122073500 ) ) ;
#3146 = DIRECTION ( 'NONE',  ( 0.0000000000000000000, 0.0000000000000000000, 1.000000000000000000 ) ) ;
#3147 = ORIENTED_EDGE ( 'NONE', *, *, #1920, .F. ) ;
#3148 = AXIS2_PLACEMENT_3D ( 'NONE', #509, #837, #1241 ) ;
#3149 = CYLINDRICAL_SURFACE ( 'NONE', #84, 1.250000000000000400 ) ;
#3150 = CARTESIAN_POINT ( 'NONE',  ( 0.0000000000000000000, 0.0000000000000000000, -133.0000000000000000 ) ) ;
#3151 = VERTEX_POINT ( 'NONE', #2864 ) ;
#3152 = CARTESIAN_POINT ( 'NONE',  ( -40.14999999999999900, 24.49999999999998900, -104.4999999999999900 ) ) ;
#3153 = AXIS2_PLACEMENT_3D ( 'NONE', #4537, #1244, #2328 ) ;
#3154 = DIRECTION ( 'NONE',  ( -1.000000000000000000, 0.0000000000000000000, 0.0000000000000000000 ) ) ;
#3155 = CARTESIAN_POINT ( 'NONE',  ( 1.050000000000000000, 0.0000000000000000000, 42.00000000000000000 ) ) ;
#3156 = LINE ( 'NONE', #768, #2461 ) ;
#3157 = CARTESIAN_POINT ( 'NONE',  ( 23.99999999999999300, -43.00000000000000000, 10.00000000000000000 ) ) ;
#3158 = DIRECTION ( 'NONE',  ( 0.0000000000000000000, 0.0000000000000000000, -1.000000000000000000 ) ) ;
#3159 = VECTOR ( 'NONE', #1478, 1000.000000000000000 ) ;
#3160 = AXIS2_PLACEMENT_3D ( 'NONE', #2426, #3163, #3909 ) ;
#3161 = DIRECTION ( 'NONE',  ( -0.0000000000000000000, 0.0000000000000000000, 1.000000000000000000 ) ) ;
#3162 = CARTESIAN_POINT ( 'NONE',  ( 28.99999999999999600, 37.99999999999999300, -103.5000000000000000 ) ) ;
#3163 = DIRECTION ( 'NONE',  ( -0.0000000000000000000, -0.0000000000000000000, 1.000000000000000000 ) ) ;
#3164 = CIRCLE ( 'NONE', #1070, 5.000000000000000900 ) ;
#3165 = COORDINATED_UNIVERSAL_TIME_OFFSET ( 1, 0, .AHEAD. ) ;
#3166 = CARTESIAN_POINT ( 'NONE',  ( -7.000000000000000000, 0.0000000000000000000, 47.00000000000000000 ) ) ;
#3167 = LINE ( 'NONE', #1777, #4030 ) ;
#3168 = EDGE_CURVE ( 'NONE', #1344, #4625, #287, .T. ) ;
#3169 = CARTESIAN_POINT ( 'NONE',  ( 2.500000000000002200, 6.538348415311009600, -110.5000000000000000 ) ) ;
#3170 = DIRECTION ( 'NONE',  ( -1.000000000000000000, 0.0000000000000000000, 0.0000000000000000000 ) ) ;
#3171 = EDGE_CURVE ( 'NONE', #1404, #1344, #4298, .T. ) ;
#3172 = EDGE_LOOP ( 'NONE', ( #807, #4543 ) ) ;
#3173 = DIRECTION ( 'NONE',  ( 0.0000000000000000000, 0.0000000000000000000, 1.000000000000000000 ) ) ;
#3174 = CARTESIAN_POINT ( 'NONE',  ( -0.8108171120300380300, 6.954554497687366800, -108.1294825412327900 ) ) ;
#3175 = AXIS2_PLACEMENT_3D ( 'NONE', #1996, #2354, #538 ) ;
#3176 = ORIENTED_EDGE ( 'NONE', *, *, #3391, .F. ) ;
#3177 = DIRECTION ( 'NONE',  ( -1.000000000000000000, 0.0000000000000000000, 0.0000000000000000000 ) ) ;
#3178 = EDGE_LOOP ( 'NONE', ( #2759, #3720, #1135, #4645 ) ) ;
#3179 = PLANE ( 'NONE',  #986 ) ;
#3180 = ORIENTED_EDGE ( 'NONE', *, *, #4384, .T. ) ;
#3181 = CARTESIAN_POINT ( 'NONE',  ( 0.3308101903967373100, 6.994064620083988400, -108.0164802739465400 ) ) ;
#3182 = ADVANCED_FACE ( 'NONE', ( #570 ), #2965, .T. ) ;
#3183 = AXIS2_PLACEMENT_3D ( 'NONE', #2741, #3961, #3928 ) ;
#3184 = DIRECTION ( 'NONE',  ( 0.0000000000000000000, 1.000000000000000000, 0.0000000000000000000 ) ) ;
#3185 = ORIENTED_EDGE ( 'NONE', *, *, #1185, .T. ) ;
#3186 = ORIENTED_EDGE ( 'NONE', *, *, #441, .T. ) ;
#3187 = ORIENTED_EDGE ( 'NONE', *, *, #1736, .T. ) ;
#3188 = CARTESIAN_POINT ( 'NONE',  ( -2.181772009987119600, 6.652628230857677800, -109.2368669830451000 ) ) ;
#3189 = CARTESIAN_POINT ( 'NONE',  ( 41.50000000000000000, 23.99999999999998600, -105.0000000000000000 ) ) ;
#3190 = ORIENTED_EDGE ( 'NONE', *, *, #1494, .T. ) ;
#3191 = DIRECTION ( 'NONE',  ( 0.0000000000000000000, 0.0000000000000000000, -1.000000000000000000 ) ) ;
#3192 = ORIENTED_EDGE ( 'NONE', *, *, #3548, .F. ) ;
#3193 = CIRCLE ( 'NONE', #4668, 3.250000000000002700 ) ;
#3194 = CARTESIAN_POINT ( 'NONE',  ( 38.00000000000000000, -24.00000000000000400, -103.5000000000000000 ) ) ;
#3195 = ORIENTED_EDGE ( 'NONE', *, *, #3714, .F. ) ;
#3196 = ORIENTED_EDGE ( 'NONE', *, *, #756, .F. ) ;
#3197 = CARTESIAN_POINT ( 'NONE',  ( -31.53999999999999900, 34.78999999999999900, 10.00000000000000000 ) ) ;
#3198 = CARTESIAN_POINT ( 'NONE',  ( 0.6548136810052595000, 6.971197482151059600, -108.0816276847980600 ) ) ;
#3199 = DIRECTION ( 'NONE',  ( 0.0000000000000000000, 0.0000000000000000000, -1.000000000000000000 ) ) ;
#3200 = CYLINDRICAL_SURFACE ( 'NONE', #1104, 1.649999999999998600 ) ;
#3201 = CIRCLE ( 'NONE', #2746, 7.000000000000000000 ) ;
#3202 = AXIS2_PLACEMENT_3D ( 'NONE', #2082, #3523, #1707 ) ;
#3203 = EDGE_CURVE ( 'NONE', #406, #1812, #2294, .T. ) ;
#3204 = VECTOR ( 'NONE', #3352, 1000.000000000000000 ) ;
#3205 = EDGE_CURVE ( 'NONE', #4562, #4673, #4073, .T. ) ;
#3206 = EDGE_LOOP ( 'NONE', ( #2780, #1189, #1595, #4385, #1485 ) ) ;
#3207 = EDGE_CURVE ( 'NONE', #3226, #3350, #348, .T. ) ;
#3208 = CARTESIAN_POINT ( 'NONE',  ( 0.0000000000000000000, 44.99999999999999300, 0.0000000000000000000 ) ) ;
#3209 = DIRECTION ( 'NONE',  ( 0.0000000000000000000, 0.0000000000000000000, 1.000000000000000000 ) ) ;
#3210 = CARTESIAN_POINT ( 'NONE',  ( 38.00000000000000000, 23.99999999999998900, 0.0000000000000000000 ) ) ;
#3211 = LINE ( 'NONE', #2217, #2985 ) ;
#3212 = AXIS2_PLACEMENT_3D ( 'NONE', #991, #3488, #578 ) ;
#3213 = VECTOR ( 'NONE', #2719, 1000.000000000000000 ) ;
#3214 = ADVANCED_FACE ( 'NONE', ( #2456 ), #3444, .F. ) ;
#3215 = PLANE ( 'NONE',  #3270 ) ;
#3216 = EDGE_CURVE ( 'NONE', #2143, #4542, #4427, .T. ) ;
#3217 = CARTESIAN_POINT ( 'NONE',  ( 27.49999999999999600, -34.00000000000000000, -105.0000000000000000 ) ) ;
#3218 = LINE ( 'NONE', #2653, #633 ) ;
#3219 = PLANE ( 'NONE',  #1509 ) ;
#3220 = CALENDAR_DATE ( 2021, 13, 1 ) ;
#3221 = DIRECTION ( 'NONE',  ( 0.0000000000000000000, 0.0000000000000000000, -1.000000000000000000 ) ) ;
#3222 = AXIS2_PLACEMENT_3D ( 'NONE', #3373, #3760, #3019 ) ;
#3223 = CYLINDRICAL_SURFACE ( 'NONE', #1448, 1.250000000000000400 ) ;
#3224 = CIRCLE ( 'NONE', #3719, 2.500000000000002200 ) ;
#3225 = DIRECTION ( 'NONE',  ( -0.0000000000000000000, 0.0000000000000000000, 1.000000000000000000 ) ) ;
#3226 = VERTEX_POINT ( 'NONE', #2201 ) ;
#3227 = LINE ( 'NONE', #1977, #1573 ) ;
#3228 = DIRECTION ( 'NONE',  ( 4.956352788505164300E-016, 1.000000000000000000, -0.0000000000000000000 ) ) ;
#3229 = ORIENTED_EDGE ( 'NONE', *, *, #2002, .F. ) ;
#3230 = DIRECTION ( 'NONE',  ( 0.0000000000000000000, -0.0000000000000000000, 1.000000000000000000 ) ) ;
#3231 = APPROVAL ( #1600, 'UNSPECIFIED' ) ;
#3232 = EDGE_CURVE ( 'NONE', #4669, #1475, #4017, .T. ) ;
#3233 = EDGE_CURVE ( 'NONE', #12, #840, #3040, .T. ) ;
#3234 = ORIENTED_EDGE ( 'NONE', *, *, #2870, .T. ) ;
#3235 = DIRECTION ( 'NONE',  ( 0.0000000000000000000, 0.0000000000000000000, -1.000000000000000000 ) ) ;
#3236 = ADVANCED_FACE ( 'NONE', ( #687 ), #3703, .F. ) ;
#3237 = DIRECTION ( 'NONE',  ( 0.0000000000000000000, 0.0000000000000000000, 1.000000000000000000 ) ) ;
#3238 = DIRECTION ( 'NONE',  ( 0.7071067811865482400, 8.659560562354941500E-017, -0.7071067811865469100 ) ) ;
#3239 = CARTESIAN_POINT ( 'NONE',  ( 28.99999999999999600, 33.99999999999998600, -105.0000000000000000 ) ) ;
#3240 = CARTESIAN_POINT ( 'NONE',  ( 38.50000000000000000, -24.50000000000000400, -104.5000000000000400 ) ) ;
#3241 = ADVANCED_FACE ( 'NONE', ( #2634 ), #2407, .F. ) ;
#3242 = UNCERTAINTY_MEASURE_WITH_UNIT (LENGTH_MEASURE( 1.000000000000000100E-005 ), #106, 'distance_accuracy_value', 'NONE');
#3243 = AXIS2_PLACEMENT_3D ( 'NONE', #1177, #836, #1957 ) ;
#3244 = ORIENTED_EDGE ( 'NONE', *, *, #3080, .F. ) ;
#3245 = DIRECTION ( 'NONE',  ( 0.0000000000000000000, -1.000000000000000000, 0.0000000000000000000 ) ) ;
#3246 = ORIENTED_EDGE ( 'NONE', *, *, #3746, .F. ) ;
#3247 = ORIENTED_EDGE ( 'NONE', *, *, #1289, .T. ) ;
#3248 = VERTEX_POINT ( 'NONE', #394 ) ;
#3249 = AXIS2_PLACEMENT_3D ( 'NONE', #1761, #3894, #4288 ) ;
#3250 = DIRECTION ( 'NONE',  ( 1.000000000000000000, 0.0000000000000000000, -0.0000000000000000000 ) ) ;
#3251 = EDGE_LOOP ( 'NONE', ( #2837, #2669, #4684, #1304 ) ) ;
#3252 = DIRECTION ( 'NONE',  ( 0.0000000000000000000, 0.0000000000000000000, -1.000000000000000000 ) ) ;
#3253 = ORIENTED_EDGE ( 'NONE', *, *, #2462, .T. ) ;
#3254 = CIRCLE ( 'NONE', #2895, 9.000000000000000000 ) ;
#3255 = CARTESIAN_POINT ( 'NONE',  ( -23.99999999999999600, 37.99999999999999300, 0.0000000000000000000 ) ) ;
#3256 = CIRCLE ( 'NONE', #2511, 1.649999999999998600 ) ;
#3257 = DIRECTION ( 'NONE',  ( -1.000000000000000000, 0.0000000000000000000, 0.0000000000000000000 ) ) ;
#3258 = CARTESIAN_POINT ( 'NONE',  ( -13.59958492358056500, 44.99999999999999300, -90.50000000000000000 ) ) ;
#3259 = ORIENTED_EDGE ( 'NONE', *, *, #2279, .F. ) ;
#3260 = ORIENTED_EDGE ( 'NONE', *, *, #1748, .F. ) ;
#3261 = EDGE_CURVE ( 'NONE', #2918, #1527, #1952, .T. ) ;
#3262 = CONICAL_SURFACE ( 'NONE', #4553, 36.40000000000001300, 0.7853981633973787800 ) ;
#3263 = CYLINDRICAL_SURFACE ( 'NONE', #446, 1.500000000000001300 ) ;
#3264 = CARTESIAN_POINT ( 'NONE',  ( 1.653570173618276400, 6.802914264292841300, 22.61803228287244500 ) ) ;
#3265 = VECTOR ( 'NONE', #1100, 1000.000000000000000 ) ;
#3266 = ORIENTED_EDGE ( 'NONE', *, *, #4093, .T. ) ;
#3267 = CARTESIAN_POINT ( 'NONE',  ( -26.14999999999999500, -38.50000000000000700, -105.0000000000000000 ) ) ;
#3268 = CYLINDRICAL_SURFACE ( 'NONE', #1809, 4.999999999999997300 ) ;
#3269 = ORIENTED_EDGE ( 'NONE', *, *, #2088, .T. ) ;
#3270 = AXIS2_PLACEMENT_3D ( 'NONE', #4678, #3526, #3573 ) ;
#3271 = DIRECTION ( 'NONE',  ( 1.000000000000000000, 0.0000000000000000000, -0.0000000000000000000 ) ) ;
#3272 = DIRECTION ( 'NONE',  ( -0.0000000000000000000, -0.0000000000000000000, 1.000000000000000000 ) ) ;
#3273 = PLANE ( 'NONE',  #296 ) ;
#3274 = VECTOR ( 'NONE', #433, 1000.000000000000000 ) ;
#3275 = CARTESIAN_POINT ( 'NONE',  ( -34.00000000000000000, -29.00000000000000000, -103.5000000000000000 ) ) ;
#3276 = CYLINDRICAL_SURFACE ( 'NONE', #2013, 3.250000000000002700 ) ;
#3277 = CARTESIAN_POINT ( 'NONE',  ( 7.000000000000000000, 8.572527594031473200E-016, 46.50000000000000700 ) ) ;
#3278 = CARTESIAN_POINT ( 'NONE',  ( 23.99999999999999300, -41.50000000000000700, -103.5000000000000000 ) ) ;
#3279 = ADVANCED_FACE ( 'NONE', ( #3093 ), #2054, .T. ) ;
#3280 = AXIS2_PLACEMENT_3D ( 'NONE', #4705, #3173, #1734 ) ;
#3281 = CARTESIAN_POINT ( 'NONE',  ( 38.04000000000002800, -34.78999999999997100, 0.0000000000000000000 ) ) ;
#3282 = FACE_OUTER_BOUND ( 'NONE', #4222, .T. ) ;
#3283 = ORIENTED_EDGE ( 'NONE', *, *, #1492, .F. ) ;
#3284 = DIRECTION ( 'NONE',  ( 1.000000000000000000, 0.0000000000000000000, 0.0000000000000000000 ) ) ;
#3285 = VECTOR ( 'NONE', #2171, 1000.000000000000000 ) ;
#3286 = DIRECTION ( 'NONE',  ( -1.000000000000000000, 0.0000000000000000000, 0.0000000000000000000 ) ) ;
#3287 = CARTESIAN_POINT ( 'NONE',  ( 0.0000000000000000000, 0.0000000000000000000, -99.99999999999998600 ) ) ;
#3288 = DIRECTION ( 'NONE',  ( -0.0000000000000000000, 0.0000000000000000000, -1.000000000000000000 ) ) ;
#3289 = ORIENTED_EDGE ( 'NONE', *, *, #3976, .T. ) ;
#3290 = DIRECTION ( 'NONE',  ( 0.0000000000000000000, 0.0000000000000000000, 1.000000000000000000 ) ) ;
#3291 = CARTESIAN_POINT ( 'NONE',  ( 0.0000000000000000000, 0.0000000000000000000, 11.50000000000000500 ) ) ;
#3292 = ORIENTED_EDGE ( 'NONE', *, *, #3912, .F. ) ;
#3293 = DIRECTION ( 'NONE',  ( 0.0000000000000000000, 0.0000000000000000000, 1.000000000000000000 ) ) ;
#3294 = DIRECTION ( 'NONE',  ( -0.0000000000000000000, -0.0000000000000000000, -1.000000000000000000 ) ) ;
#3295 = ORIENTED_EDGE ( 'NONE', *, *, #2702, .F. ) ;
#3296 = EDGE_CURVE ( 'NONE', #4361, #3027, #4494, .T. ) ;
#3297 = EDGE_CURVE ( 'NONE', #4703, #2569, #979, .T. ) ;
#3298 = EDGE_LOOP ( 'NONE', ( #2087, #2295, #3527, #3187, #1555, #1118, #3538, #796 ) ) ;
#3299 = DIRECTION ( 'NONE',  ( 0.0000000000000000000, 0.0000000000000000000, 1.000000000000000000 ) ) ;
#3300 = AXIS2_PLACEMENT_3D ( 'NONE', #3291, #1484, #3704 ) ;
#3301 = ORIENTED_EDGE ( 'NONE', *, *, #767, .F. ) ;
#3302 = CARTESIAN_POINT ( 'NONE',  ( 41.49999999999999300, 0.0000000000000000000, -103.5000000000000000 ) ) ;
#3303 = VERTEX_POINT ( 'NONE', #1929 ) ;
#3304 = ORIENTED_EDGE ( 'NONE', *, *, #27, .F. ) ;
#3305 = CARTESIAN_POINT ( 'NONE',  ( 0.0000000000000000000, 0.0000000000000000000, 10.00000000000000000 ) ) ;
#3306 = EDGE_CURVE ( 'NONE', #4740, #1344, #124, .T. ) ;
#3307 = CARTESIAN_POINT ( 'NONE',  ( 2.181772009987112500, 6.652628230857680500, 23.23686698304507900 ) ) ;
#3308 = VERTEX_POINT ( 'NONE', #3802 ) ;
#3309 = EDGE_LOOP ( 'NONE', ( #4692, #4495, #4452, #1399 ) ) ;
#3310 = CARTESIAN_POINT ( 'NONE',  ( -27.49999999999999600, -43.00000000000000000, -103.5000000000000000 ) ) ;
#3311 = DIRECTION ( 'NONE',  ( 0.0000000000000000000, 0.0000000000000000000, 1.000000000000000000 ) ) ;
#3312 = CYLINDRICAL_SURFACE ( 'NONE', #3763, 5.999999999999998200 ) ;
#3313 = CARTESIAN_POINT ( 'NONE',  ( 26.00000000000005700, 0.0000000000000000000, 11.60000000000000100 ) ) ;
#3314 = VERTEX_POINT ( 'NONE', #4508 ) ;
#3315 = AXIS2_PLACEMENT_3D ( 'NONE', #99, #806, #3749 ) ;
#3316 = ORIENTED_EDGE ( 'NONE', *, *, #4722, .F. ) ;
#3317 = CARTESIAN_POINT ( 'NONE',  ( -33.99999999999999300, -34.00000000000000000, -105.0000000000000000 ) ) ;
#3318 = LINE ( 'NONE', #1255, #1607 ) ;
#3319 = DIRECTION ( 'NONE',  ( 1.000000000000000000, 0.0000000000000000000, -0.0000000000000000000 ) ) ;
#3320 = FACE_OUTER_BOUND ( 'NONE', #4000, .T. ) ;
#3321 = CARTESIAN_POINT ( 'NONE',  ( -34.78999999999999900, 34.78999999999999900, 0.0000000000000000000 ) ) ;
#3322 = DIRECTION ( 'NONE',  ( -0.0000000000000000000, -0.0000000000000000000, 1.000000000000000000 ) ) ;
#3323 = FACE_OUTER_BOUND ( 'NONE', #3501, .T. ) ;
#3324 = ORIENTED_EDGE ( 'NONE', *, *, #2643, .T. ) ;
#3325 = DIRECTION ( 'NONE',  ( 1.000000000000000000, 0.0000000000000000000, 0.0000000000000000000 ) ) ;
#3326 = EDGE_CURVE ( 'NONE', #1653, #1404, #1440, .T. ) ;
#3327 = FACE_OUTER_BOUND ( 'NONE', #223, .T. ) ;
#3328 = EDGE_CURVE ( 'NONE', #2045, #2898, #344, .T. ) ;
#3329 = DIRECTION ( 'NONE',  ( 0.0000000000000000000, 0.0000000000000000000, 1.000000000000000000 ) ) ;
#3330 = CARTESIAN_POINT ( 'NONE',  ( 7.997924617902913100, 52.99999999999999300, 0.0000000000000000000 ) ) ;
#3331 = CIRCLE ( 'NONE', #4254, 1.250000000000000400 ) ;
#3332 = AXIS2_PLACEMENT_3D ( 'NONE', #2610, #4456, #1911 ) ;
#3333 = DIRECTION ( 'NONE',  ( 0.0000000000000000000, 1.000000000000000000, 0.0000000000000000000 ) ) ;
#3334 = DIRECTION ( 'NONE',  ( -1.000000000000000000, 0.0000000000000000000, 0.0000000000000000000 ) ) ;
#3335 = CYLINDRICAL_SURFACE ( 'NONE', #2900, 5.999999999999998200 ) ;
#3336 = DIRECTION ( 'NONE',  ( -0.0000000000000000000, -0.0000000000000000000, 1.000000000000000000 ) ) ;
#3337 = CARTESIAN_POINT ( 'NONE',  ( 2.168404344971008900E-015, 5.000000000000000000, -108.0000000000000000 ) ) ;
#3338 = VECTOR ( 'NONE', #24, 1000.000000000000000 ) ;
#3339 = FACE_OUTER_BOUND ( 'NONE', #1057, .T. ) ;
#3340 = AXIS2_PLACEMENT_3D ( 'NONE', #163, #2323, #3415 ) ;
#3341 = EDGE_LOOP ( 'NONE', ( #1978, #2655, #211 ) ) ;
#3342 = DIRECTION ( 'NONE',  ( 0.0000000000000000000, 0.0000000000000000000, -1.000000000000000000 ) ) ;
#3343 = VECTOR ( 'NONE', #3849, 1000.000000000000000 ) ;
#3344 = CARTESIAN_POINT ( 'NONE',  ( 0.0000000000000000000, 47.82163214108173600, -73.50000000000000000 ) ) ;
#3345 = ORIENTED_EDGE ( 'NONE', *, *, #2222, .F. ) ;
#3346 = ORIENTED_EDGE ( 'NONE', *, *, #4221, .T. ) ;
#3347 = DIRECTION ( 'NONE',  ( 0.0000000000000000000, 0.0000000000000000000, -1.000000000000000000 ) ) ;
#3348 = CARTESIAN_POINT ( 'NONE',  ( -2.370578838148423600, 6.586713364637962100, 23.68938907637585300 ) ) ;
#3349 = ORIENTED_EDGE ( 'NONE', *, *, #943, .F. ) ;
#3350 = VERTEX_POINT ( 'NONE', #4170 ) ;
#3351 = EDGE_CURVE ( 'NONE', #833, #1437, #2979, .T. ) ;
#3352 = DIRECTION ( 'NONE',  ( -0.0000000000000000000, -0.0000000000000000000, -1.000000000000000000 ) ) ;
#3353 = DIRECTION ( 'NONE',  ( 0.0000000000000000000, 0.0000000000000000000, 1.000000000000000000 ) ) ;
#3354 = ADVANCED_FACE ( 'NONE', ( #4706 ), #862, .T. ) ;
#3355 = ADVANCED_FACE ( 'NONE', ( #3794 ), #230, .F. ) ;
#3356 = DIRECTION ( 'NONE',  ( 0.0000000000000000000, 0.0000000000000000000, 1.000000000000000000 ) ) ;
#3357 = DIRECTION ( 'NONE',  ( 0.0000000000000000000, 0.0000000000000000000, 1.000000000000000000 ) ) ;
#3358 = AXIS2_PLACEMENT_3D ( 'NONE', #3615, #2193, #1460 ) ;
#3359 = ORIENTED_EDGE ( 'NONE', *, *, #1215, .F. ) ;
#3360 = EDGE_LOOP ( 'NONE', ( #2040, #57, #1202, #2706 ) ) ;
#3361 = EDGE_CURVE ( 'NONE', #3365, #3550, #3672, .T. ) ;
#3362 = EDGE_CURVE ( 'NONE', #2271, #2723, #3739, .T. ) ;
#3363 = CARTESIAN_POINT ( 'NONE',  ( 0.0000000000000000000, 0.0000000000000000000, 6.600000000000000500 ) ) ;
#3364 = DIRECTION ( 'NONE',  ( 0.0000000000000000000, 0.0000000000000000000, 1.000000000000000000 ) ) ;
#3365 = VERTEX_POINT ( 'NONE', #3405 ) ;
#3366 = CARTESIAN_POINT ( 'NONE',  ( 36.85000000000000100, -24.50000000000000400, -104.5000000000000400 ) ) ;
#3367 = ORIENTED_EDGE ( 'NONE', *, *, #4101, .F. ) ;
#3368 = AXIS2_PLACEMENT_3D ( 'NONE', #1119, #4393, #2568 ) ;
#3369 = VERTEX_POINT ( 'NONE', #1182 ) ;
#3370 = PERSON_AND_ORGANIZATION_ROLE ( 'creator' ) ;
#3371 = CARTESIAN_POINT ( 'NONE',  ( -24.00000000000000400, -43.00000000000000000, 0.0000000000000000000 ) ) ;
#3372 = ORIENTED_EDGE ( 'NONE', *, *, #3297, .T. ) ;
#3373 = CARTESIAN_POINT ( 'NONE',  ( 38.00000000000000000, -24.00000000000000400, -105.0000000000000000 ) ) ;
#3374 = EDGE_CURVE ( 'NONE', #3027, #2278, #4535, .T. ) ;
#3375 = LINE ( 'NONE', #1997, #3841 ) ;
#3376 = CIRCLE ( 'NONE', #2018, 1.500000000000001300 ) ;
#3377 = ORIENTED_EDGE ( 'NONE', *, *, #4221, .F. ) ;
#3378 = ORIENTED_EDGE ( 'NONE', *, *, #1012, .F. ) ;
#3379 = DIRECTION ( 'NONE',  ( -0.0000000000000000000, 1.000000000000000000, -0.0000000000000000000 ) ) ;
#3380 = CIRCLE ( 'NONE', #4641, 1.050000000000000000 ) ;
#3381 = CIRCLE ( 'NONE', #4390, 36.50000000000000000 ) ;
#3382 = ORIENTED_EDGE ( 'NONE', *, *, #1699, .T. ) ;
#3383 = CARTESIAN_POINT ( 'NONE',  ( 24.49999999999999600, 38.49999999999999300, -94.89999999999999100 ) ) ;
#3384 = CARTESIAN_POINT ( 'NONE',  ( 0.0000000000000000000, 0.0000000000000000000, 47.00000000000000000 ) ) ;
#3385 = ADVANCED_FACE ( 'NONE', ( #1947 ), #3263, .T. ) ;
#3386 = VECTOR ( 'NONE', #127, 1000.000000000000000 ) ;
#3387 = ORIENTED_EDGE ( 'NONE', *, *, #4507, .F. ) ;
#3388 = FACE_OUTER_BOUND ( 'NONE', #4650, .T. ) ;
#3389 = DIRECTION ( 'NONE',  ( 0.0000000000000000000, 0.0000000000000000000, -1.000000000000000000 ) ) ;
#3390 = EDGE_CURVE ( 'NONE', #961, #2341, #2679, .T. ) ;
#3391 = EDGE_CURVE ( 'NONE', #3776, #1690, #4123, .T. ) ;
#3392 = EDGE_CURVE ( 'NONE', #2029, #4649, #743, .T. ) ;
#3393 = VECTOR ( 'NONE', #3364, 1000.000000000000000 ) ;
#3394 = DIRECTION ( 'NONE',  ( 0.0000000000000000000, 0.0000000000000000000, -1.000000000000000000 ) ) ;
#3395 = DIRECTION ( 'NONE',  ( 0.0000000000000000000, 0.0000000000000000000, 1.000000000000000000 ) ) ;
#3396 = CARTESIAN_POINT ( 'NONE',  ( 7.000000000000000000, 8.572527594031473200E-016, 6.600000000000000500 ) ) ;
#3397 = TOROIDAL_SURFACE ( 'NONE', #2417, 3.500000000000000000, 1.500000000000000000 ) ;
#3398 = AXIS2_PLACEMENT_3D ( 'NONE', #264, #4657, #2798 ) ;
#3399 = DIRECTION ( 'NONE',  ( -0.0000000000000000000, -0.0000000000000000000, 1.000000000000000000 ) ) ;
#3400 = DIRECTION ( 'NONE',  ( -3.491481338843133400E-015, 1.000000000000000000, 0.0000000000000000000 ) ) ;
#3401 = CIRCLE ( 'NONE', #917, 1.649999999999998600 ) ;
#3402 = ORIENTED_EDGE ( 'NONE', *, *, #441, .F. ) ;
#3403 = VECTOR ( 'NONE', #783, 1000.000000000000000 ) ;
#3404 = AXIS2_PLACEMENT_3D ( 'NONE', #656, #3588, #4674 ) ;
#3405 = CARTESIAN_POINT ( 'NONE',  ( -8.499999999999994700, 52.28296204382375100, -93.00000000000000000 ) ) ;
#3406 = APPROVAL_ROLE ( '' ) ;
#3407 = VERTEX_POINT ( 'NONE', #2078 ) ;
#3408 = AXIS2_PLACEMENT_3D ( 'NONE', #3645, #3293, #316 ) ;
#3409 = CARTESIAN_POINT ( 'NONE',  ( 38.04000000000000600, 34.79000000000002800, 0.0000000000000000000 ) ) ;
#3410 = DIRECTION ( 'NONE',  ( -0.0000000000000000000, -0.0000000000000000000, -1.000000000000000000 ) ) ;
#3411 = EDGE_LOOP ( 'NONE', ( #2495, #891 ) ) ;
#3412 = DIRECTION ( 'NONE',  ( 0.0000000000000000000, 1.000000000000000000, 0.0000000000000000000 ) ) ;
#3413 = DIRECTION ( 'NONE',  ( 0.0000000000000000000, 0.0000000000000000000, -1.000000000000000000 ) ) ;
#3414 = CARTESIAN_POINT ( 'NONE',  ( 22.84999999999999800, 38.49999999999999300, -105.0000000000000000 ) ) ;
#3415 = DIRECTION ( 'NONE',  ( -1.000000000000000000, 0.0000000000000000000, 0.0000000000000000000 ) ) ;
#3416 = EDGE_LOOP ( 'NONE', ( #3246, #4484, #4748, #2717 ) ) ;
#3417 = EDGE_CURVE ( 'NONE', #3923, #785, #3381, .T. ) ;
#3418 = CARTESIAN_POINT ( 'NONE',  ( -8.499999999999994700, 52.28296204382375100, -93.00000000000000000 ) ) ;
#3419 = ORIENTED_EDGE ( 'NONE', *, *, #2555, .T. ) ;
#3420 = APPROVAL_ROLE ( '' ) ;
#3421 = EDGE_CURVE ( 'NONE', #2105, #2664, #118, .T. ) ;
#3422 = DIRECTION ( 'NONE',  ( -0.0000000000000000000, -0.0000000000000000000, 1.000000000000000000 ) ) ;
#3423 = CARTESIAN_POINT ( 'NONE',  ( -8.499999999999994700, 52.28296204382375100, -93.00000000000000000 ) ) ;
#3424 = ORIENTED_EDGE ( 'NONE', *, *, #1568, .T. ) ;
#3425 = ORIENTED_EDGE ( 'NONE', *, *, #3563, .F. ) ;
#3426 = DIRECTION ( 'NONE',  ( -1.000000000000000000, 0.0000000000000000000, 0.0000000000000000000 ) ) ;
#3427 = AXIS2_PLACEMENT_3D ( 'NONE', #1472, #4751, #1816 ) ;
#3428 = ORIENTED_EDGE ( 'NONE', *, *, #2523, .T. ) ;
#3429 = VERTEX_POINT ( 'NONE', #2449 ) ;
#3430 = ORIENTED_EDGE ( 'NONE', *, *, #2820, .T. ) ;
#3431 = CARTESIAN_POINT ( 'NONE',  ( 38.00000000000000000, 28.99999999999998900, -103.5000000000000000 ) ) ;
#3432 = ADVANCED_FACE ( 'NONE', ( #3623 ), #1327, .F. ) ;
#3433 = DIRECTION ( 'NONE',  ( 0.0000000000000000000, 1.000000000000000000, 0.0000000000000000000 ) ) ;
#3434 = CIRCLE ( 'NONE', #3505, 1.050000000000000000 ) ;
#3435 = DIRECTION ( 'NONE',  ( -1.000000000000000000, 0.0000000000000000000, -0.0000000000000000000 ) ) ;
#3436 = ADVANCED_FACE ( 'NONE', ( #804 ), #2402, .T. ) ;
#3437 = ORIENTED_EDGE ( 'NONE', *, *, #1525, .F. ) ;
#3438 = EDGE_LOOP ( 'NONE', ( #1586, #2496 ) ) ;
#3439 = LINE ( 'NONE', #1648, #3731 ) ;
#3440 = FACE_OUTER_BOUND ( 'NONE', #724, .T. ) ;
#3441 = CARTESIAN_POINT ( 'NONE',  ( 3.275056425745499000, 47.82163214108175000, -68.49999999999998600 ) ) ;
#3442 = VERTEX_POINT ( 'NONE', #2116 ) ;
#3443 = AXIS2_PLACEMENT_3D ( 'NONE', #4631, #4696, #2120 ) ;
#3444 = CYLINDRICAL_SURFACE ( 'NONE', #1063, 1.649999999999998600 ) ;
#3445 = EDGE_LOOP ( 'NONE', ( #2404, #2556, #3785, #349 ) ) ;
#3446 = CARTESIAN_POINT ( 'NONE',  ( -1.250000000000000400, 49.84668856682723300, -68.49999999999998600 ) ) ;
#3447 = VERTEX_POINT ( 'NONE', #1002 ) ;
#3448 = LINE ( 'NONE', #1675, #2118 ) ;
#3449 = DIRECTION ( 'NONE',  ( 0.0000000000000000000, -0.0000000000000000000, 1.000000000000000000 ) ) ;
#3450 = DIRECTION ( 'NONE',  ( 1.000000000000000000, 0.0000000000000000000, 0.0000000000000000000 ) ) ;
#3451 = CYLINDRICAL_SURFACE ( 'NONE', #3454, 1.500000000000001300 ) ;
#3452 = CARTESIAN_POINT ( 'NONE',  ( -37.00000000000000000, 42.99999999999999300, 10.00000000000000000 ) ) ;
#3453 = CIRCLE ( 'NONE', #3897, 1.250000000000001100 ) ;
#3454 = AXIS2_PLACEMENT_3D ( 'NONE', #3594, #255, #2107 ) ;
#3455 = EDGE_CURVE ( 'NONE', #945, #3447, #2731, .T. ) ;
#3456 = DATE_AND_TIME ( #1508, #4086 ) ;
#3457 = EDGE_CURVE ( 'NONE', #1531, #1988, #3609, .T. ) ;
#3458 = VECTOR ( 'NONE', #1045, 1000.000000000000000 ) ;
#3459 = LINE ( 'NONE', #1501, #2644 ) ;
#3460 = DIRECTION ( 'NONE',  ( -0.0000000000000000000, -0.0000000000000000000, 1.000000000000000000 ) ) ;
#3461 = AXIS2_PLACEMENT_3D ( 'NONE', #2762, #3146, #1316 ) ;
#3462 = ORIENTED_EDGE ( 'NONE', *, *, #3883, .F. ) ;
#3463 = VECTOR ( 'NONE', #2659, 1000.000000000000000 ) ;
#3464 = DIRECTION ( 'NONE',  ( 0.0000000000000000000, 0.0000000000000000000, -1.000000000000000000 ) ) ;
#3465 = DIRECTION ( 'NONE',  ( 0.0000000000000000000, 0.0000000000000000000, -1.000000000000000000 ) ) ;
#3466 = ORIENTED_EDGE ( 'NONE', *, *, #3807, .T. ) ;
#3467 = EDGE_CURVE ( 'NONE', #2224, #1264, #1784, .T. ) ;
#3468 = ORIENTED_EDGE ( 'NONE', *, *, #1123, .T. ) ;
#3469 = VERTEX_POINT ( 'NONE', #1381 ) ;
#3470 = AXIS2_PLACEMENT_3D ( 'NONE', #3255, #1005, #2147 ) ;
#3471 = CARTESIAN_POINT ( 'NONE',  ( 26.14999999999999500, 38.49999999999999300, -105.0000000000000000 ) ) ;
#3472 = DIRECTION ( 'NONE',  ( 0.0000000000000000000, 0.0000000000000000000, 1.000000000000000000 ) ) ;
#3473 = PLANE ( 'NONE',  #650 ) ;
#3474 = EDGE_LOOP ( 'NONE', ( #2155, #2216, #972, #683 ) ) ;
#3475 = DIRECTION ( 'NONE',  ( -1.000000000000000000, 0.0000000000000000000, 0.0000000000000000000 ) ) ;
#3476 = DIRECTION ( 'NONE',  ( 1.000000000000000000, 0.0000000000000000000, 0.0000000000000000000 ) ) ;
#3477 = ORIENTED_EDGE ( 'NONE', *, *, #2489, .T. ) ;
#3478 = CARTESIAN_POINT ( 'NONE',  ( 40.14999999999999900, -24.50000000000000400, -94.89999999999999100 ) ) ;
#3479 = SECURITY_CLASSIFICATION ( '', '', #4108 ) ;
#3480 = EDGE_LOOP ( 'NONE', ( #3259, #1930, #556, #3372, #571 ) ) ;
#3481 = EDGE_CURVE ( 'NONE', #739, #961, #2573, .T. ) ;
#3482 = ORIENTED_EDGE ( 'NONE', *, *, #2129, .T. ) ;
#3483 = ORIENTED_EDGE ( 'NONE', *, *, #1583, .T. ) ;
#3484 = EDGE_CURVE ( 'NONE', #2569, #268, #1751, .T. ) ;
#3485 = ORIENTED_EDGE ( 'NONE', *, *, #4405, .F. ) ;
#3486 = VERTEX_POINT ( 'NONE', #4686 ) ;
#3487 = ORIENTED_EDGE ( 'NONE', *, *, #3207, .T. ) ;
#3488 = DIRECTION ( 'NONE',  ( 0.0000000000000000000, 0.0000000000000000000, 1.000000000000000000 ) ) ;
#3489 = AXIS2_PLACEMENT_3D ( 'NONE', #1685, #1667, #3514 ) ;
#3490 = VECTOR ( 'NONE', #1626, 1000.000000000000000 ) ;
#3491 = CIRCLE ( 'NONE', #546, 1.500000000000001300 ) ;
#3492 = CARTESIAN_POINT ( 'NONE',  ( -38.00000000000000000, -27.50000000000000000, -103.5000000000000000 ) ) ;
#3493 = CYLINDRICAL_SURFACE ( 'NONE', #1563, 2.499999999999998700 ) ;
#3494 = ORIENTED_EDGE ( 'NONE', *, *, #4565, .F. ) ;
#3495 = CARTESIAN_POINT ( 'NONE',  ( 36.85000000000000100, -24.50000000000000400, -94.89999999999999100 ) ) ;
#3496 = AXIS2_PLACEMENT_3D ( 'NONE', #878, #2388, #545 ) ;
#3497 = DIRECTION ( 'NONE',  ( 1.000000000000000000, 0.0000000000000000000, 0.0000000000000000000 ) ) ;
#3498 = VECTOR ( 'NONE', #1585, 1000.000000000000100 ) ;
#3499 = FACE_OUTER_BOUND ( 'NONE', #1088, .T. ) ;
#3500 = FACE_OUTER_BOUND ( 'NONE', #2700, .T. ) ;
#3501 = EDGE_LOOP ( 'NONE', ( #3147, #2685, #615, #4583 ) ) ;
#3502 = CONICAL_SURFACE ( 'NONE', #4098, 1.649999999999998600, 1.029744258676652800 ) ;
#3503 = DIRECTION ( 'NONE',  ( -1.000000000000000000, 0.0000000000000000000, 0.0000000000000000000 ) ) ;
#3504 = ORIENTED_EDGE ( 'NONE', *, *, #3827, .T. ) ;
#3505 = AXIS2_PLACEMENT_3D ( 'NONE', #2721, #3106, #3476 ) ;
#3506 = ADVANCED_FACE ( 'NONE', ( #3900 ), #1036, .T. ) ;
#3507 = DIRECTION ( 'NONE',  ( -1.000000000000000000, 0.0000000000000000000, 0.0000000000000000000 ) ) ;
#3508 = FACE_BOUND ( 'NONE', #3127, .T. ) ;
#3509 = DIRECTION ( 'NONE',  ( -0.0000000000000000000, -0.0000000000000000000, -1.000000000000000000 ) ) ;
#3510 = DIRECTION ( 'NONE',  ( -1.000000000000000000, 0.0000000000000000000, 0.0000000000000000000 ) ) ;
#3511 = VECTOR ( 'NONE', #1435, 1000.000000000000000 ) ;
#3512 = DIRECTION ( 'NONE',  ( -0.0000000000000000000, 1.000000000000000000, 0.0000000000000000000 ) ) ;
#3513 = EDGE_CURVE ( 'NONE', #551, #213, #3143, .T. ) ;
#3514 = DIRECTION ( 'NONE',  ( 1.040834085586083300E-014, -1.000000000000000000, 0.0000000000000000000 ) ) ;
#3515 = CARTESIAN_POINT ( 'NONE',  ( 0.0000000000000000000, 0.0000000000000000000, -132.5000000000000000 ) ) ;
#3516 = EDGE_CURVE ( 'NONE', #1004, #3776, #4013, .T. ) ;
#3517 = LINE ( 'NONE', #3452, #3916 ) ;
#3518 = CYLINDRICAL_SURFACE ( 'NONE', #1008, 7.000000000000000000 ) ;
#3519 = CARTESIAN_POINT ( 'NONE',  ( 36.99999999999999300, 36.99999999999999300, 10.00000000000000000 ) ) ;
#3520 = DIRECTION ( 'NONE',  ( 0.0000000000000000000, 1.000000000000000000, 0.0000000000000000000 ) ) ;
#3521 = ORIENTED_EDGE ( 'NONE', *, *, #3947, .T. ) ;
#3522 = FACE_OUTER_BOUND ( 'NONE', #3671, .T. ) ;
#3523 = DIRECTION ( 'NONE',  ( 0.0000000000000000000, 0.0000000000000000000, -1.000000000000000000 ) ) ;
#3524 = ORIENTED_EDGE ( 'NONE', *, *, #2129, .F. ) ;
#3525 = CARTESIAN_POINT ( 'NONE',  ( -22.84999999999999800, -38.50000000000000700, -94.89999999999999100 ) ) ;
#3526 = DIRECTION ( 'NONE',  ( 0.0000000000000000000, -0.0000000000000000000, 1.000000000000000000 ) ) ;
#3527 = ORIENTED_EDGE ( 'NONE', *, *, #940, .T. ) ;
#3528 = AXIS2_PLACEMENT_3D ( 'NONE', #2463, #3235, #3546 ) ;
#3529 = DIRECTION ( 'NONE',  ( 0.0000000000000000000, -1.000000000000000000, 0.0000000000000000000 ) ) ;
#3530 = ORIENTED_EDGE ( 'NONE', *, *, #2956, .F. ) ;
#3531 = VERTEX_POINT ( 'NONE', #2199 ) ;
#3532 = CARTESIAN_POINT ( 'NONE',  ( 11.00000000000000700, 44.99999999999999300, -93.00000000000000000 ) ) ;
#3533 = CARTESIAN_POINT ( 'NONE',  ( -7.000000000000000000, 8.572527594031473200E-016, -132.5000000000000000 ) ) ;
#3534 = ORIENTED_EDGE ( 'NONE', *, *, #1921, .F. ) ;
#3535 = ORIENTED_EDGE ( 'NONE', *, *, #4587, .T. ) ;
#3536 = DIRECTION ( 'NONE',  ( 0.0000000000000000000, 0.0000000000000000000, -1.000000000000000000 ) ) ;
#3537 = CARTESIAN_POINT ( 'NONE',  ( 37.00000000000000000, -43.00000000000000000, 0.0000000000000000000 ) ) ;
#3538 = ORIENTED_EDGE ( 'NONE', *, *, #1458, .T. ) ;
#3539 = CARTESIAN_POINT ( 'NONE',  ( -2.500000000000000400, 6.538348415311010500, 47.00000000000000000 ) ) ;
#3540 = CARTESIAN_POINT ( 'NONE',  ( 0.0000000000000000000, 49.84668856682723300, -73.50000000000000000 ) ) ;
#3541 = VERTEX_POINT ( 'NONE', #3670 ) ;
#3542 = EDGE_LOOP ( 'NONE', ( #3706, #1071, #1974, #4428 ) ) ;
#3543 = ORIENTED_EDGE ( 'NONE', *, *, #1099, .F. ) ;
#3544 = VECTOR ( 'NONE', #4219, 1000.000000000000000 ) ;
#3545 = EDGE_CURVE ( 'NONE', #2278, #1837, #3036, .T. ) ;
#3546 = DIRECTION ( 'NONE',  ( -1.000000000000000000, 0.0000000000000000000, 0.0000000000000000000 ) ) ;
#3547 = CARTESIAN_POINT ( 'NONE',  ( 1.250000000000000400, 45.79657571533623200, -73.50000000000000000 ) ) ;
#3548 = EDGE_CURVE ( 'NONE', #3895, #4333, #3847, .T. ) ;
#3549 = VERTEX_POINT ( 'NONE', #4389 ) ;
#3550 = VERTEX_POINT ( 'NONE', #19 ) ;
#3551 = ORIENTED_EDGE ( 'NONE', *, *, #714, .T. ) ;
#3552 = VECTOR ( 'NONE', #4138, 1000.000000000000000 ) ;
#3553 = FACE_OUTER_BOUND ( 'NONE', #483, .T. ) ;
#3554 = CARTESIAN_POINT ( 'NONE',  ( -33.99999999999999300, 33.99999999999998600, -105.0000000000000000 ) ) ;
#3555 = DIRECTION ( 'NONE',  ( -1.000000000000000000, 0.0000000000000000000, 0.0000000000000000000 ) ) ;
#3556 = ORIENTED_EDGE ( 'NONE', *, *, #1429, .T. ) ;
#3557 = AXIS2_PLACEMENT_3D ( 'NONE', #4029, #6, #397 ) ;
#3558 = LINE ( 'NONE', #592, #16 ) ;
#3559 = DIRECTION ( 'NONE',  ( 0.0000000000000000000, -0.0000000000000000000, -1.000000000000000000 ) ) ;
#3560 = EDGE_LOOP ( 'NONE', ( #3839, #333, #3840, #2816 ) ) ;
#3561 = ORIENTED_EDGE ( 'NONE', *, *, #497, .T. ) ;
#3562 = DIRECTION ( 'NONE',  ( -0.0000000000000000000, 0.0000000000000000000, 1.000000000000000000 ) ) ;
#3563 = EDGE_CURVE ( 'NONE', #1281, #155, #175, .T. ) ;
#3564 = CARTESIAN_POINT ( 'NONE',  ( -33.99999999999999300, 27.49999999999998900, -105.0000000000000000 ) ) ;
#3565 = FACE_OUTER_BOUND ( 'NONE', #3542, .T. ) ;
#3566 = PLANE ( 'NONE',  #367 ) ;
#3567 = CARTESIAN_POINT ( 'NONE',  ( -2.483518151364000100, 6.544718942463083200, -110.1691989429359200 ) ) ;
#3568 = FACE_OUTER_BOUND ( 'NONE', #2437, .T. ) ;
#3569 = AXIS2_PLACEMENT_3D ( 'NONE', #4297, #3237, #4317 ) ;
#3570 = CARTESIAN_POINT ( 'NONE',  ( 33.99999999999999300, 33.99999999999998600, -103.5000000000000000 ) ) ;
#3571 = CARTESIAN_POINT ( 'NONE',  ( -38.50000000000000000, 24.49999999999998900, -94.89999999999999100 ) ) ;
#3572 = FACE_OUTER_BOUND ( 'NONE', #4169, .T. ) ;
#3573 = DIRECTION ( 'NONE',  ( 1.000000000000000000, 0.0000000000000000000, -0.0000000000000000000 ) ) ;
#3574 = FACE_OUTER_BOUND ( 'NONE', #2022, .T. ) ;
#3575 = DIRECTION ( 'NONE',  ( -0.0000000000000000000, -0.0000000000000000000, -1.000000000000000000 ) ) ;
#3576 = EDGE_CURVE ( 'NONE', #3941, #4111, #3680, .T. ) ;
#3577 = FACE_OUTER_BOUND ( 'NONE', #890, .T. ) ;
#3578 = EDGE_CURVE ( 'NONE', #374, #4008, #1091, .T. ) ;
#3579 = ORIENTED_EDGE ( 'NONE', *, *, #2646, .F. ) ;
#3580 = DIRECTION ( 'NONE',  ( 1.000000000000000000, 0.0000000000000000000, 0.0000000000000000000 ) ) ;
#3581 = LINE ( 'NONE', #1584, #3463 ) ;
#3582 = ADVANCED_FACE ( 'NONE', ( #2290 ), #66, .T. ) ;
#3583 = DIRECTION ( 'NONE',  ( -0.0000000000000000000, -0.0000000000000000000, -1.000000000000000000 ) ) ;
#3584 = DIRECTION ( 'NONE',  ( -0.0000000000000000000, -0.0000000000000000000, -1.000000000000000000 ) ) ;
#3585 = ADVANCED_FACE ( 'NONE', ( #2629, #2788 ), #3273, .T. ) ;
#3586 = ORIENTED_EDGE ( 'NONE', *, *, #4685, .T. ) ;
#3587 = ORIENTED_EDGE ( 'NONE', *, *, #1355, .F. ) ;
#3588 = DIRECTION ( 'NONE',  ( -0.0000000000000000000, -0.0000000000000000000, 1.000000000000000000 ) ) ;
#3589 = CARTESIAN_POINT ( 'NONE',  ( -23.99999999999999600, 41.49999999999998600, -105.0000000000000000 ) ) ;
#3590 = DIRECTION ( 'NONE',  ( -1.000000000000000000, 0.0000000000000000000, 0.0000000000000000000 ) ) ;
#3591 = AXIS2_PLACEMENT_3D ( 'NONE', #814, #4081, #426 ) ;
#3592 = VERTEX_POINT ( 'NONE', #1398 ) ;
#3593 = CARTESIAN_POINT ( 'NONE',  ( -1.250000000000000400, 45.79657571533623200, -68.49999999999998600 ) ) ;
#3594 = CARTESIAN_POINT ( 'NONE',  ( 27.49999999999999600, 42.99999999999999300, -103.5000000000000000 ) ) ;
#3595 = CARTESIAN_POINT ( 'NONE',  ( 0.1665620082149431600, 6.999999999999999100, -108.0000000000000000 ) ) ;
#3596 = DIRECTION ( 'NONE',  ( -1.000000000000000000, 0.0000000000000000000, 0.0000000000000000000 ) ) ;
#3597 = AXIS2_PLACEMENT_3D ( 'NONE', #1094, #2952, #1463 ) ;
#3598 = DIRECTION ( 'NONE',  ( -0.0000000000000000000, 1.000000000000000000, 0.0000000000000000000 ) ) ;
#3599 = ORIENTED_EDGE ( 'NONE', *, *, #315, .F. ) ;
#3600 = DIRECTION ( 'NONE',  ( 0.0000000000000000000, 0.0000000000000000000, -1.000000000000000000 ) ) ;
#3601 = CARTESIAN_POINT ( 'NONE',  ( -38.00000000000000000, 23.99999999999998600, 0.0000000000000000000 ) ) ;
#3602 = EDGE_LOOP ( 'NONE', ( #3359, #3079, #4272, #1661 ) ) ;
#3603 = CARTESIAN_POINT ( 'NONE',  ( -33.99999999999999300, -34.00000000000000000, -103.5000000000000000 ) ) ;
#3604 = ORIENTED_EDGE ( 'NONE', *, *, #93, .T. ) ;
#3605 = ORIENTED_EDGE ( 'NONE', *, *, #4410, .T. ) ;
#3606 = DIRECTION ( 'NONE',  ( -0.0000000000000000000, -0.0000000000000000000, -1.000000000000000000 ) ) ;
#3607 = ORIENTED_EDGE ( 'NONE', *, *, #3140, .T. ) ;
#3608 = CARTESIAN_POINT ( 'NONE',  ( 11.00000000000000700, 48.71259202696843000, -90.50000000000000000 ) ) ;
#3609 = B_SPLINE_CURVE_WITH_KNOTS ( 'NONE', 3,
 ( #236, #1314, #4266, #604, #3174, #989, #2811, #2824, #3918, #627, #3188, #1724, #4280, #3567, #1362, #2095 ),
 .UNSPECIFIED., .F., .F.,
 ( 4, 2, 2, 2, 2, 2, 2, 4 ),
 ( 0.0000000000000000000, 0.0004923018693347640100, 0.0009846037386695280200, 0.001476905608004292200, 0.001969207477339056000, 0.002953811216008584500, 0.003446113085343329000, 0.003938414954678073900 ),
 .UNSPECIFIED. ) ;
#3610 = EDGE_CURVE ( 'NONE', #507, #3151, #1552, .T. ) ;
#3611 = CARTESIAN_POINT ( 'NONE',  ( -43.00000000000000000, 42.99999999999999300, 10.00000000000000000 ) ) ;
#3612 = ORIENTED_EDGE ( 'NONE', *, *, #2221, .T. ) ;
#3613 = ORIENTED_EDGE ( 'NONE', *, *, #2316, .F. ) ;
#3614 = VERTEX_POINT ( 'NONE', #2185 ) ;
#3615 = CARTESIAN_POINT ( 'NONE',  ( 0.0000000000000000000, 0.0000000000000000000, -99.99999999999998600 ) ) ;
#3616 = CARTESIAN_POINT ( 'NONE',  ( 23.99999999999999600, -38.00000000000000700, -105.0000000000000000 ) ) ;
#3617 = LINE ( 'NONE', #2583, #2452 ) ;
#3618 = FACE_OUTER_BOUND ( 'NONE', #2647, .T. ) ;
#3619 = CARTESIAN_POINT ( 'NONE',  ( -27.49999999999999600, -34.00000000000000000, -105.0000000000000000 ) ) ;
#3620 = AXIS2_PLACEMENT_3D ( 'NONE', #2101, #3161, #4675 ) ;
#3621 = FACE_OUTER_BOUND ( 'NONE', #2910, .T. ) ;
#3622 = CARTESIAN_POINT ( 'NONE',  ( 2.168404344971008900E-015, 5.000000000000000000, -110.5000000000000000 ) ) ;
#3623 = FACE_OUTER_BOUND ( 'NONE', #143, .T. ) ;
#3624 = CARTESIAN_POINT ( 'NONE',  ( -2.499999999999997800, 5.000000000000000000, -110.5000000000000000 ) ) ;
#3625 = EDGE_CURVE ( 'NONE', #2307, #2098, #1434, .T. ) ;
#3626 = ORIENTED_EDGE ( 'NONE', *, *, #1503, .T. ) ;
#3627 = DIRECTION ( 'NONE',  ( 1.000000000000000000, 0.0000000000000000000, 0.0000000000000000000 ) ) ;
#3628 = ORIENTED_EDGE ( 'NONE', *, *, #2991, .F. ) ;
#3629 = CARTESIAN_POINT ( 'NONE',  ( 0.7750564257454981600, 47.82163214108175000, -68.49999999999998600 ) ) ;
#3630 = FACE_OUTER_BOUND ( 'NONE', #2818, .T. ) ;
#3631 = APPROVAL ( #3803, 'UNSPECIFIED' ) ;
#3632 = DIRECTION ( 'NONE',  ( 0.0000000000000000000, 0.0000000000000000000, -1.000000000000000000 ) ) ;
#3633 = LINE ( 'NONE', #3166, #2988 ) ;
#3634 = CARTESIAN_POINT ( 'NONE',  ( 43.00000000000000000, 23.99999999999998600, 10.00000000000000000 ) ) ;
#3635 = AXIS2_PLACEMENT_3D ( 'NONE', #248, #987, #1379 ) ;
#3636 = LINE ( 'NONE', #1821, #4137 ) ;
#3637 = DIRECTION ( 'NONE',  ( 0.0000000000000000000, 0.0000000000000000000, -1.000000000000000000 ) ) ;
#3638 = CARTESIAN_POINT ( 'NONE',  ( -33.99999999999999300, -27.50000000000000400, -105.0000000000000000 ) ) ;
#3639 = DIRECTION ( 'NONE',  ( 0.0000000000000000000, 0.0000000000000000000, 1.000000000000000000 ) ) ;
#3640 = FACE_OUTER_BOUND ( 'NONE', #1839, .T. ) ;
#3641 = FACE_OUTER_BOUND ( 'NONE', #1828, .T. ) ;
#3642 = CARTESIAN_POINT ( 'NONE',  ( -40.14999999999999900, 24.49999999999998900, -94.89999999999999100 ) ) ;
#3643 = ORIENTED_EDGE ( 'NONE', *, *, #4599, .F. ) ;
#3644 = CIRCLE ( 'NONE', #4200, 9.000000000000000000 ) ;
#3645 = CARTESIAN_POINT ( 'NONE',  ( 0.0000000000000000000, 49.84668856682723300, -68.49999999999998600 ) ) ;
#3646 = CARTESIAN_POINT ( 'NONE',  ( 2.369606214910318100, 6.587060365341304900, 23.68675039700002200 ) ) ;
#3647 = CARTESIAN_POINT ( 'NONE',  ( -38.00000000000000000, -29.00000000000000000, 0.0000000000000000000 ) ) ;
#3648 = EDGE_LOOP ( 'NONE', ( #1064, #953, #2966, #2429, #116, #1194, #1032, #1248, #4698, #2839, #3721, #3382 ) ) ;
#3649 = EDGE_CURVE ( 'NONE', #1991, #3007, #1464, .T. ) ;
#3650 = EDGE_CURVE ( 'NONE', #2172, #3429, #2514, .T. ) ;
#3651 = EDGE_CURVE ( 'NONE', #4333, #3895, #922, .T. ) ;
#3652 = CARTESIAN_POINT ( 'NONE',  ( 0.0000000000000000000, 0.0000000000000000000, 10.00000000000000000 ) ) ;
#3653 = ORIENTED_EDGE ( 'NONE', *, *, #2411, .F. ) ;
#3654 = CARTESIAN_POINT ( 'NONE',  ( -15.00000000000000000, 52.99999999999999300, -83.49999999999998600 ) ) ;
#3655 = CARTESIAN_POINT ( 'NONE',  ( -2.500000000000000400, 5.000000000000000000, 72.00000000000000000 ) ) ;
#3656 = CARTESIAN_POINT ( 'NONE',  ( 0.0000000000000000000, 0.0000000000000000000, 42.00000000000000000 ) ) ;
#3657 = CARTESIAN_POINT ( 'NONE',  ( -4.336808689942017700E-016, 7.000000000000000000, 21.99999999999999300 ) ) ;
#3658 = AXIS2_PLACEMENT_3D ( 'NONE', #3519, #1735, #3904 ) ;
#3659 = ORIENTED_EDGE ( 'NONE', *, *, #1186, .F. ) ;
#3660 = ORIENTED_EDGE ( 'NONE', *, *, #1799, .F. ) ;
#3661 = CARTESIAN_POINT ( 'NONE',  ( 38.50000000000000000, -24.50000000000000400, -105.0000000000000000 ) ) ;
#3662 = ORIENTED_EDGE ( 'NONE', *, *, #3203, .T. ) ;
#3663 = EDGE_LOOP ( 'NONE', ( #2270, #1188, #3462, #4635 ) ) ;
#3664 = ORIENTED_EDGE ( 'NONE', *, *, #4195, .T. ) ;
#3665 = AXIS2_PLACEMENT_3D ( 'NONE', #4348, #1768, #649 ) ;
#3666 = DIRECTION ( 'NONE',  ( -1.000000000000000000, 0.0000000000000000000, 0.0000000000000000000 ) ) ;
#3667 = DIRECTION ( 'NONE',  ( 0.0000000000000000000, 0.0000000000000000000, -1.000000000000000000 ) ) ;
#3668 = ORIENTED_EDGE ( 'NONE', *, *, #654, .F. ) ;
#3669 = EDGE_LOOP ( 'NONE', ( #2213, #3612, #380, #4402 ) ) ;
#3670 = CARTESIAN_POINT ( 'NONE',  ( -37.00000000000000000, 42.99999999999999300, 0.0000000000000000000 ) ) ;
#3671 = EDGE_LOOP ( 'NONE', ( #4113, #2942, #4617, #2166 ) ) ;
#3672 =( BOUNDED_CURVE ( )  B_SPLINE_CURVE ( 3, ( #3418, #3035, #3756, #1915 ),
 .UNSPECIFIED., .F., .F. ) 
 B_SPLINE_CURVE_WITH_KNOTS ( ( 4, 4 ),
 ( 3.141592653589793100, 4.712388980384689700 ),
 .UNSPECIFIED. ) 
 CURVE ( )  GEOMETRIC_REPRESENTATION_ITEM ( )  RATIONAL_B_SPLINE_CURVE ( ( 1.000000000000000000, 0.8047378541243649400, 0.8047378541243649400, 1.000000000000000000 ) ) 
 REPRESENTATION_ITEM ( '' )  );
#3673 = CIRCLE ( 'NONE', #1234, 5.999999999999998200 ) ;
#3674 = ORIENTED_EDGE ( 'NONE', *, *, #3879, .T. ) ;
#3675 = DIRECTION ( 'NONE',  ( -0.0000000000000000000, -0.0000000000000000000, -1.000000000000000000 ) ) ;
#3676 = ORIENTED_EDGE ( 'NONE', *, *, #3827, .F. ) ;
#3677 = EDGE_CURVE ( 'NONE', #445, #4753, #2010, .T. ) ;
#3678 = CARTESIAN_POINT ( 'NONE',  ( 0.0000000000000000000, 0.0000000000000000000, -133.0000000000000000 ) ) ;
#3679 = FACE_OUTER_BOUND ( 'NONE', #2560, .T. ) ;
#3680 = CIRCLE ( 'NONE', #1869, 2.500000000000002200 ) ;
#3681 = CARTESIAN_POINT ( 'NONE',  ( 0.7750564257454981600, 47.82163214108175000, -73.50000000000000000 ) ) ;
#3682 = VECTOR ( 'NONE', #4670, 1000.000000000000000 ) ;
#3683 = EDGE_CURVE ( 'NONE', #2605, #2822, #2176, .T. ) ;
#3684 = CARTESIAN_POINT ( 'NONE',  ( 0.0000000000000000000, 0.0000000000000000000, -133.0000000000000000 ) ) ;
#3685 = LINE ( 'NONE', #1384, #1096 ) ;
#3686 = VERTEX_POINT ( 'NONE', #1117 ) ;
#3687 = AXIS2_PLACEMENT_3D ( 'NONE', #2487, #717, #1406 ) ;
#3688 = DIRECTION ( 'NONE',  ( 0.0000000000000000000, -1.000000000000000000, 0.0000000000000000000 ) ) ;
#3689 = CARTESIAN_POINT ( 'NONE',  ( 38.04000000000002800, -34.78999999999997100, 0.0000000000000000000 ) ) ;
#3690 = CARTESIAN_POINT ( 'NONE',  ( -1.986930464147630200, 6.712756531240944300, 22.97402198855603900 ) ) ;
#3691 = LINE ( 'NONE', #4082, #409 ) ;
#3692 = ADVANCED_FACE ( 'NONE', ( #3499 ), #2275, .F. ) ;
#3693 = CARTESIAN_POINT ( 'NONE',  ( 34.00000000000000000, -27.50000000000000400, -105.0000000000000000 ) ) ;
#3694 = VECTOR ( 'NONE', #2399, 1000.000000000000000 ) ;
#3695 = LINE ( 'NONE', #4095, #2360 ) ;
#3696 = AXIS2_PLACEMENT_3D ( 'NONE', #150, #1968, #4203 ) ;
#3697 = CARTESIAN_POINT ( 'NONE',  ( 0.0000000000000000000, 45.79657571533623200, -68.49999999999998600 ) ) ;
#3698 = FACE_OUTER_BOUND ( 'NONE', #3116, .T. ) ;
#3699 = CARTESIAN_POINT ( 'NONE',  ( -0.7750564257454981600, 47.82163214108172900, -73.50000000000000000 ) ) ;
#3700 = FACE_OUTER_BOUND ( 'NONE', #2817, .T. ) ;
#3701 = ORIENTED_EDGE ( 'NONE', *, *, #3789, .F. ) ;
#3702 = CIRCLE ( 'NONE', #2035, 7.000000000000000000 ) ;
#3703 = PLANE ( 'NONE',  #2198 ) ;
#3704 = DIRECTION ( 'NONE',  ( 1.000000000000000000, 0.0000000000000000000, 0.0000000000000000000 ) ) ;
#3705 = ORIENTED_EDGE ( 'NONE', *, *, #3168, .F. ) ;
#3706 = ORIENTED_EDGE ( 'NONE', *, *, #1326, .T. ) ;
#3707 = ADVANCED_FACE ( 'NONE', ( #680 ), #2047, .F. ) ;
#3708 = DIRECTION ( 'NONE',  ( 0.5735764363510440500, -0.8191520442889931300, -0.0000000000000000000 ) ) ;
#3709 = CARTESIAN_POINT ( 'NONE',  ( -27.49999999999999600, -34.00000000000000000, -105.0000000000000000 ) ) ;
#3710 = AXIS2_PLACEMENT_3D ( 'NONE', #2827, #2425, #1006 ) ;
#3711 = ORIENTED_EDGE ( 'NONE', *, *, #686, .F. ) ;
#3712 = EDGE_CURVE ( 'NONE', #3941, #3365, #566, .T. ) ;
#3713 = EDGE_CURVE ( 'NONE', #3550, #3248, #4487, .T. ) ;
#3714 = EDGE_CURVE ( 'NONE', #2106, #1467, #9, .T. ) ;
#3715 = DIRECTION ( 'NONE',  ( 0.0000000000000000000, 0.0000000000000000000, -1.000000000000000000 ) ) ;
#3716 = DIRECTION ( 'NONE',  ( 0.0000000000000000000, 0.0000000000000000000, 1.000000000000000000 ) ) ;
#3717 = CARTESIAN_POINT ( 'NONE',  ( 2.500000000000002200, 6.179959185359336100, -132.8338838288990800 ) ) ;
#3718 = PLANE ( 'NONE',  #3981 ) ;
#3719 = AXIS2_PLACEMENT_3D ( 'NONE', #284, #3996, #2149 ) ;
#3720 = ORIENTED_EDGE ( 'NONE', *, *, #3879, .F. ) ;
#3721 = ORIENTED_EDGE ( 'NONE', *, *, #293, .T. ) ;
#3722 = CARTESIAN_POINT ( 'NONE',  ( 22.84999999999999800, 38.49999999999999300, -104.4999999999999900 ) ) ;
#3723 = EDGE_CURVE ( 'NONE', #2943, #3994, #4644, .T. ) ;
#3724 = ORIENTED_EDGE ( 'NONE', *, *, #3997, .T. ) ;
#3725 = ORIENTED_EDGE ( 'NONE', *, *, #3649, .T. ) ;
#3726 = ORIENTED_EDGE ( 'NONE', *, *, #2041, .T. ) ;
#3727 = ORIENTED_EDGE ( 'NONE', *, *, #515, .F. ) ;
#3728 = AXIS2_PLACEMENT_3D ( 'NONE', #1829, #2882, #4378 ) ;
#3729 = ORIENTED_EDGE ( 'NONE', *, *, #1456, .T. ) ;
#3730 = CARTESIAN_POINT ( 'NONE',  ( -24.49999999999999600, -38.50000000000000700, -94.89999999999999100 ) ) ;
#3731 = VECTOR ( 'NONE', #3154, 1000.000000000000000 ) ;
#3732 = DIRECTION ( 'NONE',  ( -3.469446951953611000E-015, 1.000000000000000000, 0.0000000000000000000 ) ) ;
#3733 = TOROIDAL_SURFACE ( 'NONE', #3929, 3.500000000000000000, 1.500000000000000000 ) ;
#3734 = CARTESIAN_POINT ( 'NONE',  ( 24.49999999999999600, 38.49999999999999300, -104.4999999999999900 ) ) ;
#3735 = ADVANCED_FACE ( 'NONE', ( #4355 ), #4294, .F. ) ;
#3736 = ORIENTED_EDGE ( 'NONE', *, *, #358, .F. ) ;
#3737 = FACE_OUTER_BOUND ( 'NONE', #3669, .T. ) ;
#3738 = DIRECTION ( 'NONE',  ( -0.0000000000000000000, -0.0000000000000000000, 1.000000000000000000 ) ) ;
#3739 = CIRCLE ( 'NONE', #1128, 9.000000000000000000 ) ;
#3740 = FACE_OUTER_BOUND ( 'NONE', #2157, .T. ) ;
#3741 = CARTESIAN_POINT ( 'NONE',  ( -7.997924617902913100, 52.99999999999999300, -96.50000000000001400 ) ) ;
#3742 = EDGE_LOOP ( 'NONE', ( #3129, #4267, #848, #2287 ) ) ;
#3743 = CC_DESIGN_APPROVAL ( #3231, ( #3136 ) ) ;
#3744 = EDGE_CURVE ( 'NONE', #3124, #3549, #3617, .T. ) ;
#3745 = LINE ( 'NONE', #3634, #20 ) ;
#3746 = EDGE_CURVE ( 'NONE', #4114, #1775, #2227, .T. ) ;
#3747 = CARTESIAN_POINT ( 'NONE',  ( 19.13546597130016000, 91.75049768612581100, -57.74950231387434500 ) ) ;
#3748 = LINE ( 'NONE', #4217, #2742 ) ;
#3749 = DIRECTION ( 'NONE',  ( -1.000000000000000000, 0.0000000000000000000, 0.0000000000000000000 ) ) ;
#3750 = AXIS2_PLACEMENT_3D ( 'NONE', #3697, #2577, #2940 ) ;
#3751 = CARTESIAN_POINT ( 'NONE',  ( 2.025056425745498600, 47.82163214108175000, -68.49999999999998600 ) ) ;
#3752 = DIRECTION ( 'NONE',  ( -0.0000000000000000000, -1.000000000000000000, 0.0000000000000000000 ) ) ;
#3753 = LINE ( 'NONE', #2983, #4658 ) ;
#3754 = AXIS2_PLACEMENT_3D ( 'NONE', #1130, #3667, #1469 ) ;
#3755 = PERSON_AND_ORGANIZATION ( #821, #4726 ) ;
#3756 = CARTESIAN_POINT ( 'NONE',  ( -9.535533905932734200, 50.80406636015202800, -90.50000000000000000 ) ) ;
#3757 = DIRECTION ( 'NONE',  ( -1.000000000000000000, 0.0000000000000000000, 0.0000000000000000000 ) ) ;
#3758 = LINE ( 'NONE', #3024, #2748 ) ;
#3759 = CIRCLE ( 'NONE', #3591, 1.500000000000001300 ) ;
#3760 = DIRECTION ( 'NONE',  ( 0.0000000000000000000, 0.0000000000000000000, -1.000000000000000000 ) ) ;
#3761 = VECTOR ( 'NONE', #4714, 1000.000000000000000 ) ;
#3762 = ADVANCED_FACE ( 'NONE', ( #2394 ), #3718, .T. ) ;
#3763 = AXIS2_PLACEMENT_3D ( 'NONE', #3799, #2665, #1941 ) ;
#3764 = ORIENTED_EDGE ( 'NONE', *, *, #2769, .T. ) ;
#3765 = LINE ( 'NONE', #1922, #2755 ) ;
#3766 = DIRECTION ( 'NONE',  ( 1.000000000000000000, 0.0000000000000000000, -0.0000000000000000000 ) ) ;
#3767 = ORIENTED_EDGE ( 'NONE', *, *, #4156, .T. ) ;
#3768 = CARTESIAN_POINT ( 'NONE',  ( 38.04000000000002800, -34.78999999999997100, 10.00000000000000000 ) ) ;
#3769 = ORIENTED_EDGE ( 'NONE', *, *, #2465, .F. ) ;
#3770 = EDGE_CURVE ( 'NONE', #423, #2076, #3254, .T. ) ;
#3771 = CARTESIAN_POINT ( 'NONE',  ( 0.0000000000000000000, 0.0000000000000000000, 0.0000000000000000000 ) ) ;
#3772 = EDGE_CURVE ( 'NONE', #4115, #1557, #221, .T. ) ;
#3773 = CARTESIAN_POINT ( 'NONE',  ( 4.000000000000000900, 47.82163214108173600, -73.50000000000000000 ) ) ;
#3774 = DIRECTION ( 'NONE',  ( -1.000000000000000000, -0.0000000000000000000, -0.0000000000000000000 ) ) ;
#3775 = AXIS2_PLACEMENT_3D ( 'NONE', #4240, #218, #4626 ) ;
#3776 = VERTEX_POINT ( 'NONE', #1226 ) ;
#3777 = ORIENTED_EDGE ( 'NONE', *, *, #176, .F. ) ;
#3778 = CARTESIAN_POINT ( 'NONE',  ( 0.0000000000000000000, -41.50000000000000000, -103.5000000000000000 ) ) ;
#3779 = VERTEX_POINT ( 'NONE', #1211 ) ;
#3780 = DIRECTION ( 'NONE',  ( -0.0000000000000000000, -0.0000000000000000000, 1.000000000000000000 ) ) ;
#3781 = ORIENTED_EDGE ( 'NONE', *, *, #138, .T. ) ;
#3782 = VERTEX_POINT ( 'NONE', #4502 ) ;
#3783 = ADVANCED_FACE ( 'NONE', ( #2284 ), #280, .T. ) ;
#3784 = CARTESIAN_POINT ( 'NONE',  ( 0.0000000000000000000, 0.0000000000000000000, 42.00000000000000000 ) ) ;
#3785 = ORIENTED_EDGE ( 'NONE', *, *, #272, .F. ) ;
#3786 = APPLICATION_CONTEXT ( 'configuration controlled 3d designs of mechanical parts and assemblies' ) ;
#3787 = DIRECTION ( 'NONE',  ( 1.040834085586083300E-014, -1.000000000000000000, 0.0000000000000000000 ) ) ;
#3788 = ORIENTED_EDGE ( 'NONE', *, *, #3326, .F. ) ;
#3789 = EDGE_CURVE ( 'NONE', #852, #2722, #447, .T. ) ;
#3790 = VECTOR ( 'NONE', #4652, 1000.000000000000200 ) ;
#3791 = ORIENTED_EDGE ( 'NONE', *, *, #85, .F. ) ;
#3792 = ORIENTED_EDGE ( 'NONE', *, *, #1581, .T. ) ;
#3793 = FACE_OUTER_BOUND ( 'NONE', #1594, .T. ) ;
#3794 = FACE_OUTER_BOUND ( 'NONE', #585, .T. ) ;
#3795 = VECTOR ( 'NONE', #360, 1000.000000000000000 ) ;
#3796 = CARTESIAN_POINT ( 'NONE',  ( 11.00000000000000700, 48.71259202696843000, -90.50000000000000000 ) ) ;
#3797 = ORIENTED_EDGE ( 'NONE', *, *, #964, .F. ) ;
#3798 = DIRECTION ( 'NONE',  ( 1.000000000000000000, -0.0000000000000000000, 0.0000000000000000000 ) ) ;
#3799 = CARTESIAN_POINT ( 'NONE',  ( 36.99999999999999300, 36.99999999999999300, 10.00000000000000000 ) ) ;
#3800 = LINE ( 'NONE', #3239, #2180 ) ;
#3801 = ORIENTED_EDGE ( 'NONE', *, *, #3959, .F. ) ;
#3802 = CARTESIAN_POINT ( 'NONE',  ( -15.00000000000000000, 42.99999999999999300, -103.5000000000000000 ) ) ;
#3803 = APPROVAL_STATUS ( 'not_yet_approved' ) ;
#3804 = CYLINDRICAL_SURFACE ( 'NONE', #906, 5.000000000000000900 ) ;
#3805 = EDGE_CURVE ( 'NONE', #1889, #4326, #674, .T. ) ;
#3806 = ADVANCED_FACE ( 'NONE', ( #1260 ), #2108, .F. ) ;
#3807 = EDGE_CURVE ( 'NONE', #1889, #42, #3318, .T. ) ;
#3808 = ADVANCED_FACE ( 'NONE', ( #2342, #619 ), #2683, .F. ) ;
#3809 = VECTOR ( 'NONE', #2246, 1000.000000000000100 ) ;
#3810 = CARTESIAN_POINT ( 'NONE',  ( -41.50000000000000000, -24.00000000000000000, -105.0000000000000000 ) ) ;
#3811 = DIRECTION ( 'NONE',  ( 0.0000000000000000000, 0.0000000000000000000, -1.000000000000000000 ) ) ;
#3812 = LINE ( 'NONE', #3818, #4027 ) ;
#3813 = AXIS2_PLACEMENT_3D ( 'NONE', #4429, #1153, #4019 ) ;
#3814 = PERSON_AND_ORGANIZATION ( #821, #4726 ) ;
#3815 = DIRECTION ( 'NONE',  ( 0.0000000000000000000, 0.0000000000000000000, 1.000000000000000000 ) ) ;
#3816 = LINE ( 'NONE', #926, #1909 ) ;
#3817 = EDGE_CURVE ( 'NONE', #3994, #2569, #1367, .T. ) ;
#3818 = CARTESIAN_POINT ( 'NONE',  ( -38.04000000000000600, 34.78999999999999900, 0.0000000000000000000 ) ) ;
#3819 = ORIENTED_EDGE ( 'NONE', *, *, #2859, .T. ) ;
#3820 = AXIS2_PLACEMENT_3D ( 'NONE', #4055, #1465, #1867 ) ;
#3821 = VERTEX_POINT ( 'NONE', #4136 ) ;
#3822 = DIRECTION ( 'NONE',  ( -0.0000000000000000000, -0.0000000000000000000, 1.000000000000000000 ) ) ;
#3823 = VERTEX_POINT ( 'NONE', #2692 ) ;
#3824 = CARTESIAN_POINT ( 'NONE',  ( -10.99999999999999600, 44.99999999999999300, -93.00000000000000000 ) ) ;
#3825 = ORIENTED_EDGE ( 'NONE', *, *, #622, .F. ) ;
#3826 = ADVANCED_FACE ( 'NONE', ( #1145 ), #3200, .F. ) ;
#3827 = EDGE_CURVE ( 'NONE', #268, #1236, #4701, .T. ) ;
#3828 = EDGE_CURVE ( 'NONE', #42, #1093, #168, .T. ) ;
#3829 = ORIENTED_EDGE ( 'NONE', *, *, #2061, .F. ) ;
#3830 = VERTEX_POINT ( 'NONE', #2293 ) ;
#3831 = CARTESIAN_POINT ( 'NONE',  ( 0.0000000000000000000, 0.0000000000000000000, 46.50000000000000700 ) ) ;
#3832 = AXIS2_PLACEMENT_3D ( 'NONE', #1773, #670, #4728 ) ;
#3833 = EDGE_LOOP ( 'NONE', ( #2265, #1786, #1932, #3367 ) ) ;
#3834 = ORIENTED_EDGE ( 'NONE', *, *, #1503, .F. ) ;
#3835 = DIRECTION ( 'NONE',  ( 0.0000000000000000000, 0.0000000000000000000, 1.000000000000000000 ) ) ;
#3836 = DIRECTION ( 'NONE',  ( -1.000000000000000000, 0.0000000000000000000, 0.0000000000000000000 ) ) ;
#3837 = AXIS2_PLACEMENT_3D ( 'NONE', #575, #988, #587 ) ;
#3838 = CARTESIAN_POINT ( 'NONE',  ( -43.00000000000000000, 36.99999999999998600, 10.00000000000000000 ) ) ;
#3839 = ORIENTED_EDGE ( 'NONE', *, *, #3650, .F. ) ;
#3840 = ORIENTED_EDGE ( 'NONE', *, *, #4450, .T. ) ;
#3841 = VECTOR ( 'NONE', #899, 1000.000000000000000 ) ;
#3842 = CIRCLE ( 'NONE', #3249, 1.500000000000001300 ) ;
#3843 = DIRECTION ( 'NONE',  ( -0.0000000000000000000, -0.0000000000000000000, 1.000000000000000000 ) ) ;
#3844 = EDGE_LOOP ( 'NONE', ( #533, #3253, #4166, #3829 ) ) ;
#3845 = AXIS2_PLACEMENT_3D ( 'NONE', #4149, #3072, #4530 ) ;
#3846 = CIRCLE ( 'NONE', #2581, 2.500000000000002200 ) ;
#3847 = CIRCLE ( 'NONE', #694, 3.250000000000002700 ) ;
#3848 = FACE_OUTER_BOUND ( 'NONE', #4105, .T. ) ;
#3849 = DIRECTION ( 'NONE',  ( -0.0000000000000000000, -0.0000000000000000000, -1.000000000000000000 ) ) ;
#3850 = LINE ( 'NONE', #4021, #517 ) ;
#3851 = CARTESIAN_POINT ( 'NONE',  ( -38.00000000000000000, -24.00000000000000000, -105.0000000000000000 ) ) ;
#3852 = DIRECTION ( 'NONE',  ( -1.000000000000000000, 0.0000000000000000000, 0.0000000000000000000 ) ) ;
#3853 = EDGE_CURVE ( 'NONE', #1602, #3995, #3029, .T. ) ;
#3854 = CARTESIAN_POINT ( 'NONE',  ( 0.0000000000000000000, 0.0000000000000000000, 11.60000000000000100 ) ) ;
#3855 = CONICAL_SURFACE ( 'NONE', #172, 1.649999999999998600, 1.029744258676653600 ) ;
#3856 = CARTESIAN_POINT ( 'NONE',  ( -43.00000000000000000, 36.99999999999998600, 10.00000000000000000 ) ) ;
#3857 = VECTOR ( 'NONE', #3583, 1000.000000000000000 ) ;
#3858 = AXIS2_PLACEMENT_3D ( 'NONE', #3532, #639, #630 ) ;
#3859 = EDGE_CURVE ( 'NONE', #2680, #254, #4066, .T. ) ;
#3860 = CARTESIAN_POINT ( 'NONE',  ( -23.99999999999999600, -43.00000000000000000, -103.5000000000000000 ) ) ;
#3861 = VECTOR ( 'NONE', #2524, 1000.000000000000000 ) ;
#3862 = FACE_OUTER_BOUND ( 'NONE', #2621, .T. ) ;
#3863 = CARTESIAN_POINT ( 'NONE',  ( 43.00000000000000000, 36.99999999999999300, 0.0000000000000000000 ) ) ;
#3864 = AXIS2_PLACEMENT_3D ( 'NONE', #4752, #1833, #2543 ) ;
#3865 = ORIENTED_EDGE ( 'NONE', *, *, #1987, .T. ) ;
#3866 = CIRCLE ( 'NONE', #3750, 1.250000000000000400 ) ;
#3867 = CARTESIAN_POINT ( 'NONE',  ( -43.00000000000000000, -24.00000000000000000, -103.5000000000000000 ) ) ;
#3868 = DIRECTION ( 'NONE',  ( -0.0000000000000000000, 0.0000000000000000000, -1.000000000000000000 ) ) ;
#3869 = ORIENTED_EDGE ( 'NONE', *, *, #1836, .T. ) ;
#3870 = B_SPLINE_CURVE_WITH_KNOTS ( 'NONE', 3,
 ( #2937, #2191, #1457, #3970, #3999, #4032, #681, #4366, #3264, #4406, #3307, #3646, #2152, #1830, #4738, #10 ),
 .UNSPECIFIED., .F., .F.,
 ( 4, 2, 2, 2, 2, 2, 2, 4 ),
 ( 0.0000000000000000000, 0.0004923018693347602100, 0.0009846037386695204300, 0.001476905608004280500, 0.001969207477339040900, 0.002953811216008559300, 0.003446113085343314200, 0.003938414954678068700 ),
 .UNSPECIFIED. ) ;
#3871 = CARTESIAN_POINT ( 'NONE',  ( 24.49999999999999300, 38.49999999999999300, -93.90857997860452100 ) ) ;
#3872 = EDGE_LOOP ( 'NONE', ( #1127, #154, #3387, #3081 ) ) ;
#3873 = CARTESIAN_POINT ( 'NONE',  ( 33.99999999999999300, 33.99999999999998600, 0.0000000000000000000 ) ) ;
#3874 = DIRECTION ( 'NONE',  ( 0.0000000000000000000, 0.0000000000000000000, 1.000000000000000000 ) ) ;
#3875 = ORIENTED_EDGE ( 'NONE', *, *, #4520, .F. ) ;
#3876 = DIRECTION ( 'NONE',  ( -0.0000000000000000000, -0.0000000000000000000, -1.000000000000000000 ) ) ;
#3877 = ORIENTED_EDGE ( 'NONE', *, *, #358, .T. ) ;
#3878 = ORIENTED_EDGE ( 'NONE', *, *, #4152, .F. ) ;
#3879 = EDGE_CURVE ( 'NONE', #4673, #4114, #1486, .T. ) ;
#3880 = DIRECTION ( 'NONE',  ( 0.0000000000000000000, 0.0000000000000000000, 1.000000000000000000 ) ) ;
#3881 = ORIENTED_EDGE ( 'NONE', *, *, #3714, .T. ) ;
#3882 = EDGE_LOOP ( 'NONE', ( #705, #2384, #2830, #1297 ) ) ;
#3883 = EDGE_CURVE ( 'NONE', #1665, #903, #339, .T. ) ;
#3884 = EDGE_CURVE ( 'NONE', #1476, #4328, #2724, .T. ) ;
#3885 = DIRECTION ( 'NONE',  ( -1.000000000000000000, 0.0000000000000000000, 0.0000000000000000000 ) ) ;
#3886 = ORIENTED_EDGE ( 'NONE', *, *, #2888, .F. ) ;
#3887 = ORIENTED_EDGE ( 'NONE', *, *, #2061, .T. ) ;
#3888 = ADVANCED_FACE ( 'NONE', ( #1993 ), #1028, .T. ) ;
#3889 = DIRECTION ( 'NONE',  ( -0.0000000000000000000, -0.0000000000000000000, 1.000000000000000000 ) ) ;
#3890 = ORIENTED_EDGE ( 'NONE', *, *, #4463, .F. ) ;
#3891 = CARTESIAN_POINT ( 'NONE',  ( 38.00000000000000000, -29.00000000000000400, 0.0000000000000000000 ) ) ;
#3892 = CIRCLE ( 'NONE', #2233, 1.500000000000001300 ) ;
#3893 = FACE_OUTER_BOUND ( 'NONE', #3251, .T. ) ;
#3894 = DIRECTION ( 'NONE',  ( -0.0000000000000000000, 1.000000000000000000, 0.0000000000000000000 ) ) ;
#3895 = VERTEX_POINT ( 'NONE', #4633 ) ;
#3896 = ORIENTED_EDGE ( 'NONE', *, *, #3015, .F. ) ;
#3897 = AXIS2_PLACEMENT_3D ( 'NONE', #865, #2372, #170 ) ;
#3898 = CARTESIAN_POINT ( 'NONE',  ( -33.99999999999999300, -34.00000000000000000, -103.5000000000000000 ) ) ;
#3899 = CONICAL_SURFACE ( 'NONE', #2331, 1.649999999999998600, 1.029744258676652800 ) ;
#3900 = FACE_OUTER_BOUND ( 'NONE', #1393, .T. ) ;
#3901 = CYLINDRICAL_SURFACE ( 'NONE', #1791, 1.250000000000000400 ) ;
#3902 = EDGE_LOOP ( 'NONE', ( #3934, #51, #3586, #4289 ) ) ;
#3903 = CIRCLE ( 'NONE', #2124, 5.000000000000000900 ) ;
#3904 = DIRECTION ( 'NONE',  ( -1.000000000000000000, 0.0000000000000000000, 0.0000000000000000000 ) ) ;
#3905 = ORIENTED_EDGE ( 'NONE', *, *, #2670, .F. ) ;
#3906 = CARTESIAN_POINT ( 'NONE',  ( -33.99999999999999300, -27.50000000000000400, -103.5000000000000000 ) ) ;
#3907 = FACE_BOUND ( 'NONE', #1760, .T. ) ;
#3908 = DIRECTION ( 'NONE',  ( 0.0000000000000000000, 1.000000000000000000, 0.0000000000000000000 ) ) ;
#3909 = DIRECTION ( 'NONE',  ( -1.000000000000000000, 0.0000000000000000000, 0.0000000000000000000 ) ) ;
#3910 = CARTESIAN_POINT ( 'NONE',  ( 25.71787683086650800, 0.0000000000000000000, 10.00000000000000000 ) ) ;
#3911 = VECTOR ( 'NONE', #1810, 1000.000000000000000 ) ;
#3912 = EDGE_CURVE ( 'NONE', #4649, #805, #1544, .T. ) ;
#3913 = CARTESIAN_POINT ( 'NONE',  ( -28.99999999999999600, -34.00000000000000000, 0.0000000000000000000 ) ) ;
#3914 = EDGE_CURVE ( 'NONE', #1822, #3128, #4182, .T. ) ;
#3915 = ADVANCED_FACE ( 'NONE', ( #2168 ), #4247, .F. ) ;
#3916 = VECTOR ( 'NONE', #4192, 1000.000000000000000 ) ;
#3917 = CARTESIAN_POINT ( 'NONE',  ( -2.499999999999997800, 6.538348415311011400, -132.5000000000000000 ) ) ;
#3918 = CARTESIAN_POINT ( 'NONE',  ( -1.653570173618269300, 6.802914264292843100, -108.6180322828724800 ) ) ;
#3919 = DIRECTION ( 'NONE',  ( -1.000000000000000000, 0.0000000000000000000, 0.0000000000000000000 ) ) ;
#3920 = CYLINDRICAL_SURFACE ( 'NONE', #278, 1.250000000000000400 ) ;
#3921 = CARTESIAN_POINT ( 'NONE',  ( 38.00000000000000000, 27.49999999999998900, -105.0000000000000000 ) ) ;
#3922 = CARTESIAN_POINT ( 'NONE',  ( 40.14999999999999900, -24.50000000000000400, -104.5000000000000400 ) ) ;
#3923 = VERTEX_POINT ( 'NONE', #4201 ) ;
#3924 = DIRECTION ( 'NONE',  ( 0.0000000000000000000, 0.0000000000000000000, -1.000000000000000000 ) ) ;
#3925 = ORIENTED_EDGE ( 'NONE', *, *, #2970, .T. ) ;
#3926 = ORIENTED_EDGE ( 'NONE', *, *, #780, .T. ) ;
#3927 = DIRECTION ( 'NONE',  ( 1.000000000000000000, 0.0000000000000000000, 0.0000000000000000000 ) ) ;
#3928 = DIRECTION ( 'NONE',  ( -1.000000000000000000, 0.0000000000000000000, 0.0000000000000000000 ) ) ;
#3929 = AXIS2_PLACEMENT_3D ( 'NONE', #732, #1815, #1405 ) ;
#3930 = ORIENTED_EDGE ( 'NONE', *, *, #3805, .T. ) ;
#3931 = PLANE ( 'NONE',  #2264 ) ;
#3932 = DIRECTION ( 'NONE',  ( 1.000000000000000000, 0.0000000000000000000, 0.0000000000000000000 ) ) ;
#3933 = ADVANCED_FACE ( 'NONE', ( #1301 ), #1696, .F. ) ;
#3934 = ORIENTED_EDGE ( 'NONE', *, *, #1272, .F. ) ;
#3935 = DIRECTION ( 'NONE',  ( 0.0000000000000000000, 0.0000000000000000000, -1.000000000000000000 ) ) ;
#3936 = ORIENTED_EDGE ( 'NONE', *, *, #3392, .T. ) ;
#3937 = ORIENTED_EDGE ( 'NONE', *, *, #1215, .T. ) ;
#3938 = DIRECTION ( 'NONE',  ( 0.0000000000000000000, 0.0000000000000000000, -1.000000000000000000 ) ) ;
#3939 = ORIENTED_EDGE ( 'NONE', *, *, #2489, .F. ) ;
#3940 = DIRECTION ( 'NONE',  ( 0.0000000000000000000, -0.0000000000000000000, -1.000000000000000000 ) ) ;
#3941 = VERTEX_POINT ( 'NONE', #3090 ) ;
#3942 = VERTEX_POINT ( 'NONE', #2026 ) ;
#3943 = AXIS2_PLACEMENT_3D ( 'NONE', #634, #1389, #4327 ) ;
#3944 = EDGE_CURVE ( 'NONE', #669, #472, #3375, .T. ) ;
#3945 = CARTESIAN_POINT ( 'NONE',  ( -23.99999999999999600, 37.99999999999999300, -105.0000000000000000 ) ) ;
#3946 = CARTESIAN_POINT ( 'NONE',  ( 34.79000000000002000, -34.78999999999997100, 0.0000000000000000000 ) ) ;
#3947 = EDGE_CURVE ( 'NONE', #1288, #2045, #60, .T. ) ;
#3948 = EDGE_LOOP ( 'NONE', ( #3660, #4062, #1838, #2313 ) ) ;
#3949 = EDGE_CURVE ( 'NONE', #1422, #3308, #3135, .T. ) ;
#3950 = EDGE_LOOP ( 'NONE', ( #547, #1637, #145, #214 ) ) ;
#3951 = VECTOR ( 'NONE', #4119, 1000.000000000000000 ) ;
#3952 = CYLINDRICAL_SURFACE ( 'NONE', #3006, 4.999999999999997300 ) ;
#3953 = CARTESIAN_POINT ( 'NONE',  ( 8.500000000000005300, 44.99999999999999300, -95.50000000000000000 ) ) ;
#3954 = VERTEX_POINT ( 'NONE', #2766 ) ;
#3955 = AXIS2_PLACEMENT_3D ( 'NONE', #802, #3394, #4134 ) ;
#3956 = VECTOR ( 'NONE', #4500, 1000.000000000000000 ) ;
#3957 = VECTOR ( 'NONE', #3074, 1000.000000000000100 ) ;
#3958 = VECTOR ( 'NONE', #1881, 1000.000000000000000 ) ;
#3959 = EDGE_CURVE ( 'NONE', #1826, #3823, #3439, .T. ) ;
#3960 = CARTESIAN_POINT ( 'NONE',  ( 33.99999999999999300, -29.00000000000000400, -105.0000000000000000 ) ) ;
#3961 = DIRECTION ( 'NONE',  ( -0.0000000000000000000, -0.0000000000000000000, -1.000000000000000000 ) ) ;
#3962 = CIRCLE ( 'NONE', #3687, 1.500000000000001300 ) ;
#3963 = CARTESIAN_POINT ( 'NONE',  ( 36.50000000000000000, 4.469960816887838400E-015, 11.60000000000000100 ) ) ;
#3964 = DIRECTION ( 'NONE',  ( 0.0000000000000000000, 0.0000000000000000000, 1.000000000000000000 ) ) ;
#3965 = LINE ( 'NONE', #4261, #2007 ) ;
#3966 = AXIS2_PLACEMENT_3D ( 'NONE', #281, #4442, #2826 ) ;
#3967 = DIRECTION ( 'NONE',  ( -1.000000000000000000, 0.0000000000000000000, 0.0000000000000000000 ) ) ;
#3968 = DIRECTION ( 'NONE',  ( 0.0000000000000000000, -1.000000000000000000, 0.0000000000000000000 ) ) ;
#3969 = CIRCLE ( 'NONE', #539, 9.000000000000000000 ) ;
#3970 = CARTESIAN_POINT ( 'NONE',  ( 0.6513527786893790200, 6.971489897067985300, 22.08078980135509500 ) ) ;
#3971 = DIRECTION ( 'NONE',  ( 0.0000000000000000000, 0.0000000000000000000, -1.000000000000000000 ) ) ;
#3972 = FACE_OUTER_BOUND ( 'NONE', #499, .T. ) ;
#3973 = DIRECTION ( 'NONE',  ( 0.0000000000000000000, 0.0000000000000000000, -1.000000000000000000 ) ) ;
#3974 = EDGE_CURVE ( 'NONE', #2105, #4213, #1199, .T. ) ;
#3975 = CIRCLE ( 'NONE', #4545, 1.250000000000001100 ) ;
#3976 = EDGE_CURVE ( 'NONE', #2975, #626, #503, .T. ) ;
#3977 = EDGE_LOOP ( 'NONE', ( #1235, #1479, #159, #2969 ) ) ;
#3978 = VECTOR ( 'NONE', #26, 1000.000000000000000 ) ;
#3979 = PLANE ( 'NONE',  #4610 ) ;
#3980 = DIRECTION ( 'NONE',  ( 0.0000000000000000000, -0.0000000000000000000, -1.000000000000000000 ) ) ;
#3981 = AXIS2_PLACEMENT_3D ( 'NONE', #1926, #874, #3400 ) ;
#3982 = ORIENTED_EDGE ( 'NONE', *, *, #2002, .T. ) ;
#3983 = CARTESIAN_POINT ( 'NONE',  ( 0.0000000000000000000, 45.79657571533623200, -68.49999999999998600 ) ) ;
#3984 = VERTEX_POINT ( 'NONE', #4574 ) ;
#3985 = DIRECTION ( 'NONE',  ( 1.000000000000000000, 0.0000000000000000000, 0.0000000000000000000 ) ) ;
#3986 = DIRECTION ( 'NONE',  ( 1.000000000000000000, 0.0000000000000000000, 0.0000000000000000000 ) ) ;
#3987 = AXIS2_PLACEMENT_3D ( 'NONE', #3515, #555, #2037 ) ;
#3988 = EDGE_LOOP ( 'NONE', ( #4132, #1139, #332 ) ) ;
#3989 = CARTESIAN_POINT ( 'NONE',  ( 28.99999999999999600, -38.00000000000000700, 0.0000000000000000000 ) ) ;
#3990 = CARTESIAN_POINT ( 'NONE',  ( -37.00000000000000000, -43.00000000000000000, 10.00000000000000000 ) ) ;
#3991 = EDGE_LOOP ( 'NONE', ( #3613, #3316, #3869, #1020 ) ) ;
#3992 = ORIENTED_EDGE ( 'NONE', *, *, #4699, .T. ) ;
#3993 = DIRECTION ( 'NONE',  ( -1.000000000000000000, 0.0000000000000000000, 0.0000000000000000000 ) ) ;
#3994 = VERTEX_POINT ( 'NONE', #2382 ) ;
#3995 = VERTEX_POINT ( 'NONE', #3121 ) ;
#3996 = DIRECTION ( 'NONE',  ( -0.0000000000000000000, 1.000000000000000000, -0.0000000000000000000 ) ) ;
#3997 = EDGE_CURVE ( 'NONE', #2143, #39, #2842, .T. ) ;
#3998 = DIRECTION ( 'NONE',  ( 0.0000000000000000000, -1.000000000000000000, 0.0000000000000000000 ) ) ;
#3999 = CARTESIAN_POINT ( 'NONE',  ( 0.8108171120300407000, 6.954554497687366800, 22.12948254123276100 ) ) ;
#4000 = EDGE_LOOP ( 'NONE', ( #376, #341, #256, #37 ) ) ;
#4001 = EDGE_CURVE ( 'NONE', #3128, #3541, #4005, .T. ) ;
#4002 = EDGE_LOOP ( 'NONE', ( #3729, #1295, #4513, #3378 ) ) ;
#4003 = DIRECTION ( 'NONE',  ( 0.0000000000000000000, -1.000000000000000000, 0.0000000000000000000 ) ) ;
#4004 = CARTESIAN_POINT ( 'NONE',  ( 23.99999999999999300, -41.50000000000000700, -105.0000000000000000 ) ) ;
#4005 = CIRCLE ( 'NONE', #1678, 5.999999999999998200 ) ;
#4006 = CYLINDRICAL_SURFACE ( 'NONE', #4742, 7.000000000000000000 ) ;
#4007 = ORIENTED_EDGE ( 'NONE', *, *, #621, .F. ) ;
#4008 = VERTEX_POINT ( 'NONE', #1788 ) ;
#4009 = AXIS2_PLACEMENT_3D ( 'NONE', #4163, #2459, #728 ) ;
#4010 = ADVANCED_FACE ( 'NONE', ( #2623 ), #1730, .F. ) ;
#4011 = CIRCLE ( 'NONE', #771, 1.649999999999998600 ) ;
#4012 = CARTESIAN_POINT ( 'NONE',  ( -24.49999999999999600, -38.50000000000000700, -94.89999999999999100 ) ) ;
#4013 = LINE ( 'NONE', #325, #975 ) ;
#4014 = CYLINDRICAL_SURFACE ( 'NONE', #2385, 3.250000000000002700 ) ;
#4015 = ORIENTED_EDGE ( 'NONE', *, *, #4563, .T. ) ;
#4016 = DIRECTION ( 'NONE',  ( 1.000000000000000000, 0.0000000000000000000, 0.0000000000000000000 ) ) ;
#4017 = CIRCLE ( 'NONE', #1705, 9.000000000000000000 ) ;
#4018 = ORIENTED_EDGE ( 'NONE', *, *, #3361, .F. ) ;
#4019 = DIRECTION ( 'NONE',  ( -1.000000000000000000, 0.0000000000000000000, 0.0000000000000000000 ) ) ;
#4020 = FACE_BOUND ( 'NONE', #2498, .T. ) ;
#4021 = CARTESIAN_POINT ( 'NONE',  ( 2.500000000000002200, 0.0000000000000000000, -133.0000000000000000 ) ) ;
#4022 = EDGE_CURVE ( 'NONE', #3442, #4172, #1776, .T. ) ;
#4023 = DIRECTION ( 'NONE',  ( -1.000000000000000000, 4.956352788505164300E-016, -0.0000000000000000000 ) ) ;
#4024 = FACE_OUTER_BOUND ( 'NONE', #1758, .T. ) ;
#4025 = DIRECTION ( 'NONE',  ( 1.000000000000000000, 0.0000000000000000000, 0.0000000000000000000 ) ) ;
#4026 = DIRECTION ( 'NONE',  ( -0.0000000000000000000, -0.0000000000000000000, 1.000000000000000000 ) ) ;
#4027 = VECTOR ( 'NONE', #3843, 1000.000000000000000 ) ;
#4028 = SHAPE_DEFINITION_REPRESENTATION ( #1713, #3098 ) ;
#4029 = CARTESIAN_POINT ( 'NONE',  ( 0.0000000000000000000, 0.0000000000000000000, -133.0000000000000000 ) ) ;
#4030 = VECTOR ( 'NONE', #1415, 1000.000000000000000 ) ;
#4031 = DIRECTION ( 'NONE',  ( 0.0000000000000000000, 0.0000000000000000000, 1.000000000000000000 ) ) ;
#4032 = CARTESIAN_POINT ( 'NONE',  ( 1.112900646888176600, 6.912648175671910700, 22.25539991053265300 ) ) ;
#4033 = DIRECTION ( 'NONE',  ( 1.000000000000000000, 0.0000000000000000000, 0.0000000000000000000 ) ) ;
#4034 = ORIENTED_EDGE ( 'NONE', *, *, #1987, .F. ) ;
#4035 = DIRECTION ( 'NONE',  ( 0.0000000000000000000, 0.0000000000000000000, 1.000000000000000000 ) ) ;
#4036 = EDGE_CURVE ( 'NONE', #1934, #2031, #4585, .T. ) ;
#4037 = EDGE_CURVE ( 'NONE', #2341, #3303, #799, .T. ) ;
#4038 = VERTEX_POINT ( 'NONE', #3564 ) ;
#4039 = ORIENTED_EDGE ( 'NONE', *, *, #1835, .T. ) ;
#4040 = DIRECTION ( 'NONE',  ( 1.000000000000000000, -0.0000000000000000000, 0.0000000000000000000 ) ) ;
#4041 = CARTESIAN_POINT ( 'NONE',  ( 9.000000000000000000, 1.102182119232617700E-015, -99.99999999999998600 ) ) ;
#4042 = DIRECTION ( 'NONE',  ( 0.0000000000000000000, 1.000000000000000000, -0.0000000000000000000 ) ) ;
#4043 = AXIS2_PLACEMENT_3D ( 'NONE', #3305, #3675, #2934 ) ;
#4044 = VERTEX_POINT ( 'NONE', #2475 ) ;
#4045 = CARTESIAN_POINT ( 'NONE',  ( 0.0000000000000000000, 0.0000000000000000000, -133.0000000000000000 ) ) ;
#4046 = EDGE_CURVE ( 'NONE', #216, #1531, #2789, .T. ) ;
#4047 = EDGE_LOOP ( 'NONE', ( #1365, #1875, #924, #1983 ) ) ;
#4048 = ORIENTED_EDGE ( 'NONE', *, *, #3770, .F. ) ;
#4049 = DIRECTION ( 'NONE',  ( -0.0000000000000000000, -0.0000000000000000000, 1.000000000000000000 ) ) ;
#4050 = ORIENTED_EDGE ( 'NONE', *, *, #4507, .T. ) ;
#4051 = CARTESIAN_POINT ( 'NONE',  ( 2.025056425745498600, 47.82163214108175000, -68.49999999999998600 ) ) ;
#4052 = VERTEX_POINT ( 'NONE', #2488 ) ;
#4053 = ORIENTED_EDGE ( 'NONE', *, *, #466, .T. ) ;
#4054 = AXIS2_PLACEMENT_3D ( 'NONE', #3611, #3998, #2190 ) ;
#4055 = CARTESIAN_POINT ( 'NONE',  ( -23.99999999999999600, -41.50000000000000000, -103.5000000000000000 ) ) ;
#4056 = DIRECTION ( 'NONE',  ( -1.000000000000000000, 0.0000000000000000000, 0.0000000000000000000 ) ) ;
#4057 = DIRECTION ( 'NONE',  ( -0.0000000000000000000, -0.0000000000000000000, 1.000000000000000000 ) ) ;
#4058 = VERTEX_POINT ( 'NONE', #3217 ) ;
#4059 = CARTESIAN_POINT ( 'NONE',  ( -10.99999999999999600, 44.99999999999999300, -93.00000000000000000 ) ) ;
#4060 = ORIENTED_EDGE ( 'NONE', *, *, #4408, .T. ) ;
#4061 = ADVANCED_FACE ( 'NONE', ( #1425, #2 ), #4700, .T. ) ;
#4062 = ORIENTED_EDGE ( 'NONE', *, *, #4551, .F. ) ;
#4063 = CARTESIAN_POINT ( 'NONE',  ( -2.025056425745498600, 47.82163214108172900, -68.49999999999998600 ) ) ;
#4064 = DIRECTION ( 'NONE',  ( -0.0000000000000000000, 0.0000000000000000000, 1.000000000000000000 ) ) ;
#4065 = VERTEX_POINT ( 'NONE', #3913 ) ;
#4066 = LINE ( 'NONE', #3414, #2971 ) ;
#4067 = CIRCLE ( 'NONE', #2446, 3.499999999999999600 ) ;
#4068 = EDGE_CURVE ( 'NONE', #1991, #445, #2908, .T. ) ;
#4069 = EDGE_CURVE ( 'NONE', #3954, #1467, #969, .T. ) ;
#4070 = ORIENTED_EDGE ( 'NONE', *, *, #1862, .F. ) ;
#4071 = DIRECTION ( 'NONE',  ( -1.000000000000000000, -1.776356839400250500E-015, 0.0000000000000000000 ) ) ;
#4072 = LINE ( 'NONE', #2269, #1205 ) ;
#4073 = CIRCLE ( 'NONE', #320, 1.500000000000001300 ) ;
#4074 = FACE_OUTER_BOUND ( 'NONE', #3087, .T. ) ;
#4075 = AXIS2_PLACEMENT_3D ( 'NONE', #4623, #2466, #3885 ) ;
#4076 = CARTESIAN_POINT ( 'NONE',  ( 36.40000000000001300, 4.457714348896368200E-015, 11.60000000000000100 ) ) ;
#4077 = DIRECTION ( 'NONE',  ( 1.000000000000000000, 0.0000000000000000000, 0.0000000000000000000 ) ) ;
#4078 = LINE ( 'NONE', #335, #4305 ) ;
#4079 = AXIS2_PLACEMENT_3D ( 'NONE', #361, #4026, #3334 ) ;
#4080 = FACE_OUTER_BOUND ( 'NONE', #2963, .T. ) ;
#4081 = DIRECTION ( 'NONE',  ( 0.0000000000000000000, 1.000000000000000000, 0.0000000000000000000 ) ) ;
#4082 = CARTESIAN_POINT ( 'NONE',  ( -13.59958492358056100, 44.99999999999999300, 0.0000000000000000000 ) ) ;
#4083 = FACE_OUTER_BOUND ( 'NONE', #2033, .T. ) ;
#4084 = AXIS2_PLACEMENT_3D ( 'NONE', #404, #1507, #2241 ) ;
#4085 = CARTESIAN_POINT ( 'NONE',  ( 41.49999999999999300, -24.00000000000000400, -105.0000000000000000 ) ) ;
#4086 = LOCAL_TIME ( 10, 55, 9.000000000000000000, #2810 ) ;
#4087 = DIRECTION ( 'NONE',  ( 0.0000000000000000000, 0.0000000000000000000, 1.000000000000000000 ) ) ;
#4088 = FACE_OUTER_BOUND ( 'NONE', #209, .T. ) ;
#4089 = CARTESIAN_POINT ( 'NONE',  ( -0.8134603077133936200, 6.954224535302848200, 22.13045721737732000 ) ) ;
#4090 = CIRCLE ( 'NONE', #3300, 36.50000000000000000 ) ;
#4091 = ORIENTED_EDGE ( 'NONE', *, *, #3296, .T. ) ;
#4092 = CIRCLE ( 'NONE', #90, 5.000000000000000900 ) ;
#4093 = EDGE_CURVE ( 'NONE', #2094, #2723, #1939, .T. ) ;
#4094 = DIRECTION ( 'NONE',  ( 0.0000000000000000000, 1.000000000000000000, 0.0000000000000000000 ) ) ;
#4095 = CARTESIAN_POINT ( 'NONE',  ( -23.99999999999999600, 42.99999999999999300, -103.5000000000000000 ) ) ;
#4096 = ORIENTED_EDGE ( 'NONE', *, *, #1863, .F. ) ;
#4097 = ORIENTED_EDGE ( 'NONE', *, *, #1249, .T. ) ;
#4098 = AXIS2_PLACEMENT_3D ( 'NONE', #4392, #4734, #2497 ) ;
#4099 = ORIENTED_EDGE ( 'NONE', *, *, #1099, .T. ) ;
#4100 = EDGE_CURVE ( 'NONE', #1775, #2704, #4211, .T. ) ;
#4101 = EDGE_CURVE ( 'NONE', #730, #2056, #83, .T. ) ;
#4102 = DIRECTION ( 'NONE',  ( -1.000000000000000000, 0.0000000000000000000, 0.0000000000000000000 ) ) ;
#4103 = ADVANCED_FACE ( 'NONE', ( #3522 ), #1914, .F. ) ;
#4104 = CC_DESIGN_APPROVAL ( #3631, ( #2708 ) ) ;
#4105 = EDGE_LOOP ( 'NONE', ( #2450, #3130, #371 ) ) ;
#4106 = DIRECTION ( 'NONE',  ( -0.5735764363510440500, -0.8191520442889931300, -0.0000000000000000000 ) ) ;
#4107 = ORIENTED_EDGE ( 'NONE', *, *, #3374, .T. ) ;
#4108 = SECURITY_CLASSIFICATION_LEVEL ( 'unclassified' ) ;
#4109 = DIRECTION ( 'NONE',  ( -0.0000000000000000000, -0.0000000000000000000, -1.000000000000000000 ) ) ;
#4110 = ORIENTED_EDGE ( 'NONE', *, *, #4723, .T. ) ;
#4111 = VERTEX_POINT ( 'NONE', #2195 ) ;
#4112 = DIRECTION ( 'NONE',  ( 0.0000000000000000000, 0.0000000000000000000, -1.000000000000000000 ) ) ;
#4113 = ORIENTED_EDGE ( 'NONE', *, *, #688, .F. ) ;
#4114 = VERTEX_POINT ( 'NONE', #354 ) ;
#4115 = VERTEX_POINT ( 'NONE', #1126 ) ;
#4116 = VECTOR ( 'NONE', #4618, 1000.000000000000000 ) ;
#4117 = CARTESIAN_POINT ( 'NONE',  ( 0.0000000000000000000, 47.82163214108173600, -83.49999999999998600 ) ) ;
#4118 = FACE_OUTER_BOUND ( 'NONE', #4290, .T. ) ;
#4119 = DIRECTION ( 'NONE',  ( 0.0000000000000000000, -1.000000000000000000, 0.0000000000000000000 ) ) ;
#4120 = ORIENTED_EDGE ( 'NONE', *, *, #4068, .F. ) ;
#4121 = CIRCLE ( 'NONE', #373, 4.000000000000000900 ) ;
#4122 = CARTESIAN_POINT ( 'NONE',  ( 2.499999999999999600, 0.0000000000000000000, 47.00000000000000000 ) ) ;
#4123 = LINE ( 'NONE', #1578, #3552 ) ;
#4124 = CIRCLE ( 'NONE', #14, 2.500000000000002200 ) ;
#4125 = APPROVAL_STATUS ( 'not_yet_approved' ) ;
#4126 = ORIENTED_EDGE ( 'NONE', *, *, #36, .F. ) ;
#4127 = DIRECTION ( 'NONE',  ( -0.0000000000000000000, -0.0000000000000000000, 1.000000000000000000 ) ) ;
#4128 = EDGE_CURVE ( 'NONE', #2029, #1298, #194, .T. ) ;
#4129 = ADVANCED_FACE ( 'NONE', ( #2367 ), #936, .T. ) ;
#4130 = FACE_BOUND ( 'NONE', #219, .T. ) ;
#4131 = EDGE_CURVE ( 'NONE', #2771, #4740, #1395, .T. ) ;
#4132 = ORIENTED_EDGE ( 'NONE', *, *, #200, .F. ) ;
#4133 = EDGE_CURVE ( 'NONE', #365, #514, #3866, .T. ) ;
#4134 = DIRECTION ( 'NONE',  ( -1.000000000000000000, 0.0000000000000000000, 0.0000000000000000000 ) ) ;
#4135 = FACE_OUTER_BOUND ( 'NONE', #1913, .T. ) ;
#4136 = CARTESIAN_POINT ( 'NONE',  ( -28.99999999999999600, -38.00000000000000700, -103.5000000000000000 ) ) ;
#4137 = VECTOR ( 'NONE', #1066, 1000.000000000000000 ) ;
#4138 = DIRECTION ( 'NONE',  ( -1.000000000000000000, 0.0000000000000000000, 0.0000000000000000000 ) ) ;
#4139 = PERSON_AND_ORGANIZATION_ROLE ( 'design_owner' ) ;
#4140 = FACE_BOUND ( 'NONE', #274, .T. ) ;
#4141 = AXIS2_PLACEMENT_3D ( 'NONE', #1523, #2130, #1065 ) ;
#4142 = ORIENTED_EDGE ( 'NONE', *, *, #2256, .F. ) ;
#4143 = CARTESIAN_POINT ( 'NONE',  ( -38.00000000000000000, 28.99999999999998900, 0.0000000000000000000 ) ) ;
#4144 = CIRCLE ( 'NONE', #2243, 1.250000000000001100 ) ;
#4145 = EDGE_LOOP ( 'NONE', ( #4228, #3269 ) ) ;
#4146 = CARTESIAN_POINT ( 'NONE',  ( -33.99999999999999300, 33.99999999999998600, -103.5000000000000000 ) ) ;
#4147 = DIRECTION ( 'NONE',  ( -0.0000000000000000000, -0.0000000000000000000, -1.000000000000000000 ) ) ;
#4148 = ADVANCED_FACE ( 'NONE', ( #308 ), #2701, .T. ) ;
#4149 = CARTESIAN_POINT ( 'NONE',  ( 27.49999999999999600, -38.00000000000000700, -103.5000000000000000 ) ) ;
#4150 = ADVANCED_FACE ( 'NONE', ( #1394, #4386 ), #1865, .T. ) ;
#4151 = ORIENTED_EDGE ( 'NONE', *, *, #767, .T. ) ;
#4152 = EDGE_CURVE ( 'NONE', #1143, #2605, #1455, .T. ) ;
#4153 = CARTESIAN_POINT ( 'NONE',  ( 38.00000000000000000, 23.99999999999998900, -105.0000000000000000 ) ) ;
#4154 = EDGE_CURVE ( 'NONE', #2098, #591, #2478, .T. ) ;
#4155 = DIRECTION ( 'NONE',  ( 0.0000000000000000000, 0.0000000000000000000, -1.000000000000000000 ) ) ;
#4156 = EDGE_CURVE ( 'NONE', #1236, #3531, #642, .T. ) ;
#4157 = B_SPLINE_CURVE_WITH_KNOTS ( 'NONE', 3,
 ( #775, #2596, #3717, #760 ),
 .UNSPECIFIED., .F., .F.,
 ( 4, 4 ),
 ( 0.0000000000000000000, 0.0007347237686830845800 ),
 .UNSPECIFIED. ) ;
#4158 = ORIENTED_EDGE ( 'NONE', *, *, #4036, .F. ) ;
#4159 = CARTESIAN_POINT ( 'NONE',  ( 0.0000000000000000000, 0.0000000000000000000, -99.99999999999998600 ) ) ;
#4160 = AXIS2_PLACEMENT_3D ( 'NONE', #3310, #2240, #3329 ) ;
#4161 = VERTEX_POINT ( 'NONE', #1818 ) ;
#4162 = DIRECTION ( 'NONE',  ( 1.000000000000000000, 0.0000000000000000000, 0.0000000000000000000 ) ) ;
#4163 = CARTESIAN_POINT ( 'NONE',  ( 0.0000000000000000000, 0.0000000000000000000, -133.0000000000000000 ) ) ;
#4164 = ORIENTED_EDGE ( 'NONE', *, *, #2870, .F. ) ;
#4165 = CARTESIAN_POINT ( 'NONE',  ( 0.0000000000000000000, 0.0000000000000000000, 10.00000000000000000 ) ) ;
#4166 = ORIENTED_EDGE ( 'NONE', *, *, #2796, .F. ) ;
#4167 = ORIENTED_EDGE ( 'NONE', *, *, #4587, .F. ) ;
#4168 = CARTESIAN_POINT ( 'NONE',  ( -2.499999999999997800, 6.179959185359344100, -132.8338838288990800 ) ) ;
#4169 = EDGE_LOOP ( 'NONE', ( #140, #4282 ) ) ;
#4170 = CARTESIAN_POINT ( 'NONE',  ( 33.99999999999999300, 27.49999999999998900, -105.0000000000000000 ) ) ;
#4171 = ORIENTED_EDGE ( 'NONE', *, *, #3417, .T. ) ;
#4172 = VERTEX_POINT ( 'NONE', #4004 ) ;
#4173 = ADVANCED_FACE ( 'NONE', ( #2424 ), #4736, .F. ) ;
#4174 = AXIS2_PLACEMENT_3D ( 'NONE', #4557, #3460, #191 ) ;
#4175 = CIRCLE ( 'NONE', #3696, 3.250000000000002700 ) ;
#4176 = ADVANCED_FACE ( 'NONE', ( #1745 ), #2020, .T. ) ;
#4177 = VERTEX_POINT ( 'NONE', #2977 ) ;
#4178 = ADVANCED_FACE ( 'NONE', ( #4608, #4448 ), #4465, .F. ) ;
#4179 = ORIENTED_EDGE ( 'NONE', *, *, #3361, .T. ) ;
#4180 = VERTEX_POINT ( 'NONE', #2592 ) ;
#4181 = DIRECTION ( 'NONE',  ( 0.0000000000000000000, 0.0000000000000000000, -1.000000000000000000 ) ) ;
#4182 = LINE ( 'NONE', #3838, #4478 ) ;
#4183 = FACE_OUTER_BOUND ( 'NONE', #1349, .T. ) ;
#4184 = CARTESIAN_POINT ( 'NONE',  ( 1.250000000000000400, 45.79657571533623200, -68.49999999999998600 ) ) ;
#4185 = ORIENTED_EDGE ( 'NONE', *, *, #197, .F. ) ;
#4186 = DIRECTION ( 'NONE',  ( -1.000000000000000000, 0.0000000000000000000, 0.0000000000000000000 ) ) ;
#4187 = DIRECTION ( 'NONE',  ( 1.000000000000000000, -2.664535259100375700E-015, 0.0000000000000000000 ) ) ;
#4188 = DIRECTION ( 'NONE',  ( -1.000000000000000000, 0.0000000000000000000, 0.0000000000000000000 ) ) ;
#4189 = FACE_OUTER_BOUND ( 'NONE', #2439, .T. ) ;
#4190 = ORIENTED_EDGE ( 'NONE', *, *, #4382, .T. ) ;
#4191 = VECTOR ( 'NONE', #4003, 1000.000000000000000 ) ;
#4192 = DIRECTION ( 'NONE',  ( -0.0000000000000000000, -0.0000000000000000000, 1.000000000000000000 ) ) ;
#4193 = AXIS2_PLACEMENT_3D ( 'NONE', #3119, #180, #205 ) ;
#4194 = EDGE_CURVE ( 'NONE', #600, #665, #2138, .T. ) ;
#4195 = EDGE_CURVE ( 'NONE', #2723, #2271, #4613, .T. ) ;
#4196 = CIRCLE ( 'NONE', #4496, 2.149999999999985300 ) ;
#4197 = DIRECTION ( 'NONE',  ( -0.0000000000000000000, -0.0000000000000000000, 1.000000000000000000 ) ) ;
#4198 = DIRECTION ( 'NONE',  ( -1.000000000000000000, 0.0000000000000000000, 0.0000000000000000000 ) ) ;
#4199 = FACE_OUTER_BOUND ( 'NONE', #4533, .T. ) ;
#4200 = AXIS2_PLACEMENT_3D ( 'NONE', #4159, #882, #522 ) ;
#4201 = CARTESIAN_POINT ( 'NONE',  ( -36.50000000000000000, 0.0000000000000000000, 11.50000000000000500 ) ) ;
#4202 = DATE_AND_TIME ( #3220, #2471 ) ;
#4203 = DIRECTION ( 'NONE',  ( -1.000000000000000000, 0.0000000000000000000, 0.0000000000000000000 ) ) ;
#4204 = ADVANCED_FACE ( 'NONE', ( #3001 ), #2538, .F. ) ;
#4205 = LINE ( 'NONE', #326, #1169 ) ;
#4206 = EDGE_CURVE ( 'NONE', #2664, #233, #946, .T. ) ;
#4207 = CIRCLE ( 'NONE', #3461, 1.250000000000000400 ) ;
#4208 = CARTESIAN_POINT ( 'NONE',  ( -2.500000000000000400, 6.538348415311010500, 24.49999999999999300 ) ) ;
#4209 = CARTESIAN_POINT ( 'NONE',  ( 11.00000000000000700, 52.28296204382373700, -90.50000000000000000 ) ) ;
#4210 = ORIENTED_EDGE ( 'NONE', *, *, #4747, .T. ) ;
#4211 = CIRCLE ( 'NONE', #2595, 4.999999999999997300 ) ;
#4212 = AXIS2_PLACEMENT_3D ( 'NONE', #3678, #4031, #2936 ) ;
#4213 = VERTEX_POINT ( 'NONE', #4085 ) ;
#4214 = DIRECTION ( 'NONE',  ( 0.0000000000000000000, 0.0000000000000000000, -1.000000000000000000 ) ) ;
#4215 = VERTEX_POINT ( 'NONE', #1157 ) ;
#4216 = CARTESIAN_POINT ( 'NONE',  ( 4.000000000000000900, 47.82163214108173600, -83.49999999999998600 ) ) ;
#4217 = CARTESIAN_POINT ( 'NONE',  ( 2.500000000000002200, 6.538348415311009600, -110.5000000000000000 ) ) ;
#4218 = ORIENTED_EDGE ( 'NONE', *, *, #2954, .F. ) ;
#4219 = DIRECTION ( 'NONE',  ( 1.000000000000000000, 0.0000000000000000000, 0.0000000000000000000 ) ) ;
#4220 = EDGE_CURVE ( 'NONE', #2537, #3369, #4092, .T. ) ;
#4221 = EDGE_CURVE ( 'NONE', #1431, #1350, #2600, .T. ) ;
#4222 = EDGE_LOOP ( 'NONE', ( #4171, #4277, #4099, #710 ) ) ;
#4223 = ORIENTED_EDGE ( 'NONE', *, *, #2991, .T. ) ;
#4224 = CARTESIAN_POINT ( 'NONE',  ( 43.00000000000000000, 27.49999999999998900, -103.5000000000000000 ) ) ;
#4225 = AXIS2_PLACEMENT_3D ( 'NONE', #486, #1576, #3435 ) ;
#4226 = ORIENTED_EDGE ( 'NONE', *, *, #1427, .T. ) ;
#4227 = ORIENTED_EDGE ( 'NONE', *, *, #1310, .T. ) ;
#4228 = ORIENTED_EDGE ( 'NONE', *, *, #4722, .T. ) ;
#4229 = AXIS2_PLACEMENT_3D ( 'NONE', #3778, #3798, #1210 ) ;
#4230 = DIRECTION ( 'NONE',  ( 1.000000000000000000, 0.0000000000000000000, 0.0000000000000000000 ) ) ;
#4231 = ORIENTED_EDGE ( 'NONE', *, *, #4133, .F. ) ;
#4232 = ORIENTED_EDGE ( 'NONE', *, *, #29, .T. ) ;
#4233 = VECTOR ( 'NONE', #3043, 1000.000000000000000 ) ;
#4234 = LINE ( 'NONE', #2832, #222 ) ;
#4235 = DIRECTION ( 'NONE',  ( 0.8191520442889932400, -0.5735764363510441600, 0.0000000000000000000 ) ) ;
#4236 = AXIS2_PLACEMENT_3D ( 'NONE', #3101, #1636, #2397 ) ;
#4237 = ORIENTED_EDGE ( 'NONE', *, *, #3362, .F. ) ;
#4238 = CIRCLE ( 'NONE', #1267, 3.250000000000002700 ) ;
#4239 = CIRCLE ( 'NONE', #2141, 5.999999999999998200 ) ;
#4240 = CARTESIAN_POINT ( 'NONE',  ( -34.78999999999999900, 34.78999999999999900, 10.00000000000000000 ) ) ;
#4241 = CARTESIAN_POINT ( 'NONE',  ( 38.04000000000000600, 34.79000000000002800, 10.00000000000000000 ) ) ;
#4242 = ORIENTED_EDGE ( 'NONE', *, *, #4195, .F. ) ;
#4243 = CARTESIAN_POINT ( 'NONE',  ( -2.500000000000000400, 0.0000000000000000000, 47.00000000000000000 ) ) ;
#4244 = VECTOR ( 'NONE', #4106, 1000.000000000000200 ) ;
#4245 = ORIENTED_EDGE ( 'NONE', *, *, #3713, .T. ) ;
#4246 = EDGE_CURVE ( 'NONE', #1690, #723, #820, .T. ) ;
#4247 = PLANE ( 'NONE',  #4659 ) ;
#4248 = EDGE_CURVE ( 'NONE', #772, #1744, #3758, .T. ) ;
#4249 = CIRCLE ( 'NONE', #3002, 4.000000000000000900 ) ;
#4250 = CARTESIAN_POINT ( 'NONE',  ( 34.79000000000002000, -34.78999999999997100, 0.0000000000000000000 ) ) ;
#4251 = CARTESIAN_POINT ( 'NONE',  ( 28.99999999999999600, -43.00000000000000000, 0.0000000000000000000 ) ) ;
#4252 = DIRECTION ( 'NONE',  ( -0.0000000000000000000, 1.000000000000000000, -0.0000000000000000000 ) ) ;
#4253 = CIRCLE ( 'NONE', #3754, 1.649999999999998600 ) ;
#4254 = AXIS2_PLACEMENT_3D ( 'NONE', #4271, #2086, #225 ) ;
#4255 = CARTESIAN_POINT ( 'NONE',  ( 28.99999999999999600, 37.99999999999999300, 0.0000000000000000000 ) ) ;
#4256 = DIRECTION ( 'NONE',  ( 0.0000000000000000000, 0.0000000000000000000, -1.000000000000000000 ) ) ;
#4257 = CARTESIAN_POINT ( 'NONE',  ( 43.00000000000000000, 42.99999999999999300, 0.0000000000000000000 ) ) ;
#4258 = CIRCLE ( 'NONE', #3153, 1.649999999999998600 ) ;
#4259 = ADVANCED_FACE ( 'NONE', ( #1517 ), #1174, .T. ) ;
#4260 = ORIENTED_EDGE ( 'NONE', *, *, #1583, .F. ) ;
#4261 = CARTESIAN_POINT ( 'NONE',  ( 38.00000000000000000, 28.99999999999998900, 0.0000000000000000000 ) ) ;
#4262 = CIRCLE ( 'NONE', #2480, 1.500000000000001300 ) ;
#4263 = DIRECTION ( 'NONE',  ( -0.0000000000000000000, -0.0000000000000000000, 1.000000000000000000 ) ) ;
#4264 = EDGE_CURVE ( 'NONE', #260, #1098, #3702, .T. ) ;
#4265 = ORIENTED_EDGE ( 'NONE', *, *, #4022, .F. ) ;
#4266 = CARTESIAN_POINT ( 'NONE',  ( -0.3300778807779217200, 6.994067516105956500, -108.0164768935733800 ) ) ;
#4267 = ORIENTED_EDGE ( 'NONE', *, *, #1921, .T. ) ;
#4268 = CARTESIAN_POINT ( 'NONE',  ( 23.99999999999999600, -38.00000000000000700, 0.0000000000000000000 ) ) ;
#4269 = DIRECTION ( 'NONE',  ( 0.0000000000000000000, 0.0000000000000000000, -1.000000000000000000 ) ) ;
#4270 = DIRECTION ( 'NONE',  ( 0.0000000000000000000, 0.0000000000000000000, -1.000000000000000000 ) ) ;
#4271 = CARTESIAN_POINT ( 'NONE',  ( 0.0000000000000000000, 45.79657571533623200, -73.50000000000000000 ) ) ;
#4272 = ORIENTED_EDGE ( 'NONE', *, *, #686, .T. ) ;
#4273 = ORIENTED_EDGE ( 'NONE', *, *, #2821, .T. ) ;
#4274 = ORIENTED_EDGE ( 'NONE', *, *, #3484, .F. ) ;
#4275 = EDGE_CURVE ( 'NONE', #1537, #961, #424, .T. ) ;
#4276 = DIRECTION ( 'NONE',  ( 0.0000000000000000000, 0.0000000000000000000, 1.000000000000000000 ) ) ;
#4277 = ORIENTED_EDGE ( 'NONE', *, *, #2063, .T. ) ;
#4278 = ORIENTED_EDGE ( 'NONE', *, *, #4451, .F. ) ;
#4279 = EDGE_CURVE ( 'NONE', #772, #434, #3765, .T. ) ;
#4280 = CARTESIAN_POINT ( 'NONE',  ( -2.418393837880085800, 6.569062314279958200, -109.8452763999879200 ) ) ;
#4281 = ORIENTED_EDGE ( 'NONE', *, *, #439, .T. ) ;
#4282 = ORIENTED_EDGE ( 'NONE', *, *, #1124, .T. ) ;
#4283 = DIRECTION ( 'NONE',  ( 0.7071067811865431300, 0.0000000000000000000, 0.7071067811865517900 ) ) ;
#4284 = EDGE_LOOP ( 'NONE', ( #1372, #3014, #2024, #3604, #2620, #1752 ) ) ;
#4285 = DIRECTION ( 'NONE',  ( 0.7071067811865279200, 8.659560562354692500E-017, -0.7071067811865671100 ) ) ;
#4286 = AXIS2_PLACEMENT_3D ( 'NONE', #319, #3311, #1424 ) ;
#4287 = FACE_OUTER_BOUND ( 'NONE', #2580, .T. ) ;
#4288 = DIRECTION ( 'NONE',  ( 0.0000000000000000000, 0.0000000000000000000, 1.000000000000000000 ) ) ;
#4289 = ORIENTED_EDGE ( 'NONE', *, *, #2376, .F. ) ;
#4290 = EDGE_LOOP ( 'NONE', ( #1542, #3579, #746, #49 ) ) ;
#4291 = ORIENTED_EDGE ( 'NONE', *, *, #3859, .F. ) ;
#4292 = EDGE_CURVE ( 'NONE', #1708, #1826, #1802, .T. ) ;
#4293 = CARTESIAN_POINT ( 'NONE',  ( 1.050000000000000000, 0.0000000000000000000, 42.00000000000000000 ) ) ;
#4294 = CYLINDRICAL_SURFACE ( 'NONE', #854, 2.500000000000002200 ) ;
#4295 = CIRCLE ( 'NONE', #2268, 1.500000000000001300 ) ;
#4296 = ORIENTED_EDGE ( 'NONE', *, *, #690, .T. ) ;
#4297 = CARTESIAN_POINT ( 'NONE',  ( 0.0000000000000000000, 0.0000000000000000000, 10.00000000000000000 ) ) ;
#4298 = LINE ( 'NONE', #4462, #747 ) ;
#4299 = DIRECTION ( 'NONE',  ( -0.0000000000000000000, -0.0000000000000000000, 1.000000000000000000 ) ) ;
#4300 = ORIENTED_EDGE ( 'NONE', *, *, #4131, .T. ) ;
#4301 = CARTESIAN_POINT ( 'NONE',  ( 2.499999999999999600, 6.000000000000002700, 47.00000000000000700 ) ) ;
#4302 = AXIS2_PLACEMENT_3D ( 'NONE', #1755, #2483, #4336 ) ;
#4303 = CARTESIAN_POINT ( 'NONE',  ( -34.00000000000000000, 27.49999999999998900, -105.0000000000000000 ) ) ;
#4304 = DIRECTION ( 'NONE',  ( -0.0000000000000000000, -0.0000000000000000000, 1.000000000000000000 ) ) ;
#4305 = VECTOR ( 'NONE', #1446, 1000.000000000000200 ) ;
#4306 = DIRECTION ( 'NONE',  ( 0.0000000000000000000, -1.000000000000000000, 0.0000000000000000000 ) ) ;
#4307 = CIRCLE ( 'NONE', #4193, 1.500000000000001300 ) ;
#4308 = CARTESIAN_POINT ( 'NONE',  ( -24.49999999999999600, -38.50000000000000700, -104.5000000000000400 ) ) ;
#4309 = DIRECTION ( 'NONE',  ( 0.0000000000000000000, 0.0000000000000000000, 1.000000000000000000 ) ) ;
#4310 = EDGE_CURVE ( 'NONE', #1143, #327, #829, .T. ) ;
#4311 = EDGE_CURVE ( 'NONE', #3830, #4180, #584, .T. ) ;
#4312 = FACE_OUTER_BOUND ( 'NONE', #387, .T. ) ;
#4313 = CARTESIAN_POINT ( 'NONE',  ( 2.025056425745498600, 47.82163214108175000, -68.49999999999998600 ) ) ;
#4314 = COORDINATED_UNIVERSAL_TIME_OFFSET ( 1, 0, .AHEAD. ) ;
#4315 = CARTESIAN_POINT ( 'NONE',  ( -38.00000000000000000, 23.99999999999998600, -103.5000000000000000 ) ) ;
#4316 = DIRECTION ( 'NONE',  ( -1.000000000000000000, -0.0000000000000000000, -0.0000000000000000000 ) ) ;
#4317 = DIRECTION ( 'NONE',  ( 1.000000000000000000, 0.0000000000000000000, 0.0000000000000000000 ) ) ;
#4318 = FACE_OUTER_BOUND ( 'NONE', #2162, .T. ) ;
#4319 = CIRCLE ( 'NONE', #4043, 9.000000000000000000 ) ;
#4320 = CARTESIAN_POINT ( 'NONE',  ( -27.49999999999999600, 33.99999999999998600, -105.0000000000000000 ) ) ;
#4321 = CARTESIAN_POINT ( 'NONE',  ( 15.00000000000000000, 42.99999999999999300, -83.49999999999998600 ) ) ;
#4322 = ORIENTED_EDGE ( 'NONE', *, *, #4206, .T. ) ;
#4323 = FACE_OUTER_BOUND ( 'NONE', #3977, .T. ) ;
#4324 = AXIS2_PLACEMENT_3D ( 'NONE', #3383, #478, #1239 ) ;
#4325 = CARTESIAN_POINT ( 'NONE',  ( -25.71787683086650800, 3.166806615980889500E-015, 10.00000000000000000 ) ) ;
#4326 = VERTEX_POINT ( 'NONE', #2705 ) ;
#4327 = DIRECTION ( 'NONE',  ( 1.000000000000000000, 0.0000000000000000000, 0.0000000000000000000 ) ) ;
#4328 = VERTEX_POINT ( 'NONE', #1634 ) ;
#4329 = DIRECTION ( 'NONE',  ( -1.000000000000000000, 0.0000000000000000000, 0.0000000000000000000 ) ) ;
#4330 = AXIS2_PLACEMENT_3D ( 'NONE', #2835, #2507, #755 ) ;
#4331 = CARTESIAN_POINT ( 'NONE',  ( 2.025056425745498600, 47.82163214108175000, -73.50000000000000000 ) ) ;
#4332 = ORIENTED_EDGE ( 'NONE', *, *, #832, .T. ) ;
#4333 = VERTEX_POINT ( 'NONE', #2303 ) ;
#4334 = DIRECTION ( 'NONE',  ( 0.0000000000000000000, 0.0000000000000000000, -1.000000000000000000 ) ) ;
#4335 = CARTESIAN_POINT ( 'NONE',  ( -10.99999999999999600, 44.99999999999999300, -93.00000000000000000 ) ) ;
#4336 = DIRECTION ( 'NONE',  ( -1.000000000000000000, 0.0000000000000000000, 0.0000000000000000000 ) ) ;
#4337 = DIRECTION ( 'NONE',  ( 0.0000000000000000000, 0.0000000000000000000, -1.000000000000000000 ) ) ;
#4338 = CARTESIAN_POINT ( 'NONE',  ( 2.500000000000002200, 5.000000000000000000, -110.5000000000000000 ) ) ;
#4339 = ORIENTED_EDGE ( 'NONE', *, *, #2279, .T. ) ;
#4340 = EDGE_CURVE ( 'NONE', #3531, #1991, #4729, .T. ) ;
#4341 = CARTESIAN_POINT ( 'NONE',  ( 1.250000000000000400, 49.84668856682723300, -73.50000000000000000 ) ) ;
#4342 = ORIENTED_EDGE ( 'NONE', *, *, #4539, .T. ) ;
#4343 = CARTESIAN_POINT ( 'NONE',  ( 0.0000000000000000000, 0.0000000000000000000, 42.00000000000000000 ) ) ;
#4344 = DIRECTION ( 'NONE',  ( -0.0000000000000000000, -0.0000000000000000000, 1.000000000000000000 ) ) ;
#4345 = ORIENTED_EDGE ( 'NONE', *, *, #2588, .F. ) ;
#4346 = EDGE_LOOP ( 'NONE', ( #858, #3896, #3791, #1831 ) ) ;
#4347 = VERTEX_POINT ( 'NONE', #3810 ) ;
#4348 = CARTESIAN_POINT ( 'NONE',  ( 38.50000000000000000, -24.50000000000000400, -94.89999999999999100 ) ) ;
#4349 = PLANE ( 'NONE',  #1817 ) ;
#4350 = CARTESIAN_POINT ( 'NONE',  ( 0.0000000000000000000, 5.000000000000000000, 0.0000000000000000000 ) ) ;
#4351 = EDGE_CURVE ( 'NONE', #666, #2094, #3644, .T. ) ;
#4352 = EDGE_LOOP ( 'NONE', ( #2225, #3767, #3428, #608 ) ) ;
#4353 = EDGE_CURVE ( 'NONE', #786, #1923, #4560, .T. ) ;
#4354 = EDGE_LOOP ( 'NONE', ( #4151, #4232 ) ) ;
#4355 = FACE_OUTER_BOUND ( 'NONE', #1533, .T. ) ;
#4356 = DIRECTION ( 'NONE',  ( 1.000000000000000000, 0.0000000000000000000, 0.0000000000000000000 ) ) ;
#4357 = CYLINDRICAL_SURFACE ( 'NONE', #801, 1.050000000000000000 ) ;
#4358 = CARTESIAN_POINT ( 'NONE',  ( -43.00000000000000000, 36.99999999999998600, 0.0000000000000000000 ) ) ;
#4359 = DIRECTION ( 'NONE',  ( 0.0000000000000000000, 0.0000000000000000000, -1.000000000000000000 ) ) ;
#4360 = CC_DESIGN_PERSON_AND_ORGANIZATION_ASSIGNMENT ( #2196, #3370, ( #2708 ) ) ;
#4361 = VERTEX_POINT ( 'NONE', #3065 ) ;
#4362 = EDGE_LOOP ( 'NONE', ( #3561, #4260, #1645, #1266 ) ) ;
#4363 = DIRECTION ( 'NONE',  ( -1.000000000000000000, 0.0000000000000000000, 0.0000000000000000000 ) ) ;
#4364 = VECTOR ( 'NONE', #4694, 1000.000000000000000 ) ;
#4365 = VECTOR ( 'NONE', #4042, 1000.000000000000000 ) ;
#4366 = CARTESIAN_POINT ( 'NONE',  ( 1.526594349609041700, 6.832903885162079600, 22.51353623452267200 ) ) ;
#4367 = LINE ( 'NONE', #1324, #4488 ) ;
#4368 = ORIENTED_EDGE ( 'NONE', *, *, #4600, .F. ) ;
#4369 = CARTESIAN_POINT ( 'NONE',  ( -36.85000000000000100, 24.49999999999998900, -94.89999999999999100 ) ) ;
#4370 = EDGE_CURVE ( 'NONE', #4703, #1644, #532, .T. ) ;
#4371 = FACE_OUTER_BOUND ( 'NONE', #3062, .T. ) ;
#4372 = EDGE_LOOP ( 'NONE', ( #1474, #3939, #2873, #1197 ) ) ;
#4373 = DIRECTION ( 'NONE',  ( -0.0000000000000000000, 0.0000000000000000000, -1.000000000000000000 ) ) ;
#4374 = DIRECTION ( 'NONE',  ( 0.0000000000000000000, -1.000000000000000000, 0.0000000000000000000 ) ) ;
#4375 = VECTOR ( 'NONE', #2784, 1000.000000000000000 ) ;
#4376 = CARTESIAN_POINT ( 'NONE',  ( -15.00000000000000000, 42.99999999999999300, -83.49999999999998600 ) ) ;
#4377 = LINE ( 'NONE', #2663, #3393 ) ;
#4378 = DIRECTION ( 'NONE',  ( -1.000000000000000000, 0.0000000000000000000, 0.0000000000000000000 ) ) ;
#4379 = DIRECTION ( 'NONE',  ( -1.000000000000000000, 0.0000000000000000000, 0.0000000000000000000 ) ) ;
#4380 = CARTESIAN_POINT ( 'NONE',  ( 34.00000000000000000, 28.99999999999998900, 0.0000000000000000000 ) ) ;
#4381 = CYLINDRICAL_SURFACE ( 'NONE', #4632, 1.250000000000000200 ) ;
#4382 = EDGE_CURVE ( 'NONE', #4576, #1966, #3227, .T. ) ;
#4383 = EDGE_CURVE ( 'NONE', #3486, #1644, #3581, .T. ) ;
#4384 = EDGE_CURVE ( 'NONE', #1772, #458, #706, .T. ) ;
#4385 = ORIENTED_EDGE ( 'NONE', *, *, #3545, .F. ) ;
#4386 = FACE_OUTER_BOUND ( 'NONE', #2393, .T. ) ;
#4387 = CARTESIAN_POINT ( 'NONE',  ( -1.250000000000000400, 45.79657571533623200, -68.49999999999998600 ) ) ;
#4388 = CARTESIAN_POINT ( 'NONE',  ( 22.84999999999999800, 38.49999999999999300, -94.89999999999999100 ) ) ;
#4389 = CARTESIAN_POINT ( 'NONE',  ( 23.99999999999999300, 41.49999999999998600, -105.0000000000000000 ) ) ;
#4390 = AXIS2_PLACEMENT_3D ( 'NONE', #4639, #3158, #3932 ) ;
#4391 = ORIENTED_EDGE ( 'NONE', *, *, #4724, .F. ) ;
#4392 = CARTESIAN_POINT ( 'NONE',  ( 24.49999999999999600, 38.49999999999999300, -94.89999999999999100 ) ) ;
#4393 = DIRECTION ( 'NONE',  ( 0.0000000000000000000, 0.0000000000000000000, -1.000000000000000000 ) ) ;
#4394 = EDGE_LOOP ( 'NONE', ( #2499, #3865, #1616, #1144 ) ) ;
#4395 = CARTESIAN_POINT ( 'NONE',  ( -24.49999999999999600, -38.50000000000000700, -104.5000000000000400 ) ) ;
#4396 = AXIS2_PLACEMENT_3D ( 'NONE', #2237, #1053, #2132 ) ;
#4397 = ORIENTED_EDGE ( 'NONE', *, *, #497, .F. ) ;
#4398 = DIRECTION ( 'NONE',  ( -1.000000000000000000, 0.0000000000000000000, 0.0000000000000000000 ) ) ;
#4399 = DIRECTION ( 'NONE',  ( -1.000000000000000000, -0.0000000000000000000, -0.0000000000000000000 ) ) ;
#4400 = ORIENTED_EDGE ( 'NONE', *, *, #468, .T. ) ;
#4401 = DIRECTION ( 'NONE',  ( -0.4437126062796567500, 0.6336872742246437700, 0.6336872742246412200 ) ) ;
#4402 = ORIENTED_EDGE ( 'NONE', *, *, #849, .F. ) ;
#4403 = CARTESIAN_POINT ( 'NONE',  ( 34.78999999999999900, 34.79000000000002800, 0.0000000000000000000 ) ) ;
#4404 = ORIENTED_EDGE ( 'NONE', *, *, #2702, .T. ) ;
#4405 = EDGE_CURVE ( 'NONE', #3308, #1602, #2650, .T. ) ;
#4406 = CARTESIAN_POINT ( 'NONE',  ( 1.996253024152493600, 6.713473101842142300, 22.96072708945975900 ) ) ;
#4407 = ORIENTED_EDGE ( 'NONE', *, *, #1012, .T. ) ;
#4408 = EDGE_CURVE ( 'NONE', #3995, #1889, #3164, .T. ) ;
#4409 = ORIENTED_EDGE ( 'NONE', *, *, #4246, .F. ) ;
#4410 = EDGE_CURVE ( 'NONE', #3823, #3686, #4431, .T. ) ;
#4411 = CARTESIAN_POINT ( 'NONE',  ( -26.64999999999992800, -38.50000000000000700, -105.0000000000000000 ) ) ;
#4412 = DIRECTION ( 'NONE',  ( -0.0000000000000000000, -0.0000000000000000000, -1.000000000000000000 ) ) ;
#4413 = TOROIDAL_SURFACE ( 'NONE', #1878, 3.500000000000000000, 1.500000000000000000 ) ;
#4414 = CARTESIAN_POINT ( 'NONE',  ( -4.336808689942017700E-016, 5.000000000000000000, 24.49999999999998900 ) ) ;
#4415 = ORIENTED_EDGE ( 'NONE', *, *, #3548, .T. ) ;
#4416 = EDGE_LOOP ( 'NONE', ( #616, #1082, #1992, #3234, #3556 ) ) ;
#4417 = ORIENTED_EDGE ( 'NONE', *, *, #907, .T. ) ;
#4418 = PRODUCT ( 'NEMA-34(SY86STH115-6004B)', 'NEMA-34(SY86STH115-6004B)', '', ( #1232 ) ) ;
#4419 = AXIS2_PLACEMENT_3D ( 'NONE', #193, #1278, #3852 ) ;
#4420 = CARTESIAN_POINT ( 'NONE',  ( -24.49999999999999600, -38.50000000000000700, -105.0000000000000000 ) ) ;
#4421 = VECTOR ( 'NONE', #2058, 1000.000000000000000 ) ;
#4422 = CARTESIAN_POINT ( 'NONE',  ( -43.00000000000000000, -43.00000000000000000, 0.0000000000000000000 ) ) ;
#4423 = VECTOR ( 'NONE', #4603, 1000.000000000000000 ) ;
#4424 = CARTESIAN_POINT ( 'NONE',  ( -26.14999999999999500, -38.50000000000000700, -104.5000000000000400 ) ) ;
#4425 = EDGE_LOOP ( 'NONE', ( #2081, #1766, #4690, #734 ) ) ;
#4426 = DIRECTION ( 'NONE',  ( -1.000000000000000000, 0.0000000000000000000, 0.0000000000000000000 ) ) ;
#4427 = LINE ( 'NONE', #2628, #512 ) ;
#4428 = ORIENTED_EDGE ( 'NONE', *, *, #4154, .F. ) ;
#4429 = CARTESIAN_POINT ( 'NONE',  ( 0.0000000000000000000, 0.0000000000000000000, 11.60000000000000100 ) ) ;
#4430 = ORIENTED_EDGE ( 'NONE', *, *, #2886, .F. ) ;
#4431 = LINE ( 'NONE', #4143, #2239 ) ;
#4432 = CARTESIAN_POINT ( 'NONE',  ( -43.00000000000000000, 23.99999999999998600, 10.00000000000000000 ) ) ;
#4433 = AXIS2_PLACEMENT_3D ( 'NONE', #338, #2885, #3357 ) ;
#4434 = CARTESIAN_POINT ( 'NONE',  ( -24.49999999999999600, -38.50000000000000700, -94.89999999999999100 ) ) ;
#4435 = DIRECTION ( 'NONE',  ( 0.0000000000000000000, 0.0000000000000000000, -1.000000000000000000 ) ) ;
#4436 = CIRCLE ( 'NONE', #3358, 7.000000000000000000 ) ;
#4437 = DIRECTION ( 'NONE',  ( 0.0000000000000000000, 0.0000000000000000000, -1.000000000000000000 ) ) ;
#4438 = DIRECTION ( 'NONE',  ( 0.0000000000000000000, 0.0000000000000000000, -1.000000000000000000 ) ) ;
#4439 = DIRECTION ( 'NONE',  ( 0.0000000000000000000, 0.0000000000000000000, 1.000000000000000000 ) ) ;
#4440 = VECTOR ( 'NONE', #1534, 1000.000000000000000 ) ;
#4441 = DIRECTION ( 'NONE',  ( 0.0000000000000000000, 0.0000000000000000000, 1.000000000000000000 ) ) ;
#4442 = DIRECTION ( 'NONE',  ( -0.0000000000000000000, -0.0000000000000000000, 1.000000000000000000 ) ) ;
#4443 = LINE ( 'NONE', #751, #3861 ) ;
#4444 = VECTOR ( 'NONE', #2135, 1000.000000000000000 ) ;
#4445 = DIRECTION ( 'NONE',  ( 0.5735764363510440500, 0.8191520442889931300, -0.0000000000000000000 ) ) ;
#4446 = VERTEX_POINT ( 'NONE', #3446 ) ;
#4447 = DIRECTION ( 'NONE',  ( -1.000000000000000000, -0.0000000000000000000, -0.0000000000000000000 ) ) ;
#4448 = FACE_OUTER_BOUND ( 'NONE', #3206, .T. ) ;
#4449 = AXIS2_PLACEMENT_3D ( 'NONE', #1021, #1796, #2535 ) ;
#4450 = EDGE_CURVE ( 'NONE', #689, #4483, #1890, .T. ) ;
#4451 = EDGE_CURVE ( 'NONE', #4347, #4114, #3892, .T. ) ;
#4452 = ORIENTED_EDGE ( 'NONE', *, *, #1095, .T. ) ;
#4453 = ORIENTED_EDGE ( 'NONE', *, *, #1427, .F. ) ;
#4454 = DIRECTION ( 'NONE',  ( -0.0000000000000000000, -0.0000000000000000000, -1.000000000000000000 ) ) ;
#4455 = CARTESIAN_POINT ( 'NONE',  ( 36.99999999999999300, -43.00000000000000000, 10.00000000000000000 ) ) ;
#4456 = DIRECTION ( 'NONE',  ( -0.0000000000000000000, 0.0000000000000000000, 1.000000000000000000 ) ) ;
#4457 = ADVANCED_FACE ( 'NONE', ( #4323 ), #2051, .F. ) ;
#4458 = ADVANCED_FACE ( 'NONE', ( #2260 ), #2528, .T. ) ;
#4459 = AXIS2_PLACEMENT_3D ( 'NONE', #4224, #931, #4269 ) ;
#4460 = ORIENTED_EDGE ( 'NONE', *, *, #4068, .T. ) ;
#4461 = ORIENTED_EDGE ( 'NONE', *, *, #381, .T. ) ;
#4462 = CARTESIAN_POINT ( 'NONE',  ( 8.500000000000005300, 44.99999999999999300, -95.50000000000000000 ) ) ;
#4463 = EDGE_CURVE ( 'NONE', #3125, #275, #454, .T. ) ;
#4464 = CARTESIAN_POINT ( 'NONE',  ( 2.500000000000002200, 6.538348415311009600, -133.0000000000000000 ) ) ;
#4465 = PLANE ( 'NONE',  #2802 ) ;
#4466 = ORIENTED_EDGE ( 'NONE', *, *, #1322, .T. ) ;
#4467 = ORIENTED_EDGE ( 'NONE', *, *, #1274, .T. ) ;
#4468 = AXIS2_PLACEMENT_3D ( 'NONE', #2567, #378, #2948 ) ;
#4469 = DIRECTION ( 'NONE',  ( 0.0000000000000000000, -0.0000000000000000000, -1.000000000000000000 ) ) ;
#4470 = CARTESIAN_POINT ( 'NONE',  ( 2.168404344971008900E-015, 5.000000000000000000, -110.5000000000000000 ) ) ;
#4471 = ORIENTED_EDGE ( 'NONE', *, *, #832, .F. ) ;
#4472 = DIRECTION ( 'NONE',  ( -0.7071067811865279200, 0.0000000000000000000, -0.7071067811865671100 ) ) ;
#4473 = EDGE_LOOP ( 'NONE', ( #97, #2836, #3551, #392 ) ) ;
#4474 = ORIENTED_EDGE ( 'NONE', *, *, #3974, .F. ) ;
#4475 = EDGE_LOOP ( 'NONE', ( #4070, #269, #2716, #2381 ) ) ;
#4476 = DATE_TIME_ROLE ( 'classification_date' ) ;
#4477 = ORIENTED_EDGE ( 'NONE', *, *, #4551, .T. ) ;
#4478 = VECTOR ( 'NONE', #1319, 1000.000000000000000 ) ;
#4479 = VECTOR ( 'NONE', #3117, 1000.000000000000000 ) ;
#4480 = EDGE_CURVE ( 'NONE', #164, #2100, #1567, .T. ) ;
#4481 = ADVANCED_FACE ( 'NONE', ( #3679 ), #3493, .F. ) ;
#4482 = EDGE_CURVE ( 'NONE', #3779, #1481, #1307, .T. ) ;
#4483 = VERTEX_POINT ( 'NONE', #4241 ) ;
#4484 = ORIENTED_EDGE ( 'NONE', *, *, #1428, .T. ) ;
#4485 = CARTESIAN_POINT ( 'NONE',  ( -37.00000000000000000, 36.99999999999998600, 10.00000000000000000 ) ) ;
#4486 = LINE ( 'NONE', #96, #3498 ) ;
#4487 = LINE ( 'NONE', #761, #1206 ) ;
#4488 = VECTOR ( 'NONE', #1340, 1000.000000000000000 ) ;
#4489 = DIRECTION ( 'NONE',  ( -0.0000000000000000000, -0.0000000000000000000, -1.000000000000000000 ) ) ;
#4490 = ORIENTED_EDGE ( 'NONE', *, *, #417, .T. ) ;
#4491 = AXIS2_PLACEMENT_3D ( 'NONE', #3603, #3252, #2493 ) ;
#4492 = CARTESIAN_POINT ( 'NONE',  ( 31.54000000000002000, -34.78999999999997100, 0.0000000000000000000 ) ) ;
#4493 = CARTESIAN_POINT ( 'NONE',  ( -4.336808689942017700E-016, 7.000000000000000000, 21.99999999999999300 ) ) ;
#4494 = LINE ( 'NONE', #4534, #4244 ) ;
#4495 = ORIENTED_EDGE ( 'NONE', *, *, #2924, .T. ) ;
#4496 = AXIS2_PLACEMENT_3D ( 'NONE', #525, #951, #3836 ) ;
#4497 = FACE_BOUND ( 'NONE', #1471, .T. ) ;
#4498 = CIRCLE ( 'NONE', #860, 1.250000000000000400 ) ;
#4499 = AXIS2_PLACEMENT_3D ( 'NONE', #3077, #3422, #1638 ) ;
#4500 = DIRECTION ( 'NONE',  ( 0.8571673007021114500, 1.049727191138617600E-016, -0.5150380749100556000 ) ) ;
#4501 = VECTOR ( 'NONE', #2093, 1000.000000000000000 ) ;
#4502 = CARTESIAN_POINT ( 'NONE',  ( 28.99999999999999600, -34.00000000000000000, 0.0000000000000000000 ) ) ;
#4503 = FACE_OUTER_BOUND ( 'NONE', #1650, .T. ) ;
#4504 = ADVANCED_FACE ( 'NONE', ( #528 ), #2363, .T. ) ;
#4505 = ADVANCED_FACE ( 'NONE', ( #3282 ), #1739, .T. ) ;
#4506 = ORIENTED_EDGE ( 'NONE', *, *, #3455, .T. ) ;
#4507 = EDGE_CURVE ( 'NONE', #4177, #2105, #1570, .T. ) ;
#4508 = CARTESIAN_POINT ( 'NONE',  ( -1.050000000000000000, 1.285879139104721000E-016, 42.00000000000000000 ) ) ;
#4509 = EDGE_CURVE ( 'NONE', #2491, #833, #1392, .T. ) ;
#4510 = DIRECTION ( 'NONE',  ( 0.0000000000000000000, 0.0000000000000000000, -1.000000000000000000 ) ) ;
#4511 = ORIENTED_EDGE ( 'NONE', *, *, #1695, .F. ) ;
#4512 = AXIS2_PLACEMENT_3D ( 'NONE', #3570, #577, #4660 ) ;
#4513 = ORIENTED_EDGE ( 'NONE', *, *, #1075, .F. ) ;
#4514 = CARTESIAN_POINT ( 'NONE',  ( 2.500000000000002200, 6.538348415311009600, -110.5000000000000000 ) ) ;
#4515 = DIRECTION ( 'NONE',  ( 0.0000000000000000000, 0.0000000000000000000, 1.000000000000000000 ) ) ;
#4516 = ORIENTED_EDGE ( 'NONE', *, *, #1494, .F. ) ;
#4517 = DIRECTION ( 'NONE',  ( 0.0000000000000000000, -0.0000000000000000000, 1.000000000000000000 ) ) ;
#4518 = ORIENTED_EDGE ( 'NONE', *, *, #1429, .F. ) ;
#4519 = CARTESIAN_POINT ( 'NONE',  ( 36.99999999999999300, -43.00000000000000000, 10.00000000000000000 ) ) ;
#4520 = EDGE_CURVE ( 'NONE', #1557, #3954, #1629, .T. ) ;
#4521 = VERTEX_POINT ( 'NONE', #2733 ) ;
#4522 = ORIENTED_EDGE ( 'NONE', *, *, #2703, .T. ) ;
#4523 = ORIENTED_EDGE ( 'NONE', *, *, #4128, .T. ) ;
#4524 = ADVANCED_FACE ( 'NONE', ( #4503 ), #2021, .F. ) ;
#4525 = ORIENTED_EDGE ( 'NONE', *, *, #4750, .T. ) ;
#4526 = ORIENTED_EDGE ( 'NONE', *, *, #2041, .F. ) ;
#4527 = ORIENTED_EDGE ( 'NONE', *, *, #3677, .F. ) ;
#4528 = PLANE ( 'NONE',  #305 ) ;
#4529 = FACE_OUTER_BOUND ( 'NONE', #3833, .T. ) ;
#4530 = DIRECTION ( 'NONE',  ( 0.0000000000000000000, 0.0000000000000000000, 1.000000000000000000 ) ) ;
#4531 = ORIENTED_EDGE ( 'NONE', *, *, #1357, .T. ) ;
#4532 = ORIENTED_EDGE ( 'NONE', *, *, #1160, .F. ) ;
#4533 = EDGE_LOOP ( 'NONE', ( #4490, #1354, #4471, #2714 ) ) ;
#4534 = CARTESIAN_POINT ( 'NONE',  ( -7.997924617902913100, 52.99999999999999300, -83.49999999999998600 ) ) ;
#4535 = LINE ( 'NONE', #1216, #1151 ) ;
#4536 = LINE ( 'NONE', #3654, #3265 ) ;
#4537 = CARTESIAN_POINT ( 'NONE',  ( 38.50000000000000000, -24.50000000000000400, -94.89999999999999100 ) ) ;
#4538 = EDGE_LOOP ( 'NONE', ( #1951, #4516, #1483, #4400 ) ) ;
#4539 = EDGE_CURVE ( 'NONE', #514, #365, #4207, .T. ) ;
#4540 = TOROIDAL_SURFACE ( 'NONE', #3202, 3.500000000000000000, 1.500000000000000000 ) ;
#4541 = EDGE_CURVE ( 'NONE', #1744, #406, #1513, .T. ) ;
#4542 = VERTEX_POINT ( 'NONE', #3891 ) ;
#4543 = ORIENTED_EDGE ( 'NONE', *, *, #2089, .T. ) ;
#4544 = FACE_OUTER_BOUND ( 'NONE', #1990, .T. ) ;
#4545 = AXIS2_PLACEMENT_3D ( 'NONE', #4063, #2202, #2536 ) ;
#4546 = DIRECTION ( 'NONE',  ( -0.0000000000000000000, -0.0000000000000000000, 1.000000000000000000 ) ) ;
#4547 = DIRECTION ( 'NONE',  ( -0.0000000000000000000, -0.0000000000000000000, -1.000000000000000000 ) ) ;
#4548 = ADVANCED_FACE ( 'NONE', ( #941 ), #3518, .T. ) ;
#4549 = ADVANCED_FACE ( 'NONE', ( #4733 ), #421, .T. ) ;
#4550 = LINE ( 'NONE', #2682, #3274 ) ;
#4551 = EDGE_CURVE ( 'NONE', #4625, #2782, #3224, .T. ) ;
#4552 = LINE ( 'NONE', #3441, #2470 ) ;
#4553 = AXIS2_PLACEMENT_3D ( 'NONE', #1158, #2259, #3100 ) ;
#4554 = CARTESIAN_POINT ( 'NONE',  ( -24.49999999999999600, -38.50000000000000700, -94.89999999999999100 ) ) ;
#4555 = VECTOR ( 'NONE', #675, 1000.000000000000000 ) ;
#4556 = FACE_OUTER_BOUND ( 'NONE', #3474, .T. ) ;
#4557 = CARTESIAN_POINT ( 'NONE',  ( -34.78999999999999900, 34.78999999999999900, 0.0000000000000000000 ) ) ;
#4558 = VERTEX_POINT ( 'NONE', #4338 ) ;
#4559 = CARTESIAN_POINT ( 'NONE',  ( -2.500000000000000400, 5.000000000000000000, 24.49999999999999300 ) ) ;
#4560 = CIRCLE ( 'NONE', #1981, 3.250000000000002700 ) ;
#4561 = ORIENTED_EDGE ( 'NONE', *, *, #2756, .F. ) ;
#4562 = VERTEX_POINT ( 'NONE', #1780 ) ;
#4563 = EDGE_CURVE ( 'NONE', #279, #2771, #2509, .T. ) ;
#4564 = CARTESIAN_POINT ( 'NONE',  ( -1.050000000000000000, 1.285879139104721000E-016, 47.00000000000000000 ) ) ;
#4565 = EDGE_CURVE ( 'NONE', #1644, #2203, #2306, .T. ) ;
#4566 = EDGE_LOOP ( 'NONE', ( #4237, #4242 ) ) ;
#4567 = ADVANCED_FACE ( 'NONE', ( #3339 ), #1679, .F. ) ;
#4568 = DIRECTION ( 'NONE',  ( -0.0000000000000000000, -0.0000000000000000000, 1.000000000000000000 ) ) ;
#4569 = DIRECTION ( 'NONE',  ( -0.0000000000000000000, -0.0000000000000000000, 1.000000000000000000 ) ) ;
#4570 = AXIS2_PLACEMENT_3D ( 'NONE', #1081, #1413, #4709 ) ;
#4571 = DIRECTION ( 'NONE',  ( -1.000000000000000000, 0.0000000000000000000, 0.0000000000000000000 ) ) ;
#4572 = AXIS2_PLACEMENT_3D ( 'NONE', #3655, #1037, #1450 ) ;
#4573 = ORIENTED_EDGE ( 'NONE', *, *, #2957, .T. ) ;
#4574 = CARTESIAN_POINT ( 'NONE',  ( -34.00000000000000000, -29.00000000000000000, 0.0000000000000000000 ) ) ;
#4575 = CARTESIAN_POINT ( 'NONE',  ( -28.99999999999999600, -34.00000000000000000, -105.0000000000000000 ) ) ;
#4576 = VERTEX_POINT ( 'NONE', #4320 ) ;
#4577 = ORIENTED_EDGE ( 'NONE', *, *, #114, .F. ) ;
#4578 = ADVANCED_FACE ( 'NONE', ( #3862 ), #1323, .T. ) ;
#4579 = DIRECTION ( 'NONE',  ( -1.000000000000000000, 0.0000000000000000000, 0.0000000000000000000 ) ) ;
#4580 = ORIENTED_EDGE ( 'NONE', *, *, #2089, .F. ) ;
#4581 = AXIS2_PLACEMENT_3D ( 'NONE', #872, #2208, #385 ) ;
#4582 = ORIENTED_EDGE ( 'NONE', *, *, #1161, .F. ) ;
#4583 = ORIENTED_EDGE ( 'NONE', *, *, #3351, .F. ) ;
#4584 = DIRECTION ( 'NONE',  ( -1.000000000000000000, 0.0000000000000000000, 0.0000000000000000000 ) ) ;
#4585 = CIRCLE ( 'NONE', #1040, 1.250000000000000400 ) ;
#4586 = FACE_OUTER_BOUND ( 'NONE', #4416, .T. ) ;
#4587 = EDGE_CURVE ( 'NONE', #1988, #2091, #304, .T. ) ;
#4588 = DIRECTION ( 'NONE',  ( -0.0000000000000000000, 1.000000000000000000, 0.0000000000000000000 ) ) ;
#4589 = LINE ( 'NONE', #3011, #2912 ) ;
#4590 = CARTESIAN_POINT ( 'NONE',  ( 7.997924617902913100, 52.99999999999999300, -103.5000000000000000 ) ) ;
#4591 = VECTOR ( 'NONE', #3584, 1000.000000000000000 ) ;
#4592 = ORIENTED_EDGE ( 'NONE', *, *, #1161, .T. ) ;
#4593 = ADVANCED_FACE ( 'NONE', ( #3700 ), #885, .F. ) ;
#4594 = VERTEX_POINT ( 'NONE', #3258 ) ;
#4595 = DIRECTION ( 'NONE',  ( 0.0000000000000000000, -1.000000000000000000, 0.0000000000000000000 ) ) ;
#4596 = FACE_BOUND ( 'NONE', #3411, .T. ) ;
#4597 = DIRECTION ( 'NONE',  ( -1.000000000000000000, 0.0000000000000000000, 0.0000000000000000000 ) ) ;
#4598 = AXIS2_PLACEMENT_3D ( 'NONE', #2986, #2602, #65 ) ;
#4599 = EDGE_CURVE ( 'NONE', #386, #945, #2699, .T. ) ;
#4600 = EDGE_CURVE ( 'NONE', #1284, #12, #2534, .T. ) ;
#4601 = LINE ( 'NONE', #2366, #3694 ) ;
#4602 = CARTESIAN_POINT ( 'NONE',  ( 0.0000000000000000000, 0.0000000000000000000, 47.00000000000000000 ) ) ;
#4603 = DIRECTION ( 'NONE',  ( 0.8571673007021114500, 1.049727191138617600E-016, -0.5150380749100556000 ) ) ;
#4604 = LINE ( 'NONE', #4611, #2992 ) ;
#4605 = AXIS2_PLACEMENT_3D ( 'NONE', #460, #55, #1173 ) ;
#4606 = DIRECTION ( 'NONE',  ( -0.0000000000000000000, -0.0000000000000000000, 1.000000000000000000 ) ) ;
#4607 = CARTESIAN_POINT ( 'NONE',  ( -6.500000000000005300, 8.266365894244638300E-016, -133.0000000000000000 ) ) ;
#4608 = FACE_BOUND ( 'NONE', #1292, .T. ) ;
#4609 = VECTOR ( 'NONE', #602, 1000.000000000000000 ) ;
#4610 = AXIS2_PLACEMENT_3D ( 'NONE', #1477, #2530, #3250 ) ;
#4611 = CARTESIAN_POINT ( 'NONE',  ( -31.53999999999999900, 34.78999999999999900, 0.0000000000000000000 ) ) ;
#4612 = ORIENTED_EDGE ( 'NONE', *, *, #652, .T. ) ;
#4613 = CIRCLE ( 'NONE', #4605, 9.000000000000000000 ) ;
#4614 = ADVANCED_FACE ( 'NONE', ( #2751 ), #470, .T. ) ;
#4615 = ORIENTED_EDGE ( 'NONE', *, *, #2160, .F. ) ;
#4616 = ADVANCED_FACE ( 'NONE', ( #4556 ), #2420, .T. ) ;
#4617 = ORIENTED_EDGE ( 'NONE', *, *, #4152, .T. ) ;
#4618 = DIRECTION ( 'NONE',  ( 0.0000000000000000000, 0.0000000000000000000, -1.000000000000000000 ) ) ;
#4619 = EDGE_CURVE ( 'NONE', #3429, #4483, #4667, .T. ) ;
#4620 = DIRECTION ( 'NONE',  ( -0.0000000000000000000, -0.0000000000000000000, 1.000000000000000000 ) ) ;
#4621 = EDGE_CURVE ( 'NONE', #2106, #1557, #3401, .T. ) ;
#4622 = EDGE_CURVE ( 'NONE', #785, #3923, #4090, .T. ) ;
#4623 = CARTESIAN_POINT ( 'NONE',  ( 0.0000000000000000000, 0.0000000000000000000, -132.5000000000000000 ) ) ;
#4624 = ORIENTED_EDGE ( 'NONE', *, *, #2990, .T. ) ;
#4625 = VERTEX_POINT ( 'NONE', #2846 ) ;
#4626 = DIRECTION ( 'NONE',  ( 1.000000000000000000, 0.0000000000000000000, 0.0000000000000000000 ) ) ;
#4627 = CARTESIAN_POINT ( 'NONE',  ( 36.99999999999999300, 36.99999999999999300, 0.0000000000000000000 ) ) ;
#4628 = AXIS2_PLACEMENT_3D ( 'NONE', #1823, #2517, #3627 ) ;
#4629 = ORIENTED_EDGE ( 'NONE', *, *, #1767, .F. ) ;
#4630 = VERTEX_POINT ( 'NONE', #379 ) ;
#4631 = CARTESIAN_POINT ( 'NONE',  ( 0.0000000000000000000, 47.82163214108173600, -73.50000000000000000 ) ) ;
#4632 = AXIS2_PLACEMENT_3D ( 'NONE', #779, #4109, #2251 ) ;
#4633 = CARTESIAN_POINT ( 'NONE',  ( -31.53999999999999900, 34.78999999999999900, 0.0000000000000000000 ) ) ;
#4634 = ORIENTED_EDGE ( 'NONE', *, *, #1748, .T. ) ;
#4635 = ORIENTED_EDGE ( 'NONE', *, *, #1736, .F. ) ;
#4636 = CIRCLE ( 'NONE', #3845, 1.500000000000001300 ) ;
#4637 = CARTESIAN_POINT ( 'NONE',  ( -28.99999999999999600, 37.99999999999999300, 0.0000000000000000000 ) ) ;
#4638 = ORIENTED_EDGE ( 'NONE', *, *, #4599, .T. ) ;
#4639 = CARTESIAN_POINT ( 'NONE',  ( 0.0000000000000000000, 0.0000000000000000000, 11.50000000000000500 ) ) ;
#4640 = CARTESIAN_POINT ( 'NONE',  ( 0.0000000000000000000, 0.0000000000000000000, 10.00000000000000000 ) ) ;
#4641 = AXIS2_PLACEMENT_3D ( 'NONE', #605, #2861, #2065 ) ;
#4642 = VERTEX_POINT ( 'NONE', #658 ) ;
#4643 = LINE ( 'NONE', #4321, #4364 ) ;
#4644 = CIRCLE ( 'NONE', #948, 6.500000000000005300 ) ;
#4645 = ORIENTED_EDGE ( 'NONE', *, *, #1249, .F. ) ;
#4646 = DIRECTION ( 'NONE',  ( -1.000000000000000000, 0.0000000000000000000, -0.0000000000000000000 ) ) ;
#4647 = CYLINDRICAL_SURFACE ( 'NONE', #1159, 5.000000000000000900 ) ;
#4648 = DIRECTION ( 'NONE',  ( 1.000000000000000000, 0.0000000000000000000, 0.0000000000000000000 ) ) ;
#4649 = VERTEX_POINT ( 'NONE', #2967 ) ;
#4650 = EDGE_LOOP ( 'NONE', ( #4190, #2896, #2445, #3477, #3483, #4467, #894, #158, #4227, #4226, #4210, #537, #3020, #2612, #4407, #828, #3346, #1062, #4523, #2485, #4097, #2562, #3626, #4573 ) ) ;
#4651 = CARTESIAN_POINT ( 'NONE',  ( -26.14999999999999500, -38.50000000000000700, -104.5000000000000400 ) ) ;
#4652 = DIRECTION ( 'NONE',  ( 0.5735764363510440500, -0.8191520442889931300, -0.0000000000000000000 ) ) ;
#4653 = EDGE_CURVE ( 'NONE', #2704, #2903, #2872, .T. ) ;
#4654 = FACE_OUTER_BOUND ( 'NONE', #82, .T. ) ;
#4655 = EDGE_CURVE ( 'NONE', #4111, #790, #1054, .T. ) ;
#4656 = PLANE ( 'NONE',  #925 ) ;
#4657 = DIRECTION ( 'NONE',  ( 0.0000000000000000000, 0.0000000000000000000, -1.000000000000000000 ) ) ;
#4658 = VECTOR ( 'NONE', #3433, 1000.000000000000000 ) ;
#4659 = AXIS2_PLACEMENT_3D ( 'NONE', #919, #208, #3497 ) ;
#4660 = DIRECTION ( 'NONE',  ( -1.000000000000000000, 0.0000000000000000000, 0.0000000000000000000 ) ) ;
#4661 = CIRCLE ( 'NONE', #1782, 3.250000000000002700 ) ;
#4662 = APPROVAL_DATE_TIME ( #3456, #3231 ) ;
#4663 = DIRECTION ( 'NONE',  ( -0.0000000000000000000, -1.000000000000000000, -0.0000000000000000000 ) ) ;
#4664 = DIRECTION ( 'NONE',  ( -0.0000000000000000000, -0.0000000000000000000, -1.000000000000000000 ) ) ;
#4665 = CIRCLE ( 'NONE', #1754, 4.999999999999997300 ) ;
#4666 = CARTESIAN_POINT ( 'NONE',  ( 2.370578838148429000, 6.586713364637961200, -109.6893890763758600 ) ) ;
#4667 = CIRCLE ( 'NONE', #3053, 3.250000000000002700 ) ;
#4668 = AXIS2_PLACEMENT_3D ( 'NONE', #1132, #4439, #2962 ) ;
#4669 = VERTEX_POINT ( 'NONE', #1087 ) ;
#4670 = DIRECTION ( 'NONE',  ( -0.0000000000000000000, 1.000000000000000000, -0.0000000000000000000 ) ) ;
#4671 = DIRECTION ( 'NONE',  ( 0.0000000000000000000, 0.0000000000000000000, -1.000000000000000000 ) ) ;
#4672 = ORIENTED_EDGE ( 'NONE', *, *, #1059, .T. ) ;
#4673 = VERTEX_POINT ( 'NONE', #1860 ) ;
#4674 = DIRECTION ( 'NONE',  ( 1.000000000000000000, 0.0000000000000000000, 0.0000000000000000000 ) ) ;
#4675 = DIRECTION ( 'NONE',  ( 1.000000000000000000, 0.0000000000000000000, 0.0000000000000000000 ) ) ;
#4676 = ORIENTED_EDGE ( 'NONE', *, *, #357, .F. ) ;
#4677 = CARTESIAN_POINT ( 'NONE',  ( 11.00000000000000700, 44.99999999999999300, -93.00000000000000000 ) ) ;
#4678 = CARTESIAN_POINT ( 'NONE',  ( 0.0000000000000000000, 0.0000000000000000000, 0.0000000000000000000 ) ) ;
#4679 = DIRECTION ( 'NONE',  ( -1.000000000000000000, 0.0000000000000000000, 0.0000000000000000000 ) ) ;
#4680 = AXIS2_PLACEMENT_3D ( 'NONE', #657, #2170, #2148 ) ;
#4681 = ORIENTED_EDGE ( 'NONE', *, *, #3914, .F. ) ;
#4682 = EDGE_CURVE ( 'NONE', #739, #3447, #826, .T. ) ;
#4683 = DIRECTION ( 'NONE',  ( 1.000000000000000000, 0.0000000000000000000, 0.0000000000000000000 ) ) ;
#4684 = ORIENTED_EDGE ( 'NONE', *, *, #4541, .F. ) ;
#4685 = EDGE_CURVE ( 'NONE', #254, #3830, #2476, .T. ) ;
#4686 = CARTESIAN_POINT ( 'NONE',  ( 2.499999999999999600, 6.538348415311010500, 24.49999999999998900 ) ) ;
#4687 = ADVANCED_FACE ( 'NONE', ( #3577 ), #703, .T. ) ;
#4688 = ORIENTED_EDGE ( 'NONE', *, *, #621, .T. ) ;
#4689 = CARTESIAN_POINT ( 'NONE',  ( 0.0000000000000000000, 0.0000000000000000000, 11.60000000000000100 ) ) ;
#4690 = ORIENTED_EDGE ( 'NONE', *, *, #3610, .F. ) ;
#4691 = DIRECTION ( 'NONE',  ( 0.0000000000000000000, 0.0000000000000000000, -1.000000000000000000 ) ) ;
#4692 = ORIENTED_EDGE ( 'NONE', *, *, #588, .F. ) ;
#4693 = CARTESIAN_POINT ( 'NONE',  ( 0.0000000000000000000, 0.0000000000000000000, -133.0000000000000000 ) ) ;
#4694 = DIRECTION ( 'NONE',  ( 0.0000000000000000000, 0.0000000000000000000, -1.000000000000000000 ) ) ;
#4695 = AXIS2_PLACEMENT_3D ( 'NONE', #677, #3968, #299 ) ;
#4696 = DIRECTION ( 'NONE',  ( -0.0000000000000000000, -0.0000000000000000000, -1.000000000000000000 ) ) ;
#4697 = EDGE_LOOP ( 'NONE', ( #1181, #1420 ) ) ;
#4698 = ORIENTED_EDGE ( 'NONE', *, *, #4248, .T. ) ;
#4699 = EDGE_CURVE ( 'NONE', #2076, #423, #4319, .T. ) ;
#4700 = PLANE ( 'NONE',  #144 ) ;
#4701 = CIRCLE ( 'NONE', #629, 7.000000000000000000 ) ;
#4702 = FACE_OUTER_BOUND ( 'NONE', #2893, .T. ) ;
#4703 = VERTEX_POINT ( 'NONE', #1519 ) ;
#4704 = VECTOR ( 'NONE', #1332, 1000.000000000000000 ) ;
#4705 = CARTESIAN_POINT ( 'NONE',  ( 0.0000000000000000000, 0.0000000000000000000, 11.60000000000000100 ) ) ;
#4706 = FACE_OUTER_BOUND ( 'NONE', #1635, .T. ) ;
#4707 = CARTESIAN_POINT ( 'NONE',  ( 43.00000000000000000, 42.99999999999999300, 0.0000000000000000000 ) ) ;
#4708 = FACE_OUTER_BOUND ( 'NONE', #3602, .T. ) ;
#4709 = DIRECTION ( 'NONE',  ( -3.469446951953611000E-015, 1.000000000000000000, 0.0000000000000000000 ) ) ;
#4710 = AXIS2_PLACEMENT_3D ( 'NONE', #30, #3715, #2889 ) ;
#4711 = CARTESIAN_POINT ( 'NONE',  ( 6.500000000000005300, 7.960204194457803400E-016, 47.00000000000000000 ) ) ;
#4712 = DIRECTION ( 'NONE',  ( 0.0000000000000000000, 0.0000000000000000000, -1.000000000000000000 ) ) ;
#4713 = LINE ( 'NONE', #2154, #927 ) ;
#4714 = DIRECTION ( 'NONE',  ( -1.000000000000000000, 0.0000000000000000000, 0.0000000000000000000 ) ) ;
#4715 = CARTESIAN_POINT ( 'NONE',  ( -23.99999999999999300, -41.50000000000000000, -105.0000000000000000 ) ) ;
#4716 = CARTESIAN_POINT ( 'NONE',  ( 26.14999999999999500, 38.49999999999999300, -104.4999999999999900 ) ) ;
#4717 = CIRCLE ( 'NONE', #2739, 4.999999999999997300 ) ;
#4718 = ADVANCED_FACE ( 'NONE', ( #3641 ), #1171, .F. ) ;
#4719 = DIRECTION ( 'NONE',  ( 1.000000000000000000, 0.0000000000000000000, 0.0000000000000000000 ) ) ;
#4720 = DIRECTION ( 'NONE',  ( 0.0000000000000000000, 0.0000000000000000000, 1.000000000000000000 ) ) ;
#4721 = CC_DESIGN_SECURITY_CLASSIFICATION ( #3479, ( #3136 ) ) ;
#4722 = EDGE_CURVE ( 'NONE', #2365, #4642, #3975, .T. ) ;
#4723 = EDGE_CURVE ( 'NONE', #171, #739, #2254, .T. ) ;
#4724 = EDGE_CURVE ( 'NONE', #2943, #3531, #3459, .T. ) ;
#4725 = VECTOR ( 'NONE', #4399, 1000.000000000000000 ) ;
#4726 = ORGANIZATION ( 'UNSPECIFIED', 'UNSPECIFIED', '' ) ;
#4727 = DIRECTION ( 'NONE',  ( 1.000000000000000000, 0.0000000000000000000, 0.0000000000000000000 ) ) ;
#4728 = DIRECTION ( 'NONE',  ( 0.0000000000000000000, 0.0000000000000000000, -1.000000000000000000 ) ) ;
#4729 = CIRCLE ( 'NONE', #331, 7.000000000000000000 ) ;
#4730 = FACE_OUTER_BOUND ( 'NONE', #100, .T. ) ;
#4731 = AXIS2_PLACEMENT_3D ( 'NONE', #856, #4547, #464 ) ;
#4732 = DIRECTION ( 'NONE',  ( -1.000000000000000000, 0.0000000000000000000, 0.0000000000000000000 ) ) ;
#4733 = FACE_OUTER_BOUND ( 'NONE', #3178, .T. ) ;
#4734 = DIRECTION ( 'NONE',  ( -0.0000000000000000000, -0.0000000000000000000, -1.000000000000000000 ) ) ;
#4735 = ORIENTED_EDGE ( 'NONE', *, *, #4046, .F. ) ;
#4736 = CYLINDRICAL_SURFACE ( 'NONE', #2964, 9.000000000000000000 ) ;
#4737 = AXIS2_PLACEMENT_3D ( 'NONE', #3012, #824, #463 ) ;
#4738 = CARTESIAN_POINT ( 'NONE',  ( 2.499999999999998700, 6.538348415311007000, 24.33342757786345000 ) ) ;
#4739 = CARTESIAN_POINT ( 'NONE',  ( 0.0000000000000000000, 41.49999999999998600, -103.5000000000000000 ) ) ;
#4740 = VERTEX_POINT ( 'NONE', #2603 ) ;
#4741 = CARTESIAN_POINT ( 'NONE',  ( -13.59958492358056100, 44.99999999999999300, -95.50000000000000000 ) ) ;
#4742 = AXIS2_PLACEMENT_3D ( 'NONE', #3150, #536, #2707 ) ;
#4743 = ORIENTED_EDGE ( 'NONE', *, *, #4723, .F. ) ;
#4744 = CARTESIAN_POINT ( 'NONE',  ( -23.99999999999999600, -38.00000000000000700, -103.5000000000000000 ) ) ;
#4745 = DIRECTION ( 'NONE',  ( 1.000000000000000000, 0.0000000000000000000, 0.0000000000000000000 ) ) ;
#4746 = VERTEX_POINT ( 'NONE', #22 ) ;
#4747 = EDGE_CURVE ( 'NONE', #3151, #4052, #2998, .T. ) ;
#4748 = ORIENTED_EDGE ( 'NONE', *, *, #4653, .F. ) ;
#4749 = CARTESIAN_POINT ( 'NONE',  ( -36.50000000000000000, 0.0000000000000000000, 11.60000000000000100 ) ) ;
#4750 = EDGE_CURVE ( 'NONE', #2903, #4649, #190, .T. ) ;
#4751 = DIRECTION ( 'NONE',  ( 0.0000000000000000000, 0.0000000000000000000, -1.000000000000000000 ) ) ;
#4752 = CARTESIAN_POINT ( 'NONE',  ( 0.0000000000000000000, 0.0000000000000000000, 46.50000000000000700 ) ) ;
#4753 = VERTEX_POINT ( 'NONE', #3657 ) ;
#4754 = ORIENTED_EDGE ( 'NONE', *, *, #2645, .T. ) ;
#4755 = EDGE_LOOP ( 'NONE', ( #1646, #2758 ) ) ;
#4756 = AXIS2_PLACEMENT_3D ( 'NONE', #684, #1787, #2854 ) ;
#4757 = CARTESIAN_POINT ( 'NONE',  ( 0.0000000000000000000, 0.0000000000000000000, 47.00000000000000000 ) ) ;
#4758 = EDGE_LOOP ( 'NONE', ( #47, #3727 ) ) ;
#4759 = ORIENTED_EDGE ( 'NONE', *, *, #78, .T. ) ;
ENDSEC;
END-ISO-10303-21;
