ISO-10303-21;
HEADER;
FILE_DESCRIPTION (( 'STEP AP203' ),
    '1' );
FILE_NAME ('weld_base feet.STEP',
    '2026-03-23T18:19:58',
    ( '' ),
    ( '' ),
    'SwSTEP 2.0',
    'SolidWorks 2025',
    '' );
FILE_SCHEMA (( 'CONFIG_CONTROL_DESIGN' ));
ENDSEC;

DATA;
#1 = CARTESIAN_POINT ( 'NONE',  ( 187.4999999999998863, -24.99999999999991473, -600.0000000000000000 ) ) ;
#2 = ORIENTED_EDGE ( 'NONE', *, *, #1540, .T. ) ;
#3 = CARTESIAN_POINT ( 'NONE',  ( 8.831319514063479347E-14, 21.99999999999924682, -596.7000000000000455 ) ) ;
#4 = CARTESIAN_POINT ( 'NONE',  ( 180.4999999999998863, -15.00000000000003020, -562.5000000000002274 ) ) ;
#5 = LINE ( 'NONE', #551, #1241 ) ;
#6 = VERTEX_POINT ( 'NONE', #1398 ) ;
#7 = EDGE_CURVE ( 'NONE', #267, #1013, #392, .T. ) ;
#8 = DIRECTION ( 'NONE',  ( 0.000000000000000000, -1.000000000000000000, -3.700742850728556176E-15 ) ) ;
#9 = CARTESIAN_POINT ( 'NONE',  ( 248.4046824137612077, 18.76621790498520426, -563.2341640627258812 ) ) ;
#10 = CARTESIAN_POINT ( 'NONE',  ( -245.0269832074732790, -21.53187853182804190, -35.07283945620872601 ) ) ;
#11 = FACE_BOUND ( 'NONE', #232, .T. ) ;
#12 = VERTEX_POINT ( 'NONE', #885 ) ;
#13 = ORIENTED_EDGE ( 'NONE', *, *, #3278, .F. ) ;
#14 = DIRECTION ( 'NONE',  ( -1.000000000000000000, 0.000000000000000000, 1.586033434521926015E-16 ) ) ;
#15 = DIRECTION ( 'NONE',  ( -0.000000000000000000, 1.000000000000000000, -0.000000000000000000 ) ) ;
#16 = ORIENTED_EDGE ( 'NONE', *, *, #576, .F. ) ;
#17 = LINE ( 'NONE', #993, #2233 ) ;
#18 = LINE ( 'NONE', #1854, #2285 ) ;
#19 = CARTESIAN_POINT ( 'NONE',  ( -183.9646606448248747, 21.04575189207774599, -564.5333760565722514 ) ) ;
#20 = VERTEX_POINT ( 'NONE', #1161 ) ;
#21 = DIRECTION ( 'NONE',  ( -0.000000000000000000, 1.000000000000000000, -0.000000000000000000 ) ) ;
#22 = LINE ( 'NONE', #3240, #1068 ) ;
#23 = EDGE_CURVE ( 'NONE', #3156, #3176, #2003, .T. ) ;
#24 = B_SPLINE_CURVE_WITH_KNOTS ( 'NONE', 3,
 ( #2345, #2895, #986, #282, #1849, #3180, #3229, #2973, #233, #1332, #2991, #1815, #268, #2941, #2719, #2381, #296, #3452, #507, #1025, #2687, #250, #3200, #526, #801, #2923 ),
 .UNSPECIFIED., .F., .F.,
 ( 4, 2, 2, 2, 2, 2, 2, 2, 2, 2, 2, 2, 4 ),
 ( 0.01137023585102431809, 0.01208014783211151452, 0.01279005981319870922, 0.01420988377537310034, 0.01491979575646032626, 0.01562970773754755044, 0.01704953169972200228, 0.01846935566189644717, 0.01917926764298367309, 0.01988917962407089901, 0.02130900358624534391, 0.02201891556733256983, 0.02272882754841980268 ),
 .UNSPECIFIED. ) ;
#25 = EDGE_LOOP ( 'NONE', ( #1423, #2825, #418, #1670 ) ) ;
#26 = ORIENTED_EDGE ( 'NONE', *, *, #2007, .T. ) ;
#27 = VECTOR ( 'NONE', #1281, 1000.000000000000000 ) ;
#28 = CARTESIAN_POINT ( 'NONE',  ( -177.4999999999999147, 14.99999999999779732, -37.49999999999992184 ) ) ;
#29 = ORIENTED_EDGE ( 'NONE', *, *, #558, .F. ) ;
#30 = AXIS2_PLACEMENT_3D ( 'NONE', #1027, #1869, #2420 ) ;
#31 = CYLINDRICAL_SURFACE ( 'NONE', #870, 10.00000000000000888 ) ;
#32 = VECTOR ( 'NONE', #1708, 1000.000000000000000 ) ;
#33 = LINE ( 'NONE', #2980, #3353 ) ;
#34 = CARTESIAN_POINT ( 'NONE',  ( -184.3566847147075691, 21.25853891208317137, -564.6994292720017938 ) ) ;
#35 = DIRECTION ( 'NONE',  ( 0.000000000000000000, -1.000000000000000000, -3.700743415417186364E-15 ) ) ;
#36 = CARTESIAN_POINT ( 'NONE',  ( -180.4999999999998863, 14.99999999999975131, -562.4999999999998863 ) ) ;
#37 = CARTESIAN_POINT ( 'NONE',  ( 8.831319514063479347E-14, 21.99999999999924682, 3.299999999999993605 ) ) ;
#38 = DIRECTION ( 'NONE',  ( -0.000000000000000000, 1.000000000000000000, -0.000000000000000000 ) ) ;
#39 = VECTOR ( 'NONE', #749, 1000.000000000000000 ) ;
#40 = AXIS2_PLACEMENT_3D ( 'NONE', #312, #573, #1369 ) ;
#41 = CARTESIAN_POINT ( 'NONE',  ( -350.0000000000000000, 15.00000000000013856, -637.5000000000000000 ) ) ;
#42 = ADVANCED_FACE ( 'NONE', ( #2527 ), #3059, .F. ) ;
#43 = FACE_OUTER_BOUND ( 'NONE', #1998, .T. ) ;
#44 = EDGE_LOOP ( 'NONE', ( #984, #1669 ) ) ;
#45 = VERTEX_POINT ( 'NONE', #900 ) ;
#46 = ADVANCED_FACE ( 'NONE', ( #2840 ), #2788, .F. ) ;
#47 = AXIS2_PLACEMENT_3D ( 'NONE', #1431, #2732, #110 ) ;
#48 = CARTESIAN_POINT ( 'NONE',  ( 250.0000000000000000, 21.99999999999988631, -34.64142842854295168 ) ) ;
#49 = ORIENTED_EDGE ( 'NONE', *, *, #252, .T. ) ;
#50 = AXIS2_PLACEMENT_3D ( 'NONE', #721, #2132, #3219 ) ;
#51 = CARTESIAN_POINT ( 'NONE',  ( 350.0000000000000000, -15.00000000000010836, -572.5000000000002274 ) ) ;
#52 = CARTESIAN_POINT ( 'NONE',  ( -250.0000000000000000, 24.99999999999991118, 27.50000000000008171 ) ) ;
#53 = CARTESIAN_POINT ( 'NONE',  ( -187.0259159506491642, 21.98792370224570902, -565.3466766487031236 ) ) ;
#54 =( BOUNDED_CURVE ( )  B_SPLINE_CURVE ( 3, ( #671, #1177, #2024, #1228 ),
 .UNSPECIFIED., .F., .F. ) 
 B_SPLINE_CURVE_WITH_KNOTS ( ( 4, 4 ),
 ( 1.570796326794895226, 3.141592653589790007 ),
 .UNSPECIFIED. ) 
 CURVE ( )  GEOMETRIC_REPRESENTATION_ITEM ( )  RATIONAL_B_SPLINE_CURVE ( ( 1.000000000000000000, 0.8047378541243654926, 0.8047378541243654926, 1.000000000000000000 ) ) 
 REPRESENTATION_ITEM ( '' )  );
#55 = EDGE_CURVE ( 'NONE', #673, #361, #2439, .T. ) ;
#56 = ADVANCED_FACE ( 'NONE', ( #668 ), #1714, .T. ) ;
#57 = FACE_OUTER_BOUND ( 'NONE', #2260, .T. ) ;
#58 = CARTESIAN_POINT ( 'NONE',  ( 181.6421356237309510, 24.99999999999997513, -566.6421356237310647 ) ) ;
#59 = CARTESIAN_POINT ( 'NONE',  ( 182.2584221177696122, 19.66053196672166692, -563.6451921519147845 ) ) ;
#60 = CARTESIAN_POINT ( 'NONE',  ( 242.5000000000000568, 21.99999999999991473, -599.9999999999998863 ) ) ;
#61 = ORIENTED_EDGE ( 'NONE', *, *, #2006, .T. ) ;
#62 = ORIENTED_EDGE ( 'NONE', *, *, #1374, .T. ) ;
#63 = CALENDAR_DATE ( 2026, 24, 3 ) ;
#64 = FACE_OUTER_BOUND ( 'NONE', #1057, .T. ) ;
#65 = CARTESIAN_POINT ( 'NONE',  ( 249.4999999999999432, -15.00000000000013145, -37.49999999999997868 ) ) ;
#66 = VERTEX_POINT ( 'NONE', #210 ) ;
#67 = DIRECTION ( 'NONE',  ( -1.000000000000000000, 0.000000000000000000, 7.690840992182485042E-23 ) ) ;
#68 = DIRECTION ( 'NONE',  ( 1.000000000000000000, 0.000000000000000000, 0.000000000000000000 ) ) ;
#69 = ORIENTED_EDGE ( 'NONE', *, *, #2764, .T. ) ;
#70 = CARTESIAN_POINT ( 'NONE',  ( 215.0000000000000568, 24.99999999999850431, -1.110223024625156540E-13 ) ) ;
#71 = CARTESIAN_POINT ( 'NONE',  ( 350.0000000000000000, -21.99999999999991473, -627.5000000000001137 ) ) ;
#72 =( BOUNDED_CURVE ( )  B_SPLINE_CURVE ( 3, ( #1507, #2867, #164, #436 ),
 .UNSPECIFIED., .F., .F. ) 
 B_SPLINE_CURVE_WITH_KNOTS ( ( 4, 4 ),
 ( 3.141592653589790007, 4.712388980384687898 ),
 .UNSPECIFIED. ) 
 CURVE ( )  GEOMETRIC_REPRESENTATION_ITEM ( )  RATIONAL_B_SPLINE_CURVE ( ( 1.000000000000000000, 0.8047378541243646044, 0.8047378541243646044, 1.000000000000000000 ) ) 
 REPRESENTATION_ITEM ( '' )  );
#73 = CARTESIAN_POINT ( 'NONE',  ( 180.5602192507718087, 15.94658158559593808, -562.5420755901152461 ) ) ;
#74 = EDGE_LOOP ( 'NONE', ( #2874, #1721, #821, #1776 ) ) ;
#75 = ORIENTED_EDGE ( 'NONE', *, *, #95, .T. ) ;
#76 = ORIENTED_EDGE ( 'NONE', *, *, #2803, .F. ) ;
#77 = FACE_OUTER_BOUND ( 'NONE', #506, .T. ) ;
#78 = EDGE_CURVE ( 'NONE', #1677, #3280, #798, .T. ) ;
#79 = DIRECTION ( 'NONE',  ( 0.000000000000000000, 0.000000000000000000, 1.000000000000000000 ) ) ;
#80 = AXIS2_PLACEMENT_3D ( 'NONE', #743, #2337, #2122 ) ;
#81 = DIRECTION ( 'NONE',  ( 0.000000000000000000, 0.000000000000000000, 1.000000000000000000 ) ) ;
#82 = ORIENTED_EDGE ( 'NONE', *, *, #2157, .F. ) ;
#83 = ORIENTED_EDGE ( 'NONE', *, *, #3348, .T. ) ;
#84 = CIRCLE ( 'NONE', #1294, 10.00000000000000888 ) ;
#85 = DIRECTION ( 'NONE',  ( -0.000000000000000000, 1.000000000000000000, -0.000000000000000000 ) ) ;
#86 = ADVANCED_FACE ( 'NONE', ( #3172 ), #2101, .T. ) ;
#87 = CARTESIAN_POINT ( 'NONE',  ( -252.5000000000000568, -15.00000000000196465, -37.49999999999997868 ) ) ;
#88 = DIRECTION ( 'NONE',  ( 1.000000000000000000, 0.000000000000000000, 0.000000000000000000 ) ) ;
#89 = AXIS2_PLACEMENT_3D ( 'NONE', #704, #1217, #2069 ) ;
#90 = CARTESIAN_POINT ( 'NONE',  ( 350.0000000000001137, -15.00000000000010658, -572.5000000000002274 ) ) ;
#91 = VECTOR ( 'NONE', #1170, 1000.000000000000000 ) ;
#92 = CYLINDRICAL_SURFACE ( 'NONE', #2451, 3.299999999999997158 ) ;
#93 = EDGE_LOOP ( 'NONE', ( #2487, #99, #2107, #3273 ) ) ;
#94 = ORIENTED_EDGE ( 'NONE', *, *, #1547, .T. ) ;
#95 = EDGE_CURVE ( 'NONE', #2532, #637, #635, .T. ) ;
#96 = DIRECTION ( 'NONE',  ( 1.000000000000000000, 0.000000000000000000, 0.000000000000000000 ) ) ;
#97 = CIRCLE ( 'NONE', #2517, 3.299999999999988720 ) ;
#98 = ORIENTED_EDGE ( 'NONE', *, *, #154, .T. ) ;
#99 = ORIENTED_EDGE ( 'NONE', *, *, #2274, .F. ) ;
#100 = AXIS2_PLACEMENT_3D ( 'NONE', #681, #3378, #1541 ) ;
#101 = CYLINDRICAL_SURFACE ( 'NONE', #2978, 3.299999999999969624 ) ;
#102 = CARTESIAN_POINT ( 'NONE',  ( 8.831319514063479347E-14, 24.99999999999924682, 3.299999999999988720 ) ) ;
#103 = AXIS2_PLACEMENT_3D ( 'NONE', #335, #1652, #1942 ) ;
#104 = CARTESIAN_POINT ( 'NONE',  ( -350.0000000000000000, -25.00000000000010658, -572.5000000000001137 ) ) ;
#105 = EDGE_LOOP ( 'NONE', ( #1475, #433, #1224, #2869, #985, #295, #2511, #240 ) ) ;
#106 = CARTESIAN_POINT ( 'NONE',  ( 244.3723274843504498, -21.76143341828088396, -34.86885791384685263 ) ) ;
#107 = CARTESIAN_POINT ( 'NONE',  ( -250.0000000000000000, -14.99999999999988809, -34.50000000000004974 ) ) ;
#108 = CARTESIAN_POINT ( 'NONE',  ( 244.8105132940771398, -21.61173914908085791, -564.9970987651854557 ) ) ;
#109 = ADVANCED_FACE ( 'NONE', ( #1295, #448, #1829, #2861 ), #1226, .T. ) ;
#110 = DIRECTION ( 'NONE',  ( 0.000000000000000000, 0.000000000000000000, 1.000000000000000000 ) ) ;
#111 = EDGE_LOOP ( 'NONE', ( #2774, #2421, #2488, #1799 ) ) ;
#112 = CARTESIAN_POINT ( 'NONE',  ( -214.9999999999998863, 24.99999999999999289, -1.110223024625156540E-13 ) ) ;
#113 = APPROVAL_DATE_TIME ( #786, #1038 ) ;
#114 = CARTESIAN_POINT ( 'NONE',  ( 185.6312686644259600, -21.74991921826012131, -34.87883541365685858 ) ) ;
#115 = ORIENTED_EDGE ( 'NONE', *, *, #710, .F. ) ;
#116 = ADVANCED_FACE ( 'NONE', ( #501 ), #2061, .F. ) ;
#117 = ORIENTED_EDGE ( 'NONE', *, *, #1977, .T. ) ;
#118 = DIRECTION ( 'NONE',  ( 0.000000000000000000, -1.000000000000000000, -3.700742850728556176E-15 ) ) ;
#119 = CARTESIAN_POINT ( 'NONE',  ( 215.0000000000000568, 24.99999999999850786, -303.3000000000000682 ) ) ;
#120 = VERTEX_POINT ( 'NONE', #1264 ) ;
#121 = DIRECTION ( 'NONE',  ( 1.000000000000000000, -3.700744544794450685E-15, -7.995217608207856944E-23 ) ) ;
#122 = DIRECTION ( 'NONE',  ( -1.000000000000000000, -0.000000000000000000, 1.586032892321652236E-16 ) ) ;
#123 = DIRECTION ( 'NONE',  ( 0.000000000000000000, 0.000000000000000000, 1.000000000000000000 ) ) ;
#124 = EDGE_CURVE ( 'NONE', #878, #1631, #1499, .T. ) ;
#125 = ORIENTED_EDGE ( 'NONE', *, *, #1182, .T. ) ;
#126 = CYLINDRICAL_SURFACE ( 'NONE', #409, 6.999999999999999112 ) ;
#127 = CARTESIAN_POINT ( 'NONE',  ( 177.4999999999999147, -15.00000000000196465, -37.50000000000008527 ) ) ;
#128 = DIRECTION ( 'NONE',  ( -7.690840992182485042E-23, -4.235164736271500755E-22, 1.000000000000000000 ) ) ;
#129 = ORIENTED_EDGE ( 'NONE', *, *, #769, .F. ) ;
#130 = ORIENTED_EDGE ( 'NONE', *, *, #259, .T. ) ;
#131 = APPROVAL ( #1418, 'UNSPECIFIED' ) ;
#132 = DIRECTION ( 'NONE',  ( -7.690840992182485042E-23, -4.235164736271500755E-22, 1.000000000000000000 ) ) ;
#133 = CARTESIAN_POINT ( 'NONE',  ( 215.0000000000000568, 24.99999999999850431, -600.0000000000000000 ) ) ;
#134 = ORIENTED_EDGE ( 'NONE', *, *, #1910, .F. ) ;
#135 = DIRECTION ( 'NONE',  ( -1.000000000000000000, 0.000000000000000000, 7.690840992182485042E-23 ) ) ;
#136 = VECTOR ( 'NONE', #3428, 1000.000000000000000 ) ;
#137 = FACE_OUTER_BOUND ( 'NONE', #2982, .T. ) ;
#138 = AXIS2_PLACEMENT_3D ( 'NONE', #680, #2268, #1145 ) ;
#139 = ORIENTED_EDGE ( 'NONE', *, *, #1276, .T. ) ;
#140 = EDGE_CURVE ( 'NONE', #1230, #2294, #189, .T. ) ;
#141 = CARTESIAN_POINT ( 'NONE',  ( -183.2283954979961038, 20.56308572749119890, -35.81525571345722625 ) ) ;
#142 = CARTESIAN_POINT ( 'NONE',  ( 246.7720617833546157, 20.56265927051838105, -564.1844798555073339 ) ) ;
#143 = ORIENTED_EDGE ( 'NONE', *, *, #2472, .T. ) ;
#144 = ORIENTED_EDGE ( 'NONE', *, *, #513, .T. ) ;
#145 = EDGE_CURVE ( 'NONE', #1316, #684, #2723, .T. ) ;
#146 = PRODUCT_DEFINITION_FORMATION_WITH_SPECIFIED_SOURCE ( 'ANY', '', #1506, .NOT_KNOWN. ) ;
#147 = LINE ( 'NONE', #2848, #2675 ) ;
#148 = LINE ( 'NONE', #2364, #3128 ) ;
#149 = AXIS2_PLACEMENT_3D ( 'NONE', #3011, #840, #304 ) ;
#150 = VERTEX_POINT ( 'NONE', #1518 ) ;
#151 = CARTESIAN_POINT ( 'NONE',  ( 250.0000000000000000, -14.99999999999987743, -37.50000000000006395 ) ) ;
#152 = CYLINDRICAL_SURFACE ( 'NONE', #316, 10.00000000000000533 ) ;
#153 = CARTESIAN_POINT ( 'NONE',  ( 350.0000000000000000, -25.00000000000011013, -572.5000000000003411 ) ) ;
#154 = EDGE_CURVE ( 'NONE', #3092, #2718, #1680, .T. ) ;
#155 = DIRECTION ( 'NONE',  ( -1.586031983466185591E-16, 3.700742850728556176E-15, -1.000000000000000000 ) ) ;
#156 = EDGE_LOOP ( 'NONE', ( #3227, #3321, #2255, #1663 ) ) ;
#157 =( BOUNDED_CURVE ( )  B_SPLINE_CURVE ( 3, ( #2663, #495, #2371, #1012 ),
 .UNSPECIFIED., .F., .F. ) 
 B_SPLINE_CURVE_WITH_KNOTS ( ( 4, 4 ),
 ( 4.712388980384679016, 6.283185307179586232 ),
 .UNSPECIFIED. ) 
 CURVE ( )  GEOMETRIC_REPRESENTATION_ITEM ( )  RATIONAL_B_SPLINE_CURVE ( ( 1.000000000000000000, 0.8047378541243626060, 0.8047378541243626060, 1.000000000000000000 ) ) 
 REPRESENTATION_ITEM ( '' )  );
#158 = CARTESIAN_POINT ( 'NONE',  ( 242.5000000000000568, 24.99999999999991473, -600.0000000000000000 ) ) ;
#159 = CARTESIAN_POINT ( 'NONE',  ( -187.2620443450163918, 21.99999999999991473, -34.64142842854305115 ) ) ;
#160 = CARTESIAN_POINT ( 'NONE',  ( 187.4999999999998863, -22.00000000000014211, -34.64142842854261772 ) ) ;
#161 = DIRECTION ( 'NONE',  ( 0.000000000000000000, 0.000000000000000000, 1.000000000000000000 ) ) ;
#162 = ORIENTED_EDGE ( 'NONE', *, *, #781, .F. ) ;
#163 = CARTESIAN_POINT ( 'NONE',  ( 350.0000000000000000, -24.99999999999991118, -627.5000000000001137 ) ) ;
#164 = CARTESIAN_POINT ( 'NONE',  ( 181.6421356237308089, -24.99999999999991473, -33.35786437626921952 ) ) ;
#165 = ADVANCED_FACE ( 'NONE', ( #726 ), #2628, .F. ) ;
#166 = DIRECTION ( 'NONE',  ( 0.000000000000000000, 0.000000000000000000, 1.000000000000000000 ) ) ;
#167 = ORIENTED_EDGE ( 'NONE', *, *, #2489, .T. ) ;
#168 = CARTESIAN_POINT ( 'NONE',  ( 187.5000000000000000, 24.99999999999991473, -572.5000000000000000 ) ) ;
#169 = DIRECTION ( 'NONE',  ( 0.000000000000000000, 0.000000000000000000, 1.000000000000000000 ) ) ;
#170 = CARTESIAN_POINT ( 'NONE',  ( 177.5000000000000000, 15.00000000000014033, -562.5000000000000000 ) ) ;
#171 = EDGE_CURVE ( 'NONE', #1371, #1253, #2915, .T. ) ;
#172 = CARTESIAN_POINT ( 'NONE',  ( -214.9999999999998863, 24.99999999999999289, -600.0000000000000000 ) ) ;
#173 = ORIENTED_EDGE ( 'NONE', *, *, #2448, .T. ) ;
#174 = CARTESIAN_POINT ( 'NONE',  ( 244.1441015217085635, 21.80819141826689034, -34.82480283474299654 ) ) ;
#175 = CARTESIAN_POINT ( 'NONE',  ( 180.4999999999998863, -14.99999999999988987, -600.0000000000000000 ) ) ;
#176 = CARTESIAN_POINT ( 'NONE',  ( 250.0000000000000000, 24.99999999999991118, 27.50000000000008171 ) ) ;
#177 = CARTESIAN_POINT ( 'NONE',  ( 183.9604386751773006, -21.05524842271363184, -35.46400445321455663 ) ) ;
#178 = ORIENTED_EDGE ( 'NONE', *, *, #2347, .T. ) ;
#179 = CARTESIAN_POINT ( 'NONE',  ( 215.0000000000000568, 24.99999999999850431, -600.0000000000000000 ) ) ;
#180 = DIRECTION ( 'NONE',  ( 0.000000000000000000, 0.000000000000000000, -1.000000000000000000 ) ) ;
#181 = VERTEX_POINT ( 'NONE', #2376 ) ;
#182 = EDGE_CURVE ( 'NONE', #6, #1608, #3294, .T. ) ;
#183 = CARTESIAN_POINT ( 'NONE',  ( 187.4999999999998863, -21.99999999999991829, -599.9999999999998863 ) ) ;
#184 = CARTESIAN_POINT ( 'NONE',  ( 350.0000000000000000, -14.99999999999988809, -634.5000000000002274 ) ) ;
#185 = DIRECTION ( 'NONE',  ( -0.000000000000000000, 1.000000000000000000, -0.000000000000000000 ) ) ;
#186 = ORIENTED_EDGE ( 'NONE', *, *, #1219, .F. ) ;
#187 = CYLINDRICAL_SURFACE ( 'NONE', #2041, 10.00000000000000888 ) ;
#188 = AXIS2_PLACEMENT_3D ( 'NONE', #2556, #1462, #2302 ) ;
#189 = LINE ( 'NONE', #227, #136 ) ;
#190 = PLANE ( 'NONE',  #1816 ) ;
#191 = VECTOR ( 'NONE', #396, 1000.000000000000000 ) ;
#192 = ORIENTED_EDGE ( 'NONE', *, *, #2951, .F. ) ;
#193 = ORIENTED_EDGE ( 'NONE', *, *, #2118, .F. ) ;
#194 = EDGE_CURVE ( 'NONE', #2310, #1522, #2956, .T. ) ;
#195 = FACE_OUTER_BOUND ( 'NONE', #2261, .T. ) ;
#196 = DIRECTION ( 'NONE',  ( -3.700744544794450685E-15, -1.000000000000000000, -3.700743274245029804E-15 ) ) ;
#197 = ORIENTED_EDGE ( 'NONE', *, *, #1032, .F. ) ;
#198 = AXIS2_PLACEMENT_3D ( 'NONE', #3434, #2161, #2953 ) ;
#199 = AXIS2_PLACEMENT_3D ( 'NONE', #898, #3360, #934 ) ;
#200 = VERTEX_POINT ( 'NONE', #2748 ) ;
#201 = DIRECTION ( 'NONE',  ( 0.000000000000000000, 0.000000000000000000, 1.000000000000000000 ) ) ;
#202 = DIRECTION ( 'NONE',  ( 0.000000000000000000, 1.000000000000000000, -4.235164736271500755E-22 ) ) ;
#203 = LINE ( 'NONE', #1259, #363 ) ;
#204 = CIRCLE ( 'NONE', #310, 3.299999999999969624 ) ;
#205 = VECTOR ( 'NONE', #321, 1000.000000000000000 ) ;
#206 = CARTESIAN_POINT ( 'NONE',  ( 350.0000000000000000, 14.99999999999987743, -562.5000000000000000 ) ) ;
#207 = CARTESIAN_POINT ( 'NONE',  ( 350.0000000000000000, -21.99999999999991473, -627.5000000000001137 ) ) ;
#208 = ADVANCED_FACE ( 'NONE', ( #3259, #1729 ), #1452, .F. ) ;
#209 = VECTOR ( 'NONE', #3133, 1000.000000000000000 ) ;
#210 = CARTESIAN_POINT ( 'NONE',  ( -250.0000000000000000, -24.99999999999991829, -27.50000000000008171 ) ) ;
#211 = CARTESIAN_POINT ( 'NONE',  ( 215.0000000000000568, 24.99999999999850786, -296.7000000000000455 ) ) ;
#212 = CARTESIAN_POINT ( 'NONE',  ( 249.5000000000000284, 14.99999999999780798, -37.49999999999986500 ) ) ;
#213 = VERTEX_POINT ( 'NONE', #1114 ) ;
#214 = ORIENTED_EDGE ( 'NONE', *, *, #2830, .T. ) ;
#215 = CARTESIAN_POINT ( 'NONE',  ( 215.0000000000000568, 24.99999999999850431, -1.110223024625156540E-13 ) ) ;
#216 = LINE ( 'NONE', #2309, #911 ) ;
#217 = VERTEX_POINT ( 'NONE', #102 ) ;
#218 = ORIENTED_EDGE ( 'NONE', *, *, #1050, .T. ) ;
#219 = CARTESIAN_POINT ( 'NONE',  ( 249.5000000000000000, -15.24086283439102907, -37.49999999999992895 ) ) ;
#220 = CARTESIAN_POINT ( 'NONE',  ( -181.9726274334558127, -19.31819862575389379, -36.52848892815395487 ) ) ;
#221 = DIRECTION ( 'NONE',  ( -1.000000000000000000, -0.000000000000000000, 1.586032892321652236E-16 ) ) ;
#222 = DIRECTION ( 'NONE',  ( 0.000000000000000000, 0.000000000000000000, 1.000000000000000000 ) ) ;
#223 = ORIENTED_EDGE ( 'NONE', *, *, #2484, .F. ) ;
#224 = CARTESIAN_POINT ( 'NONE',  ( 350.0000000000000000, 14.99999999999991296, -572.5000000000000000 ) ) ;
#225 = CARTESIAN_POINT ( 'NONE',  ( 245.6511214321940884, 21.26695770379871320, -35.29606179266647104 ) ) ;
#226 = DIRECTION ( 'NONE',  ( 0.000000000000000000, 0.000000000000000000, -1.000000000000000000 ) ) ;
#227 = CARTESIAN_POINT ( 'NONE',  ( -250.0000000000000000, 14.99999999999988809, 34.50000000000004974 ) ) ;
#228 = CARTESIAN_POINT ( 'NONE',  ( -249.5000000000000568, -15.48150225914648459, -37.49999999999998579 ) ) ;
#229 = EDGE_CURVE ( 'NONE', #2705, #246, #1389, .T. ) ;
#230 = CARTESIAN_POINT ( 'NONE',  ( -242.9740840493505516, -21.98792370224573389, -565.3466766487030100 ) ) ;
#231 = ORIENTED_EDGE ( 'NONE', *, *, #2322, .F. ) ;
#232 = EDGE_LOOP ( 'NONE', ( #1682, #1888 ) ) ;
#233 = CARTESIAN_POINT ( 'NONE',  ( -245.6433152852922888, 21.25853891208335256, -35.30057072799804985 ) ) ;
#234 = EDGE_CURVE ( 'NONE', #684, #1316, #1739, .T. ) ;
#235 = DIRECTION ( 'NONE',  ( -1.000000000000000000, 0.000000000000000000, 7.690840992182485042E-23 ) ) ;
#236 = ORIENTED_EDGE ( 'NONE', *, *, #2267, .T. ) ;
#237 = CARTESIAN_POINT ( 'NONE',  ( -187.2622880332073123, -22.00000000000011369, -34.64142842854268878 ) ) ;
#238 = DIRECTION ( 'NONE',  ( 1.000000000000000000, 0.000000000000000000, 0.000000000000000000 ) ) ;
#239 = DIRECTION ( 'NONE',  ( 1.000000000000000000, 0.000000000000000000, 0.000000000000000000 ) ) ;
#240 = ORIENTED_EDGE ( 'NONE', *, *, #810, .T. ) ;
#241 = CARTESIAN_POINT ( 'NONE',  ( 242.7377119667928582, 21.99999999999991829, -565.3585715714574462 ) ) ;
#242 = CARTESIAN_POINT ( 'NONE',  ( 215.0000000000000568, 24.99999999999850786, -300.0000000000000568 ) ) ;
#243 = CARTESIAN_POINT ( 'NONE',  ( -246.7716045020040383, -20.56308572749099639, -35.81525571345723336 ) ) ;
#244 = DIRECTION ( 'NONE',  ( -1.000000000000000000, 0.000000000000000000, 7.690840992182485042E-23 ) ) ;
#245 = VECTOR ( 'NONE', #1996, 1000.000000000000000 ) ;
#246 = VERTEX_POINT ( 'NONE', #3285 ) ;
#247 = ORIENTED_EDGE ( 'NONE', *, *, #914, .F. ) ;
#248 = EDGE_CURVE ( 'NONE', #2864, #523, #854, .T. ) ;
#249 = CIRCLE ( 'NONE', #1972, 10.00000000000000888 ) ;
#250 = CARTESIAN_POINT ( 'NONE',  ( -249.4014406563790374, 16.19412149417524205, -37.43119723103576746 ) ) ;
#251 = LINE ( 'NONE', #298, #462 ) ;
#252 = EDGE_CURVE ( 'NONE', #1069, #1664, #1406, .T. ) ;
#253 = ORIENTED_EDGE ( 'NONE', *, *, #2901, .F. ) ;
#254 = CARTESIAN_POINT ( 'NONE',  ( 250.0000000000000000, 14.99999999999991296, 27.50000000000004974 ) ) ;
#255 = LINE ( 'NONE', #3253, #2739 ) ;
#256 = CARTESIAN_POINT ( 'NONE',  ( 185.6276725156493796, -21.76143341828069211, -565.1311420861528632 ) ) ;
#257 = ORIENTED_EDGE ( 'NONE', *, *, #796, .T. ) ;
#258 = VECTOR ( 'NONE', #1498, 1000.000000000000000 ) ;
#259 = EDGE_CURVE ( 'NONE', #942, #6, #2534, .T. ) ;
#260 = CC_DESIGN_APPROVAL ( #1651, ( #146 ) ) ;
#261 = DIRECTION ( 'NONE',  ( 0.000000000000000000, 0.000000000000000000, 1.000000000000000000 ) ) ;
#262 = AXIS2_PLACEMENT_3D ( 'NONE', #2605, #2904, #691 ) ;
#263 = CARTESIAN_POINT ( 'NONE',  ( -350.0000000000000000, 22.00000000000010658, -627.5000000000000000 ) ) ;
#264 = EDGE_CURVE ( 'NONE', #1013, #2350, #2223, .T. ) ;
#265 = AXIS2_PLACEMENT_3D ( 'NONE', #2681, #2965, #261 ) ;
#266 = ORIENTED_EDGE ( 'NONE', *, *, #1809, .T. ) ;
#267 = VERTEX_POINT ( 'NONE', #2258 ) ;
#268 = CARTESIAN_POINT ( 'NONE',  ( -247.1126084882292275, 20.28409637421233569, -35.99756307499373520 ) ) ;
#269 = FACE_OUTER_BOUND ( 'NONE', #2181, .T. ) ;
#270 = EDGE_LOOP ( 'NONE', ( #2480, #1720, #425, #2620 ) ) ;
#271 = LINE ( 'NONE', #736, #3197 ) ;
#272 = ADVANCED_FACE ( 'NONE', ( #3303 ), #876, .F. ) ;
#273 = PRODUCT_DEFINITION_SHAPE ( 'NONE', 'NONE',  #643 ) ;
#274 = CARTESIAN_POINT ( 'NONE',  ( -181.4775074303358053, 18.57507229267707771, -563.1585058441955880 ) ) ;
#275 = VERTEX_POINT ( 'NONE', #617 ) ;
#276 = LINE ( 'NONE', #1292, #424 ) ;
#277 = FACE_OUTER_BOUND ( 'NONE', #593, .T. ) ;
#278 = CARTESIAN_POINT ( 'NONE',  ( -180.4999999999999147, 14.99999999999988987, -599.9999999999998863 ) ) ;
#279 = CYLINDRICAL_SURFACE ( 'NONE', #2513, 7.000000000000006217 ) ;
#280 = ORIENTED_EDGE ( 'NONE', *, *, #3102, .F. ) ;
#281 = ORIENTED_EDGE ( 'NONE', *, *, #234, .F. ) ;
#282 = CARTESIAN_POINT ( 'NONE',  ( -243.4442342979186549, 21.94004718607104820, -34.69978178084090104 ) ) ;
#283 = LINE ( 'NONE', #3265, #1453 ) ;
#284 = ORIENTED_EDGE ( 'NONE', *, *, #2592, .F. ) ;
#285 = DIRECTION ( 'NONE',  ( -1.000000000000000000, 0.000000000000000000, 6.780942318374154600E-23 ) ) ;
#286 = DIRECTION ( 'NONE',  ( 0.000000000000000000, 3.532527805625498298E-15, -1.000000000000000000 ) ) ;
#287 = CARTESIAN_POINT ( 'NONE',  ( 181.2584761680792553, -18.17725335865633696, -563.0158175863333554 ) ) ;
#288 = ORIENTED_EDGE ( 'NONE', *, *, #2695, .F. ) ;
#289 = EDGE_CURVE ( 'NONE', #738, #609, #3318, .T. ) ;
#290 = CARTESIAN_POINT ( 'NONE',  ( 8.831319514063479347E-14, 21.99999999999924682, 0.000000000000000000 ) ) ;
#291 = CARTESIAN_POINT ( 'NONE',  ( -252.4999999999999432, 15.00000000000013856, -37.49999999999986500 ) ) ;
#292 = DIRECTION ( 'NONE',  ( -1.000000000000000000, 0.000000000000000000, 6.780942318374154600E-23 ) ) ;
#293 = CARTESIAN_POINT ( 'NONE',  ( 242.4999999999999432, -24.99999999999992184, -27.50000000000013500 ) ) ;
#294 = ORIENTED_EDGE ( 'NONE', *, *, #1150, .T. ) ;
#295 = ORIENTED_EDGE ( 'NONE', *, *, #1239, .T. ) ;
#296 = CARTESIAN_POINT ( 'NONE',  ( -248.5224925696640241, 18.57507229267730153, -36.84149415580461095 ) ) ;
#297 = AXIS2_PLACEMENT_3D ( 'NONE', #998, #2081, #1805 ) ;
#298 = CARTESIAN_POINT ( 'NONE',  ( 177.5000000000000284, 15.00000000000014033, -599.9999999999998863 ) ) ;
#299 = ORIENTED_EDGE ( 'NONE', *, *, #1710, .F. ) ;
#300 = VECTOR ( 'NONE', #2445, 1000.000000000000000 ) ;
#301 = ADVANCED_FACE ( 'NONE', ( #1667 ), #2778, .T. ) ;
#302 = LINE ( 'NONE', #838, #2524 ) ;
#303 = VECTOR ( 'NONE', #3083, 1000.000000000000000 ) ;
#304 = DIRECTION ( 'NONE',  ( 0.000000000000000000, 0.000000000000000000, 1.000000000000000000 ) ) ;
#305 = CARTESIAN_POINT ( 'NONE',  ( 181.9726274334556990, -19.31819862575365221, -563.4715110718462938 ) ) ;
#306 = ORIENTED_EDGE ( 'NONE', *, *, #2660, .F. ) ;
#307 = CARTESIAN_POINT ( 'NONE',  ( 249.5000000000000284, 14.99999999999988987, -37.49999999999986500 ) ) ;
#308 = CARTESIAN_POINT ( 'NONE',  ( 8.831319514063479347E-14, 21.99999999999924682, -600.0000000000000000 ) ) ;
#309 = DIRECTION ( 'NONE',  ( -1.000000000000000000, -0.000000000000000000, -0.000000000000000000 ) ) ;
#310 = AXIS2_PLACEMENT_3D ( 'NONE', #1642, #21, #1606 ) ;
#311 = DIRECTION ( 'NONE',  ( 1.586032892321652236E-16, -3.700743415417186364E-15, 1.000000000000000000 ) ) ;
#312 = CARTESIAN_POINT ( 'NONE',  ( -214.9999999999998863, 25.00000000000000000, -300.0000000000000568 ) ) ;
#313 = ORIENTED_EDGE ( 'NONE', *, *, #2393, .T. ) ;
#314 = VERTEX_POINT ( 'NONE', #1202 ) ;
#315 = PERSON_AND_ORGANIZATION ( #3055, #2162 ) ;
#316 = AXIS2_PLACEMENT_3D ( 'NONE', #2553, #1763, #169 ) ;
#317 = CARTESIAN_POINT ( 'NONE',  ( -245.6388489156420576, 21.26080192561893156, -564.7012412885080721 ) ) ;
#318 = ORIENTED_EDGE ( 'NONE', *, *, #2839, .T. ) ;
#319 = AXIS2_PLACEMENT_3D ( 'NONE', #896, #428, #976 ) ;
#320 = CARTESIAN_POINT ( 'NONE',  ( -350.0000000000000000, 14.99999999999988809, -565.4999999999998863 ) ) ;
#321 = DIRECTION ( 'NONE',  ( 3.700744544794450685E-15, 1.000000000000000000, 3.700743274245029804E-15 ) ) ;
#322 = CARTESIAN_POINT ( 'NONE',  ( -180.4999999999999716, 15.24086283439102374, -562.5000000000000000 ) ) ;
#323 = ORIENTED_EDGE ( 'NONE', *, *, #2592, .T. ) ;
#324 = B_SPLINE_CURVE_WITH_KNOTS ( 'NONE', 3,
 ( #2651, #228, #1594, #3446, #1065, #1039, #1019, #3242, #2936, #2104, #243, #2950, #3224, #10, #2156, #1296, #2396, #3466, #2123, #3211, #783, #519 ),
 .UNSPECIFIED., .F., .F.,
 ( 4, 2, 2, 2, 2, 2, 2, 2, 2, 2, 4 ),
 ( 1.734723475976812333E-17, 0.001421279481378008754, 0.002842558962756000160, 0.004263838444133991566, 0.005685117925511982973, 0.007106397406889974379, 0.008527676888267965785, 0.009238316628956964524, 0.009948956369645964998, 0.01065959611033496547, 0.01137023585102396421 ),
 .UNSPECIFIED. ) ;
#325 = DIRECTION ( 'NONE',  ( -0.000000000000000000, 1.000000000000000000, -0.000000000000000000 ) ) ;
#326 = CARTESIAN_POINT ( 'NONE',  ( 250.0000000000000000, 15.00000000000010303, -27.49999999999994316 ) ) ;
#327 = CARTESIAN_POINT ( 'NONE',  ( 252.4999999999999432, -15.00000000000013856, -37.50000000000003553 ) ) ;
#328 = CARTESIAN_POINT ( 'NONE',  ( 350.0000000000000000, -15.00000000000014211, -562.5000000000002274 ) ) ;
#329 = CYLINDRICAL_SURFACE ( 'NONE', #1247, 10.00000000000000888 ) ;
#330 = ORIENTED_EDGE ( 'NONE', *, *, #2380, .F. ) ;
#331 = ORIENTED_EDGE ( 'NONE', *, *, #1074, .T. ) ;
#332 = EDGE_CURVE ( 'NONE', #1992, #3026, #578, .T. ) ;
#333 = CARTESIAN_POINT ( 'NONE',  ( -187.4999999999999147, 14.99999999999991296, -599.9999999999998863 ) ) ;
#334 = VERTEX_POINT ( 'NONE', #2050 ) ;
#335 = CARTESIAN_POINT ( 'NONE',  ( -214.9999999999998863, 22.00000000000000000, -300.0000000000000568 ) ) ;
#336 = DIRECTION ( 'NONE',  ( -1.000000000000000000, 0.000000000000000000, 1.586033434521926015E-16 ) ) ;
#337 = VERTEX_POINT ( 'NONE', #3114 ) ;
#338 = EDGE_LOOP ( 'NONE', ( #3316, #1376, #2360, #2772 ) ) ;
#339 = LINE ( 'NONE', #1948, #1088 ) ;
#340 = CARTESIAN_POINT ( 'NONE',  ( 244.3687313355737558, -21.74991921826033803, -565.1211645863432977 ) ) ;
#341 = EDGE_CURVE ( 'NONE', #45, #2350, #3435, .T. ) ;
#342 = CARTESIAN_POINT ( 'NONE',  ( 185.8586055551531047, 21.80888856002919596, -565.1758436182873311 ) ) ;
#343 = FACE_OUTER_BOUND ( 'NONE', #2512, .T. ) ;
#344 = ORIENTED_EDGE ( 'NONE', *, *, #2342, .T. ) ;
#345 = VERTEX_POINT ( 'NONE', #3416 ) ;
#346 = CARTESIAN_POINT ( 'NONE',  ( -246.0320810640011757, 21.04767861450865141, -564.5348344921454782 ) ) ;
#347 = ORIENTED_EDGE ( 'NONE', *, *, #547, .F. ) ;
#348 = VERTEX_POINT ( 'NONE', #1817 ) ;
#349 = CARTESIAN_POINT ( 'NONE',  ( -180.5123982651510062, -15.48036715287457277, -37.49130964019646228 ) ) ;
#350 = EDGE_CURVE ( 'NONE', #567, #1487, #987, .T. ) ;
#351 = AXIS2_PLACEMENT_3D ( 'NONE', #782, #2876, #2394 ) ;
#352 = CYLINDRICAL_SURFACE ( 'NONE', #2789, 7.000000000000006217 ) ;
#353 = ORIENTED_EDGE ( 'NONE', *, *, #248, .F. ) ;
#354 = AXIS2_PLACEMENT_3D ( 'NONE', #539, #2986, #571 ) ;
#355 = CARTESIAN_POINT ( 'NONE',  ( 350.0000000000000000, -24.99999999999991829, -627.5000000000001137 ) ) ;
#356 = CARTESIAN_POINT ( 'NONE',  ( 248.7568437014961660, -18.17226971659787438, -563.0063125760134426 ) ) ;
#357 = VECTOR ( 'NONE', #336, 1000.000000000000000 ) ;
#358 = DIRECTION ( 'NONE',  ( -1.000000000000000000, 0.000000000000000000, 1.586033343532058634E-16 ) ) ;
#359 = AXIS2_PLACEMENT_3D ( 'NONE', #151, #2053, #1532 ) ;
#360 = CARTESIAN_POINT ( 'NONE',  ( 8.831319514063479347E-14, 24.99999999999924682, 0.000000000000000000 ) ) ;
#361 = VERTEX_POINT ( 'NONE', #3382 ) ;
#362 = VECTOR ( 'NONE', #1577, 1000.000000000000000 ) ;
#363 = VECTOR ( 'NONE', #3165, 1000.000000000000000 ) ;
#364 = CARTESIAN_POINT ( 'NONE',  ( -249.4397807492280776, 15.94658158559590255, -562.5420755901155871 ) ) ;
#365 = VERTEX_POINT ( 'NONE', #703 ) ;
#366 = ORIENTED_EDGE ( 'NONE', *, *, #2830, .F. ) ;
#367 = VECTOR ( 'NONE', #1557, 1000.000000000000000 ) ;
#368 = CARTESIAN_POINT ( 'NONE',  ( -181.9720673093648600, -19.31810612875707989, -563.4712187335657063 ) ) ;
#369 = CARTESIAN_POINT ( 'NONE',  ( -242.5000000000000568, -21.99999999999991473, -599.9999999999998863 ) ) ;
#370 = VERTEX_POINT ( 'NONE', #1790 ) ;
#371 = EDGE_CURVE ( 'NONE', #1169, #2135, #3012, .T. ) ;
#372 = CARTESIAN_POINT ( 'NONE',  ( 246.0353393551749548, -21.04575189207796626, -35.46662394342761360 ) ) ;
#373 = DIRECTION ( 'NONE',  ( -1.000000000000000000, -0.000000000000000000, 1.586032892321652236E-16 ) ) ;
#374 = CARTESIAN_POINT ( 'NONE',  ( -214.9999999999998863, 24.99999999999999289, -3.300000000000108180 ) ) ;
#375 = PLANE ( 'NONE',  #1530 ) ;
#376 = ORIENTED_EDGE ( 'NONE', *, *, #1239, .F. ) ;
#377 = EDGE_LOOP ( 'NONE', ( #1962, #3322, #1947, #548 ) ) ;
#378 = PERSON_AND_ORGANIZATION ( #3055, #2162 ) ;
#379 = CARTESIAN_POINT ( 'NONE',  ( 187.2620443450163634, -21.99999999999992539, -34.64142842854289484 ) ) ;
#380 = CARTESIAN_POINT ( 'NONE',  ( -243.4514106473658046, 21.95092615166915451, -565.3096212797399858 ) ) ;
#381 = ORIENTED_EDGE ( 'NONE', *, *, #839, .T. ) ;
#382 = ORIENTED_EDGE ( 'NONE', *, *, #2173, .F. ) ;
#383 = CARTESIAN_POINT ( 'NONE',  ( -185.8558984782914365, -21.80819141826707153, -565.1751971652574866 ) ) ;
#384 = LINE ( 'NONE', #2014, #3396 ) ;
#385 = CARTESIAN_POINT ( 'NONE',  ( -250.0000000000000000, -15.00000000000013856, 37.49999999999995026 ) ) ;
#386 = CYLINDRICAL_SURFACE ( 'NONE', #761, 10.00000000000000888 ) ;
#387 = CARTESIAN_POINT ( 'NONE',  ( 215.0000000000000568, 24.99999999999850431, -603.2999999999999545 ) ) ;
#388 = ADVANCED_FACE ( 'NONE', ( #492 ), #940, .F. ) ;
#389 = CARTESIAN_POINT ( 'NONE',  ( -181.6421356237310079, -25.00000000000019185, -566.6421356237309510 ) ) ;
#390 = EDGE_CURVE ( 'NONE', #2940, #66, #2028, .T. ) ;
#391 = EDGE_CURVE ( 'NONE', #884, #20, #2384, .T. ) ;
#392 = LINE ( 'NONE', #3312, #1129 ) ;
#393 =( BOUNDED_CURVE ( )  B_SPLINE_CURVE ( 3, ( #2180, #2158, #3277, #1659 ),
 .UNSPECIFIED., .F., .F. ) 
 B_SPLINE_CURVE_WITH_KNOTS ( ( 4, 4 ),
 ( 3.141592653589780237, 4.712388980384692339 ),
 .UNSPECIFIED. ) 
 CURVE ( )  GEOMETRIC_REPRESENTATION_ITEM ( )  RATIONAL_B_SPLINE_CURVE ( ( 1.000000000000000000, 0.8047378541243613848, 0.8047378541243613848, 1.000000000000000000 ) ) 
 REPRESENTATION_ITEM ( '' )  );
#394 = CARTESIAN_POINT ( 'NONE',  ( -214.9999999999998863, 25.00000000000000000, -296.7000000000000455 ) ) ;
#395 = CARTESIAN_POINT ( 'NONE',  ( 185.8558984782912660, -21.80819141826686547, -34.82480283474284732 ) ) ;
#396 = DIRECTION ( 'NONE',  ( -1.000000000000000000, -0.000000000000000000, -0.000000000000000000 ) ) ;
#397 = VERTEX_POINT ( 'NONE', #1005 ) ;
#398 = ORIENTED_EDGE ( 'NONE', *, *, #490, .T. ) ;
#399 = CARTESIAN_POINT ( 'NONE',  ( -181.4628873511624931, -18.57174344496468876, -563.1507978704238440 ) ) ;
#400 = EDGE_CURVE ( 'NONE', #370, #884, #147, .T. ) ;
#401 = CYLINDRICAL_SURFACE ( 'NONE', #3076, 7.000000000000002665 ) ;
#402 = EDGE_CURVE ( 'NONE', #1270, #942, #3202, .T. ) ;
#403 = LINE ( 'NONE', #2017, #1459 ) ;
#404 = CARTESIAN_POINT ( 'NONE',  ( 181.5953175862389628, 18.76621790498546005, -36.76583593727428223 ) ) ;
#405 = AXIS2_PLACEMENT_3D ( 'NONE', #3159, #2013, #750 ) ;
#406 = CYLINDRICAL_SURFACE ( 'NONE', #2457, 7.000000000000006217 ) ;
#407 = CIRCLE ( 'NONE', #1348, 7.000000000000002665 ) ;
#408 = LINE ( 'NONE', #3057, #915 ) ;
#409 = AXIS2_PLACEMENT_3D ( 'NONE', #2841, #1176, #2289 ) ;
#410 = VERTEX_POINT ( 'NONE', #686 ) ;
#411 = FACE_BOUND ( 'NONE', #44, .T. ) ;
#412 = CARTESIAN_POINT ( 'NONE',  ( -177.5000000000001137, -20.85786437626913425, -37.50000000000007105 ) ) ;
#413 = EDGE_CURVE ( 'NONE', #2316, #2775, #84, .T. ) ;
#414 = CARTESIAN_POINT ( 'NONE',  ( 185.1894867059226613, -21.61173914908062699, -35.00290123481500615 ) ) ;
#415 = FACE_OUTER_BOUND ( 'NONE', #1436, .T. ) ;
#416 = ORIENTED_EDGE ( 'NONE', *, *, #2044, .F. ) ;
#417 = AXIS2_PLACEMENT_3D ( 'NONE', #333, #871, #96 ) ;
#418 = ORIENTED_EDGE ( 'NONE', *, *, #182, .T. ) ;
#419 = DIRECTION ( 'NONE',  ( -1.000000000000000000, -0.000000000000000000, 1.586032892321652236E-16 ) ) ;
#420 = AXIS2_PLACEMENT_3D ( 'NONE', #666, #1442, #2822 ) ;
#421 = CARTESIAN_POINT ( 'NONE',  ( -184.3488785678057980, -21.26695770379885531, -564.7039382073336355 ) ) ;
#422 = CARTESIAN_POINT ( 'NONE',  ( 350.0000000000000000, 14.99999999999991296, -572.5000000000000000 ) ) ;
#423 = DIRECTION ( 'NONE',  ( -0.000000000000000000, 3.532527805625498298E-15, -1.000000000000000000 ) ) ;
#424 = VECTOR ( 'NONE', #812, 1000.000000000000000 ) ;
#425 = ORIENTED_EDGE ( 'NONE', *, *, #2672, .T. ) ;
#426 = CC_DESIGN_PERSON_AND_ORGANIZATION_ASSIGNMENT ( #378, #2507, ( #146 ) ) ;
#427 = FACE_BOUND ( 'NONE', #3146, .T. ) ;
#428 = DIRECTION ( 'NONE',  ( -0.000000000000000000, 1.000000000000000000, -0.000000000000000000 ) ) ;
#429 = CARTESIAN_POINT ( 'NONE',  ( 250.0000000000000000, -14.99999999999988809, -34.50000000000004974 ) ) ;
#430 = FACE_OUTER_BOUND ( 'NONE', #969, .T. ) ;
#431 = CARTESIAN_POINT ( 'NONE',  ( -187.4999999999999147, 14.99999999999991296, -599.9999999999998863 ) ) ;
#432 = CARTESIAN_POINT ( 'NONE',  ( -181.6421356237310363, -25.00000000000002487, -33.35786437626912715 ) ) ;
#433 = ORIENTED_EDGE ( 'NONE', *, *, #1825, .T. ) ;
#434 = EDGE_LOOP ( 'NONE', ( #1205, #3335, #3221, #1041 ) ) ;
#435 = EDGE_CURVE ( 'NONE', #2350, #2125, #72, .T. ) ;
#436 = CARTESIAN_POINT ( 'NONE',  ( 187.4999999999998863, -24.99999999999992184, -27.50000000000013500 ) ) ;
#437 = DIRECTION ( 'NONE',  ( 0.000000000000000000, 0.000000000000000000, 1.000000000000000000 ) ) ;
#438 = ADVANCED_FACE ( 'NONE', ( #1489 ), #2598, .F. ) ;
#439 = ORIENTED_EDGE ( 'NONE', *, *, #2823, .F. ) ;
#440 = DIRECTION ( 'NONE',  ( -0.000000000000000000, 1.000000000000000000, -0.000000000000000000 ) ) ;
#441 = CARTESIAN_POINT ( 'NONE',  ( 186.5557657020814020, 21.94004718607107662, -34.69978178084085840 ) ) ;
#442 = DIRECTION ( 'NONE',  ( -6.780942318374154600E-23, -4.235164736271500755E-22, 1.000000000000000000 ) ) ;
#443 = CARTESIAN_POINT ( 'NONE',  ( -180.5000000000000284, -15.00000000000013323, -37.50000000000003553 ) ) ;
#444 = VERTEX_POINT ( 'NONE', #3397 ) ;
#445 = CARTESIAN_POINT ( 'NONE',  ( -252.4999999999999432, 15.00000000000014033, -599.9999999999998863 ) ) ;
#446 = ADVANCED_FACE ( 'NONE', ( #971 ), #3144, .F. ) ;
#447 = ADVANCED_FACE ( 'NONE', ( #195 ), #470, .F. ) ;
#448 = FACE_BOUND ( 'NONE', #683, .T. ) ;
#449 = LINE ( 'NONE', #176, #2522 ) ;
#450 = CARTESIAN_POINT ( 'NONE',  ( -242.5000000000000568, -24.99999999999992184, -600.0000000000000000 ) ) ;
#451 = ORIENTED_EDGE ( 'NONE', *, *, #3433, .F. ) ;
#452 = EDGE_LOOP ( 'NONE', ( #3007, #1042, #661, #439, #1308, #2865, #3369, #2164 ) ) ;
#453 = DIRECTION ( 'NONE',  ( 0.000000000000000000, 0.000000000000000000, -1.000000000000000000 ) ) ;
#454 = FACE_OUTER_BOUND ( 'NONE', #1503, .T. ) ;
#455 = ORIENTED_EDGE ( 'NONE', *, *, #2672, .F. ) ;
#456 = ORIENTED_EDGE ( 'NONE', *, *, #2077, .F. ) ;
#457 = EDGE_CURVE ( 'NONE', #1090, #1013, #2103, .T. ) ;
#458 = LINE ( 'NONE', #1565, #1201 ) ;
#459 = FACE_OUTER_BOUND ( 'NONE', #1626, .T. ) ;
#460 = ORIENTED_EDGE ( 'NONE', *, *, #2044, .T. ) ;
#461 = DIRECTION ( 'NONE',  ( -1.000000000000000000, -0.000000000000000000, 1.586032892321652236E-16 ) ) ;
#462 = VECTOR ( 'NONE', #2455, 1000.000000000000000 ) ;
#463 = CARTESIAN_POINT ( 'NONE',  ( 350.0000000000000000, 14.99999999999987921, -562.5000000000000000 ) ) ;
#464 = ADVANCED_FACE ( 'NONE', ( #2403 ), #3453, .F. ) ;
#465 = CARTESIAN_POINT ( 'NONE',  ( -186.5461269622242639, 21.93880767778504648, -34.70097950981239165 ) ) ;
#466 = VECTOR ( 'NONE', #423, 1000.000000000000000 ) ;
#467 = CARTESIAN_POINT ( 'NONE',  ( -248.4046824137611225, -18.76621790498525755, -563.2341640627257675 ) ) ;
#468 = ORIENTED_EDGE ( 'NONE', *, *, #2756, .F. ) ;
#469 = AXIS2_PLACEMENT_3D ( 'NONE', #1163, #3125, #1718 ) ;
#470 = CYLINDRICAL_SURFACE ( 'NONE', #3124, 3.299999999999997158 ) ;
#471 = DIRECTION ( 'NONE',  ( -3.700744544794450685E-15, -1.000000000000000000, -3.700743274245029804E-15 ) ) ;
#472 = ORIENTED_EDGE ( 'NONE', *, *, #3376, .T. ) ;
#473 = CIRCLE ( 'NONE', #1806, 3.299999999999988720 ) ;
#474 = ORIENTED_EDGE ( 'NONE', *, *, #1900, .F. ) ;
#475 = CARTESIAN_POINT ( 'NONE',  ( 250.0000000000000000, 15.00000000000013856, -37.49999999999995026 ) ) ;
#476 = CARTESIAN_POINT ( 'NONE',  ( -182.8873915117709146, -20.28409637421239964, -35.99756307499357177 ) ) ;
#477 = LINE ( 'NONE', #2330, #2857 ) ;
#478 = VECTOR ( 'NONE', #1139, 1000.000000000000000 ) ;
#479 = EDGE_LOOP ( 'NONE', ( #974, #134, #850, #266, #2, #3414, #1609, #1548 ) ) ;
#480 = EDGE_CURVE ( 'NONE', #2601, #995, #772, .T. ) ;
#481 = AXIS2_PLACEMENT_3D ( 'NONE', #3168, #482, #1537 ) ;
#482 = DIRECTION ( 'NONE',  ( 0.000000000000000000, 3.700743415417186364E-15, -1.000000000000000000 ) ) ;
#483 = CARTESIAN_POINT ( 'NONE',  ( -214.9999999999998863, 25.00000000000000000, -303.3000000000000114 ) ) ;
#484 = CARTESIAN_POINT ( 'NONE',  ( 250.0000000000000000, 21.99999999999991473, 27.50000000000007461 ) ) ;
#485 = ADVANCED_FACE ( 'NONE', ( #1333 ), #1093, .F. ) ;
#486 = CARTESIAN_POINT ( 'NONE',  ( 252.4999999999998863, -15.00000000000014388, -562.5000000000002274 ) ) ;
#487 = CARTESIAN_POINT ( 'NONE',  ( -246.7720617833546441, -20.56265927051840947, -564.1844798555075613 ) ) ;
#488 = ORIENTED_EDGE ( 'NONE', *, *, #2407, .T. ) ;
#489 = ORIENTED_EDGE ( 'NONE', *, *, #568, .F. ) ;
#490 = EDGE_CURVE ( 'NONE', #1316, #181, #283, .T. ) ;
#491 =( NAMED_UNIT ( * ) SI_UNIT ( $, .STERADIAN. ) SOLID_ANGLE_UNIT ( ) );
#492 = FACE_OUTER_BOUND ( 'NONE', #1178, .T. ) ;
#493 = CARTESIAN_POINT ( 'NONE',  ( 350.0000000000000000, -15.00000000000013856, -562.5000000000001137 ) ) ;
#494 = LINE ( 'NONE', #52, #656 ) ;
#495 = CARTESIAN_POINT ( 'NONE',  ( -248.3578643762690206, -25.00000000000008882, -566.6421356237308373 ) ) ;
#496 = ORIENTED_EDGE ( 'NONE', *, *, #1687, .F. ) ;
#497 = PLANE ( 'NONE',  #1932 ) ;
#498 = CARTESIAN_POINT ( 'NONE',  ( 243.6866722909200291, 21.90263348841657276, -34.73587298673850654 ) ) ;
#499 = ADVANCED_FACE ( 'NONE', ( #3249, #527 ), #3230, .T. ) ;
#500 = CARTESIAN_POINT ( 'NONE',  ( 242.5000000000000568, 21.99999999999991829, -565.3585715714571052 ) ) ;
#501 = FACE_OUTER_BOUND ( 'NONE', #25, .T. ) ;
#502 = CARTESIAN_POINT ( 'NONE',  ( 248.3578643762689069, -25.00000000000000355, -33.35786437626913425 ) ) ;
#503 = CARTESIAN_POINT ( 'NONE',  ( -248.5224925696641378, -18.57507229267718429, -563.1585058441955880 ) ) ;
#504 = ADVANCED_FACE ( 'NONE', ( #1353 ), #562, .F. ) ;
#505 = ORIENTED_EDGE ( 'NONE', *, *, #1647, .F. ) ;
#506 = EDGE_LOOP ( 'NONE', ( #508, #82, #3038, #2685, #2076, #2343, #1165, #1008 ) ) ;
#507 = CARTESIAN_POINT ( 'NONE',  ( -248.8432927912455170, 17.96920520994995485, -37.05158525049217388 ) ) ;
#508 = ORIENTED_EDGE ( 'NONE', *, *, #2383, .F. ) ;
#509 = CARTESIAN_POINT ( 'NONE',  ( 8.831319514063479347E-14, 24.99999999999924682, -600.0000000000000000 ) ) ;
#510 = FACE_BOUND ( 'NONE', #2052, .T. ) ;
#511 = EDGE_CURVE ( 'NONE', #2595, #701, #1240, .T. ) ;
#512 = FACE_BOUND ( 'NONE', #2354, .T. ) ;
#513 = EDGE_CURVE ( 'NONE', #3381, #2320, #1044, .T. ) ;
#514 = PLANE ( 'NONE',  #2216 ) ;
#515 = ORIENTED_EDGE ( 'NONE', *, *, #3288, .T. ) ;
#516 = CARTESIAN_POINT ( 'NONE',  ( -187.5000000000000568, -22.00000000000011013, -599.9999999999998863 ) ) ;
#517 = DIRECTION ( 'NONE',  ( 0.000000000000000000, 0.000000000000000000, -1.000000000000000000 ) ) ;
#518 = CARTESIAN_POINT ( 'NONE',  ( 244.8104174269743396, 21.62338389603909050, -565.0043546498607157 ) ) ;
#519 = CARTESIAN_POINT ( 'NONE',  ( -242.5000000000000853, -22.00000000000165201, -34.64142842854111848 ) ) ;
#520 = FACE_OUTER_BOUND ( 'NONE', #1988, .T. ) ;
#521 = AXIS2_PLACEMENT_3D ( 'NONE', #2668, #764, #2935 ) ;
#522 = ORIENTED_EDGE ( 'NONE', *, *, #724, .T. ) ;
#523 = VERTEX_POINT ( 'NONE', #1886 ) ;
#524 = ADVANCED_FACE ( 'NONE', ( #269 ), #1563, .F. ) ;
#525 = VECTOR ( 'NONE', #309, 1000.000000000000000 ) ;
#526 = CARTESIAN_POINT ( 'NONE',  ( -249.4876017348489938, 15.48036715287456744, -37.49130964019646228 ) ) ;
#527 = FACE_OUTER_BOUND ( 'NONE', #2641, .T. ) ;
#528 = CIRCLE ( 'NONE', #89, 7.000000000000006217 ) ;
#529 = ORIENTED_EDGE ( 'NONE', *, *, #2744, .F. ) ;
#530 = VECTOR ( 'NONE', #2312, 1000.000000000000000 ) ;
#531 = CARTESIAN_POINT ( 'NONE',  ( -214.9999999999998863, 24.99999999999999289, -3.300000000000108180 ) ) ;
#532 = DIRECTION ( 'NONE',  ( -1.000000000000000000, 0.000000000000000000, 6.780942318374154600E-23 ) ) ;
#533 = CARTESIAN_POINT ( 'NONE',  ( 181.1567072087543124, -17.96920520994977721, -562.9484147495079469 ) ) ;
#534 = ORIENTED_EDGE ( 'NONE', *, *, #2250, .F. ) ;
#535 = CIRCLE ( 'NONE', #40, 3.300000000000025135 ) ;
#536 = DIRECTION ( 'NONE',  ( -7.690840992182485042E-23, -4.235164736271500755E-22, 1.000000000000000000 ) ) ;
#537 = AXIS2_PLACEMENT_3D ( 'NONE', #3070, #1188, #2767 ) ;
#538 = CARTESIAN_POINT ( 'NONE',  ( 350.0000000000000000, 25.00000000000010658, -627.5000000000000000 ) ) ;
#539 = CARTESIAN_POINT ( 'NONE',  ( 350.0000000000000000, 14.99999999999991473, -572.5000000000000000 ) ) ;
#540 = AXIS2_PLACEMENT_3D ( 'NONE', #2082, #541, #744 ) ;
#541 = DIRECTION ( 'NONE',  ( 1.000000000000000000, 0.000000000000000000, 0.000000000000000000 ) ) ;
#542 = DIRECTION ( 'NONE',  ( -7.738662371345705779E-23, -3.700742850728556176E-15, 1.000000000000000000 ) ) ;
#543 = AXIS2_PLACEMENT_3D ( 'NONE', #3420, #1257, #3456 ) ;
#544 = ORIENTED_EDGE ( 'NONE', *, *, #2020, .F. ) ;
#545 = ORIENTED_EDGE ( 'NONE', *, *, #2839, .F. ) ;
#546 = CARTESIAN_POINT ( 'NONE',  ( -248.3578643762691343, -24.99999999999990763, -33.35786437626916268 ) ) ;
#547 = EDGE_CURVE ( 'NONE', #2011, #3064, #2213, .T. ) ;
#548 = ORIENTED_EDGE ( 'NONE', *, *, #1017, .T. ) ;
#549 = DIRECTION ( 'NONE',  ( 0.000000000000000000, 0.000000000000000000, -1.000000000000000000 ) ) ;
#550 = LINE ( 'NONE', #1076, #2460 ) ;
#551 = CARTESIAN_POINT ( 'NONE',  ( -242.5000000000000568, -21.99999999999991829, -599.9999999999998863 ) ) ;
#552 = ORIENTED_EDGE ( 'NONE', *, *, #2489, .F. ) ;
#553 = CARTESIAN_POINT ( 'NONE',  ( 250.0000000000000000, 21.99999999999991473, 27.50000000000007461 ) ) ;
#554 = PLANE ( 'NONE',  #973 ) ;
#555 = CARTESIAN_POINT ( 'NONE',  ( 8.831319514063479347E-14, 24.99999999999924682, -596.7000000000000455 ) ) ;
#556 = DIRECTION ( 'NONE',  ( -6.780942318374154600E-23, -4.235164736271500755E-22, 1.000000000000000000 ) ) ;
#557 = DIRECTION ( 'NONE',  ( 1.000000000000000000, -3.532527189601535655E-15, -7.500847945236711498E-23 ) ) ;
#558 = EDGE_CURVE ( 'NONE', #1002, #3394, #249, .T. ) ;
#559 = ORIENTED_EDGE ( 'NONE', *, *, #576, .T. ) ;
#560 = ORIENTED_EDGE ( 'NONE', *, *, #2648, .F. ) ;
#561 = PERSON_AND_ORGANIZATION ( #3055, #2162 ) ;
#562 = CYLINDRICAL_SURFACE ( 'NONE', #2503, 7.000000000000002665 ) ;
#563 = ORIENTED_EDGE ( 'NONE', *, *, #1825, .F. ) ;
#564 = DIRECTION ( 'NONE',  ( -1.000000000000000000, -0.000000000000000000, 1.586032892321652236E-16 ) ) ;
#565 = LINE ( 'NONE', #1602, #3087 ) ;
#566 = CARTESIAN_POINT ( 'NONE',  ( 183.7757045070289337, -20.93110829366702674, -564.4473782053838704 ) ) ;
#567 = VERTEX_POINT ( 'NONE', #2673 ) ;
#568 = EDGE_CURVE ( 'NONE', #610, #2490, #3177, .T. ) ;
#569 = FACE_OUTER_BOUND ( 'NONE', #978, .T. ) ;
#570 = DIRECTION ( 'NONE',  ( -7.690840992182485042E-23, -4.235164736271500755E-22, 1.000000000000000000 ) ) ;
#571 = DIRECTION ( 'NONE',  ( 0.000000000000000000, 0.000000000000000000, 1.000000000000000000 ) ) ;
#572 = CARTESIAN_POINT ( 'NONE',  ( 180.5119722665143343, 15.47333068945653167, -562.5083918556828166 ) ) ;
#573 = DIRECTION ( 'NONE',  ( 0.000000000000000000, 1.000000000000000000, -4.235164736271500755E-22 ) ) ;
#574 = EDGE_LOOP ( 'NONE', ( #2495, #2215, #3366, #834 ) ) ;
#575 = EDGE_LOOP ( 'NONE', ( #284, #1847, #695, #1078 ) ) ;
#576 = EDGE_CURVE ( 'NONE', #884, #3131, #2704, .T. ) ;
#577 = PERSON_AND_ORGANIZATION ( #3055, #2162 ) ;
#578 = CIRCLE ( 'NONE', #1014, 7.000000000000006217 ) ;
#579 = ORIENTED_EDGE ( 'NONE', *, *, #2342, .F. ) ;
#580 = CIRCLE ( 'NONE', #2959, 10.00000000000000533 ) ;
#581 = CARTESIAN_POINT ( 'NONE',  ( 242.4999999999999147, -25.00000000000011013, -572.5000000000003411 ) ) ;
#582 = CARTESIAN_POINT ( 'NONE',  ( -182.2556807756093065, 19.65778353193158168, -563.6436291137327999 ) ) ;
#583 = CARTESIAN_POINT ( 'NONE',  ( 8.831319514063479347E-14, 21.99999999999924682, 0.000000000000000000 ) ) ;
#584 = CARTESIAN_POINT ( 'NONE',  ( 215.0000000000000568, 24.99999999999850786, -300.0000000000000568 ) ) ;
#585 = VECTOR ( 'NONE', #1189, 1000.000000000000000 ) ;
#586 = PLANE ( 'NONE',  #1624 ) ;
#587 = EDGE_CURVE ( 'NONE', #2310, #444, #251, .T. ) ;
#588 = VECTOR ( 'NONE', #657, 1000.000000000000000 ) ;
#589 = VECTOR ( 'NONE', #2055, 1000.000000000000000 ) ;
#590 = CARTESIAN_POINT ( 'NONE',  ( 8.871732858435342451E-14, 21.99999999999924682, -603.2999999999999545 ) ) ;
#591 = LINE ( 'NONE', #1087, #1696 ) ;
#592 = EDGE_CURVE ( 'NONE', #2957, #1204, #1950, .T. ) ;
#593 = EDGE_LOOP ( 'NONE', ( #2372, #2270, #1856, #2757 ) ) ;
#594 = VECTOR ( 'NONE', #1096, 1000.000000000000000 ) ;
#595 = EDGE_LOOP ( 'NONE', ( #837, #1612, #560, #143 ) ) ;
#596 = CIRCLE ( 'NONE', #3467, 10.00000000000000533 ) ;
#597 = ORIENTED_EDGE ( 'NONE', *, *, #55, .F. ) ;
#598 = CARTESIAN_POINT ( 'NONE',  ( -180.5985593436209911, -16.19412149417522784, -37.43119723103572483 ) ) ;
#599 = DIRECTION ( 'NONE',  ( 1.000000000000000000, 0.000000000000000000, 0.000000000000000000 ) ) ;
#600 = DIRECTION ( 'NONE',  ( -6.780942318374154600E-23, -4.235164736271500755E-22, 1.000000000000000000 ) ) ;
#601 = EDGE_LOOP ( 'NONE', ( #2792, #2753, #856, #178 ) ) ;
#602 = ORIENTED_EDGE ( 'NONE', *, *, #862, .T. ) ;
#603 = CARTESIAN_POINT ( 'NONE',  ( 242.7377119667926593, -22.00000000000011724, -34.64142842854269588 ) ) ;
#604 = CARTESIAN_POINT ( 'NONE',  ( 250.0000000000000000, 15.00000000000012790, -34.49999999999995026 ) ) ;
#605 = DIRECTION ( 'NONE',  ( 0.000000000000000000, 0.000000000000000000, -1.000000000000000000 ) ) ;
#606 = CARTESIAN_POINT ( 'NONE',  ( 8.871732858435342451E-14, 24.99999999999924682, -3.299999999999991385 ) ) ;
#607 = CYLINDRICAL_SURFACE ( 'NONE', #1465, 10.00000000000000533 ) ;
#608 = DIRECTION ( 'NONE',  ( -3.700744544794450685E-15, -1.000000000000000000, 4.235164736271500755E-22 ) ) ;
#609 = VERTEX_POINT ( 'NONE', #65 ) ;
#610 = VERTEX_POINT ( 'NONE', #1421 ) ;
#611 = APPROVAL_ROLE ( '' ) ;
#612 = ADVANCED_FACE ( 'NONE', ( #1110 ), #3314, .F. ) ;
#613 = B_SPLINE_CURVE_WITH_KNOTS ( 'NONE', 3,
 ( #2329, #1221, #2590, #441, #2821, #2853, #3402, #676, #2313, #1428, #3103, #2054, #3386, #1693, #2279, #404, #932, #2000, #2872, #3086, #2538, #1725, #1494, #2604, #664, #3355 ),
 .UNSPECIFIED., .F., .F.,
 ( 4, 2, 2, 2, 2, 2, 2, 2, 2, 2, 2, 2, 4 ),
 ( 0.01137023585102414983, 0.01208014783211141217, 0.01279005981319867452, 0.01420988377537319228, 0.01491979575646044942, 0.01562970773754770309, 0.01704953169972214799, 0.01846935566189658942, 0.01917926764298381187, 0.01988917962407103085, 0.02130900358624543411, 0.02201891556733264615, 0.02272882754841985126 ),
 .UNSPECIFIED. ) ;
#614 = CARTESIAN_POINT ( 'NONE',  ( -249.1198562483538694, 17.32212959285308429, -562.7632535564816862 ) ) ;
#615 = ORIENTED_EDGE ( 'NONE', *, *, #2007, .F. ) ;
#616 = LINE ( 'NONE', #2795, #588 ) ;
#617 = CARTESIAN_POINT ( 'NONE',  ( -180.5000000000000284, -15.00000000000012967, -562.5000000000000000 ) ) ;
#618 = LINE ( 'NONE', #1407, #1133 ) ;
#619 = ORIENTED_EDGE ( 'NONE', *, *, #2066, .T. ) ;
#620 = ORIENTED_EDGE ( 'NONE', *, *, #2093, .T. ) ;
#621 = ADVANCED_FACE ( 'NONE', ( #629 ), #2531, .T. ) ;
#622 = CARTESIAN_POINT ( 'NONE',  ( -250.0000000000000000, -15.00000000000010303, 27.49999999999994316 ) ) ;
#623 = DIRECTION ( 'NONE',  ( -6.780942318374154600E-23, -4.235164736271500755E-22, 1.000000000000000000 ) ) ;
#624 = CARTESIAN_POINT ( 'NONE',  ( 249.4508714736819570, -15.95210075985699660, -562.5345633209013840 ) ) ;
#625 = CARTESIAN_POINT ( 'NONE',  ( 180.7402056419846303, 16.87843014814963993, -562.6668892758351603 ) ) ;
#626 = CARTESIAN_POINT ( 'NONE',  ( 215.0000000000000568, 24.99999999999850431, -600.0000000000000000 ) ) ;
#627 = ORIENTED_EDGE ( 'NONE', *, *, #1665, .T. ) ;
#628 = ORIENTED_EDGE ( 'NONE', *, *, #23, .T. ) ;
#629 = FACE_OUTER_BOUND ( 'NONE', #3127, .T. ) ;
#630 = VERTEX_POINT ( 'NONE', #3330 ) ;
#631 = ORIENTED_EDGE ( 'NONE', *, *, #2882, .T. ) ;
#632 = EDGE_CURVE ( 'NONE', #1391, #609, #1447, .T. ) ;
#633 = AXIS2_PLACEMENT_3D ( 'NONE', #431, #1483, #3464 ) ;
#634 = CARTESIAN_POINT ( 'NONE',  ( -185.1894867059228602, -21.61173914908084726, -564.9970987651852283 ) ) ;
#635 = CIRCLE ( 'NONE', #351, 3.300000000000025135 ) ;
#636 = LINE ( 'NONE', #1997, #2897 ) ;
#637 = VERTEX_POINT ( 'NONE', #483 ) ;
#638 = ORIENTED_EDGE ( 'NONE', *, *, #954, .F. ) ;
#639 = VECTOR ( 'NONE', #1312, 1000.000000000000000 ) ;
#640 = CARTESIAN_POINT ( 'NONE',  ( 244.8104174269742828, -21.62338389603929656, -34.99564535013918487 ) ) ;
#641 = LINE ( 'NONE', #184, #209 ) ;
#642 = CARTESIAN_POINT ( 'NONE',  ( 215.0000000000000568, 24.99999999999850431, -600.0000000000000000 ) ) ;
#643 = PRODUCT_DEFINITION ( 'UNKNOWN', '', #146, #1501 ) ;
#644 = VECTOR ( 'NONE', #3115, 1000.000000000000000 ) ;
#645 = DIRECTION ( 'NONE',  ( 0.000000000000000000, -1.000000000000000000, -3.700743415417186364E-15 ) ) ;
#646 = ORIENTED_EDGE ( 'NONE', *, *, #3328, .F. ) ;
#647 = ORIENTED_EDGE ( 'NONE', *, *, #2648, .T. ) ;
#648 =( GEOMETRIC_REPRESENTATION_CONTEXT ( 3 ) GLOBAL_UNCERTAINTY_ASSIGNED_CONTEXT ( ( #2239 ) ) GLOBAL_UNIT_ASSIGNED_CONTEXT ( ( #1867, #2433, #491 ) ) REPRESENTATION_CONTEXT ( 'NONE', 'WORKASPACE' ) );
#649 = CALENDAR_DATE ( 2026, 24, 3 ) ;
#650 = LINE ( 'NONE', #1434, #3021 ) ;
#651 = CARTESIAN_POINT ( 'NONE',  ( 184.9730167925267210, -21.53187853182809164, -35.07283945620870469 ) ) ;
#652 = AXIS2_PLACEMENT_3D ( 'NONE', #3387, #2661, #238 ) ;
#653 = CARTESIAN_POINT ( 'NONE',  ( -245.0220108287273604, 21.53377733873110955, -564.9288069355020525 ) ) ;
#654 = EDGE_LOOP ( 'NONE', ( #1218, #2470, #2639, #2990 ) ) ;
#655 = ORIENTED_EDGE ( 'NONE', *, *, #1728, .T. ) ;
#656 = VECTOR ( 'NONE', #3235, 1000.000000000000000 ) ;
#657 = DIRECTION ( 'NONE',  ( -0.000000000000000000, 1.000000000000000000, -0.000000000000000000 ) ) ;
#658 = EDGE_CURVE ( 'NONE', #337, #1070, #2828, .T. ) ;
#659 = AXIS2_PLACEMENT_3D ( 'NONE', #689, #122, #1171 ) ;
#660 = CARTESIAN_POINT ( 'NONE',  ( -180.5000000000000284, -15.00000000000013323, -600.0000000000000000 ) ) ;
#661 = ORIENTED_EDGE ( 'NONE', *, *, #2832, .F. ) ;
#662 = EDGE_CURVE ( 'NONE', #345, #1631, #1190, .T. ) ;
#663 = CARTESIAN_POINT ( 'NONE',  ( 243.6791422293262031, -21.90400402829006765, -34.73456913599084572 ) ) ;
#664 = CARTESIAN_POINT ( 'NONE',  ( 180.5000000000000853, 15.24086283439129019, -37.49999999999991473 ) ) ;
#665 = ADVANCED_FACE ( 'NONE', ( #1197, #1016 ), #2080, .F. ) ;
#666 = CARTESIAN_POINT ( 'NONE',  ( 350.0000000000000000, 14.99999999999991296, -572.5000000000000000 ) ) ;
#667 = CARTESIAN_POINT ( 'NONE',  ( 8.831319514063479347E-14, 24.99999999999924682, 0.000000000000000000 ) ) ;
#668 = FACE_OUTER_BOUND ( 'NONE', #1732, .T. ) ;
#669 = ADVANCED_FACE ( 'NONE', ( #415 ), #1466, .F. ) ;
#670 = DIRECTION ( 'NONE',  ( 1.000000000000000000, 0.000000000000000000, 0.000000000000000000 ) ) ;
#671 = CARTESIAN_POINT ( 'NONE',  ( 187.5000000000000000, 25.00000000000011013, -27.49999999999996803 ) ) ;
#672 = CARTESIAN_POINT ( 'NONE',  ( 250.0000000000000000, 21.99999999999991118, 27.50000000000007461 ) ) ;
#673 = VERTEX_POINT ( 'NONE', #2357 ) ;
#674 = VERTEX_POINT ( 'NONE', #263 ) ;
#675 = LINE ( 'NONE', #2759, #357 ) ;
#676 = CARTESIAN_POINT ( 'NONE',  ( 184.5607800188675185, 21.35710599508984942, -35.22014777899610749 ) ) ;
#677 = CARTESIAN_POINT ( 'NONE',  ( 242.7379556549833239, -22.00000000000010303, -565.3585715714571052 ) ) ;
#678 = DIRECTION ( 'NONE',  ( 0.000000000000000000, 0.000000000000000000, 1.000000000000000000 ) ) ;
#679 = DIRECTION ( 'NONE',  ( -1.000000000000000000, 3.700744544794450685E-15, 7.995217608207856944E-23 ) ) ;
#680 = CARTESIAN_POINT ( 'NONE',  ( -214.9999999999998863, 25.00000000000000000, -300.0000000000000568 ) ) ;
#681 = CARTESIAN_POINT ( 'NONE',  ( -350.0000000000000000, -15.00000000000010303, -572.5000000000000000 ) ) ;
#682 = CARTESIAN_POINT ( 'NONE',  ( 248.0273725665442157, 19.31819862575365576, -563.4715110718460664 ) ) ;
#683 = EDGE_LOOP ( 'NONE', ( #2831, #3009 ) ) ;
#684 = VERTEX_POINT ( 'NONE', #3463 ) ;
#685 = DIRECTION ( 'NONE',  ( -7.690840992182485042E-23, -4.235164736271500755E-22, 1.000000000000000000 ) ) ;
#686 = CARTESIAN_POINT ( 'NONE',  ( -187.4999999999999432, 25.00000000000011013, -27.49999999999996803 ) ) ;
#687 = CARTESIAN_POINT ( 'NONE',  ( 215.0000000000000568, 21.99999999999850075, -603.2999999999999545 ) ) ;
#688 = ORIENTED_EDGE ( 'NONE', *, *, #3468, .F. ) ;
#689 = CARTESIAN_POINT ( 'NONE',  ( 350.0000000000000000, -14.99999999999991296, -627.5000000000001137 ) ) ;
#690 = VECTOR ( 'NONE', #2566, 1000.000000000000000 ) ;
#691 = DIRECTION ( 'NONE',  ( 0.000000000000000000, 0.000000000000000000, -1.000000000000000000 ) ) ;
#692 = VECTOR ( 'NONE', #2992, 1000.000000000000000 ) ;
#693 = DIRECTION ( 'NONE',  ( -0.000000000000000000, 1.000000000000000000, -0.000000000000000000 ) ) ;
#694 = EDGE_CURVE ( 'NONE', #150, #181, #908, .T. ) ;
#695 = ORIENTED_EDGE ( 'NONE', *, *, #1168, .F. ) ;
#696 = CIRCLE ( 'NONE', #1408, 3.299999999999969624 ) ;
#697 = FACE_OUTER_BOUND ( 'NONE', #3450, .T. ) ;
#698 = CARTESIAN_POINT ( 'NONE',  ( 350.0000000000001137, 21.99999999999802114, -565.3585715714552862 ) ) ;
#699 = ORIENTED_EDGE ( 'NONE', *, *, #839, .F. ) ;
#700 = AXIS2_PLACEMENT_3D ( 'NONE', #60, #1055, #557 ) ;
#701 = VERTEX_POINT ( 'NONE', #1037 ) ;
#702 = VECTOR ( 'NONE', #67, 1000.000000000000000 ) ;
#703 = CARTESIAN_POINT ( 'NONE',  ( -252.4999999999998863, 15.00000000000014033, -562.5000000000000000 ) ) ;
#704 = CARTESIAN_POINT ( 'NONE',  ( -350.0000000000000000, 14.99999999999991296, -572.4999999999998863 ) ) ;
#705 = CIRCLE ( 'NONE', #1085, 7.000000000000006217 ) ;
#706 = ORIENTED_EDGE ( 'NONE', *, *, #1168, .T. ) ;
#707 = CARTESIAN_POINT ( 'NONE',  ( 248.7415238319205741, -18.17725335865657854, -36.98418241366670145 ) ) ;
#708 = FACE_OUTER_BOUND ( 'NONE', #1536, .T. ) ;
#709 = CARTESIAN_POINT ( 'NONE',  ( 215.0000000000000568, 21.99999999999850075, -600.0000000000000000 ) ) ;
#710 = EDGE_CURVE ( 'NONE', #337, #1371, #2649, .T. ) ;
#711 = ORIENTED_EDGE ( 'NONE', *, *, #2484, .T. ) ;
#712 = CARTESIAN_POINT ( 'NONE',  ( 244.3687313355737842, 21.74991921826014973, -34.87883541365699358 ) ) ;
#713 = LINE ( 'NONE', #936, #2341 ) ;
#714 = CARTESIAN_POINT ( 'NONE',  ( 250.0000000000000000, -15.00000000000012790, 34.49999999999994316 ) ) ;
#715 = ORIENTED_EDGE ( 'NONE', *, *, #2232, .F. ) ;
#716 = ORIENTED_EDGE ( 'NONE', *, *, #259, .F. ) ;
#717 = EDGE_CURVE ( 'NONE', #1253, #1230, #407, .T. ) ;
#718 = DIRECTION ( 'NONE',  ( 0.000000000000000000, 0.000000000000000000, -1.000000000000000000 ) ) ;
#719 = DIRECTION ( 'NONE',  ( -0.000000000000000000, 1.000000000000000000, -0.000000000000000000 ) ) ;
#720 = EDGE_LOOP ( 'NONE', ( #94, #488, #288, #1154 ) ) ;
#721 = CARTESIAN_POINT ( 'NONE',  ( 250.0000000000000000, -14.99999999999988098, -37.49999999999997868 ) ) ;
#722 = CARTESIAN_POINT ( 'NONE',  ( 8.831319514063479347E-14, 24.99999999999924682, 0.000000000000000000 ) ) ;
#723 = ORIENTED_EDGE ( 'NONE', *, *, #781, .T. ) ;
#724 = EDGE_CURVE ( 'NONE', #3157, #2536, #2914, .T. ) ;
#725 = DIRECTION ( 'NONE',  ( 1.000000000000000000, 0.000000000000000000, 0.000000000000000000 ) ) ;
#726 = FACE_OUTER_BOUND ( 'NONE', #1246, .T. ) ;
#727 = CARTESIAN_POINT ( 'NONE',  ( -350.0000000000000000, 14.99999999999991296, -572.4999999999998863 ) ) ;
#728 = CARTESIAN_POINT ( 'NONE',  ( -245.4392199811324531, -21.35710599508969310, -564.7798522210038072 ) ) ;
#729 = VERTEX_POINT ( 'NONE', #763 ) ;
#730 = ORIENTED_EDGE ( 'NONE', *, *, #2040, .F. ) ;
#731 = CARTESIAN_POINT ( 'NONE',  ( 250.0000000000000000, -24.99999999999991829, -27.50000000000008171 ) ) ;
#732 = EDGE_CURVE ( 'NONE', #1738, #444, #1828, .T. ) ;
#733 = CARTESIAN_POINT ( 'NONE',  ( -250.0000000000000000, 14.99999999999988809, 34.50000000000004974 ) ) ;
#734 = ORIENTED_EDGE ( 'NONE', *, *, #435, .T. ) ;
#735 = CARTESIAN_POINT ( 'NONE',  ( 248.0273725665440736, -19.31819862575389024, -36.52848892815394777 ) ) ;
#736 = CARTESIAN_POINT ( 'NONE',  ( 180.4999999999999147, -15.00000000000197353, -37.49999999999997868 ) ) ;
#737 = DIRECTION ( 'NONE',  ( 0.000000000000000000, 0.000000000000000000, 1.000000000000000000 ) ) ;
#738 = VERTEX_POINT ( 'NONE', #327 ) ;
#739 = VECTOR ( 'NONE', #1926, 1000.000000000000000 ) ;
#740 = DIRECTION ( 'NONE',  ( 0.000000000000000000, 0.000000000000000000, 1.000000000000000000 ) ) ;
#741 = CARTESIAN_POINT ( 'NONE',  ( 249.2571239163395376, 16.88799191860668003, -562.6687282178952501 ) ) ;
#742 = AXIS2_PLACEMENT_3D ( 'NONE', #179, #1231, #2324 ) ;
#743 = CARTESIAN_POINT ( 'NONE',  ( 350.0000000000000000, 21.99999999999991118, -572.5000000000000000 ) ) ;
#744 = DIRECTION ( 'NONE',  ( 0.000000000000000000, 0.000000000000000000, -1.000000000000000000 ) ) ;
#745 = VECTOR ( 'NONE', #1390, 1000.000000000000000 ) ;
#746 = CARTESIAN_POINT ( 'NONE',  ( -350.0000000000000000, 25.00000000000010658, -627.4999999999998863 ) ) ;
#747 = B_SPLINE_CURVE_WITH_KNOTS ( 'NONE', 3,
 ( #3174, #3411, #230, #766, #2917, #983, #3155, #728, #2377, #3447, #1786, #487, #1283, #2891, #1040, #467, #503, #2124, #1520, #2937, #2631, #1266, #1845, #784, #1559, #1000 ),
 .UNSPECIFIED., .F., .F.,
 ( 4, 2, 2, 2, 2, 2, 2, 2, 2, 2, 2, 2, 4 ),
 ( 0.01137023585102366584, 0.01208014783211082757, 0.01279005981319798931, 0.01420988377537239084, 0.01491979575645964451, 0.01562970773754689818, 0.01704953169972147492, 0.01846935566189605166, 0.01917926764298331921, 0.01988917962407058676, 0.02130900358624509064, 0.02201891556733233044, 0.02272882754841956676 ),
 .UNSPECIFIED. ) ;
#748 = ORIENTED_EDGE ( 'NONE', *, *, #771, .T. ) ;
#749 = DIRECTION ( 'NONE',  ( 3.700744544794450685E-15, 1.000000000000000000, 3.700742850728556176E-15 ) ) ;
#750 = DIRECTION ( 'NONE',  ( 1.000000000000000000, 0.000000000000000000, 0.000000000000000000 ) ) ;
#751 = VECTOR ( 'NONE', #1726, 1000.000000000000000 ) ;
#752 =( BOUNDED_CURVE ( )  B_SPLINE_CURVE ( 3, ( #1937, #3120, #3090, #2286 ),
 .UNSPECIFIED., .F., .F. ) 
 B_SPLINE_CURVE_WITH_KNOTS ( ( 4, 4 ),
 ( 3.141592653589780237, 4.712388980384695003 ),
 .UNSPECIFIED. ) 
 CURVE ( )  GEOMETRIC_REPRESENTATION_ITEM ( )  RATIONAL_B_SPLINE_CURVE ( ( 1.000000000000000000, 0.8047378541243608296, 0.8047378541243608296, 1.000000000000000000 ) ) 
 REPRESENTATION_ITEM ( '' )  );
#753 = EDGE_CURVE ( 'NONE', #1992, #1277, #2699, .T. ) ;
#754 = CARTESIAN_POINT ( 'NONE',  ( 350.0000000000000000, -22.00000000000010658, -572.5000000000001137 ) ) ;
#755 = LINE ( 'NONE', #531, #1644 ) ;
#756 = FACE_OUTER_BOUND ( 'NONE', #74, .T. ) ;
#757 = AXIS2_PLACEMENT_3D ( 'NONE', #1734, #1767, #3362 ) ;
#758 = CARTESIAN_POINT ( 'NONE',  ( 350.0000000000000000, 14.99999999999991296, -572.5000000000000000 ) ) ;
#759 = ORIENTED_EDGE ( 'NONE', *, *, #1687, .T. ) ;
#760 = EDGE_CURVE ( 'NONE', #2064, #2645, #2428, .T. ) ;
#761 = AXIS2_PLACEMENT_3D ( 'NONE', #1441, #135, #1187 ) ;
#762 = CARTESIAN_POINT ( 'NONE',  ( 350.0000000000000000, 25.00000000000010658, -627.5000000000000000 ) ) ;
#763 = CARTESIAN_POINT ( 'NONE',  ( 187.5000000000000000, 25.00000000000011013, -27.49999999999996803 ) ) ;
#764 = DIRECTION ( 'NONE',  ( -0.000000000000000000, 1.000000000000000000, -0.000000000000000000 ) ) ;
#765 = CARTESIAN_POINT ( 'NONE',  ( -252.4999999999999432, 20.85786437626916623, -37.49999999999995026 ) ) ;
#766 = CARTESIAN_POINT ( 'NONE',  ( -243.4442342979184275, -21.94004718607091320, -565.3002182191589782 ) ) ;
#767 = EDGE_LOOP ( 'NONE', ( #2277, #3130, #688, #26, #2583, #3101, #1769, #3365 ) ) ;
#768 = ORIENTED_EDGE ( 'NONE', *, *, #1866, .F. ) ;
#769 = EDGE_CURVE ( 'NONE', #701, #1992, #815, .T. ) ;
#770 = PERSON_AND_ORGANIZATION ( #3055, #2162 ) ;
#771 = EDGE_CURVE ( 'NONE', #2957, #365, #1365, .T. ) ;
#772 = LINE ( 'NONE', #48, #3016 ) ;
#773 = CARTESIAN_POINT ( 'NONE',  ( -186.5557657020814588, -21.94004718607108373, -34.69978178084066656 ) ) ;
#774 = CARTESIAN_POINT ( 'NONE',  ( 250.0000000000001137, 25.00000000000011369, -27.49999999999991473 ) ) ;
#775 = CARTESIAN_POINT ( 'NONE',  ( 242.5000000000000568, 24.99999999999991473, -572.5000000000001137 ) ) ;
#776 = EDGE_LOOP ( 'NONE', ( #505, #167, #1386, #13 ) ) ;
#777 =( BOUNDED_CURVE ( )  B_SPLINE_CURVE ( 3, ( #1713, #2824, #389, #1750 ),
 .UNSPECIFIED., .F., .F. ) 
 B_SPLINE_CURVE_WITH_KNOTS ( ( 4, 4 ),
 ( 0.000000000000000000, 1.570796326794907660 ),
 .UNSPECIFIED. ) 
 CURVE ( )  GEOMETRIC_REPRESENTATION_ITEM ( )  RATIONAL_B_SPLINE_CURVE ( ( 1.000000000000000000, 0.8047378541243622729, 0.8047378541243622729, 1.000000000000000000 ) ) 
 REPRESENTATION_ITEM ( '' )  );
#778 = LINE ( 'NONE', #2984, #816 ) ;
#779 = CYLINDRICAL_SURFACE ( 'NONE', #1813, 10.00000000000000888 ) ;
#780 = DIRECTION ( 'NONE',  ( -3.532527189601535655E-15, -1.000000000000000000, 4.235164736271500755E-22 ) ) ;
#781 = EDGE_CURVE ( 'NONE', #370, #3315, #1120, .T. ) ;
#782 = CARTESIAN_POINT ( 'NONE',  ( -214.9999999999998863, 25.00000000000000000, -300.0000000000000568 ) ) ;
#783 = CARTESIAN_POINT ( 'NONE',  ( -242.7379556549836366, -21.99999999999989697, -34.64142842854288773 ) ) ;
#784 = CARTESIAN_POINT ( 'NONE',  ( -249.4876017348490223, -15.48036715287434362, -562.5086903598034951 ) ) ;
#785 = ORIENTED_EDGE ( 'NONE', *, *, #1842, .F. ) ;
#786 = DATE_AND_TIME ( #2128, #2910 ) ;
#787 = CARTESIAN_POINT ( 'NONE',  ( -252.5000000000000568, -20.85786437626893886, -37.50000000000010658 ) ) ;
#788 = PRODUCT_RELATED_PRODUCT_CATEGORY ( 'detail', '', ( #1506 ) ) ;
#789 = CARTESIAN_POINT ( 'NONE',  ( -250.0000000000000000, -21.99999999999991473, -27.50000000000007461 ) ) ;
#790 = FACE_OUTER_BOUND ( 'NONE', #654, .T. ) ;
#791 = CARTESIAN_POINT ( 'NONE',  ( -185.1895825730255467, 21.62338389603907274, -565.0043546498607157 ) ) ;
#792 = ORIENTED_EDGE ( 'NONE', *, *, #264, .F. ) ;
#793 = FACE_OUTER_BOUND ( 'NONE', #1793, .T. ) ;
#794 = CARTESIAN_POINT ( 'NONE',  ( 250.0000000000000000, 24.99999999999991118, 27.50000000000008171 ) ) ;
#795 = LINE ( 'NONE', #2988, #2858 ) ;
#796 = EDGE_CURVE ( 'NONE', #1564, #939, #580, .T. ) ;
#797 = PLANE ( 'NONE',  #1140 ) ;
#798 = CIRCLE ( 'NONE', #3339, 3.300000000000025135 ) ;
#799 = EDGE_LOOP ( 'NONE', ( #1291, #2065 ) ) ;
#800 = EDGE_LOOP ( 'NONE', ( #2582, #1130, #330, #313 ) ) ;
#801 = CARTESIAN_POINT ( 'NONE',  ( -249.4999999999998010, 15.24086283439127065, -37.49999999999984368 ) ) ;
#802 = EDGE_CURVE ( 'NONE', #1073, #3381, #22, .T. ) ;
#803 = DIRECTION ( 'NONE',  ( 3.700744544794450685E-15, 1.000000000000000000, 3.700742850728556176E-15 ) ) ;
#804 = ORIENTED_EDGE ( 'NONE', *, *, #1175, .T. ) ;
#805 = DIRECTION ( 'NONE',  ( 0.000000000000000000, 0.000000000000000000, 1.000000000000000000 ) ) ;
#806 = CARTESIAN_POINT ( 'NONE',  ( -350.0000000000000000, 15.00000000000012790, -634.5000000000000000 ) ) ;
#807 = CARTESIAN_POINT ( 'NONE',  ( -180.8833479152630161, 17.33111287727430039, -562.7654350760675470 ) ) ;
#808 = EDGE_LOOP ( 'NONE', ( #1578, #281, #2760, #3078 ) ) ;
#809 = AXIS2_PLACEMENT_3D ( 'NONE', #970, #1268, #1249 ) ;
#810 = EDGE_CURVE ( 'NONE', #2016, #2316, #2139, .T. ) ;
#811 = DIRECTION ( 'NONE',  ( 1.000000000000000000, -3.532527189601535655E-15, -7.500847945236711498E-23 ) ) ;
#812 = DIRECTION ( 'NONE',  ( -3.700744544794450685E-15, -1.000000000000000000, -3.700742850728556176E-15 ) ) ;
#813 = VECTOR ( 'NONE', #292, 1000.000000000000000 ) ;
#814 = DIRECTION ( 'NONE',  ( 0.000000000000000000, 0.000000000000000000, -1.000000000000000000 ) ) ;
#815 = LINE ( 'NONE', #3292, #3341 ) ;
#816 = VECTOR ( 'NONE', #1591, 1000.000000000000000 ) ;
#817 = CARTESIAN_POINT ( 'NONE',  ( 350.0000000000000000, -15.00000000000012790, -565.5000000000001137 ) ) ;
#818 = DIRECTION ( 'NONE',  ( -1.000000000000000000, -0.000000000000000000, 1.586032892321652236E-16 ) ) ;
#819 = CIRCLE ( 'NONE', #3409, 3.299999999999997158 ) ;
#820 = ORIENTED_EDGE ( 'NONE', *, *, #2882, .F. ) ;
#821 = ORIENTED_EDGE ( 'NONE', *, *, #769, .T. ) ;
#822 = APPLICATION_PROTOCOL_DEFINITION ( 'international standard', 'config_control_design', 1994, #2836 ) ;
#823 = DIRECTION ( 'NONE',  ( -3.532527189601535655E-15, -1.000000000000000000, 4.235164736271500755E-22 ) ) ;
#824 = EDGE_CURVE ( 'NONE', #3214, #2725, #3223, .T. ) ;
#825 = ORIENTED_EDGE ( 'NONE', *, *, #2407, .F. ) ;
#826 = LINE ( 'NONE', #2994, #2048 ) ;
#827 = CARTESIAN_POINT ( 'NONE',  ( -242.4999999999998863, 25.00000000000011013, -599.9999999999998863 ) ) ;
#828 = CARTESIAN_POINT ( 'NONE',  ( 183.9646606448248463, -21.04575189207777441, -564.5333760565722514 ) ) ;
#829 = CARTESIAN_POINT ( 'NONE',  ( 350.0000000000000000, 14.99999999999987921, -562.5000000000000000 ) ) ;
#830 = DIRECTION ( 'NONE',  ( -0.000000000000000000, 1.000000000000000000, -0.000000000000000000 ) ) ;
#831 = DIRECTION ( 'NONE',  ( 1.000000000000000000, -3.700744544794450685E-15, -7.085965169253082379E-23 ) ) ;
#832 = DIRECTION ( 'NONE',  ( -1.000000000000000000, 0.000000000000000000, 1.586033434521926015E-16 ) ) ;
#833 = EDGE_LOOP ( 'NONE', ( #597, #474, #1199, #2516, #29, #3395, #456, #2989 ) ) ;
#834 = ORIENTED_EDGE ( 'NONE', *, *, #2284, .T. ) ;
#835 = PERSON_AND_ORGANIZATION_ROLE ( 'creator' ) ;
#836 = DIRECTION ( 'NONE',  ( -1.000000000000000000, -0.000000000000000000, -0.000000000000000000 ) ) ;
#837 = ORIENTED_EDGE ( 'NONE', *, *, #2811, .T. ) ;
#838 = CARTESIAN_POINT ( 'NONE',  ( -350.0000000000000000, -24.99999999999991118, -627.5000000000001137 ) ) ;
#839 = EDGE_CURVE ( 'NONE', #2606, #1106, #2209, .T. ) ;
#840 = DIRECTION ( 'NONE',  ( -0.000000000000000000, 1.000000000000000000, -0.000000000000000000 ) ) ;
#841 = CARTESIAN_POINT ( 'NONE',  ( 180.4999999999998863, -14.99999999999989164, -562.5000000000002274 ) ) ;
#842 = ORIENTED_EDGE ( 'NONE', *, *, #568, .T. ) ;
#843 = DIRECTION ( 'NONE',  ( -1.000000000000000000, -0.000000000000000000, -0.000000000000000000 ) ) ;
#844 = CARTESIAN_POINT ( 'NONE',  ( 248.3578643762690490, 24.99999999999990763, -566.6421356237309510 ) ) ;
#845 = CARTESIAN_POINT ( 'NONE',  ( 215.0000000000000568, 21.99999999999850786, -296.7000000000000455 ) ) ;
#846 = CARTESIAN_POINT ( 'NONE',  ( 184.3611510843581414, 21.26080192561907012, -564.7012412885085268 ) ) ;
#847 = ORIENTED_EDGE ( 'NONE', *, *, #2653, .F. ) ;
#848 = ORIENTED_EDGE ( 'NONE', *, *, #3171, .F. ) ;
#849 = AXIS2_PLACEMENT_3D ( 'NONE', #2896, #1759, #718 ) ;
#850 = ORIENTED_EDGE ( 'NONE', *, *, #1632, .F. ) ;
#851 = AXIS2_PLACEMENT_3D ( 'NONE', #1435, #128, #2254 ) ;
#852 = FACE_OUTER_BOUND ( 'NONE', #1330, .T. ) ;
#853 = AXIS2_PLACEMENT_3D ( 'NONE', #290, #3256, #2999 ) ;
#854 = LINE ( 'NONE', #1686, #245 ) ;
#855 = CARTESIAN_POINT ( 'NONE',  ( 182.8873915117707440, -20.28409637421220424, -564.0024369250063501 ) ) ;
#856 = ORIENTED_EDGE ( 'NONE', *, *, #7, .T. ) ;
#857 = ADVANCED_FACE ( 'NONE', ( #1881 ), #1643, .F. ) ;
#858 = CYLINDRICAL_SURFACE ( 'NONE', #1935, 3.299999999999969624 ) ;
#859 = CARTESIAN_POINT ( 'NONE',  ( 242.5000000000000568, 24.99999999999991473, -572.5000000000001137 ) ) ;
#860 = VECTOR ( 'NONE', #2813, 1000.000000000000000 ) ;
#861 = DIRECTION ( 'NONE',  ( -1.000000000000000000, 0.000000000000000000, 1.586033343532058634E-16 ) ) ;
#862 = EDGE_CURVE ( 'NONE', #2931, #3037, #2730, .T. ) ;
#863 = SECURITY_CLASSIFICATION ( '', '', #2773 ) ;
#864 = AXIS2_PLACEMENT_3D ( 'NONE', #1495, #3457, #1764 ) ;
#865 = CARTESIAN_POINT ( 'NONE',  ( -214.9999999999998863, 24.99999999999999289, -596.7000000000000455 ) ) ;
#866 = DIRECTION ( 'NONE',  ( -1.000000000000000000, 3.700744544794450685E-15, 7.995217608207856944E-23 ) ) ;
#867 = CIRCLE ( 'NONE', #100, 7.000000000000006217 ) ;
#868 = ORIENTED_EDGE ( 'NONE', *, *, #1910, .T. ) ;
#869 = B_SPLINE_CURVE_WITH_KNOTS ( 'NONE', 3,
 ( #2542, #1173, #2098, #1538, #2933, #2391, #3462, #2060, #1279, #1841, #1015, #2948, #225, #2875, #1782, #712, #174, #498, #1554, #1225, #2666, #1766 ),
 .UNSPECIFIED., .F., .F.,
 ( 4, 2, 2, 2, 2, 2, 2, 2, 2, 2, 4 ),
 ( 2.460129031217048766E-16, 0.001421279481378197405, 0.002842558962756148479, 0.004263838444134099986, 0.005685117925512051494, 0.007106397406890003002, 0.008527676888267953642, 0.009238316628956929830, 0.009948956369645906017, 0.01065959611033488047, 0.01137023585102385666 ),
 .UNSPECIFIED. ) ;
#870 = AXIS2_PLACEMENT_3D ( 'NONE', #51, #2437, #805 ) ;
#871 = DIRECTION ( 'NONE',  ( -6.780942318374154600E-23, -4.235164736271500755E-22, 1.000000000000000000 ) ) ;
#872 = CARTESIAN_POINT ( 'NONE',  ( -248.5270789673692207, 18.56734713249242574, -563.1555469645245466 ) ) ;
#873 = EDGE_CURVE ( 'NONE', #2388, #2505, #1343, .T. ) ;
#874 = ADVANCED_FACE ( 'NONE', ( #1657 ), #586, .T. ) ;
#875 = CARTESIAN_POINT ( 'NONE',  ( 215.0000000000000568, 24.99999999999850786, -296.7000000000000455 ) ) ;
#876 = CYLINDRICAL_SURFACE ( 'NONE', #1621, 10.00000000000000533 ) ;
#877 = DIRECTION ( 'NONE',  ( -7.690840992182485042E-23, -4.235164736271500755E-22, 1.000000000000000000 ) ) ;
#878 = VERTEX_POINT ( 'NONE', #2467 ) ;
#879 = VERTEX_POINT ( 'NONE', #845 ) ;
#880 = FACE_OUTER_BOUND ( 'NONE', #111, .T. ) ;
#881 = CARTESIAN_POINT ( 'NONE',  ( 244.1441015217084498, -21.80819141826707153, -565.1751971652574866 ) ) ;
#882 = CARTESIAN_POINT ( 'NONE',  ( 242.4999999999999147, -25.00000000000011013, -572.5000000000003411 ) ) ;
#883 = ADVANCED_FACE ( 'NONE', ( #137 ), #2094, .F. ) ;
#884 = VERTEX_POINT ( 'NONE', #1535 ) ;
#885 = CARTESIAN_POINT ( 'NONE',  ( -214.9999999999998863, 21.99999999999999289, -596.7000000000000455 ) ) ;
#886 = APPROVAL_DATE_TIME ( #1903, #1651 ) ;
#887 = DIRECTION ( 'NONE',  ( -7.690840992182485042E-23, -4.235164736271500755E-22, 1.000000000000000000 ) ) ;
#888 = CARTESIAN_POINT ( 'NONE',  ( 187.5000000000000284, 15.00000000000010481, -600.0000000000000000 ) ) ;
#889 = ORIENTED_EDGE ( 'NONE', *, *, #1496, .T. ) ;
#890 = ORIENTED_EDGE ( 'NONE', *, *, #182, .F. ) ;
#891 = CARTESIAN_POINT ( 'NONE',  ( -183.2283954979961038, -20.56308572749130548, -564.1847442865430367 ) ) ;
#892 = CARTESIAN_POINT ( 'NONE',  ( 350.0000000000000000, 14.99999999999987743, -562.5000000000000000 ) ) ;
#893 = ORIENTED_EDGE ( 'NONE', *, *, #658, .F. ) ;
#894 = ORIENTED_EDGE ( 'NONE', *, *, #2311, .T. ) ;
#895 = DIRECTION ( 'NONE',  ( 3.700744544794450685E-15, 1.000000000000000000, 0.000000000000000000 ) ) ;
#896 = CARTESIAN_POINT ( 'NONE',  ( -214.9999999999998863, 24.99999999999999289, -600.0000000000000000 ) ) ;
#897 = DIRECTION ( 'NONE',  ( 0.000000000000000000, 0.000000000000000000, 1.000000000000000000 ) ) ;
#898 = CARTESIAN_POINT ( 'NONE',  ( 250.0000000000002274, -14.99999999999991829, -27.50000000000002487 ) ) ;
#899 = ORIENTED_EDGE ( 'NONE', *, *, #2448, .F. ) ;
#900 = CARTESIAN_POINT ( 'NONE',  ( 180.4999999999999716, -14.99999999999988098, -37.49999999999997868 ) ) ;
#901 = EDGE_CURVE ( 'NONE', #1371, #1069, #3392, .T. ) ;
#902 = COORDINATED_UNIVERSAL_TIME_OFFSET ( 8, 0, .AHEAD. ) ;
#903 = CARTESIAN_POINT ( 'NONE',  ( 187.0208028209069653, -21.98765309850407945, -34.65359085110343074 ) ) ;
#904 = CARTESIAN_POINT ( 'NONE',  ( -242.4999999999999432, 21.99999999999802114, -565.3585715714552862 ) ) ;
#905 = ORIENTED_EDGE ( 'NONE', *, *, #2367, .T. ) ;
#906 = ORIENTED_EDGE ( 'NONE', *, *, #2347, .F. ) ;
#907 = CARTESIAN_POINT ( 'NONE',  ( 177.4999999999999147, -14.99999999999988098, -600.0000000000000000 ) ) ;
#908 = CIRCLE ( 'NONE', #2155, 3.299999999999997158 ) ;
#909 = CARTESIAN_POINT ( 'NONE',  ( -177.5000000000000000, -15.00000000000014211, -562.5000000000000000 ) ) ;
#910 = EDGE_LOOP ( 'NONE', ( #1599, #1183 ) ) ;
#911 = VECTOR ( 'NONE', #2587, 1000.000000000000000 ) ;
#912 = DIRECTION ( 'NONE',  ( 0.000000000000000000, 0.000000000000000000, -1.000000000000000000 ) ) ;
#913 = CARTESIAN_POINT ( 'NONE',  ( 242.4999999999998863, -22.00000000000011013, -565.3585715714573325 ) ) ;
#914 = EDGE_CURVE ( 'NONE', #1270, #1350, #3423, .T. ) ;
#915 = VECTOR ( 'NONE', #2526, 1000.000000000000000 ) ;
#916 = DIRECTION ( 'NONE',  ( 0.000000000000000000, 0.000000000000000000, 1.000000000000000000 ) ) ;
#917 = ORIENTED_EDGE ( 'NONE', *, *, #229, .T. ) ;
#918 = LOCAL_TIME ( 2, 19, 58.00000000000000000, #2183 ) ;
#919 = AXIS2_PLACEMENT_3D ( 'NONE', #308, #3238, #3002 ) ;
#920 = CARTESIAN_POINT ( 'NONE',  ( -242.4999999999999432, 24.99999999999991473, -572.5000000000000000 ) ) ;
#921 = LINE ( 'NONE', #1991, #1985 ) ;
#922 = VECTOR ( 'NONE', #2035, 1000.000000000000000 ) ;
#923 = CARTESIAN_POINT ( 'NONE',  ( -249.4880277334856089, 15.47333068945650858, -562.5083918556829303 ) ) ;
#924 = ORIENTED_EDGE ( 'NONE', *, *, #558, .T. ) ;
#925 = ORIENTED_EDGE ( 'NONE', *, *, #824, .T. ) ;
#926 = CIRCLE ( 'NONE', #2918, 3.300000000000025135 ) ;
#927 = DIRECTION ( 'NONE',  ( 1.000000000000000000, 0.000000000000000000, 0.000000000000000000 ) ) ;
#928 = VECTOR ( 'NONE', #1672, 1000.000000000000000 ) ;
#929 = CARTESIAN_POINT ( 'NONE',  ( -180.4999999999998863, 14.99999999999988987, -562.4999999999998863 ) ) ;
#930 = VERTEX_POINT ( 'NONE', #2331 ) ;
#931 = VERTEX_POINT ( 'NONE', #1223 ) ;
#932 = CARTESIAN_POINT ( 'NONE',  ( 181.4775074303359474, 18.57507229267735127, -36.84149415580459674 ) ) ;
#933 = CARTESIAN_POINT ( 'NONE',  ( 245.6511214321941736, -21.26695770379883754, -564.7039382073336355 ) ) ;
#934 = DIRECTION ( 'NONE',  ( 0.000000000000000000, 0.000000000000000000, 1.000000000000000000 ) ) ;
#935 = ORIENTED_EDGE ( 'NONE', *, *, #3388, .F. ) ;
#936 = CARTESIAN_POINT ( 'NONE',  ( 250.0000000000000000, 25.00000000000010658, -27.49999999999991118 ) ) ;
#937 = CARTESIAN_POINT ( 'NONE',  ( -187.4999999999998863, 24.99999999999991473, -600.0000000000000000 ) ) ;
#938 = EDGE_LOOP ( 'NONE', ( #2228, #2225, #2404, #1851 ) ) ;
#939 = VERTEX_POINT ( 'NONE', #2946 ) ;
#940 = CYLINDRICAL_SURFACE ( 'NONE', #405, 7.000000000000006217 ) ;
#941 = CARTESIAN_POINT ( 'NONE',  ( 350.0000000000000000, 14.99999999999988809, -565.5000000000000000 ) ) ;
#942 = VERTEX_POINT ( 'NONE', #2075 ) ;
#943 = EDGE_CURVE ( 'NONE', #2691, #3176, #1918, .T. ) ;
#944 = CARTESIAN_POINT ( 'NONE',  ( 248.4046824137610088, -18.76621790498543874, -36.76583593727422539 ) ) ;
#945 = DIRECTION ( 'NONE',  ( -0.000000000000000000, 3.532527805625498298E-15, -1.000000000000000000 ) ) ;
#946 = CARTESIAN_POINT ( 'NONE',  ( 248.0279326906351400, -19.31810612875707633, -563.4712187335658200 ) ) ;
#947 = CARTESIAN_POINT ( 'NONE',  ( -249.4999999999999147, 15.00000000000012790, -600.0000000000000000 ) ) ;
#948 = VERTEX_POINT ( 'NONE', #775 ) ;
#949 = LINE ( 'NONE', #3107, #2096 ) ;
#950 = LINE ( 'NONE', #211, #2230 ) ;
#951 = CYLINDRICAL_SURFACE ( 'NONE', #469, 10.00000000000000888 ) ;
#952 = ORIENTED_EDGE ( 'NONE', *, *, #2908, .T. ) ;
#953 = VERTEX_POINT ( 'NONE', #443 ) ;
#954 = EDGE_CURVE ( 'NONE', #1213, #213, #157, .T. ) ;
#955 = DIRECTION ( 'NONE',  ( -1.000000000000000000, 3.532527189601535655E-15, 6.590949271428381056E-23 ) ) ;
#956 = CARTESIAN_POINT ( 'NONE',  ( 250.0000000000000000, -15.00000000000010303, 27.49999999999994316 ) ) ;
#957 = ORIENTED_EDGE ( 'NONE', *, *, #3121, .T. ) ;
#958 = FACE_OUTER_BOUND ( 'NONE', #3044, .T. ) ;
#959 = FACE_OUTER_BOUND ( 'NONE', #1877, .T. ) ;
#960 = LINE ( 'NONE', #429, #922 ) ;
#961 = FACE_OUTER_BOUND ( 'NONE', #105, .T. ) ;
#962 = VECTOR ( 'NONE', #1895, 1000.000000000000000 ) ;
#963 = FACE_OUTER_BOUND ( 'NONE', #434, .T. ) ;
#964 = CIRCLE ( 'NONE', #3342, 7.000000000000002665 ) ;
#965 = ADVANCED_FACE ( 'NONE', ( #2315, #961 ), #514, .T. ) ;
#966 = CARTESIAN_POINT ( 'NONE',  ( -185.1894867059227749, 21.61173914908067673, -35.00290123481511273 ) ) ;
#967 = ORIENTED_EDGE ( 'NONE', *, *, #1836, .T. ) ;
#968 = AXIS2_PLACEMENT_3D ( 'NONE', #1262, #2889, #2335 ) ;
#969 = EDGE_LOOP ( 'NONE', ( #2588, #842, #299, #3074, #1648, #2993, #3162, #847 ) ) ;
#970 = CARTESIAN_POINT ( 'NONE',  ( -214.9999999999998863, 21.99999999999999289, -600.0000000000000000 ) ) ;
#971 = FACE_OUTER_BOUND ( 'NONE', #3199, .T. ) ;
#972 = CARTESIAN_POINT ( 'NONE',  ( -187.4999999999998863, 24.99999999999991473, -572.5000000000000000 ) ) ;
#973 = AXIS2_PLACEMENT_3D ( 'NONE', #1261, #2152, #8 ) ;
#974 = ORIENTED_EDGE ( 'NONE', *, *, #480, .F. ) ;
#975 = DIRECTION ( 'NONE',  ( -7.690840992182485042E-23, -4.235164736271500755E-22, 1.000000000000000000 ) ) ;
#976 = DIRECTION ( 'NONE',  ( 0.000000000000000000, 0.000000000000000000, 1.000000000000000000 ) ) ;
#977 = VECTOR ( 'NONE', #2246, 1000.000000000000000 ) ;
#978 = EDGE_LOOP ( 'NONE', ( #1706, #2088, #1401, #1320 ) ) ;
#979 = CARTESIAN_POINT ( 'NONE',  ( -249.5000000000000568, -14.99999999999989164, -562.5000000000000000 ) ) ;
#980 = DIRECTION ( 'NONE',  ( 0.000000000000000000, 1.000000000000000000, -4.235164736271500755E-22 ) ) ;
#981 = CARTESIAN_POINT ( 'NONE',  ( -186.3133277090798856, 21.90263348841656921, -34.73587298673851365 ) ) ;
#982 = EDGE_CURVE ( 'NONE', #361, #2536, #3405, .T. ) ;
#983 = CARTESIAN_POINT ( 'NONE',  ( -244.3723274843503930, -21.76143341828073829, -565.1311420861529768 ) ) ;
#984 = ORIENTED_EDGE ( 'NONE', *, *, #2067, .F. ) ;
#985 = ORIENTED_EDGE ( 'NONE', *, *, #3266, .T. ) ;
#986 = CARTESIAN_POINT ( 'NONE',  ( -242.9740840493508358, 21.98792370224588666, -34.65332335129701136 ) ) ;
#987 = LINE ( 'NONE', #2296, #690 ) ;
#988 = LINE ( 'NONE', #1508, #3293 ) ;
#989 = VERTEX_POINT ( 'NONE', #2479 ) ;
#990 = EDGE_LOOP ( 'NONE', ( #353, #2379, #2612, #655, #3283, #3027, #552, #451 ) ) ;
#991 = CC_DESIGN_PERSON_AND_ORGANIZATION_ASSIGNMENT ( #577, #2754, ( #863 ) ) ;
#992 = CARTESIAN_POINT ( 'NONE',  ( 249.4014406563789237, -16.19412149417522429, -37.43119723103573193 ) ) ;
#993 = CARTESIAN_POINT ( 'NONE',  ( -214.9999999999998863, 25.00000000000000000, -303.3000000000000682 ) ) ;
#994 = FACE_OUTER_BOUND ( 'NONE', #1023, .T. ) ;
#995 = VERTEX_POINT ( 'NONE', #1097 ) ;
#996 = DIRECTION ( 'NONE',  ( 0.000000000000000000, 0.000000000000000000, 1.000000000000000000 ) ) ;
#997 = CARTESIAN_POINT ( 'NONE',  ( 247.7443192243906083, 19.65778353193158878, -563.6436291137325725 ) ) ;
#998 = CARTESIAN_POINT ( 'NONE',  ( 8.831319514063479347E-14, 24.99999999999924682, 0.000000000000000000 ) ) ;
#999 = CARTESIAN_POINT ( 'NONE',  ( 350.0000000000000000, 14.99999999999988809, -565.5000000000000000 ) ) ;
#1000 = CARTESIAN_POINT ( 'NONE',  ( -249.5000000000000568, -14.99999999999989164, -562.5000000000000000 ) ) ;
#1001 = VERTEX_POINT ( 'NONE', #1062 ) ;
#1002 = VERTEX_POINT ( 'NONE', #1603 ) ;
#1003 = EDGE_CURVE ( 'NONE', #1487, #1385, #5, .T. ) ;
#1004 = LINE ( 'NONE', #2401, #39 ) ;
#1005 = CARTESIAN_POINT ( 'NONE',  ( -250.0000000000000000, 15.00000000000013856, -37.49999999999995026 ) ) ;
#1006 = EDGE_CURVE ( 'NONE', #3157, #1198, #2621, .T. ) ;
#1007 = ORIENTED_EDGE ( 'NONE', *, *, #332, .F. ) ;
#1008 = ORIENTED_EDGE ( 'NONE', *, *, #1017, .F. ) ;
#1009 = CARTESIAN_POINT ( 'NONE',  ( 248.5224925696640526, -18.57507229267734061, -36.84149415580453280 ) ) ;
#1010 = CARTESIAN_POINT ( 'NONE',  ( -183.9646606448249599, -21.04575189207796981, -35.46662394342764202 ) ) ;
#1011 = DIRECTION ( 'NONE',  ( 5.602705292762868653E-31, 1.000000000000000000, 3.532527805625498298E-15 ) ) ;
#1012 = CARTESIAN_POINT ( 'NONE',  ( -252.5000000000000568, -14.99999999999988098, -562.5000000000000000 ) ) ;
#1013 = VERTEX_POINT ( 'NONE', #2409 ) ;
#1014 = AXIS2_PLACEMENT_3D ( 'NONE', #1472, #2308, #2068 ) ;
#1015 = CARTESIAN_POINT ( 'NONE',  ( 246.7716045020038678, 20.56308572749122376, -35.81525571345721204 ) ) ;
#1016 = FACE_OUTER_BOUND ( 'NONE', #2070, .T. ) ;
#1017 = EDGE_CURVE ( 'NONE', #1654, #267, #2167, .T. ) ;
#1018 = EDGE_CURVE ( 'NONE', #3228, #6, #2214, .T. ) ;
#1019 = CARTESIAN_POINT ( 'NONE',  ( -248.5371126488375921, -18.57174344496441876, -36.84920212957648289 ) ) ;
#1020 = AXIS2_PLACEMENT_3D ( 'NONE', #3093, #1956, #1194 ) ;
#1021 = DIRECTION ( 'NONE',  ( -1.000000000000000000, 0.000000000000000000, 6.780942318374154600E-23 ) ) ;
#1022 = ORIENTED_EDGE ( 'NONE', *, *, #592, .F. ) ;
#1023 = EDGE_LOOP ( 'NONE', ( #1149, #1174, #1596, #472 ) ) ;
#1024 = VECTOR ( 'NONE', #2642, 1000.000000000000000 ) ;
#1025 = CARTESIAN_POINT ( 'NONE',  ( -249.1166520847367565, 17.33111287727454908, -37.23456492393242456 ) ) ;
#1026 = AXIS2_PLACEMENT_3D ( 'NONE', #360, #1159, #2249 ) ;
#1027 = CARTESIAN_POINT ( 'NONE',  ( -252.5000000000000568, -14.99999999999988276, -599.9999999999998863 ) ) ;
#1028 = ORIENTED_EDGE ( 'NONE', *, *, #1263, .F. ) ;
#1029 = VECTOR ( 'NONE', #2419, 1000.000000000000000 ) ;
#1030 = CIRCLE ( 'NONE', #2971, 3.300000000000025135 ) ;
#1031 = DIRECTION ( 'NONE',  ( 0.000000000000000000, 0.000000000000000000, 1.000000000000000000 ) ) ;
#1032 = EDGE_CURVE ( 'NONE', #1958, #2957, #2276, .T. ) ;
#1033 = FACE_BOUND ( 'NONE', #2892, .T. ) ;
#1034 = CARTESIAN_POINT ( 'NONE',  ( 350.0000000000000000, 15.00000000000010303, -627.5000000000001137 ) ) ;
#1035 = ORIENTED_EDGE ( 'NONE', *, *, #2282, .T. ) ;
#1036 = FACE_OUTER_BOUND ( 'NONE', #2117, .T. ) ;
#1037 = CARTESIAN_POINT ( 'NONE',  ( 350.0000000000000000, -22.00000000000010658, -572.5000000000001137 ) ) ;
#1038 = APPROVAL ( #1834, 'UNSPECIFIED' ) ;
#1039 = CARTESIAN_POINT ( 'NONE',  ( -248.7568437014962797, -18.17226971659756884, -36.99368742398683452 ) ) ;
#1040 = CARTESIAN_POINT ( 'NONE',  ( -248.0273725665442157, -19.31819862575371261, -563.4715110718460664 ) ) ;
#1041 = ORIENTED_EDGE ( 'NONE', *, *, #2203, .T. ) ;
#1042 = ORIENTED_EDGE ( 'NONE', *, *, #2323, .F. ) ;
#1043 = COORDINATED_UNIVERSAL_TIME_OFFSET ( 8, 0, .AHEAD. ) ;
#1044 = LINE ( 'NONE', #28, #1515 ) ;
#1045 = ORIENTED_EDGE ( 'NONE', *, *, #2472, .F. ) ;
#1046 = DIRECTION ( 'NONE',  ( -0.000000000000000000, 1.000000000000000000, -0.000000000000000000 ) ) ;
#1047 = DIRECTION ( 'NONE',  ( -0.000000000000000000, 1.000000000000000000, -0.000000000000000000 ) ) ;
#1048 = CARTESIAN_POINT ( 'NONE',  ( 181.4775074303357769, -18.57507229267708837, -563.1585058441953606 ) ) ;
#1049 = ORIENTED_EDGE ( 'NONE', *, *, #3370, .F. ) ;
#1050 = EDGE_CURVE ( 'NONE', #1385, #630, #2259, .T. ) ;
#1051 = DIRECTION ( 'NONE',  ( -7.690840992182485042E-23, -4.235164736271500755E-22, 1.000000000000000000 ) ) ;
#1052 = FACE_BOUND ( 'NONE', #1474, .T. ) ;
#1053 = CARTESIAN_POINT ( 'NONE',  ( 248.5224925696641378, 18.57507229267713811, -563.1585058441952469 ) ) ;
#1054 = LINE ( 'NONE', #2916, #367 ) ;
#1055 = DIRECTION ( 'NONE',  ( -3.532527189601535655E-15, -1.000000000000000000, 0.000000000000000000 ) ) ;
#1056 = ORIENTED_EDGE ( 'NONE', *, *, #2964, .T. ) ;
#1057 = EDGE_LOOP ( 'NONE', ( #2399, #715, #2771, #3287 ) ) ;
#1058 = EDGE_LOOP ( 'NONE', ( #1833, #2198, #1604, #2015 ) ) ;
#1059 = EDGE_CURVE ( 'NONE', #12, #2691, #636, .T. ) ;
#1060 = CARTESIAN_POINT ( 'NONE',  ( -214.9999999999998863, 24.99999999999999289, -603.2999999999999545 ) ) ;
#1061 = DIRECTION ( 'NONE',  ( -1.000000000000000000, -0.000000000000000000, -0.000000000000000000 ) ) ;
#1062 = CARTESIAN_POINT ( 'NONE',  ( -350.0000000000000000, 21.99999999999991473, -572.4999999999998863 ) ) ;
#1063 = ORIENTED_EDGE ( 'NONE', *, *, #154, .F. ) ;
#1064 = DIRECTION ( 'NONE',  ( 0.000000000000000000, 0.000000000000000000, 1.000000000000000000 ) ) ;
#1065 = CARTESIAN_POINT ( 'NONE',  ( -249.1180191725540567, -17.32663071661625054, -37.23551157195684880 ) ) ;
#1066 = DIRECTION ( 'NONE',  ( 1.000000000000000000, 0.000000000000000000, 0.000000000000000000 ) ) ;
#1067 = EDGE_CURVE ( 'NONE', #120, #2310, #675, .T. ) ;
#1068 = VECTOR ( 'NONE', #3041, 1000.000000000000000 ) ;
#1069 = VERTEX_POINT ( 'NONE', #3305 ) ;
#1070 = VERTEX_POINT ( 'NONE', #2297 ) ;
#1071 = DIRECTION ( 'NONE',  ( 3.532527189601535655E-15, 1.000000000000000000, 0.000000000000000000 ) ) ;
#1072 = AXIS2_PLACEMENT_3D ( 'NONE', #2961, #68, #2678 ) ;
#1073 = VERTEX_POINT ( 'NONE', #909 ) ;
#1074 = EDGE_CURVE ( 'NONE', #953, #1608, #384, .T. ) ;
#1075 = CARTESIAN_POINT ( 'NONE',  ( -180.8833479152631298, -17.33111287727459526, -37.23456492393237482 ) ) ;
#1076 = CARTESIAN_POINT ( 'NONE',  ( 350.0000000000002274, -15.00000000000014388, -562.5000000000002274 ) ) ;
#1077 = CARTESIAN_POINT ( 'NONE',  ( -182.8873915117707440, 20.28409637421219358, -564.0024369250062364 ) ) ;
#1078 = ORIENTED_EDGE ( 'NONE', *, *, #1305, .T. ) ;
#1079 = AXIS2_PLACEMENT_3D ( 'NONE', #1634, #2202, #3284 ) ;
#1080 = VECTOR ( 'NONE', #1768, 1000.000000000000000 ) ;
#1081 = CARTESIAN_POINT ( 'NONE',  ( 250.0000000000000000, -24.99999999999991118, -27.50000000000008171 ) ) ;
#1082 = CIRCLE ( 'NONE', #919, 3.299999999999969624 ) ;
#1083 = DIRECTION ( 'NONE',  ( 0.000000000000000000, -1.000000000000000000, -3.700743415417186364E-15 ) ) ;
#1084 = DIRECTION ( 'NONE',  ( -6.780942318374154600E-23, -4.235164736271500755E-22, 1.000000000000000000 ) ) ;
#1085 = AXIS2_PLACEMENT_3D ( 'NONE', #224, #1278, #2373 ) ;
#1086 = CARTESIAN_POINT ( 'NONE',  ( 350.0000000000000000, -14.99999999999987743, -637.5000000000002274 ) ) ;
#1087 = CARTESIAN_POINT ( 'NONE',  ( 350.0000000000000000, -25.00000000000010658, -572.5000000000002274 ) ) ;
#1088 = VECTOR ( 'NONE', #3053, 1000.000000000000000 ) ;
#1089 = ORIENTED_EDGE ( 'NONE', *, *, #1496, .F. ) ;
#1090 = VERTEX_POINT ( 'NONE', #1688 ) ;
#1091 = EDGE_CURVE ( 'NONE', #1958, #989, #2493, .T. ) ;
#1092 = PERSON_AND_ORGANIZATION ( #3055, #2162 ) ;
#1093 = PLANE ( 'NONE',  #30 ) ;
#1094 = EDGE_CURVE ( 'NONE', #2462, #3214, #2833, .T. ) ;
#1095 = LINE ( 'NONE', #1906, #702 ) ;
#1096 = DIRECTION ( 'NONE',  ( -1.000000000000000000, -0.000000000000000000, -0.000000000000000000 ) ) ;
#1097 = CARTESIAN_POINT ( 'NONE',  ( 187.5000000000000284, 21.99999999999988631, -34.64142842854295168 ) ) ;
#1098 = ORIENTED_EDGE ( 'NONE', *, *, #1185, .T. ) ;
#1099 = CYLINDRICAL_SURFACE ( 'NONE', #2099, 3.300000000000025135 ) ;
#1100 = CARTESIAN_POINT ( 'NONE',  ( -187.5000000000000284, -15.00000000000010836, -600.0000000000000000 ) ) ;
#1101 = DIRECTION ( 'NONE',  ( -1.000000000000000000, -0.000000000000000000, -0.000000000000000000 ) ) ;
#1102 = CARTESIAN_POINT ( 'NONE',  ( 250.0000000000000000, 15.00000000000010303, -27.49999999999994316 ) ) ;
#1103 = ADVANCED_FACE ( 'NONE', ( #1653 ), #401, .F. ) ;
#1104 = CARTESIAN_POINT ( 'NONE',  ( 182.8851386557515184, 20.28183222771067307, -564.0011513392894358 ) ) ;
#1105 = CARTESIAN_POINT ( 'NONE',  ( -214.9999999999998863, 22.00000000000000000, -296.7000000000000455 ) ) ;
#1106 = VERTEX_POINT ( 'NONE', #1135 ) ;
#1107 = ORIENTED_EDGE ( 'NONE', *, *, #1182, .F. ) ;
#1108 = APPROVAL_DATE_TIME ( #1144, #131 ) ;
#1109 = CYLINDRICAL_SURFACE ( 'NONE', #417, 10.00000000000000888 ) ;
#1110 = FACE_OUTER_BOUND ( 'NONE', #2655, .T. ) ;
#1111 = ADVANCED_FACE ( 'NONE', ( #2224 ), #352, .F. ) ;
#1112 = ORIENTED_EDGE ( 'NONE', *, *, #2217, .T. ) ;
#1113 = CARTESIAN_POINT ( 'NONE',  ( -242.5000000000000568, 25.00000000000011013, -27.49999999999991473 ) ) ;
#1114 = CARTESIAN_POINT ( 'NONE',  ( -252.5000000000000568, -14.99999999999988098, -562.5000000000000000 ) ) ;
#1115 = EDGE_CURVE ( 'NONE', #1106, #1409, #1980, .T. ) ;
#1116 = CARTESIAN_POINT ( 'NONE',  ( -180.5985593436209058, 16.19412149417498981, -562.5688027689644741 ) ) ;
#1117 = EDGE_LOOP ( 'NONE', ( #2518, #2851, #49, #2800 ) ) ;
#1118 = CYLINDRICAL_SURFACE ( 'NONE', #1821, 10.00000000000000888 ) ;
#1119 = CARTESIAN_POINT ( 'NONE',  ( 350.0000000000000000, -24.99999999999991829, -627.5000000000001137 ) ) ;
#1120 = LINE ( 'NONE', #3275, #525 ) ;
#1121 = CARTESIAN_POINT ( 'NONE',  ( 180.5000000000000000, 14.99999999999988098, -562.5000000000000000 ) ) ;
#1122 = LINE ( 'NONE', #1415, #585 ) ;
#1123 = EDGE_CURVE ( 'NONE', #2775, #361, #2818, .T. ) ;
#1124 = EDGE_CURVE ( 'NONE', #275, #953, #1944, .T. ) ;
#1125 = EDGE_CURVE ( 'NONE', #3315, #3131, #618, .T. ) ;
#1126 = VERTEX_POINT ( 'NONE', #104 ) ;
#1127 = ORIENTED_EDGE ( 'NONE', *, *, #1125, .T. ) ;
#1128 =( BOUNDED_CURVE ( )  B_SPLINE_CURVE ( 3, ( #1951, #2807, #1675, #3056 ),
 .UNSPECIFIED., .F., .F. ) 
 B_SPLINE_CURVE_WITH_KNOTS ( ( 4, 4 ),
 ( 4.791541927135542827E-21, 1.570796326794896558 ),
 .UNSPECIFIED. ) 
 CURVE ( )  GEOMETRIC_REPRESENTATION_ITEM ( )  RATIONAL_B_SPLINE_CURVE ( ( 1.000000000000000000, 0.8047378541243649375, 0.8047378541243649375, 1.000000000000000000 ) ) 
 REPRESENTATION_ITEM ( '' )  );
#1129 = VECTOR ( 'NONE', #3327, 1000.000000000000000 ) ;
#1130 = ORIENTED_EDGE ( 'NONE', *, *, #3171, .T. ) ;
#1131 = VECTOR ( 'NONE', #2121, 1000.000000000000000 ) ;
#1132 = PLANE ( 'NONE',  #2692 ) ;
#1133 = VECTOR ( 'NONE', #1203, 1000.000000000000000 ) ;
#1134 = DIRECTION ( 'NONE',  ( -1.000000000000000000, 0.000000000000000000, 1.586033343532058634E-16 ) ) ;
#1135 = CARTESIAN_POINT ( 'NONE',  ( 250.0000000000000000, -15.00000000000013856, 37.49999999999995026 ) ) ;
#1136 = ORIENTED_EDGE ( 'NONE', *, *, #1380, .F. ) ;
#1137 = EDGE_LOOP ( 'NONE', ( #144, #619, #2256, #3122 ) ) ;
#1138 = DIRECTION ( 'NONE',  ( 1.000000000000000000, 0.000000000000000000, 0.000000000000000000 ) ) ;
#1139 = DIRECTION ( 'NONE',  ( -3.700744544794450685E-15, -1.000000000000000000, -3.700742850728556176E-15 ) ) ;
#1140 = AXIS2_PLACEMENT_3D ( 'NONE', #1595, #866, #3025 ) ;
#1141 = CARTESIAN_POINT ( 'NONE',  ( 186.5485893526344228, 21.95092615166921490, -565.3096212797398721 ) ) ;
#1142 = VECTOR ( 'NONE', #3108, 1000.000000000000000 ) ;
#1143 = ORIENTED_EDGE ( 'NONE', *, *, #1710, .T. ) ;
#1144 = DATE_AND_TIME ( #63, #2573 ) ;
#1145 = DIRECTION ( 'NONE',  ( 0.000000000000000000, 0.000000000000000000, 1.000000000000000000 ) ) ;
#1146 = VECTOR ( 'NONE', #285, 1000.000000000000000 ) ;
#1147 = CARTESIAN_POINT ( 'NONE',  ( -244.1413944448472364, 21.80888856002910714, -565.1758436182873311 ) ) ;
#1148 = EDGE_LOOP ( 'NONE', ( #3263, #2361, #2900, #2251 ) ) ;
#1149 = ORIENTED_EDGE ( 'NONE', *, *, #2756, .T. ) ;
#1150 = EDGE_CURVE ( 'NONE', #2619, #2186, #1745, .T. ) ;
#1151 = CARTESIAN_POINT ( 'NONE',  ( -180.5491285263179293, -15.95210075985698595, -562.5345633209017251 ) ) ;
#1152 = CARTESIAN_POINT ( 'NONE',  ( 250.0000000000001137, -22.00000000000164846, -34.64142842854111848 ) ) ;
#1153 = ORIENTED_EDGE ( 'NONE', *, *, #1741, .F. ) ;
#1154 = ORIENTED_EDGE ( 'NONE', *, *, #2383, .T. ) ;
#1155 = CARTESIAN_POINT ( 'NONE',  ( -249.4999999999999147, 14.99999999999987921, -562.5000000000000000 ) ) ;
#1156 = DIRECTION ( 'NONE',  ( 0.000000000000000000, 0.000000000000000000, 1.000000000000000000 ) ) ;
#1157 = EDGE_CURVE ( 'NONE', #1449, #1677, #2535, .T. ) ;
#1158 = CARTESIAN_POINT ( 'NONE',  ( 181.9698646533180408, 19.31493225683263404, -563.4698371414941676 ) ) ;
#1159 = DIRECTION ( 'NONE',  ( -0.000000000000000000, 1.000000000000000000, -0.000000000000000000 ) ) ;
#1160 = ORIENTED_EDGE ( 'NONE', *, *, #724, .F. ) ;
#1161 = CARTESIAN_POINT ( 'NONE',  ( 250.0000000000000000, -14.99999999999988809, -34.50000000000004974 ) ) ;
#1162 = CARTESIAN_POINT ( 'NONE',  ( 252.5000000000000568, 14.99999999999987921, -599.9999999999998863 ) ) ;
#1163 = CARTESIAN_POINT ( 'NONE',  ( 350.0000000000001137, 14.99999999999991651, -572.5000000000001137 ) ) ;
#1164 = CARTESIAN_POINT ( 'NONE',  ( -248.0301353466819876, 19.31493225683247772, -563.4698371414941676 ) ) ;
#1165 = ORIENTED_EDGE ( 'NONE', *, *, #7, .F. ) ;
#1166 = CARTESIAN_POINT ( 'NONE',  ( -180.5000000000000000, -15.48150225914676881, -562.5000000000001137 ) ) ;
#1167 = DIRECTION ( 'NONE',  ( 0.000000000000000000, 0.000000000000000000, 1.000000000000000000 ) ) ;
#1168 = EDGE_CURVE ( 'NONE', #878, #2634, #148, .T. ) ;
#1169 = VERTEX_POINT ( 'NONE', #2051 ) ;
#1170 = DIRECTION ( 'NONE',  ( -7.690840992182485042E-23, -4.235164736271500755E-22, 1.000000000000000000 ) ) ;
#1171 = DIRECTION ( 'NONE',  ( 0.000000000000000000, 0.000000000000000000, 1.000000000000000000 ) ) ;
#1172 = DIRECTION ( 'NONE',  ( 0.000000000000000000, 0.000000000000000000, 1.000000000000000000 ) ) ;
#1173 = CARTESIAN_POINT ( 'NONE',  ( 249.5000000000000000, 15.48150225914672795, -37.49999999999985789 ) ) ;
#1174 = ORIENTED_EDGE ( 'NONE', *, *, #3186, .T. ) ;
#1175 = EDGE_CURVE ( 'NONE', #348, #1277, #3145, .T. ) ;
#1176 = DIRECTION ( 'NONE',  ( -1.000000000000000000, -0.000000000000000000, -0.000000000000000000 ) ) ;
#1177 = CARTESIAN_POINT ( 'NONE',  ( 181.6421356237310363, 25.00000000000012079, -33.35786437626904899 ) ) ;
#1178 = EDGE_LOOP ( 'NONE', ( #2143, #2349, #2191, #759 ) ) ;
#1179 = ORIENTED_EDGE ( 'NONE', *, *, #2823, .T. ) ;
#1180 = VECTOR ( 'NONE', #1134, 1000.000000000000000 ) ;
#1181 = AXIS2_PLACEMENT_3D ( 'NONE', #937, #780, #1736 ) ;
#1182 = EDGE_CURVE ( 'NONE', #3092, #2011, #1473, .T. ) ;
#1183 = ORIENTED_EDGE ( 'NONE', *, *, #1674, .T. ) ;
#1184 = ORIENTED_EDGE ( 'NONE', *, *, #1276, .F. ) ;
#1185 = EDGE_CURVE ( 'NONE', #1214, #2186, #988, .T. ) ;
#1186 = CARTESIAN_POINT ( 'NONE',  ( 247.1126084882291138, -20.28409637421240319, -35.99756307499360730 ) ) ;
#1187 = DIRECTION ( 'NONE',  ( 0.000000000000000000, 0.000000000000000000, 1.000000000000000000 ) ) ;
#1188 = DIRECTION ( 'NONE',  ( -1.586031892476318211E-16, 3.700742850728556176E-15, -1.000000000000000000 ) ) ;
#1189 = DIRECTION ( 'NONE',  ( 0.000000000000000000, -1.000000000000000000, -3.700743415417186364E-15 ) ) ;
#1190 = B_SPLINE_CURVE_WITH_KNOTS ( 'NONE', 3,
 ( #500, #241, #3110, #1212, #2413, #1719, #518, #1555, #3364, #2561, #3445, #142, #1843, #997, #682, #9, #1053, #2292, #2683, #3170, #741, #2949, #2009, #2843, #2667, #3096 ),
 .UNSPECIFIED., .F., .F.,
 ( 4, 2, 2, 2, 2, 2, 2, 2, 2, 2, 2, 2, 4 ),
 ( 0.01137023585102426432, 0.01208014783211138962, 0.01279005981319851493, 0.01420988377537284533, 0.01491979575646009554, 0.01562970773754734921, 0.01704953169972179411, 0.01846935566189623901, 0.01917926764298347880, 0.01988917962407071860, 0.02130900358624532656, 0.02201891556733266350, 0.02272882754841999697 ),
 .UNSPECIFIED. ) ;
#1191 = EDGE_LOOP ( 'NONE', ( #716, #3441, #894, #1814 ) ) ;
#1192 = CIRCLE ( 'NONE', #809, 3.299999999999969624 ) ;
#1193 = CIRCLE ( 'NONE', #1527, 6.999999999999999112 ) ;
#1194 = DIRECTION ( 'NONE',  ( 0.000000000000000000, 0.000000000000000000, -1.000000000000000000 ) ) ;
#1195 = CARTESIAN_POINT ( 'NONE',  ( -181.4628873511626068, 18.57174344496479534, -36.84920212957639762 ) ) ;
#1196 = VECTOR ( 'NONE', #3173, 1000.000000000000000 ) ;
#1197 = FACE_BOUND ( 'NONE', #2745, .T. ) ;
#1198 = VERTEX_POINT ( 'NONE', #1773 ) ;
#1199 = ORIENTED_EDGE ( 'NONE', *, *, #1490, .F. ) ;
#1200 = ADVANCED_FACE ( 'NONE', ( #454 ), #1760, .T. ) ;
#1201 = VECTOR ( 'NONE', #2677, 1000.000000000000000 ) ;
#1202 = CARTESIAN_POINT ( 'NONE',  ( -214.9999999999998863, 22.00000000000000000, -303.3000000000000114 ) ) ;
#1203 = DIRECTION ( 'NONE',  ( -0.000000000000000000, 3.532527805625498298E-15, -1.000000000000000000 ) ) ;
#1204 = VERTEX_POINT ( 'NONE', #2348 ) ;
#1205 = ORIENTED_EDGE ( 'NONE', *, *, #824, .F. ) ;
#1206 = FACE_BOUND ( 'NONE', #3031, .T. ) ;
#1207 = CARTESIAN_POINT ( 'NONE',  ( 187.4999999999998863, -21.99999999999991473, -599.9999999999998863 ) ) ;
#1208 = PLANE ( 'NONE',  #537 ) ;
#1209 = ORIENTED_EDGE ( 'NONE', *, *, #1463, .F. ) ;
#1210 = DIRECTION ( 'NONE',  ( -6.780942318374154600E-23, -4.235164736271500755E-22, 1.000000000000000000 ) ) ;
#1211 = LINE ( 'NONE', #127, #1868 ) ;
#1212 = CARTESIAN_POINT ( 'NONE',  ( 243.4442342979185696, 21.94004718607087057, -565.3002182191590919 ) ) ;
#1213 = VERTEX_POINT ( 'NONE', #3398 ) ;
#1214 = VERTEX_POINT ( 'NONE', #687 ) ;
#1215 = EDGE_CURVE ( 'NONE', #1001, #3214, #528, .T. ) ;
#1216 = DIRECTION ( 'NONE',  ( -0.000000000000000000, 1.000000000000000000, -0.000000000000000000 ) ) ;
#1217 = DIRECTION ( 'NONE',  ( 1.000000000000000000, 0.000000000000000000, 0.000000000000000000 ) ) ;
#1218 = ORIENTED_EDGE ( 'NONE', *, *, #1900, .T. ) ;
#1219 = EDGE_CURVE ( 'NONE', #1631, #1391, #1232, .T. ) ;
#1220 = DIRECTION ( 'NONE',  ( -0.000000000000000000, 1.000000000000000000, -0.000000000000000000 ) ) ;
#1221 = CARTESIAN_POINT ( 'NONE',  ( 187.2622880332072555, 22.00000000000011369, -34.64142842854288062 ) ) ;
#1222 = LINE ( 'NONE', #1550, #1697 ) ;
#1223 = CARTESIAN_POINT ( 'NONE',  ( 242.4999999999998863, -22.00000000000011013, -34.64142842854261772 ) ) ;
#1224 = ORIENTED_EDGE ( 'NONE', *, *, #1006, .T. ) ;
#1225 = CARTESIAN_POINT ( 'NONE',  ( 242.9791971790930063, 21.98765309850407235, -34.65359085110360837 ) ) ;
#1226 = PLANE ( 'NONE',  #80 ) ;
#1227 = DIRECTION ( 'NONE',  ( 1.000000000000000000, -0.000000000000000000, -1.586033343532058634E-16 ) ) ;
#1228 = CARTESIAN_POINT ( 'NONE',  ( 177.5000000000000568, 15.00000000000013856, -37.49999999999992184 ) ) ;
#1229 = ORIENTED_EDGE ( 'NONE', *, *, #1305, .F. ) ;
#1230 = VERTEX_POINT ( 'NONE', #733 ) ;
#1231 = DIRECTION ( 'NONE',  ( -0.000000000000000000, 1.000000000000000000, -0.000000000000000000 ) ) ;
#1232 = LINE ( 'NONE', #3160, #1405 ) ;
#1233 = ORIENTED_EDGE ( 'NONE', *, *, #587, .F. ) ;
#1234 = PLANE ( 'NONE',  #359 ) ;
#1235 = FACE_OUTER_BOUND ( 'NONE', #2844, .T. ) ;
#1236 = VECTOR ( 'NONE', #132, 1000.000000000000000 ) ;
#1237 = CARTESIAN_POINT ( 'NONE',  ( 215.0000000000000568, 21.99999999999850786, -300.0000000000000568 ) ) ;
#1238 = ORIENTED_EDGE ( 'NONE', *, *, #2743, .F. ) ;
#1239 = EDGE_CURVE ( 'NONE', #3307, #2064, #216, .T. ) ;
#1240 = CIRCLE ( 'NONE', #2617, 7.000000000000006217 ) ;
#1241 = VECTOR ( 'NONE', #600, 1000.000000000000000 ) ;
#1242 = DIRECTION ( 'NONE',  ( -0.000000000000000000, 1.000000000000000000, -0.000000000000000000 ) ) ;
#1243 = VECTOR ( 'NONE', #1456, 1000.000000000000000 ) ;
#1244 = CARTESIAN_POINT ( 'NONE',  ( -249.4999999999999147, 15.00000000000012434, -37.49999999999992184 ) ) ;
#1245 = CARTESIAN_POINT ( 'NONE',  ( 215.0000000000000568, 24.99999999999850786, -303.3000000000000114 ) ) ;
#1246 = EDGE_LOOP ( 'NONE', ( #2022, #192, #1349, #2475 ) ) ;
#1247 = AXIS2_PLACEMENT_3D ( 'NONE', #1646, #2751, #2486 ) ;
#1248 = ORIENTED_EDGE ( 'NONE', *, *, #1630, .F. ) ;
#1249 = DIRECTION ( 'NONE',  ( 0.000000000000000000, 0.000000000000000000, 1.000000000000000000 ) ) ;
#1250 = VECTOR ( 'NONE', #2647, 1000.000000000000000 ) ;
#1251 = DIRECTION ( 'NONE',  ( 0.000000000000000000, 0.000000000000000000, 1.000000000000000000 ) ) ;
#1252 = DIRECTION ( 'NONE',  ( -0.000000000000000000, 1.000000000000000000, -0.000000000000000000 ) ) ;
#1253 = VERTEX_POINT ( 'NONE', #3383 ) ;
#1254 = VECTOR ( 'NONE', #1844, 1000.000000000000000 ) ;
#1255 = VERTEX_POINT ( 'NONE', #2868 ) ;
#1256 = LINE ( 'NONE', #2852, #1243 ) ;
#1257 = DIRECTION ( 'NONE',  ( 1.000000000000000000, 0.000000000000000000, 0.000000000000000000 ) ) ;
#1258 = VECTOR ( 'NONE', #2443, 1000.000000000000000 ) ;
#1259 = CARTESIAN_POINT ( 'NONE',  ( 250.0000000000000000, -25.00000000000010658, 27.49999999999991118 ) ) ;
#1260 = ORIENTED_EDGE ( 'NONE', *, *, #2106, .T. ) ;
#1261 = CARTESIAN_POINT ( 'NONE',  ( 250.0000000000001137, -14.99999999999988276, -37.49999999999997868 ) ) ;
#1262 = CARTESIAN_POINT ( 'NONE',  ( 350.0000000000000000, 14.99999999999988809, -565.5000000000000000 ) ) ;
#1263 = EDGE_CURVE ( 'NONE', #1650, #2734, #1861, .T. ) ;
#1264 = CARTESIAN_POINT ( 'NONE',  ( 180.5000000000000000, 14.99999999999988098, -562.5000000000000000 ) ) ;
#1265 = FACE_BOUND ( 'NONE', #3097, .T. ) ;
#1266 = CARTESIAN_POINT ( 'NONE',  ( -249.4014406563791511, -16.19412149417502889, -562.5688027689642468 ) ) ;
#1267 = ORIENTED_EDGE ( 'NONE', *, *, #2951, .T. ) ;
#1268 = DIRECTION ( 'NONE',  ( -0.000000000000000000, 1.000000000000000000, -0.000000000000000000 ) ) ;
#1269 = CARTESIAN_POINT ( 'NONE',  ( -214.9999999999998863, 24.99999999999999289, -1.110223024625156540E-13 ) ) ;
#1270 = VERTEX_POINT ( 'NONE', #972 ) ;
#1271 = ORIENTED_EDGE ( 'NONE', *, *, #1633, .T. ) ;
#1272 = EDGE_CURVE ( 'NONE', #3380, #337, #964, .T. ) ;
#1273 = CARTESIAN_POINT ( 'NONE',  ( 249.4999999999999432, -15.00000000000013145, -37.49999999999997868 ) ) ;
#1274 = LINE ( 'NONE', #2659, #1534 ) ;
#1275 = CARTESIAN_POINT ( 'NONE',  ( -187.4999999999998863, 24.99999999999991473, -600.0000000000000000 ) ) ;
#1276 = EDGE_CURVE ( 'NONE', #1277, #1941, #2272, .T. ) ;
#1277 = VERTEX_POINT ( 'NONE', #1971 ) ;
#1278 = DIRECTION ( 'NONE',  ( 1.000000000000000000, 0.000000000000000000, 0.000000000000000000 ) ) ;
#1279 = CARTESIAN_POINT ( 'NONE',  ( 247.7437491349171239, 19.65810827845809428, -36.35609410289812615 ) ) ;
#1280 = CARTESIAN_POINT ( 'NONE',  ( 350.0000000000000000, -15.00000000000013856, -562.5000000000001137 ) ) ;
#1281 = DIRECTION ( 'NONE',  ( -1.000000000000000000, -0.000000000000000000, -0.000000000000000000 ) ) ;
#1282 = CARTESIAN_POINT ( 'NONE',  ( -252.4999999999999432, 15.00000000000013856, -37.49999999999986500 ) ) ;
#1283 = CARTESIAN_POINT ( 'NONE',  ( -247.1126084882291423, -20.28409637421222200, -564.0024369250064638 ) ) ;
#1284 = EDGE_LOOP ( 'NONE', ( #1909, #218, #468, #1885 ) ) ;
#1285 = EDGE_LOOP ( 'NONE', ( #1770, #1136, #76, #2160, #193, #2378, #1007, #129 ) ) ;
#1286 = ADVANCED_FACE ( 'NONE', ( #697 ), #2810, .F. ) ;
#1287 = LINE ( 'NONE', #1318, #1029 ) ;
#1288 = CARTESIAN_POINT ( 'NONE',  ( 187.4999999999998863, -25.00000000000011013, -572.5000000000003411 ) ) ;
#1289 = CARTESIAN_POINT ( 'NONE',  ( -186.3208577706737117, -21.90400402829007120, -34.73456913599083151 ) ) ;
#1290 = DIRECTION ( 'NONE',  ( 0.000000000000000000, 0.000000000000000000, 1.000000000000000000 ) ) ;
#1291 = ORIENTED_EDGE ( 'NONE', *, *, #1830, .F. ) ;
#1292 = CARTESIAN_POINT ( 'NONE',  ( -177.4999999999999147, 14.99999999999974243, -562.5000000000000000 ) ) ;
#1293 = CARTESIAN_POINT ( 'NONE',  ( 8.831319514063479347E-14, 24.99999999999924682, -600.0000000000000000 ) ) ;
#1294 = AXIS2_PLACEMENT_3D ( 'NONE', #422, #1740, #453 ) ;
#1295 = FACE_BOUND ( 'NONE', #2441, .T. ) ;
#1296 = CARTESIAN_POINT ( 'NONE',  ( -244.3687313355741253, -21.74991921826008223, -34.87883541365688700 ) ) ;
#1297 = LINE ( 'NONE', #1832, #362 ) ;
#1298 = ORIENTED_EDGE ( 'NONE', *, *, #2093, .F. ) ;
#1299 = ORIENTED_EDGE ( 'NONE', *, *, #1059, .F. ) ;
#1300 = CARTESIAN_POINT ( 'NONE',  ( 177.4999999999999147, -14.99999999999988276, -562.5000000000002274 ) ) ;
#1301 = ADVANCED_FACE ( 'NONE', ( #2004 ), #1399, .F. ) ;
#1302 = VECTOR ( 'NONE', #1516, 1000.000000000000000 ) ;
#1303 = LINE ( 'NONE', #2958, #3035 ) ;
#1304 = CARTESIAN_POINT ( 'NONE',  ( 177.4999999999999147, -14.99999999999988276, -37.50000000000008527 ) ) ;
#1305 = EDGE_CURVE ( 'NONE', #878, #1751, #2508, .T. ) ;
#1306 = CIRCLE ( 'NONE', #47, 3.299999999999997158 ) ;
#1307 = CARTESIAN_POINT ( 'NONE',  ( -186.3208577706735412, 21.90400402828985804, -565.2654308640092040 ) ) ;
#1308 = ORIENTED_EDGE ( 'NONE', *, *, #3121, .F. ) ;
#1309 = AXIS2_PLACEMENT_3D ( 'NONE', #1377, #2777, #549 ) ;
#1310 = DIRECTION ( 'NONE',  ( -6.780942318374154600E-23, -4.235164736271500755E-22, 1.000000000000000000 ) ) ;
#1311 = LINE ( 'NONE', #2208, #3461 ) ;
#1312 = DIRECTION ( 'NONE',  ( -1.000000000000000000, 0.000000000000000000, 7.690840992182485042E-23 ) ) ;
#1313 = CARTESIAN_POINT ( 'NONE',  ( 242.5000000000000568, 21.99999999999991829, -34.64142842854289484 ) ) ;
#1314 = LINE ( 'NONE', #2340, #2395 ) ;
#1315 = EDGE_CURVE ( 'NONE', #1631, #2870, #949, .T. ) ;
#1316 = VERTEX_POINT ( 'NONE', #2253 ) ;
#1317 = ORIENTED_EDGE ( 'NONE', *, *, #391, .F. ) ;
#1318 = CARTESIAN_POINT ( 'NONE',  ( -350.0000000000000000, -14.99999999999987743, -637.5000000000001137 ) ) ;
#1319 = CARTESIAN_POINT ( 'NONE',  ( 181.6421356237309226, -25.00000000000003908, -566.6421356237310647 ) ) ;
#1320 = ORIENTED_EDGE ( 'NONE', *, *, #3422, .T. ) ;
#1321 = CARTESIAN_POINT ( 'NONE',  ( -214.9999999999998863, 21.99999999999999289, -603.2999999999999545 ) ) ;
#1322 = DIRECTION ( 'NONE',  ( -5.602705292762868653E-31, -1.000000000000000000, -3.532527805625498298E-15 ) ) ;
#1323 = CARTESIAN_POINT ( 'NONE',  ( 187.4999999999998863, -22.00000000000048672, -565.3585715714577873 ) ) ;
#1324 = ORIENTED_EDGE ( 'NONE', *, *, #3279, .F. ) ;
#1325 = EDGE_CURVE ( 'NONE', #2064, #2016, #2564, .T. ) ;
#1326 = CARTESIAN_POINT ( 'NONE',  ( 250.0000000000000000, 14.99999999999987743, 37.50000000000006395 ) ) ;
#1327 = CYLINDRICAL_SURFACE ( 'NONE', #2338, 9.999999999999980460 ) ;
#1328 = CARTESIAN_POINT ( 'NONE',  ( -248.3578643762689921, 25.00000000000009237, -33.35786437626901346 ) ) ;
#1329 = EDGE_LOOP ( 'NONE', ( #2761, #2658, #3298, #1812 ) ) ;
#1330 = EDGE_LOOP ( 'NONE', ( #1787, #162, #2919, #559 ) ) ;
#1331 = EDGE_CURVE ( 'NONE', #2634, #738, #650, .T. ) ;
#1332 = CARTESIAN_POINT ( 'NONE',  ( -246.0353393551750116, 21.04575189207791652, -35.46662394342781965 ) ) ;
#1333 = FACE_OUTER_BOUND ( 'NONE', #3068, .T. ) ;
#1334 = ORIENTED_EDGE ( 'NONE', *, *, #2284, .F. ) ;
#1335 = CARTESIAN_POINT ( 'NONE',  ( 250.0000000000000000, -14.99999999999991296, -27.50000000000004974 ) ) ;
#1336 = LINE ( 'NONE', #2478, #205 ) ;
#1337 = CARTESIAN_POINT ( 'NONE',  ( 180.5123982651509493, -15.48036715287434539, -562.5086903598036088 ) ) ;
#1338 = ORIENTED_EDGE ( 'NONE', *, *, #252, .F. ) ;
#1339 = ORIENTED_EDGE ( 'NONE', *, *, #1443, .F. ) ;
#1340 = CARTESIAN_POINT ( 'NONE',  ( 350.0000000000000000, 14.99999999999988809, -565.5000000000000000 ) ) ;
#1341 = DIRECTION ( 'NONE',  ( 0.000000000000000000, 1.000000000000000000, 3.700743415417186364E-15 ) ) ;
#1342 = FACE_OUTER_BOUND ( 'NONE', #1582, .T. ) ;
#1343 = LINE ( 'NONE', #606, #3179 ) ;
#1344 = ADVANCED_FACE ( 'NONE', ( #1733 ), #126, .F. ) ;
#1345 = VECTOR ( 'NONE', #2608, 1000.000000000000000 ) ;
#1346 = CARTESIAN_POINT ( 'NONE',  ( 242.5000000000000568, 21.99999999999991829, -599.9999999999998863 ) ) ;
#1347 = DIRECTION ( 'NONE',  ( 0.000000000000000000, -1.000000000000000000, -3.700742850728556176E-15 ) ) ;
#1348 = AXIS2_PLACEMENT_3D ( 'NONE', #3427, #1804, #226 ) ;
#1349 = ORIENTED_EDGE ( 'NONE', *, *, #3043, .T. ) ;
#1350 = VERTEX_POINT ( 'NONE', #920 ) ;
#1351 = AXIS2_PLACEMENT_3D ( 'NONE', #2599, #1529, #437 ) ;
#1352 = LINE ( 'NONE', #1561, #2398 ) ;
#1353 = FACE_OUTER_BOUND ( 'NONE', #1544, .T. ) ;
#1354 = ORIENTED_EDGE ( 'NONE', *, *, #2558, .T. ) ;
#1355 = AXIS2_PLACEMENT_3D ( 'NONE', #2577, #155, #1676 ) ;
#1356 = CARTESIAN_POINT ( 'NONE',  ( -250.0000000000000000, -22.00000000000010658, 27.49999999999992184 ) ) ;
#1357 = LINE ( 'NONE', #774, #1754 ) ;
#1358 = CARTESIAN_POINT ( 'NONE',  ( -187.2622880332071702, 21.99999999999992539, -565.3585715714573325 ) ) ;
#1359 = VERTEX_POINT ( 'NONE', #1989 ) ;
#1360 = CC_DESIGN_APPROVAL ( #131, ( #863 ) ) ;
#1361 = AXIS2_PLACEMENT_3D ( 'NONE', #2079, #3169, #740 ) ;
#1362 = DIRECTION ( 'NONE',  ( -0.000000000000000000, 1.000000000000000000, 3.532527805625498298E-15 ) ) ;
#1363 = VECTOR ( 'NONE', #1227, 1000.000000000000000 ) ;
#1364 = CARTESIAN_POINT ( 'NONE',  ( 242.4999999999999147, -15.00000000000010836, -600.0000000000000000 ) ) ;
#1365 = LINE ( 'NONE', #2768, #2442 ) ;
#1366 = VECTOR ( 'NONE', #1635, 1000.000000000000000 ) ;
#1367 = CARTESIAN_POINT ( 'NONE',  ( 180.5968530254594100, 16.18422622159990354, -562.5676161048885433 ) ) ;
#1368 = ADVANCED_FACE ( 'NONE', ( #411, #1716 ), #2826, .F. ) ;
#1369 = DIRECTION ( 'NONE',  ( 0.000000000000000000, 0.000000000000000000, 1.000000000000000000 ) ) ;
#1370 = CIRCLE ( 'NONE', #543, 10.00000000000000533 ) ;
#1371 = VERTEX_POINT ( 'NONE', #553 ) ;
#1372 = EDGE_LOOP ( 'NONE', ( #416, #2972, #620, #1107 ) ) ;
#1373 = PERSON_AND_ORGANIZATION ( #3055, #2162 ) ;
#1374 = EDGE_CURVE ( 'NONE', #2388, #2025, #2389, .T. ) ;
#1375 = CARTESIAN_POINT ( 'NONE',  ( -244.8087862617266808, 21.61230033638180359, -564.9975995959285910 ) ) ;
#1376 = ORIENTED_EDGE ( 'NONE', *, *, #2924, .F. ) ;
#1377 = CARTESIAN_POINT ( 'NONE',  ( 350.0000000000000000, -14.99999999999991296, -627.5000000000001137 ) ) ;
#1378 = CARTESIAN_POINT ( 'NONE',  ( 180.7428760836603772, -16.88799191860664806, -562.6687282178953637 ) ) ;
#1379 = ORIENTED_EDGE ( 'NONE', *, *, #1866, .T. ) ;
#1380 = EDGE_CURVE ( 'NONE', #2462, #2595, #2727, .T. ) ;
#1381 = DIRECTION ( 'NONE',  ( 1.586032892321652236E-16, -3.700743415417186364E-15, 1.000000000000000000 ) ) ;
#1382 = DIRECTION ( 'NONE',  ( -1.000000000000000000, -0.000000000000000000, -0.000000000000000000 ) ) ;
#1383 = CARTESIAN_POINT ( 'NONE',  ( 181.1530833485617791, 17.96147677154747058, -562.9460068756862938 ) ) ;
#1384 = ORIENTED_EDGE ( 'NONE', *, *, #1006, .F. ) ;
#1385 = VERTEX_POINT ( 'NONE', #2175 ) ;
#1386 = ORIENTED_EDGE ( 'NONE', *, *, #2173, .T. ) ;
#1387 = ADVANCED_FACE ( 'NONE', ( #2464 ), #1099, .F. ) ;
#1388 = CARTESIAN_POINT ( 'NONE',  ( -187.4999999999998863, 21.99999999999992184, -565.3585715714571052 ) ) ;
#1389 = LINE ( 'NONE', #2548, #1236 ) ;
#1390 = DIRECTION ( 'NONE',  ( 1.000000000000000000, -0.000000000000000000, -6.780942318374154600E-23 ) ) ;
#1391 = VERTEX_POINT ( 'NONE', #2552 ) ;
#1392 = ORIENTED_EDGE ( 'NONE', *, *, #3376, .F. ) ;
#1393 = DIRECTION ( 'NONE',  ( -1.586031892476318211E-16, 3.700742850728556176E-15, -1.000000000000000000 ) ) ;
#1394 = LINE ( 'NONE', #87, #478 ) ;
#1395 = CARTESIAN_POINT ( 'NONE',  ( 350.0000000000000000, 15.00000000000013856, -637.5000000000001137 ) ) ;
#1396 = DIRECTION ( 'NONE',  ( -7.690840992182485042E-23, -4.235164736271500755E-22, 1.000000000000000000 ) ) ;
#1397 = CARTESIAN_POINT ( 'NONE',  ( 180.5000000000000284, 15.00000000000012790, -37.49999999999992184 ) ) ;
#1398 = CARTESIAN_POINT ( 'NONE',  ( -180.4999999999998863, 14.99999999999988987, -562.4999999999998863 ) ) ;
#1399 = CYLINDRICAL_SURFACE ( 'NONE', #138, 3.300000000000025135 ) ;
#1400 = ORIENTED_EDGE ( 'NONE', *, *, #2203, .F. ) ;
#1401 = ORIENTED_EDGE ( 'NONE', *, *, #2983, .T. ) ;
#1402 = VECTOR ( 'NONE', #3020, 1000.000000000000000 ) ;
#1403 = FACE_OUTER_BOUND ( 'NONE', #1737, .T. ) ;
#1404 = ADVANCED_FACE ( 'NONE', ( #2765 ), #2481, .F. ) ;
#1405 = VECTOR ( 'NONE', #471, 1000.000000000000000 ) ;
#1406 = LINE ( 'NONE', #2242, #739 ) ;
#1407 = CARTESIAN_POINT ( 'NONE',  ( -250.0000000000000000, -21.99999999999991118, -27.50000000000007461 ) ) ;
#1408 = AXIS2_PLACEMENT_3D ( 'NONE', #2871, #440, #201 ) ;
#1409 = VERTEX_POINT ( 'NONE', #385 ) ;
#1410 = CARTESIAN_POINT ( 'NONE',  ( 242.9740840493505232, -21.98792370224591508, -34.65332335129682662 ) ) ;
#1411 = LINE ( 'NONE', #3290, #928 ) ;
#1412 = CARTESIAN_POINT ( 'NONE',  ( 187.4999999999998863, -24.99999999999992184, -27.50000000000013500 ) ) ;
#1413 = VECTOR ( 'NONE', #1021, 1000.000000000000000 ) ;
#1414 = LINE ( 'NONE', #328, #2974 ) ;
#1415 = CARTESIAN_POINT ( 'NONE',  ( 350.0000000000000000, 14.99999999999987743, -562.5000000000000000 ) ) ;
#1416 = VECTOR ( 'NONE', #1310, 1000.000000000000000 ) ;
#1417 = DIRECTION ( 'NONE',  ( -0.000000000000000000, 1.000000000000000000, -0.000000000000000000 ) ) ;
#1418 = APPROVAL_STATUS ( 'not_yet_approved' ) ;
#1419 = VECTOR ( 'NONE', #2166, 1000.000000000000000 ) ;
#1420 = EDGE_CURVE ( 'NONE', #3111, #995, #2278, .T. ) ;
#1421 = CARTESIAN_POINT ( 'NONE',  ( -252.5000000000000568, -14.99999999999988276, -37.49999999999997868 ) ) ;
#1422 = ORIENTED_EDGE ( 'NONE', *, *, #717, .T. ) ;
#1423 = ORIENTED_EDGE ( 'NONE', *, *, #2954, .F. ) ;
#1424 = DIRECTION ( 'NONE',  ( -1.000000000000000000, 0.000000000000000000, 7.690840992182485042E-23 ) ) ;
#1425 = DIRECTION ( 'NONE',  ( 0.000000000000000000, 0.000000000000000000, 1.000000000000000000 ) ) ;
#1426 = ORIENTED_EDGE ( 'NONE', *, *, #1150, .F. ) ;
#1427 = CARTESIAN_POINT ( 'NONE',  ( 246.7720617833546441, -20.56265927051859066, -35.81552014449239607 ) ) ;
#1428 = CARTESIAN_POINT ( 'NONE',  ( 183.9646606448249884, 21.04575189207796626, -35.46662394342779123 ) ) ;
#1429 = FACE_OUTER_BOUND ( 'NONE', #2717, .T. ) ;
#1430 = EDGE_CURVE ( 'NONE', #1409, #930, #2220, .T. ) ;
#1431 = CARTESIAN_POINT ( 'NONE',  ( -214.9999999999998863, 24.99999999999999289, -1.110223024625156540E-13 ) ) ;
#1432 = FACE_OUTER_BOUND ( 'NONE', #3267, .T. ) ;
#1433 = ORIENTED_EDGE ( 'NONE', *, *, #2743, .T. ) ;
#1434 = CARTESIAN_POINT ( 'NONE',  ( 252.4999999999999432, -15.00000000000014388, -599.9999999999998863 ) ) ;
#1435 = CARTESIAN_POINT ( 'NONE',  ( 242.5000000000000284, 14.99999999999991473, -599.9999999999998863 ) ) ;
#1436 = EDGE_LOOP ( 'NONE', ( #2633, #1063, #125, #2400 ) ) ;
#1437 = ORIENTED_EDGE ( 'NONE', *, *, #171, .F. ) ;
#1438 = CARTESIAN_POINT ( 'NONE',  ( -186.3133277090799425, -21.90263348841675750, -565.2641270132620548 ) ) ;
#1439 = CARTESIAN_POINT ( 'NONE',  ( -250.0000000000000000, 14.99999999999991296, 27.50000000000004974 ) ) ;
#1440 = CARTESIAN_POINT ( 'NONE',  ( 242.4999999999999147, -15.00000000000010836, -600.0000000000000000 ) ) ;
#1441 = CARTESIAN_POINT ( 'NONE',  ( 250.0000000000000000, -14.99999999999991829, -27.50000000000002487 ) ) ;
#1442 = DIRECTION ( 'NONE',  ( -1.000000000000000000, -0.000000000000000000, 1.586032892321652236E-16 ) ) ;
#1443 = EDGE_CURVE ( 'NONE', #931, #609, #2136, .T. ) ;
#1444 = CARTESIAN_POINT ( 'NONE',  ( 252.5000000000000568, 14.99999999999987921, -599.9999999999998863 ) ) ;
#1445 = CARTESIAN_POINT ( 'NONE',  ( -182.8829880344364938, 20.27996952961164112, -36.00001748584081440 ) ) ;
#1446 = LINE ( 'NONE', #2043, #1749 ) ;
#1447 = LINE ( 'NONE', #2934, #2614 ) ;
#1448 = ORIENTED_EDGE ( 'NONE', *, *, #371, .T. ) ;
#1449 = VERTEX_POINT ( 'NONE', #3437 ) ;
#1450 = AXIS2_PLACEMENT_3D ( 'NONE', #1269, #1216, #1251 ) ;
#1451 = CARTESIAN_POINT ( 'NONE',  ( -187.0208028209070505, -21.98765309850426775, -565.3464091488966687 ) ) ;
#1452 = PLANE ( 'NONE',  #2265 ) ;
#1453 = VECTOR ( 'NONE', #15, 1000.000000000000000 ) ;
#1454 = DIRECTION ( 'NONE',  ( -1.000000000000000000, -0.000000000000000000, 1.586032892321652236E-16 ) ) ;
#1455 = EDGE_LOOP ( 'NONE', ( #98, #460 ) ) ;
#1456 = DIRECTION ( 'NONE',  ( -1.000000000000000000, 0.000000000000000000, 7.690840992182485042E-23 ) ) ;
#1457 = FACE_OUTER_BOUND ( 'NONE', #720, .T. ) ;
#1458 = DIRECTION ( 'NONE',  ( -1.000000000000000000, -0.000000000000000000, 1.586032892321652236E-16 ) ) ;
#1459 = VECTOR ( 'NONE', #2072, 1000.000000000000000 ) ;
#1460 = VECTOR ( 'NONE', #461, 1000.000000000000000 ) ;
#1461 = FACE_OUTER_BOUND ( 'NONE', #1191, .T. ) ;
#1462 = DIRECTION ( 'NONE',  ( -1.000000000000000000, -0.000000000000000000, 1.586032892321652236E-16 ) ) ;
#1463 = EDGE_CURVE ( 'NONE', #1522, #729, #1762, .T. ) ;
#1464 = DIRECTION ( 'NONE',  ( 0.000000000000000000, 1.000000000000000000, -4.235164736271500755E-22 ) ) ;
#1465 = AXIS2_PLACEMENT_3D ( 'NONE', #3311, #3326, #897 ) ;
#1466 = CYLINDRICAL_SURFACE ( 'NONE', #2894, 3.299999999999969624 ) ;
#1467 = ORIENTED_EDGE ( 'NONE', *, *, #390, .T. ) ;
#1468 = ORIENTED_EDGE ( 'NONE', *, *, #3310, .T. ) ;
#1469 = EDGE_CURVE ( 'NONE', #701, #348, #3147, .T. ) ;
#1470 = LINE ( 'NONE', #2615, #3459 ) ;
#1471 = CARTESIAN_POINT ( 'NONE',  ( -187.2620443450165340, -22.00000000000011369, -565.3585715714573325 ) ) ;
#1472 = CARTESIAN_POINT ( 'NONE',  ( 350.0000000000000000, -14.99999999999991296, -627.5000000000001137 ) ) ;
#1473 = LINE ( 'NONE', #2883, #1576 ) ;
#1474 = EDGE_LOOP ( 'NONE', ( #1492, #455 ) ) ;
#1475 = ORIENTED_EDGE ( 'NONE', *, *, #413, .T. ) ;
#1476 =( BOUNDED_CURVE ( )  B_SPLINE_CURVE ( 3, ( #1575, #1328, #765, #1282 ),
 .UNSPECIFIED., .F., .F. ) 
 B_SPLINE_CURVE_WITH_KNOTS ( ( 4, 4 ),
 ( 1.570796326794899445, 3.141592653589790007 ),
 .UNSPECIFIED. ) 
 CURVE ( )  GEOMETRIC_REPRESENTATION_ITEM ( )  RATIONAL_B_SPLINE_CURVE ( ( 1.000000000000000000, 0.8047378541243663808, 0.8047378541243663808, 1.000000000000000000 ) ) 
 REPRESENTATION_ITEM ( '' )  );
#1477 = CARTESIAN_POINT ( 'NONE',  ( 350.0000000000000000, 22.00000000000010658, -627.5000000000001137 ) ) ;
#1478 = DIRECTION ( 'NONE',  ( 0.000000000000000000, 0.000000000000000000, 1.000000000000000000 ) ) ;
#1479 = PLANE ( 'NONE',  #1871 ) ;
#1480 = EDGE_LOOP ( 'NONE', ( #1543, #1392, #2671, #967, #173, #1975, #3098, #496 ) ) ;
#1481 = EDGE_CURVE ( 'NONE', #2450, #674, #2902, .T. ) ;
#1482 = PLANE ( 'NONE',  #3029 ) ;
#1483 = DIRECTION ( 'NONE',  ( -6.780942318374154600E-23, -4.235164736271500755E-22, 1.000000000000000000 ) ) ;
#1484 = CARTESIAN_POINT ( 'NONE',  ( -350.0000000000000000, -15.00000000000013856, -562.5000000000000000 ) ) ;
#1485 = CARTESIAN_POINT ( 'NONE',  ( 186.5461269622241502, -21.93880767778504648, -34.70097950981224244 ) ) ;
#1486 = ORIENTED_EDGE ( 'NONE', *, *, #2323, .T. ) ;
#1487 = VERTEX_POINT ( 'NONE', #1777 ) ;
#1488 = DIRECTION ( 'NONE',  ( -6.829409932390932390E-23, -3.700742850728556176E-15, 1.000000000000000000 ) ) ;
#1489 = FACE_OUTER_BOUND ( 'NONE', #3052, .T. ) ;
#1490 = EDGE_CURVE ( 'NONE', #2645, #1709, #2967, .T. ) ;
#1491 = DIRECTION ( 'NONE',  ( 1.000000000000000000, 0.000000000000000000, 0.000000000000000000 ) ) ;
#1492 = ORIENTED_EDGE ( 'NONE', *, *, #371, .F. ) ;
#1493 = ORIENTED_EDGE ( 'NONE', *, *, #710, .T. ) ;
#1494 = CARTESIAN_POINT ( 'NONE',  ( 180.5615542562185851, 15.95671378532290063, -37.45699350511070946 ) ) ;
#1495 = CARTESIAN_POINT ( 'NONE',  ( 250.0000000000000000, 14.99999999999991296, 27.50000000000004974 ) ) ;
#1496 = EDGE_CURVE ( 'NONE', #1255, #1214, #696, .T. ) ;
#1497 = ORIENTED_EDGE ( 'NONE', *, *, #694, .F. ) ;
#1498 = DIRECTION ( 'NONE',  ( -6.780942318374154600E-23, -4.235164736271500755E-22, 1.000000000000000000 ) ) ;
#1499 = LINE ( 'NONE', #463, #1345 ) ;
#1500 = CARTESIAN_POINT ( 'NONE',  ( 250.0000000000001137, 15.00000000000013856, -37.49999999999992184 ) ) ;
#1501 = DESIGN_CONTEXT ( 'detailed design', #1588, 'design' ) ;
#1502 = DIRECTION ( 'NONE',  ( -0.000000000000000000, -3.532527805625498298E-15, 1.000000000000000000 ) ) ;
#1503 = EDGE_LOOP ( 'NONE', ( #2095, #1334, #3237, #2710 ) ) ;
#1504 = EDGE_LOOP ( 'NONE', ( #2111, #1233, #906, #1579 ) ) ;
#1505 = CARTESIAN_POINT ( 'NONE',  ( 187.5000000000000284, 15.00000000000010481, -600.0000000000000000 ) ) ;
#1506 = PRODUCT ( 'weld_base feet', 'weld_base feet', '', ( #2144 ) ) ;
#1507 = CARTESIAN_POINT ( 'NONE',  ( 177.4999999999999147, -14.99999999999988276, -37.50000000000008527 ) ) ;
#1508 = CARTESIAN_POINT ( 'NONE',  ( 215.0000000000000568, 24.99999999999850431, -603.2999999999999545 ) ) ;
#1509 = ORIENTED_EDGE ( 'NONE', *, *, #1123, .T. ) ;
#1510 = CLOSED_SHELL ( 'NONE', ( #2129, #2854, #1569, #1945, #3271, #56, #3408, #3015, #2662, #1783, #2976, #1934, #2185, #109, #883, #2812, #2174, #2283, #2436, #965, #2502, #669, #3226, #438 ) ) ;
#1511 = ORIENTED_EDGE ( 'NONE', *, *, #248, .T. ) ;
#1512 = EDGE_CURVE ( 'NONE', #1069, #1230, #403, .T. ) ;
#1513 = CARTESIAN_POINT ( 'NONE',  ( 187.5000000000000568, 25.00000000000011013, -600.0000000000000000 ) ) ;
#1514 = FACE_OUTER_BOUND ( 'NONE', #2546, .T. ) ;
#1515 = VECTOR ( 'NONE', #803, 1000.000000000000000 ) ;
#1516 = DIRECTION ( 'NONE',  ( -6.780942318374154600E-23, -4.235164736271500755E-22, 1.000000000000000000 ) ) ;
#1517 = CARTESIAN_POINT ( 'NONE',  ( 350.0000000000000000, 14.99999999999991296, -572.5000000000000000 ) ) ;
#1518 = CARTESIAN_POINT ( 'NONE',  ( 215.0000000000000568, 24.99999999999850431, 3.299999999999886136 ) ) ;
#1519 = CARTESIAN_POINT ( 'NONE',  ( -180.4999999999999147, 14.99999999999988987, -37.49999999999992184 ) ) ;
#1520 = CARTESIAN_POINT ( 'NONE',  ( -248.8432927912456307, -17.96920520994979853, -562.9484147495078332 ) ) ;
#1521 = LOCAL_TIME ( 2, 19, 58.00000000000000000, #902 ) ;
#1522 = VERTEX_POINT ( 'NONE', #168 ) ;
#1523 = CIRCLE ( 'NONE', #2454, 3.300000000000025135 ) ;
#1524 = ORIENTED_EDGE ( 'NONE', *, *, #1481, .T. ) ;
#1525 = CARTESIAN_POINT ( 'NONE',  ( -350.0000000000000000, -14.99999999999987743, -637.5000000000001137 ) ) ;
#1526 = EDGE_CURVE ( 'NONE', #1564, #397, #1746, .T. ) ;
#1527 = AXIS2_PLACEMENT_3D ( 'NONE', #2412, #2682, #517 ) ;
#1528 = CARTESIAN_POINT ( 'NONE',  ( -242.4999999999999147, 15.00000000000010303, -599.9999999999998863 ) ) ;
#1529 = DIRECTION ( 'NONE',  ( -0.000000000000000000, 1.000000000000000000, -0.000000000000000000 ) ) ;
#1530 = AXIS2_PLACEMENT_3D ( 'NONE', #1086, #311, #645 ) ;
#1531 = ORIENTED_EDGE ( 'NONE', *, *, #145, .T. ) ;
#1532 = DIRECTION ( 'NONE',  ( 0.000000000000000000, -1.000000000000000000, -3.700743415417186364E-15 ) ) ;
#1533 = CARTESIAN_POINT ( 'NONE',  ( -182.2556807756094486, -19.65778353193179484, -36.35637088626736357 ) ) ;
#1534 = VECTOR ( 'NONE', #1047, 1000.000000000000000 ) ;
#1535 = CARTESIAN_POINT ( 'NONE',  ( 250.0000000000000000, -21.99999999999991473, -27.50000000000007461 ) ) ;
#1536 = EDGE_LOOP ( 'NONE', ( #957, #3255, #1560, #1467 ) ) ;
#1537 = DIRECTION ( 'NONE',  ( 0.000000000000000000, 1.000000000000000000, 3.700743415417186364E-15 ) ) ;
#1538 = CARTESIAN_POINT ( 'NONE',  ( 249.2610826345640191, 16.87319825676984308, -37.33399981456576455 ) ) ;
#1539 = DIRECTION ( 'NONE',  ( -0.000000000000000000, 1.000000000000000000, -0.000000000000000000 ) ) ;
#1540 = EDGE_CURVE ( 'NONE', #2738, #729, #1256, .T. ) ;
#1541 = DIRECTION ( 'NONE',  ( 0.000000000000000000, 0.000000000000000000, -1.000000000000000000 ) ) ;
#1542 = CARTESIAN_POINT ( 'NONE',  ( 250.0000000000002274, -24.99999999999992184, -27.50000000000007816 ) ) ;
#1543 = ORIENTED_EDGE ( 'NONE', *, *, #350, .F. ) ;
#1544 = EDGE_LOOP ( 'NONE', ( #1993, #2664, #3449, #723 ) ) ;
#1545 = PERSON_AND_ORGANIZATION_ROLE ( 'design_owner' ) ;
#1546 = DIRECTION ( 'NONE',  ( -1.000000000000000000, 3.532527189601535655E-15, 7.500847945236711498E-23 ) ) ;
#1547 = EDGE_CURVE ( 'NONE', #1654, #2893, #2351, .T. ) ;
#1548 = ORIENTED_EDGE ( 'NONE', *, *, #3001, .F. ) ;
#1549 = CARTESIAN_POINT ( 'NONE',  ( -181.4775074303359474, -18.57507229267734772, -36.84149415580451858 ) ) ;
#1550 = CARTESIAN_POINT ( 'NONE',  ( 350.0000000000002274, -15.00000000000014388, -562.5000000000002274 ) ) ;
#1551 = DIRECTION ( 'NONE',  ( 0.000000000000000000, 0.000000000000000000, -1.000000000000000000 ) ) ;
#1552 = ADVANCED_FACE ( 'NONE', ( #3419 ), #3371, .F. ) ;
#1553 = ORIENTED_EDGE ( 'NONE', *, *, #1647, .T. ) ;
#1554 = CARTESIAN_POINT ( 'NONE',  ( 243.4538730377757361, 21.93880767778504293, -34.70097950981240587 ) ) ;
#1555 = CARTESIAN_POINT ( 'NONE',  ( 245.4392199811325952, 21.35710599508965402, -564.7798522210039209 ) ) ;
#1556 = CARTESIAN_POINT ( 'NONE',  ( 8.831319514063479347E-14, 21.99999999999924682, -600.0000000000000000 ) ) ;
#1557 = DIRECTION ( 'NONE',  ( 0.000000000000000000, 1.000000000000000000, 3.700743415417186364E-15 ) ) ;
#1558 = ADVANCED_FACE ( 'NONE', ( #3385 ), #1234, .F. ) ;
#1559 = CARTESIAN_POINT ( 'NONE',  ( -249.5000000000000853, -15.24086283439129552, -562.5000000000001137 ) ) ;
#1560 = ORIENTED_EDGE ( 'NONE', *, *, #3207, .F. ) ;
#1561 = CARTESIAN_POINT ( 'NONE',  ( 350.0000000000000000, 24.99999999999991473, -572.5000000000000000 ) ) ;
#1562 = ADVANCED_FACE ( 'NONE', ( #1206, #2300, #427, #958 ), #2033, .T. ) ;
#1563 = PLANE ( 'NONE',  #1742 ) ;
#1564 = VERTEX_POINT ( 'NONE', #2219 ) ;
#1565 = CARTESIAN_POINT ( 'NONE',  ( 350.0000000000000000, 21.99999999999953815, -565.3585715714568778 ) ) ;
#1566 = PLANE ( 'NONE',  #2688 ) ;
#1567 = EDGE_LOOP ( 'NONE', ( #1209, #3431, #2071, #1863 ) ) ;
#1568 = CLOSED_SHELL ( 'NONE', ( #1387, #2731, #446, #499, #116, #665, #1964, #1570, #3367, #2750, #1620, #1887, #2776, #2866, #464, #2543, #2187, #388, #301, #1731, #485, #2690, #874, #2701, #1846, #1301 ) ) ;
#1569 = ADVANCED_FACE ( 'NONE', ( #2943 ), #2405, .F. ) ;
#1570 = ADVANCED_FACE ( 'NONE', ( #64 ), #1109, .T. ) ;
#1571 = DIRECTION ( 'NONE',  ( 0.000000000000000000, 1.000000000000000000, 3.700742850728556176E-15 ) ) ;
#1572 = DIRECTION ( 'NONE',  ( -0.000000000000000000, -3.532527805625498298E-15, 1.000000000000000000 ) ) ;
#1573 = DIRECTION ( 'NONE',  ( -0.000000000000000000, 1.000000000000000000, -0.000000000000000000 ) ) ;
#1574 = AXIS2_PLACEMENT_3D ( 'NONE', #1904, #823, #2110 ) ;
#1575 = CARTESIAN_POINT ( 'NONE',  ( -242.5000000000000568, 25.00000000000011013, -27.49999999999991473 ) ) ;
#1576 = VECTOR ( 'NONE', #1252, 1000.000000000000000 ) ;
#1577 = DIRECTION ( 'NONE',  ( -3.700744544794450685E-15, -1.000000000000000000, -3.700742850728556176E-15 ) ) ;
#1578 = ORIENTED_EDGE ( 'NONE', *, *, #490, .F. ) ;
#1579 = ORIENTED_EDGE ( 'NONE', *, *, #264, .T. ) ;
#1580 = DIRECTION ( 'NONE',  ( -0.000000000000000000, 1.000000000000000000, -0.000000000000000000 ) ) ;
#1581 = EDGE_CURVE ( 'NONE', #2450, #1765, #2580, .T. ) ;
#1582 = EDGE_LOOP ( 'NONE', ( #1788, #3244, #2131, #868 ) ) ;
#1583 = AXIS2_PLACEMENT_3D ( 'NONE', #2729, #2966, #814 ) ;
#1584 = DIRECTION ( 'NONE',  ( -0.000000000000000000, 1.000000000000000000, -0.000000000000000000 ) ) ;
#1585 = CIRCLE ( 'NONE', #2045, 7.000000000000002665 ) ;
#1586 = CARTESIAN_POINT ( 'NONE',  ( -183.2279382166452137, 20.56265927051834197, -564.1844798555074476 ) ) ;
#1587 = ORIENTED_EDGE ( 'NONE', *, *, #171, .T. ) ;
#1588 = APPLICATION_CONTEXT ( 'configuration controlled 3d designs of mechanical parts and assemblies' ) ;
#1589 = AXIS2_PLACEMENT_3D ( 'NONE', #254, #2887, #2090 ) ;
#1590 = EDGE_CURVE ( 'NONE', #45, #2893, #1874, .T. ) ;
#1591 = DIRECTION ( 'NONE',  ( -0.000000000000000000, 1.000000000000000000, -0.000000000000000000 ) ) ;
#1592 = CARTESIAN_POINT ( 'NONE',  ( 350.0000000000000000, 15.00000000000013856, -637.5000000000001137 ) ) ;
#1593 = DIRECTION ( 'NONE',  ( 0.000000000000000000, 1.000000000000000000, 3.700743415417186364E-15 ) ) ;
#1594 = CARTESIAN_POINT ( 'NONE',  ( -249.4508714736821560, -15.95210075985672304, -37.46543667909866571 ) ) ;
#1595 = CARTESIAN_POINT ( 'NONE',  ( 249.5000000000000284, 14.99999999999988987, -600.0000000000000000 ) ) ;
#1596 = ORIENTED_EDGE ( 'NONE', *, *, #1124, .F. ) ;
#1597 = ORIENTED_EDGE ( 'NONE', *, *, #400, .F. ) ;
#1598 = CARTESIAN_POINT ( 'NONE',  ( -242.5000000000000568, -24.99999999999992539, -27.50000000000013500 ) ) ;
#1599 = ORIENTED_EDGE ( 'NONE', *, *, #3279, .T. ) ;
#1600 = DIRECTION ( 'NONE',  ( -1.586032892321652236E-16, 3.700743415417186364E-15, -1.000000000000000000 ) ) ;
#1601 = EDGE_CURVE ( 'NONE', #444, #2350, #1211, .T. ) ;
#1602 = CARTESIAN_POINT ( 'NONE',  ( 250.0000000000000000, -22.00000000000014211, -34.64142842854261772 ) ) ;
#1603 = CARTESIAN_POINT ( 'NONE',  ( -350.0000000000000000, -24.99999999999991829, -627.5000000000001137 ) ) ;
#1604 = ORIENTED_EDGE ( 'NONE', *, *, #1463, .T. ) ;
#1605 = DIRECTION ( 'NONE',  ( 0.000000000000000000, 0.000000000000000000, -1.000000000000000000 ) ) ;
#1606 = DIRECTION ( 'NONE',  ( 0.000000000000000000, 0.000000000000000000, 1.000000000000000000 ) ) ;
#1607 = DIRECTION ( 'NONE',  ( 0.000000000000000000, 0.000000000000000000, -1.000000000000000000 ) ) ;
#1608 = VERTEX_POINT ( 'NONE', #3393 ) ;
#1609 = ORIENTED_EDGE ( 'NONE', *, *, #732, .F. ) ;
#1610 = APPLICATION_PROTOCOL_DEFINITION ( 'international standard', 'config_control_design', 1994, #1588 ) ;
#1611 = CARTESIAN_POINT ( 'NONE',  ( 250.0000000000000000, -15.00000000000010303, 27.49999999999994316 ) ) ;
#1612 = ORIENTED_EDGE ( 'NONE', *, *, #2336, .F. ) ;
#1613 = LINE ( 'NONE', #2491, #1419 ) ;
#1614 = LINE ( 'NONE', #827, #3136 ) ;
#1615 = CARTESIAN_POINT ( 'NONE',  ( 184.5607800188673480, -21.35710599508964336, -564.7798522210040346 ) ) ;
#1616 = EDGE_CURVE ( 'NONE', #729, #444, #54, .T. ) ;
#1617 = DIRECTION ( 'NONE',  ( 0.000000000000000000, 0.000000000000000000, 1.000000000000000000 ) ) ;
#1618 = DIRECTION ( 'NONE',  ( 1.000000000000000000, 0.000000000000000000, 0.000000000000000000 ) ) ;
#1619 = CARTESIAN_POINT ( 'NONE',  ( 177.5000000000000853, 20.85786437626902767, -562.5000000000002274 ) ) ;
#1620 = ADVANCED_FACE ( 'NONE', ( #1681 ), #951, .F. ) ;
#1621 = AXIS2_PLACEMENT_3D ( 'NONE', #1943, #1424, #1167 ) ;
#1622 = CYLINDRICAL_SURFACE ( 'NONE', #2632, 10.00000000000000888 ) ;
#1623 = DIRECTION ( 'NONE',  ( -1.000000000000000000, 3.700744544794450685E-15, 7.085965169253082379E-23 ) ) ;
#1624 = AXIS2_PLACEMENT_3D ( 'NONE', #2178, #831, #3003 ) ;
#1625 = ORIENTED_EDGE ( 'NONE', *, *, #901, .F. ) ;
#1626 = EDGE_LOOP ( 'NONE', ( #2159, #1437, #2920, #2201 ) ) ;
#1627 = AXIS2_PLACEMENT_3D ( 'NONE', #1679, #1464, #2529 ) ;
#1628 = DATE_AND_TIME ( #649, #918 ) ;
#1629 = CARTESIAN_POINT ( 'NONE',  ( -249.4031469745405900, 16.18422622159983959, -562.5676161048891117 ) ) ;
#1630 = EDGE_CURVE ( 'NONE', #3307, #3394, #921, .T. ) ;
#1631 = VERTEX_POINT ( 'NONE', #3095 ) ;
#1632 = EDGE_CURVE ( 'NONE', #1751, #2870, #1446, .T. ) ;
#1633 = EDGE_CURVE ( 'NONE', #939, #2182, #1314, .T. ) ;
#1634 = CARTESIAN_POINT ( 'NONE',  ( -350.0000000000000000, 15.00000000000010303, -627.5000000000000000 ) ) ;
#1635 = DIRECTION ( 'NONE',  ( 3.700744544794450685E-15, 1.000000000000000000, 3.700743274245029804E-15 ) ) ;
#1636 = CARTESIAN_POINT ( 'NONE',  ( -181.2584761680792553, 18.17725335865632630, -563.0158175863332417 ) ) ;
#1637 = VERTEX_POINT ( 'NONE', #3430 ) ;
#1638 = APPROVAL_PERSON_ORGANIZATION ( #770, #1038, #3471 ) ;
#1639 = CIRCLE ( 'NONE', #3245, 7.000000000000006217 ) ;
#1640 = DIRECTION ( 'NONE',  ( 0.000000000000000000, 0.000000000000000000, -1.000000000000000000 ) ) ;
#1641 = CIRCLE ( 'NONE', #540, 10.00000000000000533 ) ;
#1642 = CARTESIAN_POINT ( 'NONE',  ( 8.831319514063479347E-14, 24.99999999999924682, -600.0000000000000000 ) ) ;
#1643 = CYLINDRICAL_SURFACE ( 'NONE', #354, 10.00000000000000888 ) ;
#1644 = VECTOR ( 'NONE', #1584, 1000.000000000000000 ) ;
#1645 = FACE_OUTER_BOUND ( 'NONE', #990, .T. ) ;
#1646 = CARTESIAN_POINT ( 'NONE',  ( 187.4999999999999147, -14.99999999999991829, -600.0000000000000000 ) ) ;
#1647 = EDGE_CURVE ( 'NONE', #2537, #989, #1297, .T. ) ;
#1648 = ORIENTED_EDGE ( 'NONE', *, *, #2197, .T. ) ;
#1649 = ORIENTED_EDGE ( 'NONE', *, *, #632, .F. ) ;
#1650 = VERTEX_POINT ( 'NONE', #2416 ) ;
#1651 = APPROVAL ( #3313, 'UNSPECIFIED' ) ;
#1652 = DIRECTION ( 'NONE',  ( 0.000000000000000000, 1.000000000000000000, -4.235164736271500755E-22 ) ) ;
#1653 = FACE_OUTER_BOUND ( 'NONE', #3045, .T. ) ;
#1654 = VERTEX_POINT ( 'NONE', #3141 ) ;
#1655 = DIRECTION ( 'NONE',  ( 0.000000000000000000, 0.000000000000000000, 1.000000000000000000 ) ) ;
#1656 = CARTESIAN_POINT ( 'NONE',  ( 245.0269832074730800, -21.53187853182829414, -564.9271605437916151 ) ) ;
#1657 = FACE_OUTER_BOUND ( 'NONE', #3361, .T. ) ;
#1658 = LINE ( 'NONE', #1897, #1987 ) ;
#1659 = CARTESIAN_POINT ( 'NONE',  ( -187.4999999999999432, 25.00000000000011013, -27.49999999999996803 ) ) ;
#1660 = ORIENTED_EDGE ( 'NONE', *, *, #2519, .T. ) ;
#1661 = EDGE_CURVE ( 'NONE', #1213, #2490, #2063, .T. ) ;
#1662 = PERSON_AND_ORGANIZATION_ROLE ( 'design_supplier' ) ;
#1663 = ORIENTED_EDGE ( 'NONE', *, *, #1526, .T. ) ;
#1664 = VERTEX_POINT ( 'NONE', #714 ) ;
#1665 = EDGE_CURVE ( 'NONE', #609, #2870, #2397, .T. ) ;
#1666 = DIRECTION ( 'NONE',  ( 1.000000000000000000, 0.000000000000000000, 0.000000000000000000 ) ) ;
#1667 = FACE_OUTER_BOUND ( 'NONE', #1284, .T. ) ;
#1668 = CARTESIAN_POINT ( 'NONE',  ( 250.0000000000000000, -14.99999999999991296, -27.50000000000004974 ) ) ;
#1669 = ORIENTED_EDGE ( 'NONE', *, *, #78, .F. ) ;
#1670 = ORIENTED_EDGE ( 'NONE', *, *, #2540, .T. ) ;
#1671 = DIRECTION ( 'NONE',  ( 0.000000000000000000, 0.000000000000000000, 1.000000000000000000 ) ) ;
#1672 = DIRECTION ( 'NONE',  ( -7.690840992182485042E-23, -4.235164736271500755E-22, 1.000000000000000000 ) ) ;
#1673 = FACE_OUTER_BOUND ( 'NONE', #2697, .T. ) ;
#1674 = EDGE_CURVE ( 'NONE', #314, #1756, #1523, .T. ) ;
#1675 = CARTESIAN_POINT ( 'NONE',  ( -248.3578643762689921, 25.00000000000001776, -566.6421356237309510 ) ) ;
#1676 = DIRECTION ( 'NONE',  ( 0.000000000000000000, 1.000000000000000000, 3.700742850728556176E-15 ) ) ;
#1677 = VERTEX_POINT ( 'NONE', #1245 ) ;
#1678 = DIRECTION ( 'NONE',  ( -3.700744544794450685E-15, -1.000000000000000000, 0.000000000000000000 ) ) ;
#1679 = CARTESIAN_POINT ( 'NONE',  ( 215.0000000000000568, 24.99999999999850786, -300.0000000000000568 ) ) ;
#1680 = CIRCLE ( 'NONE', #2611, 3.299999999999969624 ) ;
#1681 = FACE_OUTER_BOUND ( 'NONE', #3231, .T. ) ;
#1682 = ORIENTED_EDGE ( 'NONE', *, *, #2274, .T. ) ;
#1683 = EDGE_LOOP ( 'NONE', ( #2977, #1143, #2196, #899 ) ) ;
#1684 = AXIS2_PLACEMENT_3D ( 'NONE', #1528, #2637, #2616 ) ;
#1685 = CARTESIAN_POINT ( 'NONE',  ( -185.6312686644261305, -21.74991921826032382, -565.1211645863431841 ) ) ;
#1686 = CARTESIAN_POINT ( 'NONE',  ( 250.0000000000001137, 21.99999999999837996, -34.64142842854445092 ) ) ;
#1687 = EDGE_CURVE ( 'NONE', #1487, #1958, #747, .T. ) ;
#1688 = CARTESIAN_POINT ( 'NONE',  ( 187.4999999999998863, -25.00000000000011013, -572.5000000000003411 ) ) ;
#1689 = ORIENTED_EDGE ( 'NONE', *, *, #2625, .T. ) ;
#1690 = AXIS2_PLACEMENT_3D ( 'NONE', #3401, #2928, #2509 ) ;
#1691 = ORIENTED_EDGE ( 'NONE', *, *, #2077, .T. ) ;
#1692 = CARTESIAN_POINT ( 'NONE',  ( 245.4392199811324531, -21.35710599508983165, -35.22014777899597959 ) ) ;
#1693 = CARTESIAN_POINT ( 'NONE',  ( 182.2556807756093917, 19.65778353193180905, -36.35637088626744884 ) ) ;
#1694 = LINE ( 'NONE', #3357, #3191 ) ;
#1695 = AXIS2_PLACEMENT_3D ( 'NONE', #2222, #3302, #3047 ) ;
#1696 = VECTOR ( 'NONE', #1898, 1000.000000000000000 ) ;
#1697 = VECTOR ( 'NONE', #1822, 1000.000000000000000 ) ;
#1698 = DIRECTION ( 'NONE',  ( 0.000000000000000000, 0.000000000000000000, 1.000000000000000000 ) ) ;
#1699 = CARTESIAN_POINT ( 'NONE',  ( -350.0000000000000000, 24.99999999999991118, -572.4999999999998863 ) ) ;
#1700 = AXIS2_PLACEMENT_3D ( 'NONE', #3274, #1381, #1911 ) ;
#1701 = ORIENTED_EDGE ( 'NONE', *, *, #2217, .F. ) ;
#1702 = DIRECTION ( 'NONE',  ( -7.690840992182485042E-23, -4.235164736271500755E-22, 1.000000000000000000 ) ) ;
#1703 = CIRCLE ( 'NONE', #2463, 3.299999999999993605 ) ;
#1704 = CARTESIAN_POINT ( 'NONE',  ( 186.3133277090798572, -21.90263348841655855, -34.73587298673835022 ) ) ;
#1705 = ORIENTED_EDGE ( 'NONE', *, *, #2127, .F. ) ;
#1706 = ORIENTED_EDGE ( 'NONE', *, *, #2625, .F. ) ;
#1707 = CARTESIAN_POINT ( 'NONE',  ( -180.8819808274460001, -17.32663071661654897, -562.7644884280434781 ) ) ;
#1708 = DIRECTION ( 'NONE',  ( 0.000000000000000000, 1.000000000000000000, -4.235164736271500755E-22 ) ) ;
#1709 = VERTEX_POINT ( 'NONE', #746 ) ;
#1710 = EDGE_CURVE ( 'NONE', #1637, #2490, #1810, .T. ) ;
#1711 = FACE_OUTER_BOUND ( 'NONE', #3417, .T. ) ;
#1712 = EDGE_CURVE ( 'NONE', #3026, #1941, #2105, .T. ) ;
#1713 = CARTESIAN_POINT ( 'NONE',  ( -177.5000000000000000, -15.00000000000014211, -562.5000000000000000 ) ) ;
#1714 = CYLINDRICAL_SURFACE ( 'NONE', #188, 10.00000000000000888 ) ;
#1715 = CC_DESIGN_DATE_AND_TIME_ASSIGNMENT ( #2452, #2238, ( #643 ) ) ;
#1716 = FACE_OUTER_BOUND ( 'NONE', #1058, .T. ) ;
#1717 = LINE ( 'NONE', #698, #1363 ) ;
#1718 = DIRECTION ( 'NONE',  ( 0.000000000000000000, 0.000000000000000000, 1.000000000000000000 ) ) ;
#1719 = CARTESIAN_POINT ( 'NONE',  ( 244.3723274843506204, 21.76143341828067435, -565.1311420861527495 ) ) ;
#1720 = ORIENTED_EDGE ( 'NONE', *, *, #3158, .T. ) ;
#1721 = ORIENTED_EDGE ( 'NONE', *, *, #1469, .F. ) ;
#1722 = DIRECTION ( 'NONE',  ( 0.000000000000000000, 1.000000000000000000, 3.700743415417186364E-15 ) ) ;
#1723 = EDGE_LOOP ( 'NONE', ( #1497, #366 ) ) ;
#1724 = VERTEX_POINT ( 'NONE', #3212 ) ;
#1725 = CARTESIAN_POINT ( 'NONE',  ( 180.5985593436209911, 16.19412149417525626, -37.43119723103575325 ) ) ;
#1726 = DIRECTION ( 'NONE',  ( -1.000000000000000000, 0.000000000000000000, 1.586033434521926015E-16 ) ) ;
#1727 = MANIFOLD_SOLID_BREP ( 'M6 Clearance Hole1[3]', #1568 ) ;
#1728 = EDGE_CURVE ( 'NONE', #2320, #410, #393, .T. ) ;
#1729 = FACE_OUTER_BOUND ( 'NONE', #452, .T. ) ;
#1730 = CARTESIAN_POINT ( 'NONE',  ( 250.0000000000000000, -14.99999999999987743, -37.50000000000006395 ) ) ;
#1731 = ADVANCED_FACE ( 'NONE', ( #520 ), #1862, .F. ) ;
#1732 = EDGE_LOOP ( 'NONE', ( #1691, #1818, #1384, #522 ) ) ;
#1733 = FACE_OUTER_BOUND ( 'NONE', #338, .T. ) ;
#1734 = CARTESIAN_POINT ( 'NONE',  ( -242.5000000000000284, -14.99999999999991829, -600.0000000000000000 ) ) ;
#1735 = CARTESIAN_POINT ( 'NONE',  ( 181.4628873511624079, -18.57174344496446849, -36.84920212957646868 ) ) ;
#1736 = DIRECTION ( 'NONE',  ( 1.000000000000000000, -3.532527189601535655E-15, -6.590949271428381056E-23 ) ) ;
#1737 = EDGE_LOOP ( 'NONE', ( #2244, #2679, #2600, #2365 ) ) ;
#1738 = VERTEX_POINT ( 'NONE', #1397 ) ;
#1739 = CIRCLE ( 'NONE', #1968, 3.299999999999997158 ) ;
#1740 = DIRECTION ( 'NONE',  ( 1.000000000000000000, 0.000000000000000000, 0.000000000000000000 ) ) ;
#1741 = EDGE_CURVE ( 'NONE', #637, #2532, #535, .T. ) ;
#1742 = AXIS2_PLACEMENT_3D ( 'NONE', #1, #1071, #1546 ) ;
#1743 = ADVANCED_FACE ( 'NONE', ( #343 ), #2770, .T. ) ;
#1744 = ORIENTED_EDGE ( 'NONE', *, *, #771, .F. ) ;
#1745 = CIRCLE ( 'NONE', #1978, 3.299999999999969624 ) ;
#1746 = LINE ( 'NONE', #475, #2037 ) ;
#1747 = CARTESIAN_POINT ( 'NONE',  ( -250.0000000000000000, 15.00000000000012790, -34.49999999999995026 ) ) ;
#1748 = CARTESIAN_POINT ( 'NONE',  ( 215.0000000000000568, 21.99999999999850786, -300.0000000000000568 ) ) ;
#1749 = VECTOR ( 'NONE', #244, 1000.000000000000000 ) ;
#1750 = CARTESIAN_POINT ( 'NONE',  ( -187.5000000000000000, -25.00000000000011013, -572.5000000000002274 ) ) ;
#1751 = VERTEX_POINT ( 'NONE', #2733 ) ;
#1752 = CYLINDRICAL_SURFACE ( 'NONE', #757, 10.00000000000000888 ) ;
#1753 = ADVANCED_FACE ( 'NONE', ( #11, #2469 ), #2716, .T. ) ;
#1754 = VECTOR ( 'NONE', #532, 1000.000000000000000 ) ;
#1755 = ORIENTED_EDGE ( 'NONE', *, *, #1315, .F. ) ;
#1756 = VERTEX_POINT ( 'NONE', #1105 ) ;
#1757 = AXIS2_PLACEMENT_3D ( 'NONE', #2176, #1138, #2781 ) ;
#1758 = FACE_OUTER_BOUND ( 'NONE', #1137, .T. ) ;
#1759 = DIRECTION ( 'NONE',  ( 1.000000000000000000, 0.000000000000000000, 0.000000000000000000 ) ) ;
#1760 = CYLINDRICAL_SURFACE ( 'NONE', #2032, 10.00000000000000533 ) ;
#1761 = EDGE_LOOP ( 'NONE', ( #730, #2410, #1824, #117 ) ) ;
#1762 = LINE ( 'NONE', #1513, #2565 ) ;
#1763 = DIRECTION ( 'NONE',  ( -1.000000000000000000, -0.000000000000000000, -0.000000000000000000 ) ) ;
#1764 = DIRECTION ( 'NONE',  ( 0.000000000000000000, 0.000000000000000000, 1.000000000000000000 ) ) ;
#1765 = VERTEX_POINT ( 'NONE', #1917 ) ;
#1766 = CARTESIAN_POINT ( 'NONE',  ( 242.5000000000000568, 21.99999999999991829, -34.64142842854289484 ) ) ;
#1767 = DIRECTION ( 'NONE',  ( -6.780942318374154600E-23, -4.235164736271500755E-22, 1.000000000000000000 ) ) ;
#1768 = DIRECTION ( 'NONE',  ( -6.780942318374154600E-23, -4.235164736271500755E-22, 1.000000000000000000 ) ) ;
#1769 = ORIENTED_EDGE ( 'NONE', *, *, #3119, .F. ) ;
#1770 = ORIENTED_EDGE ( 'NONE', *, *, #511, .F. ) ;
#1771 = ADVANCED_FACE ( 'NONE', ( #3261 ), #797, .T. ) ;
#1772 = DIRECTION ( 'NONE',  ( -1.000000000000000000, -0.000000000000000000, -0.000000000000000000 ) ) ;
#1773 = CARTESIAN_POINT ( 'NONE',  ( 350.0000000000000000, -25.00000000000010658, -572.5000000000002274 ) ) ;
#1774 = ORIENTED_EDGE ( 'NONE', *, *, #435, .F. ) ;
#1775 = ADVANCED_FACE ( 'NONE', ( #2700 ), #279, .F. ) ;
#1776 = ORIENTED_EDGE ( 'NONE', *, *, #753, .T. ) ;
#1777 = CARTESIAN_POINT ( 'NONE',  ( -242.5000000000000568, -22.00000000000200728, -565.3585715714590378 ) ) ;
#1778 = CARTESIAN_POINT ( 'NONE',  ( -187.5000000000000568, -22.00000000000010658, -34.64142842854267457 ) ) ;
#1779 = LINE ( 'NONE', #1275, #1302 ) ;
#1780 = CARTESIAN_POINT ( 'NONE',  ( 250.0000000000000000, 14.99999999999991296, 27.50000000000004974 ) ) ;
#1781 = EDGE_LOOP ( 'NONE', ( #323, #3400, #2906, #2780 ) ) ;
#1782 = CARTESIAN_POINT ( 'NONE',  ( 244.8105132940771682, 21.61173914908067317, -35.00290123481511984 ) ) ;
#1783 = ADVANCED_FACE ( 'NONE', ( #43 ), #3243, .T. ) ;
#1784 = DIRECTION ( 'NONE',  ( 1.000000000000000000, -3.700744544794450685E-15, -7.995217608207856944E-23 ) ) ;
#1785 = LINE ( 'NONE', #3094, #3194 ) ;
#1786 = CARTESIAN_POINT ( 'NONE',  ( -246.2242954929709811, -20.93110829366705161, -564.4473782053837567 ) ) ;
#1787 = ORIENTED_EDGE ( 'NONE', *, *, #1125, .F. ) ;
#1788 = ORIENTED_EDGE ( 'NONE', *, *, #2640, .F. ) ;
#1789 = CARTESIAN_POINT ( 'NONE',  ( 250.0000000000000000, 15.00000000000012790, -34.49999999999995026 ) ) ;
#1790 = CARTESIAN_POINT ( 'NONE',  ( 250.0000000000000000, -22.00000000000010658, 27.49999999999992184 ) ) ;
#1791 = CARTESIAN_POINT ( 'NONE',  ( -350.0000000000000000, -14.99999999999991296, -627.5000000000001137 ) ) ;
#1792 = AXIS2_PLACEMENT_3D ( 'NONE', #112, #2578, #3075 ) ;
#1793 = EDGE_LOOP ( 'NONE', ( #236, #3300, #699, #2970 ) ) ;
#1794 = EDGE_CURVE ( 'NONE', #1198, #1126, #591, .T. ) ;
#1795 = CARTESIAN_POINT ( 'NONE',  ( 249.4876017348489370, -15.48036715287456566, -37.49130964019646939 ) ) ;
#1796 = CARTESIAN_POINT ( 'NONE',  ( -184.3566847147078533, -21.25853891208340585, -35.30057072799785090 ) ) ;
#1797 = AXIS2_PLACEMENT_3D ( 'NONE', #3201, #2657, #2145 ) ;
#1798 = LINE ( 'NONE', #2074, #2574 ) ;
#1799 = ORIENTED_EDGE ( 'NONE', *, *, #1836, .F. ) ;
#1800 = VECTOR ( 'NONE', #2567, 1000.000000000000000 ) ;
#1801 = CARTESIAN_POINT ( 'NONE',  ( 242.4999999999999716, 25.00000000000011013, -27.49999999999996803 ) ) ;
#1802 = FACE_OUTER_BOUND ( 'NONE', #156, .T. ) ;
#1803 = AXIS2_PLACEMENT_3D ( 'NONE', #622, #3337, #1930 ) ;
#1804 = DIRECTION ( 'NONE',  ( 1.000000000000000000, 0.000000000000000000, 0.000000000000000000 ) ) ;
#1805 = DIRECTION ( 'NONE',  ( 0.000000000000000000, 0.000000000000000000, 1.000000000000000000 ) ) ;
#1806 = AXIS2_PLACEMENT_3D ( 'NONE', #667, #693, #123 ) ;
#1807 = ADVANCED_FACE ( 'NONE', ( #3005 ), #329, .T. ) ;
#1808 = DIRECTION ( 'NONE',  ( 3.700744544794450685E-15, 1.000000000000000000, 3.700743274245029804E-15 ) ) ;
#1809 = EDGE_CURVE ( 'NONE', #1751, #2738, #752, .T. ) ;
#1810 = LINE ( 'NONE', #1542, #1413 ) ;
#1811 = CC_DESIGN_SECURITY_CLASSIFICATION ( #863, ( #146 ) ) ;
#1812 = ORIENTED_EDGE ( 'NONE', *, *, #1094, .T. ) ;
#1813 = AXIS2_PLACEMENT_3D ( 'NONE', #1517, #2039, #996 ) ;
#1814 = ORIENTED_EDGE ( 'NONE', *, *, #2908, .F. ) ;
#1815 = CARTESIAN_POINT ( 'NONE',  ( -246.7720617833546441, 20.56265927051851605, -35.81552014449257371 ) ) ;
#1816 = AXIS2_PLACEMENT_3D ( 'NONE', #727, #670, #2062 ) ;
#1817 = CARTESIAN_POINT ( 'NONE',  ( -350.0000000000000000, -22.00000000000010658, -572.5000000000000000 ) ) ;
#1818 = ORIENTED_EDGE ( 'NONE', *, *, #1794, .F. ) ;
#1819 = DIRECTION ( 'NONE',  ( 0.000000000000000000, 0.000000000000000000, -1.000000000000000000 ) ) ;
#1820 = CARTESIAN_POINT ( 'NONE',  ( -181.1567072087545114, -17.96920520995001880, -37.05158525049210994 ) ) ;
#1821 = AXIS2_PLACEMENT_3D ( 'NONE', #1100, #623, #2229 ) ;
#1822 = DIRECTION ( 'NONE',  ( -1.000000000000000000, 0.000000000000000000, 1.586033343532058634E-16 ) ) ;
#1823 = MANIFOLD_SOLID_BREP ( 'Rectangular tube 75 X 50 X 3[1]', #2151 ) ;
#1824 = ORIENTED_EDGE ( 'NONE', *, *, #1581, .T. ) ;
#1825 = EDGE_CURVE ( 'NONE', #2775, #3157, #1122, .T. ) ;
#1826 = DIRECTION ( 'NONE',  ( 0.000000000000000000, 1.000000000000000000, 3.700743415417186364E-15 ) ) ;
#1827 = CARTESIAN_POINT ( 'NONE',  ( 350.0000000000000000, 21.99999999999991473, -572.5000000000000000 ) ) ;
#1828 = LINE ( 'NONE', #3209, #639 ) ;
#1829 = FACE_BOUND ( 'NONE', #1455, .T. ) ;
#1830 = EDGE_CURVE ( 'NONE', #217, #2505, #473, .T. ) ;
#1831 = LINE ( 'NONE', #2715, #1196 ) ;
#1832 = CARTESIAN_POINT ( 'NONE',  ( -249.5000000000000568, -15.00000000000197531, -37.50000000000003553 ) ) ;
#1833 = ORIENTED_EDGE ( 'NONE', *, *, #2763, .F. ) ;
#1834 = APPROVAL_STATUS ( 'not_yet_approved' ) ;
#1835 = DIRECTION ( 'NONE',  ( 0.000000000000000000, 0.000000000000000000, -1.000000000000000000 ) ) ;
#1836 = EDGE_CURVE ( 'NONE', #1073, #1724, #777, .T. ) ;
#1837 = CARTESIAN_POINT ( 'NONE',  ( -185.6276725156495218, -21.76143341828088751, -34.86885791384683841 ) ) ;
#1838 = FACE_BOUND ( 'NONE', #1928, .T. ) ;
#1839 = EDGE_LOOP ( 'NONE', ( #280, #1324, #1379, #75 ) ) ;
#1840 = DIRECTION ( 'NONE',  ( 0.000000000000000000, 3.700743415417186364E-15, -1.000000000000000000 ) ) ;
#1841 = CARTESIAN_POINT ( 'NONE',  ( 247.1170119655633641, 20.27996952961165178, -36.00001748584080730 ) ) ;
#1842 = EDGE_CURVE ( 'NONE', #3183, #1564, #2264, .T. ) ;
#1843 = CARTESIAN_POINT ( 'NONE',  ( 247.1126084882291707, 20.28409637421220424, -564.0024369250063501 ) ) ;
#1844 = DIRECTION ( 'NONE',  ( -7.690840992182485042E-23, -4.235164736271500755E-22, 1.000000000000000000 ) ) ;
#1845 = CARTESIAN_POINT ( 'NONE',  ( -249.4384457437814717, -15.95671378532268569, -562.5430064948893687 ) ) ;
#1846 = ADVANCED_FACE ( 'NONE', ( #430 ), #2859, .F. ) ;
#1847 = ORIENTED_EDGE ( 'NONE', *, *, #1331, .F. ) ;
#1848 = ORIENTED_EDGE ( 'NONE', *, *, #1219, .T. ) ;
#1849 = CARTESIAN_POINT ( 'NONE',  ( -243.6791422293264304, 21.90400402829003568, -34.73456913599105889 ) ) ;
#1850 = CARTESIAN_POINT ( 'NONE',  ( 177.4999999999999147, -20.85786437626908452, -562.5000000000002274 ) ) ;
#1851 = ORIENTED_EDGE ( 'NONE', *, *, #2924, .T. ) ;
#1852 = ADVANCED_FACE ( 'NONE', ( #1952 ), #92, .F. ) ;
#1853 = FACE_OUTER_BOUND ( 'NONE', #1781, .T. ) ;
#1854 = CARTESIAN_POINT ( 'NONE',  ( 180.4999999999998863, -14.99999999999988987, -600.0000000000000000 ) ) ;
#1855 = CARTESIAN_POINT ( 'NONE',  ( 180.5985593436209058, -16.19412149417498625, -562.5688027689642468 ) ) ;
#1856 = ORIENTED_EDGE ( 'NONE', *, *, #229, .F. ) ;
#1857 = CARTESIAN_POINT ( 'NONE',  ( 350.0000000000000000, 14.99999999999987921, -562.5000000000001137 ) ) ;
#1858 = DIRECTION ( 'NONE',  ( 0.000000000000000000, 1.000000000000000000, -4.235164736271500755E-22 ) ) ;
#1859 = VECTOR ( 'NONE', #2194, 1000.000000000000000 ) ;
#1860 = LINE ( 'NONE', #1883, #2169 ) ;
#1861 = CIRCLE ( 'NONE', #1351, 3.299999999999997158 ) ;
#1862 = PLANE ( 'NONE',  #3399 ) ;
#1863 = ORIENTED_EDGE ( 'NONE', *, *, #1616, .F. ) ;
#1864 = VERTEX_POINT ( 'NONE', #2838 ) ;
#1865 = AXIS2_PLACEMENT_3D ( 'NONE', #3323, #121, #895 ) ;
#1866 = EDGE_CURVE ( 'NONE', #1756, #2532, #408, .T. ) ;
#1867 =( LENGTH_UNIT ( ) NAMED_UNIT ( * ) SI_UNIT ( .MILLI., .METRE. ) );
#1868 = VECTOR ( 'NONE', #2305, 1000.000000000000000 ) ;
#1869 = DIRECTION ( 'NONE',  ( 1.000000000000000000, -3.700744544794450685E-15, -7.085965169253082379E-23 ) ) ;
#1870 = ORIENTED_EDGE ( 'NONE', *, *, #234, .T. ) ;
#1871 = AXIS2_PLACEMENT_3D ( 'NONE', #2591, #1011, #2092 ) ;
#1872 = DIRECTION ( 'NONE',  ( 0.000000000000000000, 0.000000000000000000, 1.000000000000000000 ) ) ;
#1873 = CARTESIAN_POINT ( 'NONE',  ( 350.0000000000000000, 22.00000000000010658, -627.5000000000001137 ) ) ;
#1874 = B_SPLINE_CURVE_WITH_KNOTS ( 'NONE', 3,
 ( #3062, #2560, #2008, #2291, #3363, #3109, #1735, #2594, #2530, #3344, #3329, #177, #2863, #651, #414, #114, #395, #1704, #1485, #903, #379, #160 ),
 .UNSPECIFIED., .F., .F.,
 ( 4, 2, 2, 2, 2, 2, 2, 2, 2, 2, 4 ),
 ( 3.469446951953639611E-18, 0.001421279481378021764, 0.002842558962756040059, 0.004263838444134058353, 0.005685117925512076648, 0.007106397406890094942, 0.008527676888268113237, 0.009238316628957118914, 0.009948956369646122858, 0.01065959611033512854, 0.01137023585102413421 ),
 .UNSPECIFIED. ) ;
#1875 = CIRCLE ( 'NONE', #265, 3.299999999999969624 ) ;
#1876 = CARTESIAN_POINT ( 'NONE',  ( -180.5123982651509777, 15.48036715287433118, -562.5086903598036088 ) ) ;
#1877 = EDGE_LOOP ( 'NONE', ( #2366, #1400, #3424, #2504 ) ) ;
#1878 = AXIS2_PLACEMENT_3D ( 'NONE', #3069, #3308, #1605 ) ;
#1879 = CARTESIAN_POINT ( 'NONE',  ( 242.5000000000000568, 24.99999999999991473, -600.0000000000000000 ) ) ;
#1880 = DIRECTION ( 'NONE',  ( 0.000000000000000000, 3.532527805625498298E-15, -1.000000000000000000 ) ) ;
#1881 = FACE_OUTER_BOUND ( 'NONE', #767, .T. ) ;
#1882 = EDGE_CURVE ( 'NONE', #2186, #2619, #2102, .T. ) ;
#1883 = CARTESIAN_POINT ( 'NONE',  ( 252.5000000000000568, 14.99999999999779554, -37.49999999999992184 ) ) ;
#1884 = EDGE_LOOP ( 'NONE', ( #1486, #1045, #1902, #3135 ) ) ;
#1885 = ORIENTED_EDGE ( 'NONE', *, *, #350, .T. ) ;
#1886 = CARTESIAN_POINT ( 'NONE',  ( -242.4999999999999432, 21.99999999999837641, -34.64142842854445092 ) ) ;
#1887 = ADVANCED_FACE ( 'NONE', ( #1461 ), #2501, .T. ) ;
#1888 = ORIENTED_EDGE ( 'NONE', *, *, #2322, .T. ) ;
#1889 = CARTESIAN_POINT ( 'NONE',  ( -180.7428760836605477, -16.88799191860690385, -37.33127178210462915 ) ) ;
#1890 = CARTESIAN_POINT ( 'NONE',  ( 250.0000000000000000, -15.00000000000012790, 34.49999999999994316 ) ) ;
#1891 = EDGE_CURVE ( 'NONE', #2957, #2537, #3374, .T. ) ;
#1892 = CARTESIAN_POINT ( 'NONE',  ( 183.2279382166452706, -20.56265927051838460, -564.1844798555076750 ) ) ;
#1893 = DIRECTION ( 'NONE',  ( 0.000000000000000000, 1.000000000000000000, 3.700742850728556176E-15 ) ) ;
#1894 = CARTESIAN_POINT ( 'NONE',  ( 242.5000000000000284, 14.99999999999991473, -599.9999999999998863 ) ) ;
#1895 = DIRECTION ( 'NONE',  ( -1.000000000000000000, -0.000000000000000000, 1.586032892321652236E-16 ) ) ;
#1896 = CARTESIAN_POINT ( 'NONE',  ( 177.5000000000000000, 15.00000000000014033, -562.5000000000000000 ) ) ;
#1897 = CARTESIAN_POINT ( 'NONE',  ( 242.4999999999998863, -22.00000000000011013, -600.0000000000000000 ) ) ;
#1898 = DIRECTION ( 'NONE',  ( -1.000000000000000000, -0.000000000000000000, 1.586032892321652236E-16 ) ) ;
#1899 = ADVANCED_FACE ( 'NONE', ( #1432 ), #2785, .F. ) ;
#1900 = EDGE_CURVE ( 'NONE', #1709, #673, #1967, .T. ) ;
#1901 = ORIENTED_EDGE ( 'NONE', *, *, #914, .T. ) ;
#1902 = ORIENTED_EDGE ( 'NONE', *, *, #1633, .F. ) ;
#1903 = DATE_AND_TIME ( #3264, #2453 ) ;
#1904 = CARTESIAN_POINT ( 'NONE',  ( -187.4999999999998863, 21.99999999999991829, -599.9999999999998863 ) ) ;
#1905 = ORIENTED_EDGE ( 'NONE', *, *, #289, .T. ) ;
#1906 = CARTESIAN_POINT ( 'NONE',  ( 250.0000000000000000, -24.99999999999992184, -27.50000000000013500 ) ) ;
#1907 = DIRECTION ( 'NONE',  ( -1.000000000000000000, 0.000000000000000000, 1.586033434521926015E-16 ) ) ;
#1908 = CARTESIAN_POINT ( 'NONE',  ( -184.5607800188673195, 21.35710599508961138, -564.7798522210039209 ) ) ;
#1909 = ORIENTED_EDGE ( 'NONE', *, *, #1003, .T. ) ;
#1910 = EDGE_CURVE ( 'NONE', #2870, #2601, #869, .T. ) ;
#1911 = DIRECTION ( 'NONE',  ( 0.000000000000000000, -1.000000000000000000, -3.700743415417186364E-15 ) ) ;
#1912 = FACE_BOUND ( 'NONE', #799, .T. ) ;
#1913 = CARTESIAN_POINT ( 'NONE',  ( -350.0000000000000000, 14.99999999999988809, -565.4999999999998863 ) ) ;
#1914 = CARTESIAN_POINT ( 'NONE',  ( 187.5000000000000000, 24.99999999999991473, -572.5000000000000000 ) ) ;
#1915 = AXIS2_PLACEMENT_3D ( 'NONE', #369, #3351, #955 ) ;
#1916 = CARTESIAN_POINT ( 'NONE',  ( 184.9779891712727817, 21.53377733873121258, -564.9288069355022799 ) ) ;
#1917 = CARTESIAN_POINT ( 'NONE',  ( 350.0000000000000000, 21.99999999999991473, -572.5000000000000000 ) ) ;
#1918 = CIRCLE ( 'NONE', #2386, 3.299999999999969624 ) ;
#1919 = ADVANCED_FACE ( 'NONE', ( #3389 ), #1482, .T. ) ;
#1920 = ORIENTED_EDGE ( 'NONE', *, *, #943, .F. ) ;
#1921 = ORIENTED_EDGE ( 'NONE', *, *, #1263, .T. ) ;
#1922 = AXIS2_PLACEMENT_3D ( 'NONE', #158, #2303, #811 ) ;
#1923 = CARTESIAN_POINT ( 'NONE',  ( -246.7757834433384119, 20.56005637780914341, -564.1826560265602666 ) ) ;
#1924 = AXIS2_PLACEMENT_3D ( 'NONE', #3296, #818, #2447 ) ;
#1925 = CARTESIAN_POINT ( 'NONE',  ( -180.5000000000000284, -15.00000000000013323, -37.50000000000003553 ) ) ;
#1926 = DIRECTION ( 'NONE',  ( 0.000000000000000000, -1.000000000000000000, -3.700743415417186364E-15 ) ) ;
#1927 = CARTESIAN_POINT ( 'NONE',  ( 181.5953175862387639, -18.76621790498517939, -563.2341640627256538 ) ) ;
#1928 = EDGE_LOOP ( 'NONE', ( #1426, #3384 ) ) ;
#1929 = AXIS2_PLACEMENT_3D ( 'NONE', #709, #185, #1290 ) ;
#1930 = DIRECTION ( 'NONE',  ( 0.000000000000000000, 0.000000000000000000, -1.000000000000000000 ) ) ;
#1931 = LINE ( 'NONE', #36, #977 ) ;
#1932 = AXIS2_PLACEMENT_3D ( 'NONE', #1326, #1840, #1826 ) ;
#1933 = CARTESIAN_POINT ( 'NONE',  ( 252.5000000000000568, 20.85786437626895662, -562.5000000000001137 ) ) ;
#1934 = ADVANCED_FACE ( 'NONE', ( #963 ), #2317, .T. ) ;
#1935 = AXIS2_PLACEMENT_3D ( 'NONE', #2766, #85, #2482 ) ;
#1936 = CARTESIAN_POINT ( 'NONE',  ( 181.2542252769817139, 18.16890273626571428, -563.0130182068265867 ) ) ;
#1937 = CARTESIAN_POINT ( 'NONE',  ( 252.5000000000000568, 14.99999999999987743, -37.49999999999992184 ) ) ;
#1938 = EDGE_CURVE ( 'NONE', #2016, #1709, #3152, .T. ) ;
#1939 = ORIENTED_EDGE ( 'NONE', *, *, #2654, .T. ) ;
#1940 = CARTESIAN_POINT ( 'NONE',  ( -246.2240556034300596, 20.93131921306274279, -564.4475120728443471 ) ) ;
#1941 = VERTEX_POINT ( 'NONE', #2120 ) ;
#1942 = DIRECTION ( 'NONE',  ( 0.000000000000000000, 0.000000000000000000, 1.000000000000000000 ) ) ;
#1943 = CARTESIAN_POINT ( 'NONE',  ( 250.0000000000000000, 15.00000000000010481, -27.50000000000002487 ) ) ;
#1944 = LINE ( 'NONE', #660, #3073 ) ;
#1945 = ADVANCED_FACE ( 'NONE', ( #1036 ), #779, .T. ) ;
#1946 = EDGE_LOOP ( 'NONE', ( #2146, #489, #223, #638 ) ) ;
#1947 = ORIENTED_EDGE ( 'NONE', *, *, #1547, .F. ) ;
#1948 = CARTESIAN_POINT ( 'NONE',  ( -187.4999999999998863, 21.99999999999992184, -599.9999999999998863 ) ) ;
#1949 = CARTESIAN_POINT ( 'NONE',  ( 249.1180191725539146, -17.32663071661655607, -562.7644884280433644 ) ) ;
#1950 = B_SPLINE_CURVE_WITH_KNOTS ( 'NONE', 3,
 ( #2510, #2269, #923, #364, #1629, #1974, #614, #3282, #2814, #872, #2200, #1164, #2737, #2790, #1923, #1940, #346, #317, #3077, #653, #1375, #3345, #1147, #380, #2474, #904 ),
 .UNSPECIFIED., .F., .F.,
 ( 4, 2, 2, 2, 2, 2, 2, 2, 2, 2, 2, 2, 4 ),
 ( 0.02273717132267091129, 0.02344626432574591426, 0.02415535732882091724, 0.02557354333497095442, 0.02628263633804594004, 0.02699172934112092914, 0.02840991534727100448, 0.02982810135342107982, 0.03053719435649609321, 0.03124628735957109965, 0.03195538036264611303, 0.03266447336572111948, 0.03408265937187120176 ),
 .UNSPECIFIED. ) ;
#1951 = CARTESIAN_POINT ( 'NONE',  ( -252.4999999999998863, 15.00000000000014033, -562.5000000000000000 ) ) ;
#1952 = FACE_OUTER_BOUND ( 'NONE', #808, .T. ) ;
#1953 = CARTESIAN_POINT ( 'NONE',  ( -214.9999999999998863, 24.99999999999999289, -603.2999999999999545 ) ) ;
#1954 = PERSON_AND_ORGANIZATION ( #3055, #2162 ) ;
#1955 = EDGE_CURVE ( 'NONE', #365, #2816, #3137, .T. ) ;
#1956 = DIRECTION ( 'NONE',  ( 1.000000000000000000, 0.000000000000000000, 0.000000000000000000 ) ) ;
#1957 = DIRECTION ( 'NONE',  ( -7.690840992182485042E-23, -4.235164736271500755E-22, 1.000000000000000000 ) ) ;
#1958 = VERTEX_POINT ( 'NONE', #979 ) ;
#1959 = ORIENTED_EDGE ( 'NONE', *, *, #1955, .F. ) ;
#1960 = CARTESIAN_POINT ( 'NONE',  ( -183.9604386751775280, -21.05524842271384856, -564.5359955467856707 ) ) ;
#1961 = DIRECTION ( 'NONE',  ( 3.700744544794450685E-15, 1.000000000000000000, 3.700742850728556176E-15 ) ) ;
#1962 = ORIENTED_EDGE ( 'NONE', *, *, #2380, .T. ) ;
#1963 = ORIENTED_EDGE ( 'NONE', *, *, #3266, .F. ) ;
#1964 = ADVANCED_FACE ( 'NONE', ( #2607 ), #187, .T. ) ;
#1965 = PLANE ( 'NONE',  #1700 ) ;
#1966 = DIRECTION ( 'NONE',  ( -3.700744544794450685E-15, -1.000000000000000000, 4.235164736271500755E-22 ) ) ;
#1967 = LINE ( 'NONE', #1699, #2568 ) ;
#1968 = AXIS2_PLACEMENT_3D ( 'NONE', #3048, #2204, #79 ) ;
#1969 = ORIENTED_EDGE ( 'NONE', *, *, #95, .F. ) ;
#1970 = COORDINATED_UNIVERSAL_TIME_OFFSET ( 8, 0, .AHEAD. ) ;
#1971 = CARTESIAN_POINT ( 'NONE',  ( -350.0000000000000000, -21.99999999999991473, -627.5000000000001137 ) ) ;
#1972 = AXIS2_PLACEMENT_3D ( 'NONE', #2975, #2382, #1835 ) ;
#1973 = DIRECTION ( 'NONE',  ( -1.000000000000000000, -0.000000000000000000, 1.586032892321652236E-16 ) ) ;
#1974 = CARTESIAN_POINT ( 'NONE',  ( -249.2597943580152844, 16.87843014814955822, -562.6668892758351603 ) ) ;
#1975 = ORIENTED_EDGE ( 'NONE', *, *, #954, .T. ) ;
#1976 = ORIENTED_EDGE ( 'NONE', *, *, #1032, .T. ) ;
#1977 = EDGE_CURVE ( 'NONE', #1765, #1001, #2627, .T. ) ;
#1978 = AXIS2_PLACEMENT_3D ( 'NONE', #133, #2243, #1425 ) ;
#1979 = DIRECTION ( 'NONE',  ( -7.690840992182485042E-23, -4.235164736271500755E-22, 1.000000000000000000 ) ) ;
#1980 = LINE ( 'NONE', #2550, #303 ) ;
#1981 = CARTESIAN_POINT ( 'NONE',  ( 242.4999999999998863, -22.00000000000011013, -34.64142842854261772 ) ) ;
#1982 = CARTESIAN_POINT ( 'NONE',  ( 350.0000000000000000, -14.99999999999988809, -634.5000000000002274 ) ) ;
#1983 = CARTESIAN_POINT ( 'NONE',  ( 250.0000000000000000, 24.99999999999991118, 27.50000000000008171 ) ) ;
#1984 = APPROVAL_PERSON_ORGANIZATION ( #1954, #1651, #611 ) ;
#1985 = VECTOR ( 'NONE', #1973, 1000.000000000000000 ) ;
#1986 = AXIS2_PLACEMENT_3D ( 'NONE', #794, #2747, #1880 ) ;
#1987 = VECTOR ( 'NONE', #1396, 1000.000000000000000 ) ;
#1988 = EDGE_LOOP ( 'NONE', ( #2306, #2236, #3250, #2449 ) ) ;
#1989 = CARTESIAN_POINT ( 'NONE',  ( 242.4999999999998863, -22.00000000000011013, -565.3585715714573325 ) ) ;
#1990 = VECTOR ( 'NONE', #1341, 1000.000000000000000 ) ;
#1991 = CARTESIAN_POINT ( 'NONE',  ( 350.0000000000000000, -14.99999999999987743, -637.5000000000002274 ) ) ;
#1992 = VERTEX_POINT ( 'NONE', #207 ) ;
#1993 = ORIENTED_EDGE ( 'NONE', *, *, #2995, .F. ) ;
#1994 = CARTESIAN_POINT ( 'NONE',  ( -186.5461269622242639, -21.93880767778523477, -565.2990204901880134 ) ) ;
#1995 = ADVANCED_FACE ( 'NONE', ( #2356 ), #3426, .F. ) ;
#1996 = DIRECTION ( 'NONE',  ( -1.000000000000000000, 0.000000000000000000, 6.780942318374154600E-23 ) ) ;
#1997 = CARTESIAN_POINT ( 'NONE',  ( -214.9999999999998863, 24.99999999999999289, -596.7000000000000455 ) ) ;
#1998 = EDGE_LOOP ( 'NONE', ( #2293, #2533, #3432, #2596 ) ) ;
#1999 = ADVANCED_FACE ( 'NONE', ( #1802 ), #2913, .T. ) ;
#2000 = CARTESIAN_POINT ( 'NONE',  ( 181.2584761680793690, 18.17725335865660341, -36.98418241366677961 ) ) ;
#2001 = CARTESIAN_POINT ( 'NONE',  ( 246.0395613248225288, -21.05524842271384856, -564.5359955467858981 ) ) ;
#2002 = CARTESIAN_POINT ( 'NONE',  ( 215.0000000000000568, 24.99999999999850431, -1.110223024625156540E-13 ) ) ;
#2003 = LINE ( 'NONE', #1953, #3232 ) ;
#2004 = FACE_OUTER_BOUND ( 'NONE', #1839, .T. ) ;
#2005 = DIRECTION ( 'NONE',  ( -1.000000000000000000, -0.000000000000000000, -0.000000000000000000 ) ) ;
#2006 = EDGE_CURVE ( 'NONE', #3183, #1864, #1311, .T. ) ;
#2007 = EDGE_CURVE ( 'NONE', #948, #878, #2057, .T. ) ;
#2008 = CARTESIAN_POINT ( 'NONE',  ( 180.5491285263177588, -15.95210075985672304, -37.46543667909865150 ) ) ;
#2009 = CARTESIAN_POINT ( 'NONE',  ( 249.4384457437815001, 15.95671378532266615, -562.5430064948892550 ) ) ;
#2010 = ORIENTED_EDGE ( 'NONE', *, *, #78, .T. ) ;
#2011 = VERTEX_POINT ( 'NONE', #555 ) ;
#2012 = CARTESIAN_POINT ( 'NONE',  ( -250.0000000000000000, 24.99999999999991118, 27.50000000000008171 ) ) ;
#2013 = DIRECTION ( 'NONE',  ( -6.780942318374154600E-23, -4.235164736271500755E-22, 1.000000000000000000 ) ) ;
#2014 = CARTESIAN_POINT ( 'NONE',  ( -180.4999999999999147, 14.99999999999780798, -37.49999999999992184 ) ) ;
#2015 = ORIENTED_EDGE ( 'NONE', *, *, #1540, .F. ) ;
#2016 = VERTEX_POINT ( 'NONE', #538 ) ;
#2017 = CARTESIAN_POINT ( 'NONE',  ( 250.0000000000000000, 14.99999999999988809, 34.50000000000004974 ) ) ;
#2018 = CARTESIAN_POINT ( 'NONE',  ( -250.0000000000000000, -15.00000000000010303, 27.49999999999994316 ) ) ;
#2019 = CARTESIAN_POINT ( 'NONE',  ( -250.0000000000000000, 25.00000000000010658, -27.49999999999991118 ) ) ;
#2020 = EDGE_CURVE ( 'NONE', #1664, #370, #1193, .T. ) ;
#2021 = DIRECTION ( 'NONE',  ( -6.780942318374154600E-23, -4.235164736271500755E-22, 1.000000000000000000 ) ) ;
#2022 = ORIENTED_EDGE ( 'NONE', *, *, #873, .F. ) ;
#2023 = CARTESIAN_POINT ( 'NONE',  ( -180.4999999999999432, 15.48150225914672973, -37.49999999999985789 ) ) ;
#2024 = CARTESIAN_POINT ( 'NONE',  ( 177.5000000000000568, 20.85786437626918755, -37.50000000000000000 ) ) ;
#2025 = VERTEX_POINT ( 'NONE', #37 ) ;
#2026 = ORIENTED_EDGE ( 'NONE', *, *, #2676, .T. ) ;
#2027 = AXIS2_PLACEMENT_3D ( 'NONE', #175, #1784, #3210 ) ;
#2028 = LINE ( 'NONE', #731, #3448 ) ;
#2029 = VECTOR ( 'NONE', #3193, 1000.000000000000000 ) ;
#2030 = EDGE_LOOP ( 'NONE', ( #1468, #545, #2899, #2938 ) ) ;
#2031 = ORIENTED_EDGE ( 'NONE', *, *, #1091, .F. ) ;
#2032 = AXIS2_PLACEMENT_3D ( 'NONE', #956, #2618, #166 ) ;
#2033 = PLANE ( 'NONE',  #1690 ) ;
#2034 = CYLINDRICAL_SURFACE ( 'NONE', #3304, 7.000000000000006217 ) ;
#2035 = DIRECTION ( 'NONE',  ( -1.000000000000000000, -0.000000000000000000, -0.000000000000000000 ) ) ;
#2036 = ORIENTED_EDGE ( 'NONE', *, *, #2458, .T. ) ;
#2037 = VECTOR ( 'NONE', #3163, 1000.000000000000000 ) ;
#2038 = VECTOR ( 'NONE', #2878, 1000.000000000000000 ) ;
#2039 = DIRECTION ( 'NONE',  ( -1.000000000000000000, -0.000000000000000000, 1.586032892321652236E-16 ) ) ;
#2040 = EDGE_CURVE ( 'NONE', #674, #1001, #2177, .T. ) ;
#2041 = AXIS2_PLACEMENT_3D ( 'NONE', #3444, #3407, #725 ) ;
#2042 = CARTESIAN_POINT ( 'NONE',  ( -185.8558984782913512, 21.80819141826689389, -34.82480283474298943 ) ) ;
#2043 = CARTESIAN_POINT ( 'NONE',  ( 250.0000000000000000, 15.00000000000014033, -37.49999999999992184 ) ) ;
#2044 = EDGE_CURVE ( 'NONE', #2718, #3092, #1082, .T. ) ;
#2045 = AXIS2_PLACEMENT_3D ( 'NONE', #2722, #2133, #2408 ) ;
#2046 = ORIENTED_EDGE ( 'NONE', *, *, #3328, .T. ) ;
#2047 = ORIENTED_EDGE ( 'NONE', *, *, #3207, .T. ) ;
#2048 = VECTOR ( 'NONE', #564, 1000.000000000000000 ) ;
#2049 = DIRECTION ( 'NONE',  ( 5.602705292762868653E-31, 1.000000000000000000, 3.532527805625498298E-15 ) ) ;
#2050 = CARTESIAN_POINT ( 'NONE',  ( 350.0000000000000000, 15.00000000000012790, -634.5000000000001137 ) ) ;
#2051 = CARTESIAN_POINT ( 'NONE',  ( -214.9999999999998863, 24.99999999999999289, 3.299999999999886136 ) ) ;
#2052 = EDGE_LOOP ( 'NONE', ( #544, #1338, #1625, #115, #2298, #1049, #1317, #1597 ) ) ;
#2053 = DIRECTION ( 'NONE',  ( 0.000000000000000000, -3.700743415417186364E-15, 1.000000000000000000 ) ) ;
#2054 = CARTESIAN_POINT ( 'NONE',  ( 183.2279382166453843, 20.56265927051858355, -35.81552014449250976 ) ) ;
#2055 = DIRECTION ( 'NONE',  ( -1.000000000000000000, 0.000000000000000000, 6.780942318374154600E-23 ) ) ;
#2056 = ADVANCED_FACE ( 'NONE', ( #2466, #1912, #3222, #1052 ), #3258, .F. ) ;
#2057 =( BOUNDED_CURVE ( )  B_SPLINE_CURVE ( 3, ( #859, #844, #1933, #2153 ),
 .UNSPECIFIED., .F., .F. ) 
 B_SPLINE_CURVE_WITH_KNOTS ( ( 4, 4 ),
 ( 4.712388980384691450, 6.283185307179586232 ),
 .UNSPECIFIED. ) 
 CURVE ( )  GEOMETRIC_REPRESENTATION_ITEM ( )  RATIONAL_B_SPLINE_CURVE ( ( 1.000000000000000000, 0.8047378541243654926, 0.8047378541243654926, 1.000000000000000000 ) ) 
 REPRESENTATION_ITEM ( '' )  );
#2058 = ORIENTED_EDGE ( 'NONE', *, *, #3320, .F. ) ;
#2059 = B_SPLINE_CURVE_WITH_KNOTS ( 'NONE', 3,
 ( #1778, #237, #3203, #773, #1289, #1837, #2944, #2422, #1796, #1010, #2903, #3148, #476, #1533, #220, #2369, #1549, #3438, #1820, #1075, #1889, #598, #3010, #349, #2514, #1925 ),
 .UNSPECIFIED., .F., .F.,
 ( 4, 2, 2, 2, 2, 2, 2, 2, 2, 2, 2, 2, 4 ),
 ( 0.01137023585102438054, 0.01208014783211160820, 0.01279005981319883585, 0.01420988377537336575, 0.01491979575646063157, 0.01562970773754790085, 0.01704953169972237004, 0.01846935566189683922, 0.01917926764298407555, 0.01988917962407131187, 0.02130900358624573596, 0.02201891556733295841, 0.02272882754842018085 ),
 .UNSPECIFIED. ) ;
#2060 = CARTESIAN_POINT ( 'NONE',  ( 248.0279326906350263, 19.31810612875709765, -36.52878126643432211 ) ) ;
#2061 = CYLINDRICAL_SURFACE ( 'NONE', #633, 7.000000000000006217 ) ;
#2062 = DIRECTION ( 'NONE',  ( 0.000000000000000000, 0.000000000000000000, -1.000000000000000000 ) ) ;
#2063 = LINE ( 'NONE', #450, #1080 ) ;
#2064 = VERTEX_POINT ( 'NONE', #1592 ) ;
#2065 = ORIENTED_EDGE ( 'NONE', *, *, #2282, .F. ) ;
#2066 = EDGE_CURVE ( 'NONE', #2320, #1608, #3018, .T. ) ;
#2067 = EDGE_CURVE ( 'NONE', #3280, #1677, #1030, .T. ) ;
#2068 = DIRECTION ( 'NONE',  ( 0.000000000000000000, 0.000000000000000000, -1.000000000000000000 ) ) ;
#2069 = DIRECTION ( 'NONE',  ( 0.000000000000000000, 0.000000000000000000, -1.000000000000000000 ) ) ;
#2070 = EDGE_LOOP ( 'NONE', ( #534, #1901, #344, #2418 ) ) ;
#2071 = ORIENTED_EDGE ( 'NONE', *, *, #587, .T. ) ;
#2072 = DIRECTION ( 'NONE',  ( -1.000000000000000000, -0.000000000000000000, -0.000000000000000000 ) ) ;
#2073 = CYLINDRICAL_SURFACE ( 'NONE', #3359, 10.00000000000000533 ) ;
#2074 = CARTESIAN_POINT ( 'NONE',  ( 350.0000000000000000, -15.00000000000012790, -565.5000000000001137 ) ) ;
#2075 = CARTESIAN_POINT ( 'NONE',  ( -177.4999999999999147, 14.99999999999988098, -562.5000000000000000 ) ) ;
#2076 = ORIENTED_EDGE ( 'NONE', *, *, #2127, .T. ) ;
#2077 = EDGE_CURVE ( 'NONE', #2536, #1126, #3350, .T. ) ;
#2078 = FACE_OUTER_BOUND ( 'NONE', #1117, .T. ) ;
#2079 = CARTESIAN_POINT ( 'NONE',  ( 215.0000000000000568, 24.99999999999850786, -300.0000000000000568 ) ) ;
#2080 = PLANE ( 'NONE',  #1181 ) ;
#2081 = DIRECTION ( 'NONE',  ( -0.000000000000000000, 1.000000000000000000, -0.000000000000000000 ) ) ;
#2082 = CARTESIAN_POINT ( 'NONE',  ( 250.0000000000000000, 14.99999999999991296, 27.50000000000004974 ) ) ;
#2083 = CARTESIAN_POINT ( 'NONE',  ( -214.9999999999998863, 22.00000000000000000, -300.0000000000000568 ) ) ;
#2084 = ORIENTED_EDGE ( 'NONE', *, *, #3102, .T. ) ;
#2085 = B_SPLINE_CURVE_WITH_KNOTS ( 'NONE', 3,
 ( #2497, #2539, #624, #2837, #1949, #356, #2554, #946, #3054, #3340, #2523, #2001, #933, #1656, #108, #340, #881, #3373, #3040, #3104, #677, #913 ),
 .UNSPECIFIED., .F., .F.,
 ( 4, 2, 2, 2, 2, 2, 2, 2, 2, 2, 4 ),
 ( 1.387778780781446908E-17, 0.001421279481378013307, 0.002842558962756012737, 0.004263838444134012383, 0.005685117925512011595, 0.007106397406890010808, 0.008527676888268010888, 0.009238316628957047791, 0.009948956369646084694, 0.01065959611033512160, 0.01137023585102416023 ),
 .UNSPECIFIED. ) ;
#2086 = ADVANCED_FACE ( 'NONE', ( #277 ), #1327, .T. ) ;
#2087 = VECTOR ( 'NONE', #1084, 1000.000000000000000 ) ;
#2088 = ORIENTED_EDGE ( 'NONE', *, *, #1712, .F. ) ;
#2089 = CARTESIAN_POINT ( 'NONE',  ( 248.8432927912454886, -17.96920520995000459, -37.05158525049209572 ) ) ;
#2090 = DIRECTION ( 'NONE',  ( 0.000000000000000000, 0.000000000000000000, -1.000000000000000000 ) ) ;
#2091 = AXIS2_PLACEMENT_3D ( 'NONE', #1780, #2905, #1551 ) ;
#2092 = DIRECTION ( 'NONE',  ( 0.000000000000000000, -3.532527805625498298E-15, 1.000000000000000000 ) ) ;
#2093 = EDGE_CURVE ( 'NONE', #3064, #2011, #204, .T. ) ;
#2094 = CYLINDRICAL_SURFACE ( 'NONE', #2559, 7.000000000000006217 ) ;
#2095 = ORIENTED_EDGE ( 'NONE', *, *, #1430, .T. ) ;
#2096 = VECTOR ( 'NONE', #887, 1000.000000000000000 ) ;
#2097 = LINE ( 'NONE', #2411, #3465 ) ;
#2098 = CARTESIAN_POINT ( 'NONE',  ( 249.4508714736820991, 15.95210075985719556, -37.46543667909863728 ) ) ;
#2099 = AXIS2_PLACEMENT_3D ( 'NONE', #2192, #2245, #1671 ) ;
#2100 = CARTESIAN_POINT ( 'NONE',  ( 215.0000000000000568, 24.99999999999850431, -1.110223024625156540E-13 ) ) ;
#2101 = PLANE ( 'NONE',  #2027 ) ;
#2102 = CIRCLE ( 'NONE', #2907, 3.299999999999969624 ) ;
#2103 =( BOUNDED_CURVE ( )  B_SPLINE_CURVE ( 3, ( #1288, #1319, #1850, #1300 ),
 .UNSPECIFIED., .F., .T. ) 
 B_SPLINE_CURVE_WITH_KNOTS ( ( 4, 4 ),
 ( 4.712388980384687009, 6.283185307179586232 ),
 .UNSPECIFIED. ) 
 CURVE ( )  GEOMETRIC_REPRESENTATION_ITEM ( )  RATIONAL_B_SPLINE_CURVE ( ( 1.000000000000000000, 0.8047378541243643824, 0.8047378541243643824, 1.000000000000000000 ) ) 
 REPRESENTATION_ITEM ( '' )  );
#2104 = CARTESIAN_POINT ( 'NONE',  ( -247.1170119655636768, -20.27996952961142796, -36.00001748584083572 ) ) ;
#2105 = LINE ( 'NONE', #3196, #3080 ) ;
#2106 = EDGE_CURVE ( 'NONE', #1650, #1169, #2713, .T. ) ;
#2107 = ORIENTED_EDGE ( 'NONE', *, *, #2492, .T. ) ;
#2108 = VERTEX_POINT ( 'NONE', #1119 ) ;
#2109 = AXIS2_PLACEMENT_3D ( 'NONE', #2179, #3260, #1966 ) ;
#2110 = DIRECTION ( 'NONE',  ( 1.000000000000000000, -3.532527189601535655E-15, -6.590949271428381056E-23 ) ) ;
#2111 = ORIENTED_EDGE ( 'NONE', *, *, #1601, .F. ) ;
#2112 = AXIS2_PLACEMENT_3D ( 'NONE', #1081, #1362, #3324 ) ;
#2113 = ADVANCED_FACE ( 'NONE', ( #1342 ), #2444, .F. ) ;
#2114 = CARTESIAN_POINT ( 'NONE',  ( 250.0000000000000000, -14.99999999999987743, -37.50000000000006395 ) ) ;
#2115 = CARTESIAN_POINT ( 'NONE',  ( 350.0000000000001137, -22.00000000000048672, -565.3585715714577873 ) ) ;
#2116 = DIRECTION ( 'NONE',  ( 0.000000000000000000, 0.000000000000000000, 1.000000000000000000 ) ) ;
#2117 = EDGE_LOOP ( 'NONE', ( #3469, #2319, #2809, #515 ) ) ;
#2118 = EDGE_CURVE ( 'NONE', #334, #2450, #1639, .T. ) ;
#2119 = ADVANCED_FACE ( 'NONE', ( #2572 ), #1208, .T. ) ;
#2120 = CARTESIAN_POINT ( 'NONE',  ( -350.0000000000000000, -14.99999999999988809, -634.5000000000001137 ) ) ;
#2121 = DIRECTION ( 'NONE',  ( -0.000000000000000000, -3.532527805625498298E-15, 1.000000000000000000 ) ) ;
#2122 = DIRECTION ( 'NONE',  ( 0.000000000000000000, 3.532527805625498298E-15, -1.000000000000000000 ) ) ;
#2123 = CARTESIAN_POINT ( 'NONE',  ( -243.4538730377761055, -21.93880767778501806, -34.70097950981228507 ) ) ;
#2124 = CARTESIAN_POINT ( 'NONE',  ( -248.7415238319207162, -18.17725335865642577, -563.0158175863333554 ) ) ;
#2125 = VERTEX_POINT ( 'NONE', #1412 ) ;
#2126 = ORIENTED_EDGE ( 'NONE', *, *, #124, .F. ) ;
#2127 = EDGE_CURVE ( 'NONE', #2705, #1090, #2263, .T. ) ;
#2128 = CALENDAR_DATE ( 2026, 24, 3 ) ;
#2129 = ADVANCED_FACE ( 'NONE', ( #1429 ), #2805, .F. ) ;
#2130 = CARTESIAN_POINT ( 'NONE',  ( 350.0000000000000000, -15.00000000000010303, -572.5000000000001137 ) ) ;
#2131 = ORIENTED_EDGE ( 'NONE', *, *, #1315, .T. ) ;
#2132 = DIRECTION ( 'NONE',  ( -7.738662371345705779E-23, -3.700742850728556176E-15, 1.000000000000000000 ) ) ;
#2133 = DIRECTION ( 'NONE',  ( 1.000000000000000000, 0.000000000000000000, 0.000000000000000000 ) ) ;
#2134 = CARTESIAN_POINT ( 'NONE',  ( -186.5557657020813167, 21.94004718607088122, -565.3002182191592055 ) ) ;
#2135 = VERTEX_POINT ( 'NONE', #374 ) ;
#2136 = B_SPLINE_CURVE_WITH_KNOTS ( 'NONE', 3,
 ( #1981, #603, #1410, #2520, #663, #106, #640, #1692, #2801, #372, #2820, #1427, #1186, #2589, #735, #944, #1009, #707, #2089, #2603, #3184, #992, #2886, #1795, #219, #1273 ),
 .UNSPECIFIED., .F., .F.,
 ( 4, 2, 2, 2, 2, 2, 2, 2, 2, 2, 2, 2, 4 ),
 ( 0.01137023585102440136, 0.01208014783211163942, 0.01279005981319887922, 0.01420988377537335187, 0.01491979575646061942, 0.01562970773754788698, 0.01704953169972235963, 0.01846935566189682881, 0.01917926764298406861, 0.01988917962407130841, 0.02130900358624575330, 0.02201891556733298963, 0.02272882754842022596 ),
 .UNSPECIFIED. ) ;
#2137 = LINE ( 'NONE', #516, #1416 ) ;
#2138 = CARTESIAN_POINT ( 'NONE',  ( -350.0000000000000000, 21.99999999999991118, -572.4999999999998863 ) ) ;
#2139 = LINE ( 'NONE', #2154, #1859 ) ;
#2140 = EDGE_CURVE ( 'NONE', #930, #66, #1694, .T. ) ;
#2141 = CARTESIAN_POINT ( 'NONE',  ( -177.4999999999999147, 14.99999999999988098, -599.9999999999998863 ) ) ;
#2142 = ORIENTED_EDGE ( 'NONE', *, *, #145, .F. ) ;
#2143 = ORIENTED_EDGE ( 'NONE', *, *, #1091, .T. ) ;
#2144 = MECHANICAL_CONTEXT ( 'NONE', #2836, 'mechanical' ) ;
#2145 = DIRECTION ( 'NONE',  ( 0.000000000000000000, 0.000000000000000000, 1.000000000000000000 ) ) ;
#2146 = ORIENTED_EDGE ( 'NONE', *, *, #1661, .T. ) ;
#2147 = FACE_OUTER_BOUND ( 'NONE', #3206, .T. ) ;
#2148 = DIRECTION ( 'NONE',  ( -1.000000000000000000, 0.000000000000000000, 1.586033343532058634E-16 ) ) ;
#2149 = CARTESIAN_POINT ( 'NONE',  ( -181.1567072087542556, 17.96920520994973103, -562.9484147495077195 ) ) ;
#2150 = ORIENTED_EDGE ( 'NONE', *, *, #2040, .T. ) ;
#2151 = CLOSED_SHELL ( 'NONE', ( #46, #447, #1899, #2056, #3140, #2755, #1200, #2909, #2987, #1558, #1999, #504, #2796, #2218, #1562, #1344, #1919, #1103, #3336, #3091, #208, #165, #1852, #1552 ) ) ;
#2152 = DIRECTION ( 'NONE',  ( -6.829409932390932390E-23, -3.700742850728556176E-15, 1.000000000000000000 ) ) ;
#2153 = CARTESIAN_POINT ( 'NONE',  ( 252.5000000000000568, 14.99999999999987921, -562.5000000000000000 ) ) ;
#2154 = CARTESIAN_POINT ( 'NONE',  ( 350.0000000000000000, 24.99999999999991118, -572.5000000000000000 ) ) ;
#2155 = AXIS2_PLACEMENT_3D ( 'NONE', #2100, #1539, #2392 ) ;
#2156 = CARTESIAN_POINT ( 'NONE',  ( -244.8105132940773956, -21.61173914908058080, -35.00290123481504878 ) ) ;
#2157 = EDGE_CURVE ( 'NONE', #1391, #1359, #2085, .T. ) ;
#2158 = CARTESIAN_POINT ( 'NONE',  ( -177.4999999999998010, 20.85786437626900636, -37.50000000000004974 ) ) ;
#2159 = ORIENTED_EDGE ( 'NONE', *, *, #717, .F. ) ;
#2160 = ORIENTED_EDGE ( 'NONE', *, *, #1581, .F. ) ;
#2161 = DIRECTION ( 'NONE',  ( 0.000000000000000000, 0.000000000000000000, 1.000000000000000000 ) ) ;
#2162 = ORGANIZATION ( 'UNSPECIFIED', 'UNSPECIFIED', '' ) ;
#2163 = CARTESIAN_POINT ( 'NONE',  ( 250.0000000000000000, -21.99999999999991473, -27.50000000000007461 ) ) ;
#2164 = ORIENTED_EDGE ( 'NONE', *, *, #2267, .F. ) ;
#2165 = B_SPLINE_CURVE_WITH_KNOTS ( 'NONE', 3,
 ( #1519, #2023, #2890, #2318, #2304, #3429, #1195, #3154, #2630, #1445, #141, #3123, #2290, #3391, #966, #2339, #2042, #981, #465, #2358, #159, #3139 ),
 .UNSPECIFIED., .F., .F.,
 ( 4, 2, 2, 2, 2, 2, 2, 2, 2, 2, 4 ),
 ( 2.477255580649230605E-16, 0.001421279481378204344, 0.002842558962756161055, 0.004263838444134118201, 0.005685117925512074913, 0.007106397406890031625, 0.008527676888267988337, 0.009238316628956961055, 0.009948956369645933773, 0.01065959611033490823, 0.01137023585102388094 ),
 .UNSPECIFIED. ) ;
#2166 = DIRECTION ( 'NONE',  ( -0.000000000000000000, 3.532527805625498298E-15, -1.000000000000000000 ) ) ;
#2167 = B_SPLINE_CURVE_WITH_KNOTS ( 'NONE', 3,
 ( #1323, #3013, #3220, #3286, #2708, #256, #3254, #1615, #2997, #828, #566, #1892, #855, #2724, #305, #1927, #1048, #287, #533, #3036, #1378, #1855, #2205, #1337, #2440, #841 ),
 .UNSPECIFIED., .F., .F.,
 ( 4, 2, 2, 2, 2, 2, 2, 2, 2, 2, 2, 2, 4 ),
 ( 0.01137023585102387574, 0.01208014783211105829, 0.01279005981319824084, 0.01420988377537260941, 0.01491979575645988217, 0.01562970773754715492, 0.01704953169972163798, 0.01846935566189611758, 0.01917926764298336084, 0.01988917962407060758, 0.02130900358624512880, 0.02201891556733240329, 0.02272882754841967778 ),
 .UNSPECIFIED. ) ;
#2168 = DIRECTION ( 'NONE',  ( -1.000000000000000000, 0.000000000000000000, 1.586033343532058634E-16 ) ) ;
#2169 = VECTOR ( 'NONE', #1808, 1000.000000000000000 ) ;
#2170 = CARTESIAN_POINT ( 'NONE',  ( -181.5953175862387354, 18.76621790498519715, -563.2341640627257675 ) ) ;
#2171 = EDGE_LOOP ( 'NONE', ( #1433, #1774, #792, #3198 ) ) ;
#2172 = CIRCLE ( 'NONE', #1757, 10.00000000000000533 ) ;
#2173 = EDGE_CURVE ( 'NONE', #2816, #610, #1394, .T. ) ;
#2174 = ADVANCED_FACE ( 'NONE', ( #1673 ), #406, .F. ) ;
#2175 = CARTESIAN_POINT ( 'NONE',  ( -242.5000000000000853, -22.00000000000165201, -34.64142842854111848 ) ) ;
#2176 = CARTESIAN_POINT ( 'NONE',  ( -250.0000000000000000, 15.00000000000010303, -27.49999999999994316 ) ) ;
#2177 = LINE ( 'NONE', #2138, #2629 ) ;
#2178 = CARTESIAN_POINT ( 'NONE',  ( -249.5000000000000568, -14.99999999999989342, -599.9999999999998863 ) ) ;
#2179 = CARTESIAN_POINT ( 'NONE',  ( -180.4999999999999147, 14.99999999999988987, -599.9999999999998863 ) ) ;
#2180 = CARTESIAN_POINT ( 'NONE',  ( -177.4999999999999147, 14.99999999999987921, -37.49999999999992184 ) ) ;
#2181 = EDGE_LOOP ( 'NONE', ( #917, #3182, #1238, #1705 ) ) ;
#2182 = VERTEX_POINT ( 'NONE', #1983 ) ;
#2183 = COORDINATED_UNIVERSAL_TIME_OFFSET ( 8, 0, .AHEAD. ) ;
#2184 = DIRECTION ( 'NONE',  ( -1.000000000000000000, 3.532527189601535655E-15, 6.590949271428381056E-23 ) ) ;
#2185 = ADVANCED_FACE ( 'NONE', ( #2247 ), #3088, .F. ) ;
#2186 = VERTEX_POINT ( 'NONE', #387 ) ;
#2187 = ADVANCED_FACE ( 'NONE', ( #994 ), #2855, .F. ) ;
#2188 = DIRECTION ( 'NONE',  ( 0.000000000000000000, 0.000000000000000000, -1.000000000000000000 ) ) ;
#2189 = DIRECTION ( 'NONE',  ( -7.690840992182485042E-23, -4.235164736271500755E-22, 1.000000000000000000 ) ) ;
#2190 = CARTESIAN_POINT ( 'NONE',  ( -183.7757045070288768, 20.93110829366700187, -564.4473782053837567 ) ) ;
#2191 = ORIENTED_EDGE ( 'NONE', *, *, #1003, .F. ) ;
#2192 = CARTESIAN_POINT ( 'NONE',  ( -214.9999999999998863, 25.00000000000000000, -300.0000000000000568 ) ) ;
#2193 = LINE ( 'NONE', #604, #3251 ) ;
#2194 = DIRECTION ( 'NONE',  ( -0.000000000000000000, -3.532527805625498298E-15, 1.000000000000000000 ) ) ;
#2195 = CARTESIAN_POINT ( 'NONE',  ( 183.9679189359989948, 21.04767861450878641, -564.5348344921453645 ) ) ;
#2196 = ORIENTED_EDGE ( 'NONE', *, *, #1661, .F. ) ;
#2197 = EDGE_CURVE ( 'NONE', #3381, #953, #3118, .T. ) ;
#2198 = ORIENTED_EDGE ( 'NONE', *, *, #3468, .T. ) ;
#2199 = SHAPE_DEFINITION_REPRESENTATION ( #273, #3215 ) ;
#2200 = CARTESIAN_POINT ( 'NONE',  ( -248.4091241867156157, 18.75932316772468411, -563.2313372200379717 ) ) ;
#2201 = ORIENTED_EDGE ( 'NONE', *, *, #1512, .T. ) ;
#2202 = DIRECTION ( 'NONE',  ( 1.000000000000000000, 0.000000000000000000, 0.000000000000000000 ) ) ;
#2203 = EDGE_CURVE ( 'NONE', #2595, #2725, #1798, .T. ) ;
#2204 = DIRECTION ( 'NONE',  ( -0.000000000000000000, 1.000000000000000000, -0.000000000000000000 ) ) ;
#2205 = CARTESIAN_POINT ( 'NONE',  ( 180.5615542562184146, -15.95671378532266971, -562.5430064948893687 ) ) ;
#2206 = CARTESIAN_POINT ( 'NONE',  ( 187.4999999999998863, -22.00000000000014211, -34.64142842854261772 ) ) ;
#2207 = EDGE_CURVE ( 'NONE', #20, #2931, #960, .T. ) ;
#2208 = CARTESIAN_POINT ( 'NONE',  ( 250.0000000000000000, -14.99999999999987743, -37.50000000000006395 ) ) ;
#2209 = LINE ( 'NONE', #2968, #2726 ) ;
#2210 = VECTOR ( 'NONE', #2346, 1000.000000000000000 ) ;
#2211 = CARTESIAN_POINT ( 'NONE',  ( 181.5908758132844127, 18.75932316772481911, -563.2313372200378581 ) ) ;
#2212 = DIRECTION ( 'NONE',  ( -7.690840992182485042E-23, -4.235164736271500755E-22, 1.000000000000000000 ) ) ;
#2213 = CIRCLE ( 'NONE', #1797, 3.299999999999969624 ) ;
#2214 = B_SPLINE_CURVE_WITH_KNOTS ( 'NONE', 3,
 ( #2424, #1358, #53, #2134, #1307, #2461, #791, #1908, #34, #19, #2190, #1586, #1077, #582, #2696, #2170, #274, #1636, #2149, #807, #2742, #1116, #3236, #1876, #322, #929 ),
 .UNSPECIFIED., .F., .F.,
 ( 4, 2, 2, 2, 2, 2, 2, 2, 2, 2, 2, 2, 4 ),
 ( 0.01137023585102420187, 0.01208014783211137921, 0.01279005981319855483, 0.01420988377537290778, 0.01491979575646017013, 0.01562970773754743248, 0.01704953169972188431, 0.01846935566189633962, 0.01917926764298358289, 0.01988917962407082962, 0.02130900358624542718, 0.02201891556733269473, 0.02272882754841995881 ),
 .UNSPECIFIED. ) ;
#2215 = ORIENTED_EDGE ( 'NONE', *, *, #390, .F. ) ;
#2216 = AXIS2_PLACEMENT_3D ( 'NONE', #758, #239, #2387 ) ;
#2217 = EDGE_CURVE ( 'NONE', #1214, #1255, #2799, .T. ) ;
#2218 = ADVANCED_FACE ( 'NONE', ( #459 ), #2353, .F. ) ;
#2219 = CARTESIAN_POINT ( 'NONE',  ( 250.0000000000000000, 15.00000000000013856, -37.49999999999995026 ) ) ;
#2220 = CIRCLE ( 'NONE', #1803, 10.00000000000000533 ) ;
#2221 = ORIENTED_EDGE ( 'NONE', *, *, #140, .T. ) ;
#2222 = CARTESIAN_POINT ( 'NONE',  ( 250.0000000000000000, -21.99999999999991118, -27.50000000000007461 ) ) ;
#2223 = LINE ( 'NONE', #907, #2499 ) ;
#2224 = FACE_OUTER_BOUND ( 'NONE', #2702, .T. ) ;
#2225 = ORIENTED_EDGE ( 'NONE', *, *, #2207, .F. ) ;
#2226 = CIRCLE ( 'NONE', #1079, 7.000000000000006217 ) ;
#2227 = AXIS2_PLACEMENT_3D ( 'NONE', #1894, #570, #1618 ) ;
#2228 = ORIENTED_EDGE ( 'NONE', *, *, #862, .F. ) ;
#2229 = DIRECTION ( 'NONE',  ( 1.000000000000000000, 0.000000000000000000, 0.000000000000000000 ) ) ;
#2230 = VECTOR ( 'NONE', #2593, 1000.000000000000000 ) ;
#2231 = DIRECTION ( 'NONE',  ( 1.000000000000000000, 0.000000000000000000, 0.000000000000000000 ) ) ;
#2232 = EDGE_CURVE ( 'NONE', #942, #2320, #477, .T. ) ;
#2233 = VECTOR ( 'NONE', #202, 1000.000000000000000 ) ;
#2234 = CARTESIAN_POINT ( 'NONE',  ( 187.0185885856999164, 22.00000000000010658, -565.3585715714569915 ) ) ;
#2235 = DIRECTION ( 'NONE',  ( -0.000000000000000000, 1.000000000000000000, -0.000000000000000000 ) ) ;
#2236 = ORIENTED_EDGE ( 'NONE', *, *, #802, .F. ) ;
#2237 = ORIENTED_EDGE ( 'NONE', *, *, #2764, .F. ) ;
#2238 = DATE_TIME_ROLE ( 'creation_date' ) ;
#2239 = UNCERTAINTY_MEASURE_WITH_UNIT (LENGTH_MEASURE( 1.000000000000000082E-05 ), #1867, 'distance_accuracy_value', 'NONE');
#2240 = ORIENTED_EDGE ( 'NONE', *, *, #1741, .T. ) ;
#2241 = CARTESIAN_POINT ( 'NONE',  ( -182.8829880344364085, -20.27996952961172639, -563.9999825141595693 ) ) ;
#2242 = CARTESIAN_POINT ( 'NONE',  ( 250.0000000000000000, 14.99999999999988809, 34.50000000000004974 ) ) ;
#2243 = DIRECTION ( 'NONE',  ( -0.000000000000000000, 1.000000000000000000, -0.000000000000000000 ) ) ;
#2244 = ORIENTED_EDGE ( 'NONE', *, *, #23, .F. ) ;
#2245 = DIRECTION ( 'NONE',  ( 0.000000000000000000, 1.000000000000000000, -4.235164736271500755E-22 ) ) ;
#2246 = DIRECTION ( 'NONE',  ( -3.700744544794450685E-15, -1.000000000000000000, -3.700742850728556176E-15 ) ) ;
#2247 = FACE_OUTER_BOUND ( 'NONE', #1329, .T. ) ;
#2248 = CARTESIAN_POINT ( 'NONE',  ( 183.7759443965700825, 20.93131921306284582, -564.4475120728448019 ) ) ;
#2249 = DIRECTION ( 'NONE',  ( 0.000000000000000000, 0.000000000000000000, 1.000000000000000000 ) ) ;
#2250 = EDGE_CURVE ( 'NONE', #1270, #410, #1779, .T. ) ;
#2251 = ORIENTED_EDGE ( 'NONE', *, *, #480, .T. ) ;
#2252 = CALENDAR_DATE ( 2026, 24, 3 ) ;
#2253 = CARTESIAN_POINT ( 'NONE',  ( 215.0000000000000568, 21.99999999999850075, -3.300000000000108180 ) ) ;
#2254 = DIRECTION ( 'NONE',  ( 1.000000000000000000, 0.000000000000000000, 0.000000000000000000 ) ) ;
#2255 = ORIENTED_EDGE ( 'NONE', *, *, #796, .F. ) ;
#2256 = ORIENTED_EDGE ( 'NONE', *, *, #1074, .F. ) ;
#2257 = CARTESIAN_POINT ( 'NONE',  ( 250.0000000000001137, -14.99999999999988276, -37.49999999999997868 ) ) ;
#2258 = CARTESIAN_POINT ( 'NONE',  ( 180.4999999999998863, -14.99999999999989164, -562.5000000000002274 ) ) ;
#2259 = LINE ( 'NONE', #1152, #745 ) ;
#2260 = EDGE_LOOP ( 'NONE', ( #935, #628, #1056, #1299 ) ) ;
#2261 = EDGE_LOOP ( 'NONE', ( #2142, #398, #214, #529 ) ) ;
#2262 = LINE ( 'NONE', #3338, #3089 ) ;
#2263 = LINE ( 'NONE', #153, #751 ) ;
#2264 = LINE ( 'NONE', #1730, #2850 ) ;
#2265 = AXIS2_PLACEMENT_3D ( 'NONE', #1439, #599, #3081 ) ;
#2266 = DIRECTION ( 'NONE',  ( 1.000000000000000000, 0.000000000000000000, 0.000000000000000000 ) ) ;
#2267 = EDGE_CURVE ( 'NONE', #200, #1409, #3149, .T. ) ;
#2268 = DIRECTION ( 'NONE',  ( 0.000000000000000000, 1.000000000000000000, -4.235164736271500755E-22 ) ) ;
#2269 = CARTESIAN_POINT ( 'NONE',  ( -249.4999999999999147, 15.23667853528712435, -562.4999999999998863 ) ) ;
#2270 = ORIENTED_EDGE ( 'NONE', *, *, #2584, .F. ) ;
#2271 = VERTEX_POINT ( 'NONE', #2019 ) ;
#2272 = CIRCLE ( 'NONE', #2963, 7.000000000000006217 ) ;
#2273 = EDGE_CURVE ( 'NONE', #1106, #3213, #3084, .T. ) ;
#2274 = EDGE_CURVE ( 'NONE', #879, #1449, #3404, .T. ) ;
#2275 = CARTESIAN_POINT ( 'NONE',  ( 250.0000000000000000, -14.99999999999988098, -37.49999999999997868 ) ) ;
#2276 = LINE ( 'NONE', #3100, #3455 ) ;
#2277 = ORIENTED_EDGE ( 'NONE', *, *, #1067, .T. ) ;
#2278 = LINE ( 'NONE', #3289, #91 ) ;
#2279 = CARTESIAN_POINT ( 'NONE',  ( 181.9726274334558127, 19.31819862575391511, -36.52848892815404724 ) ) ;
#2280 = DIRECTION ( 'NONE',  ( -0.000000000000000000, 3.532527805625498298E-15, -1.000000000000000000 ) ) ;
#2281 = VECTOR ( 'NONE', #830, 1000.000000000000000 ) ;
#2282 = EDGE_CURVE ( 'NONE', #2505, #217, #97, .T. ) ;
#2283 = ADVANCED_FACE ( 'NONE', ( #756 ), #1479, .T. ) ;
#2284 = EDGE_CURVE ( 'NONE', #3213, #930, #203, .T. ) ;
#2285 = VECTOR ( 'NONE', #2189, 1000.000000000000000 ) ;
#2286 = CARTESIAN_POINT ( 'NONE',  ( 242.4999999999999716, 25.00000000000011013, -27.49999999999996803 ) ) ;
#2287 = CIRCLE ( 'NONE', #2860, 6.999999999999999112 ) ;
#2288 = EDGE_LOOP ( 'NONE', ( #2126, #706, #2026, #186 ) ) ;
#2289 = DIRECTION ( 'NONE',  ( 0.000000000000000000, 0.000000000000000000, 1.000000000000000000 ) ) ;
#2290 = CARTESIAN_POINT ( 'NONE',  ( -184.3488785678058264, 21.26695770379870964, -35.29606179266647104 ) ) ;
#2291 = CARTESIAN_POINT ( 'NONE',  ( 180.7389173654358672, -16.87319825676943807, -37.33399981456581429 ) ) ;
#2292 = CARTESIAN_POINT ( 'NONE',  ( 248.7415238319206878, 18.17725335865637248, -563.0158175863332417 ) ) ;
#2293 = ORIENTED_EDGE ( 'NONE', *, *, #1490, .T. ) ;
#2294 = VERTEX_POINT ( 'NONE', #3187 ) ;
#2295 = CARTESIAN_POINT ( 'NONE',  ( -177.5000000000000284, -15.00000000000014211, -37.50000000000003553 ) ) ;
#2296 = CARTESIAN_POINT ( 'NONE',  ( 350.0000000000000000, -22.00000000000200728, -565.3585715714590378 ) ) ;
#2297 = CARTESIAN_POINT ( 'NONE',  ( -250.0000000000000000, 22.00000000000010658, -27.49999999999992184 ) ) ;
#2298 = ORIENTED_EDGE ( 'NONE', *, *, #1272, .F. ) ;
#2299 = ORIENTED_EDGE ( 'NONE', *, *, #1215, .T. ) ;
#2300 = FACE_BOUND ( 'NONE', #2879, .T. ) ;
#2301 = DIRECTION ( 'NONE',  ( 3.532527189601535655E-15, 1.000000000000000000, 0.000000000000000000 ) ) ;
#2302 = DIRECTION ( 'NONE',  ( 0.000000000000000000, 0.000000000000000000, 1.000000000000000000 ) ) ;
#2303 = DIRECTION ( 'NONE',  ( -3.532527189601535655E-15, -1.000000000000000000, 0.000000000000000000 ) ) ;
#2304 = CARTESIAN_POINT ( 'NONE',  ( -180.8819808274460570, 17.32663071661664844, -37.23551157195679195 ) ) ;
#2305 = DIRECTION ( 'NONE',  ( -3.700744544794450685E-15, -1.000000000000000000, -3.700743274245029804E-15 ) ) ;
#2306 = ORIENTED_EDGE ( 'NONE', *, *, #513, .F. ) ;
#2307 = ORIENTED_EDGE ( 'NONE', *, *, #1601, .T. ) ;
#2308 = DIRECTION ( 'NONE',  ( 1.000000000000000000, 0.000000000000000000, 0.000000000000000000 ) ) ;
#2309 = CARTESIAN_POINT ( 'NONE',  ( 350.0000000000000000, -14.99999999999987743, -637.5000000000002274 ) ) ;
#2310 = VERTEX_POINT ( 'NONE', #170 ) ;
#2311 = EDGE_CURVE ( 'NONE', #1073, #275, #1222, .T. ) ;
#2312 = DIRECTION ( 'NONE',  ( -7.690840992182485042E-23, -4.235164736271500755E-22, 1.000000000000000000 ) ) ;
#2313 = CARTESIAN_POINT ( 'NONE',  ( 184.3566847147078533, 21.25853891208339519, -35.30057072799799300 ) ) ;
#2314 = CARTESIAN_POINT ( 'NONE',  ( 350.0000000000000000, 24.99999999999991118, -572.5000000000000000 ) ) ;
#2315 = FACE_BOUND ( 'NONE', #1285, .T. ) ;
#2316 = VERTEX_POINT ( 'NONE', #2314 ) ;
#2317 = PLANE ( 'NONE',  #968 ) ;
#2318 = CARTESIAN_POINT ( 'NONE',  ( -180.7389173654359524, 16.87319825676983598, -37.33399981456577166 ) ) ;
#2319 = ORIENTED_EDGE ( 'NONE', *, *, #1123, .F. ) ;
#2320 = VERTEX_POINT ( 'NONE', #3421 ) ;
#2321 = CLOSED_SHELL ( 'NONE', ( #1286, #272, #612, #1753, #2113, #1368, #3412, #621, #3082, #1743, #857, #2921, #2119, #2086, #524, #1807, #1111, #1775, #3032, #42, #1404, #1771, #86, #3217, #3030, #1995 ) ) ;
#2322 = EDGE_CURVE ( 'NONE', #1449, #879, #926, .T. ) ;
#2323 = EDGE_CURVE ( 'NONE', #2271, #3375, #494, .T. ) ;
#2324 = DIRECTION ( 'NONE',  ( 0.000000000000000000, 0.000000000000000000, 1.000000000000000000 ) ) ;
#2325 = DIRECTION ( 'NONE',  ( 1.000000000000000000, 0.000000000000000000, 0.000000000000000000 ) ) ;
#2326 = ORIENTED_EDGE ( 'NONE', *, *, #873, .T. ) ;
#2327 = ORIENTED_EDGE ( 'NONE', *, *, #632, .T. ) ;
#2328 = CARTESIAN_POINT ( 'NONE',  ( -214.9999999999998863, 24.99999999999999289, -1.110223024625156540E-13 ) ) ;
#2329 = CARTESIAN_POINT ( 'NONE',  ( 187.5000000000000284, 21.99999999999988631, -34.64142842854295168 ) ) ;
#2330 = CARTESIAN_POINT ( 'NONE',  ( -177.4999999999999147, 14.99999999999988098, -599.9999999999998863 ) ) ;
#2331 = CARTESIAN_POINT ( 'NONE',  ( -250.0000000000000000, -25.00000000000010658, 27.49999999999991118 ) ) ;
#2332 = AXIS2_PLACEMENT_3D ( 'NONE', #3132, #2622, #1819 ) ;
#2333 = VECTOR ( 'NONE', #1722, 1000.000000000000000 ) ;
#2334 = AXIS2_PLACEMENT_3D ( 'NONE', #3225, #542, #1347 ) ;
#2335 = DIRECTION ( 'NONE',  ( 0.000000000000000000, 1.000000000000000000, 3.700743415417186364E-15 ) ) ;
#2336 = EDGE_CURVE ( 'NONE', #2606, #200, #255, .T. ) ;
#2337 = DIRECTION ( 'NONE',  ( -5.602705292762868653E-31, -1.000000000000000000, -3.532527805625498298E-15 ) ) ;
#2338 = AXIS2_PLACEMENT_3D ( 'NONE', #1364, #2427, #2985 ) ;
#2339 = CARTESIAN_POINT ( 'NONE',  ( -185.6312686644260452, 21.74991921826014263, -34.87883541365700779 ) ) ;
#2340 = CARTESIAN_POINT ( 'NONE',  ( 250.0000000000000000, 24.99999999999991118, 27.50000000000008171 ) ) ;
#2341 = VECTOR ( 'NONE', #2005, 1000.000000000000000 ) ;
#2342 = EDGE_CURVE ( 'NONE', #1350, #3297, #1614, .T. ) ;
#2343 = ORIENTED_EDGE ( 'NONE', *, *, #457, .T. ) ;
#2344 = CIRCLE ( 'NONE', #1309, 10.00000000000000888 ) ;
#2345 = CARTESIAN_POINT ( 'NONE',  ( -242.4999999999999432, 21.99999999999837641, -34.64142842854445092 ) ) ;
#2346 = DIRECTION ( 'NONE',  ( -1.000000000000000000, 0.000000000000000000, 7.690840992182485042E-23 ) ) ;
#2347 = EDGE_CURVE ( 'NONE', #1013, #2310, #1336, .T. ) ;
#2348 = CARTESIAN_POINT ( 'NONE',  ( -242.4999999999999432, 21.99999999999802114, -565.3585715714552862 ) ) ;
#2349 = ORIENTED_EDGE ( 'NONE', *, *, #2653, .T. ) ;
#2350 = VERTEX_POINT ( 'NONE', #1304 ) ;
#2351 = LINE ( 'NONE', #183, #530 ) ;
#2352 = PLANE ( 'NONE',  #50 ) ;
#2353 = CYLINDRICAL_SURFACE ( 'NONE', #864, 7.000000000000002665 ) ;
#2354 = EDGE_LOOP ( 'NONE', ( #347, #1298 ) ) ;
#2355 = PLANE ( 'NONE',  #3301 ) ;
#2356 = FACE_OUTER_BOUND ( 'NONE', #93, .T. ) ;
#2357 = CARTESIAN_POINT ( 'NONE',  ( -350.0000000000000000, 24.99999999999991118, -572.4999999999998863 ) ) ;
#2358 = CARTESIAN_POINT ( 'NONE',  ( -187.0208028209069937, 21.98765309850407235, -34.65359085110361548 ) ) ;
#2359 = EDGE_CURVE ( 'NONE', #1664, #2294, #2960, .T. ) ;
#2360 = ORIENTED_EDGE ( 'NONE', *, *, #1272, .T. ) ;
#2361 = ORIENTED_EDGE ( 'NONE', *, *, #3119, .T. ) ;
#2362 = PLANE ( 'NONE',  #2793 ) ;
#2363 = DIRECTION ( 'NONE',  ( -0.000000000000000000, 3.532527805625498298E-15, -1.000000000000000000 ) ) ;
#2364 = CARTESIAN_POINT ( 'NONE',  ( 252.5000000000000568, 14.99999999999974065, -562.5000000000000000 ) ) ;
#2365 = ORIENTED_EDGE ( 'NONE', *, *, #943, .T. ) ;
#2366 = ORIENTED_EDGE ( 'NONE', *, *, #2558, .F. ) ;
#2367 = EDGE_CURVE ( 'NONE', #3037, #1070, #1585, .T. ) ;
#2368 = DIRECTION ( 'NONE',  ( -1.000000000000000000, -0.000000000000000000, 1.586032892321652236E-16 ) ) ;
#2369 = CARTESIAN_POINT ( 'NONE',  ( -181.5953175862389912, -18.76621790498544229, -36.76583593727422539 ) ) ;
#2370 = DIRECTION ( 'NONE',  ( 0.000000000000000000, -1.000000000000000000, -3.700743415417186364E-15 ) ) ;
#2371 = CARTESIAN_POINT ( 'NONE',  ( -252.5000000000000568, -20.85786437626911649, -562.5000000000000000 ) ) ;
#2372 = ORIENTED_EDGE ( 'NONE', *, *, #1331, .T. ) ;
#2373 = DIRECTION ( 'NONE',  ( 0.000000000000000000, 0.000000000000000000, -1.000000000000000000 ) ) ;
#2374 = CARTESIAN_POINT ( 'NONE',  ( 250.0000000000000000, -14.99999999999988809, -34.50000000000004974 ) ) ;
#2375 = CARTESIAN_POINT ( 'NONE',  ( 250.0000000000000000, 22.00000000000010658, -27.49999999999992184 ) ) ;
#2376 = CARTESIAN_POINT ( 'NONE',  ( 215.0000000000000568, 24.99999999999850431, -3.300000000000108180 ) ) ;
#2377 = CARTESIAN_POINT ( 'NONE',  ( -245.6433152852922319, -21.25853891208324242, -564.6994292720021349 ) ) ;
#2378 = ORIENTED_EDGE ( 'NONE', *, *, #2983, .F. ) ;
#2379 = ORIENTED_EDGE ( 'NONE', *, *, #2540, .F. ) ;
#2380 = EDGE_CURVE ( 'NONE', #267, #45, #18, .T. ) ;
#2381 = CARTESIAN_POINT ( 'NONE',  ( -248.4046824137610088, 18.76621790498538545, -36.76583593727431776 ) ) ;
#2382 = DIRECTION ( 'NONE',  ( 1.000000000000000000, 0.000000000000000000, 0.000000000000000000 ) ) ;
#2383 = EDGE_CURVE ( 'NONE', #1359, #1654, #3270, .T. ) ;
#2384 = CIRCLE ( 'NONE', #849, 7.000000000000002665 ) ;
#2385 = DIRECTION ( 'NONE',  ( -6.780942318374154600E-23, -4.235164736271500755E-22, 1.000000000000000000 ) ) ;
#2386 = AXIS2_PLACEMENT_3D ( 'NONE', #172, #3166, #222 ) ;
#2387 = DIRECTION ( 'NONE',  ( 0.000000000000000000, 0.000000000000000000, -1.000000000000000000 ) ) ;
#2388 = VERTEX_POINT ( 'NONE', #2996 ) ;
#2389 = CIRCLE ( 'NONE', #853, 3.299999999999993605 ) ;
#2390 = FACE_OUTER_BOUND ( 'NONE', #2884, .T. ) ;
#2391 = CARTESIAN_POINT ( 'NONE',  ( 248.7568437014961091, 18.17226971659794899, -36.99368742398676346 ) ) ;
#2392 = DIRECTION ( 'NONE',  ( 0.000000000000000000, 0.000000000000000000, 1.000000000000000000 ) ) ;
#2393 = EDGE_CURVE ( 'NONE', #267, #120, #2438, .T. ) ;
#2394 = DIRECTION ( 'NONE',  ( 0.000000000000000000, 0.000000000000000000, 1.000000000000000000 ) ) ;
#2395 = VECTOR ( 'NONE', #1502, 1000.000000000000000 ) ;
#2396 = CARTESIAN_POINT ( 'NONE',  ( -244.1441015217087909, -21.80819141826682284, -34.82480283474288285 ) ) ;
#2397 = LINE ( 'NONE', #212, #2038 ) ;
#2398 = VECTOR ( 'NONE', #14, 1000.000000000000000 ) ;
#2399 = ORIENTED_EDGE ( 'NONE', *, *, #1728, .F. ) ;
#2400 = ORIENTED_EDGE ( 'NONE', *, *, #547, .T. ) ;
#2401 = CARTESIAN_POINT ( 'NONE',  ( -252.5000000000000568, -15.00000000000001954, -562.5000000000000000 ) ) ;
#2402 = VECTOR ( 'NONE', #1051, 1000.000000000000000 ) ;
#2403 = FACE_OUTER_BOUND ( 'NONE', #1683, .T. ) ;
#2404 = ORIENTED_EDGE ( 'NONE', *, *, #3370, .T. ) ;
#2405 = CYLINDRICAL_SURFACE ( 'NONE', #2794, 3.299999999999969624 ) ;
#2406 = CARTESIAN_POINT ( 'NONE',  ( 8.871732858435342451E-14, 24.99999999999924682, -603.2999999999999545 ) ) ;
#2407 = EDGE_CURVE ( 'NONE', #2893, #931, #565, .T. ) ;
#2408 = DIRECTION ( 'NONE',  ( 0.000000000000000000, 0.000000000000000000, -1.000000000000000000 ) ) ;
#2409 = CARTESIAN_POINT ( 'NONE',  ( 177.4999999999999147, -14.99999999999988276, -562.5000000000002274 ) ) ;
#2410 = ORIENTED_EDGE ( 'NONE', *, *, #1481, .F. ) ;
#2411 = CARTESIAN_POINT ( 'NONE',  ( 187.4999999999998863, -24.99999999999992184, -600.0000000000000000 ) ) ;
#2412 = CARTESIAN_POINT ( 'NONE',  ( 250.0000000000000000, -15.00000000000010303, 27.49999999999994316 ) ) ;
#2413 = CARTESIAN_POINT ( 'NONE',  ( 243.6791422293264304, 21.90400402828986870, -565.2654308640092040 ) ) ;
#2414 = CC_DESIGN_PERSON_AND_ORGANIZATION_ASSIGNMENT ( #561, #1545, ( #1506 ) ) ;
#2415 = CARTESIAN_POINT ( 'NONE',  ( 250.0000000000000000, 14.99999999999987743, 37.50000000000006395 ) ) ;
#2416 = CARTESIAN_POINT ( 'NONE',  ( -214.9999999999998863, 21.99999999999999289, 3.299999999999886136 ) ) ;
#2417 = ORIENTED_EDGE ( 'NONE', *, *, #332, .T. ) ;
#2418 = ORIENTED_EDGE ( 'NONE', *, *, #2435, .F. ) ;
#2419 = DIRECTION ( 'NONE',  ( 0.000000000000000000, 1.000000000000000000, 3.700743415417186364E-15 ) ) ;
#2420 = DIRECTION ( 'NONE',  ( 3.700744544794450685E-15, 1.000000000000000000, -4.235164736271500755E-22 ) ) ;
#2421 = ORIENTED_EDGE ( 'NONE', *, *, #2551, .F. ) ;
#2422 = CARTESIAN_POINT ( 'NONE',  ( -184.5607800188675469, -21.35710599508984586, -35.22014777899595117 ) ) ;
#2423 = DIRECTION ( 'NONE',  ( 1.000000000000000000, -0.000000000000000000, -7.690840992182485042E-23 ) ) ;
#2424 = CARTESIAN_POINT ( 'NONE',  ( -187.4999999999998863, 21.99999999999992184, -565.3585715714571052 ) ) ;
#2425 = ORIENTED_EDGE ( 'NONE', *, *, #2763, .T. ) ;
#2426 = EDGE_CURVE ( 'NONE', #2634, #2705, #2939, .T. ) ;
#2427 = DIRECTION ( 'NONE',  ( -7.690840992182485042E-23, -4.235164736271500755E-22, 1.000000000000000000 ) ) ;
#2428 = LINE ( 'NONE', #1395, #962 ) ;
#2429 = EDGE_CURVE ( 'NONE', #2734, #1650, #3356, .T. ) ;
#2430 = CARTESIAN_POINT ( 'NONE',  ( 187.4999999999999147, -14.99999999999991829, -600.0000000000000000 ) ) ;
#2431 = VERTEX_POINT ( 'NONE', #806 ) ;
#2432 = ORIENTED_EDGE ( 'NONE', *, *, #1590, .F. ) ;
#2433 =( NAMED_UNIT ( * ) PLANE_ANGLE_UNIT ( ) SI_UNIT ( $, .RADIAN. ) );
#2434 = DIRECTION ( 'NONE',  ( 1.000000000000000000, 0.000000000000000000, 0.000000000000000000 ) ) ;
#2435 = EDGE_CURVE ( 'NONE', #410, #3297, #1357, .T. ) ;
#2436 = ADVANCED_FACE ( 'NONE', ( #1838, #1033, #512, #790 ), #1566, .F. ) ;
#2437 = DIRECTION ( 'NONE',  ( -1.000000000000000000, 0.000000000000000000, 1.586033434521926015E-16 ) ) ;
#2438 = LINE ( 'NONE', #4, #1366 ) ;
#2439 = CIRCLE ( 'NONE', #2783, 10.00000000000000888 ) ;
#2440 = CARTESIAN_POINT ( 'NONE',  ( 180.4999999999999147, -15.24086283439128664, -562.5000000000002274 ) ) ;
#2441 = EDGE_LOOP ( 'NONE', ( #889, #1112 ) ) ;
#2442 = VECTOR ( 'NONE', #861, 1000.000000000000000 ) ;
#2443 = DIRECTION ( 'NONE',  ( -1.000000000000000000, -0.000000000000000000, 1.586032892321652236E-16 ) ) ;
#2444 = CYLINDRICAL_SURFACE ( 'NONE', #2227, 7.000000000000006217 ) ;
#2445 = DIRECTION ( 'NONE',  ( -1.000000000000000000, -0.000000000000000000, 1.586032892321652236E-16 ) ) ;
#2446 = LINE ( 'NONE', #1346, #1254 ) ;
#2447 = DIRECTION ( 'NONE',  ( 0.000000000000000000, 0.000000000000000000, 1.000000000000000000 ) ) ;
#2448 = EDGE_CURVE ( 'NONE', #1724, #1213, #33, .T. ) ;
#2449 = ORIENTED_EDGE ( 'NONE', *, *, #2232, .T. ) ;
#2450 = VERTEX_POINT ( 'NONE', #1873 ) ;
#2451 = AXIS2_PLACEMENT_3D ( 'NONE', #2002, #3105, #678 ) ;
#2452 = DATE_AND_TIME ( #2252, #1521 ) ;
#2453 = LOCAL_TIME ( 2, 19, 58.00000000000000000, #1970 ) ;
#2454 = AXIS2_PLACEMENT_3D ( 'NONE', #2083, #2610, #2652 ) ;
#2455 = DIRECTION ( 'NONE',  ( -7.690840992182485042E-23, -4.235164736271500755E-22, 1.000000000000000000 ) ) ;
#2456 = ORIENTED_EDGE ( 'NONE', *, *, #760, .F. ) ;
#2457 = AXIS2_PLACEMENT_3D ( 'NONE', #3309, #1458, #1156 ) ;
#2458 = EDGE_CURVE ( 'NONE', #1958, #213, #550, .T. ) ;
#2459 = DIRECTION ( 'NONE',  ( -6.780942318374154600E-23, -4.235164736271500755E-22, 1.000000000000000000 ) ) ;
#2460 = VECTOR ( 'NONE', #2168, 1000.000000000000000 ) ;
#2461 = CARTESIAN_POINT ( 'NONE',  ( -185.6276725156493228, 21.76143341828066369, -565.1311420861528632 ) ) ;
#2462 = VERTEX_POINT ( 'NONE', #999 ) ;
#2463 = AXIS2_PLACEMENT_3D ( 'NONE', #583, #325, #1655 ) ;
#2464 = FACE_OUTER_BOUND ( 'NONE', #3112, .T. ) ;
#2465 = PLANE ( 'NONE',  #2112 ) ;
#2466 = FACE_BOUND ( 'NONE', #1723, .T. ) ;
#2467 = CARTESIAN_POINT ( 'NONE',  ( 252.5000000000000568, 14.99999999999987921, -562.5000000000000000 ) ) ;
#2468 = CARTESIAN_POINT ( 'NONE',  ( 180.8801437516460453, 17.32212959285318021, -562.7632535564815726 ) ) ;
#2469 = FACE_OUTER_BOUND ( 'NONE', #1148, .T. ) ;
#2470 = ORIENTED_EDGE ( 'NONE', *, *, #3288, .F. ) ;
#2471 = ORIENTED_EDGE ( 'NONE', *, *, #1674, .F. ) ;
#2472 = EDGE_CURVE ( 'NONE', #2182, #3375, #449, .T. ) ;
#2473 = COORDINATED_UNIVERSAL_TIME_OFFSET ( 8, 0, .AHEAD. ) ;
#2474 = CARTESIAN_POINT ( 'NONE',  ( -242.9814114143004247, 22.00000000000008171, -565.3585715714571052 ) ) ;
#2475 = ORIENTED_EDGE ( 'NONE', *, *, #1830, .T. ) ;
#2476 =( BOUNDED_CURVE ( )  B_SPLINE_CURVE ( 3, ( #2842, #432, #412, #2579 ),
 .UNSPECIFIED., .F., .F. ) 
 B_SPLINE_CURVE_WITH_KNOTS ( ( 4, 4 ),
 ( 1.570796326794896558, 3.141592653589780237 ),
 .UNSPECIFIED. ) 
 CURVE ( )  GEOMETRIC_REPRESENTATION_ITEM ( )  RATIONAL_B_SPLINE_CURVE ( ( 1.000000000000000000, 0.8047378541243680461, 0.8047378541243680461, 1.000000000000000000 ) ) 
 REPRESENTATION_ITEM ( '' )  );
#2477 = DIRECTION ( 'NONE',  ( -0.000000000000000000, 3.532527805625498298E-15, -1.000000000000000000 ) ) ;
#2478 = CARTESIAN_POINT ( 'NONE',  ( 177.4999999999999147, -15.00000000000002132, -562.5000000000002274 ) ) ;
#2479 = CARTESIAN_POINT ( 'NONE',  ( -249.4999999999999432, -14.99999999999988276, -37.49999999999997868 ) ) ;
#2480 = ORIENTED_EDGE ( 'NONE', *, *, #2429, .F. ) ;
#2481 = PLANE ( 'NONE',  #1865 ) ;
#2482 = DIRECTION ( 'NONE',  ( 0.000000000000000000, 0.000000000000000000, 1.000000000000000000 ) ) ;
#2483 = CARTESIAN_POINT ( 'NONE',  ( -214.9999999999998863, 24.99999999999999289, 3.299999999999886136 ) ) ;
#2484 = EDGE_CURVE ( 'NONE', #213, #610, #1785, .T. ) ;
#2485 = CARTESIAN_POINT ( 'NONE',  ( 181.4729210326308362, 18.56734713249253588, -563.1555469645240919 ) ) ;
#2486 = DIRECTION ( 'NONE',  ( 1.000000000000000000, 0.000000000000000000, 0.000000000000000000 ) ) ;
#2487 = ORIENTED_EDGE ( 'NONE', *, *, #1157, .F. ) ;
#2488 = ORIENTED_EDGE ( 'NONE', *, *, #3060, .F. ) ;
#2489 = EDGE_CURVE ( 'NONE', #2537, #2816, #2609, .T. ) ;
#2490 = VERTEX_POINT ( 'NONE', #2557 ) ;
#2491 = CARTESIAN_POINT ( 'NONE',  ( 250.0000000000000000, -24.99999999999991118, -27.50000000000008171 ) ) ;
#2492 = EDGE_CURVE ( 'NONE', #879, #3280, #950, .T. ) ;
#2493 = LINE ( 'NONE', #3067, #644 ) ;
#2494 = ORIENTED_EDGE ( 'NONE', *, *, #3158, .F. ) ;
#2495 = ORIENTED_EDGE ( 'NONE', *, *, #2140, .T. ) ;
#2496 = LINE ( 'NONE', #355, #1258 ) ;
#2497 = CARTESIAN_POINT ( 'NONE',  ( 249.4999999999999147, -15.00000000000012967, -562.5000000000002274 ) ) ;
#2498 = DIRECTION ( 'NONE',  ( -0.000000000000000000, 3.532527805625498298E-15, -1.000000000000000000 ) ) ;
#2499 = VECTOR ( 'NONE', #1979, 1000.000000000000000 ) ;
#2500 = CARTESIAN_POINT ( 'NONE',  ( 185.6307067838109219, 21.74972241005231766, -565.1209909236566773 ) ) ;
#2501 = PLANE ( 'NONE',  #1355 ) ;
#2502 = ADVANCED_FACE ( 'NONE', ( #1265, #2877 ), #190, .F. ) ;
#2503 = AXIS2_PLACEMENT_3D ( 'NONE', #1611, #836, #2720 ) ;
#2504 = ORIENTED_EDGE ( 'NONE', *, *, #1469, .T. ) ;
#2505 = VERTEX_POINT ( 'NONE', #2862 ) ;
#2506 = VECTOR ( 'NONE', #2981, 1000.000000000000000 ) ;
#2507 = PERSON_AND_ORGANIZATION_ROLE ( 'creator' ) ;
#2508 = LINE ( 'NONE', #1162, #3181 ) ;
#2509 = DIRECTION ( 'NONE',  ( 0.000000000000000000, 3.532527805625498298E-15, -1.000000000000000000 ) ) ;
#2510 = CARTESIAN_POINT ( 'NONE',  ( -249.4999999999999147, 14.99999999999987921, -562.5000000000000000 ) ) ;
#2511 = ORIENTED_EDGE ( 'NONE', *, *, #1325, .T. ) ;
#2512 = EDGE_LOOP ( 'NONE', ( #848, #2562, #2307, #3470 ) ) ;
#2513 = AXIS2_PLACEMENT_3D ( 'NONE', #2430, #2212, #1066 ) ;
#2514 = CARTESIAN_POINT ( 'NONE',  ( -180.4999999999999716, -15.24086283439102196, -37.49999999999997158 ) ) ;
#2515 = DIRECTION ( 'NONE',  ( 3.700744544794450685E-15, 1.000000000000000000, 3.700742850728556176E-15 ) ) ;
#2516 = ORIENTED_EDGE ( 'NONE', *, *, #3442, .F. ) ;
#2517 = AXIS2_PLACEMENT_3D ( 'NONE', #722, #3439, #2873 ) ;
#2518 = ORIENTED_EDGE ( 'NONE', *, *, #140, .F. ) ;
#2519 = EDGE_CURVE ( 'NONE', #1204, #3228, #1717, .T. ) ;
#2520 = CARTESIAN_POINT ( 'NONE',  ( 243.4442342979184275, -21.94004718607108373, -34.69978178084067366 ) ) ;
#2521 = PLANE ( 'NONE',  #2635 ) ;
#2522 = VECTOR ( 'NONE', #2827, 1000.000000000000000 ) ;
#2523 = CARTESIAN_POINT ( 'NONE',  ( 246.7716045020038678, -20.56308572749129482, -564.1847442865430367 ) ) ;
#2524 = VECTOR ( 'NONE', #2477, 1000.000000000000000 ) ;
#2525 = CARTESIAN_POINT ( 'NONE',  ( 180.5000000000000284, 15.23667853528713323, -562.4999999999998863 ) ) ;
#2526 = DIRECTION ( 'NONE',  ( 0.000000000000000000, 1.000000000000000000, -4.235164736271500755E-22 ) ) ;
#2527 = FACE_OUTER_BOUND ( 'NONE', #575, .T. ) ;
#2528 = APPROVAL_ROLE ( '' ) ;
#2529 = DIRECTION ( 'NONE',  ( 0.000000000000000000, 0.000000000000000000, 1.000000000000000000 ) ) ;
#2530 = CARTESIAN_POINT ( 'NONE',  ( 182.2562508650826771, -19.65810827845787045, -36.35609410289814036 ) ) ;
#2531 = CYLINDRICAL_SURFACE ( 'NONE', #851, 9.999999999999980460 ) ;
#2532 = VERTEX_POINT ( 'NONE', #394 ) ;
#2533 = ORIENTED_EDGE ( 'NONE', *, *, #1938, .F. ) ;
#2534 = LINE ( 'NONE', #3034, #1180 ) ;
#2535 = LINE ( 'NONE', #119, #32 ) ;
#2536 = VERTEX_POINT ( 'NONE', #1484 ) ;
#2537 = VERTEX_POINT ( 'NONE', #1244 ) ;
#2538 = CARTESIAN_POINT ( 'NONE',  ( 180.7428760836605477, 16.88799191860691451, -37.33127178210465047 ) ) ;
#2539 = CARTESIAN_POINT ( 'NONE',  ( 249.4999999999998579, -15.48150225914675815, -562.5000000000003411 ) ) ;
#2540 = EDGE_CURVE ( 'NONE', #1608, #2864, #2165, .T. ) ;
#2541 = FACE_OUTER_BOUND ( 'NONE', #2845, .T. ) ;
#2542 = CARTESIAN_POINT ( 'NONE',  ( 249.5000000000000284, 14.99999999999988987, -37.49999999999986500 ) ) ;
#2543 = ADVANCED_FACE ( 'NONE', ( #3410 ), #1752, .T. ) ;
#2544 = CARTESIAN_POINT ( 'NONE',  ( -350.0000000000000000, 14.99999999999991296, -572.4999999999998863 ) ) ;
#2545 = ORIENTED_EDGE ( 'NONE', *, *, #2576, .F. ) ;
#2546 = EDGE_LOOP ( 'NONE', ( #647, #381, #2563, #2998, #2047, #2952, #257, #1271 ) ) ;
#2547 = LINE ( 'NONE', #3317, #2333 ) ;
#2548 = CARTESIAN_POINT ( 'NONE',  ( 242.4999999999998863, -25.00000000000011013, -599.9999999999998863 ) ) ;
#2549 = EDGE_CURVE ( 'NONE', #939, #2271, #713, .T. ) ;
#2550 = CARTESIAN_POINT ( 'NONE',  ( 250.0000000000000000, -15.00000000000013856, 37.49999999999995026 ) ) ;
#2551 = EDGE_CURVE ( 'NONE', #1637, #3381, #2476, .T. ) ;
#2552 = CARTESIAN_POINT ( 'NONE',  ( 249.4999999999999147, -15.00000000000012967, -562.5000000000002274 ) ) ;
#2553 = CARTESIAN_POINT ( 'NONE',  ( 250.0000000000000000, -14.99999999999991296, -27.50000000000004974 ) ) ;
#2554 = CARTESIAN_POINT ( 'NONE',  ( 248.5371126488373648, -18.57174344496469587, -563.1507978704237303 ) ) ;
#2555 = DIRECTION ( 'NONE',  ( 0.000000000000000000, 1.000000000000000000, 3.700743415417186364E-15 ) ) ;
#2556 = CARTESIAN_POINT ( 'NONE',  ( 350.0000000000000000, -15.00000000000010303, -572.5000000000001137 ) ) ;
#2557 = CARTESIAN_POINT ( 'NONE',  ( -242.5000000000000568, -24.99999999999992539, -27.50000000000013500 ) ) ;
#2558 = EDGE_CURVE ( 'NONE', #2725, #348, #867, .T. ) ;
#2559 = AXIS2_PLACEMENT_3D ( 'NONE', #1034, #3150, #2116 ) ;
#2560 = CARTESIAN_POINT ( 'NONE',  ( 180.4999999999999432, -15.48150225914648459, -37.49999999999991473 ) ) ;
#2561 = CARTESIAN_POINT ( 'NONE',  ( 246.0353393551750969, 21.04575189207776731, -564.5333760565721377 ) ) ;
#2562 = ORIENTED_EDGE ( 'NONE', *, *, #732, .T. ) ;
#2563 = ORIENTED_EDGE ( 'NONE', *, *, #2273, .T. ) ;
#2564 = CIRCLE ( 'NONE', #1020, 10.00000000000000888 ) ;
#2565 = VECTOR ( 'NONE', #975, 1000.000000000000000 ) ;
#2566 = DIRECTION ( 'NONE',  ( -1.000000000000000000, 0.000000000000000000, 1.586033343532058634E-16 ) ) ;
#2567 = DIRECTION ( 'NONE',  ( -1.000000000000000000, -0.000000000000000000, 1.586032892321652236E-16 ) ) ;
#2568 = VECTOR ( 'NONE', #2808, 1000.000000000000000 ) ;
#2569 = ORIENTED_EDGE ( 'NONE', *, *, #2492, .F. ) ;
#2570 = DIRECTION ( 'NONE',  ( 0.000000000000000000, 0.000000000000000000, 1.000000000000000000 ) ) ;
#2571 = CARTESIAN_POINT ( 'NONE',  ( 350.0000000000000000, -15.00000000000010303, -572.5000000000001137 ) ) ;
#2572 = FACE_OUTER_BOUND ( 'NONE', #601, .T. ) ;
#2573 = LOCAL_TIME ( 2, 19, 58.00000000000000000, #2473 ) ;
#2574 = VECTOR ( 'NONE', #221, 1000.000000000000000 ) ;
#2575 = VECTOR ( 'NONE', #1907, 1000.000000000000000 ) ;
#2576 = EDGE_CURVE ( 'NONE', #3297, #2816, #1476, .T. ) ;
#2577 = CARTESIAN_POINT ( 'NONE',  ( 350.0000000000000000, 14.99999999999987921, -562.5000000000001137 ) ) ;
#2578 = DIRECTION ( 'NONE',  ( -0.000000000000000000, 1.000000000000000000, -0.000000000000000000 ) ) ;
#2579 = CARTESIAN_POINT ( 'NONE',  ( -177.5000000000000284, -15.00000000000014211, -37.50000000000003553 ) ) ;
#2580 = LINE ( 'NONE', #3379, #860 ) ;
#2581 = DIRECTION ( 'NONE',  ( -7.690840992182485042E-23, -4.235164736271500755E-22, 1.000000000000000000 ) ) ;
#2582 = ORIENTED_EDGE ( 'NONE', *, *, #2901, .T. ) ;
#2583 = ORIENTED_EDGE ( 'NONE', *, *, #124, .T. ) ;
#2584 = EDGE_CURVE ( 'NONE', #246, #738, #3051, .T. ) ;
#2585 = CARTESIAN_POINT ( 'NONE',  ( -187.5000000000000568, -22.00000000000011013, -565.3585715714573325 ) ) ;
#2586 = CARTESIAN_POINT ( 'NONE',  ( -177.4999999999999147, 14.99999999999988098, -562.5000000000000000 ) ) ;
#2587 = DIRECTION ( 'NONE',  ( 0.000000000000000000, 1.000000000000000000, 3.700743415417186364E-15 ) ) ;
#2588 = ORIENTED_EDGE ( 'NONE', *, *, #3278, .T. ) ;
#2589 = CARTESIAN_POINT ( 'NONE',  ( 247.7443192243905230, -19.65778353193179129, -36.35637088626735647 ) ) ;
#2590 = CARTESIAN_POINT ( 'NONE',  ( 187.0259159506493347, 21.98792370224590087, -34.65332335129700425 ) ) ;
#2591 = CARTESIAN_POINT ( 'NONE',  ( 350.0000000000000000, -21.99999999999991118, -627.5000000000001137 ) ) ;
#2592 = EDGE_CURVE ( 'NONE', #738, #1751, #1860, .T. ) ;
#2593 = DIRECTION ( 'NONE',  ( 0.000000000000000000, 1.000000000000000000, -4.235164736271500755E-22 ) ) ;
#2594 = CARTESIAN_POINT ( 'NONE',  ( 181.9720673093646894, -19.31810612875685962, -36.52878126643435763 ) ) ;
#2595 = VERTEX_POINT ( 'NONE', #817 ) ;
#2596 = ORIENTED_EDGE ( 'NONE', *, *, #760, .T. ) ;
#2597 = CARTESIAN_POINT ( 'NONE',  ( -180.5000000000000284, -15.00000000000012967, -562.5000000000000000 ) ) ;
#2598 = CYLINDRICAL_SURFACE ( 'NONE', #742, 3.299999999999969624 ) ;
#2599 = CARTESIAN_POINT ( 'NONE',  ( -214.9999999999998863, 21.99999999999999289, -1.110223024625156540E-13 ) ) ;
#2600 = ORIENTED_EDGE ( 'NONE', *, *, #1059, .T. ) ;
#2601 = VERTEX_POINT ( 'NONE', #1313 ) ;
#2602 = EDGE_CURVE ( 'NONE', #2718, #3064, #1831, .T. ) ;
#2603 = CARTESIAN_POINT ( 'NONE',  ( 249.1166520847367849, -17.33111287727458460, -37.23456492393237482 ) ) ;
#2604 = CARTESIAN_POINT ( 'NONE',  ( 180.5123982651509493, 15.48036715287457632, -37.49130964019646228 ) ) ;
#2605 = CARTESIAN_POINT ( 'NONE',  ( 250.0000000000000000, -15.00000000000010303, 27.49999999999994316 ) ) ;
#2606 = VERTEX_POINT ( 'NONE', #2415 ) ;
#2607 = FACE_OUTER_BOUND ( 'NONE', #2674, .T. ) ;
#2608 = DIRECTION ( 'NONE',  ( -1.000000000000000000, 0.000000000000000000, 1.586033434521926015E-16 ) ) ;
#2609 = LINE ( 'NONE', #1500, #1142 ) ;
#2610 = DIRECTION ( 'NONE',  ( 0.000000000000000000, 1.000000000000000000, -4.235164736271500755E-22 ) ) ;
#2611 = AXIS2_PLACEMENT_3D ( 'NONE', #1556, #1242, #3153 ) ;
#2612 = ORIENTED_EDGE ( 'NONE', *, *, #2066, .F. ) ;
#2613 = ORIENTED_EDGE ( 'NONE', *, *, #3454, .F. ) ;
#2614 = VECTOR ( 'NONE', #2581, 1000.000000000000000 ) ;
#2615 = CARTESIAN_POINT ( 'NONE',  ( 350.0000000000000000, 15.00000000000012790, -634.5000000000001137 ) ) ;
#2616 = DIRECTION ( 'NONE',  ( 1.000000000000000000, 0.000000000000000000, 0.000000000000000000 ) ) ;
#2617 = AXIS2_PLACEMENT_3D ( 'NONE', #2130, #2434, #3008 ) ;
#2618 = DIRECTION ( 'NONE',  ( -1.000000000000000000, -0.000000000000000000, -0.000000000000000000 ) ) ;
#2619 = VERTEX_POINT ( 'NONE', #2669 ) ;
#2620 = ORIENTED_EDGE ( 'NONE', *, *, #2106, .F. ) ;
#2621 = CIRCLE ( 'NONE', #1072, 10.00000000000000888 ) ;
#2622 = DIRECTION ( 'NONE',  ( 1.000000000000000000, 0.000000000000000000, 0.000000000000000000 ) ) ;
#2623 = CARTESIAN_POINT ( 'NONE',  ( 187.5000000000000284, 21.99999999999953815, -565.3585715714568778 ) ) ;
#2624 = CARTESIAN_POINT ( 'NONE',  ( -250.0000000000000000, 14.99999999999987743, 37.50000000000006395 ) ) ;
#2625 = EDGE_CURVE ( 'NONE', #1941, #2431, #1054, .T. ) ;
#2626 = DIRECTION ( 'NONE',  ( -0.000000000000000000, -3.532527805625498298E-15, 1.000000000000000000 ) ) ;
#2627 = LINE ( 'NONE', #1827, #1250 ) ;
#2628 = CYLINDRICAL_SURFACE ( 'NONE', #297, 3.299999999999991385 ) ;
#2629 = VECTOR ( 'NONE', #1572, 1000.000000000000000 ) ;
#2630 = CARTESIAN_POINT ( 'NONE',  ( -182.2562508650828477, 19.65810827845808717, -36.35609410289812615 ) ) ;
#2631 = CARTESIAN_POINT ( 'NONE',  ( -249.2571239163395660, -16.88799191860669424, -562.6687282178953637 ) ) ;
#2632 = AXIS2_PLACEMENT_3D ( 'NONE', #90, #358, #1698 ) ;
#2633 = ORIENTED_EDGE ( 'NONE', *, *, #2602, .F. ) ;
#2634 = VERTEX_POINT ( 'NONE', #486 ) ;
#2635 = AXIS2_PLACEMENT_3D ( 'NONE', #829, #1393, #1893 ) ;
#2636 = FACE_OUTER_BOUND ( 'NONE', #1567, .T. ) ;
#2637 = DIRECTION ( 'NONE',  ( -6.780942318374154600E-23, -4.235164736271500755E-22, 1.000000000000000000 ) ) ;
#2638 = CARTESIAN_POINT ( 'NONE',  ( 250.0000000000000000, 15.00000000000010303, -27.49999999999994316 ) ) ;
#2639 = ORIENTED_EDGE ( 'NONE', *, *, #810, .F. ) ;
#2640 = EDGE_CURVE ( 'NONE', #345, #2601, #2446, .T. ) ;
#2641 = EDGE_LOOP ( 'NONE', ( #3331, #1660, #3281, #1511 ) ) ;
#2642 = DIRECTION ( 'NONE',  ( -1.000000000000000000, -0.000000000000000000, 1.586032892321652236E-16 ) ) ;
#2643 = CARTESIAN_POINT ( 'NONE',  ( 250.0000000000000000, 14.99999999999991296, 27.50000000000004974 ) ) ;
#2644 = CARTESIAN_POINT ( 'NONE',  ( 250.0000000000001137, -14.99999999999988276, -37.49999999999997868 ) ) ;
#2645 = VERTEX_POINT ( 'NONE', #41 ) ;
#2646 = CARTESIAN_POINT ( 'NONE',  ( -250.0000000000000000, 21.99999999999991118, 27.50000000000007461 ) ) ;
#2647 = DIRECTION ( 'NONE',  ( -1.000000000000000000, -0.000000000000000000, 1.586032892321652236E-16 ) ) ;
#2648 = EDGE_CURVE ( 'NONE', #2182, #2606, #1641, .T. ) ;
#2649 = LINE ( 'NONE', #672, #1131 ) ;
#2650 = DIRECTION ( 'NONE',  ( 0.000000000000000000, 0.000000000000000000, 1.000000000000000000 ) ) ;
#2651 = CARTESIAN_POINT ( 'NONE',  ( -249.4999999999999432, -14.99999999999988276, -37.49999999999997868 ) ) ;
#2652 = DIRECTION ( 'NONE',  ( 0.000000000000000000, 0.000000000000000000, 1.000000000000000000 ) ) ;
#2653 = EDGE_CURVE ( 'NONE', #989, #1385, #324, .T. ) ;
#2654 = EDGE_CURVE ( 'NONE', #1204, #523, #795, .T. ) ;
#2655 = EDGE_LOOP ( 'NONE', ( #3246, #253, #3413, #2779 ) ) ;
#2656 = ORIENTED_EDGE ( 'NONE', *, *, #1443, .T. ) ;
#2657 = DIRECTION ( 'NONE',  ( -0.000000000000000000, 1.000000000000000000, -0.000000000000000000 ) ) ;
#2658 = ORIENTED_EDGE ( 'NONE', *, *, #1977, .F. ) ;
#2659 = CARTESIAN_POINT ( 'NONE',  ( 8.831319514063479347E-14, 24.99999999999924682, 3.299999999999991385 ) ) ;
#2660 = EDGE_CURVE ( 'NONE', #365, #1350, #1128, .T. ) ;
#2661 = DIRECTION ( 'NONE',  ( -6.780942318374154600E-23, -4.235164736271500755E-22, 1.000000000000000000 ) ) ;
#2662 = ADVANCED_FACE ( 'NONE', ( #2541 ), #375, .F. ) ;
#2663 = CARTESIAN_POINT ( 'NONE',  ( -242.5000000000000568, -25.00000000000011013, -572.5000000000002274 ) ) ;
#2664 = ORIENTED_EDGE ( 'NONE', *, *, #2359, .F. ) ;
#2665 = DIRECTION ( 'NONE',  ( -1.586031983466185591E-16, 3.700742850728556176E-15, -1.000000000000000000 ) ) ;
#2666 = CARTESIAN_POINT ( 'NONE',  ( 242.7379556549835513, 21.99999999999991829, -34.64142842854307247 ) ) ;
#2667 = CARTESIAN_POINT ( 'NONE',  ( 249.4999999999999716, 15.24086283439103973, -562.4999999999998863 ) ) ;
#2668 = CARTESIAN_POINT ( 'NONE',  ( 215.0000000000000568, 21.99999999999850075, -1.110223024625156540E-13 ) ) ;
#2669 = CARTESIAN_POINT ( 'NONE',  ( 215.0000000000000568, 24.99999999999850431, -596.7000000000000455 ) ) ;
#2670 = DIRECTION ( 'NONE',  ( -1.000000000000000000, -0.000000000000000000, 1.586032892321652236E-16 ) ) ;
#2671 = ORIENTED_EDGE ( 'NONE', *, *, #2311, .F. ) ;
#2672 = EDGE_CURVE ( 'NONE', #2135, #1169, #1306, .T. ) ;
#2673 = CARTESIAN_POINT ( 'NONE',  ( -187.5000000000000568, -22.00000000000011013, -565.3585715714573325 ) ) ;
#2674 = EDGE_LOOP ( 'NONE', ( #579, #306, #3050, #2545 ) ) ;
#2675 = VECTOR ( 'NONE', #2363, 1000.000000000000000 ) ;
#2676 = EDGE_CURVE ( 'NONE', #2634, #1391, #1414, .T. ) ;
#2677 = DIRECTION ( 'NONE',  ( 1.000000000000000000, -0.000000000000000000, -1.586033434521926015E-16 ) ) ;
#2678 = DIRECTION ( 'NONE',  ( 0.000000000000000000, 0.000000000000000000, -1.000000000000000000 ) ) ;
#2679 = ORIENTED_EDGE ( 'NONE', *, *, #2787, .F. ) ;
#2680 = VECTOR ( 'NONE', #1454, 1000.000000000000000 ) ;
#2681 = CARTESIAN_POINT ( 'NONE',  ( -214.9999999999998863, 21.99999999999999289, -600.0000000000000000 ) ) ;
#2682 = DIRECTION ( 'NONE',  ( 1.000000000000000000, 0.000000000000000000, 0.000000000000000000 ) ) ;
#2683 = CARTESIAN_POINT ( 'NONE',  ( 248.8432927912456876, 17.96920520994975590, -562.9484147495078332 ) ) ;
#2684 = CARTESIAN_POINT ( 'NONE',  ( 252.4999999999999432, -15.00000000000013856, -37.50000000000003553 ) ) ;
#2685 = ORIENTED_EDGE ( 'NONE', *, *, #2426, .T. ) ;
#2686 = ORIENTED_EDGE ( 'NONE', *, *, #3442, .T. ) ;
#2687 = CARTESIAN_POINT ( 'NONE',  ( -249.2571239163394239, 16.88799191860687898, -37.33127178210465758 ) ) ;
#2688 = AXIS2_PLACEMENT_3D ( 'NONE', #2694, #1322, #286 ) ;
#2689 = DIRECTION ( 'NONE',  ( 0.000000000000000000, 0.000000000000000000, 1.000000000000000000 ) ) ;
#2690 = ADVANCED_FACE ( 'NONE', ( #2784 ), #2749, .T. ) ;
#2691 = VERTEX_POINT ( 'NONE', #865 ) ;
#2692 = AXIS2_PLACEMENT_3D ( 'NONE', #2979, #1600, #2706 ) ;
#2693 = DIRECTION ( 'NONE',  ( -3.700744544794450685E-15, -1.000000000000000000, -3.700743274245029804E-15 ) ) ;
#2694 = CARTESIAN_POINT ( 'NONE',  ( 350.0000000000000000, 24.99999999999991118, -572.5000000000000000 ) ) ;
#2695 = EDGE_CURVE ( 'NONE', #1359, #931, #1658, .T. ) ;
#2696 = CARTESIAN_POINT ( 'NONE',  ( -181.9726274334556706, 19.31819862575365576, -563.4715110718460664 ) ) ;
#2697 = EDGE_LOOP ( 'NONE', ( #1184, #3058, #2417, #3347 ) ) ;
#2698 = DIRECTION ( 'NONE',  ( 0.000000000000000000, 0.000000000000000000, 1.000000000000000000 ) ) ;
#2699 = LINE ( 'NONE', #71, #300 ) ;
#2700 = FACE_OUTER_BOUND ( 'NONE', #377, .T. ) ;
#2701 = ADVANCED_FACE ( 'NONE', ( #3004 ), #1622, .F. ) ;
#2702 = EDGE_LOOP ( 'NONE', ( #2829, #2656, #1649, #3436 ) ) ;
#2703 = ORIENTED_EDGE ( 'NONE', *, *, #1374, .F. ) ;
#2704 = LINE ( 'NONE', #2163, #692 ) ;
#2705 = VERTEX_POINT ( 'NONE', #882 ) ;
#2706 = DIRECTION ( 'NONE',  ( 0.000000000000000000, 1.000000000000000000, 3.700743415417186364E-15 ) ) ;
#2707 = CARTESIAN_POINT ( 'NONE',  ( 248.3578643762689353, -25.00000000000013500, -566.6421356237310647 ) ) ;
#2708 = CARTESIAN_POINT ( 'NONE',  ( 186.3208577706735696, -21.90400402828987581, -565.2654308640090903 ) ) ;
#2709 = ORIENTED_EDGE ( 'NONE', *, *, #1185, .F. ) ;
#2710 = ORIENTED_EDGE ( 'NONE', *, *, #1115, .T. ) ;
#2711 = EDGE_CURVE ( 'NONE', #120, #3111, #3268, .T. ) ;
#2712 = DIRECTION ( 'NONE',  ( -0.000000000000000000, 1.000000000000000000, -0.000000000000000000 ) ) ;
#2713 = LINE ( 'NONE', #2483, #2281 ) ;
#2714 = CARTESIAN_POINT ( 'NONE',  ( -250.0000000000000000, -14.99999999999988809, -34.50000000000004974 ) ) ;
#2715 = CARTESIAN_POINT ( 'NONE',  ( 8.871732858435342451E-14, 24.99999999999924682, -603.2999999999999545 ) ) ;
#2716 = PLANE ( 'NONE',  #700 ) ;
#2717 = EDGE_LOOP ( 'NONE', ( #1701, #1098, #3306, #2885 ) ) ;
#2718 = VERTEX_POINT ( 'NONE', #590 ) ;
#2719 = CARTESIAN_POINT ( 'NONE',  ( -248.0273725665441304, 19.31819862575382984, -36.52848892815407567 ) ) ;
#2720 = DIRECTION ( 'NONE',  ( 0.000000000000000000, 0.000000000000000000, 1.000000000000000000 ) ) ;
#2721 = CARTESIAN_POINT ( 'NONE',  ( 350.0000000000000000, -14.99999999999987743, -637.5000000000002274 ) ) ;
#2722 = CARTESIAN_POINT ( 'NONE',  ( -250.0000000000000000, 15.00000000000010303, -27.49999999999994316 ) ) ;
#2723 = CIRCLE ( 'NONE', #521, 3.299999999999997158 ) ;
#2724 = CARTESIAN_POINT ( 'NONE',  ( 182.2556807756093633, -19.65778353193159944, -563.6436291137327999 ) ) ;
#2725 = VERTEX_POINT ( 'NONE', #3042 ) ;
#2726 = VECTOR ( 'NONE', #1083, 1000.000000000000000 ) ;
#2727 = LINE ( 'NONE', #1340, #2846 ) ;
#2728 = CARTESIAN_POINT ( 'NONE',  ( -250.0000000000000000, -14.99999999999987743, -37.50000000000006395 ) ) ;
#2729 = CARTESIAN_POINT ( 'NONE',  ( -350.0000000000000000, -15.00000000000010303, -572.5000000000000000 ) ) ;
#2730 = LINE ( 'NONE', #2714, #3071 ) ;
#2731 = ADVANCED_FACE ( 'NONE', ( #1645 ), #607, .F. ) ;
#2732 = DIRECTION ( 'NONE',  ( -0.000000000000000000, 1.000000000000000000, -0.000000000000000000 ) ) ;
#2733 = CARTESIAN_POINT ( 'NONE',  ( 252.5000000000000568, 14.99999999999987743, -37.49999999999992184 ) ) ;
#2734 = VERTEX_POINT ( 'NONE', #3072 ) ;
#2735 = ORIENTED_EDGE ( 'NONE', *, *, #1809, .F. ) ;
#2736 = AXIS2_PLACEMENT_3D ( 'NONE', #642, #2782, #1172 ) ;
#2737 = CARTESIAN_POINT ( 'NONE',  ( -247.7415778822304162, 19.66053196672154968, -563.6451921519146708 ) ) ;
#2738 = VERTEX_POINT ( 'NONE', #1801 ) ;
#2739 = VECTOR ( 'NONE', #1061, 1000.000000000000000 ) ;
#2740 = CARTESIAN_POINT ( 'NONE',  ( 250.0000000000001137, -14.99999999999988276, -37.49999999999997868 ) ) ;
#2741 = AXIS2_PLACEMENT_3D ( 'NONE', #1207, #2301, #3372 ) ;
#2742 = CARTESIAN_POINT ( 'NONE',  ( -180.7428760836604056, 16.88799191860666227, -562.6687282178954774 ) ) ;
#2743 = EDGE_CURVE ( 'NONE', #1090, #2125, #2097, .T. ) ;
#2744 = EDGE_CURVE ( 'NONE', #684, #150, #778, .T. ) ;
#2745 = EDGE_LOOP ( 'NONE', ( #1969, #1153 ) ) ;
#2746 = LINE ( 'NONE', #2728, #1990 ) ;
#2747 = DIRECTION ( 'NONE',  ( 0.000000000000000000, -1.000000000000000000, -3.532527805625498298E-15 ) ) ;
#2748 = CARTESIAN_POINT ( 'NONE',  ( -250.0000000000000000, 14.99999999999987743, 37.50000000000006395 ) ) ;
#2749 = PLANE ( 'NONE',  #2109 ) ;
#2750 = ADVANCED_FACE ( 'NONE', ( #3425 ), #554, .T. ) ;
#2751 = DIRECTION ( 'NONE',  ( -7.690840992182485042E-23, -4.235164736271500755E-22, 1.000000000000000000 ) ) ;
#2752 = ORIENTED_EDGE ( 'NONE', *, *, #3454, .T. ) ;
#2753 = ORIENTED_EDGE ( 'NONE', *, *, #2393, .F. ) ;
#2754 = PERSON_AND_ORGANIZATION_ROLE ( 'classification_officer' ) ;
#2755 = ADVANCED_FACE ( 'NONE', ( #793 ), #497, .F. ) ;
#2756 = EDGE_CURVE ( 'NONE', #567, #630, #2137, .T. ) ;
#2757 = ORIENTED_EDGE ( 'NONE', *, *, #2426, .F. ) ;
#2758 = DIRECTION ( 'NONE',  ( -0.000000000000000000, 1.000000000000000000, -0.000000000000000000 ) ) ;
#2759 = CARTESIAN_POINT ( 'NONE',  ( 350.0000000000000000, 14.99999999999987921, -562.5000000000000000 ) ) ;
#2760 = ORIENTED_EDGE ( 'NONE', *, *, #2744, .T. ) ;
#2761 = ORIENTED_EDGE ( 'NONE', *, *, #1215, .F. ) ;
#2762 = EDGE_CURVE ( 'NONE', #942, #1073, #276, .T. ) ;
#2763 = EDGE_CURVE ( 'NONE', #948, #2738, #2932, .T. ) ;
#2764 = EDGE_CURVE ( 'NONE', #1070, #1253, #3460, .T. ) ;
#2765 = FACE_OUTER_BOUND ( 'NONE', #1504, .T. ) ;
#2766 = CARTESIAN_POINT ( 'NONE',  ( -214.9999999999998863, 24.99999999999999289, -600.0000000000000000 ) ) ;
#2767 = DIRECTION ( 'NONE',  ( 0.000000000000000000, 1.000000000000000000, 3.700742850728556176E-15 ) ) ;
#2768 = CARTESIAN_POINT ( 'NONE',  ( 350.0000000000000000, 14.99999999999987921, -562.5000000000001137 ) ) ;
#2769 = CARTESIAN_POINT ( 'NONE',  ( 185.1912137382735750, 21.61230033638192793, -564.9975995959289321 ) ) ;
#2770 = PLANE ( 'NONE',  #2334 ) ;
#2771 = ORIENTED_EDGE ( 'NONE', *, *, #402, .F. ) ;
#2772 = ORIENTED_EDGE ( 'NONE', *, *, #658, .T. ) ;
#2773 = SECURITY_CLASSIFICATION_LEVEL ( 'unclassified' ) ;
#2774 = ORIENTED_EDGE ( 'NONE', *, *, #802, .T. ) ;
#2775 = VERTEX_POINT ( 'NONE', #206 ) ;
#2776 = ADVANCED_FACE ( 'NONE', ( #2390 ), #2355, .T. ) ;
#2777 = DIRECTION ( 'NONE',  ( 1.000000000000000000, 0.000000000000000000, 0.000000000000000000 ) ) ;
#2778 = PLANE ( 'NONE',  #1915 ) ;
#2779 = ORIENTED_EDGE ( 'NONE', *, *, #1420, .T. ) ;
#2780 = ORIENTED_EDGE ( 'NONE', *, *, #289, .F. ) ;
#2781 = DIRECTION ( 'NONE',  ( 0.000000000000000000, 0.000000000000000000, -1.000000000000000000 ) ) ;
#2782 = DIRECTION ( 'NONE',  ( -0.000000000000000000, 1.000000000000000000, -0.000000000000000000 ) ) ;
#2783 = AXIS2_PLACEMENT_3D ( 'NONE', #2544, #2266, #3343 ) ;
#2784 = FACE_OUTER_BOUND ( 'NONE', #3126, .T. ) ;
#2785 = CYLINDRICAL_SURFACE ( 'NONE', #1026, 3.299999999999991385 ) ;
#2786 = AXIS2_PLACEMENT_3D ( 'NONE', #2955, #2942, #2184 ) ;
#2787 = EDGE_CURVE ( 'NONE', #12, #3156, #1875, .T. ) ;
#2788 = CYLINDRICAL_SURFACE ( 'NONE', #1792, 3.299999999999997158 ) ;
#2789 = AXIS2_PLACEMENT_3D ( 'NONE', #1440, #877, #2798 ) ;
#2790 = CARTESIAN_POINT ( 'NONE',  ( -247.1148613442486806, 20.28183222771055938, -564.0011513392896632 ) ) ;
#2791 = ORIENTED_EDGE ( 'NONE', *, *, #2660, .T. ) ;
#2792 = ORIENTED_EDGE ( 'NONE', *, *, #1067, .F. ) ;
#2793 = AXIS2_PLACEMENT_3D ( 'NONE', #163, #2049, #3143 ) ;
#2794 = AXIS2_PLACEMENT_3D ( 'NONE', #509, #1046, #3218 ) ;
#2795 = CARTESIAN_POINT ( 'NONE',  ( 215.0000000000000568, 24.99999999999850431, -596.7000000000000455 ) ) ;
#2796 = ADVANCED_FACE ( 'NONE', ( #2078 ), #2911, .T. ) ;
#2797 = DIRECTION ( 'NONE',  ( -1.000000000000000000, 0.000000000000000000, 7.690840992182485042E-23 ) ) ;
#2798 = DIRECTION ( 'NONE',  ( 1.000000000000000000, 0.000000000000000000, 0.000000000000000000 ) ) ;
#2799 = CIRCLE ( 'NONE', #1929, 3.299999999999969624 ) ;
#2800 = ORIENTED_EDGE ( 'NONE', *, *, #2359, .T. ) ;
#2801 = CARTESIAN_POINT ( 'NONE',  ( 245.6433152852921751, -21.25853891208339874, -35.30057072799783668 ) ) ;
#2802 = CYLINDRICAL_SURFACE ( 'NONE', #659, 10.00000000000000888 ) ;
#2803 = EDGE_CURVE ( 'NONE', #1765, #2462, #705, .T. ) ;
#2804 = CIRCLE ( 'NONE', #3248, 10.00000000000000533 ) ;
#2805 = CYLINDRICAL_SURFACE ( 'NONE', #2736, 3.299999999999969624 ) ;
#2806 = CIRCLE ( 'NONE', #1878, 7.000000000000002665 ) ;
#2807 = CARTESIAN_POINT ( 'NONE',  ( -252.4999999999999432, 20.85786437626906675, -562.5000000000000000 ) ) ;
#2808 = DIRECTION ( 'NONE',  ( -0.000000000000000000, -3.532527805625498298E-15, 1.000000000000000000 ) ) ;
#2809 = ORIENTED_EDGE ( 'NONE', *, *, #413, .F. ) ;
#2810 = CYLINDRICAL_SURFACE ( 'NONE', #1627, 3.300000000000025135 ) ;
#2811 = EDGE_CURVE ( 'NONE', #3375, #200, #2804, .T. ) ;
#2812 = ADVANCED_FACE ( 'NONE', ( #569 ), #1965, .T. ) ;
#2813 = DIRECTION ( 'NONE',  ( -0.000000000000000000, -3.532527805625498298E-15, 1.000000000000000000 ) ) ;
#2814 = CARTESIAN_POINT ( 'NONE',  ( -248.7457747230181724, 18.16890273626561836, -563.0130182068265867 ) ) ;
#2815 = ORIENTED_EDGE ( 'NONE', *, *, #402, .T. ) ;
#2816 = VERTEX_POINT ( 'NONE', #291 ) ;
#2817 = CARTESIAN_POINT ( 'NONE',  ( -181.2431562985038624, -18.17226971659786372, -563.0063125760135563 ) ) ;
#2818 = LINE ( 'NONE', #892, #2680 ) ;
#2819 = ORIENTED_EDGE ( 'NONE', *, *, #1891, .T. ) ;
#2820 = CARTESIAN_POINT ( 'NONE',  ( 246.2242954929708674, -20.93110829366722925, -35.55262179461617933 ) ) ;
#2821 = CARTESIAN_POINT ( 'NONE',  ( 186.3208577706736548, 21.90400402829006410, -34.73456913599101625 ) ) ;
#2822 = DIRECTION ( 'NONE',  ( 0.000000000000000000, 0.000000000000000000, 1.000000000000000000 ) ) ;
#2823 = EDGE_CURVE ( 'NONE', #1864, #397, #2746, .T. ) ;
#2824 = CARTESIAN_POINT ( 'NONE',  ( -177.5000000000000000, -20.85786437626920886, -562.5000000000000000 ) ) ;
#2825 = ORIENTED_EDGE ( 'NONE', *, *, #1018, .T. ) ;
#2826 = PLANE ( 'NONE',  #1922 ) ;
#2827 = DIRECTION ( 'NONE',  ( -1.000000000000000000, -0.000000000000000000, -0.000000000000000000 ) ) ;
#2828 = LINE ( 'NONE', #2375, #191 ) ;
#2829 = ORIENTED_EDGE ( 'NONE', *, *, #2695, .T. ) ;
#2830 = EDGE_CURVE ( 'NONE', #181, #150, #819, .T. ) ;
#2831 = ORIENTED_EDGE ( 'NONE', *, *, #2787, .T. ) ;
#2832 = EDGE_CURVE ( 'NONE', #397, #2271, #2172, .T. ) ;
#2833 = LINE ( 'NONE', #941, #1800 ) ;
#2834 = ORIENTED_EDGE ( 'NONE', *, *, #592, .T. ) ;
#2835 = PLANE ( 'NONE',  #2741 ) ;
#2836 = APPLICATION_CONTEXT ( 'configuration controlled 3d designs of mechanical parts and assemblies' ) ;
#2837 = CARTESIAN_POINT ( 'NONE',  ( 249.2610826345639055, -16.87319825676970808, -562.6660001854344273 ) ) ;
#2838 = CARTESIAN_POINT ( 'NONE',  ( -250.0000000000000000, -14.99999999999987743, -37.50000000000006395 ) ) ;
#2839 = EDGE_CURVE ( 'NONE', #2108, #1002, #2496, .T. ) ;
#2840 = FACE_OUTER_BOUND ( 'NONE', #270, .T. ) ;
#2841 = CARTESIAN_POINT ( 'NONE',  ( 250.0000000000000000, 15.00000000000010303, -27.49999999999994316 ) ) ;
#2842 = CARTESIAN_POINT ( 'NONE',  ( -187.4999999999999432, -24.99999999999992539, -27.50000000000007816 ) ) ;
#2843 = CARTESIAN_POINT ( 'NONE',  ( 249.4876017348490791, 15.48036715287433296, -562.5086903598036088 ) ) ;
#2844 = EDGE_LOOP ( 'NONE', ( #924, #1248, #1963, #318 ) ) ;
#2845 = EDGE_LOOP ( 'NONE', ( #2686, #2456, #376, #3188 ) ) ;
#2846 = VECTOR ( 'NONE', #35, 1000.000000000000000 ) ;
#2847 = CARTESIAN_POINT ( 'NONE',  ( -182.2562508650828477, -19.65810827845811914, -563.6439058971020586 ) ) ;
#2848 = CARTESIAN_POINT ( 'NONE',  ( 250.0000000000000000, -21.99999999999991118, -27.50000000000007461 ) ) ;
#2849 = CARTESIAN_POINT ( 'NONE',  ( -350.0000000000000000, -21.99999999999991118, -627.5000000000001137 ) ) ;
#2850 = VECTOR ( 'NONE', #2555, 1000.000000000000000 ) ;
#2851 = ORIENTED_EDGE ( 'NONE', *, *, #1512, .F. ) ;
#2852 = CARTESIAN_POINT ( 'NONE',  ( 250.0000000000000000, 25.00000000000011013, -27.49999999999991473 ) ) ;
#2853 = CARTESIAN_POINT ( 'NONE',  ( 185.6276725156495218, 21.76143341828087330, -34.86885791384702316 ) ) ;
#2854 = ADVANCED_FACE ( 'NONE', ( #57 ), #858, .F. ) ;
#2855 = CYLINDRICAL_SURFACE ( 'NONE', #652, 7.000000000000006217 ) ;
#2856 = APPROVAL_PERSON_ORGANIZATION ( #315, #131, #2528 ) ;
#2857 = VECTOR ( 'NONE', #442, 1000.000000000000000 ) ;
#2858 = VECTOR ( 'NONE', #556, 1000.000000000000000 ) ;
#2859 = CYLINDRICAL_SURFACE ( 'NONE', #199, 10.00000000000000888 ) ;
#2860 = AXIS2_PLACEMENT_3D ( 'NONE', #2018, #3117, #912 ) ;
#2861 = FACE_OUTER_BOUND ( 'NONE', #1761, .T. ) ;
#2862 = CARTESIAN_POINT ( 'NONE',  ( 8.871732858435342451E-14, 24.99999999999924682, -3.299999999999988720 ) ) ;
#2863 = CARTESIAN_POINT ( 'NONE',  ( 184.3488785678055990, -21.26695770379863148, -35.29606179266639998 ) ) ;
#2864 = VERTEX_POINT ( 'NONE', #3000 ) ;
#2865 = ORIENTED_EDGE ( 'NONE', *, *, #2140, .F. ) ;
#2866 = ADVANCED_FACE ( 'NONE', ( #880 ), #1118, .T. ) ;
#2867 = CARTESIAN_POINT ( 'NONE',  ( 177.4999999999998579, -20.85786437626894241, -37.50000000000015632 ) ) ;
#2868 = CARTESIAN_POINT ( 'NONE',  ( 215.0000000000000568, 21.99999999999850075, -596.7000000000000455 ) ) ;
#2869 = ORIENTED_EDGE ( 'NONE', *, *, #3022, .T. ) ;
#2870 = VERTEX_POINT ( 'NONE', #307 ) ;
#2871 = CARTESIAN_POINT ( 'NONE',  ( 215.0000000000000568, 21.99999999999850075, -600.0000000000000000 ) ) ;
#2872 = CARTESIAN_POINT ( 'NONE',  ( 181.1567072087544545, 17.96920520995001880, -37.05158525049215257 ) ) ;
#2873 = DIRECTION ( 'NONE',  ( 0.000000000000000000, 0.000000000000000000, 1.000000000000000000 ) ) ;
#2874 = ORIENTED_EDGE ( 'NONE', *, *, #1175, .F. ) ;
#2875 = CARTESIAN_POINT ( 'NONE',  ( 245.0269832074729663, 21.53187853182814848, -35.07283945620880417 ) ) ;
#2876 = DIRECTION ( 'NONE',  ( 0.000000000000000000, 1.000000000000000000, -4.235164736271500755E-22 ) ) ;
#2877 = FACE_OUTER_BOUND ( 'NONE', #833, .T. ) ;
#2878 = DIRECTION ( 'NONE',  ( 3.700744544794450685E-15, 1.000000000000000000, 3.700743274245029804E-15 ) ) ;
#2879 = EDGE_LOOP ( 'NONE', ( #1870, #1531 ) ) ;
#2880 = ORIENTED_EDGE ( 'NONE', *, *, #2995, .T. ) ;
#2881 = CARTESIAN_POINT ( 'NONE',  ( -187.4999999999998863, 24.99999999999991473, -572.5000000000000000 ) ) ;
#2882 = EDGE_CURVE ( 'NONE', #3131, #2931, #2806, .T. ) ;
#2883 = CARTESIAN_POINT ( 'NONE',  ( 8.831319514063479347E-14, 24.99999999999924682, -596.7000000000000455 ) ) ;
#2884 = EDGE_LOOP ( 'NONE', ( #1744, #197, #2036, #2752 ) ) ;
#2885 = ORIENTED_EDGE ( 'NONE', *, *, #3348, .F. ) ;
#2886 = CARTESIAN_POINT ( 'NONE',  ( 249.4384457437813865, -15.95671378532289175, -37.45699350511068815 ) ) ;
#2887 = DIRECTION ( 'NONE',  ( 1.000000000000000000, 0.000000000000000000, 0.000000000000000000 ) ) ;
#2888 = DIRECTION ( 'NONE',  ( 0.000000000000000000, 1.000000000000000000, -4.235164736271500755E-22 ) ) ;
#2889 = DIRECTION ( 'NONE',  ( -1.586032892321652236E-16, 3.700743415417186364E-15, -1.000000000000000000 ) ) ;
#2890 = CARTESIAN_POINT ( 'NONE',  ( -180.5491285263177872, 15.95210075985718134, -37.46543667909863728 ) ) ;
#2891 = CARTESIAN_POINT ( 'NONE',  ( -247.7443192243906367, -19.65778353193161010, -563.6436291137327999 ) ) ;
#2892 = EDGE_LOOP ( 'NONE', ( #1920, #3014 ) ) ;
#2893 = VERTEX_POINT ( 'NONE', #2206 ) ;
#2894 = AXIS2_PLACEMENT_3D ( 'NONE', #1293, #1573, #161 ) ;
#2895 = CARTESIAN_POINT ( 'NONE',  ( -242.7377119667928298, 22.00000000000009237, -34.64142842854288773 ) ) ;
#2896 = CARTESIAN_POINT ( 'NONE',  ( 250.0000000000000000, -14.99999999999991296, -27.50000000000004974 ) ) ;
#2897 = VECTOR ( 'NONE', #3352, 1000.000000000000000 ) ;
#2898 = DIRECTION ( 'NONE',  ( 0.000000000000000000, 0.000000000000000000, -1.000000000000000000 ) ) ;
#2899 = ORIENTED_EDGE ( 'NONE', *, *, #3022, .F. ) ;
#2900 = ORIENTED_EDGE ( 'NONE', *, *, #2640, .T. ) ;
#2901 = EDGE_CURVE ( 'NONE', #120, #1738, #1411, .T. ) ;
#2902 = LINE ( 'NONE', #1477, #3024 ) ;
#2903 = CARTESIAN_POINT ( 'NONE',  ( -183.7757045070290189, -20.93110829366722925, -35.55262179461620065 ) ) ;
#2904 = DIRECTION ( 'NONE',  ( 1.000000000000000000, 0.000000000000000000, 0.000000000000000000 ) ) ;
#2905 = DIRECTION ( 'NONE',  ( 1.000000000000000000, 0.000000000000000000, 0.000000000000000000 ) ) ;
#2906 = ORIENTED_EDGE ( 'NONE', *, *, #1665, .F. ) ;
#2907 = AXIS2_PLACEMENT_3D ( 'NONE', #626, #2235, #916 ) ;
#2908 = EDGE_CURVE ( 'NONE', #6, #275, #1931, .T. ) ;
#2909 = ADVANCED_FACE ( 'NONE', ( #3039 ), #2465, .F. ) ;
#2910 = LOCAL_TIME ( 2, 19, 58.00000000000000000, #1043 ) ;
#2911 = PLANE ( 'NONE',  #481 ) ;
#2912 = AXIS2_PLACEMENT_3D ( 'NONE', #326, #1382, #1064 ) ;
#2913 = CYLINDRICAL_SURFACE ( 'NONE', #2912, 10.00000000000000533 ) ;
#2914 = LINE ( 'NONE', #1280, #2029 ) ;
#2915 = LINE ( 'NONE', #484, #27 ) ;
#2916 = CARTESIAN_POINT ( 'NONE',  ( -350.0000000000000000, -14.99999999999988809, -634.5000000000001137 ) ) ;
#2917 = CARTESIAN_POINT ( 'NONE',  ( -243.6791422293262315, -21.90400402828991488, -565.2654308640093177 ) ) ;
#2918 = AXIS2_PLACEMENT_3D ( 'NONE', #1237, #2930, #737 ) ;
#2919 = ORIENTED_EDGE ( 'NONE', *, *, #400, .T. ) ;
#2920 = ORIENTED_EDGE ( 'NONE', *, *, #901, .T. ) ;
#2921 = ADVANCED_FACE ( 'NONE', ( #3257 ), #2521, .T. ) ;
#2922 = CIRCLE ( 'NONE', #319, 3.299999999999969624 ) ;
#2923 = CARTESIAN_POINT ( 'NONE',  ( -249.4999999999999147, 15.00000000000012434, -37.49999999999992184 ) ) ;
#2924 = EDGE_CURVE ( 'NONE', #3380, #3037, #2193, .T. ) ;
#2925 = CARTESIAN_POINT ( 'NONE',  ( 250.0000000000000000, -14.99999999999988098, -37.49999999999997868 ) ) ;
#2926 = ORIENTED_EDGE ( 'NONE', *, *, #341, .T. ) ;
#2927 = B_SPLINE_CURVE_WITH_KNOTS ( 'NONE', 3,
 ( #2597, #1166, #1151, #3333, #1707, #2817, #399, #368, #2847, #2241, #891, #1960, #421, #3066, #634, #1685, #383, #1438, #1994, #1451, #1471, #2585 ),
 .UNSPECIFIED., .F., .F.,
 ( 4, 2, 2, 2, 2, 2, 2, 2, 2, 2, 4 ),
 ( 8.673617379883996953E-18, 0.001421279481378027185, 0.002842558962756045696, 0.004263838444134064425, 0.005685117925512082719, 0.007106397406890101014, 0.008527676888268120176, 0.009238316628957129323, 0.009948956369646138470, 0.01065959611033514762, 0.01137023585102415676 ),
 .UNSPECIFIED. ) ;
#2928 = DIRECTION ( 'NONE',  ( 0.000000000000000000, -1.000000000000000000, -3.532527805625498298E-15 ) ) ;
#2929 = FACE_OUTER_BOUND ( 'NONE', #595, .T. ) ;
#2930 = DIRECTION ( 'NONE',  ( 0.000000000000000000, 1.000000000000000000, -4.235164736271500755E-22 ) ) ;
#2931 = VERTEX_POINT ( 'NONE', #107 ) ;
#2932 = LINE ( 'NONE', #1879, #2402 ) ;
#2933 = CARTESIAN_POINT ( 'NONE',  ( 249.1180191725539714, 17.32663071661666976, -37.23551157195678485 ) ) ;
#2934 = CARTESIAN_POINT ( 'NONE',  ( 249.4999999999999147, -15.00000000000013145, -599.9999999999998863 ) ) ;
#2935 = DIRECTION ( 'NONE',  ( 0.000000000000000000, 0.000000000000000000, 1.000000000000000000 ) ) ;
#2936 = CARTESIAN_POINT ( 'NONE',  ( -247.7437491349173797, -19.65810827845782072, -36.35609410289819010 ) ) ;
#2937 = CARTESIAN_POINT ( 'NONE',  ( -249.1166520847368417, -17.33111287727436789, -562.7654350760676607 ) ) ;
#2938 = ORIENTED_EDGE ( 'NONE', *, *, #1794, .T. ) ;
#2939 =( BOUNDED_CURVE ( )  B_SPLINE_CURVE ( 3, ( #2945, #3204, #2707, #581 ),
 .UNSPECIFIED., .F., .F. ) 
 B_SPLINE_CURVE_WITH_KNOTS ( ( 4, 4 ),
 ( 0.000000000000000000, 1.570796326794899445 ),
 .UNSPECIFIED. ) 
 CURVE ( )  GEOMETRIC_REPRESENTATION_ITEM ( )  RATIONAL_B_SPLINE_CURVE ( ( 1.000000000000000000, 0.8047378541243643824, 0.8047378541243643824, 1.000000000000000000 ) ) 
 REPRESENTATION_ITEM ( '' )  );
#2940 = VERTEX_POINT ( 'NONE', #3017 ) ;
#2941 = CARTESIAN_POINT ( 'NONE',  ( -247.7443192243905230, 19.65778353193172734, -36.35637088626749147 ) ) ;
#2942 = DIRECTION ( 'NONE',  ( 3.532527189601535655E-15, 1.000000000000000000, -4.235164736271500755E-22 ) ) ;
#2943 = FACE_OUTER_BOUND ( 'NONE', #1372, .T. ) ;
#2944 = CARTESIAN_POINT ( 'NONE',  ( -185.1895825730257741, -21.62338389603931432, -34.99564535013917776 ) ) ;
#2945 = CARTESIAN_POINT ( 'NONE',  ( 252.4999999999998863, -15.00000000000014388, -562.5000000000002274 ) ) ;
#2946 = CARTESIAN_POINT ( 'NONE',  ( 250.0000000000000000, 25.00000000000010658, -27.49999999999991118 ) ) ;
#2947 = ORIENTED_EDGE ( 'NONE', *, *, #2207, .T. ) ;
#2948 = CARTESIAN_POINT ( 'NONE',  ( 246.0395613248224436, 21.05524842271375263, -35.46400445321462769 ) ) ;
#2949 = CARTESIAN_POINT ( 'NONE',  ( 249.4014406563791795, 16.19412149417502178, -562.5688027689641331 ) ) ;
#2950 = CARTESIAN_POINT ( 'NONE',  ( -246.0395613248227278, -21.05524842271356789, -35.46400445321459927 ) ) ;
#2951 = EDGE_CURVE ( 'NONE', #2025, #2388, #1703, .T. ) ;
#2952 = ORIENTED_EDGE ( 'NONE', *, *, #1842, .T. ) ;
#2953 = DIRECTION ( 'NONE',  ( 1.000000000000000000, 0.000000000000000000, 0.000000000000000000 ) ) ;
#2954 = EDGE_CURVE ( 'NONE', #3228, #2864, #339, .T. ) ;
#2955 = CARTESIAN_POINT ( 'NONE',  ( -242.5000000000000568, -24.99999999999991473, -600.0000000000000000 ) ) ;
#2956 =( BOUNDED_CURVE ( )  B_SPLINE_CURVE ( 3, ( #1896, #1619, #58, #1914 ),
 .UNSPECIFIED., .F., .F. ) 
 B_SPLINE_CURVE_WITH_KNOTS ( ( 4, 4 ),
 ( 4.791541927135542075E-21, 1.570796326794888342 ),
 .UNSPECIFIED. ) 
 CURVE ( )  GEOMETRIC_REPRESENTATION_ITEM ( )  RATIONAL_B_SPLINE_CURVE ( ( 1.000000000000000000, 0.8047378541243670469, 0.8047378541243670469, 1.000000000000000000 ) ) 
 REPRESENTATION_ITEM ( '' )  );
#2957 = VERTEX_POINT ( 'NONE', #1155 ) ;
#2958 = CARTESIAN_POINT ( 'NONE',  ( -187.5000000000000568, -25.00000000000011013, -599.9999999999998863 ) ) ;
#2959 = AXIS2_PLACEMENT_3D ( 'NONE', #1102, #88, #1607 ) ;
#2960 = LINE ( 'NONE', #1890, #594 ) ;
#2961 = CARTESIAN_POINT ( 'NONE',  ( 350.0000000000000000, -15.00000000000010303, -572.5000000000001137 ) ) ;
#2962 = EDGE_LOOP ( 'NONE', ( #1179, #3106, #785, #61 ) ) ;
#2963 = AXIS2_PLACEMENT_3D ( 'NONE', #1791, #2325, #2898 ) ;
#2964 = EDGE_CURVE ( 'NONE', #3176, #2691, #2922, .T. ) ;
#2965 = DIRECTION ( 'NONE',  ( -0.000000000000000000, 1.000000000000000000, -0.000000000000000000 ) ) ;
#2966 = DIRECTION ( 'NONE',  ( 1.000000000000000000, 0.000000000000000000, 0.000000000000000000 ) ) ;
#2967 = CIRCLE ( 'NONE', #2332, 10.00000000000000888 ) ;
#2968 = CARTESIAN_POINT ( 'NONE',  ( 250.0000000000000000, 14.99999999999987743, 37.50000000000006395 ) ) ;
#2969 = CARTESIAN_POINT ( 'NONE',  ( 252.4999999999998295, -20.85786437626912360, -37.50000000000007105 ) ) ;
#2970 = ORIENTED_EDGE ( 'NONE', *, *, #2336, .T. ) ;
#2971 = AXIS2_PLACEMENT_3D ( 'NONE', #584, #1858, #2698 ) ;
#2972 = ORIENTED_EDGE ( 'NONE', *, *, #2602, .T. ) ;
#2973 = CARTESIAN_POINT ( 'NONE',  ( -245.4392199811325668, 21.35710599508978191, -35.22014777899616433 ) ) ;
#2974 = VECTOR ( 'NONE', #832, 1000.000000000000000 ) ;
#2975 = CARTESIAN_POINT ( 'NONE',  ( -350.0000000000000000, -14.99999999999991296, -627.5000000000001137 ) ) ;
#2976 = ADVANCED_FACE ( 'NONE', ( #959 ), #2034, .F. ) ;
#2977 = ORIENTED_EDGE ( 'NONE', *, *, #3060, .T. ) ;
#2978 = AXIS2_PLACEMENT_3D ( 'NONE', #3269, #2758, #1872 ) ;
#2979 = CARTESIAN_POINT ( 'NONE',  ( 350.0000000000000000, 14.99999999999987743, -562.5000000000000000 ) ) ;
#2980 = CARTESIAN_POINT ( 'NONE',  ( 350.0000000000000000, -25.00000000000011013, -572.5000000000002274 ) ) ;
#2981 = DIRECTION ( 'NONE',  ( 0.000000000000000000, -1.000000000000000000, -3.700743415417186364E-15 ) ) ;
#2982 = EDGE_LOOP ( 'NONE', ( #646, #3458, #3161, #1524 ) ) ;
#2983 = EDGE_CURVE ( 'NONE', #3026, #334, #641, .T. ) ;
#2984 = CARTESIAN_POINT ( 'NONE',  ( 215.0000000000000568, 24.99999999999850431, 3.299999999999886136 ) ) ;
#2985 = DIRECTION ( 'NONE',  ( 1.000000000000000000, 0.000000000000000000, 0.000000000000000000 ) ) ;
#2986 = DIRECTION ( 'NONE',  ( -1.000000000000000000, 0.000000000000000000, 1.586033434521926015E-16 ) ) ;
#2987 = ADVANCED_FACE ( 'NONE', ( #708 ), #152, .T. ) ;
#2988 = CARTESIAN_POINT ( 'NONE',  ( -242.4999999999998863, 22.00000000000011369, -600.0000000000000000 ) ) ;
#2989 = ORIENTED_EDGE ( 'NONE', *, *, #982, .F. ) ;
#2990 = ORIENTED_EDGE ( 'NONE', *, *, #1938, .T. ) ;
#2991 = CARTESIAN_POINT ( 'NONE',  ( -246.2242954929710379, 20.93110829366716530, -35.55262179461637118 ) ) ;
#2992 = DIRECTION ( 'NONE',  ( -1.000000000000000000, -0.000000000000000000, -0.000000000000000000 ) ) ;
#2993 = ORIENTED_EDGE ( 'NONE', *, *, #3186, .F. ) ;
#2994 = CARTESIAN_POINT ( 'NONE',  ( 350.0000000000000000, 24.99999999999991118, -572.5000000000000000 ) ) ;
#2995 = EDGE_CURVE ( 'NONE', #2294, #3315, #2287, .T. ) ;
#2996 = CARTESIAN_POINT ( 'NONE',  ( 8.871732858435342451E-14, 21.99999999999924682, -3.299999999999993605 ) ) ;
#2997 = CARTESIAN_POINT ( 'NONE',  ( 184.3566847147076544, -21.25853891208319979, -564.6994292720020212 ) ) ;
#2998 = ORIENTED_EDGE ( 'NONE', *, *, #3247, .T. ) ;
#2999 = DIRECTION ( 'NONE',  ( 0.000000000000000000, 0.000000000000000000, 1.000000000000000000 ) ) ;
#3000 = CARTESIAN_POINT ( 'NONE',  ( -187.4999999999998863, 21.99999999999992184, -34.64142842854289484 ) ) ;
#3001 = EDGE_CURVE ( 'NONE', #995, #1738, #613, .T. ) ;
#3002 = DIRECTION ( 'NONE',  ( 0.000000000000000000, 0.000000000000000000, 1.000000000000000000 ) ) ;
#3003 = DIRECTION ( 'NONE',  ( 3.700744544794450685E-15, 1.000000000000000000, -4.235164736271500755E-22 ) ) ;
#3004 = FACE_OUTER_BOUND ( 'NONE', #1480, .T. ) ;
#3005 = FACE_OUTER_BOUND ( 'NONE', #2171, .T. ) ;
#3006 = ORIENTED_EDGE ( 'NONE', *, *, #1891, .F. ) ;
#3007 = ORIENTED_EDGE ( 'NONE', *, *, #2811, .F. ) ;
#3008 = DIRECTION ( 'NONE',  ( 0.000000000000000000, 0.000000000000000000, -1.000000000000000000 ) ) ;
#3009 = ORIENTED_EDGE ( 'NONE', *, *, #3388, .T. ) ;
#3010 = CARTESIAN_POINT ( 'NONE',  ( -180.5615542562186420, -15.95671378532289708, -37.45699350511069525 ) ) ;
#3011 = CARTESIAN_POINT ( 'NONE',  ( -214.9999999999998863, 21.99999999999999289, -1.110223024625156540E-13 ) ) ;
#3012 = CIRCLE ( 'NONE', #1450, 3.299999999999997158 ) ;
#3013 = CARTESIAN_POINT ( 'NONE',  ( 187.2622880332072270, -21.99999999999992539, -565.3585715714572189 ) ) ;
#3014 = ORIENTED_EDGE ( 'NONE', *, *, #2964, .F. ) ;
#3015 = ADVANCED_FACE ( 'NONE', ( #1235 ), #2802, .T. ) ;
#3016 = VECTOR ( 'NONE', #235, 1000.000000000000000 ) ;
#3017 = CARTESIAN_POINT ( 'NONE',  ( 250.0000000000000000, -24.99999999999991829, -27.50000000000008171 ) ) ;
#3018 = LINE ( 'NONE', #3291, #813 ) ;
#3019 = MANIFOLD_SOLID_BREP ( 'Rectangular tube 75 X 50 X 3[2]', #1510 ) ;
#3020 = DIRECTION ( 'NONE',  ( 0.000000000000000000, -1.000000000000000000, -3.700743415417186364E-15 ) ) ;
#3021 = VECTOR ( 'NONE', #1702, 1000.000000000000000 ) ;
#3022 = EDGE_CURVE ( 'NONE', #1198, #2108, #2262, .T. ) ;
#3023 = CARTESIAN_POINT ( 'NONE',  ( 187.5000000000000284, 21.99999999999953815, -565.3585715714568778 ) ) ;
#3024 = VECTOR ( 'NONE', #2368, 1000.000000000000000 ) ;
#3025 = DIRECTION ( 'NONE',  ( -3.700744544794450685E-15, -1.000000000000000000, 0.000000000000000000 ) ) ;
#3026 = VERTEX_POINT ( 'NONE', #1982 ) ;
#3027 = ORIENTED_EDGE ( 'NONE', *, *, #2576, .T. ) ;
#3028 = MANIFOLD_SOLID_BREP ( 'M6 Clearance Hole1[4]', #2321 ) ;
#3029 = AXIS2_PLACEMENT_3D ( 'NONE', #2374, #3208, #3192 ) ;
#3030 = ADVANCED_FACE ( 'NONE', ( #1711 ), #386, .F. ) ;
#3031 = EDGE_LOOP ( 'NONE', ( #1921, #3085 ) ) ;
#3032 = ADVANCED_FACE ( 'NONE', ( #1457 ), #2835, .T. ) ;
#3033 = PLANE ( 'NONE',  #1695 ) ;
#3034 = CARTESIAN_POINT ( 'NONE',  ( 350.0000000000000000, 14.99999999999987921, -562.5000000000001137 ) ) ;
#3035 = VECTOR ( 'NONE', #2385, 1000.000000000000000 ) ;
#3036 = CARTESIAN_POINT ( 'NONE',  ( 180.8833479152630730, -17.33111287727434302, -562.7654350760678881 ) ) ;
#3037 = VERTEX_POINT ( 'NONE', #1747 ) ;
#3038 = ORIENTED_EDGE ( 'NONE', *, *, #2676, .F. ) ;
#3039 = FACE_OUTER_BOUND ( 'NONE', #574, .T. ) ;
#3040 = CARTESIAN_POINT ( 'NONE',  ( 243.4538730377757361, -21.93880767778524898, -565.2990204901881270 ) ) ;
#3041 = DIRECTION ( 'NONE',  ( -6.780942318374154600E-23, -4.235164736271500755E-22, 1.000000000000000000 ) ) ;
#3042 = CARTESIAN_POINT ( 'NONE',  ( -350.0000000000000000, -15.00000000000012790, -565.5000000000000000 ) ) ;
#3043 = EDGE_CURVE ( 'NONE', #2025, #217, #1274, .T. ) ;
#3044 = EDGE_LOOP ( 'NONE', ( #2237, #893, #1493, #1587 ) ) ;
#3045 = EDGE_LOOP ( 'NONE', ( #820, #16, #3334, #2947 ) ) ;
#3046 = CC_DESIGN_PERSON_AND_ORGANIZATION_ASSIGNMENT ( #1373, #1662, ( #146 ) ) ;
#3047 = DIRECTION ( 'NONE',  ( 0.000000000000000000, -3.532527805625498298E-15, 1.000000000000000000 ) ) ;
#3048 = CARTESIAN_POINT ( 'NONE',  ( 215.0000000000000568, 21.99999999999850075, -1.110223024625156540E-13 ) ) ;
#3049 = DIRECTION ( 'NONE',  ( -6.780942318374154600E-23, -4.235164736271500755E-22, 1.000000000000000000 ) ) ;
#3050 = ORIENTED_EDGE ( 'NONE', *, *, #1955, .T. ) ;
#3051 =( BOUNDED_CURVE ( )  B_SPLINE_CURVE ( 3, ( #293, #502, #2969, #2684 ),
 .UNSPECIFIED., .F., .T. ) 
 B_SPLINE_CURVE_WITH_KNOTS ( ( 4, 4 ),
 ( 1.570796326794898112, 3.141592653589780682 ),
 .UNSPECIFIED. ) 
 CURVE ( )  GEOMETRIC_REPRESENTATION_ITEM ( )  RATIONAL_B_SPLINE_CURVE ( ( 1.000000000000000000, 0.8047378541243681571, 0.8047378541243681571, 1.000000000000000000 ) ) 
 REPRESENTATION_ITEM ( '' )  );
#3052 = EDGE_LOOP ( 'NONE', ( #2709, #1089, #83, #294 ) ) ;
#3053 = DIRECTION ( 'NONE',  ( -6.780942318374154600E-23, -4.235164736271500755E-22, 1.000000000000000000 ) ) ;
#3054 = CARTESIAN_POINT ( 'NONE',  ( 247.7437491349170671, -19.65810827845808006, -563.6439058971020586 ) ) ;
#3055 = PERSON ( 'UNSPECIFIED', 'UNSPECIFIED', 'UNSPECIFIED', ('UNSPECIFIED'), ('UNSPECIFIED'), ('UNSPECIFIED') ) ;
#3056 = CARTESIAN_POINT ( 'NONE',  ( -242.4999999999999432, 24.99999999999991473, -572.5000000000000000 ) ) ;
#3057 = CARTESIAN_POINT ( 'NONE',  ( -214.9999999999998863, 25.00000000000000000, -296.7000000000000455 ) ) ;
#3058 = ORIENTED_EDGE ( 'NONE', *, *, #753, .F. ) ;
#3059 = PLANE ( 'NONE',  #3390 ) ;
#3060 = EDGE_CURVE ( 'NONE', #1724, #1637, #1303, .T. ) ;
#3061 = DATE_TIME_ROLE ( 'classification_date' ) ;
#3062 = CARTESIAN_POINT ( 'NONE',  ( 180.4999999999999716, -14.99999999999988098, -37.49999999999997868 ) ) ;
#3063 = DIRECTION ( 'NONE',  ( 1.000000000000000000, 0.000000000000000000, 0.000000000000000000 ) ) ;
#3064 = VERTEX_POINT ( 'NONE', #2406 ) ;
#3065 = EDGE_LOOP ( 'NONE', ( #2880, #1127, #631, #602, #905, #69, #1422, #2221 ) ) ;
#3066 = CARTESIAN_POINT ( 'NONE',  ( -184.9730167925268915, -21.53187853182830480, -564.9271605437915014 ) ) ;
#3067 = CARTESIAN_POINT ( 'NONE',  ( -249.5000000000000568, -14.99999999999989342, -599.9999999999998863 ) ) ;
#3068 = EDGE_LOOP ( 'NONE', ( #382, #1959, #2613, #711 ) ) ;
#3069 = CARTESIAN_POINT ( 'NONE',  ( -250.0000000000000000, -14.99999999999991296, -27.50000000000004974 ) ) ;
#3070 = CARTESIAN_POINT ( 'NONE',  ( 350.0000000000000000, 14.99999999999987921, -562.5000000000000000 ) ) ;
#3071 = VECTOR ( 'NONE', #1593, 1000.000000000000000 ) ;
#3072 = CARTESIAN_POINT ( 'NONE',  ( -214.9999999999998863, 21.99999999999999289, -3.300000000000108180 ) ) ;
#3073 = VECTOR ( 'NONE', #3049, 1000.000000000000000 ) ;
#3074 = ORIENTED_EDGE ( 'NONE', *, *, #2551, .T. ) ;
#3075 = DIRECTION ( 'NONE',  ( 0.000000000000000000, 0.000000000000000000, 1.000000000000000000 ) ) ;
#3076 = AXIS2_PLACEMENT_3D ( 'NONE', #1668, #3319, #81 ) ;
#3077 = CARTESIAN_POINT ( 'NONE',  ( -245.4370444035801597, 21.35803075674634499, -564.7806311379567887 ) ) ;
#3078 = ORIENTED_EDGE ( 'NONE', *, *, #694, .T. ) ;
#3079 = CC_DESIGN_APPROVAL ( #1038, ( #643 ) ) ;
#3080 = VECTOR ( 'NONE', #2670, 1000.000000000000000 ) ;
#3081 = DIRECTION ( 'NONE',  ( 0.000000000000000000, 0.000000000000000000, -1.000000000000000000 ) ) ;
#3082 = ADVANCED_FACE ( 'NONE', ( #1853 ), #2352, .T. ) ;
#3083 = DIRECTION ( 'NONE',  ( -1.000000000000000000, -0.000000000000000000, -0.000000000000000000 ) ) ;
#3084 = CIRCLE ( 'NONE', #262, 10.00000000000000533 ) ;
#3085 = ORIENTED_EDGE ( 'NONE', *, *, #2429, .T. ) ;
#3086 = CARTESIAN_POINT ( 'NONE',  ( 180.8833479152631298, 17.33111287727459526, -37.23456492393242456 ) ) ;
#3087 = VECTOR ( 'NONE', #2423, 1000.000000000000000 ) ;
#3088 = CYLINDRICAL_SURFACE ( 'NONE', #420, 7.000000000000006217 ) ;
#3089 = VECTOR ( 'NONE', #945, 1000.000000000000000 ) ;
#3090 = CARTESIAN_POINT ( 'NONE',  ( 248.3578643762691343, 25.00000000000004619, -33.35786437626910583 ) ) ;
#3091 = ADVANCED_FACE ( 'NONE', ( #510, #1514 ), #3185, .T. ) ;
#3092 = VERTEX_POINT ( 'NONE', #3 ) ;
#3093 = CARTESIAN_POINT ( 'NONE',  ( 350.0000000000000000, 15.00000000000010303, -627.5000000000001137 ) ) ;
#3094 = CARTESIAN_POINT ( 'NONE',  ( -252.5000000000000568, -14.99999999999988276, -599.9999999999998863 ) ) ;
#3095 = CARTESIAN_POINT ( 'NONE',  ( 249.5000000000000284, 14.99999999999988987, -562.5000000000000000 ) ) ;
#3096 = CARTESIAN_POINT ( 'NONE',  ( 249.5000000000000284, 14.99999999999988987, -562.5000000000000000 ) ) ;
#3097 = EDGE_LOOP ( 'NONE', ( #1354, #804, #139, #1689, #2046, #2150, #2299, #925 ) ) ;
#3098 = ORIENTED_EDGE ( 'NONE', *, *, #2458, .F. ) ;
#3099 = PLANE ( 'NONE',  #3349 ) ;
#3100 = CARTESIAN_POINT ( 'NONE',  ( -249.5000000000000568, -15.00000000000003020, -562.5000000000000000 ) ) ;
#3101 = ORIENTED_EDGE ( 'NONE', *, *, #662, .F. ) ;
#3102 = EDGE_CURVE ( 'NONE', #314, #637, #17, .T. ) ;
#3103 = CARTESIAN_POINT ( 'NONE',  ( 183.7757045070289905, 20.93110829366722569, -35.55262179461632854 ) ) ;
#3104 = CARTESIAN_POINT ( 'NONE',  ( 242.9791971790928358, -21.98765309850427130, -565.3464091488968961 ) ) ;
#3105 = DIRECTION ( 'NONE',  ( -0.000000000000000000, 1.000000000000000000, -0.000000000000000000 ) ) ;
#3106 = ORIENTED_EDGE ( 'NONE', *, *, #1526, .F. ) ;
#3107 = CARTESIAN_POINT ( 'NONE',  ( 249.5000000000000284, 14.99999999999988987, -600.0000000000000000 ) ) ;
#3108 = DIRECTION ( 'NONE',  ( -1.000000000000000000, 0.000000000000000000, 6.780942318374154600E-23 ) ) ;
#3109 = CARTESIAN_POINT ( 'NONE',  ( 181.2431562985037203, -18.17226971659762214, -36.99368742398681320 ) ) ;
#3110 = CARTESIAN_POINT ( 'NONE',  ( 242.9740840493507505, 21.98792370224570192, -565.3466766487028963 ) ) ;
#3111 = VERTEX_POINT ( 'NONE', #2623 ) ;
#3112 = EDGE_LOOP ( 'NONE', ( #2471, #2084, #2240, #768 ) ) ;
#3113 = FACE_OUTER_BOUND ( 'NONE', #2030, .T. ) ;
#3114 = CARTESIAN_POINT ( 'NONE',  ( 250.0000000000000000, 22.00000000000010658, -27.49999999999992184 ) ) ;
#3115 = DIRECTION ( 'NONE',  ( -6.780942318374154600E-23, -4.235164736271500755E-22, 1.000000000000000000 ) ) ;
#3116 = EDGE_LOOP ( 'NONE', ( #2494, #1028, #1260, #1448 ) ) ;
#3117 = DIRECTION ( 'NONE',  ( 1.000000000000000000, 0.000000000000000000, 0.000000000000000000 ) ) ;
#3118 = LINE ( 'NONE', #2644, #589 ) ;
#3119 = EDGE_CURVE ( 'NONE', #3111, #345, #458, .T. ) ;
#3120 = CARTESIAN_POINT ( 'NONE',  ( 252.5000000000000853, 20.85786437626901346, -37.50000000000010658 ) ) ;
#3121 = EDGE_CURVE ( 'NONE', #66, #1864, #1370, .T. ) ;
#3122 = ORIENTED_EDGE ( 'NONE', *, *, #2197, .F. ) ;
#3123 = CARTESIAN_POINT ( 'NONE',  ( -183.9604386751775280, 21.05524842271373132, -35.46400445321464190 ) ) ;
#3124 = AXIS2_PLACEMENT_3D ( 'NONE', #215, #1580, #2689 ) ;
#3125 = DIRECTION ( 'NONE',  ( -1.000000000000000000, 0.000000000000000000, 1.586033343532058634E-16 ) ) ;
#3126 = EDGE_LOOP ( 'NONE', ( #3354, #331, #890, #952 ) ) ;
#3127 = EDGE_LOOP ( 'NONE', ( #2735, #1229, #615, #2425 ) ) ;
#3128 = VECTOR ( 'NONE', #196, 1000.000000000000000 ) ;
#3129 = CARTESIAN_POINT ( 'NONE',  ( -181.6421356237308657, 24.99999999999992539, -566.6421356237309510 ) ) ;
#3130 = ORIENTED_EDGE ( 'NONE', *, *, #194, .T. ) ;
#3131 = VERTEX_POINT ( 'NONE', #789 ) ;
#3132 = CARTESIAN_POINT ( 'NONE',  ( -350.0000000000000000, 15.00000000000010303, -627.5000000000000000 ) ) ;
#3133 = DIRECTION ( 'NONE',  ( 0.000000000000000000, 1.000000000000000000, 3.700743415417186364E-15 ) ) ;
#3134 = AXIS2_PLACEMENT_3D ( 'NONE', #1748, #2888, #3403 ) ;
#3135 = ORIENTED_EDGE ( 'NONE', *, *, #2549, .T. ) ;
#3136 = VECTOR ( 'NONE', #2459, 1000.000000000000000 ) ;
#3137 = LINE ( 'NONE', #445, #258 ) ;
#3138 = CIRCLE ( 'NONE', #103, 3.300000000000025135 ) ;
#3139 = CARTESIAN_POINT ( 'NONE',  ( -187.4999999999998863, 21.99999999999992184, -34.64142842854289484 ) ) ;
#3140 = ADVANCED_FACE ( 'NONE', ( #2929 ), #2073, .T. ) ;
#3141 = CARTESIAN_POINT ( 'NONE',  ( 187.4999999999998863, -22.00000000000048672, -565.3585715714577873 ) ) ;
#3142 = ORIENTED_EDGE ( 'NONE', *, *, #1157, .T. ) ;
#3143 = DIRECTION ( 'NONE',  ( 0.000000000000000000, -3.532527805625498298E-15, 1.000000000000000000 ) ) ;
#3144 = CYLINDRICAL_SURFACE ( 'NONE', #1684, 7.000000000000006217 ) ;
#3145 = LINE ( 'NONE', #2849, #466 ) ;
#3146 = EDGE_LOOP ( 'NONE', ( #1267, #62 ) ) ;
#3147 = LINE ( 'NONE', #754, #1024 ) ;
#3148 = CARTESIAN_POINT ( 'NONE',  ( -183.2279382166453274, -20.56265927051857645, -35.81552014449236765 ) ) ;
#3149 = LINE ( 'NONE', #2624, #3299 ) ;
#3150 = DIRECTION ( 'NONE',  ( -1.000000000000000000, -0.000000000000000000, 1.586032892321652236E-16 ) ) ;
#3151 = EDGE_LOOP ( 'NONE', ( #2327, #627, #1755, #1848 ) ) ;
#3152 = LINE ( 'NONE', #762, #1460 ) ;
#3153 = DIRECTION ( 'NONE',  ( 0.000000000000000000, 0.000000000000000000, 1.000000000000000000 ) ) ;
#3154 = CARTESIAN_POINT ( 'NONE',  ( -181.9720673093649168, 19.31810612875711541, -36.52878126643431500 ) ) ;
#3155 = CARTESIAN_POINT ( 'NONE',  ( -244.8104174269742259, -21.62338389603914024, -565.0043546498607157 ) ) ;
#3156 = VERTEX_POINT ( 'NONE', #1321 ) ;
#3157 = VERTEX_POINT ( 'NONE', #493 ) ;
#3158 = EDGE_CURVE ( 'NONE', #2734, #2135, #755, .T. ) ;
#3159 = CARTESIAN_POINT ( 'NONE',  ( -242.5000000000000284, -14.99999999999991829, -600.0000000000000000 ) ) ;
#3160 = CARTESIAN_POINT ( 'NONE',  ( 249.5000000000000284, 14.99999999999975131, -562.5000000000000000 ) ) ;
#3161 = ORIENTED_EDGE ( 'NONE', *, *, #2118, .T. ) ;
#3162 = ORIENTED_EDGE ( 'NONE', *, *, #1050, .F. ) ;
#3163 = DIRECTION ( 'NONE',  ( -1.000000000000000000, -0.000000000000000000, -0.000000000000000000 ) ) ;
#3164 = DIRECTION ( 'NONE',  ( -1.000000000000000000, -0.000000000000000000, -0.000000000000000000 ) ) ;
#3165 = DIRECTION ( 'NONE',  ( -1.000000000000000000, -0.000000000000000000, -0.000000000000000000 ) ) ;
#3166 = DIRECTION ( 'NONE',  ( -0.000000000000000000, 1.000000000000000000, -0.000000000000000000 ) ) ;
#3167 = ORIENTED_EDGE ( 'NONE', *, *, #3433, .T. ) ;
#3168 = CARTESIAN_POINT ( 'NONE',  ( 250.0000000000000000, 14.99999999999988809, 34.50000000000004974 ) ) ;
#3169 = DIRECTION ( 'NONE',  ( 0.000000000000000000, 1.000000000000000000, -4.235164736271500755E-22 ) ) ;
#3170 = CARTESIAN_POINT ( 'NONE',  ( 249.1166520847369270, 17.33111287727435013, -562.7654350760676607 ) ) ;
#3171 = EDGE_CURVE ( 'NONE', #1738, #45, #271, .T. ) ;
#3172 = FACE_OUTER_BOUND ( 'NONE', #800, .T. ) ;
#3173 = DIRECTION ( 'NONE',  ( -0.000000000000000000, 1.000000000000000000, -0.000000000000000000 ) ) ;
#3174 = CARTESIAN_POINT ( 'NONE',  ( -242.5000000000000568, -22.00000000000200728, -565.3585715714590378 ) ) ;
#3175 = VECTOR ( 'NONE', #2797, 1000.000000000000000 ) ;
#3176 = VERTEX_POINT ( 'NONE', #1060 ) ;
#3177 =( BOUNDED_CURVE ( )  B_SPLINE_CURVE ( 3, ( #3216, #787, #546, #1598 ),
 .UNSPECIFIED., .F., .F. ) 
 B_SPLINE_CURVE_WITH_KNOTS ( ( 4, 4 ),
 ( 3.141592653589789563, 4.712388980384687009 ),
 .UNSPECIFIED. ) 
 CURVE ( )  GEOMETRIC_REPRESENTATION_ITEM ( )  RATIONAL_B_SPLINE_CURVE ( ( 1.000000000000000000, 0.8047378541243648264, 0.8047378541243648264, 1.000000000000000000 ) ) 
 REPRESENTATION_ITEM ( '' )  );
#3178 = ORIENTED_EDGE ( 'NONE', *, *, #3043, .F. ) ;
#3179 = VECTOR ( 'NONE', #38, 1000.000000000000000 ) ;
#3180 = CARTESIAN_POINT ( 'NONE',  ( -244.3723274843506204, 21.76143341828084132, -34.86885791384710132 ) ) ;
#3181 = VECTOR ( 'NONE', #3377, 1000.000000000000000 ) ;
#3182 = ORIENTED_EDGE ( 'NONE', *, *, #3320, .T. ) ;
#3183 = VERTEX_POINT ( 'NONE', #2114 ) ;
#3184 = CARTESIAN_POINT ( 'NONE',  ( 249.2571239163394523, -16.88799191860691096, -37.33127178210461494 ) ) ;
#3185 = PLANE ( 'NONE',  #1589 ) ;
#3186 = EDGE_CURVE ( 'NONE', #630, #953, #2059, .T. ) ;
#3187 = CARTESIAN_POINT ( 'NONE',  ( -250.0000000000000000, -15.00000000000012790, 34.49999999999994316 ) ) ;
#3188 = ORIENTED_EDGE ( 'NONE', *, *, #1630, .T. ) ;
#3189 = VECTOR ( 'NONE', #2021, 1000.000000000000000 ) ;
#3190 = DIRECTION ( 'NONE',  ( 1.000000000000000000, 0.000000000000000000, 0.000000000000000000 ) ) ;
#3191 = VECTOR ( 'NONE', #2280, 1000.000000000000000 ) ;
#3192 = DIRECTION ( 'NONE',  ( 0.000000000000000000, -1.000000000000000000, -3.700743415417186364E-15 ) ) ;
#3193 = DIRECTION ( 'NONE',  ( -1.000000000000000000, -0.000000000000000000, 1.586032892321652236E-16 ) ) ;
#3194 = VECTOR ( 'NONE', #1210, 1000.000000000000000 ) ;
#3195 = CC_DESIGN_DATE_AND_TIME_ASSIGNMENT ( #1628, #3061, ( #863 ) ) ;
#3196 = CARTESIAN_POINT ( 'NONE',  ( 350.0000000000000000, -14.99999999999988809, -634.5000000000002274 ) ) ;
#3197 = VECTOR ( 'NONE', #2693, 1000.000000000000000 ) ;
#3198 = ORIENTED_EDGE ( 'NONE', *, *, #457, .F. ) ;
#3199 = EDGE_LOOP ( 'NONE', ( #3167, #3006, #2834, #1939 ) ) ;
#3200 = CARTESIAN_POINT ( 'NONE',  ( -249.4384457437814433, 15.95671378532288820, -37.45699350511072367 ) ) ;
#3201 = CARTESIAN_POINT ( 'NONE',  ( 8.831319514063479347E-14, 24.99999999999924682, -600.0000000000000000 ) ) ;
#3202 =( BOUNDED_CURVE ( )  B_SPLINE_CURVE ( 3, ( #2881, #3129, #3368, #2586 ),
 .UNSPECIFIED., .F., .F. ) 
 B_SPLINE_CURVE_WITH_KNOTS ( ( 4, 4 ),
 ( 4.712388980384689674, 6.283185307179586232 ),
 .UNSPECIFIED. ) 
 CURVE ( )  GEOMETRIC_REPRESENTATION_ITEM ( )  RATIONAL_B_SPLINE_CURVE ( ( 1.000000000000000000, 0.8047378541243649375, 0.8047378541243649375, 1.000000000000000000 ) ) 
 REPRESENTATION_ITEM ( '' )  );
#3203 = CARTESIAN_POINT ( 'NONE',  ( -187.0259159506493916, -21.98792370224591508, -34.65332335129683372 ) ) ;
#3204 = CARTESIAN_POINT ( 'NONE',  ( 252.4999999999998863, -20.85786437626917689, -562.5000000000002274 ) ) ;
#3205 = CARTESIAN_POINT ( 'NONE',  ( 350.0000000000002274, 24.99999999999991829, -572.5000000000000000 ) ) ;
#3206 = EDGE_LOOP ( 'NONE', ( #3262, #1160, #563, #1509 ) ) ;
#3207 = EDGE_CURVE ( 'NONE', #2940, #3183, #596, .T. ) ;
#3208 = DIRECTION ( 'NONE',  ( 0.000000000000000000, -3.700743415417186364E-15, 1.000000000000000000 ) ) ;
#3209 = CARTESIAN_POINT ( 'NONE',  ( 250.0000000000000000, 15.00000000000014033, -37.49999999999992184 ) ) ;
#3210 = DIRECTION ( 'NONE',  ( 3.700744544794450685E-15, 1.000000000000000000, 0.000000000000000000 ) ) ;
#3211 = CARTESIAN_POINT ( 'NONE',  ( -242.9791971790931768, -21.98765309850405103, -34.65359085110343074 ) ) ;
#3212 = CARTESIAN_POINT ( 'NONE',  ( -187.5000000000000000, -25.00000000000011013, -572.5000000000002274 ) ) ;
#3213 = VERTEX_POINT ( 'NONE', #3233 ) ;
#3214 = VERTEX_POINT ( 'NONE', #320 ) ;
#3215 = ADVANCED_BREP_SHAPE_REPRESENTATION ( 'weld_base feet', ( #1823, #3019, #1727, #3028, #198 ), #648 ) ;
#3216 = CARTESIAN_POINT ( 'NONE',  ( -252.5000000000000568, -14.99999999999988276, -37.49999999999997868 ) ) ;
#3217 = ADVANCED_FACE ( 'NONE', ( #77 ), #31, .F. ) ;
#3218 = DIRECTION ( 'NONE',  ( 0.000000000000000000, 0.000000000000000000, 1.000000000000000000 ) ) ;
#3219 = DIRECTION ( 'NONE',  ( 0.000000000000000000, -1.000000000000000000, -3.700742850728556176E-15 ) ) ;
#3220 = CARTESIAN_POINT ( 'NONE',  ( 187.0259159506491926, -21.98792370224571613, -565.3466766487031236 ) ) ;
#3221 = ORIENTED_EDGE ( 'NONE', *, *, #1380, .T. ) ;
#3222 = FACE_OUTER_BOUND ( 'NONE', #1884, .T. ) ;
#3223 = LINE ( 'NONE', #1913, #1402 ) ;
#3224 = CARTESIAN_POINT ( 'NONE',  ( -245.6511214321945147, -21.26695770379858530, -35.29606179266646393 ) ) ;
#3225 = CARTESIAN_POINT ( 'NONE',  ( 250.0000000000000000, -14.99999999999988098, -37.49999999999997868 ) ) ;
#3226 = ADVANCED_FACE ( 'NONE', ( #1403 ), #101, .F. ) ;
#3227 = ORIENTED_EDGE ( 'NONE', *, *, #2832, .T. ) ;
#3228 = VERTEX_POINT ( 'NONE', #1388 ) ;
#3229 = CARTESIAN_POINT ( 'NONE',  ( -244.8104174269743396, 21.62338389603923972, -34.99564535013937672 ) ) ;
#3230 = PLANE ( 'NONE',  #1574 ) ;
#3231 = EDGE_LOOP ( 'NONE', ( #748, #2791, #247, #2815, #130, #3346, #3332, #1022 ) ) ;
#3232 = VECTOR ( 'NONE', #1417, 1000.000000000000000 ) ;
#3233 = CARTESIAN_POINT ( 'NONE',  ( 250.0000000000000000, -25.00000000000010658, 27.49999999999991118 ) ) ;
#3234 = AXIS2_PLACEMENT_3D ( 'NONE', #888, #1957, #3063 ) ;
#3235 = DIRECTION ( 'NONE',  ( -0.000000000000000000, -3.532527805625498298E-15, 1.000000000000000000 ) ) ;
#3236 = CARTESIAN_POINT ( 'NONE',  ( -180.5615542562184146, 15.95671378532266260, -562.5430064948892550 ) ) ;
#3237 = ORIENTED_EDGE ( 'NONE', *, *, #2273, .F. ) ;
#3238 = DIRECTION ( 'NONE',  ( -0.000000000000000000, 1.000000000000000000, -0.000000000000000000 ) ) ;
#3239 = AXIS2_PLACEMENT_3D ( 'NONE', #2328, #1220, #2570 ) ;
#3240 = CARTESIAN_POINT ( 'NONE',  ( -177.5000000000000284, -15.00000000000014211, -599.9999999999998863 ) ) ;
#3241 = AXIS2_PLACEMENT_3D ( 'NONE', #1505, #685, #927 ) ;
#3242 = CARTESIAN_POINT ( 'NONE',  ( -248.0279326906352821, -19.31810612875679567, -36.52878126643439316 ) ) ;
#3243 = CYLINDRICAL_SURFACE ( 'NONE', #1924, 10.00000000000000888 ) ;
#3244 = ORIENTED_EDGE ( 'NONE', *, *, #662, .T. ) ;
#3245 = AXIS2_PLACEMENT_3D ( 'NONE', #3325, #2231, #605 ) ;
#3246 = ORIENTED_EDGE ( 'NONE', *, *, #3001, .T. ) ;
#3247 = EDGE_CURVE ( 'NONE', #3213, #2940, #1613, .T. ) ;
#3248 = AXIS2_PLACEMENT_3D ( 'NONE', #3443, #3190, #1640 ) ;
#3249 = FACE_BOUND ( 'NONE', #910, .T. ) ;
#3250 = ORIENTED_EDGE ( 'NONE', *, *, #2762, .F. ) ;
#3251 = VECTOR ( 'NONE', #843, 1000.000000000000000 ) ;
#3252 = LINE ( 'NONE', #2740, #1146 ) ;
#3253 = CARTESIAN_POINT ( 'NONE',  ( 250.0000000000000000, 14.99999999999987743, 37.50000000000006395 ) ) ;
#3254 = CARTESIAN_POINT ( 'NONE',  ( 185.1895825730256320, -21.62338389603910116, -565.0043546498607157 ) ) ;
#3255 = ORIENTED_EDGE ( 'NONE', *, *, #2006, .F. ) ;
#3256 = DIRECTION ( 'NONE',  ( -0.000000000000000000, 1.000000000000000000, -0.000000000000000000 ) ) ;
#3257 = FACE_OUTER_BOUND ( 'NONE', #2288, .T. ) ;
#3258 = PLANE ( 'NONE',  #1986 ) ;
#3259 = FACE_BOUND ( 'NONE', #3065, .T. ) ;
#3260 = DIRECTION ( 'NONE',  ( -1.000000000000000000, 3.700744544794450685E-15, 7.085965169253082379E-23 ) ) ;
#3261 = FACE_OUTER_BOUND ( 'NONE', #3151, .T. ) ;
#3262 = ORIENTED_EDGE ( 'NONE', *, *, #982, .T. ) ;
#3263 = ORIENTED_EDGE ( 'NONE', *, *, #1420, .F. ) ;
#3264 = CALENDAR_DATE ( 2026, 24, 3 ) ;
#3265 = CARTESIAN_POINT ( 'NONE',  ( 215.0000000000000568, 24.99999999999850431, -3.300000000000108180 ) ) ;
#3266 = EDGE_CURVE ( 'NONE', #2108, #3307, #2344, .T. ) ;
#3267 = EDGE_LOOP ( 'NONE', ( #2703, #2326, #1035, #3178 ) ) ;
#3268 = B_SPLINE_CURVE_WITH_KNOTS ( 'NONE', 3,
 ( #1121, #2525, #572, #73, #1367, #625, #2468, #1383, #1936, #2485, #2211, #1158, #59, #1104, #3276, #2248, #2195, #846, #3295, #1916, #2769, #2500, #342, #1141, #2234, #3023 ),
 .UNSPECIFIED., .F., .F.,
 ( 4, 2, 2, 2, 2, 2, 2, 2, 2, 2, 2, 2, 4 ),
 ( 0.02273717132267087659, 0.02344626432574587957, 0.02415535732882087908, 0.02557354333497082258, 0.02628263633804581514, 0.02699172934112080771, 0.02840991534727086570, 0.02982810135342092370, 0.03053719435649601341, 0.03124628735957110659, 0.03195538036264619630, 0.03266447336572128601, 0.03408265937187152789 ),
 .UNSPECIFIED. ) ;
#3269 = CARTESIAN_POINT ( 'NONE',  ( -214.9999999999998863, 24.99999999999999289, -600.0000000000000000 ) ) ;
#3270 = LINE ( 'NONE', #2115, #2575 ) ;
#3271 = ADVANCED_FACE ( 'NONE', ( #2147 ), #1132, .F. ) ;
#3272 = CARTESIAN_POINT ( 'NONE',  ( -350.0000000000000000, 14.99999999999987743, -562.4999999999998863 ) ) ;
#3273 = ORIENTED_EDGE ( 'NONE', *, *, #2067, .T. ) ;
#3274 = CARTESIAN_POINT ( 'NONE',  ( 350.0000000000000000, -14.99999999999988809, -634.5000000000002274 ) ) ;
#3275 = CARTESIAN_POINT ( 'NONE',  ( 250.0000000000000000, -22.00000000000010658, 27.49999999999992184 ) ) ;
#3276 = CARTESIAN_POINT ( 'NONE',  ( 183.2242165566616734, 20.56005637780924999, -564.1826560265603803 ) ) ;
#3277 = CARTESIAN_POINT ( 'NONE',  ( -181.6421356237308089, 25.00000000000002842, -33.35786437626907031 ) ) ;
#3278 = EDGE_CURVE ( 'NONE', #989, #610, #3252, .T. ) ;
#3279 = EDGE_CURVE ( 'NONE', #1756, #314, #3138, .T. ) ;
#3280 = VERTEX_POINT ( 'NONE', #875 ) ;
#3281 = ORIENTED_EDGE ( 'NONE', *, *, #2954, .T. ) ;
#3282 = CARTESIAN_POINT ( 'NONE',  ( -248.8469166514381641, 17.96147677154736044, -562.9460068756865212 ) ) ;
#3283 = ORIENTED_EDGE ( 'NONE', *, *, #2435, .T. ) ;
#3284 = DIRECTION ( 'NONE',  ( 0.000000000000000000, 0.000000000000000000, -1.000000000000000000 ) ) ;
#3285 = CARTESIAN_POINT ( 'NONE',  ( 242.4999999999999432, -24.99999999999992184, -27.50000000000013500 ) ) ;
#3286 = CARTESIAN_POINT ( 'NONE',  ( 186.5557657020813451, -21.94004718607088478, -565.3002182191590919 ) ) ;
#3287 = ORIENTED_EDGE ( 'NONE', *, *, #2250, .T. ) ;
#3288 = EDGE_CURVE ( 'NONE', #2316, #673, #826, .T. ) ;
#3289 = CARTESIAN_POINT ( 'NONE',  ( 187.5000000000000568, 22.00000000000011013, -599.9999999999998863 ) ) ;
#3290 = CARTESIAN_POINT ( 'NONE',  ( 180.5000000000000284, 15.00000000000012967, -600.0000000000000000 ) ) ;
#3291 = CARTESIAN_POINT ( 'NONE',  ( 250.0000000000001137, 15.00000000000013856, -37.49999999999992184 ) ) ;
#3292 = CARTESIAN_POINT ( 'NONE',  ( 350.0000000000000000, -21.99999999999991118, -627.5000000000001137 ) ) ;
#3293 = VECTOR ( 'NONE', #719, 1000.000000000000000 ) ;
#3294 = LINE ( 'NONE', #278, #2087 ) ;
#3295 = CARTESIAN_POINT ( 'NONE',  ( 184.5629555964200108, 21.35803075674645513, -564.7806311379570161 ) ) ;
#3296 = CARTESIAN_POINT ( 'NONE',  ( 350.0000000000000000, 15.00000000000010303, -627.5000000000001137 ) ) ;
#3297 = VERTEX_POINT ( 'NONE', #1113 ) ;
#3298 = ORIENTED_EDGE ( 'NONE', *, *, #2803, .T. ) ;
#3299 = VECTOR ( 'NONE', #2370, 1000.000000000000000 ) ;
#3300 = ORIENTED_EDGE ( 'NONE', *, *, #1115, .F. ) ;
#3301 = AXIS2_PLACEMENT_3D ( 'NONE', #1857, #2665, #1571 ) ;
#3302 = DIRECTION ( 'NONE',  ( -0.000000000000000000, 1.000000000000000000, 3.532527805625498298E-15 ) ) ;
#3303 = FACE_OUTER_BOUND ( 'NONE', #479, .T. ) ;
#3304 = AXIS2_PLACEMENT_3D ( 'NONE', #2571, #373, #1478 ) ;
#3305 = CARTESIAN_POINT ( 'NONE',  ( 250.0000000000000000, 14.99999999999988809, 34.50000000000004974 ) ) ;
#3306 = ORIENTED_EDGE ( 'NONE', *, *, #1882, .T. ) ;
#3307 = VERTEX_POINT ( 'NONE', #2721 ) ;
#3308 = DIRECTION ( 'NONE',  ( 1.000000000000000000, 0.000000000000000000, 0.000000000000000000 ) ) ;
#3309 = CARTESIAN_POINT ( 'NONE',  ( 350.0000000000000000, -14.99999999999991296, -627.5000000000001137 ) ) ;
#3310 = EDGE_CURVE ( 'NONE', #1126, #1002, #302, .T. ) ;
#3311 = CARTESIAN_POINT ( 'NONE',  ( 250.0000000000002274, 15.00000000000010481, -27.50000000000002487 ) ) ;
#3312 = CARTESIAN_POINT ( 'NONE',  ( 350.0000000000000000, -15.00000000000014211, -562.5000000000002274 ) ) ;
#3313 = APPROVAL_STATUS ( 'not_yet_approved' ) ;
#3314 = CYLINDRICAL_SURFACE ( 'NONE', #3234, 7.000000000000006217 ) ;
#3315 = VERTEX_POINT ( 'NONE', #1356 ) ;
#3316 = ORIENTED_EDGE ( 'NONE', *, *, #2367, .F. ) ;
#3317 = CARTESIAN_POINT ( 'NONE',  ( 250.0000000000000000, -14.99999999999988809, -34.50000000000004974 ) ) ;
#3318 = LINE ( 'NONE', #2275, #3175 ) ;
#3319 = DIRECTION ( 'NONE',  ( -1.000000000000000000, -0.000000000000000000, -0.000000000000000000 ) ) ;
#3320 = EDGE_CURVE ( 'NONE', #246, #2125, #1095, .T. ) ;
#3321 = ORIENTED_EDGE ( 'NONE', *, *, #2549, .F. ) ;
#3322 = ORIENTED_EDGE ( 'NONE', *, *, #1590, .T. ) ;
#3323 = CARTESIAN_POINT ( 'NONE',  ( 177.4999999999999147, -14.99999999999988098, -600.0000000000000000 ) ) ;
#3324 = DIRECTION ( 'NONE',  ( 0.000000000000000000, -3.532527805625498298E-15, 1.000000000000000000 ) ) ;
#3325 = CARTESIAN_POINT ( 'NONE',  ( 350.0000000000000000, 15.00000000000010303, -627.5000000000001137 ) ) ;
#3326 = DIRECTION ( 'NONE',  ( -1.000000000000000000, 0.000000000000000000, 6.780942318374154600E-23 ) ) ;
#3327 = DIRECTION ( 'NONE',  ( -1.000000000000000000, 0.000000000000000000, 1.586033434521926015E-16 ) ) ;
#3328 = EDGE_CURVE ( 'NONE', #2431, #674, #2226, .T. ) ;
#3329 = CARTESIAN_POINT ( 'NONE',  ( 183.2283954979959617, -20.56308572749107455, -35.81525571345718362 ) ) ;
#3330 = CARTESIAN_POINT ( 'NONE',  ( -187.5000000000000568, -22.00000000000010658, -34.64142842854267457 ) ) ;
#3331 = ORIENTED_EDGE ( 'NONE', *, *, #2654, .F. ) ;
#3332 = ORIENTED_EDGE ( 'NONE', *, *, #2519, .F. ) ;
#3333 = CARTESIAN_POINT ( 'NONE',  ( -180.7389173654359240, -16.87319825676970098, -562.6660001854343136 ) ) ;
#3334 = ORIENTED_EDGE ( 'NONE', *, *, #391, .T. ) ;
#3335 = ORIENTED_EDGE ( 'NONE', *, *, #1094, .F. ) ;
#3336 = ADVANCED_FACE ( 'NONE', ( #852 ), #3033, .T. ) ;
#3337 = DIRECTION ( 'NONE',  ( 1.000000000000000000, 0.000000000000000000, 0.000000000000000000 ) ) ;
#3338 = CARTESIAN_POINT ( 'NONE',  ( 350.0000000000000000, -24.99999999999991118, -627.5000000000001137 ) ) ;
#3339 = AXIS2_PLACEMENT_3D ( 'NONE', #242, #980, #2650 ) ;
#3340 = CARTESIAN_POINT ( 'NONE',  ( 247.1170119655634778, -20.27996952961168375, -563.9999825141595693 ) ) ;
#3341 = VECTOR ( 'NONE', #2498, 1000.000000000000000 ) ;
#3342 = AXIS2_PLACEMENT_3D ( 'NONE', #2638, #1491, #180 ) ;
#3343 = DIRECTION ( 'NONE',  ( 0.000000000000000000, 0.000000000000000000, -1.000000000000000000 ) ) ;
#3344 = CARTESIAN_POINT ( 'NONE',  ( 182.8829880344363232, -20.27996952961148835, -36.00001748584079309 ) ) ;
#3345 = CARTESIAN_POINT ( 'NONE',  ( -244.3692932161893907, 21.74972241005221818, -565.1209909236564499 ) ) ;
#3346 = ORIENTED_EDGE ( 'NONE', *, *, #1018, .F. ) ;
#3347 = ORIENTED_EDGE ( 'NONE', *, *, #1712, .T. ) ;
#3348 = EDGE_CURVE ( 'NONE', #1255, #2619, #616, .T. ) ;
#3349 = AXIS2_PLACEMENT_3D ( 'NONE', #2257, #1488, #118 ) ;
#3350 = CIRCLE ( 'NONE', #1583, 10.00000000000000888 ) ;
#3351 = DIRECTION ( 'NONE',  ( 3.532527189601535655E-15, 1.000000000000000000, -4.235164736271500755E-22 ) ) ;
#3352 = DIRECTION ( 'NONE',  ( -0.000000000000000000, 1.000000000000000000, -0.000000000000000000 ) ) ;
#3353 = VECTOR ( 'NONE', #2148, 1000.000000000000000 ) ;
#3354 = ORIENTED_EDGE ( 'NONE', *, *, #1124, .T. ) ;
#3355 = CARTESIAN_POINT ( 'NONE',  ( 180.5000000000000284, 15.00000000000012790, -37.49999999999992184 ) ) ;
#3356 = CIRCLE ( 'NONE', #149, 3.299999999999997158 ) ;
#3357 = CARTESIAN_POINT ( 'NONE',  ( -250.0000000000000000, -24.99999999999991118, -27.50000000000008171 ) ) ;
#3358 = CC_DESIGN_PERSON_AND_ORGANIZATION_ASSIGNMENT ( #1092, #835, ( #643 ) ) ;
#3359 = AXIS2_PLACEMENT_3D ( 'NONE', #2643, #3164, #1031 ) ;
#3360 = DIRECTION ( 'NONE',  ( -1.000000000000000000, 0.000000000000000000, 6.780942318374154600E-23 ) ) ;
#3361 = EDGE_LOOP ( 'NONE', ( #2819, #1553, #2031, #1976 ) ) ;
#3362 = DIRECTION ( 'NONE',  ( 1.000000000000000000, 0.000000000000000000, 0.000000000000000000 ) ) ;
#3363 = CARTESIAN_POINT ( 'NONE',  ( 180.8819808274459149, -17.32663071661628607, -37.23551157195684880 ) ) ;
#3364 = CARTESIAN_POINT ( 'NONE',  ( 245.6433152852923172, 21.25853891208319624, -564.6994292720020212 ) ) ;
#3365 = ORIENTED_EDGE ( 'NONE', *, *, #2711, .F. ) ;
#3366 = ORIENTED_EDGE ( 'NONE', *, *, #3247, .F. ) ;
#3367 = ADVANCED_FACE ( 'NONE', ( #1758 ), #3099, .T. ) ;
#3368 = CARTESIAN_POINT ( 'NONE',  ( -177.4999999999998579, 20.85786437626897438, -562.5000000000000000 ) ) ;
#3369 = ORIENTED_EDGE ( 'NONE', *, *, #1430, .F. ) ;
#3370 = EDGE_CURVE ( 'NONE', #20, #3380, #2547, .T. ) ;
#3371 = CYLINDRICAL_SURFACE ( 'NONE', #3239, 3.299999999999997158 ) ;
#3372 = DIRECTION ( 'NONE',  ( -1.000000000000000000, 3.532527189601535655E-15, 7.500847945236711498E-23 ) ) ;
#3373 = CARTESIAN_POINT ( 'NONE',  ( 243.6866722909199439, -21.90263348841677171, -565.2641270132621685 ) ) ;
#3374 = LINE ( 'NONE', #947, #3189 ) ;
#3375 = VERTEX_POINT ( 'NONE', #2012 ) ;
#3376 = EDGE_CURVE ( 'NONE', #275, #567, #2927, .T. ) ;
#3377 = DIRECTION ( 'NONE',  ( -7.690840992182485042E-23, -4.235164736271500755E-22, 1.000000000000000000 ) ) ;
#3378 = DIRECTION ( 'NONE',  ( 1.000000000000000000, 0.000000000000000000, 0.000000000000000000 ) ) ;
#3379 = CARTESIAN_POINT ( 'NONE',  ( 350.0000000000000000, 21.99999999999991118, -572.5000000000000000 ) ) ;
#3380 = VERTEX_POINT ( 'NONE', #1789 ) ;
#3381 = VERTEX_POINT ( 'NONE', #2295 ) ;
#3382 = CARTESIAN_POINT ( 'NONE',  ( -350.0000000000000000, 14.99999999999987743, -562.4999999999998863 ) ) ;
#3383 = CARTESIAN_POINT ( 'NONE',  ( -250.0000000000000000, 21.99999999999991473, 27.50000000000007461 ) ) ;
#3384 = ORIENTED_EDGE ( 'NONE', *, *, #1882, .F. ) ;
#3385 = FACE_OUTER_BOUND ( 'NONE', #2962, .T. ) ;
#3386 = CARTESIAN_POINT ( 'NONE',  ( 182.8873915117709430, 20.28409637421242095, -35.99756307499366415 ) ) ;
#3387 = CARTESIAN_POINT ( 'NONE',  ( -187.5000000000000284, -15.00000000000010836, -600.0000000000000000 ) ) ;
#3388 = EDGE_CURVE ( 'NONE', #3156, #12, #1192, .T. ) ;
#3389 = FACE_OUTER_BOUND ( 'NONE', #938, .T. ) ;
#3390 = AXIS2_PLACEMENT_3D ( 'NONE', #1444, #679, #1678 ) ;
#3391 = CARTESIAN_POINT ( 'NONE',  ( -184.9730167925269768, 21.53187853182814848, -35.07283945620882548 ) ) ;
#3392 = CIRCLE ( 'NONE', #2091, 7.000000000000002665 ) ;
#3393 = CARTESIAN_POINT ( 'NONE',  ( -180.4999999999999147, 14.99999999999988987, -37.49999999999992184 ) ) ;
#3394 = VERTEX_POINT ( 'NONE', #1525 ) ;
#3395 = ORIENTED_EDGE ( 'NONE', *, *, #3310, .F. ) ;
#3396 = VECTOR ( 'NONE', #1961, 1000.000000000000000 ) ;
#3397 = CARTESIAN_POINT ( 'NONE',  ( 177.5000000000000568, 15.00000000000013856, -37.49999999999992184 ) ) ;
#3398 = CARTESIAN_POINT ( 'NONE',  ( -242.5000000000000568, -25.00000000000011013, -572.5000000000002274 ) ) ;
#3399 = AXIS2_PLACEMENT_3D ( 'NONE', #2141, #1623, #608 ) ;
#3400 = ORIENTED_EDGE ( 'NONE', *, *, #1632, .T. ) ;
#3401 = CARTESIAN_POINT ( 'NONE',  ( 250.0000000000000000, 21.99999999999991118, 27.50000000000007461 ) ) ;
#3402 = CARTESIAN_POINT ( 'NONE',  ( 185.1895825730257172, 21.62338389603929656, -34.99564535013934119 ) ) ;
#3403 = DIRECTION ( 'NONE',  ( 0.000000000000000000, 0.000000000000000000, 1.000000000000000000 ) ) ;
#3404 = CIRCLE ( 'NONE', #3134, 3.300000000000025135 ) ;
#3405 = LINE ( 'NONE', #3272, #2506 ) ;
#3406 = VECTOR ( 'NONE', #2626, 1000.000000000000000 ) ;
#3407 = DIRECTION ( 'NONE',  ( -6.780942318374154600E-23, -4.235164736271500755E-22, 1.000000000000000000 ) ) ;
#3408 = ADVANCED_FACE ( 'NONE', ( #3113 ), #2362, .F. ) ;
#3409 = AXIS2_PLACEMENT_3D ( 'NONE', #70, #2712, #1617 ) ;
#3410 = FACE_OUTER_BOUND ( 'NONE', #1946, .T. ) ;
#3411 = CARTESIAN_POINT ( 'NONE',  ( -242.7377119667925456, -21.99999999999992184, -565.3585715714572189 ) ) ;
#3412 = ADVANCED_FACE ( 'NONE', ( #2636 ), #3415, .T. ) ;
#3413 = ORIENTED_EDGE ( 'NONE', *, *, #2711, .T. ) ;
#3414 = ORIENTED_EDGE ( 'NONE', *, *, #1616, .T. ) ;
#3415 = CYLINDRICAL_SURFACE ( 'NONE', #3241, 10.00000000000000888 ) ;
#3416 = CARTESIAN_POINT ( 'NONE',  ( 242.5000000000000568, 21.99999999999991829, -565.3585715714571052 ) ) ;
#3417 = EDGE_LOOP ( 'NONE', ( #2926, #734, #2058, #3418, #1905, #1339, #825, #2432 ) ) ;
#3418 = ORIENTED_EDGE ( 'NONE', *, *, #2584, .T. ) ;
#3419 = FACE_OUTER_BOUND ( 'NONE', #3116, .T. ) ;
#3420 = CARTESIAN_POINT ( 'NONE',  ( -250.0000000000000000, -14.99999999999991296, -27.50000000000004974 ) ) ;
#3421 = CARTESIAN_POINT ( 'NONE',  ( -177.4999999999999147, 14.99999999999987921, -37.49999999999992184 ) ) ;
#3422 = EDGE_CURVE ( 'NONE', #334, #2431, #1470, .T. ) ;
#3423 = LINE ( 'NONE', #3205, #3451 ) ;
#3424 = ORIENTED_EDGE ( 'NONE', *, *, #511, .T. ) ;
#3425 = FACE_OUTER_BOUND ( 'NONE', #776, .T. ) ;
#3426 = CYLINDRICAL_SURFACE ( 'NONE', #1361, 3.300000000000025135 ) ;
#3427 = CARTESIAN_POINT ( 'NONE',  ( -250.0000000000000000, 14.99999999999991296, 27.50000000000004974 ) ) ;
#3428 = DIRECTION ( 'NONE',  ( 0.000000000000000000, -1.000000000000000000, -3.700743415417186364E-15 ) ) ;
#3429 = CARTESIAN_POINT ( 'NONE',  ( -181.2431562985038624, 18.17226971659793477, -36.99368742398679188 ) ) ;
#3430 = CARTESIAN_POINT ( 'NONE',  ( -187.4999999999999432, -24.99999999999992539, -27.50000000000007816 ) ) ;
#3431 = ORIENTED_EDGE ( 'NONE', *, *, #194, .F. ) ;
#3432 = ORIENTED_EDGE ( 'NONE', *, *, #1325, .F. ) ;
#3433 = EDGE_CURVE ( 'NONE', #523, #2537, #24, .T. ) ;
#3434 = CARTESIAN_POINT ( 'NONE',  ( 0.000000000000000000, 0.000000000000000000, 0.000000000000000000 ) ) ;
#3435 = LINE ( 'NONE', #2925, #2210 ) ;
#3436 = ORIENTED_EDGE ( 'NONE', *, *, #2157, .T. ) ;
#3437 = CARTESIAN_POINT ( 'NONE',  ( 215.0000000000000568, 21.99999999999850786, -303.3000000000000114 ) ) ;
#3438 = CARTESIAN_POINT ( 'NONE',  ( -181.2584761680793690, -18.17725335865660341, -36.98418241366670145 ) ) ;
#3439 = DIRECTION ( 'NONE',  ( -0.000000000000000000, 1.000000000000000000, -0.000000000000000000 ) ) ;
#3440 = DIRECTION ( 'NONE',  ( -1.000000000000000000, 0.000000000000000000, 1.586033343532058634E-16 ) ) ;
#3441 = ORIENTED_EDGE ( 'NONE', *, *, #2762, .T. ) ;
#3442 = EDGE_CURVE ( 'NONE', #3394, #2645, #1287, .T. ) ;
#3443 = CARTESIAN_POINT ( 'NONE',  ( -250.0000000000000000, 14.99999999999991296, 27.50000000000004974 ) ) ;
#3444 = CARTESIAN_POINT ( 'NONE',  ( -242.4999999999999147, 15.00000000000010303, -599.9999999999998863 ) ) ;
#3445 = CARTESIAN_POINT ( 'NONE',  ( 246.2242954929710095, 20.93110829366701608, -564.4473782053838704 ) ) ;
#3446 = CARTESIAN_POINT ( 'NONE',  ( -249.2610826345641044, -16.87319825676941676, -37.33399981456580008 ) ) ;
#3447 = CARTESIAN_POINT ( 'NONE',  ( -246.0353393551749548, -21.04575189207780284, -564.5333760565720240 ) ) ;
#3448 = VECTOR ( 'NONE', #1772, 1000.000000000000000 ) ;
#3449 = ORIENTED_EDGE ( 'NONE', *, *, #2020, .T. ) ;
#3450 = EDGE_LOOP ( 'NONE', ( #231, #3142, #2010, #2569 ) ) ;
#3451 = VECTOR ( 'NONE', #3440, 1000.000000000000000 ) ;
#3452 = CARTESIAN_POINT ( 'NONE',  ( -248.7415238319206026, 18.17725335865656078, -36.98418241366677250 ) ) ;
#3453 = PLANE ( 'NONE',  #2786 ) ;
#3454 = EDGE_CURVE ( 'NONE', #213, #365, #1004, .T. ) ;
#3455 = VECTOR ( 'NONE', #2515, 1000.000000000000000 ) ;
#3456 = DIRECTION ( 'NONE',  ( 0.000000000000000000, 0.000000000000000000, -1.000000000000000000 ) ) ;
#3457 = DIRECTION ( 'NONE',  ( -1.000000000000000000, -0.000000000000000000, -0.000000000000000000 ) ) ;
#3458 = ORIENTED_EDGE ( 'NONE', *, *, #3422, .F. ) ;
#3459 = VECTOR ( 'NONE', #419, 1000.000000000000000 ) ;
#3460 = LINE ( 'NONE', #2646, #3406 ) ;
#3461 = VECTOR ( 'NONE', #1101, 1000.000000000000000 ) ;
#3462 = CARTESIAN_POINT ( 'NONE',  ( 248.5371126488373648, 18.57174344496478113, -36.84920212957641183 ) ) ;
#3463 = CARTESIAN_POINT ( 'NONE',  ( 215.0000000000000568, 21.99999999999850075, 3.299999999999886136 ) ) ;
#3464 = DIRECTION ( 'NONE',  ( 1.000000000000000000, 0.000000000000000000, 0.000000000000000000 ) ) ;
#3465 = VECTOR ( 'NONE', #536, 1000.000000000000000 ) ;
#3466 = CARTESIAN_POINT ( 'NONE',  ( -243.6866722909203986, -21.90263348841652657, -34.73587298673835733 ) ) ;
#3467 = AXIS2_PLACEMENT_3D ( 'NONE', #1335, #1666, #2188 ) ;
#3468 = EDGE_CURVE ( 'NONE', #948, #1522, #1352, .T. ) ;
#3469 = ORIENTED_EDGE ( 'NONE', *, *, #55, .T. ) ;
#3470 = ORIENTED_EDGE ( 'NONE', *, *, #341, .F. ) ;
#3471 = APPROVAL_ROLE ( '' ) ;
ENDSEC;
END-ISO-10303-21;
