ISO-10303-21;
HEADER;
FILE_DESCRIPTION (( 'STEP AP203' ),
    '1' );
FILE_NAME ('weld_assem_base feet.STEP',
    '2026-03-23T18:14:25',
    ( '' ),
    ( '' ),
    'SwSTEP 2.0',
    'SolidWorks 2025',
    '' );
FILE_SCHEMA (( 'CONFIG_CONTROL_DESIGN' ));
ENDSEC;

DATA;
#1 = CARTESIAN_POINT ( 'NONE',  ( 187.4999999999998863, -22.00000000000014211, -34.64142842854261772 ) ) ;
#2 = ORIENTED_EDGE ( 'NONE', *, *, #6587, .T. ) ;
#3 = DIRECTION ( 'NONE',  ( 1.000000000000000000, 0.000000000000000000, 0.000000000000000000 ) ) ;
#4 = CARTESIAN_POINT ( 'NONE',  ( -36.76955262170127270, -3.119032809806299156E-12, -556.7695526216789403 ) ) ;
#5 = CARTESIAN_POINT ( 'NONE',  ( 350.0000000000000000, -15.00000000000014211, -562.5000000000002274 ) ) ;
#6 = ORIENTED_EDGE ( 'NONE', *, *, #580, .F. ) ;
#7 = ADVANCED_FACE ( 'NONE', ( #2932 ), #2116, .F. ) ;
#8 = DATE_AND_TIME ( #2138, #2244 ) ;
#9 = AXIS2_PLACEMENT_3D ( 'NONE', #841, #3011, #4203 ) ;
#10 = DIRECTION ( 'NONE',  ( 0.000000000000000000, 0.000000000000000000, 1.000000000000000000 ) ) ;
#11 = LINE ( 'NONE', #3382, #6624 ) ;
#12 = ORIENTED_EDGE ( 'NONE', *, *, #1926, .T. ) ;
#13 = VERTEX_POINT ( 'NONE', #1128 ) ;
#14 = CARTESIAN_POINT ( 'NONE',  ( 51.96152422706634866, 30.00000000000006750, 4.999999999999893419 ) ) ;
#15 = AXIS2_PLACEMENT_3D ( 'NONE', #3479, #2404, #4056 ) ;
#16 = AXIS2_PLACEMENT_3D ( 'NONE', #392, #2509, #6235 ) ;
#17 = FACE_OUTER_BOUND ( 'NONE', #1241, .T. ) ;
#18 = EDGE_CURVE ( 'NONE', #3503, #6765, #3197, .T. ) ;
#19 = EDGE_CURVE ( 'NONE', #1369, #6950, #1374, .T. ) ;
#20 = DIRECTION ( 'NONE',  ( -7.690840992182485042E-23, -4.235164736271500755E-22, 1.000000000000000000 ) ) ;
#21 = DIRECTION ( 'NONE',  ( 0.000000000000000000, 0.000000000000000000, 1.000000000000000000 ) ) ;
#22 = CIRCLE ( 'NONE', #2642, 7.000000000000006217 ) ;
#23 = CARTESIAN_POINT ( 'NONE',  ( 214.9999999999999716, 5.000000000000000888, -1.110223024625156540E-13 ) ) ;
#24 = EDGE_LOOP ( 'NONE', ( #4676, #6907, #505, #4789 ) ) ;
#25 = LINE ( 'NONE', #2151, #394 ) ;
#26 = DIRECTION ( 'NONE',  ( -0.7071067811865475727, 2.453269466693397438E-15, -0.7071067811865475727 ) ) ;
#27 = AXIS2_PLACEMENT_3D ( 'NONE', #2568, #4744, #5313 ) ;
#28 = DIRECTION ( 'NONE',  ( -0.7071067811866247332, 0.000000000000000000, 0.7071067811864703012 ) ) ;
#29 = AXIS2_PLACEMENT_3D ( 'NONE', #4392, #565, #3859 ) ;
#30 = DIRECTION ( 'NONE',  ( 0.000000000000000000, 0.000000000000000000, 1.000000000000000000 ) ) ;
#31 = ADVANCED_FACE ( 'NONE', ( #5924 ), #4852, .F. ) ;
#32 = CARTESIAN_POINT ( 'NONE',  ( 350.0000000000000000, 24.99999999999991118, -572.5000000000000000 ) ) ;
#33 = FACE_BOUND ( 'NONE', #3002, .T. ) ;
#34 = DIRECTION ( 'NONE',  ( 0.000000000000000000, 0.000000000000000000, 1.000000000000000000 ) ) ;
#35 = ORIENTED_EDGE ( 'NONE', *, *, #4557, .F. ) ;
#36 = AXIS2_PLACEMENT_3D ( 'NONE', #4589, #2929, #6157 ) ;
#37 = DIRECTION ( 'NONE',  ( 0.000000000000000000, 0.000000000000000000, -1.000000000000000000 ) ) ;
#38 = AXIS2_PLACEMENT_3D ( 'NONE', #760, #1393, #4627 ) ;
#39 = CARTESIAN_POINT ( 'NONE',  ( -187.5000000000000000, -25.00000000000011013, -572.5000000000002274 ) ) ;
#40 = ORIENTED_EDGE ( 'NONE', *, *, #756, .F. ) ;
#41 = PERSON_AND_ORGANIZATION ( #2179, #3827 ) ;
#42 = CYLINDRICAL_SURFACE ( 'NONE', #262, 3.500000000006449508 ) ;
#43 = DIRECTION ( 'NONE',  ( -0.000000000000000000, 1.000000000000000000, -0.000000000000000000 ) ) ;
#44 = CIRCLE ( 'NONE', #1652, 3.500000000006449508 ) ;
#45 = PRODUCT_DEFINITION ( 'UNKNOWN', '', #3014, #6876 ) ;
#46 = ORIENTED_EDGE ( 'NONE', *, *, #6266, .T. ) ;
#47 = FACE_OUTER_BOUND ( 'NONE', #4416, .T. ) ;
#48 = DIRECTION ( 'NONE',  ( -1.000000000000000000, 0.000000000000000000, 1.586033434521926015E-16 ) ) ;
#49 = LOCAL_TIME ( 2, 14, 25.00000000000000000, #4097 ) ;
#50 = ORIENTED_EDGE ( 'NONE', *, *, #1367, .T. ) ;
#51 = ADVANCED_FACE ( 'NONE', ( #6556 ), #1022, .T. ) ;
#52 = PERSON_AND_ORGANIZATION ( #5406, #7004 ) ;
#53 = EDGE_CURVE ( 'NONE', #4122, #6637, #7018, .T. ) ;
#54 = APPROVAL_PERSON_ORGANIZATION ( #586, #610, #2763 ) ;
#55 = EDGE_CURVE ( 'NONE', #5078, #5699, #1851, .T. ) ;
#56 = ORIENTED_EDGE ( 'NONE', *, *, #1522, .F. ) ;
#57 = VERTEX_POINT ( 'NONE', #2149 ) ;
#58 = CARTESIAN_POINT ( 'NONE',  ( 250.0000000000002274, 15.00000000000010481, -27.50000000000002487 ) ) ;
#59 = ORIENTED_EDGE ( 'NONE', *, *, #2329, .F. ) ;
#60 = SHAPE_REPRESENTATION_RELATIONSHIP ( 'NONE' , 'NONE' ,  #4815, #1228 ) ;
#61 = AXIS2_PLACEMENT_3D ( 'NONE', #4602, #5623, #6754 ) ;
#62 = CARTESIAN_POINT ( 'NONE',  ( 180.4999999999999716, -14.99999999999988098, -37.49999999999997868 ) ) ;
#63 = LINE ( 'NONE', #173, #2202 ) ;
#64 = VERTEX_POINT ( 'NONE', #6032 ) ;
#65 = CARTESIAN_POINT ( 'NONE',  ( -350.0000000000000000, -21.99999999999991118, -627.5000000000001137 ) ) ;
#66 = EDGE_LOOP ( 'NONE', ( #4169, #898, #2702, #6177 ) ) ;
#67 = ADVANCED_FACE ( 'NONE', ( #4353 ), #4779, .F. ) ;
#68 = DIRECTION ( 'NONE',  ( -0.000000000000000000, -1.000000000000000000, -0.000000000000000000 ) ) ;
#69 = PLANE ( 'NONE',  #1174 ) ;
#70 = CARTESIAN_POINT ( 'NONE',  ( -1.705522753754266706E-13, 5.000000000000000888, -293.0000000000001137 ) ) ;
#71 = CARTESIAN_POINT ( 'NONE',  ( 187.4999999999998863, -24.99999999999992184, -600.0000000000000000 ) ) ;
#72 = AXIS2_PLACEMENT_3D ( 'NONE', #2650, #4831, #7003 ) ;
#73 = FACE_BOUND ( 'NONE', #160, .T. ) ;
#74 = CARTESIAN_POINT ( 'NONE',  ( -250.0000000000000000, 14.99999999999991296, 27.50000000000004974 ) ) ;
#75 = VERTEX_POINT ( 'NONE', #4322 ) ;
#76 = ITEM_DEFINED_TRANSFORMATION ( 'NONE', 'NONE', #4157,  #951 ) ;
#77 = DIRECTION ( 'NONE',  ( 3.532527189601535655E-15, 1.000000000000000000, -4.235164736271500755E-22 ) ) ;
#78 = DIRECTION ( 'NONE',  ( 0.000000000000000000, 3.532527805625498298E-15, -1.000000000000000000 ) ) ;
#79 = EDGE_LOOP ( 'NONE', ( #6034, #4288, #2477, #2611 ) ) ;
#80 = DIRECTION ( 'NONE',  ( -1.000000000000000000, 0.000000000000000000, 7.690840992182485042E-23 ) ) ;
#81 = FACE_OUTER_BOUND ( 'NONE', #2296, .T. ) ;
#82 = DIRECTION ( 'NONE',  ( -0.000000000000000000, 1.000000000000000000, -0.000000000000000000 ) ) ;
#83 = ORIENTED_EDGE ( 'NONE', *, *, #1185, .F. ) ;
#84 = CC_DESIGN_DATE_AND_TIME_ASSIGNMENT ( #4930, #3844, ( #5193 ) ) ;
#85 = ORIENTED_EDGE ( 'NONE', *, *, #2881, .F. ) ;
#86 = EDGE_CURVE ( 'NONE', #2118, #3029, #7052, .T. ) ;
#87 = ADVANCED_FACE ( 'NONE', ( #3830 ), #5993, .F. ) ;
#88 = EDGE_LOOP ( 'NONE', ( #403, #1069, #808, #3380 ) ) ;
#89 = CARTESIAN_POINT ( 'NONE',  ( -187.2620443450163918, 21.99999999999991473, -34.64142842854305115 ) ) ;
#90 = ORIENTED_EDGE ( 'NONE', *, *, #4518, .T. ) ;
#91 = CALENDAR_DATE ( 2026, 24, 3 ) ;
#92 = DIRECTION ( 'NONE',  ( 0.7071067811865455743, -2.453269466693391521E-15, -0.7071067811865495711 ) ) ;
#93 = EDGE_CURVE ( 'NONE', #4474, #4223, #5530, .T. ) ;
#94 = LINE ( 'NONE', #3151, #3389 ) ;
#95 = FACE_OUTER_BOUND ( 'NONE', #1349, .T. ) ;
#96 = CARTESIAN_POINT ( 'NONE',  ( 187.4999999999998863, -21.99999999999991473, -599.9999999999998863 ) ) ;
#97 = ORIENTED_EDGE ( 'NONE', *, *, #2382, .T. ) ;
#98 = LINE ( 'NONE', #6660, #5600 ) ;
#99 = ORIENTED_EDGE ( 'NONE', *, *, #4922, .T. ) ;
#100 = FACE_OUTER_BOUND ( 'NONE', #407, .T. ) ;
#101 = CARTESIAN_POINT ( 'NONE',  ( -350.0000000000000000, -14.99999999999991296, -627.5000000000001137 ) ) ;
#102 = ADVANCED_FACE ( 'NONE', ( #1239 ), #3392, .F. ) ;
#103 = CARTESIAN_POINT ( 'NONE',  ( -214.9999999999999716, 5.000000000000000888, -1.110223024625156540E-13 ) ) ;
#104 = DIRECTION ( 'NONE',  ( -0.000000000000000000, 1.000000000000000000, -0.000000000000000000 ) ) ;
#105 = ORIENTED_EDGE ( 'NONE', *, *, #4131, .T. ) ;
#106 = FACE_BOUND ( 'NONE', #1920, .T. ) ;
#107 = CARTESIAN_POINT ( 'NONE',  ( -65.00000000000169109, 5.000000000001347367, -219.9999999999995737 ) ) ;
#108 = ORIENTED_EDGE ( 'NONE', *, *, #2815, .T. ) ;
#109 = DATE_TIME_ROLE ( 'classification_date' ) ;
#110 = DIRECTION ( 'NONE',  ( -1.000000000000000000, 3.469446951947220866E-15, 0.000000000000000000 ) ) ;
#111 = DIRECTION ( 'NONE',  ( 1.000000000000000000, 0.000000000000000000, 0.000000000000000000 ) ) ;
#112 = DIRECTION ( 'NONE',  ( 1.000000000000000000, 0.000000000000000000, 0.000000000000000000 ) ) ;
#113 = CYLINDRICAL_SURFACE ( 'NONE', #4281, 35.00000000000001421 ) ;
#114 = CARTESIAN_POINT ( 'NONE',  ( 242.4999999999999147, -15.00000000000010836, -600.0000000000000000 ) ) ;
#115 = ORIENTED_EDGE ( 'NONE', *, *, #5566, .F. ) ;
#116 = VERTEX_POINT ( 'NONE', #3309 ) ;
#117 = VECTOR ( 'NONE', #640, 1000.000000000000000 ) ;
#118 = VERTEX_POINT ( 'NONE', #6590 ) ;
#119 = CARTESIAN_POINT ( 'NONE',  ( 180.4999999999998863, -14.99999999999988987, -600.0000000000000000 ) ) ;
#120 = VERTEX_POINT ( 'NONE', #747 ) ;
#121 = COORDINATED_UNIVERSAL_TIME_OFFSET ( 8, 0, .AHEAD. ) ;
#122 = CARTESIAN_POINT ( 'NONE',  ( -248.3578643762690206, -25.00000000000008882, -566.6421356237308373 ) ) ;
#123 = AXIS2_PLACEMENT_3D ( 'NONE', #5273, #6833, #377 ) ;
#124 = EDGE_CURVE ( 'NONE', #2505, #3332, #2330, .T. ) ;
#125 = DIRECTION ( 'NONE',  ( 0.000000000000000000, 0.000000000000000000, 1.000000000000000000 ) ) ;
#126 = FACE_OUTER_BOUND ( 'NONE', #4826, .T. ) ;
#127 = ORIENTED_EDGE ( 'NONE', *, *, #5669, .F. ) ;
#128 = CARTESIAN_POINT ( 'NONE',  ( 51.61879502661831509, 4.999999999999820588, -168.3812049733842855 ) ) ;
#129 = ADVANCED_FACE ( 'NONE', ( #6175 ), #2361, .T. ) ;
#130 = ORIENTED_EDGE ( 'NONE', *, *, #6535, .T. ) ;
#131 = CIRCLE ( 'NONE', #1742, 3.300000000000025135 ) ;
#132 = CIRCLE ( 'NONE', #3449, 3.299999999999997158 ) ;
#133 = EDGE_LOOP ( 'NONE', ( #4494, #2493 ) ) ;
#134 = DIRECTION ( 'NONE',  ( 0.000000000000000000, 1.000000000000000000, -4.235164736271500755E-22 ) ) ;
#135 = CARTESIAN_POINT ( 'NONE',  ( -187.4999999999999432, -24.99999999999992539, -27.50000000000007816 ) ) ;
#136 = LINE ( 'NONE', #6804, #5321 ) ;
#137 = CARTESIAN_POINT ( 'NONE',  ( 1.271192125820425210E-12, 5.000000000000000888, -151.5000000000020748 ) ) ;
#138 = ADVANCED_FACE ( 'NONE', ( #1719 ), #2813, .T. ) ;
#139 = VECTOR ( 'NONE', #6487, 1000.000000000000000 ) ;
#140 = DIRECTION ( 'NONE',  ( -6.780942318374154600E-23, -4.235164736271500755E-22, 1.000000000000000000 ) ) ;
#141 = AXIS2_PLACEMENT_3D ( 'NONE', #2475, #288, #4654 ) ;
#142 = CARTESIAN_POINT ( 'NONE',  ( 249.4014406563789237, -16.19412149417522429, -37.43119723103573193 ) ) ;
#143 = CARTESIAN_POINT ( 'NONE',  ( 112.9999999999999289, 4.999999999999609201, -404.2500000000003411 ) ) ;
#144 = EDGE_CURVE ( 'NONE', #260, #1489, #5476, .T. ) ;
#145 = EDGE_LOOP ( 'NONE', ( #1006, #2668, #2907, #2838 ) ) ;
#146 = LINE ( 'NONE', #825, #2925 ) ;
#147 = B_SPLINE_CURVE_WITH_KNOTS ( 'NONE', 3,
 ( #3487, #1957, #4128, #6301, #801, #768, #6270, #2965, #5124, #5092, #259, #3593, #4635, #5759, #2934, #225, #3556, #5195, #869, #6785, #1921, #2485, #2411, #4095, #4663, #5227 ),
 .UNSPECIFIED., .F., .F.,
 ( 4, 2, 2, 2, 2, 2, 2, 2, 2, 2, 2, 2, 4 ),
 ( 0.01137023585102426432, 0.01208014783211138962, 0.01279005981319851493, 0.01420988377537284533, 0.01491979575646009554, 0.01562970773754734921, 0.01704953169972179411, 0.01846935566189623901, 0.01917926764298347880, 0.01988917962407071860, 0.02130900358624532656, 0.02201891556733266350, 0.02272882754841999697 ),
 .UNSPECIFIED. ) ;
#148 = CARTESIAN_POINT ( 'NONE',  ( -249.5000000000000568, -15.48150225914648459, -37.49999999999998579 ) ) ;
#149 = AXIS2_PLACEMENT_3D ( 'NONE', #5601, #1833, #179 ) ;
#150 = VECTOR ( 'NONE', #2074, 1000.000000000000000 ) ;
#151 = ORIENTED_EDGE ( 'NONE', *, *, #4563, .F. ) ;
#152 = DATE_AND_TIME ( #1661, #1309 ) ;
#153 = LINE ( 'NONE', #2344, #1296 ) ;
#154 = FACE_BOUND ( 'NONE', #2417, .T. ) ;
#155 = CARTESIAN_POINT ( 'NONE',  ( 0.000000000000000000, -4.111294638065032814E-12, -1.110223024625156540E-13 ) ) ;
#156 = VECTOR ( 'NONE', #795, 1000.000000000000000 ) ;
#157 = APPLICATION_CONTEXT ( 'configuration controlled 3d designs of mechanical parts and assemblies' ) ;
#158 = CYLINDRICAL_SURFACE ( 'NONE', #510, 3.299999999999997158 ) ;
#159 = CARTESIAN_POINT ( 'NONE',  ( 214.9999999999999716, -4.111294638065032814E-12, -1.110223024625156540E-13 ) ) ;
#160 = EDGE_LOOP ( 'NONE', ( #4674, #2481 ) ) ;
#161 =( GEOMETRIC_REPRESENTATION_CONTEXT ( 3 ) GLOBAL_UNCERTAINTY_ASSIGNED_CONTEXT ( ( #1975 ) ) GLOBAL_UNIT_ASSIGNED_CONTEXT ( ( #1122, #4906, #6481 ) ) REPRESENTATION_CONTEXT ( 'NONE', 'WORKASPACE' ) );
#162 = VECTOR ( 'NONE', #5140, 1000.000000000000114 ) ;
#163 = ORIENTED_EDGE ( 'NONE', *, *, #3951, .T. ) ;
#164 = CC_DESIGN_SECURITY_CLASSIFICATION ( #6656, ( #2669 ) ) ;
#165 = ORIENTED_EDGE ( 'NONE', *, *, #4068, .F. ) ;
#166 = CARTESIAN_POINT ( 'NONE',  ( 91.50000000000021316, 0.000000000000000000, -432.5000000000001705 ) ) ;
#167 = DIRECTION ( 'NONE',  ( 0.000000000000000000, 0.000000000000000000, 1.000000000000000000 ) ) ;
#168 = VERTEX_POINT ( 'NONE', #4506 ) ;
#169 = CARTESIAN_POINT ( 'NONE',  ( 249.5000000000000284, 14.99999999999988987, -562.5000000000000000 ) ) ;
#170 = VECTOR ( 'NONE', #1400, 1000.000000000000000 ) ;
#171 = EDGE_CURVE ( 'NONE', #1419, #816, #1423, .T. ) ;
#172 = CARTESIAN_POINT ( 'NONE',  ( 51.61879502661659558, -1.047772979489991485E-12, -271.6187950266162261 ) ) ;
#173 = CARTESIAN_POINT ( 'NONE',  ( 350.0000000000000000, 14.99999999999987743, -562.5000000000000000 ) ) ;
#174 = VERTEX_POINT ( 'NONE', #4002 ) ;
#175 = LINE ( 'NONE', #5105, #3893 ) ;
#176 = ORIENTED_EDGE ( 'NONE', *, *, #3992, .F. ) ;
#177 = VECTOR ( 'NONE', #6525, 1000.000000000000000 ) ;
#178 = DIRECTION ( 'NONE',  ( 3.469446951953613400E-15, 1.000000000000000000, 0.000000000000000000 ) ) ;
#179 = DIRECTION ( 'NONE',  ( 0.000000000000000000, 0.000000000000000000, -1.000000000000000000 ) ) ;
#180 = DIRECTION ( 'NONE',  ( -0.000000000000000000, 1.000000000000000000, -0.000000000000000000 ) ) ;
#181 = DIRECTION ( 'NONE',  ( -0.000000000000000000, 1.000000000000000000, -0.000000000000000000 ) ) ;
#182 = EDGE_LOOP ( 'NONE', ( #6832, #378, #1121, #3465 ) ) ;
#183 = EDGE_CURVE ( 'NONE', #1071, #1660, #3352, .T. ) ;
#184 = CARTESIAN_POINT ( 'NONE',  ( -39.24442635585415928, -3.112093915902391927E-12, -554.2946788875260609 ) ) ;
#185 = AXIS2_PLACEMENT_3D ( 'NONE', #383, #1352, #4681 ) ;
#186 = DIRECTION ( 'NONE',  ( 3.700744544794450685E-15, 1.000000000000000000, 3.700742850728556176E-15 ) ) ;
#187 = ORIENTED_EDGE ( 'NONE', *, *, #4988, .T. ) ;
#188 = DIRECTION ( 'NONE',  ( -6.780942318374154600E-23, -4.235164736271500755E-22, 1.000000000000000000 ) ) ;
#189 = EDGE_CURVE ( 'NONE', #6672, #6107, #98, .T. ) ;
#190 = CARTESIAN_POINT ( 'NONE',  ( -214.9999999999998863, 25.00000000000000000, -296.7000000000000455 ) ) ;
#191 = CARTESIAN_POINT ( 'NONE',  ( 48.50000000000023448, 0.000000000000000000, -417.5000000000001705 ) ) ;
#192 = VECTOR ( 'NONE', #4921, 1000.000000000000000 ) ;
#193 = DIRECTION ( 'NONE',  ( -1.000000000000000000, 0.000000000000000000, -0.000000000000000000 ) ) ;
#194 = DIRECTION ( 'NONE',  ( -0.000000000000000000, 1.000000000000000000, -0.000000000000000000 ) ) ;
#195 = VERTEX_POINT ( 'NONE', #6622 ) ;
#196 = ORIENTED_EDGE ( 'NONE', *, *, #1632, .F. ) ;
#197 = AXIS2_PLACEMENT_3D ( 'NONE', #7013, #1981, #3747 ) ;
#198 = VERTEX_POINT ( 'NONE', #6216 ) ;
#199 = ORIENTED_EDGE ( 'NONE', *, *, #4087, .T. ) ;
#200 = CARTESIAN_POINT ( 'NONE',  ( 34.29467888754657423, 4.999999999999882760, -480.7555736441253202 ) ) ;
#201 = DIRECTION ( 'NONE',  ( -0.000000000000000000, 1.000000000000000000, -0.000000000000000000 ) ) ;
#202 = EDGE_LOOP ( 'NONE', ( #311, #3669, #6974, #6252 ) ) ;
#203 = DIRECTION ( 'NONE',  ( 0.000000000000000000, 0.000000000000000000, 1.000000000000000000 ) ) ;
#204 = VECTOR ( 'NONE', #2135, 1000.000000000000000 ) ;
#205 = EDGE_CURVE ( 'NONE', #1591, #5454, #3426, .T. ) ;
#206 = CARTESIAN_POINT ( 'NONE',  ( -29.34493141923994131, -4.999999999999896971, -554.2946788875274251 ) ) ;
#207 = EDGE_LOOP ( 'NONE', ( #5972, #1891 ) ) ;
#208 = CARTESIAN_POINT ( 'NONE',  ( 91.50000000000021316, 5.000000000000896172, -417.5000000000001705 ) ) ;
#209 = ORIENTED_EDGE ( 'NONE', *, *, #631, .T. ) ;
#210 = ORIENTED_EDGE ( 'NONE', *, *, #5566, .T. ) ;
#211 = CARTESIAN_POINT ( 'NONE',  ( 215.0000000000000568, 21.99999999999850075, -603.2999999999999545 ) ) ;
#212 = CARTESIAN_POINT ( 'NONE',  ( 250.0000000000000000, 14.99999999999988809, 34.50000000000004974 ) ) ;
#213 = EDGE_CURVE ( 'NONE', #3526, #3970, #2915, .T. ) ;
#214 = CARTESIAN_POINT ( 'NONE',  ( 177.4999999999998579, -20.85786437626894241, -37.50000000000015632 ) ) ;
#215 = CARTESIAN_POINT ( 'NONE',  ( 180.5615542562185851, 15.95671378532290063, -37.45699350511070946 ) ) ;
#216 = ORIENTED_EDGE ( 'NONE', *, *, #2609, .F. ) ;
#217 = CYLINDRICAL_SURFACE ( 'NONE', #6795, 10.00000000000000888 ) ;
#218 = FACE_OUTER_BOUND ( 'NONE', #6283, .T. ) ;
#219 = ORIENTED_EDGE ( 'NONE', *, *, #6898, .F. ) ;
#220 = DIRECTION ( 'NONE',  ( 0.000000000000000000, 3.532527805625498298E-15, -1.000000000000000000 ) ) ;
#221 = DIRECTION ( 'NONE',  ( 3.469446951953613400E-15, 1.000000000000000000, 0.000000000000000000 ) ) ;
#222 = CARTESIAN_POINT ( 'NONE',  ( -51.61879502661620478, 5.000000000000181188, -168.3812049733832623 ) ) ;
#223 = DIRECTION ( 'NONE',  ( -0.000000000000000000, 1.000000000000000000, -0.000000000000000000 ) ) ;
#224 = EDGE_CURVE ( 'NONE', #3744, #4464, #1144, .T. ) ;
#225 = CARTESIAN_POINT ( 'NONE',  ( 248.4046824137612077, 18.76621790498520426, -563.2341640627258812 ) ) ;
#226 = VERTEX_POINT ( 'NONE', #1164 ) ;
#227 = PERSON_AND_ORGANIZATION ( #2020, #4734 ) ;
#228 = EDGE_CURVE ( 'NONE', #6839, #4507, #813, .T. ) ;
#229 = DIRECTION ( 'NONE',  ( -1.000000000000000000, -0.000000000000000000, 1.586032892321652236E-16 ) ) ;
#230 = ORIENTED_EDGE ( 'NONE', *, *, #3384, .T. ) ;
#231 = ORIENTED_EDGE ( 'NONE', *, *, #805, .T. ) ;
#232 = ADVANCED_FACE ( 'NONE', ( #1794 ), #1756, .F. ) ;
#233 = CARTESIAN_POINT ( 'NONE',  ( 31.81980515339412463, 0.000000000000000000, -551.8198051533731814 ) ) ;
#234 = ORIENTED_EDGE ( 'NONE', *, *, #314, .T. ) ;
#235 = LINE ( 'NONE', #2356, #5286 ) ;
#236 = CARTESIAN_POINT ( 'NONE',  ( -214.9999999999998863, 24.99999999999999289, -600.0000000000000000 ) ) ;
#237 = CARTESIAN_POINT ( 'NONE',  ( -180.4999999999999147, 14.99999999999988987, -37.49999999999992184 ) ) ;
#238 = ORIENTED_EDGE ( 'NONE', *, *, #6520, .T. ) ;
#239 = CARTESIAN_POINT ( 'NONE',  ( 48.50000000000023448, 0.000000000000000000, -425.0000000000001705 ) ) ;
#240 = VERTEX_POINT ( 'NONE', #4956 ) ;
#241 = CARTESIAN_POINT ( 'NONE',  ( 249.1180191725539714, 17.32663071661666976, -37.23551157195678485 ) ) ;
#242 = CIRCLE ( 'NONE', #1150, 7.000000000000002665 ) ;
#243 = FACE_OUTER_BOUND ( 'NONE', #1555, .T. ) ;
#244 = EDGE_CURVE ( 'NONE', #1240, #1529, #175, .T. ) ;
#245 = DIRECTION ( 'NONE',  ( -0.000000000000000000, 1.000000000000000000, -0.000000000000000000 ) ) ;
#246 = DIRECTION ( 'NONE',  ( -0.000000000000000000, 1.000000000000000000, -0.000000000000000000 ) ) ;
#247 = CARTESIAN_POINT ( 'NONE',  ( 0.000000000000000000, -4.111294638065032814E-12, -600.0000000000001137 ) ) ;
#248 = VECTOR ( 'NONE', #4106, 1000.000000000000000 ) ;
#249 = AXIS2_PLACEMENT_3D ( 'NONE', #427, #457, #6523 ) ;
#250 = ORIENTED_EDGE ( 'NONE', *, *, #6924, .F. ) ;
#251 = LINE ( 'NONE', #2372, #3042 ) ;
#252 = DIRECTION ( 'NONE',  ( 1.000000000000000000, 0.000000000000000000, 0.000000000000000000 ) ) ;
#253 = ORIENTED_EDGE ( 'NONE', *, *, #5680, .T. ) ;
#254 = VECTOR ( 'NONE', #2018, 1000.000000000000000 ) ;
#255 = CYLINDRICAL_SURFACE ( 'NONE', #4139, 3.500000000006393996 ) ;
#256 = FACE_OUTER_BOUND ( 'NONE', #2248, .T. ) ;
#257 = AXIS2_PLACEMENT_3D ( 'NONE', #1134, #2233, #1691 ) ;
#258 = PRODUCT_DEFINITION_SHAPE ( 'NONE', 'NONE',  #2192 ) ;
#259 = CARTESIAN_POINT ( 'NONE',  ( 246.2242954929710095, 20.93110829366701608, -564.4473782053838704 ) ) ;
#260 = VERTEX_POINT ( 'NONE', #4576 ) ;
#261 = SECURITY_CLASSIFICATION_LEVEL ( 'unclassified' ) ;
#262 = AXIS2_PLACEMENT_3D ( 'NONE', #1219, #4931, #110 ) ;
#263 = DIRECTION ( 'NONE',  ( -0.000000000000000000, 1.000000000000000000, -0.000000000000000000 ) ) ;
#264 = LINE ( 'NONE', #2455, #3021 ) ;
#265 = EDGE_CURVE ( 'NONE', #339, #4786, #6725, .T. ) ;
#266 = VERTEX_POINT ( 'NONE', #2563 ) ;
#267 = AXIS2_PLACEMENT_3D ( 'NONE', #103, #2232, #2302 ) ;
#268 = FACE_OUTER_BOUND ( 'NONE', #1178, .T. ) ;
#269 = EDGE_CURVE ( 'NONE', #4286, #3496, #4695, .T. ) ;
#270 = VECTOR ( 'NONE', #6779, 999.9999999999998863 ) ;
#271 = CARTESIAN_POINT ( 'NONE',  ( 177.5000000000000568, 15.00000000000013856, -37.49999999999992184 ) ) ;
#272 = EDGE_LOOP ( 'NONE', ( #4378, #5793, #3239, #6187 ) ) ;
#273 = CARTESIAN_POINT ( 'NONE',  ( -181.6421356237308089, 25.00000000000002842, -33.35786437626907031 ) ) ;
#274 = EDGE_CURVE ( 'NONE', #4474, #5610, #6282, .T. ) ;
#275 = VECTOR ( 'NONE', #3655, 1000.000000000000000 ) ;
#276 = CARTESIAN_POINT ( 'NONE',  ( -249.4999999999999147, 14.99999999999987921, -562.5000000000000000 ) ) ;
#277 = AXIS2_PLACEMENT_3D ( 'NONE', #3505, #178, #785 ) ;
#278 = FACE_OUTER_BOUND ( 'NONE', #3831, .T. ) ;
#279 = ORIENTED_EDGE ( 'NONE', *, *, #1269, .F. ) ;
#280 = CARTESIAN_POINT ( 'NONE',  ( 51.96152422706634866, 30.00000000000008171, -5.000000000000060396 ) ) ;
#281 = ORIENTED_EDGE ( 'NONE', *, *, #4788, .T. ) ;
#282 = ORIENTED_EDGE ( 'NONE', *, *, #5243, .T. ) ;
#283 = CARTESIAN_POINT ( 'NONE',  ( 248.5371126488373648, 18.57174344496478113, -36.84920212957641183 ) ) ;
#284 = VECTOR ( 'NONE', #5545, 1000.000000000000000 ) ;
#285 = PRODUCT_DEFINITION_FORMATION_WITH_SPECIFIED_SOURCE ( 'ANY', '', #4770, .NOT_KNOWN. ) ;
#286 = CARTESIAN_POINT ( 'NONE',  ( 34.29467888754604132, -3.368832990346959377E-12, -480.7555736441248655 ) ) ;
#287 = CARTESIAN_POINT ( 'NONE',  ( 250.0000000000000000, -24.99999999999991829, -27.50000000000008171 ) ) ;
#288 = DIRECTION ( 'NONE',  ( 1.000000000000000000, -3.700744544794450685E-15, -7.995217608207856944E-23 ) ) ;
#289 = CARTESIAN_POINT ( 'NONE',  ( 214.9999999999999716, 5.000000000000000888, -300.0000000000001137 ) ) ;
#290 = CIRCLE ( 'NONE', #2794, 10.00000000000000533 ) ;
#291 = ORIENTED_EDGE ( 'NONE', *, *, #405, .T. ) ;
#292 = CARTESIAN_POINT ( 'NONE',  ( 4.041334437186300515E-16, -4.111294638065032814E-12, -603.3000000000000682 ) ) ;
#293 = DIRECTION ( 'NONE',  ( -0.000000000000000000, 1.000000000000000000, -0.000000000000000000 ) ) ;
#294 = ORIENTED_EDGE ( 'NONE', *, *, #3708, .T. ) ;
#295 = CARTESIAN_POINT ( 'NONE',  ( 250.0000000000000000, 21.99999999999991118, 27.50000000000007461 ) ) ;
#296 = LINE ( 'NONE', #1887, #1937 ) ;
#297 = APPROVAL_STATUS ( 'not_yet_approved' ) ;
#298 = DIRECTION ( 'NONE',  ( 0.7071067811865520136, 0.000000000000000000, 0.7071067811865431318 ) ) ;
#299 = DIRECTION ( 'NONE',  ( 3.468980808276851749E-15, 1.000000000000000000, 5.916456789157588541E-31 ) ) ;
#300 = ORIENTED_EDGE ( 'NONE', *, *, #3148, .T. ) ;
#301 = AXIS2_PLACEMENT_3D ( 'NONE', #295, #5226, #220 ) ;
#302 = CYLINDRICAL_SURFACE ( 'NONE', #6578, 3.299999999999997158 ) ;
#303 = EDGE_LOOP ( 'NONE', ( #1593, #4615, #5844, #6835, #4968 ) ) ;
#304 = CC_DESIGN_DATE_AND_TIME_ASSIGNMENT ( #2681, #433, ( #4800 ) ) ;
#305 = ADVANCED_FACE ( 'NONE', ( #5675 ), #6355, .F. ) ;
#306 = CARTESIAN_POINT ( 'NONE',  ( 215.0000000000000568, 24.99999999999850431, -600.0000000000000000 ) ) ;
#307 = DIRECTION ( 'NONE',  ( -1.000000000000000000, 0.000000000000000000, 0.000000000000000000 ) ) ;
#308 = EDGE_CURVE ( 'NONE', #3258, #4759, #4076, .T. ) ;
#309 = VERTEX_POINT ( 'NONE', #6798 ) ;
#310 = CARTESIAN_POINT ( 'NONE',  ( -180.5491285263179293, -15.95210075985698595, -562.5345633209017251 ) ) ;
#311 = ORIENTED_EDGE ( 'NONE', *, *, #1490, .F. ) ;
#312 = CC_DESIGN_PERSON_AND_ORGANIZATION_ASSIGNMENT ( #3175, #4827, ( #285 ) ) ;
#313 = VERTEX_POINT ( 'NONE', #6251 ) ;
#314 = EDGE_CURVE ( 'NONE', #4234, #4534, #699, .T. ) ;
#315 = DIRECTION ( 'NONE',  ( 1.000000000000000000, 0.000000000000000000, 0.000000000000000000 ) ) ;
#316 = DESIGN_CONTEXT ( 'detailed design', #6709, 'design' ) ;
#317 = CARTESIAN_POINT ( 'NONE',  ( -214.9999999999998863, 22.00000000000000000, -300.0000000000000568 ) ) ;
#318 = EDGE_LOOP ( 'NONE', ( #773, #2284 ) ) ;
#319 = DIRECTION ( 'NONE',  ( -1.158639454543361089E-30, 1.912833620765402649E-30, -1.000000000000000000 ) ) ;
#320 = EDGE_CURVE ( 'NONE', #1912, #2938, #5606, .T. ) ;
#321 = DIRECTION ( 'NONE',  ( 0.000000000000000000, 0.000000000000000000, 1.000000000000000000 ) ) ;
#322 = DIRECTION ( 'NONE',  ( 0.000000000000000000, 0.000000000000000000, 1.000000000000000000 ) ) ;
#323 = ORIENTED_EDGE ( 'NONE', *, *, #5267, .F. ) ;
#324 = FACE_OUTER_BOUND ( 'NONE', #2136, .T. ) ;
#325 = CYLINDRICAL_SURFACE ( 'NONE', #6428, 3.299999999999997158 ) ;
#326 = CARTESIAN_POINT ( 'NONE',  ( 242.4999999999999147, -25.00000000000011013, -572.5000000000003411 ) ) ;
#327 = EDGE_LOOP ( 'NONE', ( #2624, #6718, #3074, #5038 ) ) ;
#328 = PERSON_AND_ORGANIZATION_ROLE ( 'design_supplier' ) ;
#329 = CARTESIAN_POINT ( 'NONE',  ( -350.0000000000000000, -25.00000000000010658, -572.5000000000001137 ) ) ;
#330 = CARTESIAN_POINT ( 'NONE',  ( -249.9999999999999716, 1.000000000000000888, -627.5000000000001137 ) ) ;
#331 = ORIENTED_EDGE ( 'NONE', *, *, #1822, .F. ) ;
#332 = CARTESIAN_POINT ( 'NONE',  ( 350.0000000000000000, -21.99999999999991118, -627.5000000000001137 ) ) ;
#333 = ORIENTED_EDGE ( 'NONE', *, *, #1384, .F. ) ;
#334 = DIRECTION ( 'NONE',  ( -3.469446951953613006E-15, -1.000000000000000000, 0.000000000000000000 ) ) ;
#335 = EDGE_CURVE ( 'NONE', #1823, #5565, #3434, .T. ) ;
#336 = EDGE_CURVE ( 'NONE', #735, #3995, #5369, .T. ) ;
#337 = DIRECTION ( 'NONE',  ( -0.000000000000000000, 1.000000000000000000, -0.000000000000000000 ) ) ;
#338 = CARTESIAN_POINT ( 'NONE',  ( -249.1198562483538694, 17.32212959285308429, -562.7632535564816862 ) ) ;
#339 = VERTEX_POINT ( 'NONE', #4143 ) ;
#340 = CARTESIAN_POINT ( 'NONE',  ( 8.871732858435342451E-14, 21.99999999999924682, -603.2999999999999545 ) ) ;
#341 = VERTEX_POINT ( 'NONE', #340 ) ;
#342 = ORIENTED_EDGE ( 'NONE', *, *, #3414, .T. ) ;
#343 = EDGE_CURVE ( 'NONE', #6217, #1085, #5264, .T. ) ;
#344 = DIRECTION ( 'NONE',  ( 3.468980808276851749E-15, 1.000000000000000000, 5.916456789157588541E-31 ) ) ;
#345 = CARTESIAN_POINT ( 'NONE',  ( 6.999999999999825917, -2.012279232133096230E-12, -440.2500000000000000 ) ) ;
#346 = CARTESIAN_POINT ( 'NONE',  ( 181.6421356237308089, -24.99999999999991473, -33.35786437626921952 ) ) ;
#347 = CC_DESIGN_PERSON_AND_ORGANIZATION_ASSIGNMENT ( #4130, #6304, ( #2669 ) ) ;
#348 = DIRECTION ( 'NONE',  ( 3.469446951953613006E-15, 1.000000000000000000, -0.000000000000000000 ) ) ;
#349 = EDGE_LOOP ( 'NONE', ( #5572, #1904, #4705, #4569 ) ) ;
#350 = CARTESIAN_POINT ( 'NONE',  ( -180.8819808274460570, 17.32663071661664844, -37.23551157195679195 ) ) ;
#351 = DIRECTION ( 'NONE',  ( -0.000000000000000000, 1.000000000000000000, -0.000000000000000000 ) ) ;
#352 = EDGE_CURVE ( 'NONE', #1073, #737, #5174, .T. ) ;
#353 = EDGE_CURVE ( 'NONE', #4408, #3496, #1420, .T. ) ;
#354 = CIRCLE ( 'NONE', #5263, 3.500000000000003109 ) ;
#355 = CARTESIAN_POINT ( 'NONE',  ( 41.96152422706622787, 47.32050807568884210, -5.000000000000060396 ) ) ;
#356 = VECTOR ( 'NONE', #2468, 1000.000000000000000 ) ;
#357 = ADVANCED_FACE ( 'NONE', ( #4704 ), #4181, .T. ) ;
#358 = EDGE_LOOP ( 'NONE', ( #5059, #4731 ) ) ;
#359 = LINE ( 'NONE', #2544, #6374 ) ;
#360 = AXIS2_PLACEMENT_3D ( 'NONE', #1398, #3590, #868 ) ;
#361 = EDGE_LOOP ( 'NONE', ( #5044, #1780, #5625, #4456 ) ) ;
#362 = DATE_AND_TIME ( #932, #3361 ) ;
#363 = DIRECTION ( 'NONE',  ( -0.000000000000000000, 1.000000000000000000, -0.000000000000000000 ) ) ;
#364 = CARTESIAN_POINT ( 'NONE',  ( 8.831319514063479347E-14, 24.99999999999924682, -600.0000000000000000 ) ) ;
#365 = CIRCLE ( 'NONE', #1044, 4.500000000000003553 ) ;
#366 = CIRCLE ( 'NONE', #1163, 3.500000000006477041 ) ;
#367 = ORIENTED_EDGE ( 'NONE', *, *, #6013, .F. ) ;
#368 = DIRECTION ( 'NONE',  ( 0.000000000000000000, 0.000000000000000000, 1.000000000000000000 ) ) ;
#369 = DIRECTION ( 'NONE',  ( -1.000000000000000000, 0.000000000000000000, 1.586033343532058634E-16 ) ) ;
#370 = EDGE_LOOP ( 'NONE', ( #980, #3182, #2806, #2363 ) ) ;
#371 = AXIS2_PLACEMENT_3D ( 'NONE', #3468, #1759, #2398 ) ;
#372 = CIRCLE ( 'NONE', #1989, 10.00000000000000888 ) ;
#373 = CARTESIAN_POINT ( 'NONE',  ( -1.671399514579063883, -11.89728473910364315, 5.000000000000004441 ) ) ;
#374 = AXIS2_PLACEMENT_3D ( 'NONE', #1254, #5656, #4123 ) ;
#375 = EDGE_LOOP ( 'NONE', ( #6755, #2212, #4947, #1684 ) ) ;
#376 = CIRCLE ( 'NONE', #2448, 3.299999999999997158 ) ;
#377 = DIRECTION ( 'NONE',  ( 0.000000000000000000, 0.000000000000000000, 1.000000000000000000 ) ) ;
#378 = ORIENTED_EDGE ( 'NONE', *, *, #4468, .F. ) ;
#379 = EDGE_LOOP ( 'NONE', ( #5891, #5175, #1456, #4984, #901, #6076, #3594, #694 ) ) ;
#380 = CARTESIAN_POINT ( 'NONE',  ( -187.4999999999998863, 21.99999999999991829, -599.9999999999998863 ) ) ;
#381 = CARTESIAN_POINT ( 'NONE',  ( 29.34493141923929471, 4.999999999999896971, -554.2946788875291304 ) ) ;
#382 = CIRCLE ( 'NONE', #2228, 3.300000000000025135 ) ;
#383 = CARTESIAN_POINT ( 'NONE',  ( 0.000000000000000000, 5.000000000000000888, -600.0000000000001137 ) ) ;
#384 = DIRECTION ( 'NONE',  ( 0.5773502691896257311, 0.5773502691896257311, -0.5773502691896257311 ) ) ;
#385 = ORIENTED_EDGE ( 'NONE', *, *, #889, .F. ) ;
#386 = AXIS2_PLACEMENT_3D ( 'NONE', #247, #181, #4583 ) ;
#387 = LOCAL_TIME ( 2, 14, 25.00000000000000000, #6100 ) ;
#388 = CARTESIAN_POINT ( 'NONE',  ( -181.6421356237308657, 24.99999999999992539, -566.6421356237309510 ) ) ;
#389 = DIRECTION ( 'NONE',  ( -0.000000000000000000, 1.000000000000000000, -0.000000000000000000 ) ) ;
#390 = CC_DESIGN_DATE_AND_TIME_ASSIGNMENT ( #5508, #6673, ( #1585 ) ) ;
#391 = VECTOR ( 'NONE', #1873, 1000.000000000000000 ) ;
#392 = CARTESIAN_POINT ( 'NONE',  ( 350.0000000000000000, 14.99999999999991296, -572.5000000000000000 ) ) ;
#393 = LOCAL_TIME ( 2, 14, 25.00000000000000000, #2720 ) ;
#394 = VECTOR ( 'NONE', #2704, 1000.000000000000000 ) ;
#395 = CARTESIAN_POINT ( 'NONE',  ( 112.9999999999999289, 4.999999999999609201, -407.0000000000002842 ) ) ;
#396 = ADVANCED_FACE ( 'NONE', ( #2656 ), #5948, .F. ) ;
#397 = DIRECTION ( 'NONE',  ( -0.7071067811864796271, 0.000000000000000000, -0.7071067811866154074 ) ) ;
#398 = EDGE_CURVE ( 'NONE', #2715, #1489, #3778, .T. ) ;
#399 = EDGE_CURVE ( 'NONE', #1964, #4044, #7010, .T. ) ;
#400 = VERTEX_POINT ( 'NONE', #4285 ) ;
#401 = CIRCLE ( 'NONE', #2674, 4.500000000000003553 ) ;
#402 = FACE_OUTER_BOUND ( 'NONE', #2331, .T. ) ;
#403 = ORIENTED_EDGE ( 'NONE', *, *, #1375, .F. ) ;
#404 = CALENDAR_DATE ( 2026, 24, 3 ) ;
#405 = EDGE_CURVE ( 'NONE', #2420, #4957, #1567, .T. ) ;
#406 = CARTESIAN_POINT ( 'NONE',  ( 350.0000000000000000, -24.99999999999991829, -627.5000000000001137 ) ) ;
#407 = EDGE_LOOP ( 'NONE', ( #1803, #2860, #1783, #6497 ) ) ;
#408 = LINE ( 'NONE', #2591, #3281 ) ;
#409 = ORIENTED_EDGE ( 'NONE', *, *, #6728, .F. ) ;
#410 = VECTOR ( 'NONE', #666, 1000.000000000000000 ) ;
#411 = ADVANCED_FACE ( 'NONE', ( #7043 ), #6447, .T. ) ;
#412 = FACE_OUTER_BOUND ( 'NONE', #2021, .T. ) ;
#413 = CARTESIAN_POINT ( 'NONE',  ( -180.5615542562184146, 15.95671378532266260, -562.5430064948892550 ) ) ;
#414 = AXIS2_PLACEMENT_3D ( 'NONE', #6005, #3207, #37 ) ;
#415 = EDGE_LOOP ( 'NONE', ( #5256, #409, #2085, #6834, #1311, #4543, #467, #6890 ) ) ;
#416 = DIRECTION ( 'NONE',  ( -1.000000000000000000, 3.469446951947193650E-15, 0.000000000000000000 ) ) ;
#417 = ORIENTED_EDGE ( 'NONE', *, *, #5857, .F. ) ;
#418 = ORIENTED_EDGE ( 'NONE', *, *, #2055, .T. ) ;
#419 = CARTESIAN_POINT ( 'NONE',  ( -214.9999999999998863, 25.00000000000000000, -296.7000000000000455 ) ) ;
#420 = FACE_OUTER_BOUND ( 'NONE', #6647, .T. ) ;
#421 = CARTESIAN_POINT ( 'NONE',  ( 72.99999999999955946, 4.999999999999747757, -220.0000000000018190 ) ) ;
#422 = CARTESIAN_POINT ( 'NONE',  ( -1.671399514579063883, -11.89728473910364670, -5.000000000000004441 ) ) ;
#423 = CARTESIAN_POINT ( 'NONE',  ( -249.5000000000000568, -14.99999999999989342, -599.9999999999998863 ) ) ;
#424 = ORIENTED_EDGE ( 'NONE', *, *, #4445, .F. ) ;
#425 = PLANE ( 'NONE',  #5729 ) ;
#426 = AXIS2_PLACEMENT_3D ( 'NONE', #1340, #4697, #2000 ) ;
#427 = CARTESIAN_POINT ( 'NONE',  ( -51.61879502661620478, 5.000000000000177636, -168.3812049733832623 ) ) ;
#428 = CIRCLE ( 'NONE', #5684, 3.299999999999997158 ) ;
#429 = CARTESIAN_POINT ( 'NONE',  ( 28.31980515338767290, 0.000000000000000000, -551.8198051533731814 ) ) ;
#430 = ORIENTED_EDGE ( 'NONE', *, *, #1822, .T. ) ;
#431 = CARTESIAN_POINT ( 'NONE',  ( 8.831319514063479347E-14, 24.99999999999924682, -600.0000000000000000 ) ) ;
#432 = ORIENTED_EDGE ( 'NONE', *, *, #1242, .F. ) ;
#433 = DATE_TIME_ROLE ( 'creation_date' ) ;
#434 = ADVANCED_FACE ( 'NONE', ( #4316 ), #1638, .T. ) ;
#435 = LINE ( 'NONE', #5936, #465 ) ;
#436 = CARTESIAN_POINT ( 'NONE',  ( 112.9999999999998153, -2.380040609040179334E-12, -445.7499999999999432 ) ) ;
#437 = EDGE_CURVE ( 'NONE', #1071, #5501, #5885, .T. ) ;
#438 = EDGE_LOOP ( 'NONE', ( #2327, #1831, #5296, #7030 ) ) ;
#439 = VECTOR ( 'NONE', #2024, 999.9999999999998863 ) ;
#440 = CARTESIAN_POINT ( 'NONE',  ( 6.999999999999825917, -2.012279232133096230E-12, -445.7499999999999432 ) ) ;
#441 = VERTEX_POINT ( 'NONE', #1487 ) ;
#442 = EDGE_CURVE ( 'NONE', #400, #5131, #4247, .T. ) ;
#443 = PERSON_AND_ORGANIZATION_ROLE ( 'classification_officer' ) ;
#444 = CARTESIAN_POINT ( 'NONE',  ( 180.4999999999998863, -14.99999999999989164, -562.5000000000002274 ) ) ;
#445 = EDGE_CURVE ( 'NONE', #3995, #735, #2419, .T. ) ;
#446 = CARTESIAN_POINT ( 'NONE',  ( 0.000000000000000000, 5.000000000000000888, 3.299999999999888356 ) ) ;
#447 = ORIENTED_EDGE ( 'NONE', *, *, #3481, .F. ) ;
#448 = DIRECTION ( 'NONE',  ( 1.158639454543361089E-30, -1.912833620765402649E-30, 1.000000000000000000 ) ) ;
#449 = EDGE_LOOP ( 'NONE', ( #1157, #342, #2602, #6827 ) ) ;
#450 = ORIENTED_EDGE ( 'NONE', *, *, #2463, .F. ) ;
#451 = FACE_BOUND ( 'NONE', #1275, .T. ) ;
#452 = DIRECTION ( 'NONE',  ( -0.000000000000000000, 1.000000000000000000, -0.000000000000000000 ) ) ;
#453 = FACE_BOUND ( 'NONE', #207, .T. ) ;
#454 = ORIENTED_EDGE ( 'NONE', *, *, #5553, .F. ) ;
#455 = DIRECTION ( 'NONE',  ( 0.000000000000000000, 0.000000000000000000, 1.000000000000000000 ) ) ;
#456 = DIRECTION ( 'NONE',  ( 0.000000000000000000, -3.532527805625498298E-15, 1.000000000000000000 ) ) ;
#457 = DIRECTION ( 'NONE',  ( -0.000000000000000000, 1.000000000000000000, -0.000000000000000000 ) ) ;
#458 = CARTESIAN_POINT ( 'NONE',  ( -214.9999999999998863, 25.00000000000000000, -300.0000000000000568 ) ) ;
#459 = AXIS2_PLACEMENT_3D ( 'NONE', #5319, #5423, #4882 ) ;
#460 = CARTESIAN_POINT ( 'NONE',  ( 248.4046824137610088, -18.76621790498543874, -36.76583593727422539 ) ) ;
#461 = VERTEX_POINT ( 'NONE', #5344 ) ;
#462 = DIRECTION ( 'NONE',  ( -3.700744544794450685E-15, -1.000000000000000000, -3.700742850728556176E-15 ) ) ;
#463 = ORIENTED_EDGE ( 'NONE', *, *, #5854, .F. ) ;
#464 = APPROVAL_ROLE ( '' ) ;
#465 = VECTOR ( 'NONE', #4306, 1000.000000000000000 ) ;
#466 = CARTESIAN_POINT ( 'NONE',  ( 187.5000000000000000, 25.00000000000011013, -27.49999999999996803 ) ) ;
#467 = ORIENTED_EDGE ( 'NONE', *, *, #5107, .F. ) ;
#468 = VECTOR ( 'NONE', #6671, 1000.000000000000000 ) ;
#469 = VECTOR ( 'NONE', #5042, 1000.000000000000000 ) ;
#470 = CARTESIAN_POINT ( 'NONE',  ( 112.9999999999999289, 4.999999999999609201, -409.7500000000002842 ) ) ;
#471 = CARTESIAN_POINT ( 'NONE',  ( -29.34493141923941550, 0.000000000000000000, -485.7053211124289192 ) ) ;
#472 = DIRECTION ( 'NONE',  ( 0.5773502691896257311, 0.5773502691896257311, 0.5773502691896257311 ) ) ;
#473 = ORIENTED_EDGE ( 'NONE', *, *, #5107, .T. ) ;
#474 = CALENDAR_DATE ( 2026, 24, 3 ) ;
#475 = CIRCLE ( 'NONE', #15, 10.00000000000000533 ) ;
#476 = VECTOR ( 'NONE', #140, 1000.000000000000000 ) ;
#477 = ADVANCED_FACE ( 'NONE', ( #2596 ), #944, .T. ) ;
#478 = CARTESIAN_POINT ( 'NONE',  ( 183.2279382166452706, -20.56265927051838460, -564.1844798555076750 ) ) ;
#479 = CARTESIAN_POINT ( 'NONE',  ( -183.9646606448248747, 21.04575189207774599, -564.5333760565722514 ) ) ;
#481 = EDGE_CURVE ( 'NONE', #3699, #3970, #5831, .T. ) ;
#480 = ORIENTED_EDGE ( 'NONE', *, *, #1172, .T. ) ;
#482 = EDGE_CURVE ( 'NONE', #3824, #1119, #2623, .T. ) ;
#483 = CARTESIAN_POINT ( 'NONE',  ( 215.0000000000000568, 24.99999999999850431, -3.300000000000108180 ) ) ;
#484 = EDGE_LOOP ( 'NONE', ( #1711, #6663, #3932, #6601 ) ) ;
#485 = CYLINDRICAL_SURFACE ( 'NONE', #1202, 10.00000000000000888 ) ;
#486 = AXIS2_PLACEMENT_3D ( 'NONE', #2424, #3536, #6762 ) ;
#487 = EDGE_LOOP ( 'NONE', ( #6696, #4994, #5707, #1673 ) ) ;
#488 = CARTESIAN_POINT ( 'NONE',  ( 0.000000000000000000, 24.99999999999924682, 1.630640067418198669E-13 ) ) ;
#489 = DIRECTION ( 'NONE',  ( -1.000000000000000000, 0.000000000000000000, 0.000000000000000000 ) ) ;
#490 = EDGE_CURVE ( 'NONE', #64, #4649, #5413, .T. ) ;
#491 = VECTOR ( 'NONE', #4443, 1000.000000000000000 ) ;
#492 = DIRECTION ( 'NONE',  ( 0.000000000000000000, 0.000000000000000000, -1.000000000000000000 ) ) ;
#493 = LINE ( 'NONE', #2666, #5269 ) ;
#494 = ORIENTED_EDGE ( 'NONE', *, *, #5985, .T. ) ;
#495 = CARTESIAN_POINT ( 'NONE',  ( 1.270641034760808889E-12, -8.673617379884035472E-13, -147.0000000000020748 ) ) ;
#496 = AXIS2_PLACEMENT_3D ( 'NONE', #6551, #4846, #3781 ) ;
#497 = FACE_OUTER_BOUND ( 'NONE', #3534, .T. ) ;
#498 = DIRECTION ( 'NONE',  ( -6.780942318374154600E-23, -4.235164736271500755E-22, 1.000000000000000000 ) ) ;
#499 = DIRECTION ( 'NONE',  ( 1.000000000000000000, 0.000000000000000000, 0.000000000000000000 ) ) ;
#500 = EDGE_CURVE ( 'NONE', #1948, #4315, #2103, .T. ) ;
#501 = CARTESIAN_POINT ( 'NONE',  ( 187.5000000000000284, 21.99999999999988631, -34.64142842854295168 ) ) ;
#502 = VECTOR ( 'NONE', #3431, 1000.000000000000000 ) ;
#503 = PRODUCT_DEFINITION_FORMATION_WITH_SPECIFIED_SOURCE ( 'ANY', '', #3641, .NOT_KNOWN. ) ;
#504 = CARTESIAN_POINT ( 'NONE',  ( 350.0000000000000000, -14.99999999999987743, -637.5000000000002274 ) ) ;
#505 = ORIENTED_EDGE ( 'NONE', *, *, #913, .F. ) ;
#506 = CARTESIAN_POINT ( 'NONE',  ( -350.0000000000000000, 14.99999999999987743, -562.4999999999998863 ) ) ;
#507 = CYLINDRICAL_SURFACE ( 'NONE', #4209, 7.000000000000002665 ) ;
#508 = EDGE_LOOP ( 'NONE', ( #234, #2449, #3051, #5514 ) ) ;
#509 = APPROVAL_STATUS ( 'not_yet_approved' ) ;
#510 = AXIS2_PLACEMENT_3D ( 'NONE', #6608, #4527, #3376 ) ;
#511 = CC_DESIGN_APPROVAL ( #5015, ( #45 ) ) ;
#512 = PLANE ( 'NONE',  #5041 ) ;
#513 = FACE_OUTER_BOUND ( 'NONE', #484, .T. ) ;
#514 = ORIENTED_EDGE ( 'NONE', *, *, #2501, .F. ) ;
#515 = AXIS2_PLACEMENT_3D ( 'NONE', #1427, #6879, #6359 ) ;
#516 = DIRECTION ( 'NONE',  ( 0.000000000000000000, 0.000000000000000000, 1.000000000000000000 ) ) ;
#517 = LOCAL_TIME ( 2, 14, 25.00000000000000000, #1115 ) ;
#518 = CARTESIAN_POINT ( 'NONE',  ( -249.4014406563791511, -16.19412149417502889, -562.5688027689642468 ) ) ;
#519 = VERTEX_POINT ( 'NONE', #4875 ) ;
#520 = DATE_TIME_ROLE ( 'classification_date' ) ;
#521 = EDGE_CURVE ( 'NONE', #6152, #5373, #5033, .T. ) ;
#522 = CARTESIAN_POINT ( 'NONE',  ( -184.3566847147075691, 21.25853891208317137, -564.6994292720017938 ) ) ;
#523 = VERTEX_POINT ( 'NONE', #1444 ) ;
#524 = CARTESIAN_POINT ( 'NONE',  ( 250.0000000000000000, 4.000000000000000000, 27.49999999999992184 ) ) ;
#525 = VECTOR ( 'NONE', #6814, 1000.000000000000000 ) ;
#526 = ORIENTED_EDGE ( 'NONE', *, *, #3277, .F. ) ;
#527 = DIRECTION ( 'NONE',  ( -7.690840992182485042E-23, -4.235164736271500755E-22, 1.000000000000000000 ) ) ;
#528 = EDGE_CURVE ( 'NONE', #519, #5335, #873, .T. ) ;
#529 = VERTEX_POINT ( 'NONE', #329 ) ;
#530 =( NAMED_UNIT ( * ) SI_UNIT ( $, .STERADIAN. ) SOLID_ANGLE_UNIT ( ) );
#531 = CARTESIAN_POINT ( 'NONE',  ( 186.3133277090798572, -21.90263348841655855, -34.73587298673835022 ) ) ;
#532 = EDGE_CURVE ( 'NONE', #3645, #1630, #4912, .T. ) ;
#533 = CIRCLE ( 'NONE', #3263, 3.299999999999997158 ) ;
#534 = DIRECTION ( 'NONE',  ( 3.468980808276851749E-15, 1.000000000000000000, 5.916456789157588541E-31 ) ) ;
#535 = CARTESIAN_POINT ( 'NONE',  ( 250.0000000000000000, -25.00000000000010658, 27.49999999999991118 ) ) ;
#536 = EDGE_CURVE ( 'NONE', #1196, #2516, #2423, .T. ) ;
#537 = ORIENTED_EDGE ( 'NONE', *, *, #6521, .F. ) ;
#538 = CARTESIAN_POINT ( 'NONE',  ( 183.9679189359989948, 21.04767861450878641, -564.5348344921453645 ) ) ;
#539 = DIRECTION ( 'NONE',  ( 0.000000000000000000, 0.000000000000000000, 1.000000000000000000 ) ) ;
#540 = FACE_OUTER_BOUND ( 'NONE', #6014, .T. ) ;
#541 = PLANE ( 'NONE',  #2987 ) ;
#542 = CARTESIAN_POINT ( 'NONE',  ( 184.3566847147078533, 21.25853891208339519, -35.30057072799799300 ) ) ;
#543 = LINE ( 'NONE', #5931, #1318 ) ;
#544 = EDGE_CURVE ( 'NONE', #2370, #6066, #3076, .T. ) ;
#545 = VERTEX_POINT ( 'NONE', #406 ) ;
#546 = FACE_BOUND ( 'NONE', #5151, .T. ) ;
#547 = VERTEX_POINT ( 'NONE', #1368 ) ;
#548 = DIRECTION ( 'NONE',  ( 0.000000000000000000, 0.000000000000000000, -1.000000000000000000 ) ) ;
#549 = ORIENTED_EDGE ( 'NONE', *, *, #3821, .F. ) ;
#550 = CALENDAR_DATE ( 2026, 24, 3 ) ;
#551 = DIRECTION ( 'NONE',  ( 0.000000000000000000, 0.000000000000000000, -1.000000000000000000 ) ) ;
#552 = DIRECTION ( 'NONE',  ( 0.000000000000000000, 0.000000000000000000, 1.000000000000000000 ) ) ;
#553 = CIRCLE ( 'NONE', #7033, 3.299999999999999378 ) ;
#554 = ORIENTED_EDGE ( 'NONE', *, *, #963, .T. ) ;
#555 = CYLINDRICAL_SURFACE ( 'NONE', #2899, 3.500000000000003109 ) ;
#556 = DIRECTION ( 'NONE',  ( -0.000000000000000000, 1.000000000000000000, -0.000000000000000000 ) ) ;
#557 = ORIENTED_EDGE ( 'NONE', *, *, #5860, .T. ) ;
#558 = CALENDAR_DATE ( 2026, 24, 3 ) ;
#559 = VERTEX_POINT ( 'NONE', #2514 ) ;
#560 = EDGE_LOOP ( 'NONE', ( #6485, #4210 ) ) ;
#561 = CARTESIAN_POINT ( 'NONE',  ( -250.0000000000000000, -14.99999999999991296, -27.50000000000004974 ) ) ;
#562 =( LENGTH_UNIT ( ) NAMED_UNIT ( * ) SI_UNIT ( .MILLI., .METRE. ) );
#563 = EDGE_CURVE ( 'NONE', #1489, #260, #3676, .T. ) ;
#564 = DIRECTION ( 'NONE',  ( 0.7071067811865475727, -0.7071067811865475727, 0.000000000000000000 ) ) ;
#565 = DIRECTION ( 'NONE',  ( -0.000000000000000000, 1.000000000000000000, -0.000000000000000000 ) ) ;
#566 = CARTESIAN_POINT ( 'NONE',  ( 51.61879502661831509, 4.999999999999820588, -168.3812049733842855 ) ) ;
#567 = ORIENTED_EDGE ( 'NONE', *, *, #6346, .F. ) ;
#568 = DIRECTION ( 'NONE',  ( 3.700744544794450685E-15, 1.000000000000000000, 3.700743274245029804E-15 ) ) ;
#569 = DIRECTION ( 'NONE',  ( -3.700744544794450685E-15, -1.000000000000000000, -3.700742850728556176E-15 ) ) ;
#570 = DIRECTION ( 'NONE',  ( -0.7071067811864703012, 2.453269466693129619E-15, -0.7071067811866247332 ) ) ;
#571 = CC_DESIGN_PERSON_AND_ORGANIZATION_ASSIGNMENT ( #5229, #328, ( #3014 ) ) ;
#572 = DIRECTION ( 'NONE',  ( -0.000000000000000000, 1.000000000000000000, -0.000000000000000000 ) ) ;
#573 = CARTESIAN_POINT ( 'NONE',  ( 250.0000000000000000, -14.99999999999987743, -37.50000000000006395 ) ) ;
#574 = FACE_BOUND ( 'NONE', #2211, .T. ) ;
#575 = ADVANCED_FACE ( 'NONE', ( #4761 ), #1516, .F. ) ;
#576 = DIRECTION ( 'NONE',  ( -1.000000000000000000, -0.000000000000000000, -0.000000000000000000 ) ) ;
#577 = ORIENTED_EDGE ( 'NONE', *, *, #265, .T. ) ;
#578 = COORDINATED_UNIVERSAL_TIME_OFFSET ( 8, 0, .AHEAD. ) ;
#579 = DIRECTION ( 'NONE',  ( 0.000000000000000000, 0.000000000000000000, 1.000000000000000000 ) ) ;
#580 = EDGE_CURVE ( 'NONE', #1529, #2997, #242, .T. ) ;
#581 = FACE_OUTER_BOUND ( 'NONE', #327, .T. ) ;
#582 = EDGE_LOOP ( 'NONE', ( #333, #6415, #1018, #4703 ) ) ;
#583 = DIRECTION ( 'NONE',  ( 0.000000000000000000, 1.000000000000000000, 3.700743415417186364E-15 ) ) ;
#584 = CLOSED_SHELL ( 'NONE', ( #3322, #3648, #4025, #1007, #5804, #5416, #2617, #3559, #933, #6641, #2841, #2923, #4561, #5862, #2849, #1403, #1834, #5781, #884, #2252, #6628, #2162, #1762, #5910 ) ) ;
#585 = ORIENTED_EDGE ( 'NONE', *, *, #1116, .F. ) ;
#586 = PERSON_AND_ORGANIZATION ( #1935, #4397 ) ;
#587 = VECTOR ( 'NONE', #5956, 1000.000000000000000 ) ;
#588 = AXIS2_PLACEMENT_3D ( 'NONE', #1927, #5199, #298 ) ;
#589 = ORIENTED_EDGE ( 'NONE', *, *, #6916, .T. ) ;
#590 = EDGE_LOOP ( 'NONE', ( #5155, #3413, #1438, #4075 ) ) ;
#591 = CARTESIAN_POINT ( 'NONE',  ( 249.0000000000000000, 5.000000000000000888, 26.49999999999991829 ) ) ;
#592 = DIRECTION ( 'NONE',  ( 0.000000000000000000, 0.000000000000000000, 1.000000000000000000 ) ) ;
#593 = CARTESIAN_POINT ( 'NONE',  ( 242.5000000000000568, 24.99999999999991473, -600.0000000000000000 ) ) ;
#594 = DIRECTION ( 'NONE',  ( 3.469446951953613006E-15, 1.000000000000000000, -0.000000000000000000 ) ) ;
#595 = CARTESIAN_POINT ( 'NONE',  ( -187.4999999999998863, 24.99999999999991473, -600.0000000000000000 ) ) ;
#596 = CIRCLE ( 'NONE', #1288, 3.299999999999988720 ) ;
#597 = ORIENTED_EDGE ( 'NONE', *, *, #3985, .T. ) ;
#598 = AXIS2_PLACEMENT_3D ( 'NONE', #2186, #572, #4753 ) ;
#599 = DIRECTION ( 'NONE',  ( -1.000000000000000000, 0.000000000000000000, 1.586033434521926015E-16 ) ) ;
#600 = EDGE_LOOP ( 'NONE', ( #1472, #4818, #2914, #2240 ) ) ;
#601 = CARTESIAN_POINT ( 'NONE',  ( 249.5000000000000000, 15.48150225914672795, -37.49999999999985789 ) ) ;
#602 = CYLINDRICAL_SURFACE ( 'NONE', #5380, 4.500000000000003553 ) ;
#603 = CIRCLE ( 'NONE', #1645, 35.00000000000001421 ) ;
#604 = CARTESIAN_POINT ( 'NONE',  ( 350.0000000000000000, -25.00000000000010658, -572.5000000000002274 ) ) ;
#605 = AXIS2_PLACEMENT_3D ( 'NONE', #3623, #1987, #1437 ) ;
#606 = CARTESIAN_POINT ( 'NONE',  ( 0.000000000000000000, 5.000000000000000888, -596.7000000000001592 ) ) ;
#607 = DIRECTION ( 'NONE',  ( -1.000000000000000000, 3.469446951953611033E-15, 0.000000000000000000 ) ) ;
#608 = FACE_BOUND ( 'NONE', #6377, .T. ) ;
#609 = AXIS2_PLACEMENT_3D ( 'NONE', #2894, #5081, #6264 ) ;
#610 = APPROVAL ( #6502, 'UNKNOWN' ) ;
#611 = CARTESIAN_POINT ( 'NONE',  ( -350.0000000000000000, -24.99999999999991118, -627.5000000000001137 ) ) ;
#612 = ORIENTED_EDGE ( 'NONE', *, *, #1689, .F. ) ;
#613 = DATE_AND_TIME ( #5003, #1190 ) ;
#614 = CARTESIAN_POINT ( 'NONE',  ( 252.4999999999998863, -15.00000000000014388, -562.5000000000002274 ) ) ;
#615 = VECTOR ( 'NONE', #4888, 1000.000000000000000 ) ;
#616 = CARTESIAN_POINT ( 'NONE',  ( 350.0000000000000000, 24.99999999999991118, -572.5000000000000000 ) ) ;
#617 = AXIS2_PLACEMENT_3D ( 'NONE', #2332, #2431, #711 ) ;
#618 = ADVANCED_FACE ( 'NONE', ( #3631 ), #5829, .F. ) ;
#619 = CARTESIAN_POINT ( 'NONE',  ( 242.4999999999998863, -22.00000000000011013, -565.3585715714573325 ) ) ;
#620 = ORIENTED_EDGE ( 'NONE', *, *, #2378, .F. ) ;
#621 = DIRECTION ( 'NONE',  ( -0.000000000000000000, 1.000000000000000000, -0.000000000000000000 ) ) ;
#622 = CARTESIAN_POINT ( 'NONE',  ( 0.000000000000000000, 5.000000000000000888, -600.0000000000001137 ) ) ;
#623 = EDGE_CURVE ( 'NONE', #3013, #4129, #6375, .T. ) ;
#624 = VECTOR ( 'NONE', #3938, 1000.000000000000000 ) ;
#625 = CARTESIAN_POINT ( 'NONE',  ( -29.34493141923943327, -4.999999999999896971, -485.7053211124289192 ) ) ;
#626 = CC_DESIGN_APPROVAL ( #3377, ( #1585 ) ) ;
#627 = ORIENTED_EDGE ( 'NONE', *, *, #1483, .T. ) ;
#628 = APPROVAL_STATUS ( 'not_yet_approved' ) ;
#629 = FACE_OUTER_BOUND ( 'NONE', #6410, .T. ) ;
#630 = ORIENTED_EDGE ( 'NONE', *, *, #1914, .F. ) ;
#631 = EDGE_CURVE ( 'NONE', #4010, #4498, #6344, .T. ) ;
#632 = EDGE_LOOP ( 'NONE', ( #480, #6881, #6163, #282 ) ) ;
#633 = CARTESIAN_POINT ( 'NONE',  ( 350.0000000000000000, -25.00000000000010658, -572.5000000000002274 ) ) ;
#634 = ORIENTED_EDGE ( 'NONE', *, *, #2835, .F. ) ;
#635 = SHAPE_REPRESENTATION_RELATIONSHIP ( 'NONE' , 'NONE' ,  #2405, #5748 ) ;
#636 = CARTESIAN_POINT ( 'NONE',  ( -247.7443192243905230, 19.65778353193172734, -36.35637088626749147 ) ) ;
#637 = CARTESIAN_POINT ( 'NONE',  ( -51.61879502661898300, -6.904199434387692236E-13, -267.1187950266201483 ) ) ;
#638 = FACE_OUTER_BOUND ( 'NONE', #4450, .T. ) ;
#639 = ORIENTED_EDGE ( 'NONE', *, *, #953, .F. ) ;
#640 = DIRECTION ( 'NONE',  ( 0.000000000000000000, 1.000000000000000000, -4.235164736271500755E-22 ) ) ;
#641 = ORIENTED_EDGE ( 'NONE', *, *, #6443, .T. ) ;
#642 = CARTESIAN_POINT ( 'NONE',  ( 184.5629555964200108, 21.35803075674645513, -564.7806311379570161 ) ) ;
#643 = DIRECTION ( 'NONE',  ( 0.000000000000000000, 0.000000000000000000, 1.000000000000000000 ) ) ;
#644 = ADVANCED_FACE ( 'NONE', ( #903 ), #806, .F. ) ;
#645 = CARTESIAN_POINT ( 'NONE',  ( 350.0000000000000000, 14.99999999999988809, -565.5000000000000000 ) ) ;
#646 = VERTEX_POINT ( 'NONE', #2029 ) ;
#647 = VECTOR ( 'NONE', #2311, 1000.000000000000000 ) ;
#648 = CARTESIAN_POINT ( 'NONE',  ( 350.0000000000000000, 24.99999999999991473, -572.5000000000000000 ) ) ;
#649 = DIRECTION ( 'NONE',  ( -3.469446951953614978E-15, -1.000000000000000000, -0.000000000000000000 ) ) ;
#650 = VERTEX_POINT ( 'NONE', #4666 ) ;
#651 = PERSON_AND_ORGANIZATION ( #3381, #1066 ) ;
#652 = CARTESIAN_POINT ( 'NONE',  ( 214.9999999999999716, 5.000000000000000888, -3.300000000000108180 ) ) ;
#653 = CIRCLE ( 'NONE', #197, 4.500000000000003553 ) ;
#654 = DIRECTION ( 'NONE',  ( 3.700744544794450685E-15, 1.000000000000000000, -4.235164736271500755E-22 ) ) ;
#655 = CARTESIAN_POINT ( 'NONE',  ( 34.29467888754675897, -3.368832990346959377E-12, -559.2444263558318198 ) ) ;
#656 = ORIENTED_EDGE ( 'NONE', *, *, #1483, .F. ) ;
#657 = CARTESIAN_POINT ( 'NONE',  ( 257.5251262658362066, 4.999999999999105604, -257.5251262658394467 ) ) ;
#658 = CARTESIAN_POINT ( 'NONE',  ( 215.0000000000000568, 24.99999999999850431, -603.2999999999999545 ) ) ;
#659 = CARTESIAN_POINT ( 'NONE',  ( 0.000000000000000000, -4.111294638065032814E-12, -596.7000000000001592 ) ) ;
#660 = VERTEX_POINT ( 'NONE', #6825 ) ;
#661 = COORDINATED_UNIVERSAL_TIME_OFFSET ( 8, 0, .AHEAD. ) ;
#662 = EDGE_CURVE ( 'NONE', #1088, #6957, #3662, .T. ) ;
#663 = ORIENTED_EDGE ( 'NONE', *, *, #4260, .F. ) ;
#664 = CIRCLE ( 'NONE', #5788, 2.749999999999974687 ) ;
#665 = ORIENTED_EDGE ( 'NONE', *, *, #4605, .T. ) ;
#666 = DIRECTION ( 'NONE',  ( -0.000000000000000000, 1.000000000000000000, -0.000000000000000000 ) ) ;
#667 = EDGE_LOOP ( 'NONE', ( #2804, #450, #6633, #2039 ) ) ;
#668 = ADVANCED_FACE ( 'NONE', ( #934 ), #6923, .T. ) ;
#669 = COORDINATED_UNIVERSAL_TIME_OFFSET ( 8, 0, .AHEAD. ) ;
#670 = DIRECTION ( 'NONE',  ( -1.000000000000000000, -0.000000000000000000, -0.000000000000000000 ) ) ;
#671 = VECTOR ( 'NONE', #4270, 1000.000000000000114 ) ;
#672 = EDGE_CURVE ( 'NONE', #5371, #1961, #5158, .T. ) ;
#673 = LINE ( 'NONE', #3423, #4151 ) ;
#674 = DIRECTION ( 'NONE',  ( -1.000000000000000000, 0.000000000000000000, 0.000000000000000000 ) ) ;
#675 = ORIENTED_EDGE ( 'NONE', *, *, #352, .F. ) ;
#676 = DIRECTION ( 'NONE',  ( -0.000000000000000000, 1.000000000000000000, -0.000000000000000000 ) ) ;
#677 = ORIENTED_EDGE ( 'NONE', *, *, #963, .F. ) ;
#678 = VERTEX_POINT ( 'NONE', #2454 ) ;
#679 = DIRECTION ( 'NONE',  ( -0.000000000000000000, 1.000000000000000000, -0.000000000000000000 ) ) ;
#680 = LINE ( 'NONE', #1211, #4034 ) ;
#681 = FACE_OUTER_BOUND ( 'NONE', #3629, .T. ) ;
#682 = EDGE_LOOP ( 'NONE', ( #2905, #4206 ) ) ;
#683 = CARTESIAN_POINT ( 'NONE',  ( -250.0000000000000000, -15.00000000000012790, 34.49999999999994316 ) ) ;
#684 = DIRECTION ( 'NONE',  ( 0.000000000000000000, -1.000000000000000000, -3.700743415417186364E-15 ) ) ;
#685 = LINE ( 'NONE', #5189, #1388 ) ;
#686 = VERTEX_POINT ( 'NONE', #4638 ) ;
#687 = PERSON_AND_ORGANIZATION_ROLE ( 'creator' ) ;
#688 = DIRECTION ( 'NONE',  ( -1.000000000000000000, 3.532527189601535655E-15, 6.590949271428381056E-23 ) ) ;
#689 = CARTESIAN_POINT ( 'NONE',  ( -257.5251262658360361, 0.000000000000000000, -257.5251262658417772 ) ) ;
#690 = ORIENTED_EDGE ( 'NONE', *, *, #2560, .F. ) ;
#691 = PLANE ( 'NONE',  #742 ) ;
#692 = LINE ( 'NONE', #625, #5446 ) ;
#693 = ORIENTED_EDGE ( 'NONE', *, *, #5249, .F. ) ;
#694 = ORIENTED_EDGE ( 'NONE', *, *, #1770, .F. ) ;
#695 = VERTEX_POINT ( 'NONE', #5726 ) ;
#696 = LINE ( 'NONE', #119, #1791 ) ;
#697 = VERTEX_POINT ( 'NONE', #3254 ) ;
#698 = DIRECTION ( 'NONE',  ( -6.780942318374154600E-23, -4.235164736271500755E-22, 1.000000000000000000 ) ) ;
#699 = CIRCLE ( 'NONE', #2313, 7.500000000000007105 ) ;
#700 = FACE_OUTER_BOUND ( 'NONE', #2608, .T. ) ;
#701 = EDGE_CURVE ( 'NONE', #4340, #695, #1739, .T. ) ;
#702 = EDGE_CURVE ( 'NONE', #2305, #4422, #435, .T. ) ;
#703 = DIRECTION ( 'NONE',  ( 0.9993908270190957621, 0.03489949670250101083, 1.060031841390734614E-30 ) ) ;
#704 = ORIENTED_EDGE ( 'NONE', *, *, #4084, .T. ) ;
#705 =( BOUNDED_CURVE ( )  B_SPLINE_CURVE ( 3, ( #3098, #388, #960, #1982 ),
 .UNSPECIFIED., .F., .T. ) 
 B_SPLINE_CURVE_WITH_KNOTS ( ( 4, 4 ),
 ( 4.712388980384689674, 6.283185307179586232 ),
 .UNSPECIFIED. ) 
 CURVE ( )  GEOMETRIC_REPRESENTATION_ITEM ( )  RATIONAL_B_SPLINE_CURVE ( ( 1.000000000000000000, 0.8047378541243649375, 0.8047378541243649375, 1.000000000000000000 ) ) 
 REPRESENTATION_ITEM ( '' )  );
#706 = DIRECTION ( 'NONE',  ( -6.780942318374154600E-23, -4.235164736271500755E-22, 1.000000000000000000 ) ) ;
#707 = ORIENTED_EDGE ( 'NONE', *, *, #2261, .F. ) ;
#708 = CIRCLE ( 'NONE', #4360, 3.500000000000003109 ) ;
#709 = AXIS2_PLACEMENT_3D ( 'NONE', #4444, #3982, #2310 ) ;
#710 = EDGE_CURVE ( 'NONE', #4215, #3746, #5944, .T. ) ;
#711 = DIRECTION ( 'NONE',  ( 0.000000000000000000, 0.000000000000000000, 1.000000000000000000 ) ) ;
#712 = CARTESIAN_POINT ( 'NONE',  ( -181.6421356237310363, -25.00000000000002487, -33.35786437626912715 ) ) ;
#713 = CIRCLE ( 'NONE', #1866, 4.500000000000003553 ) ;
#714 = FACE_OUTER_BOUND ( 'NONE', #6174, .T. ) ;
#715 = AXIS2_PLACEMENT_3D ( 'NONE', #70, #3974, #6596 ) ;
#716 = CARTESIAN_POINT ( 'NONE',  ( 249.4876017348489370, -15.48036715287456566, -37.49130964019646939 ) ) ;
#717 = CARTESIAN_POINT ( 'NONE',  ( 180.5000000000000284, 15.00000000000012790, -37.49999999999992184 ) ) ;
#718 = ORIENTED_EDGE ( 'NONE', *, *, #5336, .F. ) ;
#719 = CARTESIAN_POINT ( 'NONE',  ( 112.9999999999998153, 4.999999999999609201, -442.9999999999999432 ) ) ;
#720 = CARTESIAN_POINT ( 'NONE',  ( -245.0269832074732790, -21.53187853182804190, -35.07283945620872601 ) ) ;
#721 = VECTOR ( 'NONE', #5643, 1000.000000000000000 ) ;
#722 = CIRCLE ( 'NONE', #1755, 3.500000000006393996 ) ;
#723 = ORIENTED_EDGE ( 'NONE', *, *, #7007, .F. ) ;
#724 = FACE_OUTER_BOUND ( 'NONE', #803, .T. ) ;
#725 = DIRECTION ( 'NONE',  ( 0.000000000000000000, 0.000000000000000000, -1.000000000000000000 ) ) ;
#726 = FACE_OUTER_BOUND ( 'NONE', #66, .T. ) ;
#727 = CIRCLE ( 'NONE', #2773, 3.299999999999997158 ) ;
#728 = VERTEX_POINT ( 'NONE', #1005 ) ;
#729 = LINE ( 'NONE', #6747, #4555 ) ;
#730 = VERTEX_POINT ( 'NONE', #5872 ) ;
#731 = APPROVAL_PERSON_ORGANIZATION ( #4457, #2582, #1366 ) ;
#732 = DIRECTION ( 'NONE',  ( -0.000000000000000000, 1.000000000000000000, -0.000000000000000000 ) ) ;
#733 = VERTEX_POINT ( 'NONE', #6496 ) ;
#734 = AXIS2_PLACEMENT_3D ( 'NONE', #4715, #4228, #6987 ) ;
#735 = VERTEX_POINT ( 'NONE', #2756 ) ;
#736 = CC_DESIGN_APPROVAL ( #1984, ( #3014 ) ) ;
#737 = VERTEX_POINT ( 'NONE', #466 ) ;
#738 = CYLINDRICAL_SURFACE ( 'NONE', #1341, 3.299999999999997158 ) ;
#739 = CARTESIAN_POINT ( 'NONE',  ( 112.9999999999998153, -2.380040609040179334E-12, -442.9999999999999432 ) ) ;
#740 = VERTEX_POINT ( 'NONE', #4933 ) ;
#741 = CARTESIAN_POINT ( 'NONE',  ( -214.9999999999998863, 25.00000000000000000, -300.0000000000000568 ) ) ;
#742 = AXIS2_PLACEMENT_3D ( 'NONE', #5091, #6711, #193 ) ;
#743 = ADVANCED_FACE ( 'NONE', ( #1075 ), #512, .T. ) ;
#744 = CC_DESIGN_APPROVAL ( #4923, ( #2567 ) ) ;
#745 = CARTESIAN_POINT ( 'NONE',  ( -214.9999999999998863, 21.99999999999999289, -596.7000000000000455 ) ) ;
#746 = EDGE_LOOP ( 'NONE', ( #6130, #4249, #6088, #1248 ) ) ;
#747 = CARTESIAN_POINT ( 'NONE',  ( -2.718384415654084840, 18.08444007146925259, 5.000000000000004441 ) ) ;
#748 = ORIENTED_EDGE ( 'NONE', *, *, #844, .F. ) ;
#749 = AXIS2_PLACEMENT_3D ( 'NONE', #7059, #2579, #5865 ) ;
#750 = VERTEX_POINT ( 'NONE', #1 ) ;
#751 = CARTESIAN_POINT ( 'NONE',  ( -214.9999999999999716, -4.111294638065032814E-12, -300.0000000000001137 ) ) ;
#752 = DIRECTION ( 'NONE',  ( -1.000000000000000000, -0.000000000000000000, -0.000000000000000000 ) ) ;
#753 = ADVANCED_FACE ( 'NONE', ( #6998 ), #4867, .F. ) ;
#754 = DIRECTION ( 'NONE',  ( -1.000000000000000000, -0.000000000000000000, -0.000000000000000000 ) ) ;
#755 = FACE_OUTER_BOUND ( 'NONE', #6491, .T. ) ;
#756 = EDGE_CURVE ( 'NONE', #6239, #1693, #4791, .T. ) ;
#757 = CARTESIAN_POINT ( 'NONE',  ( 65.00000000000129319, -2.255140518769901982E-13, -219.9999999999995737 ) ) ;
#758 = ORIENTED_EDGE ( 'NONE', *, *, #1210, .T. ) ;
#759 = DIRECTION ( 'NONE',  ( -0.000000000000000000, 1.000000000000000000, -0.000000000000000000 ) ) ;
#760 = CARTESIAN_POINT ( 'NONE',  ( 350.0000000000000000, 15.00000000000010303, -627.5000000000001137 ) ) ;
#761 = VERTEX_POINT ( 'NONE', #5439 ) ;
#762 = FACE_OUTER_BOUND ( 'NONE', #667, .T. ) ;
#763 = FACE_OUTER_BOUND ( 'NONE', #746, .T. ) ;
#764 = EDGE_CURVE ( 'NONE', #3746, #4215, #1743, .T. ) ;
#765 = DIRECTION ( 'NONE',  ( -0.000000000000000000, -1.000000000000000000, -0.000000000000000000 ) ) ;
#766 = VECTOR ( 'NONE', #7056, 1000.000000000000000 ) ;
#767 = DIRECTION ( 'NONE',  ( -1.000000000000000000, -0.000000000000000000, 1.586032892321652236E-16 ) ) ;
#768 = CARTESIAN_POINT ( 'NONE',  ( 244.3723274843506204, 21.76143341828067435, -565.1311420861527495 ) ) ;
#769 = ORIENTED_EDGE ( 'NONE', *, *, #6300, .F. ) ;
#770 = CALENDAR_DATE ( 2026, 24, 3 ) ;
#771 = CARTESIAN_POINT ( 'NONE',  ( 177.4999999999999147, -20.85786437626908452, -562.5000000000002274 ) ) ;
#772 = DIRECTION ( 'NONE',  ( 0.000000000000000000, 0.000000000000000000, 1.000000000000000000 ) ) ;
#773 = ORIENTED_EDGE ( 'NONE', *, *, #4005, .T. ) ;
#774 = EDGE_LOOP ( 'NONE', ( #2584, #6668, #1264, #3625, #3871, #1931, #1347 ) ) ;
#775 = LINE ( 'NONE', #2941, #2155 ) ;
#776 = ORIENTED_EDGE ( 'NONE', *, *, #5899, .F. ) ;
#777 = DIRECTION ( 'NONE',  ( -7.690840992182485042E-23, -4.235164736271500755E-22, 1.000000000000000000 ) ) ;
#778 = PRODUCT_DEFINITION_SHAPE ( 'NONE', 'NONE',  #1585 ) ;
#779 = AXIS2_PLACEMENT_3D ( 'NONE', #114, #2312, #4487 ) ;
#780 = CARTESIAN_POINT ( 'NONE',  ( 48.50000000000023448, 5.000000000000896172, -425.0000000000001705 ) ) ;
#781 = VERTEX_POINT ( 'NONE', #2132 ) ;
#782 = DIRECTION ( 'NONE',  ( 0.000000000000000000, 0.000000000000000000, 1.000000000000000000 ) ) ;
#783 = ORIENTED_EDGE ( 'NONE', *, *, #5461, .F. ) ;
#784 = EDGE_CURVE ( 'NONE', #5335, #761, #5953, .T. ) ;
#785 = DIRECTION ( 'NONE',  ( -1.000000000000000000, 3.469446951953611033E-15, 0.000000000000000000 ) ) ;
#786 = CARTESIAN_POINT ( 'NONE',  ( 350.0000000000000000, -14.99999999999988809, -634.5000000000002274 ) ) ;
#787 = DIRECTION ( 'NONE',  ( -1.000000000000000000, 0.000000000000000000, 7.690840992182485042E-23 ) ) ;
#788 = DIRECTION ( 'NONE',  ( -0.000000000000000000, 1.000000000000000000, -0.000000000000000000 ) ) ;
#789 = CARTESIAN_POINT ( 'NONE',  ( -72.99999999999845102, 5.000000000000254019, -224.5000000000003695 ) ) ;
#790 = ORIENTED_EDGE ( 'NONE', *, *, #3185, .F. ) ;
#791 = DIRECTION ( 'NONE',  ( 0.000000000000000000, 0.000000000000000000, 1.000000000000000000 ) ) ;
#792 = CYLINDRICAL_SURFACE ( 'NONE', #38, 10.00000000000000888 ) ;
#793 = ORIENTED_EDGE ( 'NONE', *, *, #3828, .F. ) ;
#794 = EDGE_CURVE ( 'NONE', #5654, #728, #4373, .T. ) ;
#795 = DIRECTION ( 'NONE',  ( -1.000000000000000000, 0.000000000000000000, 0.000000000000000000 ) ) ;
#796 = CARTESIAN_POINT ( 'NONE',  ( -182.8873915117709146, -20.28409637421239964, -35.99756307499357177 ) ) ;
#797 = EDGE_CURVE ( 'NONE', #4315, #226, #4828, .T. ) ;
#798 = CARTESIAN_POINT ( 'NONE',  ( -1.977584762613388179E-13, 5.000000000001121769, -219.9999999999995737 ) ) ;
#799 = EDGE_CURVE ( 'NONE', #6713, #3385, #5154, .T. ) ;
#800 = VERTEX_POINT ( 'NONE', #2722 ) ;
#801 = CARTESIAN_POINT ( 'NONE',  ( 243.6791422293264304, 21.90400402828986870, -565.2654308640092040 ) ) ;
#802 = EDGE_CURVE ( 'NONE', #559, #341, #4027, .T. ) ;
#803 = EDGE_LOOP ( 'NONE', ( #4190, #3530, #6579, #3054 ) ) ;
#804 = PERSON_AND_ORGANIZATION ( #3381, #1066 ) ;
#805 = EDGE_CURVE ( 'NONE', #4422, #2902, #3907, .T. ) ;
#806 = CYLINDRICAL_SURFACE ( 'NONE', #4803, 4.500000000000003553 ) ;
#807 = CARTESIAN_POINT ( 'NONE',  ( 215.0000000000000568, 24.99999999999850431, -3.300000000000108180 ) ) ;
#808 = ORIENTED_EDGE ( 'NONE', *, *, #481, .T. ) ;
#809 = CARTESIAN_POINT ( 'NONE',  ( 0.000000000000000000, 5.000000000000000888, -600.0000000000001137 ) ) ;
#810 = EDGE_LOOP ( 'NONE', ( #2438, #5326, #6397, #6687 ) ) ;
#811 = LINE ( 'NONE', #5236, #2548 ) ;
#812 = FACE_OUTER_BOUND ( 'NONE', #814, .T. ) ;
#813 = CIRCLE ( 'NONE', #2073, 3.300000000000025135 ) ;
#814 = EDGE_LOOP ( 'NONE', ( #2643, #4823, #5949, #5163 ) ) ;
#815 = CARTESIAN_POINT ( 'NONE',  ( -180.8819808274460001, -17.32663071661654897, -562.7644884280434781 ) ) ;
#816 = VERTEX_POINT ( 'NONE', #1110 ) ;
#817 = ORIENTED_EDGE ( 'NONE', *, *, #3678, .F. ) ;
#818 = CYLINDRICAL_SURFACE ( 'NONE', #3934, 20.00000000000000000 ) ;
#819 = VECTOR ( 'NONE', #263, 1000.000000000000000 ) ;
#820 = DIRECTION ( 'NONE',  ( 0.000000000000000000, 0.000000000000000000, 1.000000000000000000 ) ) ;
#821 = CARTESIAN_POINT ( 'NONE',  ( 250.0000000000000000, 15.00000000000012790, -34.49999999999995026 ) ) ;
#822 = LINE ( 'NONE', #789, #850 ) ;
#823 = CIRCLE ( 'NONE', #3448, 4.500000000000003553 ) ;
#824 = EDGE_LOOP ( 'NONE', ( #4413, #4091, #2761, #1840 ) ) ;
#825 = CARTESIAN_POINT ( 'NONE',  ( 250.0000000000000000, -15.00000000000013856, 37.49999999999995026 ) ) ;
#826 = DIRECTION ( 'NONE',  ( 0.000000000000000000, 0.000000000000000000, 1.000000000000000000 ) ) ;
#827 = EDGE_LOOP ( 'NONE', ( #1568, #1359, #2574, #6099 ) ) ;
#828 = VECTOR ( 'NONE', #6817, 1000.000000000000000 ) ;
#829 = CARTESIAN_POINT ( 'NONE',  ( -1.705522753754266706E-13, 5.000000000000000888, -288.5000000000001137 ) ) ;
#830 = VECTOR ( 'NONE', #5647, 1000.000000000000000 ) ;
#831 = CYLINDRICAL_SURFACE ( 'NONE', #6742, 9.999999999999980460 ) ;
#832 = CYLINDRICAL_SURFACE ( 'NONE', #2242, 10.00000000000000533 ) ;
#833 = B_SPLINE_CURVE_WITH_KNOTS ( 'NONE', 3,
 ( #2478, #2535, #6291, #865, #350, #4657, #4714, #1949, #4118, #3583, #2353, #5013, #2870, #6169, #3344, #2288, #4533, #1787, #3883, #2805, #89, #6651 ),
 .UNSPECIFIED., .F., .F.,
 ( 4, 2, 2, 2, 2, 2, 2, 2, 2, 2, 4 ),
 ( 2.477255580649230605E-16, 0.001421279481378204344, 0.002842558962756161055, 0.004263838444134118201, 0.005685117925512074913, 0.007106397406890031625, 0.008527676888267988337, 0.009238316628956961055, 0.009948956369645933773, 0.01065959611033490823, 0.01137023585102388094 ),
 .UNSPECIFIED. ) ;
#834 = VECTOR ( 'NONE', #6803, 1000.000000000000000 ) ;
#835 = CARTESIAN_POINT ( 'NONE',  ( -242.5000000000000853, -22.00000000000165201, -34.64142842854111848 ) ) ;
#836 =( BOUNDED_CURVE ( )  B_SPLINE_CURVE ( 3, ( #5814, #2628, #5889, #952 ),
 .UNSPECIFIED., .F., .T. ) 
 B_SPLINE_CURVE_WITH_KNOTS ( ( 4, 4 ),
 ( 3.141592653589780237, 4.712388980384695003 ),
 .UNSPECIFIED. ) 
 CURVE ( )  GEOMETRIC_REPRESENTATION_ITEM ( )  RATIONAL_B_SPLINE_CURVE ( ( 1.000000000000000000, 0.8047378541243608296, 0.8047378541243608296, 1.000000000000000000 ) ) 
 REPRESENTATION_ITEM ( '' )  );
#837 = VERTEX_POINT ( 'NONE', #3293 ) ;
#838 = DATE_AND_TIME ( #3595, #4391 ) ;
#839 = ADVANCED_FACE ( 'NONE', ( #581 ), #2246, .T. ) ;
#840 = AXIS2_PLACEMENT_3D ( 'NONE', #306, #4176, #2593 ) ;
#841 = CARTESIAN_POINT ( 'NONE',  ( -350.0000000000000000, 15.00000000000010303, -627.5000000000000000 ) ) ;
#842 = CARTESIAN_POINT ( 'NONE',  ( 262.4748737341427614, 4.999999999999088729, -262.4748737341441824 ) ) ;
#843 = CC_DESIGN_PERSON_AND_ORGANIZATION_ASSIGNMENT ( #5365, #443, ( #1549 ) ) ;
#844 = EDGE_CURVE ( 'NONE', #6887, #4069, #6959, .T. ) ;
#845 = ORIENTED_EDGE ( 'NONE', *, *, #3896, .T. ) ;
#846 = DIRECTION ( 'NONE',  ( 0.000000000000000000, -1.000000000000000000, 0.000000000000000000 ) ) ;
#847 = VECTOR ( 'NONE', #3902, 1000.000000000000000 ) ;
#848 = ORIENTED_EDGE ( 'NONE', *, *, #5688, .F. ) ;
#849 = DIRECTION ( 'NONE',  ( 0.000000000000000000, 0.000000000000000000, -1.000000000000000000 ) ) ;
#850 = VECTOR ( 'NONE', #3546, 1000.000000000000000 ) ;
#851 = AXIS2_PLACEMENT_3D ( 'NONE', #380, #6285, #2499 ) ;
#852 = EDGE_CURVE ( 'NONE', #6765, #5102, #3908, .T. ) ;
#853 = VERTEX_POINT ( 'NONE', #1777 ) ;
#854 = CARTESIAN_POINT ( 'NONE',  ( 214.9999999999999432, 5.000000000000000888, -599.9999999999998863 ) ) ;
#855 = VERTEX_POINT ( 'NONE', #190 ) ;
#856 = ORIENTED_EDGE ( 'NONE', *, *, #5404, .F. ) ;
#857 = DIRECTION ( 'NONE',  ( -1.000000000000000000, 0.000000000000000000, 0.000000000000000000 ) ) ;
#858 = APPROVAL_PERSON_ORGANIZATION ( #1623, #4326, #4235 ) ;
#859 = LINE ( 'NONE', #286, #3338 ) ;
#860 = LINE ( 'NONE', #6224, #5774 ) ;
#861 = DIRECTION ( 'NONE',  ( 0.000000000000000000, 0.000000000000000000, 1.000000000000000000 ) ) ;
#862 = CIRCLE ( 'NONE', #1553, 7.000000000000002665 ) ;
#863 = APPROVAL_PERSON_ORGANIZATION ( #52, #4851, #3299 ) ;
#864 = VERTEX_POINT ( 'NONE', #5005 ) ;
#865 = CARTESIAN_POINT ( 'NONE',  ( -180.7389173654359524, 16.87319825676983598, -37.33399981456577166 ) ) ;
#866 = CARTESIAN_POINT ( 'NONE',  ( -51.61879502661898300, 5.000000000000181188, -271.6187950266201483 ) ) ;
#867 = EDGE_LOOP ( 'NONE', ( #987, #5393, #5011, #1998 ) ) ;
#868 = DIRECTION ( 'NONE',  ( 0.000000000000000000, 0.000000000000000000, 1.000000000000000000 ) ) ;
#869 = CARTESIAN_POINT ( 'NONE',  ( 248.8432927912456876, 17.96920520994975590, -562.9484147495078332 ) ) ;
#870 = ORIENTED_EDGE ( 'NONE', *, *, #442, .F. ) ;
#871 = MECHANICAL_CONTEXT ( 'NONE', #157, 'mechanical' ) ;
#872 = VECTOR ( 'NONE', #6569, 1000.000000000000000 ) ;
#873 = LINE ( 'NONE', #3114, #6405 ) ;
#874 = PLANE ( 'NONE',  #1905 ) ;
#875 = ORIENTED_EDGE ( 'NONE', *, *, #398, .T. ) ;
#876 = CARTESIAN_POINT ( 'NONE',  ( 31.81980515339411042, 0.000000000000000000, -488.1801948465837881 ) ) ;
#877 = ORIENTED_EDGE ( 'NONE', *, *, #343, .F. ) ;
#878 = DIRECTION ( 'NONE',  ( -1.000000000000000000, 3.469446951947220866E-15, 0.000000000000000000 ) ) ;
#879 = EDGE_CURVE ( 'NONE', #5480, #5235, #5496, .T. ) ;
#880 = AXIS2_PLACEMENT_3D ( 'NONE', #1310, #1449, #1853 ) ;
#881 = CYLINDRICAL_SURFACE ( 'NONE', #4694, 7.000000000000006217 ) ;
#882 = CARTESIAN_POINT ( 'NONE',  ( -187.4999999999998863, 24.99999999999991473, -572.5000000000000000 ) ) ;
#884 = ADVANCED_FACE ( 'NONE', ( #154, #5511, #1700, #4971 ), #2278, .F. ) ;
#883 = EDGE_LOOP ( 'NONE', ( #5830, #2977, #279, #6993 ) ) ;
#885 = CARTESIAN_POINT ( 'NONE',  ( -180.7389173654359240, -16.87319825676970098, -562.6660001854343136 ) ) ;
#886 = EDGE_CURVE ( 'NONE', #2497, #2803, #2931, .T. ) ;
#887 = EDGE_LOOP ( 'NONE', ( #776, #6643, #1773, #6790 ) ) ;
#888 = DIRECTION ( 'NONE',  ( -3.469446951953614978E-15, -1.000000000000000000, -0.000000000000000000 ) ) ;
#889 = EDGE_CURVE ( 'NONE', #2401, #5852, #2636, .T. ) ;
#890 = AXIS2_PLACEMENT_3D ( 'NONE', #5877, #2096, #2033 ) ;
#891 = CARTESIAN_POINT ( 'NONE',  ( 112.9999999999999289, -2.380040609040179334E-12, -407.0000000000002842 ) ) ;
#892 = ORIENTED_EDGE ( 'NONE', *, *, #2440, .F. ) ;
#893 = FACE_OUTER_BOUND ( 'NONE', #6432, .T. ) ;
#894 = AXIS2_PLACEMENT_3D ( 'NONE', #431, #5295, #6339 ) ;
#895 = DIRECTION ( 'NONE',  ( 0.000000000000000000, 0.000000000000000000, 1.000000000000000000 ) ) ;
#896 = DIRECTION ( 'NONE',  ( 0.000000000000000000, 0.000000000000000000, 1.000000000000000000 ) ) ;
#897 = FACE_OUTER_BOUND ( 'NONE', #5547, .T. ) ;
#898 = ORIENTED_EDGE ( 'NONE', *, *, #3255, .F. ) ;
#899 = LINE ( 'NONE', #5327, #2587 ) ;
#900 = CARTESIAN_POINT ( 'NONE',  ( 262.4748737341427614, 0.000000000000000000, -262.4748737341441824 ) ) ;
#901 = ORIENTED_EDGE ( 'NONE', *, *, #6575, .F. ) ;
#902 = COORDINATED_UNIVERSAL_TIME_OFFSET ( 8, 0, .AHEAD. ) ;
#903 = FACE_OUTER_BOUND ( 'NONE', #5586, .T. ) ;
#904 = CARTESIAN_POINT ( 'NONE',  ( 250.0000000000000000, 15.00000000000010303, -27.49999999999994316 ) ) ;
#905 = AXIS2_PLACEMENT_3D ( 'NONE', #5900, #5329, #1554 ) ;
#906 = ORIENTED_EDGE ( 'NONE', *, *, #5720, .F. ) ;
#907 = CARTESIAN_POINT ( 'NONE',  ( -249.4876017348490223, -15.48036715287434362, -562.5086903598034951 ) ) ;
#908 = ORIENTED_EDGE ( 'NONE', *, *, #4845, .F. ) ;
#909 = CARTESIAN_POINT ( 'NONE',  ( 250.0000000000000000, 14.99999999999987743, 37.50000000000006395 ) ) ;
#910 = PLANE ( 'NONE',  #5952 ) ;
#911 = ORIENTED_EDGE ( 'NONE', *, *, #6812, .T. ) ;
#912 = CARTESIAN_POINT ( 'NONE',  ( -184.3488785678057980, -21.26695770379885531, -564.7039382073336355 ) ) ;
#913 = EDGE_CURVE ( 'NONE', #2251, #1707, #6605, .T. ) ;
#914 = ORIENTED_EDGE ( 'NONE', *, *, #6843, .F. ) ;
#915 = EDGE_CURVE ( 'NONE', #4529, #6580, #3948, .T. ) ;
#916 = VERTEX_POINT ( 'NONE', #1220 ) ;
#917 = FACE_OUTER_BOUND ( 'NONE', #6611, .T. ) ;
#918 = CARTESIAN_POINT ( 'NONE',  ( -214.9999999999998863, 24.99999999999999289, -1.110223024625156540E-13 ) ) ;
#919 = ADVANCED_FACE ( 'NONE', ( #5085 ), #3439, .T. ) ;
#920 = ORIENTED_EDGE ( 'NONE', *, *, #2705, .F. ) ;
#921 = FACE_OUTER_BOUND ( 'NONE', #2855, .T. ) ;
#922 = DIRECTION ( 'NONE',  ( -1.000000000000000000, -0.000000000000000000, 1.586032892321652236E-16 ) ) ;
#923 = AXIS2_PLACEMENT_3D ( 'NONE', #6173, #703, #4954 ) ;
#924 = CARTESIAN_POINT ( 'NONE',  ( -180.5000000000000284, -15.00000000000013323, -37.50000000000003553 ) ) ;
#925 = VECTOR ( 'NONE', #986, 1000.000000000000000 ) ;
#926 = DIRECTION ( 'NONE',  ( 0.7071067811864796271, -2.452939853338316966E-15, 0.7071067811866154074 ) ) ;
#927 = ORIENTED_EDGE ( 'NONE', *, *, #6341, .F. ) ;
#928 = CYLINDRICAL_SURFACE ( 'NONE', #3133, 10.00000000000000533 ) ;
#929 = CIRCLE ( 'NONE', #4257, 7.500000000000007105 ) ;
#930 = AXIS2_PLACEMENT_3D ( 'NONE', #6159, #111, #725 ) ;
#931 = ORIENTED_EDGE ( 'NONE', *, *, #5828, .F. ) ;
#932 = CALENDAR_DATE ( 2026, 24, 3 ) ;
#933 = ADVANCED_FACE ( 'NONE', ( #763 ), #3407, .F. ) ;
#934 = FACE_OUTER_BOUND ( 'NONE', #3219, .T. ) ;
#935 = AXIS2_PLACEMENT_3D ( 'NONE', #5954, #5919, #4390 ) ;
#936 = VERTEX_POINT ( 'NONE', #6707 ) ;
#937 = DIRECTION ( 'NONE',  ( 0.000000000000000000, 0.000000000000000000, 1.000000000000000000 ) ) ;
#938 = ORIENTED_EDGE ( 'NONE', *, *, #1485, .F. ) ;
#939 = CARTESIAN_POINT ( 'NONE',  ( -249.1166520847367565, 17.33111287727454908, -37.23456492393242456 ) ) ;
#940 = CARTESIAN_POINT ( 'NONE',  ( -184.5607800188673195, 21.35710599508961138, -564.7798522210039209 ) ) ;
#941 = VECTOR ( 'NONE', #4372, 1000.000000000000000 ) ;
#942 = ORIENTED_EDGE ( 'NONE', *, *, #3176, .T. ) ;
#943 = VECTOR ( 'NONE', #2536, 1000.000000000000114 ) ;
#944 = CYLINDRICAL_SURFACE ( 'NONE', #1382, 10.00000000000000533 ) ;
#945 = ORIENTED_EDGE ( 'NONE', *, *, #6391, .F. ) ;
#946 = ORIENTED_EDGE ( 'NONE', *, *, #5646, .T. ) ;
#947 = LINE ( 'NONE', #419, #6534 ) ;
#948 = DIRECTION ( 'NONE',  ( -0.000000000000000000, 1.000000000000000000, -0.000000000000000000 ) ) ;
#949 = UNCERTAINTY_MEASURE_WITH_UNIT (LENGTH_MEASURE( 1.000000000000000082E-05 ), #5810, 'distance_accuracy_value', 'NONE');
#950 = DIRECTION ( 'NONE',  ( 0.000000000000000000, 0.000000000000000000, 1.000000000000000000 ) ) ;
#951 = AXIS2_PLACEMENT_3D ( 'NONE', #1972, #2599, #4707 ) ;
#952 = CARTESIAN_POINT ( 'NONE',  ( 242.4999999999999716, 25.00000000000011013, -27.49999999999996803 ) ) ;
#953 = EDGE_CURVE ( 'NONE', #2444, #4843, #6194, .T. ) ;
#954 = FACE_BOUND ( 'NONE', #3211, .T. ) ;
#955 = ORIENTED_EDGE ( 'NONE', *, *, #1056, .F. ) ;
#956 = EDGE_LOOP ( 'NONE', ( #6294, #3609, #2928, #2814 ) ) ;
#957 = APPROVAL_PERSON_ORGANIZATION ( #2585, #5366, #6922 ) ;
#958 = EDGE_CURVE ( 'NONE', #4144, #730, #2858, .T. ) ;
#959 = EDGE_CURVE ( 'NONE', #2935, #3995, #5121, .T. ) ;
#960 = CARTESIAN_POINT ( 'NONE',  ( -177.4999999999998579, 20.85786437626897438, -562.5000000000000000 ) ) ;
#961 = CARTESIAN_POINT ( 'NONE',  ( -177.5000000000000284, -15.00000000000014211, -599.9999999999998863 ) ) ;
#962 = EDGE_CURVE ( 'NONE', #5350, #3165, #5612, .T. ) ;
#963 = EDGE_CURVE ( 'NONE', #1961, #5988, #2203, .T. ) ;
#964 = VECTOR ( 'NONE', #5362, 1000.000000000000000 ) ;
#965 = DIRECTION ( 'NONE',  ( 3.469446951953613400E-15, 1.000000000000000000, 0.000000000000000000 ) ) ;
#966 = PERSON_AND_ORGANIZATION_ROLE ( 'design_supplier' ) ;
#967 = FACE_BOUND ( 'NONE', #3383, .T. ) ;
#968 = ORIENTED_EDGE ( 'NONE', *, *, #4012, .F. ) ;
#969 = DIRECTION ( 'NONE',  ( -0.7071067811864855113, 0.000000000000000000, -0.7071067811866095232 ) ) ;
#970 = EDGE_CURVE ( 'NONE', #3922, #1693, #1925, .T. ) ;
#971 = VECTOR ( 'NONE', #5696, 1000.000000000000000 ) ;
#972 = DIRECTION ( 'NONE',  ( -1.000000000000000000, 0.000000000000000000, 7.690840992182485042E-23 ) ) ;
#973 = ORIENTED_EDGE ( 'NONE', *, *, #6210, .T. ) ;
#974 = CALENDAR_DATE ( 2026, 24, 3 ) ;
#975 = ADVANCED_FACE ( 'NONE', ( #1362 ), #255, .F. ) ;
#976 = CARTESIAN_POINT ( 'NONE',  ( 8.831319514063479347E-14, 21.99999999999924682, -600.0000000000000000 ) ) ;
#977 =( BOUNDED_CURVE ( )  B_SPLINE_CURVE ( 3, ( #6156, #5084, #1253, #3551 ),
 .UNSPECIFIED., .F., .F. ) 
 B_SPLINE_CURVE_WITH_KNOTS ( ( 4, 4 ),
 ( 4.712388980384691450, 6.283185307179586232 ),
 .UNSPECIFIED. ) 
 CURVE ( )  GEOMETRIC_REPRESENTATION_ITEM ( )  RATIONAL_B_SPLINE_CURVE ( ( 1.000000000000000000, 0.8047378541243654926, 0.8047378541243654926, 1.000000000000000000 ) ) 
 REPRESENTATION_ITEM ( '' )  );
#978 = ORIENTED_EDGE ( 'NONE', *, *, #6541, .F. ) ;
#979 = FACE_OUTER_BOUND ( 'NONE', #6607, .T. ) ;
#980 = ORIENTED_EDGE ( 'NONE', *, *, #3865, .F. ) ;
#981 = CALENDAR_DATE ( 2026, 24, 3 ) ;
#982 = DIRECTION ( 'NONE',  ( -1.000000000000000000, 0.000000000000000000, 7.690840992182485042E-23 ) ) ;
#983 = CARTESIAN_POINT ( 'NONE',  ( -180.5985593436209058, 16.19412149417498981, -562.5688027689644741 ) ) ;
#984 = VECTOR ( 'NONE', #1070, 1000.000000000000000 ) ;
#985 = EDGE_LOOP ( 'NONE', ( #4180, #3446, #216, #1258 ) ) ;
#986 = DIRECTION ( 'NONE',  ( -7.690840992182485042E-23, -4.235164736271500755E-22, 1.000000000000000000 ) ) ;
#987 = ORIENTED_EDGE ( 'NONE', *, *, #5458, .F. ) ;
#988 = DIRECTION ( 'NONE',  ( -1.000000000000000000, -0.000000000000000000, -0.000000000000000000 ) ) ;
#989 = CARTESIAN_POINT ( 'NONE',  ( -248.9999999999999716, 5.000000000000000888, 0.000000000000000000 ) ) ;
#990 = CYLINDRICAL_SURFACE ( 'NONE', #5736, 3.300000000000025135 ) ;
#991 = FACE_OUTER_BOUND ( 'NONE', #6797, .T. ) ;
#992 = FACE_BOUND ( 'NONE', #1213, .T. ) ;
#993 = ORIENTED_EDGE ( 'NONE', *, *, #7044, .T. ) ;
#994 = CARTESIAN_POINT ( 'NONE',  ( 257.5251262658379119, 0.000000000000000000, -257.5251262657927782 ) ) ;
#995 = CARTESIAN_POINT ( 'NONE',  ( 350.0000000000000000, 25.00000000000010658, -627.5000000000000000 ) ) ;
#996 = CIRCLE ( 'NONE', #2285, 3.299999999999997158 ) ;
#997 = CYLINDRICAL_SURFACE ( 'NONE', #1513, 7.000000000000006217 ) ;
#998 = FACE_BOUND ( 'NONE', #3969, .T. ) ;
#999 = VECTOR ( 'NONE', #3986, 1000.000000000000000 ) ;
#1000 = CARTESIAN_POINT ( 'NONE',  ( 247.1126084882291138, -20.28409637421240319, -35.99756307499360730 ) ) ;
#1001 = ORIENTED_EDGE ( 'NONE', *, *, #5502, .T. ) ;
#1002 = CARTESIAN_POINT ( 'NONE',  ( -29.34493141923990933, 5.000000000000101252, -554.2946788875274251 ) ) ;
#1003 = ORIENTED_EDGE ( 'NONE', *, *, #6421, .T. ) ;
#1004 = PERSON_AND_ORGANIZATION ( #3381, #1066 ) ;
#1005 = CARTESIAN_POINT ( 'NONE',  ( 6.999999999999700684, 4.999999999999976907, -409.7500000000002842 ) ) ;
#1006 = ORIENTED_EDGE ( 'NONE', *, *, #4611, .T. ) ;
#1007 = ADVANCED_FACE ( 'NONE', ( #324 ), #5290, .T. ) ;
#1008 = CARTESIAN_POINT ( 'NONE',  ( -249.5000000000000568, -14.99999999999989164, -562.5000000000000000 ) ) ;
#1009 = EDGE_LOOP ( 'NONE', ( #1574, #2917, #2396, #4429 ) ) ;
#1010 = ITEM_DEFINED_TRANSFORMATION ( 'NONE', 'NONE', #4503,  #951 ) ;
#1011 = CARTESIAN_POINT ( 'NONE',  ( 243.4538730377757361, -21.93880767778524898, -565.2990204901881270 ) ) ;
#1012 = CARTESIAN_POINT ( 'NONE',  ( 183.9646606448248463, -21.04575189207777441, -564.5333760565722514 ) ) ;
#1013 = CARTESIAN_POINT ( 'NONE',  ( -182.8873915117707440, 20.28409637421219358, -564.0024369250062364 ) ) ;
#1014 = ORIENTED_EDGE ( 'NONE', *, *, #2969, .T. ) ;
#1015 = CARTESIAN_POINT ( 'NONE',  ( 214.9999999999999716, 5.000000000000000888, -296.7000000000001023 ) ) ;
#1016 = ORIENTED_EDGE ( 'NONE', *, *, #4722, .F. ) ;
#1017 = CARTESIAN_POINT ( 'NONE',  ( 83.33333333333339965, -165.6666666666666856, -460.8333333333333712 ) ) ;
#1018 = ORIENTED_EDGE ( 'NONE', *, *, #2501, .T. ) ;
#1019 = DIRECTION ( 'NONE',  ( -1.514161561186618626E-16, -0.03489949670249731239, -0.9993908270190958731 ) ) ;
#1020 = CARTESIAN_POINT ( 'NONE',  ( -4.715161401998124724, -19.43623556538425134, 5.000000000000004441 ) ) ;
#1021 = LINE ( 'NONE', #3195, #2979 ) ;
#1022 = CYLINDRICAL_SURFACE ( 'NONE', #1500, 10.00000000000000533 ) ;
#1023 = ORIENTED_EDGE ( 'NONE', *, *, #1384, .T. ) ;
#1024 = CARTESIAN_POINT ( 'NONE',  ( -40.26955262170125138, 5.000000000000137668, -556.7695526216789403 ) ) ;
#1025 = DIRECTION ( 'NONE',  ( 0.000000000000000000, -1.000000000000000000, -3.700743415417186364E-15 ) ) ;
#1026 = DIRECTION ( 'NONE',  ( 0.03489949670250100389, -0.9993908270190956511, 2.017494156600422140E-30 ) ) ;
#1027 = FACE_BOUND ( 'NONE', #2916, .T. ) ;
#1028 = CLOSED_SHELL ( 'NONE', ( #1501, #5702, #4928, #7022, #6231, #2171, #3578, #3772, #2413, #434, #1728, #1135, #3298, #411, #87, #5903, #1106, #6314, #3532, #1852, #618, #1092, #919, #5920, #305, #3225 ) ) ;
#1029 = CARTESIAN_POINT ( 'NONE',  ( 214.9999999999999716, -4.111294638065032814E-12, -1.110223024625156540E-13 ) ) ;
#1030 = EDGE_LOOP ( 'NONE', ( #6680, #1880, #6784, #4793 ) ) ;
#1031 = DIRECTION ( 'NONE',  ( 0.000000000000000000, -1.000000000000000000, 0.000000000000000000 ) ) ;
#1032 = DIRECTION ( 'NONE',  ( 1.000000000000000000, 0.000000000000000000, 0.000000000000000000 ) ) ;
#1033 = ORIENTED_EDGE ( 'NONE', *, *, #4985, .T. ) ;
#1034 = APPROVAL_STATUS ( 'not_yet_approved' ) ;
#1035 = AXIS2_PLACEMENT_3D ( 'NONE', #2067, #4841, #416 ) ;
#1036 = DIRECTION ( 'NONE',  ( -1.586031892476318211E-16, 3.700742850728556176E-15, -1.000000000000000000 ) ) ;
#1037 = CC_DESIGN_PERSON_AND_ORGANIZATION_ASSIGNMENT ( #1698, #687, ( #1585 ) ) ;
#1038 = ADVANCED_FACE ( 'NONE', ( #5787 ), #1883, .F. ) ;
#1039 = CIRCLE ( 'NONE', #5040, 3.299999999999993605 ) ;
#1040 = CARTESIAN_POINT ( 'NONE',  ( -242.9740840493505516, -21.98792370224573389, -565.3466766487030100 ) ) ;
#1041 = ORIENTED_EDGE ( 'NONE', *, *, #958, .F. ) ;
#1042 = ADVANCED_FACE ( 'NONE', ( #3553 ), #831, .T. ) ;
#1043 = ITEM_DEFINED_TRANSFORMATION ( 'NONE', 'NONE', #3591,  #951 ) ;
#1044 = AXIS2_PLACEMENT_3D ( 'NONE', #866, #5224, #4225 ) ;
#1045 = AXIS2_PLACEMENT_3D ( 'NONE', #4550, #6149, #6072 ) ;
#1046 = EDGE_CURVE ( 'NONE', #2618, #64, #132, .T. ) ;
#1047 = DIRECTION ( 'NONE',  ( 0.000000000000000000, 0.000000000000000000, 1.000000000000000000 ) ) ;
#1048 = ORIENTED_EDGE ( 'NONE', *, *, #4683, .T. ) ;
#1049 = DIRECTION ( 'NONE',  ( -0.000000000000000000, 1.000000000000000000, -0.000000000000000000 ) ) ;
#1050 = ORIENTED_EDGE ( 'NONE', *, *, #3989, .F. ) ;
#1051 = AXIS2_PLACEMENT_3D ( 'NONE', #6584, #4907, #1715 ) ;
#1052 = CYLINDRICAL_SURFACE ( 'NONE', #2371, 3.300000000000025135 ) ;
#1053 = CIRCLE ( 'NONE', #6973, 4.499999999999976019 ) ;
#1054 = ORIENTED_EDGE ( 'NONE', *, *, #6966, .F. ) ;
#1055 = CARTESIAN_POINT ( 'NONE',  ( 185.6312686644259600, -21.74991921826012131, -34.87883541365685858 ) ) ;
#1056 = EDGE_CURVE ( 'NONE', #2006, #57, #4362, .T. ) ;
#1057 = LINE ( 'NONE', #5922, #4491 ) ;
#1058 = CARTESIAN_POINT ( 'NONE',  ( -51.61879502661620478, -6.904199434387692236E-13, -172.8812049733832623 ) ) ;
#1059 = ORIENTED_EDGE ( 'NONE', *, *, #4260, .T. ) ;
#1060 = CARTESIAN_POINT ( 'NONE',  ( 185.6307067838109219, 21.74972241005231766, -565.1209909236566773 ) ) ;
#1061 = DIRECTION ( 'NONE',  ( 3.469446951953613400E-15, 1.000000000000000000, -0.000000000000000000 ) ) ;
#1062 = LINE ( 'NONE', #3243, #3149 ) ;
#1063 = CARTESIAN_POINT ( 'NONE',  ( 350.0000000000000000, -21.99999999999991473, -627.5000000000001137 ) ) ;
#1064 = CARTESIAN_POINT ( 'NONE',  ( -36.76955262170127270, -3.119032809806299156E-12, -483.2304473782780292 ) ) ;
#1065 = CARTESIAN_POINT ( 'NONE',  ( 185.1895825730257172, 21.62338389603929656, -34.99564535013934119 ) ) ;
#1066 = ORGANIZATION ( 'UNSPECIFIED', 'UNSPECIFIED', '' ) ;
#1067 = CARTESIAN_POINT ( 'NONE',  ( 180.4999999999998863, -14.99999999999988987, -600.0000000000000000 ) ) ;
#1068 = EDGE_CURVE ( 'NONE', #3452, #678, #4156, .T. ) ;
#1069 = ORIENTED_EDGE ( 'NONE', *, *, #5517, .T. ) ;
#1070 = DIRECTION ( 'NONE',  ( -0.000000000000000000, 1.000000000000000000, -0.000000000000000000 ) ) ;
#1071 = VERTEX_POINT ( 'NONE', #3622 ) ;
#1072 = FACE_OUTER_BOUND ( 'NONE', #600, .T. ) ;
#1073 = VERTEX_POINT ( 'NONE', #5254 ) ;
#1074 = ORGANIZATION ( 'NAUO-ORG2', 'UNSPECIFIED', 'UNSPECIFIED' ) ;
#1075 = FACE_OUTER_BOUND ( 'NONE', #3674, .T. ) ;
#1076 = EDGE_LOOP ( 'NONE', ( #6509, #1238, #2280, #2680 ) ) ;
#1077 = AXIS2_PLACEMENT_3D ( 'NONE', #573, #3839, #4966 ) ;
#1078 = DIRECTION ( 'NONE',  ( 3.469446951953613400E-15, 1.000000000000000000, 0.000000000000000000 ) ) ;
#1079 = CYLINDRICAL_SURFACE ( 'NONE', #3050, 2.749999999999974687 ) ;
#1080 = ORIENTED_EDGE ( 'NONE', *, *, #335, .F. ) ;
#1081 = PERSON_AND_ORGANIZATION_ROLE ( 'classification_officer' ) ;
#1082 = CYLINDRICAL_SURFACE ( 'NONE', #3567, 3.500000000000003109 ) ;
#1083 = ORIENTED_EDGE ( 'NONE', *, *, #4295, .F. ) ;
#1084 = AXIS2_PLACEMENT_3D ( 'NONE', #6136, #4455, #6613 ) ;
#1085 = VERTEX_POINT ( 'NONE', #355 ) ;
#1086 = AXIS2_PLACEMENT_3D ( 'NONE', #3509, #1910, #2570 ) ;
#1087 = CARTESIAN_POINT ( 'NONE',  ( -187.5000000000000568, -22.00000000000011013, -565.3585715714573325 ) ) ;
#1088 = VERTEX_POINT ( 'NONE', #5895 ) ;
#1089 = CYLINDRICAL_SURFACE ( 'NONE', #1051, 4.500000000000003553 ) ;
#1090 = VECTOR ( 'NONE', #3077, 1000.000000000000000 ) ;
#1091 = CARTESIAN_POINT ( 'NONE',  ( 28.31980515338764803, 4.999999999999902300, -488.1801948465837881 ) ) ;
#1092 = ADVANCED_FACE ( 'NONE', ( #3729 ), #7058, .T. ) ;
#1093 = DIRECTION ( 'NONE',  ( -0.000000000000000000, 1.000000000000000000, -0.000000000000000000 ) ) ;
#1094 = CARTESIAN_POINT ( 'NONE',  ( -242.5000000000000568, -24.99999999999991473, -600.0000000000000000 ) ) ;
#1095 = VERTEX_POINT ( 'NONE', #1100 ) ;
#1096 = EDGE_CURVE ( 'NONE', #6066, #5104, #4265, .T. ) ;
#1097 = CARTESIAN_POINT ( 'NONE',  ( 180.8801437516460453, 17.32212959285318021, -562.7632535564815726 ) ) ;
#1098 = CYLINDRICAL_SURFACE ( 'NONE', #2872, 2.749999999999974687 ) ;
#1099 = CYLINDRICAL_SURFACE ( 'NONE', #6094, 10.00000000000000888 ) ;
#1100 = CARTESIAN_POINT ( 'NONE',  ( -214.9999999999998863, 24.99999999999999289, -596.7000000000000455 ) ) ;
#1101 = CARTESIAN_POINT ( 'NONE',  ( 181.9726274334558127, 19.31819862575391511, -36.52848892815404724 ) ) ;
#1102 = CARTESIAN_POINT ( 'NONE',  ( 214.9999999999999432, -4.111294638065032814E-12, -596.6999999999999318 ) ) ;
#1103 = ORIENTED_EDGE ( 'NONE', *, *, #4861, .T. ) ;
#1104 = FACE_BOUND ( 'NONE', #133, .T. ) ;
#1105 = CARTESIAN_POINT ( 'NONE',  ( 250.0000000000000000, 15.00000000000010303, -27.49999999999994316 ) ) ;
#1106 = ADVANCED_FACE ( 'NONE', ( #6396 ), #997, .F. ) ;
#1107 = EDGE_LOOP ( 'NONE', ( #6736, #1757 ) ) ;
#1108 = APPROVAL_ROLE ( '' ) ;
#1109 = CARTESIAN_POINT ( 'NONE',  ( 252.4999999999998863, -20.85786437626917689, -562.5000000000002274 ) ) ;
#1110 = CARTESIAN_POINT ( 'NONE',  ( -250.0000000000000000, 15.00000000000012790, -34.49999999999995026 ) ) ;
#1111 = CIRCLE ( 'NONE', #5116, 10.00000000000000533 ) ;
#1112 = ORIENTED_EDGE ( 'NONE', *, *, #5828, .T. ) ;
#1113 = CARTESIAN_POINT ( 'NONE',  ( 0.000000000000000000, 5.000000000000000888, -1.110223024625156540E-13 ) ) ;
#1114 = ORIENTED_EDGE ( 'NONE', *, *, #6469, .F. ) ;
#1115 = COORDINATED_UNIVERSAL_TIME_OFFSET ( 8, 0, .AHEAD. ) ;
#1116 = EDGE_CURVE ( 'NONE', #5966, #5986, #6461, .T. ) ;
#1117 = CARTESIAN_POINT ( 'NONE',  ( -257.5251262658360361, -4.999999999999105604, -257.5251262658417204 ) ) ;
#1118 = VERTEX_POINT ( 'NONE', #6488 ) ;
#1119 = VERTEX_POINT ( 'NONE', #5999 ) ;
#1120 = CARTESIAN_POINT ( 'NONE',  ( 215.0000000000000568, 24.99999999999850786, -300.0000000000000568 ) ) ;
#1121 = ORIENTED_EDGE ( 'NONE', *, *, #442, .T. ) ;
#1122 =( LENGTH_UNIT ( ) NAMED_UNIT ( * ) SI_UNIT ( .MILLI., .METRE. ) );
#1123 = DIRECTION ( 'NONE',  ( 0.000000000000000000, 1.000000000000000000, 3.700743415417186364E-15 ) ) ;
#1124 = DIRECTION ( 'NONE',  ( -0.000000000000000000, 1.000000000000000000, -0.000000000000000000 ) ) ;
#1125 = DIRECTION ( 'NONE',  ( 1.000000000000000000, -3.532527189601535655E-15, -6.590949271428381056E-23 ) ) ;
#1126 = ORIENTED_EDGE ( 'NONE', *, *, #805, .F. ) ;
#1127 = ADVANCED_FACE ( 'NONE', ( #3283 ), #3168, .F. ) ;
#1128 = CARTESIAN_POINT ( 'NONE',  ( 34.29467888754850691, 0.000000000000000000, -549.3449314192168913 ) ) ;
#1129 = EDGE_LOOP ( 'NONE', ( #6021, #4477, #1173, #2732 ) ) ;
#1130 = CYLINDRICAL_SURFACE ( 'NONE', #4513, 2.749999999999974687 ) ;
#1131 = CARTESIAN_POINT ( 'NONE',  ( -262.4748737341391234, 0.000000000000000000, -262.4748737341881792 ) ) ;
#1132 = EDGE_CURVE ( 'NONE', #6145, #6869, #2123, .T. ) ;
#1133 = DIRECTION ( 'NONE',  ( 0.000000000000000000, -1.000000000000000000, 0.000000000000000000 ) ) ;
#1134 = CARTESIAN_POINT ( 'NONE',  ( -214.9999999999999716, 5.000000000000000888, -600.0000000000001137 ) ) ;
#1135 = ADVANCED_FACE ( 'NONE', ( #1578 ), #3759, .T. ) ;
#1136 = CARTESIAN_POINT ( 'NONE',  ( 181.2584761680793690, 18.17725335865660341, -36.98418241366677961 ) ) ;
#1137 = CARTESIAN_POINT ( 'NONE',  ( -36.76955262170127270, -3.119032809806299156E-12, -483.2304473782780292 ) ) ;
#1138 = FACE_BOUND ( 'NONE', #6981, .T. ) ;
#1139 = DIRECTION ( 'NONE',  ( 0.000000000000000000, 0.000000000000000000, 1.000000000000000000 ) ) ;
#1140 = ORIENTED_EDGE ( 'NONE', *, *, #1389, .T. ) ;
#1141 = DATE_AND_TIME ( #550, #2004 ) ;
#1142 = PLANE ( 'NONE',  #4048 ) ;
#1143 = CARTESIAN_POINT ( 'NONE',  ( -185.1895825730257741, -21.62338389603931432, -34.99564535013917776 ) ) ;
#1144 = CIRCLE ( 'NONE', #4017, 4.500000000000003553 ) ;
#1145 = EDGE_CURVE ( 'NONE', #4422, #4603, #5928, .T. ) ;
#1146 = CARTESIAN_POINT ( 'NONE',  ( 243.6866722909199439, -21.90263348841677171, -565.2641270132621685 ) ) ;
#1147 = ORIENTED_EDGE ( 'NONE', *, *, #86, .F. ) ;
#1148 = CARTESIAN_POINT ( 'NONE',  ( -5.323405580416803250E-13, -4.229255834431455696E-12, -519.9999999999785132 ) ) ;
#1149 = CARTESIAN_POINT ( 'NONE',  ( -250.0000000000000000, -14.99999999999987743, -37.50000000000006395 ) ) ;
#1150 = AXIS2_PLACEMENT_3D ( 'NONE', #4728, #5695, #5300 ) ;
#1151 = ORIENTED_EDGE ( 'NONE', *, *, #3169, .F. ) ;
#1152 = VECTOR ( 'NONE', #5739, 1000.000000000000114 ) ;
#1153 = AXIS2_PLACEMENT_3D ( 'NONE', #1735, #5579, #4016 ) ;
#1154 = ORIENTED_EDGE ( 'NONE', *, *, #5789, .T. ) ;
#1155 = ORIENTED_EDGE ( 'NONE', *, *, #2572, .T. ) ;
#1156 = CYLINDRICAL_SURFACE ( 'NONE', #5095, 6.250000000000005329 ) ;
#1157 = ORIENTED_EDGE ( 'NONE', *, *, #5725, .T. ) ;
#1158 = CARTESIAN_POINT ( 'NONE',  ( 242.4999999999998863, -25.00000000000011013, -599.9999999999998863 ) ) ;
#1159 = FACE_OUTER_BOUND ( 'NONE', #2354, .T. ) ;
#1160 = PLANE ( 'NONE',  #4138 ) ;
#1161 = AXIS2_PLACEMENT_3D ( 'NONE', #6875, #2600, #2042 ) ;
#1162 = ORIENTED_EDGE ( 'NONE', *, *, #53, .T. ) ;
#1163 = AXIS2_PLACEMENT_3D ( 'NONE', #1326, #1386, #2994 ) ;
#1164 = CARTESIAN_POINT ( 'NONE',  ( -249.9999999999999716, 4.000000000000000000, 27.49999999999992184 ) ) ;
#1165 = ORIENTED_EDGE ( 'NONE', *, *, #1577, .T. ) ;
#1166 = CARTESIAN_POINT ( 'NONE',  ( 350.0000000000000000, 15.00000000000013856, -637.5000000000001137 ) ) ;
#1167 = CARTESIAN_POINT ( 'NONE',  ( 250.0000000000000000, 14.99999999999988809, 34.50000000000004974 ) ) ;
#1168 = CIRCLE ( 'NONE', #5627, 10.00000000000000888 ) ;
#1169 = DIRECTION ( 'NONE',  ( 0.000000000000000000, 0.000000000000000000, -1.000000000000000000 ) ) ;
#1170 = CARTESIAN_POINT ( 'NONE',  ( 187.0259159506493347, 21.98792370224590087, -34.65332335129700425 ) ) ;
#1171 = CARTESIAN_POINT ( 'NONE',  ( 1.270641034760808889E-12, 5.000000000000000888, -147.0000000000020748 ) ) ;
#1172 = EDGE_CURVE ( 'NONE', #4109, #2095, #5964, .T. ) ;
#1173 = ORIENTED_EDGE ( 'NONE', *, *, #6893, .F. ) ;
#1174 = AXIS2_PLACEMENT_3D ( 'NONE', #1690, #6629, #1761 ) ;
#1175 = DIRECTION ( 'NONE',  ( -1.158639454543361089E-30, 1.912833620765402649E-30, -1.000000000000000000 ) ) ;
#1176 = VECTOR ( 'NONE', #684, 1000.000000000000000 ) ;
#1177 = CARTESIAN_POINT ( 'NONE',  ( 250.0000000000000000, 25.00000000000010658, -27.49999999999991118 ) ) ;
#1178 = EDGE_LOOP ( 'NONE', ( #3493, #6777, #6320, #6914 ) ) ;
#1179 = CALENDAR_DATE ( 2026, 24, 3 ) ;
#1180 = EDGE_CURVE ( 'NONE', #695, #4340, #6414, .T. ) ;
#1181 = CARTESIAN_POINT ( 'NONE',  ( 51.61879502661831509, -1.047772979489991485E-12, -168.3812049733842855 ) ) ;
#1182 = DIRECTION ( 'NONE',  ( -0.000000000000000000, -3.532527805625498298E-15, 1.000000000000000000 ) ) ;
#1183 = AXIS2_PLACEMENT_3D ( 'NONE', #488, #3825, #2661 ) ;
#1184 = LINE ( 'NONE', #3374, #284 ) ;
#1185 = EDGE_CURVE ( 'NONE', #6019, #519, #5730, .T. ) ;
#1186 = ORIENTED_EDGE ( 'NONE', *, *, #2218, .F. ) ;
#1187 = DIRECTION ( 'NONE',  ( 0.7071067811866135200, -2.452939853338781211E-15, -0.7071067811864815145 ) ) ;
#1188 = AXIS2_PLACEMENT_3D ( 'NONE', #1387, #348, #6289 ) ;
#1189 = LINE ( 'NONE', #5, #2826 ) ;
#1190 = LOCAL_TIME ( 2, 14, 25.00000000000000000, #3369 ) ;
#1191 = ORIENTED_EDGE ( 'NONE', *, *, #5602, .F. ) ;
#1192 = EDGE_CURVE ( 'NONE', #5565, #3922, #6917, .T. ) ;
#1193 = AXIS2_PLACEMENT_3D ( 'NONE', #5663, #6789, #4168 ) ;
#1194 = CC_DESIGN_SECURITY_CLASSIFICATION ( #4171, ( #7063 ) ) ;
#1195 = ORIENTED_EDGE ( 'NONE', *, *, #4962, .T. ) ;
#1196 = VERTEX_POINT ( 'NONE', #4226 ) ;
#1197 = DIRECTION ( 'NONE',  ( 3.469446951953613400E-15, 1.000000000000000000, -0.000000000000000000 ) ) ;
#1198 = VERTEX_POINT ( 'NONE', #3204 ) ;
#1199 = PERSON_AND_ORGANIZATION ( #3381, #1066 ) ;
#1200 = CARTESIAN_POINT ( 'NONE',  ( 1.271192125820425210E-12, 5.000000000000000888, -151.5000000000020464 ) ) ;
#1201 = CYLINDRICAL_SURFACE ( 'NONE', #2215, 3.299999999999991385 ) ;
#1202 = AXIS2_PLACEMENT_3D ( 'NONE', #2658, #527, #4844 ) ;
#1203 = CARTESIAN_POINT ( 'NONE',  ( -249.9999999999999716, 1.000000000000000888, 27.49999999999992184 ) ) ;
#1204 = ORIENTED_EDGE ( 'NONE', *, *, #1926, .F. ) ;
#1205 =( BOUNDED_CURVE ( )  B_SPLINE_CURVE ( 3, ( #5715, #3515, #6232, #4120 ),
 .UNSPECIFIED., .F., .F. ) 
 B_SPLINE_CURVE_WITH_KNOTS ( ( 4, 4 ),
 ( 4.791541927135542075E-21, 1.570796326794888342 ),
 .UNSPECIFIED. ) 
 CURVE ( )  GEOMETRIC_REPRESENTATION_ITEM ( )  RATIONAL_B_SPLINE_CURVE ( ( 1.000000000000000000, 0.8047378541243670469, 0.8047378541243670469, 1.000000000000000000 ) ) 
 REPRESENTATION_ITEM ( '' )  );
#1206 = DIRECTION ( 'NONE',  ( -1.000000000000000000, -0.000000000000000000, -0.000000000000000000 ) ) ;
#1207 = ORIENTED_EDGE ( 'NONE', *, *, #2027, .T. ) ;
#1208 = CARTESIAN_POINT ( 'NONE',  ( 245.0269832074729663, 21.53187853182814848, -35.07283945620880417 ) ) ;
#1209 = DIRECTION ( 'NONE',  ( -0.000000000000000000, -3.532527805625498298E-15, 1.000000000000000000 ) ) ;
#1210 = EDGE_CURVE ( 'NONE', #4786, #697, #22, .T. ) ;
#1211 = CARTESIAN_POINT ( 'NONE',  ( 48.50000000000023448, 5.000000000000896172, -417.5000000000001705 ) ) ;
#1212 = DIRECTION ( 'NONE',  ( 0.000000000000000000, 0.000000000000000000, -1.000000000000000000 ) ) ;
#1213 = EDGE_LOOP ( 'NONE', ( #4624, #6354 ) ) ;
#1214 = AXIS2_PLACEMENT_3D ( 'NONE', #5905, #4307, #1558 ) ;
#1215 = LINE ( 'NONE', #3514, #6131 ) ;
#1216 = DIRECTION ( 'NONE',  ( 0.000000000000000000, 0.000000000000000000, -1.000000000000000000 ) ) ;
#1217 = VERTEX_POINT ( 'NONE', #4858 ) ;
#1218 = APPROVAL_STATUS ( 'not_yet_approved' ) ;
#1219 = CARTESIAN_POINT ( 'NONE',  ( 31.81980515339410331, -5.000000000000111910, -551.8198051533731814 ) ) ;
#1220 = CARTESIAN_POINT ( 'NONE',  ( 215.0000000000000568, 24.99999999999850786, -303.3000000000000114 ) ) ;
#1221 = ORIENTED_EDGE ( 'NONE', *, *, #2731, .T. ) ;
#1222 = CARTESIAN_POINT ( 'NONE',  ( -242.5000000000000568, 25.00000000000011013, -27.49999999999991473 ) ) ;
#1223 = CARTESIAN_POINT ( 'NONE',  ( -262.4748737341391234, 5.000000000000910383, -262.4748737341881224 ) ) ;
#1224 = FACE_OUTER_BOUND ( 'NONE', #370, .T. ) ;
#1225 = VERTEX_POINT ( 'NONE', #7025 ) ;
#1226 = ADVANCED_FACE ( 'NONE', ( #5430 ), #541, .T. ) ;
#1227 = EDGE_CURVE ( 'NONE', #1754, #2497, #6666, .T. ) ;
#1228 = ADVANCED_BREP_SHAPE_REPRESENTATION ( '', ( #6938, #951 ), #3356 ) ;
#1229 = ADVANCED_FACE ( 'NONE', ( #4008 ), #2303, .F. ) ;
#1230 = ORIENTED_EDGE ( 'NONE', *, *, #5332, .T. ) ;
#1231 = VECTOR ( 'NONE', #4832, 1000.000000000000000 ) ;
#1232 = ORIENTED_EDGE ( 'NONE', *, *, #802, .F. ) ;
#1233 = DIRECTION ( 'NONE',  ( 0.000000000000000000, 1.000000000000000000, -4.235164736271500755E-22 ) ) ;
#1234 = VERTEX_POINT ( 'NONE', #4403 ) ;
#1235 = DIRECTION ( 'NONE',  ( -0.7071067811865495711, 0.000000000000000000, -0.7071067811865455743 ) ) ;
#1236 = CARTESIAN_POINT ( 'NONE',  ( 350.0000000000000000, -14.99999999999991296, -627.5000000000001137 ) ) ;
#1237 = DIRECTION ( 'NONE',  ( 0.000000000000000000, 0.000000000000000000, 1.000000000000000000 ) ) ;
#1238 = ORIENTED_EDGE ( 'NONE', *, *, #1453, .F. ) ;
#1239 = FACE_OUTER_BOUND ( 'NONE', #5760, .T. ) ;
#1240 = VERTEX_POINT ( 'NONE', #5031 ) ;
#1241 = EDGE_LOOP ( 'NONE', ( #5133, #6505, #892, #5213 ) ) ;
#1242 = EDGE_CURVE ( 'NONE', #6058, #3267, #4998, .T. ) ;
#1243 = EDGE_CURVE ( 'NONE', #728, #864, #5506, .T. ) ;
#1244 = FACE_OUTER_BOUND ( 'NONE', #1076, .T. ) ;
#1245 = DIRECTION ( 'NONE',  ( 0.000000000000000000, 0.000000000000000000, 1.000000000000000000 ) ) ;
#1246 = DIRECTION ( 'NONE',  ( -1.000000000000000000, 0.000000000000000000, 0.000000000000000000 ) ) ;
#1247 = DIRECTION ( 'NONE',  ( -1.000000000000000000, 0.000000000000000000, 1.586033434521926015E-16 ) ) ;
#1248 = ORIENTED_EDGE ( 'NONE', *, *, #915, .T. ) ;
#1249 = DIRECTION ( 'NONE',  ( 0.000000000000000000, 1.000000000000000000, -4.235164736271500755E-22 ) ) ;
#1250 = CARTESIAN_POINT ( 'NONE',  ( -246.0395613248227278, -21.05524842271356789, -35.46400445321459927 ) ) ;
#1251 = DIRECTION ( 'NONE',  ( 3.700744544794450685E-15, 1.000000000000000000, 3.700743274245029804E-15 ) ) ;
#1252 = EDGE_LOOP ( 'NONE', ( #6, #4874, #3777, #5906 ) ) ;
#1253 = CARTESIAN_POINT ( 'NONE',  ( 252.5000000000000568, 20.85786437626895662, -562.5000000000001137 ) ) ;
#1254 = CARTESIAN_POINT ( 'NONE',  ( -214.9999999999998863, 24.99999999999999289, -600.0000000000000000 ) ) ;
#1255 = DIRECTION ( 'NONE',  ( -0.000000000000000000, 1.000000000000000000, -0.000000000000000000 ) ) ;
#1256 = DIRECTION ( 'NONE',  ( -7.690840992182485042E-23, -4.235164736271500755E-22, 1.000000000000000000 ) ) ;
#1257 = CARTESIAN_POINT ( 'NONE',  ( 0.000000000000000000, -4.111294638065032814E-12, -600.0000000000001137 ) ) ;
#1258 = ORIENTED_EDGE ( 'NONE', *, *, #4359, .T. ) ;
#1259 = EDGE_CURVE ( 'NONE', #13, #5210, #3937, .T. ) ;
#1260 = EDGE_CURVE ( 'NONE', #5083, #2715, #3804, .T. ) ;
#1261 = PLANE ( 'NONE',  #61 ) ;
#1262 = ORIENTED_EDGE ( 'NONE', *, *, #5360, .T. ) ;
#1263 = VERTEX_POINT ( 'NONE', #3869 ) ;
#1264 = ORIENTED_EDGE ( 'NONE', *, *, #4036, .T. ) ;
#1265 = EDGE_CURVE ( 'NONE', #5022, #750, #2271, .T. ) ;
#1266 = CARTESIAN_POINT ( 'NONE',  ( 187.5000000000000284, 21.99999999999988631, -34.64142842854295168 ) ) ;
#1267 = ORIENTED_EDGE ( 'NONE', *, *, #2511, .T. ) ;
#1268 = CARTESIAN_POINT ( 'NONE',  ( -245.6433152852922888, 21.25853891208335256, -35.30057072799804985 ) ) ;
#1269 = EDGE_CURVE ( 'NONE', #1591, #195, #680, .T. ) ;
#1270 = AXIS2_PLACEMENT_3D ( 'NONE', #4537, #6691, #3829 ) ;
#1271 = LINE ( 'NONE', #1966, #1289 ) ;
#1272 = DIRECTION ( 'NONE',  ( 3.532527189601535655E-15, 1.000000000000000000, 0.000000000000000000 ) ) ;
#1273 = ORIENTED_EDGE ( 'NONE', *, *, #1632, .T. ) ;
#1274 = CARTESIAN_POINT ( 'NONE',  ( 215.0000000000000568, 24.99999999999850786, -296.7000000000000455 ) ) ;
#1275 = EDGE_LOOP ( 'NONE', ( #3672, #5034 ) ) ;
#1276 = ORIENTED_EDGE ( 'NONE', *, *, #3985, .F. ) ;
#1277 = LINE ( 'NONE', #2918, #3010 ) ;
#1278 = CARTESIAN_POINT ( 'NONE',  ( -177.5000000000001137, -20.85786437626913425, -37.50000000000007105 ) ) ;
#1279 = EDGE_CURVE ( 'NONE', #816, #5487, #3339, .T. ) ;
#1280 = AXIS2_PLACEMENT_3D ( 'NONE', #2184, #1653, #643 ) ;
#1281 = DIRECTION ( 'NONE',  ( -7.690840992182485042E-23, -4.235164736271500755E-22, 1.000000000000000000 ) ) ;
#1282 = VECTOR ( 'NONE', #1615, 1000.000000000000000 ) ;
#1283 = DIRECTION ( 'NONE',  ( 0.000000000000000000, -3.532527805625498298E-15, 1.000000000000000000 ) ) ;
#1284 = PRODUCT_DEFINITION_SHAPE ( 'NONE', 'NONE',  #45 ) ;
#1285 = ORIENTED_EDGE ( 'NONE', *, *, #6326, .F. ) ;
#1286 = LINE ( 'NONE', #184, #6248 ) ;
#1287 = FACE_BOUND ( 'NONE', #6284, .T. ) ;
#1288 = AXIS2_PLACEMENT_3D ( 'NONE', #5137, #2919, #5110 ) ;
#1289 = VECTOR ( 'NONE', #3459, 1000.000000000000000 ) ;
#1290 = CARTESIAN_POINT ( 'NONE',  ( 177.4999999999999147, -15.00000000000002132, -562.5000000000002274 ) ) ;
#1291 = ORIENTED_EDGE ( 'NONE', *, *, #5488, .T. ) ;
#1292 = CARTESIAN_POINT ( 'NONE',  ( -51.61879502661898300, -6.904199434387692236E-13, -276.1187950266202051 ) ) ;
#1293 = CARTESIAN_POINT ( 'NONE',  ( 350.0000000000000000, 24.99999999999991118, -572.5000000000000000 ) ) ;
#1294 = DIRECTION ( 'NONE',  ( 1.000000000000000000, 0.000000000000000000, 0.000000000000000000 ) ) ;
#1295 = ADVANCED_FACE ( 'NONE', ( #6113 ), #1800, .F. ) ;
#1296 = VECTOR ( 'NONE', #4523, 1000.000000000000000 ) ;
#1297 = VECTOR ( 'NONE', #6635, 1000.000000000000000 ) ;
#1298 = VERTEX_POINT ( 'NONE', #645 ) ;
#1299 = CARTESIAN_POINT ( 'NONE',  ( 242.5000000000000568, 21.99999999999991829, -565.3585715714571052 ) ) ;
#1300 = CYLINDRICAL_SURFACE ( 'NONE', #2279, 3.299999999999969624 ) ;
#1301 = ORIENTED_EDGE ( 'NONE', *, *, #6012, .F. ) ;
#1302 = VECTOR ( 'NONE', #5494, 1000.000000000000000 ) ;
#1303 = CIRCLE ( 'NONE', #617, 3.299999999999969624 ) ;
#1304 = LINE ( 'NONE', #2030, #4067 ) ;
#1305 = EDGE_CURVE ( 'NONE', #4498, #4109, #4264, .T. ) ;
#1306 = DIRECTION ( 'NONE',  ( -0.000000000000000000, 1.000000000000000000, -0.000000000000000000 ) ) ;
#1307 = EDGE_LOOP ( 'NONE', ( #5330, #945 ) ) ;
#1308 = ORIENTED_EDGE ( 'NONE', *, *, #3673, .T. ) ;
#1309 = LOCAL_TIME ( 2, 14, 25.00000000000000000, #5436 ) ;
#1310 = CARTESIAN_POINT ( 'NONE',  ( -214.9999999999999716, -4.111294638065032814E-12, -1.110223024625156540E-13 ) ) ;
#1311 = ORIENTED_EDGE ( 'NONE', *, *, #2832, .F. ) ;
#1312 = CIRCLE ( 'NONE', #4718, 4.500000000000003553 ) ;
#1313 = PLANE ( 'NONE',  #4375 ) ;
#1314 = LINE ( 'NONE', #5703, #2865 ) ;
#1315 = ORIENTED_EDGE ( 'NONE', *, *, #4552, .F. ) ;
#1316 = CARTESIAN_POINT ( 'NONE',  ( 187.5000000000000568, 22.00000000000011013, -599.9999999999998863 ) ) ;
#1317 = VERTEX_POINT ( 'NONE', #6038 ) ;
#1318 = VECTOR ( 'NONE', #2714, 1000.000000000000000 ) ;
#1319 = EDGE_LOOP ( 'NONE', ( #5918, #6356, #6686, #1533 ) ) ;
#1320 = CARTESIAN_POINT ( 'NONE',  ( 350.0000000000000000, 15.00000000000012790, -634.5000000000001137 ) ) ;
#1321 = CARTESIAN_POINT ( 'NONE',  ( 250.0000000000000000, -21.99999999999991473, -27.50000000000007461 ) ) ;
#1322 = LINE ( 'NONE', #5644, #2453 ) ;
#1323 = EDGE_CURVE ( 'NONE', #5475, #695, #3432, .T. ) ;
#1324 = DIRECTION ( 'NONE',  ( -0.000000000000000000, 1.000000000000000000, -0.000000000000000000 ) ) ;
#1325 = ADVANCED_FACE ( 'NONE', ( #3398 ), #2850, .F. ) ;
#1326 = CARTESIAN_POINT ( 'NONE',  ( 31.81980515339412463, 4.999999999999889866, -488.1801948465837881 ) ) ;
#1327 = EDGE_CURVE ( 'NONE', #1850, #2516, #4511, .T. ) ;
#1328 = ORIENTED_EDGE ( 'NONE', *, *, #3329, .T. ) ;
#1329 = DIRECTION ( 'NONE',  ( 0.000000000000000000, 0.000000000000000000, 1.000000000000000000 ) ) ;
#1330 = AXIS2_PLACEMENT_3D ( 'NONE', #58, #6057, #3996 ) ;
#1331 = DIRECTION ( 'NONE',  ( 1.000000000000000000, 0.000000000000000000, 0.000000000000000000 ) ) ;
#1332 = EDGE_LOOP ( 'NONE', ( #3958, #4461, #2133, #5228 ) ) ;
#1333 = CARTESIAN_POINT ( 'NONE',  ( -181.5953175862389912, -18.76621790498544229, -36.76583593727422539 ) ) ;
#1334 = VECTOR ( 'NONE', #6188, 1000.000000000000000 ) ;
#1335 = ADVANCED_FACE ( 'NONE', ( #714 ), #5073, .F. ) ;
#1336 = DIRECTION ( 'NONE',  ( -0.000000000000000000, 1.000000000000000000, -0.000000000000000000 ) ) ;
#1337 = APPROVAL_DATE_TIME ( #3388, #5015 ) ;
#1338 = CARTESIAN_POINT ( 'NONE',  ( 31.81980515339413884, 4.999999999999889866, -551.8198051533731814 ) ) ;
#1339 = EDGE_LOOP ( 'NONE', ( #4584, #5583, #3297, #105 ) ) ;
#1340 = CARTESIAN_POINT ( 'NONE',  ( 48.50000000000023448, 5.000000000000896172, -425.0000000000001705 ) ) ;
#1341 = AXIS2_PLACEMENT_3D ( 'NONE', #2975, #2908, #6828 ) ;
#1342 = VERTEX_POINT ( 'NONE', #3315 ) ;
#1343 = LINE ( 'NONE', #3535, #5967 ) ;
#1344 = DIRECTION ( 'NONE',  ( -0.000000000000000000, 1.000000000000000000, -0.000000000000000000 ) ) ;
#1345 = AXIS2_PLACEMENT_3D ( 'NONE', #5832, #6961, #937 ) ;
#1346 = CYLINDRICAL_SURFACE ( 'NONE', #1978, 7.500000000000007105 ) ;
#1347 = ORIENTED_EDGE ( 'NONE', *, *, #2440, .T. ) ;
#1348 = DIRECTION ( 'NONE',  ( -1.000000000000000000, 0.000000000000000000, 1.586033343532058634E-16 ) ) ;
#1349 = EDGE_LOOP ( 'NONE', ( #4370, #1048, #281, #1276 ) ) ;
#1350 = DIRECTION ( 'NONE',  ( 3.469446951953613400E-15, 1.000000000000000000, 0.000000000000000000 ) ) ;
#1351 = FACE_OUTER_BOUND ( 'NONE', #5886, .T. ) ;
#1352 = DIRECTION ( 'NONE',  ( -0.000000000000000000, 1.000000000000000000, -0.000000000000000000 ) ) ;
#1353 = DIRECTION ( 'NONE',  ( 1.158639454543361089E-30, -1.912833620765402649E-30, 1.000000000000000000 ) ) ;
#1354 = DIRECTION ( 'NONE',  ( 0.000000000000000000, 0.000000000000000000, 1.000000000000000000 ) ) ;
#1355 = ORIENTED_EDGE ( 'NONE', *, *, #544, .F. ) ;
#1356 = CYLINDRICAL_SURFACE ( 'NONE', #1448, 7.500000000000007105 ) ;
#1357 = ADVANCED_FACE ( 'NONE', ( #755 ), #4581, .F. ) ;
#1358 = CARTESIAN_POINT ( 'NONE',  ( -246.7716045020040383, -20.56308572749099639, -35.81525571345723336 ) ) ;
#1359 = ORIENTED_EDGE ( 'NONE', *, *, #1399, .F. ) ;
#1360 = CARTESIAN_POINT ( 'NONE',  ( 177.4999999999999147, -14.99999999999988276, -37.50000000000008527 ) ) ;
#1361 = EDGE_CURVE ( 'NONE', #5356, #1240, #1750, .T. ) ;
#1362 = FACE_OUTER_BOUND ( 'NONE', #2276, .T. ) ;
#1363 = B_SPLINE_CURVE_WITH_KNOTS ( 'NONE', 3,
 ( #5838, #3085, #4804, #5342, #6967, #2561, #7041, #940, #522, #479, #4245, #5883, #1013, #3124, #6409, #2655, #3819, #2140, #4739, #1636, #5308, #983, #413, #4839, #2100, #1527 ),
 .UNSPECIFIED., .F., .F.,
 ( 4, 2, 2, 2, 2, 2, 2, 2, 2, 2, 2, 2, 4 ),
 ( 0.01137023585102420187, 0.01208014783211137921, 0.01279005981319855483, 0.01420988377537290778, 0.01491979575646017013, 0.01562970773754743248, 0.01704953169972188431, 0.01846935566189633962, 0.01917926764298358289, 0.01988917962407082962, 0.02130900358624542718, 0.02201891556733269473, 0.02272882754841995881 ),
 .UNSPECIFIED. ) ;
#1364 = DIRECTION ( 'NONE',  ( -1.000000000000000000, -0.000000000000000000, 1.586032892321652236E-16 ) ) ;
#1365 = ORIENTED_EDGE ( 'NONE', *, *, #4231, .F. ) ;
#1366 = APPROVAL_ROLE ( '' ) ;
#1367 = EDGE_CURVE ( 'NONE', #3111, #1714, #5381, .T. ) ;
#1368 = CARTESIAN_POINT ( 'NONE',  ( 28.31980515338768711, 4.999999999999902300, -551.8198051533731814 ) ) ;
#1369 = VERTEX_POINT ( 'NONE', #6225 ) ;
#1370 = DIRECTION ( 'NONE',  ( -1.586032892321652236E-16, 3.700743415417186364E-15, -1.000000000000000000 ) ) ;
#1371 = ORIENTED_EDGE ( 'NONE', *, *, #1265, .T. ) ;
#1372 = CARTESIAN_POINT ( 'NONE',  ( -248.5224925696640241, 18.57507229267730153, -36.84149415580461095 ) ) ;
#1373 = DIRECTION ( 'NONE',  ( 0.000000000000000000, 0.000000000000000000, 1.000000000000000000 ) ) ;
#1374 = CIRCLE ( 'NONE', #2414, 6.250000000000005329 ) ;
#1375 = EDGE_CURVE ( 'NONE', #3089, #3526, #2322, .T. ) ;
#1376 = CARTESIAN_POINT ( 'NONE',  ( -31.81980515339557414, -4.999999999999889866, -551.8198051533722719 ) ) ;
#1377 = EDGE_LOOP ( 'NONE', ( #5590, #3903, #5507, #4311 ) ) ;
#1378 = CARTESIAN_POINT ( 'NONE',  ( -185.1894867059228602, -21.61173914908084726, -564.9970987651852283 ) ) ;
#1379 = ORIENTED_EDGE ( 'NONE', *, *, #1946, .T. ) ;
#1380 = ORIENTED_EDGE ( 'NONE', *, *, #5020, .T. ) ;
#1381 = DIRECTION ( 'NONE',  ( -0.7071067811865520136, 0.000000000000000000, -0.7071067811865431318 ) ) ;
#1382 = AXIS2_PLACEMENT_3D ( 'NONE', #3126, #6935, #6411 ) ;
#1383 = CARTESIAN_POINT ( 'NONE',  ( -72.99999999999845102, -6.140921104957897114E-13, -220.0000000000003695 ) ) ;
#1384 = EDGE_CURVE ( 'NONE', #5501, #1729, #3545, .T. ) ;
#1385 = CARTESIAN_POINT ( 'NONE',  ( -180.5000000000000284, -15.00000000000013323, -600.0000000000000000 ) ) ;
#1386 = DIRECTION ( 'NONE',  ( 3.468980808276851749E-15, 1.000000000000000000, 5.916456789157588541E-31 ) ) ;
#1387 = CARTESIAN_POINT ( 'NONE',  ( -36.76955262170127270, -3.119032809806299156E-12, -556.7695526216789403 ) ) ;
#1388 = VECTOR ( 'NONE', #5037, 999.9999999999998863 ) ;
#1389 = EDGE_CURVE ( 'NONE', #2938, #1912, #6308, .T. ) ;
#1390 = AXIS2_PLACEMENT_3D ( 'NONE', #616, #2791, #78 ) ;
#1391 = ORIENTED_EDGE ( 'NONE', *, *, #55, .T. ) ;
#1392 = LINE ( 'NONE', #5222, #3847 ) ;
#1393 = DIRECTION ( 'NONE',  ( -1.000000000000000000, -0.000000000000000000, 1.586032892321652236E-16 ) ) ;
#1394 = LINE ( 'NONE', #961, #6515 ) ;
#1395 = VERTEX_POINT ( 'NONE', #6288 ) ;
#1396 = CIRCLE ( 'NONE', #1280, 3.299999999999997158 ) ;
#1397 = VECTOR ( 'NONE', #104, 1000.000000000000000 ) ;
#1398 = CARTESIAN_POINT ( 'NONE',  ( -72.99999999999845102, 5.000000000000254019, -220.0000000000003695 ) ) ;
#1399 = EDGE_CURVE ( 'NONE', #5118, #6434, #6630, .T. ) ;
#1400 = DIRECTION ( 'NONE',  ( -0.000000000000000000, 1.000000000000000000, -0.000000000000000000 ) ) ;
#1401 = AXIS2_PLACEMENT_3D ( 'NONE', #5178, #4254, #1535 ) ;
#1402 = VECTOR ( 'NONE', #4701, 1000.000000000000000 ) ;
#1403 = ADVANCED_FACE ( 'NONE', ( #3616 ), #3510, .T. ) ;
#1404 = CARTESIAN_POINT ( 'NONE',  ( 214.9999999999999432, 5.000000000000000888, -599.9999999999998863 ) ) ;
#1405 = ORIENTED_EDGE ( 'NONE', *, *, #5990, .T. ) ;
#1406 = CALENDAR_DATE ( 2026, 24, 3 ) ;
#1407 = VECTOR ( 'NONE', #4072, 1000.000000000000000 ) ;
#1408 = CARTESIAN_POINT ( 'NONE',  ( -51.61879502661898300, -6.904199434387692236E-13, -271.6187950266201483 ) ) ;
#1409 = DIRECTION ( 'NONE',  ( 1.000000000000000000, 0.000000000000000000, -0.000000000000000000 ) ) ;
#1410 = ORIENTED_EDGE ( 'NONE', *, *, #879, .T. ) ;
#1411 = ADVANCED_BREP_SHAPE_REPRESENTATION ( '', ( #2210, #6897, #7001, #2170, #951 ), #6878 ) ;
#1412 = EDGE_CURVE ( 'NONE', #2592, #1737, #366, .T. ) ;
#1413 = CIRCLE ( 'NONE', #1999, 3.500000000006386891 ) ;
#1414 = EDGE_LOOP ( 'NONE', ( #1041, #5607, #2615, #5141, #6388 ) ) ;
#1415 = CYLINDRICAL_SURFACE ( 'NONE', #6417, 3.500000000006449508 ) ;
#1416 = VECTOR ( 'NONE', #3793, 1000.000000000000000 ) ;
#1417 = LOCAL_TIME ( 2, 14, 25.00000000000000000, #4969 ) ;
#1418 = CYLINDRICAL_SURFACE ( 'NONE', #4252, 3.500000000006990408 ) ;
#1419 = VERTEX_POINT ( 'NONE', #821 ) ;
#1420 = LINE ( 'NONE', #2948, #356 ) ;
#1421 = ORIENTED_EDGE ( 'NONE', *, *, #5087, .T. ) ;
#1422 = EDGE_LOOP ( 'NONE', ( #4780, #4088, #769, #5343 ) ) ;
#1423 = LINE ( 'NONE', #6357, #4054 ) ;
#1424 = CARTESIAN_POINT ( 'NONE',  ( -1.705522753754266706E-13, -8.673617379884035472E-13, -288.5000000000001137 ) ) ;
#1425 = LINE ( 'NONE', #4709, #4653 ) ;
#1426 = ADVANCED_FACE ( 'NONE', ( #5182 ), #5111, .F. ) ;
#1427 = CARTESIAN_POINT ( 'NONE',  ( 187.4999999999998863, -24.99999999999991473, -600.0000000000000000 ) ) ;
#1428 = DIRECTION ( 'NONE',  ( 0.000000000000000000, -0.7071067811865475727, -0.7071067811865475727 ) ) ;
#1429 = FACE_BOUND ( 'NONE', #682, .T. ) ;
#1430 = AXIS2_PLACEMENT_3D ( 'NONE', #2384, #1306, #772 ) ;
#1431 = LOCAL_TIME ( 2, 14, 25.00000000000000000, #1847 ) ;
#1432 = ORIENTED_EDGE ( 'NONE', *, *, #764, .F. ) ;
#1433 = DIRECTION ( 'NONE',  ( -0.000000000000000000, 1.000000000000000000, -0.000000000000000000 ) ) ;
#1434 = DIRECTION ( 'NONE',  ( 3.469446951953613400E-15, 1.000000000000000000, 0.000000000000000000 ) ) ;
#1435 = CYLINDRICAL_SURFACE ( 'NONE', #2986, 3.299999999999997158 ) ;
#1436 = DIRECTION ( 'NONE',  ( -1.000000000000000000, -0.000000000000000000, -0.000000000000000000 ) ) ;
#1437 = DIRECTION ( 'NONE',  ( 0.000000000000000000, 0.000000000000000000, 1.000000000000000000 ) ) ;
#1438 = ORIENTED_EDGE ( 'NONE', *, *, #4083, .F. ) ;
#1439 = CARTESIAN_POINT ( 'NONE',  ( 39.24442635585271688, -3.361894096443052149E-12, -554.2946788875253787 ) ) ;
#1440 = CARTESIAN_POINT ( 'NONE',  ( 112.9999999999999289, -2.380040609040179334E-12, -404.2500000000003411 ) ) ;
#1441 = ORIENTED_EDGE ( 'NONE', *, *, #4934, .F. ) ;
#1442 = DATE_TIME_ROLE ( 'classification_date' ) ;
#1443 = VECTOR ( 'NONE', #5873, 1000.000000000000000 ) ;
#1444 = CARTESIAN_POINT ( 'NONE',  ( 350.0000000000000000, -21.99999999999991473, -627.5000000000001137 ) ) ;
#1445 = DIRECTION ( 'NONE',  ( -1.158639454543361089E-30, 1.912833620765402649E-30, -1.000000000000000000 ) ) ;
#1446 = EDGE_CURVE ( 'NONE', #1630, #3645, #5843, .T. ) ;
#1447 = ORIENTED_EDGE ( 'NONE', *, *, #4309, .F. ) ;
#1448 = AXIS2_PLACEMENT_3D ( 'NONE', #3548, #6116, #6778 ) ;
#1449 = DIRECTION ( 'NONE',  ( -0.000000000000000000, 1.000000000000000000, -0.000000000000000000 ) ) ;
#1450 = EDGE_CURVE ( 'NONE', #3040, #461, #2015, .T. ) ;
#1451 = ORIENTED_EDGE ( 'NONE', *, *, #3600, .T. ) ;
#1452 = DIRECTION ( 'NONE',  ( -0.000000000000000000, 1.000000000000000000, -0.000000000000000000 ) ) ;
#1453 = EDGE_CURVE ( 'NONE', #4957, #6873, #2521, .T. ) ;
#1454 = CARTESIAN_POINT ( 'NONE',  ( 185.6276725156493796, -21.76143341828069211, -565.1311420861528632 ) ) ;
#1455 = FACE_OUTER_BOUND ( 'NONE', #508, .T. ) ;
#1456 = ORIENTED_EDGE ( 'NONE', *, *, #3310, .F. ) ;
#1457 = DIRECTION ( 'NONE',  ( 0.000000000000000000, 0.000000000000000000, 1.000000000000000000 ) ) ;
#1458 = EDGE_LOOP ( 'NONE', ( #5723, #2812 ) ) ;
#1459 = VERTEX_POINT ( 'NONE', #5219 ) ;
#1460 = CARTESIAN_POINT ( 'NONE',  ( -36.76955262170125138, 5.000000000000126121, -483.2304473782780292 ) ) ;
#1461 = DESIGN_CONTEXT ( 'detailed design', #4182, 'design' ) ;
#1462 = CARTESIAN_POINT ( 'NONE',  ( 214.9999999999999716, -4.111294638065032814E-12, 3.299999999999886136 ) ) ;
#1463 = LINE ( 'NONE', #3649, #5418 ) ;
#1464 = DIRECTION ( 'NONE',  ( 1.000000000000000000, 0.000000000000000000, 0.000000000000000000 ) ) ;
#1466 = EDGE_CURVE ( 'NONE', #936, #6637, #5161, .T. ) ;
#1465 = EDGE_LOOP ( 'NONE', ( #3368, #4756, #2692, #870 ) ) ;
#1467 = CARTESIAN_POINT ( 'NONE',  ( -243.6866722909203986, -21.90263348841652657, -34.73587298673835733 ) ) ;
#1468 = CARTESIAN_POINT ( 'NONE',  ( 215.0000000000000568, 21.99999999999850075, 3.299999999999886136 ) ) ;
#1469 = DIRECTION ( 'NONE',  ( -1.000000000000000000, 0.000000000000000000, 6.780942318374154600E-23 ) ) ;
#1470 = DIRECTION ( 'NONE',  ( 0.000000000000000000, 1.000000000000000000, -4.235164736271500755E-22 ) ) ;
#1471 = ADVANCED_FACE ( 'NONE', ( #2503 ), #4682, .F. ) ;
#1472 = ORIENTED_EDGE ( 'NONE', *, *, #1279, .F. ) ;
#1473 = DIRECTION ( 'NONE',  ( -6.780942318374154600E-23, -4.235164736271500755E-22, 1.000000000000000000 ) ) ;
#1474 = EDGE_LOOP ( 'NONE', ( #6555, #2648, #300, #2124 ) ) ;
#1475 = PERSON_AND_ORGANIZATION_ROLE ( 'classification_officer' ) ;
#1476 = DIRECTION ( 'NONE',  ( 0.000000000000000000, 0.000000000000000000, 1.000000000000000000 ) ) ;
#1477 = LINE ( 'NONE', #3071, #3851 ) ;
#1478 = ORIENTED_EDGE ( 'NONE', *, *, #1776, .F. ) ;
#1479 = CYLINDRICAL_SURFACE ( 'NONE', #6148, 10.00000000000000888 ) ;
#1480 = EDGE_LOOP ( 'NONE', ( #3666, #5053, #3601, #5801 ) ) ;
#1481 = CARTESIAN_POINT ( 'NONE',  ( -187.5000000000000568, -25.00000000000011013, -599.9999999999998863 ) ) ;
#1482 = CARTESIAN_POINT ( 'NONE',  ( 181.2584761680792553, -18.17725335865633696, -563.0158175863333554 ) ) ;
#1483 = EDGE_CURVE ( 'NONE', #5104, #2803, #3760, .T. ) ;
#1484 = CARTESIAN_POINT ( 'NONE',  ( -246.7757834433384119, 20.56005637780914341, -564.1826560265602666 ) ) ;
#1485 = EDGE_CURVE ( 'NONE', #4348, #6328, #2088, .T. ) ;
#1486 = VERTEX_POINT ( 'NONE', #1537 ) ;
#1487 = CARTESIAN_POINT ( 'NONE',  ( -187.5000000000000000, -25.00000000000011013, -572.5000000000002274 ) ) ;
#1488 = EDGE_LOOP ( 'NONE', ( #3810, #6705, #2001, #4284 ) ) ;
#1489 = VERTEX_POINT ( 'NONE', #6913 ) ;
#1490 = EDGE_CURVE ( 'NONE', #5966, #1073, #836, .T. ) ;
#1491 = DIRECTION ( 'NONE',  ( -1.000000000000000000, 0.000000000000000000, 1.586033343532058634E-16 ) ) ;
#1492 = DIRECTION ( 'NONE',  ( 0.000000000000000000, 0.000000000000000000, 1.000000000000000000 ) ) ;
#1493 = VECTOR ( 'NONE', #2075, 1000.000000000000000 ) ;
#1494 = EDGE_CURVE ( 'NONE', #6829, #2444, #6073, .T. ) ;
#1495 = LINE ( 'NONE', #3722, #2094 ) ;
#1496 = FACE_OUTER_BOUND ( 'NONE', #774, .T. ) ;
#1497 = FACE_BOUND ( 'NONE', #4565, .T. ) ;
#1498 = ORIENTED_EDGE ( 'NONE', *, *, #6806, .F. ) ;
#1499 = ORIENTED_EDGE ( 'NONE', *, *, #756, .T. ) ;
#1500 = AXIS2_PLACEMENT_3D ( 'NONE', #1685, #3755, #3862 ) ;
#1501 = ADVANCED_FACE ( 'NONE', ( #2664 ), #990, .F. ) ;
#1502 = CARTESIAN_POINT ( 'NONE',  ( -243.4538730377761055, -21.93880767778501806, -34.70097950981228507 ) ) ;
#1503 = FACE_OUTER_BOUND ( 'NONE', #2684, .T. ) ;
#1504 = CIRCLE ( 'NONE', #1858, 2.749999999999974687 ) ;
#1505 = DIRECTION ( 'NONE',  ( 1.000000000000000000, 0.000000000000000000, 0.000000000000000000 ) ) ;
#1506 = CARTESIAN_POINT ( 'NONE',  ( 249.4999999999999432, -15.00000000000013145, -37.49999999999997868 ) ) ;
#1507 = LINE ( 'NONE', #6366, #6080 ) ;
#1508 = LINE ( 'NONE', #5965, #6439 ) ;
#1509 = ORIENTED_EDGE ( 'NONE', *, *, #5929, .T. ) ;
#1510 = CARTESIAN_POINT ( 'NONE',  ( 257.5251262658379119, -5.000000000000892619, -257.5251262657928351 ) ) ;
#1511 = LINE ( 'NONE', #4160, #6151 ) ;
#1512 = CIRCLE ( 'NONE', #5495, 9.999999999999932498 ) ;
#1513 = AXIS2_PLACEMENT_3D ( 'NONE', #6986, #4297, #1505 ) ;
#1514 = ORIENTED_EDGE ( 'NONE', *, *, #4939, .F. ) ;
#1515 = PERSON_AND_ORGANIZATION_ROLE ( 'design_owner' ) ;
#1516 = PLANE ( 'NONE',  #588 ) ;
#1517 = CARTESIAN_POINT ( 'NONE',  ( 250.0000000000000000, -22.00000000000014211, -34.64142842854261772 ) ) ;
#1518 = AXIS2_PLACEMENT_3D ( 'NONE', #2292, #1751, #203 ) ;
#1519 = AXIS2_PLACEMENT_3D ( 'NONE', #6809, #246, #4086 ) ;
#1520 = ORIENTED_EDGE ( 'NONE', *, *, #1046, .T. ) ;
#1521 = CARTESIAN_POINT ( 'NONE',  ( -246.7720617833546441, -20.56265927051840947, -564.1844798555075613 ) ) ;
#1522 = EDGE_CURVE ( 'NONE', #226, #6281, #1495, .T. ) ;
#1523 = VERTEX_POINT ( 'NONE', #3236 ) ;
#1524 = AXIS2_PLACEMENT_3D ( 'NONE', #2064, #6009, #2857 ) ;
#1525 = CARTESIAN_POINT ( 'NONE',  ( 10.00000000000000888, -17.32050807568877815, 5.000000000000004441 ) ) ;
#1526 = EDGE_CURVE ( 'NONE', #5741, #309, #5220, .T. ) ;
#1527 = CARTESIAN_POINT ( 'NONE',  ( -180.4999999999998863, 14.99999999999988987, -562.4999999999998863 ) ) ;
#1528 = CIRCLE ( 'NONE', #267, 3.299999999999997158 ) ;
#1529 = VERTEX_POINT ( 'NONE', #3164 ) ;
#1530 = AXIS2_PLACEMENT_3D ( 'NONE', #6816, #2442, #826 ) ;
#1531 = DIRECTION ( 'NONE',  ( -6.780942318374154600E-23, -4.235164736271500755E-22, 1.000000000000000000 ) ) ;
#1532 = ORIENTED_EDGE ( 'NONE', *, *, #886, .T. ) ;
#1533 = ORIENTED_EDGE ( 'NONE', *, *, #6431, .T. ) ;
#1534 = CARTESIAN_POINT ( 'NONE',  ( 350.0000000000000000, 14.99999999999988809, -565.5000000000000000 ) ) ;
#1535 = DIRECTION ( 'NONE',  ( -1.000000000000000000, 3.469446951953611033E-15, 0.000000000000000000 ) ) ;
#1536 = AXIS2_PLACEMENT_3D ( 'NONE', #5075, #6810, #5681 ) ;
#1537 = CARTESIAN_POINT ( 'NONE',  ( 4.041334437186265510E-16, 5.000000000000000888, -3.300000000000110845 ) ) ;
#1538 = DIRECTION ( 'NONE',  ( -1.000000000000000000, 0.000000000000000000, -1.158639454543361089E-30 ) ) ;
#1539 = PLANE ( 'NONE',  #1627 ) ;
#1540 = DIRECTION ( 'NONE',  ( 0.000000000000000000, 0.000000000000000000, 1.000000000000000000 ) ) ;
#1541 = ORIENTED_EDGE ( 'NONE', *, *, #6678, .F. ) ;
#1542 = SECURITY_CLASSIFICATION ( '', '', #261 ) ;
#1543 = DIRECTION ( 'NONE',  ( -1.000000000000000000, 3.469446951953611033E-15, 0.000000000000000000 ) ) ;
#1544 = EDGE_CURVE ( 'NONE', #686, #240, #722, .T. ) ;
#1545 = LINE ( 'NONE', #6365, #4817 ) ;
#1546 = EDGE_CURVE ( 'NONE', #7000, #4215, #5955, .T. ) ;
#1547 = AXIS2_PLACEMENT_3D ( 'NONE', #3681, #4256, #1538 ) ;
#1548 = CARTESIAN_POINT ( 'NONE',  ( -187.5000000000000568, -22.00000000000011013, -599.9999999999998863 ) ) ;
#1549 = SECURITY_CLASSIFICATION ( '', '', #4280 ) ;
#1550 = ADVANCED_FACE ( 'NONE', ( #3785 ), #3752, .F. ) ;
#1551 = CARTESIAN_POINT ( 'NONE',  ( 244.8104174269742828, -21.62338389603929656, -34.99564535013918487 ) ) ;
#1552 = ORIENTED_EDGE ( 'NONE', *, *, #1367, .F. ) ;
#1553 = AXIS2_PLACEMENT_3D ( 'NONE', #6857, #4600, #1997 ) ;
#1554 = DIRECTION ( 'NONE',  ( 0.000000000000000000, 0.000000000000000000, -1.000000000000000000 ) ) ;
#1555 = EDGE_LOOP ( 'NONE', ( #6610, #6780, #447, #3319 ) ) ;
#1556 = PERSON_AND_ORGANIZATION_ROLE ( 'classification_officer' ) ;
#1557 = CARTESIAN_POINT ( 'NONE',  ( 250.0000000000001137, -14.99999999999988276, -37.49999999999997868 ) ) ;
#1558 = DIRECTION ( 'NONE',  ( -1.000000000000000000, 0.000000000000000000, 0.000000000000000000 ) ) ;
#1559 = EDGE_LOOP ( 'NONE', ( #3494, #5014, #6517, #2008 ) ) ;
#1560 = LINE ( 'NONE', #5907, #964 ) ;
#1561 = CARTESIAN_POINT ( 'NONE',  ( -245.6433152852922319, -21.25853891208324242, -564.6994292720021349 ) ) ;
#1562 = VERTEX_POINT ( 'NONE', #2113 ) ;
#1563 = APPROVAL_DATE_TIME ( #8, #2920 ) ;
#1564 = PLANE ( 'NONE',  #6067 ) ;
#1565 = AXIS2_PLACEMENT_3D ( 'NONE', #4794, #4765, #2061 ) ;
#1566 = EDGE_LOOP ( 'NONE', ( #4052, #2589, #1992, #2258 ) ) ;
#1567 = LINE ( 'NONE', #3670, #925 ) ;
#1568 = ORIENTED_EDGE ( 'NONE', *, *, #4985, .F. ) ;
#1569 = CARTESIAN_POINT ( 'NONE',  ( -214.9999999999999716, 5.000000000000000888, -596.7000000000001592 ) ) ;
#1570 = ORIENTED_EDGE ( 'NONE', *, *, #2945, .T. ) ;
#1571 = APPROVAL_STATUS ( 'not_yet_approved' ) ;
#1572 = CARTESIAN_POINT ( 'NONE',  ( 350.0000000000000000, 14.99999999999987743, -562.5000000000000000 ) ) ;
#1573 = DIRECTION ( 'NONE',  ( -0.000000000000000000, 1.000000000000000000, -0.000000000000000000 ) ) ;
#1574 = ORIENTED_EDGE ( 'NONE', *, *, #2315, .F. ) ;
#1575 = LINE ( 'NONE', #6944, #3817 ) ;
#1576 = DIRECTION ( 'NONE',  ( 0.000000000000000000, 0.000000000000000000, 1.000000000000000000 ) ) ;
#1577 = EDGE_CURVE ( 'NONE', #1225, #3391, #4321, .T. ) ;
#1578 = FACE_OUTER_BOUND ( 'NONE', #1377, .T. ) ;
#1579 = CARTESIAN_POINT ( 'NONE',  ( 214.9999999999999716, 5.000000000000000888, -1.110223024625156540E-13 ) ) ;
#1580 = FACE_OUTER_BOUND ( 'NONE', #6120, .T. ) ;
#1581 = EDGE_LOOP ( 'NONE', ( #5815, #1033, #6031, #3634 ) ) ;
#1582 = EDGE_CURVE ( 'NONE', #6637, #5466, #1057, .T. ) ;
#1583 = FACE_OUTER_BOUND ( 'NONE', #5841, .T. ) ;
#1584 = DIRECTION ( 'NONE',  ( 1.000000000000000000, 0.000000000000000000, 0.000000000000000000 ) ) ;
#1585 = PRODUCT_DEFINITION ( 'UNKNOWN', '', #503, #1461 ) ;
#1586 = ORIENTED_EDGE ( 'NONE', *, *, #6996, .F. ) ;
#1587 = APPROVAL_DATE_TIME ( #4337, #1806 ) ;
#1588 = EDGE_CURVE ( 'NONE', #1298, #5176, #7050, .T. ) ;
#1589 = DIRECTION ( 'NONE',  ( -0.000000000000000000, 1.000000000000000000, -0.000000000000000000 ) ) ;
#1590 = DIRECTION ( 'NONE',  ( -6.780942318374154600E-23, -4.235164736271500755E-22, 1.000000000000000000 ) ) ;
#1591 = VERTEX_POINT ( 'NONE', #6513 ) ;
#1592 = CARTESIAN_POINT ( 'NONE',  ( -249.5000000000000853, -15.24086283439129552, -562.5000000000001137 ) ) ;
#1593 = ORIENTED_EDGE ( 'NONE', *, *, #5732, .F. ) ;
#1594 = B_SPLINE_CURVE_WITH_KNOTS ( 'NONE', 3,
 ( #5117, #148, #4055, #2341, #4586, #6670, #1915, #4090, #4520, #2957, #1358, #1250, #5609, #720, #6704, #3549, #1839, #1467, #1502, #6844, #5252, #5285 ),
 .UNSPECIFIED., .F., .F.,
 ( 4, 2, 2, 2, 2, 2, 2, 2, 2, 2, 4 ),
 ( 1.734723475976812333E-17, 0.001421279481378008754, 0.002842558962756000160, 0.004263838444133991566, 0.005685117925511982973, 0.007106397406889974379, 0.008527676888267965785, 0.009238316628956964524, 0.009948956369645964998, 0.01065959611033496547, 0.01137023585102396421 ),
 .UNSPECIFIED. ) ;
#1595 = EDGE_CURVE ( 'NONE', #800, #1073, #5483, .T. ) ;
#1596 = CALENDAR_DATE ( 2026, 24, 3 ) ;
#1597 = CARTESIAN_POINT ( 'NONE',  ( 246.0395613248225288, -21.05524842271384856, -564.5359955467858981 ) ) ;
#1598 = CARTESIAN_POINT ( 'NONE',  ( 214.9999999999999432, -4.111294638065032814E-12, -599.9999999999998863 ) ) ;
#1599 = ORIENTED_EDGE ( 'NONE', *, *, #3481, .T. ) ;
#1600 = DIRECTION ( 'NONE',  ( -0.000000000000000000, 1.000000000000000000, -0.000000000000000000 ) ) ;
#1601 = ORIENTED_EDGE ( 'NONE', *, *, #2315, .T. ) ;
#1602 = CARTESIAN_POINT ( 'NONE',  ( -214.9999999999999716, 5.000000000000000888, -300.0000000000001137 ) ) ;
#1603 = CLOSED_SHELL ( 'NONE', ( #6842, #4115, #6752, #7017, #5500, #3104, #4897, #5712, #2219, #4298, #4879 ) ) ;
#1604 = EDGE_LOOP ( 'NONE', ( #3687, #5775 ) ) ;
#1605 = DIRECTION ( 'NONE',  ( 1.000000000000000000, 2.031695853803520285E-16, -1.586032892321741229E-16 ) ) ;
#1606 = FACE_OUTER_BOUND ( 'NONE', #1875, .T. ) ;
#1607 = CARTESIAN_POINT ( 'NONE',  ( -242.5000000000000568, -24.99999999999992539, -27.50000000000013500 ) ) ;
#1608 = B_SPLINE_CURVE_WITH_KNOTS ( 'NONE', 3,
 ( #3773, #4796, #1040, #6929, #2553, #3181, #5363, #5940, #1561, #3706, #4871, #1521, #6500, #6441, #3740, #2651, #5908, #4735, #4207, #3636, #3153, #518, #5407, #907, #1592, #1008 ),
 .UNSPECIFIED., .F., .F.,
 ( 4, 2, 2, 2, 2, 2, 2, 2, 2, 2, 2, 2, 4 ),
 ( 0.01137023585102366584, 0.01208014783211082757, 0.01279005981319798931, 0.01420988377537239084, 0.01491979575645964451, 0.01562970773754689818, 0.01704953169972147492, 0.01846935566189605166, 0.01917926764298331921, 0.01988917962407058676, 0.02130900358624509064, 0.02201891556733233044, 0.02272882754841956676 ),
 .UNSPECIFIED. ) ;
#1609 = CARTESIAN_POINT ( 'NONE',  ( 0.000000000000000000, 5.000000000000000888, 0.000000000000000000 ) ) ;
#1610 = DIRECTION ( 'NONE',  ( -0.000000000000000000, 1.000000000000000000, -0.000000000000000000 ) ) ;
#1611 = ORIENTED_EDGE ( 'NONE', *, *, #4788, .F. ) ;
#1612 = CARTESIAN_POINT ( 'NONE',  ( 181.4729210326308362, 18.56734713249253588, -563.1555469645240919 ) ) ;
#1613 = LINE ( 'NONE', #2780, #6858 ) ;
#1614 = CARTESIAN_POINT ( 'NONE',  ( 29.34493141923927695, 0.000000000000000000, -554.2946788875291304 ) ) ;
#1615 = DIRECTION ( 'NONE',  ( -6.780942318374154600E-23, -4.235164736271500755E-22, 1.000000000000000000 ) ) ;
#1616 = CARTESIAN_POINT ( 'NONE',  ( -252.4999999999999432, 15.00000000000014033, -599.9999999999998863 ) ) ;
#1617 = VECTOR ( 'NONE', #2297, 1000.000000000000000 ) ;
#1618 = CARTESIAN_POINT ( 'NONE',  ( 243.4442342979184275, -21.94004718607108373, -34.69978178084067366 ) ) ;
#1619 = VERTEX_POINT ( 'NONE', #1716 ) ;
#1620 = FACE_OUTER_BOUND ( 'NONE', #2562, .T. ) ;
#1621 = FACE_OUTER_BOUND ( 'NONE', #5692, .T. ) ;
#1622 = ORIENTED_EDGE ( 'NONE', *, *, #2835, .T. ) ;
#1623 = PERSON_AND_ORGANIZATION ( #3381, #1066 ) ;
#1624 = VECTOR ( 'NONE', #2266, 1000.000000000000000 ) ;
#1625 = EDGE_CURVE ( 'NONE', #3311, #2095, #673, .T. ) ;
#1626 = DIRECTION ( 'NONE',  ( 0.000000000000000000, 0.000000000000000000, 1.000000000000000000 ) ) ;
#1627 = AXIS2_PLACEMENT_3D ( 'NONE', #1609, #4816, #5890 ) ;
#1628 = AXIS2_PLACEMENT_3D ( 'NONE', #1666, #3846, #6011 ) ;
#1629 = CARTESIAN_POINT ( 'NONE',  ( -214.9999999999999716, 5.000000000000000888, -600.0000000000001137 ) ) ;
#1630 = VERTEX_POINT ( 'NONE', #637 ) ;
#1631 = CONTEXT_DEPENDENT_SHAPE_REPRESENTATION ( #4549, #2044 ) ;
#1632 = EDGE_CURVE ( 'NONE', #5565, #6672, #6585, .T. ) ;
#1633 = AXIS2_PLACEMENT_3D ( 'NONE', #5493, #3357, #4296 ) ;
#1634 = VECTOR ( 'NONE', #5460, 1000.000000000000000 ) ;
#1635 = ADVANCED_FACE ( 'NONE', ( #1159 ), #1201, .F. ) ;
#1636 = CARTESIAN_POINT ( 'NONE',  ( -180.8833479152630161, 17.33111287727430039, -562.7654350760675470 ) ) ;
#1637 = VERTEX_POINT ( 'NONE', #6657 ) ;
#1638 = PLANE ( 'NONE',  #5148 ) ;
#1639 = VERTEX_POINT ( 'NONE', #3886 ) ;
#1640 = AXIS2_PLACEMENT_3D ( 'NONE', #1383, #3677, #1492 ) ;
#1641 = DIRECTION ( 'NONE',  ( -1.158639454543361089E-30, 1.912833620765402649E-30, -1.000000000000000000 ) ) ;
#1642 = AXIS2_PLACEMENT_3D ( 'NONE', #2772, #2221, #6103 ) ;
#1643 = ORIENTED_EDGE ( 'NONE', *, *, #6158, .F. ) ;
#1644 = PLANE ( 'NONE',  #6079 ) ;
#1645 = AXIS2_PLACEMENT_3D ( 'NONE', #5687, #221, #6741 ) ;
#1646 = CIRCLE ( 'NONE', #1530, 2.749999999999974687 ) ;
#1647 = DIRECTION ( 'NONE',  ( -6.780942318374154600E-23, -4.235164736271500755E-22, 1.000000000000000000 ) ) ;
#1648 = EDGE_LOOP ( 'NONE', ( #494, #3428 ) ) ;
#1649 = EDGE_CURVE ( 'NONE', #1637, #6860, #4990, .T. ) ;
#1650 = CARTESIAN_POINT ( 'NONE',  ( 180.5968530254594100, 16.18422622159990354, -562.5676161048885433 ) ) ;
#1651 = AXIS2_PLACEMENT_3D ( 'NONE', #6595, #570, #28 ) ;
#1652 = AXIS2_PLACEMENT_3D ( 'NONE', #5845, #344, #6874 ) ;
#1653 = DIRECTION ( 'NONE',  ( -0.000000000000000000, 1.000000000000000000, -0.000000000000000000 ) ) ;
#1654 = CARTESIAN_POINT ( 'NONE',  ( -250.0000000000000000, 14.99999999999987743, 37.50000000000006395 ) ) ;
#1655 = AXIS2_PLACEMENT_3D ( 'NONE', #2367, #3544, #3471 ) ;
#1656 = LOCAL_TIME ( 2, 14, 25.00000000000000000, #902 ) ;
#1657 = CARTESIAN_POINT ( 'NONE',  ( 215.0000000000000568, 21.99999999999850075, -596.7000000000000455 ) ) ;
#1658 = DIRECTION ( 'NONE',  ( -1.158639454543361089E-30, 1.912833620765402649E-30, -1.000000000000000000 ) ) ;
#1659 = DIRECTION ( 'NONE',  ( 0.000000000000000000, 0.000000000000000000, 1.000000000000000000 ) ) ;
#1660 = VERTEX_POINT ( 'NONE', #6140 ) ;
#1661 = CALENDAR_DATE ( 2026, 24, 3 ) ;
#1662 = AXIS2_PLACEMENT_3D ( 'NONE', #1918, #4592, #3554 ) ;
#1663 = DIRECTION ( 'NONE',  ( 3.700744544794450685E-15, 1.000000000000000000, 3.700742850728556176E-15 ) ) ;
#1664 = SECURITY_CLASSIFICATION ( '', '', #2207 ) ;
#1665 = AXIS2_PLACEMENT_3D ( 'NONE', #2479, #252, #2999 ) ;
#1666 = CARTESIAN_POINT ( 'NONE',  ( 250.0000000000000000, 14.99999999999991296, 27.50000000000004974 ) ) ;
#1667 = VERTEX_POINT ( 'NONE', #5593 ) ;
#1668 = CIRCLE ( 'NONE', #5532, 3.299999999999997158 ) ;
#1669 = LINE ( 'NONE', #6016, #4320 ) ;
#1670 = ORIENTED_EDGE ( 'NONE', *, *, #1526, .T. ) ;
#1671 = DATE_TIME_ROLE ( 'classification_date' ) ;
#1672 = ADVANCED_FACE ( 'NONE', ( #95 ), #6028, .F. ) ;
#1673 = ORIENTED_EDGE ( 'NONE', *, *, #1815, .T. ) ;
#1674 = CIRCLE ( 'NONE', #5662, 3.500000000006497913 ) ;
#1675 = ORIENTED_EDGE ( 'NONE', *, *, #3233, .F. ) ;
#1676 = DIRECTION ( 'NONE',  ( -0.000000000000000000, 1.000000000000000000, -0.000000000000000000 ) ) ;
#1677 = ORIENTED_EDGE ( 'NONE', *, *, #6940, .T. ) ;
#1678 = CARTESIAN_POINT ( 'NONE',  ( 0.000000000000000000, 0.000000000000000000, 0.000000000000000000 ) ) ;
#1679 = LINE ( 'NONE', #2217, #6200 ) ;
#1680 = EDGE_CURVE ( 'NONE', #4464, #3744, #2879, .T. ) ;
#1681 = CIRCLE ( 'NONE', #6791, 3.300000000000025135 ) ;
#1682 = CARTESIAN_POINT ( 'NONE',  ( -34.29467888754809479, -3.108624468950438313E-12, -559.2444263558315924 ) ) ;
#1683 = CARTESIAN_POINT ( 'NONE',  ( -36.76955262170127270, -3.119032809806299156E-12, -483.2304473782780292 ) ) ;
#1684 = ORIENTED_EDGE ( 'NONE', *, *, #3458, .F. ) ;
#1685 = CARTESIAN_POINT ( 'NONE',  ( 250.0000000000000000, 14.99999999999991296, 27.50000000000004974 ) ) ;
#1686 = EDGE_LOOP ( 'NONE', ( #5531, #3174, #1230, #3190 ) ) ;
#1687 = CARTESIAN_POINT ( 'NONE',  ( 180.5000000000000284, 15.23667853528713323, -562.4999999999998863 ) ) ;
#1688 = CARTESIAN_POINT ( 'NONE',  ( 58.21152422706635576, 30.00000000000006750, 4.999999999999893419 ) ) ;
#1689 = EDGE_CURVE ( 'NONE', #1419, #2305, #5388, .T. ) ;
#1690 = CARTESIAN_POINT ( 'NONE',  ( 242.5000000000000568, 21.99999999999991473, -599.9999999999998863 ) ) ;
#1691 = DIRECTION ( 'NONE',  ( 0.000000000000000000, 0.000000000000000000, 1.000000000000000000 ) ) ;
#1692 = DIRECTION ( 'NONE',  ( -0.000000000000000000, 1.000000000000000000, -0.000000000000000000 ) ) ;
#1693 = VERTEX_POINT ( 'NONE', #1790 ) ;
#1694 = FACE_BOUND ( 'NONE', #4999, .T. ) ;
#1695 = AXIS2_PLACEMENT_3D ( 'NONE', #332, #5203, #5234 ) ;
#1696 = CYLINDRICAL_SURFACE ( 'NONE', #2569, 3.300000000000025135 ) ;
#1697 = ORIENTED_EDGE ( 'NONE', *, *, #4738, .T. ) ;
#1698 = PERSON_AND_ORGANIZATION ( #3381, #1066 ) ;
#1699 = CARTESIAN_POINT ( 'NONE',  ( 214.9999999999999432, 5.000000000000000888, -596.6999999999999318 ) ) ;
#1700 = FACE_BOUND ( 'NONE', #4425, .T. ) ;
#1701 = AXIS2_PLACEMENT_3D ( 'NONE', #4415, #4449, #4900 ) ;
#1702 = EDGE_CURVE ( 'NONE', #545, #4529, #372, .T. ) ;
#1703 = ORIENTED_EDGE ( 'NONE', *, *, #3989, .T. ) ;
#1704 = DIRECTION ( 'NONE',  ( 0.000000000000000000, 0.000000000000000000, -1.000000000000000000 ) ) ;
#1705 = DIRECTION ( 'NONE',  ( 3.469446951953613006E-15, 1.000000000000000000, -0.000000000000000000 ) ) ;
#1706 = CARTESIAN_POINT ( 'NONE',  ( -39.24442635585407402, -3.108624468950438313E-12, -485.7053211124312497 ) ) ;
#1707 = VERTEX_POINT ( 'NONE', #1682 ) ;
#1708 = PERSON_AND_ORGANIZATION_ROLE ( 'classification_officer' ) ;
#1709 = DIRECTION ( 'NONE',  ( 0.000000000000000000, 0.000000000000000000, 1.000000000000000000 ) ) ;
#1710 = CARTESIAN_POINT ( 'NONE',  ( -248.9999999999999716, 0.000000000000000000, -627.5000000000001137 ) ) ;
#1711 = ORIENTED_EDGE ( 'NONE', *, *, #3277, .T. ) ;
#1712 = ORIENTED_EDGE ( 'NONE', *, *, #6932, .F. ) ;
#1713 = FACE_OUTER_BOUND ( 'NONE', #2942, .T. ) ;
#1714 = VERTEX_POINT ( 'NONE', #1752 ) ;
#1715 = DIRECTION ( 'NONE',  ( 0.000000000000000000, 0.000000000000000000, 1.000000000000000000 ) ) ;
#1716 = CARTESIAN_POINT ( 'NONE',  ( 39.24442635585273820, 4.999999999999862332, -554.2946788875253787 ) ) ;
#1717 = PLANE ( 'NONE',  #923 ) ;
#1718 = ORIENTED_EDGE ( 'NONE', *, *, #5420, .T. ) ;
#1719 = FACE_OUTER_BOUND ( 'NONE', #1339, .T. ) ;
#1720 = ADVANCED_FACE ( 'NONE', ( #3925 ), #4953, .F. ) ;
#1721 = ORIENTED_EDGE ( 'NONE', *, *, #2800, .T. ) ;
#1722 = CARTESIAN_POINT ( 'NONE',  ( 187.5000000000000284, 21.99999999999953815, -565.3585715714568778 ) ) ;
#1723 = CARTESIAN_POINT ( 'NONE',  ( 10.00000000000000888, -17.32050807568875328, -5.000000000000004441 ) ) ;
#1724 = DIRECTION ( 'NONE',  ( 0.000000000000000000, 1.000000000000000000, -4.235164736271500755E-22 ) ) ;
#1725 = DIRECTION ( 'NONE',  ( -7.690840992182485042E-23, -4.235164736271500755E-22, 1.000000000000000000 ) ) ;
#1726 = DIRECTION ( 'NONE',  ( 0.000000000000000000, 0.000000000000000000, 1.000000000000000000 ) ) ;
#1727 = DIRECTION ( 'NONE',  ( -0.000000000000000000, 1.000000000000000000, -0.000000000000000000 ) ) ;
#1728 = ADVANCED_FACE ( 'NONE', ( #700 ), #2357, .F. ) ;
#1729 = VERTEX_POINT ( 'NONE', #5991 ) ;
#1730 = CARTESIAN_POINT ( 'NONE',  ( -180.4999999999999147, 14.99999999999988987, -599.9999999999998863 ) ) ;
#1731 = CARTESIAN_POINT ( 'NONE',  ( 250.0000000000000000, -14.99999999999988098, -37.49999999999997868 ) ) ;
#1732 = ORIENTED_EDGE ( 'NONE', *, *, #4746, .T. ) ;
#1733 = PERSON_AND_ORGANIZATION ( #3381, #1066 ) ;
#1734 = CYLINDRICAL_SURFACE ( 'NONE', #6978, 10.00000000000000888 ) ;
#1735 = CARTESIAN_POINT ( 'NONE',  ( 350.0000000000000000, -14.99999999999987743, -637.5000000000002274 ) ) ;
#1736 = CARTESIAN_POINT ( 'NONE',  ( 248.0279326906351400, -19.31810612875707633, -563.4712187335658200 ) ) ;
#1737 = VERTEX_POINT ( 'NONE', #1091 ) ;
#1738 = LINE ( 'NONE', #3912, #3978 ) ;
#1739 = CIRCLE ( 'NONE', #5719, 4.500000000000003553 ) ;
#1740 = ORIENTED_EDGE ( 'NONE', *, *, #6767, .T. ) ;
#1741 = EDGE_CURVE ( 'NONE', #3853, #2750, #2328, .T. ) ;
#1742 = AXIS2_PLACEMENT_3D ( 'NONE', #2913, #6142, #21 ) ;
#1743 = CIRCLE ( 'NONE', #6303, 3.299999999999969624 ) ;
#1744 = CARTESIAN_POINT ( 'NONE',  ( 350.0000000000000000, 25.00000000000010658, -627.5000000000000000 ) ) ;
#1745 = ORIENTED_EDGE ( 'NONE', *, *, #6343, .F. ) ;
#1746 = ORIENTED_EDGE ( 'NONE', *, *, #5284, .F. ) ;
#1747 = LINE ( 'NONE', #3453, #6363 ) ;
#1748 = ORIENTED_EDGE ( 'NONE', *, *, #1243, .T. ) ;
#1749 = APPROVAL_STATUS ( 'not_yet_approved' ) ;
#1750 = CIRCLE ( 'NONE', #5046, 6.999999999999999112 ) ;
#1751 = DIRECTION ( 'NONE',  ( -1.000000000000000000, -0.000000000000000000, -0.000000000000000000 ) ) ;
#1752 = CARTESIAN_POINT ( 'NONE',  ( -214.9999999999998863, 21.99999999999999289, -3.300000000000108180 ) ) ;
#1753 = DIRECTION ( 'NONE',  ( -0.000000000000000000, 1.000000000000000000, -0.000000000000000000 ) ) ;
#1754 = VERTEX_POINT ( 'NONE', #276 ) ;
#1755 = AXIS2_PLACEMENT_3D ( 'NONE', #3134, #534, #5316 ) ;
#1756 = CYLINDRICAL_SURFACE ( 'NONE', #4135, 10.00000000000000888 ) ;
#1757 = ORIENTED_EDGE ( 'NONE', *, *, #4489, .T. ) ;
#1758 = CARTESIAN_POINT ( 'NONE',  ( 246.7716045020038678, 20.56308572749122376, -35.81525571345721204 ) ) ;
#1759 = DIRECTION ( 'NONE',  ( -0.000000000000000000, 1.000000000000000000, -0.000000000000000000 ) ) ;
#1760 = AXIS2_PLACEMENT_3D ( 'NONE', #4970, #77, #688 ) ;
#1761 = DIRECTION ( 'NONE',  ( 1.000000000000000000, -3.532527189601535655E-15, -7.500847945236711498E-23 ) ) ;
#1762 = ADVANCED_FACE ( 'NONE', ( #4073 ), #3024, .F. ) ;
#1763 = CARTESIAN_POINT ( 'NONE',  ( -250.0000000000000000, 15.00000000000010303, -27.49999999999994316 ) ) ;
#1764 = DIRECTION ( 'NONE',  ( -0.000000000000000000, 1.000000000000000000, -0.000000000000000000 ) ) ;
#1765 = EDGE_CURVE ( 'NONE', #2935, #5866, #4042, .T. ) ;
#1766 = ORIENTED_EDGE ( 'NONE', *, *, #4518, .F. ) ;
#1767 = AXIS2_PLACEMENT_3D ( 'NONE', #3358, #2818, #4997 ) ;
#1768 = CARTESIAN_POINT ( 'NONE',  ( -40.26955262170125138, 5.000000000000137668, -483.2304473782780292 ) ) ;
#1769 = CIRCLE ( 'NONE', #609, 7.000000000000006217 ) ;
#1770 = EDGE_CURVE ( 'NONE', #3165, #523, #2911, .T. ) ;
#1771 = EDGE_CURVE ( 'NONE', #4798, #1885, #4612, .T. ) ;
#1772 = LINE ( 'NONE', #5971, #5969 ) ;
#1773 = ORIENTED_EDGE ( 'NONE', *, *, #4845, .T. ) ;
#1774 = APPROVAL_DATE_TIME ( #152, #3377 ) ;
#1775 = DIRECTION ( 'NONE',  ( 1.000000000000000000, 0.000000000000000000, 0.000000000000000000 ) ) ;
#1776 = EDGE_CURVE ( 'NONE', #1342, #916, #6249, .T. ) ;
#1777 = CARTESIAN_POINT ( 'NONE',  ( 214.9999999999999716, 5.000000000000000888, -303.3000000000001251 ) ) ;
#1778 = CIRCLE ( 'NONE', #2554, 2.749999999999974687 ) ;
#1779 = CARTESIAN_POINT ( 'NONE',  ( 249.4508714736819570, -15.95210075985699660, -562.5345633209013840 ) ) ;
#1780 = ORIENTED_EDGE ( 'NONE', *, *, #6678, .T. ) ;
#1781 = CARTESIAN_POINT ( 'NONE',  ( 72.99999999999955946, -1.120631365481017383E-12, -220.0000000000018190 ) ) ;
#1782 = CC_DESIGN_APPROVAL ( #4124, ( #5193 ) ) ;
#1783 = ORIENTED_EDGE ( 'NONE', *, *, #19, .F. ) ;
#1784 = VECTOR ( 'NONE', #5181, 1000.000000000000000 ) ;
#1785 = ORIENTED_EDGE ( 'NONE', *, *, #2037, .T. ) ;
#1786 = ORIENTED_EDGE ( 'NONE', *, *, #5123, .T. ) ;
#1787 = CARTESIAN_POINT ( 'NONE',  ( -186.3133277090798856, 21.90263348841656921, -34.73587298673851365 ) ) ;
#1788 = ORIENTED_EDGE ( 'NONE', *, *, #2253, .T. ) ;
#1789 = CYLINDRICAL_SURFACE ( 'NONE', #1518, 7.000000000000002665 ) ;
#1790 = CARTESIAN_POINT ( 'NONE',  ( -180.5000000000000284, -15.00000000000013323, -37.50000000000003553 ) ) ;
#1791 = VECTOR ( 'NONE', #3304, 1000.000000000000000 ) ;
#1792 = DIRECTION ( 'NONE',  ( 0.000000000000000000, 0.000000000000000000, 1.000000000000000000 ) ) ;
#1793 = ORIENTED_EDGE ( 'NONE', *, *, #6186, .F. ) ;
#1794 = FACE_OUTER_BOUND ( 'NONE', #2798, .T. ) ;
#1795 = ORIENTED_EDGE ( 'NONE', *, *, #802, .T. ) ;
#1796 = ORIENTED_EDGE ( 'NONE', *, *, #1595, .F. ) ;
#1797 = CARTESIAN_POINT ( 'NONE',  ( 244.1441015217085635, 21.80819141826689034, -34.82480283474299654 ) ) ;
#1798 = CARTESIAN_POINT ( 'NONE',  ( 350.0000000000002274, -15.00000000000014388, -562.5000000000002274 ) ) ;
#1799 = DIRECTION ( 'NONE',  ( -0.000000000000000000, 1.000000000000000000, -0.000000000000000000 ) ) ;
#1800 = CYLINDRICAL_SURFACE ( 'NONE', #6516, 2.749999999999974687 ) ;
#1801 = CARTESIAN_POINT ( 'NONE',  ( 249.4384457437813865, -15.95671378532289175, -37.45699350511068815 ) ) ;
#1802 = CARTESIAN_POINT ( 'NONE',  ( 180.7428760836605477, 16.88799191860691451, -37.33127178210465047 ) ) ;
#1803 = ORIENTED_EDGE ( 'NONE', *, *, #1741, .T. ) ;
#1804 = CIRCLE ( 'NONE', #4536, 3.300000000000025135 ) ;
#1805 = LINE ( 'NONE', #4625, #4980 ) ;
#1806 = APPROVAL ( #1034, 'UNSPECIFIED' ) ;
#1807 = DIRECTION ( 'NONE',  ( 0.000000000000000000, 0.000000000000000000, -1.000000000000000000 ) ) ;
#1808 = LINE ( 'NONE', #1290, #2316 ) ;
#1809 = ORIENTED_EDGE ( 'NONE', *, *, #1625, .T. ) ;
#1810 = SECURITY_CLASSIFICATION_LEVEL ( 'unclassified' ) ;
#1811 = DIRECTION ( 'NONE',  ( -0.000000000000000000, 1.000000000000000000, -0.000000000000000000 ) ) ;
#1812 = VECTOR ( 'NONE', #1894, 1000.000000000000000 ) ;
#1813 = CARTESIAN_POINT ( 'NONE',  ( -187.5000000000000568, -22.00000000000010658, -34.64142842854267457 ) ) ;
#1814 = CARTESIAN_POINT ( 'NONE',  ( 250.0000000000000000, 4.000000000000000000, 27.49999999999992184 ) ) ;
#1815 = EDGE_CURVE ( 'NONE', #1885, #3251, #1053, .T. ) ;
#1816 = B_SPLINE_CURVE_WITH_KNOTS ( 'NONE', 3,
 ( #6723, #2946, #1862, #5673, #3053, #5238, #338, #2524, #4702, #4179, #4039, #6504, #3158, #4214, #1484, #3714, #6476, #4772, #4873, #5913, #6382, #2691, #3668, #5411, #5370, #6933 ),
 .UNSPECIFIED., .F., .F.,
 ( 4, 2, 2, 2, 2, 2, 2, 2, 2, 2, 2, 2, 4 ),
 ( 0.02273717132267091129, 0.02344626432574591426, 0.02415535732882091724, 0.02557354333497095442, 0.02628263633804594004, 0.02699172934112092914, 0.02840991534727100448, 0.02982810135342107982, 0.03053719435649609321, 0.03124628735957109965, 0.03195538036264611303, 0.03266447336572111948, 0.03408265937187120176 ),
 .UNSPECIFIED. ) ;
#1817 = CARTESIAN_POINT ( 'NONE',  ( 45.71152422706634155, 30.00000000000006750, 4.999999999999893419 ) ) ;
#1818 = ORIENTED_EDGE ( 'NONE', *, *, #1874, .T. ) ;
#1819 = APPROVAL_ROLE ( '' ) ;
#1820 = EDGE_LOOP ( 'NONE', ( #4929, #1786, #424, #6962 ) ) ;
#1821 = AXIS2_PLACEMENT_3D ( 'NONE', #3765, #972, #6466 ) ;
#1822 = EDGE_CURVE ( 'NONE', #1630, #3638, #1861, .T. ) ;
#1823 = VERTEX_POINT ( 'NONE', #4105 ) ;
#1824 = FACE_OUTER_BOUND ( 'NONE', #3774, .T. ) ;
#1825 = ORIENTED_EDGE ( 'NONE', *, *, #6996, .T. ) ;
#1826 = CARTESIAN_POINT ( 'NONE',  ( -244.8104174269743396, 21.62338389603923972, -34.99564535013937672 ) ) ;
#1827 = FACE_OUTER_BOUND ( 'NONE', #272, .T. ) ;
#1828 = EDGE_LOOP ( 'NONE', ( #557, #4367, #2429, #5541 ) ) ;
#1829 = DIRECTION ( 'NONE',  ( 1.000000000000000000, -0.000000000000000000, -1.586033434521926015E-16 ) ) ;
#1830 = EDGE_LOOP ( 'NONE', ( #1795, #4301 ) ) ;
#1831 = ORIENTED_EDGE ( 'NONE', *, *, #2441, .F. ) ;
#1832 = DIRECTION ( 'NONE',  ( 0.000000000000000000, 3.700743415417186364E-15, -1.000000000000000000 ) ) ;
#1833 = DIRECTION ( 'NONE',  ( 1.000000000000000000, 0.000000000000000000, 0.000000000000000000 ) ) ;
#1834 = ADVANCED_FACE ( 'NONE', ( #812 ), #881, .F. ) ;
#1835 = DIRECTION ( 'NONE',  ( -1.000000000000000000, -0.000000000000000000, -0.000000000000000000 ) ) ;
#1836 = LINE ( 'NONE', #3512, #4634 ) ;
#1837 = ORIENTED_EDGE ( 'NONE', *, *, #5246, .T. ) ;
#1838 = CARTESIAN_POINT ( 'NONE',  ( 215.0000000000000568, 24.99999999999850786, -300.0000000000000568 ) ) ;
#1839 = CARTESIAN_POINT ( 'NONE',  ( -244.1441015217087909, -21.80819141826682284, -34.82480283474288285 ) ) ;
#1840 = ORIENTED_EDGE ( 'NONE', *, *, #1327, .T. ) ;
#1841 = LINE ( 'NONE', #1882, #156 ) ;
#1842 = DIRECTION ( 'NONE',  ( -1.000000000000000000, 0.000000000000000000, 6.780942318374154600E-23 ) ) ;
#1843 = DIRECTION ( 'NONE',  ( -1.000000000000000000, -0.000000000000000000, -0.000000000000000000 ) ) ;
#1844 = ORIENTED_EDGE ( 'NONE', *, *, #1269, .T. ) ;
#1845 = FACE_OUTER_BOUND ( 'NONE', #2555, .T. ) ;
#1846 = ORIENTED_EDGE ( 'NONE', *, *, #1577, .F. ) ;
#1847 = COORDINATED_UNIVERSAL_TIME_OFFSET ( 8, 0, .AHEAD. ) ;
#1848 = CC_DESIGN_DATE_AND_TIME_ASSIGNMENT ( #838, #6615, ( #2192 ) ) ;
#1849 = ORIENTED_EDGE ( 'NONE', *, *, #5854, .T. ) ;
#1850 = VERTEX_POINT ( 'NONE', #6212 ) ;
#1851 = CIRCLE ( 'NONE', #4797, 2.749999999999974687 ) ;
#1852 = ADVANCED_FACE ( 'NONE', ( #4672 ), #1313, .F. ) ;
#1853 = DIRECTION ( 'NONE',  ( 0.000000000000000000, 0.000000000000000000, 1.000000000000000000 ) ) ;
#1854 = EDGE_CURVE ( 'NONE', #6580, #5790, #1271, .T. ) ;
#1855 = ORIENTED_EDGE ( 'NONE', *, *, #6980, .T. ) ;
#1856 =( REPRESENTATION_RELATIONSHIP ('NONE','NONE', #5043, #2405 ) REPRESENTATION_RELATIONSHIP_WITH_TRANSFORMATION ( #5880 )SHAPE_REPRESENTATION_RELATIONSHIP( ) );
#1857 = CARTESIAN_POINT ( 'NONE',  ( -246.7720617833546441, 20.56265927051851605, -35.81552014449257371 ) ) ;
#1858 = AXIS2_PLACEMENT_3D ( 'NONE', #1901, #2392, #2496 ) ;
#1859 = VECTOR ( 'NONE', #6506, 1000.000000000000000 ) ;
#1860 = EDGE_CURVE ( 'NONE', #3029, #5741, #4140, .T. ) ;
#1861 = LINE ( 'NONE', #5207, #2196 ) ;
#1862 = CARTESIAN_POINT ( 'NONE',  ( -249.4880277334856089, 15.47333068945650858, -562.5083918556829303 ) ) ;
#1863 = ORIENTED_EDGE ( 'NONE', *, *, #3584, .F. ) ;
#1864 = CARTESIAN_POINT ( 'NONE',  ( 51.61879502661659558, -1.047772979489991485E-12, -271.6187950266162261 ) ) ;
#1865 = ORIENTED_EDGE ( 'NONE', *, *, #224, .F. ) ;
#1866 = AXIS2_PLACEMENT_3D ( 'NONE', #5859, #5786, #322 ) ;
#1867 = ORIENTED_EDGE ( 'NONE', *, *, #4979, .T. ) ;
#1868 = DIRECTION ( 'NONE',  ( -1.000000000000000000, 3.469446951953611033E-15, 0.000000000000000000 ) ) ;
#1869 = PLANE ( 'NONE',  #4026 ) ;
#1870 = AXIS2_PLACEMENT_3D ( 'NONE', #3924, #92, #1235 ) ;
#1871 = EDGE_CURVE ( 'NONE', #1714, #5674, #5237, .T. ) ;
#1872 = CARTESIAN_POINT ( 'NONE',  ( 0.000000000000000000, 5.000000000000000888, -1.110223024625156540E-13 ) ) ;
#1873 = DIRECTION ( 'NONE',  ( -0.000000000000000000, -3.532527805625498298E-15, 1.000000000000000000 ) ) ;
#1874 = EDGE_CURVE ( 'NONE', #5022, #5225, #3067, .T. ) ;
#1875 = EDGE_LOOP ( 'NONE', ( #46, #230, #5412, #911, #1267, #418, #3612, #704 ) ) ;
#1876 = DIRECTION ( 'NONE',  ( 3.469446951953613400E-15, 1.000000000000000000, -0.000000000000000000 ) ) ;
#1877 = CARTESIAN_POINT ( 'NONE',  ( 6.999999999999700684, 4.999999999999976907, -407.0000000000002842 ) ) ;
#1878 = CIRCLE ( 'NONE', #3000, 7.000000000000006217 ) ;
#1879 = VECTOR ( 'NONE', #3569, 1000.000000000000000 ) ;
#1880 = ORIENTED_EDGE ( 'NONE', *, *, #4552, .T. ) ;
#1881 = DIRECTION ( 'NONE',  ( -1.000000000000000000, 3.469446951946684835E-15, 0.000000000000000000 ) ) ;
#1882 = CARTESIAN_POINT ( 'NONE',  ( 0.000000000000000000, 5.000000000000000888, -626.5000000000000000 ) ) ;
#1883 = CYLINDRICAL_SURFACE ( 'NONE', #1979, 3.500000000000003109 ) ;
#1884 = VECTOR ( 'NONE', #568, 1000.000000000000000 ) ;
#1885 = VERTEX_POINT ( 'NONE', #2410 ) ;
#1886 = CARTESIAN_POINT ( 'NONE',  ( 0.000000000000000000, 5.000000000000000888, 3.299999999999887912 ) ) ;
#1887 = CARTESIAN_POINT ( 'NONE',  ( 112.9999999999998153, 4.999999999999609201, -445.7499999999999432 ) ) ;
#1888 = ORIENTED_EDGE ( 'NONE', *, *, #6037, .T. ) ;
#1889 = CALENDAR_DATE ( 2026, 24, 3 ) ;
#1890 = CARTESIAN_POINT ( 'NONE',  ( 1.271192125820425210E-12, -8.673617379884035472E-13, -151.5000000000020748 ) ) ;
#1891 = ORIENTED_EDGE ( 'NONE', *, *, #5646, .F. ) ;
#1892 = EDGE_CURVE ( 'NONE', #6823, #5523, #2769, .T. ) ;
#1893 = APPROVAL_PERSON_ORGANIZATION ( #41, #4419, #5577 ) ;
#1894 = DIRECTION ( 'NONE',  ( -1.000000000000000000, 0.000000000000000000, 0.000000000000000000 ) ) ;
#1895 = CARTESIAN_POINT ( 'NONE',  ( 250.0000000000000000, -14.99999999999988809, -34.50000000000004974 ) ) ;
#1896 = ORIENTED_EDGE ( 'NONE', *, *, #481, .F. ) ;
#1897 = CC_DESIGN_DATE_AND_TIME_ASSIGNMENT ( #6684, #4597, ( #2567 ) ) ;
#1898 = LINE ( 'NONE', #909, #1407 ) ;
#1899 = LOCAL_TIME ( 2, 14, 25.00000000000000000, #4943 ) ;
#1900 = CARTESIAN_POINT ( 'NONE',  ( 350.0000000000000000, -14.99999999999991296, -627.5000000000001137 ) ) ;
#1901 = CARTESIAN_POINT ( 'NONE',  ( 112.9999999999998153, 4.999999999999609201, -442.9999999999999432 ) ) ;
#1902 = ORIENTED_EDGE ( 'NONE', *, *, #799, .T. ) ;
#1903 = DIRECTION ( 'NONE',  ( -0.000000000000000000, 1.000000000000000000, -0.000000000000000000 ) ) ;
#1904 = ORIENTED_EDGE ( 'NONE', *, *, #6460, .F. ) ;
#1905 = AXIS2_PLACEMENT_3D ( 'NONE', #4066, #2971, #6895 ) ;
#1906 = EDGE_CURVE ( 'NONE', #1948, #168, #6299, .T. ) ;
#1907 = DIRECTION ( 'NONE',  ( -0.000000000000000000, 1.000000000000000000, -0.000000000000000000 ) ) ;
#1908 = CARTESIAN_POINT ( 'NONE',  ( 350.0000000000000000, 15.00000000000010303, -627.5000000000001137 ) ) ;
#1909 = LINE ( 'NONE', #3508, #5870 ) ;
#1910 = DIRECTION ( 'NONE',  ( 1.000000000000000000, 0.000000000000000000, 0.000000000000000000 ) ) ;
#1911 = DIRECTION ( 'NONE',  ( 1.000000000000000000, 0.000000000000000000, 0.000000000000000000 ) ) ;
#1912 = VERTEX_POINT ( 'NONE', #1919 ) ;
#1913 = DIRECTION ( 'NONE',  ( -0.000000000000000000, 1.000000000000000000, -0.000000000000000000 ) ) ;
#1914 = EDGE_CURVE ( 'NONE', #5654, #6970, #3915, .T. ) ;
#1915 = CARTESIAN_POINT ( 'NONE',  ( -248.5371126488375921, -18.57174344496441876, -36.84920212957648289 ) ) ;
#1916 = ORIENTED_EDGE ( 'NONE', *, *, #2670, .T. ) ;
#1917 = CARTESIAN_POINT ( 'NONE',  ( -180.7428760836605477, -16.88799191860690385, -37.33127178210462915 ) ) ;
#1918 = CARTESIAN_POINT ( 'NONE',  ( 36.76955262169968819, 4.999999999999872990, -483.2304473782780292 ) ) ;
#1919 = CARTESIAN_POINT ( 'NONE',  ( -1.700011843158103498E-13, -8.673617379884035472E-13, -297.5000000000001137 ) ) ;
#1920 = EDGE_LOOP ( 'NONE', ( #2360, #6717 ) ) ;
#1921 = CARTESIAN_POINT ( 'NONE',  ( 249.2571239163395376, 16.88799191860668003, -562.6687282178952501 ) ) ;
#1922 = ORIENTED_EDGE ( 'NONE', *, *, #1260, .F. ) ;
#1923 = SHAPE_DEFINITION_REPRESENTATION ( #1284, #5043 ) ;
#1924 = CIRCLE ( 'NONE', #6010, 3.299999999999969624 ) ;
#1925 = B_SPLINE_CURVE_WITH_KNOTS ( 'NONE', 3,
 ( #1813, #5613, #2409, #4590, #3877, #6048, #1143, #3330, #2483, #6819, #6296, #4661, #796, #2446, #3068, #1333, #4630, #6743, #2961, #6267, #1917, #1986, #1954, #4195, #5147, #924 ),
 .UNSPECIFIED., .F., .F.,
 ( 4, 2, 2, 2, 2, 2, 2, 2, 2, 2, 2, 2, 4 ),
 ( 0.01137023585102438054, 0.01208014783211160820, 0.01279005981319883585, 0.01420988377537336575, 0.01491979575646063157, 0.01562970773754790085, 0.01704953169972237004, 0.01846935566189683922, 0.01917926764298407555, 0.01988917962407131187, 0.02130900358624573596, 0.02201891556733295841, 0.02272882754842018085 ),
 .UNSPECIFIED. ) ;
#1926 = EDGE_CURVE ( 'NONE', #2251, #6348, #5863, .T. ) ;
#1927 = CARTESIAN_POINT ( 'NONE',  ( 257.5251262658362066, -5.000000000000892619, -257.5251262658394467 ) ) ;
#1928 = FACE_OUTER_BOUND ( 'NONE', #6105, .T. ) ;
#1929 = EDGE_LOOP ( 'NONE', ( #1796, #5805, #641, #675 ) ) ;
#1930 = LINE ( 'NONE', #6862, #1812 ) ;
#1931 = ORIENTED_EDGE ( 'NONE', *, *, #3017, .T. ) ;
#1932 = CARTESIAN_POINT ( 'NONE',  ( 215.0000000000000568, 24.99999999999850786, -296.7000000000000455 ) ) ;
#1933 = PRODUCT_DEFINITION_SHAPE ( 'NONE', 'NONE',  #7064 ) ;
#1934 = ADVANCED_FACE ( 'NONE', ( #897 ), #4662, .F. ) ;
#1935 = PERSON ( 'NAUO-PER4', 'UNSPECIFIED', 'UNSPECIFIED', ('UNSPECIFIED'), ('UNSPECIFIED'), ('UNSPECIFIED') ) ;
#1936 = CARTESIAN_POINT ( 'NONE',  ( 215.0000000000000568, 24.99999999999850786, -303.3000000000000682 ) ) ;
#1937 = VECTOR ( 'NONE', #6198, 1000.000000000000000 ) ;
#1938 = CARTESIAN_POINT ( 'NONE',  ( -257.5251262658401856, 5.000000000000892619, -257.5251262658964606 ) ) ;
#1939 = ORIENTED_EDGE ( 'NONE', *, *, #183, .T. ) ;
#1940 = CARTESIAN_POINT ( 'NONE',  ( -186.5461269622242639, -21.93880767778523477, -565.2990204901880134 ) ) ;
#1941 = EDGE_LOOP ( 'NONE', ( #5576, #6203, #1849, #59 ) ) ;
#1942 = ORIENTED_EDGE ( 'NONE', *, *, #2665, .T. ) ;
#1943 = DIRECTION ( 'NONE',  ( -0.000000000000000000, 1.000000000000000000, -0.000000000000000000 ) ) ;
#1944 = CARTESIAN_POINT ( 'NONE',  ( -51.61879502661898300, 5.000000000000177636, -276.1187950266202051 ) ) ;
#1945 = CARTESIAN_POINT ( 'NONE',  ( 250.0000000000000000, 24.99999999999991118, 27.50000000000008171 ) ) ;
#1946 = EDGE_CURVE ( 'NONE', #1707, #1637, #354, .T. ) ;
#1947 = DIRECTION ( 'NONE',  ( -0.000000000000000000, 1.000000000000000000, -0.000000000000000000 ) ) ;
#1948 = VERTEX_POINT ( 'NONE', #5255 ) ;
#1949 = CARTESIAN_POINT ( 'NONE',  ( -181.9720673093649168, 19.31810612875711541, -36.52878126643431500 ) ) ;
#1950 = CARTESIAN_POINT ( 'NONE',  ( 8.831319514063479347E-14, 24.99999999999924682, -596.7000000000000455 ) ) ;
#1951 = CARTESIAN_POINT ( 'NONE',  ( -177.5000000000000000, -15.00000000000014211, -562.5000000000000000 ) ) ;
#1952 = EDGE_LOOP ( 'NONE', ( #432, #1599, #6340, #4232 ) ) ;
#1953 = DIRECTION ( 'NONE',  ( -1.000000000000000000, 3.469446951953611033E-15, 0.000000000000000000 ) ) ;
#1954 = CARTESIAN_POINT ( 'NONE',  ( -180.5615542562186420, -15.95671378532289708, -37.45699350511069525 ) ) ;
#1955 = EDGE_CURVE ( 'NONE', #1729, #4957, #1507, .T. ) ;
#1956 = CARTESIAN_POINT ( 'NONE',  ( -36.76955262170127270, -3.119032809806299156E-12, -556.7695526216789403 ) ) ;
#1957 = CARTESIAN_POINT ( 'NONE',  ( 242.7377119667928582, 21.99999999999991829, -565.3585715714574462 ) ) ;
#1958 = DATE_AND_TIME ( #3008, #6436 ) ;
#1959 = DIRECTION ( 'NONE',  ( -0.000000000000000000, 1.000000000000000000, -0.000000000000000000 ) ) ;
#1960 = CARTESIAN_POINT ( 'NONE',  ( -51.61879502661620478, -6.904199434387692236E-13, -168.3812049733832623 ) ) ;
#1961 = VERTEX_POINT ( 'NONE', #2963 ) ;
#1962 = EDGE_CURVE ( 'NONE', #1342, #2505, #4821, .T. ) ;
#1963 = CARTESIAN_POINT ( 'NONE',  ( -12.71229268584506045, 17.73544510444424560, 5.000000000000004441 ) ) ;
#1964 = VERTEX_POINT ( 'NONE', #5150 ) ;
#1965 = CARTESIAN_POINT ( 'NONE',  ( 31.81980515339410331, -5.000000000000111910, -551.8198051533731814 ) ) ;
#1966 = CARTESIAN_POINT ( 'NONE',  ( -350.0000000000000000, -14.99999999999987743, -637.5000000000001137 ) ) ;
#1967 = FACE_OUTER_BOUND ( 'NONE', #5595, .T. ) ;
#1968 = ORIENTED_EDGE ( 'NONE', *, *, #4383, .F. ) ;
#1969 = CARTESIAN_POINT ( 'NONE',  ( -180.5000000000000000, -15.48150225914676881, -562.5000000000001137 ) ) ;
#1970 = EDGE_LOOP ( 'NONE', ( #5939, #6109, #6919, #6853 ) ) ;
#1971 = ORIENTED_EDGE ( 'NONE', *, *, #320, .F. ) ;
#1972 = CARTESIAN_POINT ( 'NONE',  ( 0.000000000000000000, 0.000000000000000000, 0.000000000000000000 ) ) ;
#1973 = VECTOR ( 'NONE', #5795, 1000.000000000000000 ) ;
#1974 = CYLINDRICAL_SURFACE ( 'NONE', #6745, 65.00000000000150635 ) ;
#1975 = UNCERTAINTY_MEASURE_WITH_UNIT (LENGTH_MEASURE( 1.000000000000000082E-05 ), #1122, 'distance_accuracy_value', 'NONE');
#1976 = CARTESIAN_POINT ( 'NONE',  ( 1.270641034760808889E-12, -8.673617379884035472E-13, -142.5000000000020748 ) ) ;
#1977 = CARTESIAN_POINT ( 'NONE',  ( 0.000000000000000000, 5.000000000000000888, 26.49999999999991829 ) ) ;
#1978 = AXIS2_PLACEMENT_3D ( 'NONE', #780, #3537, #6867 ) ;
#1979 = AXIS2_PLACEMENT_3D ( 'NONE', #4688, #6782, #3520 ) ;
#1980 = ORIENTED_EDGE ( 'NONE', *, *, #6805, .F. ) ;
#1981 = DIRECTION ( 'NONE',  ( -0.000000000000000000, 1.000000000000000000, -0.000000000000000000 ) ) ;
#1982 = CARTESIAN_POINT ( 'NONE',  ( -177.4999999999999147, 14.99999999999988098, -562.5000000000000000 ) ) ;
#1983 = CARTESIAN_POINT ( 'NONE',  ( 215.0000000000000568, 24.99999999999850431, -596.7000000000000455 ) ) ;
#1984 = APPROVAL ( #297, 'UNSPECIFIED' ) ;
#1985 = AXIS2_PLACEMENT_3D ( 'NONE', #3580, #1353, #6880 ) ;
#1986 = CARTESIAN_POINT ( 'NONE',  ( -180.5985593436209911, -16.19412149417522784, -37.43119723103572483 ) ) ;
#1987 = DIRECTION ( 'NONE',  ( -0.000000000000000000, 1.000000000000000000, -0.000000000000000000 ) ) ;
#1988 = VERTEX_POINT ( 'NONE', #5820 ) ;
#1989 = AXIS2_PLACEMENT_3D ( 'NONE', #1236, #6618, #2875 ) ;
#1990 = DIRECTION ( 'NONE',  ( 0.7071067811866095232, -2.453269466693613191E-15, -0.7071067811864855113 ) ) ;
#1991 = DIRECTION ( 'NONE',  ( -6.780942318374154600E-23, -4.235164736271500755E-22, 1.000000000000000000 ) ) ;
#1992 = ORIENTED_EDGE ( 'NONE', *, *, #2294, .T. ) ;
#1993 = PERSON_AND_ORGANIZATION ( #3381, #1066 ) ;
#1994 = ADVANCED_FACE ( 'NONE', ( #256 ), #3106, .F. ) ;
#1995 = CARTESIAN_POINT ( 'NONE',  ( -252.5000000000000568, -14.99999999999988276, -599.9999999999998863 ) ) ;
#1996 = VECTOR ( 'NONE', #462, 1000.000000000000000 ) ;
#1997 = DIRECTION ( 'NONE',  ( 0.000000000000000000, 0.000000000000000000, -1.000000000000000000 ) ) ;
#1998 = ORIENTED_EDGE ( 'NONE', *, *, #672, .F. ) ;
#1999 = AXIS2_PLACEMENT_3D ( 'NONE', #5998, #1133, #2153 ) ;
#2000 = DIRECTION ( 'NONE',  ( 0.000000000000000000, 0.000000000000000000, -1.000000000000000000 ) ) ;
#2001 = ORIENTED_EDGE ( 'NONE', *, *, #959, .T. ) ;
#2002 = CARTESIAN_POINT ( 'NONE',  ( 350.0000000000000000, 14.99999999999987921, -562.5000000000001137 ) ) ;
#2003 = VECTOR ( 'NONE', #754, 1000.000000000000000 ) ;
#2004 = LOCAL_TIME ( 2, 14, 25.00000000000000000, #3252 ) ;
#2005 = CARTESIAN_POINT ( 'NONE',  ( 250.0000000000000000, 1.000000000000000888, 27.49999999999992184 ) ) ;
#2006 = VERTEX_POINT ( 'NONE', #4633 ) ;
#2007 = CARTESIAN_POINT ( 'NONE',  ( 250.0000000000000000, 1.000000000000000888, 27.49999999999992184 ) ) ;
#2008 = ORIENTED_EDGE ( 'NONE', *, *, #6521, .T. ) ;
#2009 = VERTEX_POINT ( 'NONE', #6783 ) ;
#2010 = VECTOR ( 'NONE', #3524, 1000.000000000000000 ) ;
#2011 = LOCAL_TIME ( 2, 14, 25.00000000000000000, #5980 ) ;
#2012 = CARTESIAN_POINT ( 'NONE',  ( -1.977584762613388179E-13, 5.000000000001121769, -219.9999999999995737 ) ) ;
#2013 = DIRECTION ( 'NONE',  ( -0.000000000000000000, 1.000000000000000000, -0.000000000000000000 ) ) ;
#2014 = EDGE_CURVE ( 'NONE', #646, #5356, #3555, .T. ) ;
#2015 = LINE ( 'NONE', #1945, #6746 ) ;
#2016 = EDGE_LOOP ( 'NONE', ( #1971, #253, #6463, #3419 ) ) ;
#2017 = CARTESIAN_POINT ( 'NONE',  ( 51.61879502661659558, 4.999999999999820588, -267.1187950266162261 ) ) ;
#2018 = DIRECTION ( 'NONE',  ( -1.000000000000000000, -0.000000000000000000, 1.586032892321652236E-16 ) ) ;
#2019 = CARTESIAN_POINT ( 'NONE',  ( 242.5000000000000284, 14.99999999999991473, -599.9999999999998863 ) ) ;
#2020 = PERSON ( 'NAUO-PER6', 'UNSPECIFIED', 'UNSPECIFIED', ('UNSPECIFIED'), ('UNSPECIFIED'), ('UNSPECIFIED') ) ;
#2021 = EDGE_LOOP ( 'NONE', ( #5409, #5979, #6943, #6727 ) ) ;
#2022 = VECTOR ( 'NONE', #5138, 1000.000000000000000 ) ;
#2023 = ADVANCED_FACE ( 'NONE', ( #1027, #967, #3730, #3285, #4363, #5390, #6427, #4918, #3247, #3142, #6947, #2745, #33, #5897, #998, #3170, #954, #1497, #6484, #992, #2114, #4850, #453, #3753, #3682, #5923, #6419, #3276 ), #1539, .F. ) ;
#2024 = DIRECTION ( 'NONE',  ( 0.5773502691896257311, -0.5773502691896257311, -0.5773502691896257311 ) ) ;
#2025 = EDGE_LOOP ( 'NONE', ( #4431, #5398, #1846, #4903 ) ) ;
#2026 = APPROVAL_STATUS ( 'not_yet_approved' ) ;
#2027 = EDGE_CURVE ( 'NONE', #2009, #5741, #2629, .T. ) ;
#2028 = VECTOR ( 'NONE', #621, 1000.000000000000000 ) ;
#2029 = CARTESIAN_POINT ( 'NONE',  ( 250.0000000000000000, -15.00000000000012790, 34.49999999999994316 ) ) ;
#2030 = CARTESIAN_POINT ( 'NONE',  ( -262.4748737341429319, 0.000000000000000000, -262.4748737341429319 ) ) ;
#2031 = EDGE_CURVE ( 'NONE', #2618, #1562, #1021, .T. ) ;
#2032 = VERTEX_POINT ( 'NONE', #5379 ) ;
#2033 = DIRECTION ( 'NONE',  ( 0.000000000000000000, 3.532527805625498298E-15, -1.000000000000000000 ) ) ;
#2034 = ORIENTED_EDGE ( 'NONE', *, *, #5587, .F. ) ;
#2035 = CARTESIAN_POINT ( 'NONE',  ( -34.29467888755106486, -4.999999999999882760, -549.3449314192175734 ) ) ;
#2036 = CARTESIAN_POINT ( 'NONE',  ( 181.9726274334556990, -19.31819862575365221, -563.4715110718462938 ) ) ;
#2037 = EDGE_CURVE ( 'NONE', #5225, #1071, #493, .T. ) ;
#2038 = CARTESIAN_POINT ( 'NONE',  ( -187.5000000000000568, -22.00000000000011013, -565.3585715714573325 ) ) ;
#2039 = ORIENTED_EDGE ( 'NONE', *, *, #1145, .T. ) ;
#2040 = VERTEX_POINT ( 'NONE', #2181 ) ;
#2041 = CARTESIAN_POINT ( 'NONE',  ( 242.5000000000000568, 21.99999999999991829, -34.64142842854289484 ) ) ;
#2042 = DIRECTION ( 'NONE',  ( 1.000000000000000000, 0.000000000000000000, 0.000000000000000000 ) ) ;
#2043 = DIRECTION ( 'NONE',  ( 0.000000000000000000, 0.000000000000000000, 1.000000000000000000 ) ) ;
#2044 = PRODUCT_DEFINITION_SHAPE ( 'NONE', 'NONE',  #7065 ) ;
#2045 = ORIENTED_EDGE ( 'NONE', *, *, #398, .F. ) ;
#2046 = VECTOR ( 'NONE', #6398, 1000.000000000000000 ) ;
#2047 = EDGE_CURVE ( 'NONE', #4348, #5078, #3786, .T. ) ;
#2048 = DIRECTION ( 'NONE',  ( -0.000000000000000000, 1.000000000000000000, -0.000000000000000000 ) ) ;
#2049 = CARTESIAN_POINT ( 'NONE',  ( 214.9999999999999716, 5.000000000000000888, -303.3000000000001251 ) ) ;
#2050 = DIRECTION ( 'NONE',  ( 0.000000000000000000, 1.000000000000000000, 3.700742850728556176E-15 ) ) ;
#2051 = DIRECTION ( 'NONE',  ( 3.469446951953613400E-15, 1.000000000000000000, 0.000000000000000000 ) ) ;
#2052 = CYLINDRICAL_SURFACE ( 'NONE', #3946, 3.299999999999997158 ) ;
#2053 = VERTEX_POINT ( 'NONE', #1058 ) ;
#2054 = FACE_OUTER_BOUND ( 'NONE', #3161, .T. ) ;
#2055 = EDGE_CURVE ( 'NONE', #3452, #4920, #3237, .T. ) ;
#2056 = EDGE_LOOP ( 'NONE', ( #3756, #6045 ) ) ;
#2057 = APPROVAL_DATE_TIME ( #5902, #5366 ) ;
#2058 = DIRECTION ( 'NONE',  ( 0.000000000000000000, -1.000000000000000000, -3.700743415417186364E-15 ) ) ;
#2059 = DIRECTION ( 'NONE',  ( -0.000000000000000000, 1.000000000000000000, -0.000000000000000000 ) ) ;
#2060 = ORIENTED_EDGE ( 'NONE', *, *, #1588, .T. ) ;
#2061 = DIRECTION ( 'NONE',  ( -1.000000000000000000, 0.000000000000000000, -0.000000000000000000 ) ) ;
#2062 = LINE ( 'NONE', #5800, #1231 ) ;
#2063 = VERTEX_POINT ( 'NONE', #4352 ) ;
#2064 = CARTESIAN_POINT ( 'NONE',  ( -5.149933232818975119E-13, 5.000000000000000888, -519.9999999999785132 ) ) ;
#2065 = APPROVAL ( #1749, 'UNSPECIFIED' ) ;
#2066 = EDGE_LOOP ( 'NONE', ( #2491, #663, #2143, #1301 ) ) ;
#2067 = CARTESIAN_POINT ( 'NONE',  ( 31.81980515339408910, -5.000000000000111910, -488.1801948465837881 ) ) ;
#2068 = ORIENTED_EDGE ( 'NONE', *, *, #5126, .T. ) ;
#2069 = ORIENTED_EDGE ( 'NONE', *, *, #784, .F. ) ;
#2070 = DIRECTION ( 'NONE',  ( -3.469446951953613006E-15, -1.000000000000000000, 0.000000000000000000 ) ) ;
#2071 = CARTESIAN_POINT ( 'NONE',  ( -242.4999999999999432, 24.99999999999991473, -572.5000000000000000 ) ) ;
#2072 = EDGE_CURVE ( 'NONE', #1217, #733, #5318, .T. ) ;
#2073 = AXIS2_PLACEMENT_3D ( 'NONE', #4462, #2880, #6106 ) ;
#2074 = DIRECTION ( 'NONE',  ( 1.000000000000000000, 0.000000000000000000, 0.000000000000000000 ) ) ;
#2075 = DIRECTION ( 'NONE',  ( -1.000000000000000000, -0.000000000000000000, -0.000000000000000000 ) ) ;
#2076 = ORIENTED_EDGE ( 'NONE', *, *, #5553, .T. ) ;
#2077 = VECTOR ( 'NONE', #4236, 1000.000000000000000 ) ;
#2078 = CARTESIAN_POINT ( 'NONE',  ( -214.9999999999999716, -4.111294638065032814E-12, -1.110223024625156540E-13 ) ) ;
#2079 = CARTESIAN_POINT ( 'NONE',  ( -350.0000000000000000, 25.00000000000010658, -627.4999999999998863 ) ) ;
#2080 = VECTOR ( 'NONE', #6764, 1000.000000000000000 ) ;
#2081 = DIRECTION ( 'NONE',  ( -1.000000000000000000, 0.000000000000000000, 7.690840992182485042E-23 ) ) ;
#2082 = AXIS2_PLACEMENT_3D ( 'NONE', #2825, #2345, #4526 ) ;
#2083 = CARTESIAN_POINT ( 'NONE',  ( 250.0000000000000000, -15.00000000000012790, 34.49999999999994316 ) ) ;
#2084 = DIRECTION ( 'NONE',  ( -0.000000000000000000, 1.000000000000000000, -0.000000000000000000 ) ) ;
#2085 = ORIENTED_EDGE ( 'NONE', *, *, #3274, .F. ) ;
#2086 = DIRECTION ( 'NONE',  ( -6.780942318374154600E-23, -4.235164736271500755E-22, 1.000000000000000000 ) ) ;
#2087 = AXIS2_PLACEMENT_3D ( 'NONE', #6845, #5323, #5753 ) ;
#2088 = CIRCLE ( 'NONE', #5276, 2.749999999999974687 ) ;
#2089 = ORIENTED_EDGE ( 'NONE', *, *, #2609, .T. ) ;
#2090 = DATE_TIME_ROLE ( 'classification_date' ) ;
#2091 = DIRECTION ( 'NONE',  ( -1.000000000000000000, 0.000000000000000000, 6.780942318374154600E-23 ) ) ;
#2092 = CARTESIAN_POINT ( 'NONE',  ( 214.9999999999999716, 5.000000000000000888, -3.300000000000108180 ) ) ;
#2093 = VECTOR ( 'NONE', #5277, 1000.000000000000000 ) ;
#2094 = VECTOR ( 'NONE', #384, 999.9999999999998863 ) ;
#2095 = VERTEX_POINT ( 'NONE', #422 ) ;
#2096 = DIRECTION ( 'NONE',  ( -5.602705292762868653E-31, -1.000000000000000000, -3.532527805625498298E-15 ) ) ;
#2097 = ORIENTED_EDGE ( 'NONE', *, *, #7023, .F. ) ;
#2098 = VECTOR ( 'NONE', #6380, 1000.000000000000000 ) ;
#2099 = CARTESIAN_POINT ( 'NONE',  ( 244.1441015217084498, -21.80819141826707153, -565.1751971652574866 ) ) ;
#2100 = CARTESIAN_POINT ( 'NONE',  ( -180.4999999999999716, 15.24086283439102374, -562.5000000000000000 ) ) ;
#2101 = ORIENTED_EDGE ( 'NONE', *, *, #314, .F. ) ;
#2102 = AXIS2_PLACEMENT_3D ( 'NONE', #74, #5001, #1216 ) ;
#2103 = LINE ( 'NONE', #524, #6185 ) ;
#2104 = CC_DESIGN_PERSON_AND_ORGANIZATION_ASSIGNMENT ( #2131, #3767, ( #4800 ) ) ;
#2105 = ORIENTED_EDGE ( 'NONE', *, *, #6649, .T. ) ;
#2106 = CARTESIAN_POINT ( 'NONE',  ( 58.21152422706635576, 30.00000000000006750, 4.999999999999893419 ) ) ;
#2107 = EDGE_LOOP ( 'NONE', ( #6682, #4158, #2542, #1379, #5626 ) ) ;
#2108 = APPLICATION_PROTOCOL_DEFINITION ( 'international standard', 'config_control_design', 1994, #4274 ) ;
#2109 = CARTESIAN_POINT ( 'NONE',  ( 184.3488785678055990, -21.26695770379863148, -35.29606179266639998 ) ) ;
#2110 = CIRCLE ( 'NONE', #3712, 3.300000000000025135 ) ;
#2111 = VECTOR ( 'NONE', #5926, 1000.000000000000000 ) ;
#2112 = ADVANCED_FACE ( 'NONE', ( #3927 ), #5021, .T. ) ;
#2113 = CARTESIAN_POINT ( 'NONE',  ( 215.0000000000000568, 24.99999999999850431, 3.299999999999886136 ) ) ;
#2114 = FACE_BOUND ( 'NONE', #2174, .T. ) ;
#2115 = PRODUCT_RELATED_PRODUCT_CATEGORY ( 'detail', '', ( #3641 ) ) ;
#2116 = CYLINDRICAL_SURFACE ( 'NONE', #5028, 3.299999999999997158 ) ;
#2117 = ADVANCED_FACE ( 'NONE', ( #5562 ), #4000, .T. ) ;
#2118 = VERTEX_POINT ( 'NONE', #5484 ) ;
#2119 = LOCAL_TIME ( 2, 14, 25.00000000000000000, #121 ) ;
#2120 = PLANE ( 'NONE',  #5302 ) ;
#2121 = DIRECTION ( 'NONE',  ( -1.000000000000000000, 3.469446951947193650E-15, 0.000000000000000000 ) ) ;
#2122 = CIRCLE ( 'NONE', #5882, 4.500000000000003553 ) ;
#2123 = LINE ( 'NONE', #3140, #3334 ) ;
#2124 = ORIENTED_EDGE ( 'NONE', *, *, #6604, .T. ) ;
#2125 = LINE ( 'NONE', #3141, #275 ) ;
#2126 = DIRECTION ( 'NONE',  ( 1.000000000000000000, -3.700744544794450685E-15, -7.995217608207856944E-23 ) ) ;
#2127 = ADVANCED_FACE ( 'NONE', ( #638 ), #2325, .F. ) ;
#2128 = ORIENTED_EDGE ( 'NONE', *, *, #1227, .T. ) ;
#2129 = CYLINDRICAL_SURFACE ( 'NONE', #3868, 7.000000000000006217 ) ;
#2130 = ORIENTED_EDGE ( 'NONE', *, *, #5187, .F. ) ;
#2131 = PERSON_AND_ORGANIZATION ( #3381, #1066 ) ;
#2132 = CARTESIAN_POINT ( 'NONE',  ( 34.29467888754988536, 0.000000000000000000, -490.6550685807393961 ) ) ;
#2133 = ORIENTED_EDGE ( 'NONE', *, *, #5780, .T. ) ;
#2134 = CARTESIAN_POINT ( 'NONE',  ( 250.0000000000000000, 15.00000000000010303, -27.49999999999994316 ) ) ;
#2135 = DIRECTION ( 'NONE',  ( -1.000000000000000000, -0.000000000000000000, 1.586032892321652236E-16 ) ) ;
#2136 = EDGE_LOOP ( 'NONE', ( #1410, #3843, #1766, #3341 ) ) ;
#2137 = AXIS2_PLACEMENT_3D ( 'NONE', #1510, #1990, #969 ) ;
#2138 = CALENDAR_DATE ( 2026, 24, 3 ) ;
#2139 = LINE ( 'NONE', #4492, #4964 ) ;
#2140 = CARTESIAN_POINT ( 'NONE',  ( -181.2584761680792553, 18.17725335865632630, -563.0158175863332417 ) ) ;
#2141 = VERTEX_POINT ( 'NONE', #745 ) ;
#2142 = DIRECTION ( 'NONE',  ( 1.000000000000000000, 0.000000000000000000, 0.000000000000000000 ) ) ;
#2143 = ORIENTED_EDGE ( 'NONE', *, *, #3814, .T. ) ;
#2144 = CARTESIAN_POINT ( 'NONE',  ( -250.0000000000000000, 22.00000000000010658, -27.49999999999992184 ) ) ;
#2145 = ORIENTED_EDGE ( 'NONE', *, *, #445, .F. ) ;
#2146 = EDGE_CURVE ( 'NONE', #4507, #6839, #131, .T. ) ;
#2147 = CARTESIAN_POINT ( 'NONE',  ( 180.5491285263177588, -15.95210075985672304, -37.46543667909865150 ) ) ;
#2148 = DIRECTION ( 'NONE',  ( 3.700744544794450685E-15, 1.000000000000000000, 3.700743274245029804E-15 ) ) ;
#2149 = CARTESIAN_POINT ( 'NONE',  ( -72.99999999999845102, 5.000000000000254019, -224.5000000000003695 ) ) ;
#2150 = EDGE_LOOP ( 'NONE', ( #3500, #3081, #1003, #6064 ) ) ;
#2151 = CARTESIAN_POINT ( 'NONE',  ( 250.0000000000000000, -24.99999999999991118, -27.50000000000008171 ) ) ;
#2152 = FACE_OUTER_BOUND ( 'NONE', #449, .T. ) ;
#2153 = DIRECTION ( 'NONE',  ( 0.000000000000000000, 0.000000000000000000, -1.000000000000000000 ) ) ;
#2154 = EDGE_CURVE ( 'NONE', #341, #559, #6851, .T. ) ;
#2155 = VECTOR ( 'NONE', #472, 999.9999999999998863 ) ;
#2156 = EDGE_LOOP ( 'NONE', ( #3117, #5345, #639, #5984 ) ) ;
#2157 = LINE ( 'NONE', #648, #2809 ) ;
#2158 = ADVANCED_FACE ( 'NONE', ( #3390 ), #3462, .F. ) ;
#2159 = CARTESIAN_POINT ( 'NONE',  ( -177.5000000000000000, -15.00000000000014211, -562.5000000000000000 ) ) ;
#2160 = ORIENTED_EDGE ( 'NONE', *, *, #532, .F. ) ;
#2161 = PERSON_AND_ORGANIZATION ( #3381, #1066 ) ;
#2162 = ADVANCED_FACE ( 'NONE', ( #2774 ), #4460, .F. ) ;
#2163 = DIRECTION ( 'NONE',  ( 0.000000000000000000, 1.000000000000000000, 3.700742850728556176E-15 ) ) ;
#2164 = ORIENTED_EDGE ( 'NONE', *, *, #6460, .T. ) ;
#2165 = DIRECTION ( 'NONE',  ( 0.000000000000000000, 0.000000000000000000, 1.000000000000000000 ) ) ;
#2166 = FACE_OUTER_BOUND ( 'NONE', #349, .T. ) ;
#2167 = FACE_OUTER_BOUND ( 'NONE', #6271, .T. ) ;
#2168 = ORIENTED_EDGE ( 'NONE', *, *, #2665, .F. ) ;
#2169 = DATE_AND_TIME ( #474, #517 ) ;
#2170 = MANIFOLD_SOLID_BREP ( 'M6 Clearance Hole1[4]', #3084 ) ;
#2171 = ADVANCED_FACE ( 'NONE', ( #6029, #126 ), #1160, .F. ) ;
#2172 = EDGE_LOOP ( 'NONE', ( #5853, #5661, #4646, #942, #2395, #2777, #6191, #1601 ) ) ;
#2173 = CARTESIAN_POINT ( 'NONE',  ( 250.0000000000001137, -14.99999999999988276, -37.49999999999997868 ) ) ;
#2174 = EDGE_LOOP ( 'NONE', ( #2145, #2564 ) ) ;
#2175 = LINE ( 'NONE', #6329, #4544 ) ;
#2176 = ORIENTED_EDGE ( 'NONE', *, *, #2441, .T. ) ;
#2177 = CARTESIAN_POINT ( 'NONE',  ( -223.9999999999999716, -3.168293767152972062, -639.5855905926755440 ) ) ;
#2178 = CARTESIAN_POINT ( 'NONE',  ( 187.0208028209069653, -21.98765309850407945, -34.65359085110343074 ) ) ;
#2179 = PERSON ( 'NAUO-PER1', 'UNSPECIFIED', 'UNSPECIFIED', ('UNSPECIFIED'), ('UNSPECIFIED'), ('UNSPECIFIED') ) ;
#2180 = CARTESIAN_POINT ( 'NONE',  ( 350.0000000000000000, 14.99999999999988809, -565.5000000000000000 ) ) ;
#2181 = CARTESIAN_POINT ( 'NONE',  ( 4.041334437186264524E-16, -4.111294638065032814E-12, -3.300000000000109956 ) ) ;
#2182 = ORIENTED_EDGE ( 'NONE', *, *, #5780, .F. ) ;
#2183 = DIRECTION ( 'NONE',  ( 0.000000000000000000, 0.000000000000000000, 1.000000000000000000 ) ) ;
#2184 = CARTESIAN_POINT ( 'NONE',  ( 214.9999999999999716, 5.000000000000000888, -1.110223024625156540E-13 ) ) ;
#2185 = DIRECTION ( 'NONE',  ( -1.000000000000000000, 0.000000000000000000, 6.780942318374154600E-23 ) ) ;
#2186 = CARTESIAN_POINT ( 'NONE',  ( 72.99999999999955946, 4.999999999999747757, -220.0000000000018190 ) ) ;
#2187 = CARTESIAN_POINT ( 'NONE',  ( 185.6276725156495218, 21.76143341828087330, -34.86885791384702316 ) ) ;
#2188 = AXIS2_PLACEMENT_3D ( 'NONE', #566, #1610, #4909 ) ;
#2189 = CARTESIAN_POINT ( 'NONE',  ( 34.29467888754660265, 4.999999999999882760, -559.2444263558320472 ) ) ;
#2190 = EDGE_LOOP ( 'NONE', ( #2130, #4001 ) ) ;
#2191 = FACE_BOUND ( 'NONE', #6115, .T. ) ;
#2192 = PRODUCT_DEFINITION ( 'UNKNOWN', '', #2669, #316 ) ;
#2193 = DIRECTION ( 'NONE',  ( -1.000000000000000000, -0.000000000000000000, -0.000000000000000000 ) ) ;
#2194 = EDGE_LOOP ( 'NONE', ( #56, #5624, #3880, #6598 ) ) ;
#2195 = CALENDAR_DATE ( 2026, 24, 3 ) ;
#2196 = VECTOR ( 'NONE', #1344, 1000.000000000000000 ) ;
#2197 = DIRECTION ( 'NONE',  ( -1.000000000000000000, 0.000000000000000000, 0.000000000000000000 ) ) ;
#2198 = VECTOR ( 'NONE', #4774, 1000.000000000000000 ) ;
#2199 = ADVANCED_FACE ( 'NONE', ( #1827 ), #5635, .F. ) ;
#2200 = DIRECTION ( 'NONE',  ( 3.469446951953613400E-15, 1.000000000000000000, 0.000000000000000000 ) ) ;
#2201 = EDGE_LOOP ( 'NONE', ( #589, #3172 ) ) ;
#2202 = VECTOR ( 'NONE', #4428, 1000.000000000000000 ) ;
#2203 = CIRCLE ( 'NONE', #4917, 4.500000000000003553 ) ;
#2204 = EDGE_CURVE ( 'NONE', #57, #2006, #823, .T. ) ;
#2205 = CARTESIAN_POINT ( 'NONE',  ( -262.4748737341429319, 5.000000000000910383, -262.4748737341429319 ) ) ;
#2206 = ORIENTED_EDGE ( 'NONE', *, *, #3397, .F. ) ;
#2207 = SECURITY_CLASSIFICATION_LEVEL ( 'unclassified' ) ;
#2208 = AXIS2_PLACEMENT_3D ( 'NONE', #3100, #6425, #2537 ) ;
#2209 = AXIS2_PLACEMENT_3D ( 'NONE', #2368, #3895, #1726 ) ;
#2210 = MANIFOLD_SOLID_BREP ( 'Rectangular tube 75 X 50 X 3[1]', #5827 ) ;
#2211 = EDGE_LOOP ( 'NONE', ( #5958, #3438 ) ) ;
#2212 = ORIENTED_EDGE ( 'NONE', *, *, #1116, .T. ) ;
#2213 = VECTOR ( 'NONE', #948, 1000.000000000000000 ) ;
#2214 = CYLINDRICAL_SURFACE ( 'NONE', #2912, 3.299999999999998934 ) ;
#2215 = AXIS2_PLACEMENT_3D ( 'NONE', #5018, #4502, #125 ) ;
#2216 = EDGE_LOOP ( 'NONE', ( #3353, #3416, #1221, #99 ) ) ;
#2217 = CARTESIAN_POINT ( 'NONE',  ( 350.0000000000000000, 14.99999999999987921, -562.5000000000001137 ) ) ;
#2218 = EDGE_CURVE ( 'NONE', #519, #730, #708, .T. ) ;
#2219 = ADVANCED_FACE ( 'NONE', ( #5594 ), #1717, .F. ) ;
#2220 = AXIS2_PLACEMENT_3D ( 'NONE', #6675, #1811, #3981 ) ;
#2221 = DIRECTION ( 'NONE',  ( 1.000000000000000000, 0.000000000000000000, 0.000000000000000000 ) ) ;
#2222 = VECTOR ( 'NONE', #649, 1000.000000000000000 ) ;
#2223 = DIRECTION ( 'NONE',  ( 0.000000000000000000, 0.000000000000000000, 1.000000000000000000 ) ) ;
#2224 = ORIENTED_EDGE ( 'NONE', *, *, #3320, .T. ) ;
#2225 = MANIFOLD_SOLID_BREP ( 'Cut-Extrude1', #1603 ) ;
#2226 = DIRECTION ( 'NONE',  ( 3.469446951953613400E-15, 1.000000000000000000, -0.000000000000000000 ) ) ;
#2227 = CARTESIAN_POINT ( 'NONE',  ( 182.2584221177696122, 19.66053196672166692, -563.6451921519147845 ) ) ;
#2228 = AXIS2_PLACEMENT_3D ( 'NONE', #5567, #134, #2364 ) ;
#2229 = DIRECTION ( 'NONE',  ( -0.000000000000000000, 1.000000000000000000, -0.000000000000000000 ) ) ;
#2230 = EDGE_CURVE ( 'NONE', #4223, #7046, #2876, .T. ) ;
#2231 = EDGE_CURVE ( 'NONE', #3128, #5235, #63, .T. ) ;
#2232 = DIRECTION ( 'NONE',  ( -0.000000000000000000, 1.000000000000000000, -0.000000000000000000 ) ) ;
#2233 = DIRECTION ( 'NONE',  ( -0.000000000000000000, 1.000000000000000000, -0.000000000000000000 ) ) ;
#2234 = DIRECTION ( 'NONE',  ( 0.000000000000000000, 0.000000000000000000, 1.000000000000000000 ) ) ;
#2235 = CARTESIAN_POINT ( 'NONE',  ( 181.4775074303359474, 18.57507229267735127, -36.84149415580459674 ) ) ;
#2236 = LOCAL_TIME ( 2, 14, 25.00000000000000000, #5467 ) ;
#2237 = CARTESIAN_POINT ( 'NONE',  ( 51.61879502661659558, -1.047772979489991485E-12, -267.1187950266162261 ) ) ;
#2238 = FACE_BOUND ( 'NONE', #2107, .T. ) ;
#2239 = DIRECTION ( 'NONE',  ( -7.690840992182485042E-23, -4.235164736271500755E-22, 1.000000000000000000 ) ) ;
#2240 = ORIENTED_EDGE ( 'NONE', *, *, #2463, .T. ) ;
#2241 = APPROVAL_DATE_TIME ( #3944, #4124 ) ;
#2242 = AXIS2_PLACEMENT_3D ( 'NONE', #3440, #6821, #6298 ) ;
#2243 = DIRECTION ( 'NONE',  ( 0.000000000000000000, 0.000000000000000000, 1.000000000000000000 ) ) ;
#2244 = LOCAL_TIME ( 2, 14, 25.00000000000000000, #6543 ) ;
#2245 = VECTOR ( 'NONE', #6331, 1000.000000000000000 ) ;
#2246 = PLANE ( 'NONE',  #5836 ) ;
#2247 = CARTESIAN_POINT ( 'NONE',  ( 180.8833479152630730, -17.33111287727434302, -562.7654350760678881 ) ) ;
#2248 = EDGE_LOOP ( 'NONE', ( #938, #6968, #1391, #176 ) ) ;
#2249 = DIRECTION ( 'NONE',  ( -0.7071067811865474617, 2.452939853338552047E-15, 0.7071067811865474617 ) ) ;
#2250 = EDGE_CURVE ( 'NONE', #5066, #1395, #1039, .T. ) ;
#2251 = VERTEX_POINT ( 'NONE', #5803 ) ;
#2252 = ADVANCED_FACE ( 'NONE', ( #4141, #1967 ), #910, .T. ) ;
#2253 = EDGE_CURVE ( 'NONE', #6152, #6348, #6352, .T. ) ;
#2254 = ORIENTED_EDGE ( 'NONE', *, *, #2832, .T. ) ;
#2255 = ADVANCED_FACE ( 'NONE', ( #1455 ), #1346, .F. ) ;
#2256 = VERTEX_POINT ( 'NONE', #237 ) ;
#2257 = CARTESIAN_POINT ( 'NONE',  ( 0.000000000000000000, 5.000000000000000888, -1.110223024625156540E-13 ) ) ;
#2258 = ORIENTED_EDGE ( 'NONE', *, *, #2887, .T. ) ;
#2259 =( NAMED_UNIT ( * ) PLANE_ANGLE_UNIT ( ) SI_UNIT ( $, .RADIAN. ) );
#2260 = CARTESIAN_POINT ( 'NONE',  ( 181.4628873511624079, -18.57174344496446849, -36.84920212957646868 ) ) ;
#2261 = EDGE_CURVE ( 'NONE', #2095, #3699, #6302, .T. ) ;
#2262 = CIRCLE ( 'NONE', #2366, 3.500000000006990408 ) ;
#2263 = CARTESIAN_POINT ( 'NONE',  ( 350.0000000000000000, -22.00000000000200728, -565.3585715714590378 ) ) ;
#2264 = CARTESIAN_POINT ( 'NONE',  ( 242.5000000000000568, 21.99999999999991829, -599.9999999999998863 ) ) ;
#2265 = VERTEX_POINT ( 'NONE', #3642 ) ;
#2266 = DIRECTION ( 'NONE',  ( -0.000000000000000000, 3.532527805625498298E-15, -1.000000000000000000 ) ) ;
#2267 = ORIENTED_EDGE ( 'NONE', *, *, #6649, .F. ) ;
#2268 = AXIS2_PLACEMENT_3D ( 'NONE', #5608, #3436, #2892 ) ;
#2269 = CARTESIAN_POINT ( 'NONE',  ( 187.4999999999998863, -25.00000000000011013, -572.5000000000003411 ) ) ;
#2270 = LINE ( 'NONE', #3203, #1416 ) ;
#2271 = LINE ( 'NONE', #4470, #4706 ) ;
#2272 = LINE ( 'NONE', #71, #177 ) ;
#2273 = FACE_BOUND ( 'NONE', #303, .T. ) ;
#2274 = AXIS2_PLACEMENT_3D ( 'NONE', #1963, #3603, #6719 ) ;
#2275 = DIRECTION ( 'NONE',  ( -0.000000000000000000, 1.000000000000000000, -0.000000000000000000 ) ) ;
#2276 = EDGE_LOOP ( 'NONE', ( #2924, #6702, #3278, #4259 ) ) ;
#2277 = DIRECTION ( 'NONE',  ( -0.000000000000000000, 1.000000000000000000, -0.000000000000000000 ) ) ;
#2278 = PLANE ( 'NONE',  #1390 ) ;
#2279 = AXIS2_PLACEMENT_3D ( 'NONE', #1404, #2450, #2900 ) ;
#2280 = ORIENTED_EDGE ( 'NONE', *, *, #405, .F. ) ;
#2281 = EDGE_CURVE ( 'NONE', #75, #6494, #1504, .T. ) ;
#2282 = DIRECTION ( 'NONE',  ( 0.000000000000000000, 0.000000000000000000, 1.000000000000000000 ) ) ;
#2283 = DIRECTION ( 'NONE',  ( 0.000000000000000000, 0.000000000000000000, 1.000000000000000000 ) ) ;
#2284 = ORIENTED_EDGE ( 'NONE', *, *, #3466, .T. ) ;
#2285 = AXIS2_PLACEMENT_3D ( 'NONE', #4102, #3533, #6757 ) ;
#2286 = EDGE_LOOP ( 'NONE', ( #3961, #634, #108, #3154 ) ) ;
#2287 = ORIENTED_EDGE ( 'NONE', *, *, #3736, .T. ) ;
#2288 = CARTESIAN_POINT ( 'NONE',  ( -185.6312686644260452, 21.74991921826014263, -34.87883541365700779 ) ) ;
#2289 = ORIENTED_EDGE ( 'NONE', *, *, #5217, .F. ) ;
#2290 = CC_DESIGN_DATE_AND_TIME_ASSIGNMENT ( #3045, #1442, ( #1542 ) ) ;
#2291 = PERSON_AND_ORGANIZATION ( #3381, #1066 ) ;
#2292 = CARTESIAN_POINT ( 'NONE',  ( 250.0000000000000000, -14.99999999999991296, -27.50000000000004974 ) ) ;
#2293 = CARTESIAN_POINT ( 'NONE',  ( 0.000000000000000000, 5.000000000000000888, -600.0000000000001137 ) ) ;
#2294 = EDGE_CURVE ( 'NONE', #4607, #6887, #6831, .T. ) ;
#2295 = DIRECTION ( 'NONE',  ( 0.000000000000000000, 0.000000000000000000, 1.000000000000000000 ) ) ;
#2296 = EDGE_LOOP ( 'NONE', ( #856, #5346, #4878, #693 ) ) ;
#2297 = DIRECTION ( 'NONE',  ( -1.158639454543361089E-30, 1.912833620765402649E-30, -1.000000000000000000 ) ) ;
#2298 = ORIENTED_EDGE ( 'NONE', *, *, #5019, .F. ) ;
#2299 = EDGE_CURVE ( 'NONE', #2581, #1823, #2426, .T. ) ;
#2300 = DIRECTION ( 'NONE',  ( -0.000000000000000000, 1.000000000000000000, -0.000000000000000000 ) ) ;
#2301 = DIRECTION ( 'NONE',  ( 0.000000000000000000, 0.000000000000000000, -1.000000000000000000 ) ) ;
#2302 = DIRECTION ( 'NONE',  ( 0.000000000000000000, 0.000000000000000000, 1.000000000000000000 ) ) ;
#2303 = CYLINDRICAL_SURFACE ( 'NONE', #715, 4.500000000000003553 ) ;
#2304 = CARTESIAN_POINT ( 'NONE',  ( 186.3208577706736548, 21.90400402829006410, -34.73456913599101625 ) ) ;
#2305 = VERTEX_POINT ( 'NONE', #6280 ) ;
#2306 = FACE_BOUND ( 'NONE', #1414, .T. ) ;
#2307 = CARTESIAN_POINT ( 'NONE',  ( -214.9999999999999716, 5.000000000000000888, -1.110223024625156540E-13 ) ) ;
#2308 = ORIENTED_EDGE ( 'NONE', *, *, #6975, .T. ) ;
#2309 = FACE_OUTER_BOUND ( 'NONE', #5128, .T. ) ;
#2310 = DIRECTION ( 'NONE',  ( 0.000000000000000000, 0.000000000000000000, 1.000000000000000000 ) ) ;
#2311 = DIRECTION ( 'NONE',  ( 0.7071067811865520136, -2.452939853338568613E-15, 0.7071067811865431318 ) ) ;
#2312 = DIRECTION ( 'NONE',  ( -7.690840992182485042E-23, -4.235164736271500755E-22, 1.000000000000000000 ) ) ;
#2313 = AXIS2_PLACEMENT_3D ( 'NONE', #239, #3502, #5211 ) ;
#2314 = ORIENTED_EDGE ( 'NONE', *, *, #4515, .F. ) ;
#2315 = EDGE_CURVE ( 'NONE', #4343, #5356, #1314, .T. ) ;
#2316 = VECTOR ( 'NONE', #1251, 1000.000000000000000 ) ;
#2317 = VERTEX_POINT ( 'NONE', #4574 ) ;
#2318 = EDGE_LOOP ( 'NONE', ( #931, #6379, #4218, #6863 ) ) ;
#2319 = CARTESIAN_POINT ( 'NONE',  ( 112.9999999999999289, -2.380040609040179334E-12, -407.0000000000002842 ) ) ;
#2320 = ORIENTED_EDGE ( 'NONE', *, *, #1485, .T. ) ;
#2321 = PERSON_AND_ORGANIZATION ( #3381, #1066 ) ;
#2322 = CIRCLE ( 'NONE', #1985, 20.00000000000000000 ) ;
#2323 = DIRECTION ( 'NONE',  ( -7.690840992182485042E-23, -4.235164736271500755E-22, 1.000000000000000000 ) ) ;
#2324 = CC_DESIGN_DATE_AND_TIME_ASSIGNMENT ( #6495, #5331, ( #2346 ) ) ;
#2325 = CYLINDRICAL_SURFACE ( 'NONE', #3675, 4.500000000000003553 ) ;
#2326 = AXIS2_PLACEMENT_3D ( 'NONE', #3721, #4680, #820 ) ;
#2327 = ORIENTED_EDGE ( 'NONE', *, *, #5461, .T. ) ;
#2328 = CIRCLE ( 'NONE', #5963, 6.250000000000005329 ) ;
#2329 = EDGE_CURVE ( 'NONE', #5102, #6793, #5171, .T. ) ;
#2330 = LINE ( 'NONE', #1274, #117 ) ;
#2331 = EDGE_LOOP ( 'NONE', ( #549, #250, #585, #6446, #5521, #5731, #927, #4488 ) ) ;
#2332 = CARTESIAN_POINT ( 'NONE',  ( -214.9999999999999716, -4.111294638065032814E-12, -600.0000000000001137 ) ) ;
#2333 = LINE ( 'NONE', #2365, #4490 ) ;
#2334 = CIRCLE ( 'NONE', #36, 2.750000000000030198 ) ;
#2335 = DIRECTION ( 'NONE',  ( -7.690840992182485042E-23, -4.235164736271500755E-22, 1.000000000000000000 ) ) ;
#2336 = ADVANCED_FACE ( 'NONE', ( #278 ), #1418, .F. ) ;
#2337 = CARTESIAN_POINT ( 'NONE',  ( -39.24442635585395323, 5.000000000000135891, -485.7053211124311360 ) ) ;
#2338 = EDGE_LOOP ( 'NONE', ( #385, #4542 ) ) ;
#2339 = FACE_OUTER_BOUND ( 'NONE', #6740, .T. ) ;
#2340 = AXIS2_PLACEMENT_3D ( 'NONE', #6254, #1832, #6178 ) ;
#2341 = CARTESIAN_POINT ( 'NONE',  ( -249.2610826345641044, -16.87319825676941676, -37.33399981456580008 ) ) ;
#2342 = ORIENTED_EDGE ( 'NONE', *, *, #3679, .F. ) ;
#2343 = APPLICATION_PROTOCOL_DEFINITION ( 'international standard', 'config_control_design', 1994, #4182 ) ;
#2344 = CARTESIAN_POINT ( 'NONE',  ( -187.4999999999998863, 21.99999999999992184, -599.9999999999998863 ) ) ;
#2345 = DIRECTION ( 'NONE',  ( 1.000000000000000000, 0.000000000000000000, 0.000000000000000000 ) ) ;
#2346 = SECURITY_CLASSIFICATION ( '', '', #2612 ) ;
#2347 = EDGE_CURVE ( 'NONE', #1619, #2828, #6796, .T. ) ;
#2348 = DIRECTION ( 'NONE',  ( -0.000000000000000000, 1.000000000000000000, -0.000000000000000000 ) ) ;
#2349 = ORIENTED_EDGE ( 'NONE', *, *, #5336, .T. ) ;
#2350 = VECTOR ( 'NONE', #5278, 1000.000000000000000 ) ;
#2351 = EDGE_LOOP ( 'NONE', ( #5581, #6467, #4808, #6991 ) ) ;
#2352 = ORIENTED_EDGE ( 'NONE', *, *, #2474, .T. ) ;
#2353 = CARTESIAN_POINT ( 'NONE',  ( -183.2283954979961038, 20.56308572749119890, -35.81525571345722625 ) ) ;
#2354 = EDGE_LOOP ( 'NONE', ( #5664, #4904, #5516, #908 ) ) ;
#2355 = APPLICATION_CONTEXT ( 'configuration controlled 3d designs of mechanical parts and assemblies' ) ;
#2356 = CARTESIAN_POINT ( 'NONE',  ( 242.4999999999998863, -22.00000000000011013, -600.0000000000000000 ) ) ;
#2357 = CYLINDRICAL_SURFACE ( 'NONE', #1270, 10.00000000000000888 ) ;
#2358 = CIRCLE ( 'NONE', #6901, 2.749999999999974687 ) ;
#2359 = CARTESIAN_POINT ( 'NONE',  ( 214.9999999999999432, 5.000000000000000888, -599.9999999999998863 ) ) ;
#2360 = ORIENTED_EDGE ( 'NONE', *, *, #5727, .T. ) ;
#2361 = PLANE ( 'NONE',  #2968 ) ;
#2362 = VERTEX_POINT ( 'NONE', #3608 ) ;
#2363 = ORIENTED_EDGE ( 'NONE', *, *, #3607, .F. ) ;
#2364 = DIRECTION ( 'NONE',  ( 0.000000000000000000, 0.000000000000000000, 1.000000000000000000 ) ) ;
#2365 = CARTESIAN_POINT ( 'NONE',  ( -249.5000000000000568, -15.00000000000003020, -562.5000000000000000 ) ) ;
#2366 = AXIS2_PLACEMENT_3D ( 'NONE', #2407, #4588, #1881 ) ;
#2367 = CARTESIAN_POINT ( 'NONE',  ( 250.0000000000000000, 14.99999999999988809, 34.50000000000004974 ) ) ;
#2368 = CARTESIAN_POINT ( 'NONE',  ( 6.999999999999700684, 4.999999999999976907, -407.0000000000002842 ) ) ;
#2369 = CARTESIAN_POINT ( 'NONE',  ( 250.0000000000000000, -14.99999999999988809, -34.50000000000004974 ) ) ;
#2370 = VERTEX_POINT ( 'NONE', #882 ) ;
#2371 = AXIS2_PLACEMENT_3D ( 'NONE', #1602, #1433, #3036 ) ;
#2372 = CARTESIAN_POINT ( 'NONE',  ( 34.99999999999948130, -4.350686477749832193E-12, -519.9999999999785132 ) ) ;
#2373 = CYLINDRICAL_SURFACE ( 'NONE', #5649, 4.500000000000003553 ) ;
#2374 = ORIENTED_EDGE ( 'NONE', *, *, #970, .F. ) ;
#2375 = CARTESIAN_POINT ( 'NONE',  ( -214.9999999999999716, -4.111294638065032814E-12, 3.299999999999886136 ) ) ;
#2376 = VECTOR ( 'NONE', #5448, 1000.000000000000000 ) ;
#2377 = CARTESIAN_POINT ( 'NONE',  ( -249.5000000000000568, -14.99999999999989342, -599.9999999999998863 ) ) ;
#2378 = EDGE_CURVE ( 'NONE', #1754, #1217, #1816, .T. ) ;
#2379 = ORIENTED_EDGE ( 'NONE', *, *, #915, .F. ) ;
#2380 = CARTESIAN_POINT ( 'NONE',  ( -187.4999999999999432, 25.00000000000011013, -27.49999999999996803 ) ) ;
#2381 = ORIENTED_EDGE ( 'NONE', *, *, #5477, .F. ) ;
#2382 = EDGE_CURVE ( 'NONE', #733, #4759, #1363, .T. ) ;
#2383 = CIRCLE ( 'NONE', #3751, 3.299999999999969624 ) ;
#2384 = CARTESIAN_POINT ( 'NONE',  ( 215.0000000000000568, 21.99999999999850075, -600.0000000000000000 ) ) ;
#2385 = ORIENTED_EDGE ( 'NONE', *, *, #4330, .F. ) ;
#2386 = ORIENTED_EDGE ( 'NONE', *, *, #3521, .T. ) ;
#2387 = ORIENTED_EDGE ( 'NONE', *, *, #3169, .T. ) ;
#2388 = DIRECTION ( 'NONE',  ( 0.000000000000000000, 0.000000000000000000, 1.000000000000000000 ) ) ;
#2389 = VERTEX_POINT ( 'NONE', #446 ) ;
#2390 = LINE ( 'NONE', #5560, #6317 ) ;
#2391 = DIRECTION ( 'NONE',  ( -0.000000000000000000, 1.000000000000000000, -0.000000000000000000 ) ) ;
#2392 = DIRECTION ( 'NONE',  ( -0.000000000000000000, 1.000000000000000000, -0.000000000000000000 ) ) ;
#2393 = ORIENTED_EDGE ( 'NONE', *, *, #5241, .T. ) ;
#2394 = DIRECTION ( 'NONE',  ( -0.000000000000000000, 3.532527805625498298E-15, -1.000000000000000000 ) ) ;
#2395 = ORIENTED_EDGE ( 'NONE', *, *, #1279, .T. ) ;
#2396 = ORIENTED_EDGE ( 'NONE', *, *, #5622, .T. ) ;
#2397 = CARTESIAN_POINT ( 'NONE',  ( 245.6511214321940884, 21.26695770379871320, -35.29606179266647104 ) ) ;
#2398 = DIRECTION ( 'NONE',  ( 0.000000000000000000, 0.000000000000000000, 1.000000000000000000 ) ) ;
#2399 = DIRECTION ( 'NONE',  ( 1.586032892321652236E-16, -3.700743415417186364E-15, 1.000000000000000000 ) ) ;
#2400 = CARTESIAN_POINT ( 'NONE',  ( 8.831319514063479347E-14, 24.99999999999924682, -600.0000000000000000 ) ) ;
#2401 = VERTEX_POINT ( 'NONE', #4283 ) ;
#2402 = LINE ( 'NONE', #3941, #3624 ) ;
#2403 = CARTESIAN_POINT ( 'NONE',  ( 51.96152422706634866, 30.00000000000008171, -5.000000000000060396 ) ) ;
#2404 = DIRECTION ( 'NONE',  ( 1.000000000000000000, 0.000000000000000000, 0.000000000000000000 ) ) ;
#2405 = SHAPE_REPRESENTATION ( 'wheel bracket', ( #951 ), #2779 ) ;
#2406 = ORIENTED_EDGE ( 'NONE', *, *, #5080, .T. ) ;
#2407 = CARTESIAN_POINT ( 'NONE',  ( -31.81980515339553861, 5.000000000000111910, -551.8198051533722719 ) ) ;
#2408 = CARTESIAN_POINT ( 'NONE',  ( -51.61879502661898300, 5.000000000000181188, -267.1187950266201483 ) ) ;
#2409 = CARTESIAN_POINT ( 'NONE',  ( -187.0259159506493916, -21.98792370224591508, -34.65332335129683372 ) ) ;
#2410 = CARTESIAN_POINT ( 'NONE',  ( 1.270641034760808889E-12, 5.000000000000000888, -142.5000000000021032 ) ) ;
#2411 = CARTESIAN_POINT ( 'NONE',  ( 249.4384457437815001, 15.95671378532266615, -562.5430064948892550 ) ) ;
#2412 = ORIENTED_EDGE ( 'NONE', *, *, #1446, .F. ) ;
#2413 = ADVANCED_FACE ( 'NONE', ( #6445 ), #1564, .T. ) ;
#2414 = AXIS2_PLACEMENT_3D ( 'NONE', #3723, #2667, #5453 ) ;
#2415 = DIRECTION ( 'NONE',  ( 0.000000000000000000, 0.000000000000000000, 1.000000000000000000 ) ) ;
#2416 = EDGE_CURVE ( 'NONE', #1667, #4408, #2753, .T. ) ;
#2417 = EDGE_LOOP ( 'NONE', ( #1432, #7028 ) ) ;
#2418 = EDGE_LOOP ( 'NONE', ( #2594, #2289, #5090, #3410 ) ) ;
#2419 = CIRCLE ( 'NONE', #3563, 2.749999999999974687 ) ;
#2420 = VERTEX_POINT ( 'NONE', #3222 ) ;
#2421 = CARTESIAN_POINT ( 'NONE',  ( -242.4999999999999432, 21.99999999999837641, -34.64142842854445092 ) ) ;
#2422 = VECTOR ( 'NONE', #5063, 1000.000000000000000 ) ;
#2423 = CIRCLE ( 'NONE', #9, 7.000000000000006217 ) ;
#2424 = CARTESIAN_POINT ( 'NONE',  ( 6.999999999999825917, -2.012279232133096230E-12, -442.9999999999999432 ) ) ;
#2425 = ADVANCED_FACE ( 'NONE', ( #3415 ), #4452, .F. ) ;
#2426 = LINE ( 'NONE', #3570, #6184 ) ;
#2427 = EDGE_LOOP ( 'NONE', ( #3943, #1888, #2287, #367 ) ) ;
#2428 = CARTESIAN_POINT ( 'NONE',  ( -1.705522753754266706E-13, -8.673617379884035472E-13, -293.0000000000001137 ) ) ;
#2429 = ORIENTED_EDGE ( 'NONE', *, *, #3378, .T. ) ;
#2430 = ORIENTED_EDGE ( 'NONE', *, *, #6812, .F. ) ;
#2431 = DIRECTION ( 'NONE',  ( -0.000000000000000000, 1.000000000000000000, -0.000000000000000000 ) ) ;
#2432 = DIRECTION ( 'NONE',  ( -1.000000000000000000, 3.700744544794450685E-15, 7.995217608207856944E-23 ) ) ;
#2433 = DIRECTION ( 'NONE',  ( 0.7071067811865554553, -2.452939853338579657E-15, -0.7071067811865395791 ) ) ;
#2434 = AXIS2_PLACEMENT_3D ( 'NONE', #1460, #3646, #5811 ) ;
#2435 = DIRECTION ( 'NONE',  ( -3.700744544794450685E-15, -1.000000000000000000, -3.700743274245029804E-15 ) ) ;
#2436 = LINE ( 'NONE', #4623, #6227 ) ;
#2437 = PRODUCT ( 'wheel bracket', 'wheel bracket', '', ( #871 ) ) ;
#2438 = ORIENTED_EDGE ( 'NONE', *, *, #3600, .F. ) ;
#2439 = DIRECTION ( 'NONE',  ( -0.7071067811864855113, 2.452939853338337871E-15, -0.7071067811866095232 ) ) ;
#2440 = EDGE_CURVE ( 'NONE', #5262, #2317, #4810, .T. ) ;
#2441 = EDGE_CURVE ( 'NONE', #3848, #3013, #3916, .T. ) ;
#2442 = DIRECTION ( 'NONE',  ( -0.000000000000000000, 1.000000000000000000, -0.000000000000000000 ) ) ;
#2443 = VECTOR ( 'NONE', #3406, 1000.000000000000000 ) ;
#2444 = VERTEX_POINT ( 'NONE', #1744 ) ;
#2445 = DIRECTION ( 'NONE',  ( 1.000000000000000000, 0.000000000000000000, 0.000000000000000000 ) ) ;
#2446 = CARTESIAN_POINT ( 'NONE',  ( -182.2556807756094486, -19.65778353193179484, -36.35637088626736357 ) ) ;
#2447 = DIRECTION ( 'NONE',  ( 0.000000000000000000, 0.000000000000000000, 1.000000000000000000 ) ) ;
#2448 = AXIS2_PLACEMENT_3D ( 'NONE', #5893, #2048, #455 ) ;
#2449 = ORIENTED_EDGE ( 'NONE', *, *, #3956, .F. ) ;
#2450 = DIRECTION ( 'NONE',  ( -0.000000000000000000, 1.000000000000000000, -0.000000000000000000 ) ) ;
#2451 = ORIENTED_EDGE ( 'NONE', *, *, #6033, .T. ) ;
#2452 = CALENDAR_DATE ( 2026, 24, 3 ) ;
#2453 = VECTOR ( 'NONE', #2433, 1000.000000000000000 ) ;
#2454 = CARTESIAN_POINT ( 'NONE',  ( -250.0000000000000000, -14.99999999999987743, -37.50000000000006395 ) ) ;
#2455 = CARTESIAN_POINT ( 'NONE',  ( 4.041334437186264524E-16, 5.000000000000000888, -603.3000000000000682 ) ) ;
#2456 = VERTEX_POINT ( 'NONE', #3340 ) ;
#2457 = VECTOR ( 'NONE', #1843, 1000.000000000000000 ) ;
#2458 = LOCAL_TIME ( 2, 14, 25.00000000000000000, #4986 ) ;
#2459 = ADVANCED_FACE ( 'NONE', ( #629 ), #1082, .F. ) ;
#2460 = CARTESIAN_POINT ( 'NONE',  ( -350.0000000000000000, 15.00000000000013856, -637.5000000000000000 ) ) ;
#2461 = EDGE_LOOP ( 'NONE', ( #5093, #4317 ) ) ;
#2462 = CYLINDRICAL_SURFACE ( 'NONE', #840, 3.299999999999969624 ) ;
#2463 = EDGE_CURVE ( 'NONE', #2305, #5487, #11, .T. ) ;
#2464 = AXIS2_PLACEMENT_3D ( 'NONE', #3991, #732, #1709 ) ;
#2465 = CARTESIAN_POINT ( 'NONE',  ( -214.9999999999998863, 24.99999999999999289, -3.300000000000108180 ) ) ;
#2466 = DIRECTION ( 'NONE',  ( -1.000000000000000000, 3.469446951946684835E-15, 0.000000000000000000 ) ) ;
#2467 = ORIENTED_EDGE ( 'NONE', *, *, #3814, .F. ) ;
#2468 = DIRECTION ( 'NONE',  ( -0.000000000000000000, 1.000000000000000000, -0.000000000000000000 ) ) ;
#2469 = VERTEX_POINT ( 'NONE', #271 ) ;
#2470 = AXIS2_PLACEMENT_3D ( 'NONE', #3870, #1727, #3899 ) ;
#2471 = ORIENTED_EDGE ( 'NONE', *, *, #2944, .F. ) ;
#2472 = CARTESIAN_POINT ( 'NONE',  ( 247.1170119655633641, 20.27996952961165178, -36.00001748584080730 ) ) ;
#2473 = FACE_BOUND ( 'NONE', #6768, .T. ) ;
#2474 = EDGE_CURVE ( 'NONE', #4529, #6829, #5878, .T. ) ;
#2475 = CARTESIAN_POINT ( 'NONE',  ( 177.4999999999999147, -14.99999999999988098, -600.0000000000000000 ) ) ;
#2476 = CARTESIAN_POINT ( 'NONE',  ( -3.322675994799961785, 21.17566288755735826, 5.000000000000004441 ) ) ;
#2477 = ORIENTED_EDGE ( 'NONE', *, *, #7026, .T. ) ;
#2478 = CARTESIAN_POINT ( 'NONE',  ( -180.4999999999999147, 14.99999999999988987, -37.49999999999992184 ) ) ;
#2479 = CARTESIAN_POINT ( 'NONE',  ( -350.0000000000000000, 14.99999999999991296, -572.4999999999998863 ) ) ;
#2480 = CARTESIAN_POINT ( 'NONE',  ( -249.4999999999999147, 15.00000000000012434, -37.49999999999992184 ) ) ;
#2481 = ORIENTED_EDGE ( 'NONE', *, *, #532, .T. ) ;
#2482 = DIRECTION ( 'NONE',  ( -0.000000000000000000, 1.000000000000000000, -0.000000000000000000 ) ) ;
#2483 = CARTESIAN_POINT ( 'NONE',  ( -184.3566847147078533, -21.25853891208340585, -35.30057072799785090 ) ) ;
#2484 = CIRCLE ( 'NONE', #6353, 10.00000000000000888 ) ;
#2485 = CARTESIAN_POINT ( 'NONE',  ( 249.4014406563791795, 16.19412149417502178, -562.5688027689641331 ) ) ;
#2486 = VERTEX_POINT ( 'NONE', #3516 ) ;
#2487 = APPROVAL_DATE_TIME ( #3630, #1984 ) ;
#2488 = CARTESIAN_POINT ( 'NONE',  ( 250.0000000000000000, 0.000000000000000000, -626.5000000000000000 ) ) ;
#2489 =( REPRESENTATION_RELATIONSHIP ('NONE','NONE', #5043, #5546 ) REPRESENTATION_RELATIONSHIP_WITH_TRANSFORMATION ( #76 )SHAPE_REPRESENTATION_RELATIONSHIP( ) );
#2490 = CARTESIAN_POINT ( 'NONE',  ( 181.6421356237309226, -25.00000000000003908, -566.6421356237310647 ) ) ;
#2491 = ORIENTED_EDGE ( 'NONE', *, *, #958, .T. ) ;
#2492 = FACE_OUTER_BOUND ( 'NONE', #1319, .T. ) ;
#2493 = ORIENTED_EDGE ( 'NONE', *, *, #5170, .F. ) ;
#2494 = CARTESIAN_POINT ( 'NONE',  ( -248.8432927912455170, 17.96920520994995485, -37.05158525049217388 ) ) ;
#2495 = DIRECTION ( 'NONE',  ( -3.700744544794450685E-15, -1.000000000000000000, 4.235164736271500755E-22 ) ) ;
#2496 = DIRECTION ( 'NONE',  ( 0.000000000000000000, 0.000000000000000000, 1.000000000000000000 ) ) ;
#2497 = VERTEX_POINT ( 'NONE', #2480 ) ;
#2498 = CARTESIAN_POINT ( 'NONE',  ( -181.2431562985038624, -18.17226971659786372, -563.0063125760135563 ) ) ;
#2499 = DIRECTION ( 'NONE',  ( 1.000000000000000000, -3.532527189601535655E-15, -6.590949271428381056E-23 ) ) ;
#2500 = CARTESIAN_POINT ( 'NONE',  ( -214.9999999999999716, 5.000000000000000888, -3.300000000000108180 ) ) ;
#2501 = EDGE_CURVE ( 'NONE', #2469, #4957, #5082, .T. ) ;
#2502 = EDGE_CURVE ( 'NONE', #5651, #4315, #685, .T. ) ;
#2503 = FACE_OUTER_BOUND ( 'NONE', #2194, .T. ) ;
#2504 = EDGE_CURVE ( 'NONE', #2420, #1660, #1808, .T. ) ;
#2505 = VERTEX_POINT ( 'NONE', #6190 ) ;
#2506 = LINE ( 'NONE', #2695, #5769 ) ;
#2507 = DIRECTION ( 'NONE',  ( 3.469446951953613400E-15, 1.000000000000000000, 0.000000000000000000 ) ) ;
#2508 = FACE_OUTER_BOUND ( 'NONE', #2427, .T. ) ;
#2509 = DIRECTION ( 'NONE',  ( -1.000000000000000000, -0.000000000000000000, 1.586032892321652236E-16 ) ) ;
#2510 = DIRECTION ( 'NONE',  ( -0.000000000000000000, 1.000000000000000000, -0.000000000000000000 ) ) ;
#2511 = EDGE_CURVE ( 'NONE', #4776, #3452, #475, .T. ) ;
#2512 = DATE_AND_TIME ( #91, #2458 ) ;
#2513 = EDGE_CURVE ( 'NONE', #4454, #3746, #3167, .T. ) ;
#2514 = CARTESIAN_POINT ( 'NONE',  ( 8.831319514063479347E-14, 21.99999999999924682, -596.7000000000000455 ) ) ;
#2515 = LINE ( 'NONE', #4693, #4847 ) ;
#2516 = VERTEX_POINT ( 'NONE', #4121 ) ;
#2517 = FACE_OUTER_BOUND ( 'NONE', #6748, .T. ) ;
#2518 = ORIENTED_EDGE ( 'NONE', *, *, #6679, .F. ) ;
#2519 = EDGE_CURVE ( 'NONE', #7009, #660, #5253, .T. ) ;
#2520 = CYLINDRICAL_SURFACE ( 'NONE', #5172, 4.500000000000003553 ) ;
#2521 =( BOUNDED_CURVE ( )  B_SPLINE_CURVE ( 3, ( #6838, #214, #346, #6774 ),
 .UNSPECIFIED., .F., .F. ) 
 B_SPLINE_CURVE_WITH_KNOTS ( ( 4, 4 ),
 ( 3.141592653589790007, 4.712388980384687898 ),
 .UNSPECIFIED. ) 
 CURVE ( )  GEOMETRIC_REPRESENTATION_ITEM ( )  RATIONAL_B_SPLINE_CURVE ( ( 1.000000000000000000, 0.8047378541243646044, 0.8047378541243646044, 1.000000000000000000 ) ) 
 REPRESENTATION_ITEM ( '' )  );
#2522 = CARTESIAN_POINT ( 'NONE',  ( 187.2622880332072270, -21.99999999999992539, -565.3585715714572189 ) ) ;
#2523 = VECTOR ( 'NONE', #1829, 1000.000000000000000 ) ;
#2524 = CARTESIAN_POINT ( 'NONE',  ( -248.8469166514381641, 17.96147677154736044, -562.9460068756865212 ) ) ;
#2525 = ORIENTED_EDGE ( 'NONE', *, *, #5020, .F. ) ;
#2526 = CARTESIAN_POINT ( 'NONE',  ( 250.0000000000000000, 25.00000000000011013, -27.49999999999991473 ) ) ;
#2527 = ORIENTED_EDGE ( 'NONE', *, *, #886, .F. ) ;
#2528 = EDGE_LOOP ( 'NONE', ( #454, #2765, #6937, #1103 ) ) ;
#2529 = VECTOR ( 'NONE', #2810, 1000.000000000000000 ) ;
#2530 = VECTOR ( 'NONE', #6478, 1000.000000000000000 ) ;
#2531 = DIRECTION ( 'NONE',  ( -7.738662371345705779E-23, -3.700742850728556176E-15, 1.000000000000000000 ) ) ;
#2532 = CARTESIAN_POINT ( 'NONE',  ( -242.5000000000000568, 25.00000000000011013, -27.49999999999991473 ) ) ;
#2533 = VECTOR ( 'NONE', #2738, 1000.000000000000000 ) ;
#2534 = VERTEX_POINT ( 'NONE', #2079 ) ;
#2535 = CARTESIAN_POINT ( 'NONE',  ( -180.4999999999999432, 15.48150225914672973, -37.49999999999985789 ) ) ;
#2536 = DIRECTION ( 'NONE',  ( -0.8660254037844380415, -0.5000000000000009992, -4.930380657631322142E-32 ) ) ;
#2537 = DIRECTION ( 'NONE',  ( 0.000000000000000000, 0.000000000000000000, 1.000000000000000000 ) ) ;
#2538 = CIRCLE ( 'NONE', #2208, 3.299999999999969624 ) ;
#2539 = AXIS2_PLACEMENT_3D ( 'NONE', #1872, #4050, #3650 ) ;
#2540 = EDGE_CURVE ( 'NONE', #168, #6765, #2633, .T. ) ;
#2541 = CARTESIAN_POINT ( 'NONE',  ( 262.4748737341384413, 4.999999999999088729, -262.4748737340880780 ) ) ;
#2542 = ORIENTED_EDGE ( 'NONE', *, *, #4946, .T. ) ;
#2543 = CIRCLE ( 'NONE', #2434, 3.500000000000003109 ) ;
#2544 = CARTESIAN_POINT ( 'NONE',  ( -350.0000000000000000, 14.99999999999987743, -562.4999999999998863 ) ) ;
#2545 = ORIENTED_EDGE ( 'NONE', *, *, #6326, .T. ) ;
#2546 = COORDINATED_UNIVERSAL_TIME_OFFSET ( 8, 0, .AHEAD. ) ;
#2547 = EDGE_CURVE ( 'NONE', #1737, #6372, #3911, .T. ) ;
#2548 = VECTOR ( 'NONE', #334, 1000.000000000000000 ) ;
#2549 = DIRECTION ( 'NONE',  ( 3.469446951953613006E-15, 1.000000000000000000, -0.000000000000000000 ) ) ;
#2550 = AXIS2_PLACEMENT_3D ( 'NONE', #2718, #2275, #5465 ) ;
#2551 = CARTESIAN_POINT ( 'NONE',  ( 41.96152422706622787, 47.32050807568884210, 4.999999999999893419 ) ) ;
#2552 = ORIENTED_EDGE ( 'NONE', *, *, #6001, .T. ) ;
#2553 = CARTESIAN_POINT ( 'NONE',  ( -243.6791422293262315, -21.90400402828991488, -565.2654308640093177 ) ) ;
#2554 = AXIS2_PLACEMENT_3D ( 'NONE', #6802, #1943, #4111 ) ;
#2555 = EDGE_LOOP ( 'NONE', ( #4876, #1054, #4854, #4222 ) ) ;
#2556 = CARTESIAN_POINT ( 'NONE',  ( 91.50000000000021316, 5.000000000000000888, -432.5000000000001705 ) ) ;
#2557 = VECTOR ( 'NONE', #4655, 1000.000000000000000 ) ;
#2558 = CARTESIAN_POINT ( 'NONE',  ( 184.5607800188673480, -21.35710599508964336, -564.7798522210040346 ) ) ;
#2559 = CC_DESIGN_SECURITY_CLASSIFICATION ( #6883, ( #7062 ) ) ;
#2560 = EDGE_CURVE ( 'NONE', #2141, #3442, #2538, .T. ) ;
#2561 = CARTESIAN_POINT ( 'NONE',  ( -185.6276725156493228, 21.76143341828066369, -565.1311420861528632 ) ) ;
#2562 = EDGE_LOOP ( 'NONE', ( #1697, #3724, #2176, #3137 ) ) ;
#2563 = CARTESIAN_POINT ( 'NONE',  ( 252.4999999999998863, -15.00000000000014388, -562.5000000000002274 ) ) ;
#2564 = ORIENTED_EDGE ( 'NONE', *, *, #336, .F. ) ;
#2565 = DIRECTION ( 'NONE',  ( -1.158639454543361089E-30, 1.912833620765402649E-30, -1.000000000000000000 ) ) ;
#2566 = VECTOR ( 'NONE', #1247, 1000.000000000000000 ) ;
#2567 = SECURITY_CLASSIFICATION ( '', '', #5518 ) ;
#2568 = CARTESIAN_POINT ( 'NONE',  ( 8.831319514063479347E-14, 24.99999999999924682, 0.000000000000000000 ) ) ;
#2569 = AXIS2_PLACEMENT_3D ( 'NONE', #3597, #6006, #4893 ) ;
#2570 = DIRECTION ( 'NONE',  ( 0.000000000000000000, 0.000000000000000000, -1.000000000000000000 ) ) ;
#2571 = CIRCLE ( 'NONE', #6234, 3.299999999999969624 ) ;
#2572 = EDGE_CURVE ( 'NONE', #781, #2592, #1545, .T. ) ;
#2573 = ORIENTED_EDGE ( 'NONE', *, *, #528, .F. ) ;
#2574 = ORIENTED_EDGE ( 'NONE', *, *, #7045, .T. ) ;
#2575 = DIRECTION ( 'NONE',  ( 1.158639454543361089E-30, 1.912833620765402649E-30, -1.000000000000000000 ) ) ;
#2576 = DIRECTION ( 'NONE',  ( 0.000000000000000000, -1.000000000000000000, 0.000000000000000000 ) ) ;
#2577 = CARTESIAN_POINT ( 'NONE',  ( -187.5000000000000568, -22.00000000000010658, -34.64142842854267457 ) ) ;
#2578 = DIRECTION ( 'NONE',  ( -1.000000000000000000, 3.469446951953611033E-15, 0.000000000000000000 ) ) ;
#2579 = DIRECTION ( 'NONE',  ( -3.469446951953614978E-15, -1.000000000000000000, 0.000000000000000000 ) ) ;
#2580 = CIRCLE ( 'NONE', #880, 3.299999999999997158 ) ;
#2581 = VERTEX_POINT ( 'NONE', #1951 ) ;
#2582 = APPROVAL ( #4665, 'UNSPECIFIED' ) ;
#2583 = DIRECTION ( 'NONE',  ( -1.000000000000000000, -0.000000000000000000, -0.000000000000000000 ) ) ;
#2584 = ORIENTED_EDGE ( 'NONE', *, *, #6893, .T. ) ;
#2585 = PERSON_AND_ORGANIZATION ( #3381, #1066 ) ;
#2586 = EDGE_CURVE ( 'NONE', #5475, #1234, #713, .T. ) ;
#2587 = VECTOR ( 'NONE', #1175, 1000.000000000000000 ) ;
#2588 = DIRECTION ( 'NONE',  ( 1.000000000000000000, -3.700744544794450685E-15, -7.085965169253082379E-23 ) ) ;
#2589 = ORIENTED_EDGE ( 'NONE', *, *, #3200, .F. ) ;
#2590 = EDGE_CURVE ( 'NONE', #2444, #2534, #5894, .T. ) ;
#2591 = CARTESIAN_POINT ( 'NONE',  ( -35.00000000000055422, -4.107825191113079200E-12, -519.9999999999785132 ) ) ;
#2592 = VERTEX_POINT ( 'NONE', #3587 ) ;
#2593 = DIRECTION ( 'NONE',  ( 0.000000000000000000, 0.000000000000000000, 1.000000000000000000 ) ) ;
#2594 = ORIENTED_EDGE ( 'NONE', *, *, #2708, .T. ) ;
#2595 = AXIS2_PLACEMENT_3D ( 'NONE', #6347, #1370, #5733 ) ;
#2596 = FACE_OUTER_BOUND ( 'NONE', #1559, .T. ) ;
#2597 = ORIENTED_EDGE ( 'NONE', *, *, #6268, .T. ) ;
#2598 = ORIENTED_EDGE ( 'NONE', *, *, #6162, .T. ) ;
#2599 = DIRECTION ( 'NONE',  ( 0.000000000000000000, 0.000000000000000000, 1.000000000000000000 ) ) ;
#2600 = DIRECTION ( 'NONE',  ( 1.158639454543361089E-30, -1.912833620765402649E-30, 1.000000000000000000 ) ) ;
#2601 = DIRECTION ( 'NONE',  ( 1.000000000000000000, 0.000000000000000000, -0.000000000000000000 ) ) ;
#2602 = ORIENTED_EDGE ( 'NONE', *, *, #2547, .T. ) ;
#2603 = DIRECTION ( 'NONE',  ( -1.000000000000000000, 0.000000000000000000, -1.158639454543361089E-30 ) ) ;
#2604 = CARTESIAN_POINT ( 'NONE',  ( 249.0000000000000000, 5.000000000000000888, 0.000000000000000000 ) ) ;
#2605 = DIRECTION ( 'NONE',  ( -1.000000000000000000, 3.700744544794450685E-15, 7.085965169253082379E-23 ) ) ;
#2606 = DIRECTION ( 'NONE',  ( 0.000000000000000000, 0.000000000000000000, 1.000000000000000000 ) ) ;
#2607 = FACE_OUTER_BOUND ( 'NONE', #3878, .T. ) ;
#2608 = EDGE_LOOP ( 'NONE', ( #6927, #6661, #3375, #6261, #6218, #5125, #3967, #620 ) ) ;
#2609 = EDGE_CURVE ( 'NONE', #3391, #1591, #929, .T. ) ;
#2610 = CARTESIAN_POINT ( 'NONE',  ( 250.0000000000000000, 15.00000000000014033, -37.49999999999992184 ) ) ;
#2611 = ORIENTED_EDGE ( 'NONE', *, *, #4939, .T. ) ;
#2612 = SECURITY_CLASSIFICATION_LEVEL ( 'unclassified' ) ;
#2613 = DIRECTION ( 'NONE',  ( 1.000000000000000000, 0.000000000000000000, 0.000000000000000000 ) ) ;
#2614 = CARTESIAN_POINT ( 'NONE',  ( 250.0000000000000000, 15.00000000000013856, -37.49999999999995026 ) ) ;
#2615 = ORIENTED_EDGE ( 'NONE', *, *, #6855, .T. ) ;
#2616 = CARTESIAN_POINT ( 'NONE',  ( 8.871732858435342451E-14, 24.99999999999924682, -3.299999999999991385 ) ) ;
#2617 = ADVANCED_FACE ( 'NONE', ( #4194 ), #6945, .F. ) ;
#2618 = VERTEX_POINT ( 'NONE', #1468 ) ;
#2619 = EDGE_CURVE ( 'NONE', #1459, #853, #3039, .T. ) ;
#2620 = EDGE_CURVE ( 'NONE', #2581, #6239, #1394, .T. ) ;
#2621 = CARTESIAN_POINT ( 'NONE',  ( 249.4999999999999147, -15.00000000000012967, -562.5000000000002274 ) ) ;
#2622 = ORIENTED_EDGE ( 'NONE', *, *, #6966, .T. ) ;
#2623 = LINE ( 'NONE', #5372, #6297 ) ;
#2624 = ORIENTED_EDGE ( 'NONE', *, *, #4096, .T. ) ;
#2625 = LINE ( 'NONE', #1534, #4626 ) ;
#2626 = CARTESIAN_POINT ( 'NONE',  ( 182.2562508650826771, -19.65810827845787045, -36.35609410289814036 ) ) ;
#2627 = EDGE_CURVE ( 'NONE', #4575, #4798, #3455, .T. ) ;
#2628 = CARTESIAN_POINT ( 'NONE',  ( 252.5000000000000853, 20.85786437626901346, -37.50000000000010658 ) ) ;
#2629 = LINE ( 'NONE', #6454, #3905 ) ;
#2630 = ORIENTED_EDGE ( 'NONE', *, *, #5817, .F. ) ;
#2631 = AXIS2_PLACEMENT_3D ( 'NONE', #854, #3027, #3610 ) ;
#2632 = FACE_OUTER_BOUND ( 'NONE', #5097, .T. ) ;
#2633 = LINE ( 'NONE', #3689, #828 ) ;
#2634 = VECTOR ( 'NONE', #2833, 1000.000000000000000 ) ;
#2635 = CARTESIAN_POINT ( 'NONE',  ( 250.0000000000001137, 25.00000000000011369, -27.49999999999991473 ) ) ;
#2636 = CIRCLE ( 'NONE', #709, 3.299999999999988720 ) ;
#2637 = CARTESIAN_POINT ( 'NONE',  ( 248.8432927912454886, -17.96920520995000459, -37.05158525049209572 ) ) ;
#2638 = EDGE_CURVE ( 'NONE', #3638, #1639, #365, .T. ) ;
#2639 = ADVANCED_FACE ( 'NONE', ( #2508 ), #1435, .F. ) ;
#2640 = DIRECTION ( 'NONE',  ( 1.000000000000000000, 0.000000000000000000, 0.000000000000000000 ) ) ;
#2641 = VECTOR ( 'NONE', #922, 1000.000000000000000 ) ;
#2642 = AXIS2_PLACEMENT_3D ( 'NONE', #5389, #499, #2675 ) ;
#2643 = ORIENTED_EDGE ( 'NONE', *, *, #1210, .F. ) ;
#2644 = COORDINATED_UNIVERSAL_TIME_OFFSET ( 8, 0, .AHEAD. ) ;
#2645 = DIRECTION ( 'NONE',  ( -1.000000000000000000, 3.469446951953611033E-15, 0.000000000000000000 ) ) ;
#2646 = AXIS2_PLACEMENT_3D ( 'NONE', #2951, #4466, #3543 ) ;
#2647 = VECTOR ( 'NONE', #1573, 1000.000000000000000 ) ;
#2648 = ORIENTED_EDGE ( 'NONE', *, *, #6030, .F. ) ;
#2649 = EDGE_CURVE ( 'NONE', #2863, #2909, #3209, .T. ) ;
#2650 = CARTESIAN_POINT ( 'NONE',  ( -2.151057110211108016E-13, 0.000000000000000000, -219.9999999999995737 ) ) ;
#2651 = CARTESIAN_POINT ( 'NONE',  ( -248.4046824137611225, -18.76621790498525755, -563.2341640627257675 ) ) ;
#2652 = ORIENTED_EDGE ( 'NONE', *, *, #6134, .T. ) ;
#2653 = CIRCLE ( 'NONE', #1524, 35.00000000000002842 ) ;
#2654 = DATE_AND_TIME ( #981, #5196 ) ;
#2655 = CARTESIAN_POINT ( 'NONE',  ( -181.5953175862387354, 18.76621790498519715, -563.2341640627257675 ) ) ;
#2656 = FACE_OUTER_BOUND ( 'NONE', #6204, .T. ) ;
#2657 = ORIENTED_EDGE ( 'NONE', *, *, #3373, .T. ) ;
#2658 = CARTESIAN_POINT ( 'NONE',  ( 187.5000000000000284, 15.00000000000010481, -600.0000000000000000 ) ) ;
#2659 =( BOUNDED_CURVE ( )  B_SPLINE_CURVE ( 3, ( #5728, #2490, #771, #4667 ),
 .UNSPECIFIED., .F., .F. ) 
 B_SPLINE_CURVE_WITH_KNOTS ( ( 4, 4 ),
 ( 4.712388980384687009, 6.283185307179586232 ),
 .UNSPECIFIED. ) 
 CURVE ( )  GEOMETRIC_REPRESENTATION_ITEM ( )  RATIONAL_B_SPLINE_CURVE ( ( 1.000000000000000000, 0.8047378541243643824, 0.8047378541243643824, 1.000000000000000000 ) ) 
 REPRESENTATION_ITEM ( '' )  );
#2660 = ADVANCED_FACE ( 'NONE', ( #1503 ), #425, .F. ) ;
#2661 = DIRECTION ( 'NONE',  ( 1.000000000000000000, 0.000000000000000000, 0.000000000000000000 ) ) ;
#2662 = PLANE ( 'NONE',  #4040 ) ;
#2663 = CIRCLE ( 'NONE', #3707, 3.299999999999969624 ) ;
#2664 = FACE_OUTER_BOUND ( 'NONE', #1581, .T. ) ;
#2665 = EDGE_CURVE ( 'NONE', #2497, #3029, #1613, .T. ) ;
#2666 = CARTESIAN_POINT ( 'NONE',  ( 180.4999999999998863, -15.00000000000003020, -562.5000000000002274 ) ) ;
#2667 = DIRECTION ( 'NONE',  ( 1.158639454543361089E-30, -1.912833620765402649E-30, 1.000000000000000000 ) ) ;
#2668 = ORIENTED_EDGE ( 'NONE', *, *, #5488, .F. ) ;
#2669 = PRODUCT_DEFINITION_FORMATION_WITH_SPECIFIED_SOURCE ( 'ANY', '', #2437, .NOT_KNOWN. ) ;
#2670 = EDGE_CURVE ( 'NONE', #6829, #5790, #5927, .T. ) ;
#2671 = DIRECTION ( 'NONE',  ( 0.000000000000000000, 0.000000000000000000, 1.000000000000000000 ) ) ;
#2672 = CARTESIAN_POINT ( 'NONE',  ( 350.0000000000000000, 15.00000000000013856, -637.5000000000001137 ) ) ;
#2673 = DIRECTION ( 'NONE',  ( 0.000000000000000000, 0.000000000000000000, -1.000000000000000000 ) ) ;
#2674 = AXIS2_PLACEMENT_3D ( 'NONE', #6003, #1692, #34 ) ;
#2675 = DIRECTION ( 'NONE',  ( 0.000000000000000000, 0.000000000000000000, -1.000000000000000000 ) ) ;
#2676 = DIRECTION ( 'NONE',  ( 1.000000000000000000, 0.000000000000000000, 0.000000000000000000 ) ) ;
#2677 = LINE ( 'NONE', #4331, #3836 ) ;
#2678 = LINE ( 'NONE', #1730, #872 ) ;
#2679 = CARTESIAN_POINT ( 'NONE',  ( -214.9999999999999716, 5.000000000000000888, -296.7000000000001023 ) ) ;
#2680 = ORIENTED_EDGE ( 'NONE', *, *, #4696, .F. ) ;
#2681 = DATE_AND_TIME ( #974, #6540 ) ;
#2682 = CARTESIAN_POINT ( 'NONE',  ( 350.0000000000000000, 14.99999999999987921, -562.5000000000000000 ) ) ;
#2683 = DIRECTION ( 'NONE',  ( -3.700744544794450685E-15, -1.000000000000000000, -3.700742850728556176E-15 ) ) ;
#2684 = EDGE_LOOP ( 'NONE', ( #3618, #4768, #1745, #4505 ) ) ;
#2685 = CARTESIAN_POINT ( 'NONE',  ( -350.0000000000000000, 14.99999999999988809, -565.4999999999998863 ) ) ;
#2686 = CYLINDRICAL_SURFACE ( 'NONE', #3832, 10.00000000000000533 ) ;
#2687 = FACE_BOUND ( 'NONE', #1107, .T. ) ;
#2688 = EDGE_LOOP ( 'NONE', ( #4346, #5184, #1421, #2206 ) ) ;
#2689 = AXIS2_PLACEMENT_3D ( 'NONE', #3132, #3647, #2601 ) ;
#2690 = CONTEXT_DEPENDENT_SHAPE_REPRESENTATION ( #5763, #4094 ) ;
#2691 = CARTESIAN_POINT ( 'NONE',  ( -244.3692932161893907, 21.74972241005221818, -565.1209909236564499 ) ) ;
#2692 = ORIENTED_EDGE ( 'NONE', *, *, #6391, .T. ) ;
#2693 = DIRECTION ( 'NONE',  ( 0.000000000000000000, 0.000000000000000000, 1.000000000000000000 ) ) ;
#2694 = ORIENTED_EDGE ( 'NONE', *, *, #4250, .F. ) ;
#2695 = CARTESIAN_POINT ( 'NONE',  ( -249.9999999999999716, 1.000000000000000888, -627.5000000000001137 ) ) ;
#2696 = VERTEX_POINT ( 'NONE', #4399 ) ;
#2697 = DIRECTION ( 'NONE',  ( 0.000000000000000000, 0.000000000000000000, 1.000000000000000000 ) ) ;
#2698 = CARTESIAN_POINT ( 'NONE',  ( 51.96152422706634866, 30.00000000000006750, 4.999999999999893419 ) ) ;
#2699 = AXIS2_PLACEMENT_3D ( 'NONE', #3191, #6972, #5917 ) ;
#2700 = CARTESIAN_POINT ( 'NONE',  ( 48.50000000000023448, 5.000000000000896172, -432.5000000000001705 ) ) ;
#2701 = CARTESIAN_POINT ( 'NONE',  ( 112.9999999999999289, 4.999999999999609201, -407.0000000000002842 ) ) ;
#2702 = ORIENTED_EDGE ( 'NONE', *, *, #3228, .F. ) ;
#2703 = ADVANCED_FACE ( 'NONE', ( #497 ), #4819, .F. ) ;
#2704 = DIRECTION ( 'NONE',  ( -0.000000000000000000, 3.532527805625498298E-15, -1.000000000000000000 ) ) ;
#2705 = EDGE_CURVE ( 'NONE', #5807, #3575, #1396, .T. ) ;
#2706 = CARTESIAN_POINT ( 'NONE',  ( 31.81980515339408910, -5.000000000000111910, -488.1801948465837881 ) ) ;
#2707 = AXIS2_PLACEMENT_3D ( 'NONE', #4062, #1336, #3525 ) ;
#2708 = EDGE_CURVE ( 'NONE', #3970, #6217, #4914, .T. ) ;
#2709 = LINE ( 'NONE', #4400, #766 ) ;
#2710 = CARTESIAN_POINT ( 'NONE',  ( 250.0000000000001137, 15.00000000000013856, -37.49999999999992184 ) ) ;
#2711 = CARTESIAN_POINT ( 'NONE',  ( 350.0000000000000000, 14.99999999999987921, -562.5000000000000000 ) ) ;
#2712 = ADVANCED_FACE ( 'NONE', ( #3313 ), #602, .F. ) ;
#2713 = CARTESIAN_POINT ( 'NONE',  ( 183.9646606448249884, 21.04575189207796626, -35.46662394342779123 ) ) ;
#2714 = DIRECTION ( 'NONE',  ( -0.000000000000000000, -3.532527805625498298E-15, 1.000000000000000000 ) ) ;
#2715 = VERTEX_POINT ( 'NONE', #7021 ) ;
#2716 = CARTESIAN_POINT ( 'NONE',  ( 250.0000000000000000, 14.99999999999987743, 37.50000000000006395 ) ) ;
#2717 = EDGE_LOOP ( 'NONE', ( #4972, #5697, #2834, #1980 ) ) ;
#2718 = CARTESIAN_POINT ( 'NONE',  ( 214.9999999999999716, 5.000000000000000888, -300.0000000000001137 ) ) ;
#2719 = ORIENTED_EDGE ( 'NONE', *, *, #3840, .T. ) ;
#2720 = COORDINATED_UNIVERSAL_TIME_OFFSET ( 8, 0, .AHEAD. ) ;
#2721 = CARTESIAN_POINT ( 'NONE',  ( 250.0000000000000000, 5.000000000000000888, 27.49999999999992184 ) ) ;
#2722 = CARTESIAN_POINT ( 'NONE',  ( 242.5000000000000568, 24.99999999999991473, -572.5000000000001137 ) ) ;
#2723 = ORIENTED_EDGE ( 'NONE', *, *, #5243, .F. ) ;
#2724 = CARTESIAN_POINT ( 'NONE',  ( 214.9999999999999716, -4.111294638065032814E-12, -300.0000000000001137 ) ) ;
#2725 = ADVANCED_FACE ( 'NONE', ( #3242 ), #3835, .F. ) ;
#2726 = ORIENTED_EDGE ( 'NONE', *, *, #2027, .F. ) ;
#2727 = APPROVAL_DATE_TIME ( #2654, #5359 ) ;
#2728 = DIRECTION ( 'NONE',  ( -1.000000000000000000, 3.469446951953611033E-15, 0.000000000000000000 ) ) ;
#2729 = ORIENTED_EDGE ( 'NONE', *, *, #5420, .F. ) ;
#2730 = ADVANCED_FACE ( 'NONE', ( #2152 ), #4961, .F. ) ;
#2731 = EDGE_CURVE ( 'NONE', #2938, #3643, #4325, .T. ) ;
#2732 = ORIENTED_EDGE ( 'NONE', *, *, #4580, .T. ) ;
#2733 = CARTESIAN_POINT ( 'NONE',  ( -1.700011843158103498E-13, 5.000000000000000888, -297.5000000000001137 ) ) ;
#2734 = DIRECTION ( 'NONE',  ( 0.000000000000000000, 0.000000000000000000, 1.000000000000000000 ) ) ;
#2735 = DIRECTION ( 'NONE',  ( 0.000000000000000000, 0.000000000000000000, 1.000000000000000000 ) ) ;
#2736 = EDGE_CURVE ( 'NONE', #174, #3547, #6985, .T. ) ;
#2737 = DIRECTION ( 'NONE',  ( 1.000000000000000000, 0.000000000000000000, 0.000000000000000000 ) ) ;
#2738 = DIRECTION ( 'NONE',  ( 1.000000000000000000, -0.000000000000000000, -1.586033343532058634E-16 ) ) ;
#2739 = ORIENTED_EDGE ( 'NONE', *, *, #2649, .F. ) ;
#2740 = CARTESIAN_POINT ( 'NONE',  ( 181.2542252769817139, 18.16890273626571428, -563.0130182068265867 ) ) ;
#2741 = DIRECTION ( 'NONE',  ( 0.8660254037844379305, 0.5000000000000013323, -4.930380657631323784E-32 ) ) ;
#2742 = CARTESIAN_POINT ( 'NONE',  ( 6.999999999999700684, 4.999999999999976907, -407.0000000000002842 ) ) ;
#2743 = ADVANCED_FACE ( 'NONE', ( #5960 ), #1098, .F. ) ;
#2744 = LINE ( 'NONE', #6564, #624 ) ;
#2745 = FACE_BOUND ( 'NONE', #6407, .T. ) ;
#2746 = FACE_OUTER_BOUND ( 'NONE', #1488, .T. ) ;
#2747 = EDGE_CURVE ( 'NONE', #2902, #4343, #4885, .T. ) ;
#2748 = FACE_BOUND ( 'NONE', #3573, .T. ) ;
#2749 = FACE_BOUND ( 'NONE', #2172, .T. ) ;
#2750 = VERTEX_POINT ( 'NONE', #1688 ) ;
#2751 = PERSON_AND_ORGANIZATION_ROLE ( 'classification_officer' ) ;
#2752 = EDGE_CURVE ( 'NONE', #2040, #4566, #6196, .T. ) ;
#2753 = CIRCLE ( 'NONE', #6734, 3.299999999999969624 ) ;
#2754 = CARTESIAN_POINT ( 'NONE',  ( 252.5000000000000568, 14.99999999999779554, -37.49999999999992184 ) ) ;
#2755 = AXIS2_PLACEMENT_3D ( 'NONE', #6892, #4132, #6856 ) ;
#2756 = CARTESIAN_POINT ( 'NONE',  ( 6.999999999999825917, 4.999999999999976907, -445.7499999999999432 ) ) ;
#2757 = ADVANCED_FACE ( 'NONE', ( #3280 ), #5457, .F. ) ;
#2758 = ORIENTED_EDGE ( 'NONE', *, *, #794, .T. ) ;
#2759 = AXIS2_PLACEMENT_3D ( 'NONE', #4822, #2605, #4328 ) ;
#2760 = LINE ( 'NONE', #2205, #6692 ) ;
#2761 = ORIENTED_EDGE ( 'NONE', *, *, #6575, .T. ) ;
#2762 = EDGE_CURVE ( 'NONE', #3311, #3089, #1512, .T. ) ;
#2763 = APPROVAL_ROLE ( '' ) ;
#2764 = AXIS2_PLACEMENT_3D ( 'NONE', #2921, #5747, #861 ) ;
#2765 = ORIENTED_EDGE ( 'NONE', *, *, #2620, .F. ) ;
#2766 = ORIENTED_EDGE ( 'NONE', *, *, #6806, .T. ) ;
#2767 = CIRCLE ( 'NONE', #2220, 3.299999999999969624 ) ;
#2768 = CYLINDRICAL_SURFACE ( 'NONE', #3256, 3.300000000000025135 ) ;
#2769 = CIRCLE ( 'NONE', #6751, 3.299999999999969624 ) ;
#2770 = DIRECTION ( 'NONE',  ( -3.532527189601535655E-15, -1.000000000000000000, 0.000000000000000000 ) ) ;
#2771 = VECTOR ( 'NONE', #1025, 1000.000000000000000 ) ;
#2772 = CARTESIAN_POINT ( 'NONE',  ( 250.0000000000000000, 15.00000000000010303, -27.49999999999994316 ) ) ;
#2773 = AXIS2_PLACEMENT_3D ( 'NONE', #2078, #4261, #321 ) ;
#2774 = FACE_OUTER_BOUND ( 'NONE', #7006, .T. ) ;
#2775 = ORIENTED_EDGE ( 'NONE', *, *, #5592, .T. ) ;
#2776 = DIRECTION ( 'NONE',  ( 0.000000000000000000, 0.000000000000000000, 1.000000000000000000 ) ) ;
#2777 = ORIENTED_EDGE ( 'NONE', *, *, #2801, .T. ) ;
#2778 = CARTESIAN_POINT ( 'NONE',  ( 182.8851386557515184, 20.28183222771067307, -564.0011513392894358 ) ) ;
#2779 =( GEOMETRIC_REPRESENTATION_CONTEXT ( 3 ) GLOBAL_UNCERTAINTY_ASSIGNED_CONTEXT ( ( #3469 ) ) GLOBAL_UNIT_ASSIGNED_CONTEXT ( ( #562, #2259, #530 ) ) REPRESENTATION_CONTEXT ( 'NONE', 'WORKASPACE' ) );
#2780 = CARTESIAN_POINT ( 'NONE',  ( -249.5000000000000568, -15.00000000000197531, -37.50000000000003553 ) ) ;
#2781 = CARTESIAN_POINT ( 'NONE',  ( 187.2622880332072555, 22.00000000000011369, -34.64142842854288062 ) ) ;
#2782 = VECTOR ( 'NONE', #5030, 1000.000000000000000 ) ;
#2783 = APPROVAL_PERSON_ORGANIZATION ( #6451, #5015, #3749 ) ;
#2784 = DIRECTION ( 'NONE',  ( -0.000000000000000000, 1.000000000000000000, -0.000000000000000000 ) ) ;
#2785 = FACE_BOUND ( 'NONE', #6097, .T. ) ;
#2786 = CARTESIAN_POINT ( 'NONE',  ( -214.9999999999998863, 24.99999999999999289, -603.2999999999999545 ) ) ;
#2787 = ORIENTED_EDGE ( 'NONE', *, *, #3710, .F. ) ;
#2788 = SHAPE_DEFINITION_REPRESENTATION ( #778, #5546 ) ;
#2789 = AXIS2_PLACEMENT_3D ( 'NONE', #4562, #2861, #4486 ) ;
#2790 = CARTESIAN_POINT ( 'NONE',  ( 242.4999999999999147, -25.00000000000011013, -572.5000000000003411 ) ) ;
#2791 = DIRECTION ( 'NONE',  ( -5.602705292762868653E-31, -1.000000000000000000, -3.532527805625498298E-15 ) ) ;
#2792 = CC_DESIGN_PERSON_AND_ORGANIZATION_ASSIGNMENT ( #5761, #5357, ( #2669 ) ) ;
#2793 = VERTEX_POINT ( 'NONE', #3430 ) ;
#2794 = AXIS2_PLACEMENT_3D ( 'NONE', #904, #6242, #5261 ) ;
#2795 = CARTESIAN_POINT ( 'NONE',  ( -350.0000000000000000, -15.00000000000010303, -572.5000000000000000 ) ) ;
#2796 = CARTESIAN_POINT ( 'NONE',  ( -214.9999999999999716, -4.111294638065032814E-12, -596.7000000000001592 ) ) ;
#2797 = CARTESIAN_POINT ( 'NONE',  ( 29.34493141923925918, -5.000000000000101252, -554.2946788875291304 ) ) ;
#2798 = EDGE_LOOP ( 'NONE', ( #165, #2694, #2381, #2386, #3026, #5106, #4684, #3127 ) ) ;
#2799 = ADVANCED_FACE ( 'NONE', ( #243 ), #1869, .F. ) ;
#2800 = EDGE_CURVE ( 'NONE', #6125, #6239, #3196, .T. ) ;
#2801 = EDGE_CURVE ( 'NONE', #5487, #4603, #2884, .T. ) ;
#2802 = CARTESIAN_POINT ( 'NONE',  ( 36.76955262169966687, -3.375771884250866606E-12, -556.7695526216789403 ) ) ;
#2803 = VERTEX_POINT ( 'NONE', #5070 ) ;
#2804 = ORIENTED_EDGE ( 'NONE', *, *, #2801, .F. ) ;
#2805 = CARTESIAN_POINT ( 'NONE',  ( -187.0208028209069937, 21.98765309850407235, -34.65359085110361548 ) ) ;
#2806 = ORIENTED_EDGE ( 'NONE', *, *, #1892, .T. ) ;
#2807 = APPROVAL_ROLE ( '' ) ;
#2808 = CARTESIAN_POINT ( 'NONE',  ( -248.0273725665441304, 19.31819862575382984, -36.52848892815407567 ) ) ;
#2809 = VECTOR ( 'NONE', #6599, 1000.000000000000000 ) ;
#2810 = DIRECTION ( 'NONE',  ( -1.000000000000000000, 0.000000000000000000, 1.586033343532058634E-16 ) ) ;
#2811 = DIRECTION ( 'NONE',  ( -0.000000000000000000, 1.000000000000000000, -0.000000000000000000 ) ) ;
#2812 = ORIENTED_EDGE ( 'NONE', *, *, #2649, .T. ) ;
#2813 = PLANE ( 'NONE',  #5941 ) ;
#2814 = ORIENTED_EDGE ( 'NONE', *, *, #1450, .T. ) ;
#2815 = EDGE_CURVE ( 'NONE', #2118, #2009, #3935, .T. ) ;
#2816 = LINE ( 'NONE', #1131, #2111 ) ;
#2817 = DIRECTION ( 'NONE',  ( -3.700744544794450685E-15, -1.000000000000000000, 0.000000000000000000 ) ) ;
#2818 = DIRECTION ( 'NONE',  ( -3.469446951953614978E-15, -1.000000000000000000, 0.000000000000000000 ) ) ;
#2819 = DIRECTION ( 'NONE',  ( 0.7071067811866247332, 0.000000000000000000, -0.7071067811864703012 ) ) ;
#2820 = EDGE_LOOP ( 'NONE', ( #5403, #4937 ) ) ;
#2821 = FACE_BOUND ( 'NONE', #5529, .T. ) ;
#2822 = DIRECTION ( 'NONE',  ( 1.000000000000000000, 0.000000000000000000, 0.000000000000000000 ) ) ;
#2823 = ORIENTED_EDGE ( 'NONE', *, *, #4568, .F. ) ;
#2824 = PERSON_AND_ORGANIZATION ( #3381, #1066 ) ;
#2825 = CARTESIAN_POINT ( 'NONE',  ( 350.0000000000000000, -15.00000000000010303, -572.5000000000001137 ) ) ;
#2826 = VECTOR ( 'NONE', #48, 1000.000000000000000 ) ;
#2827 = CARTESIAN_POINT ( 'NONE',  ( 214.9999999999999432, 5.000000000000000888, -603.2999999999998408 ) ) ;
#2828 = VERTEX_POINT ( 'NONE', #2848 ) ;
#2829 = FACE_OUTER_BOUND ( 'NONE', #1030, .T. ) ;
#2830 = EDGE_LOOP ( 'NONE', ( #1371, #1732, #6277, #3417 ) ) ;
#2831 = EDGE_CURVE ( 'NONE', #5131, #853, #4263, .T. ) ;
#2832 = EDGE_CURVE ( 'NONE', #3401, #6580, #3808, .T. ) ;
#2833 = DIRECTION ( 'NONE',  ( 0.000000000000000000, 0.000000000000000000, -1.000000000000000000 ) ) ;
#2834 = ORIENTED_EDGE ( 'NONE', *, *, #6553, .F. ) ;
#2835 = EDGE_CURVE ( 'NONE', #2118, #1754, #2333, .T. ) ;
#2836 = ORIENTED_EDGE ( 'NONE', *, *, #5314, .T. ) ;
#2837 = DIRECTION ( 'NONE',  ( -0.000000000000000000, 1.000000000000000000, -0.000000000000000000 ) ) ;
#2838 = ORIENTED_EDGE ( 'NONE', *, *, #6025, .F. ) ;
#2839 = PERSON_AND_ORGANIZATION ( #3381, #1066 ) ;
#2840 = CARTESIAN_POINT ( 'NONE',  ( -177.4999999999999147, 14.99999999999988098, -562.5000000000000000 ) ) ;
#2841 = ADVANCED_FACE ( 'NONE', ( #1351 ), #4579, .F. ) ;
#2842 = DIRECTION ( 'NONE',  ( 0.000000000000000000, 0.000000000000000000, 1.000000000000000000 ) ) ;
#2843 = EDGE_LOOP ( 'NONE', ( #50, #5538 ) ) ;
#2844 = CARTESIAN_POINT ( 'NONE',  ( 250.0000000000000000, -15.00000000000010303, 27.49999999999994316 ) ) ;
#2845 = EDGE_LOOP ( 'NONE', ( #2972, #2412, #430, #5816 ) ) ;
#2846 = ORIENTED_EDGE ( 'NONE', *, *, #86, .T. ) ;
#2847 = CYLINDRICAL_SURFACE ( 'NONE', #5522, 10.00000000000000888 ) ;
#2848 = CARTESIAN_POINT ( 'NONE',  ( 34.29467888754852112, 4.999999999999882760, -549.3449314192168913 ) ) ;
#2849 = ADVANCED_FACE ( 'NONE', ( #6147 ), #6698, .F. ) ;
#2850 = CYLINDRICAL_SURFACE ( 'NONE', #4927, 7.000000000000006217 ) ;
#2851 = FACE_OUTER_BOUND ( 'NONE', #3057, .T. ) ;
#2852 = ORIENTED_EDGE ( 'NONE', *, *, #3865, .T. ) ;
#2853 = CARTESIAN_POINT ( 'NONE',  ( 51.61879502661831509, 4.999999999999820588, -168.3812049733842855 ) ) ;
#2854 = LINE ( 'NONE', #3585, #1176 ) ;
#2855 = EDGE_LOOP ( 'NONE', ( #3994, #2518, #877, #4191, #1896, #707, #6253 ) ) ;
#2856 = SECURITY_CLASSIFICATION_LEVEL ( 'unclassified' ) ;
#2857 = DIRECTION ( 'NONE',  ( 0.000000000000000000, 0.000000000000000000, -1.000000000000000000 ) ) ;
#2858 = LINE ( 'NONE', #689, #2980 ) ;
#2859 = AXIS2_PLACEMENT_3D ( 'NONE', #128, #676, #4993 ) ;
#2860 = ORIENTED_EDGE ( 'NONE', *, *, #5552, .T. ) ;
#2861 = DIRECTION ( 'NONE',  ( -0.000000000000000000, 1.000000000000000000, -0.000000000000000000 ) ) ;
#2862 = FACE_OUTER_BOUND ( 'NONE', #1465, .T. ) ;
#2863 = VERTEX_POINT ( 'NONE', #6111 ) ;
#2864 = EDGE_CURVE ( 'NONE', #6081, #3739, #6971, .T. ) ;
#2865 = VECTOR ( 'NONE', #5773, 1000.000000000000000 ) ;
#2866 = VECTOR ( 'NONE', #5469, 1000.000000000000000 ) ;
#2867 = CARTESIAN_POINT ( 'NONE',  ( 51.96152422706634866, 30.00000000000006750, 4.999999999999893419 ) ) ;
#2868 = EDGE_LOOP ( 'NONE', ( #2525, #2342 ) ) ;
#2869 = ORIENTED_EDGE ( 'NONE', *, *, #4469, .T. ) ;
#2870 = CARTESIAN_POINT ( 'NONE',  ( -184.3488785678058264, 21.26695770379870964, -35.29606179266647104 ) ) ;
#2871 = ORIENTED_EDGE ( 'NONE', *, *, #183, .F. ) ;
#2872 = AXIS2_PLACEMENT_3D ( 'NONE', #3894, #6036, #5427 ) ;
#2873 = AXIS2_PLACEMENT_3D ( 'NONE', #317, #5710, #6258 ) ;
#2874 = LINE ( 'NONE', #1158, #5505 ) ;
#2875 = DIRECTION ( 'NONE',  ( 0.000000000000000000, 0.000000000000000000, -1.000000000000000000 ) ) ;
#2876 = LINE ( 'NONE', #2264, #2422 ) ;
#2877 = CIRCLE ( 'NONE', #6636, 4.500000000000003553 ) ;
#2878 = ORIENTED_EDGE ( 'NONE', *, *, #5857, .T. ) ;
#2879 = CIRCLE ( 'NONE', #3581, 4.500000000000003553 ) ;
#2880 = DIRECTION ( 'NONE',  ( -0.000000000000000000, 1.000000000000000000, -0.000000000000000000 ) ) ;
#2881 = EDGE_CURVE ( 'NONE', #1088, #697, #6180, .T. ) ;
#2882 = ORIENTED_EDGE ( 'NONE', *, *, #4738, .F. ) ;
#2883 = LINE ( 'NONE', #5136, #6096 ) ;
#2884 = LINE ( 'NONE', #4546, #6964 ) ;
#2885 = EDGE_CURVE ( 'NONE', #1562, #4649, #4374, .T. ) ;
#2886 = VECTOR ( 'NONE', #186, 1000.000000000000000 ) ;
#2887 = EDGE_CURVE ( 'NONE', #6887, #1529, #5678, .T. ) ;
#2888 = CARTESIAN_POINT ( 'NONE',  ( 187.5000000000000284, 15.00000000000010481, -600.0000000000000000 ) ) ;
#2889 = CYLINDRICAL_SURFACE ( 'NONE', #5976, 3.299999999999969624 ) ;
#2890 = EDGE_CURVE ( 'NONE', #5852, #2401, #596, .T. ) ;
#2891 = ORIENTED_EDGE ( 'NONE', *, *, #228, .T. ) ;
#2892 = DIRECTION ( 'NONE',  ( 0.000000000000000000, 0.000000000000000000, 1.000000000000000000 ) ) ;
#2893 = AXIS2_PLACEMENT_3D ( 'NONE', #4880, #3271, #3857 ) ;
#2894 = CARTESIAN_POINT ( 'NONE',  ( 350.0000000000000000, 15.00000000000010303, -627.5000000000001137 ) ) ;
#2895 = ORIENTED_EDGE ( 'NONE', *, *, #3022, .T. ) ;
#2896 = CARTESIAN_POINT ( 'NONE',  ( 0.000000000000000000, 5.000000000000000888, -626.5000000000000000 ) ) ;
#2897 = DIRECTION ( 'NONE',  ( 1.000000000000000000, -3.700744544794450685E-15, -7.085965169253082379E-23 ) ) ;
#2898 = APPROVAL_PERSON_ORGANIZATION ( #2824, #3365, #5973 ) ;
#2899 = AXIS2_PLACEMENT_3D ( 'NONE', #4, #1705, #4795 ) ;
#2900 = DIRECTION ( 'NONE',  ( 0.000000000000000000, 0.000000000000000000, 1.000000000000000000 ) ) ;
#2901 = CC_DESIGN_SECURITY_CLASSIFICATION ( #5983, ( #7065 ) ) ;
#2902 = VERTEX_POINT ( 'NONE', #212 ) ;
#2903 = AXIS2_PLACEMENT_3D ( 'NONE', #798, #5149, #4092 ) ;
#2904 = CARTESIAN_POINT ( 'NONE',  ( 187.5000000000000284, 21.99999999999953815, -565.3585715714568778 ) ) ;
#2905 = ORIENTED_EDGE ( 'NONE', *, *, #1741, .F. ) ;
#2906 = ORIENTED_EDGE ( 'NONE', *, *, #4861, .F. ) ;
#2907 = ORIENTED_EDGE ( 'NONE', *, *, #5945, .T. ) ;
#2908 = DIRECTION ( 'NONE',  ( -0.000000000000000000, 1.000000000000000000, -0.000000000000000000 ) ) ;
#2909 = VERTEX_POINT ( 'NONE', #6731 ) ;
#2910 = CARTESIAN_POINT ( 'NONE',  ( -246.2242954929710379, 20.93110829366716530, -35.55262179461637118 ) ) ;
#2911 = LINE ( 'NONE', #6722, #4936 ) ;
#2912 = AXIS2_PLACEMENT_3D ( 'NONE', #2257, #2837, #6581 ) ;
#2913 = CARTESIAN_POINT ( 'NONE',  ( -214.9999999999999716, 5.000000000000000888, -300.0000000000001137 ) ) ;
#2914 = ORIENTED_EDGE ( 'NONE', *, *, #1689, .T. ) ;
#2915 = LINE ( 'NONE', #5486, #1617 ) ;
#2916 = EDGE_LOOP ( 'NONE', ( #3302, #4386 ) ) ;
#2917 = ORIENTED_EDGE ( 'NONE', *, *, #2747, .F. ) ;
#2918 = CARTESIAN_POINT ( 'NONE',  ( 250.0000000000001137, -22.00000000000164846, -34.64142842854111848 ) ) ;
#2919 = DIRECTION ( 'NONE',  ( -0.000000000000000000, 1.000000000000000000, -0.000000000000000000 ) ) ;
#2920 = APPROVAL ( #5039, 'UNKNOWN' ) ;
#2921 = CARTESIAN_POINT ( 'NONE',  ( -1.705522753754266706E-13, -8.673617379884035472E-13, -293.0000000000001137 ) ) ;
#2922 = CARTESIAN_POINT ( 'NONE',  ( 250.0000000000000000, 24.99999999999991118, 27.50000000000008171 ) ) ;
#2923 = ADVANCED_FACE ( 'NONE', ( #3506 ), #3396, .T. ) ;
#2924 = ORIENTED_EDGE ( 'NONE', *, *, #3728, .T. ) ;
#2925 = VECTOR ( 'NONE', #4516, 1000.000000000000000 ) ;
#2926 = LINE ( 'NONE', #5573, #1334 ) ;
#2927 = DIRECTION ( 'NONE',  ( 1.158639454543361089E-30, -1.912833620765402649E-30, 1.000000000000000000 ) ) ;
#2928 = ORIENTED_EDGE ( 'NONE', *, *, #6266, .F. ) ;
#2929 = DIRECTION ( 'NONE',  ( -0.000000000000000000, 1.000000000000000000, -0.000000000000000000 ) ) ;
#2930 = EDGE_CURVE ( 'NONE', #3645, #1639, #6627, .T. ) ;
#2931 = LINE ( 'NONE', #4560, #5722 ) ;
#2932 = FACE_OUTER_BOUND ( 'NONE', #1686, .T. ) ;
#2933 = FACE_OUTER_BOUND ( 'NONE', #5588, .T. ) ;
#2934 = CARTESIAN_POINT ( 'NONE',  ( 248.0273725665442157, 19.31819862575365576, -563.4715110718460664 ) ) ;
#2935 = VERTEX_POINT ( 'NONE', #345 ) ;
#2936 = CARTESIAN_POINT ( 'NONE',  ( 350.0000000000000000, 14.99999999999991296, -572.5000000000000000 ) ) ;
#2937 = CARTESIAN_POINT ( 'NONE',  ( -3.322675994799961785, 21.17566288755737247, -5.000000000000004441 ) ) ;
#2938 = VERTEX_POINT ( 'NONE', #1424 ) ;
#2939 = ORIENTED_EDGE ( 'NONE', *, *, #1145, .F. ) ;
#2940 = VECTOR ( 'NONE', #5824, 1000.000000000000000 ) ;
#2941 = CARTESIAN_POINT ( 'NONE',  ( 250.0000000000000000, 1.000000000000000888, 27.49999999999992184 ) ) ;
#2942 = EDGE_LOOP ( 'NONE', ( #3486, #6694, #2387, #4521 ) ) ;
#2943 = DIRECTION ( 'NONE',  ( 1.000000000000000000, 0.000000000000000000, 0.000000000000000000 ) ) ;
#2944 = EDGE_CURVE ( 'NONE', #2362, #4656, #2877, .T. ) ;
#2945 = EDGE_CURVE ( 'NONE', #6281, #5651, #3059, .T. ) ;
#2946 = CARTESIAN_POINT ( 'NONE',  ( -249.4999999999999147, 15.23667853528712435, -562.4999999999998863 ) ) ;
#2947 = ORIENTED_EDGE ( 'NONE', *, *, #4463, .T. ) ;
#2948 = CARTESIAN_POINT ( 'NONE',  ( 214.9999999999999432, 5.000000000000000888, -596.6999999999999318 ) ) ;
#2949 = ORIENTED_EDGE ( 'NONE', *, *, #1582, .T. ) ;
#2950 = PLANE ( 'NONE',  #2340 ) ;
#2951 = CARTESIAN_POINT ( 'NONE',  ( 350.0000000000000000, 14.99999999999988809, -565.5000000000000000 ) ) ;
#2952 = PLANE ( 'NONE',  #515 ) ;
#2953 = DIRECTION ( 'NONE',  ( 0.000000000000000000, 0.000000000000000000, 1.000000000000000000 ) ) ;
#2954 = DIRECTION ( 'NONE',  ( 0.000000000000000000, 0.000000000000000000, 1.000000000000000000 ) ) ;
#2955 = ORIENTED_EDGE ( 'NONE', *, *, #6186, .T. ) ;
#2956 = DIRECTION ( 'NONE',  ( 0.000000000000000000, 0.000000000000000000, 1.000000000000000000 ) ) ;
#2957 = CARTESIAN_POINT ( 'NONE',  ( -247.1170119655636768, -20.27996952961142796, -36.00001748584083572 ) ) ;
#2958 = ADVANCED_FACE ( 'NONE', ( #6836 ), #5216, .T. ) ;
#2959 = VERTEX_POINT ( 'NONE', #381 ) ;
#2960 = CYLINDRICAL_SURFACE ( 'NONE', #374, 3.299999999999969624 ) ;
#2961 = CARTESIAN_POINT ( 'NONE',  ( -181.1567072087545114, -17.96920520995001880, -37.05158525049210994 ) ) ;
#2962 = ADVANCED_FACE ( 'NONE', ( #5778 ), #4113, .F. ) ;
#2963 = CARTESIAN_POINT ( 'NONE',  ( -51.61879502661620478, 5.000000000000181188, -163.8812049733832623 ) ) ;
#2964 = EDGE_CURVE ( 'NONE', #5839, #5025, #859, .T. ) ;
#2965 = CARTESIAN_POINT ( 'NONE',  ( 245.4392199811325952, 21.35710599508965402, -564.7798522210039209 ) ) ;
#2966 = ORIENTED_EDGE ( 'NONE', *, *, #4148, .T. ) ;
#2967 = PERSON_AND_ORGANIZATION_ROLE ( 'classification_officer' ) ;
#2968 = AXIS2_PLACEMENT_3D ( 'NONE', #3929, #5564, #5023 ) ;
#2969 = EDGE_CURVE ( 'NONE', #2750, #3853, #3579, .T. ) ;
#2970 = DIRECTION ( 'NONE',  ( 0.000000000000000000, 0.000000000000000000, 1.000000000000000000 ) ) ;
#2971 = DIRECTION ( 'NONE',  ( 1.000000000000000000, -0.000000000000000000, 0.000000000000000000 ) ) ;
#2972 = ORIENTED_EDGE ( 'NONE', *, *, #2930, .F. ) ;
#2973 = AXIS2_PLACEMENT_3D ( 'NONE', #1408, #1959, #2970 ) ;
#2974 = EDGE_CURVE ( 'NONE', #441, #6786, #5846, .T. ) ;
#2975 = CARTESIAN_POINT ( 'NONE',  ( -214.9999999999999716, 5.000000000000000888, -1.110223024625156540E-13 ) ) ;
#2976 = CARTESIAN_POINT ( 'NONE',  ( -5.323405580416803250E-13, -4.229255834431455696E-12, -519.9999999999785132 ) ) ;
#2977 = ORIENTED_EDGE ( 'NONE', *, *, #4771, .F. ) ;
#2978 = CARTESIAN_POINT ( 'NONE',  ( -249.4384457437814433, 15.95671378532288820, -37.45699350511072367 ) ) ;
#2979 = VECTOR ( 'NONE', #1093, 1000.000000000000000 ) ;
#2980 = VECTOR ( 'NONE', #3372, 1000.000000000000000 ) ;
#2981 = DIRECTION ( 'NONE',  ( -0.000000000000000000, 1.000000000000000000, -0.000000000000000000 ) ) ;
#2982 = DIRECTION ( 'NONE',  ( -1.158639454543361089E-30, 1.912833620765402649E-30, -1.000000000000000000 ) ) ;
#2983 = ORIENTED_EDGE ( 'NONE', *, *, #6979, .F. ) ;
#2984 = DIRECTION ( 'NONE',  ( 1.158639454543361089E-30, -1.912833620765402649E-30, 1.000000000000000000 ) ) ;
#2985 = ORIENTED_EDGE ( 'NONE', *, *, #2504, .T. ) ;
#2986 = AXIS2_PLACEMENT_3D ( 'NONE', #4752, #389, #895 ) ;
#2987 = AXIS2_PLACEMENT_3D ( 'NONE', #2711, #4361, #3837 ) ;
#2988 = ORIENTED_EDGE ( 'NONE', *, *, #2547, .F. ) ;
#2989 = CARTESIAN_POINT ( 'NONE',  ( 249.2610826345640191, 16.87319825676984308, -37.33399981456576455 ) ) ;
#2990 = DIRECTION ( 'NONE',  ( 1.000000000000000000, -3.469446951953533725E-15, 0.000000000000000000 ) ) ;
#2991 = EDGE_CURVE ( 'NONE', #4656, #2362, #5621, .T. ) ;
#2992 = CARTESIAN_POINT ( 'NONE',  ( 350.0000000000000000, -24.99999999999991118, -627.5000000000001137 ) ) ;
#2993 = VECTOR ( 'NONE', #452, 1000.000000000000000 ) ;
#2994 = DIRECTION ( 'NONE',  ( -1.000000000000000000, 3.469446951947193650E-15, 0.000000000000000000 ) ) ;
#2995 = VECTOR ( 'NONE', #4351, 1000.000000000000000 ) ;
#2996 = CARTESIAN_POINT ( 'NONE',  ( -2.084320107237247477, -0.07278606201185575109, 5.000000000000004441 ) ) ;
#2997 = VERTEX_POINT ( 'NONE', #6416 ) ;
#2998 = CARTESIAN_POINT ( 'NONE',  ( -34.29467888755105065, 0.000000000000000000, -549.3449314192175734 ) ) ;
#2999 = DIRECTION ( 'NONE',  ( 0.000000000000000000, 0.000000000000000000, -1.000000000000000000 ) ) ;
#3000 = AXIS2_PLACEMENT_3D ( 'NONE', #6902, #3082, #849 ) ;
#3001 = CARTESIAN_POINT ( 'NONE',  ( 350.0000000000000000, -14.99999999999987743, -637.5000000000002274 ) ) ;
#3002 = EDGE_LOOP ( 'NONE', ( #955, #4103 ) ) ;
#3003 = PLANE ( 'NONE',  #301 ) ;
#3004 = DIRECTION ( 'NONE',  ( -7.690840992182485042E-23, -4.235164736271500755E-22, 1.000000000000000000 ) ) ;
#3005 = CIRCLE ( 'NONE', #6758, 3.299999999999997158 ) ;
#3006 = CYLINDRICAL_SURFACE ( 'NONE', #6367, 4.500000000000003553 ) ;
#3007 = ORIENTED_EDGE ( 'NONE', *, *, #4946, .F. ) ;
#3008 = CALENDAR_DATE ( 2026, 24, 3 ) ;
#3009 = VECTOR ( 'NONE', #2676, 1000.000000000000000 ) ;
#3010 = VECTOR ( 'NONE', #5640, 1000.000000000000000 ) ;
#3011 = DIRECTION ( 'NONE',  ( 1.000000000000000000, 0.000000000000000000, 0.000000000000000000 ) ) ;
#3012 = CARTESIAN_POINT ( 'NONE',  ( 250.0000000000000000, -22.00000000000010658, 27.49999999999992184 ) ) ;
#3013 = VERTEX_POINT ( 'NONE', #3614 ) ;
#3014 = PRODUCT_DEFINITION_FORMATION_WITH_SPECIFIED_SOURCE ( 'ANY', '', #5168, .NOT_KNOWN. ) ;
#3015 = ADVANCED_FACE ( 'NONE', ( #420 ), #1974, .F. ) ;
#3016 = DIRECTION ( 'NONE',  ( 0.000000000000000000, -1.000000000000000000, 0.000000000000000000 ) ) ;
#3017 = EDGE_CURVE ( 'NONE', #3526, #5262, #6910, .T. ) ;
#3018 = EDGE_CURVE ( 'NONE', #2863, #6839, #5245, .T. ) ;
#3019 = ORIENTED_EDGE ( 'NONE', *, *, #701, .F. ) ;
#3020 = CARTESIAN_POINT ( 'NONE',  ( -177.4999999999999147, 14.99999999999987921, -37.49999999999992184 ) ) ;
#3021 = VECTOR ( 'NONE', #4639, 1000.000000000000000 ) ;
#3022 = EDGE_CURVE ( 'NONE', #4003, #5335, #2543, .T. ) ;
#3023 = ADVANCED_FACE ( 'NONE', ( #917 ), #6322, .F. ) ;
#3024 = CYLINDRICAL_SURFACE ( 'NONE', #3216, 3.299999999999969624 ) ;
#3025 = CARTESIAN_POINT ( 'NONE',  ( 350.0000000000000000, 14.99999999999991296, -572.5000000000000000 ) ) ;
#3026 = ORIENTED_EDGE ( 'NONE', *, *, #1132, .T. ) ;
#3027 = DIRECTION ( 'NONE',  ( -0.000000000000000000, 1.000000000000000000, -0.000000000000000000 ) ) ;
#3028 = VERTEX_POINT ( 'NONE', #2500 ) ;
#3029 = VERTEX_POINT ( 'NONE', #3092 ) ;
#3030 = DIRECTION ( 'NONE',  ( 0.000000000000000000, -1.000000000000000000, -3.700743415417186364E-15 ) ) ;
#3031 = CARTESIAN_POINT ( 'NONE',  ( 10.00000000000000888, -17.32050807568877815, 5.000000000000004441 ) ) ;
#3032 = UNCERTAINTY_MEASURE_WITH_UNIT (LENGTH_MEASURE( 1.000000000000000082E-05 ), #4679, 'distance_accuracy_value', 'NONE');
#3033 = PLANE ( 'NONE',  #2689 ) ;
#3034 = CARTESIAN_POINT ( 'NONE',  ( -51.61879502661898300, -6.904199434387692236E-13, -271.6187950266201483 ) ) ;
#3035 = EDGE_LOOP ( 'NONE', ( #817, #97, #1837, #4276 ) ) ;
#3036 = DIRECTION ( 'NONE',  ( 0.000000000000000000, 0.000000000000000000, 1.000000000000000000 ) ) ;
#3037 = CIRCLE ( 'NONE', #6004, 3.299999999999997158 ) ;
#3038 = CARTESIAN_POINT ( 'NONE',  ( 250.0000000000000000, 1.000000000000000888, 27.49999999999992184 ) ) ;
#3039 = LINE ( 'NONE', #2049, #3101 ) ;
#3040 = VERTEX_POINT ( 'NONE', #6939 ) ;
#3041 = DIRECTION ( 'NONE',  ( -0.000000000000000000, -1.000000000000000000, -0.000000000000000000 ) ) ;
#3042 = VECTOR ( 'NONE', #1876, 1000.000000000000000 ) ;
#3043 = CARTESIAN_POINT ( 'NONE',  ( 350.0000000000000000, -24.99999999999991829, -627.5000000000001137 ) ) ;
#3044 = ORIENTED_EDGE ( 'NONE', *, *, #2620, .T. ) ;
#3045 = DATE_AND_TIME ( #1406, #5298 ) ;
#3046 = CARTESIAN_POINT ( 'NONE',  ( -187.4999999999998863, 24.99999999999991473, -600.0000000000000000 ) ) ;
#3047 = DIRECTION ( 'NONE',  ( 0.000000000000000000, 0.000000000000000000, 1.000000000000000000 ) ) ;
#3048 = EDGE_LOOP ( 'NONE', ( #2451, #4901 ) ) ;
#3049 = DIRECTION ( 'NONE',  ( -1.000000000000000000, 0.000000000000000000, 0.000000000000000000 ) ) ;
#3050 = AXIS2_PLACEMENT_3D ( 'NONE', #5515, #3261, #6609 ) ;
#3051 = ORIENTED_EDGE ( 'NONE', *, *, #5789, .F. ) ;
#3052 = CC_DESIGN_PERSON_AND_ORGANIZATION_ASSIGNMENT ( #5410, #1081, ( #4171 ) ) ;
#3053 = CARTESIAN_POINT ( 'NONE',  ( -249.4031469745405900, 16.18422622159983959, -562.5676161048891117 ) ) ;
#3054 = ORIENTED_EDGE ( 'NONE', *, *, #3635, .F. ) ;
#3055 = CARTESIAN_POINT ( 'NONE',  ( -181.9720673093648600, -19.31810612875707989, -563.4712187335657063 ) ) ;
#3056 = ORIENTED_EDGE ( 'NONE', *, *, #5552, .F. ) ;
#3057 = EDGE_LOOP ( 'NONE', ( #6413, #5934, #2545, #5463 ) ) ;
#3058 = EDGE_CURVE ( 'NONE', #1619, #4441, #5279, .T. ) ;
#3059 = LINE ( 'NONE', #6286, #834 ) ;
#3060 = DIRECTION ( 'NONE',  ( 1.000000000000000000, 0.000000000000000000, 0.000000000000000000 ) ) ;
#3061 = CARTESIAN_POINT ( 'NONE',  ( -2.718384415654084840, 18.08444007146926680, -5.000000000000004441 ) ) ;
#3062 = ORIENTED_EDGE ( 'NONE', *, *, #6773, .F. ) ;
#3063 = FACE_OUTER_BOUND ( 'NONE', #2418, .T. ) ;
#3064 = EDGE_CURVE ( 'NONE', #3442, #2141, #5386, .T. ) ;
#3065 = CARTESIAN_POINT ( 'NONE',  ( -242.5000000000000568, -22.00000000000200728, -565.3585715714590378 ) ) ;
#3066 = CARTESIAN_POINT ( 'NONE',  ( 31.81980515339412463, 4.999999999999889866, -488.1801948465837881 ) ) ;
#3067 = B_SPLINE_CURVE_WITH_KNOTS ( 'NONE', 3,
 ( #6279, #2522, #5912, #4178, #6350, #1454, #5271, #2558, #3742, #1012, #5368, #478, #5837, #6903, #2036, #4213, #6381, #1482, #4837, #2247, #3122, #5307, #4802, #3157, #5341, #444 ),
 .UNSPECIFIED., .F., .F.,
 ( 4, 2, 2, 2, 2, 2, 2, 2, 2, 2, 2, 2, 4 ),
 ( 0.01137023585102387574, 0.01208014783211105829, 0.01279005981319824084, 0.01420988377537260941, 0.01491979575645988217, 0.01562970773754715492, 0.01704953169972163798, 0.01846935566189611758, 0.01917926764298336084, 0.01988917962407060758, 0.02130900358624512880, 0.02201891556733240329, 0.02272882754841967778 ),
 .UNSPECIFIED. ) ;
#3068 = CARTESIAN_POINT ( 'NONE',  ( -181.9726274334558127, -19.31819862575389379, -36.52848892815395487 ) ) ;
#3069 = CARTESIAN_POINT ( 'NONE',  ( 250.0000000000002274, -24.99999999999992184, -27.50000000000007816 ) ) ;
#3070 = DIRECTION ( 'NONE',  ( 3.469446951953613006E-15, 1.000000000000000000, -0.000000000000000000 ) ) ;
#3071 = CARTESIAN_POINT ( 'NONE',  ( 262.4748737341384413, 0.000000000000000000, -262.4748737340880780 ) ) ;
#3072 = EDGE_LOOP ( 'NONE', ( #473, #127, #4279, #3345 ) ) ;
#3073 = CYLINDRICAL_SURFACE ( 'NONE', #3983, 7.000000000000006217 ) ;
#3074 = ORIENTED_EDGE ( 'NONE', *, *, #3265, .T. ) ;
#3075 = MECHANICAL_CONTEXT ( 'NONE', #3671, 'mechanical' ) ;
#3076 = LINE ( 'NONE', #3046, #4023 ) ;
#3077 = DIRECTION ( 'NONE',  ( -1.000000000000000000, -0.000000000000000000, 1.586032892321652236E-16 ) ) ;
#3078 = CARTESIAN_POINT ( 'NONE',  ( 249.0000000000000000, 0.000000000000000000, 26.49999999999991829 ) ) ;
#3079 = ORIENTED_EDGE ( 'NONE', *, *, #5502, .F. ) ;
#3080 = FACE_BOUND ( 'NONE', #1830, .T. ) ;
#3081 = ORIENTED_EDGE ( 'NONE', *, *, #6997, .F. ) ;
#3082 = DIRECTION ( 'NONE',  ( 1.000000000000000000, 0.000000000000000000, 0.000000000000000000 ) ) ;
#3083 = ADVANCED_FACE ( 'NONE', ( #2473, #1606 ), #1644, .T. ) ;
#3084 = CLOSED_SHELL ( 'NONE', ( #5694, #6313, #1325, #3754, #753, #3178, #5509, #1042, #6499, #2958, #67, #1226, #743, #4344, #4757, #6949, #6042, #3023, #2112, #2799, #1426, #138, #4538, #232, #2158, #2703 ) ) ;
#3085 = CARTESIAN_POINT ( 'NONE',  ( -187.2622880332071702, 21.99999999999992539, -565.3585715714573325 ) ) ;
#3086 = ORIENTED_EDGE ( 'NONE', *, *, #3310, .T. ) ;
#3087 = CARTESIAN_POINT ( 'NONE',  ( -184.9730167925268915, -21.53187853182830480, -564.9271605437915014 ) ) ;
#3088 = ORIENTED_EDGE ( 'NONE', *, *, #5123, .F. ) ;
#3089 = VERTEX_POINT ( 'NONE', #1020 ) ;
#3090 = VECTOR ( 'NONE', #6214, 1000.000000000000000 ) ;
#3091 = AXIS2_PLACEMENT_3D ( 'NONE', #5840, #1531, #2142 ) ;
#3092 = CARTESIAN_POINT ( 'NONE',  ( -249.4999999999999432, -14.99999999999988276, -37.49999999999997868 ) ) ;
#3093 = CARTESIAN_POINT ( 'NONE',  ( 48.50000000000023448, 5.000000000000896172, -417.5000000000001705 ) ) ;
#3094 = CC_DESIGN_PERSON_AND_ORGANIZATION_ASSIGNMENT ( #2839, #6787, ( #2192 ) ) ;
#3095 = VECTOR ( 'NONE', #6988, 1000.000000000000000 ) ;
#3096 = VECTOR ( 'NONE', #1436, 1000.000000000000000 ) ;
#3097 = ORIENTED_EDGE ( 'NONE', *, *, #5990, .F. ) ;
#3098 = CARTESIAN_POINT ( 'NONE',  ( -187.4999999999998863, 24.99999999999991473, -572.5000000000000000 ) ) ;
#3099 = ADVANCED_FACE ( 'NONE', ( #3306 ), #1089, .F. ) ;
#3100 = CARTESIAN_POINT ( 'NONE',  ( -214.9999999999998863, 21.99999999999999289, -600.0000000000000000 ) ) ;
#3101 = VECTOR ( 'NONE', #4719, 1000.000000000000000 ) ;
#3102 = AXIS2_PLACEMENT_3D ( 'NONE', #3359, #5537, #1246 ) ;
#3103 = DIRECTION ( 'NONE',  ( 3.469446951953613400E-15, 1.000000000000000000, -0.000000000000000000 ) ) ;
#3104 = ADVANCED_FACE ( 'NONE', ( #17 ), #5419, .T. ) ;
#3105 = LINE ( 'NONE', #3069, #3705 ) ;
#3106 = CYLINDRICAL_SURFACE ( 'NONE', #6192, 2.749999999999974687 ) ;
#3107 = CARTESIAN_POINT ( 'NONE',  ( 248.7415238319205741, -18.17725335865657854, -36.98418241366670145 ) ) ;
#3108 = ORIENTED_EDGE ( 'NONE', *, *, #6975, .F. ) ;
#3109 = VECTOR ( 'NONE', #4186, 1000.000000000000000 ) ;
#3110 = DIRECTION ( 'NONE',  ( -0.000000000000000000, 1.000000000000000000, -0.000000000000000000 ) ) ;
#3111 = VERTEX_POINT ( 'NONE', #6024 ) ;
#3112 = APPLICATION_PROTOCOL_DEFINITION ( 'international standard', 'config_control_design', 1994, #2355 ) ;
#3113 = VECTOR ( 'NONE', #982, 1000.000000000000000 ) ;
#3114 = CARTESIAN_POINT ( 'NONE',  ( -40.26955262170127270, -3.106889745474461506E-12, -483.2304473782780292 ) ) ;
#3115 = CIRCLE ( 'NONE', #6528, 6.250000000000005329 ) ;
#3116 = LINE ( 'NONE', #6956, #4862 ) ;
#3117 = ORIENTED_EDGE ( 'NONE', *, *, #6728, .T. ) ;
#3118 = CARTESIAN_POINT ( 'NONE',  ( 350.0000000000001137, -15.00000000000010658, -572.5000000000002274 ) ) ;
#3119 = VECTOR ( 'NONE', #679, 1000.000000000000000 ) ;
#3120 = VERTEX_POINT ( 'NONE', #4426 ) ;
#3121 = PLANE ( 'NONE',  #3586 ) ;
#3122 = CARTESIAN_POINT ( 'NONE',  ( 180.7428760836603772, -16.88799191860664806, -562.6687282178953637 ) ) ;
#3123 = CC_DESIGN_APPROVAL ( #5366, ( #285 ) ) ;
#3124 = CARTESIAN_POINT ( 'NONE',  ( -182.2556807756093065, 19.65778353193158168, -563.6436291137327999 ) ) ;
#3125 = ORIENTED_EDGE ( 'NONE', *, *, #4557, .T. ) ;
#3126 = CARTESIAN_POINT ( 'NONE',  ( 250.0000000000000000, -14.99999999999991296, -27.50000000000004974 ) ) ;
#3127 = ORIENTED_EDGE ( 'NONE', *, *, #1874, .F. ) ;
#3128 = VERTEX_POINT ( 'NONE', #1572 ) ;
#3129 = DIRECTION ( 'NONE',  ( 0.000000000000000000, 1.000000000000000000, -4.235164736271500755E-22 ) ) ;
#3130 = AXIS2_PLACEMENT_3D ( 'NONE', #4632, #3522, #1294 ) ;
#3131 = CARTESIAN_POINT ( 'NONE',  ( -72.99999999999845102, -6.140921104957897114E-13, -220.0000000000003695 ) ) ;
#3132 = CARTESIAN_POINT ( 'NONE',  ( -249.9999999999999716, 5.000000000000000888, -627.5000000000001137 ) ) ;
#3133 = AXIS2_PLACEMENT_3D ( 'NONE', #3323, #2193, #5504 ) ;
#3134 = CARTESIAN_POINT ( 'NONE',  ( -31.81980515339513005, 5.000000000000111910, -488.1801948465837881 ) ) ;
#3135 = CARTESIAN_POINT ( 'NONE',  ( 112.9999999999999289, 4.999999999999609201, -409.7500000000002842 ) ) ;
#3136 = VECTOR ( 'NONE', #5127, 1000.000000000000114 ) ;
#3137 = ORIENTED_EDGE ( 'NONE', *, *, #623, .T. ) ;
#3138 = CARTESIAN_POINT ( 'NONE',  ( 187.5000000000000000, 25.00000000000011013, -27.49999999999996803 ) ) ;
#3139 = DIRECTION ( 'NONE',  ( 5.602705292762868653E-31, 1.000000000000000000, 3.532527805625498298E-15 ) ) ;
#3140 = CARTESIAN_POINT ( 'NONE',  ( 350.0000000000000000, -25.00000000000011013, -572.5000000000003411 ) ) ;
#3141 = CARTESIAN_POINT ( 'NONE',  ( 112.9999999999998153, 4.999999999999609201, -440.2500000000000000 ) ) ;
#3142 = FACE_BOUND ( 'NONE', #318, .T. ) ;
#3143 = EDGE_CURVE ( 'NONE', #1754, #2793, #1679, .T. ) ;
#3144 = EDGE_LOOP ( 'NONE', ( #199, #3387 ) ) ;
#3145 = LINE ( 'NONE', #3173, #439 ) ;
#3146 = EDGE_LOOP ( 'NONE', ( #1541, #690, #2836, #1380 ) ) ;
#3147 = PERSON_AND_ORGANIZATION ( #3381, #1066 ) ;
#3148 = EDGE_CURVE ( 'NONE', #6970, #864, #3750, .T. ) ;
#3149 = VECTOR ( 'NONE', #1724, 1000.000000000000000 ) ;
#3150 = DIRECTION ( 'NONE',  ( 0.7071067811866135200, 0.000000000000000000, -0.7071067811864815145 ) ) ;
#3151 = CARTESIAN_POINT ( 'NONE',  ( -180.4999999999998863, 14.99999999999975131, -562.4999999999998863 ) ) ;
#3152 = ORIENTED_EDGE ( 'NONE', *, *, #6431, .F. ) ;
#3153 = CARTESIAN_POINT ( 'NONE',  ( -249.2571239163395660, -16.88799191860669424, -562.6687282178953637 ) ) ;
#3154 = ORIENTED_EDGE ( 'NONE', *, *, #6544, .T. ) ;
#3155 = ADVANCED_FACE ( 'NONE', ( #3272 ), #2662, .F. ) ;
#3156 = APPROVAL_ROLE ( '' ) ;
#3157 = CARTESIAN_POINT ( 'NONE',  ( 180.5123982651509493, -15.48036715287434539, -562.5086903598036088 ) ) ;
#3158 = CARTESIAN_POINT ( 'NONE',  ( -247.7415778822304162, 19.66053196672154968, -563.6451921519146708 ) ) ;
#3159 = CARTESIAN_POINT ( 'NONE',  ( 180.5000000000000284, 15.00000000000012967, -600.0000000000000000 ) ) ;
#3160 = APPLICATION_CONTEXT ( 'configuration controlled 3d designs of mechanical parts and assemblies' ) ;
#3161 = EDGE_LOOP ( 'NONE', ( #2846, #2105, #6720, #2878 ) ) ;
#3162 = CARTESIAN_POINT ( 'NONE',  ( -250.0000000000000000, 25.00000000000010658, -27.49999999999991118 ) ) ;
#3163 = CARTESIAN_POINT ( 'NONE',  ( -250.0000000000000000, -14.99999999999988809, -34.50000000000004974 ) ) ;
#3164 = CARTESIAN_POINT ( 'NONE',  ( -250.0000000000000000, -21.99999999999991473, -27.50000000000007461 ) ) ;
#3165 = VERTEX_POINT ( 'NONE', #3858 ) ;
#3166 = DIRECTION ( 'NONE',  ( 0.7071067811864855113, 0.000000000000000000, 0.7071067811866095232 ) ) ;
#3167 = LINE ( 'NONE', #1983, #5957 ) ;
#3168 = CYLINDRICAL_SURFACE ( 'NONE', #249, 4.500000000000003553 ) ;
#3169 = EDGE_CURVE ( 'NONE', #916, #3332, #4935, .T. ) ;
#3170 = FACE_BOUND ( 'NONE', #2820, .T. ) ;
#3171 = CARTESIAN_POINT ( 'NONE',  ( 215.0000000000000568, 24.99999999999850431, -1.110223024625156540E-13 ) ) ;
#3172 = ORIENTED_EDGE ( 'NONE', *, *, #2627, .T. ) ;
#3173 = CARTESIAN_POINT ( 'NONE',  ( 40.16666666666665719, 213.8333333333333428, -417.6666666666666856 ) ) ;
#3174 = ORIENTED_EDGE ( 'NONE', *, *, #5985, .F. ) ;
#3175 = PERSON_AND_ORGANIZATION ( #3381, #1066 ) ;
#3176 = EDGE_CURVE ( 'NONE', #2997, #816, #5376, .T. ) ;
#3177 = DIRECTION ( 'NONE',  ( -7.690840992182485042E-23, -4.235164736271500755E-22, 1.000000000000000000 ) ) ;
#3178 = ADVANCED_FACE ( 'NONE', ( #6552, #5481 ), #4849, .F. ) ;
#3179 = ORIENTED_EDGE ( 'NONE', *, *, #1192, .F. ) ;
#3180 = DIRECTION ( 'NONE',  ( -0.000000000000000000, 1.000000000000000000, -0.000000000000000000 ) ) ;
#3181 = CARTESIAN_POINT ( 'NONE',  ( -244.3723274843503930, -21.76143341828073829, -565.1311420861529768 ) ) ;
#3182 = ORIENTED_EDGE ( 'NONE', *, *, #5212, .T. ) ;
#3183 = EDGE_CURVE ( 'NONE', #1729, #750, #5449, .T. ) ;
#3184 = DATE_AND_TIME ( #1596, #5077 ) ;
#3185 = EDGE_CURVE ( 'NONE', #6786, #2009, #4677, .T. ) ;
#3186 = CARTESIAN_POINT ( 'NONE',  ( 242.9791971790928358, -21.98765309850427130, -565.3464091488968961 ) ) ;
#3187 = ADVANCED_FACE ( 'NONE', ( #4987 ), #6211, .F. ) ;
#3188 = ORIENTED_EDGE ( 'NONE', *, *, #544, .T. ) ;
#3189 = DIRECTION ( 'NONE',  ( 0.000000000000000000, 0.000000000000000000, 1.000000000000000000 ) ) ;
#3190 = ORIENTED_EDGE ( 'NONE', *, *, #2705, .T. ) ;
#3191 = CARTESIAN_POINT ( 'NONE',  ( 262.4748737341384413, -5.000000000000910383, -262.4748737340880780 ) ) ;
#3192 = ORIENTED_EDGE ( 'NONE', *, *, #2281, .T. ) ;
#3193 = CARTESIAN_POINT ( 'NONE',  ( 6.999999999999700684, 4.999999999999976907, -404.2500000000003411 ) ) ;
#3194 = DIRECTION ( 'NONE',  ( -0.000000000000000000, 1.000000000000000000, -0.000000000000000000 ) ) ;
#3195 = CARTESIAN_POINT ( 'NONE',  ( 215.0000000000000568, 24.99999999999850431, 3.299999999999886136 ) ) ;
#3196 =( BOUNDED_CURVE ( )  B_SPLINE_CURVE ( 3, ( #135, #712, #1278, #4046 ),
 .UNSPECIFIED., .F., .T. ) 
 B_SPLINE_CURVE_WITH_KNOTS ( ( 4, 4 ),
 ( 1.570796326794896558, 3.141592653589780237 ),
 .UNSPECIFIED. ) 
 CURVE ( )  GEOMETRIC_REPRESENTATION_ITEM ( )  RATIONAL_B_SPLINE_CURVE ( ( 1.000000000000000000, 0.8047378541243680461, 0.8047378541243680461, 1.000000000000000000 ) ) 
 REPRESENTATION_ITEM ( '' )  );
#3197 = LINE ( 'NONE', #6420, #5482 ) ;
#3198 = VERTEX_POINT ( 'NONE', #6616 ) ;
#3199 = VECTOR ( 'NONE', #1348, 1000.000000000000000 ) ;
#3200 = EDGE_CURVE ( 'NONE', #4607, #1240, #5632, .T. ) ;
#3201 = CARTESIAN_POINT ( 'NONE',  ( 187.4999999999998863, -24.99999999999992184, -27.50000000000013500 ) ) ;
#3202 = DIRECTION ( 'NONE',  ( -0.7071067811865475727, -0.7071067811865475727, -0.000000000000000000 ) ) ;
#3203 = CARTESIAN_POINT ( 'NONE',  ( -250.0000000000000000, 24.99999999999991118, 27.50000000000008171 ) ) ;
#3204 = CARTESIAN_POINT ( 'NONE',  ( 250.0000000000000000, 25.00000000000010658, -27.49999999999991118 ) ) ;
#3205 = AXIS2_PLACEMENT_3D ( 'NONE', #976, #43, #6533 ) ;
#3206 = DIRECTION ( 'NONE',  ( 0.000000000000000000, 0.000000000000000000, -1.000000000000000000 ) ) ;
#3207 = DIRECTION ( 'NONE',  ( 1.000000000000000000, 0.000000000000000000, 0.000000000000000000 ) ) ;
#3208 = FACE_OUTER_BOUND ( 'NONE', #3035, .T. ) ;
#3209 = CIRCLE ( 'NONE', #4916, 3.300000000000025135 ) ;
#3210 = AXIS2_PLACEMENT_3D ( 'NONE', #4150, #2399, #5679 ) ;
#3211 = EDGE_LOOP ( 'NONE', ( #3019, #3550 ) ) ;
#3212 = COORDINATED_UNIVERSAL_TIME_OFFSET ( 8, 0, .AHEAD. ) ;
#3213 = CARTESIAN_POINT ( 'NONE',  ( 72.99999999999955946, 4.999999999999747757, -220.0000000000018190 ) ) ;
#3214 = DIRECTION ( 'NONE',  ( 0.8660254037844380415, 0.5000000000000009992, 0.000000000000000000 ) ) ;
#3215 = AXIS2_PLACEMENT_3D ( 'NONE', #101, #4619, #2301 ) ;
#3216 = AXIS2_PLACEMENT_3D ( 'NONE', #236, #2391, #5633 ) ;
#3217 = ORIENTED_EDGE ( 'NONE', *, *, #1680, .T. ) ;
#3218 = DIRECTION ( 'NONE',  ( 1.000000000000000000, 0.000000000000000000, 0.000000000000000000 ) ) ;
#3219 = EDGE_LOOP ( 'NONE', ( #5682, #4736, #3703, #6017 ) ) ;
#3220 = VECTOR ( 'NONE', #2482, 1000.000000000000000 ) ;
#3221 = SECURITY_CLASSIFICATION_LEVEL ( 'unclassified' ) ;
#3222 = CARTESIAN_POINT ( 'NONE',  ( 177.4999999999999147, -14.99999999999988276, -562.5000000000002274 ) ) ;
#3224 = ADVANCED_FACE ( 'NONE', ( #5132 ), #1789, .F. ) ;
#3223 = ORIENTED_EDGE ( 'NONE', *, *, #7023, .T. ) ;
#3225 = ADVANCED_FACE ( 'NONE', ( #6171 ), #5591, .F. ) ;
#3226 = DIRECTION ( 'NONE',  ( -1.000000000000000000, 0.000000000000000000, 0.000000000000000000 ) ) ;
#3227 = ORIENTED_EDGE ( 'NONE', *, *, #4722, .T. ) ;
#3228 = EDGE_CURVE ( 'NONE', #6145, #6818, #2874, .T. ) ;
#3229 = DIRECTION ( 'NONE',  ( -0.5000000000000013323, 0.8660254037844379305, -2.292627005798565559E-30 ) ) ;
#3230 = ORIENTED_EDGE ( 'NONE', *, *, #2638, .F. ) ;
#3231 = DIRECTION ( 'NONE',  ( 1.000000000000000000, 2.031695853803520038E-16, -1.586032892321741229E-16 ) ) ;
#3232 = CARTESIAN_POINT ( 'NONE',  ( 185.8558984782912660, -21.80819141826686547, -34.82480283474284732 ) ) ;
#3233 = EDGE_CURVE ( 'NONE', #4945, #5104, #2390, .T. ) ;
#3234 = CIRCLE ( 'NONE', #4277, 35.00000000000002842 ) ;
#3235 = LOCAL_TIME ( 2, 14, 25.00000000000000000, #4065 ) ;
#3236 = CARTESIAN_POINT ( 'NONE',  ( 34.99999999999948130, -4.350686477749832193E-12, -519.9999999999785132 ) ) ;
#3237 = LINE ( 'NONE', #5422, #4911 ) ;
#3238 = DIRECTION ( 'NONE',  ( -0.000000000000000000, 1.000000000000000000, -0.000000000000000000 ) ) ;
#3239 = ORIENTED_EDGE ( 'NONE', *, *, #269, .T. ) ;
#3240 = CIRCLE ( 'NONE', #6545, 3.299999999999993605 ) ;
#3241 = CARTESIAN_POINT ( 'NONE',  ( 51.96152422706634866, 30.00000000000006750, 4.999999999999893419 ) ) ;
#3242 = FACE_OUTER_BOUND ( 'NONE', #145, .T. ) ;
#3243 = CARTESIAN_POINT ( 'NONE',  ( -214.9999999999998863, 25.00000000000000000, -303.3000000000000682 ) ) ;
#3244 = LINE ( 'NONE', #2710, #3482 ) ;
#3245 = CIRCLE ( 'NONE', #6781, 3.500000000006449508 ) ;
#3246 = DIRECTION ( 'NONE',  ( -1.586031983466185591E-16, 3.700742850728556176E-15, -1.000000000000000000 ) ) ;
#3247 = FACE_OUTER_BOUND ( 'NONE', #3248, .T. ) ;
#3248 = EDGE_LOOP ( 'NONE', ( #3762, #3919, #4840, #1570 ) ) ;
#3249 = FACE_BOUND ( 'NONE', #6170, .T. ) ;
#3250 = LINE ( 'NONE', #6570, #5058 ) ;
#3251 = VERTEX_POINT ( 'NONE', #1200 ) ;
#3252 = COORDINATED_UNIVERSAL_TIME_OFFSET ( 8, 0, .AHEAD. ) ;
#3253 = CARTESIAN_POINT ( 'NONE',  ( -214.9999999999999716, 5.000000000000000888, -600.0000000000001137 ) ) ;
#3254 = CARTESIAN_POINT ( 'NONE',  ( -350.0000000000000000, -14.99999999999988809, -634.5000000000001137 ) ) ;
#3255 = EDGE_CURVE ( 'NONE', #6818, #2456, #5397, .T. ) ;
#3256 = AXIS2_PLACEMENT_3D ( 'NONE', #1120, #1233, #4948 ) ;
#3257 = CIRCLE ( 'NONE', #185, 3.299999999999969624 ) ;
#3258 = VERTEX_POINT ( 'NONE', #2840 ) ;
#3259 = DIRECTION ( 'NONE',  ( 1.000000000000000000, -3.469446951953533725E-15, 0.000000000000000000 ) ) ;
#3260 = DIRECTION ( 'NONE',  ( 0.000000000000000000, 0.000000000000000000, 1.000000000000000000 ) ) ;
#3261 = DIRECTION ( 'NONE',  ( -0.000000000000000000, 1.000000000000000000, -0.000000000000000000 ) ) ;
#3262 = ORIENTED_EDGE ( 'NONE', *, *, #4244, .F. ) ;
#3263 = AXIS2_PLACEMENT_3D ( 'NONE', #5471, #4973, #516 ) ;
#3264 = CALENDAR_DATE ( 2026, 24, 3 ) ;
#3265 = EDGE_CURVE ( 'NONE', #4003, #6019, #5017, .T. ) ;
#3266 = EDGE_LOOP ( 'NONE', ( #5311, #6589, #3771, #6614 ) ) ;
#3267 = VERTEX_POINT ( 'NONE', #169 ) ;
#3268 = CARTESIAN_POINT ( 'NONE',  ( 4.041334437186264524E-16, 5.000000000000000888, -3.300000000000109956 ) ) ;
#3269 = EDGE_CURVE ( 'NONE', #4740, #4384, #235, .T. ) ;
#3270 = ORIENTED_EDGE ( 'NONE', *, *, #784, .T. ) ;
#3271 = DIRECTION ( 'NONE',  ( 1.000000000000000000, 2.031695853803520285E-16, -1.586032892321741229E-16 ) ) ;
#3272 = FACE_OUTER_BOUND ( 'NONE', #2717, .T. ) ;
#3273 = CIRCLE ( 'NONE', #6118, 3.299999999999969624 ) ;
#3274 = EDGE_CURVE ( 'NONE', #5790, #2534, #1168, .T. ) ;
#3275 = CARTESIAN_POINT ( 'NONE',  ( 51.96152422706634866, 30.00000000000006750, 4.999999999999893419 ) ) ;
#3276 = FACE_BOUND ( 'NONE', #4238, .T. ) ;
#3277 = EDGE_CURVE ( 'NONE', #3547, #2497, #3504, .T. ) ;
#3278 = ORIENTED_EDGE ( 'NONE', *, *, #1544, .T. ) ;
#3279 = CARTESIAN_POINT ( 'NONE',  ( 183.7759443965700825, 20.93131921306284582, -564.4475120728448019 ) ) ;
#3280 = FACE_OUTER_BOUND ( 'NONE', #2016, .T. ) ;
#3281 = VECTOR ( 'NONE', #4766, 1000.000000000000000 ) ;
#3282 = LINE ( 'NONE', #4857, #5068 ) ;
#3283 = FACE_OUTER_BOUND ( 'NONE', #867, .T. ) ;
#3284 = CARTESIAN_POINT ( 'NONE',  ( 181.5953175862389628, 18.76621790498546005, -36.76583593727428223 ) ) ;
#3285 = FACE_BOUND ( 'NONE', #3805, .T. ) ;
#3286 = CARTESIAN_POINT ( 'NONE',  ( 242.4999999999998863, -22.00000000000011013, -34.64142842854261772 ) ) ;
#3287 = ADVANCED_FACE ( 'NONE', ( #4671 ), #2520, .F. ) ;
#3288 = LINE ( 'NONE', #4967, #984 ) ;
#3289 = CARTESIAN_POINT ( 'NONE',  ( 112.9999999999998153, 4.999999999999609201, -445.7499999999999432 ) ) ;
#3290 = ORIENTED_EDGE ( 'NONE', *, *, #1412, .T. ) ;
#3291 = CALENDAR_DATE ( 2026, 24, 3 ) ;
#3292 = DIRECTION ( 'NONE',  ( -0.000000000000000000, 1.000000000000000000, -0.000000000000000000 ) ) ;
#3293 = CARTESIAN_POINT ( 'NONE',  ( 8.871732858435342451E-14, 24.99999999999924682, -603.2999999999999545 ) ) ;
#3294 = ORIENTED_EDGE ( 'NONE', *, *, #2627, .F. ) ;
#3295 = CARTESIAN_POINT ( 'NONE',  ( -249.9999999999999716, 1.000000000000000888, 27.49999999999992184 ) ) ;
#3296 = CYLINDRICAL_SURFACE ( 'NONE', #1701, 3.300000000000025135 ) ;
#3297 = ORIENTED_EDGE ( 'NONE', *, *, #4644, .F. ) ;
#3298 = ADVANCED_FACE ( 'NONE', ( #3667 ), #3121, .T. ) ;
#3299 = APPROVAL_ROLE ( '' ) ;
#3300 =( REPRESENTATION_RELATIONSHIP ('NONE','NONE', #5043, #2405 ) REPRESENTATION_RELATIONSHIP_WITH_TRANSFORMATION ( #1010 )SHAPE_REPRESENTATION_RELATIONSHIP( ) );
#3301 = ADVANCED_FACE ( 'NONE', ( #5205 ), #1415, .F. ) ;
#3302 = ORIENTED_EDGE ( 'NONE', *, *, #3461, .F. ) ;
#3303 = ORIENTED_EDGE ( 'NONE', *, *, #2752, .T. ) ;
#3304 = DIRECTION ( 'NONE',  ( -7.690840992182485042E-23, -4.235164736271500755E-22, 1.000000000000000000 ) ) ;
#3305 = ORIENTED_EDGE ( 'NONE', *, *, #3183, .F. ) ;
#3306 = FACE_OUTER_BOUND ( 'NONE', #5716, .T. ) ;
#3307 = DIRECTION ( 'NONE',  ( 3.469446951953613400E-15, 1.000000000000000000, 0.000000000000000000 ) ) ;
#3308 = ORIENTED_EDGE ( 'NONE', *, *, #4563, .T. ) ;
#3309 = CARTESIAN_POINT ( 'NONE',  ( 0.000000000000000000, 5.000000000000000888, -596.7000000000001592 ) ) ;
#3310 = EDGE_CURVE ( 'NONE', #7009, #1298, #1878, .T. ) ;
#3311 = VERTEX_POINT ( 'NONE', #373 ) ;
#3312 = CARTESIAN_POINT ( 'NONE',  ( -51.61879502661620478, 5.000000000000181188, -168.3812049733832623 ) ) ;
#3313 = FACE_OUTER_BOUND ( 'NONE', #487, .T. ) ;
#3314 = CARTESIAN_POINT ( 'NONE',  ( 350.0000000000000000, -14.99999999999991296, -627.5000000000001137 ) ) ;
#3315 = CARTESIAN_POINT ( 'NONE',  ( 215.0000000000000568, 21.99999999999850786, -303.3000000000000114 ) ) ;
#3316 = CARTESIAN_POINT ( 'NONE',  ( 181.1567072087544545, 17.96920520995001880, -37.05158525049215257 ) ) ;
#3317 = AXIS2_PLACEMENT_3D ( 'NONE', #3716, #448, #3226 ) ;
#3318 = DIRECTION ( 'NONE',  ( 3.469446951953613006E-15, 1.000000000000000000, -0.000000000000000000 ) ) ;
#3319 = ORIENTED_EDGE ( 'NONE', *, *, #4499, .T. ) ;
#3320 = EDGE_CURVE ( 'NONE', #3987, #6066, #6139, .T. ) ;
#3321 = FACE_BOUND ( 'NONE', #2201, .T. ) ;
#3322 = ADVANCED_FACE ( 'NONE', ( #412 ), #2462, .F. ) ;
#3323 = CARTESIAN_POINT ( 'NONE',  ( 250.0000000000000000, -15.00000000000010303, 27.49999999999994316 ) ) ;
#3324 = EDGE_LOOP ( 'NONE', ( #3766, #5550, #4308, #3976 ) ) ;
#3325 = PERSON_AND_ORGANIZATION_ROLE ( 'classification_officer' ) ;
#3326 = AXIS2_PLACEMENT_3D ( 'NONE', #6620, #6104, #2223 ) ;
#3327 = CARTESIAN_POINT ( 'NONE',  ( 250.0000000000000000, -14.99999999999988098, -37.49999999999997868 ) ) ;
#3328 = VECTOR ( 'NONE', #1182, 1000.000000000000000 ) ;
#3329 = EDGE_CURVE ( 'NONE', #4531, #3788, #3343, .T. ) ;
#3330 = CARTESIAN_POINT ( 'NONE',  ( -184.5607800188675469, -21.35710599508984586, -35.22014777899595117 ) ) ;
#3331 = CARTESIAN_POINT ( 'NONE',  ( 249.2610826345639055, -16.87319825676970808, -562.6660001854344273 ) ) ;
#3332 = VERTEX_POINT ( 'NONE', #1932 ) ;
#3333 = AXIS2_PLACEMENT_3D ( 'NONE', #3066, #6293, #4262 ) ;
#3334 = VECTOR ( 'NONE', #3691, 1000.000000000000000 ) ;
#3335 = LINE ( 'NONE', #6015, #2028 ) ;
#3336 = FACE_OUTER_BOUND ( 'NONE', #4577, .T. ) ;
#3337 = ORIENTED_EDGE ( 'NONE', *, *, #2031, .F. ) ;
#3338 = VECTOR ( 'NONE', #2070, 1000.000000000000000 ) ;
#3339 = CIRCLE ( 'NONE', #6859, 7.000000000000002665 ) ;
#3340 = CARTESIAN_POINT ( 'NONE',  ( 252.4999999999999432, -15.00000000000013856, -37.50000000000003553 ) ) ;
#3341 = ORIENTED_EDGE ( 'NONE', *, *, #3988, .T. ) ;
#3342 = ORIENTED_EDGE ( 'NONE', *, *, #1765, .T. ) ;
#3343 = CIRCLE ( 'NONE', #4824, 3.500000000006497913 ) ;
#3344 = CARTESIAN_POINT ( 'NONE',  ( -185.1894867059227749, 21.61173914908067673, -35.00290123481511273 ) ) ;
#3345 = ORIENTED_EDGE ( 'NONE', *, *, #5876, .T. ) ;
#3346 = CARTESIAN_POINT ( 'NONE',  ( 0.000000000000000000, 0.000000000000000000, 0.000000000000000000 ) ) ;
#3347 = CARTESIAN_POINT ( 'NONE',  ( -244.3723274843506204, 21.76143341828084132, -34.86885791384710132 ) ) ;
#3348 = CARTESIAN_POINT ( 'NONE',  ( 242.5000000000000568, 24.99999999999991473, -600.0000000000000000 ) ) ;
#3349 = CIRCLE ( 'NONE', #2550, 3.300000000000025135 ) ;
#3350 = DIRECTION ( 'NONE',  ( 0.000000000000000000, 0.000000000000000000, 1.000000000000000000 ) ) ;
#3351 = ORIENTED_EDGE ( 'NONE', *, *, #1412, .F. ) ;
#3352 = LINE ( 'NONE', #3464, #6841 ) ;
#3353 = ORIENTED_EDGE ( 'NONE', *, *, #5680, .F. ) ;
#3354 = CARTESIAN_POINT ( 'NONE',  ( -249.9999999999999716, 5.000000000000000888, 27.49999999999992184 ) ) ;
#3355 = VECTOR ( 'NONE', #5896, 1000.000000000000000 ) ;
#3356 =( GEOMETRIC_REPRESENTATION_CONTEXT ( 3 ) GLOBAL_UNCERTAINTY_ASSIGNED_CONTEXT ( ( #949 ) ) GLOBAL_UNIT_ASSIGNED_CONTEXT ( ( #5810, #4251, #4743 ) ) REPRESENTATION_CONTEXT ( 'NONE', 'WORKASPACE' ) );
#3357 = DIRECTION ( 'NONE',  ( -0.000000000000000000, 1.000000000000000000, -0.000000000000000000 ) ) ;
#3358 = CARTESIAN_POINT ( 'NONE',  ( -2.151057110211108016E-13, 0.000000000000000000, -219.9999999999995737 ) ) ;
#3359 = CARTESIAN_POINT ( 'NONE',  ( -12.71229268584506045, 17.73544510444425271, -5.000000000000004441 ) ) ;
#3360 = CARTESIAN_POINT ( 'NONE',  ( 186.5557657020814020, 21.94004718607107662, -34.69978178084085840 ) ) ;
#3361 = LOCAL_TIME ( 2, 14, 25.00000000000000000, #2644 ) ;
#3362 = CYLINDRICAL_SURFACE ( 'NONE', #5306, 3.500000000000003109 ) ;
#3363 = ORIENTED_EDGE ( 'NONE', *, *, #3918, .T. ) ;
#3364 = CARTESIAN_POINT ( 'NONE',  ( -2.718384415654084840, 18.08444007146925259, 5.000000000000004441 ) ) ;
#3365 = APPROVAL ( #3405, 'UNSPECIFIED' ) ;
#3366 = CARTESIAN_POINT ( 'NONE',  ( -248.9999999999999716, 5.000000000000000888, -626.5000000000000000 ) ) ;
#3367 = EDGE_CURVE ( 'NONE', #441, #6125, #6312, .T. ) ;
#3368 = ORIENTED_EDGE ( 'NONE', *, *, #5157, .F. ) ;
#3369 = COORDINATED_UNIVERSAL_TIME_OFFSET ( 8, 0, .AHEAD. ) ;
#3370 = CIRCLE ( 'NONE', #6662, 3.300000000000025135 ) ;
#3371 = DIRECTION ( 'NONE',  ( 0.000000000000000000, 0.000000000000000000, 1.000000000000000000 ) ) ;
#3372 = DIRECTION ( 'NONE',  ( -0.7071067811865554553, 0.000000000000000000, 0.7071067811865395791 ) ) ;
#3373 = EDGE_CURVE ( 'NONE', #1639, #3638, #3815, .T. ) ;
#3374 = CARTESIAN_POINT ( 'NONE',  ( -34.29467888754820137, -3.129441150662159998E-12, -480.7555736441248655 ) ) ;
#3375 = ORIENTED_EDGE ( 'NONE', *, *, #5871, .F. ) ;
#3376 = DIRECTION ( 'NONE',  ( 0.000000000000000000, 0.000000000000000000, 1.000000000000000000 ) ) ;
#3377 = APPROVAL ( #4522, 'UNSPECIFIED' ) ;
#3378 = EDGE_CURVE ( 'NONE', #1619, #5210, #811, .T. ) ;
#3379 = DIRECTION ( 'NONE',  ( -0.000000000000000000, 1.000000000000000000, -0.000000000000000000 ) ) ;
#3380 = ORIENTED_EDGE ( 'NONE', *, *, #213, .F. ) ;
#3381 = PERSON ( 'UNSPECIFIED', 'UNSPECIFIED', 'UNSPECIFIED', ('UNSPECIFIED'), ('UNSPECIFIED'), ('UNSPECIFIED') ) ;
#3382 = CARTESIAN_POINT ( 'NONE',  ( 250.0000000000000000, 22.00000000000010658, -27.49999999999992184 ) ) ;
#3383 = EDGE_LOOP ( 'NONE', ( #906, #1611 ) ) ;
#3384 = EDGE_CURVE ( 'NONE', #5638, #2032, #1898, .T. ) ;
#3385 = VERTEX_POINT ( 'NONE', #5268 ) ;
#3386 = CARTESIAN_POINT ( 'NONE',  ( 250.0000000000000000, 14.99999999999988809, 34.50000000000004974 ) ) ;
#3387 = ORIENTED_EDGE ( 'NONE', *, *, #2250, .T. ) ;
#3388 = DATE_AND_TIME ( #1889, #3235 ) ;
#3389 = VECTOR ( 'NONE', #2683, 1000.000000000000000 ) ;
#3390 = FACE_OUTER_BOUND ( 'NONE', #4640, .T. ) ;
#3391 = VERTEX_POINT ( 'NONE', #2556 ) ;
#3392 = CYLINDRICAL_SURFACE ( 'NONE', #6730, 7.000000000000002665 ) ;
#3393 = ORIENTED_EDGE ( 'NONE', *, *, #5669, .T. ) ;
#3394 = CIRCLE ( 'NONE', #2268, 3.300000000000025135 ) ;
#3395 = CARTESIAN_POINT ( 'NONE',  ( 242.7379556549835513, 21.99999999999991829, -34.64142842854307247 ) ) ;
#3396 = PLANE ( 'NONE',  #2646 ) ;
#3397 = EDGE_CURVE ( 'NONE', #5373, #1118, #4737, .T. ) ;
#3398 = FACE_OUTER_BOUND ( 'NONE', #5098, .T. ) ;
#3399 = CARTESIAN_POINT ( 'NONE',  ( 249.2571239163394523, -16.88799191860691096, -37.33127178210461494 ) ) ;
#3400 = DIRECTION ( 'NONE',  ( -0.000000000000000000, 1.000000000000000000, 3.532527805625498298E-15 ) ) ;
#3401 = VERTEX_POINT ( 'NONE', #6247 ) ;
#3402 = CYLINDRICAL_SURFACE ( 'NONE', #6573, 4.500000000000003553 ) ;
#3403 = LINE ( 'NONE', #4440, #2222 ) ;
#3404 = EDGE_LOOP ( 'NONE', ( #5631, #2723, #2630, #209 ) ) ;
#3405 = APPROVAL_STATUS ( 'not_yet_approved' ) ;
#3406 = DIRECTION ( 'NONE',  ( -3.700744544794450685E-15, -1.000000000000000000, -3.700743274245029804E-15 ) ) ;
#3407 = PLANE ( 'NONE',  #1153 ) ;
#3408 = AXIS2_PLACEMENT_3D ( 'NONE', #1781, #3379, #2283 ) ;
#3409 = CARTESIAN_POINT ( 'NONE',  ( 245.6511214321941736, -21.26695770379883754, -564.7039382073336355 ) ) ;
#3410 = ORIENTED_EDGE ( 'NONE', *, *, #213, .T. ) ;
#3411 = DIRECTION ( 'NONE',  ( -0.000000000000000000, 1.000000000000000000, -0.000000000000000000 ) ) ;
#3412 = CYLINDRICAL_SURFACE ( 'NONE', #4434, 3.299999999999969624 ) ;
#3413 = ORIENTED_EDGE ( 'NONE', *, *, #2329, .T. ) ;
#3414 = EDGE_CURVE ( 'NONE', #3198, #1737, #1343, .T. ) ;
#3415 = FACE_OUTER_BOUND ( 'NONE', #2066, .T. ) ;
#3416 = ORIENTED_EDGE ( 'NONE', *, *, #1389, .F. ) ;
#3417 = ORIENTED_EDGE ( 'NONE', *, *, #4068, .T. ) ;
#3418 = CARTESIAN_POINT ( 'NONE',  ( 112.9999999999999289, 4.999999999999609201, -404.2500000000003411 ) ) ;
#3419 = ORIENTED_EDGE ( 'NONE', *, *, #2731, .F. ) ;
#3420 = ADVANCED_FACE ( 'NONE', ( #2309 ), #42, .F. ) ;
#3421 = CARTESIAN_POINT ( 'NONE',  ( -252.5000000000000568, -14.99999999999988098, -562.5000000000000000 ) ) ;
#3422 = EDGE_CURVE ( 'NONE', #2715, #5083, #6205, .T. ) ;
#3423 = CARTESIAN_POINT ( 'NONE',  ( -1.671399514579063883, -11.89728473910364315, 5.000000000000004441 ) ) ;
#3424 = CARTESIAN_POINT ( 'NONE',  ( 8.831319514063479347E-14, 24.99999999999924682, -600.0000000000000000 ) ) ;
#3425 = VERTEX_POINT ( 'NONE', #3845 ) ;
#3426 = LINE ( 'NONE', #208, #4591 ) ;
#3427 = ORIENTED_EDGE ( 'NONE', *, *, #3792, .F. ) ;
#3428 = ORIENTED_EDGE ( 'NONE', *, *, #4517, .T. ) ;
#3429 = CARTESIAN_POINT ( 'NONE',  ( 214.9999999999999432, -4.111294638065032814E-12, -599.9999999999998863 ) ) ;
#3430 = CARTESIAN_POINT ( 'NONE',  ( -252.4999999999998863, 15.00000000000014033, -562.5000000000000000 ) ) ;
#3431 = DIRECTION ( 'NONE',  ( -0.000000000000000000, 1.000000000000000000, -0.000000000000000000 ) ) ;
#3432 = LINE ( 'NONE', #6563, #1397 ) ;
#3433 = CARTESIAN_POINT ( 'NONE',  ( 180.5985593436209911, 16.19412149417525626, -37.43119723103575325 ) ) ;
#3434 = B_SPLINE_CURVE_WITH_KNOTS ( 'NONE', 3,
 ( #5806, #1969, #310, #885, #815, #2498, #6906, #3055, #4675, #4616, #5705, #3644, #912, #3087, #1378, #3539, #5240, #3572, #1940, #6766, #5742, #2038 ),
 .UNSPECIFIED., .F., .F.,
 ( 4, 2, 2, 2, 2, 2, 2, 2, 2, 2, 4 ),
 ( 8.673617379883996953E-18, 0.001421279481378027185, 0.002842558962756045696, 0.004263838444134064425, 0.005685117925512082719, 0.007106397406890101014, 0.008527676888268120176, 0.009238316628957129323, 0.009948956369646138470, 0.01065959611033514762, 0.01137023585102415676 ),
 .UNSPECIFIED. ) ;
#3435 = ORIENTED_EDGE ( 'NONE', *, *, #799, .F. ) ;
#3436 = DIRECTION ( 'NONE',  ( 0.000000000000000000, 1.000000000000000000, -4.235164736271500755E-22 ) ) ;
#3437 = CARTESIAN_POINT ( 'NONE',  ( -252.5000000000000568, -15.00000000000001954, -562.5000000000000000 ) ) ;
#3438 = ORIENTED_EDGE ( 'NONE', *, *, #4244, .T. ) ;
#3439 = PLANE ( 'NONE',  #4700 ) ;
#3440 = CARTESIAN_POINT ( 'NONE',  ( -12.71229268584506045, 17.73544510444424560, 5.000000000000004441 ) ) ;
#3441 = APPLICATION_CONTEXT ( 'configuration controlled 3d designs of mechanical parts and assemblies' ) ;
#3442 = VERTEX_POINT ( 'NONE', #5510 ) ;
#3443 = DIRECTION ( 'NONE',  ( 0.000000000000000000, 0.000000000000000000, 1.000000000000000000 ) ) ;
#3444 = AXIS2_PLACEMENT_3D ( 'NONE', #2293, #1124, #6062 ) ;
#3445 = VECTOR ( 'NONE', #5776, 1000.000000000000000 ) ;
#3446 = ORIENTED_EDGE ( 'NONE', *, *, #205, .F. ) ;
#3447 = DATE_AND_TIME ( #770, #4636 ) ;
#3448 = AXIS2_PLACEMENT_3D ( 'NONE', #6658, #3966, #1792 ) ;
#3449 = AXIS2_PLACEMENT_3D ( 'NONE', #4126, #6847, #896 ) ;
#3450 = ORIENTED_EDGE ( 'NONE', *, *, #2590, .F. ) ;
#3451 = VERTEX_POINT ( 'NONE', #6047 ) ;
#3452 = VERTEX_POINT ( 'NONE', #4242 ) ;
#3453 = CARTESIAN_POINT ( 'NONE',  ( 28.31980515338765159, -5.000000000000099476, -551.8198051533731814 ) ) ;
#3454 = EDGE_LOOP ( 'NONE', ( #5798, #3540, #1083, #2349 ) ) ;
#3455 = CIRCLE ( 'NONE', #2087, 4.500000000000003553 ) ;
#3456 = ADVANCED_FACE ( 'NONE', ( #4480 ), #1142, .F. ) ;
#3457 = CARTESIAN_POINT ( 'NONE',  ( 250.0000000000000000, -22.00000000000010658, 27.49999999999992184 ) ) ;
#3458 = EDGE_CURVE ( 'NONE', #2456, #3940, #6572, .T. ) ;
#3459 = DIRECTION ( 'NONE',  ( 0.000000000000000000, 1.000000000000000000, 3.700743415417186364E-15 ) ) ;
#3460 = EDGE_CURVE ( 'NONE', #4069, #2997, #4896, .T. ) ;
#3461 = EDGE_CURVE ( 'NONE', #5523, #6823, #6087, .T. ) ;
#3462 = CYLINDRICAL_SURFACE ( 'NONE', #3794, 10.00000000000000888 ) ;
#3463 = EDGE_LOOP ( 'NONE', ( #4955, #2852 ) ) ;
#3464 = CARTESIAN_POINT ( 'NONE',  ( 350.0000000000000000, 14.99999999999987921, -562.5000000000000000 ) ) ;
#3465 = ORIENTED_EDGE ( 'NONE', *, *, #2831, .T. ) ;
#3466 = EDGE_CURVE ( 'NONE', #4571, #3120, #2653, .T. ) ;
#3467 = DIRECTION ( 'NONE',  ( 1.000000000000000000, 0.000000000000000000, 0.000000000000000000 ) ) ;
#3468 = CARTESIAN_POINT ( 'NONE',  ( 215.0000000000000568, 24.99999999999850431, -1.110223024625156540E-13 ) ) ;
#3469 = UNCERTAINTY_MEASURE_WITH_UNIT (LENGTH_MEASURE( 1.000000000000000082E-05 ), #562, 'distance_accuracy_value', 'NONE');
#3470 = AXIS2_PLACEMENT_3D ( 'NONE', #5146, #6295, #3589 ) ;
#3471 = DIRECTION ( 'NONE',  ( 0.000000000000000000, 1.000000000000000000, 3.700743415417186364E-15 ) ) ;
#3472 = AXIS2_PLACEMENT_3D ( 'NONE', #4716, #3652, #3688 ) ;
#3473 = CARTESIAN_POINT ( 'NONE',  ( 350.0000000000000000, 22.00000000000010658, -627.5000000000001137 ) ) ;
#3474 = CARTESIAN_POINT ( 'NONE',  ( 249.5000000000000000, -15.24086283439102907, -37.49999999999992895 ) ) ;
#3475 = LINE ( 'NONE', #2996, #162 ) ;
#3476 = ORIENTED_EDGE ( 'NONE', *, *, #4519, .T. ) ;
#3477 = CARTESIAN_POINT ( 'NONE',  ( 257.5251262658379687, 4.999999999999105604, -257.5251262657928351 ) ) ;
#3478 = CARTESIAN_POINT ( 'NONE',  ( 91.50000000000021316, 0.000000000000000000, -425.0000000000001705 ) ) ;
#3479 = CARTESIAN_POINT ( 'NONE',  ( 250.0000000000000000, -14.99999999999991296, -27.50000000000004974 ) ) ;
#3480 = EDGE_LOOP ( 'NONE', ( #2076, #5012, #5947, #40 ) ) ;
#3481 = EDGE_CURVE ( 'NONE', #6058, #266, #5543, .T. ) ;
#3482 = VECTOR ( 'NONE', #2185, 1000.000000000000000 ) ;
#3483 = CARTESIAN_POINT ( 'NONE',  ( -249.9999999999999716, 1.000000000000000888, 27.49999999999992184 ) ) ;
#3484 = LOCAL_TIME ( 2, 14, 25.00000000000000000, #6435 ) ;
#3485 = FACE_OUTER_BOUND ( 'NONE', #3404, .T. ) ;
#3486 = ORIENTED_EDGE ( 'NONE', *, *, #1962, .F. ) ;
#3487 = CARTESIAN_POINT ( 'NONE',  ( 242.5000000000000568, 21.99999999999991829, -565.3585715714571052 ) ) ;
#3488 = APPROVAL_PERSON_ORGANIZATION ( #227, #4923, #1819 ) ;
#3489 = ORIENTED_EDGE ( 'NONE', *, *, #224, .T. ) ;
#3490 = AXIS2_PLACEMENT_3D ( 'NONE', #4154, #1434, #1543 ) ;
#3491 = APPROVAL_DATE_TIME ( #3447, #4923 ) ;
#3492 = FACE_OUTER_BOUND ( 'NONE', #3266, .T. ) ;
#3493 = ORIENTED_EDGE ( 'NONE', *, *, #490, .F. ) ;
#3494 = ORIENTED_EDGE ( 'NONE', *, *, #5650, .T. ) ;
#3495 = CARTESIAN_POINT ( 'NONE',  ( -250.0000000000000000, 14.99999999999987743, 37.50000000000006395 ) ) ;
#3496 = VERTEX_POINT ( 'NONE', #1699 ) ;
#3497 = DIRECTION ( 'NONE',  ( -3.469446951953613006E-15, -1.000000000000000000, 0.000000000000000000 ) ) ;
#3498 = CARTESIAN_POINT ( 'NONE',  ( -177.4999999999999147, 14.99999999999988098, -599.9999999999998863 ) ) ;
#3499 = DIRECTION ( 'NONE',  ( 3.469446951953613400E-15, 1.000000000000000000, -0.000000000000000000 ) ) ;
#3500 = ORIENTED_EDGE ( 'NONE', *, *, #3018, .F. ) ;
#3501 = EDGE_CURVE ( 'NONE', #2456, #5966, #5437, .T. ) ;
#3502 = DIRECTION ( 'NONE',  ( 0.000000000000000000, -1.000000000000000000, 0.000000000000000000 ) ) ;
#3503 = VERTEX_POINT ( 'NONE', #5004 ) ;
#3504 = B_SPLINE_CURVE_WITH_KNOTS ( 'NONE', 3,
 ( #2421, #4610, #6760, #3885, #6060, #3347, #1826, #5526, #1268, #6721, #2910, #1857, #4035, #636, #2808, #4458, #1372, #4699, #2494, #939, #3639, #5737, #2978, #5834, #5802, #6794 ),
 .UNSPECIFIED., .F., .F.,
 ( 4, 2, 2, 2, 2, 2, 2, 2, 2, 2, 2, 2, 4 ),
 ( 0.01137023585102431809, 0.01208014783211151452, 0.01279005981319870922, 0.01420988377537310034, 0.01491979575646032626, 0.01562970773754755044, 0.01704953169972200228, 0.01846935566189644717, 0.01917926764298367309, 0.01988917962407089901, 0.02130900358624534391, 0.02201891556733256983, 0.02272882754841980268 ),
 .UNSPECIFIED. ) ;
#3505 = CARTESIAN_POINT ( 'NONE',  ( 36.76955262169966687, -3.375771884250866606E-12, -483.2304473782780292 ) ) ;
#3506 = FACE_OUTER_BOUND ( 'NONE', #79, .T. ) ;
#3507 = CIRCLE ( 'NONE', #414, 6.999999999999999112 ) ;
#3508 = CARTESIAN_POINT ( 'NONE',  ( 250.0000000000000000, 21.99999999999988631, -34.64142842854295168 ) ) ;
#3509 = CARTESIAN_POINT ( 'NONE',  ( -350.0000000000000000, 14.99999999999991296, -572.4999999999998863 ) ) ;
#3510 = PLANE ( 'NONE',  #3210 ) ;
#3511 = EDGE_CURVE ( 'NONE', #1693, #2256, #6532, .T. ) ;
#3512 = CARTESIAN_POINT ( 'NONE',  ( 250.0000000000000000, 5.000000000000000888, 27.49999999999992184 ) ) ;
#3513 = ORIENTED_EDGE ( 'NONE', *, *, #55, .F. ) ;
#3514 = CARTESIAN_POINT ( 'NONE',  ( 214.9999999999999716, 5.000000000000000888, 3.299999999999886136 ) ) ;
#3515 = CARTESIAN_POINT ( 'NONE',  ( 177.5000000000000853, 20.85786437626902767, -562.5000000000002274 ) ) ;
#3516 = CARTESIAN_POINT ( 'NONE',  ( -1.700011843158103498E-13, 5.000000000000000888, -297.5000000000001137 ) ) ;
#3517 = ORIENTED_EDGE ( 'NONE', *, *, #2299, .F. ) ;
#3518 = FACE_BOUND ( 'NONE', #2843, .T. ) ;
#3519 = PLANE ( 'NONE',  #4269 ) ;
#3520 = DIRECTION ( 'NONE',  ( -1.000000000000000000, 3.469446951953611033E-15, 0.000000000000000000 ) ) ;
#3521 = EDGE_CURVE ( 'NONE', #266, #6145, #4598, .T. ) ;
#3522 = DIRECTION ( 'NONE',  ( -7.690840992182485042E-23, -4.235164736271500755E-22, 1.000000000000000000 ) ) ;
#3523 = CIRCLE ( 'NONE', #2274, 10.00000000000000533 ) ;
#3524 = DIRECTION ( 'NONE',  ( -0.000000000000000000, 1.000000000000000000, -0.000000000000000000 ) ) ;
#3525 = DIRECTION ( 'NONE',  ( 0.000000000000000000, 0.000000000000000000, 1.000000000000000000 ) ) ;
#3526 = VERTEX_POINT ( 'NONE', #1525 ) ;
#3527 = PERSON_AND_ORGANIZATION ( #3381, #1066 ) ;
#3528 = VECTOR ( 'NONE', #6576, 1000.000000000000000 ) ;
#3529 = CARTESIAN_POINT ( 'NONE',  ( 249.5000000000000284, 14.99999999999988987, -600.0000000000000000 ) ) ;
#3530 = ORIENTED_EDGE ( 'NONE', *, *, #3951, .F. ) ;
#3531 = EDGE_CURVE ( 'NONE', #461, #5825, #4496, .T. ) ;
#3532 = ADVANCED_FACE ( 'NONE', ( #3876 ), #3947, .T. ) ;
#3533 = DIRECTION ( 'NONE',  ( -0.000000000000000000, 1.000000000000000000, -0.000000000000000000 ) ) ;
#3534 = EDGE_LOOP ( 'NONE', ( #1478, #1712, #6007, #1718 ) ) ;
#3535 = CARTESIAN_POINT ( 'NONE',  ( 28.31980515338761251, -5.000000000000099476, -488.1801948465837881 ) ) ;
#3536 = DIRECTION ( 'NONE',  ( -0.000000000000000000, 1.000000000000000000, -0.000000000000000000 ) ) ;
#3537 = DIRECTION ( 'NONE',  ( -0.000000000000000000, -1.000000000000000000, -0.000000000000000000 ) ) ;
#3538 = ORIENTED_EDGE ( 'NONE', *, *, #3909, .F. ) ;
#3539 = CARTESIAN_POINT ( 'NONE',  ( -185.6312686644261305, -21.74991921826032382, -565.1211645863431841 ) ) ;
#3540 = ORIENTED_EDGE ( 'NONE', *, *, #53, .F. ) ;
#3541 = ORIENTED_EDGE ( 'NONE', *, *, #5071, .F. ) ;
#3542 = FACE_OUTER_BOUND ( 'NONE', #88, .T. ) ;
#3543 = DIRECTION ( 'NONE',  ( 0.000000000000000000, 1.000000000000000000, 3.700743415417186364E-15 ) ) ;
#3544 = DIRECTION ( 'NONE',  ( 0.000000000000000000, 3.700743415417186364E-15, -1.000000000000000000 ) ) ;
#3545 = LINE ( 'NONE', #6732, #4258 ) ;
#3546 = DIRECTION ( 'NONE',  ( -0.000000000000000000, 1.000000000000000000, -0.000000000000000000 ) ) ;
#3547 = VERTEX_POINT ( 'NONE', #6122 ) ;
#3548 = CARTESIAN_POINT ( 'NONE',  ( 91.50000000000021316, 5.000000000000896172, -425.0000000000001705 ) ) ;
#3549 = CARTESIAN_POINT ( 'NONE',  ( -244.3687313355741253, -21.74991921826008223, -34.87883541365688700 ) ) ;
#3550 = ORIENTED_EDGE ( 'NONE', *, *, #1180, .F. ) ;
#3551 = CARTESIAN_POINT ( 'NONE',  ( 252.5000000000000568, 14.99999999999987921, -562.5000000000000000 ) ) ;
#3552 = DIRECTION ( 'NONE',  ( 0.000000000000000000, -0.7071067811865475727, 0.7071067811865475727 ) ) ;
#3553 = FACE_OUTER_BOUND ( 'NONE', #202, .T. ) ;
#3554 = DIRECTION ( 'NONE',  ( -1.000000000000000000, 3.469446951953611033E-15, 0.000000000000000000 ) ) ;
#3555 = LINE ( 'NONE', #2083, #3095 ) ;
#3556 = CARTESIAN_POINT ( 'NONE',  ( 248.5224925696641378, 18.57507229267713811, -563.1585058441952469 ) ) ;
#3557 = EDGE_LOOP ( 'NONE', ( #2552, #5615, #5002, #4540 ) ) ;
#3558 = APPROVAL_DATE_TIME ( #2512, #6888 ) ;
#3559 = ADVANCED_FACE ( 'NONE', ( #6603 ), #1734, .T. ) ;
#3560 = CARTESIAN_POINT ( 'NONE',  ( -51.61879502661620478, 5.000000000000177636, -163.8812049733832623 ) ) ;
#3561 = CARTESIAN_POINT ( 'NONE',  ( 34.99999999999950262, 5.000000000000000888, -519.9999999999785132 ) ) ;
#3562 = EDGE_LOOP ( 'NONE', ( #2739, #5443, #2891, #3822 ) ) ;
#3563 = AXIS2_PLACEMENT_3D ( 'NONE', #5915, #3745, #3189 ) ;
#3564 = DIRECTION ( 'NONE',  ( -0.000000000000000000, 1.000000000000000000, -0.000000000000000000 ) ) ;
#3565 = ORIENTED_EDGE ( 'NONE', *, *, #3627, .F. ) ;
#3566 = CARTESIAN_POINT ( 'NONE',  ( -51.61879502661898300, 5.000000000000177636, -271.6187950266201483 ) ) ;
#3567 = AXIS2_PLACEMENT_3D ( 'NONE', #2802, #4493, #2728 ) ;
#3568 = VECTOR ( 'NONE', #6123, 1000.000000000000000 ) ;
#3569 = DIRECTION ( 'NONE',  ( -0.000000000000000000, 1.000000000000000000, -0.000000000000000000 ) ) ;
#3570 = CARTESIAN_POINT ( 'NONE',  ( 350.0000000000002274, -15.00000000000014388, -562.5000000000002274 ) ) ;
#3571 = EDGE_LOOP ( 'NONE', ( #6689, #2955, #4394, #6311 ) ) ;
#3572 = CARTESIAN_POINT ( 'NONE',  ( -186.3133277090799425, -21.90263348841675750, -565.2641270132620548 ) ) ;
#3573 = EDGE_LOOP ( 'NONE', ( #4982, #2320 ) ) ;
#3574 = AXIS2_PLACEMENT_3D ( 'NONE', #1064, #965, #6426 ) ;
#3575 = VERTEX_POINT ( 'NONE', #652 ) ;
#3576 =( NAMED_UNIT ( * ) PLANE_ANGLE_UNIT ( ) SI_UNIT ( $, .RADIAN. ) );
#3577 = CARTESIAN_POINT ( 'NONE',  ( 187.4999999999999147, -14.99999999999991829, -600.0000000000000000 ) ) ;
#3578 = ADVANCED_FACE ( 'NONE', ( #6408 ), #3711, .T. ) ;
#3579 = CIRCLE ( 'NONE', #1161, 6.250000000000005329 ) ;
#3580 = CARTESIAN_POINT ( 'NONE',  ( 0.000000000000000000, 0.000000000000000000, 5.000000000000004441 ) ) ;
#3581 = AXIS2_PLACEMENT_3D ( 'NONE', #172, #4459, #3965 ) ;
#3582 = EDGE_LOOP ( 'NONE', ( #3044, #6369, #5197, #4567 ) ) ;
#3583 = CARTESIAN_POINT ( 'NONE',  ( -182.8829880344364938, 20.27996952961164112, -36.00001748584081440 ) ) ;
#3584 = EDGE_CURVE ( 'NONE', #313, #4910, #2334, .T. ) ;
#3585 = CARTESIAN_POINT ( 'NONE',  ( -350.0000000000000000, 14.99999999999988809, -565.4999999999998863 ) ) ;
#3586 = AXIS2_PLACEMENT_3D ( 'NONE', #2002, #5167, #5305 ) ;
#3587 = CARTESIAN_POINT ( 'NONE',  ( 34.29467888754989957, 4.999999999999882760, -490.6550685807393961 ) ) ;
#3588 = ORIENTED_EDGE ( 'NONE', *, *, #1323, .F. ) ;
#3589 = DIRECTION ( 'NONE',  ( 0.000000000000000000, 0.000000000000000000, 1.000000000000000000 ) ) ;
#3590 = DIRECTION ( 'NONE',  ( -0.000000000000000000, 1.000000000000000000, -0.000000000000000000 ) ) ;
#3591 = AXIS2_PLACEMENT_3D ( 'NONE', #2177, #1605, #1019 ) ;
#3592 = CC_DESIGN_PERSON_AND_ORGANIZATION_ASSIGNMENT ( #41, #3325, ( #6883 ) ) ;
#3593 = CARTESIAN_POINT ( 'NONE',  ( 246.7720617833546157, 20.56265927051838105, -564.1844798555073339 ) ) ;
#3594 = ORIENTED_EDGE ( 'NONE', *, *, #3686, .F. ) ;
#3595 = CALENDAR_DATE ( 2026, 24, 3 ) ;
#3596 = VECTOR ( 'NONE', #1764, 1000.000000000000000 ) ;
#3597 = CARTESIAN_POINT ( 'NONE',  ( -214.9999999999999716, 5.000000000000000888, -300.0000000000001137 ) ) ;
#3598 = DIRECTION ( 'NONE',  ( 0.000000000000000000, -1.000000000000000000, 0.000000000000000000 ) ) ;
#3599 = DIRECTION ( 'NONE',  ( -0.000000000000000000, 1.000000000000000000, -0.000000000000000000 ) ) ;
#3600 = EDGE_CURVE ( 'NONE', #1523, #3425, #603, .T. ) ;
#3601 = ORIENTED_EDGE ( 'NONE', *, *, #5246, .F. ) ;
#3602 = LOCAL_TIME ( 2, 14, 25.00000000000000000, #3212 ) ;
#3603 = DIRECTION ( 'NONE',  ( -1.158639454543361089E-30, 1.912833620765402649E-30, -1.000000000000000000 ) ) ;
#3604 = ORIENTED_EDGE ( 'NONE', *, *, #2747, .T. ) ;
#3605 = DIRECTION ( 'NONE',  ( 0.000000000000000000, -1.000000000000000000, 0.000000000000000000 ) ) ;
#3606 = AXIS2_PLACEMENT_3D ( 'NONE', #2936, #229, #2415 ) ;
#3607 = EDGE_CURVE ( 'NONE', #4183, #5523, #5755, .T. ) ;
#3608 = CARTESIAN_POINT ( 'NONE',  ( -72.99999999999845102, -6.140921104957897114E-13, -215.5000000000003695 ) ) ;
#3609 = ORIENTED_EDGE ( 'NONE', *, *, #5241, .F. ) ;
#3610 = DIRECTION ( 'NONE',  ( 0.000000000000000000, 0.000000000000000000, 1.000000000000000000 ) ) ;
#3611 = ORIENTED_EDGE ( 'NONE', *, *, #437, .F. ) ;
#3612 = ORIENTED_EDGE ( 'NONE', *, *, #4650, .T. ) ;
#3613 = LINE ( 'NONE', #6909, #6763 ) ;
#3614 = CARTESIAN_POINT ( 'NONE',  ( -248.9999999999999716, 0.000000000000000000, -626.5000000000000000 ) ) ;
#3615 = CIRCLE ( 'NONE', #1084, 2.749999999999974687 ) ;
#3616 = FACE_OUTER_BOUND ( 'NONE', #5808, .T. ) ;
#3617 = PLANE ( 'NONE',  #1547 ) ;
#3618 = ORIENTED_EDGE ( 'NONE', *, *, #2502, .T. ) ;
#3619 = CARTESIAN_POINT ( 'NONE',  ( -177.4999999999999147, 14.99999999999779732, -37.49999999999992184 ) ) ;
#3620 = ADVANCED_FACE ( 'NONE', ( #724 ), #3519, .F. ) ;
#3621 = AXIS2_PLACEMENT_3D ( 'NONE', #6999, #3769, #3214 ) ;
#3622 = CARTESIAN_POINT ( 'NONE',  ( 180.5000000000000000, 14.99999999999988098, -562.5000000000000000 ) ) ;
#3623 = CARTESIAN_POINT ( 'NONE',  ( 6.999999999999700684, -2.012279232133096230E-12, -407.0000000000002842 ) ) ;
#3624 = VECTOR ( 'NONE', #5714, 1000.000000000000000 ) ;
#3625 = ORIENTED_EDGE ( 'NONE', *, *, #2762, .T. ) ;
#3626 = LINE ( 'NONE', #3697, #3959 ) ;
#3627 = EDGE_CURVE ( 'NONE', #2251, #6860, #4379, .T. ) ;
#3628 = DIRECTION ( 'NONE',  ( 0.000000000000000000, 0.000000000000000000, -1.000000000000000000 ) ) ;
#3629 = EDGE_LOOP ( 'NONE', ( #2949, #537, #2430, #1162 ) ) ;
#3630 = DATE_AND_TIME ( #4162, #49 ) ;
#3631 = FACE_OUTER_BOUND ( 'NONE', #3891, .T. ) ;
#3632 = LINE ( 'NONE', #2092, #1443 ) ;
#3633 = LINE ( 'NONE', #3529, #971 ) ;
#3634 = ORIENTED_EDGE ( 'NONE', *, *, #7045, .F. ) ;
#3635 = EDGE_CURVE ( 'NONE', #1317, #6438, #1841, .T. ) ;
#3636 = CARTESIAN_POINT ( 'NONE',  ( -249.1166520847368417, -17.33111287727436789, -562.7654350760676607 ) ) ;
#3637 = VECTOR ( 'NONE', #4278, 1000.000000000000000 ) ;
#3638 = VERTEX_POINT ( 'NONE', #2408 ) ;
#3639 = CARTESIAN_POINT ( 'NONE',  ( -249.2571239163394239, 16.88799191860687898, -37.33127178210465758 ) ) ;
#3640 = CC_DESIGN_PERSON_AND_ORGANIZATION_ASSIGNMENT ( #3735, #1515, ( #4770 ) ) ;
#3641 = PRODUCT ( 'weld_base feet_Default<As Machined>', 'weld_base feet_Default<As Machined>', '', ( #3075 ) ) ;
#3642 = CARTESIAN_POINT ( 'NONE',  ( -39.24442635585413797, 5.000000000000135891, -554.2946788875260609 ) ) ;
#3643 = VERTEX_POINT ( 'NONE', #829 ) ;
#3644 = CARTESIAN_POINT ( 'NONE',  ( -183.9604386751775280, -21.05524842271384856, -564.5359955467856707 ) ) ;
#3645 = VERTEX_POINT ( 'NONE', #1292 ) ;
#3646 = DIRECTION ( 'NONE',  ( 3.469446951953613400E-15, 1.000000000000000000, 0.000000000000000000 ) ) ;
#3647 = DIRECTION ( 'NONE',  ( 0.000000000000000000, 0.000000000000000000, 1.000000000000000000 ) ) ;
#3648 = ADVANCED_FACE ( 'NONE', ( #4058 ), #2960, .F. ) ;
#3649 = CARTESIAN_POINT ( 'NONE',  ( -51.61879502661620478, 5.000000000000177636, -172.8812049733832623 ) ) ;
#3650 = DIRECTION ( 'NONE',  ( 0.000000000000000000, 0.000000000000000000, 1.000000000000000000 ) ) ;
#3651 = ORIENTED_EDGE ( 'NONE', *, *, #3531, .F. ) ;
#3652 = DIRECTION ( 'NONE',  ( -0.000000000000000000, 1.000000000000000000, -0.000000000000000000 ) ) ;
#3653 = CARTESIAN_POINT ( 'NONE',  ( -214.9999999999999716, -4.111294638065032814E-12, -300.0000000000001137 ) ) ;
#3654 = CARTESIAN_POINT ( 'NONE',  ( -31.81980515339516558, -4.999999999999889866, -488.1801948465837881 ) ) ;
#3655 = DIRECTION ( 'NONE',  ( -0.000000000000000000, 1.000000000000000000, -0.000000000000000000 ) ) ;
#3656 = DIRECTION ( 'NONE',  ( 0.000000000000000000, 0.000000000000000000, 1.000000000000000000 ) ) ;
#3657 = CARTESIAN_POINT ( 'NONE',  ( 244.3723274843504498, -21.76143341828088396, -34.86885791384685263 ) ) ;
#3658 = ORIENTED_EDGE ( 'NONE', *, *, #2072, .T. ) ;
#3659 = DIRECTION ( 'NONE',  ( 3.469446951953613400E-15, 1.000000000000000000, -0.000000000000000000 ) ) ;
#3660 = ORIENTED_EDGE ( 'NONE', *, *, #3710, .T. ) ;
#3661 = PERSON_AND_ORGANIZATION ( #3381, #1066 ) ;
#3662 = LINE ( 'NONE', #4098, #2077 ) ;
#3663 = CARTESIAN_POINT ( 'NONE',  ( -242.4999999999999147, 15.00000000000010303, -599.9999999999998863 ) ) ;
#3664 = ORIENTED_EDGE ( 'NONE', *, *, #6025, .T. ) ;
#3665 = CARTESIAN_POINT ( 'NONE',  ( -214.9999999999998863, 25.00000000000000000, -303.3000000000000114 ) ) ;
#3666 = ORIENTED_EDGE ( 'NONE', *, *, #4813, .T. ) ;
#3667 = FACE_OUTER_BOUND ( 'NONE', #2286, .T. ) ;
#3668 = CARTESIAN_POINT ( 'NONE',  ( -244.1413944448472364, 21.80888856002910714, -565.1758436182873311 ) ) ;
#3669 = ORIENTED_EDGE ( 'NONE', *, *, #4499, .F. ) ;
#3670 = CARTESIAN_POINT ( 'NONE',  ( 177.4999999999999147, -14.99999999999988098, -600.0000000000000000 ) ) ;
#3671 = APPLICATION_CONTEXT ( 'configuration controlled 3d designs of mechanical parts and assemblies' ) ;
#3672 = ORIENTED_EDGE ( 'NONE', *, *, #1399, .T. ) ;
#3673 = EDGE_CURVE ( 'NONE', #3251, #1885, #6526, .T. ) ;
#3674 = EDGE_LOOP ( 'NONE', ( #2871, #5676, #1509, #2985 ) ) ;
#3675 = AXIS2_PLACEMENT_3D ( 'NONE', #6063, #1753, #2295 ) ;
#3676 = CIRCLE ( 'NONE', #2755, 4.499999999999976019 ) ;
#3677 = DIRECTION ( 'NONE',  ( -0.000000000000000000, 1.000000000000000000, -0.000000000000000000 ) ) ;
#3678 = EDGE_CURVE ( 'NONE', #733, #174, #153, .T. ) ;
#3679 = EDGE_CURVE ( 'NONE', #6536, #1095, #2767, .T. ) ;
#3680 = CARTESIAN_POINT ( 'NONE',  ( -252.5000000000000568, -20.85786437626893886, -37.50000000000010658 ) ) ;
#3681 = CARTESIAN_POINT ( 'NONE',  ( 0.000000000000000000, 0.000000000000000000, 5.000000000000004441 ) ) ;
#3682 = FACE_BOUND ( 'NONE', #5190, .T. ) ;
#3683 = AXIS2_PLACEMENT_3D ( 'NONE', #2706, #1061, #2121 ) ;
#3684 = VECTOR ( 'NONE', #5351, 1000.000000000000000 ) ;
#3685 = EDGE_LOOP ( 'NONE', ( #3910, #845, #5470, #4668 ) ) ;
#3686 = EDGE_CURVE ( 'NONE', #523, #1088, #6750, .T. ) ;
#3687 = ORIENTED_EDGE ( 'NONE', *, *, #6604, .F. ) ;
#3688 = DIRECTION ( 'NONE',  ( 0.000000000000000000, 0.000000000000000000, 1.000000000000000000 ) ) ;
#3689 = CARTESIAN_POINT ( 'NONE',  ( -249.9999999999999716, 1.000000000000000888, -627.5000000000001137 ) ) ;
#3690 = VECTOR ( 'NONE', #2819, 1000.000000000000114 ) ;
#3691 = DIRECTION ( 'NONE',  ( -1.000000000000000000, 0.000000000000000000, 1.586033434521926015E-16 ) ) ;
#3692 = DIRECTION ( 'NONE',  ( -0.000000000000000000, 1.000000000000000000, -0.000000000000000000 ) ) ;
#3693 = EDGE_CURVE ( 'NONE', #4044, #4248, #4614, .T. ) ;
#3694 = ORIENTED_EDGE ( 'NONE', *, *, #4469, .F. ) ;
#3695 = AXIS2_PLACEMENT_3D ( 'NONE', #3314, #4915, #2673 ) ;
#3696 = VECTOR ( 'NONE', #3041, 1000.000000000000000 ) ;
#3697 = CARTESIAN_POINT ( 'NONE',  ( -214.9999999999999716, 5.000000000000000888, -603.3000000000000682 ) ) ;
#3698 = DIRECTION ( 'NONE',  ( 0.000000000000000000, -1.000000000000000000, -3.700743415417186364E-15 ) ) ;
#3699 = VERTEX_POINT ( 'NONE', #5459 ) ;
#3700 = COORDINATED_UNIVERSAL_TIME_OFFSET ( 8, 0, .AHEAD. ) ;
#3701 = VECTOR ( 'NONE', #1725, 1000.000000000000000 ) ;
#3702 = CARTESIAN_POINT ( 'NONE',  ( 6.999999999999700684, 4.999999999999976907, -409.7500000000002842 ) ) ;
#3703 = ORIENTED_EDGE ( 'NONE', *, *, #4231, .T. ) ;
#3704 = LINE ( 'NONE', #657, #647 ) ;
#3705 = VECTOR ( 'NONE', #1469, 1000.000000000000000 ) ;
#3706 = CARTESIAN_POINT ( 'NONE',  ( -246.0353393551749548, -21.04575189207780284, -564.5333760565720240 ) ) ;
#3707 = AXIS2_PLACEMENT_3D ( 'NONE', #3429, #6769, #6697 ) ;
#3708 = EDGE_CURVE ( 'NONE', #523, #4786, #4886, .T. ) ;
#3709 = EDGE_LOOP ( 'NONE', ( #1001, #4438, #463, #2882 ) ) ;
#3710 = EDGE_CURVE ( 'NONE', #5825, #936, #6562, .T. ) ;
#3711 = CYLINDRICAL_SURFACE ( 'NONE', #5848, 10.00000000000000888 ) ;
#3712 = AXIS2_PLACEMENT_3D ( 'NONE', #458, #5930, #4266 ) ;
#3713 = APPROVAL_PERSON_ORGANIZATION ( #651, #3377, #6602 ) ;
#3714 = CARTESIAN_POINT ( 'NONE',  ( -246.2240556034300596, 20.93131921306274279, -564.4475120728443471 ) ) ;
#3715 = EDGE_LOOP ( 'NONE', ( #4678, #1825, #3179, #1273 ) ) ;
#3716 = CARTESIAN_POINT ( 'NONE',  ( 0.000000000000000000, 6.938893903907228378E-15, -5.000000000000004441 ) ) ;
#3717 = EDGE_LOOP ( 'NONE', ( #1441, #3658, #4161, #5339 ) ) ;
#3718 = EDGE_LOOP ( 'NONE', ( #2101, #4217, #5129, #6872 ) ) ;
#3719 = AXIS2_PLACEMENT_3D ( 'NONE', #739, #201, #4482 ) ;
#3720 = CC_DESIGN_APPROVAL ( #610, ( #5983 ) ) ;
#3721 = CARTESIAN_POINT ( 'NONE',  ( -214.9999999999998863, 21.99999999999999289, -600.0000000000000000 ) ) ;
#3722 = CARTESIAN_POINT ( 'NONE',  ( -165.9999999999999716, 88.00000000000000000, -56.50000000000007816 ) ) ;
#3723 = CARTESIAN_POINT ( 'NONE',  ( 51.96152422706634866, 30.00000000000008171, -5.000000000000060396 ) ) ;
#3724 = ORIENTED_EDGE ( 'NONE', *, *, #5768, .T. ) ;
#3725 = EDGE_CURVE ( 'NONE', #1660, #2469, #4327, .T. ) ;
#3726 = CARTESIAN_POINT ( 'NONE',  ( -214.9999999999998863, 24.99999999999999289, -603.2999999999999545 ) ) ;
#3727 = DIRECTION ( 'NONE',  ( 3.469446951953613400E-15, 1.000000000000000000, -0.000000000000000000 ) ) ;
#3728 = EDGE_CURVE ( 'NONE', #118, #4144, #1413, .T. ) ;
#3729 = FACE_OUTER_BOUND ( 'NONE', #1480, .T. ) ;
#3730 = FACE_BOUND ( 'NONE', #5414, .T. ) ;
#3731 = CARTESIAN_POINT ( 'NONE',  ( 245.6433152852921751, -21.25853891208339874, -35.30057072799783668 ) ) ;
#3732 = ADVANCED_FACE ( 'NONE', ( #7057 ), #5429, .T. ) ;
#3733 = DIRECTION ( 'NONE',  ( 0.000000000000000000, 0.000000000000000000, 1.000000000000000000 ) ) ;
#3734 = ORIENTED_EDGE ( 'NONE', *, *, #5283, .T. ) ;
#3735 = PERSON_AND_ORGANIZATION ( #3381, #1066 ) ;
#3736 = EDGE_CURVE ( 'NONE', #3028, #6091, #1528, .T. ) ;
#3737 = VECTOR ( 'NONE', #80, 1000.000000000000000 ) ;
#3738 = DIRECTION ( 'NONE',  ( -0.000000000000000000, 1.000000000000000000, -0.000000000000000000 ) ) ;
#3739 = VERTEX_POINT ( 'NONE', #604 ) ;
#3740 = CARTESIAN_POINT ( 'NONE',  ( -248.0273725665442157, -19.31819862575371261, -563.4715110718460664 ) ) ;
#3741 = ORIENTED_EDGE ( 'NONE', *, *, #6268, .F. ) ;
#3742 = CARTESIAN_POINT ( 'NONE',  ( 184.3566847147076544, -21.25853891208319979, -564.6994292720020212 ) ) ;
#3743 = CARTESIAN_POINT ( 'NONE',  ( 250.0000000000001137, -14.99999999999988276, -37.49999999999997868 ) ) ;
#3744 = VERTEX_POINT ( 'NONE', #4401 ) ;
#3745 = DIRECTION ( 'NONE',  ( -0.000000000000000000, 1.000000000000000000, -0.000000000000000000 ) ) ;
#3746 = VERTEX_POINT ( 'NONE', #4467 ) ;
#3747 = DIRECTION ( 'NONE',  ( 0.000000000000000000, 0.000000000000000000, 1.000000000000000000 ) ) ;
#3748 = EDGE_LOOP ( 'NONE', ( #3351, #3913, #6571, #6176, #2988 ) ) ;
#3749 = APPROVAL_ROLE ( '' ) ;
#3750 = LINE ( 'NONE', #3193, #2993 ) ;
#3751 = AXIS2_PLACEMENT_3D ( 'NONE', #1257, #3110, #3733 ) ;
#3752 = CYLINDRICAL_SURFACE ( 'NONE', #5052, 4.500000000000003553 ) ;
#3753 = FACE_BOUND ( 'NONE', #4553, .T. ) ;
#3754 = ADVANCED_FACE ( 'NONE', ( #3936, #4963 ), #69, .T. ) ;
#3755 = DIRECTION ( 'NONE',  ( -1.000000000000000000, -0.000000000000000000, -0.000000000000000000 ) ) ;
#3756 = ORIENTED_EDGE ( 'NONE', *, *, #4468, .T. ) ;
#3757 = CARTESIAN_POINT ( 'NONE',  ( -1.705522753754266706E-13, 5.000000000000000888, -293.0000000000001137 ) ) ;
#3758 = CARTESIAN_POINT ( 'NONE',  ( -11.66530778476992936, -12.24627970612863948, 5.000000000000004441 ) ) ;
#3759 = PLANE ( 'NONE',  #6068 ) ;
#3760 =( BOUNDED_CURVE ( )  B_SPLINE_CURVE ( 3, ( #2532, #4711, #6418, #4221 ),
 .UNSPECIFIED., .F., .F. ) 
 B_SPLINE_CURVE_WITH_KNOTS ( ( 4, 4 ),
 ( 1.570796326794899445, 3.141592653589790007 ),
 .UNSPECIFIED. ) 
 CURVE ( )  GEOMETRIC_REPRESENTATION_ITEM ( )  RATIONAL_B_SPLINE_CURVE ( ( 1.000000000000000000, 0.8047378541243663808, 0.8047378541243663808, 1.000000000000000000 ) ) 
 REPRESENTATION_ITEM ( '' )  );
#3761 = CARTESIAN_POINT ( 'NONE',  ( -214.9999999999999716, 5.000000000000000888, -296.7000000000001023 ) ) ;
#3762 = ORIENTED_EDGE ( 'NONE', *, *, #5367, .T. ) ;
#3763 = PLANE ( 'NONE',  #4417 ) ;
#3764 = PRODUCT_RELATED_PRODUCT_CATEGORY ( 'detail', '', ( #5168 ) ) ;
#3765 = CARTESIAN_POINT ( 'NONE',  ( 250.0000000000000000, 15.00000000000010481, -27.50000000000002487 ) ) ;
#3766 = ORIENTED_EDGE ( 'NONE', *, *, #274, .F. ) ;
#3767 = PERSON_AND_ORGANIZATION_ROLE ( 'creator' ) ;
#3768 = CARTESIAN_POINT ( 'NONE',  ( 242.5000000000000284, 14.99999999999991473, -599.9999999999998863 ) ) ;
#3769 = DIRECTION ( 'NONE',  ( 0.5000000000000009992, -0.8660254037844380415, 2.255649150866329930E-30 ) ) ;
#3770 = EDGE_CURVE ( 'NONE', #7019, #461, #2270, .T. ) ;
#3771 = ORIENTED_EDGE ( 'NONE', *, *, #5921, .T. ) ;
#3772 = ADVANCED_FACE ( 'NONE', ( #540 ), #1099, .T. ) ;
#3773 = CARTESIAN_POINT ( 'NONE',  ( -242.5000000000000568, -22.00000000000200728, -565.3585715714590378 ) ) ;
#3774 = EDGE_LOOP ( 'NONE', ( #5525, #5445, #3427, #2224, #5887, #627, #2527, #526 ) ) ;
#3775 = DATE_AND_TIME ( #558, #1899 ) ;
#3776 = CARTESIAN_POINT ( 'NONE',  ( 245.0269832074730800, -21.53187853182829414, -564.9271605437916151 ) ) ;
#3777 = ORIENTED_EDGE ( 'NONE', *, *, #844, .T. ) ;
#3778 = LINE ( 'NONE', #4807, #2198 ) ;
#3779 = EDGE_LOOP ( 'NONE', ( #6362, #4117, #4405, #5024 ) ) ;
#3780 = CARTESIAN_POINT ( 'NONE',  ( -350.0000000000000000, 24.99999999999991118, -572.4999999999998863 ) ) ;
#3781 = DIRECTION ( 'NONE',  ( -1.514161561186618626E-16, -0.03489949670249730546, -0.9993908270190958731 ) ) ;
#3782 = DIRECTION ( 'NONE',  ( -1.000000000000000000, 0.000000000000000000, 1.586033343532058634E-16 ) ) ;
#3783 = EDGE_CURVE ( 'NONE', #6438, #6281, #3282, .T. ) ;
#3784 = VECTOR ( 'NONE', #1647, 1000.000000000000000 ) ;
#3785 = FACE_OUTER_BOUND ( 'NONE', #6056, .T. ) ;
#3786 = LINE ( 'NONE', #3135, #587 ) ;
#3787 = DIRECTION ( 'NONE',  ( 0.000000000000000000, 0.000000000000000000, 1.000000000000000000 ) ) ;
#3788 = VERTEX_POINT ( 'NONE', #1614 ) ;
#3789 = AXIS2_PLACEMENT_3D ( 'NONE', #5400, #1589, #5904 ) ;
#3790 = CARTESIAN_POINT ( 'NONE',  ( 185.1912137382735750, 21.61230033638192793, -564.9975995959289321 ) ) ;
#3791 = DIRECTION ( 'NONE',  ( -1.000000000000000000, 0.000000000000000000, 6.780942318374154600E-23 ) ) ;
#3792 = EDGE_CURVE ( 'NONE', #3987, #2256, #3244, .T. ) ;
#3793 = DIRECTION ( 'NONE',  ( -0.000000000000000000, -3.532527805625498298E-15, 1.000000000000000000 ) ) ;
#3794 = AXIS2_PLACEMENT_3D ( 'NONE', #4504, #5528, #1237 ) ;
#3795 = CARTESIAN_POINT ( 'NONE',  ( 250.0000000000000000, 21.99999999999991473, 27.50000000000007461 ) ) ;
#3796 = VECTOR ( 'NONE', #6955, 1000.000000000000000 ) ;
#3797 = PERSON ( 'NAUO-PER2', 'UNSPECIFIED', 'UNSPECIFIED', ('UNSPECIFIED'), ('UNSPECIFIED'), ('UNSPECIFIED') ) ;
#3798 = CARTESIAN_POINT ( 'NONE',  ( 10.00000000000000888, -17.32050807568875328, -5.000000000000004441 ) ) ;
#3799 = CARTESIAN_POINT ( 'NONE',  ( 246.0353393551749548, -21.04575189207796626, -35.46662394342761360 ) ) ;
#3800 = ORIENTED_EDGE ( 'NONE', *, *, #4763, .F. ) ;
#3801 = CARTESIAN_POINT ( 'NONE',  ( 250.0000000000000000, 24.99999999999991118, 27.50000000000008171 ) ) ;
#3802 = FACE_OUTER_BOUND ( 'NONE', #375, .T. ) ;
#3803 = VECTOR ( 'NONE', #6560, 1000.000000000000000 ) ;
#3804 = CIRCLE ( 'NONE', #1045, 4.500000000000003553 ) ;
#3805 = EDGE_LOOP ( 'NONE', ( #920, #2182 ) ) ;
#3806 = COORDINATED_UNIVERSAL_TIME_OFFSET ( 8, 0, .AHEAD. ) ;
#3807 = CARTESIAN_POINT ( 'NONE',  ( -249.9999999999999716, 4.000000000000000000, 27.49999999999992184 ) ) ;
#3808 = CIRCLE ( 'NONE', #3215, 10.00000000000000888 ) ;
#3809 = EDGE_CURVE ( 'NONE', #4920, #2063, #4358, .T. ) ;
#3810 = ORIENTED_EDGE ( 'NONE', *, *, #4989, .F. ) ;
#3811 = LINE ( 'NONE', #4485, #3737 ) ;
#3812 = DIRECTION ( 'NONE',  ( 0.000000000000000000, 0.000000000000000000, 1.000000000000000000 ) ) ;
#3813 = ORIENTED_EDGE ( 'NONE', *, *, #1466, .F. ) ;
#3814 = EDGE_CURVE ( 'NONE', #761, #686, #1322, .T. ) ;
#3815 = CIRCLE ( 'NONE', #4942, 4.500000000000003553 ) ;
#3816 = APPROVAL_STATUS ( 'not_yet_approved' ) ;
#3817 = VECTOR ( 'NONE', #5322, 1000.000000000000000 ) ;
#3818 = ADVANCED_FACE ( 'NONE', ( #5072 ), #6112, .T. ) ;
#3819 = CARTESIAN_POINT ( 'NONE',  ( -181.4775074303358053, 18.57507229267707771, -563.1585058441955880 ) ) ;
#3820 = ORIENTED_EDGE ( 'NONE', *, *, #2416, .T. ) ;
#3821 = EDGE_CURVE ( 'NONE', #7046, #5610, #1909, .T. ) ;
#3822 = ORIENTED_EDGE ( 'NONE', *, *, #6421, .F. ) ;
#3823 = CARTESIAN_POINT ( 'NONE',  ( 350.0000000000000000, -15.00000000000014211, -562.5000000000002274 ) ) ;
#3824 = VERTEX_POINT ( 'NONE', #4548 ) ;
#3825 = DIRECTION ( 'NONE',  ( 0.000000000000000000, 0.000000000000000000, 1.000000000000000000 ) ) ;
#3826 = DIRECTION ( 'NONE',  ( 0.000000000000000000, 0.000000000000000000, -1.000000000000000000 ) ) ;
#3827 = ORGANIZATION ( 'NAUO-ORG1', 'UNSPECIFIED', 'UNSPECIFIED' ) ;
#3828 = EDGE_CURVE ( 'NONE', #3739, #545, #4620, .T. ) ;
#3829 = DIRECTION ( 'NONE',  ( 0.000000000000000000, 0.000000000000000000, 1.000000000000000000 ) ) ;
#3830 = FACE_OUTER_BOUND ( 'NONE', #1422, .T. ) ;
#3831 = EDGE_LOOP ( 'NONE', ( #7039, #4664, #1867, #5822 ) ) ;
#3832 = AXIS2_PLACEMENT_3D ( 'NONE', #2134, #6498, #3260 ) ;
#3833 = APPROVAL_PERSON_ORGANIZATION ( #5410, #2920, #6474 ) ;
#3834 = CARTESIAN_POINT ( 'NONE',  ( 180.5119722665143343, 15.47333068945653167, -562.5083918556828166 ) ) ;
#3835 = PLANE ( 'NONE',  #5835 ) ;
#3836 = VECTOR ( 'NONE', #5432, 1000.000000000000000 ) ;
#3837 = DIRECTION ( 'NONE',  ( 0.000000000000000000, 1.000000000000000000, 3.700742850728556176E-15 ) ) ;
#3838 = LINE ( 'NONE', #6489, #615 ) ;
#3839 = DIRECTION ( 'NONE',  ( 0.000000000000000000, -3.700743415417186364E-15, 1.000000000000000000 ) ) ;
#3840 = EDGE_CURVE ( 'NONE', #4575, #3251, #5179, .T. ) ;
#3841 = FACE_BOUND ( 'NONE', #5874, .T. ) ;
#3842 = DIRECTION ( 'NONE',  ( -0.000000000000000000, 1.000000000000000000, -0.000000000000000000 ) ) ;
#3843 = ORIENTED_EDGE ( 'NONE', *, *, #2231, .F. ) ;
#3844 = DATE_TIME_ROLE ( 'classification_date' ) ;
#3845 = CARTESIAN_POINT ( 'NONE',  ( -35.00000000000055422, -4.107825191113079200E-12, -519.9999999999785132 ) ) ;
#3846 = DIRECTION ( 'NONE',  ( 1.000000000000000000, 0.000000000000000000, 0.000000000000000000 ) ) ;
#3847 = VECTOR ( 'NONE', #4153, 1000.000000000000000 ) ;
#3848 = VERTEX_POINT ( 'NONE', #6699 ) ;
#3849 = DIRECTION ( 'NONE',  ( 0.000000000000000000, 0.000000000000000000, 1.000000000000000000 ) ) ;
#3850 = ORIENTED_EDGE ( 'NONE', *, *, #5622, .F. ) ;
#3851 = VECTOR ( 'NONE', #397, 1000.000000000000114 ) ;
#3852 = COORDINATED_UNIVERSAL_TIME_OFFSET ( 8, 0, .AHEAD. ) ;
#3853 = VERTEX_POINT ( 'NONE', #6912 ) ;
#3854 = ORIENTED_EDGE ( 'NONE', *, *, #3320, .F. ) ;
#3855 = DIRECTION ( 'NONE',  ( 0.000000000000000000, 0.000000000000000000, 1.000000000000000000 ) ) ;
#3856 = CC_DESIGN_PERSON_AND_ORGANIZATION_ASSIGNMENT ( #2291, #6824, ( #2437 ) ) ;
#3857 = DIRECTION ( 'NONE',  ( -1.514161561186622570E-16, -0.03489949670249715974, -0.9993908270190958731 ) ) ;
#3858 = CARTESIAN_POINT ( 'NONE',  ( 350.0000000000000000, -22.00000000000010658, -572.5000000000001137 ) ) ;
#3859 = DIRECTION ( 'NONE',  ( 0.000000000000000000, 0.000000000000000000, 1.000000000000000000 ) ) ;
#3860 = DIRECTION ( 'NONE',  ( -3.532527189601535655E-15, -1.000000000000000000, 4.235164736271500755E-22 ) ) ;
#3861 = ORIENTED_EDGE ( 'NONE', *, *, #3693, .T. ) ;
#3862 = DIRECTION ( 'NONE',  ( 0.000000000000000000, 0.000000000000000000, 1.000000000000000000 ) ) ;
#3863 = ORIENTED_EDGE ( 'NONE', *, *, #953, .T. ) ;
#3864 = FACE_OUTER_BOUND ( 'NONE', #1474, .T. ) ;
#3865 = EDGE_CURVE ( 'NONE', #650, #4183, #6770, .T. ) ;
#3866 = CARTESIAN_POINT ( 'NONE',  ( 249.5000000000000284, 14.99999999999988987, -37.49999999999986500 ) ) ;
#3867 = DIRECTION ( 'NONE',  ( -0.000000000000000000, 1.000000000000000000, -0.000000000000000000 ) ) ;
#3868 = AXIS2_PLACEMENT_3D ( 'NONE', #4690, #2086, #6433 ) ;
#3869 = CARTESIAN_POINT ( 'NONE',  ( 4.041334437186301008E-16, 5.000000000000000888, -603.3000000000000682 ) ) ;
#3870 = CARTESIAN_POINT ( 'NONE',  ( 6.999999999999825917, 4.999999999999976907, -442.9999999999999432 ) ) ;
#3871 = ORIENTED_EDGE ( 'NONE', *, *, #1375, .T. ) ;
#3872 = FACE_BOUND ( 'NONE', #3048, .T. ) ;
#3873 = DIRECTION ( 'NONE',  ( -1.000000000000000000, -0.000000000000000000, -0.000000000000000000 ) ) ;
#3874 = EDGE_LOOP ( 'NONE', ( #4992, #1328, #3664, #4892 ) ) ;
#3875 = PERSON_AND_ORGANIZATION ( #3381, #1066 ) ;
#3876 = FACE_OUTER_BOUND ( 'NONE', #3715, .T. ) ;
#3877 = CARTESIAN_POINT ( 'NONE',  ( -186.3208577706737117, -21.90400402829007120, -34.73456913599083151 ) ) ;
#3878 = EDGE_LOOP ( 'NONE', ( #6934, #1023, #2034, #1785 ) ) ;
#3879 = LINE ( 'NONE', #2797, #5569 ) ;
#3880 = ORIENTED_EDGE ( 'NONE', *, *, #2502, .F. ) ;
#3881 = ORIENTED_EDGE ( 'NONE', *, *, #265, .F. ) ;
#3882 = ORIENTED_EDGE ( 'NONE', *, *, #3022, .F. ) ;
#3883 = CARTESIAN_POINT ( 'NONE',  ( -186.5461269622242639, 21.93880767778504648, -34.70097950981239165 ) ) ;
#3884 = ORIENTED_EDGE ( 'NONE', *, *, #336, .T. ) ;
#3885 = CARTESIAN_POINT ( 'NONE',  ( -243.4442342979186549, 21.94004718607104820, -34.69978178084090104 ) ) ;
#3886 = CARTESIAN_POINT ( 'NONE',  ( -51.61879502661898300, 5.000000000000181188, -276.1187950266202051 ) ) ;
#3887 = CC_DESIGN_PERSON_AND_ORGANIZATION_ASSIGNMENT ( #5542, #6531, ( #503 ) ) ;
#3888 = DIRECTION ( 'NONE',  ( -0.000000000000000000, 1.000000000000000000, -0.000000000000000000 ) ) ;
#3889 = ORIENTED_EDGE ( 'NONE', *, *, #6715, .F. ) ;
#3890 = DIRECTION ( 'NONE',  ( -1.000000000000000000, 3.532527189601535655E-15, 6.590949271428381056E-23 ) ) ;
#3891 = EDGE_LOOP ( 'NONE', ( #4201, #6623, #4029, #1207 ) ) ;
#3892 = CARTESIAN_POINT ( 'NONE',  ( 180.7402056419846303, 16.87843014814963993, -562.6668892758351603 ) ) ;
#3893 = VECTOR ( 'NONE', #2394, 1000.000000000000000 ) ;
#3894 = CARTESIAN_POINT ( 'NONE',  ( 112.9999999999998153, 4.999999999999609201, -442.9999999999999432 ) ) ;
#3895 = DIRECTION ( 'NONE',  ( -0.000000000000000000, 1.000000000000000000, -0.000000000000000000 ) ) ;
#3896 = EDGE_CURVE ( 'NONE', #6793, #168, #5352, .T. ) ;
#3897 = LINE ( 'NONE', #32, #5520 ) ;
#3898 = VECTOR ( 'NONE', #1049, 1000.000000000000000 ) ;
#3899 = DIRECTION ( 'NONE',  ( 0.000000000000000000, 0.000000000000000000, 1.000000000000000000 ) ) ;
#3900 = ORIENTED_EDGE ( 'NONE', *, *, #320, .T. ) ;
#3901 = DIRECTION ( 'NONE',  ( 0.000000000000000000, -1.000000000000000000, -3.532527805625498298E-15 ) ) ;
#3902 = DIRECTION ( 'NONE',  ( -0.000000000000000000, 3.532527805625498298E-15, -1.000000000000000000 ) ) ;
#3903 = ORIENTED_EDGE ( 'NONE', *, *, #6351, .T. ) ;
#3904 = COORDINATED_UNIVERSAL_TIME_OFFSET ( 8, 0, .AHEAD. ) ;
#3905 = VECTOR ( 'NONE', #5992, 1000.000000000000000 ) ;
#3906 = CARTESIAN_POINT ( 'NONE',  ( 350.0000000000000000, -14.99999999999991296, -627.5000000000001137 ) ) ;
#3907 = CIRCLE ( 'NONE', #1628, 7.000000000000002665 ) ;
#3908 = LINE ( 'NONE', #3483, #4253 ) ;
#3909 = EDGE_CURVE ( 'NONE', #6125, #309, #3105, .T. ) ;
#3910 = ORIENTED_EDGE ( 'NONE', *, *, #4083, .T. ) ;
#3911 = CIRCLE ( 'NONE', #3333, 3.500000000006477041 ) ;
#3912 = CARTESIAN_POINT ( 'NONE',  ( -214.9999999999999716, 5.000000000000000888, -3.300000000000108180 ) ) ;
#3913 = ORIENTED_EDGE ( 'NONE', *, *, #4605, .F. ) ;
#3914 = VECTOR ( 'NONE', #4996, 1000.000000000000000 ) ;
#3915 = CIRCLE ( 'NONE', #605, 2.749999999999974687 ) ;
#3916 = LINE ( 'NONE', #1710, #2634 ) ;
#3917 = ORIENTED_EDGE ( 'NONE', *, *, #7044, .F. ) ;
#3918 = EDGE_CURVE ( 'NONE', #313, #75, #2125, .T. ) ;
#3919 = ORIENTED_EDGE ( 'NONE', *, *, #3635, .T. ) ;
#3920 = VECTOR ( 'NONE', #4643, 1000.000000000000000 ) ;
#3921 = LINE ( 'NONE', #633, #5428 ) ;
#3922 = VERTEX_POINT ( 'NONE', #2577 ) ;
#3923 = APPROVAL_ROLE ( '' ) ;
#3924 = CARTESIAN_POINT ( 'NONE',  ( 262.4748737341427045, -5.000000000000910383, -262.4748737341441824 ) ) ;
#3925 = FACE_OUTER_BOUND ( 'NONE', #6650, .T. ) ;
#3926 = AXIS2_PLACEMENT_3D ( 'NONE', #1877, #293, #4013 ) ;
#3927 = FACE_OUTER_BOUND ( 'NONE', #2830, .T. ) ;
#3928 = ORIENTED_EDGE ( 'NONE', *, *, #5981, .T. ) ;
#3929 = CARTESIAN_POINT ( 'NONE',  ( -249.9999999999999716, 1.000000000000000888, 27.49999999999992184 ) ) ;
#3930 = ORIENTED_EDGE ( 'NONE', *, *, #3148, .F. ) ;
#3931 = EDGE_CURVE ( 'NONE', #5916, #855, #2110, .T. ) ;
#3932 = ORIENTED_EDGE ( 'NONE', *, *, #2378, .T. ) ;
#3933 = CARTESIAN_POINT ( 'NONE',  ( 246.0395613248224436, 21.05524842271375263, -35.46400445321462769 ) ) ;
#3934 = AXIS2_PLACEMENT_3D ( 'NONE', #6389, #2565, #857 ) ;
#3935 = LINE ( 'NONE', #1798, #3914 ) ;
#3936 = FACE_BOUND ( 'NONE', #560, .T. ) ;
#3937 = LINE ( 'NONE', #6182, #3690 ) ;
#3938 = DIRECTION ( 'NONE',  ( -1.000000000000000000, -0.000000000000000000, 1.586032892321652236E-16 ) ) ;
#3939 = LOCAL_TIME ( 2, 14, 25.00000000000000000, #3806 ) ;
#3940 = VERTEX_POINT ( 'NONE', #1506 ) ;
#3941 = CARTESIAN_POINT ( 'NONE',  ( -214.9999999999998863, 24.99999999999999289, -596.7000000000000455 ) ) ;
#3942 = CARTESIAN_POINT ( 'NONE',  ( 29.34493141923839943, 4.999999999999896971, -485.7053211124284644 ) ) ;
#3943 = ORIENTED_EDGE ( 'NONE', *, *, #6761, .F. ) ;
#3944 = DATE_AND_TIME ( #3291, #1417 ) ;
#3945 = ADVANCED_FACE ( 'NONE', ( #4299 ), #325, .F. ) ;
#3946 = AXIS2_PLACEMENT_3D ( 'NONE', #3171, #6948, #4267 ) ;
#3947 = PLANE ( 'NONE',  #1760 ) ;
#3948 = LINE ( 'NONE', #4481, #3568 ) ;
#3949 = CARTESIAN_POINT ( 'NONE',  ( 249.1180191725539146, -17.32663071661655607, -562.7644884280433644 ) ) ;
#3950 = DIRECTION ( 'NONE',  ( 0.000000000000000000, 0.000000000000000000, 1.000000000000000000 ) ) ;
#3951 = EDGE_CURVE ( 'NONE', #3503, #1948, #4784, .T. ) ;
#3952 = ORIENTED_EDGE ( 'NONE', *, *, #5871, .T. ) ;
#3953 = CARTESIAN_POINT ( 'NONE',  ( 214.9999999999999716, 5.000000000000000888, -296.7000000000001023 ) ) ;
#3954 = CARTESIAN_POINT ( 'NONE',  ( -214.9999999999999716, 5.000000000000000888, 3.299999999999886136 ) ) ;
#3955 = EDGE_LOOP ( 'NONE', ( #3152, #5007 ) ) ;
#3956 = EDGE_CURVE ( 'NONE', #1225, #4534, #3838, .T. ) ;
#3957 = ORIENTED_EDGE ( 'NONE', *, *, #1815, .F. ) ;
#3958 = ORIENTED_EDGE ( 'NONE', *, *, #4517, .F. ) ;
#3959 = VECTOR ( 'NONE', #5791, 1000.000000000000000 ) ;
#3960 = DIRECTION ( 'NONE',  ( 0.000000000000000000, 0.000000000000000000, 1.000000000000000000 ) ) ;
#3961 = ORIENTED_EDGE ( 'NONE', *, *, #3143, .F. ) ;
#3962 = DIRECTION ( 'NONE',  ( 0.000000000000000000, 1.000000000000000000, -4.235164736271500755E-22 ) ) ;
#3963 = EDGE_CURVE ( 'NONE', #2793, #2803, #6114, .T. ) ;
#3964 = CIRCLE ( 'NONE', #5671, 3.299999999999997158 ) ;
#3965 = DIRECTION ( 'NONE',  ( 0.000000000000000000, 0.000000000000000000, 1.000000000000000000 ) ) ;
#3966 = DIRECTION ( 'NONE',  ( -0.000000000000000000, 1.000000000000000000, -0.000000000000000000 ) ) ;
#3967 = ORIENTED_EDGE ( 'NONE', *, *, #2072, .F. ) ;
#3968 = DIRECTION ( 'NONE',  ( -0.000000000000000000, 1.000000000000000000, -0.000000000000000000 ) ) ;
#3969 = EDGE_LOOP ( 'NONE', ( #3957, #5975 ) ) ;
#3970 = VERTEX_POINT ( 'NONE', #3798 ) ;
#3971 = AXIS2_PLACEMENT_3D ( 'NONE', #561, #4424, #5589 ) ;
#3972 = CARTESIAN_POINT ( 'NONE',  ( 242.5000000000000568, 21.99999999999991829, -34.64142842854289484 ) ) ;
#3973 = DIRECTION ( 'NONE',  ( -1.000000000000000000, -0.000000000000000000, 1.586032892321652236E-16 ) ) ;
#3974 = DIRECTION ( 'NONE',  ( -0.000000000000000000, 1.000000000000000000, -0.000000000000000000 ) ) ;
#3975 = LINE ( 'NONE', #6150, #2566 ) ;
#3976 = ORIENTED_EDGE ( 'NONE', *, *, #3821, .T. ) ;
#3977 = CARTESIAN_POINT ( 'NONE',  ( -214.9999999999998863, 21.99999999999999289, -1.110223024625156540E-13 ) ) ;
#3978 = VECTOR ( 'NONE', #5549, 1000.000000000000000 ) ;
#3979 = CARTESIAN_POINT ( 'NONE',  ( -40.16666666666662877, 213.8333333333333428, -417.6666666666666856 ) ) ;
#3980 = ORIENTED_EDGE ( 'NONE', *, *, #482, .F. ) ;
#3981 = DIRECTION ( 'NONE',  ( 0.000000000000000000, 0.000000000000000000, 1.000000000000000000 ) ) ;
#3982 = DIRECTION ( 'NONE',  ( -0.000000000000000000, 1.000000000000000000, -0.000000000000000000 ) ) ;
#3983 = AXIS2_PLACEMENT_3D ( 'NONE', #5257, #1991, #2640 ) ;
#3984 = CARTESIAN_POINT ( 'NONE',  ( 8.871732858435342451E-14, 24.99999999999924682, -603.2999999999999545 ) ) ;
#3985 = EDGE_CURVE ( 'NONE', #5994, #116, #5498, .T. ) ;
#3986 = DIRECTION ( 'NONE',  ( -1.158639454543361089E-30, 1.912833620765402649E-30, -1.000000000000000000 ) ) ;
#3987 = VERTEX_POINT ( 'NONE', #6040 ) ;
#3988 = EDGE_CURVE ( 'NONE', #4843, #5480, #3897, .T. ) ;
#3989 = EDGE_CURVE ( 'NONE', #3165, #339, #2744, .T. ) ;
#3990 = EDGE_CURVE ( 'NONE', #5610, #5501, #4175, .T. ) ;
#3991 = CARTESIAN_POINT ( 'NONE',  ( 215.0000000000000568, 21.99999999999850075, -1.110223024625156540E-13 ) ) ;
#3992 = EDGE_CURVE ( 'NONE', #6328, #5699, #4116, .T. ) ;
#3993 = DIRECTION ( 'NONE',  ( 1.000000000000000000, 0.000000000000000000, 0.000000000000000000 ) ) ;
#3994 = ORIENTED_EDGE ( 'NONE', *, *, #1305, .F. ) ;
#3995 = VERTEX_POINT ( 'NONE', #6260 ) ;
#3996 = DIRECTION ( 'NONE',  ( 0.000000000000000000, 0.000000000000000000, 1.000000000000000000 ) ) ;
#3997 = ORIENTED_EDGE ( 'NONE', *, *, #2540, .T. ) ;
#3998 = CARTESIAN_POINT ( 'NONE',  ( -39.24442635585407402, -3.112093915902391927E-12, -485.7053211124313066 ) ) ;
#3999 = CARTESIAN_POINT ( 'NONE',  ( 1.270641034760808889E-12, 5.000000000000000888, -142.5000000000020748 ) ) ;
#4000 = PLANE ( 'NONE',  #4594 ) ;
#4001 = ORIENTED_EDGE ( 'NONE', *, *, #5981, .F. ) ;
#4002 = CARTESIAN_POINT ( 'NONE',  ( -187.4999999999998863, 21.99999999999992184, -34.64142842854289484 ) ) ;
#4003 = VERTEX_POINT ( 'NONE', #2337 ) ;
#4004 = EDGE_LOOP ( 'NONE', ( #1520, #3125 ) ) ;
#4005 = EDGE_CURVE ( 'NONE', #3120, #4571, #3234, .T. ) ;
#4006 = DIRECTION ( 'NONE',  ( -7.690840992182485042E-23, -4.235164736271500755E-22, 1.000000000000000000 ) ) ;
#4007 = DIRECTION ( 'NONE',  ( 0.000000000000000000, 0.000000000000000000, 1.000000000000000000 ) ) ;
#4008 = FACE_OUTER_BOUND ( 'NONE', #2216, .T. ) ;
#4009 = DIRECTION ( 'NONE',  ( -0.000000000000000000, -1.000000000000000000, -0.000000000000000000 ) ) ;
#4010 = VERTEX_POINT ( 'NONE', #2476 ) ;
#4011 = DIRECTION ( 'NONE',  ( -0.000000000000000000, 1.000000000000000000, -0.000000000000000000 ) ) ;
#4012 = EDGE_CURVE ( 'NONE', #855, #5916, #6989, .T. ) ;
#4013 = DIRECTION ( 'NONE',  ( 0.000000000000000000, 0.000000000000000000, 1.000000000000000000 ) ) ;
#4014 = DIRECTION ( 'NONE',  ( -3.700744544794450685E-15, -1.000000000000000000, -3.700743274245029804E-15 ) ) ;
#4015 = ORIENTED_EDGE ( 'NONE', *, *, #3918, .F. ) ;
#4016 = DIRECTION ( 'NONE',  ( 0.000000000000000000, -1.000000000000000000, -3.700743415417186364E-15 ) ) ;
#4017 = AXIS2_PLACEMENT_3D ( 'NONE', #1864, #3968, #2776 ) ;
#4018 = CARTESIAN_POINT ( 'NONE',  ( 249.4999999999999147, -15.00000000000013145, -599.9999999999998863 ) ) ;
#4019 = FACE_OUTER_BOUND ( 'NONE', #3779, .T. ) ;
#4020 = EDGE_CURVE ( 'NONE', #4656, #57, #822, .T. ) ;
#4021 = CARTESIAN_POINT ( 'NONE',  ( -29.34493141923992354, 0.000000000000000000, -554.2946788875274251 ) ) ;
#4022 = AXIS2_PLACEMENT_3D ( 'NONE', #96, #1272, #4991 ) ;
#4023 = VECTOR ( 'NONE', #4692, 1000.000000000000000 ) ;
#4024 = ORIENTED_EDGE ( 'NONE', *, *, #3185, .T. ) ;
#4025 = ADVANCED_FACE ( 'NONE', ( #2851 ), #2889, .F. ) ;
#4026 = AXIS2_PLACEMENT_3D ( 'NONE', #5709, #2432, #2817 ) ;
#4027 = CIRCLE ( 'NONE', #3205, 3.299999999999969624 ) ;
#4028 = FACE_OUTER_BOUND ( 'NONE', #1566, .T. ) ;
#4029 = ORIENTED_EDGE ( 'NONE', *, *, #6544, .F. ) ;
#4030 = ORIENTED_EDGE ( 'NONE', *, *, #1702, .T. ) ;
#4031 = ADVANCED_FACE ( 'NONE', ( #681 ), #5711, .F. ) ;
#4032 = LINE ( 'NONE', #4070, #5783 ) ;
#4033 = ORIENTED_EDGE ( 'NONE', *, *, #6335, .T. ) ;
#4034 = VECTOR ( 'NONE', #1835, 1000.000000000000000 ) ;
#4035 = CARTESIAN_POINT ( 'NONE',  ( -247.1126084882292275, 20.28409637421233569, -35.99756307499373520 ) ) ;
#4036 = EDGE_CURVE ( 'NONE', #120, #3311, #3475, .T. ) ;
#4037 = DIRECTION ( 'NONE',  ( -1.000000000000000000, -0.000000000000000000, 1.586032892321652236E-16 ) ) ;
#4038 = EDGE_CURVE ( 'NONE', #5994, #5364, #6538, .T. ) ;
#4039 = CARTESIAN_POINT ( 'NONE',  ( -248.4091241867156157, 18.75932316772468411, -563.2313372200379717 ) ) ;
#4040 = AXIS2_PLACEMENT_3D ( 'NONE', #989, #564, #2735 ) ;
#4041 = ORIENTED_EDGE ( 'NONE', *, *, #1453, .T. ) ;
#4042 = CIRCLE ( 'NONE', #486, 2.749999999999974687 ) ;
#4043 = DIRECTION ( 'NONE',  ( -1.000000000000000000, 3.700744544794450685E-15, 7.995217608207856944E-23 ) ) ;
#4044 = VERTEX_POINT ( 'NONE', #757 ) ;
#4045 = CARTESIAN_POINT ( 'NONE',  ( 350.0000000000000000, 21.99999999999991473, -572.5000000000000000 ) ) ;
#4046 = CARTESIAN_POINT ( 'NONE',  ( -177.5000000000000284, -15.00000000000014211, -37.50000000000003553 ) ) ;
#4047 = ADVANCED_FACE ( 'NONE', ( #5571 ), #5183, .F. ) ;
#4048 = AXIS2_PLACEMENT_3D ( 'NONE', #2721, #2197, #4410 ) ;
#4049 = AXIS2_PLACEMENT_3D ( 'NONE', #1105, #576, #1139 ) ;
#4050 = DIRECTION ( 'NONE',  ( -0.000000000000000000, 1.000000000000000000, -0.000000000000000000 ) ) ;
#4051 = CARTESIAN_POINT ( 'NONE',  ( 8.831319514063479347E-14, 21.99999999999924682, 0.000000000000000000 ) ) ;
#4052 = ORIENTED_EDGE ( 'NONE', *, *, #244, .F. ) ;
#4053 = CARTESIAN_POINT ( 'NONE',  ( -51.61879502661620478, -6.904199434387692236E-13, -163.8812049733832623 ) ) ;
#4054 = VECTOR ( 'NONE', #988, 1000.000000000000000 ) ;
#4055 = CARTESIAN_POINT ( 'NONE',  ( -249.4508714736821560, -15.95210075985672304, -37.46543667909866571 ) ) ;
#4056 = DIRECTION ( 'NONE',  ( 0.000000000000000000, 0.000000000000000000, -1.000000000000000000 ) ) ;
#4057 = ORIENTED_EDGE ( 'NONE', *, *, #3255, .T. ) ;
#4058 = FACE_OUTER_BOUND ( 'NONE', #361, .T. ) ;
#4059 = DIRECTION ( 'NONE',  ( -1.000000000000000000, 3.469446951947276086E-15, 0.000000000000000000 ) ) ;
#4060 = CC_DESIGN_APPROVAL ( #4326, ( #2346 ) ) ;
#4061 = DIRECTION ( 'NONE',  ( 0.000000000000000000, 0.000000000000000000, 1.000000000000000000 ) ) ;
#4062 = CARTESIAN_POINT ( 'NONE',  ( 51.61879502661659558, 4.999999999999820588, -271.6187950266162261 ) ) ;
#4063 = CC_DESIGN_SECURITY_CLASSIFICATION ( #1664, ( #7064 ) ) ;
#4064 = ORIENTED_EDGE ( 'NONE', *, *, #1871, .F. ) ;
#4065 = COORDINATED_UNIVERSAL_TIME_OFFSET ( 8, 0, .AHEAD. ) ;
#4066 = CARTESIAN_POINT ( 'NONE',  ( -249.9999999999999716, 5.000000000000000888, 27.49999999999992184 ) ) ;
#4067 = VECTOR ( 'NONE', #6202, 1000.000000000000114 ) ;
#4068 = EDGE_CURVE ( 'NONE', #4740, #5022, #3975, .T. ) ;
#4069 = VERTEX_POINT ( 'NONE', #2369 ) ;
#4070 = CARTESIAN_POINT ( 'NONE',  ( -249.9999999999999716, 1.000000000000000888, 27.49999999999992184 ) ) ;
#4071 = VERTEX_POINT ( 'NONE', #6701 ) ;
#4072 = DIRECTION ( 'NONE',  ( 0.000000000000000000, -1.000000000000000000, -3.700743415417186364E-15 ) ) ;
#4073 = FACE_OUTER_BOUND ( 'NONE', #3146, .T. ) ;
#4074 = DIRECTION ( 'NONE',  ( -1.000000000000000000, 0.000000000000000000, 1.586033343532058634E-16 ) ) ;
#4075 = ORIENTED_EDGE ( 'NONE', *, *, #797, .T. ) ;
#4076 = LINE ( 'NONE', #4741, #3199 ) ;
#4077 = PRODUCT_RELATED_PRODUCT_CATEGORY ( 'detail', '', ( #2437 ) ) ;
#4078 = ORIENTED_EDGE ( 'NONE', *, *, #3693, .F. ) ;
#4079 = ORIENTED_EDGE ( 'NONE', *, *, #1770, .T. ) ;
#4080 = CARTESIAN_POINT ( 'NONE',  ( 248.0279326906350263, 19.31810612875709765, -36.52878126643432211 ) ) ;
#4081 = DIRECTION ( 'NONE',  ( 3.700744544794450685E-15, 1.000000000000000000, 3.700742850728556176E-15 ) ) ;
#4082 = AXIS2_PLACEMENT_3D ( 'NONE', #1113, #4870, #2282 ) ;
#4083 = EDGE_CURVE ( 'NONE', #4315, #6793, #1836, .T. ) ;
#4084 = EDGE_CURVE ( 'NONE', #1198, #3040, #6183, .T. ) ;
#4085 = FACE_OUTER_BOUND ( 'NONE', #1820, .T. ) ;
#4086 = DIRECTION ( 'NONE',  ( 0.000000000000000000, 0.000000000000000000, 1.000000000000000000 ) ) ;
#4087 = EDGE_CURVE ( 'NONE', #1395, #5066, #3240, .T. ) ;
#4088 = ORIENTED_EDGE ( 'NONE', *, *, #3909, .T. ) ;
#4089 = FACE_OUTER_BOUND ( 'NONE', #4894, .T. ) ;
#4090 = CARTESIAN_POINT ( 'NONE',  ( -248.0279326906352821, -19.31810612875679567, -36.52878126643439316 ) ) ;
#4091 = ORIENTED_EDGE ( 'NONE', *, *, #4208, .F. ) ;
#4092 = DIRECTION ( 'NONE',  ( 1.000000000000000000, -3.469446951953533725E-15, 0.000000000000000000 ) ) ;
#4093 = DIRECTION ( 'NONE',  ( -0.000000000000000000, 1.000000000000000000, -0.000000000000000000 ) ) ;
#4094 = PRODUCT_DEFINITION_SHAPE ( 'NONE', 'NONE',  #7063 ) ;
#4095 = CARTESIAN_POINT ( 'NONE',  ( 249.4876017348490791, 15.48036715287433296, -562.5086903598036088 ) ) ;
#4096 = EDGE_CURVE ( 'NONE', #118, #240, #2436, .T. ) ;
#4097 = COORDINATED_UNIVERSAL_TIME_OFFSET ( 8, 0, .AHEAD. ) ;
#4098 = CARTESIAN_POINT ( 'NONE',  ( 350.0000000000000000, -14.99999999999988809, -634.5000000000002274 ) ) ;
#4099 =( BOUNDED_CURVE ( )  B_SPLINE_CURVE ( 3, ( #3138, #4193, #4781, #5818 ),
 .UNSPECIFIED., .F., .T. ) 
 B_SPLINE_CURVE_WITH_KNOTS ( ( 4, 4 ),
 ( 1.570796326794895226, 3.141592653589790007 ),
 .UNSPECIFIED. ) 
 CURVE ( )  GEOMETRIC_REPRESENTATION_ITEM ( )  RATIONAL_B_SPLINE_CURVE ( ( 1.000000000000000000, 0.8047378541243654926, 0.8047378541243654926, 1.000000000000000000 ) ) 
 REPRESENTATION_ITEM ( '' )  );
#4100 = CARTESIAN_POINT ( 'NONE',  ( -250.0000000000000000, 21.99999999999991473, 27.50000000000007461 ) ) ;
#4101 = ORIENTED_EDGE ( 'NONE', *, *, #1056, .T. ) ;
#4102 = CARTESIAN_POINT ( 'NONE',  ( 214.9999999999999716, 5.000000000000000888, -1.110223024625156540E-13 ) ) ;
#4103 = ORIENTED_EDGE ( 'NONE', *, *, #2204, .F. ) ;
#4104 = DIRECTION ( 'NONE',  ( 3.469446951953613400E-15, 1.000000000000000000, -0.000000000000000000 ) ) ;
#4105 = CARTESIAN_POINT ( 'NONE',  ( -180.5000000000000284, -15.00000000000012967, -562.5000000000000000 ) ) ;
#4106 = DIRECTION ( 'NONE',  ( 3.469446951953613400E-15, 1.000000000000000000, -0.000000000000000000 ) ) ;
#4107 = ORIENTED_EDGE ( 'NONE', *, *, #144, .T. ) ;
#4108 = CARTESIAN_POINT ( 'NONE',  ( 250.0000000000002274, -14.99999999999991829, -27.50000000000002487 ) ) ;
#4109 = VERTEX_POINT ( 'NONE', #3061 ) ;
#4110 = EDGE_LOOP ( 'NONE', ( #677, #219 ) ) ;
#4111 = DIRECTION ( 'NONE',  ( 0.000000000000000000, 0.000000000000000000, 1.000000000000000000 ) ) ;
#4112 = ADVANCED_FACE ( 'NONE', ( #991 ), #6361, .F. ) ;
#4113 = CYLINDRICAL_SURFACE ( 'NONE', #27, 3.299999999999991385 ) ;
#4114 = CC_DESIGN_PERSON_AND_ORGANIZATION_ASSIGNMENT ( #227, #6092, ( #2567 ) ) ;
#4115 = ADVANCED_FACE ( 'NONE', ( #1496, #1429 ), #3617, .F. ) ;
#4116 = LINE ( 'NONE', #143, #2557 ) ;
#4117 = ORIENTED_EDGE ( 'NONE', *, *, #1323, .T. ) ;
#4118 = CARTESIAN_POINT ( 'NONE',  ( -182.2562508650828477, 19.65810827845808717, -36.35609410289812615 ) ) ;
#4119 = ADVANCED_FACE ( 'NONE', ( #2166 ), #2686, .T. ) ;
#4120 = CARTESIAN_POINT ( 'NONE',  ( 187.5000000000000000, 24.99999999999991473, -572.5000000000000000 ) ) ;
#4121 = CARTESIAN_POINT ( 'NONE',  ( -350.0000000000000000, 22.00000000000010658, -627.5000000000000000 ) ) ;
#4122 = VERTEX_POINT ( 'NONE', #5441 ) ;
#4123 = DIRECTION ( 'NONE',  ( 0.000000000000000000, 0.000000000000000000, 1.000000000000000000 ) ) ;
#4124 = APPROVAL ( #6046, 'UNSPECIFIED' ) ;
#4125 = ADVANCED_FACE ( 'NONE', ( #6960 ), #555, .F. ) ;
#4126 = CARTESIAN_POINT ( 'NONE',  ( 215.0000000000000568, 21.99999999999850075, -1.110223024625156540E-13 ) ) ;
#4127 = CARTESIAN_POINT ( 'NONE',  ( 215.0000000000000568, 21.99999999999850786, -300.0000000000000568 ) ) ;
#4128 = CARTESIAN_POINT ( 'NONE',  ( 242.9740840493507505, 21.98792370224570192, -565.3466766487028963 ) ) ;
#4129 = VERTEX_POINT ( 'NONE', #6440 ) ;
#4130 = PERSON_AND_ORGANIZATION ( #3381, #1066 ) ;
#4131 = EDGE_CURVE ( 'NONE', #3267, #6557, #1560, .T. ) ;
#4132 = DIRECTION ( 'NONE',  ( -0.000000000000000000, 1.000000000000000000, -0.000000000000000000 ) ) ;
#4133 = DIRECTION ( 'NONE',  ( 0.000000000000000000, -0.7071067811865475727, -0.7071067811865475727 ) ) ;
#4134 = ORIENTED_EDGE ( 'NONE', *, *, #1771, .F. ) ;
#4135 = AXIS2_PLACEMENT_3D ( 'NONE', #5065, #599, #6695 ) ;
#4136 = ORIENTED_EDGE ( 'NONE', *, *, #1860, .T. ) ;
#4137 = DIRECTION ( 'NONE',  ( 0.000000000000000000, 0.000000000000000000, -1.000000000000000000 ) ) ;
#4138 = AXIS2_PLACEMENT_3D ( 'NONE', #595, #3860, #1125 ) ;
#4139 = AXIS2_PLACEMENT_3D ( 'NONE', #3654, #3103, #4059 ) ;
#4140 = LINE ( 'NONE', #5672, #5850 ) ;
#4141 = FACE_BOUND ( 'NONE', #379, .T. ) ;
#4142 = ORIENTED_EDGE ( 'NONE', *, *, #959, .F. ) ;
#4143 = CARTESIAN_POINT ( 'NONE',  ( -350.0000000000000000, -22.00000000000010658, -572.5000000000000000 ) ) ;
#4144 = VERTEX_POINT ( 'NONE', #471 ) ;
#4145 = VECTOR ( 'NONE', #3791, 1000.000000000000000 ) ;
#4146 = AXIS2_PLACEMENT_3D ( 'NONE', #1977, #1428, #1911 ) ;
#4147 = CARTESIAN_POINT ( 'NONE',  ( 350.0000000000000000, -25.00000000000011013, -572.5000000000002274 ) ) ;
#4148 = EDGE_CURVE ( 'NONE', #4003, #240, #5618, .T. ) ;
#4149 = AXIS2_PLACEMENT_3D ( 'NONE', #2698, #5888, #489 ) ;
#4150 = CARTESIAN_POINT ( 'NONE',  ( 350.0000000000000000, -14.99999999999988809, -634.5000000000002274 ) ) ;
#4151 = VECTOR ( 'NONE', #4908, 1000.000000000000000 ) ;
#4152 = ORIENTED_EDGE ( 'NONE', *, *, #4813, .F. ) ;
#4153 = DIRECTION ( 'NONE',  ( -3.469446951953613006E-15, -1.000000000000000000, 0.000000000000000000 ) ) ;
#4154 = CARTESIAN_POINT ( 'NONE',  ( -36.76955262170125138, 5.000000000000126121, -556.7695526216789403 ) ) ;
#4155 = DIRECTION ( 'NONE',  ( -0.000000000000000000, 1.000000000000000000, -0.000000000000000000 ) ) ;
#4156 = LINE ( 'NONE', #6334, #3096 ) ;
#4157 = AXIS2_PLACEMENT_3D ( 'NONE', #6059, #2697, #4950 ) ;
#4158 = ORIENTED_EDGE ( 'NONE', *, *, #521, .F. ) ;
#4159 = ADVANCED_FACE ( 'NONE', ( #5047 ), #691, .F. ) ;
#4160 = CARTESIAN_POINT ( 'NONE',  ( 29.34493141923836390, -5.000000000000101252, -485.7053211124284644 ) ) ;
#4161 = ORIENTED_EDGE ( 'NONE', *, *, #3678, .T. ) ;
#4162 = CALENDAR_DATE ( 2026, 24, 3 ) ;
#4163 = CC_DESIGN_SECURITY_CLASSIFICATION ( #5193, ( #503 ) ) ;
#4164 = ADVANCED_FACE ( 'NONE', ( #4019 ), #6197, .F. ) ;
#4165 = DIRECTION ( 'NONE',  ( 1.000000000000000000, 0.000000000000000000, -0.000000000000000000 ) ) ;
#4166 = PLANE ( 'NONE',  #3621 ) ;
#4167 = EDGE_CURVE ( 'NONE', #4566, #2389, #4448, .T. ) ;
#4168 = DIRECTION ( 'NONE',  ( -1.000000000000000000, 3.469446951953612611E-15, 0.000000000000000000 ) ) ;
#4169 = ORIENTED_EDGE ( 'NONE', *, *, #5293, .T. ) ;
#4170 = CIRCLE ( 'NONE', #3719, 2.750000000000030198 ) ;
#4171 = SECURITY_CLASSIFICATION ( '', '', #2856 ) ;
#4172 = ADVANCED_FACE ( 'NONE', ( #2933 ), #6237, .F. ) ;
#4173 = CARTESIAN_POINT ( 'NONE',  ( 215.0000000000000568, 24.99999999999850431, -1.110223024625156540E-13 ) ) ;
#4174 = ORIENTED_EDGE ( 'NONE', *, *, #764, .T. ) ;
#4175 = B_SPLINE_CURVE_WITH_KNOTS ( 'NONE', 3,
 ( #501, #2781, #1170, #3360, #2304, #2187, #1065, #5431, #542, #2713, #4859, #4471, #6524, #6000, #1101, #3284, #2235, #1136, #3316, #5112, #1802, #3433, #215, #5604, #4551, #717 ),
 .UNSPECIFIED., .F., .F.,
 ( 4, 2, 2, 2, 2, 2, 2, 2, 2, 2, 2, 2, 4 ),
 ( 0.01137023585102414983, 0.01208014783211141217, 0.01279005981319867452, 0.01420988377537319228, 0.01491979575646044942, 0.01562970773754770309, 0.01704953169972214799, 0.01846935566189658942, 0.01917926764298381187, 0.01988917962407103085, 0.02130900358624543411, 0.02201891556733264615, 0.02272882754841985126 ),
 .UNSPECIFIED. ) ;
#4176 = DIRECTION ( 'NONE',  ( -0.000000000000000000, 1.000000000000000000, -0.000000000000000000 ) ) ;
#4177 = AXIS2_PLACEMENT_3D ( 'NONE', #6462, #4889, #3206 ) ;
#4178 = CARTESIAN_POINT ( 'NONE',  ( 186.5557657020813451, -21.94004718607088478, -565.3002182191590919 ) ) ;
#4179 = CARTESIAN_POINT ( 'NONE',  ( -248.5270789673692207, 18.56734713249242574, -563.1555469645245466 ) ) ;
#4180 = ORIENTED_EDGE ( 'NONE', *, *, #6566, .T. ) ;
#4181 = PLANE ( 'NONE',  #4595 ) ;
#4182 = APPLICATION_CONTEXT ( 'configuration controlled 3d designs of mechanical parts and assemblies' ) ;
#4183 = VERTEX_POINT ( 'NONE', #2796 ) ;
#4184 = ORIENTED_EDGE ( 'NONE', *, *, #6033, .F. ) ;
#4185 = SHAPE_REPRESENTATION_RELATIONSHIP ( 'NONE' , 'NONE' ,  #5546, #1411 ) ;
#4186 = DIRECTION ( 'NONE',  ( -0.000000000000000000, 1.000000000000000000, -0.000000000000000000 ) ) ;
#4187 = DIRECTION ( 'NONE',  ( 1.000000000000000000, 0.000000000000000000, 0.000000000000000000 ) ) ;
#4188 = AXIS2_PLACEMENT_3D ( 'NONE', #6480, #3229, #5950 ) ;
#4189 = CIRCLE ( 'NONE', #1086, 7.000000000000006217 ) ;
#4190 = ORIENTED_EDGE ( 'NONE', *, *, #6343, .T. ) ;
#4191 = ORIENTED_EDGE ( 'NONE', *, *, #2708, .F. ) ;
#4192 = VECTOR ( 'NONE', #5433, 1000.000000000000000 ) ;
#4193 = CARTESIAN_POINT ( 'NONE',  ( 181.6421356237310363, 25.00000000000012079, -33.35786437626904899 ) ) ;
#4194 = FACE_OUTER_BOUND ( 'NONE', #5478, .T. ) ;
#4195 = CARTESIAN_POINT ( 'NONE',  ( -180.5123982651510062, -15.48036715287457277, -37.49130964019646228 ) ) ;
#4196 = CARTESIAN_POINT ( 'NONE',  ( 250.0000000000000000, 1.000000000000000888, -627.5000000000001137 ) ) ;
#4197 = CARTESIAN_POINT ( 'NONE',  ( 250.0000000000000000, 5.000000000000000888, -627.5000000000001137 ) ) ;
#4198 = CARTESIAN_POINT ( 'NONE',  ( 246.2242954929708674, -20.93110829366722925, -35.55262179461617933 ) ) ;
#4199 = ORIENTED_EDGE ( 'NONE', *, *, #2261, .T. ) ;
#4200 = LINE ( 'NONE', #5355, #1996 ) ;
#4201 = ORIENTED_EDGE ( 'NONE', *, *, #4519, .F. ) ;
#4202 = CALENDAR_DATE ( 2026, 24, 3 ) ;
#4203 = DIRECTION ( 'NONE',  ( 0.000000000000000000, 0.000000000000000000, -1.000000000000000000 ) ) ;
#4204 = CYLINDRICAL_SURFACE ( 'NONE', #1214, 9.999999999999932498 ) ;
#4205 = CC_DESIGN_PERSON_AND_ORGANIZATION_ASSIGNMENT ( #52, #1708, ( #1664 ) ) ;
#4206 = ORIENTED_EDGE ( 'NONE', *, *, #2969, .F. ) ;
#4207 = CARTESIAN_POINT ( 'NONE',  ( -248.8432927912456307, -17.96920520994979853, -562.9484147495078332 ) ) ;
#4208 = EDGE_CURVE ( 'NONE', #6957, #1196, #6089, .T. ) ;
#4209 = AXIS2_PLACEMENT_3D ( 'NONE', #4233, #2583, #6889 ) ;
#4210 = ORIENTED_EDGE ( 'NONE', *, *, #1962, .T. ) ;
#4211 = CARTESIAN_POINT ( 'NONE',  ( -51.61879502661898300, 5.000000000000181188, -271.6187950266201483 ) ) ;
#4212 = ADVANCED_FACE ( 'NONE', ( #81 ), #158, .F. ) ;
#4213 = CARTESIAN_POINT ( 'NONE',  ( 181.5953175862387639, -18.76621790498517939, -563.2341640627256538 ) ) ;
#4214 = CARTESIAN_POINT ( 'NONE',  ( -247.1148613442486806, 20.28183222771055938, -564.0011513392896632 ) ) ;
#4215 = VERTEX_POINT ( 'NONE', #658 ) ;
#4216 = DIRECTION ( 'NONE',  ( 0.000000000000000000, 0.000000000000000000, 1.000000000000000000 ) ) ;
#4217 = ORIENTED_EDGE ( 'NONE', *, *, #4333, .F. ) ;
#4218 = ORIENTED_EDGE ( 'NONE', *, *, #4525, .T. ) ;
#4219 = LINE ( 'NONE', #5215, #5751 ) ;
#4220 = DIRECTION ( 'NONE',  ( 0.000000000000000000, 0.000000000000000000, 1.000000000000000000 ) ) ;
#4221 = CARTESIAN_POINT ( 'NONE',  ( -252.4999999999999432, 15.00000000000013856, -37.49999999999986500 ) ) ;
#4222 = ORIENTED_EDGE ( 'NONE', *, *, #5602, .T. ) ;
#4223 = VERTEX_POINT ( 'NONE', #1299 ) ;
#4224 = FACE_BOUND ( 'NONE', #4617, .T. ) ;
#4225 = DIRECTION ( 'NONE',  ( 0.000000000000000000, 0.000000000000000000, 1.000000000000000000 ) ) ;
#4226 = CARTESIAN_POINT ( 'NONE',  ( -350.0000000000000000, 15.00000000000012790, -634.5000000000000000 ) ) ;
#4227 = PERSON ( 'NAUO-PER5', 'UNSPECIFIED', 'UNSPECIFIED', ('UNSPECIFIED'), ('UNSPECIFIED'), ('UNSPECIFIED') ) ;
#4228 = DIRECTION ( 'NONE',  ( -0.000000000000000000, 1.000000000000000000, -0.000000000000000000 ) ) ;
#4229 = DIRECTION ( 'NONE',  ( 0.000000000000000000, 0.000000000000000000, 1.000000000000000000 ) ) ;
#4230 = ADVANCED_FACE ( 'NONE', ( #5008 ), #113, .F. ) ;
#4231 = EDGE_CURVE ( 'NONE', #4069, #1419, #4396, .T. ) ;
#4232 = ORIENTED_EDGE ( 'NONE', *, *, #4131, .F. ) ;
#4233 = CARTESIAN_POINT ( 'NONE',  ( 250.0000000000000000, 14.99999999999991296, 27.50000000000004974 ) ) ;
#4234 = VERTEX_POINT ( 'NONE', #6245 ) ;
#4235 = APPROVAL_ROLE ( '' ) ;
#4236 = DIRECTION ( 'NONE',  ( 0.000000000000000000, 1.000000000000000000, 3.700743415417186364E-15 ) ) ;
#4237 = FACE_OUTER_BOUND ( 'NONE', #1129, .T. ) ;
#4238 = EDGE_LOOP ( 'NONE', ( #4834, #2097, #5970, #6756, #6208 ) ) ;
#4239 = FACE_OUTER_BOUND ( 'NONE', #2318, .T. ) ;
#4240 = AXIS2_PLACEMENT_3D ( 'NONE', #1094, #6942, #3890 ) ;
#4241 = ORIENTED_EDGE ( 'NONE', *, *, #2930, .T. ) ;
#4242 = CARTESIAN_POINT ( 'NONE',  ( 250.0000000000000000, -14.99999999999987743, -37.50000000000006395 ) ) ;
#4243 = ADVANCED_FACE ( 'NONE', ( #3864 ), #1130, .F. ) ;
#4244 = EDGE_CURVE ( 'NONE', #4910, #313, #4170, .T. ) ;
#4245 = CARTESIAN_POINT ( 'NONE',  ( -183.7757045070288768, 20.93110829366700187, -564.4473782053837567 ) ) ;
#4246 = ORIENTED_EDGE ( 'NONE', *, *, #623, .F. ) ;
#4247 = LINE ( 'NONE', #1015, #3898 ) ;
#4248 = VERTEX_POINT ( 'NONE', #6642 ) ;
#4249 = ORIENTED_EDGE ( 'NONE', *, *, #2670, .F. ) ;
#4250 = EDGE_CURVE ( 'NONE', #6557, #4740, #6132, .T. ) ;
#4251 =( NAMED_UNIT ( * ) PLANE_ANGLE_UNIT ( ) SI_UNIT ( $, .RADIAN. ) );
#4252 = AXIS2_PLACEMENT_3D ( 'NONE', #1376, #3499, #2466 ) ;
#4253 = VECTOR ( 'NONE', #6085, 1000.000000000000000 ) ;
#4254 = DIRECTION ( 'NONE',  ( 3.469446951953613400E-15, 1.000000000000000000, 0.000000000000000000 ) ) ;
#4255 = CARTESIAN_POINT ( 'NONE',  ( 34.29467888754557237, -3.361894096443052149E-12, -480.7555736441243539 ) ) ;
#4256 = DIRECTION ( 'NONE',  ( 1.158639454543361089E-30, 1.912833620765402649E-30, -1.000000000000000000 ) ) ;
#4257 = AXIS2_PLACEMENT_3D ( 'NONE', #4782, #2576, #5288 ) ;
#4258 = VECTOR ( 'NONE', #2435, 1000.000000000000000 ) ;
#4259 = ORIENTED_EDGE ( 'NONE', *, *, #4096, .F. ) ;
#4260 = EDGE_CURVE ( 'NONE', #761, #730, #1184, .T. ) ;
#4261 = DIRECTION ( 'NONE',  ( -0.000000000000000000, 1.000000000000000000, -0.000000000000000000 ) ) ;
#4262 = DIRECTION ( 'NONE',  ( -1.000000000000000000, 3.469446951947193650E-15, 0.000000000000000000 ) ) ;
#4263 = CIRCLE ( 'NONE', #4710, 3.300000000000025135 ) ;
#4264 = CIRCLE ( 'NONE', #3102, 10.00000000000000533 ) ;
#4265 = LINE ( 'NONE', #2635, #3684 ) ;
#4266 = DIRECTION ( 'NONE',  ( 0.000000000000000000, 0.000000000000000000, 1.000000000000000000 ) ) ;
#4267 = DIRECTION ( 'NONE',  ( 0.000000000000000000, 0.000000000000000000, 1.000000000000000000 ) ) ;
#4268 = VERTEX_POINT ( 'NONE', #655 ) ;
#4269 = AXIS2_PLACEMENT_3D ( 'NONE', #2896, #3552, #5120 ) ;
#4270 = DIRECTION ( 'NONE',  ( 0.7071067811865495711, 0.000000000000000000, 0.7071067811865455743 ) ) ;
#4271 = ORIENTED_EDGE ( 'NONE', *, *, #5587, .T. ) ;
#4272 = MECHANICAL_CONTEXT ( 'NONE', #2355, 'mechanical' ) ;
#4273 = CARTESIAN_POINT ( 'NONE',  ( -262.4748737341391802, -4.999999999999088729, -262.4748737341881224 ) ) ;
#4274 = APPLICATION_CONTEXT ( 'configuration controlled 3d designs of mechanical parts and assemblies' ) ;
#4275 = LINE ( 'NONE', #5796, #1090 ) ;
#4276 = ORIENTED_EDGE ( 'NONE', *, *, #5585, .T. ) ;
#4277 = AXIS2_PLACEMENT_3D ( 'NONE', #6733, #4512, #1212 ) ;
#4278 = DIRECTION ( 'NONE',  ( -0.000000000000000000, 1.000000000000000000, -0.000000000000000000 ) ) ;
#4279 = ORIENTED_EDGE ( 'NONE', *, *, #2864, .F. ) ;
#4280 = SECURITY_CLASSIFICATION_LEVEL ( 'unclassified' ) ;
#4281 = AXIS2_PLACEMENT_3D ( 'NONE', #2976, #2226, #5629 ) ;
#4282 = CC_DESIGN_SECURITY_CLASSIFICATION ( #2346, ( #285 ) ) ;
#4283 = CARTESIAN_POINT ( 'NONE',  ( 8.831319514063479347E-14, 24.99999999999924682, 3.299999999999988720 ) ) ;
#4284 = ORIENTED_EDGE ( 'NONE', *, *, #445, .T. ) ;
#4285 = CARTESIAN_POINT ( 'NONE',  ( 214.9999999999999716, -4.111294638065032814E-12, -296.7000000000001023 ) ) ;
#4286 = VERTEX_POINT ( 'NONE', #2827 ) ;
#4287 = FACE_OUTER_BOUND ( 'NONE', #3562, .T. ) ;
#4288 = ORIENTED_EDGE ( 'NONE', *, *, #1588, .F. ) ;
#4289 = DIRECTION ( 'NONE',  ( 1.000000000000000000, 0.000000000000000000, 0.000000000000000000 ) ) ;
#4290 = ORGANIZATION ( 'NAUO-ORG5', 'UNSPECIFIED', 'UNSPECIFIED' ) ;
#4291 = CARTESIAN_POINT ( 'NONE',  ( 184.9730167925267210, -21.53187853182809164, -35.07283945620870469 ) ) ;
#4292 = CARTESIAN_POINT ( 'NONE',  ( -214.9999999999998863, 25.00000000000000000, -300.0000000000000568 ) ) ;
#4293 = ORIENTED_EDGE ( 'NONE', *, *, #6541, .T. ) ;
#4294 = CARTESIAN_POINT ( 'NONE',  ( 36.76955262169966687, -3.375771884250866606E-12, -556.7695526216789403 ) ) ;
#4295 = EDGE_CURVE ( 'NONE', #2032, #4122, #5076, .T. ) ;
#4296 = DIRECTION ( 'NONE',  ( 0.000000000000000000, 0.000000000000000000, 1.000000000000000000 ) ) ;
#4297 = DIRECTION ( 'NONE',  ( -6.780942318374154600E-23, -4.235164736271500755E-22, 1.000000000000000000 ) ) ;
#4298 = ADVANCED_FACE ( 'NONE', ( #3485 ), #832, .F. ) ;
#4299 = FACE_OUTER_BOUND ( 'NONE', #1332, .T. ) ;
#4300 = CARTESIAN_POINT ( 'NONE',  ( 249.1166520847367849, -17.33111287727458460, -37.23456492393237482 ) ) ;
#4301 = ORIENTED_EDGE ( 'NONE', *, *, #2154, .T. ) ;
#4302 = DIRECTION ( 'NONE',  ( 0.000000000000000000, 0.000000000000000000, -1.000000000000000000 ) ) ;
#4303 = ORIENTED_EDGE ( 'NONE', *, *, #3233, .T. ) ;
#4304 = CALENDAR_DATE ( 2026, 24, 3 ) ;
#4305 = CIRCLE ( 'NONE', #5892, 3.299999999999969624 ) ;
#4306 = DIRECTION ( 'NONE',  ( -0.000000000000000000, -3.532527805625498298E-15, 1.000000000000000000 ) ) ;
#4307 = DIRECTION ( 'NONE',  ( -1.158639454543361089E-30, 1.912833620765402649E-30, -1.000000000000000000 ) ) ;
#4308 = ORIENTED_EDGE ( 'NONE', *, *, #2230, .T. ) ;
#4309 = EDGE_CURVE ( 'NONE', #4566, #2040, #4958, .T. ) ;
#4310 = FACE_OUTER_BOUND ( 'NONE', #4628, .T. ) ;
#4311 = ORIENTED_EDGE ( 'NONE', *, *, #4853, .F. ) ;
#4312 = APPROVAL_DATE_TIME ( #3184, #4851 ) ;
#4313 = CARTESIAN_POINT ( 'NONE',  ( 249.4999999999998579, -15.48150225914675815, -562.5000000000003411 ) ) ;
#4314 = DIRECTION ( 'NONE',  ( 0.000000000000000000, -1.000000000000000000, -3.700742850728556176E-15 ) ) ;
#4315 = VERTEX_POINT ( 'NONE', #1814 ) ;
#4316 = FACE_OUTER_BOUND ( 'NONE', #4336, .T. ) ;
#4317 = ORIENTED_EDGE ( 'NONE', *, *, #228, .F. ) ;
#4318 = PLANE ( 'NONE',  #4188 ) ;
#4319 = CARTESIAN_POINT ( 'NONE',  ( 180.7389173654358672, -16.87319825676943807, -37.33399981456581429 ) ) ;
#4320 = VECTOR ( 'NONE', #583, 1000.000000000000000 ) ;
#4321 = LINE ( 'NONE', #2700, #150 ) ;
#4322 = CARTESIAN_POINT ( 'NONE',  ( 112.9999999999998153, 4.999999999999609201, -440.2500000000000000 ) ) ;
#4323 = ORIENTED_EDGE ( 'NONE', *, *, #528, .T. ) ;
#4324 = LINE ( 'NONE', #4884, #5634 ) ;
#4325 = LINE ( 'NONE', #6070, #139 ) ;
#4326 = APPROVAL ( #509, 'UNSPECIFIED' ) ;
#4327 = LINE ( 'NONE', #6522, #3701 ) ;
#4328 = DIRECTION ( 'NONE',  ( -3.700744544794450685E-15, -1.000000000000000000, 4.235164736271500755E-22 ) ) ;
#4329 = CIRCLE ( 'NONE', #905, 3.500000000006497913 ) ;
#4330 = EDGE_CURVE ( 'NONE', #341, #837, #6708, .T. ) ;
#4331 = CARTESIAN_POINT ( 'NONE',  ( 252.5000000000000568, 14.99999999999987921, -599.9999999999998863 ) ) ;
#4332 = ORIENTED_EDGE ( 'NONE', *, *, #399, .F. ) ;
#4333 = EDGE_CURVE ( 'NONE', #5454, #4234, #5088, .T. ) ;
#4334 = CARTESIAN_POINT ( 'NONE',  ( 51.61879502661659558, 4.999999999999820588, -276.1187950266162261 ) ) ;
#4335 = CARTESIAN_POINT ( 'NONE',  ( -177.5000000000000000, -20.85786437626920886, -562.5000000000000000 ) ) ;
#4336 = EDGE_LOOP ( 'NONE', ( #2168, #1532, #3476, #5706 ) ) ;
#4337 = DATE_AND_TIME ( #404, #4727 ) ;
#4338 = EDGE_CURVE ( 'NONE', #6557, #3940, #6160, .T. ) ;
#4339 = DIRECTION ( 'NONE',  ( -0.000000000000000000, 1.000000000000000000, -0.000000000000000000 ) ) ;
#4340 = VERTEX_POINT ( 'NONE', #6236 ) ;
#4341 = DIRECTION ( 'NONE',  ( 1.000000000000000000, 0.000000000000000000, -0.000000000000000000 ) ) ;
#4342 = CYLINDRICAL_SURFACE ( 'NONE', #6020, 10.00000000000000888 ) ;
#4343 = VERTEX_POINT ( 'NONE', #5614 ) ;
#4344 = ADVANCED_FACE ( 'NONE', ( #726 ), #6195, .T. ) ;
#4345 = DATE_TIME_ROLE ( 'classification_date' ) ;
#4346 = ORIENTED_EDGE ( 'NONE', *, *, #7060, .T. ) ;
#4347 = DIRECTION ( 'NONE',  ( -6.829409932390932390E-23, -3.700742850728556176E-15, 1.000000000000000000 ) ) ;
#4348 = VERTEX_POINT ( 'NONE', #5658 ) ;
#4349 = LINE ( 'NONE', #2106, #6685 ) ;
#4350 = CARTESIAN_POINT ( 'NONE',  ( 183.9604386751773006, -21.05524842271363184, -35.46400445321455663 ) ) ;
#4351 = DIRECTION ( 'NONE',  ( -1.000000000000000000, -0.000000000000000000, 1.586032892321652236E-16 ) ) ;
#4352 = CARTESIAN_POINT ( 'NONE',  ( -250.0000000000000000, 15.00000000000013856, -37.49999999999995026 ) ) ;
#4353 = FACE_OUTER_BOUND ( 'NONE', #5749, .T. ) ;
#4354 = ORIENTED_EDGE ( 'NONE', *, *, #2964, .F. ) ;
#4355 = VECTOR ( 'NONE', #6319, 1000.000000000000000 ) ;
#4356 = DIRECTION ( 'NONE',  ( -0.000000000000000000, 1.000000000000000000, -0.000000000000000000 ) ) ;
#4357 = DIRECTION ( 'NONE',  ( 0.000000000000000000, 0.000000000000000000, 1.000000000000000000 ) ) ;
#4358 = LINE ( 'NONE', #6223, #2003 ) ;
#4359 = EDGE_CURVE ( 'NONE', #3391, #5665, #6744, .T. ) ;
#4360 = AXIS2_PLACEMENT_3D ( 'NONE', #1683, #3307, #6693 ) ;
#4361 = DIRECTION ( 'NONE',  ( -1.586031892476318211E-16, 3.700742850728556176E-15, -1.000000000000000000 ) ) ;
#4362 = CIRCLE ( 'NONE', #360, 4.500000000000003553 ) ;
#4363 = FACE_BOUND ( 'NONE', #3955, .T. ) ;
#4364 = DIRECTION ( 'NONE',  ( 0.000000000000000000, 0.000000000000000000, 1.000000000000000000 ) ) ;
#4365 = ORIENTED_EDGE ( 'NONE', *, *, #3265, .F. ) ;
#4366 = CARTESIAN_POINT ( 'NONE',  ( 180.4999999999998863, -14.99999999999989164, -562.5000000000002274 ) ) ;
#4367 = ORIENTED_EDGE ( 'NONE', *, *, #2347, .F. ) ;
#4368 = CARTESIAN_POINT ( 'NONE',  ( -214.9999999999998863, 22.00000000000000000, -303.3000000000000114 ) ) ;
#4369 = AXIS2_PLACEMENT_3D ( 'NONE', #6327, #1464, #4622 ) ;
#4370 = ORIENTED_EDGE ( 'NONE', *, *, #6219, .F. ) ;
#4371 = SECURITY_CLASSIFICATION_LEVEL ( 'unclassified' ) ;
#4372 = DIRECTION ( 'NONE',  ( -1.000000000000000000, -0.000000000000000000, -0.000000000000000000 ) ) ;
#4373 = LINE ( 'NONE', #3702, #2866 ) ;
#4374 = CIRCLE ( 'NONE', #371, 3.299999999999997158 ) ;
#4375 = AXIS2_PLACEMENT_3D ( 'NONE', #3498, #5701, #2495 ) ;
#4376 = DIRECTION ( 'NONE',  ( -3.469446951953614978E-15, -1.000000000000000000, -0.000000000000000000 ) ) ;
#4377 = CARTESIAN_POINT ( 'NONE',  ( 214.9999999999999716, -4.111294638065032814E-12, -3.300000000000108180 ) ) ;
#4378 = ORIENTED_EDGE ( 'NONE', *, *, #2416, .F. ) ;
#4379 = CIRCLE ( 'NONE', #5740, 3.500000000000003109 ) ;
#4380 = APPROVAL_DATE_TIME ( #6963, #610 ) ;
#4381 = CIRCLE ( 'NONE', #3490, 3.500000000000003109 ) ;
#4382 = EDGE_CURVE ( 'NONE', #5839, #3824, #6885, .T. ) ;
#4383 = EDGE_CURVE ( 'NONE', #6387, #1964, #4732, .T. ) ;
#4384 = VERTEX_POINT ( 'NONE', #3286 ) ;
#4385 = CIRCLE ( 'NONE', #5864, 4.500000000000003553 ) ;
#4386 = ORIENTED_EDGE ( 'NONE', *, *, #1892, .F. ) ;
#4387 = CARTESIAN_POINT ( 'NONE',  ( 214.9999999999999432, 5.000000000000000888, -599.9999999999998863 ) ) ;
#4388 = ORIENTED_EDGE ( 'NONE', *, *, #4382, .T. ) ;
#4389 = CARTESIAN_POINT ( 'NONE',  ( 275.9999999999999432, -3.168293767152869922, -639.5855905926756577 ) ) ;
#4390 = DIRECTION ( 'NONE',  ( 0.000000000000000000, 0.000000000000000000, 1.000000000000000000 ) ) ;
#4391 = LOCAL_TIME ( 2, 14, 25.00000000000000000, #5559 ) ;
#4392 = CARTESIAN_POINT ( 'NONE',  ( -214.9999999999998863, 24.99999999999999289, -1.110223024625156540E-13 ) ) ;
#4393 = DIRECTION ( 'NONE',  ( -0.000000000000000000, 1.000000000000000000, -0.000000000000000000 ) ) ;
#4394 = ORIENTED_EDGE ( 'NONE', *, *, #4644, .T. ) ;
#4395 = AXIS2_PLACEMENT_3D ( 'NONE', #622, #3411, #6645 ) ;
#4396 = LINE ( 'NONE', #1895, #6333 ) ;
#4397 = ORGANIZATION ( 'NAUO-ORG4', 'UNSPECIFIED', 'UNSPECIFIED' ) ;
#4398 = CARTESIAN_POINT ( 'NONE',  ( -214.9999999999999716, 5.000000000000000888, -603.3000000000000682 ) ) ;
#4399 = CARTESIAN_POINT ( 'NONE',  ( -214.9999999999999716, -4.111294638065032814E-12, -3.300000000000108180 ) ) ;
#4400 = CARTESIAN_POINT ( 'NONE',  ( 72.99999999999955946, 4.999999999999747757, -215.5000000000017906 ) ) ;
#4401 = CARTESIAN_POINT ( 'NONE',  ( 51.61879502661659558, -1.047772979489991485E-12, -276.1187950266162261 ) ) ;
#4402 = AXIS2_PLACEMENT_3D ( 'NONE', #1171, #2784, #4364 ) ;
#4403 = CARTESIAN_POINT ( 'NONE',  ( 72.99999999999955946, -1.120631365481017383E-12, -215.5000000000017906 ) ) ;
#4404 = CARTESIAN_POINT ( 'NONE',  ( 214.9999999999999716, -4.111294638065032814E-12, -300.0000000000001137 ) ) ;
#4405 = ORIENTED_EDGE ( 'NONE', *, *, #1180, .T. ) ;
#4406 = FACE_BOUND ( 'NONE', #5473, .T. ) ;
#4407 = LINE ( 'NONE', #1177, #4621 ) ;
#4408 = VERTEX_POINT ( 'NONE', #1102 ) ;
#4409 = DATE_AND_TIME ( #6638, #4952 ) ;
#4410 = DIRECTION ( 'NONE',  ( 0.000000000000000000, 0.000000000000000000, 1.000000000000000000 ) ) ;
#4411 = DIRECTION ( 'NONE',  ( 0.7071067811864815145, -2.453269466693169062E-15, 0.7071067811866135200 ) ) ;
#4412 = AXIS2_PLACEMENT_3D ( 'NONE', #233, #846, #4606 ) ;
#4413 = ORIENTED_EDGE ( 'NONE', *, *, #536, .F. ) ;
#4414 = PLANE ( 'NONE',  #5666 ) ;
#4415 = CARTESIAN_POINT ( 'NONE',  ( 214.9999999999999716, 5.000000000000000888, -300.0000000000001137 ) ) ;
#4416 = EDGE_LOOP ( 'NONE', ( #1968, #6393, #2406, #4332 ) ) ;
#4417 = AXIS2_PLACEMENT_3D ( 'NONE', #5932, #1031, #5142 ) ;
#4418 = PERSON_AND_ORGANIZATION_ROLE ( 'classification_officer' ) ;
#4419 = APPROVAL ( #1218, 'UNKNOWN' ) ;
#4420 = ADVANCED_FACE ( 'NONE', ( #4919 ), #3362, .F. ) ;
#4421 = DIRECTION ( 'NONE',  ( 0.7071067811865395791, -2.453269466693370616E-15, 0.7071067811865554553 ) ) ;
#4422 = VERTEX_POINT ( 'NONE', #5499 ) ;
#4423 = EDGE_LOOP ( 'NONE', ( #5010, #4742, #3086, #2060 ) ) ;
#4424 = DIRECTION ( 'NONE',  ( 1.000000000000000000, 0.000000000000000000, 0.000000000000000000 ) ) ;
#4425 = EDGE_LOOP ( 'NONE', ( #151, #1285 ) ) ;
#4426 = CARTESIAN_POINT ( 'NONE',  ( -35.00000000000053291, 5.000000000000000888, -519.9999999999785132 ) ) ;
#4427 = ADVANCED_FACE ( 'NONE', ( #6041 ), #6075, .F. ) ;
#4428 = DIRECTION ( 'NONE',  ( -1.000000000000000000, -0.000000000000000000, 1.586032892321652236E-16 ) ) ;
#4429 = ORIENTED_EDGE ( 'NONE', *, *, #2014, .T. ) ;
#4430 = DIRECTION ( 'NONE',  ( 0.000000000000000000, 0.000000000000000000, 1.000000000000000000 ) ) ;
#4431 = ORIENTED_EDGE ( 'NONE', *, *, #5050, .T. ) ;
#4432 = CARTESIAN_POINT ( 'NONE',  ( 185.8586055551531047, 21.80888856002919596, -565.1758436182873311 ) ) ;
#4433 = CARTESIAN_POINT ( 'NONE',  ( 250.0000000000001137, 21.99999999999837996, -34.64142842854445092 ) ) ;
#4434 = AXIS2_PLACEMENT_3D ( 'NONE', #1629, #5582, #3812 ) ;
#4435 = ADVANCED_FACE ( 'NONE', ( #4437 ), #5462, .F. ) ;
#4436 = DIRECTION ( 'NONE',  ( 1.000000000000000000, 0.000000000000000000, 0.000000000000000000 ) ) ;
#4437 = FACE_OUTER_BOUND ( 'NONE', #3557, .T. ) ;
#4438 = ORIENTED_EDGE ( 'NONE', *, *, #3896, .F. ) ;
#4439 = LINE ( 'NONE', #2716, #192 ) ;
#4440 = CARTESIAN_POINT ( 'NONE',  ( -65.00000000000169109, 5.000000000001347367, -219.9999999999995737 ) ) ;
#4441 = VERTEX_POINT ( 'NONE', #2189 ) ;
#4442 = ITEM_DEFINED_TRANSFORMATION ( 'NONE', 'NONE', #1183,  #951 ) ;
#4443 = DIRECTION ( 'NONE',  ( 3.700744544794450685E-15, 1.000000000000000000, 3.700743274245029804E-15 ) ) ;
#4444 = CARTESIAN_POINT ( 'NONE',  ( 8.831319514063479347E-14, 24.99999999999924682, 0.000000000000000000 ) ) ;
#4445 = EDGE_CURVE ( 'NONE', #6869, #6873, #2272, .T. ) ;
#4446 = ORIENTED_EDGE ( 'NONE', *, *, #3064, .T. ) ;
#4447 = CARTESIAN_POINT ( 'NONE',  ( -1.977584762613388179E-13, 5.000000000001121769, -219.9999999999995737 ) ) ;
#4448 = LINE ( 'NONE', #1886, #2010 ) ;
#4449 = DIRECTION ( 'NONE',  ( -0.000000000000000000, 1.000000000000000000, -0.000000000000000000 ) ) ;
#4450 = EDGE_LOOP ( 'NONE', ( #4642, #2471, #2652, #4101 ) ) ;
#4451 = ADVANCED_FACE ( 'NONE', ( #2746 ), #6597, .F. ) ;
#4452 = PLANE ( 'NONE',  #5489 ) ;
#4453 = ORIENTED_EDGE ( 'NONE', *, *, #6738, .T. ) ;
#4454 = VERTEX_POINT ( 'NONE', #1657 ) ;
#4455 = DIRECTION ( 'NONE',  ( -0.000000000000000000, 1.000000000000000000, -0.000000000000000000 ) ) ;
#4456 = ORIENTED_EDGE ( 'NONE', *, *, #5314, .F. ) ;
#4457 = PERSON_AND_ORGANIZATION ( #3381, #1066 ) ;
#4458 = CARTESIAN_POINT ( 'NONE',  ( -248.4046824137610088, 18.76621790498538545, -36.76583593727431776 ) ) ;
#4459 = DIRECTION ( 'NONE',  ( -0.000000000000000000, 1.000000000000000000, -0.000000000000000000 ) ) ;
#4460 = CYLINDRICAL_SURFACE ( 'NONE', #5153, 3.299999999999969624 ) ;
#4461 = ORIENTED_EDGE ( 'NONE', *, *, #4932, .T. ) ;
#4462 = CARTESIAN_POINT ( 'NONE',  ( -214.9999999999999716, 5.000000000000000888, -300.0000000000001137 ) ) ;
#4463 = EDGE_CURVE ( 'NONE', #3385, #6713, #401, .T. ) ;
#4464 = VERTEX_POINT ( 'NONE', #2237 ) ;
#4465 = DIRECTION ( 'NONE',  ( 0.000000000000000000, 0.000000000000000000, 1.000000000000000000 ) ) ;
#4466 = DIRECTION ( 'NONE',  ( -1.586032892321652236E-16, 3.700743415417186364E-15, -1.000000000000000000 ) ) ;
#4467 = CARTESIAN_POINT ( 'NONE',  ( 215.0000000000000568, 24.99999999999850431, -596.7000000000000455 ) ) ;
#4468 = EDGE_CURVE ( 'NONE', #400, #1459, #3370, .T. ) ;
#4469 = EDGE_CURVE ( 'NONE', #3128, #6081, #2139, .T. ) ;
#4470 = CARTESIAN_POINT ( 'NONE',  ( 187.4999999999998863, -21.99999999999991829, -599.9999999999998863 ) ) ;
#4471 = CARTESIAN_POINT ( 'NONE',  ( 183.2279382166453843, 20.56265927051858355, -35.81552014449250976 ) ) ;
#4472 = AXIS2_PLACEMENT_3D ( 'NONE', #2428, #1903, #4216 ) ;
#4473 = ADVANCED_FACE ( 'NONE', ( #4028 ), #1261, .T. ) ;
#4474 = VERTEX_POINT ( 'NONE', #2904 ) ;
#4475 = CYLINDRICAL_SURFACE ( 'NONE', #5779, 2.749999999999974687 ) ;
#4476 = PLANE ( 'NONE',  #2102 ) ;
#4477 = ORIENTED_EDGE ( 'NONE', *, *, #631, .F. ) ;
#4478 = APPROVAL_DATE_TIME ( #613, #3365 ) ;
#4479 = VECTOR ( 'NONE', #4014, 1000.000000000000000 ) ;
#4480 = FACE_OUTER_BOUND ( 'NONE', #3685, .T. ) ;
#4481 = CARTESIAN_POINT ( 'NONE',  ( 350.0000000000000000, -14.99999999999987743, -637.5000000000002274 ) ) ;
#4482 = DIRECTION ( 'NONE',  ( 0.000000000000000000, 0.000000000000000000, 1.000000000000000000 ) ) ;
#4483 = VERTEX_POINT ( 'NONE', #5096 ) ;
#4484 = VECTOR ( 'NONE', #1026, 1000.000000000000114 ) ;
#4485 = CARTESIAN_POINT ( 'NONE',  ( 250.0000000000000000, -24.99999999999992184, -27.50000000000013500 ) ) ;
#4486 = DIRECTION ( 'NONE',  ( 0.000000000000000000, 0.000000000000000000, 1.000000000000000000 ) ) ;
#4487 = DIRECTION ( 'NONE',  ( 1.000000000000000000, 0.000000000000000000, 0.000000000000000000 ) ) ;
#4488 = ORIENTED_EDGE ( 'NONE', *, *, #3990, .F. ) ;
#4489 = EDGE_CURVE ( 'NONE', #7000, #4454, #5194, .T. ) ;
#4490 = VECTOR ( 'NONE', #4081, 1000.000000000000000 ) ;
#4491 = VECTOR ( 'NONE', #6483, 1000.000000000000000 ) ;
#4492 = CARTESIAN_POINT ( 'NONE',  ( 350.0000000000000000, 14.99999999999987743, -562.5000000000000000 ) ) ;
#4493 = DIRECTION ( 'NONE',  ( 3.469446951953613006E-15, 1.000000000000000000, -0.000000000000000000 ) ) ;
#4494 = ORIENTED_EDGE ( 'NONE', *, *, #2885, .F. ) ;
#4495 = ORIENTED_EDGE ( 'NONE', *, *, #2014, .F. ) ;
#4496 = CIRCLE ( 'NONE', #5513, 10.00000000000000533 ) ;
#4497 = DIRECTION ( 'NONE',  ( -0.000000000000000000, 1.000000000000000000, -0.000000000000000000 ) ) ;
#4498 = VERTEX_POINT ( 'NONE', #2937 ) ;
#4499 = EDGE_CURVE ( 'NONE', #6058, #5966, #2677, .T. ) ;
#4500 = APPROVAL_ROLE ( '' ) ;
#4501 = CARTESIAN_POINT ( 'NONE',  ( 252.4999999999999432, -15.00000000000013856, -37.50000000000003553 ) ) ;
#4502 = DIRECTION ( 'NONE',  ( -0.000000000000000000, 1.000000000000000000, -0.000000000000000000 ) ) ;
#4503 = AXIS2_PLACEMENT_3D ( 'NONE', #4389, #3231, #6023 ) ;
#4504 = CARTESIAN_POINT ( 'NONE',  ( 250.0000000000000000, -14.99999999999991829, -27.50000000000002487 ) ) ;
#4505 = ORIENTED_EDGE ( 'NONE', *, *, #5367, .F. ) ;
#4506 = CARTESIAN_POINT ( 'NONE',  ( 250.0000000000000000, 1.000000000000000888, -627.5000000000001137 ) ) ;
#4507 = VERTEX_POINT ( 'NONE', #3761 ) ;
#4508 = CARTESIAN_POINT ( 'NONE',  ( 244.8105132940771682, 21.61173914908067317, -35.00290123481511984 ) ) ;
#4509 = CC_DESIGN_APPROVAL ( #2582, ( #2192 ) ) ;
#4510 = CARTESIAN_POINT ( 'NONE',  ( 214.9999999999999716, 5.000000000000000888, -300.0000000000001137 ) ) ;
#4511 = LINE ( 'NONE', #3473, #5617 ) ;
#4512 = DIRECTION ( 'NONE',  ( 0.000000000000000000, -1.000000000000000000, 0.000000000000000000 ) ) ;
#4513 = AXIS2_PLACEMENT_3D ( 'NONE', #5490, #5057, #167 ) ;
#4514 = EDGE_LOOP ( 'NONE', ( #115, #1447, #6052, #5754 ) ) ;
#4515 = EDGE_CURVE ( 'NONE', #1964, #6387, #7002, .T. ) ;
#4516 = DIRECTION ( 'NONE',  ( -1.000000000000000000, -0.000000000000000000, -0.000000000000000000 ) ) ;
#4517 = EDGE_CURVE ( 'NONE', #5951, #5064, #1668, .T. ) ;
#4518 = EDGE_CURVE ( 'NONE', #4843, #3128, #5758, .T. ) ;
#4519 = EDGE_CURVE ( 'NONE', #2803, #5741, #1508, .T. ) ;
#4520 = CARTESIAN_POINT ( 'NONE',  ( -247.7437491349173797, -19.65810827845782072, -36.35609410289819010 ) ) ;
#4521 = ORIENTED_EDGE ( 'NONE', *, *, #124, .F. ) ;
#4522 = APPROVAL_STATUS ( 'not_yet_approved' ) ;
#4523 = DIRECTION ( 'NONE',  ( -6.780942318374154600E-23, -4.235164736271500755E-22, 1.000000000000000000 ) ) ;
#4524 = CC_DESIGN_SECURITY_CLASSIFICATION ( #1549, ( #7066 ) ) ;
#4525 = EDGE_CURVE ( 'NONE', #1850, #7009, #543, .T. ) ;
#4526 = DIRECTION ( 'NONE',  ( 0.000000000000000000, 0.000000000000000000, -1.000000000000000000 ) ) ;
#4527 = DIRECTION ( 'NONE',  ( -0.000000000000000000, 1.000000000000000000, -0.000000000000000000 ) ) ;
#4528 = CARTESIAN_POINT ( 'NONE',  ( 249.5000000000000284, 14.99999999999988987, -37.49999999999986500 ) ) ;
#4529 = VERTEX_POINT ( 'NONE', #504 ) ;
#4530 = CIRCLE ( 'NONE', #3971, 10.00000000000000533 ) ;
#4531 = VERTEX_POINT ( 'NONE', #429 ) ;
#4532 = ORIENTED_EDGE ( 'NONE', *, *, #2231, .T. ) ;
#4533 = CARTESIAN_POINT ( 'NONE',  ( -185.8558984782913512, 21.80819141826689389, -34.82480283474298943 ) ) ;
#4534 = VERTEX_POINT ( 'NONE', #6918 ) ;
#4535 = CARTESIAN_POINT ( 'NONE',  ( -350.0000000000000000, 15.00000000000010303, -627.5000000000000000 ) ) ;
#4536 = AXIS2_PLACEMENT_3D ( 'NONE', #1838, #1249, #2956 ) ;
#4537 = CARTESIAN_POINT ( 'NONE',  ( 350.0000000000001137, 14.99999999999991651, -572.5000000000001137 ) ) ;
#4538 = ADVANCED_FACE ( 'NONE', ( #2607 ), #4785, .T. ) ;
#4539 = DIRECTION ( 'NONE',  ( 0.000000000000000000, -0.7071067811865475727, 0.7071067811865475727 ) ) ;
#4540 = ORIENTED_EDGE ( 'NONE', *, *, #1068, .T. ) ;
#4541 = DIRECTION ( 'NONE',  ( -3.700744544794450685E-15, -1.000000000000000000, 0.000000000000000000 ) ) ;
#4542 = ORIENTED_EDGE ( 'NONE', *, *, #2890, .F. ) ;
#4543 = ORIENTED_EDGE ( 'NONE', *, *, #6535, .F. ) ;
#4544 = VECTOR ( 'NONE', #319, 1000.000000000000000 ) ;
#4545 = CARTESIAN_POINT ( 'NONE',  ( 243.4538730377757361, 21.93880767778504293, -34.70097950981240587 ) ) ;
#4546 = CARTESIAN_POINT ( 'NONE',  ( -250.0000000000000000, 21.99999999999991118, 27.50000000000007461 ) ) ;
#4547 = ADVANCED_FACE ( 'NONE', ( #1580 ), #2052, .F. ) ;
#4548 = CARTESIAN_POINT ( 'NONE',  ( 39.24442635585367611, 4.999999999999862332, -485.7053211124320455 ) ) ;
#4549 =( REPRESENTATION_RELATIONSHIP ('NONE','NONE', #5043, #2405 ) REPRESENTATION_RELATIONSHIP_WITH_TRANSFORMATION ( #1043 )SHAPE_REPRESENTATION_RELATIONSHIP( ) );
#4550 = CARTESIAN_POINT ( 'NONE',  ( 51.61879502661831509, -1.047772979489991485E-12, -168.3812049733842855 ) ) ;
#4551 = CARTESIAN_POINT ( 'NONE',  ( 180.5000000000000853, 15.24086283439129019, -37.49999999999991473 ) ) ;
#4552 = EDGE_CURVE ( 'NONE', #4384, #3940, #4924, .T. ) ;
#4553 = EDGE_LOOP ( 'NONE', ( #1844, #1154, #1165, #2089 ) ) ;
#4554 = FACE_OUTER_BOUND ( 'NONE', #3072, .T. ) ;
#4555 = VECTOR ( 'NONE', #2510, 1000.000000000000000 ) ;
#4556 = DIRECTION ( 'NONE',  ( -0.000000000000000000, 1.000000000000000000, -0.000000000000000000 ) ) ;
#4557 = EDGE_CURVE ( 'NONE', #64, #2618, #6338, .T. ) ;
#4558 = ORIENTED_EDGE ( 'NONE', *, *, #5650, .F. ) ;
#4559 = FACE_BOUND ( 'NONE', #4004, .T. ) ;
#4560 = CARTESIAN_POINT ( 'NONE',  ( 250.0000000000001137, 15.00000000000013856, -37.49999999999992184 ) ) ;
#4561 = ADVANCED_FACE ( 'NONE', ( #6053 ), #6753, .F. ) ;
#4562 = CARTESIAN_POINT ( 'NONE',  ( 72.99999999999955946, 4.999999999999747757, -220.0000000000018190 ) ) ;
#4563 = EDGE_CURVE ( 'NONE', #6582, #837, #2571, .T. ) ;
#4564 = FACE_OUTER_BOUND ( 'NONE', #6724, .T. ) ;
#4565 = EDGE_LOOP ( 'NONE', ( #3435, #5556 ) ) ;
#4566 = VERTEX_POINT ( 'NONE', #6274 ) ;
#4567 = ORIENTED_EDGE ( 'NONE', *, *, #6520, .F. ) ;
#4568 = EDGE_CURVE ( 'NONE', #4603, #4343, #862, .T. ) ;
#4569 = ORIENTED_EDGE ( 'NONE', *, *, #3809, .T. ) ;
#4570 = LINE ( 'NONE', #5766, #6256 ) ;
#4571 = VERTEX_POINT ( 'NONE', #3561 ) ;
#4572 = CARTESIAN_POINT ( 'NONE',  ( 252.4999999999998295, -20.85786437626912360, -37.50000000000007105 ) ) ;
#4573 = DIRECTION ( 'NONE',  ( -0.000000000000000000, 3.532527805625498298E-15, -1.000000000000000000 ) ) ;
#4574 = CARTESIAN_POINT ( 'NONE',  ( 41.96152422706622787, 47.32050807568884210, 4.999999999999893419 ) ) ;
#4575 = VERTEX_POINT ( 'NONE', #1890 ) ;
#4576 = CARTESIAN_POINT ( 'NONE',  ( 51.61879502661831509, 4.999999999999820588, -172.8812049733842855 ) ) ;
#4577 = EDGE_LOOP ( 'NONE', ( #5744, #6542, #3884, #4142 ) ) ;
#4578 = CARTESIAN_POINT ( 'NONE',  ( 187.4999999999999147, -14.99999999999991829, -600.0000000000000000 ) ) ;
#4579 = CYLINDRICAL_SURFACE ( 'NONE', #5961, 7.000000000000006217 ) ;
#4580 = EDGE_CURVE ( 'NONE', #2317, #1085, #5764, .T. ) ;
#4581 = CYLINDRICAL_SURFACE ( 'NONE', #2539, 3.299999999999998934 ) ;
#4582 = CARTESIAN_POINT ( 'NONE',  ( 249.4999999999999432, -15.00000000000013145, -37.49999999999997868 ) ) ;
#4583 = DIRECTION ( 'NONE',  ( 0.000000000000000000, 0.000000000000000000, 1.000000000000000000 ) ) ;
#4584 = ORIENTED_EDGE ( 'NONE', *, *, #4338, .T. ) ;
#4585 = CARTESIAN_POINT ( 'NONE',  ( 91.50000000000021316, 0.000000000000000000, -417.5000000000001705 ) ) ;
#4586 = CARTESIAN_POINT ( 'NONE',  ( -249.1180191725540567, -17.32663071661625054, -37.23551157195684880 ) ) ;
#4587 = ORIENTED_EDGE ( 'NONE', *, *, #19, .T. ) ;
#4588 = DIRECTION ( 'NONE',  ( 3.468980808276851749E-15, 1.000000000000000000, 5.916456789157588541E-31 ) ) ;
#4589 = CARTESIAN_POINT ( 'NONE',  ( 112.9999999999998153, -2.380040609040179334E-12, -442.9999999999999432 ) ) ;
#4590 = CARTESIAN_POINT ( 'NONE',  ( -186.5557657020814588, -21.94004718607108373, -34.69978178084066656 ) ) ;
#4591 = VECTOR ( 'NONE', #6144, 1000.000000000000000 ) ;
#4592 = DIRECTION ( 'NONE',  ( 3.469446951953613400E-15, 1.000000000000000000, 0.000000000000000000 ) ) ;
#4593 = CARTESIAN_POINT ( 'NONE',  ( -187.4999999999999432, -24.99999999999992539, -27.50000000000007816 ) ) ;
#4594 = AXIS2_PLACEMENT_3D ( 'NONE', #1203, #4539, #674 ) ;
#4595 = AXIS2_PLACEMENT_3D ( 'NONE', #2007, #6871, #1457 ) ;
#4596 = ORIENTED_EDGE ( 'NONE', *, *, #6980, .F. ) ;
#4597 = DATE_TIME_ROLE ( 'classification_date' ) ;
#4598 =( BOUNDED_CURVE ( )  B_SPLINE_CURVE ( 3, ( #614, #1109, #5578, #2790 ),
 .UNSPECIFIED., .F., .T. ) 
 B_SPLINE_CURVE_WITH_KNOTS ( ( 4, 4 ),
 ( 0.000000000000000000, 1.570796326794899445 ),
 .UNSPECIFIED. ) 
 CURVE ( )  GEOMETRIC_REPRESENTATION_ITEM ( )  RATIONAL_B_SPLINE_CURVE ( ( 1.000000000000000000, 0.8047378541243643824, 0.8047378541243643824, 1.000000000000000000 ) ) 
 REPRESENTATION_ITEM ( '' )  );
#4599 = CC_DESIGN_PERSON_AND_ORGANIZATION_ASSIGNMENT ( #5693, #6653, ( #3014 ) ) ;
#4600 = DIRECTION ( 'NONE',  ( 1.000000000000000000, 0.000000000000000000, 0.000000000000000000 ) ) ;
#4601 = VECTOR ( 'NONE', #2081, 1000.000000000000000 ) ;
#4602 = CARTESIAN_POINT ( 'NONE',  ( 250.0000000000000000, -21.99999999999991118, -27.50000000000007461 ) ) ;
#4603 = VERTEX_POINT ( 'NONE', #4100 ) ;
#4604 = ORIENTED_EDGE ( 'NONE', *, *, #1526, .F. ) ;
#4605 = EDGE_CURVE ( 'NONE', #3824, #2592, #4730, .T. ) ;
#4606 = DIRECTION ( 'NONE',  ( 0.000000000000000000, 0.000000000000000000, -1.000000000000000000 ) ) ;
#4607 = VERTEX_POINT ( 'NONE', #3012 ) ;
#4608 = AXIS2_PLACEMENT_3D ( 'NONE', #593, #2770, #4951 ) ;
#4609 = AXIS2_PLACEMENT_3D ( 'NONE', #3034, #788, #2953 ) ;
#4610 = CARTESIAN_POINT ( 'NONE',  ( -242.7377119667928298, 22.00000000000009237, -34.64142842854288773 ) ) ;
#4611 = EDGE_CURVE ( 'NONE', #3788, #4268, #1304, .T. ) ;
#4612 = LINE ( 'NONE', #3999, #1879 ) ;
#4613 = CARTESIAN_POINT ( 'NONE',  ( -11.66530778476992936, -12.24627970612864480, -5.000000000000004441 ) ) ;
#4614 = CIRCLE ( 'NONE', #1767, 65.00000000000150635 ) ;
#4615 = ORIENTED_EDGE ( 'NONE', *, *, #1259, .T. ) ;
#4616 = CARTESIAN_POINT ( 'NONE',  ( -182.8829880344364085, -20.27996952961172639, -563.9999825141595693 ) ) ;
#4617 = EDGE_LOOP ( 'NONE', ( #4587, #2 ) ) ;
#4618 = CARTESIAN_POINT ( 'NONE',  ( 244.3687313355737842, 21.74991921826014973, -34.87883541365699358 ) ) ;
#4619 = DIRECTION ( 'NONE',  ( 1.000000000000000000, 0.000000000000000000, 0.000000000000000000 ) ) ;
#4620 = LINE ( 'NONE', #2992, #2782 ) ;
#4621 = VECTOR ( 'NONE', #6529, 1000.000000000000000 ) ;
#4622 = DIRECTION ( 'NONE',  ( 0.000000000000000000, 0.000000000000000000, -1.000000000000000000 ) ) ;
#4623 = CARTESIAN_POINT ( 'NONE',  ( -34.29467888755071669, -4.999999999999882760, -490.6550685807386003 ) ) ;
#4624 = ORIENTED_EDGE ( 'NONE', *, *, #4515, .T. ) ;
#4625 = CARTESIAN_POINT ( 'NONE',  ( 249.0000000000000000, 5.000000000000000888, 0.000000000000000000 ) ) ;
#4626 = VECTOR ( 'NONE', #3030, 1000.000000000000000 ) ;
#4627 = DIRECTION ( 'NONE',  ( 0.000000000000000000, 0.000000000000000000, 1.000000000000000000 ) ) ;
#4628 = EDGE_LOOP ( 'NONE', ( #6155, #4604, #2726, #790 ) ) ;
#4629 = CARTESIAN_POINT ( 'NONE',  ( -214.9999999999999716, 5.000000000000000888, -596.7000000000001592 ) ) ;
#4630 = CARTESIAN_POINT ( 'NONE',  ( -181.4775074303359474, -18.57507229267734772, -36.84149415580451858 ) ) ;
#4631 = CC_DESIGN_APPROVAL ( #1806, ( #4800 ) ) ;
#4632 = CARTESIAN_POINT ( 'NONE',  ( 242.4999999999999147, -15.00000000000010836, -600.0000000000000000 ) ) ;
#4633 = CARTESIAN_POINT ( 'NONE',  ( -72.99999999999845102, 5.000000000000254019, -215.5000000000003695 ) ) ;
#4634 = VECTOR ( 'NONE', #4009, 1000.000000000000000 ) ;
#4635 = CARTESIAN_POINT ( 'NONE',  ( 247.1126084882291707, 20.28409637421220424, -564.0024369250063501 ) ) ;
#4636 = LOCAL_TIME ( 2, 14, 25.00000000000000000, #661 ) ;
#4637 = DATE_AND_TIME ( #2452, #387 ) ;
#4638 = CARTESIAN_POINT ( 'NONE',  ( -29.34493141923939774, 5.000000000000101252, -485.7053211124289192 ) ) ;
#4639 = DIRECTION ( 'NONE',  ( -0.000000000000000000, 1.000000000000000000, -0.000000000000000000 ) ) ;
#4640 = EDGE_LOOP ( 'NONE', ( #6548, #4041, #3088, #4057, #6921, #1315, #5135, #3305 ) ) ;
#4641 = CARTESIAN_POINT ( 'NONE',  ( -252.5000000000000568, -14.99999999999988276, -37.49999999999997868 ) ) ;
#4642 = ORIENTED_EDGE ( 'NONE', *, *, #4020, .F. ) ;
#4643 = DIRECTION ( 'NONE',  ( -6.780942318374154600E-23, -4.235164736271500755E-22, 1.000000000000000000 ) ) ;
#4644 = EDGE_CURVE ( 'NONE', #3267, #5986, #3633, .T. ) ;
#4645 = ADVANCED_FACE ( 'NONE', ( #5797 ), #874, .F. ) ;
#4646 = ORIENTED_EDGE ( 'NONE', *, *, #580, .T. ) ;
#4647 = DIRECTION ( 'NONE',  ( -1.000000000000000000, 0.000000000000000000, 6.780942318374154600E-23 ) ) ;
#4648 = VERTEX_POINT ( 'NONE', #3078 ) ;
#4649 = VERTEX_POINT ( 'NONE', #807 ) ;
#4650 = EDGE_CURVE ( 'NONE', #4920, #1198, #290, .T. ) ;
#4651 = CARTESIAN_POINT ( 'NONE',  ( 247.7437491349171239, 19.65810827845809428, -36.35609410289812615 ) ) ;
#4652 = DIRECTION ( 'NONE',  ( -7.690840992182485042E-23, -4.235164736271500755E-22, 1.000000000000000000 ) ) ;
#4653 = VECTOR ( 'NONE', #4187, 1000.000000000000000 ) ;
#4654 = DIRECTION ( 'NONE',  ( 3.700744544794450685E-15, 1.000000000000000000, 0.000000000000000000 ) ) ;
#4655 = DIRECTION ( 'NONE',  ( -0.000000000000000000, 1.000000000000000000, -0.000000000000000000 ) ) ;
#4656 = VERTEX_POINT ( 'NONE', #5232 ) ;
#4657 = CARTESIAN_POINT ( 'NONE',  ( -181.2431562985038624, 18.17226971659793477, -36.99368742398679188 ) ) ;
#4658 = EDGE_CURVE ( 'NONE', #2959, #547, #3245, .T. ) ;
#4659 = FACE_OUTER_BOUND ( 'NONE', #415, .T. ) ;
#4660 = ORIENTED_EDGE ( 'NONE', *, *, #4683, .F. ) ;
#4661 = CARTESIAN_POINT ( 'NONE',  ( -183.2279382166453274, -20.56265927051857645, -35.81552014449236765 ) ) ;
#4662 = CYLINDRICAL_SURFACE ( 'NONE', #6503, 3.500000000000003109 ) ;
#4663 = CARTESIAN_POINT ( 'NONE',  ( 249.4999999999999716, 15.24086283439103973, -562.4999999999998863 ) ) ;
#4664 = ORIENTED_EDGE ( 'NONE', *, *, #3397, .T. ) ;
#4665 = APPROVAL_STATUS ( 'not_yet_approved' ) ;
#4666 = CARTESIAN_POINT ( 'NONE',  ( -214.9999999999999716, -4.111294638065032814E-12, -603.3000000000000682 ) ) ;
#4667 = CARTESIAN_POINT ( 'NONE',  ( 177.4999999999999147, -14.99999999999988276, -562.5000000000002274 ) ) ;
#4668 = ORIENTED_EDGE ( 'NONE', *, *, #500, .T. ) ;
#4669 = FACE_OUTER_BOUND ( 'NONE', #6448, .T. ) ;
#4670 = ORIENTED_EDGE ( 'NONE', *, *, #5087, .F. ) ;
#4671 = FACE_OUTER_BOUND ( 'NONE', #2845, .T. ) ;
#4672 = FACE_OUTER_BOUND ( 'NONE', #2528, .T. ) ;
#4673 = DIRECTION ( 'NONE',  ( 0.000000000000000000, 0.000000000000000000, -1.000000000000000000 ) ) ;
#4674 = ORIENTED_EDGE ( 'NONE', *, *, #1446, .T. ) ;
#4675 = CARTESIAN_POINT ( 'NONE',  ( -182.2562508650828477, -19.65810827845811914, -563.6439058971020586 ) ) ;
#4676 = ORIENTED_EDGE ( 'NONE', *, *, #1649, .F. ) ;
#4677 =( BOUNDED_CURVE ( )  B_SPLINE_CURVE ( 3, ( #5103, #122, #6138, #3421 ),
 .UNSPECIFIED., .F., .F. ) 
 B_SPLINE_CURVE_WITH_KNOTS ( ( 4, 4 ),
 ( 4.712388980384679016, 6.283185307179586232 ),
 .UNSPECIFIED. ) 
 CURVE ( )  GEOMETRIC_REPRESENTATION_ITEM ( )  RATIONAL_B_SPLINE_CURVE ( ( 1.000000000000000000, 0.8047378541243626060, 0.8047378541243626060, 1.000000000000000000 ) ) 
 REPRESENTATION_ITEM ( '' )  );
#4678 = ORIENTED_EDGE ( 'NONE', *, *, #189, .T. ) ;
#4679 =( LENGTH_UNIT ( ) NAMED_UNIT ( * ) SI_UNIT ( .MILLI., .METRE. ) );
#4680 = DIRECTION ( 'NONE',  ( -0.000000000000000000, 1.000000000000000000, -0.000000000000000000 ) ) ;
#4681 = DIRECTION ( 'NONE',  ( 0.000000000000000000, 0.000000000000000000, 1.000000000000000000 ) ) ;
#4682 = PLANE ( 'NONE',  #4146 ) ;
#4683 = EDGE_CURVE ( 'NONE', #5364, #1263, #264, .T. ) ;
#4684 = ORIENTED_EDGE ( 'NONE', *, *, #5929, .F. ) ;
#4685 = LINE ( 'NONE', #1017, #6241 ) ;
#4686 = CARTESIAN_POINT ( 'NONE',  ( -249.9999999999999716, 4.000000000000000000, 27.49999999999992184 ) ) ;
#4687 = CARTESIAN_POINT ( 'NONE',  ( 350.0000000000000000, -24.99999999999991118, -627.5000000000001137 ) ) ;
#4688 = CARTESIAN_POINT ( 'NONE',  ( 36.76955262169966687, -3.375771884250866606E-12, -483.2304473782780292 ) ) ;
#4689 = ADVANCED_FACE ( 'NONE', ( #3492 ), #6826, .F. ) ;
#4690 = CARTESIAN_POINT ( 'NONE',  ( -187.4999999999999147, 14.99999999999991296, -599.9999999999998863 ) ) ;
#4691 = APPROVAL_DATE_TIME ( #4637, #2582 ) ;
#4692 = DIRECTION ( 'NONE',  ( -6.780942318374154600E-23, -4.235164736271500755E-22, 1.000000000000000000 ) ) ;
#4693 = CARTESIAN_POINT ( 'NONE',  ( 249.0000000000000000, 0.000000000000000000, 27.49999999999992184 ) ) ;
#4694 = AXIS2_PLACEMENT_3D ( 'NONE', #1900, #4037, #1373 ) ;
#4695 = CIRCLE ( 'NONE', #2631, 3.299999999999969624 ) ;
#4696 = EDGE_CURVE ( 'NONE', #6869, #2420, #2659, .T. ) ;
#4697 = DIRECTION ( 'NONE',  ( 0.000000000000000000, -1.000000000000000000, 0.000000000000000000 ) ) ;
#4698 = EDGE_LOOP ( 'NONE', ( #1140, #3900 ) ) ;
#4699 = CARTESIAN_POINT ( 'NONE',  ( -248.7415238319206026, 18.17725335865656078, -36.98418241366677250 ) ) ;
#4700 = AXIS2_PLACEMENT_3D ( 'NONE', #2377, #2897, #654 ) ;
#4701 = DIRECTION ( 'NONE',  ( 0.000000000000000000, 1.000000000000000000, -4.235164736271500755E-22 ) ) ;
#4702 = CARTESIAN_POINT ( 'NONE',  ( -248.7457747230181724, 18.16890273626561836, -563.0130182068265867 ) ) ;
#4703 = ORIENTED_EDGE ( 'NONE', *, *, #1955, .F. ) ;
#4704 = FACE_OUTER_BOUND ( 'NONE', #3709, .T. ) ;
#4705 = ORIENTED_EDGE ( 'NONE', *, *, #4650, .F. ) ;
#4706 = VECTOR ( 'NONE', #1281, 1000.000000000000000 ) ;
#4707 = DIRECTION ( 'NONE',  ( 1.000000000000000000, 0.000000000000000000, 0.000000000000000000 ) ) ;
#4708 = DIRECTION ( 'NONE',  ( 0.000000000000000000, -1.000000000000000000, -3.700742850728556176E-15 ) ) ;
#4709 = CARTESIAN_POINT ( 'NONE',  ( 48.50000000000023448, 0.000000000000000000, -432.5000000000001705 ) ) ;
#4710 = AXIS2_PLACEMENT_3D ( 'NONE', #4510, #6772, #4007 ) ;
#4711 = CARTESIAN_POINT ( 'NONE',  ( -248.3578643762689921, 25.00000000000009237, -33.35786437626901346 ) ) ;
#4712 = VECTOR ( 'NONE', #20, 1000.000000000000000 ) ;
#4713 = ORIENTED_EDGE ( 'NONE', *, *, #1906, .T. ) ;
#4714 = CARTESIAN_POINT ( 'NONE',  ( -181.4628873511626068, 18.57174344496479534, -36.84920212957639762 ) ) ;
#4715 = CARTESIAN_POINT ( 'NONE',  ( -214.9999999999999716, -4.111294638065032814E-12, -600.0000000000001137 ) ) ;
#4716 = CARTESIAN_POINT ( 'NONE',  ( 112.9999999999999289, 4.999999999999609201, -407.0000000000002842 ) ) ;
#4717 = VECTOR ( 'NONE', #1663, 1000.000000000000000 ) ;
#4718 = AXIS2_PLACEMENT_3D ( 'NONE', #3757, #2300, #4465 ) ;
#4719 = DIRECTION ( 'NONE',  ( -0.000000000000000000, 1.000000000000000000, -0.000000000000000000 ) ) ;
#4720 = CC_DESIGN_PERSON_AND_ORGANIZATION_ASSIGNMENT ( #1199, #2967, ( #1542 ) ) ;
#4721 = APPROVAL_PERSON_ORGANIZATION ( #2161, #1806, #464 ) ;
#4722 = EDGE_CURVE ( 'NONE', #5371, #2053, #2122, .T. ) ;
#4723 = ORIENTED_EDGE ( 'NONE', *, *, #5860, .F. ) ;
#4724 = LINE ( 'NONE', #2610, #2940 ) ;
#4725 = APPROVAL_STATUS ( 'not_yet_approved' ) ;
#4726 = ADVANCED_FACE ( 'NONE', ( #1928 ), #6345, .T. ) ;
#4727 = LOCAL_TIME ( 2, 14, 25.00000000000000000, #2546 ) ;
#4728 = CARTESIAN_POINT ( 'NONE',  ( -250.0000000000000000, -14.99999999999991296, -27.50000000000004974 ) ) ;
#4729 = CARTESIAN_POINT ( 'NONE',  ( -177.4999999999999147, 14.99999999999988098, -599.9999999999998863 ) ) ;
#4730 = LINE ( 'NONE', #842, #3136 ) ;
#4731 = ORIENTED_EDGE ( 'NONE', *, *, #1914, .T. ) ;
#4732 = CIRCLE ( 'NONE', #2903, 65.00000000000150635 ) ;
#4733 = FACE_OUTER_BOUND ( 'NONE', #2025, .T. ) ;
#4734 = ORGANIZATION ( 'NAUO-ORG6', 'UNSPECIFIED', 'UNSPECIFIED' ) ;
#4735 = CARTESIAN_POINT ( 'NONE',  ( -248.7415238319207162, -18.17725335865642577, -563.0158175863333554 ) ) ;
#4736 = ORIENTED_EDGE ( 'NONE', *, *, #3460, .F. ) ;
#4737 = LINE ( 'NONE', #2035, #2098 ) ;
#4738 = EDGE_CURVE ( 'NONE', #4129, #4648, #2515, .T. ) ;
#4739 = CARTESIAN_POINT ( 'NONE',  ( -181.1567072087542556, 17.96920520994973103, -562.9484147495077195 ) ) ;
#4740 = VERTEX_POINT ( 'NONE', #6039 ) ;
#4741 = CARTESIAN_POINT ( 'NONE',  ( 350.0000000000000000, 14.99999999999987921, -562.5000000000001137 ) ) ;
#4742 = ORIENTED_EDGE ( 'NONE', *, *, #2519, .F. ) ;
#4743 =( NAMED_UNIT ( * ) SI_UNIT ( $, .STERADIAN. ) SOLID_ANGLE_UNIT ( ) );
#4744 = DIRECTION ( 'NONE',  ( -0.000000000000000000, 1.000000000000000000, -0.000000000000000000 ) ) ;
#4745 = CARTESIAN_POINT ( 'NONE',  ( -252.4999999999998863, 15.00000000000014033, -562.5000000000000000 ) ) ;
#4746 = EDGE_CURVE ( 'NONE', #750, #4384, #5497, .T. ) ;
#4747 = AXIS2_PLACEMENT_3D ( 'NONE', #809, #5164, #2388 ) ;
#4748 = CARTESIAN_POINT ( 'NONE',  ( 350.0000000000000000, 15.00000000000010303, -627.5000000000001137 ) ) ;
#4749 = EDGE_LOOP ( 'NONE', ( #6567, #2467, #2069, #3882, #2966 ) ) ;
#4750 = AXIS2_PLACEMENT_3D ( 'NONE', #1148, #1078, #6644 ) ;
#4751 = LINE ( 'NONE', #3726, #5630 ) ;
#4752 = CARTESIAN_POINT ( 'NONE',  ( -214.9999999999999716, 5.000000000000000888, -1.110223024625156540E-13 ) ) ;
#4753 = DIRECTION ( 'NONE',  ( 0.000000000000000000, 0.000000000000000000, 1.000000000000000000 ) ) ;
#4754 = CARTESIAN_POINT ( 'NONE',  ( -36.76955262170127270, -3.119032809806299156E-12, -483.2304473782780292 ) ) ;
#4755 = DIRECTION ( 'NONE',  ( 3.700744544794450685E-15, 1.000000000000000000, 0.000000000000000000 ) ) ;
#4756 = ORIENTED_EDGE ( 'NONE', *, *, #2619, .T. ) ;
#4757 = ADVANCED_FACE ( 'NONE', ( #4085 ), #2952, .F. ) ;
#4758 = LINE ( 'NONE', #5792, #7038 ) ;
#4759 = VERTEX_POINT ( 'NONE', #6807 ) ;
#4760 = APPROVAL_DATE_TIME ( #362, #4887 ) ;
#4761 = FACE_OUTER_BOUND ( 'NONE', #2688, .T. ) ;
#4762 = DIRECTION ( 'NONE',  ( 0.000000000000000000, 0.000000000000000000, 1.000000000000000000 ) ) ;
#4763 = EDGE_CURVE ( 'NONE', #2053, #5988, #1463, .T. ) ;
#4764 = ORIENTED_EDGE ( 'NONE', *, *, #5876, .F. ) ;
#4765 = DIRECTION ( 'NONE',  ( 0.000000000000000000, 0.000000000000000000, -1.000000000000000000 ) ) ;
#4766 = DIRECTION ( 'NONE',  ( 3.469446951953613400E-15, 1.000000000000000000, -0.000000000000000000 ) ) ;
#4767 = CIRCLE ( 'NONE', #6820, 10.00000000000000533 ) ;
#4768 = ORIENTED_EDGE ( 'NONE', *, *, #500, .F. ) ;
#4769 = CARTESIAN_POINT ( 'NONE',  ( 31.81980515339412463, 0.000000000000000000, -551.8198051533731814 ) ) ;
#4770 = PRODUCT ( 'weld_base plate_Default<As Machined>', 'weld_base plate_Default<As Machined>', '', ( #4272 ) ) ;
#4771 = EDGE_CURVE ( 'NONE', #195, #4234, #5813, .T. ) ;
#4772 = CARTESIAN_POINT ( 'NONE',  ( -245.6388489156420576, 21.26080192561893156, -564.7012412885080721 ) ) ;
#4773 = EDGE_LOOP ( 'NONE', ( #4388, #7048, #3108, #4354 ) ) ;
#4774 = DIRECTION ( 'NONE',  ( -0.000000000000000000, 1.000000000000000000, -0.000000000000000000 ) ) ;
#4775 = ORIENTED_EDGE ( 'NONE', *, *, #701, .T. ) ;
#4776 = VERTEX_POINT ( 'NONE', #287 ) ;
#4777 = CARTESIAN_POINT ( 'NONE',  ( -214.9999999999999716, 5.000000000000000888, -303.3000000000001251 ) ) ;
#4778 = DIRECTION ( 'NONE',  ( -0.000000000000000000, 1.000000000000000000, -0.000000000000000000 ) ) ;
#4779 = CYLINDRICAL_SURFACE ( 'NONE', #459, 10.00000000000000888 ) ;
#4780 = ORIENTED_EDGE ( 'NONE', *, *, #3367, .T. ) ;
#4781 = CARTESIAN_POINT ( 'NONE',  ( 177.5000000000000568, 20.85786437626918755, -37.50000000000000000 ) ) ;
#4782 = CARTESIAN_POINT ( 'NONE',  ( 91.50000000000021316, 5.000000000000896172, -425.0000000000001705 ) ) ;
#4783 = CARTESIAN_POINT ( 'NONE',  ( 350.0000000000000000, 14.99999999999987921, -562.5000000000001137 ) ) ;
#4784 = LINE ( 'NONE', #6946, #3009 ) ;
#4785 = PLANE ( 'NONE',  #5655 ) ;
#4786 = VERTEX_POINT ( 'NONE', #6287 ) ;
#4787 = CARTESIAN_POINT ( 'NONE',  ( -177.5000000000000284, -15.00000000000014211, -37.50000000000003553 ) ) ;
#4788 = EDGE_CURVE ( 'NONE', #1263, #116, #3257, .T. ) ;
#4789 = ORIENTED_EDGE ( 'NONE', *, *, #3627, .T. ) ;
#4790 = CALENDAR_DATE ( 2026, 24, 3 ) ;
#4791 = LINE ( 'NONE', #1557, #5270 ) ;
#4792 = DIRECTION ( 'NONE',  ( 1.000000000000000000, 0.000000000000000000, 0.000000000000000000 ) ) ;
#4793 = ORIENTED_EDGE ( 'NONE', *, *, #4250, .T. ) ;
#4794 = CARTESIAN_POINT ( 'NONE',  ( 48.50000000000023448, 5.000000000000896172, -432.5000000000001705 ) ) ;
#4795 = DIRECTION ( 'NONE',  ( -1.000000000000000000, 3.469446951953611033E-15, 0.000000000000000000 ) ) ;
#4796 = CARTESIAN_POINT ( 'NONE',  ( -242.7377119667925456, -21.99999999999992184, -565.3585715714572189 ) ) ;
#4797 = AXIS2_PLACEMENT_3D ( 'NONE', #2701, #5382, #3787 ) ;
#4798 = VERTEX_POINT ( 'NONE', #1976 ) ;
#4799 = COORDINATED_UNIVERSAL_TIME_OFFSET ( 8, 0, .AHEAD. ) ;
#4800 = PRODUCT_DEFINITION ( 'UNKNOWN', '', #285, #6181 ) ;
#4801 = CARTESIAN_POINT ( 'NONE',  ( 248.5371126488373648, -18.57174344496469587, -563.1507978704237303 ) ) ;
#4802 = CARTESIAN_POINT ( 'NONE',  ( 180.5615542562184146, -15.95671378532266971, -562.5430064948893687 ) ) ;
#4803 = AXIS2_PLACEMENT_3D ( 'NONE', #5259, #363, #1476 ) ;
#4804 = CARTESIAN_POINT ( 'NONE',  ( -187.0259159506491642, 21.98792370224570902, -565.3466766487031236 ) ) ;
#4806 = EDGE_CURVE ( 'NONE', #660, #5176, #4189, .T. ) ;
#4805 = ORIENTED_EDGE ( 'NONE', *, *, #4309, .T. ) ;
#4807 = CARTESIAN_POINT ( 'NONE',  ( 51.61879502661831509, 4.999999999999820588, -163.8812049733842855 ) ) ;
#4808 = ORIENTED_EDGE ( 'NONE', *, *, #6846, .F. ) ;
#4809 = MECHANICAL_CONTEXT ( 'NONE', #3160, 'mechanical' ) ;
#4810 = CIRCLE ( 'NONE', #5721, 19.99999999999998934 ) ;
#4811 = AXIS2_PLACEMENT_3D ( 'NONE', #3768, #3177, #7032 ) ;
#4812 = CARTESIAN_POINT ( 'NONE',  ( 182.8829880344363232, -20.27996952961148835, -36.00001748584079309 ) ) ;
#4813 = EDGE_CURVE ( 'NONE', #1823, #1693, #6257, .T. ) ;
#4814 = DIRECTION ( 'NONE',  ( 0.000000000000000000, 0.000000000000000000, 1.000000000000000000 ) ) ;
#4815 = SHAPE_REPRESENTATION ( 'weld_base plate_Default<As Machined>', ( #951 ), #3356 ) ;
#4816 = DIRECTION ( 'NONE',  ( 0.000000000000000000, -1.000000000000000000, 0.000000000000000000 ) ) ;
#4817 = VECTOR ( 'NONE', #3727, 1000.000000000000000 ) ;
#4818 = ORIENTED_EDGE ( 'NONE', *, *, #171, .F. ) ;
#4819 = CYLINDRICAL_SURFACE ( 'NONE', #6071, 3.300000000000025135 ) ;
#4820 = AXIS2_PLACEMENT_3D ( 'NONE', #1908, #6222, #1245 ) ;
#4821 = CIRCLE ( 'NONE', #5611, 3.300000000000025135 ) ;
#4822 = CARTESIAN_POINT ( 'NONE',  ( -180.4999999999999147, 14.99999999999988987, -599.9999999999998863 ) ) ;
#4823 = ORIENTED_EDGE ( 'NONE', *, *, #3708, .F. ) ;
#4824 = AXIS2_PLACEMENT_3D ( 'NONE', #4769, #3605, #4137 ) ;
#4825 = FACE_OUTER_BOUND ( 'NONE', #3454, .T. ) ;
#4826 = EDGE_LOOP ( 'NONE', ( #1355, #3952, #4303, #5201 ) ) ;
#4827 = PERSON_AND_ORGANIZATION_ROLE ( 'creator' ) ;
#4828 = LINE ( 'NONE', #3807, #3796 ) ;
#4829 = VECTOR ( 'NONE', #3166, 1000.000000000000000 ) ;
#4830 = EDGE_LOOP ( 'NONE', ( #3660, #718, #5099, #2393 ) ) ;
#4831 = DIRECTION ( 'NONE',  ( -3.469446951953614978E-15, -1.000000000000000000, 0.000000000000000000 ) ) ;
#4832 = DIRECTION ( 'NONE',  ( 3.469446951953613400E-15, 1.000000000000000000, -0.000000000000000000 ) ) ;
#4833 = CIRCLE ( 'NONE', #277, 3.500000000000003109 ) ;
#4834 = ORIENTED_EDGE ( 'NONE', *, *, #2347, .T. ) ;
#4835 = AXIS2_PLACEMENT_3D ( 'NONE', #289, #5032, #1354 ) ;
#4836 = CARTESIAN_POINT ( 'NONE',  ( 248.7568437014961660, -18.17226971659787438, -563.0063125760134426 ) ) ;
#4837 = CARTESIAN_POINT ( 'NONE',  ( 181.1567072087543124, -17.96920520994977721, -562.9484147495079469 ) ) ;
#4838 = APPROVAL_PERSON_ORGANIZATION ( #6008, #4124, #1108 ) ;
#4839 = CARTESIAN_POINT ( 'NONE',  ( -180.5123982651509777, 15.48036715287433118, -562.5086903598036088 ) ) ;
#4840 = ORIENTED_EDGE ( 'NONE', *, *, #3783, .T. ) ;
#4841 = DIRECTION ( 'NONE',  ( 3.469446951953613400E-15, 1.000000000000000000, -0.000000000000000000 ) ) ;
#4842 = CC_DESIGN_PERSON_AND_ORGANIZATION_ASSIGNMENT ( #3147, #1475, ( #2346 ) ) ;
#4843 = VERTEX_POINT ( 'NONE', #5746 ) ;
#4844 = DIRECTION ( 'NONE',  ( 1.000000000000000000, 0.000000000000000000, 0.000000000000000000 ) ) ;
#4845 = EDGE_CURVE ( 'NONE', #1395, #2401, #860, .T. ) ;
#4846 = DIRECTION ( 'NONE',  ( 1.000000000000000000, 2.031695853803520038E-16, -1.586032892321741229E-16 ) ) ;
#4847 = VECTOR ( 'NONE', #2234, 1000.000000000000000 ) ;
#4848 = CC_DESIGN_APPROVAL ( #4851, ( #1664 ) ) ;
#4849 = PLANE ( 'NONE',  #4608 ) ;
#4850 = FACE_BOUND ( 'NONE', #6648, .T. ) ;
#4851 = APPROVAL ( #7040, 'UNKNOWN' ) ;
#4852 = CYLINDRICAL_SURFACE ( 'NONE', #2188, 4.500000000000003553 ) ;
#4853 = EDGE_CURVE ( 'NONE', #4759, #1823, #94, .T. ) ;
#4854 = ORIENTED_EDGE ( 'NONE', *, *, #353, .T. ) ;
#4855 = CARTESIAN_POINT ( 'NONE',  ( 184.3611510843581414, 21.26080192561907012, -564.7012412885085268 ) ) ;
#4856 = CARTESIAN_POINT ( 'NONE',  ( 1.270641034760808889E-12, 5.000000000000000888, -147.0000000000020748 ) ) ;
#4857 = CARTESIAN_POINT ( 'NONE',  ( -248.9999999999999716, 5.000000000000000888, 0.000000000000000000 ) ) ;
#4858 = CARTESIAN_POINT ( 'NONE',  ( -242.4999999999999432, 21.99999999999802114, -565.3585715714552862 ) ) ;
#4859 = CARTESIAN_POINT ( 'NONE',  ( 183.7757045070289905, 20.93110829366722569, -35.55262179461632854 ) ) ;
#4860 = CARTESIAN_POINT ( 'NONE',  ( 242.9740840493505232, -21.98792370224591508, -34.65332335129682662 ) ) ;
#4861 = EDGE_CURVE ( 'NONE', #3258, #3987, #5937, .T. ) ;
#4862 = VECTOR ( 'NONE', #6403, 1000.000000000000000 ) ;
#4863 = PLANE ( 'NONE',  #5100 ) ;
#4864 = DIRECTION ( 'NONE',  ( 0.000000000000000000, -1.000000000000000000, -3.700742850728556176E-15 ) ) ;
#4865 = ORIENTED_EDGE ( 'NONE', *, *, #563, .T. ) ;
#4866 = APPROVAL_ROLE ( '' ) ;
#4867 = CYLINDRICAL_SURFACE ( 'NONE', #4811, 7.000000000000006217 ) ;
#4868 = DIRECTION ( 'NONE',  ( -6.780942318374154600E-23, -4.235164736271500755E-22, 1.000000000000000000 ) ) ;
#4869 = EDGE_LOOP ( 'NONE', ( #3056, #1014, #973, #5563 ) ) ;
#4870 = DIRECTION ( 'NONE',  ( -0.000000000000000000, 1.000000000000000000, -0.000000000000000000 ) ) ;
#4871 = CARTESIAN_POINT ( 'NONE',  ( -246.2242954929709811, -20.93110829366705161, -564.4473782053837567 ) ) ;
#4872 = ORIENTED_EDGE ( 'NONE', *, *, #3828, .T. ) ;
#4873 = CARTESIAN_POINT ( 'NONE',  ( -245.4370444035801597, 21.35803075674634499, -564.7806311379567887 ) ) ;
#4874 = ORIENTED_EDGE ( 'NONE', *, *, #2887, .F. ) ;
#4875 = CARTESIAN_POINT ( 'NONE',  ( -40.26955262170127270, -3.106889745474461506E-12, -483.2304473782780292 ) ) ;
#4876 = ORIENTED_EDGE ( 'NONE', *, *, #5162, .F. ) ;
#4877 = LINE ( 'NONE', #3823, #5315 ) ;
#4878 = ORIENTED_EDGE ( 'NONE', *, *, #5071, .T. ) ;
#4879 = ADVANCED_FACE ( 'NONE', ( #6925 ), #4204, .F. ) ;
#4880 = CARTESIAN_POINT ( 'NONE',  ( -275.9999999999999432, -3.168293767152989382, -639.5855905926756577 ) ) ;
#4881 = CARTESIAN_POINT ( 'NONE',  ( 180.8819808274459149, -17.32663071661628607, -37.23551157195684880 ) ) ;
#4882 = DIRECTION ( 'NONE',  ( 0.000000000000000000, 0.000000000000000000, 1.000000000000000000 ) ) ;
#4883 = ORIENTED_EDGE ( 'NONE', *, *, #3200, .T. ) ;
#4884 = CARTESIAN_POINT ( 'NONE',  ( -10.00000000000000888, 17.32050807568876039, 5.000000000000004441 ) ) ;
#4885 = LINE ( 'NONE', #1167, #3803 ) ;
#4886 = LINE ( 'NONE', #1063, #1302 ) ;
#4887 = APPROVAL ( #2026, 'UNSPECIFIED' ) ;
#4888 = DIRECTION ( 'NONE',  ( -0.000000000000000000, -1.000000000000000000, -0.000000000000000000 ) ) ;
#4889 = DIRECTION ( 'NONE',  ( 1.000000000000000000, 0.000000000000000000, 0.000000000000000000 ) ) ;
#4890 = ORIENTED_EDGE ( 'NONE', *, *, #6443, .F. ) ;
#4891 = FACE_BOUND ( 'NONE', #1648, .T. ) ;
#4892 = ORIENTED_EDGE ( 'NONE', *, *, #4658, .T. ) ;
#4893 = DIRECTION ( 'NONE',  ( 0.000000000000000000, 0.000000000000000000, 1.000000000000000000 ) ) ;
#4894 = EDGE_LOOP ( 'NONE', ( #3262, #2598, #946, #4015 ) ) ;
#4895 = CALENDAR_DATE ( 2026, 24, 3 ) ;
#4896 = LINE ( 'NONE', #7061, #941 ) ;
#4897 = ADVANCED_FACE ( 'NONE', ( #4237 ), #4166, .F. ) ;
#4898 = DIRECTION ( 'NONE',  ( 0.000000000000000000, 0.000000000000000000, 1.000000000000000000 ) ) ;
#4899 = EDGE_LOOP ( 'NONE', ( #1675, #2298, #5242, #656 ) ) ;
#4900 = DIRECTION ( 'NONE',  ( 0.000000000000000000, 0.000000000000000000, 1.000000000000000000 ) ) ;
#4901 = ORIENTED_EDGE ( 'NONE', *, *, #2586, .T. ) ;
#4902 = DATE_AND_TIME ( #4895, #393 ) ;
#4903 = ORIENTED_EDGE ( 'NONE', *, *, #3956, .T. ) ;
#4904 = ORIENTED_EDGE ( 'NONE', *, *, #5899, .T. ) ;
#4905 = FACE_OUTER_BOUND ( 'NONE', #4869, .T. ) ;
#4906 =( NAMED_UNIT ( * ) PLANE_ANGLE_UNIT ( ) SI_UNIT ( $, .RADIAN. ) );
#4907 = DIRECTION ( 'NONE',  ( -0.000000000000000000, 1.000000000000000000, -0.000000000000000000 ) ) ;
#4908 = DIRECTION ( 'NONE',  ( -1.158639454543361089E-30, 1.912833620765402649E-30, -1.000000000000000000 ) ) ;
#4909 = DIRECTION ( 'NONE',  ( 0.000000000000000000, 0.000000000000000000, 1.000000000000000000 ) ) ;
#4910 = VERTEX_POINT ( 'NONE', #436 ) ;
#4911 = VECTOR ( 'NONE', #7051, 1000.000000000000000 ) ;
#4912 = CIRCLE ( 'NONE', #2973, 4.500000000000003553 ) ;
#4913 = CARTESIAN_POINT ( 'NONE',  ( 183.2242165566616734, 20.56005637780924999, -564.1826560265603803 ) ) ;
#4914 = LINE ( 'NONE', #1723, #5275 ) ;
#4915 = DIRECTION ( 'NONE',  ( 1.000000000000000000, 0.000000000000000000, 0.000000000000000000 ) ) ;
#4916 = AXIS2_PLACEMENT_3D ( 'NONE', #3653, #5819, #6395 ) ;
#4917 = AXIS2_PLACEMENT_3D ( 'NONE', #222, #1255, #6676 ) ;
#4918 = FACE_BOUND ( 'NONE', #1307, .T. ) ;
#4919 = FACE_OUTER_BOUND ( 'NONE', #5659, .T. ) ;
#4920 = VERTEX_POINT ( 'NONE', #2614 ) ;
#4921 = DIRECTION ( 'NONE',  ( -1.000000000000000000, -0.000000000000000000, -0.000000000000000000 ) ) ;
#4922 = EDGE_CURVE ( 'NONE', #3643, #2486, #6677, .T. ) ;
#4923 = APPROVAL ( #628, 'UNKNOWN' ) ;
#4924 = B_SPLINE_CURVE_WITH_KNOTS ( 'NONE', 3,
 ( #6490, #6430, #4860, #1618, #5391, #3657, #1551, #7027, #3731, #3799, #4198, #5898, #1000, #5353, #6368, #460, #5821, #3107, #2637, #4300, #3399, #142, #1801, #716, #3474, #4582 ),
 .UNSPECIFIED., .F., .F.,
 ( 4, 2, 2, 2, 2, 2, 2, 2, 2, 2, 2, 2, 4 ),
 ( 0.01137023585102440136, 0.01208014783211163942, 0.01279005981319887922, 0.01420988377537335187, 0.01491979575646061942, 0.01562970773754788698, 0.01704953169972235963, 0.01846935566189682881, 0.01917926764298406861, 0.01988917962407130841, 0.02130900358624575330, 0.02201891556733298963, 0.02272882754842022596 ),
 .UNSPECIFIED. ) ;
#4925 = CARTESIAN_POINT ( 'NONE',  ( -181.6421356237310079, -25.00000000000019185, -566.6421356237309510 ) ) ;
#4926 = VECTOR ( 'NONE', #1123, 1000.000000000000000 ) ;
#4927 = AXIS2_PLACEMENT_3D ( 'NONE', #2888, #2335, #6700 ) ;
#4928 = ADVANCED_FACE ( 'NONE', ( #513 ), #6376, .F. ) ;
#4929 = ORIENTED_EDGE ( 'NONE', *, *, #3228, .T. ) ;
#4930 = DATE_AND_TIME ( #2195, #5642 ) ;
#4931 = DIRECTION ( 'NONE',  ( 3.469446951953613400E-15, 1.000000000000000000, -0.000000000000000000 ) ) ;
#4932 = EDGE_CURVE ( 'NONE', #5951, #3575, #3632, .T. ) ;
#4933 = CARTESIAN_POINT ( 'NONE',  ( -214.9999999999998863, 24.99999999999999289, 3.299999999999886136 ) ) ;
#4934 = EDGE_CURVE ( 'NONE', #1217, #3547, #3116, .T. ) ;
#4935 = CIRCLE ( 'NONE', #935, 3.300000000000025135 ) ;
#4936 = VECTOR ( 'NONE', #4573, 1000.000000000000000 ) ;
#4937 = ORIENTED_EDGE ( 'NONE', *, *, #144, .F. ) ;
#4938 = FACE_OUTER_BOUND ( 'NONE', #883, .T. ) ;
#4939 = EDGE_CURVE ( 'NONE', #5350, #4071, #4275, .T. ) ;
#4940 = LINE ( 'NONE', #1149, #3528 ) ;
#4941 = EDGE_LOOP ( 'NONE', ( #4199, #6404, #5304, #1809 ) ) ;
#4942 = AXIS2_PLACEMENT_3D ( 'NONE', #4211, #1452, #5770 ) ;
#4943 = COORDINATED_UNIVERSAL_TIME_OFFSET ( 8, 0, .AHEAD. ) ;
#4944 = CIRCLE ( 'NONE', #5858, 3.500000000000003109 ) ;
#4945 = VERTEX_POINT ( 'NONE', #6894 ) ;
#4946 = EDGE_CURVE ( 'NONE', #6152, #1707, #1477, .T. ) ;
#4947 = ORIENTED_EDGE ( 'NONE', *, *, #6808, .F. ) ;
#4948 = DIRECTION ( 'NONE',  ( 0.000000000000000000, 0.000000000000000000, 1.000000000000000000 ) ) ;
#4949 = ORIENTED_EDGE ( 'NONE', *, *, #2815, .F. ) ;
#4950 = DIRECTION ( 'NONE',  ( 1.000000000000000000, 0.000000000000000000, 0.000000000000000000 ) ) ;
#4951 = DIRECTION ( 'NONE',  ( 1.000000000000000000, -3.532527189601535655E-15, -7.500847945236711498E-23 ) ) ;
#4952 = LOCAL_TIME ( 2, 14, 25.00000000000000000, #578 ) ;
#4953 = CYLINDRICAL_SURFACE ( 'NONE', #29, 3.299999999999997158 ) ;
#4954 = DIRECTION ( 'NONE',  ( -0.03489949670250100389, 0.9993908270190956511, -2.017494156600422140E-30 ) ) ;
#4955 = ORIENTED_EDGE ( 'NONE', *, *, #6979, .T. ) ;
#4956 = CARTESIAN_POINT ( 'NONE',  ( -34.29467888755068117, 5.000000000000119016, -490.6550685807386003 ) ) ;
#4957 = VERTEX_POINT ( 'NONE', #1360 ) ;
#4958 = CIRCLE ( 'NONE', #5875, 3.299999999999998934 ) ;
#4959 = CC_DESIGN_APPROVAL ( #5359, ( #1549 ) ) ;
#4960 = LINE ( 'NONE', #3354, #6424 ) ;
#4961 = CYLINDRICAL_SURFACE ( 'NONE', #3683, 3.500000000006477041 ) ;
#4962 = EDGE_CURVE ( 'NONE', #800, #6058, #977, .T. ) ;
#4963 = FACE_OUTER_BOUND ( 'NONE', #3324, .T. ) ;
#4964 = VECTOR ( 'NONE', #6165, 1000.000000000000000 ) ;
#4965 = CARTESIAN_POINT ( 'NONE',  ( -249.4999999999999147, 15.00000000000012790, -600.0000000000000000 ) ) ;
#4966 = DIRECTION ( 'NONE',  ( 0.000000000000000000, -1.000000000000000000, -3.700743415417186364E-15 ) ) ;
#4967 = CARTESIAN_POINT ( 'NONE',  ( -214.9999999999998863, 24.99999999999999289, 3.299999999999886136 ) ) ;
#4968 = ORIENTED_EDGE ( 'NONE', *, *, #3329, .F. ) ;
#4969 = COORDINATED_UNIVERSAL_TIME_OFFSET ( 8, 0, .AHEAD. ) ;
#4970 = CARTESIAN_POINT ( 'NONE',  ( -242.5000000000000568, -21.99999999999991473, -599.9999999999998863 ) ) ;
#4971 = FACE_OUTER_BOUND ( 'NONE', #2156, .T. ) ;
#4972 = ORIENTED_EDGE ( 'NONE', *, *, #1522, .T. ) ;
#4973 = DIRECTION ( 'NONE',  ( -0.000000000000000000, 1.000000000000000000, -0.000000000000000000 ) ) ;
#4974 = CARTESIAN_POINT ( 'NONE',  ( 350.0000000000000000, 15.00000000000012790, -634.5000000000001137 ) ) ;
#4975 = CARTESIAN_POINT ( 'NONE',  ( 6.999999999999700684, -2.012279232133096230E-12, -407.0000000000002842 ) ) ;
#4976 = VERTEX_POINT ( 'NONE', #2375 ) ;
#4977 = ADVANCED_FACE ( 'NONE', ( #3518, #4559, #5717, #762 ), #3003, .T. ) ;
#4978 = AXIS2_PLACEMENT_3D ( 'NONE', #3663, #4868, #4792 ) ;
#4979 = EDGE_CURVE ( 'NONE', #1118, #6348, #2262, .T. ) ;
#4980 = VECTOR ( 'NONE', #6669, 1000.000000000000000 ) ;
#4981 = ORIENTED_EDGE ( 'NONE', *, *, #269, .F. ) ;
#4982 = ORIENTED_EDGE ( 'NONE', *, *, #5688, .T. ) ;
#4983 = CARTESIAN_POINT ( 'NONE',  ( 6.999999999999700684, -2.012279232133096230E-12, -409.7500000000002842 ) ) ;
#4984 = ORIENTED_EDGE ( 'NONE', *, *, #4525, .F. ) ;
#4985 = EDGE_CURVE ( 'NONE', #6434, #5916, #1062, .T. ) ;
#4986 = COORDINATED_UNIVERSAL_TIME_OFFSET ( 8, 0, .AHEAD. ) ;
#4987 = FACE_OUTER_BOUND ( 'NONE', #6612, .T. ) ;
#4988 = EDGE_CURVE ( 'NONE', #1234, #4340, #2709, .T. ) ;
#4989 = EDGE_CURVE ( 'NONE', #5866, #735, #136, .T. ) ;
#4990 = LINE ( 'NONE', #5061, #6201 ) ;
#4991 = DIRECTION ( 'NONE',  ( -1.000000000000000000, 3.532527189601535655E-15, 7.500847945236711498E-23 ) ) ;
#4992 = ORIENTED_EDGE ( 'NONE', *, *, #5592, .F. ) ;
#4993 = DIRECTION ( 'NONE',  ( 0.000000000000000000, 0.000000000000000000, 1.000000000000000000 ) ) ;
#4994 = ORIENTED_EDGE ( 'NONE', *, *, #6916, .F. ) ;
#4995 = CARTESIAN_POINT ( 'NONE',  ( 180.5602192507718087, 15.94658158559593808, -562.5420755901152461 ) ) ;
#4996 = DIRECTION ( 'NONE',  ( -1.000000000000000000, 0.000000000000000000, 1.586033343532058634E-16 ) ) ;
#4997 = DIRECTION ( 'NONE',  ( 1.000000000000000000, -3.469446951953614978E-15, 0.000000000000000000 ) ) ;
#4998 = LINE ( 'NONE', #5570, #830 ) ;
#4999 = EDGE_LOOP ( 'NONE', ( #3217, #3489 ) ) ;
#5000 = FACE_BOUND ( 'NONE', #2056, .T. ) ;
#5001 = DIRECTION ( 'NONE',  ( 1.000000000000000000, 0.000000000000000000, 0.000000000000000000 ) ) ;
#5002 = ORIENTED_EDGE ( 'NONE', *, *, #2055, .F. ) ;
#5003 = CALENDAR_DATE ( 2026, 24, 3 ) ;
#5004 = CARTESIAN_POINT ( 'NONE',  ( -249.9999999999999716, 4.000000000000000000, -627.5000000000001137 ) ) ;
#5005 = CARTESIAN_POINT ( 'NONE',  ( 6.999999999999700684, 4.999999999999976907, -404.2500000000003411 ) ) ;
#5006 = CARTESIAN_POINT ( 'NONE',  ( 250.0000000000000000, -15.00000000000010303, 27.49999999999994316 ) ) ;
#5007 = ORIENTED_EDGE ( 'NONE', *, *, #3736, .F. ) ;
#5008 = FACE_OUTER_BOUND ( 'NONE', #810, .T. ) ;
#5009 = CYLINDRICAL_SURFACE ( 'NONE', #779, 7.000000000000006217 ) ;
#5010 = ORIENTED_EDGE ( 'NONE', *, *, #4806, .F. ) ;
#5011 = ORIENTED_EDGE ( 'NONE', *, *, #6898, .T. ) ;
#5012 = ORIENTED_EDGE ( 'NONE', *, *, #3792, .T. ) ;
#5013 = CARTESIAN_POINT ( 'NONE',  ( -183.9604386751775280, 21.05524842271373132, -35.46400445321464190 ) ) ;
#5014 = ORIENTED_EDGE ( 'NONE', *, *, #1068, .F. ) ;
#5015 = APPROVAL ( #1571, 'UNSPECIFIED' ) ;
#5016 = DATE_TIME_ROLE ( 'creation_date' ) ;
#5017 = LINE ( 'NONE', #3998, #6868 ) ;
#5018 = CARTESIAN_POINT ( 'NONE',  ( 8.831319514063479347E-14, 24.99999999999924682, 0.000000000000000000 ) ) ;
#5019 = EDGE_CURVE ( 'NONE', #2793, #4945, #5317, .T. ) ;
#5020 = EDGE_CURVE ( 'NONE', #1095, #6536, #4305, .T. ) ;
#5021 = PLANE ( 'NONE',  #4022 ) ;
#5022 = VERTEX_POINT ( 'NONE', #6911 ) ;
#5023 = DIRECTION ( 'NONE',  ( 0.000000000000000000, 0.000000000000000000, -1.000000000000000000 ) ) ;
#5024 = ORIENTED_EDGE ( 'NONE', *, *, #4988, .F. ) ;
#5025 = VERTEX_POINT ( 'NONE', #4255 ) ;
#5026 = ADVANCED_FACE ( 'NONE', ( #5349 ), #3033, .F. ) ;
#5027 = CARTESIAN_POINT ( 'NONE',  ( 58.21152422706635576, 30.00000000000006750, -5.000000000000060396 ) ) ;
#5028 = AXIS2_PLACEMENT_3D ( 'NONE', #23, #3238, #1540 ) ;
#5029 = DIRECTION ( 'NONE',  ( -1.000000000000000000, 0.000000000000000000, 0.000000000000000000 ) ) ;
#5030 = DIRECTION ( 'NONE',  ( -0.000000000000000000, 3.532527805625498298E-15, -1.000000000000000000 ) ) ;
#5031 = CARTESIAN_POINT ( 'NONE',  ( -250.0000000000000000, -22.00000000000010658, 27.49999999999992184 ) ) ;
#5032 = DIRECTION ( 'NONE',  ( -0.000000000000000000, 1.000000000000000000, -0.000000000000000000 ) ) ;
#5033 = CIRCLE ( 'NONE', #6735, 3.500000000006942003 ) ;
#5034 = ORIENTED_EDGE ( 'NONE', *, *, #5299, .T. ) ;
#5035 = CARTESIAN_POINT ( 'NONE',  ( 350.0000000000000000, -15.00000000000010303, -572.5000000000001137 ) ) ;
#5036 = FACE_OUTER_BOUND ( 'NONE', #6621, .T. ) ;
#5037 = DIRECTION ( 'NONE',  ( 0.5773502691896257311, -0.5773502691896257311, 0.5773502691896257311 ) ) ;
#5038 = ORIENTED_EDGE ( 'NONE', *, *, #6855, .F. ) ;
#5039 = APPROVAL_STATUS ( 'not_yet_approved' ) ;
#5040 = AXIS2_PLACEMENT_3D ( 'NONE', #6588, #3888, #3350 ) ;
#5041 = AXIS2_PLACEMENT_3D ( 'NONE', #2682, #1036, #2163 ) ;
#5042 = DIRECTION ( 'NONE',  ( -0.000000000000000000, 1.000000000000000000, -0.000000000000000000 ) ) ;
#5043 = SHAPE_REPRESENTATION ( 'weld_assem_base feet', ( #5401, #4157, #1183, #2893, #3591, #496, #4503 ), #161 ) ;
#5044 = ORIENTED_EDGE ( 'NONE', *, *, #3064, .F. ) ;
#5045 = VECTOR ( 'NONE', #5385, 1000.000000000000000 ) ;
#5046 = AXIS2_PLACEMENT_3D ( 'NONE', #5139, #3060, #5248 ) ;
#5047 = FACE_OUTER_BOUND ( 'NONE', #590, .T. ) ;
#5048 = DIRECTION ( 'NONE',  ( -0.000000000000000000, 1.000000000000000000, -0.000000000000000000 ) ) ;
#5049 = ORIENTED_EDGE ( 'NONE', *, *, #2560, .T. ) ;
#5050 = EDGE_CURVE ( 'NONE', #4534, #5665, #1425, .T. ) ;
#5051 = AXIS2_PLACEMENT_3D ( 'NONE', #3577, #4652, #315 ) ;
#5052 = AXIS2_PLACEMENT_3D ( 'NONE', #421, #4778, #4814 ) ;
#5053 = ORIENTED_EDGE ( 'NONE', *, *, #3511, .T. ) ;
#5054 = ORIENTED_EDGE ( 'NONE', *, *, #6305, .T. ) ;
#5055 = AXIS2_PLACEMENT_3D ( 'NONE', #1181, #3292, #2243 ) ;
#5056 = CARTESIAN_POINT ( 'NONE',  ( 250.0000000000000000, 14.99999999999987743, 37.50000000000006395 ) ) ;
#5057 = DIRECTION ( 'NONE',  ( -0.000000000000000000, 1.000000000000000000, -0.000000000000000000 ) ) ;
#5058 = VECTOR ( 'NONE', #3873, 1000.000000000000000 ) ;
#5059 = ORIENTED_EDGE ( 'NONE', *, *, #6030, .T. ) ;
#5060 = CARTESIAN_POINT ( 'NONE',  ( 242.4999999999999432, -24.99999999999992184, -27.50000000000013500 ) ) ;
#5061 = CARTESIAN_POINT ( 'NONE',  ( -40.26955262170127270, -3.106889745474461506E-12, -556.7695526216789403 ) ) ;
#5062 = CIRCLE ( 'NONE', #5186, 4.500000000000003553 ) ;
#5063 = DIRECTION ( 'NONE',  ( -7.690840992182485042E-23, -4.235164736271500755E-22, 1.000000000000000000 ) ) ;
#5064 = VERTEX_POINT ( 'NONE', #1462 ) ;
#5065 = CARTESIAN_POINT ( 'NONE',  ( 350.0000000000000000, -15.00000000000010836, -572.5000000000002274 ) ) ;
#5066 = VERTEX_POINT ( 'NONE', #5812 ) ;
#5067 = FACE_OUTER_BOUND ( 'NONE', #4830, .T. ) ;
#5068 = VECTOR ( 'NONE', #7024, 1000.000000000000000 ) ;
#5069 = CC_DESIGN_APPROVAL ( #4419, ( #6883 ) ) ;
#5070 = CARTESIAN_POINT ( 'NONE',  ( -252.4999999999999432, 15.00000000000013856, -37.49999999999986500 ) ) ;
#5071 = EDGE_CURVE ( 'NONE', #5674, #740, #3037, .T. ) ;
#5072 = FACE_OUTER_BOUND ( 'NONE', #1009, .T. ) ;
#5073 = CYLINDRICAL_SURFACE ( 'NONE', #257, 3.299999999999969624 ) ;
#5074 = ADVANCED_FACE ( 'NONE', ( #4733 ), #6861, .F. ) ;
#5075 = CARTESIAN_POINT ( 'NONE',  ( -214.9999999999998863, 25.00000000000000000, -300.0000000000000568 ) ) ;
#5076 = CIRCLE ( 'NONE', #6776, 10.00000000000000533 ) ;
#5077 = LOCAL_TIME ( 2, 14, 25.00000000000000000, #3852 ) ;
#5078 = VERTEX_POINT ( 'NONE', #470 ) ;
#5079 = DIRECTION ( 'NONE',  ( -0.000000000000000000, 1.000000000000000000, -0.000000000000000000 ) ) ;
#5080 = EDGE_CURVE ( 'NONE', #4248, #4044, #6244, .T. ) ;
#5081 = DIRECTION ( 'NONE',  ( 1.000000000000000000, 0.000000000000000000, 0.000000000000000000 ) ) ;
#5082 = LINE ( 'NONE', #5575, #4479 ) ;
#5083 = VERTEX_POINT ( 'NONE', #6928 ) ;
#5084 = CARTESIAN_POINT ( 'NONE',  ( 248.3578643762690490, 24.99999999999990763, -566.6421356237309510 ) ) ;
#5085 = FACE_OUTER_BOUND ( 'NONE', #5909, .T. ) ;
#5086 = B_SPLINE_CURVE_WITH_KNOTS ( 'NONE', 3,
 ( #5785, #1687, #3834, #4995, #1650, #3892, #1097, #6486, #2740, #1612, #5959, #5995, #2227, #2778, #4913, #3279, #538, #4855, #642, #5492, #3790, #1060, #4432, #7020, #6593, #1722 ),
 .UNSPECIFIED., .F., .F.,
 ( 4, 2, 2, 2, 2, 2, 2, 2, 2, 2, 2, 2, 4 ),
 ( 0.02273717132267087659, 0.02344626432574587957, 0.02415535732882087908, 0.02557354333497082258, 0.02628263633804581514, 0.02699172934112080771, 0.02840991534727086570, 0.02982810135342092370, 0.03053719435649601341, 0.03124628735957110659, 0.03195538036264619630, 0.03266447336572128601, 0.03408265937187152789 ),
 .UNSPECIFIED. ) ;
#5087 = EDGE_CURVE ( 'NONE', #2265, #1118, #3704, .T. ) ;
#5088 = LINE ( 'NONE', #191, #2457 ) ;
#5089 = CARTESIAN_POINT ( 'NONE',  ( -214.9999999999999716, 5.000000000000000888, -600.0000000000001137 ) ) ;
#5090 = ORIENTED_EDGE ( 'NONE', *, *, #3017, .F. ) ;
#5091 = CARTESIAN_POINT ( 'NONE',  ( -249.9999999999999716, 5.000000000000000888, 27.49999999999992184 ) ) ;
#5092 = CARTESIAN_POINT ( 'NONE',  ( 246.0353393551750969, 21.04575189207776731, -564.5333760565721377 ) ) ;
#5093 = ORIENTED_EDGE ( 'NONE', *, *, #2146, .F. ) ;
#5094 = CALENDAR_DATE ( 2026, 24, 3 ) ;
#5095 = AXIS2_PLACEMENT_3D ( 'NONE', #14, #6792, #3049 ) ;
#5096 = CARTESIAN_POINT ( 'NONE',  ( 29.34493141923838166, 0.000000000000000000, -485.7053211124284644 ) ) ;
#5097 = EDGE_LOOP ( 'NONE', ( #6167, #848, #5447, #993 ) ) ;
#5098 = EDGE_LOOP ( 'NONE', ( #5767, #3611, #2766, #5282 ) ) ;
#5099 = ORIENTED_EDGE ( 'NONE', *, *, #3384, .F. ) ;
#5100 = AXIS2_PLACEMENT_3D ( 'NONE', #3801, #3901, #6077 ) ;
#5101 = DIRECTION ( 'NONE',  ( -0.000000000000000000, -3.532527805625498298E-15, 1.000000000000000000 ) ) ;
#5102 = VERTEX_POINT ( 'NONE', #3295 ) ;
#5103 = CARTESIAN_POINT ( 'NONE',  ( -242.5000000000000568, -25.00000000000011013, -572.5000000000002274 ) ) ;
#5104 = VERTEX_POINT ( 'NONE', #1222 ) ;
#5105 = CARTESIAN_POINT ( 'NONE',  ( -250.0000000000000000, -21.99999999999991118, -27.50000000000007461 ) ) ;
#5106 = ORIENTED_EDGE ( 'NONE', *, *, #4696, .T. ) ;
#5107 = EDGE_CURVE ( 'NONE', #3451, #529, #2484, .T. ) ;
#5108 = ORIENTED_EDGE ( 'NONE', *, *, #6714, .T. ) ;
#5109 = DIRECTION ( 'NONE',  ( 0.000000000000000000, 0.000000000000000000, 1.000000000000000000 ) ) ;
#5110 = DIRECTION ( 'NONE',  ( 0.000000000000000000, 0.000000000000000000, 1.000000000000000000 ) ) ;
#5111 = PLANE ( 'NONE',  #141 ) ;
#5112 = CARTESIAN_POINT ( 'NONE',  ( 180.8833479152631298, 17.33111287727459526, -37.23456492393242456 ) ) ;
#5113 = PRODUCT_DEFINITION_SHAPE ( 'NONE', 'NONE',  #7066 ) ;
#5114 = ORIENTED_EDGE ( 'NONE', *, *, #5170, .T. ) ;
#5115 = DIRECTION ( 'NONE',  ( 0.000000000000000000, 0.000000000000000000, 1.000000000000000000 ) ) ;
#5116 = AXIS2_PLACEMENT_3D ( 'NONE', #5933, #1032, #4302 ) ;
#5117 = CARTESIAN_POINT ( 'NONE',  ( -249.4999999999999432, -14.99999999999988276, -37.49999999999997868 ) ) ;
#5118 = VERTEX_POINT ( 'NONE', #5548 ) ;
#5119 = CC_DESIGN_PERSON_AND_ORGANIZATION_ASSIGNMENT ( #804, #6854, ( #45 ) ) ;
#5120 = DIRECTION ( 'NONE',  ( -1.000000000000000000, 0.000000000000000000, 0.000000000000000000 ) ) ;
#5121 = LINE ( 'NONE', #5544, #469 ) ;
#5122 = DIRECTION ( 'NONE',  ( 0.000000000000000000, 0.000000000000000000, -1.000000000000000000 ) ) ;
#5123 = EDGE_CURVE ( 'NONE', #6818, #6873, #3811, .T. ) ;
#5124 = CARTESIAN_POINT ( 'NONE',  ( 245.6433152852923172, 21.25853891208319624, -564.6994292720020212 ) ) ;
#5125 = ORIENTED_EDGE ( 'NONE', *, *, #2382, .F. ) ;
#5126 = EDGE_CURVE ( 'NONE', #3425, #1523, #6457, .T. ) ;
#5127 = DIRECTION ( 'NONE',  ( -0.7071067811865495711, 2.452939853338559935E-15, -0.7071067811865455743 ) ) ;
#5128 = EDGE_LOOP ( 'NONE', ( #5879, #2775, #3223, #4723 ) ) ;
#5129 = ORIENTED_EDGE ( 'NONE', *, *, #6566, .F. ) ;
#5130 = DIRECTION ( 'NONE',  ( 0.000000000000000000, 0.000000000000000000, -1.000000000000000000 ) ) ;
#5131 = VERTEX_POINT ( 'NONE', #3953 ) ;
#5132 = FACE_OUTER_BOUND ( 'NONE', #1252, .T. ) ;
#5133 = ORIENTED_EDGE ( 'NONE', *, *, #343, .T. ) ;
#5134 = DIRECTION ( 'NONE',  ( 1.000000000000000000, 0.000000000000000000, 0.000000000000000000 ) ) ;
#5135 = ORIENTED_EDGE ( 'NONE', *, *, #4746, .F. ) ;
#5136 = CARTESIAN_POINT ( 'NONE',  ( 51.61879502661659558, 4.999999999999820588, -267.1187950266162261 ) ) ;
#5137 = CARTESIAN_POINT ( 'NONE',  ( 8.831319514063479347E-14, 24.99999999999924682, 0.000000000000000000 ) ) ;
#5138 = DIRECTION ( 'NONE',  ( -6.780942318374154600E-23, -4.235164736271500755E-22, 1.000000000000000000 ) ) ;
#5139 = CARTESIAN_POINT ( 'NONE',  ( -250.0000000000000000, -15.00000000000010303, 27.49999999999994316 ) ) ;
#5140 = DIRECTION ( 'NONE',  ( 0.03489949670250100389, -0.9993908270190956511, 1.992842253312265170E-30 ) ) ;
#5141 = ORIENTED_EDGE ( 'NONE', *, *, #1185, .T. ) ;
#5142 = DIRECTION ( 'NONE',  ( 0.000000000000000000, -0.000000000000000000, -1.000000000000000000 ) ) ;
#5143 = ADVANCED_FACE ( 'NONE', ( #47 ), #6126, .F. ) ;
#5144 = LINE ( 'NONE', #3979, #270 ) ;
#5145 = ORIENTED_EDGE ( 'NONE', *, *, #2204, .T. ) ;
#5146 = CARTESIAN_POINT ( 'NONE',  ( 1.270641034760808889E-12, 5.000000000000000888, -147.0000000000020748 ) ) ;
#5147 = CARTESIAN_POINT ( 'NONE',  ( -180.4999999999999716, -15.24086283439102196, -37.49999999999997158 ) ) ;
#5148 = AXIS2_PLACEMENT_3D ( 'NONE', #2173, #4347, #6385 ) ;
#5149 = DIRECTION ( 'NONE',  ( -3.469446951953614978E-15, -1.000000000000000000, 0.000000000000000000 ) ) ;
#5150 = CARTESIAN_POINT ( 'NONE',  ( 65.00000000000130740, 5.000000000000896172, -219.9999999999995737 ) ) ;
#5151 = EDGE_LOOP ( 'NONE', ( #4805, #3303 ) ) ;
#5152 = CYLINDRICAL_SURFACE ( 'NONE', #2707, 4.500000000000003553 ) ;
#5153 = AXIS2_PLACEMENT_3D ( 'NONE', #3424, #2811, #2842 ) ;
#5154 = CIRCLE ( 'NONE', #6193, 4.500000000000003553 ) ;
#5155 = ORIENTED_EDGE ( 'NONE', *, *, #6846, .T. ) ;
#5156 = APPLICATION_PROTOCOL_DEFINITION ( 'international standard', 'config_control_design', 1994, #157 ) ;
#5157 = EDGE_CURVE ( 'NONE', #1459, #400, #1681, .T. ) ;
#5158 = LINE ( 'NONE', #3560, #819 ) ;
#5159 = DIRECTION ( 'NONE',  ( -1.000000000000000000, 3.469446951947220866E-15, 0.000000000000000000 ) ) ;
#5160 = AXIS2_PLACEMENT_3D ( 'NONE', #4687, #3139, #456 ) ;
#5161 = CIRCLE ( 'NONE', #4369, 10.00000000000000533 ) ;
#5162 = EDGE_CURVE ( 'NONE', #1667, #4286, #3335, .T. ) ;
#5163 = ORIENTED_EDGE ( 'NONE', *, *, #2881, .T. ) ;
#5164 = DIRECTION ( 'NONE',  ( -0.000000000000000000, 1.000000000000000000, -0.000000000000000000 ) ) ;
#5165 = ORIENTED_EDGE ( 'NONE', *, *, #1702, .F. ) ;
#5166 = VECTOR ( 'NONE', #6358, 1000.000000000000000 ) ;
#5167 = DIRECTION ( 'NONE',  ( -1.586031983466185591E-16, 3.700742850728556176E-15, -1.000000000000000000 ) ) ;
#5168 = PRODUCT ( 'weld_assem_base feet', 'weld_assem_base feet', '', ( #4809 ) ) ;
#5169 = DIRECTION ( 'NONE',  ( -1.000000000000000000, 0.000000000000000000, 6.780942318374154600E-23 ) ) ;
#5170 = EDGE_CURVE ( 'NONE', #4649, #1562, #533, .T. ) ;
#5171 = LINE ( 'NONE', #2005, #3090 ) ;
#5172 = AXIS2_PLACEMENT_3D ( 'NONE', #3566, #6865, #6830 ) ;
#5173 = ORIENTED_EDGE ( 'NONE', *, *, #2974, .T. ) ;
#5174 = LINE ( 'NONE', #2526, #4355 ) ;
#5175 = ORIENTED_EDGE ( 'NONE', *, *, #7026, .F. ) ;
#5176 = VERTEX_POINT ( 'NONE', #2685 ) ;
#5177 = CARTESIAN_POINT ( 'NONE',  ( 248.7568437014961091, 18.17226971659794899, -36.99368742398676346 ) ) ;
#5178 = CARTESIAN_POINT ( 'NONE',  ( 36.76955262169968819, 4.999999999999872990, -556.7695526216789403 ) ) ;
#5179 = LINE ( 'NONE', #137, #502 ) ;
#5180 = CIRCLE ( 'NONE', #3926, 2.749999999999974687 ) ;
#5181 = DIRECTION ( 'NONE',  ( 1.000000000000000000, -0.000000000000000000, -7.690840992182485042E-23 ) ) ;
#5182 = FACE_OUTER_BOUND ( 'NONE', #6050, .T. ) ;
#5183 = CYLINDRICAL_SURFACE ( 'NONE', #4835, 3.300000000000025135 ) ;
#5184 = ORIENTED_EDGE ( 'NONE', *, *, #5360, .F. ) ;
#5185 = DIRECTION ( 'NONE',  ( -1.000000000000000000, -0.000000000000000000, 1.586032892321652236E-16 ) ) ;
#5186 = AXIS2_PLACEMENT_3D ( 'NONE', #3312, #6518, #2183 ) ;
#5187 = EDGE_CURVE ( 'NONE', #2389, #1486, #5209, .T. ) ;
#5188 = CARTESIAN_POINT ( 'NONE',  ( 249.4999999999999147, -15.00000000000012967, -562.5000000000002274 ) ) ;
#5189 = CARTESIAN_POINT ( 'NONE',  ( 240.1666666666666856, 13.83333333333330550, 17.66666666666661101 ) ) ;
#5190 = EDGE_LOOP ( 'NONE', ( #6813, #4670, #5704, #3565, #12 ) ) ;
#5191 = VECTOR ( 'NONE', #1256, 1000.000000000000000 ) ;
#5192 = DIRECTION ( 'NONE',  ( 1.000000000000000000, 0.000000000000000000, 0.000000000000000000 ) ) ;
#5193 = SECURITY_CLASSIFICATION ( '', '', #1810 ) ;
#5194 = CIRCLE ( 'NONE', #1430, 3.299999999999969624 ) ;
#5195 = CARTESIAN_POINT ( 'NONE',  ( 248.7415238319206878, 18.17725335865637248, -563.0158175863332417 ) ) ;
#5196 = LOCAL_TIME ( 2, 14, 25.00000000000000000, #4799 ) ;
#5197 = ORIENTED_EDGE ( 'NONE', *, *, #3367, .F. ) ;
#5198 = APPROVAL_DATE_TIME ( #1958, #2065 ) ;
#5199 = DIRECTION ( 'NONE',  ( -0.7071067811865431318, 2.453269466693383238E-15, 0.7071067811865520136 ) ) ;
#5200 = DIRECTION ( 'NONE',  ( 0.000000000000000000, 0.000000000000000000, 1.000000000000000000 ) ) ;
#5201 = ORIENTED_EDGE ( 'NONE', *, *, #1096, .F. ) ;
#5202 = ADVANCED_FACE ( 'NONE', ( #4938 ), #4414, .F. ) ;
#5203 = DIRECTION ( 'NONE',  ( 5.602705292762868653E-31, 1.000000000000000000, 3.532527805625498298E-15 ) ) ;
#5204 = EDGE_LOOP ( 'NONE', ( #5221, #1863, #3363, #3192 ) ) ;
#5205 = FACE_OUTER_BOUND ( 'NONE', #3874, .T. ) ;
#5206 = ADVANCED_FACE ( 'NONE', ( #5823 ), #6849, .T. ) ;
#5207 = CARTESIAN_POINT ( 'NONE',  ( -51.61879502661898300, 5.000000000000177636, -267.1187950266201483 ) ) ;
#5208 = DIRECTION ( 'NONE',  ( 1.000000000000000000, 0.000000000000000000, 0.000000000000000000 ) ) ;
#5209 = CIRCLE ( 'NONE', #4082, 3.299999999999999378 ) ;
#5210 = VERTEX_POINT ( 'NONE', #1439 ) ;
#5211 = DIRECTION ( 'NONE',  ( 0.000000000000000000, 0.000000000000000000, -1.000000000000000000 ) ) ;
#5212 = EDGE_CURVE ( 'NONE', #650, #6823, #3626, .T. ) ;
#5213 = ORIENTED_EDGE ( 'NONE', *, *, #5217, .T. ) ;
#5214 = EDGE_LOOP ( 'NONE', ( #2160, #4241, #2657, #331 ) ) ;
#5215 = CARTESIAN_POINT ( 'NONE',  ( 257.5251262658362066, 0.000000000000000000, -257.5251262658394467 ) ) ;
#5216 = PLANE ( 'NONE',  #6864 ) ;
#5217 = EDGE_CURVE ( 'NONE', #5262, #6217, #899, .T. ) ;
#5218 = VECTOR ( 'NONE', #1590, 1000.000000000000000 ) ;
#5219 = CARTESIAN_POINT ( 'NONE',  ( 214.9999999999999716, -4.111294638065032814E-12, -303.3000000000001251 ) ) ;
#5220 =( BOUNDED_CURVE ( )  B_SPLINE_CURVE ( 3, ( #6453, #3680, #5849, #1607 ),
 .UNSPECIFIED., .F., .F. ) 
 B_SPLINE_CURVE_WITH_KNOTS ( ( 4, 4 ),
 ( 3.141592653589789563, 4.712388980384687009 ),
 .UNSPECIFIED. ) 
 CURVE ( )  GEOMETRIC_REPRESENTATION_ITEM ( )  RATIONAL_B_SPLINE_CURVE ( ( 1.000000000000000000, 0.8047378541243648264, 0.8047378541243648264, 1.000000000000000000 ) ) 
 REPRESENTATION_ITEM ( '' )  );
#5221 = ORIENTED_EDGE ( 'NONE', *, *, #6162, .F. ) ;
#5222 = CARTESIAN_POINT ( 'NONE',  ( 34.29467888754656002, -3.368832990346959377E-12, -559.2444263558320472 ) ) ;
#5223 = LINE ( 'NONE', #4686, #2245 ) ;
#5224 = DIRECTION ( 'NONE',  ( -0.000000000000000000, 1.000000000000000000, -0.000000000000000000 ) ) ;
#5225 = VERTEX_POINT ( 'NONE', #4366 ) ;
#5226 = DIRECTION ( 'NONE',  ( 0.000000000000000000, -1.000000000000000000, -3.532527805625498298E-15 ) ) ;
#5227 = CARTESIAN_POINT ( 'NONE',  ( 249.5000000000000284, 14.99999999999988987, -562.5000000000000000 ) ) ;
#5228 = ORIENTED_EDGE ( 'NONE', *, *, #5332, .F. ) ;
#5229 = PERSON_AND_ORGANIZATION ( #3381, #1066 ) ;
#5230 = VECTOR ( 'NONE', #1364, 1000.000000000000000 ) ;
#5231 = CARTESIAN_POINT ( 'NONE',  ( -31.81980515339555993, 0.000000000000000000, -551.8198051533722719 ) ) ;
#5232 = CARTESIAN_POINT ( 'NONE',  ( -72.99999999999845102, -6.140921104957897114E-13, -224.5000000000003695 ) ) ;
#5233 = ORIENTED_EDGE ( 'NONE', *, *, #2504, .F. ) ;
#5234 = DIRECTION ( 'NONE',  ( 0.000000000000000000, -3.532527805625498298E-15, 1.000000000000000000 ) ) ;
#5235 = VERTEX_POINT ( 'NONE', #506 ) ;
#5236 = CARTESIAN_POINT ( 'NONE',  ( 39.24442635585270267, -3.382710778154773834E-12, -554.2946788875253787 ) ) ;
#5237 = LINE ( 'NONE', #2465, #5281 ) ;
#5238 = CARTESIAN_POINT ( 'NONE',  ( -249.2597943580152844, 16.87843014814955822, -562.6668892758351603 ) ) ;
#5239 = ORIENTED_EDGE ( 'NONE', *, *, #672, .T. ) ;
#5240 = CARTESIAN_POINT ( 'NONE',  ( -185.8558984782914365, -21.80819141826707153, -565.1751971652574866 ) ) ;
#5241 = EDGE_CURVE ( 'NONE', #5638, #5825, #4439, .T. ) ;
#5242 = ORIENTED_EDGE ( 'NONE', *, *, #3963, .T. ) ;
#5243 = EDGE_CURVE ( 'NONE', #120, #4109, #6527, .T. ) ;
#5244 =( NAMED_UNIT ( * ) SI_UNIT ( $, .STERADIAN. ) SOLID_ANGLE_UNIT ( ) );
#5245 = LINE ( 'NONE', #4777, #3109 ) ;
#5246 = EDGE_CURVE ( 'NONE', #4759, #2256, #2678, .T. ) ;
#5247 = ADVANCED_FACE ( 'NONE', ( #1104, #7029, #1583, #3249 ), #4863, .F. ) ;
#5248 = DIRECTION ( 'NONE',  ( 0.000000000000000000, 0.000000000000000000, -1.000000000000000000 ) ) ;
#5249 = EDGE_CURVE ( 'NONE', #3111, #740, #3288, .T. ) ;
#5250 = ORIENTED_EDGE ( 'NONE', *, *, #4208, .T. ) ;
#5251 = DIRECTION ( 'NONE',  ( 0.5773502691896257311, -0.5773502691896257311, 0.5773502691896257311 ) ) ;
#5252 = CARTESIAN_POINT ( 'NONE',  ( -242.7379556549836366, -21.99999999999989697, -34.64142842854288773 ) ) ;
#5253 = LINE ( 'NONE', #6884, #2641 ) ;
#5254 = CARTESIAN_POINT ( 'NONE',  ( 242.4999999999999716, 25.00000000000011013, -27.49999999999996803 ) ) ;
#5255 = CARTESIAN_POINT ( 'NONE',  ( 250.0000000000000000, 4.000000000000000000, -627.5000000000001137 ) ) ;
#5256 = ORIENTED_EDGE ( 'NONE', *, *, #879, .F. ) ;
#5257 = CARTESIAN_POINT ( 'NONE',  ( -242.5000000000000284, -14.99999999999991829, -600.0000000000000000 ) ) ;
#5258 = PERSON_AND_ORGANIZATION ( #3381, #1066 ) ;
#5259 = CARTESIAN_POINT ( 'NONE',  ( 51.61879502661659558, 4.999999999999820588, -271.6187950266162261 ) ) ;
#5260 =( REPRESENTATION_RELATIONSHIP ('NONE','NONE', #5043, #2405 ) REPRESENTATION_RELATIONSHIP_WITH_TRANSFORMATION ( #5943 )SHAPE_REPRESENTATION_RELATIONSHIP( ) );
#5261 = DIRECTION ( 'NONE',  ( 0.000000000000000000, 0.000000000000000000, -1.000000000000000000 ) ) ;
#5262 = VERTEX_POINT ( 'NONE', #5968 ) ;
#5263 = AXIS2_PLACEMENT_3D ( 'NONE', #1956, #2051, #2578 ) ;
#5264 = CIRCLE ( 'NONE', #6617, 19.99999999999998934 ) ;
#5265 = LINE ( 'NONE', #7005, #204 ) ;
#5266 = ORIENTED_EDGE ( 'NONE', *, *, #3770, .T. ) ;
#5267 = EDGE_CURVE ( 'NONE', #800, #1988, #2157, .T. ) ;
#5268 = CARTESIAN_POINT ( 'NONE',  ( 51.61879502661659558, 4.999999999999820588, -276.1187950266162261 ) ) ;
#5269 = VECTOR ( 'NONE', #2148, 1000.000000000000000 ) ;
#5270 = VECTOR ( 'NONE', #2091, 1000.000000000000000 ) ;
#5271 = CARTESIAN_POINT ( 'NONE',  ( 185.1895825730256320, -21.62338389603910116, -565.0043546498607157 ) ) ;
#5272 = ORIENTED_EDGE ( 'NONE', *, *, #3274, .T. ) ;
#5273 = CARTESIAN_POINT ( 'NONE',  ( 6.999999999999825917, 4.999999999999976907, -442.9999999999999432 ) ) ;
#5274 = ORIENTED_EDGE ( 'NONE', *, *, #6465, .F. ) ;
#5275 = VECTOR ( 'NONE', #2741, 1000.000000000000000 ) ;
#5276 = AXIS2_PLACEMENT_3D ( 'NONE', #891, #3194, #2043 ) ;
#5277 = DIRECTION ( 'NONE',  ( 0.8660254037844379305, 0.5000000000000013323, -4.930380657631323784E-32 ) ) ;
#5278 = DIRECTION ( 'NONE',  ( -0.000000000000000000, -1.000000000000000000, -0.000000000000000000 ) ) ;
#5279 = CIRCLE ( 'NONE', #1401, 3.500000000000003109 ) ;
#5280 = DIRECTION ( 'NONE',  ( 0.000000000000000000, 0.000000000000000000, 1.000000000000000000 ) ) ;
#5281 = VECTOR ( 'NONE', #337, 1000.000000000000000 ) ;
#5282 = ORIENTED_EDGE ( 'NONE', *, *, #274, .T. ) ;
#5283 = EDGE_CURVE ( 'NONE', #3744, #3385, #5395, .T. ) ;
#5284 = EDGE_CURVE ( 'NONE', #646, #4607, #3507, .T. ) ;
#5285 = CARTESIAN_POINT ( 'NONE',  ( -242.5000000000000853, -22.00000000000165201, -34.64142842854111848 ) ) ;
#5286 = VECTOR ( 'NONE', #777, 1000.000000000000000 ) ;
#5287 = AXIS2_PLACEMENT_3D ( 'NONE', #3478, #5685, #1807 ) ;
#5288 = DIRECTION ( 'NONE',  ( 0.000000000000000000, 0.000000000000000000, -1.000000000000000000 ) ) ;
#5289 = ADVANCED_FACE ( 'NONE', ( #5539, #6492, #2821, #4891, #106, #546, #5533, #5000, #1620, #2191, #2306, #3841, #2238, #5464, #574, #2748, #1138, #6464, #4406, #5503, #1694, #3872, #6043, #3321, #608, #2785, #73, #2273 ), #3763, .T. ) ;
#5290 = CYLINDRICAL_SURFACE ( 'NONE', #16, 10.00000000000000888 ) ;
#5291 = DIRECTION ( 'NONE',  ( -1.000000000000000000, 0.000000000000000000, 7.690840992182485042E-23 ) ) ;
#5292 = CIRCLE ( 'NONE', #6990, 3.300000000000025135 ) ;
#5293 = EDGE_CURVE ( 'NONE', #266, #2456, #2926, .T. ) ;
#5294 = ORIENTED_EDGE ( 'NONE', *, *, #913, .T. ) ;
#5295 = DIRECTION ( 'NONE',  ( -0.000000000000000000, 1.000000000000000000, -0.000000000000000000 ) ) ;
#5296 = ORIENTED_EDGE ( 'NONE', *, *, #5771, .F. ) ;
#5297 = APPLICATION_PROTOCOL_DEFINITION ( 'international standard', 'config_control_design', 1994, #3441 ) ;
#5298 = LOCAL_TIME ( 2, 14, 25.00000000000000000, #6342 ) ;
#5299 = EDGE_CURVE ( 'NONE', #6434, #5118, #3394, .T. ) ;
#5300 = DIRECTION ( 'NONE',  ( 0.000000000000000000, 0.000000000000000000, -1.000000000000000000 ) ) ;
#5301 = EDGE_LOOP ( 'NONE', ( #2823, #2939, #231, #3604 ) ) ;
#5302 = AXIS2_PLACEMENT_3D ( 'NONE', #6394, #2575, #2603 ) ;
#5303 = DIRECTION ( 'NONE',  ( 0.000000000000000000, 0.000000000000000000, 1.000000000000000000 ) ) ;
#5304 = ORIENTED_EDGE ( 'NONE', *, *, #2762, .F. ) ;
#5305 = DIRECTION ( 'NONE',  ( 0.000000000000000000, 1.000000000000000000, 3.700742850728556176E-15 ) ) ;
#5306 = AXIS2_PLACEMENT_3D ( 'NONE', #1137, #3318, #607 ) ;
#5307 = CARTESIAN_POINT ( 'NONE',  ( 180.5985593436209058, -16.19412149417498625, -562.5688027689642468 ) ) ;
#5308 = CARTESIAN_POINT ( 'NONE',  ( -180.7428760836604056, 16.88799191860666227, -562.6687282178954774 ) ) ;
#5309 = ORIENTED_EDGE ( 'NONE', *, *, #6305, .F. ) ;
#5310 = CARTESIAN_POINT ( 'NONE',  ( 65.00000000000130740, 5.000000000000896172, -219.9999999999995737 ) ) ;
#5311 = ORIENTED_EDGE ( 'NONE', *, *, #5377, .F. ) ;
#5312 = ORIENTED_EDGE ( 'NONE', *, *, #1494, .T. ) ;
#5313 = DIRECTION ( 'NONE',  ( 0.000000000000000000, 0.000000000000000000, 1.000000000000000000 ) ) ;
#5314 = EDGE_CURVE ( 'NONE', #2141, #1095, #2402, .T. ) ;
#5315 = VECTOR ( 'NONE', #7047, 1000.000000000000000 ) ;
#5316 = DIRECTION ( 'NONE',  ( -1.000000000000000000, 3.469446951947276086E-15, 0.000000000000000000 ) ) ;
#5317 =( BOUNDED_CURVE ( )  B_SPLINE_CURVE ( 3, ( #4745, #6323, #6877, #2071 ),
 .UNSPECIFIED., .F., .F. ) 
 B_SPLINE_CURVE_WITH_KNOTS ( ( 4, 4 ),
 ( 4.791541927135542827E-21, 1.570796326794896558 ),
 .UNSPECIFIED. ) 
 CURVE ( )  GEOMETRIC_REPRESENTATION_ITEM ( )  RATIONAL_B_SPLINE_CURVE ( ( 1.000000000000000000, 0.8047378541243649375, 0.8047378541243649375, 1.000000000000000000 ) ) 
 REPRESENTATION_ITEM ( '' )  );
#5318 = LINE ( 'NONE', #6514, #2533 ) ;
#5319 = CARTESIAN_POINT ( 'NONE',  ( 350.0000000000000000, 14.99999999999991473, -572.5000000000000000 ) ) ;
#5320 = ORIENTED_EDGE ( 'NONE', *, *, #536, .T. ) ;
#5321 = VECTOR ( 'NONE', #1799, 1000.000000000000000 ) ;
#5322 = DIRECTION ( 'NONE',  ( -0.000000000000000000, -3.532527805625498298E-15, 1.000000000000000000 ) ) ;
#5323 = DIRECTION ( 'NONE',  ( -0.000000000000000000, 1.000000000000000000, -0.000000000000000000 ) ) ;
#5324 = CARTESIAN_POINT ( 'NONE',  ( 250.0000000000000000, 15.00000000000014033, -37.49999999999992184 ) ) ;
#5325 = DIRECTION ( 'NONE',  ( -3.700744544794450685E-15, -1.000000000000000000, -3.700742850728556176E-15 ) ) ;
#5326 = ORIENTED_EDGE ( 'NONE', *, *, #5377, .T. ) ;
#5327 = CARTESIAN_POINT ( 'NONE',  ( 61.96152422706635576, 12.67949192431132310, 4.999999999999948486 ) ) ;
#5328 = CC_DESIGN_PERSON_AND_ORGANIZATION_ASSIGNMENT ( #6976, #5375, ( #5168 ) ) ;
#5329 = DIRECTION ( 'NONE',  ( 0.000000000000000000, -1.000000000000000000, 0.000000000000000000 ) ) ;
#5330 = ORIENTED_EDGE ( 'NONE', *, *, #2831, .F. ) ;
#5331 = DATE_TIME_ROLE ( 'classification_date' ) ;
#5332 = EDGE_CURVE ( 'NONE', #5064, #5807, #1215, .T. ) ;
#5333 = EDGE_CURVE ( 'NONE', #5839, #6372, #6262, .T. ) ;
#5334 = CARTESIAN_POINT ( 'NONE',  ( 250.0000000000000000, -14.99999999999991296, -27.50000000000004974 ) ) ;
#5335 = VERTEX_POINT ( 'NONE', #1768 ) ;
#5336 = EDGE_CURVE ( 'NONE', #2032, #936, #146, .T. ) ;
#5337 = ADVANCED_FACE ( 'NONE', ( #2339 ), #3402, .F. ) ;
#5338 = PLANE ( 'NONE',  #890 ) ;
#5339 = ORIENTED_EDGE ( 'NONE', *, *, #2736, .T. ) ;
#5340 = CONTEXT_DEPENDENT_SHAPE_REPRESENTATION ( #5260, #1933 ) ;
#5341 = CARTESIAN_POINT ( 'NONE',  ( 180.4999999999999147, -15.24086283439128664, -562.5000000000002274 ) ) ;
#5342 = CARTESIAN_POINT ( 'NONE',  ( -186.5557657020813167, 21.94004718607088122, -565.3002182191592055 ) ) ;
#5343 = ORIENTED_EDGE ( 'NONE', *, *, #2974, .F. ) ;
#5344 = CARTESIAN_POINT ( 'NONE',  ( -250.0000000000000000, 24.99999999999991118, 27.50000000000008171 ) ) ;
#5345 = ORIENTED_EDGE ( 'NONE', *, *, #3988, .F. ) ;
#5346 = ORIENTED_EDGE ( 'NONE', *, *, #1871, .T. ) ;
#5347 = PLANE ( 'NONE',  #851 ) ;
#5348 = CARTESIAN_POINT ( 'NONE',  ( 181.9720673093646894, -19.31810612875685962, -36.52878126643435763 ) ) ;
#5349 = FACE_OUTER_BOUND ( 'NONE', #7053, .T. ) ;
#5350 = VERTEX_POINT ( 'NONE', #6737 ) ;
#5351 = DIRECTION ( 'NONE',  ( -1.000000000000000000, 0.000000000000000000, 6.780942318374154600E-23 ) ) ;
#5352 = LINE ( 'NONE', #4196, #3355 ) ;
#5353 = CARTESIAN_POINT ( 'NONE',  ( 247.7443192243905230, -19.65778353193179129, -36.35637088626735647 ) ) ;
#5354 = ORIENTED_EDGE ( 'NONE', *, *, #1582, .F. ) ;
#5355 = CARTESIAN_POINT ( 'NONE',  ( -177.4999999999999147, 14.99999999999974243, -562.5000000000000000 ) ) ;
#5356 = VERTEX_POINT ( 'NONE', #683 ) ;
#5357 = PERSON_AND_ORGANIZATION_ROLE ( 'design_supplier' ) ;
#5358 = CARTESIAN_POINT ( 'NONE',  ( -36.76955262170125138, 5.000000000000126121, -483.2304473782780292 ) ) ;
#5359 = APPROVAL ( #3816, 'UNKNOWN' ) ;
#5360 = EDGE_CURVE ( 'NONE', #2265, #198, #1286, .T. ) ;
#5361 = ORIENTED_EDGE ( 'NONE', *, *, #4038, .T. ) ;
#5362 = DIRECTION ( 'NONE',  ( -3.700744544794450685E-15, -1.000000000000000000, -3.700743274245029804E-15 ) ) ;
#5363 = CARTESIAN_POINT ( 'NONE',  ( -244.8104174269742259, -21.62338389603914024, -565.0043546498607157 ) ) ;
#5364 = VERTEX_POINT ( 'NONE', #292 ) ;
#5365 = PERSON_AND_ORGANIZATION ( #4227, #4290 ) ;
#5366 = APPROVAL ( #4725, 'UNSPECIFIED' ) ;
#5367 = EDGE_CURVE ( 'NONE', #5651, #1317, #1805, .T. ) ;
#5368 = CARTESIAN_POINT ( 'NONE',  ( 183.7757045070289337, -20.93110829366702674, -564.4473782053838704 ) ) ;
#5369 = CIRCLE ( 'NONE', #123, 2.749999999999974687 ) ;
#5370 = CARTESIAN_POINT ( 'NONE',  ( -242.9814114143004247, 22.00000000000008171, -565.3585715714571052 ) ) ;
#5371 = VERTEX_POINT ( 'NONE', #4053 ) ;
#5372 = CARTESIAN_POINT ( 'NONE',  ( 39.24442635585310057, -3.382710778154773834E-12, -485.7053211124314771 ) ) ;
#5373 = VERTEX_POINT ( 'NONE', #2998 ) ;
#5374 = CARTESIAN_POINT ( 'NONE',  ( 180.5000000000000284, 15.00000000000012790, -37.49999999999992184 ) ) ;
#5375 = PERSON_AND_ORGANIZATION_ROLE ( 'design_owner' ) ;
#5376 = LINE ( 'NONE', #3163, #4926 ) ;
#5377 = EDGE_CURVE ( 'NONE', #1523, #4571, #251, .T. ) ;
#5378 = DIRECTION ( 'NONE',  ( 1.000000000000000000, 0.000000000000000000, 0.000000000000000000 ) ) ;
#5379 = CARTESIAN_POINT ( 'NONE',  ( 250.0000000000000000, -15.00000000000013856, 37.49999999999995026 ) ) ;
#5380 = AXIS2_PLACEMENT_3D ( 'NONE', #4856, #2229, #539 ) ;
#5381 = CIRCLE ( 'NONE', #1519, 3.299999999999997158 ) ;
#5382 = DIRECTION ( 'NONE',  ( -0.000000000000000000, 1.000000000000000000, -0.000000000000000000 ) ) ;
#5383 = ORIENTED_EDGE ( 'NONE', *, *, #93, .F. ) ;
#5384 = DIRECTION ( 'NONE',  ( -0.8660254037844380415, -0.5000000000000009992, -4.930380657631322142E-32 ) ) ;
#5385 = DIRECTION ( 'NONE',  ( -1.000000000000000000, -0.000000000000000000, 1.586032892321652236E-16 ) ) ;
#5386 = CIRCLE ( 'NONE', #2326, 3.299999999999969624 ) ;
#5387 = CARTESIAN_POINT ( 'NONE',  ( -187.4999999999999147, 14.99999999999991296, -599.9999999999998863 ) ) ;
#5388 = CIRCLE ( 'NONE', #1642, 7.000000000000002665 ) ;
#5389 = CARTESIAN_POINT ( 'NONE',  ( -350.0000000000000000, -14.99999999999991296, -627.5000000000001137 ) ) ;
#5390 = FACE_BOUND ( 'NONE', #2190, .T. ) ;
#5391 = CARTESIAN_POINT ( 'NONE',  ( 243.6791422293262031, -21.90400402829006765, -34.73456913599084572 ) ) ;
#5392 = ADVANCED_FACE ( 'NONE', ( #6230 ), #1356, .F. ) ;
#5393 = ORIENTED_EDGE ( 'NONE', *, *, #4763, .T. ) ;
#5394 = AXIS2_PLACEMENT_3D ( 'NONE', #3253, #2277, #579 ) ;
#5395 = LINE ( 'NONE', #4334, #4192 ) ;
#5396 = LINE ( 'NONE', #6951, #2046 ) ;
#5397 =( BOUNDED_CURVE ( )  B_SPLINE_CURVE ( 3, ( #5060, #5670, #4572, #4501 ),
 .UNSPECIFIED., .F., .F. ) 
 B_SPLINE_CURVE_WITH_KNOTS ( ( 4, 4 ),
 ( 1.570796326794898112, 3.141592653589780682 ),
 .UNSPECIFIED. ) 
 CURVE ( )  GEOMETRIC_REPRESENTATION_ITEM ( )  RATIONAL_B_SPLINE_CURVE ( ( 1.000000000000000000, 0.8047378541243681571, 0.8047378541243681571, 1.000000000000000000 ) ) 
 REPRESENTATION_ITEM ( '' )  );
#5398 = ORIENTED_EDGE ( 'NONE', *, *, #4359, .F. ) ;
#5399 = APPLICATION_PROTOCOL_DEFINITION ( 'international standard', 'config_control_design', 1994, #3671 ) ;
#5400 = CARTESIAN_POINT ( 'NONE',  ( 215.0000000000000568, 24.99999999999850431, -600.0000000000000000 ) ) ;
#5401 = AXIS2_PLACEMENT_3D ( 'NONE', #1678, #592, #5417 ) ;
#5402 = CARTESIAN_POINT ( 'NONE',  ( -1.705522753754266706E-13, 5.000000000000000888, -293.0000000000001137 ) ) ;
#5403 = ORIENTED_EDGE ( 'NONE', *, *, #563, .F. ) ;
#5404 = EDGE_CURVE ( 'NONE', #1714, #3111, #3964, .T. ) ;
#5405 = DIRECTION ( 'NONE',  ( 0.000000000000000000, 0.000000000000000000, 1.000000000000000000 ) ) ;
#5406 = PERSON ( 'NAUO-PER3', 'UNSPECIFIED', 'UNSPECIFIED', ('UNSPECIFIED'), ('UNSPECIFIED'), ('UNSPECIFIED') ) ;
#5407 = CARTESIAN_POINT ( 'NONE',  ( -249.4384457437814717, -15.95671378532268569, -562.5430064948893687 ) ) ;
#5408 = CC_DESIGN_APPROVAL ( #3365, ( #503 ) ) ;
#5409 = ORIENTED_EDGE ( 'NONE', *, *, #4489, .F. ) ;
#5410 = PERSON_AND_ORGANIZATION ( #3797, #1074 ) ;
#5411 = CARTESIAN_POINT ( 'NONE',  ( -243.4514106473658046, 21.95092615166915451, -565.3096212797399858 ) ) ;
#5412 = ORIENTED_EDGE ( 'NONE', *, *, #4295, .T. ) ;
#5413 = LINE ( 'NONE', #483, #6401 ) ;
#5414 = EDGE_LOOP ( 'NONE', ( #1191, #4981 ) ) ;
#5415 = FACE_OUTER_BOUND ( 'NONE', #6501, .T. ) ;
#5416 = ADVANCED_FACE ( 'NONE', ( #4554 ), #217, .T. ) ;
#5417 = DIRECTION ( 'NONE',  ( 1.000000000000000000, 0.000000000000000000, 0.000000000000000000 ) ) ;
#5418 = VECTOR ( 'NONE', #1324, 1000.000000000000000 ) ;
#5419 = CYLINDRICAL_SURFACE ( 'NONE', #4149, 19.99999999999999645 ) ;
#5420 = EDGE_CURVE ( 'NONE', #3332, #916, #1804, .T. ) ;
#5421 = ADVANCED_FACE ( 'NONE', ( #4089 ), #4475, .F. ) ;
#5422 = CARTESIAN_POINT ( 'NONE',  ( 250.0000000000000000, -14.99999999999987743, -37.50000000000006395 ) ) ;
#5423 = DIRECTION ( 'NONE',  ( -1.000000000000000000, 0.000000000000000000, 1.586033434521926015E-16 ) ) ;
#5424 = ORIENTED_EDGE ( 'NONE', *, *, #5212, .F. ) ;
#5425 = EDGE_CURVE ( 'NONE', #4454, #7000, #1924, .T. ) ;
#5426 = DIRECTION ( 'NONE',  ( -1.000000000000000000, 0.000000000000000000, 0.000000000000000000 ) ) ;
#5427 = DIRECTION ( 'NONE',  ( 0.000000000000000000, 0.000000000000000000, 1.000000000000000000 ) ) ;
#5428 = VECTOR ( 'NONE', #6022, 1000.000000000000000 ) ;
#5429 = PLANE ( 'NONE',  #1651 ) ;
#5430 = FACE_OUTER_BOUND ( 'NONE', #1952, .T. ) ;
#5431 = CARTESIAN_POINT ( 'NONE',  ( 184.5607800188675185, 21.35710599508984942, -35.22014777899610749 ) ) ;
#5432 = DIRECTION ( 'NONE',  ( -7.690840992182485042E-23, -4.235164736271500755E-22, 1.000000000000000000 ) ) ;
#5433 = DIRECTION ( 'NONE',  ( -0.000000000000000000, 1.000000000000000000, -0.000000000000000000 ) ) ;
#5434 = CYLINDRICAL_SURFACE ( 'NONE', #4049, 6.999999999999999112 ) ;
#5435 = EDGE_LOOP ( 'NONE', ( #1922, #2597, #4107, #2045 ) ) ;
#5436 = COORDINATED_UNIVERSAL_TIME_OFFSET ( 8, 0, .AHEAD. ) ;
#5437 = LINE ( 'NONE', #2754, #491 ) ;
#5438 = VECTOR ( 'NONE', #2439, 1000.000000000000000 ) ;
#5439 = CARTESIAN_POINT ( 'NONE',  ( -34.29467888754818006, 5.000000000000119016, -480.7555736441249223 ) ) ;
#5440 = ORIENTED_EDGE ( 'NONE', *, *, #6134, .F. ) ;
#5441 = CARTESIAN_POINT ( 'NONE',  ( 250.0000000000000000, -25.00000000000010658, 27.49999999999991118 ) ) ;
#5442 = DIRECTION ( 'NONE',  ( 0.000000000000000000, 0.000000000000000000, 1.000000000000000000 ) ) ;
#5443 = ORIENTED_EDGE ( 'NONE', *, *, #3018, .T. ) ;
#5444 = DATE_AND_TIME ( #3264, #2011 ) ;
#5445 = ORIENTED_EDGE ( 'NONE', *, *, #5585, .F. ) ;
#5446 = VECTOR ( 'NONE', #6646, 1000.000000000000000 ) ;
#5447 = ORIENTED_EDGE ( 'NONE', *, *, #3992, .T. ) ;
#5448 = DIRECTION ( 'NONE',  ( -0.000000000000000000, 1.000000000000000000, -0.000000000000000000 ) ) ;
#5449 = B_SPLINE_CURVE_WITH_KNOTS ( 'NONE', 3,
 ( #62, #7014, #2147, #4319, #4881, #6452, #2260, #5348, #2626, #4812, #6977, #4350, #2109, #4291, #6482, #1055, #3232, #531, #7049, #2178, #6512, #6654 ),
 .UNSPECIFIED., .F., .F.,
 ( 4, 2, 2, 2, 2, 2, 2, 2, 2, 2, 4 ),
 ( 3.469446951953639611E-18, 0.001421279481378021764, 0.002842558962756040059, 0.004263838444134058353, 0.005685117925512076648, 0.007106397406890094942, 0.008527676888268113237, 0.009238316628957118914, 0.009948956369646122858, 0.01065959611033512854, 0.01137023585102413421 ),
 .UNSPECIFIED. ) ;
#5450 = DIRECTION ( 'NONE',  ( 1.000000000000000000, 0.000000000000000000, 0.000000000000000000 ) ) ;
#5451 = DIRECTION ( 'NONE',  ( 1.158639454543361089E-30, -1.912833620765402649E-30, 1.000000000000000000 ) ) ;
#5452 = CC_DESIGN_PERSON_AND_ORGANIZATION_ASSIGNMENT ( #3875, #966, ( #503 ) ) ;
#5453 = DIRECTION ( 'NONE',  ( 1.000000000000000000, 0.000000000000000000, 0.000000000000000000 ) ) ;
#5454 = VERTEX_POINT ( 'NONE', #4585 ) ;
#5455 = LINE ( 'NONE', #5534, #1884 ) ;
#5456 = ADVANCED_FACE ( 'NONE', ( #4287 ), #1052, .F. ) ;
#5457 = CYLINDRICAL_SURFACE ( 'NONE', #5616, 4.500000000000003553 ) ;
#5458 = EDGE_CURVE ( 'NONE', #2053, #5371, #653, .T. ) ;
#5459 = CARTESIAN_POINT ( 'NONE',  ( -4.715161401998124724, -19.43623556538423003, -5.000000000000004441 ) ) ;
#5460 = DIRECTION ( 'NONE',  ( -1.000000000000000000, -0.000000000000000000, -0.000000000000000000 ) ) ;
#5461 = EDGE_CURVE ( 'NONE', #6765, #3013, #2506, .T. ) ;
#5462 = PLANE ( 'NONE',  #1077 ) ;
#5463 = ORIENTED_EDGE ( 'NONE', *, *, #6940, .F. ) ;
#5464 = FACE_BOUND ( 'NONE', #3718, .T. ) ;
#5465 = DIRECTION ( 'NONE',  ( 0.000000000000000000, 0.000000000000000000, 1.000000000000000000 ) ) ;
#5466 = VERTEX_POINT ( 'NONE', #6508 ) ;
#5467 = COORDINATED_UNIVERSAL_TIME_OFFSET ( 8, 0, .AHEAD. ) ;
#5468 = CARTESIAN_POINT ( 'NONE',  ( 252.5000000000000568, 14.99999999999974065, -562.5000000000000000 ) ) ;
#5469 = DIRECTION ( 'NONE',  ( -0.000000000000000000, 1.000000000000000000, -0.000000000000000000 ) ) ;
#5470 = ORIENTED_EDGE ( 'NONE', *, *, #1906, .F. ) ;
#5471 = CARTESIAN_POINT ( 'NONE',  ( 215.0000000000000568, 24.99999999999850431, -1.110223024625156540E-13 ) ) ;
#5472 = CARTESIAN_POINT ( 'NONE',  ( 0.000000000000000000, 5.000000000000000888, -1.110223024625156540E-13 ) ) ;
#5473 = EDGE_LOOP ( 'NONE', ( #4078, #5639 ) ) ;
#5474 = DATE_TIME_ROLE ( 'classification_date' ) ;
#5475 = VERTEX_POINT ( 'NONE', #5750 ) ;
#5476 = CIRCLE ( 'NONE', #2859, 4.499999999999976019 ) ;
#5477 = EDGE_CURVE ( 'NONE', #266, #6557, #4877, .T. ) ;
#5478 = EDGE_LOOP ( 'NONE', ( #130, #1643, #793, #3393 ) ) ;
#5479 = LINE ( 'NONE', #3386, #7011 ) ;
#5480 = VERTEX_POINT ( 'NONE', #3780 ) ;
#5481 = FACE_OUTER_BOUND ( 'NONE', #1929, .T. ) ;
#5482 = VECTOR ( 'NONE', #6455, 1000.000000000000000 ) ;
#5483 = LINE ( 'NONE', #3348, #4712 ) ;
#5484 = CARTESIAN_POINT ( 'NONE',  ( -249.5000000000000568, -14.99999999999989164, -562.5000000000000000 ) ) ;
#5485 = ORIENTED_EDGE ( 'NONE', *, *, #6219, .T. ) ;
#5486 = CARTESIAN_POINT ( 'NONE',  ( 10.00000000000000888, -17.32050807568877815, 5.000000000000004441 ) ) ;
#5487 = VERTEX_POINT ( 'NONE', #2144 ) ;
#5488 = EDGE_CURVE ( 'NONE', #4441, #4268, #1392, .T. ) ;
#5489 = AXIS2_PLACEMENT_3D ( 'NONE', #1117, #4421, #6054 ) ;
#5490 = CARTESIAN_POINT ( 'NONE',  ( 6.999999999999700684, 4.999999999999976907, -407.0000000000002842 ) ) ;
#5491 = AXIS2_PLACEMENT_3D ( 'NONE', #1995, #2588, #6306 ) ;
#5492 = CARTESIAN_POINT ( 'NONE',  ( 184.9779891712727817, 21.53377733873121258, -564.9288069355022799 ) ) ;
#5493 = CARTESIAN_POINT ( 'NONE',  ( 0.000000000000000000, -4.111294638065032814E-12, -1.110223024625156540E-13 ) ) ;
#5494 = DIRECTION ( 'NONE',  ( -1.000000000000000000, -0.000000000000000000, 1.586032892321652236E-16 ) ) ;
#5495 = AXIS2_PLACEMENT_3D ( 'NONE', #3758, #5568, #5029 ) ;
#5496 = CIRCLE ( 'NONE', #930, 10.00000000000000888 ) ;
#5497 = LINE ( 'NONE', #1517, #1784 ) ;
#5498 = LINE ( 'NONE', #606, #3596 ) ;
#5499 = CARTESIAN_POINT ( 'NONE',  ( 250.0000000000000000, 21.99999999999991473, 27.50000000000007461 ) ) ;
#5500 = ADVANCED_FACE ( 'NONE', ( #3063 ), #4318, .F. ) ;
#5501 = VERTEX_POINT ( 'NONE', #5374 ) ;
#5502 = EDGE_CURVE ( 'NONE', #4129, #168, #4685, .T. ) ;
#5503 = FACE_BOUND ( 'NONE', #4698, .T. ) ;
#5504 = DIRECTION ( 'NONE',  ( 0.000000000000000000, 0.000000000000000000, 1.000000000000000000 ) ) ;
#5505 = VECTOR ( 'NONE', #2323, 1000.000000000000000 ) ;
#5506 = CIRCLE ( 'NONE', #2209, 2.749999999999974687 ) ;
#5507 = ORIENTED_EDGE ( 'NONE', *, *, #2299, .T. ) ;
#5508 = DATE_AND_TIME ( #1179, #2236 ) ;
#5509 = ADVANCED_FACE ( 'NONE', ( #5415 ), #485, .T. ) ;
#5510 = CARTESIAN_POINT ( 'NONE',  ( -214.9999999999998863, 21.99999999999999289, -603.2999999999999545 ) ) ;
#5511 = FACE_BOUND ( 'NONE', #2868, .T. ) ;
#5512 = CARTESIAN_POINT ( 'NONE',  ( 242.7379556549833239, -22.00000000000010303, -565.3585715714571052 ) ) ;
#5513 = AXIS2_PLACEMENT_3D ( 'NONE', #6931, #1775, #551 ) ;
#5514 = ORIENTED_EDGE ( 'NONE', *, *, #4771, .T. ) ;
#5515 = CARTESIAN_POINT ( 'NONE',  ( 6.999999999999825917, 4.999999999999976907, -442.9999999999999432 ) ) ;
#5516 = ORIENTED_EDGE ( 'NONE', *, *, #2890, .T. ) ;
#5517 = EDGE_CURVE ( 'NONE', #3089, #3699, #2175, .T. ) ;
#5518 = SECURITY_CLASSIFICATION_LEVEL ( 'unclassified' ) ;
#5519 = AXIS2_PLACEMENT_3D ( 'NONE', #3241, #6559, #5426 ) ;
#5520 = VECTOR ( 'NONE', #6074, 1000.000000000000000 ) ;
#5521 = ORIENTED_EDGE ( 'NONE', *, *, #352, .T. ) ;
#5522 = AXIS2_PLACEMENT_3D ( 'NONE', #4578, #4006, #3467 ) ;
#5523 = VERTEX_POINT ( 'NONE', #1569 ) ;
#5524 = DIRECTION ( 'NONE',  ( 0.000000000000000000, -1.000000000000000000, -3.700743415417186364E-15 ) ) ;
#5525 = ORIENTED_EDGE ( 'NONE', *, *, #2736, .F. ) ;
#5526 = CARTESIAN_POINT ( 'NONE',  ( -245.4392199811325668, 21.35710599508978191, -35.22014777899616433 ) ) ;
#5527 = APPROVAL_PERSON_ORGANIZATION ( #3527, #6888, #2807 ) ;
#5528 = DIRECTION ( 'NONE',  ( -1.000000000000000000, 0.000000000000000000, 7.690840992182485042E-23 ) ) ;
#5529 = EDGE_LOOP ( 'NONE', ( #2622, #3820 ) ) ;
#5530 = LINE ( 'NONE', #5637, #2523 ) ;
#5531 = ORIENTED_EDGE ( 'NONE', *, *, #4932, .F. ) ;
#5532 = AXIS2_PLACEMENT_3D ( 'NONE', #1029, #2084, #4229 ) ;
#5533 = FACE_BOUND ( 'NONE', #1458, .T. ) ;
#5534 = CARTESIAN_POINT ( 'NONE',  ( 249.5000000000000284, 14.99999999999780798, -37.49999999999986500 ) ) ;
#5535 = DIRECTION ( 'NONE',  ( -0.7071067811865474617, 0.000000000000000000, 0.7071067811865474617 ) ) ;
#5536 = VECTOR ( 'NONE', #1445, 1000.000000000000000 ) ;
#5537 = DIRECTION ( 'NONE',  ( -1.158639454543361089E-30, 1.912833620765402649E-30, -1.000000000000000000 ) ) ;
#5538 = ORIENTED_EDGE ( 'NONE', *, *, #5404, .T. ) ;
#5539 = FACE_BOUND ( 'NONE', #3463, .T. ) ;
#5540 = LINE ( 'NONE', #3437, #2886 ) ;
#5541 = ORIENTED_EDGE ( 'NONE', *, *, #1259, .F. ) ;
#5542 = PERSON_AND_ORGANIZATION ( #3381, #1066 ) ;
#5543 = LINE ( 'NONE', #5468, #2443 ) ;
#5544 = CARTESIAN_POINT ( 'NONE',  ( 6.999999999999825917, 4.999999999999976907, -440.2500000000000000 ) ) ;
#5545 = DIRECTION ( 'NONE',  ( -3.469446951953613006E-15, -1.000000000000000000, 0.000000000000000000 ) ) ;
#5546 = SHAPE_REPRESENTATION ( 'weld_base feet_Default<As Machined>', ( #951 ), #6878 ) ;
#5547 = EDGE_LOOP ( 'NONE', ( #1186, #4323, #3270, #1059 ) ) ;
#5548 = CARTESIAN_POINT ( 'NONE',  ( -214.9999999999998863, 22.00000000000000000, -296.7000000000000455 ) ) ;
#5549 = DIRECTION ( 'NONE',  ( -0.000000000000000000, 1.000000000000000000, -0.000000000000000000 ) ) ;
#5550 = ORIENTED_EDGE ( 'NONE', *, *, #93, .T. ) ;
#5551 = ADVANCED_FACE ( 'NONE', ( #893 ), #6449, .T. ) ;
#5552 = EDGE_CURVE ( 'NONE', #2750, #6950, #4349, .T. ) ;
#5553 = EDGE_CURVE ( 'NONE', #6239, #3987, #5987, .T. ) ;
#5554 = DIRECTION ( 'NONE',  ( -1.000000000000000000, -0.000000000000000000, -0.000000000000000000 ) ) ;
#5555 = ORIENTED_EDGE ( 'NONE', *, *, #2944, .T. ) ;
#5556 = ORIENTED_EDGE ( 'NONE', *, *, #4463, .F. ) ;
#5557 = LINE ( 'NONE', #2733, #410 ) ;
#5558 = ORIENTED_EDGE ( 'NONE', *, *, #2540, .F. ) ;
#5559 = COORDINATED_UNIVERSAL_TIME_OFFSET ( 8, 0, .AHEAD. ) ;
#5560 = CARTESIAN_POINT ( 'NONE',  ( -242.4999999999998863, 25.00000000000011013, -599.9999999999998863 ) ) ;
#5561 = CIRCLE ( 'NONE', #426, 7.500000000000007105 ) ;
#5562 = FACE_OUTER_BOUND ( 'NONE', #1941, .T. ) ;
#5563 = ORIENTED_EDGE ( 'NONE', *, *, #6587, .F. ) ;
#5564 = DIRECTION ( 'NONE',  ( -0.7071067811865475727, -0.7071067811865475727, -0.000000000000000000 ) ) ;
#5565 = VERTEX_POINT ( 'NONE', #1087 ) ;
#5566 = EDGE_CURVE ( 'NONE', #2040, #1486, #5784, .T. ) ;
#5567 = CARTESIAN_POINT ( 'NONE',  ( 215.0000000000000568, 21.99999999999850786, -300.0000000000000568 ) ) ;
#5568 = DIRECTION ( 'NONE',  ( -1.158639454543361089E-30, 1.912833620765402649E-30, -1.000000000000000000 ) ) ;
#5569 = VECTOR ( 'NONE', #6051, 1000.000000000000000 ) ;
#5570 = CARTESIAN_POINT ( 'NONE',  ( 350.0000000000000000, 14.99999999999987921, -562.5000000000000000 ) ) ;
#5571 = FACE_OUTER_BOUND ( 'NONE', #182, .T. ) ;
#5572 = ORIENTED_EDGE ( 'NONE', *, *, #6263, .T. ) ;
#5573 = CARTESIAN_POINT ( 'NONE',  ( 252.4999999999999432, -15.00000000000014388, -599.9999999999998863 ) ) ;
#5574 = DIRECTION ( 'NONE',  ( -7.738662371345705779E-23, -3.700742850728556176E-15, 1.000000000000000000 ) ) ;
#5575 = CARTESIAN_POINT ( 'NONE',  ( 177.4999999999999147, -15.00000000000196465, -37.50000000000008527 ) ) ;
#5576 = ORIENTED_EDGE ( 'NONE', *, *, #5771, .T. ) ;
#5577 = APPROVAL_ROLE ( '' ) ;
#5578 = CARTESIAN_POINT ( 'NONE',  ( 248.3578643762689353, -25.00000000000013500, -566.6421356237310647 ) ) ;
#5579 = DIRECTION ( 'NONE',  ( 1.586032892321652236E-16, -3.700743415417186364E-15, 1.000000000000000000 ) ) ;
#5580 = CARTESIAN_POINT ( 'NONE',  ( 244.8105132940771398, -21.61173914908085791, -564.9970987651854557 ) ) ;
#5581 = ORIENTED_EDGE ( 'NONE', *, *, #18, .T. ) ;
#5582 = DIRECTION ( 'NONE',  ( -0.000000000000000000, 1.000000000000000000, -0.000000000000000000 ) ) ;
#5583 = ORIENTED_EDGE ( 'NONE', *, *, #6808, .T. ) ;
#5584 = PRODUCT_RELATED_PRODUCT_CATEGORY ( 'detail', '', ( #4770 ) ) ;
#5585 = EDGE_CURVE ( 'NONE', #2256, #174, #833, .T. ) ;
#5586 = EDGE_LOOP ( 'NONE', ( #5901, #6383, #1855, #1902 ) ) ;
#5587 = EDGE_CURVE ( 'NONE', #5225, #1729, #696, .T. ) ;
#5588 = EDGE_LOOP ( 'NONE', ( #4660, #5868, #597, #6168 ) ) ;
#5589 = DIRECTION ( 'NONE',  ( 0.000000000000000000, 0.000000000000000000, -1.000000000000000000 ) ) ;
#5590 = ORIENTED_EDGE ( 'NONE', *, *, #308, .F. ) ;
#5591 = CYLINDRICAL_SURFACE ( 'NONE', #5856, 3.300000000000025135 ) ;
#5592 = EDGE_CURVE ( 'NONE', #4531, #547, #1747, .T. ) ;
#5593 = CARTESIAN_POINT ( 'NONE',  ( 214.9999999999999432, -4.111294638065032814E-12, -603.2999999999998408 ) ) ;
#5594 = FACE_OUTER_BOUND ( 'NONE', #632, .T. ) ;
#5595 = EDGE_LOOP ( 'NONE', ( #90, #2869, #5925, #4872, #4030, #2352, #5312, #3863 ) ) ;
#5596 = CARTESIAN_POINT ( 'NONE',  ( 249.5000000000000284, 14.99999999999988987, -600.0000000000000000 ) ) ;
#5597 = ORIENTED_EDGE ( 'NONE', *, *, #3422, .T. ) ;
#5598 = ORIENTED_EDGE ( 'NONE', *, *, #1361, .F. ) ;
#5599 = CARTESIAN_POINT ( 'NONE',  ( 6.999999999999700684, -2.012279232133096230E-12, -404.2500000000003411 ) ) ;
#5600 = VECTOR ( 'NONE', #706, 1000.000000000000000 ) ;
#5601 = CARTESIAN_POINT ( 'NONE',  ( 350.0000000000000000, -15.00000000000010303, -572.5000000000001137 ) ) ;
#5602 = EDGE_CURVE ( 'NONE', #3496, #4286, #3273, .T. ) ;
#5603 = DIRECTION ( 'NONE',  ( -1.000000000000000000, -0.000000000000000000, 1.586032892321652236E-16 ) ) ;
#5604 = CARTESIAN_POINT ( 'NONE',  ( 180.5123982651509493, 15.48036715287457632, -37.49130964019646228 ) ) ;
#5605 = VECTOR ( 'NONE', #926, 1000.000000000000114 ) ;
#5606 = CIRCLE ( 'NONE', #4472, 4.500000000000003553 ) ;
#5607 = ORIENTED_EDGE ( 'NONE', *, *, #3728, .F. ) ;
#5608 = CARTESIAN_POINT ( 'NONE',  ( -214.9999999999998863, 22.00000000000000000, -300.0000000000000568 ) ) ;
#5609 = CARTESIAN_POINT ( 'NONE',  ( -245.6511214321945147, -21.26695770379858530, -35.29606179266646393 ) ) ;
#5610 = VERTEX_POINT ( 'NONE', #1266 ) ;
#5611 = AXIS2_PLACEMENT_3D ( 'NONE', #4127, #1470, #3656 ) ;
#5612 = CIRCLE ( 'NONE', #2082, 7.000000000000006217 ) ;
#5613 = CARTESIAN_POINT ( 'NONE',  ( -187.2622880332073123, -22.00000000000011369, -34.64142842854268878 ) ) ;
#5614 = CARTESIAN_POINT ( 'NONE',  ( -250.0000000000000000, 14.99999999999988809, 34.50000000000004974 ) ) ;
#5615 = ORIENTED_EDGE ( 'NONE', *, *, #3809, .F. ) ;
#5616 = AXIS2_PLACEMENT_3D ( 'NONE', #6459, #3867, #1576 ) ;
#5617 = VECTOR ( 'NONE', #5603, 1000.000000000000000 ) ;
#5618 = LINE ( 'NONE', #1223, #6655 ) ;
#5619 = LINE ( 'NONE', #3043, #5230 ) ;
#5620 = ORIENTED_EDGE ( 'NONE', *, *, #3461, .T. ) ;
#5621 = CIRCLE ( 'NONE', #1640, 4.500000000000003553 ) ;
#5622 = EDGE_CURVE ( 'NONE', #2902, #646, #5479, .T. ) ;
#5623 = DIRECTION ( 'NONE',  ( -0.000000000000000000, 1.000000000000000000, 3.532527805625498298E-15 ) ) ;
#5624 = ORIENTED_EDGE ( 'NONE', *, *, #797, .F. ) ;
#5625 = ORIENTED_EDGE ( 'NONE', *, *, #3679, .T. ) ;
#5626 = ORIENTED_EDGE ( 'NONE', *, *, #7007, .T. ) ;
#5627 = AXIS2_PLACEMENT_3D ( 'NONE', #4535, #2943, #6690 ) ;
#5628 = CARTESIAN_POINT ( 'NONE',  ( 214.9999999999999716, 5.000000000000000888, 3.299999999999886136 ) ) ;
#5629 = DIRECTION ( 'NONE',  ( -1.000000000000000000, 3.469446951953612611E-15, 0.000000000000000000 ) ) ;
#5630 = VECTOR ( 'NONE', #351, 1000.000000000000000 ) ;
#5631 = ORIENTED_EDGE ( 'NONE', *, *, #1305, .T. ) ;
#5632 = LINE ( 'NONE', #3457, #5842 ) ;
#5633 = DIRECTION ( 'NONE',  ( 0.000000000000000000, 0.000000000000000000, 1.000000000000000000 ) ) ;
#5634 = VECTOR ( 'NONE', #5384, 1000.000000000000114 ) ;
#5635 = CYLINDRICAL_SURFACE ( 'NONE', #6510, 3.299999999999969624 ) ;
#5636 = ORIENTED_EDGE ( 'NONE', *, *, #6586, .T. ) ;
#5637 = CARTESIAN_POINT ( 'NONE',  ( 350.0000000000000000, 21.99999999999953815, -565.3585715714568778 ) ) ;
#5638 = VERTEX_POINT ( 'NONE', #5056 ) ;
#5639 = ORIENTED_EDGE ( 'NONE', *, *, #5080, .F. ) ;
#5640 = DIRECTION ( 'NONE',  ( 1.000000000000000000, -0.000000000000000000, -6.780942318374154600E-23 ) ) ;
#5641 = VECTOR ( 'NONE', #6632, 1000.000000000000000 ) ;
#5642 = LOCAL_TIME ( 2, 14, 25.00000000000000000, #3904 ) ;
#5643 = DIRECTION ( 'NONE',  ( -1.000000000000000000, -0.000000000000000000, 1.586032892321652236E-16 ) ) ;
#5644 = CARTESIAN_POINT ( 'NONE',  ( -257.5251262658359792, 5.000000000000892619, -257.5251262658417204 ) ) ;
#5645 = ADVANCED_FACE ( 'NONE', ( #6550 ), #2214, .F. ) ;
#5646 = EDGE_CURVE ( 'NONE', #6494, #75, #3615, .T. ) ;
#5647 = DIRECTION ( 'NONE',  ( -1.000000000000000000, 0.000000000000000000, 1.586033434521926015E-16 ) ) ;
#5648 = LOCAL_TIME ( 2, 14, 25.00000000000000000, #6018 ) ;
#5649 = AXIS2_PLACEMENT_3D ( 'NONE', #6739, #4556, #6189 ) ;
#5650 = EDGE_CURVE ( 'NONE', #5466, #678, #4530, .T. ) ;
#5651 = VERTEX_POINT ( 'NONE', #591 ) ;
#5652 = DIRECTION ( 'NONE',  ( 0.000000000000000000, 0.000000000000000000, 1.000000000000000000 ) ) ;
#5653 = CARTESIAN_POINT ( 'NONE',  ( -250.0000000000000000, -25.00000000000010658, 27.49999999999991118 ) ) ;
#5654 = VERTEX_POINT ( 'NONE', #4983 ) ;
#5655 = AXIS2_PLACEMENT_3D ( 'NONE', #1067, #2126, #4755 ) ;
#5656 = DIRECTION ( 'NONE',  ( -0.000000000000000000, 1.000000000000000000, -0.000000000000000000 ) ) ;
#5657 = DIRECTION ( 'NONE',  ( -3.469446951953613006E-15, -1.000000000000000000, 0.000000000000000000 ) ) ;
#5658 = CARTESIAN_POINT ( 'NONE',  ( 112.9999999999999289, -2.380040609040179334E-12, -409.7500000000002842 ) ) ;
#5659 = EDGE_LOOP ( 'NONE', ( #2573, #83, #4365, #2895 ) ) ;
#5660 = CARTESIAN_POINT ( 'NONE',  ( -51.61879502661898300, 5.000000000000177636, -271.6187950266201483 ) ) ;
#5661 = ORIENTED_EDGE ( 'NONE', *, *, #244, .T. ) ;
#5662 = AXIS2_PLACEMENT_3D ( 'NONE', #876, #3016, #5130 ) ;
#5663 = CARTESIAN_POINT ( 'NONE',  ( -5.323405580416803250E-13, -4.229255834431455696E-12, -519.9999999999785132 ) ) ;
#5664 = ORIENTED_EDGE ( 'NONE', *, *, #2250, .F. ) ;
#5665 = VERTEX_POINT ( 'NONE', #166 ) ;
#5666 = AXIS2_PLACEMENT_3D ( 'NONE', #7036, #2165, #4341 ) ;
#5667 = CARTESIAN_POINT ( 'NONE',  ( 8.871732858435342451E-14, 24.99999999999924682, -3.299999999999988720 ) ) ;
#5668 = ORIENTED_EDGE ( 'NONE', *, *, #2991, .T. ) ;
#5669 = EDGE_CURVE ( 'NONE', #3739, #529, #3921, .T. ) ;
#5670 = CARTESIAN_POINT ( 'NONE',  ( 248.3578643762689069, -25.00000000000000355, -33.35786437626913425 ) ) ;
#5671 = AXIS2_PLACEMENT_3D ( 'NONE', #3977, #1913, #6153 ) ;
#5672 = CARTESIAN_POINT ( 'NONE',  ( 250.0000000000001137, -14.99999999999988276, -37.49999999999997868 ) ) ;
#5673 = CARTESIAN_POINT ( 'NONE',  ( -249.4397807492280776, 15.94658158559590255, -562.5420755901155871 ) ) ;
#5674 = VERTEX_POINT ( 'NONE', #6098 ) ;
#5675 = FACE_OUTER_BOUND ( 'NONE', #6166, .T. ) ;
#5676 = ORIENTED_EDGE ( 'NONE', *, *, #2037, .F. ) ;
#5677 = DIRECTION ( 'NONE',  ( -0.000000000000000000, 1.000000000000000000, -0.000000000000000000 ) ) ;
#5678 = LINE ( 'NONE', #1321, #5735 ) ;
#5679 = DIRECTION ( 'NONE',  ( 0.000000000000000000, -1.000000000000000000, -3.700743415417186364E-15 ) ) ;
#5680 = EDGE_CURVE ( 'NONE', #1912, #2486, #5557, .T. ) ;
#5681 = DIRECTION ( 'NONE',  ( 0.000000000000000000, 0.000000000000000000, 1.000000000000000000 ) ) ;
#5682 = ORIENTED_EDGE ( 'NONE', *, *, #3176, .F. ) ;
#5683 = DIRECTION ( 'NONE',  ( -3.469446951953613006E-15, -1.000000000000000000, 0.000000000000000000 ) ) ;
#5684 = AXIS2_PLACEMENT_3D ( 'NONE', #159, #2348, #3849 ) ;
#5685 = DIRECTION ( 'NONE',  ( 0.000000000000000000, -1.000000000000000000, 0.000000000000000000 ) ) ;
#5686 = ORIENTED_EDGE ( 'NONE', *, *, #3373, .F. ) ;
#5687 = CARTESIAN_POINT ( 'NONE',  ( -5.323405580416803250E-13, -4.229255834431455696E-12, -519.9999999999785132 ) ) ;
#5688 = EDGE_CURVE ( 'NONE', #6328, #4348, #2358, .T. ) ;
#5689 = CARTESIAN_POINT ( 'NONE',  ( 91.50000000000021316, 5.000000000000896172, -432.5000000000001705 ) ) ;
#5690 = DIRECTION ( 'NONE',  ( -0.000000000000000000, 1.000000000000000000, -0.000000000000000000 ) ) ;
#5691 = CARTESIAN_POINT ( 'NONE',  ( -214.9999999999999716, 5.000000000000000888, 3.299999999999886136 ) ) ;
#5692 = EDGE_LOOP ( 'NONE', ( #3651, #6399, #6549, #5884, #4558, #5354, #3813, #2787 ) ) ;
#5693 = PERSON_AND_ORGANIZATION ( #3381, #1066 ) ;
#5694 = ADVANCED_FACE ( 'NONE', ( #1713 ), #2768, .F. ) ;
#5695 = DIRECTION ( 'NONE',  ( 1.000000000000000000, 0.000000000000000000, 0.000000000000000000 ) ) ;
#5696 = DIRECTION ( 'NONE',  ( -7.690840992182485042E-23, -4.235164736271500755E-22, 1.000000000000000000 ) ) ;
#5697 = ORIENTED_EDGE ( 'NONE', *, *, #3783, .F. ) ;
#5698 = DIRECTION ( 'NONE',  ( 0.000000000000000000, 0.000000000000000000, 1.000000000000000000 ) ) ;
#5699 = VERTEX_POINT ( 'NONE', #3418 ) ;
#5700 = DIRECTION ( 'NONE',  ( 3.469446951953613400E-15, 1.000000000000000000, -0.000000000000000000 ) ) ;
#5701 = DIRECTION ( 'NONE',  ( -1.000000000000000000, 3.700744544794450685E-15, 7.085965169253082379E-23 ) ) ;
#5702 = ADVANCED_FACE ( 'NONE', ( #1824 ), #6688, .F. ) ;
#5703 = CARTESIAN_POINT ( 'NONE',  ( -250.0000000000000000, 14.99999999999988809, 34.50000000000004974 ) ) ;
#5704 = ORIENTED_EDGE ( 'NONE', *, *, #6767, .F. ) ;
#5705 = CARTESIAN_POINT ( 'NONE',  ( -183.2283954979961038, -20.56308572749130548, -564.1847442865430367 ) ) ;
#5706 = ORIENTED_EDGE ( 'NONE', *, *, #1860, .F. ) ;
#5707 = ORIENTED_EDGE ( 'NONE', *, *, #1771, .T. ) ;
#5708 = LINE ( 'NONE', #6146, #3119 ) ;
#5709 = CARTESIAN_POINT ( 'NONE',  ( 252.5000000000000568, 14.99999999999987921, -599.9999999999998863 ) ) ;
#5710 = DIRECTION ( 'NONE',  ( 0.000000000000000000, 1.000000000000000000, -4.235164736271500755E-22 ) ) ;
#5711 = PLANE ( 'NONE',  #6882 ) ;
#5712 = ADVANCED_FACE ( 'NONE', ( #4905 ), #1156, .F. ) ;
#5713 = ORIENTED_EDGE ( 'NONE', *, *, #1260, .T. ) ;
#5714 = DIRECTION ( 'NONE',  ( -0.000000000000000000, 1.000000000000000000, -0.000000000000000000 ) ) ;
#5715 = CARTESIAN_POINT ( 'NONE',  ( 177.5000000000000000, 15.00000000000014033, -562.5000000000000000 ) ) ;
#5716 = EDGE_LOOP ( 'NONE', ( #6591, #5765, #5145, #5440 ) ) ;
#5717 = FACE_BOUND ( 'NONE', #3144, .T. ) ;
#5718 = DIRECTION ( 'NONE',  ( 3.469446951953613400E-15, 1.000000000000000000, 0.000000000000000000 ) ) ;
#5719 = AXIS2_PLACEMENT_3D ( 'NONE', #3213, #3738, #4898 ) ;
#5720 = EDGE_CURVE ( 'NONE', #116, #1263, #5997, .T. ) ;
#5721 = AXIS2_PLACEMENT_3D ( 'NONE', #2867, #6547, #3993 ) ;
#5722 = VECTOR ( 'NONE', #1842, 1000.000000000000000 ) ;
#5723 = ORIENTED_EDGE ( 'NONE', *, *, #6997, .T. ) ;
#5724 = DATE_AND_TIME ( #6240, #2119 ) ;
#5725 = EDGE_CURVE ( 'NONE', #4483, #3198, #1674, .T. ) ;
#5726 = CARTESIAN_POINT ( 'NONE',  ( 72.99999999999955946, 4.999999999999747757, -224.5000000000018190 ) ) ;
#5727 = EDGE_CURVE ( 'NONE', #4976, #2696, #2580, .T. ) ;
#5728 = CARTESIAN_POINT ( 'NONE',  ( 187.4999999999998863, -25.00000000000011013, -572.5000000000003411 ) ) ;
#5729 = AXIS2_PLACEMENT_3D ( 'NONE', #2604, #3202, #6594 ) ;
#5730 = CIRCLE ( 'NONE', #3574, 3.500000000000003109 ) ;
#5731 = ORIENTED_EDGE ( 'NONE', *, *, #6674, .T. ) ;
#5732 = EDGE_CURVE ( 'NONE', #13, #4531, #6561, .T. ) ;
#5733 = DIRECTION ( 'NONE',  ( 0.000000000000000000, 1.000000000000000000, 3.700743415417186364E-15 ) ) ;
#5734 = EDGE_LOOP ( 'NONE', ( #6759, #914 ) ) ;
#5735 = VECTOR ( 'NONE', #752, 1000.000000000000000 ) ;
#5736 = AXIS2_PLACEMENT_3D ( 'NONE', #4292, #6392, #5280 ) ;
#5737 = CARTESIAN_POINT ( 'NONE',  ( -249.4014406563790374, 16.19412149417524205, -37.43119723103576746 ) ) ;
#5738 = PRODUCT_DEFINITION_SHAPE ( 'NONE', 'NONE',  #7067 ) ;
#5739 = DIRECTION ( 'NONE',  ( -0.7071067811866247332, 2.452939853338819865E-15, 0.7071067811864703012 ) ) ;
#5740 = AXIS2_PLACEMENT_3D ( 'NONE', #6706, #5718, #1953 ) ;
#5741 = VERTEX_POINT ( 'NONE', #4641 ) ;
#5742 = CARTESIAN_POINT ( 'NONE',  ( -187.2620443450165340, -22.00000000000011369, -565.3585715714573325 ) ) ;
#5743 = ORIENTED_EDGE ( 'NONE', *, *, #5425, .F. ) ;
#5744 = ORIENTED_EDGE ( 'NONE', *, *, #6586, .F. ) ;
#5745 = DIRECTION ( 'NONE',  ( -0.000000000000000000, 1.000000000000000000, -0.000000000000000000 ) ) ;
#5746 = CARTESIAN_POINT ( 'NONE',  ( 350.0000000000000000, 24.99999999999991118, -572.5000000000000000 ) ) ;
#5747 = DIRECTION ( 'NONE',  ( -0.000000000000000000, 1.000000000000000000, -0.000000000000000000 ) ) ;
#5748 = ADVANCED_BREP_SHAPE_REPRESENTATION ( '', ( #2225, #951 ), #2779 ) ;
#5749 = EDGE_LOOP ( 'NONE', ( #1939, #4293, #323, #1195, #6800, #1793, #5383, #1498 ) ) ;
#5750 = CARTESIAN_POINT ( 'NONE',  ( 72.99999999999955946, -1.120631365481017383E-12, -224.5000000000018190 ) ) ;
#5751 = VECTOR ( 'NONE', #1381, 1000.000000000000000 ) ;
#5752 = CARTESIAN_POINT ( 'NONE',  ( -242.5000000000000568, -25.00000000000011013, -572.5000000000002274 ) ) ;
#5753 = DIRECTION ( 'NONE',  ( 0.000000000000000000, 0.000000000000000000, 1.000000000000000000 ) ) ;
#5754 = ORIENTED_EDGE ( 'NONE', *, *, #5187, .T. ) ;
#5755 = LINE ( 'NONE', #4629, #3220 ) ;
#5756 = VECTOR ( 'NONE', #767, 1000.000000000000000 ) ;
#5757 = CC_DESIGN_SECURITY_CLASSIFICATION ( #1542, ( #3014 ) ) ;
#5758 = CIRCLE ( 'NONE', #4177, 10.00000000000000888 ) ;
#5759 = CARTESIAN_POINT ( 'NONE',  ( 247.7443192243906083, 19.65778353193158878, -563.6436291137325725 ) ) ;
#5760 = EDGE_LOOP ( 'NONE', ( #5598, #4495, #6530, #4883 ) ) ;
#5761 = PERSON_AND_ORGANIZATION ( #3381, #1066 ) ;
#5762 = DIRECTION ( 'NONE',  ( 0.000000000000000000, -3.700743415417186364E-15, 1.000000000000000000 ) ) ;
#5763 =( REPRESENTATION_RELATIONSHIP ('NONE','NONE', #5043, #4815 ) REPRESENTATION_RELATIONSHIP_WITH_TRANSFORMATION ( #4442 )SHAPE_REPRESENTATION_RELATIONSHIP( ) );
#5764 = LINE ( 'NONE', #2551, #5536 ) ;
#5765 = ORIENTED_EDGE ( 'NONE', *, *, #4020, .T. ) ;
#5766 = CARTESIAN_POINT ( 'NONE',  ( -350.0000000000000000, 21.99999999999991118, -572.4999999999998863 ) ) ;
#5767 = ORIENTED_EDGE ( 'NONE', *, *, #3990, .T. ) ;
#5768 = EDGE_CURVE ( 'NONE', #4648, #3848, #1930, .T. ) ;
#5769 = VECTOR ( 'NONE', #5251, 999.9999999999998863 ) ;
#5770 = DIRECTION ( 'NONE',  ( 0.000000000000000000, 0.000000000000000000, 1.000000000000000000 ) ) ;
#5771 = EDGE_CURVE ( 'NONE', #5102, #3848, #4032, .T. ) ;
#5772 = CARTESIAN_POINT ( 'NONE',  ( 1.270641034760808889E-12, 5.000000000000000888, -147.0000000000020748 ) ) ;
#5773 = DIRECTION ( 'NONE',  ( 0.000000000000000000, -1.000000000000000000, -3.700743415417186364E-15 ) ) ;
#5774 = VECTOR ( 'NONE', #245, 1000.000000000000000 ) ;
#5775 = ORIENTED_EDGE ( 'NONE', *, *, #1243, .F. ) ;
#5776 = DIRECTION ( 'NONE',  ( -7.690840992182485042E-23, -4.235164736271500755E-22, 1.000000000000000000 ) ) ;
#5777 = ORIENTED_EDGE ( 'NONE', *, *, #4806, .T. ) ;
#5778 = FACE_OUTER_BOUND ( 'NONE', #887, .T. ) ;
#5779 = AXIS2_PLACEMENT_3D ( 'NONE', #719, #4011, #5652 ) ;
#5780 = EDGE_CURVE ( 'NONE', #3575, #5807, #996, .T. ) ;
#5781 = ADVANCED_FACE ( 'NONE', ( #2517 ), #6206, .T. ) ;
#5782 = ORIENTED_EDGE ( 'NONE', *, *, #3378, .F. ) ;
#5783 = VECTOR ( 'NONE', #6310, 999.9999999999998863 ) ;
#5784 = LINE ( 'NONE', #3268, #2376 ) ;
#5785 = CARTESIAN_POINT ( 'NONE',  ( 180.5000000000000000, 14.99999999999988098, -562.5000000000000000 ) ) ;
#5786 = DIRECTION ( 'NONE',  ( -0.000000000000000000, 1.000000000000000000, -0.000000000000000000 ) ) ;
#5787 = FACE_OUTER_BOUND ( 'NONE', #4773, .T. ) ;
#5788 = AXIS2_PLACEMENT_3D ( 'NONE', #4975, #82, #5442 ) ;
#5789 = EDGE_CURVE ( 'NONE', #195, #1225, #5561, .T. ) ;
#5790 = VERTEX_POINT ( 'NONE', #2460 ) ;
#5791 = DIRECTION ( 'NONE',  ( -0.000000000000000000, 1.000000000000000000, -0.000000000000000000 ) ) ;
#5792 = CARTESIAN_POINT ( 'NONE',  ( -242.5000000000000568, -24.99999999999992184, -600.0000000000000000 ) ) ;
#5793 = ORIENTED_EDGE ( 'NONE', *, *, #5162, .T. ) ;
#5794 = APPROVAL_STATUS ( 'not_yet_approved' ) ;
#5795 = DIRECTION ( 'NONE',  ( -1.158639454543361089E-30, 1.912833620765402649E-30, -1.000000000000000000 ) ) ;
#5796 = CARTESIAN_POINT ( 'NONE',  ( 350.0000000000000000, -15.00000000000012790, -565.5000000000001137 ) ) ;
#5797 = FACE_OUTER_BOUND ( 'NONE', #2351, .T. ) ;
#5798 = ORIENTED_EDGE ( 'NONE', *, *, #1466, .T. ) ;
#5799 = ADVANCED_FACE ( 'NONE', ( #268 ), #302, .F. ) ;
#5800 = CARTESIAN_POINT ( 'NONE',  ( 34.29467888754848559, -5.000000000000119016, -549.3449314192168913 ) ) ;
#5801 = ORIENTED_EDGE ( 'NONE', *, *, #4853, .T. ) ;
#5802 = CARTESIAN_POINT ( 'NONE',  ( -249.4999999999998010, 15.24086283439127065, -37.49999999999984368 ) ) ;
#5803 = CARTESIAN_POINT ( 'NONE',  ( -34.29467888754808769, 5.000000000000119016, -559.2444263558315924 ) ) ;
#5804 = ADVANCED_FACE ( 'NONE', ( #4669 ), #6276, .F. ) ;
#5805 = ORIENTED_EDGE ( 'NONE', *, *, #5267, .T. ) ;
#5806 = CARTESIAN_POINT ( 'NONE',  ( -180.5000000000000284, -15.00000000000012967, -562.5000000000000000 ) ) ;
#5807 = VERTEX_POINT ( 'NONE', #5628 ) ;
#5808 = EDGE_LOOP ( 'NONE', ( #3097, #85, #6135, #5250 ) ) ;
#5809 = ADVANCED_FACE ( 'NONE', ( #2492 ), #738, .F. ) ;
#5810 =( LENGTH_UNIT ( ) NAMED_UNIT ( * ) SI_UNIT ( .MILLI., .METRE. ) );
#5811 = DIRECTION ( 'NONE',  ( -1.000000000000000000, 3.469446951953611033E-15, 0.000000000000000000 ) ) ;
#5812 = CARTESIAN_POINT ( 'NONE',  ( 8.871732858435342451E-14, 21.99999999999924682, -3.299999999999993605 ) ) ;
#5813 = LINE ( 'NONE', #3093, #2350 ) ;
#5814 = CARTESIAN_POINT ( 'NONE',  ( 252.5000000000000568, 14.99999999999987743, -37.49999999999992184 ) ) ;
#5815 = ORIENTED_EDGE ( 'NONE', *, *, #5299, .F. ) ;
#5816 = ORIENTED_EDGE ( 'NONE', *, *, #2638, .T. ) ;
#5817 = EDGE_CURVE ( 'NONE', #4010, #120, #3523, .T. ) ;
#5818 = CARTESIAN_POINT ( 'NONE',  ( 177.5000000000000568, 15.00000000000013856, -37.49999999999992184 ) ) ;
#5819 = DIRECTION ( 'NONE',  ( -0.000000000000000000, 1.000000000000000000, -0.000000000000000000 ) ) ;
#5820 = CARTESIAN_POINT ( 'NONE',  ( 187.5000000000000000, 24.99999999999991473, -572.5000000000000000 ) ) ;
#5821 = CARTESIAN_POINT ( 'NONE',  ( 248.5224925696640526, -18.57507229267734061, -36.84149415580453280 ) ) ;
#5822 = ORIENTED_EDGE ( 'NONE', *, *, #2253, .F. ) ;
#5823 = FACE_OUTER_BOUND ( 'NONE', #1970, .T. ) ;
#5824 = DIRECTION ( 'NONE',  ( -1.000000000000000000, 0.000000000000000000, 7.690840992182485042E-23 ) ) ;
#5825 = VERTEX_POINT ( 'NONE', #3495 ) ;
#5826 = PERSON_AND_ORGANIZATION ( #3381, #1066 ) ;
#5827 = CLOSED_SHELL ( 'NONE', ( #4212, #4547, #1635, #5247, #51, #6982, #6371, #4031, #477, #4435, #4119, #102, #3818, #6259, #4977, #6475, #668, #3224, #4473, #3083, #6384, #2962, #5799, #1720 ) ) ;
#5828 = EDGE_CURVE ( 'NONE', #2516, #660, #4570, .T. ) ;
#5829 = PLANE ( 'NONE',  #5491 ) ;
#5830 = ORIENTED_EDGE ( 'NONE', *, *, #4333, .T. ) ;
#5831 = CIRCLE ( 'NONE', #3317, 20.00000000000000000 ) ;
#5832 = CARTESIAN_POINT ( 'NONE',  ( 215.0000000000000568, 24.99999999999850431, -600.0000000000000000 ) ) ;
#5833 = ORIENTED_EDGE ( 'NONE', *, *, #18, .F. ) ;
#5834 = CARTESIAN_POINT ( 'NONE',  ( -249.4876017348489938, 15.48036715287456744, -37.49130964019646228 ) ) ;
#5835 = AXIS2_PLACEMENT_3D ( 'NONE', #5996, #26, #5535 ) ;
#5836 = AXIS2_PLACEMENT_3D ( 'NONE', #4273, #4411, #3150 ) ;
#5837 = CARTESIAN_POINT ( 'NONE',  ( 182.8873915117707440, -20.28409637421220424, -564.0024369250063501 ) ) ;
#5838 = CARTESIAN_POINT ( 'NONE',  ( -187.4999999999998863, 21.99999999999992184, -565.3585715714571052 ) ) ;
#5839 = VERTEX_POINT ( 'NONE', #200 ) ;
#5840 = CARTESIAN_POINT ( 'NONE',  ( -187.5000000000000284, -15.00000000000010836, -600.0000000000000000 ) ) ;
#5841 = EDGE_LOOP ( 'NONE', ( #5266, #6577, #7012, #2164 ) ) ;
#5842 = VECTOR ( 'NONE', #670, 1000.000000000000000 ) ;
#5843 = CIRCLE ( 'NONE', #4609, 4.500000000000003553 ) ;
#5844 = ORIENTED_EDGE ( 'NONE', *, *, #6773, .T. ) ;
#5845 = CARTESIAN_POINT ( 'NONE',  ( 31.81980515339413884, 4.999999999999889866, -551.8198051533731814 ) ) ;
#5846 = LINE ( 'NONE', #4147, #5166 ) ;
#5847 = CARTESIAN_POINT ( 'NONE',  ( -214.9999999999998863, 24.99999999999999289, -600.0000000000000000 ) ) ;
#5848 = AXIS2_PLACEMENT_3D ( 'NONE', #5881, #188, #2445 ) ;
#5849 = CARTESIAN_POINT ( 'NONE',  ( -248.3578643762691343, -24.99999999999990763, -33.35786437626916268 ) ) ;
#5850 = VECTOR ( 'NONE', #5169, 1000.000000000000000 ) ;
#5851 = CC_DESIGN_PERSON_AND_ORGANIZATION_ASSIGNMENT ( #3661, #1556, ( #6656 ) ) ;
#5852 = VERTEX_POINT ( 'NONE', #5667 ) ;
#5853 = ORIENTED_EDGE ( 'NONE', *, *, #1361, .T. ) ;
#5854 = EDGE_CURVE ( 'NONE', #4648, #6793, #775, .T. ) ;
#5855 = CYLINDRICAL_SURFACE ( 'NONE', #3472, 2.749999999999974687 ) ;
#5856 = AXIS2_PLACEMENT_3D ( 'NONE', #741, #3962, #6101 ) ;
#5857 = EDGE_CURVE ( 'NONE', #6672, #2118, #1608, .T. ) ;
#5858 = AXIS2_PLACEMENT_3D ( 'NONE', #4294, #2507, #6458 ) ;
#5859 = CARTESIAN_POINT ( 'NONE',  ( 72.99999999999955946, -1.120631365481017383E-12, -220.0000000000018190 ) ) ;
#5860 = EDGE_CURVE ( 'NONE', #13, #2828, #2062, .T. ) ;
#5861 = CARTESIAN_POINT ( 'NONE',  ( -2.084320107237247477, -0.07278606201185575109, -5.000000000000004441 ) ) ;
#5862 = ADVANCED_FACE ( 'NONE', ( #2687, #6899, #3080, #4239 ), #5338, .T. ) ;
#5863 = LINE ( 'NONE', #2541, #5605 ) ;
#5864 = AXIS2_PLACEMENT_3D ( 'NONE', #495, #4356, #2671 ) ;
#5865 = DIRECTION ( 'NONE',  ( 1.000000000000000000, -3.469446951953533725E-15, 0.000000000000000000 ) ) ;
#5866 = VERTEX_POINT ( 'NONE', #440 ) ;
#5867 = CARTESIAN_POINT ( 'NONE',  ( 250.0000000000000000, 14.99999999999991296, 27.50000000000004974 ) ) ;
#5868 = ORIENTED_EDGE ( 'NONE', *, *, #4038, .F. ) ;
#5869 = DATE_AND_TIME ( #4304, #3602 ) ;
#5870 = VECTOR ( 'NONE', #787, 1000.000000000000000 ) ;
#5871 = EDGE_CURVE ( 'NONE', #2370, #4945, #3613, .T. ) ;
#5872 = CARTESIAN_POINT ( 'NONE',  ( -34.29467888754820137, -3.108624468950438313E-12, -480.7555736441249223 ) ) ;
#5873 = DIRECTION ( 'NONE',  ( -0.000000000000000000, 1.000000000000000000, -0.000000000000000000 ) ) ;
#5874 = EDGE_LOOP ( 'NONE', ( #5309, #567, #6137, #5108, #2308 ) ) ;
#5875 = AXIS2_PLACEMENT_3D ( 'NONE', #155, #223, #4061 ) ;
#5876 = EDGE_CURVE ( 'NONE', #6081, #3451, #5265, .T. ) ;
#5877 = CARTESIAN_POINT ( 'NONE',  ( 350.0000000000000000, 21.99999999999991118, -572.5000000000000000 ) ) ;
#5878 = LINE ( 'NONE', #3001, #468 ) ;
#5879 = ORIENTED_EDGE ( 'NONE', *, *, #5732, .T. ) ;
#5880 = ITEM_DEFINED_TRANSFORMATION ( 'NONE', 'NONE', #496,  #951 ) ;
#5881 = CARTESIAN_POINT ( 'NONE',  ( -242.4999999999999147, 15.00000000000010303, -599.9999999999998863 ) ) ;
#5882 = AXIS2_PLACEMENT_3D ( 'NONE', #1960, #6307, #3047 ) ;
#5883 = CARTESIAN_POINT ( 'NONE',  ( -183.2279382166452137, 20.56265927051834197, -564.1844798555074476 ) ) ;
#5884 = ORIENTED_EDGE ( 'NONE', *, *, #6001, .F. ) ;
#5885 = LINE ( 'NONE', #3159, #2530 ) ;
#5886 = EDGE_LOOP ( 'NONE', ( #1114, #1514, #6952, #1703 ) ) ;
#5887 = ORIENTED_EDGE ( 'NONE', *, *, #1096, .T. ) ;
#5888 = DIRECTION ( 'NONE',  ( -1.158639454543361089E-30, 1.912833620765402649E-30, -1.000000000000000000 ) ) ;
#5889 = CARTESIAN_POINT ( 'NONE',  ( 248.3578643762691343, 25.00000000000004619, -33.35786437626910583 ) ) ;
#5890 = DIRECTION ( 'NONE',  ( 0.000000000000000000, -0.000000000000000000, -1.000000000000000000 ) ) ;
#5891 = ORIENTED_EDGE ( 'NONE', *, *, #962, .F. ) ;
#5892 = AXIS2_PLACEMENT_3D ( 'NONE', #5847, #2013, #950 ) ;
#5893 = CARTESIAN_POINT ( 'NONE',  ( -214.9999999999998863, 24.99999999999999289, -1.110223024625156540E-13 ) ) ;
#5894 = LINE ( 'NONE', #995, #254 ) ;
#5895 = CARTESIAN_POINT ( 'NONE',  ( 350.0000000000000000, -14.99999999999988809, -634.5000000000002274 ) ) ;
#5896 = DIRECTION ( 'NONE',  ( 0.000000000000000000, 0.000000000000000000, -1.000000000000000000 ) ) ;
#5897 = FACE_BOUND ( 'NONE', #4110, .T. ) ;
#5898 = CARTESIAN_POINT ( 'NONE',  ( 246.7720617833546441, -20.56265927051859066, -35.81552014449239607 ) ) ;
#5899 = EDGE_CURVE ( 'NONE', #5066, #5852, #6378, .T. ) ;
#5900 = CARTESIAN_POINT ( 'NONE',  ( 31.81980515339411042, 0.000000000000000000, -488.1801948465837881 ) ) ;
#5901 = ORIENTED_EDGE ( 'NONE', *, *, #5283, .F. ) ;
#5902 = DATE_AND_TIME ( #4202, #3939 ) ;
#5903 = ADVANCED_FACE ( 'NONE', ( #4310 ), #1479, .T. ) ;
#5904 = DIRECTION ( 'NONE',  ( 0.000000000000000000, 0.000000000000000000, 1.000000000000000000 ) ) ;
#5905 = CARTESIAN_POINT ( 'NONE',  ( -11.66530778476992936, -12.24627970612863948, 5.000000000000004441 ) ) ;
#5906 = ORIENTED_EDGE ( 'NONE', *, *, #3460, .T. ) ;
#5907 = CARTESIAN_POINT ( 'NONE',  ( 249.5000000000000284, 14.99999999999975131, -562.5000000000000000 ) ) ;
#5908 = CARTESIAN_POINT ( 'NONE',  ( -248.5224925696641378, -18.57507229267718429, -563.1585058441955880 ) ) ;
#5909 = EDGE_LOOP ( 'NONE', ( #2128, #1942, #1147, #1622 ) ) ;
#5910 = ADVANCED_FACE ( 'NONE', ( #979 ), #6406, .F. ) ;
#5911 = CALENDAR_DATE ( 2026, 24, 3 ) ;
#5912 = CARTESIAN_POINT ( 'NONE',  ( 187.0259159506491926, -21.98792370224571613, -565.3466766487031236 ) ) ;
#5913 = CARTESIAN_POINT ( 'NONE',  ( -245.0220108287273604, 21.53377733873110955, -564.9288069355020525 ) ) ;
#5914 = ORIENTED_EDGE ( 'NONE', *, *, #6469, .T. ) ;
#5915 = CARTESIAN_POINT ( 'NONE',  ( 6.999999999999825917, 4.999999999999976907, -442.9999999999999432 ) ) ;
#5916 = VERTEX_POINT ( 'NONE', #3665 ) ;
#5917 = DIRECTION ( 'NONE',  ( 0.7071067811864796271, 0.000000000000000000, 0.7071067811866154074 ) ) ;
#5918 = ORIENTED_EDGE ( 'NONE', *, *, #6037, .F. ) ;
#5919 = DIRECTION ( 'NONE',  ( 0.000000000000000000, 1.000000000000000000, -4.235164736271500755E-22 ) ) ;
#5920 = ADVANCED_FACE ( 'NONE', ( #2167 ), #4342, .F. ) ;
#5921 = EDGE_CURVE ( 'NONE', #3425, #3120, #408, .T. ) ;
#5922 = CARTESIAN_POINT ( 'NONE',  ( -250.0000000000000000, -24.99999999999991118, -27.50000000000008171 ) ) ;
#5923 = FACE_BOUND ( 'NONE', #3748, .T. ) ;
#5924 = FACE_OUTER_BOUND ( 'NONE', #5435, .T. ) ;
#5925 = ORIENTED_EDGE ( 'NONE', *, *, #2864, .T. ) ;
#5926 = DIRECTION ( 'NONE',  ( -0.7071067811866135200, 0.000000000000000000, 0.7071067811864815145 ) ) ;
#5927 = LINE ( 'NONE', #2672, #5045 ) ;
#5928 = LINE ( 'NONE', #3795, #1634 ) ;
#5929 = EDGE_CURVE ( 'NONE', #5225, #2420, #1189, .T. ) ;
#5930 = DIRECTION ( 'NONE',  ( 0.000000000000000000, 1.000000000000000000, -4.235164736271500755E-22 ) ) ;
#5931 = CARTESIAN_POINT ( 'NONE',  ( 350.0000000000000000, 21.99999999999991118, -572.5000000000000000 ) ) ;
#5932 = CARTESIAN_POINT ( 'NONE',  ( 0.000000000000000000, 0.000000000000000000, 0.000000000000000000 ) ) ;
#5933 = CARTESIAN_POINT ( 'NONE',  ( -250.0000000000000000, 15.00000000000010303, -27.49999999999994316 ) ) ;
#5934 = ORIENTED_EDGE ( 'NONE', *, *, #4330, .T. ) ;
#5935 = SHAPE_DEFINITION_REPRESENTATION ( #6866, #4815 ) ;
#5936 = CARTESIAN_POINT ( 'NONE',  ( 250.0000000000000000, 21.99999999999991118, 27.50000000000007461 ) ) ;
#5937 = LINE ( 'NONE', #4729, #5218 ) ;
#5938 = ADVANCED_FACE ( 'NONE', ( #2862 ), #3296, .F. ) ;
#5939 = ORIENTED_EDGE ( 'NONE', *, *, #6325, .T. ) ;
#5940 = CARTESIAN_POINT ( 'NONE',  ( -245.4392199811324531, -21.35710599508969310, -564.7798522210038072 ) ) ;
#5941 = AXIS2_PLACEMENT_3D ( 'NONE', #5596, #4043, #4541 ) ;
#5942 = ORIENTED_EDGE ( 'NONE', *, *, #3414, .F. ) ;
#5943 = ITEM_DEFINED_TRANSFORMATION ( 'NONE', 'NONE', #2893,  #951 ) ;
#5944 = CIRCLE ( 'NONE', #3789, 3.299999999999969624 ) ;
#5945 = EDGE_CURVE ( 'NONE', #4441, #2959, #2760, .T. ) ;
#5946 = DIRECTION ( 'NONE',  ( -0.000000000000000000, 1.000000000000000000, -0.000000000000000000 ) ) ;
#5947 = ORIENTED_EDGE ( 'NONE', *, *, #3511, .F. ) ;
#5948 = CYLINDRICAL_SURFACE ( 'NONE', #1035, 3.500000000006477041 ) ;
#5949 = ORIENTED_EDGE ( 'NONE', *, *, #3686, .T. ) ;
#5950 = DIRECTION ( 'NONE',  ( -0.8660254037844379305, -0.5000000000000013323, 4.930380657631323784E-32 ) ) ;
#5951 = VERTEX_POINT ( 'NONE', #4377 ) ;
#5952 = AXIS2_PLACEMENT_3D ( 'NONE', #3025, #5208, #4673 ) ;
#5953 = CIRCLE ( 'NONE', #6852, 3.500000000000003109 ) ;
#5954 = CARTESIAN_POINT ( 'NONE',  ( 215.0000000000000568, 24.99999999999850786, -300.0000000000000568 ) ) ;
#5955 = LINE ( 'NONE', #7016, #2647 ) ;
#5956 = DIRECTION ( 'NONE',  ( -0.000000000000000000, 1.000000000000000000, -0.000000000000000000 ) ) ;
#5957 = VECTOR ( 'NONE', #4155, 1000.000000000000000 ) ;
#5958 = ORIENTED_EDGE ( 'NONE', *, *, #3584, .T. ) ;
#5959 = CARTESIAN_POINT ( 'NONE',  ( 181.5908758132844127, 18.75932316772481911, -563.2313372200378581 ) ) ;
#5960 = FACE_OUTER_BOUND ( 'NONE', #5204, .T. ) ;
#5961 = AXIS2_PLACEMENT_3D ( 'NONE', #6665, #3973, #6255 ) ;
#5962 = DIRECTION ( 'NONE',  ( 1.000000000000000000, 0.000000000000000000, 0.000000000000000000 ) ) ;
#5963 = AXIS2_PLACEMENT_3D ( 'NONE', #3275, #5451, #2737 ) ;
#5964 = LINE ( 'NONE', #5861, #4484 ) ;
#5965 = CARTESIAN_POINT ( 'NONE',  ( -252.5000000000000568, -15.00000000000196465, -37.49999999999997868 ) ) ;
#5966 = VERTEX_POINT ( 'NONE', #6539 ) ;
#5967 = VECTOR ( 'NONE', #5700, 1000.000000000000000 ) ;
#5968 = CARTESIAN_POINT ( 'NONE',  ( 61.96152422706635576, 12.67949192431132310, 4.999999999999948486 ) ) ;
#5969 = VECTOR ( 'NONE', #2239, 1000.000000000000000 ) ;
#5970 = ORIENTED_EDGE ( 'NONE', *, *, #4658, .F. ) ;
#5971 = CARTESIAN_POINT ( 'NONE',  ( 187.5000000000000568, 25.00000000000011013, -600.0000000000000000 ) ) ;
#5972 = ORIENTED_EDGE ( 'NONE', *, *, #2281, .F. ) ;
#5973 = APPROVAL_ROLE ( '' ) ;
#5974 = DIRECTION ( 'NONE',  ( -0.000000000000000000, 1.000000000000000000, -0.000000000000000000 ) ) ;
#5975 = ORIENTED_EDGE ( 'NONE', *, *, #3673, .F. ) ;
#5976 = AXIS2_PLACEMENT_3D ( 'NONE', #2400, #1947, #2954 ) ;
#5977 = LINE ( 'NONE', #3954, #6141 ) ;
#5978 = CC_DESIGN_APPROVAL ( #4887, ( #6656 ) ) ;
#5979 = ORIENTED_EDGE ( 'NONE', *, *, #1546, .T. ) ;
#5980 = COORDINATED_UNIVERSAL_TIME_OFFSET ( 8, 0, .AHEAD. ) ;
#5981 = EDGE_CURVE ( 'NONE', #1486, #2389, #553, .T. ) ;
#5982 = VECTOR ( 'NONE', #765, 1000.000000000000000 ) ;
#5983 = SECURITY_CLASSIFICATION ( '', '', #3221 ) ;
#5985 = EDGE_CURVE ( 'NONE', #5064, #5951, #428, .T. ) ;
#5984 = ORIENTED_EDGE ( 'NONE', *, *, #2590, .T. ) ;
#5986 = VERTEX_POINT ( 'NONE', #4528 ) ;
#5987 = LINE ( 'NONE', #3619, #525 ) ;
#5988 = VERTEX_POINT ( 'NONE', #6129 ) ;
#5989 = CARTESIAN_POINT ( 'NONE',  ( 250.0000000000000000, 14.99999999999991296, 27.50000000000004974 ) ) ;
#5990 = EDGE_CURVE ( 'NONE', #697, #1196, #1669, .T. ) ;
#5991 = CARTESIAN_POINT ( 'NONE',  ( 180.4999999999999716, -14.99999999999988098, -37.49999999999997868 ) ) ;
#5992 = DIRECTION ( 'NONE',  ( -6.780942318374154600E-23, -4.235164736271500755E-22, 1.000000000000000000 ) ) ;
#5993 = PLANE ( 'NONE',  #4240 ) ;
#5994 = VERTEX_POINT ( 'NONE', #659 ) ;
#5995 = CARTESIAN_POINT ( 'NONE',  ( 181.9698646533180408, 19.31493225683263404, -563.4698371414941676 ) ) ;
#5996 = CARTESIAN_POINT ( 'NONE',  ( -262.4748737341429887, -4.999999999999088729, -262.4748737341429319 ) ) ;
#5997 = CIRCLE ( 'NONE', #4747, 3.299999999999969624 ) ;
#5998 = CARTESIAN_POINT ( 'NONE',  ( -31.81980515339515136, 0.000000000000000000, -488.1801948465837881 ) ) ;
#5999 = CARTESIAN_POINT ( 'NONE',  ( 39.24442635585365480, -3.361894096443052149E-12, -485.7053211124320455 ) ) ;
#6000 = CARTESIAN_POINT ( 'NONE',  ( 182.2556807756093917, 19.65778353193180905, -36.35637088626744884 ) ) ;
#6001 = EDGE_CURVE ( 'NONE', #678, #2063, #4940, .T. ) ;
#6002 = ADVANCED_FACE ( 'NONE', ( #1224 ), #3412, .F. ) ;
#6003 = CARTESIAN_POINT ( 'NONE',  ( 51.61879502661659558, 4.999999999999820588, -271.6187950266162261 ) ) ;
#6004 = AXIS2_PLACEMENT_3D ( 'NONE', #918, #3180, #368 ) ;
#6005 = CARTESIAN_POINT ( 'NONE',  ( 250.0000000000000000, -15.00000000000010303, 27.49999999999994316 ) ) ;
#6006 = DIRECTION ( 'NONE',  ( -0.000000000000000000, 1.000000000000000000, -0.000000000000000000 ) ) ;
#6007 = ORIENTED_EDGE ( 'NONE', *, *, #124, .T. ) ;
#6008 = PERSON_AND_ORGANIZATION ( #3381, #1066 ) ;
#6009 = DIRECTION ( 'NONE',  ( 0.000000000000000000, -1.000000000000000000, 0.000000000000000000 ) ) ;
#6010 = AXIS2_PLACEMENT_3D ( 'NONE', #6634, #759, #5115 ) ;
#6011 = DIRECTION ( 'NONE',  ( 0.000000000000000000, 0.000000000000000000, -1.000000000000000000 ) ) ;
#6012 = EDGE_CURVE ( 'NONE', #4144, #686, #692, .T. ) ;
#6013 = EDGE_CURVE ( 'NONE', #4976, #6091, #5977, .T. ) ;
#6014 = EDGE_LOOP ( 'NONE', ( #3854, #2906, #3889, #3188 ) ) ;
#6015 = CARTESIAN_POINT ( 'NONE',  ( 214.9999999999999432, 5.000000000000000888, -603.2999999999998408 ) ) ;
#6016 = CARTESIAN_POINT ( 'NONE',  ( -350.0000000000000000, -14.99999999999988809, -634.5000000000001137 ) ) ;
#6017 = ORIENTED_EDGE ( 'NONE', *, *, #171, .T. ) ;
#6018 = COORDINATED_UNIVERSAL_TIME_OFFSET ( 8, 0, .AHEAD. ) ;
#6019 = VERTEX_POINT ( 'NONE', #1706 ) ;
#6020 = AXIS2_PLACEMENT_3D ( 'NONE', #3118, #369, #5303 ) ;
#6021 = ORIENTED_EDGE ( 'NONE', *, *, #6679, .T. ) ;
#6022 = DIRECTION ( 'NONE',  ( -1.000000000000000000, -0.000000000000000000, 1.586032892321652236E-16 ) ) ;
#6023 = DIRECTION ( 'NONE',  ( -1.514161561186614682E-16, -0.03489949670249730546, -0.9993908270190958731 ) ) ;
#6024 = CARTESIAN_POINT ( 'NONE',  ( -214.9999999999998863, 21.99999999999999289, 3.299999999999886136 ) ) ;
#6025 = EDGE_CURVE ( 'NONE', #3788, #2959, #3879, .T. ) ;
#6026 = CIRCLE ( 'NONE', #894, 3.299999999999969624 ) ;
#6027 = ADVANCED_FACE ( 'NONE', ( #3336 ), #1079, .F. ) ;
#6028 = CYLINDRICAL_SURFACE ( 'NONE', #3444, 3.299999999999969624 ) ;
#6029 = FACE_BOUND ( 'NONE', #6473, .T. ) ;
#6030 = EDGE_CURVE ( 'NONE', #6970, #5654, #664, .T. ) ;
#6031 = ORIENTED_EDGE ( 'NONE', *, *, #3931, .T. ) ;
#6032 = CARTESIAN_POINT ( 'NONE',  ( 215.0000000000000568, 21.99999999999850075, -3.300000000000108180 ) ) ;
#6033 = EDGE_CURVE ( 'NONE', #1234, #5475, #6815, .T. ) ;
#6034 = ORIENTED_EDGE ( 'NONE', *, *, #6592, .F. ) ;
#6035 = CARTESIAN_POINT ( 'NONE',  ( 250.0000000000000000, -21.99999999999991473, -27.50000000000007461 ) ) ;
#6036 = DIRECTION ( 'NONE',  ( -0.000000000000000000, 1.000000000000000000, -0.000000000000000000 ) ) ;
#6037 = EDGE_CURVE ( 'NONE', #2696, #3028, #1738, .T. ) ;
#6038 = CARTESIAN_POINT ( 'NONE',  ( 249.0000000000000000, 5.000000000000000888, -626.5000000000000000 ) ) ;
#6039 = CARTESIAN_POINT ( 'NONE',  ( 242.4999999999998863, -22.00000000000011013, -565.3585715714573325 ) ) ;
#6040 = CARTESIAN_POINT ( 'NONE',  ( -177.4999999999999147, 14.99999999999987921, -37.49999999999992184 ) ) ;
#6041 = FACE_OUTER_BOUND ( 'NONE', #6055, .T. ) ;
#6042 = ADVANCED_FACE ( 'NONE', ( #2829 ), #5009, .F. ) ;
#6043 = FACE_BOUND ( 'NONE', #6318, .T. ) ;
#6044 = LINE ( 'NONE', #611, #847 ) ;
#6045 = ORIENTED_EDGE ( 'NONE', *, *, #5157, .T. ) ;
#6046 = APPROVAL_STATUS ( 'not_yet_approved' ) ;
#6047 = CARTESIAN_POINT ( 'NONE',  ( -350.0000000000000000, -15.00000000000013856, -562.5000000000000000 ) ) ;
#6048 = CARTESIAN_POINT ( 'NONE',  ( -185.6276725156495218, -21.76143341828088751, -34.86885791384683841 ) ) ;
#6049 = CARTESIAN_POINT ( 'NONE',  ( 244.3687313355737558, -21.74991921826033803, -565.1211645863432977 ) ) ;
#6050 = EDGE_LOOP ( 'NONE', ( #514, #7035, #5233, #291 ) ) ;
#6051 = DIRECTION ( 'NONE',  ( 3.469446951953613400E-15, 1.000000000000000000, -0.000000000000000000 ) ) ;
#6052 = ORIENTED_EDGE ( 'NONE', *, *, #4167, .T. ) ;
#6053 = FACE_OUTER_BOUND ( 'NONE', #4423, .T. ) ;
#6054 = DIRECTION ( 'NONE',  ( 0.7071067811865554553, 0.000000000000000000, -0.7071067811865395791 ) ) ;
#6055 = EDGE_LOOP ( 'NONE', ( #3294, #2719, #1308, #4134 ) ) ;
#6056 = EDGE_LOOP ( 'NONE', ( #3588, #4184, #187, #4775 ) ) ;
#6057 = DIRECTION ( 'NONE',  ( -1.000000000000000000, 0.000000000000000000, 6.780942318374154600E-23 ) ) ;
#6058 = VERTEX_POINT ( 'NONE', #6712 ) ;
#6059 = CARTESIAN_POINT ( 'NONE',  ( 0.000000000000000000, 0.000000000000000000, 0.000000000000000000 ) ) ;
#6060 = CARTESIAN_POINT ( 'NONE',  ( -243.6791422293264304, 21.90400402829003568, -34.73456913599105889 ) ) ;
#6061 = AXIS2_PLACEMENT_3D ( 'NONE', #4108, #4647, #782 ) ;
#6062 = DIRECTION ( 'NONE',  ( 0.000000000000000000, 0.000000000000000000, 1.000000000000000000 ) ) ;
#6063 = CARTESIAN_POINT ( 'NONE',  ( -72.99999999999845102, 5.000000000000254019, -220.0000000000003695 ) ) ;
#6064 = ORIENTED_EDGE ( 'NONE', *, *, #2146, .T. ) ;
#6065 = DIRECTION ( 'NONE',  ( -1.000000000000000000, 0.000000000000000000, 1.586033434521926015E-16 ) ) ;
#6066 = VERTEX_POINT ( 'NONE', #2380 ) ;
#6067 = AXIS2_PLACEMENT_3D ( 'NONE', #3743, #7008, #4314 ) ;
#6068 = AXIS2_PLACEMENT_3D ( 'NONE', #4783, #3246, #2050 ) ;
#6069 = CARTESIAN_POINT ( 'NONE',  ( 242.4999999999999432, -24.99999999999992184, -27.50000000000013500 ) ) ;
#6070 = CARTESIAN_POINT ( 'NONE',  ( -1.705522753754266706E-13, 5.000000000000000888, -288.5000000000001137 ) ) ;
#6071 = AXIS2_PLACEMENT_3D ( 'NONE', #6519, #7055, #4357 ) ;
#6072 = DIRECTION ( 'NONE',  ( 0.000000000000000000, 0.000000000000000000, 1.000000000000000000 ) ) ;
#6073 = CIRCLE ( 'NONE', #6965, 10.00000000000000888 ) ;
#6074 = DIRECTION ( 'NONE',  ( -1.000000000000000000, -0.000000000000000000, 1.586032892321652236E-16 ) ) ;
#6075 = CYLINDRICAL_SURFACE ( 'NONE', #4402, 4.500000000000003553 ) ;
#6076 = ORIENTED_EDGE ( 'NONE', *, *, #662, .F. ) ;
#6077 = DIRECTION ( 'NONE',  ( 0.000000000000000000, 3.532527805625498298E-15, -1.000000000000000000 ) ) ;
#6078 = LINE ( 'NONE', #2679, #1297 ) ;
#6079 = AXIS2_PLACEMENT_3D ( 'NONE', #5989, #5450, #3826 ) ;
#6080 = VECTOR ( 'NONE', #5291, 1000.000000000000000 ) ;
#6081 = VERTEX_POINT ( 'NONE', #6822 ) ;
#6082 = CONTEXT_DEPENDENT_SHAPE_REPRESENTATION ( #2489, #6811 ) ;
#6083 = DIRECTION ( 'NONE',  ( -1.000000000000000000, -0.000000000000000000, 1.586032892321652236E-16 ) ) ;
#6084 = ADVANCED_FACE ( 'NONE', ( #4564 ), #5152, .F. ) ;
#6085 = DIRECTION ( 'NONE',  ( 0.000000000000000000, 0.000000000000000000, 1.000000000000000000 ) ) ;
#6086 = CARTESIAN_POINT ( 'NONE',  ( 247.7437491349170671, -19.65810827845808006, -563.6439058971020586 ) ) ;
#6087 = CIRCLE ( 'NONE', #5394, 3.299999999999969624 ) ;
#6088 = ORIENTED_EDGE ( 'NONE', *, *, #2474, .F. ) ;
#6089 = LINE ( 'NONE', #4974, #5756 ) ;
#6090 = DIRECTION ( 'NONE',  ( 0.000000000000000000, 0.000000000000000000, 1.000000000000000000 ) ) ;
#6091 = VERTEX_POINT ( 'NONE', #5691 ) ;
#6092 = PERSON_AND_ORGANIZATION_ROLE ( 'classification_officer' ) ;
#6093 = AXIS2_PLACEMENT_3D ( 'NONE', #1731, #5574, #4864 ) ;
#6094 = AXIS2_PLACEMENT_3D ( 'NONE', #5387, #498, #5962 ) ;
#6095 = EDGE_LOOP ( 'NONE', ( #630, #2758, #1748, #3930 ) ) ;
#6096 = VECTOR ( 'NONE', #5677, 1000.000000000000000 ) ;
#6097 = EDGE_LOOP ( 'NONE', ( #5555, #5668 ) ) ;
#6098 = CARTESIAN_POINT ( 'NONE',  ( -214.9999999999998863, 24.99999999999999289, -3.300000000000108180 ) ) ;
#6099 = ORIENTED_EDGE ( 'NONE', *, *, #4012, .T. ) ;
#6100 = COORDINATED_UNIVERSAL_TIME_OFFSET ( 8, 0, .AHEAD. ) ;
#6101 = DIRECTION ( 'NONE',  ( 0.000000000000000000, 0.000000000000000000, 1.000000000000000000 ) ) ;
#6102 = APPROVAL_PERSON_ORGANIZATION ( #5826, #4887, #4866 ) ;
#6103 = DIRECTION ( 'NONE',  ( 0.000000000000000000, 0.000000000000000000, -1.000000000000000000 ) ) ;
#6104 = DIRECTION ( 'NONE',  ( -0.000000000000000000, 1.000000000000000000, -0.000000000000000000 ) ) ;
#6105 = EDGE_LOOP ( 'NONE', ( #3079, #4246, #783, #5558 ) ) ;
#6106 = DIRECTION ( 'NONE',  ( 0.000000000000000000, 0.000000000000000000, 1.000000000000000000 ) ) ;
#6107 = VERTEX_POINT ( 'NONE', #835 ) ;
#6108 = AXIS2_PLACEMENT_3D ( 'NONE', #330, #4133, #1409 ) ;
#6109 = ORIENTED_EDGE ( 'NONE', *, *, #5333, .F. ) ;
#6110 = CARTESIAN_POINT ( 'NONE',  ( 249.4508714736820991, 15.95210075985719556, -37.46543667909863728 ) ) ;
#6111 = CARTESIAN_POINT ( 'NONE',  ( -214.9999999999999716, -4.111294638065032814E-12, -303.3000000000001251 ) ) ;
#6112 = PLANE ( 'NONE',  #1655 ) ;
#6113 = FACE_OUTER_BOUND ( 'NONE', #6095, .T. ) ;
#6114 = LINE ( 'NONE', #1616, #5641 ) ;
#6115 = EDGE_LOOP ( 'NONE', ( #2068, #1451 ) ) ;
#6116 = DIRECTION ( 'NONE',  ( -0.000000000000000000, -1.000000000000000000, -0.000000000000000000 ) ) ;
#6117 = CC_DESIGN_PERSON_AND_ORGANIZATION_ASSIGNMENT ( #5258, #6891, ( #3641 ) ) ;
#6118 = AXIS2_PLACEMENT_3D ( 'NONE', #4387, #1676, #3855 ) ;
#6119 = PLANE ( 'NONE',  #6093 ) ;
#6120 = EDGE_LOOP ( 'NONE', ( #35, #6275, #5114, #3337 ) ) ;
#6121 = APPROVAL_DATE_TIME ( #1141, #4419 ) ;
#6122 = CARTESIAN_POINT ( 'NONE',  ( -242.4999999999999432, 21.99999999999837641, -34.64142842854445092 ) ) ;
#6123 = DIRECTION ( 'NONE',  ( -1.000000000000000000, -0.000000000000000000, 1.586032892321652236E-16 ) ) ;
#6124 = CARTESIAN_POINT ( 'NONE',  ( 247.1170119655634778, -20.27996952961168375, -563.9999825141595693 ) ) ;
#6125 = VERTEX_POINT ( 'NONE', #4593 ) ;
#6126 = CYLINDRICAL_SURFACE ( 'NONE', #7015, 65.00000000000150635 ) ;
#6127 = CC_DESIGN_DATE_AND_TIME_ASSIGNMENT ( #4902, #520, ( #4171 ) ) ;
#6128 = ADVANCED_FACE ( 'NONE', ( #1845 ), #1300, .F. ) ;
#6129 = CARTESIAN_POINT ( 'NONE',  ( -51.61879502661620478, 5.000000000000181188, -172.8812049733832623 ) ) ;
#6130 = ORIENTED_EDGE ( 'NONE', *, *, #1854, .T. ) ;
#6131 = VECTOR ( 'NONE', #6703, 1000.000000000000000 ) ;
#6132 = B_SPLINE_CURVE_WITH_KNOTS ( 'NONE', 3,
 ( #2621, #4313, #1779, #3331, #3949, #4836, #4801, #1736, #6086, #6124, #6606, #1597, #3409, #3776, #5580, #6049, #2099, #1146, #1011, #3186, #5512, #619 ),
 .UNSPECIFIED., .F., .F.,
 ( 4, 2, 2, 2, 2, 2, 2, 2, 2, 2, 4 ),
 ( 1.387778780781446908E-17, 0.001421279481378013307, 0.002842558962756012737, 0.004263838444134012383, 0.005685117925512011595, 0.007106397406890010808, 0.008527676888268010888, 0.009238316628957047791, 0.009948956369646084694, 0.01065959611033512160, 0.01137023585102416023 ),
 .UNSPECIFIED. ) ;
#6133 = ORIENTED_EDGE ( 'NONE', *, *, #3183, .T. ) ;
#6134 = EDGE_CURVE ( 'NONE', #2362, #2006, #729, .T. ) ;
#6135 = ORIENTED_EDGE ( 'NONE', *, *, #662, .T. ) ;
#6136 = CARTESIAN_POINT ( 'NONE',  ( 112.9999999999998153, 4.999999999999609201, -442.9999999999999432 ) ) ;
#6137 = ORIENTED_EDGE ( 'NONE', *, *, #5725, .F. ) ;
#6138 = CARTESIAN_POINT ( 'NONE',  ( -252.5000000000000568, -20.85786437626911649, -562.5000000000000000 ) ) ;
#6139 =( BOUNDED_CURVE ( )  B_SPLINE_CURVE ( 3, ( #3020, #6278, #273, #6349 ),
 .UNSPECIFIED., .F., .F. ) 
 B_SPLINE_CURVE_WITH_KNOTS ( ( 4, 4 ),
 ( 3.141592653589780237, 4.712388980384692339 ),
 .UNSPECIFIED. ) 
 CURVE ( )  GEOMETRIC_REPRESENTATION_ITEM ( )  RATIONAL_B_SPLINE_CURVE ( ( 1.000000000000000000, 0.8047378541243613848, 0.8047378541243613848, 1.000000000000000000 ) ) 
 REPRESENTATION_ITEM ( '' )  );
#6140 = CARTESIAN_POINT ( 'NONE',  ( 177.5000000000000000, 15.00000000000014033, -562.5000000000000000 ) ) ;
#6141 = VECTOR ( 'NONE', #556, 1000.000000000000000 ) ;
#6142 = DIRECTION ( 'NONE',  ( -0.000000000000000000, 1.000000000000000000, -0.000000000000000000 ) ) ;
#6143 = ORIENTED_EDGE ( 'NONE', *, *, #1192, .T. ) ;
#6144 = DIRECTION ( 'NONE',  ( -0.000000000000000000, -1.000000000000000000, -0.000000000000000000 ) ) ;
#6145 = VERTEX_POINT ( 'NONE', #326 ) ;
#6146 = CARTESIAN_POINT ( 'NONE',  ( 8.831319514063479347E-14, 24.99999999999924682, -596.7000000000000455 ) ) ;
#6147 = FACE_OUTER_BOUND ( 'NONE', #824, .T. ) ;
#6148 = AXIS2_PLACEMENT_3D ( 'NONE', #7037, #6472, #3218 ) ;
#6149 = DIRECTION ( 'NONE',  ( -0.000000000000000000, 1.000000000000000000, -0.000000000000000000 ) ) ;
#6150 = CARTESIAN_POINT ( 'NONE',  ( 350.0000000000001137, -22.00000000000048672, -565.3585715714577873 ) ) ;
#6151 = VECTOR ( 'NONE', #3659, 1000.000000000000000 ) ;
#6152 = VERTEX_POINT ( 'NONE', #4021 ) ;
#6153 = DIRECTION ( 'NONE',  ( 0.000000000000000000, 0.000000000000000000, 1.000000000000000000 ) ) ;
#6154 = PLANE ( 'NONE',  #1665 ) ;
#6155 = ORIENTED_EDGE ( 'NONE', *, *, #6300, .T. ) ;
#6156 = CARTESIAN_POINT ( 'NONE',  ( 242.5000000000000568, 24.99999999999991473, -572.5000000000001137 ) ) ;
#6157 = DIRECTION ( 'NONE',  ( 0.000000000000000000, 0.000000000000000000, 1.000000000000000000 ) ) ;
#6158 = EDGE_CURVE ( 'NONE', #545, #3401, #5619, .T. ) ;
#6159 = CARTESIAN_POINT ( 'NONE',  ( -350.0000000000000000, 14.99999999999991296, -572.4999999999998863 ) ) ;
#6160 = LINE ( 'NONE', #4018, #5191 ) ;
#6161 = CARTESIAN_POINT ( 'NONE',  ( 61.96152422706635576, 12.67949192431131600, -5.000000000000004441 ) ) ;
#6162 = EDGE_CURVE ( 'NONE', #4910, #6494, #296, .T. ) ;
#6163 = ORIENTED_EDGE ( 'NONE', *, *, #4036, .F. ) ;
#6164 = CC_DESIGN_DATE_AND_TIME_ASSIGNMENT ( #7031, #2090, ( #6656 ) ) ;
#6165 = DIRECTION ( 'NONE',  ( 0.000000000000000000, -1.000000000000000000, -3.700743415417186364E-15 ) ) ;
#6166 = EDGE_LOOP ( 'NONE', ( #4136, #1670, #3538, #1721, #1499, #2374, #1586, #2267 ) ) ;
#6167 = ORIENTED_EDGE ( 'NONE', *, *, #2047, .F. ) ;
#6168 = ORIENTED_EDGE ( 'NONE', *, *, #5720, .T. ) ;
#6169 = CARTESIAN_POINT ( 'NONE',  ( -184.9730167925269768, 21.53187853182814848, -35.07283945620882548 ) ) ;
#6170 = EDGE_LOOP ( 'NONE', ( #6246, #3541 ) ) ;
#6171 = FACE_OUTER_BOUND ( 'NONE', #827, .T. ) ;
#6172 = ADVANCED_FACE ( 'NONE', ( #6238 ), #3006, .F. ) ;
#6173 = CARTESIAN_POINT ( 'NONE',  ( -2.084320107237247477, -0.07278606201185575109, 5.000000000000004441 ) ) ;
#6174 = EDGE_LOOP ( 'NONE', ( #5424, #2983, #6229, #5620 ) ) ;
#6175 = FACE_OUTER_BOUND ( 'NONE', #438, .T. ) ;
#6176 = ORIENTED_EDGE ( 'NONE', *, *, #5333, .T. ) ;
#6177 = ORIENTED_EDGE ( 'NONE', *, *, #3521, .F. ) ;
#6178 = DIRECTION ( 'NONE',  ( 0.000000000000000000, 1.000000000000000000, 3.700743415417186364E-15 ) ) ;
#6179 = CLOSED_SHELL ( 'NONE', ( #6002, #1672, #2199, #3945, #2639, #1357, #5456, #5938, #4230, #3420, #2730, #1934, #4112, #5421, #1994, #6027, #1295, #5143, #2757, #6084, #4164, #31, #4427, #1127, #3099, #6172, #2023, #5289, #2459, #3456, #5026, #4645, #4159, #3287, #2127, #6631, #2712, #5337, #1550, #644, #1229, #3015, #4243, #4451, #6683, #2743, #2255, #5202, #5392, #5074, #4125, #1038, #4420, #2425, #839, #975, #3187, #5206, #396, #3732, #3301, #2725, #2336, #575, #5551, #4689, #4726, #129, #357, #2117, #1471, #2660, #3155, #3620, #4047, #6386, #5645, #5809, #7, #6128, #4172, #1335 ) ) ;
#6180 = LINE ( 'NONE', #786, #721 ) ;
#6181 = DESIGN_CONTEXT ( 'detailed design', #3441, 'design' ) ;
#6182 = CARTESIAN_POINT ( 'NONE',  ( -257.5251262658401856, 0.000000000000000000, -257.5251262658964606 ) ) ;
#6183 = LINE ( 'NONE', #2922, #391 ) ;
#6184 = VECTOR ( 'NONE', #4074, 1000.000000000000000 ) ;
#6185 = VECTOR ( 'NONE', #2693, 1000.000000000000000 ) ;
#6186 = EDGE_CURVE ( 'NONE', #4223, #3267, #147, .T. ) ;
#6187 = ORIENTED_EDGE ( 'NONE', *, *, #353, .F. ) ;
#6188 = DIRECTION ( 'NONE',  ( -7.690840992182485042E-23, -4.235164736271500755E-22, 1.000000000000000000 ) ) ;
#6189 = DIRECTION ( 'NONE',  ( 0.000000000000000000, 0.000000000000000000, 1.000000000000000000 ) ) ;
#6190 = CARTESIAN_POINT ( 'NONE',  ( 215.0000000000000568, 21.99999999999850786, -296.7000000000000455 ) ) ;
#6191 = ORIENTED_EDGE ( 'NONE', *, *, #4568, .T. ) ;
#6192 = AXIS2_PLACEMENT_3D ( 'NONE', #395, #4093, #2447 ) ;
#6193 = AXIS2_PLACEMENT_3D ( 'NONE', #6470, #5974, #552 ) ;
#6194 = LINE ( 'NONE', #1293, #3328 ) ;
#6195 = CYLINDRICAL_SURFACE ( 'NONE', #3130, 9.999999999999980460 ) ;
#6196 = CIRCLE ( 'NONE', #1633, 3.299999999999998934 ) ;
#6197 = CYLINDRICAL_SURFACE ( 'NONE', #2789, 4.500000000000003553 ) ;
#6198 = DIRECTION ( 'NONE',  ( -0.000000000000000000, 1.000000000000000000, -0.000000000000000000 ) ) ;
#6199 = B_SPLINE_CURVE_WITH_KNOTS ( 'NONE', 3,
 ( #3866, #601, #6110, #2989, #241, #5177, #283, #4080, #4651, #2472, #1758, #3933, #2397, #1208, #4508, #4618, #1797, #6220, #4545, #6664, #3395, #3972 ),
 .UNSPECIFIED., .F., .F.,
 ( 4, 2, 2, 2, 2, 2, 2, 2, 2, 2, 4 ),
 ( 2.460129031217048766E-16, 0.001421279481378197405, 0.002842558962756148479, 0.004263838444134099986, 0.005685117925512051494, 0.007106397406890003002, 0.008527676888267953642, 0.009238316628956929830, 0.009948956369645906017, 0.01065959611033488047, 0.01137023585102385666 ),
 .UNSPECIFIED. ) ;
#6200 = VECTOR ( 'NONE', #3782, 1000.000000000000000 ) ;
#6201 = VECTOR ( 'NONE', #594, 1000.000000000000000 ) ;
#6202 = DIRECTION ( 'NONE',  ( 0.7071067811865474617, 0.000000000000000000, -0.7071067811865474617 ) ) ;
#6203 = ORIENTED_EDGE ( 'NONE', *, *, #5768, .F. ) ;
#6204 = EDGE_LOOP ( 'NONE', ( #5942, #6337, #1155, #3290 ) ) ;
#6205 = CIRCLE ( 'NONE', #5055, 4.500000000000003553 ) ;
#6206 = PLANE ( 'NONE',  #1695 ) ;
#6207 = AXIS2_PLACEMENT_3D ( 'NONE', #6600, #2822, #548 ) ;
#6208 = ORIENTED_EDGE ( 'NONE', *, *, #3058, .F. ) ;
#6209 = CC_DESIGN_DATE_AND_TIME_ASSIGNMENT ( #3775, #4345, ( #5983 ) ) ;
#6210 = EDGE_CURVE ( 'NONE', #3853, #1369, #6681, .T. ) ;
#6211 = PLANE ( 'NONE',  #1870 ) ;
#6212 = CARTESIAN_POINT ( 'NONE',  ( 350.0000000000000000, 22.00000000000010658, -627.5000000000001137 ) ) ;
#6213 = CIRCLE ( 'NONE', #6324, 3.500000000000003109 ) ;
#6214 = DIRECTION ( 'NONE',  ( 1.000000000000000000, 0.000000000000000000, 0.000000000000000000 ) ) ;
#6215 = EDGE_LOOP ( 'NONE', ( #5361, #5485 ) ) ;
#6216 = CARTESIAN_POINT ( 'NONE',  ( -39.24442635585415928, -3.108624468950438313E-12, -554.2946788875260609 ) ) ;
#6217 = VERTEX_POINT ( 'NONE', #6161 ) ;
#6218 = ORIENTED_EDGE ( 'NONE', *, *, #308, .T. ) ;
#6219 = EDGE_CURVE ( 'NONE', #5364, #5994, #2383, .T. ) ;
#6220 = CARTESIAN_POINT ( 'NONE',  ( 243.6866722909200291, 21.90263348841657276, -34.73587298673850654 ) ) ;
#6221 = APPROVAL_PERSON_ORGANIZATION ( #2321, #1984, #4500 ) ;
#6222 = DIRECTION ( 'NONE',  ( -1.000000000000000000, -0.000000000000000000, 1.586032892321652236E-16 ) ) ;
#6223 = CARTESIAN_POINT ( 'NONE',  ( 250.0000000000000000, 15.00000000000013856, -37.49999999999995026 ) ) ;
#6224 = CARTESIAN_POINT ( 'NONE',  ( 8.831319514063479347E-14, 24.99999999999924682, 3.299999999999991385 ) ) ;
#6225 = CARTESIAN_POINT ( 'NONE',  ( 45.71152422706634155, 30.00000000000006750, -5.000000000000060396 ) ) ;
#6226 = DIRECTION ( 'NONE',  ( 0.000000000000000000, 0.000000000000000000, 1.000000000000000000 ) ) ;
#6227 = VECTOR ( 'NONE', #6941, 1000.000000000000000 ) ;
#6228 = APPROVAL_PERSON_ORGANIZATION ( #5365, #5359, #3156 ) ;
#6229 = ORIENTED_EDGE ( 'NONE', *, *, #3607, .T. ) ;
#6230 = FACE_OUTER_BOUND ( 'NONE', #985, .T. ) ;
#6231 = ADVANCED_FACE ( 'NONE', ( #3208 ), #2129, .F. ) ;
#6232 = CARTESIAN_POINT ( 'NONE',  ( 181.6421356237309510, 24.99999999999997513, -566.6421356237310647 ) ) ;
#6233 = ORIENTED_EDGE ( 'NONE', *, *, #399, .T. ) ;
#6234 = AXIS2_PLACEMENT_3D ( 'NONE', #364, #3599, #5200 ) ;
#6235 = DIRECTION ( 'NONE',  ( 0.000000000000000000, 0.000000000000000000, 1.000000000000000000 ) ) ;
#6236 = CARTESIAN_POINT ( 'NONE',  ( 72.99999999999955946, 4.999999999999747757, -215.5000000000017906 ) ) ;
#6237 = CYLINDRICAL_SURFACE ( 'NONE', #4395, 3.299999999999969624 ) ;
#6238 = FACE_OUTER_BOUND ( 'NONE', #5214, .T. ) ;
#6239 = VERTEX_POINT ( 'NONE', #4787 ) ;
#6240 = CALENDAR_DATE ( 2026, 24, 3 ) ;
#6241 = VECTOR ( 'NONE', #6840, 999.9999999999998863 ) ;
#6242 = DIRECTION ( 'NONE',  ( 1.000000000000000000, 0.000000000000000000, 0.000000000000000000 ) ) ;
#6243 = ORIENTED_EDGE ( 'NONE', *, *, #1494, .F. ) ;
#6244 = CIRCLE ( 'NONE', #72, 65.00000000000150635 ) ;
#6245 = CARTESIAN_POINT ( 'NONE',  ( 48.50000000000023448, 0.000000000000000000, -417.5000000000001705 ) ) ;
#6246 = ORIENTED_EDGE ( 'NONE', *, *, #6738, .F. ) ;
#6247 = CARTESIAN_POINT ( 'NONE',  ( -350.0000000000000000, -24.99999999999991829, -627.5000000000001137 ) ) ;
#6248 = VECTOR ( 'NONE', #5683, 1000.000000000000000 ) ;
#6249 = LINE ( 'NONE', #1936, #1402 ) ;
#6250 = ORIENTED_EDGE ( 'NONE', *, *, #1546, .F. ) ;
#6251 = CARTESIAN_POINT ( 'NONE',  ( 112.9999999999998153, -2.380040609040179334E-12, -440.2499999999999432 ) ) ;
#6252 = ORIENTED_EDGE ( 'NONE', *, *, #1595, .T. ) ;
#6253 = ORIENTED_EDGE ( 'NONE', *, *, #1172, .F. ) ;
#6254 = CARTESIAN_POINT ( 'NONE',  ( 250.0000000000000000, 14.99999999999987743, 37.50000000000006395 ) ) ;
#6255 = DIRECTION ( 'NONE',  ( 0.000000000000000000, 0.000000000000000000, 1.000000000000000000 ) ) ;
#6256 = VECTOR ( 'NONE', #5101, 1000.000000000000000 ) ;
#6257 = LINE ( 'NONE', #1385, #2022 ) ;
#6258 = DIRECTION ( 'NONE',  ( 0.000000000000000000, 0.000000000000000000, 1.000000000000000000 ) ) ;
#6259 = ADVANCED_FACE ( 'NONE', ( #6992 ), #507, .F. ) ;
#6260 = CARTESIAN_POINT ( 'NONE',  ( 6.999999999999825917, 4.999999999999976907, -440.2500000000000000 ) ) ;
#6261 = ORIENTED_EDGE ( 'NONE', *, *, #6715, .T. ) ;
#6262 = LINE ( 'NONE', #3477, #5438 ) ;
#6263 = EDGE_CURVE ( 'NONE', #2063, #7019, #1111, .T. ) ;
#6264 = DIRECTION ( 'NONE',  ( 0.000000000000000000, 0.000000000000000000, -1.000000000000000000 ) ) ;
#6265 = ORIENTED_EDGE ( 'NONE', *, *, #3931, .F. ) ;
#6266 = EDGE_CURVE ( 'NONE', #3040, #5638, #4767, .T. ) ;
#6267 = CARTESIAN_POINT ( 'NONE',  ( -180.8833479152631298, -17.33111287727459526, -37.23456492393237482 ) ) ;
#6268 = EDGE_CURVE ( 'NONE', #5083, #260, #5396, .T. ) ;
#6269 = DIRECTION ( 'NONE',  ( -1.000000000000000000, 3.469446951953611033E-15, 0.000000000000000000 ) ) ;
#6270 = CARTESIAN_POINT ( 'NONE',  ( 244.8104174269743396, 21.62338389603909050, -565.0043546498607157 ) ) ;
#6271 = EDGE_LOOP ( 'NONE', ( #196, #1080, #3517, #238, #5173, #4024, #4949, #417 ) ) ;
#6272 = APPLICATION_PROTOCOL_DEFINITION ( 'international standard', 'config_control_design', 1994, #6709 ) ;
#6273 = CARTESIAN_POINT ( 'NONE',  ( 250.0000000000000000, -14.99999999999988809, -34.50000000000004974 ) ) ;
#6274 = CARTESIAN_POINT ( 'NONE',  ( 0.000000000000000000, -4.111294638065032814E-12, 3.299999999999887912 ) ) ;
#6275 = ORIENTED_EDGE ( 'NONE', *, *, #490, .T. ) ;
#6276 = PLANE ( 'NONE',  #2595 ) ;
#6277 = ORIENTED_EDGE ( 'NONE', *, *, #3269, .F. ) ;
#6278 = CARTESIAN_POINT ( 'NONE',  ( -177.4999999999998010, 20.85786437626900636, -37.50000000000004974 ) ) ;
#6279 = CARTESIAN_POINT ( 'NONE',  ( 187.4999999999998863, -22.00000000000048672, -565.3585715714577873 ) ) ;
#6280 = CARTESIAN_POINT ( 'NONE',  ( 250.0000000000000000, 22.00000000000010658, -27.49999999999992184 ) ) ;
#6281 = VERTEX_POINT ( 'NONE', #6850 ) ;
#6282 = LINE ( 'NONE', #1316, #3445 ) ;
#6283 = EDGE_LOOP ( 'NONE', ( #3800, #1016, #5239, #554 ) ) ;
#6284 = EDGE_LOOP ( 'NONE', ( #5914, #577, #758, #1405, #5320, #1112, #5777, #6896 ) ) ;
#6285 = DIRECTION ( 'NONE',  ( -3.532527189601535655E-15, -1.000000000000000000, 4.235164736271500755E-22 ) ) ;
#6286 = CARTESIAN_POINT ( 'NONE',  ( 0.000000000000000000, 5.000000000000000888, 26.49999999999991829 ) ) ;
#6287 = CARTESIAN_POINT ( 'NONE',  ( -350.0000000000000000, -21.99999999999991473, -627.5000000000001137 ) ) ;
#6288 = CARTESIAN_POINT ( 'NONE',  ( 8.831319514063479347E-14, 21.99999999999924682, 3.299999999999993605 ) ) ;
#6289 = DIRECTION ( 'NONE',  ( -1.000000000000000000, 3.469446951953611033E-15, 0.000000000000000000 ) ) ;
#6290 = EDGE_LOOP ( 'NONE', ( #5049, #4446 ) ) ;
#6291 = CARTESIAN_POINT ( 'NONE',  ( -180.5491285263177872, 15.95210075985718134, -37.46543667909863728 ) ) ;
#6292 = CARTESIAN_POINT ( 'NONE',  ( -350.0000000000000000, -14.99999999999987743, -637.5000000000001137 ) ) ;
#6293 = DIRECTION ( 'NONE',  ( 3.468980808276851749E-15, 1.000000000000000000, 5.916456789157588541E-31 ) ) ;
#6294 = ORIENTED_EDGE ( 'NONE', *, *, #3531, .T. ) ;
#6295 = DIRECTION ( 'NONE',  ( -0.000000000000000000, 1.000000000000000000, -0.000000000000000000 ) ) ;
#6296 = CARTESIAN_POINT ( 'NONE',  ( -183.7757045070290189, -20.93110829366722925, -35.55262179461620065 ) ) ;
#6297 = VECTOR ( 'NONE', #6969, 1000.000000000000000 ) ;
#6298 = DIRECTION ( 'NONE',  ( -1.000000000000000000, 0.000000000000000000, 0.000000000000000000 ) ) ;
#6299 = LINE ( 'NONE', #4197, #3696 ) ;
#6300 = EDGE_CURVE ( 'NONE', #6786, #309, #4758, .T. ) ;
#6301 = CARTESIAN_POINT ( 'NONE',  ( 243.4442342979185696, 21.94004718607087057, -565.3002182191590919 ) ) ;
#6302 = CIRCLE ( 'NONE', #6958, 9.999999999999932498 ) ;
#6303 = AXIS2_PLACEMENT_3D ( 'NONE', #6574, #4339, #1626 ) ;
#6304 = PERSON_AND_ORGANIZATION_ROLE ( 'creator' ) ;
#6305 = EDGE_CURVE ( 'NONE', #781, #1119, #6920, .T. ) ;
#6306 = DIRECTION ( 'NONE',  ( 3.700744544794450685E-15, 1.000000000000000000, -4.235164736271500755E-22 ) ) ;
#6307 = DIRECTION ( 'NONE',  ( -0.000000000000000000, 1.000000000000000000, -0.000000000000000000 ) ) ;
#6308 = CIRCLE ( 'NONE', #2764, 4.500000000000003553 ) ;
#6309 = EDGE_LOOP ( 'NONE', ( #6143, #6908, #4152, #6477 ) ) ;
#6310 = DIRECTION ( 'NONE',  ( 0.5773502691896257311, -0.5773502691896257311, -0.5773502691896257311 ) ) ;
#6311 = ORIENTED_EDGE ( 'NONE', *, *, #6924, .T. ) ;
#6312 = LINE ( 'NONE', #1481, #3920 ) ;
#6313 = ADVANCED_FACE ( 'NONE', ( #402 ), #6370, .F. ) ;
#6314 = ADVANCED_FACE ( 'NONE', ( #2054 ), #3073, .F. ) ;
#6315 = DIRECTION ( 'NONE',  ( 0.000000000000000000, 0.000000000000000000, 1.000000000000000000 ) ) ;
#6316 = CARTESIAN_POINT ( 'NONE',  ( 250.0000000000000000, -21.99999999999991118, -27.50000000000007461 ) ) ;
#6317 = VECTOR ( 'NONE', #698, 1000.000000000000000 ) ;
#6318 = EDGE_LOOP ( 'NONE', ( #5597, #5713 ) ) ;
#6319 = DIRECTION ( 'NONE',  ( -1.000000000000000000, 0.000000000000000000, 7.690840992182485042E-23 ) ) ;
#6320 = ORIENTED_EDGE ( 'NONE', *, *, #2031, .T. ) ;
#6321 = FACE_OUTER_BOUND ( 'NONE', #3717, .T. ) ;
#6322 = CYLINDRICAL_SURFACE ( 'NONE', #5051, 7.000000000000006217 ) ;
#6323 = CARTESIAN_POINT ( 'NONE',  ( -252.4999999999999432, 20.85786437626906675, -562.5000000000000000 ) ) ;
#6324 = AXIS2_PLACEMENT_3D ( 'NONE', #6729, #1350, #1868 ) ;
#6325 = EDGE_CURVE ( 'NONE', #4483, #6372, #1511, .T. ) ;
#6326 = EDGE_CURVE ( 'NONE', #837, #6582, #6026, .T. ) ;
#6327 = CARTESIAN_POINT ( 'NONE',  ( -250.0000000000000000, -15.00000000000010303, 27.49999999999994316 ) ) ;
#6328 = VERTEX_POINT ( 'NONE', #1440 ) ;
#6329 = CARTESIAN_POINT ( 'NONE',  ( -4.715161401998124724, -19.43623556538425134, 5.000000000000004441 ) ) ;
#6330 = APPROVAL_PERSON_ORGANIZATION ( #1993, #2065, #3923 ) ;
#6331 = DIRECTION ( 'NONE',  ( 0.000000000000000000, 0.000000000000000000, -1.000000000000000000 ) ) ;
#6332 = DIRECTION ( 'NONE',  ( -6.780942318374154600E-23, -4.235164736271500755E-22, 1.000000000000000000 ) ) ;
#6333 = VECTOR ( 'NONE', #6558, 1000.000000000000000 ) ;
#6334 = CARTESIAN_POINT ( 'NONE',  ( 250.0000000000000000, -14.99999999999987743, -37.50000000000006395 ) ) ;
#6335 = EDGE_CURVE ( 'NONE', #5235, #3451, #359, .T. ) ;
#6336 = CC_DESIGN_DATE_AND_TIME_ASSIGNMENT ( #5444, #1671, ( #1549 ) ) ;
#6337 = ORIENTED_EDGE ( 'NONE', *, *, #6346, .T. ) ;
#6338 = CIRCLE ( 'NONE', #2464, 3.299999999999997158 ) ;
#6339 = DIRECTION ( 'NONE',  ( 0.000000000000000000, 0.000000000000000000, 1.000000000000000000 ) ) ;
#6340 = ORIENTED_EDGE ( 'NONE', *, *, #5477, .T. ) ;
#6341 = EDGE_CURVE ( 'NONE', #5501, #2469, #4724, .T. ) ;
#6342 = COORDINATED_UNIVERSAL_TIME_OFFSET ( 8, 0, .AHEAD. ) ;
#6343 = EDGE_CURVE ( 'NONE', #1317, #1948, #3145, .T. ) ;
#6344 = LINE ( 'NONE', #6402, #1973 ) ;
#6345 = PLANE ( 'NONE',  #6108 ) ;
#6346 = EDGE_CURVE ( 'NONE', #3198, #781, #4329, .T. ) ;
#6347 = CARTESIAN_POINT ( 'NONE',  ( 350.0000000000000000, 14.99999999999987743, -562.5000000000000000 ) ) ;
#6348 = VERTEX_POINT ( 'NONE', #1002 ) ;
#6349 = CARTESIAN_POINT ( 'NONE',  ( -187.4999999999999432, 25.00000000000011013, -27.49999999999996803 ) ) ;
#6350 = CARTESIAN_POINT ( 'NONE',  ( 186.3208577706735696, -21.90400402828987581, -565.2654308640090903 ) ) ;
#6351 = EDGE_CURVE ( 'NONE', #3258, #2581, #4200, .T. ) ;
#6352 = LINE ( 'NONE', #206, #248 ) ;
#6353 = AXIS2_PLACEMENT_3D ( 'NONE', #2795, #3, #1704 ) ;
#6354 = ORIENTED_EDGE ( 'NONE', *, *, #4383, .T. ) ;
#6355 = CYLINDRICAL_SURFACE ( 'NONE', #6061, 10.00000000000000888 ) ;
#6356 = ORIENTED_EDGE ( 'NONE', *, *, #5727, .F. ) ;
#6357 = CARTESIAN_POINT ( 'NONE',  ( 250.0000000000000000, 15.00000000000012790, -34.49999999999995026 ) ) ;
#6358 = DIRECTION ( 'NONE',  ( -1.000000000000000000, 0.000000000000000000, 1.586033343532058634E-16 ) ) ;
#6359 = DIRECTION ( 'NONE',  ( -1.000000000000000000, 3.532527189601535655E-15, 7.500847945236711498E-23 ) ) ;
#6360 = DIRECTION ( 'NONE',  ( -1.000000000000000000, -0.000000000000000000, -0.000000000000000000 ) ) ;
#6361 = CYLINDRICAL_SURFACE ( 'NONE', #1188, 3.500000000000003109 ) ;
#6362 = ORIENTED_EDGE ( 'NONE', *, *, #2586, .F. ) ;
#6363 = VECTOR ( 'NONE', #1197, 1000.000000000000000 ) ;
#6364 = LINE ( 'NONE', #994, #4829 ) ;
#6365 = CARTESIAN_POINT ( 'NONE',  ( 34.29467888754986404, -5.000000000000119016, -490.6550685807393961 ) ) ;
#6366 = CARTESIAN_POINT ( 'NONE',  ( 250.0000000000000000, -14.99999999999988098, -37.49999999999997868 ) ) ;
#6367 = AXIS2_PLACEMENT_3D ( 'NONE', #5660, #194, #3443 ) ;
#6368 = CARTESIAN_POINT ( 'NONE',  ( 248.0273725665440736, -19.31819862575389024, -36.52848892815394777 ) ) ;
#6369 = ORIENTED_EDGE ( 'NONE', *, *, #2800, .F. ) ;
#6370 = CYLINDRICAL_SURFACE ( 'NONE', #1821, 10.00000000000000533 ) ;
#6371 = ADVANCED_FACE ( 'NONE', ( #4825 ), #928, .T. ) ;
#6372 = VERTEX_POINT ( 'NONE', #3942 ) ;
#6373 = PERSON_AND_ORGANIZATION_ROLE ( 'design_supplier' ) ;
#6374 = VECTOR ( 'NONE', #3698, 1000.000000000000000 ) ;
#6375 = LINE ( 'NONE', #2488, #6848 ) ;
#6376 = CYLINDRICAL_SURFACE ( 'NONE', #4978, 7.000000000000006217 ) ;
#6377 = EDGE_LOOP ( 'NONE', ( #3227, #6930 ) ) ;
#6378 = LINE ( 'NONE', #2616, #3637 ) ;
#6379 = ORIENTED_EDGE ( 'NONE', *, *, #1327, .F. ) ;
#6380 = DIRECTION ( 'NONE',  ( 3.469446951953613400E-15, 1.000000000000000000, -0.000000000000000000 ) ) ;
#6381 = CARTESIAN_POINT ( 'NONE',  ( 181.4775074303357769, -18.57507229267708837, -563.1585058441953606 ) ) ;
#6382 = CARTESIAN_POINT ( 'NONE',  ( -244.8087862617266808, 21.61230033638180359, -564.9975995959285910 ) ) ;
#6384 = ADVANCED_FACE ( 'NONE', ( #2749, #1621 ), #4476, .F. ) ;
#6383 = ORIENTED_EDGE ( 'NONE', *, *, #1680, .F. ) ;
#6385 = DIRECTION ( 'NONE',  ( 0.000000000000000000, -1.000000000000000000, -3.700742850728556176E-15 ) ) ;
#6386 = ADVANCED_FACE ( 'NONE', ( #6493 ), #1696, .F. ) ;
#6387 = VERTEX_POINT ( 'NONE', #107 ) ;
#6388 = ORIENTED_EDGE ( 'NONE', *, *, #2218, .T. ) ;
#6389 = CARTESIAN_POINT ( 'NONE',  ( 0.000000000000000000, 0.000000000000000000, 5.000000000000004441 ) ) ;
#6390 = CARTESIAN_POINT ( 'NONE',  ( 250.0000000000000000, -14.99999999999988098, -37.49999999999997868 ) ) ;
#6391 = EDGE_CURVE ( 'NONE', #853, #5131, #3349, .T. ) ;
#6392 = DIRECTION ( 'NONE',  ( 0.000000000000000000, 1.000000000000000000, -4.235164736271500755E-22 ) ) ;
#6393 = ORIENTED_EDGE ( 'NONE', *, *, #6465, .T. ) ;
#6394 = CARTESIAN_POINT ( 'NONE',  ( 0.000000000000000000, 6.938893903907228378E-15, -5.000000000000004441 ) ) ;
#6395 = DIRECTION ( 'NONE',  ( 0.000000000000000000, 0.000000000000000000, 1.000000000000000000 ) ) ;
#6396 = FACE_OUTER_BOUND ( 'NONE', #6309, .T. ) ;
#6397 = ORIENTED_EDGE ( 'NONE', *, *, #4005, .F. ) ;
#6398 = DIRECTION ( 'NONE',  ( -0.000000000000000000, 1.000000000000000000, -0.000000000000000000 ) ) ;
#6399 = ORIENTED_EDGE ( 'NONE', *, *, #3770, .F. ) ;
#6400 = SHAPE_DEFINITION_REPRESENTATION ( #258, #2405 ) ;
#6401 = VECTOR ( 'NONE', #1600, 1000.000000000000000 ) ;
#6402 = CARTESIAN_POINT ( 'NONE',  ( -3.322675994799961785, 21.17566288755735826, 5.000000000000004441 ) ) ;
#6403 = DIRECTION ( 'NONE',  ( -6.780942318374154600E-23, -4.235164736271500755E-22, 1.000000000000000000 ) ) ;
#6404 = ORIENTED_EDGE ( 'NONE', *, *, #5517, .F. ) ;
#6405 = VECTOR ( 'NONE', #2549, 1000.000000000000000 ) ;
#6406 = CYLINDRICAL_SURFACE ( 'NONE', #1345, 3.299999999999969624 ) ;
#6407 = EDGE_LOOP ( 'NONE', ( #3230, #5686 ) ) ;
#6408 = FACE_OUTER_BOUND ( 'NONE', #4899, .T. ) ;
#6409 = CARTESIAN_POINT ( 'NONE',  ( -181.9726274334556706, 19.31819862575365576, -563.4715110718460664 ) ) ;
#6410 = EDGE_LOOP ( 'NONE', ( #5782, #6726, #1291, #3062 ) ) ;
#6411 = DIRECTION ( 'NONE',  ( 0.000000000000000000, 0.000000000000000000, 1.000000000000000000 ) ) ;
#6412 = CC_DESIGN_PERSON_AND_ORGANIZATION_ASSIGNMENT ( #586, #4418, ( #5983 ) ) ;
#6413 = ORIENTED_EDGE ( 'NONE', *, *, #2154, .F. ) ;
#6414 = CIRCLE ( 'NONE', #598, 4.500000000000003553 ) ;
#6415 = ORIENTED_EDGE ( 'NONE', *, *, #6341, .T. ) ;
#6416 = CARTESIAN_POINT ( 'NONE',  ( -250.0000000000000000, -14.99999999999988809, -34.50000000000004974 ) ) ;
#6417 = AXIS2_PLACEMENT_3D ( 'NONE', #1965, #4104, #878 ) ;
#6418 = CARTESIAN_POINT ( 'NONE',  ( -252.4999999999999432, 20.85786437626916623, -37.49999999999995026 ) ) ;
#6419 = FACE_BOUND ( 'NONE', #4749, .T. ) ;
#6420 = CARTESIAN_POINT ( 'NONE',  ( -249.9999999999999716, 5.000000000000000888, -627.5000000000001137 ) ) ;
#6421 = EDGE_CURVE ( 'NONE', #2909, #4507, #6078, .T. ) ;
#6422 = ORIENTED_EDGE ( 'NONE', *, *, #4167, .F. ) ;
#6423 = CARTESIAN_POINT ( 'NONE',  ( -249.9999999999999716, 1.000000000000000888, -627.5000000000001137 ) ) ;
#6424 = VECTOR ( 'NONE', #68, 1000.000000000000000 ) ;
#6425 = DIRECTION ( 'NONE',  ( -0.000000000000000000, 1.000000000000000000, -0.000000000000000000 ) ) ;
#6426 = DIRECTION ( 'NONE',  ( -1.000000000000000000, 3.469446951953611033E-15, 0.000000000000000000 ) ) ;
#6427 = FACE_BOUND ( 'NONE', #2461, .T. ) ;
#6428 = AXIS2_PLACEMENT_3D ( 'NONE', #1579, #3692, #2606 ) ;
#6429 = AXIS2_PLACEMENT_3D ( 'NONE', #3346, #2734, #4289 ) ;
#6430 = CARTESIAN_POINT ( 'NONE',  ( 242.7377119667926593, -22.00000000000011724, -34.64142842854269588 ) ) ;
#6431 = EDGE_CURVE ( 'NONE', #6091, #3028, #3005, .T. ) ;
#6432 = EDGE_LOOP ( 'NONE', ( #1788, #1204, #5294, #3007 ) ) ;
#6433 = DIRECTION ( 'NONE',  ( 1.000000000000000000, 0.000000000000000000, 0.000000000000000000 ) ) ;
#6434 = VERTEX_POINT ( 'NONE', #4368 ) ;
#6435 = COORDINATED_UNIVERSAL_TIME_OFFSET ( 8, 0, .AHEAD. ) ;
#6436 = LOCAL_TIME ( 2, 14, 25.00000000000000000, #669 ) ;
#6437 = DIRECTION ( 'NONE',  ( 0.000000000000000000, 0.000000000000000000, -1.000000000000000000 ) ) ;
#6438 = VERTEX_POINT ( 'NONE', #3366 ) ;
#6439 = VECTOR ( 'NONE', #5325, 1000.000000000000000 ) ;
#6440 = CARTESIAN_POINT ( 'NONE',  ( 249.0000000000000000, 0.000000000000000000, -626.5000000000000000 ) ) ;
#6441 = CARTESIAN_POINT ( 'NONE',  ( -247.7443192243906367, -19.65778353193161010, -563.6436291137327999 ) ) ;
#6442 = ORIENTED_EDGE ( 'NONE', *, *, #2572, .F. ) ;
#6443 = EDGE_CURVE ( 'NONE', #1988, #737, #1772, .T. ) ;
#6444 = CONTEXT_DEPENDENT_SHAPE_REPRESENTATION ( #1856, #5113 ) ;
#6445 = FACE_OUTER_BOUND ( 'NONE', #3480, .T. ) ;
#6446 = ORIENTED_EDGE ( 'NONE', *, *, #1490, .T. ) ;
#6447 = CYLINDRICAL_SURFACE ( 'NONE', #3091, 10.00000000000000888 ) ;
#6448 = EDGE_LOOP ( 'NONE', ( #4033, #4764, #3694, #4532 ) ) ;
#6449 = PLANE ( 'NONE',  #2699 ) ;
#6450 = ORIENTED_EDGE ( 'NONE', *, *, #6674, .F. ) ;
#6451 = PERSON_AND_ORGANIZATION ( #3381, #1066 ) ;
#6452 = CARTESIAN_POINT ( 'NONE',  ( 181.2431562985037203, -18.17226971659762214, -36.99368742398681320 ) ) ;
#6453 = CARTESIAN_POINT ( 'NONE',  ( -252.5000000000000568, -14.99999999999988276, -37.49999999999997868 ) ) ;
#6454 = CARTESIAN_POINT ( 'NONE',  ( -252.5000000000000568, -14.99999999999988276, -599.9999999999998863 ) ) ;
#6455 = DIRECTION ( 'NONE',  ( -0.000000000000000000, -1.000000000000000000, -0.000000000000000000 ) ) ;
#6456 = ORIENTED_EDGE ( 'NONE', *, *, #1265, .F. ) ;
#6457 = CIRCLE ( 'NONE', #4750, 35.00000000000001421 ) ;
#6458 = DIRECTION ( 'NONE',  ( -1.000000000000000000, 3.469446951953611033E-15, 0.000000000000000000 ) ) ;
#6459 = CARTESIAN_POINT ( 'NONE',  ( -1.705522753754266706E-13, 5.000000000000000888, -293.0000000000001137 ) ) ;
#6460 = EDGE_CURVE ( 'NONE', #1198, #7019, #4407, .T. ) ;
#6461 = LINE ( 'NONE', #5324, #4601 ) ;
#6462 = CARTESIAN_POINT ( 'NONE',  ( 350.0000000000000000, 14.99999999999991296, -572.5000000000000000 ) ) ;
#6463 = ORIENTED_EDGE ( 'NONE', *, *, #6843, .T. ) ;
#6464 = FACE_BOUND ( 'NONE', #358, .T. ) ;
#6465 = EDGE_CURVE ( 'NONE', #6387, #4248, #3403, .T. ) ;
#6466 = DIRECTION ( 'NONE',  ( 0.000000000000000000, 0.000000000000000000, 1.000000000000000000 ) ) ;
#6467 = ORIENTED_EDGE ( 'NONE', *, *, #852, .T. ) ;
#6468 = APPROVAL_DATE_TIME ( #5869, #4326 ) ;
#6469 = EDGE_CURVE ( 'NONE', #4071, #339, #6984, .T. ) ;
#6470 = CARTESIAN_POINT ( 'NONE',  ( 51.61879502661659558, 4.999999999999820588, -271.6187950266162261 ) ) ;
#6471 = ORIENTED_EDGE ( 'NONE', *, *, #3725, .T. ) ;
#6472 = DIRECTION ( 'NONE',  ( -6.780942318374154600E-23, -4.235164736271500755E-22, 1.000000000000000000 ) ) ;
#6473 = EDGE_LOOP ( 'NONE', ( #968, #6265 ) ) ;
#6474 = APPROVAL_ROLE ( '' ) ;
#6475 = ADVANCED_FACE ( 'NONE', ( #1072 ), #5434, .F. ) ;
#6476 = CARTESIAN_POINT ( 'NONE',  ( -246.0320810640011757, 21.04767861450865141, -564.5348344921454782 ) ) ;
#6477 = ORIENTED_EDGE ( 'NONE', *, *, #335, .T. ) ;
#6478 = DIRECTION ( 'NONE',  ( -7.690840992182485042E-23, -4.235164736271500755E-22, 1.000000000000000000 ) ) ;
#6479 = EDGE_LOOP ( 'NONE', ( #2729, #1151 ) ) ;
#6480 = CARTESIAN_POINT ( 'NONE',  ( 10.00000000000000888, -17.32050807568877815, 5.000000000000004441 ) ) ;
#6481 =( NAMED_UNIT ( * ) SI_UNIT ( $, .STERADIAN. ) SOLID_ANGLE_UNIT ( ) );
#6482 = CARTESIAN_POINT ( 'NONE',  ( 185.1894867059226613, -21.61173914908062699, -35.00290123481500615 ) ) ;
#6483 = DIRECTION ( 'NONE',  ( -0.000000000000000000, 3.532527805625498298E-15, -1.000000000000000000 ) ) ;
#6484 = FACE_BOUND ( 'NONE', #5734, .T. ) ;
#6485 = ORIENTED_EDGE ( 'NONE', *, *, #6932, .T. ) ;
#6486 = CARTESIAN_POINT ( 'NONE',  ( 181.1530833485617791, 17.96147677154747058, -562.9460068756862938 ) ) ;
#6487 = DIRECTION ( 'NONE',  ( -0.000000000000000000, 1.000000000000000000, -0.000000000000000000 ) ) ;
#6488 = CARTESIAN_POINT ( 'NONE',  ( -34.29467888755102933, 5.000000000000119016, -549.3449314192175734 ) ) ;
#6489 = CARTESIAN_POINT ( 'NONE',  ( 48.50000000000023448, 5.000000000000896172, -432.5000000000001705 ) ) ;
#6490 = CARTESIAN_POINT ( 'NONE',  ( 242.4999999999998863, -22.00000000000011013, -34.64142842854261772 ) ) ;
#6491 = EDGE_LOOP ( 'NONE', ( #6905, #210, #3928, #6422 ) ) ;
#6492 = FACE_BOUND ( 'NONE', #6215, .T. ) ;
#6493 = FACE_OUTER_BOUND ( 'NONE', #2150, .T. ) ;
#6494 = VERTEX_POINT ( 'NONE', #3289 ) ;
#6495 = DATE_AND_TIME ( #4790, #1656 ) ;
#6496 = CARTESIAN_POINT ( 'NONE',  ( -187.4999999999998863, 21.99999999999992184, -565.3585715714571052 ) ) ;
#6497 = ORIENTED_EDGE ( 'NONE', *, *, #6210, .F. ) ;
#6498 = DIRECTION ( 'NONE',  ( -1.000000000000000000, -0.000000000000000000, -0.000000000000000000 ) ) ;
#6499 = ADVANCED_FACE ( 'NONE', ( #3802 ), #6119, .T. ) ;
#6500 = CARTESIAN_POINT ( 'NONE',  ( -247.1126084882291423, -20.28409637421222200, -564.0024369250064638 ) ) ;
#6501 = EDGE_LOOP ( 'NONE', ( #4890, #978, #6471, #6450 ) ) ;
#6502 = APPROVAL_STATUS ( 'not_yet_approved' ) ;
#6503 = AXIS2_PLACEMENT_3D ( 'NONE', #4754, #3070, #6269 ) ;
#6504 = CARTESIAN_POINT ( 'NONE',  ( -248.0301353466819876, 19.31493225683247772, -563.4698371414941676 ) ) ;
#6505 = ORIENTED_EDGE ( 'NONE', *, *, #4580, .F. ) ;
#6506 = DIRECTION ( 'NONE',  ( -3.469446951953614978E-15, -1.000000000000000000, -0.000000000000000000 ) ) ;
#6507 = ORIENTED_EDGE ( 'NONE', *, *, #2294, .F. ) ;
#6508 = CARTESIAN_POINT ( 'NONE',  ( -250.0000000000000000, -24.99999999999991829, -27.50000000000008171 ) ) ;
#6509 = ORIENTED_EDGE ( 'NONE', *, *, #4445, .T. ) ;
#6510 = AXIS2_PLACEMENT_3D ( 'NONE', #2359, #4393, #6554 ) ;
#6511 = AXIS2_PLACEMENT_3D ( 'NONE', #5334, #2613, #6437 ) ;
#6512 = CARTESIAN_POINT ( 'NONE',  ( 187.2620443450163634, -21.99999999999992539, -34.64142842854289484 ) ) ;
#6513 = CARTESIAN_POINT ( 'NONE',  ( 91.50000000000021316, 5.000000000000896172, -417.5000000000001705 ) ) ;
#6514 = CARTESIAN_POINT ( 'NONE',  ( 350.0000000000001137, 21.99999999999802114, -565.3585715714552862 ) ) ;
#6515 = VECTOR ( 'NONE', #6332, 1000.000000000000000 ) ;
#6516 = AXIS2_PLACEMENT_3D ( 'NONE', #2742, #180, #30 ) ;
#6517 = ORIENTED_EDGE ( 'NONE', *, *, #2511, .F. ) ;
#6518 = DIRECTION ( 'NONE',  ( -0.000000000000000000, 1.000000000000000000, -0.000000000000000000 ) ) ;
#6519 = CARTESIAN_POINT ( 'NONE',  ( 215.0000000000000568, 24.99999999999850786, -300.0000000000000568 ) ) ;
#6520 = EDGE_CURVE ( 'NONE', #2581, #441, #7034, .T. ) ;
#6521 = EDGE_CURVE ( 'NONE', #4776, #5466, #3250, .T. ) ;
#6522 = CARTESIAN_POINT ( 'NONE',  ( 177.5000000000000284, 15.00000000000014033, -599.9999999999998863 ) ) ;
#6523 = DIRECTION ( 'NONE',  ( 0.000000000000000000, 0.000000000000000000, 1.000000000000000000 ) ) ;
#6524 = CARTESIAN_POINT ( 'NONE',  ( 182.8873915117709430, 20.28409637421242095, -35.99756307499366415 ) ) ;
#6525 = DIRECTION ( 'NONE',  ( -7.690840992182485042E-23, -4.235164736271500755E-22, 1.000000000000000000 ) ) ;
#6526 = CIRCLE ( 'NONE', #3470, 4.499999999999976019 ) ;
#6527 = LINE ( 'NONE', #3364, #6568 ) ;
#6528 = AXIS2_PLACEMENT_3D ( 'NONE', #2403, #2927, #1331 ) ;
#6529 = DIRECTION ( 'NONE',  ( -1.000000000000000000, -0.000000000000000000, -0.000000000000000000 ) ) ;
#6530 = ORIENTED_EDGE ( 'NONE', *, *, #5284, .T. ) ;
#6531 = PERSON_AND_ORGANIZATION_ROLE ( 'creator' ) ;
#6532 = LINE ( 'NONE', #6639, #4717 ) ;
#6533 = DIRECTION ( 'NONE',  ( 0.000000000000000000, 0.000000000000000000, 1.000000000000000000 ) ) ;
#6534 = VECTOR ( 'NONE', #3129, 1000.000000000000000 ) ;
#6535 = EDGE_CURVE ( 'NONE', #529, #3401, #6044, .T. ) ;
#6536 = VERTEX_POINT ( 'NONE', #2786 ) ;
#6537 = DIRECTION ( 'NONE',  ( -0.000000000000000000, 1.000000000000000000, -0.000000000000000000 ) ) ;
#6538 = CIRCLE ( 'NONE', #386, 3.299999999999969624 ) ;
#6539 = CARTESIAN_POINT ( 'NONE',  ( 252.5000000000000568, 14.99999999999987743, -37.49999999999992184 ) ) ;
#6540 = LOCAL_TIME ( 2, 14, 25.00000000000000000, #3700 ) ;
#6541 = EDGE_CURVE ( 'NONE', #1660, #1988, #1205, .T. ) ;
#6542 = ORIENTED_EDGE ( 'NONE', *, *, #4989, .T. ) ;
#6543 = COORDINATED_UNIVERSAL_TIME_OFFSET ( 8, 0, .AHEAD. ) ;
#6544 = EDGE_CURVE ( 'NONE', #2009, #2793, #5540, .T. ) ;
#6545 = AXIS2_PLACEMENT_3D ( 'NONE', #4051, #6775, #6226 ) ;
#6546 = CC_DESIGN_SECURITY_CLASSIFICATION ( #2567, ( #7067 ) ) ;
#6547 = DIRECTION ( 'NONE',  ( 1.158639454543361089E-30, -1.912833620765402649E-30, 1.000000000000000000 ) ) ;
#6548 = ORIENTED_EDGE ( 'NONE', *, *, #1955, .T. ) ;
#6549 = ORIENTED_EDGE ( 'NONE', *, *, #6263, .F. ) ;
#6550 = FACE_OUTER_BOUND ( 'NONE', #4514, .T. ) ;
#6551 = CARTESIAN_POINT ( 'NONE',  ( 223.9999999999999432, -3.168293767152881912, -639.5855905926756577 ) ) ;
#6552 = FACE_BOUND ( 'NONE', #6479, .T. ) ;
#6553 = EDGE_CURVE ( 'NONE', #3503, #6438, #5144, .T. ) ;
#6554 = DIRECTION ( 'NONE',  ( 0.000000000000000000, 0.000000000000000000, 1.000000000000000000 ) ) ;
#6555 = ORIENTED_EDGE ( 'NONE', *, *, #794, .F. ) ;
#6556 = FACE_OUTER_BOUND ( 'NONE', #956, .T. ) ;
#6557 = VERTEX_POINT ( 'NONE', #5188 ) ;
#6558 = DIRECTION ( 'NONE',  ( 0.000000000000000000, 1.000000000000000000, 3.700743415417186364E-15 ) ) ;
#6559 = DIRECTION ( 'NONE',  ( -1.158639454543361089E-30, 1.912833620765402649E-30, -1.000000000000000000 ) ) ;
#6560 = DIRECTION ( 'NONE',  ( -1.000000000000000000, -0.000000000000000000, -0.000000000000000000 ) ) ;
#6561 = CIRCLE ( 'NONE', #4412, 3.500000000006497913 ) ;
#6562 = LINE ( 'NONE', #1654, #2771 ) ;
#6563 = CARTESIAN_POINT ( 'NONE',  ( 72.99999999999955946, 4.999999999999747757, -224.5000000000018190 ) ) ;
#6564 = CARTESIAN_POINT ( 'NONE',  ( 350.0000000000000000, -22.00000000000010658, -572.5000000000001137 ) ) ;
#6565 = DIRECTION ( 'NONE',  ( -0.000000000000000000, 1.000000000000000000, -0.000000000000000000 ) ) ;
#6566 = EDGE_CURVE ( 'NONE', #5665, #5454, #6870, .T. ) ;
#6567 = ORIENTED_EDGE ( 'NONE', *, *, #1544, .F. ) ;
#6568 = VECTOR ( 'NONE', #1658, 1000.000000000000000 ) ;
#6569 = DIRECTION ( 'NONE',  ( -6.780942318374154600E-23, -4.235164736271500755E-22, 1.000000000000000000 ) ) ;
#6570 = CARTESIAN_POINT ( 'NONE',  ( 250.0000000000000000, -24.99999999999991829, -27.50000000000008171 ) ) ;
#6571 = ORIENTED_EDGE ( 'NONE', *, *, #4382, .F. ) ;
#6572 = LINE ( 'NONE', #3327, #3113 ) ;
#6573 = AXIS2_PLACEMENT_3D ( 'NONE', #2853, #5079, #791 ) ;
#6574 = CARTESIAN_POINT ( 'NONE',  ( 215.0000000000000568, 24.99999999999850431, -600.0000000000000000 ) ) ;
#6575 = EDGE_CURVE ( 'NONE', #6957, #1850, #1769, .T. ) ;
#6576 = DIRECTION ( 'NONE',  ( 0.000000000000000000, 1.000000000000000000, 3.700743415417186364E-15 ) ) ;
#6577 = ORIENTED_EDGE ( 'NONE', *, *, #1450, .F. ) ;
#6578 = AXIS2_PLACEMENT_3D ( 'NONE', #4173, #3564, #5698 ) ;
#6579 = ORIENTED_EDGE ( 'NONE', *, *, #6553, .T. ) ;
#6580 = VERTEX_POINT ( 'NONE', #6292 ) ;
#6581 = DIRECTION ( 'NONE',  ( 0.000000000000000000, 0.000000000000000000, 1.000000000000000000 ) ) ;
#6582 = VERTEX_POINT ( 'NONE', #1950 ) ;
#6583 = APPLICATION_PROTOCOL_DEFINITION ( 'international standard', 'config_control_design', 1994, #3160 ) ;
#6584 = CARTESIAN_POINT ( 'NONE',  ( -72.99999999999845102, 5.000000000000254019, -220.0000000000003695 ) ) ;
#6585 = LINE ( 'NONE', #2263, #2529 ) ;
#6586 = EDGE_CURVE ( 'NONE', #5866, #2935, #1646, .T. ) ;
#6587 = EDGE_CURVE ( 'NONE', #6950, #1369, #3115, .T. ) ;
#6588 = CARTESIAN_POINT ( 'NONE',  ( 8.831319514063479347E-14, 21.99999999999924682, 0.000000000000000000 ) ) ;
#6589 = ORIENTED_EDGE ( 'NONE', *, *, #5126, .F. ) ;
#6590 = CARTESIAN_POINT ( 'NONE',  ( -34.29467888755070248, 0.000000000000000000, -490.6550685807386003 ) ) ;
#6591 = ORIENTED_EDGE ( 'NONE', *, *, #2991, .F. ) ;
#6592 = EDGE_CURVE ( 'NONE', #5176, #4071, #2854, .T. ) ;
#6593 = CARTESIAN_POINT ( 'NONE',  ( 187.0185885856999164, 22.00000000000010658, -565.3585715714569915 ) ) ;
#6594 = DIRECTION ( 'NONE',  ( 0.000000000000000000, 0.000000000000000000, -1.000000000000000000 ) ) ;
#6595 = CARTESIAN_POINT ( 'NONE',  ( -257.5251262658402425, -4.999999999999105604, -257.5251262658964606 ) ) ;
#6596 = DIRECTION ( 'NONE',  ( 0.000000000000000000, 0.000000000000000000, 1.000000000000000000 ) ) ;
#6597 = CYLINDRICAL_SURFACE ( 'NONE', #2470, 2.749999999999974687 ) ;
#6598 = ORIENTED_EDGE ( 'NONE', *, *, #2945, .F. ) ;
#6599 = DIRECTION ( 'NONE',  ( -1.000000000000000000, 0.000000000000000000, 1.586033434521926015E-16 ) ) ;
#6600 = CARTESIAN_POINT ( 'NONE',  ( -350.0000000000000000, -15.00000000000010303, -572.5000000000000000 ) ) ;
#6601 = ORIENTED_EDGE ( 'NONE', *, *, #4934, .T. ) ;
#6602 = APPROVAL_ROLE ( '' ) ;
#6603 = FACE_OUTER_BOUND ( 'NONE', #6652, .T. ) ;
#6604 = EDGE_CURVE ( 'NONE', #864, #728, #5180, .T. ) ;
#6605 = LINE ( 'NONE', #6640, #6625 ) ;
#6606 = CARTESIAN_POINT ( 'NONE',  ( 246.7716045020038678, -20.56308572749129482, -564.1847442865430367 ) ) ;
#6607 = EDGE_LOOP ( 'NONE', ( #6250, #5743, #6716, #4174 ) ) ;
#6608 = CARTESIAN_POINT ( 'NONE',  ( -214.9999999999998863, 24.99999999999999289, -1.110223024625156540E-13 ) ) ;
#6609 = DIRECTION ( 'NONE',  ( 0.000000000000000000, 0.000000000000000000, 1.000000000000000000 ) ) ;
#6610 = ORIENTED_EDGE ( 'NONE', *, *, #3501, .F. ) ;
#6611 = EDGE_LOOP ( 'NONE', ( #4271, #6133, #6456, #1818 ) ) ;
#6612 = EDGE_LOOP ( 'NONE', ( #5054, #3980, #665, #6442 ) ) ;
#6613 = DIRECTION ( 'NONE',  ( 0.000000000000000000, 0.000000000000000000, 1.000000000000000000 ) ) ;
#6614 = ORIENTED_EDGE ( 'NONE', *, *, #3466, .F. ) ;
#6615 = DATE_TIME_ROLE ( 'creation_date' ) ;
#6616 = CARTESIAN_POINT ( 'NONE',  ( 28.31980515338763382, 0.000000000000000000, -488.1801948465837881 ) ) ;
#6617 = AXIS2_PLACEMENT_3D ( 'NONE', #280, #2984, #5134 ) ;
#6618 = DIRECTION ( 'NONE',  ( 1.000000000000000000, 0.000000000000000000, 0.000000000000000000 ) ) ;
#6619 = CC_DESIGN_PERSON_AND_ORGANIZATION_ASSIGNMENT ( #1004, #6373, ( #285 ) ) ;
#6620 = CARTESIAN_POINT ( 'NONE',  ( 8.831319514063479347E-14, 21.99999999999924682, -600.0000000000000000 ) ) ;
#6621 = EDGE_LOOP ( 'NONE', ( #5272, #3450, #6243, #1916 ) ) ;
#6622 = CARTESIAN_POINT ( 'NONE',  ( 48.50000000000023448, 5.000000000000896172, -417.5000000000001705 ) ) ;
#6623 = ORIENTED_EDGE ( 'NONE', *, *, #3963, .F. ) ;
#6624 = VECTOR ( 'NONE', #5554, 1000.000000000000000 ) ;
#6625 = VECTOR ( 'NONE', #5657, 1000.000000000000000 ) ;
#6626 = CARTESIAN_POINT ( 'NONE',  ( -214.9999999999999716, 5.000000000000000888, -303.3000000000001251 ) ) ;
#6627 = LINE ( 'NONE', #1944, #2213 ) ;
#6628 = ADVANCED_FACE ( 'NONE', ( #1287, #4659 ), #6154, .F. ) ;
#6629 = DIRECTION ( 'NONE',  ( -3.532527189601535655E-15, -1.000000000000000000, 0.000000000000000000 ) ) ;
#6630 = CIRCLE ( 'NONE', #2873, 3.300000000000025135 ) ;
#6631 = ADVANCED_FACE ( 'NONE', ( #218 ), #2373, .F. ) ;
#6632 = DIRECTION ( 'NONE',  ( -6.780942318374154600E-23, -4.235164736271500755E-22, 1.000000000000000000 ) ) ;
#6633 = ORIENTED_EDGE ( 'NONE', *, *, #702, .T. ) ;
#6634 = CARTESIAN_POINT ( 'NONE',  ( 215.0000000000000568, 21.99999999999850075, -600.0000000000000000 ) ) ;
#6635 = DIRECTION ( 'NONE',  ( -0.000000000000000000, 1.000000000000000000, -0.000000000000000000 ) ) ;
#6636 = AXIS2_PLACEMENT_3D ( 'NONE', #3131, #5745, #4220 ) ;
#6637 = VERTEX_POINT ( 'NONE', #5653 ) ;
#6638 = CALENDAR_DATE ( 2026, 24, 3 ) ;
#6639 = CARTESIAN_POINT ( 'NONE',  ( -180.4999999999999147, 14.99999999999780798, -37.49999999999992184 ) ) ;
#6640 = CARTESIAN_POINT ( 'NONE',  ( -34.29467888754810190, -3.129441150662159998E-12, -559.2444263558315924 ) ) ;
#6641 = ADVANCED_FACE ( 'NONE', ( #5036 ), #792, .T. ) ;
#6642 = CARTESIAN_POINT ( 'NONE',  ( -65.00000000000170530, 2.255140518769901982E-13, -219.9999999999995737 ) ) ;
#6643 = ORIENTED_EDGE ( 'NONE', *, *, #4087, .F. ) ;
#6644 = DIRECTION ( 'NONE',  ( -1.000000000000000000, 3.469446951953612611E-15, 0.000000000000000000 ) ) ;
#6645 = DIRECTION ( 'NONE',  ( 0.000000000000000000, 0.000000000000000000, 1.000000000000000000 ) ) ;
#6646 = DIRECTION ( 'NONE',  ( 3.469446951953613400E-15, 1.000000000000000000, -0.000000000000000000 ) ) ;
#6647 = EDGE_LOOP ( 'NONE', ( #5274, #2314, #6233, #3861 ) ) ;
#6648 = EDGE_LOOP ( 'NONE', ( #3917, #3513 ) ) ;
#6649 = EDGE_CURVE ( 'NONE', #3029, #6107, #1594, .T. ) ;
#6650 = EDGE_LOOP ( 'NONE', ( #4064, #1552, #6801, #4453 ) ) ;
#6651 = CARTESIAN_POINT ( 'NONE',  ( -187.4999999999998863, 21.99999999999992184, -34.64142842854289484 ) ) ;
#6652 = EDGE_LOOP ( 'NONE', ( #2254, #2379, #5165, #6900 ) ) ;
#6653 = PERSON_AND_ORGANIZATION_ROLE ( 'creator' ) ;
#6654 = CARTESIAN_POINT ( 'NONE',  ( 187.4999999999998863, -22.00000000000014211, -34.64142842854261772 ) ) ;
#6655 = VECTOR ( 'NONE', #1187, 1000.000000000000000 ) ;
#6656 = SECURITY_CLASSIFICATION ( '', '', #6953 ) ;
#6657 = CARTESIAN_POINT ( 'NONE',  ( -40.26955262170127270, -3.106889745474461506E-12, -556.7695526216789403 ) ) ;
#6658 = CARTESIAN_POINT ( 'NONE',  ( -72.99999999999845102, 5.000000000000254019, -220.0000000000003695 ) ) ;
#6659 = ORIENTED_EDGE ( 'NONE', *, *, #1649, .T. ) ;
#6660 = CARTESIAN_POINT ( 'NONE',  ( -242.5000000000000568, -21.99999999999991829, -599.9999999999998863 ) ) ;
#6661 = ORIENTED_EDGE ( 'NONE', *, *, #5019, .T. ) ;
#6662 = AXIS2_PLACEMENT_3D ( 'NONE', #4404, #6565, #10 ) ;
#6663 = ORIENTED_EDGE ( 'NONE', *, *, #1227, .F. ) ;
#6664 = CARTESIAN_POINT ( 'NONE',  ( 242.9791971790930063, 21.98765309850407235, -34.65359085110360837 ) ) ;
#6665 = CARTESIAN_POINT ( 'NONE',  ( 350.0000000000000000, -15.00000000000010303, -572.5000000000001137 ) ) ;
#6666 = LINE ( 'NONE', #4965, #476 ) ;
#6667 = CARTESIAN_POINT ( 'NONE',  ( 250.0000000000000000, -24.99999999999991118, -27.50000000000008171 ) ) ;
#6668 = ORIENTED_EDGE ( 'NONE', *, *, #5817, .T. ) ;
#6669 = DIRECTION ( 'NONE',  ( 0.000000000000000000, 0.000000000000000000, -1.000000000000000000 ) ) ;
#6670 = CARTESIAN_POINT ( 'NONE',  ( -248.7568437014962797, -18.17226971659756884, -36.99368742398683452 ) ) ;
#6671 = DIRECTION ( 'NONE',  ( 0.000000000000000000, 1.000000000000000000, 3.700743415417186364E-15 ) ) ;
#6672 = VERTEX_POINT ( 'NONE', #3065 ) ;
#6673 = DATE_TIME_ROLE ( 'creation_date' ) ;
#6674 = EDGE_CURVE ( 'NONE', #737, #2469, #4099, .T. ) ;
#6675 = CARTESIAN_POINT ( 'NONE',  ( -214.9999999999998863, 24.99999999999999289, -600.0000000000000000 ) ) ;
#6676 = DIRECTION ( 'NONE',  ( 0.000000000000000000, 0.000000000000000000, 1.000000000000000000 ) ) ;
#6677 = CIRCLE ( 'NONE', #6904, 4.500000000000003553 ) ;
#6678 = EDGE_CURVE ( 'NONE', #3442, #6536, #4751, .T. ) ;
#6679 = EDGE_CURVE ( 'NONE', #1085, #4498, #6915, .T. ) ;
#6680 = ORIENTED_EDGE ( 'NONE', *, *, #3269, .T. ) ;
#6681 = LINE ( 'NONE', #1817, #999 ) ;
#6682 = ORIENTED_EDGE ( 'NONE', *, *, #7060, .F. ) ;
#6683 = ADVANCED_FACE ( 'NONE', ( #2632 ), #5855, .F. ) ;
#6684 = DATE_AND_TIME ( #5094, #1431 ) ;
#6685 = VECTOR ( 'NONE', #1641, 1000.000000000000000 ) ;
#6686 = ORIENTED_EDGE ( 'NONE', *, *, #6013, .T. ) ;
#6687 = ORIENTED_EDGE ( 'NONE', *, *, #5921, .F. ) ;
#6688 = CYLINDRICAL_SURFACE ( 'NONE', #1330, 10.00000000000000533 ) ;
#6689 = ORIENTED_EDGE ( 'NONE', *, *, #2230, .F. ) ;
#6690 = DIRECTION ( 'NONE',  ( 0.000000000000000000, 0.000000000000000000, -1.000000000000000000 ) ) ;
#6691 = DIRECTION ( 'NONE',  ( -1.000000000000000000, 0.000000000000000000, 1.586033343532058634E-16 ) ) ;
#6692 = VECTOR ( 'NONE', #2249, 1000.000000000000114 ) ;
#6693 = DIRECTION ( 'NONE',  ( -1.000000000000000000, 3.469446951953611033E-15, 0.000000000000000000 ) ) ;
#6694 = ORIENTED_EDGE ( 'NONE', *, *, #1776, .T. ) ;
#6695 = DIRECTION ( 'NONE',  ( 0.000000000000000000, 0.000000000000000000, 1.000000000000000000 ) ) ;
#6696 = ORIENTED_EDGE ( 'NONE', *, *, #3840, .F. ) ;
#6697 = DIRECTION ( 'NONE',  ( 0.000000000000000000, 0.000000000000000000, 1.000000000000000000 ) ) ;
#6698 = CYLINDRICAL_SURFACE ( 'NONE', #4820, 7.000000000000006217 ) ;
#6699 = CARTESIAN_POINT ( 'NONE',  ( -248.9999999999999716, 0.000000000000000000, 26.49999999999991829 ) ) ;
#6700 = DIRECTION ( 'NONE',  ( 1.000000000000000000, 0.000000000000000000, 0.000000000000000000 ) ) ;
#6701 = CARTESIAN_POINT ( 'NONE',  ( -350.0000000000000000, -15.00000000000012790, -565.5000000000000000 ) ) ;
#6702 = ORIENTED_EDGE ( 'NONE', *, *, #6012, .T. ) ;
#6703 = DIRECTION ( 'NONE',  ( -0.000000000000000000, 1.000000000000000000, -0.000000000000000000 ) ) ;
#6704 = CARTESIAN_POINT ( 'NONE',  ( -244.8105132940773956, -21.61173914908058080, -35.00290123481504878 ) ) ;
#6705 = ORIENTED_EDGE ( 'NONE', *, *, #1765, .F. ) ;
#6706 = CARTESIAN_POINT ( 'NONE',  ( -36.76955262170125138, 5.000000000000126121, -556.7695526216789403 ) ) ;
#6707 = CARTESIAN_POINT ( 'NONE',  ( -250.0000000000000000, -15.00000000000013856, 37.49999999999995026 ) ) ;
#6708 = LINE ( 'NONE', #3984, #170 ) ;
#6709 = APPLICATION_CONTEXT ( 'configuration controlled 3d designs of mechanical parts and assemblies' ) ;
#6710 = CC_DESIGN_DATE_AND_TIME_ASSIGNMENT ( #2169, #5474, ( #1664 ) ) ;
#6711 = DIRECTION ( 'NONE',  ( 0.000000000000000000, 0.000000000000000000, -1.000000000000000000 ) ) ;
#6712 = CARTESIAN_POINT ( 'NONE',  ( 252.5000000000000568, 14.99999999999987921, -562.5000000000000000 ) ) ;
#6713 = VERTEX_POINT ( 'NONE', #2017 ) ;
#6714 = EDGE_CURVE ( 'NONE', #4483, #5025, #6364, .T. ) ;
#6715 = EDGE_CURVE ( 'NONE', #2370, #3258, #705, .T. ) ;
#6716 = ORIENTED_EDGE ( 'NONE', *, *, #2513, .T. ) ;
#6717 = ORIENTED_EDGE ( 'NONE', *, *, #6761, .T. ) ;
#6718 = ORIENTED_EDGE ( 'NONE', *, *, #4148, .F. ) ;
#6719 = DIRECTION ( 'NONE',  ( -1.000000000000000000, 0.000000000000000000, 0.000000000000000000 ) ) ;
#6720 = ORIENTED_EDGE ( 'NONE', *, *, #189, .F. ) ;
#6721 = CARTESIAN_POINT ( 'NONE',  ( -246.0353393551750116, 21.04575189207791652, -35.46662394342781965 ) ) ;
#6722 = CARTESIAN_POINT ( 'NONE',  ( 350.0000000000000000, -21.99999999999991118, -627.5000000000001137 ) ) ;
#6723 = CARTESIAN_POINT ( 'NONE',  ( -249.4999999999999147, 14.99999999999987921, -562.5000000000000000 ) ) ;
#6724 = EDGE_LOOP ( 'NONE', ( #1865, #3734, #2947, #4596 ) ) ;
#6725 = LINE ( 'NONE', #65, #1624 ) ;
#6726 = ORIENTED_EDGE ( 'NONE', *, *, #3058, .T. ) ;
#6727 = ORIENTED_EDGE ( 'NONE', *, *, #2513, .F. ) ;
#6728 = EDGE_CURVE ( 'NONE', #2534, #5480, #1575, .T. ) ;
#6729 = CARTESIAN_POINT ( 'NONE',  ( -36.76955262170127270, -3.119032809806299156E-12, -556.7695526216789403 ) ) ;
#6730 = AXIS2_PLACEMENT_3D ( 'NONE', #2844, #1206, #4430 ) ;
#6731 = CARTESIAN_POINT ( 'NONE',  ( -214.9999999999999716, -4.111294638065032814E-12, -296.7000000000001023 ) ) ;
#6732 = CARTESIAN_POINT ( 'NONE',  ( 180.4999999999999147, -15.00000000000197353, -37.49999999999997868 ) ) ;
#6733 = CARTESIAN_POINT ( 'NONE',  ( -5.149933232818975119E-13, 5.000000000000000888, -519.9999999999785132 ) ) ;
#6734 = AXIS2_PLACEMENT_3D ( 'NONE', #1598, #5946, #1047 ) ;
#6735 = AXIS2_PLACEMENT_3D ( 'NONE', #5231, #3598, #6788 ) ;
#6736 = ORIENTED_EDGE ( 'NONE', *, *, #5425, .T. ) ;
#6737 = CARTESIAN_POINT ( 'NONE',  ( 350.0000000000000000, -15.00000000000012790, -565.5000000000001137 ) ) ;
#6738 = EDGE_CURVE ( 'NONE', #740, #5674, #376, .T. ) ;
#6739 = CARTESIAN_POINT ( 'NONE',  ( -51.61879502661620478, 5.000000000000177636, -168.3812049733832623 ) ) ;
#6740 = EDGE_LOOP ( 'NONE', ( #3741, #6936, #875, #4865 ) ) ;
#6741 = DIRECTION ( 'NONE',  ( -1.000000000000000000, 3.469446951953612611E-15, 0.000000000000000000 ) ) ;
#6742 = AXIS2_PLACEMENT_3D ( 'NONE', #2019, #3004, #5192 ) ;
#6743 = CARTESIAN_POINT ( 'NONE',  ( -181.2584761680793690, -18.17725335865660341, -36.98418241366670145 ) ) ;
#6744 = LINE ( 'NONE', #5689, #5982 ) ;
#6745 = AXIS2_PLACEMENT_3D ( 'NONE', #2012, #888, #2990 ) ;
#6746 = VECTOR ( 'NONE', #6360, 1000.000000000000000 ) ;
#6747 = CARTESIAN_POINT ( 'NONE',  ( -72.99999999999845102, 5.000000000000254019, -215.5000000000003695 ) ) ;
#6748 = EDGE_LOOP ( 'NONE', ( #3881, #1050, #4079, #294 ) ) ;
#6749 = CONTEXT_DEPENDENT_SHAPE_REPRESENTATION ( #3300, #5738 ) ;
#6750 = CIRCLE ( 'NONE', #3695, 7.000000000000006217 ) ;
#6751 = AXIS2_PLACEMENT_3D ( 'NONE', #5089, #5690, #3950 ) ;
#6752 = ADVANCED_FACE ( 'NONE', ( #921, #4224 ), #2120, .T. ) ;
#6753 = CYLINDRICAL_SURFACE ( 'NONE', #3606, 7.000000000000006217 ) ;
#6754 = DIRECTION ( 'NONE',  ( 0.000000000000000000, -3.532527805625498298E-15, 1.000000000000000000 ) ) ;
#6755 = ORIENTED_EDGE ( 'NONE', *, *, #3501, .T. ) ;
#6756 = ORIENTED_EDGE ( 'NONE', *, *, #5945, .F. ) ;
#6757 = DIRECTION ( 'NONE',  ( 0.000000000000000000, 0.000000000000000000, 1.000000000000000000 ) ) ;
#6758 = AXIS2_PLACEMENT_3D ( 'NONE', #2307, #3842, #1659 ) ;
#6759 = ORIENTED_EDGE ( 'NONE', *, *, #4922, .F. ) ;
#6760 = CARTESIAN_POINT ( 'NONE',  ( -242.9740840493508358, 21.98792370224588666, -34.65332335129701136 ) ) ;
#6761 = EDGE_CURVE ( 'NONE', #2696, #4976, #727, .T. ) ;
#6762 = DIRECTION ( 'NONE',  ( 0.000000000000000000, 0.000000000000000000, 1.000000000000000000 ) ) ;
#6763 = VECTOR ( 'NONE', #1491, 1000.000000000000000 ) ;
#6764 = DIRECTION ( 'NONE',  ( -0.000000000000000000, 3.532527805625498298E-15, -1.000000000000000000 ) ) ;
#6765 = VERTEX_POINT ( 'NONE', #6423 ) ;
#6766 = CARTESIAN_POINT ( 'NONE',  ( -187.0208028209070505, -21.98765309850426775, -565.3464091488966687 ) ) ;
#6767 = EDGE_CURVE ( 'NONE', #6860, #2265, #4381, .T. ) ;
#6768 = EDGE_LOOP ( 'NONE', ( #1746, #3850, #1126, #7042, #612, #1365, #748, #6507 ) ) ;
#6769 = DIRECTION ( 'NONE',  ( -0.000000000000000000, 1.000000000000000000, -0.000000000000000000 ) ) ;
#6770 = CIRCLE ( 'NONE', #734, 3.299999999999969624 ) ;
#6771 = CC_DESIGN_APPROVAL ( #6888, ( #1542 ) ) ;
#6772 = DIRECTION ( 'NONE',  ( -0.000000000000000000, 1.000000000000000000, -0.000000000000000000 ) ) ;
#6773 = EDGE_CURVE ( 'NONE', #5210, #4268, #4944, .T. ) ;
#6774 = CARTESIAN_POINT ( 'NONE',  ( 187.4999999999998863, -24.99999999999992184, -27.50000000000013500 ) ) ;
#6775 = DIRECTION ( 'NONE',  ( -0.000000000000000000, 1.000000000000000000, -0.000000000000000000 ) ) ;
#6776 = AXIS2_PLACEMENT_3D ( 'NONE', #5006, #112, #5122 ) ;
#6777 = ORIENTED_EDGE ( 'NONE', *, *, #1046, .F. ) ;
#6778 = DIRECTION ( 'NONE',  ( 0.000000000000000000, 0.000000000000000000, -1.000000000000000000 ) ) ;
#6779 = DIRECTION ( 'NONE',  ( 0.5773502691896257311, 0.5773502691896257311, 0.5773502691896257311 ) ) ;
#6780 = ORIENTED_EDGE ( 'NONE', *, *, #5293, .F. ) ;
#6781 = AXIS2_PLACEMENT_3D ( 'NONE', #1338, #299, #5159 ) ;
#6782 = DIRECTION ( 'NONE',  ( 3.469446951953613006E-15, 1.000000000000000000, -0.000000000000000000 ) ) ;
#6783 = CARTESIAN_POINT ( 'NONE',  ( -252.5000000000000568, -14.99999999999988098, -562.5000000000000000 ) ) ;
#6784 = ORIENTED_EDGE ( 'NONE', *, *, #4338, .F. ) ;
#6785 = CARTESIAN_POINT ( 'NONE',  ( 249.1166520847369270, 17.33111287727435013, -562.7654350760676607 ) ) ;
#6786 = VERTEX_POINT ( 'NONE', #5752 ) ;
#6787 = PERSON_AND_ORGANIZATION_ROLE ( 'creator' ) ;
#6788 = DIRECTION ( 'NONE',  ( 0.000000000000000000, 0.000000000000000000, -1.000000000000000000 ) ) ;
#6789 = DIRECTION ( 'NONE',  ( 3.469446951953613400E-15, 1.000000000000000000, -0.000000000000000000 ) ) ;
#6790 = ORIENTED_EDGE ( 'NONE', *, *, #889, .T. ) ;
#6791 = AXIS2_PLACEMENT_3D ( 'NONE', #2724, #6537, #5405 ) ;
#6792 = DIRECTION ( 'NONE',  ( -1.158639454543361089E-30, 1.912833620765402649E-30, -1.000000000000000000 ) ) ;
#6793 = VERTEX_POINT ( 'NONE', #3038 ) ;
#6794 = CARTESIAN_POINT ( 'NONE',  ( -249.4999999999999147, 15.00000000000012434, -37.49999999999992184 ) ) ;
#6795 = AXIS2_PLACEMENT_3D ( 'NONE', #5035, #5185, #1329 ) ;
#6796 = LINE ( 'NONE', #1938, #1152 ) ;
#6797 = EDGE_LOOP ( 'NONE', ( #723, #6659, #1740, #1262 ) ) ;
#6798 = CARTESIAN_POINT ( 'NONE',  ( -242.5000000000000568, -24.99999999999992539, -27.50000000000013500 ) ) ;
#6799 = CC_DESIGN_DATE_AND_TIME_ASSIGNMENT ( #5724, #5016, ( #45 ) ) ;
#6800 = ORIENTED_EDGE ( 'NONE', *, *, #1242, .T. ) ;
#6801 = ORIENTED_EDGE ( 'NONE', *, *, #5249, .T. ) ;
#6802 = CARTESIAN_POINT ( 'NONE',  ( 112.9999999999999289, 4.999999999999609201, -407.0000000000002842 ) ) ;
#6803 = DIRECTION ( 'NONE',  ( 1.000000000000000000, 0.000000000000000000, 0.000000000000000000 ) ) ;
#6804 = CARTESIAN_POINT ( 'NONE',  ( 6.999999999999825917, 4.999999999999976907, -445.7499999999999432 ) ) ;
#6805 = EDGE_CURVE ( 'NONE', #226, #3503, #5223, .T. ) ;
#6806 = EDGE_CURVE ( 'NONE', #1071, #4474, #5086, .T. ) ;
#6807 = CARTESIAN_POINT ( 'NONE',  ( -180.4999999999998863, 14.99999999999988987, -562.4999999999998863 ) ) ;
#6808 = EDGE_CURVE ( 'NONE', #3940, #5986, #5455, .T. ) ;
#6809 = CARTESIAN_POINT ( 'NONE',  ( -214.9999999999998863, 21.99999999999999289, -1.110223024625156540E-13 ) ) ;
#6810 = DIRECTION ( 'NONE',  ( 0.000000000000000000, 1.000000000000000000, -4.235164736271500755E-22 ) ) ;
#6811 = PRODUCT_DEFINITION_SHAPE ( 'NONE', 'NONE',  #7062 ) ;
#6812 = EDGE_CURVE ( 'NONE', #4122, #4776, #25, .T. ) ;
#6813 = ORIENTED_EDGE ( 'NONE', *, *, #4979, .F. ) ;
#6814 = DIRECTION ( 'NONE',  ( 3.700744544794450685E-15, 1.000000000000000000, 3.700742850728556176E-15 ) ) ;
#6815 = CIRCLE ( 'NONE', #3408, 4.500000000000003553 ) ;
#6816 = CARTESIAN_POINT ( 'NONE',  ( 6.999999999999825917, -2.012279232133096230E-12, -442.9999999999999432 ) ) ;
#6817 = DIRECTION ( 'NONE',  ( -1.000000000000000000, 0.000000000000000000, 0.000000000000000000 ) ) ;
#6818 = VERTEX_POINT ( 'NONE', #6069 ) ;
#6819 = CARTESIAN_POINT ( 'NONE',  ( -183.9646606448249599, -21.04575189207796981, -35.46662394342764202 ) ) ;
#6820 = AXIS2_PLACEMENT_3D ( 'NONE', #5867, #1584, #3628 ) ;
#6821 = DIRECTION ( 'NONE',  ( -1.158639454543361089E-30, 1.912833620765402649E-30, -1.000000000000000000 ) ) ;
#6822 = CARTESIAN_POINT ( 'NONE',  ( 350.0000000000000000, -15.00000000000013856, -562.5000000000001137 ) ) ;
#6823 = VERTEX_POINT ( 'NONE', #4398 ) ;
#6824 = PERSON_AND_ORGANIZATION_ROLE ( 'design_owner' ) ;
#6825 = CARTESIAN_POINT ( 'NONE',  ( -350.0000000000000000, 21.99999999999991473, -572.4999999999998863 ) ) ;
#6826 = CYLINDRICAL_SURFACE ( 'NONE', #1193, 35.00000000000001421 ) ;
#6827 = ORIENTED_EDGE ( 'NONE', *, *, #6325, .F. ) ;
#6828 = DIRECTION ( 'NONE',  ( 0.000000000000000000, 0.000000000000000000, 1.000000000000000000 ) ) ;
#6829 = VERTEX_POINT ( 'NONE', #1166 ) ;
#6830 = DIRECTION ( 'NONE',  ( 0.000000000000000000, 0.000000000000000000, 1.000000000000000000 ) ) ;
#6831 = LINE ( 'NONE', #6316, #2080 ) ;
#6832 = ORIENTED_EDGE ( 'NONE', *, *, #2619, .F. ) ;
#6833 = DIRECTION ( 'NONE',  ( -0.000000000000000000, 1.000000000000000000, -0.000000000000000000 ) ) ;
#6834 = ORIENTED_EDGE ( 'NONE', *, *, #1854, .F. ) ;
#6835 = ORIENTED_EDGE ( 'NONE', *, *, #4611, .F. ) ;
#6836 = FACE_OUTER_BOUND ( 'NONE', #582, .T. ) ;
#6837 = CC_DESIGN_PERSON_AND_ORGANIZATION_ASSIGNMENT ( #1733, #2751, ( #5193 ) ) ;
#6838 = CARTESIAN_POINT ( 'NONE',  ( 177.4999999999999147, -14.99999999999988276, -37.50000000000008527 ) ) ;
#6839 = VERTEX_POINT ( 'NONE', #6626 ) ;
#6840 = DIRECTION ( 'NONE',  ( 0.5773502691896257311, 0.5773502691896257311, -0.5773502691896257311 ) ) ;
#6841 = VECTOR ( 'NONE', #6065, 1000.000000000000000 ) ;
#6842 = ADVANCED_FACE ( 'NONE', ( #100 ), #7054, .F. ) ;
#6843 = EDGE_CURVE ( 'NONE', #2486, #3643, #1312, .T. ) ;
#6844 = CARTESIAN_POINT ( 'NONE',  ( -242.9791971790931768, -21.98765309850405103, -34.65359085110343074 ) ) ;
#6845 = CARTESIAN_POINT ( 'NONE',  ( 1.270641034760808889E-12, -8.673617379884035472E-13, -147.0000000000020748 ) ) ;
#6846 = EDGE_CURVE ( 'NONE', #226, #5102, #4960, .T. ) ;
#6847 = DIRECTION ( 'NONE',  ( -0.000000000000000000, 1.000000000000000000, -0.000000000000000000 ) ) ;
#6848 = VECTOR ( 'NONE', #4165, 1000.000000000000000 ) ;
#6849 = PLANE ( 'NONE',  #2137 ) ;
#6850 = CARTESIAN_POINT ( 'NONE',  ( -248.9999999999999716, 5.000000000000000888, 26.49999999999991829 ) ) ;
#6851 = CIRCLE ( 'NONE', #3326, 3.299999999999969624 ) ;
#6852 = AXIS2_PLACEMENT_3D ( 'NONE', #5358, #2200, #2645 ) ;
#6853 = ORIENTED_EDGE ( 'NONE', *, *, #6714, .F. ) ;
#6854 = PERSON_AND_ORGANIZATION_ROLE ( 'creator' ) ;
#6855 = EDGE_CURVE ( 'NONE', #118, #6019, #2816, .T. ) ;
#6856 = DIRECTION ( 'NONE',  ( 0.000000000000000000, 0.000000000000000000, 1.000000000000000000 ) ) ;
#6857 = CARTESIAN_POINT ( 'NONE',  ( -250.0000000000000000, 14.99999999999991296, 27.50000000000004974 ) ) ;
#6858 = VECTOR ( 'NONE', #569, 1000.000000000000000 ) ;
#6859 = AXIS2_PLACEMENT_3D ( 'NONE', #1763, #4436, #1169 ) ;
#6860 = VERTEX_POINT ( 'NONE', #1024 ) ;
#6861 = PLANE ( 'NONE',  #1565 ) ;
#6862 = CARTESIAN_POINT ( 'NONE',  ( -249.9999999999999716, 0.000000000000000000, 26.49999999999991829 ) ) ;
#6863 = ORIENTED_EDGE ( 'NONE', *, *, #2519, .T. ) ;
#6864 = AXIS2_PLACEMENT_3D ( 'NONE', #6390, #2531, #4708 ) ;
#6865 = DIRECTION ( 'NONE',  ( -0.000000000000000000, 1.000000000000000000, -0.000000000000000000 ) ) ;
#6866 = PRODUCT_DEFINITION_SHAPE ( 'NONE', 'NONE',  #4800 ) ;
#6867 = DIRECTION ( 'NONE',  ( 0.000000000000000000, 0.000000000000000000, -1.000000000000000000 ) ) ;
#6868 = VECTOR ( 'NONE', #3497, 1000.000000000000000 ) ;
#6869 = VERTEX_POINT ( 'NONE', #2269 ) ;
#6870 = CIRCLE ( 'NONE', #5287, 7.500000000000007105 ) ;
#6871 = DIRECTION ( 'NONE',  ( 0.7071067811865475727, -0.7071067811865475727, 0.000000000000000000 ) ) ;
#6872 = ORIENTED_EDGE ( 'NONE', *, *, #5050, .F. ) ;
#6873 = VERTEX_POINT ( 'NONE', #3201 ) ;
#6874 = DIRECTION ( 'NONE',  ( -1.000000000000000000, 3.469446951947220866E-15, 0.000000000000000000 ) ) ;
#6875 = CARTESIAN_POINT ( 'NONE',  ( 51.96152422706634866, 30.00000000000006750, 4.999999999999893419 ) ) ;
#6876 = DESIGN_CONTEXT ( 'detailed design', #4274, 'design' ) ;
#6877 = CARTESIAN_POINT ( 'NONE',  ( -248.3578643762689921, 25.00000000000001776, -566.6421356237309510 ) ) ;
#6878 =( GEOMETRIC_REPRESENTATION_CONTEXT ( 3 ) GLOBAL_UNCERTAINTY_ASSIGNED_CONTEXT ( ( #3032 ) ) GLOBAL_UNIT_ASSIGNED_CONTEXT ( ( #4679, #3576, #5244 ) ) REPRESENTATION_CONTEXT ( 'NONE', 'WORKASPACE' ) );
#6879 = DIRECTION ( 'NONE',  ( 3.532527189601535655E-15, 1.000000000000000000, 0.000000000000000000 ) ) ;
#6880 = DIRECTION ( 'NONE',  ( -1.000000000000000000, 0.000000000000000000, 0.000000000000000000 ) ) ;
#6881 = ORIENTED_EDGE ( 'NONE', *, *, #1625, .F. ) ;
#6882 = AXIS2_PLACEMENT_3D ( 'NONE', #6667, #3400, #1283 ) ;
#6883 = SECURITY_CLASSIFICATION ( '', '', #4371 ) ;
#6884 = CARTESIAN_POINT ( 'NONE',  ( 350.0000000000000000, 21.99999999999991473, -572.5000000000000000 ) ) ;
#6885 = CIRCLE ( 'NONE', #1662, 3.500000000000003109 ) ;
#6886 = CC_DESIGN_APPROVAL ( #2920, ( #4171 ) ) ;
#6887 = VERTEX_POINT ( 'NONE', #6035 ) ;
#6888 = APPROVAL ( #5794, 'UNSPECIFIED' ) ;
#6889 = DIRECTION ( 'NONE',  ( 0.000000000000000000, 0.000000000000000000, 1.000000000000000000 ) ) ;
#6890 = ORIENTED_EDGE ( 'NONE', *, *, #6335, .F. ) ;
#6891 = PERSON_AND_ORGANIZATION_ROLE ( 'design_owner' ) ;
#6892 = CARTESIAN_POINT ( 'NONE',  ( 51.61879502661831509, 4.999999999999820588, -168.3812049733842855 ) ) ;
#6893 = EDGE_CURVE ( 'NONE', #2317, #4010, #4324, .T. ) ;
#6894 = CARTESIAN_POINT ( 'NONE',  ( -242.4999999999999432, 24.99999999999991473, -572.5000000000000000 ) ) ;
#6895 = DIRECTION ( 'NONE',  ( 0.000000000000000000, 0.000000000000000000, -1.000000000000000000 ) ) ;
#6896 = ORIENTED_EDGE ( 'NONE', *, *, #6592, .T. ) ;
#6897 = MANIFOLD_SOLID_BREP ( 'Rectangular tube 75 X 50 X 3[2]', #584 ) ;
#6898 = EDGE_CURVE ( 'NONE', #5988, #1961, #5062, .T. ) ;
#6899 = FACE_BOUND ( 'NONE', #6290, .T. ) ;
#6900 = ORIENTED_EDGE ( 'NONE', *, *, #6158, .T. ) ;
#6901 = AXIS2_PLACEMENT_3D ( 'NONE', #2319, #4497, #3960 ) ;
#6902 = CARTESIAN_POINT ( 'NONE',  ( 350.0000000000000000, 14.99999999999991296, -572.5000000000000000 ) ) ;
#6903 = CARTESIAN_POINT ( 'NONE',  ( 182.2556807756093633, -19.65778353193159944, -563.6436291137327999 ) ) ;
#6904 = AXIS2_PLACEMENT_3D ( 'NONE', #5402, #2059, #4762 ) ;
#6905 = ORIENTED_EDGE ( 'NONE', *, *, #2752, .F. ) ;
#6906 = CARTESIAN_POINT ( 'NONE',  ( -181.4628873511624931, -18.57174344496468876, -563.1507978704238440 ) ) ;
#6907 = ORIENTED_EDGE ( 'NONE', *, *, #1946, .F. ) ;
#6908 = ORIENTED_EDGE ( 'NONE', *, *, #970, .T. ) ;
#6909 = CARTESIAN_POINT ( 'NONE',  ( 350.0000000000002274, 24.99999999999991829, -572.5000000000000000 ) ) ;
#6910 = LINE ( 'NONE', #3031, #2093 ) ;
#6911 = CARTESIAN_POINT ( 'NONE',  ( 187.4999999999998863, -22.00000000000048672, -565.3585715714577873 ) ) ;
#6912 = CARTESIAN_POINT ( 'NONE',  ( 45.71152422706634155, 30.00000000000006750, 4.999999999999893419 ) ) ;
#6913 = CARTESIAN_POINT ( 'NONE',  ( 51.61879502661831509, 4.999999999999820588, -163.8812049733843139 ) ) ;
#6914 = ORIENTED_EDGE ( 'NONE', *, *, #2885, .T. ) ;
#6915 = LINE ( 'NONE', #6983, #943 ) ;
#6916 = EDGE_CURVE ( 'NONE', #4798, #4575, #4385, .T. ) ;
#6917 = LINE ( 'NONE', #1548, #1282 ) ;
#6918 = CARTESIAN_POINT ( 'NONE',  ( 48.50000000000023448, 0.000000000000000000, -432.5000000000001705 ) ) ;
#6919 = ORIENTED_EDGE ( 'NONE', *, *, #2964, .T. ) ;
#6920 = LINE ( 'NONE', #900, #671 ) ;
#6921 = ORIENTED_EDGE ( 'NONE', *, *, #3458, .T. ) ;
#6922 = APPROVAL_ROLE ( '' ) ;
#6923 = PLANE ( 'NONE',  #6954 ) ;
#6924 = EDGE_CURVE ( 'NONE', #5986, #7046, #6199, .T. ) ;
#6925 = FACE_OUTER_BOUND ( 'NONE', #4941, .T. ) ;
#6926 = CC_DESIGN_DATE_AND_TIME_ASSIGNMENT ( #4409, #109, ( #6883 ) ) ;
#6927 = ORIENTED_EDGE ( 'NONE', *, *, #3143, .T. ) ;
#6928 = CARTESIAN_POINT ( 'NONE',  ( 51.61879502661831509, -1.047772979489991485E-12, -172.8812049733843139 ) ) ;
#6929 = CARTESIAN_POINT ( 'NONE',  ( -243.4442342979184275, -21.94004718607091320, -565.3002182191589782 ) ) ;
#6930 = ORIENTED_EDGE ( 'NONE', *, *, #5458, .T. ) ;
#6931 = CARTESIAN_POINT ( 'NONE',  ( -250.0000000000000000, 14.99999999999991296, 27.50000000000004974 ) ) ;
#6932 = EDGE_CURVE ( 'NONE', #2505, #1342, #382, .T. ) ;
#6933 = CARTESIAN_POINT ( 'NONE',  ( -242.4999999999999432, 21.99999999999802114, -565.3585715714552862 ) ) ;
#6934 = ORIENTED_EDGE ( 'NONE', *, *, #437, .T. ) ;
#6935 = DIRECTION ( 'NONE',  ( -1.000000000000000000, -0.000000000000000000, -0.000000000000000000 ) ) ;
#6936 = ORIENTED_EDGE ( 'NONE', *, *, #3422, .F. ) ;
#6937 = ORIENTED_EDGE ( 'NONE', *, *, #6351, .F. ) ;
#6938 = MANIFOLD_SOLID_BREP ( 'M6 Clearance Hole1', #6179 ) ;
#6939 = CARTESIAN_POINT ( 'NONE',  ( 250.0000000000000000, 24.99999999999991118, 27.50000000000008171 ) ) ;
#6940 = EDGE_CURVE ( 'NONE', #559, #6582, #5708, .T. ) ;
#6941 = DIRECTION ( 'NONE',  ( 3.469446951953613400E-15, 1.000000000000000000, -0.000000000000000000 ) ) ;
#6942 = DIRECTION ( 'NONE',  ( 3.532527189601535655E-15, 1.000000000000000000, -4.235164736271500755E-22 ) ) ;
#6943 = ORIENTED_EDGE ( 'NONE', *, *, #710, .T. ) ;
#6944 = CARTESIAN_POINT ( 'NONE',  ( -350.0000000000000000, 24.99999999999991118, -572.4999999999998863 ) ) ;
#6945 = PLANE ( 'NONE',  #5160 ) ;
#6946 = CARTESIAN_POINT ( 'NONE',  ( -249.9999999999999716, 4.000000000000000000, -627.5000000000001137 ) ) ;
#6947 = FACE_BOUND ( 'NONE', #1604, .T. ) ;
#6948 = DIRECTION ( 'NONE',  ( -0.000000000000000000, 1.000000000000000000, -0.000000000000000000 ) ) ;
#6949 = ADVANCED_FACE ( 'NONE', ( #1244 ), #2847, .T. ) ;
#6950 = VERTEX_POINT ( 'NONE', #5027 ) ;
#6951 = CARTESIAN_POINT ( 'NONE',  ( 51.61879502661831509, 4.999999999999820588, -172.8812049733843139 ) ) ;
#6952 = ORIENTED_EDGE ( 'NONE', *, *, #962, .T. ) ;
#6953 = SECURITY_CLASSIFICATION_LEVEL ( 'unclassified' ) ;
#6954 = AXIS2_PLACEMENT_3D ( 'NONE', #6273, #5762, #2058 ) ;
#6955 = DIRECTION ( 'NONE',  ( -1.000000000000000000, 0.000000000000000000, 0.000000000000000000 ) ) ;
#6956 = CARTESIAN_POINT ( 'NONE',  ( -242.4999999999998863, 22.00000000000011369, -600.0000000000000000 ) ) ;
#6957 = VERTEX_POINT ( 'NONE', #1320 ) ;
#6958 = AXIS2_PLACEMENT_3D ( 'NONE', #4613, #2982, #307 ) ;
#6959 = CIRCLE ( 'NONE', #6511, 7.000000000000002665 ) ;
#6960 = FACE_OUTER_BOUND ( 'NONE', #24, .T. ) ;
#6961 = DIRECTION ( 'NONE',  ( -0.000000000000000000, 1.000000000000000000, -0.000000000000000000 ) ) ;
#6962 = ORIENTED_EDGE ( 'NONE', *, *, #1132, .F. ) ;
#6963 = DATE_AND_TIME ( #5911, #5648 ) ;
#6964 = VECTOR ( 'NONE', #1209, 1000.000000000000000 ) ;
#6965 = AXIS2_PLACEMENT_3D ( 'NONE', #4748, #5378, #492 ) ;
#6966 = EDGE_CURVE ( 'NONE', #4408, #1667, #2663, .T. ) ;
#6967 = CARTESIAN_POINT ( 'NONE',  ( -186.3208577706735412, 21.90400402828985804, -565.2654308640092040 ) ) ;
#6968 = ORIENTED_EDGE ( 'NONE', *, *, #2047, .T. ) ;
#6969 = DIRECTION ( 'NONE',  ( -3.469446951953613006E-15, -1.000000000000000000, 0.000000000000000000 ) ) ;
#6970 = VERTEX_POINT ( 'NONE', #5599 ) ;
#6971 = CIRCLE ( 'NONE', #149, 10.00000000000000888 ) ;
#6972 = DIRECTION ( 'NONE',  ( -0.7071067811866154074, 2.453269466693634490E-15, 0.7071067811864796271 ) ) ;
#6973 = AXIS2_PLACEMENT_3D ( 'NONE', #5772, #2981, #6315 ) ;
#6974 = ORIENTED_EDGE ( 'NONE', *, *, #4962, .F. ) ;
#6975 = EDGE_CURVE ( 'NONE', #5025, #1119, #4833, .T. ) ;
#6976 = PERSON_AND_ORGANIZATION ( #3381, #1066 ) ;
#6977 = CARTESIAN_POINT ( 'NONE',  ( 183.2283954979959617, -20.56308572749107455, -35.81525571345718362 ) ) ;
#6978 = AXIS2_PLACEMENT_3D ( 'NONE', #3906, #6083, #3371 ) ;
#6979 = EDGE_CURVE ( 'NONE', #4183, #650, #1303, .T. ) ;
#6980 = EDGE_CURVE ( 'NONE', #4464, #6713, #2883, .T. ) ;
#6981 = EDGE_LOOP ( 'NONE', ( #3342, #5636 ) ) ;
#6982 = ADVANCED_FACE ( 'NONE', ( #5067 ), #2950, .F. ) ;
#6983 = CARTESIAN_POINT ( 'NONE',  ( -10.00000000000000888, 17.32050807568878170, -5.000000000000004441 ) ) ;
#6984 = CIRCLE ( 'NONE', #6207, 7.000000000000006217 ) ;
#6985 = LINE ( 'NONE', #4433, #4145 ) ;
#6986 = CARTESIAN_POINT ( 'NONE',  ( -187.5000000000000284, -15.00000000000010836, -600.0000000000000000 ) ) ;
#6987 = DIRECTION ( 'NONE',  ( 0.000000000000000000, 0.000000000000000000, 1.000000000000000000 ) ) ;
#6988 = DIRECTION ( 'NONE',  ( -1.000000000000000000, -0.000000000000000000, -0.000000000000000000 ) ) ;
#6989 = CIRCLE ( 'NONE', #1536, 3.300000000000025135 ) ;
#6990 = AXIS2_PLACEMENT_3D ( 'NONE', #751, #1907, #5109 ) ;
#6991 = ORIENTED_EDGE ( 'NONE', *, *, #6805, .T. ) ;
#6992 = FACE_OUTER_BOUND ( 'NONE', #5301, .T. ) ;
#6993 = ORIENTED_EDGE ( 'NONE', *, *, #205, .T. ) ;
#6994 = CALENDAR_DATE ( 2026, 24, 3 ) ;
#6995 = CC_DESIGN_APPROVAL ( #2065, ( #2669 ) ) ;
#6996 = EDGE_CURVE ( 'NONE', #6107, #3922, #1277, .T. ) ;
#6997 = EDGE_CURVE ( 'NONE', #2909, #2863, #5292, .T. ) ;
#6998 = FACE_OUTER_BOUND ( 'NONE', #3571, .T. ) ;
#6999 = CARTESIAN_POINT ( 'NONE',  ( -10.00000000000000888, 17.32050807568876039, 5.000000000000004441 ) ) ;
#7000 = VERTEX_POINT ( 'NONE', #211 ) ;
#7001 = MANIFOLD_SOLID_BREP ( 'M6 Clearance Hole1[3]', #1028 ) ;
#7002 = CIRCLE ( 'NONE', #749, 65.00000000000150635 ) ;
#7003 = DIRECTION ( 'NONE',  ( 1.000000000000000000, -3.469446951953614978E-15, 0.000000000000000000 ) ) ;
#7004 = ORGANIZATION ( 'NAUO-ORG3', 'UNSPECIFIED', 'UNSPECIFIED' ) ;
#7005 = CARTESIAN_POINT ( 'NONE',  ( 350.0000000000000000, -15.00000000000013856, -562.5000000000001137 ) ) ;
#7006 = EDGE_LOOP ( 'NONE', ( #2385, #1232, #1677, #3308 ) ) ;
#7007 = EDGE_CURVE ( 'NONE', #1637, #198, #6213, .T. ) ;
#7008 = DIRECTION ( 'NONE',  ( -6.829409932390932390E-23, -3.700742850728556176E-15, 1.000000000000000000 ) ) ;
#7009 = VERTEX_POINT ( 'NONE', #4045 ) ;
#7010 = LINE ( 'NONE', #5310, #1859 ) ;
#7011 = VECTOR ( 'NONE', #5524, 1000.000000000000000 ) ;
#7012 = ORIENTED_EDGE ( 'NONE', *, *, #4084, .F. ) ;
#7013 = CARTESIAN_POINT ( 'NONE',  ( -51.61879502661620478, -6.904199434387692236E-13, -168.3812049733832623 ) ) ;
#7014 = CARTESIAN_POINT ( 'NONE',  ( 180.4999999999999432, -15.48150225914648459, -37.49999999999991473 ) ) ;
#7015 = AXIS2_PLACEMENT_3D ( 'NONE', #4447, #4376, #3259 ) ;
#7016 = CARTESIAN_POINT ( 'NONE',  ( 215.0000000000000568, 24.99999999999850431, -603.2999999999999545 ) ) ;
#7017 = ADVANCED_FACE ( 'NONE', ( #3542 ), #818, .T. ) ;
#7018 = LINE ( 'NONE', #535, #1493 ) ;
#7019 = VERTEX_POINT ( 'NONE', #3162 ) ;
#7020 = CARTESIAN_POINT ( 'NONE',  ( 186.5485893526344228, 21.95092615166921490, -565.3096212797398721 ) ) ;
#7021 = CARTESIAN_POINT ( 'NONE',  ( 51.61879502661831509, -1.047772979489991485E-12, -163.8812049733842855 ) ) ;
#7022 = ADVANCED_FACE ( 'NONE', ( #451, #6321 ), #5347, .T. ) ;
#7023 = EDGE_CURVE ( 'NONE', #547, #2828, #44, .T. ) ;
#7024 = DIRECTION ( 'NONE',  ( 0.000000000000000000, 0.000000000000000000, 1.000000000000000000 ) ) ;
#7025 = CARTESIAN_POINT ( 'NONE',  ( 48.50000000000023448, 5.000000000000896172, -432.5000000000001705 ) ) ;
#7026 = EDGE_CURVE ( 'NONE', #1298, #5350, #2625, .T. ) ;
#7027 = CARTESIAN_POINT ( 'NONE',  ( 245.4392199811324531, -21.35710599508983165, -35.22014777899597959 ) ) ;
#7028 = ORIENTED_EDGE ( 'NONE', *, *, #710, .F. ) ;
#7029 = FACE_BOUND ( 'NONE', #2338, .T. ) ;
#7030 = ORIENTED_EDGE ( 'NONE', *, *, #852, .F. ) ;
#7031 = DATE_AND_TIME ( #6994, #3484 ) ;
#7032 = DIRECTION ( 'NONE',  ( 1.000000000000000000, 0.000000000000000000, 0.000000000000000000 ) ) ;
#7033 = AXIS2_PLACEMENT_3D ( 'NONE', #5472, #5048, #6090 ) ;
#7034 =( BOUNDED_CURVE ( )  B_SPLINE_CURVE ( 3, ( #2159, #4335, #4925, #39 ),
 .UNSPECIFIED., .F., .F. ) 
 B_SPLINE_CURVE_WITH_KNOTS ( ( 4, 4 ),
 ( 0.000000000000000000, 1.570796326794907660 ),
 .UNSPECIFIED. ) 
 CURVE ( )  GEOMETRIC_REPRESENTATION_ITEM ( )  RATIONAL_B_SPLINE_CURVE ( ( 1.000000000000000000, 0.8047378541243622729, 0.8047378541243622729, 1.000000000000000000 ) ) 
 REPRESENTATION_ITEM ( '' )  );
#7035 = ORIENTED_EDGE ( 'NONE', *, *, #3725, .F. ) ;
#7036 = CARTESIAN_POINT ( 'NONE',  ( 48.50000000000023448, 5.000000000000896172, -417.5000000000001705 ) ) ;
#7037 = CARTESIAN_POINT ( 'NONE',  ( -242.5000000000000284, -14.99999999999991829, -600.0000000000000000 ) ) ;
#7038 = VECTOR ( 'NONE', #1473, 1000.000000000000000 ) ;
#7039 = ORIENTED_EDGE ( 'NONE', *, *, #521, .T. ) ;
#7040 = APPROVAL_STATUS ( 'not_yet_approved' ) ;
#7041 = CARTESIAN_POINT ( 'NONE',  ( -185.1895825730255467, 21.62338389603907274, -565.0043546498607157 ) ) ;
#7042 = ORIENTED_EDGE ( 'NONE', *, *, #702, .F. ) ;
#7043 = FACE_OUTER_BOUND ( 'NONE', #3582, .T. ) ;
#7044 = EDGE_CURVE ( 'NONE', #5699, #5078, #1778, .T. ) ;
#7045 = EDGE_CURVE ( 'NONE', #5118, #855, #947, .T. ) ;
#7046 = VERTEX_POINT ( 'NONE', #2041 ) ;
#7047 = DIRECTION ( 'NONE',  ( -1.000000000000000000, 0.000000000000000000, 1.586033434521926015E-16 ) ) ;
#7048 = ORIENTED_EDGE ( 'NONE', *, *, #482, .T. ) ;
#7049 = CARTESIAN_POINT ( 'NONE',  ( 186.5461269622241502, -21.93880767778504648, -34.70097950981224244 ) ) ;
#7050 = LINE ( 'NONE', #2180, #2995 ) ;
#7051 = DIRECTION ( 'NONE',  ( 0.000000000000000000, 1.000000000000000000, 3.700743415417186364E-15 ) ) ;
#7052 = LINE ( 'NONE', #423, #3784 ) ;
#7053 = EDGE_LOOP ( 'NONE', ( #4713, #3997, #5833, #163 ) ) ;
#7054 = CYLINDRICAL_SURFACE ( 'NONE', #5519, 6.250000000000005329 ) ;
#7055 = DIRECTION ( 'NONE',  ( 0.000000000000000000, 1.000000000000000000, -4.235164736271500755E-22 ) ) ;
#7056 = DIRECTION ( 'NONE',  ( -0.000000000000000000, 1.000000000000000000, -0.000000000000000000 ) ) ;
#7057 = FACE_OUTER_BOUND ( 'NONE', #1828, .T. ) ;
#7058 = PLANE ( 'NONE',  #2759 ) ;
#7059 = CARTESIAN_POINT ( 'NONE',  ( -1.977584762613388179E-13, 5.000000000001121769, -219.9999999999995737 ) ) ;
#7060 = EDGE_CURVE ( 'NONE', #5373, #198, #4219, .T. ) ;
#7061 = CARTESIAN_POINT ( 'NONE',  ( 250.0000000000000000, -14.99999999999988809, -34.50000000000004974 ) ) ;
#7062 = NEXT_ASSEMBLY_USAGE_OCCURRENCE ( 'NAUO1', ' ', ' ', #45, #1585, $ ) ;
#7063 = NEXT_ASSEMBLY_USAGE_OCCURRENCE ( 'NAUO2', ' ', ' ', #45, #4800, $ ) ;
#7064 = NEXT_ASSEMBLY_USAGE_OCCURRENCE ( 'NAUO3', ' ', ' ', #45, #2192, $ ) ;
#7065 = NEXT_ASSEMBLY_USAGE_OCCURRENCE ( 'NAUO4', ' ', ' ', #45, #2192, $ ) ;
#7066 = NEXT_ASSEMBLY_USAGE_OCCURRENCE ( 'NAUO5', ' ', ' ', #45, #2192, $ ) ;
#7067 = NEXT_ASSEMBLY_USAGE_OCCURRENCE ( 'NAUO6', ' ', ' ', #45, #2192, $ ) ;
ENDSEC;
END-ISO-10303-21;
