ISO-10303-21;
HEADER;
FILE_DESCRIPTION (( 'STEP AP203' ),
    '1' );
FILE_NAME ('weld_base plate.STEP',
    '2026-03-23T18:50:06',
    ( '' ),
    ( '' ),
    'SwSTEP 2.0',
    'SolidWorks 2025',
    '' );
FILE_SCHEMA (( 'CONFIG_CONTROL_DESIGN' ));
ENDSEC;

DATA;
#1 = ADVANCED_FACE ( 'NONE', ( #501 ), #1413, .F. ) ;
#2 = CARTESIAN_POINT ( 'NONE',  ( -31.81980515338975835, -4.999999999999889866, -485.6801948465840724 ) ) ;
#3 = ORIENTED_EDGE ( 'NONE', *, *, #175, .F. ) ;
#4 = ORIENTED_EDGE ( 'NONE', *, *, #1358, .T. ) ;
#5 = CARTESIAN_POINT ( 'NONE',  ( 250.0000000000000000, 1.000000000000000888, -627.5000000000001137 ) ) ;
#6 = ORIENTED_EDGE ( 'NONE', *, *, #305, .T. ) ;
#7 = PERSON_AND_ORGANIZATION_ROLE ( 'creator' ) ;
#8 = DIRECTION ( 'NONE',  ( 0.000000000000000000, 0.000000000000000000, 1.000000000000000000 ) ) ;
#9 = DIRECTION ( 'NONE',  ( -0.000000000000000000, 1.000000000000000000, -0.000000000000000000 ) ) ;
#10 = EDGE_CURVE ( 'NONE', #2859, #660, #1784, .T. ) ;
#11 = DIRECTION ( 'NONE',  ( -0.000000000000000000, 1.000000000000000000, -0.000000000000000000 ) ) ;
#12 = DIRECTION ( 'NONE',  ( 0.000000000000000000, -1.000000000000000000, 0.000000000000000000 ) ) ;
#13 = CARTESIAN_POINT ( 'NONE',  ( 214.9999999999999432, 5.000000000000000000, -603.2999999999998408 ) ) ;
#14 = ADVANCED_FACE ( 'NONE', ( #2540 ), #1427, .T. ) ;
#15 = LINE ( 'NONE', #1199, #542 ) ;
#16 = ORIENTED_EDGE ( 'NONE', *, *, #89, .T. ) ;
#17 = EDGE_LOOP ( 'NONE', ( #1567, #484, #1881, #2314 ) ) ;
#18 = ORIENTED_EDGE ( 'NONE', *, *, #1368, .T. ) ;
#19 = CARTESIAN_POINT ( 'NONE',  ( 46.00000000000535749, 0.000000000000000000, -415.0000000000003979 ) ) ;
#20 = DIRECTION ( 'NONE',  ( 1.000000000000000000, 0.000000000000000000, 0.000000000000000000 ) ) ;
#21 = ORIENTED_EDGE ( 'NONE', *, *, #10, .F. ) ;
#22 = CIRCLE ( 'NONE', #1688, 3.300000000000025135 ) ;
#23 = CYLINDRICAL_SURFACE ( 'NONE', #2081, 3.499999999999999556 ) ;
#24 = CARTESIAN_POINT ( 'NONE',  ( 46.00000000000535749, 5.000000000000896172, -430.0000000000004547 ) ) ;
#25 = VECTOR ( 'NONE', #55, 1000.000000000000114 ) ;
#26 = ADVANCED_FACE ( 'NONE', ( #1108 ), #1625, .F. ) ;
#27 = EDGE_CURVE ( 'NONE', #1273, #2797, #1655, .T. ) ;
#28 = CYLINDRICAL_SURFACE ( 'NONE', #685, 35.00000000000002132 ) ;
#29 = EDGE_LOOP ( 'NONE', ( #1261, #2543 ) ) ;
#30 = AXIS2_PLACEMENT_3D ( 'NONE', #1220, #1233, #1024 ) ;
#31 = CARTESIAN_POINT ( 'NONE',  ( 110.5000000000049596, 4.999999999999617195, -443.2500000000002274 ) ) ;
#32 = ORIENTED_EDGE ( 'NONE', *, *, #227, .T. ) ;
#33 = VECTOR ( 'NONE', #641, 1000.000000000000000 ) ;
#34 = ORIENTED_EDGE ( 'NONE', *, *, #1045, .F. ) ;
#35 = AXIS2_PLACEMENT_3D ( 'NONE', #902, #11, #954 ) ;
#36 = CARTESIAN_POINT ( 'NONE',  ( 4.041334437186300515E-16, -4.109559914589056007E-12, -603.3000000000000682 ) ) ;
#37 = ORIENTED_EDGE ( 'NONE', *, *, #2644, .T. ) ;
#38 = DATE_AND_TIME ( #2296, #826 ) ;
#39 = CARTESIAN_POINT ( 'NONE',  ( 256.2751262658387645, -5.000000000000889067, -256.2751262658417772 ) ) ;
#40 = DIRECTION ( 'NONE',  ( -1.000000000000000000, 3.469446951953611033E-15, 0.000000000000000000 ) ) ;
#41 = ADVANCED_FACE ( 'NONE', ( #295 ), #2106, .F. ) ;
#42 = DIRECTION ( 'NONE',  ( 0.000000000000000000, 0.000000000000000000, 1.000000000000000000 ) ) ;
#43 = DIRECTION ( 'NONE',  ( 0.000000000000000000, 0.000000000000000000, 1.000000000000000000 ) ) ;
#44 = CARTESIAN_POINT ( 'NONE',  ( 0.000000000000000000, 5.000000000000000000, 26.49999999999991829 ) ) ;
#45 = EDGE_CURVE ( 'NONE', #1367, #964, #939, .T. ) ;
#46 = CARTESIAN_POINT ( 'NONE',  ( -2.151057110211108016E-13, 0.000000000000000000, -219.9999999999995737 ) ) ;
#47 = VERTEX_POINT ( 'NONE', #1316 ) ;
#48 = AXIS2_PLACEMENT_3D ( 'NONE', #1032, #2858, #335 ) ;
#49 = LINE ( 'NONE', #1191, #2847 ) ;
#50 = EDGE_CURVE ( 'NONE', #2859, #1667, #2236, .T. ) ;
#51 = CIRCLE ( 'NONE', #1134, 3.299999999999969624 ) ;
#52 = AXIS2_PLACEMENT_3D ( 'NONE', #1904, #536, #2579 ) ;
#53 = ORIENTED_EDGE ( 'NONE', *, *, #2264, .F. ) ;
#54 = DIRECTION ( 'NONE',  ( 3.469446951953613400E-15, 1.000000000000000000, -0.000000000000000000 ) ) ;
#55 = DIRECTION ( 'NONE',  ( -0.7071067811865638930, 0.000000000000000000, -0.7071067811865312525 ) ) ;
#56 = ORIENTED_EDGE ( 'NONE', *, *, #144, .F. ) ;
#57 = DIRECTION ( 'NONE',  ( 0.000000000000000000, 0.000000000000000000, 1.000000000000000000 ) ) ;
#58 = CARTESIAN_POINT ( 'NONE',  ( -34.99999999999513278, -4.100886297209171971E-12, -517.4999999999787406 ) ) ;
#59 = EDGE_LOOP ( 'NONE', ( #253, #409, #1951, #471 ) ) ;
#60 = CARTESIAN_POINT ( 'NONE',  ( 51.61879502661659558, 4.999999999999822364, -271.6187950266162261 ) ) ;
#61 = ORIENTED_EDGE ( 'NONE', *, *, #796, .F. ) ;
#62 = CARTESIAN_POINT ( 'NONE',  ( -72.99999999999845102, 5.000000000000253131, -215.5000000000003695 ) ) ;
#63 = ORIENTED_EDGE ( 'NONE', *, *, #1749, .T. ) ;
#64 = EDGE_CURVE ( 'NONE', #2513, #2267, #1566, .T. ) ;
#65 = ADVANCED_FACE ( 'NONE', ( #112 ), #1935, .F. ) ;
#66 = FACE_BOUND ( 'NONE', #222, .T. ) ;
#67 = ORIENTED_EDGE ( 'NONE', *, *, #1497, .T. ) ;
#68 = DIRECTION ( 'NONE',  ( 0.000000000000000000, 0.000000000000000000, -1.000000000000000000 ) ) ;
#69 = EDGE_LOOP ( 'NONE', ( #2180, #1332, #2490, #1968 ) ) ;
#70 = DIRECTION ( 'NONE',  ( 0.000000000000000000, 0.000000000000000000, 1.000000000000000000 ) ) ;
#71 = FACE_OUTER_BOUND ( 'NONE', #1460, .T. ) ;
#72 = PLANE ( 'NONE',  #2455 ) ;
#73 = ORIENTED_EDGE ( 'NONE', *, *, #909, .T. ) ;
#74 = EDGE_LOOP ( 'NONE', ( #523, #1541, #434, #2151 ) ) ;
#75 = AXIS2_PLACEMENT_3D ( 'NONE', #2752, #2541, #2799 ) ;
#76 = CARTESIAN_POINT ( 'NONE',  ( 39.24442635585860728, 4.999999999999864109, -483.2053211124314771 ) ) ;
#77 = ORIENTED_EDGE ( 'NONE', *, *, #2538, .F. ) ;
#78 = CIRCLE ( 'NONE', #1738, 3.499999999999999556 ) ;
#79 = CARTESIAN_POINT ( 'NONE',  ( 214.9999999999999716, -4.109559914589056007E-12, -1.110223024625156540E-13 ) ) ;
#80 = VERTEX_POINT ( 'NONE', #2614 ) ;
#81 = CARTESIAN_POINT ( 'NONE',  ( 110.5000000000049312, 4.999999999999617195, -401.7500000000006253 ) ) ;
#82 = ADVANCED_FACE ( 'NONE', ( #771 ), #1268, .F. ) ;
#83 = CARTESIAN_POINT ( 'NONE',  ( 249.0000000000000000, 0.000000000000000000, 26.49999999999991829 ) ) ;
#84 = DIRECTION ( 'NONE',  ( -0.000000000000000000, 1.000000000000000000, -0.000000000000000000 ) ) ;
#85 = APPLICATION_CONTEXT ( 'configuration controlled 3d designs of mechanical parts and assemblies' ) ;
#86 = DIRECTION ( 'NONE',  ( -0.000000000000000000, 1.000000000000000000, -0.000000000000000000 ) ) ;
#87 = ORIENTED_EDGE ( 'NONE', *, *, #2066, .F. ) ;
#88 = CARTESIAN_POINT ( 'NONE',  ( 0.000000000000000000, -4.109559914589056007E-12, -600.0000000000001137 ) ) ;
#89 = EDGE_CURVE ( 'NONE', #615, #2588, #1801, .T. ) ;
#90 = ORIENTED_EDGE ( 'NONE', *, *, #1358, .F. ) ;
#91 = CIRCLE ( 'NONE', #1127, 2.749999999999974687 ) ;
#92 = AXIS2_PLACEMENT_3D ( 'NONE', #1919, #332, #1707 ) ;
#93 = FACE_BOUND ( 'NONE', #2830, .T. ) ;
#94 = VERTEX_POINT ( 'NONE', #991 ) ;
#95 = LINE ( 'NONE', #2832, #2361 ) ;
#96 = VECTOR ( 'NONE', #462, 1000.000000000000000 ) ;
#97 = LINE ( 'NONE', #2405, #1415 ) ;
#98 = DIRECTION ( 'NONE',  ( 0.7071067811865475727, -0.7071067811865475727, 0.000000000000000000 ) ) ;
#99 = DIRECTION ( 'NONE',  ( -3.469446951953614189E-15, -1.000000000000000000, 0.000000000000000000 ) ) ;
#100 = EDGE_CURVE ( 'NONE', #2753, #2307, #2043, .T. ) ;
#101 = FACE_BOUND ( 'NONE', #1864, .T. ) ;
#102 = CYLINDRICAL_SURFACE ( 'NONE', #2279, 3.300000000000025135 ) ;
#103 = ORIENTED_EDGE ( 'NONE', *, *, #1932, .F. ) ;
#104 = CARTESIAN_POINT ( 'NONE',  ( -214.9999999999999716, 5.000000000000000000, 3.299999999999886136 ) ) ;
#105 = EDGE_CURVE ( 'NONE', #2723, #1672, #1270, .T. ) ;
#106 = VERTEX_POINT ( 'NONE', #2146 ) ;
#107 = CARTESIAN_POINT ( 'NONE',  ( 11.66190378963363194, 5.000000000003192113, -484.4999999999568558 ) ) ;
#108 = DIRECTION ( 'NONE',  ( 0.5773502691896257311, -0.5773502691896257311, -0.5773502691896257311 ) ) ;
#109 = LINE ( 'NONE', #2363, #1568 ) ;
#110 = CARTESIAN_POINT ( 'NONE',  ( -1.387778780781445676E-12, 4.814824860968089633E-27, -499.5000000000001137 ) ) ;
#111 = FACE_BOUND ( 'NONE', #892, .T. ) ;
#112 = FACE_OUTER_BOUND ( 'NONE', #880, .T. ) ;
#113 = EDGE_LOOP ( 'NONE', ( #1330, #2574 ) ) ;
#114 = EDGE_CURVE ( 'NONE', #2275, #2761, #1253, .T. ) ;
#115 = CARTESIAN_POINT ( 'NONE',  ( 51.61879502661659558, 4.999999999999821476, -271.6187950266162261 ) ) ;
#116 = AXIS2_PLACEMENT_3D ( 'NONE', #2014, #154, #862 ) ;
#117 = AXIS2_PLACEMENT_3D ( 'NONE', #994, #2187, #1698 ) ;
#118 = LINE ( 'NONE', #1093, #976 ) ;
#119 = EDGE_LOOP ( 'NONE', ( #1629, #1324, #1600, #2667 ) ) ;
#120 = CIRCLE ( 'NONE', #2950, 3.299999999999997158 ) ;
#121 = DIRECTION ( 'NONE',  ( 0.000000000000000000, 0.000000000000000000, -1.000000000000000000 ) ) ;
#122 = AXIS2_PLACEMENT_3D ( 'NONE', #804, #1728, #340 ) ;
#123 = DIRECTION ( 'NONE',  ( 1.000000000000000000, 0.000000000000000000, 0.000000000000000000 ) ) ;
#124 = LINE ( 'NONE', #743, #2333 ) ;
#125 = DIRECTION ( 'NONE',  ( 1.000000000000000000, -3.469446951953614189E-15, 0.000000000000000000 ) ) ;
#126 = AXIS2_PLACEMENT_3D ( 'NONE', #698, #292, #1588 ) ;
#127 = EDGE_CURVE ( 'NONE', #1219, #2069, #835, .T. ) ;
#128 = DIRECTION ( 'NONE',  ( 0.5773502691896257311, -0.5773502691896257311, 0.5773502691896257311 ) ) ;
#129 = DIRECTION ( 'NONE',  ( 0.000000000000000000, 0.000000000000000000, 1.000000000000000000 ) ) ;
#130 = LOCAL_TIME ( 2, 50, 6.000000000000000000, #932 ) ;
#131 = DIRECTION ( 'NONE',  ( -0.000000000000000000, 1.000000000000000000, -0.000000000000000000 ) ) ;
#132 = EDGE_CURVE ( 'NONE', #763, #1757, #91, .T. ) ;
#133 = CARTESIAN_POINT ( 'NONE',  ( 89.00000000000534328, 5.000000000000896172, -415.0000000000003979 ) ) ;
#134 = ORIENTED_EDGE ( 'NONE', *, *, #572, .F. ) ;
#135 = EDGE_LOOP ( 'NONE', ( #1370, #961 ) ) ;
#136 = VECTOR ( 'NONE', #2326, 1000.000000000000000 ) ;
#137 = FACE_OUTER_BOUND ( 'NONE', #2200, .T. ) ;
#138 = FACE_OUTER_BOUND ( 'NONE', #819, .T. ) ;
#139 = CIRCLE ( 'NONE', #2871, 3.500000000000003109 ) ;
#140 = DIRECTION ( 'NONE',  ( 0.000000000000000000, 0.000000000000000000, 1.000000000000000000 ) ) ;
#141 = LINE ( 'NONE', #2594, #1996 ) ;
#142 = LINE ( 'NONE', #1925, #1780 ) ;
#143 = EDGE_LOOP ( 'NONE', ( #590, #2598, #962, #1776 ) ) ;
#144 = EDGE_CURVE ( 'NONE', #1570, #457, #2329, .T. ) ;
#145 = EDGE_LOOP ( 'NONE', ( #1551, #390 ) ) ;
#146 = DIRECTION ( 'NONE',  ( -0.000000000000000000, 1.000000000000000000, -0.000000000000000000 ) ) ;
#147 = DIRECTION ( 'NONE',  ( 0.000000000000000000, 0.000000000000000000, -1.000000000000000000 ) ) ;
#148 = CARTESIAN_POINT ( 'NONE',  ( -34.29467888754274441, -3.099950851570554278E-12, -556.7444263558320472 ) ) ;
#149 = CARTESIAN_POINT ( 'NONE',  ( -261.2248737341402602, -4.999999999999094058, -261.2248737341398055 ) ) ;
#150 = CARTESIAN_POINT ( 'NONE',  ( 46.00000000000535749, 0.000000000000000000, -430.0000000000004547 ) ) ;
#151 = EDGE_CURVE ( 'NONE', #1367, #1306, #1922, .T. ) ;
#152 = EDGE_CURVE ( 'NONE', #2390, #1958, #141, .T. ) ;
#153 = VECTOR ( 'NONE', #1961, 1000.000000000000000 ) ;
#154 = DIRECTION ( 'NONE',  ( 3.469446951953613400E-15, 1.000000000000000000, -0.000000000000000000 ) ) ;
#155 = EDGE_LOOP ( 'NONE', ( #199, #2045, #1522, #833 ) ) ;
#156 = ORIENTED_EDGE ( 'NONE', *, *, #2851, .F. ) ;
#157 = ORIENTED_EDGE ( 'NONE', *, *, #2177, .F. ) ;
#158 = VECTOR ( 'NONE', #2922, 1000.000000000000000 ) ;
#159 = VECTOR ( 'NONE', #588, 1000.000000000000000 ) ;
#160 = EDGE_CURVE ( 'NONE', #2558, #2285, #888, .T. ) ;
#161 = EDGE_LOOP ( 'NONE', ( #2295, #719 ) ) ;
#162 = DIRECTION ( 'NONE',  ( -0.000000000000000000, 1.000000000000000000, -0.000000000000000000 ) ) ;
#163 = DIRECTION ( 'NONE',  ( 3.469446951953613400E-15, 1.000000000000000000, 0.000000000000000000 ) ) ;
#164 = CARTESIAN_POINT ( 'NONE',  ( 46.00000000000535749, 0.000000000000000000, -422.5000000000004547 ) ) ;
#165 = ORIENTED_EDGE ( 'NONE', *, *, #1146, .T. ) ;
#166 = CIRCLE ( 'NONE', #2507, 3.299999999999969624 ) ;
#167 = AXIS2_PLACEMENT_3D ( 'NONE', #519, #983, #1009 ) ;
#168 = CIRCLE ( 'NONE', #122, 3.500000000000003109 ) ;
#169 = DIRECTION ( 'NONE',  ( 0.000000000000000000, 0.000000000000000000, 1.000000000000000000 ) ) ;
#170 = CARTESIAN_POINT ( 'NONE',  ( 28.31980515339954607, 4.999999999999902300, -549.3198051533734088 ) ) ;
#171 = VECTOR ( 'NONE', #1512, 999.9999999999998863 ) ;
#172 = DIRECTION ( 'NONE',  ( 3.469446951953614189E-15, 1.000000000000000000, -0.000000000000000000 ) ) ;
#173 = DIRECTION ( 'NONE',  ( 0.000000000000000000, 0.000000000000000000, 1.000000000000000000 ) ) ;
#174 = VERTEX_POINT ( 'NONE', #2174 ) ;
#175 = EDGE_CURVE ( 'NONE', #1507, #80, #1317, .T. ) ;
#176 = ORIENTED_EDGE ( 'NONE', *, *, #1239, .F. ) ;
#177 = VERTEX_POINT ( 'NONE', #802 ) ;
#178 = ORIENTED_EDGE ( 'NONE', *, *, #901, .F. ) ;
#179 = ORIENTED_EDGE ( 'NONE', *, *, #1957, .F. ) ;
#180 = DIRECTION ( 'NONE',  ( 0.000000000000000000, 0.000000000000000000, 1.000000000000000000 ) ) ;
#181 = CARTESIAN_POINT ( 'NONE',  ( -36.76955262169551730, -3.112093915902391927E-12, -480.7304473782782566 ) ) ;
#182 = DIRECTION ( 'NONE',  ( -0.000000000000000000, -1.000000000000000000, -0.000000000000000000 ) ) ;
#183 = ORIENTED_EDGE ( 'NONE', *, *, #2462, .T. ) ;
#184 = AXIS2_PLACEMENT_3D ( 'NONE', #746, #2459, #408 ) ;
#185 = CARTESIAN_POINT ( 'NONE',  ( -72.99999999999845102, 5.000000000000254019, -224.5000000000003695 ) ) ;
#186 = CARTESIAN_POINT ( 'NONE',  ( -31.81980515338972282, -4.999999999999889866, -549.3198051533732951 ) ) ;
#187 = EDGE_CURVE ( 'NONE', #1443, #894, #2575, .T. ) ;
#188 = EDGE_CURVE ( 'NONE', #2492, #47, #1044, .T. ) ;
#189 = AXIS2_PLACEMENT_3D ( 'NONE', #1618, #1114, #2297 ) ;
#190 = DIRECTION ( 'NONE',  ( 0.000000000000000000, 0.000000000000000000, 1.000000000000000000 ) ) ;
#191 = VERTEX_POINT ( 'NONE', #2886 ) ;
#192 = DIRECTION ( 'NONE',  ( -1.000000000000000000, 3.469446951953612217E-15, 0.000000000000000000 ) ) ;
#193 = ORIENTED_EDGE ( 'NONE', *, *, #1328, .F. ) ;
#194 = DIRECTION ( 'NONE',  ( -1.000000000000000000, 0.000000000000000000, 0.000000000000000000 ) ) ;
#195 = ORIENTED_EDGE ( 'NONE', *, *, #2899, .T. ) ;
#196 = EDGE_CURVE ( 'NONE', #2688, #2588, #1669, .T. ) ;
#197 = CYLINDRICAL_SURFACE ( 'NONE', #1230, 4.500000000000003553 ) ;
#198 = DIRECTION ( 'NONE',  ( -0.7071067811865312525, 2.453269466693341034E-15, 0.7071067811865638930 ) ) ;
#199 = ORIENTED_EDGE ( 'NONE', *, *, #2196, .T. ) ;
#200 = DIRECTION ( 'NONE',  ( 0.000000000000000000, 0.000000000000000000, 1.000000000000000000 ) ) ;
#201 = FACE_OUTER_BOUND ( 'NONE', #486, .T. ) ;
#202 = CARTESIAN_POINT ( 'NONE',  ( 0.000000000000000000, 5.000000000000000000, -600.0000000000001137 ) ) ;
#203 = ADVANCED_FACE ( 'NONE', ( #525 ), #102, .F. ) ;
#204 = DIRECTION ( 'NONE',  ( -0.000000000000000000, 1.000000000000000000, -0.000000000000000000 ) ) ;
#205 = EDGE_LOOP ( 'NONE', ( #1756, #336 ) ) ;
#206 = ORIENTED_EDGE ( 'NONE', *, *, #2264, .T. ) ;
#207 = CARTESIAN_POINT ( 'NONE',  ( -51.61879502661898300, -6.895525817007808200E-13, -271.6187950266201483 ) ) ;
#208 = ORIENTED_EDGE ( 'NONE', *, *, #1722, .F. ) ;
#209 = CIRCLE ( 'NONE', #1595, 3.500000000000003109 ) ;
#210 = DATE_TIME_ROLE ( 'classification_date' ) ;
#211 = CARTESIAN_POINT ( 'NONE',  ( -39.24442635584843231, 5.000000000000135891, -483.2053211124311360 ) ) ;
#212 = CARTESIAN_POINT ( 'NONE',  ( 72.99999999999955946, 4.999999999999747757, -220.0000000000018190 ) ) ;
#213 = EDGE_CURVE ( 'NONE', #1758, #923, #416, .T. ) ;
#214 = ORIENTED_EDGE ( 'NONE', *, *, #1335, .F. ) ;
#215 = CIRCLE ( 'NONE', #1885, 4.500000000000003553 ) ;
#216 = ADVANCED_FACE ( 'NONE', ( #201 ), #1543, .F. ) ;
#217 = CARTESIAN_POINT ( 'NONE',  ( 4.908749395761609863E-12, 5.000000000000000000, -517.4999999999787406 ) ) ;
#218 = VECTOR ( 'NONE', #2932, 1000.000000000000000 ) ;
#219 = VECTOR ( 'NONE', #2306, 1000.000000000000000 ) ;
#220 = ORIENTED_EDGE ( 'NONE', *, *, #476, .T. ) ;
#221 = CARTESIAN_POINT ( 'NONE',  ( 110.5000000000049596, 4.999999999999616307, -437.7500000000002274 ) ) ;
#222 = EDGE_LOOP ( 'NONE', ( #2401, #1048, #2053, #645, #278 ) ) ;
#223 = AXIS2_PLACEMENT_3D ( 'NONE', #217, #373, #2948 ) ;
#224 = CARTESIAN_POINT ( 'NONE',  ( -1.705522753754266706E-13, -8.682290997263919508E-13, -293.0000000000001137 ) ) ;
#225 = ORIENTED_EDGE ( 'NONE', *, *, #612, .T. ) ;
#226 = ADVANCED_FACE ( 'NONE', ( #1794 ), #1102, .F. ) ;
#227 = EDGE_CURVE ( 'NONE', #1812, #2556, #989, .T. ) ;
#228 = DIRECTION ( 'NONE',  ( -1.000000000000000000, 0.000000000000000000, 0.000000000000000000 ) ) ;
#229 = ORIENTED_EDGE ( 'NONE', *, *, #2538, .T. ) ;
#230 = CARTESIAN_POINT ( 'NONE',  ( 250.0000000000000000, 1.000000000000000888, 27.49999999999992184 ) ) ;
#231 = CARTESIAN_POINT ( 'NONE',  ( 214.9999999999999432, 5.000000000000000000, -596.6999999999999318 ) ) ;
#232 = ORIENTED_EDGE ( 'NONE', *, *, #2768, .F. ) ;
#233 = LINE ( 'NONE', #2743, #453 ) ;
#234 = DIRECTION ( 'NONE',  ( -0.000000000000000000, 1.000000000000000000, -0.000000000000000000 ) ) ;
#235 = CIRCLE ( 'NONE', #2282, 3.500000000000003109 ) ;
#236 = CARTESIAN_POINT ( 'NONE',  ( -51.61879502661620478, 5.000000000000178524, -168.3812049733832623 ) ) ;
#237 = DIRECTION ( 'NONE',  ( -0.000000000000000000, 1.000000000000000000, -0.000000000000000000 ) ) ;
#238 = EDGE_LOOP ( 'NONE', ( #1385, #2944, #1334, #528 ) ) ;
#239 = ORIENTED_EDGE ( 'NONE', *, *, #403, .T. ) ;
#240 = ORIENTED_EDGE ( 'NONE', *, *, #1405, .F. ) ;
#241 = SECURITY_CLASSIFICATION_LEVEL ( 'unclassified' ) ;
#242 = DIRECTION ( 'NONE',  ( 3.469446951953613400E-15, 1.000000000000000000, 0.000000000000000000 ) ) ;
#243 = EDGE_CURVE ( 'NONE', #450, #177, #656, .T. ) ;
#244 = ADVANCED_FACE ( 'NONE', ( #2699 ), #1279, .F. ) ;
#245 = CARTESIAN_POINT ( 'NONE',  ( -36.76955262169549599, 5.000000000000127898, -480.7304473782782566 ) ) ;
#246 = ORIENTED_EDGE ( 'NONE', *, *, #2422, .T. ) ;
#247 = CARTESIAN_POINT ( 'NONE',  ( 4.500000000004964917, 4.999999999999985789, -443.2500000000002274 ) ) ;
#248 = VERTEX_POINT ( 'NONE', #1577 ) ;
#249 = DIRECTION ( 'NONE',  ( 0.000000000000000000, 0.000000000000000000, 1.000000000000000000 ) ) ;
#250 = EDGE_LOOP ( 'NONE', ( #1068, #1986, #63, #1770 ) ) ;
#251 = ADVANCED_FACE ( 'NONE', ( #432 ), #2424, .F. ) ;
#252 = FACE_OUTER_BOUND ( 'NONE', #1582, .T. ) ;
#253 = ORIENTED_EDGE ( 'NONE', *, *, #1410, .F. ) ;
#254 = CARTESIAN_POINT ( 'NONE',  ( 1.271192125820425210E-12, 5.000000000000000000, -151.5000000000020748 ) ) ;
#255 = APPROVAL_DATE_TIME ( #898, #487 ) ;
#256 = PLANE ( 'NONE',  #472 ) ;
#257 = CARTESIAN_POINT ( 'NONE',  ( -40.16666666666662877, 213.8333333333333428, -417.6666666666666856 ) ) ;
#258 = ORIENTED_EDGE ( 'NONE', *, *, #1545, .T. ) ;
#259 = EDGE_CURVE ( 'NONE', #1049, #850, #2931, .T. ) ;
#260 = VECTOR ( 'NONE', #1313, 1000.000000000000000 ) ;
#261 = EDGE_LOOP ( 'NONE', ( #90, #642, #1955, #2430, #2773 ) ) ;
#262 = CYLINDRICAL_SURFACE ( 'NONE', #1984, 4.500000000000003553 ) ;
#263 = DIRECTION ( 'NONE',  ( 0.000000000000000000, 0.000000000000000000, 1.000000000000000000 ) ) ;
#264 = EDGE_CURVE ( 'NONE', #2736, #2621, #857, .T. ) ;
#265 = CARTESIAN_POINT ( 'NONE',  ( -40.26955262169552441, -3.099950851570554278E-12, -480.7304473782782566 ) ) ;
#266 = CARTESIAN_POINT ( 'NONE',  ( -51.61879502661620478, 5.000000000000179412, -172.8812049733832623 ) ) ;
#267 = ORIENTED_EDGE ( 'NONE', *, *, #2442, .F. ) ;
#268 = AXIS2_PLACEMENT_3D ( 'NONE', #2494, #439, #1336 ) ;
#269 = DIRECTION ( 'NONE',  ( -0.000000000000000000, 1.000000000000000000, -0.000000000000000000 ) ) ;
#270 = VERTEX_POINT ( 'NONE', #1120 ) ;
#271 = AXIS2_PLACEMENT_3D ( 'NONE', #2553, #1137, #905 ) ;
#272 = ORIENTED_EDGE ( 'NONE', *, *, #1152, .T. ) ;
#273 = CIRCLE ( 'NONE', #2707, 2.749999999999974687 ) ;
#274 = EDGE_CURVE ( 'NONE', #1088, #627, #1272, .T. ) ;
#275 = EDGE_LOOP ( 'NONE', ( #2785, #1477, #1632, #1476 ) ) ;
#276 = DIRECTION ( 'NONE',  ( 0.000000000000000000, 0.000000000000000000, 1.000000000000000000 ) ) ;
#277 = DIRECTION ( 'NONE',  ( -0.000000000000000000, 1.000000000000000000, -0.000000000000000000 ) ) ;
#278 = ORIENTED_EDGE ( 'NONE', *, *, #860, .F. ) ;
#279 = VERTEX_POINT ( 'NONE', #1765 ) ;
#280 = CARTESIAN_POINT ( 'NONE',  ( 261.2248737341448077, 4.999999999999094058, -261.2248737341481046 ) ) ;
#281 = ORIENTED_EDGE ( 'NONE', *, *, #2529, .T. ) ;
#282 = CARTESIAN_POINT ( 'NONE',  ( -72.99999999999845102, -6.149594722337781150E-13, -220.0000000000003695 ) ) ;
#283 = ORIENTED_EDGE ( 'NONE', *, *, #2900, .F. ) ;
#284 = ADVANCED_FACE ( 'NONE', ( #374 ), #2683, .F. ) ;
#285 = AXIS2_PLACEMENT_3D ( 'NONE', #1015, #2628, #558 ) ;
#286 = CARTESIAN_POINT ( 'NONE',  ( 261.2248737341449782, -0.000000000000000000, -261.2248737341488436 ) ) ;
#287 = ORIENTED_EDGE ( 'NONE', *, *, #520, .F. ) ;
#288 = CIRCLE ( 'NONE', #841, 3.299999999999999378 ) ;
#289 = FACE_BOUND ( 'NONE', #982, .T. ) ;
#290 = ORIENTED_EDGE ( 'NONE', *, *, #2162, .F. ) ;
#291 = CARTESIAN_POINT ( 'NONE',  ( 214.9999999999999716, 5.000000000000000000, -296.7000000000001023 ) ) ;
#292 = DIRECTION ( 'NONE',  ( -0.000000000000000000, 1.000000000000000000, -0.000000000000000000 ) ) ;
#293 = CARTESIAN_POINT ( 'NONE',  ( -248.9999999999999716, 5.000000000000000000, -626.5000000000000000 ) ) ;
#294 = DIRECTION ( 'NONE',  ( -1.000000000000000000, 3.469446951953614583E-15, 0.000000000000000000 ) ) ;
#295 = FACE_OUTER_BOUND ( 'NONE', #17, .T. ) ;
#296 = VERTEX_POINT ( 'NONE', #1090 ) ;
#297 = CARTESIAN_POINT ( 'NONE',  ( 4.500000000004964917, 4.999999999999984901, -437.7500000000002274 ) ) ;
#298 = EDGE_CURVE ( 'NONE', #2820, #1472, #2437, .T. ) ;
#299 = EDGE_LOOP ( 'NONE', ( #157, #2005, #290, #1347, #1817 ) ) ;
#300 = CARTESIAN_POINT ( 'NONE',  ( 4.500000000004964917, 4.999999999999984901, -404.5000000000005684 ) ) ;
#301 = EDGE_LOOP ( 'NONE', ( #2132, #1084, #1154, #2648 ) ) ;
#302 = DIRECTION ( 'NONE',  ( 0.7071067811865526798, -2.452939853338570980E-15, 0.7071067811865422437 ) ) ;
#303 = DIRECTION ( 'NONE',  ( -0.7071067811865371366, 2.453269466693362333E-15, -0.7071067811865578978 ) ) ;
#304 = CARTESIAN_POINT ( 'NONE',  ( 214.9999999999999432, 5.000000000000000000, -599.9999999999998863 ) ) ;
#305 = EDGE_CURVE ( 'NONE', #2371, #1587, #372, .T. ) ;
#306 = DIRECTION ( 'NONE',  ( -0.000000000000000000, 1.000000000000000000, -0.000000000000000000 ) ) ;
#307 = CIRCLE ( 'NONE', #2403, 4.500000000000003553 ) ;
#308 = VERTEX_POINT ( 'NONE', #170 ) ;
#309 = CARTESIAN_POINT ( 'NONE',  ( 51.61879502661831509, 4.999999999999821476, -172.8812049733843139 ) ) ;
#310 = CIRCLE ( 'NONE', #2076, 3.499999999999947597 ) ;
#311 = AXIS2_PLACEMENT_3D ( 'NONE', #524, #2580, #757 ) ;
#312 = CARTESIAN_POINT ( 'NONE',  ( 34.29467888755257832, -3.354955202539144921E-12, -478.2555736441254339 ) ) ;
#313 = VERTEX_POINT ( 'NONE', #1076 ) ;
#314 = ADVANCED_FACE ( 'NONE', ( #621 ), #2451, .F. ) ;
#315 = APPROVAL_PERSON_ORGANIZATION ( #1178, #2779, #1617 ) ;
#316 = CARTESIAN_POINT ( 'NONE',  ( 214.9999999999999432, 5.000000000000000000, -596.6999999999999318 ) ) ;
#317 = FACE_OUTER_BOUND ( 'NONE', #2962, .T. ) ;
#318 = LINE ( 'NONE', #1224, #153 ) ;
#319 = CARTESIAN_POINT ( 'NONE',  ( -214.9999999999999716, 5.000000000000000000, -1.110223024625156540E-13 ) ) ;
#320 = CARTESIAN_POINT ( 'NONE',  ( 46.00000000000535749, 5.000000000000896172, -415.0000000000003979 ) ) ;
#321 = EDGE_CURVE ( 'NONE', #2390, #2435, #2232, .T. ) ;
#322 = ORIENTED_EDGE ( 'NONE', *, *, #504, .F. ) ;
#323 = DIRECTION ( 'NONE',  ( 0.000000000000000000, 0.000000000000000000, 1.000000000000000000 ) ) ;
#324 = ORIENTED_EDGE ( 'NONE', *, *, #1787, .F. ) ;
#325 = VECTOR ( 'NONE', #2592, 1000.000000000000114 ) ;
#326 = CARTESIAN_POINT ( 'NONE',  ( 83.33333333333339965, -165.6666666666666856, -460.8333333333333712 ) ) ;
#327 = ORIENTED_EDGE ( 'NONE', *, *, #885, .T. ) ;
#328 = CARTESIAN_POINT ( 'NONE',  ( 249.0000000000000000, 5.000000000000000000, 0.000000000000000000 ) ) ;
#329 = CIRCLE ( 'NONE', #1853, 4.500000000000003553 ) ;
#330 = EDGE_CURVE ( 'NONE', #2431, #931, #654, .T. ) ;
#331 = LINE ( 'NONE', #521, #2175 ) ;
#332 = DIRECTION ( 'NONE',  ( -0.000000000000000000, 1.000000000000000000, -0.000000000000000000 ) ) ;
#333 = CARTESIAN_POINT ( 'NONE',  ( 51.61879502661659558, 4.999999999999822364, -276.1187950266162261 ) ) ;
#334 = FACE_BOUND ( 'NONE', #2726, .T. ) ;
#335 = DIRECTION ( 'NONE',  ( 0.000000000000000000, 0.000000000000000000, 1.000000000000000000 ) ) ;
#336 = ORIENTED_EDGE ( 'NONE', *, *, #787, .T. ) ;
#337 = CARTESIAN_POINT ( 'NONE',  ( -72.99999999999845102, -6.149594722337781150E-13, -224.5000000000003695 ) ) ;
#338 = EDGE_LOOP ( 'NONE', ( #1880, #322, #1034, #759 ) ) ;
#339 = CC_DESIGN_DATE_AND_TIME_ASSIGNMENT ( #38, #2286, ( #1231 ) ) ;
#340 = DIRECTION ( 'NONE',  ( 0.000000000000000000, 0.000000000000000000, -1.000000000000000000 ) ) ;
#341 = ORIENTED_EDGE ( 'NONE', *, *, #349, .F. ) ;
#342 = CARTESIAN_POINT ( 'NONE',  ( 4.500000000004964917, -2.004472976491200598E-12, -404.5000000000005684 ) ) ;
#343 = CARTESIAN_POINT ( 'NONE',  ( -249.9999999999999716, 1.000000000000000888, 27.49999999999992184 ) ) ;
#344 = LINE ( 'NONE', #522, #1474 ) ;
#345 = DIRECTION ( 'NONE',  ( 0.000000000000000000, 0.000000000000000000, -1.000000000000000000 ) ) ;
#346 = EDGE_CURVE ( 'NONE', #2059, #2154, #1811, .T. ) ;
#347 = FACE_BOUND ( 'NONE', #2484, .T. ) ;
#348 = CARTESIAN_POINT ( 'NONE',  ( -34.29467888754274441, -3.120680359035819086E-12, -556.7444263558320472 ) ) ;
#349 = EDGE_CURVE ( 'NONE', #964, #2736, #139, .T. ) ;
#350 = DIRECTION ( 'NONE',  ( -0.000000000000000000, 1.000000000000000000, -0.000000000000000000 ) ) ;
#351 = DIRECTION ( 'NONE',  ( -1.000000000000000000, 0.000000000000000000, 0.000000000000000000 ) ) ;
#352 = ORIENTED_EDGE ( 'NONE', *, *, #64, .T. ) ;
#353 = CIRCLE ( 'NONE', #1404, 2.749999999999974687 ) ;
#354 = EDGE_LOOP ( 'NONE', ( #1557, #664, #1400, #1260, #577 ) ) ;
#355 = AXIS2_PLACEMENT_3D ( 'NONE', #1542, #2698, #400 ) ;
#356 = DIRECTION ( 'NONE',  ( 0.000000000000000000, -0.7071067811865475727, 0.7071067811865475727 ) ) ;
#357 = DIRECTION ( 'NONE',  ( 0.000000000000000000, 0.000000000000000000, 1.000000000000000000 ) ) ;
#358 = DIRECTION ( 'NONE',  ( 0.7071067811865441310, 0.000000000000000000, -0.7071067811865510144 ) ) ;
#359 = CIRCLE ( 'NONE', #1411, 4.500000000000003553 ) ;
#360 = FACE_BOUND ( 'NONE', #1047, .T. ) ;
#361 = DIRECTION ( 'NONE',  ( -1.000000000000000000, 3.469446951953611033E-15, 0.000000000000000000 ) ) ;
#362 = CARTESIAN_POINT ( 'NONE',  ( -261.2248737341402034, -0.000000000000000000, -261.2248737341398623 ) ) ;
#363 = ADVANCED_FACE ( 'NONE', ( #1856 ), #1360, .F. ) ;
#364 = ORIENTED_EDGE ( 'NONE', *, *, #152, .F. ) ;
#365 = AXIS2_PLACEMENT_3D ( 'NONE', #1993, #1513, #1778 ) ;
#366 = ORIENTED_EDGE ( 'NONE', *, *, #2636, .T. ) ;
#367 = AXIS2_PLACEMENT_3D ( 'NONE', #1859, #2781, #2339 ) ;
#368 = ORIENTED_EDGE ( 'NONE', *, *, #188, .F. ) ;
#369 = DIRECTION ( 'NONE',  ( 0.000000000000000000, 0.000000000000000000, 1.000000000000000000 ) ) ;
#370 = CARTESIAN_POINT ( 'NONE',  ( 0.000000000000000000, 5.000000000000000000, -1.110223024625156540E-13 ) ) ;
#371 = DIRECTION ( 'NONE',  ( 0.000000000000000000, 0.000000000000000000, 1.000000000000000000 ) ) ;
#372 = CIRCLE ( 'NONE', #1905, 65.00000000000150635 ) ;
#373 = DIRECTION ( 'NONE',  ( 0.000000000000000000, -1.000000000000000000, 0.000000000000000000 ) ) ;
#374 = FACE_OUTER_BOUND ( 'NONE', #625, .T. ) ;
#375 = DIRECTION ( 'NONE',  ( 0.000000000000000000, 0.000000000000000000, 1.000000000000000000 ) ) ;
#376 = EDGE_CURVE ( 'NONE', #1549, #2720, #2099, .T. ) ;
#377 = CARTESIAN_POINT ( 'NONE',  ( 46.00000000000535749, 5.000000000000896172, -415.0000000000003979 ) ) ;
#378 = EDGE_LOOP ( 'NONE', ( #2444, #821, #208, #1040 ) ) ;
#379 = ORIENTED_EDGE ( 'NONE', *, *, #1218, .T. ) ;
#380 = VERTEX_POINT ( 'NONE', #1196 ) ;
#381 = LINE ( 'NONE', #2663, #1716 ) ;
#382 = LINE ( 'NONE', #2036, #623 ) ;
#383 = ORIENTED_EDGE ( 'NONE', *, *, #787, .F. ) ;
#384 = DIRECTION ( 'NONE',  ( -1.000000000000000000, 3.469446951953614583E-15, 0.000000000000000000 ) ) ;
#385 = DIRECTION ( 'NONE',  ( 1.000000000000000000, -3.469446951953614978E-15, 0.000000000000000000 ) ) ;
#386 = ADVANCED_FACE ( 'NONE', ( #467 ), #2065, .F. ) ;
#387 = DIRECTION ( 'NONE',  ( 0.000000000000000000, 0.000000000000000000, 1.000000000000000000 ) ) ;
#388 = AXIS2_PLACEMENT_3D ( 'NONE', #2087, #2380, #2624 ) ;
#389 = LINE ( 'NONE', #1124, #774 ) ;
#390 = ORIENTED_EDGE ( 'NONE', *, *, #2394, .T. ) ;
#391 = ORIENTED_EDGE ( 'NONE', *, *, #1138, .F. ) ;
#392 = ORIENTED_EDGE ( 'NONE', *, *, #1635, .T. ) ;
#393 = VECTOR ( 'NONE', #204, 1000.000000000000000 ) ;
#394 = ORIENTED_EDGE ( 'NONE', *, *, #2505, .F. ) ;
#395 = CARTESIAN_POINT ( 'NONE',  ( 0.000000000000000000, 5.000000000000000000, -1.110223024625156540E-13 ) ) ;
#396 = EDGE_CURVE ( 'NONE', #2016, #2688, #602, .T. ) ;
#397 = DIRECTION ( 'NONE',  ( 0.000000000000000000, 0.000000000000000000, 1.000000000000000000 ) ) ;
#398 = ORIENTED_EDGE ( 'NONE', *, *, #1074, .T. ) ;
#399 = AXIS2_PLACEMENT_3D ( 'NONE', #1938, #1500, #1484 ) ;
#400 = DIRECTION ( 'NONE',  ( 1.000000000000000000, -3.469446951953533725E-15, 0.000000000000000000 ) ) ;
#401 = CARTESIAN_POINT ( 'NONE',  ( 214.9999999999999432, 5.000000000000000000, -599.9999999999998863 ) ) ;
#402 = DIRECTION ( 'NONE',  ( -1.000000000000000000, 3.469446951953612217E-15, 0.000000000000000000 ) ) ;
#403 = EDGE_CURVE ( 'NONE', #1757, #763, #469, .T. ) ;
#404 = CARTESIAN_POINT ( 'NONE',  ( 261.2248737341448077, 0.000000000000000000, -261.2248737341481046 ) ) ;
#405 = AXIS2_PLACEMENT_3D ( 'NONE', #2868, #2391, #2362 ) ;
#406 = CARTESIAN_POINT ( 'NONE',  ( 110.5000000000049596, 4.999999999999616307, -443.2500000000002274 ) ) ;
#407 = ORIENTED_EDGE ( 'NONE', *, *, #2139, .F. ) ;
#408 = DIRECTION ( 'NONE',  ( -1.000000000000000000, 3.469446951953611033E-15, 0.000000000000000000 ) ) ;
#409 = ORIENTED_EDGE ( 'NONE', *, *, #2125, .F. ) ;
#410 = LINE ( 'NONE', #617, #1574 ) ;
#411 = CARTESIAN_POINT ( 'NONE',  ( -51.61879502661620478, -6.895525817007808200E-13, -163.8812049733832623 ) ) ;
#412 = ORIENTED_EDGE ( 'NONE', *, *, #2528, .F. ) ;
#413 = ADVANCED_FACE ( 'NONE', ( #2274 ), #955, .F. ) ;
#414 = EDGE_CURVE ( 'NONE', #296, #1940, #1228, .T. ) ;
#415 = DIRECTION ( 'NONE',  ( 3.468980808276851749E-15, 1.000000000000000000, 5.916456789157588541E-31 ) ) ;
#416 = LINE ( 'NONE', #2010, #1469 ) ;
#417 = VECTOR ( 'NONE', #1303, 1000.000000000000000 ) ;
#418 = DIRECTION ( 'NONE',  ( 0.000000000000000000, -1.000000000000000000, 0.000000000000000000 ) ) ;
#419 = ORIENTED_EDGE ( 'NONE', *, *, #2657, .F. ) ;
#420 = EDGE_LOOP ( 'NONE', ( #2733, #1833 ) ) ;
#421 = FACE_OUTER_BOUND ( 'NONE', #1660, .T. ) ;
#422 = ORIENTED_EDGE ( 'NONE', *, *, #2109, .F. ) ;
#423 = DIRECTION ( 'NONE',  ( 0.000000000000000000, -0.7071067811865475727, -0.7071067811865475727 ) ) ;
#424 = VERTEX_POINT ( 'NONE', #1840 ) ;
#425 = EDGE_CURVE ( 'NONE', #1394, #2939, #497, .T. ) ;
#426 = EDGE_LOOP ( 'NONE', ( #957, #842, #1140, #1844 ) ) ;
#427 = PERSON_AND_ORGANIZATION ( #1491, #1418 ) ;
#428 = CARTESIAN_POINT ( 'NONE',  ( -72.99999999999845102, -6.149594722337781150E-13, -220.0000000000003695 ) ) ;
#429 = DIRECTION ( 'NONE',  ( -1.000000000000000000, 3.469446951953611033E-15, 0.000000000000000000 ) ) ;
#430 = ORIENTED_EDGE ( 'NONE', *, *, #1969, .T. ) ;
#431 = CARTESIAN_POINT ( 'NONE',  ( 46.00000000000535749, 5.000000000000896172, -415.0000000000003979 ) ) ;
#432 = FACE_OUTER_BOUND ( 'NONE', #2757, .T. ) ;
#433 = DIRECTION ( 'NONE',  ( 0.000000000000000000, -1.000000000000000000, 0.000000000000000000 ) ) ;
#434 = ORIENTED_EDGE ( 'NONE', *, *, #667, .T. ) ;
#435 = ADVANCED_FACE ( 'NONE', ( #2763 ), #2744, .F. ) ;
#436 = DIRECTION ( 'NONE',  ( 3.469446951953613400E-15, 1.000000000000000000, 0.000000000000000000 ) ) ;
#437 = ORIENTED_EDGE ( 'NONE', *, *, #50, .T. ) ;
#438 = ORIENTED_EDGE ( 'NONE', *, *, #376, .F. ) ;
#439 = DIRECTION ( 'NONE',  ( -0.000000000000000000, 1.000000000000000000, -0.000000000000000000 ) ) ;
#440 = ORIENTED_EDGE ( 'NONE', *, *, #1221, .T. ) ;
#441 = AXIS2_PLACEMENT_3D ( 'NONE', #1131, #9, #2741 ) ;
#442 = COORDINATED_UNIVERSAL_TIME_OFFSET ( 8, 0, .AHEAD. ) ;
#443 = CARTESIAN_POINT ( 'NONE',  ( 39.24442635585858596, -3.354955202539144921E-12, -483.2053211124314771 ) ) ;
#444 = DIRECTION ( 'NONE',  ( 0.000000000000000000, 0.000000000000000000, 1.000000000000000000 ) ) ;
#445 = DIRECTION ( 'NONE',  ( 0.000000000000000000, 0.000000000000000000, 1.000000000000000000 ) ) ;
#446 = CARTESIAN_POINT ( 'NONE',  ( 214.9999999999999432, -4.109559914589056007E-12, -596.6999999999999318 ) ) ;
#447 = VECTOR ( 'NONE', #1569, 999.9999999999998863 ) ;
#448 = AXIS2_PLACEMENT_3D ( 'NONE', #428, #914, #2050 ) ;
#449 = AXIS2_PLACEMENT_3D ( 'NONE', #1259, #2685, #1038 ) ;
#450 = VERTEX_POINT ( 'NONE', #293 ) ;
#451 = CARTESIAN_POINT ( 'NONE',  ( 110.5000000000049596, -2.372234353398283702E-12, -440.5000000000002274 ) ) ;
#452 = ORIENTED_EDGE ( 'NONE', *, *, #396, .T. ) ;
#453 = VECTOR ( 'NONE', #1720, 1000.000000000000000 ) ;
#454 = EDGE_CURVE ( 'NONE', #1670, #270, #2521, .T. ) ;
#455 = CARTESIAN_POINT ( 'NONE',  ( -29.34493141923674386, 0.000000000000000000, -483.2053211124310792 ) ) ;
#456 = EDGE_CURVE ( 'NONE', #2880, #1705, #1183, .T. ) ;
#457 = VERTEX_POINT ( 'NONE', #446 ) ;
#458 = AXIS2_PLACEMENT_3D ( 'NONE', #1011, #2852, #1571 ) ;
#459 = ORIENTED_EDGE ( 'NONE', *, *, #2462, .F. ) ;
#460 = ORIENTED_EDGE ( 'NONE', *, *, #2519, .F. ) ;
#461 = APPROVAL_STATUS ( 'not_yet_approved' ) ;
#462 = DIRECTION ( 'NONE',  ( -0.000000000000000000, 1.000000000000000000, -0.000000000000000000 ) ) ;
#463 = CARTESIAN_POINT ( 'NONE',  ( 256.2751262658393898, -0.000000000000000000, -256.2751262658512132 ) ) ;
#464 = ORIENTED_EDGE ( 'NONE', *, *, #548, .T. ) ;
#465 = EDGE_CURVE ( 'NONE', #616, #2425, #235, .T. ) ;
#466 = DIRECTION ( 'NONE',  ( -0.000000000000000000, 1.000000000000000000, -0.000000000000000000 ) ) ;
#467 = FACE_OUTER_BOUND ( 'NONE', #238, .T. ) ;
#468 = CLOSED_SHELL ( 'NONE', ( #984, #2875, #547, #2308, #2883, #736, #82, #203, #2375, #1965, #284, #2399, #1531, #1594, #1429, #1094, #2090, #2234, #668, #2749, #1846, #2620, #386, #65, #2283, #1809, #1843, #2487, #2140, #226, #1554, #26, #608, #818, #2730, #1648, #2493, #314, #723, #2934, #1906, #534, #1107, #363, #1020, #2188, #1430, #1025, #855, #689, #413, #2808, #41, #435, #1344, #1657, #1006, #1536, #717, #744, #2686, #2791, #216, #2559, #251, #1271, #2413, #829, #14, #948, #836, #2825, #1, #567, #494, #2787, #2488, #2334, #884, #1254, #2665, #244, #1956, #1808 ) ) ;
#469 = CIRCLE ( 'NONE', #1082, 2.749999999999974687 ) ;
#470 = CARTESIAN_POINT ( 'NONE',  ( 214.9999999999999716, 5.000000000000000000, -1.110223024625156540E-13 ) ) ;
#471 = ORIENTED_EDGE ( 'NONE', *, *, #2691, .T. ) ;
#472 = AXIS2_PLACEMENT_3D ( 'NONE', #39, #1819, #2271 ) ;
#473 = CARTESIAN_POINT ( 'NONE',  ( -51.61879502661898300, 5.000000000000179412, -271.6187950266201483 ) ) ;
#474 = VERTEX_POINT ( 'NONE', #247 ) ;
#475 = ORIENTED_EDGE ( 'NONE', *, *, #1410, .T. ) ;
#476 = EDGE_CURVE ( 'NONE', #837, #2480, #1319, .T. ) ;
#477 = ORIENTED_EDGE ( 'NONE', *, *, #1769, .T. ) ;
#478 = DIRECTION ( 'NONE',  ( -1.000000000000000000, -0.000000000000000000, -0.000000000000000000 ) ) ;
#479 = CARTESIAN_POINT ( 'NONE',  ( -214.9999999999999716, -4.109559914589056007E-12, -603.3000000000000682 ) ) ;
#480 = ORIENTED_EDGE ( 'NONE', *, *, #2051, .T. ) ;
#481 = EDGE_CURVE ( 'NONE', #1857, #1340, #344, .T. ) ;
#482 = FACE_OUTER_BOUND ( 'NONE', #1626, .T. ) ;
#483 = CARTESIAN_POINT ( 'NONE',  ( 0.000000000000000000, -4.109559914589056007E-12, -600.0000000000001137 ) ) ;
#484 = ORIENTED_EDGE ( 'NONE', *, *, #1266, .F. ) ;
#485 = CARTESIAN_POINT ( 'NONE',  ( -214.9999999999999716, 5.000000000000000000, -300.0000000000001137 ) ) ;
#486 = EDGE_LOOP ( 'NONE', ( #550, #2805, #477, #281 ) ) ;
#487 = APPROVAL ( #1275, 'UNSPECIFIED' ) ;
#488 = DIRECTION ( 'NONE',  ( -0.000000000000000000, 1.000000000000000000, -0.000000000000000000 ) ) ;
#489 = EDGE_LOOP ( 'NONE', ( #440, #2909, #2357, #2536 ) ) ;
#490 = ORIENTED_EDGE ( 'NONE', *, *, #775, .T. ) ;
#491 = LINE ( 'NONE', #933, #2872 ) ;
#492 = CARTESIAN_POINT ( 'NONE',  ( 214.9999999999999716, -4.109559914589056007E-12, -300.0000000000001137 ) ) ;
#493 = CIRCLE ( 'NONE', #772, 3.300000000000025135 ) ;
#494 = ADVANCED_FACE ( 'NONE', ( #970 ), #1249, .F. ) ;
#495 = EDGE_CURVE ( 'NONE', #1758, #1603, #1375, .T. ) ;
#496 = ORIENTED_EDGE ( 'NONE', *, *, #1635, .F. ) ;
#497 = LINE ( 'NONE', #1423, #2143 ) ;
#498 = VECTOR ( 'NONE', #1641, 1000.000000000000114 ) ;
#499 = VECTOR ( 'NONE', #2561, 999.9999999999998863 ) ;
#500 = DIRECTION ( 'NONE',  ( -0.000000000000000000, 1.000000000000000000, -0.000000000000000000 ) ) ;
#501 = FACE_OUTER_BOUND ( 'NONE', #2635, .T. ) ;
#502 = ORIENTED_EDGE ( 'NONE', *, *, #114, .F. ) ;
#503 = AXIS2_PLACEMENT_3D ( 'NONE', #470, #2539, #2105 ) ;
#504 = EDGE_CURVE ( 'NONE', #1049, #871, #2916, .T. ) ;
#505 = CARTESIAN_POINT ( 'NONE',  ( -248.9999999999999716, 0.000000000000000000, 26.49999999999991829 ) ) ;
#506 = ORIENTED_EDGE ( 'NONE', *, *, #585, .T. ) ;
#507 = CARTESIAN_POINT ( 'NONE',  ( -34.29467888754273730, 0.000000000000000000, -488.1550685807370087 ) ) ;
#508 = ORIENTED_EDGE ( 'NONE', *, *, #1335, .T. ) ;
#509 = DIRECTION ( 'NONE',  ( 0.000000000000000000, 0.000000000000000000, 1.000000000000000000 ) ) ;
#510 = DIRECTION ( 'NONE',  ( -0.000000000000000000, 1.000000000000000000, -0.000000000000000000 ) ) ;
#511 = EDGE_CURVE ( 'NONE', #2480, #474, #124, .T. ) ;
#512 = DIRECTION ( 'NONE',  ( -0.000000000000000000, 1.000000000000000000, -0.000000000000000000 ) ) ;
#513 = DIRECTION ( 'NONE',  ( 1.000000000000000000, 0.000000000000000000, 0.000000000000000000 ) ) ;
#514 = ORIENTED_EDGE ( 'NONE', *, *, #456, .F. ) ;
#515 = DIRECTION ( 'NONE',  ( -3.469446951953613400E-15, -1.000000000000000000, 0.000000000000000000 ) ) ;
#516 = ORIENTED_EDGE ( 'NONE', *, *, #1010, .F. ) ;
#517 = VERTEX_POINT ( 'NONE', #2378 ) ;
#518 = FACE_BOUND ( 'NONE', #2153, .T. ) ;
#519 = CARTESIAN_POINT ( 'NONE',  ( 0.000000000000000000, 5.000000000000000000, -1.110223024625156540E-13 ) ) ;
#520 = EDGE_CURVE ( 'NONE', #1772, #2783, #2824, .T. ) ;
#521 = CARTESIAN_POINT ( 'NONE',  ( 34.29467888755236515, -5.000000000000119016, -546.8449314192205293 ) ) ;
#522 = CARTESIAN_POINT ( 'NONE',  ( 214.9999999999999716, 5.000000000000000000, 3.299999999999886136 ) ) ;
#523 = ORIENTED_EDGE ( 'NONE', *, *, #2051, .F. ) ;
#524 = CARTESIAN_POINT ( 'NONE',  ( 0.000000000000000000, 0.000000000000000000, 0.000000000000000000 ) ) ;
#525 = FACE_OUTER_BOUND ( 'NONE', #2925, .T. ) ;
#526 = ORIENTED_EDGE ( 'NONE', *, *, #2737, .T. ) ;
#527 = CARTESIAN_POINT ( 'NONE',  ( 51.61879502661659558, 4.999999999999821476, -271.6187950266162261 ) ) ;
#528 = ORIENTED_EDGE ( 'NONE', *, *, #259, .F. ) ;
#529 = EDGE_CURVE ( 'NONE', #2417, #2621, #109, .T. ) ;
#530 = ORIENTED_EDGE ( 'NONE', *, *, #1865, .F. ) ;
#531 = DIRECTION ( 'NONE',  ( 0.000000000000000000, -0.000000000000000000, -1.000000000000000000 ) ) ;
#532 = ORIENTED_EDGE ( 'NONE', *, *, #2074, .T. ) ;
#533 = CARTESIAN_POINT ( 'NONE',  ( 4.500000000004964917, -2.004472976491200598E-12, -401.7500000000006253 ) ) ;
#534 = ADVANCED_FACE ( 'NONE', ( #317 ), #768, .F. ) ;
#535 = DIRECTION ( 'NONE',  ( 0.000000000000000000, 0.000000000000000000, 1.000000000000000000 ) ) ;
#536 = DIRECTION ( 'NONE',  ( -0.7071067811865475727, -0.7071067811865475727, -0.000000000000000000 ) ) ;
#537 = DIRECTION ( 'NONE',  ( -0.000000000000000000, 1.000000000000000000, -0.000000000000000000 ) ) ;
#538 = CARTESIAN_POINT ( 'NONE',  ( -214.9999999999999716, 5.000000000000000000, -303.3000000000001251 ) ) ;
#539 = DIRECTION ( 'NONE',  ( 0.000000000000000000, 0.000000000000000000, -1.000000000000000000 ) ) ;
#540 = AXIS2_PLACEMENT_3D ( 'NONE', #1087, #1746, #1791 ) ;
#541 = ORIENTED_EDGE ( 'NONE', *, *, #114, .T. ) ;
#542 = VECTOR ( 'NONE', #269, 1000.000000000000000 ) ;
#543 = FACE_OUTER_BOUND ( 'NONE', #1530, .T. ) ;
#544 = ORIENTED_EDGE ( 'NONE', *, *, #152, .T. ) ;
#545 = CIRCLE ( 'NONE', #2360, 4.500000000000003553 ) ;
#546 = AXIS2_PLACEMENT_3D ( 'NONE', #786, #2782, #358 ) ;
#547 = ADVANCED_FACE ( 'NONE', ( #1664 ), #785, .F. ) ;
#548 = EDGE_CURVE ( 'NONE', #1940, #296, #51, .T. ) ;
#549 = CARTESIAN_POINT ( 'NONE',  ( 29.34493141924664172, -5.000000000000101252, -483.2053211124312497 ) ) ;
#550 = ORIENTED_EDGE ( 'NONE', *, *, #1970, .F. ) ;
#551 = FACE_OUTER_BOUND ( 'NONE', #1741, .T. ) ;
#552 = AXIS2_PLACEMENT_3D ( 'NONE', #149, #1089, #856 ) ;
#553 = LINE ( 'NONE', #798, #2416 ) ;
#554 = PLANE ( 'NONE',  #1622 ) ;
#555 = CARTESIAN_POINT ( 'NONE',  ( 46.00000000000535749, 5.000000000000896172, -422.5000000000004547 ) ) ;
#556 = ORIENTED_EDGE ( 'NONE', *, *, #2467, .T. ) ;
#557 = FACE_BOUND ( 'NONE', #161, .T. ) ;
#558 = DIRECTION ( 'NONE',  ( 0.000000000000000000, 0.000000000000000000, 1.000000000000000000 ) ) ;
#559 = ORIENTED_EDGE ( 'NONE', *, *, #1176, .T. ) ;
#560 = EDGE_CURVE ( 'NONE', #1217, #660, #988, .T. ) ;
#561 = DIRECTION ( 'NONE',  ( 0.000000000000000000, 0.000000000000000000, 1.000000000000000000 ) ) ;
#562 = ORIENTED_EDGE ( 'NONE', *, *, #1290, .F. ) ;
#563 = EDGE_LOOP ( 'NONE', ( #103, #1527 ) ) ;
#564 = FACE_BOUND ( 'NONE', #1026, .T. ) ;
#565 = EDGE_LOOP ( 'NONE', ( #2428, #437, #2754, #1083 ) ) ;
#566 = CARTESIAN_POINT ( 'NONE',  ( 29.34493141924644277, 0.000000000000000000, -551.7946788875265156 ) ) ;
#567 = ADVANCED_FACE ( 'NONE', ( #2869 ), #1000, .F. ) ;
#568 = AXIS2_PLACEMENT_3D ( 'NONE', #2608, #2406, #357 ) ;
#569 = ORIENTED_EDGE ( 'NONE', *, *, #481, .F. ) ;
#570 = CARTESIAN_POINT ( 'NONE',  ( -256.2751262658347287, -4.999999999999110933, -256.2751262658421751 ) ) ;
#571 = CARTESIAN_POINT ( 'NONE',  ( 4.500000000004964917, 4.999999999999985789, -404.5000000000005684 ) ) ;
#572 = EDGE_CURVE ( 'NONE', #2431, #2415, #1449, .T. ) ;
#573 = DIRECTION ( 'NONE',  ( 0.000000000000000000, 0.000000000000000000, 1.000000000000000000 ) ) ;
#574 = ORIENTED_EDGE ( 'NONE', *, *, #1887, .F. ) ;
#575 = FACE_BOUND ( 'NONE', #2562, .T. ) ;
#576 = DIRECTION ( 'NONE',  ( 0.000000000000000000, 0.000000000000000000, 1.000000000000000000 ) ) ;
#577 = ORIENTED_EDGE ( 'NONE', *, *, #1036, .F. ) ;
#578 = DIRECTION ( 'NONE',  ( -0.000000000000000000, 1.000000000000000000, -0.000000000000000000 ) ) ;
#579 = ORIENTED_EDGE ( 'NONE', *, *, #144, .T. ) ;
#580 = ORIENTED_EDGE ( 'NONE', *, *, #924, .T. ) ;
#581 = ORIENTED_EDGE ( 'NONE', *, *, #2957, .F. ) ;
#582 = PLANE ( 'NONE',  #979 ) ;
#583 = DIRECTION ( 'NONE',  ( -0.000000000000000000, 1.000000000000000000, -0.000000000000000000 ) ) ;
#584 = CARTESIAN_POINT ( 'NONE',  ( 4.500000000004964917, -2.004472976491200598E-12, -440.5000000000002274 ) ) ;
#585 = EDGE_CURVE ( 'NONE', #106, #2415, #607, .T. ) ;
#586 = DIRECTION ( 'NONE',  ( -0.000000000000000000, 1.000000000000000000, -0.000000000000000000 ) ) ;
#587 = CARTESIAN_POINT ( 'NONE',  ( -51.61879502661898300, 5.000000000000179412, -271.6187950266201483 ) ) ;
#588 = DIRECTION ( 'NONE',  ( 0.7071067811865470176, 0.000000000000000000, -0.7071067811865480168 ) ) ;
#589 = AXIS2_PLACEMENT_3D ( 'NONE', #1754, #1106, #2029 ) ;
#590 = ORIENTED_EDGE ( 'NONE', *, *, #1823, .T. ) ;
#591 = CIRCLE ( 'NONE', #973, 65.00000000000150635 ) ;
#592 = ORIENTED_EDGE ( 'NONE', *, *, #1091, .F. ) ;
#593 = AXIS2_PLACEMENT_3D ( 'NONE', #2304, #2794, #730 ) ;
#594 = APPROVAL_ROLE ( '' ) ;
#595 = LINE ( 'NONE', #2942, #417 ) ;
#596 = PLANE ( 'NONE',  #2693 ) ;
#597 = CIRCLE ( 'NONE', #2710, 2.749999999999974687 ) ;
#598 = DIRECTION ( 'NONE',  ( 0.000000000000000000, 0.000000000000000000, 1.000000000000000000 ) ) ;
#599 = EDGE_CURVE ( 'NONE', #882, #174, #2530, .T. ) ;
#600 = ORIENTED_EDGE ( 'NONE', *, *, #761, .F. ) ;
#601 = VECTOR ( 'NONE', #1680, 1000.000000000000000 ) ;
#602 = CIRCLE ( 'NONE', #2472, 3.299999999999969624 ) ;
#603 = ORIENTED_EDGE ( 'NONE', *, *, #2936, .T. ) ;
#604 = PERSON_AND_ORGANIZATION ( #1491, #1418 ) ;
#605 = DIRECTION ( 'NONE',  ( -0.000000000000000000, -1.000000000000000000, -0.000000000000000000 ) ) ;
#606 = CARTESIAN_POINT ( 'NONE',  ( -51.61879502661898300, -6.895525817007808200E-13, -276.1187950266202051 ) ) ;
#607 = CIRCLE ( 'NONE', #1431, 2.749999999999974687 ) ;
#608 = ADVANCED_FACE ( 'NONE', ( #71 ), #554, .F. ) ;
#609 = ORIENTED_EDGE ( 'NONE', *, *, #305, .F. ) ;
#610 = DIRECTION ( 'NONE',  ( 1.000000000000000000, 0.000000000000000000, 0.000000000000000000 ) ) ;
#611 = DIRECTION ( 'NONE',  ( -3.469446951953614978E-15, -1.000000000000000000, 0.000000000000000000 ) ) ;
#612 = EDGE_CURVE ( 'NONE', #2939, #834, #288, .T. ) ;
#613 = FACE_OUTER_BOUND ( 'NONE', #1175, .T. ) ;
#614 = EDGE_CURVE ( 'NONE', #1245, #1538, #2650, .T. ) ;
#615 = VERTEX_POINT ( 'NONE', #2222 ) ;
#616 = VERTEX_POINT ( 'NONE', #1086 ) ;
#617 = CARTESIAN_POINT ( 'NONE',  ( -72.99999999999845102, 5.000000000000253131, -224.5000000000003695 ) ) ;
#618 = CARTESIAN_POINT ( 'NONE',  ( 110.5000000000049312, 4.999999999999617195, -404.5000000000005684 ) ) ;
#619 = VERTEX_POINT ( 'NONE', #2446 ) ;
#620 = DIRECTION ( 'NONE',  ( -0.000000000000000000, 1.000000000000000000, -0.000000000000000000 ) ) ;
#621 = FACE_OUTER_BOUND ( 'NONE', #74, .T. ) ;
#622 = FACE_OUTER_BOUND ( 'NONE', #2582, .T. ) ;
#623 = VECTOR ( 'NONE', #1990, 1000.000000000000000 ) ;
#624 = CARTESIAN_POINT ( 'NONE',  ( 4.891402161001826444E-12, -4.222316940527548468E-12, -517.4999999999787406 ) ) ;
#625 = EDGE_LOOP ( 'NONE', ( #2114, #1262, #906, #992 ) ) ;
#626 = EDGE_LOOP ( 'NONE', ( #2928, #1113 ) ) ;
#627 = VERTEX_POINT ( 'NONE', #852 ) ;
#628 = EDGE_CURVE ( 'NONE', #80, #865, #2679, .T. ) ;
#629 = VECTOR ( 'NONE', #2576, 1000.000000000000000 ) ;
#630 = ORIENTED_EDGE ( 'NONE', *, *, #1327, .F. ) ;
#631 = CARTESIAN_POINT ( 'NONE',  ( 0.000000000000000000, 5.000000000000000000, -1.110223024625156540E-13 ) ) ;
#632 = FACE_OUTER_BOUND ( 'NONE', #2770, .T. ) ;
#633 = DIRECTION ( 'NONE',  ( -0.7071067811865470176, 2.452939853338550469E-15, 0.7071067811865480168 ) ) ;
#634 = ORIENTED_EDGE ( 'NONE', *, *, #1126, .F. ) ;
#635 = AXIS2_PLACEMENT_3D ( 'NONE', #815, #418, #1981 ) ;
#636 = CIRCLE ( 'NONE', #593, 4.499999999999976019 ) ;
#637 = CARTESIAN_POINT ( 'NONE',  ( 51.61879502661831509, 4.999999999999822364, -168.3812049733842855 ) ) ;
#638 = DIRECTION ( 'NONE',  ( 3.469446951953613400E-15, 1.000000000000000000, -0.000000000000000000 ) ) ;
#639 = CIRCLE ( 'NONE', #1788, 3.299999999999998934 ) ;
#640 = LINE ( 'NONE', #910, #1350 ) ;
#641 = DIRECTION ( 'NONE',  ( -0.000000000000000000, 1.000000000000000000, -0.000000000000000000 ) ) ;
#642 = ORIENTED_EDGE ( 'NONE', *, *, #924, .F. ) ;
#643 = EDGE_CURVE ( 'NONE', #2958, #2324, #1322, .T. ) ;
#644 = PLANE ( 'NONE',  #1829 ) ;
#645 = ORIENTED_EDGE ( 'NONE', *, *, #1192, .F. ) ;
#646 = ORIENTED_EDGE ( 'NONE', *, *, #1315, .F. ) ;
#647 = LINE ( 'NONE', #2479, #447 ) ;
#648 = VERTEX_POINT ( 'NONE', #650 ) ;
#649 = DIRECTION ( 'NONE',  ( 1.000000000000000000, 0.000000000000000000, 0.000000000000000000 ) ) ;
#650 = CARTESIAN_POINT ( 'NONE',  ( -29.34493141923687887, 5.000000000000101252, -551.7946788875262882 ) ) ;
#651 = DIRECTION ( 'NONE',  ( 0.000000000000000000, 0.000000000000000000, -1.000000000000000000 ) ) ;
#652 = AXIS2_PLACEMENT_3D ( 'NONE', #1004, #1456, #2839 ) ;
#653 = EDGE_CURVE ( 'NONE', #738, #2556, #595, .T. ) ;
#654 = CIRCLE ( 'NONE', #1425, 2.749999999999974687 ) ;
#655 = CARTESIAN_POINT ( 'NONE',  ( -72.99999999999845102, 5.000000000000254019, -220.0000000000003695 ) ) ;
#656 = LINE ( 'NONE', #1559, #1750 ) ;
#657 = DIRECTION ( 'NONE',  ( -0.000000000000000000, 1.000000000000000000, -0.000000000000000000 ) ) ;
#658 = CARTESIAN_POINT ( 'NONE',  ( -214.9999999999999716, -4.109559914589056007E-12, 3.299999999999886136 ) ) ;
#659 = ORIENTED_EDGE ( 'NONE', *, *, #901, .T. ) ;
#660 = VERTEX_POINT ( 'NONE', #1264 ) ;
#661 = PERSON_AND_ORGANIZATION ( #1491, #1418 ) ;
#662 = DIRECTION ( 'NONE',  ( -1.000000000000000000, 3.469446951953611033E-15, 0.000000000000000000 ) ) ;
#663 = DIRECTION ( 'NONE',  ( 0.000000000000000000, 0.000000000000000000, 1.000000000000000000 ) ) ;
#664 = ORIENTED_EDGE ( 'NONE', *, *, #2247, .T. ) ;
#665 = CARTESIAN_POINT ( 'NONE',  ( 0.000000000000000000, -4.109559914589056007E-12, -596.7000000000001592 ) ) ;
#666 = DIRECTION ( 'NONE',  ( -0.7071067811865520136, 2.452939853338568613E-15, -0.7071067811865431318 ) ) ;
#667 = EDGE_CURVE ( 'NONE', #2634, #2672, #381, .T. ) ;
#668 = ADVANCED_FACE ( 'NONE', ( #2006 ), #2019, .F. ) ;
#669 = FACE_OUTER_BOUND ( 'NONE', #2147, .T. ) ;
#670 = EDGE_LOOP ( 'NONE', ( #1971, #2878 ) ) ;
#671 = LINE ( 'NONE', #1596, #2746 ) ;
#672 = ORIENTED_EDGE ( 'NONE', *, *, #1441, .F. ) ;
#673 = ORIENTED_EDGE ( 'NONE', *, *, #1379, .T. ) ;
#674 = AXIS2_PLACEMENT_3D ( 'NONE', #1931, #1482, #1467 ) ;
#675 = EDGE_LOOP ( 'NONE', ( #1414, #2923, #2021, #1396 ) ) ;
#676 = AXIS2_PLACEMENT_3D ( 'NONE', #1526, #2434, #2535 ) ;
#677 = APPROVAL_DATE_TIME ( #1371, #935 ) ;
#678 = DIRECTION ( 'NONE',  ( -1.000000000000000000, 0.000000000000000000, -0.000000000000000000 ) ) ;
#679 = LINE ( 'NONE', #953, #2305 ) ;
#680 = ORIENTED_EDGE ( 'NONE', *, *, #2204, .F. ) ;
#681 = CYLINDRICAL_SURFACE ( 'NONE', #2755, 3.299999999999997158 ) ;
#682 = DIRECTION ( 'NONE',  ( 0.000000000000000000, 0.000000000000000000, -1.000000000000000000 ) ) ;
#683 = AXIS2_PLACEMENT_3D ( 'NONE', #749, #2385, #323 ) ;
#684 = CIRCLE ( 'NONE', #1289, 19.00000000000002132 ) ;
#685 = AXIS2_PLACEMENT_3D ( 'NONE', #2570, #1842, #2764 ) ;
#686 = ORIENTED_EDGE ( 'NONE', *, *, #2899, .F. ) ;
#687 = CARTESIAN_POINT ( 'NONE',  ( -72.99999999999845102, 5.000000000000254019, -215.5000000000003695 ) ) ;
#688 = EDGE_CURVE ( 'NONE', #1472, #1534, #2382, .T. ) ;
#689 = ADVANCED_FACE ( 'NONE', ( #632 ), #1553, .F. ) ;
#690 = VECTOR ( 'NONE', #2835, 1000.000000000000000 ) ;
#691 = DIRECTION ( 'NONE',  ( -0.000000000000000000, 1.000000000000000000, -0.000000000000000000 ) ) ;
#692 = VERTEX_POINT ( 'NONE', #1284 ) ;
#693 = VERTEX_POINT ( 'NONE', #2420 ) ;
#694 = ORIENTED_EDGE ( 'NONE', *, *, #1045, .T. ) ;
#695 = DIRECTION ( 'NONE',  ( -0.000000000000000000, 1.000000000000000000, -0.000000000000000000 ) ) ;
#696 = CARTESIAN_POINT ( 'NONE',  ( 110.5000000000049312, 4.999999999999616307, -404.5000000000005684 ) ) ;
#697 = EDGE_CURVE ( 'NONE', #738, #908, #1041, .T. ) ;
#698 = CARTESIAN_POINT ( 'NONE',  ( -51.61879502661898300, 5.000000000000178524, -271.6187950266201483 ) ) ;
#699 = DIRECTION ( 'NONE',  ( -0.000000000000000000, 1.000000000000000000, -0.000000000000000000 ) ) ;
#700 = CARTESIAN_POINT ( 'NONE',  ( 4.908749395761609863E-12, 5.000000000000000000, -517.4999999999787406 ) ) ;
#701 = EDGE_LOOP ( 'NONE', ( #195, #1116, #2303, #2706 ) ) ;
#702 = ORIENTED_EDGE ( 'NONE', *, *, #1452, .F. ) ;
#703 = AXIS2_PLACEMENT_3D ( 'NONE', #181, #163, #2192 ) ;
#704 = CARTESIAN_POINT ( 'NONE',  ( 72.99999999999955946, -1.121498727219005787E-12, -220.0000000000018190 ) ) ;
#705 = ORIENTED_EDGE ( 'NONE', *, *, #1146, .F. ) ;
#706 = ORIENTED_EDGE ( 'NONE', *, *, #1166, .F. ) ;
#707 = EDGE_CURVE ( 'NONE', #1897, #2558, #410, .T. ) ;
#708 = DIRECTION ( 'NONE',  ( 3.468980808276851749E-15, 1.000000000000000000, 5.916456789157588541E-31 ) ) ;
#709 = CARTESIAN_POINT ( 'NONE',  ( 214.9999999999999432, 5.000000000000000000, -603.2999999999998408 ) ) ;
#710 = DIRECTION ( 'NONE',  ( -0.000000000000000000, 1.000000000000000000, -0.000000000000000000 ) ) ;
#711 = CARTESIAN_POINT ( 'NONE',  ( 31.81980515339951410, -5.000000000000110134, -485.6801948465840724 ) ) ;
#712 = DIRECTION ( 'NONE',  ( 0.000000000000000000, 0.000000000000000000, 1.000000000000000000 ) ) ;
#713 = CYLINDRICAL_SURFACE ( 'NONE', #1552, 4.500000000000003553 ) ;
#714 = CARTESIAN_POINT ( 'NONE',  ( -51.61879502661620478, 5.000000000000178524, -163.8812049733832623 ) ) ;
#715 = LINE ( 'NONE', #2555, #2653 ) ;
#716 = ORIENTED_EDGE ( 'NONE', *, *, #520, .T. ) ;
#717 = ADVANCED_FACE ( 'NONE', ( #2482 ), #1989, .F. ) ;
#718 = LINE ( 'NONE', #62, #1208 ) ;
#719 = ORIENTED_EDGE ( 'NONE', *, *, #495, .T. ) ;
#720 = FACE_BOUND ( 'NONE', #2809, .T. ) ;
#721 = ORIENTED_EDGE ( 'NONE', *, *, #2957, .T. ) ;
#722 = PLANE ( 'NONE',  #1499 ) ;
#723 = ADVANCED_FACE ( 'NONE', ( #2240 ), #197, .F. ) ;
#724 = EDGE_CURVE ( 'NONE', #2634, #1729, #797, .T. ) ;
#725 = VECTOR ( 'NONE', #633, 1000.000000000000000 ) ;
#726 = ORIENTED_EDGE ( 'NONE', *, *, #1468, .F. ) ;
#727 = DIRECTION ( 'NONE',  ( 3.469446951953613400E-15, 1.000000000000000000, -0.000000000000000000 ) ) ;
#728 = DIRECTION ( 'NONE',  ( -1.000000000000000000, 3.469446951953611033E-15, 0.000000000000000000 ) ) ;
#729 = VECTOR ( 'NONE', #896, 1000.000000000000000 ) ;
#730 = DIRECTION ( 'NONE',  ( 0.000000000000000000, 0.000000000000000000, 1.000000000000000000 ) ) ;
#731 = AXIS2_PLACEMENT_3D ( 'NONE', #1860, #1639, #573 ) ;
#732 = CARTESIAN_POINT ( 'NONE',  ( -249.9999999999999716, 1.000000000000000888, -627.5000000000001137 ) ) ;
#733 = ORIENTED_EDGE ( 'NONE', *, *, #2158, .T. ) ;
#734 = DIRECTION ( 'NONE',  ( 3.469446951953613400E-15, 1.000000000000000000, -0.000000000000000000 ) ) ;
#735 = ORIENTED_EDGE ( 'NONE', *, *, #1126, .T. ) ;
#736 = ADVANCED_FACE ( 'NONE', ( #137 ), #1732, .F. ) ;
#737 = FACE_BOUND ( 'NONE', #1123, .T. ) ;
#738 = VERTEX_POINT ( 'NONE', #211 ) ;
#739 = CARTESIAN_POINT ( 'NONE',  ( 4.041334437186264524E-16, 5.000000000000000000, -603.3000000000000682 ) ) ;
#740 = DESIGN_CONTEXT ( 'detailed design', #1349, 'design' ) ;
#741 = ORIENTED_EDGE ( 'NONE', *, *, #1058, .T. ) ;
#742 = CARTESIAN_POINT ( 'NONE',  ( 0.000000000000000000, -4.109559914589056007E-12, -1.110223024625156540E-13 ) ) ;
#743 = CARTESIAN_POINT ( 'NONE',  ( 4.500000000004964917, 4.999999999999984901, -443.2500000000002274 ) ) ;
#744 = ADVANCED_FACE ( 'NONE', ( #1646 ), #256, .T. ) ;
#745 = DIRECTION ( 'NONE',  ( 0.7071067811865526798, 0.000000000000000000, 0.7071067811865422437 ) ) ;
#746 = CARTESIAN_POINT ( 'NONE',  ( -36.76955262169563809, 5.000000000000127898, -554.2695526216790540 ) ) ;
#747 = EDGE_LOOP ( 'NONE', ( #229, #895, #686, #1848 ) ) ;
#748 = AXIS2_PLACEMENT_3D ( 'NONE', #24, #682, #937 ) ;
#749 = CARTESIAN_POINT ( 'NONE',  ( 51.61879502661659558, 4.999999999999822364, -271.6187950266162261 ) ) ;
#750 = ORIENTED_EDGE ( 'NONE', *, *, #1147, .T. ) ;
#751 = AXIS2_PLACEMENT_3D ( 'NONE', #2732, #510, #2321 ) ;
#752 = ORIENTED_EDGE ( 'NONE', *, *, #2768, .T. ) ;
#753 = FACE_BOUND ( 'NONE', #626, .T. ) ;
#754 = ORIENTED_EDGE ( 'NONE', *, *, #1932, .T. ) ;
#755 = CARTESIAN_POINT ( 'NONE',  ( 250.0000000000000000, 3.999999999999999112, 27.49999999999992184 ) ) ;
#756 = LINE ( 'NONE', #2578, #690 ) ;
#757 = DIRECTION ( 'NONE',  ( 0.000000000000000000, -0.000000000000000000, -1.000000000000000000 ) ) ;
#758 = DIRECTION ( 'NONE',  ( 0.000000000000000000, 0.000000000000000000, -1.000000000000000000 ) ) ;
#759 = ORIENTED_EDGE ( 'NONE', *, *, #1887, .T. ) ;
#760 = EDGE_CURVE ( 'NONE', #2621, #648, #2100, .T. ) ;
#761 = EDGE_CURVE ( 'NONE', #1570, #2340, #2774, .T. ) ;
#762 = CARTESIAN_POINT ( 'NONE',  ( 39.24442635585820938, -3.354955202539144921E-12, -551.7946788875262882 ) ) ;
#763 = VERTEX_POINT ( 'NONE', #1633 ) ;
#764 = LINE ( 'NONE', #2454, #1598 ) ;
#765 = ORIENTED_EDGE ( 'NONE', *, *, #1985, .T. ) ;
#766 = CARTESIAN_POINT ( 'NONE',  ( 261.2248737341449214, 4.999999999999094058, -261.2248737341488436 ) ) ;
#767 = CYLINDRICAL_SURFACE ( 'NONE', #1605, 19.00000000000002132 ) ;
#768 = CYLINDRICAL_SURFACE ( 'NONE', #1852, 4.500000000000003553 ) ;
#769 = DIRECTION ( 'NONE',  ( 0.000000000000000000, 0.000000000000000000, 1.000000000000000000 ) ) ;
#770 = LINE ( 'NONE', #1267, #2410 ) ;
#771 = FACE_OUTER_BOUND ( 'NONE', #2149, .T. ) ;
#772 = AXIS2_PLACEMENT_3D ( 'NONE', #492, #277, #1403 ) ;
#773 = ORIENTED_EDGE ( 'NONE', *, *, #160, .F. ) ;
#774 = VECTOR ( 'NONE', #2491, 1000.000000000000000 ) ;
#775 = EDGE_CURVE ( 'NONE', #1534, #47, #2534, .T. ) ;
#776 = ORIENTED_EDGE ( 'NONE', *, *, #27, .T. ) ;
#777 = CIRCLE ( 'NONE', #2700, 4.500000000000003553 ) ;
#778 = EDGE_CURVE ( 'NONE', #1273, #94, #329, .T. ) ;
#779 = CIRCLE ( 'NONE', #822, 4.500000000000003553 ) ;
#780 = FACE_BOUND ( 'NONE', #1023, .T. ) ;
#781 = EDGE_LOOP ( 'NONE', ( #460, #2879, #165, #1893 ) ) ;
#782 = AXIS2_PLACEMENT_3D ( 'NONE', #2102, #2963, #57 ) ;
#783 = AXIS2_PLACEMENT_3D ( 'NONE', #2018, #1789, #649 ) ;
#784 = CYLINDRICAL_SURFACE ( 'NONE', #2564, 3.299999999999969624 ) ;
#785 = CYLINDRICAL_SURFACE ( 'NONE', #1037, 3.299999999999969624 ) ;
#786 = CARTESIAN_POINT ( 'NONE',  ( -261.2248737341400329, -4.999999999999094058, -261.2248737341374749 ) ) ;
#787 = EDGE_CURVE ( 'NONE', #1762, #1394, #946, .T. ) ;
#788 = FACE_BOUND ( 'NONE', #2181, .T. ) ;
#789 = CARTESIAN_POINT ( 'NONE',  ( -249.9999999999999716, 3.999999999999999112, 27.49999999999992184 ) ) ;
#790 = EDGE_LOOP ( 'NONE', ( #2571, #2938 ) ) ;
#791 = CARTESIAN_POINT ( 'NONE',  ( -214.9999999999999716, 5.000000000000000000, -600.0000000000001137 ) ) ;
#792 = LINE ( 'NONE', #2245, #2803 ) ;
#793 = VERTEX_POINT ( 'NONE', #1354 ) ;
#794 = CARTESIAN_POINT ( 'NONE',  ( -31.81980515338970861, 0.000000000000000000, -549.3198051533732951 ) ) ;
#795 = EDGE_CURVE ( 'NONE', #2513, #1472, #491, .T. ) ;
#796 = EDGE_CURVE ( 'NONE', #2120, #2556, #1130, .T. ) ;
#797 = CIRCLE ( 'NONE', #2235, 4.500000000000003553 ) ;
#798 = CARTESIAN_POINT ( 'NONE',  ( 250.0000000000000000, 1.000000000000000888, 27.49999999999992184 ) ) ;
#799 = DIRECTION ( 'NONE',  ( 0.000000000000000000, 0.000000000000000000, 1.000000000000000000 ) ) ;
#800 = FACE_OUTER_BOUND ( 'NONE', #2299, .T. ) ;
#801 = LINE ( 'NONE', #2159, #1739 ) ;
#802 = CARTESIAN_POINT ( 'NONE',  ( -248.9999999999999716, 5.000000000000000000, 26.49999999999991829 ) ) ;
#803 = DIRECTION ( 'NONE',  ( 0.000000000000000000, 0.000000000000000000, 1.000000000000000000 ) ) ;
#804 = CARTESIAN_POINT ( 'NONE',  ( 31.81980515339953541, 0.000000000000000000, -485.6801948465840724 ) ) ;
#805 = ORIENTED_EDGE ( 'NONE', *, *, #688, .F. ) ;
#806 = EDGE_LOOP ( 'NONE', ( #1851, #1189, #1718, #352 ) ) ;
#807 = EDGE_CURVE ( 'NONE', #616, #1162, #2316, .T. ) ;
#808 = ORIENTED_EDGE ( 'NONE', *, *, #2673, .F. ) ;
#809 = PERSON_AND_ORGANIZATION_ROLE ( 'design_owner' ) ;
#810 = DIRECTION ( 'NONE',  ( 0.000000000000000000, 0.000000000000000000, 1.000000000000000000 ) ) ;
#811 = CARTESIAN_POINT ( 'NONE',  ( 250.0000000000000000, 0.000000000000000000, -626.5000000000000000 ) ) ;
#812 = PLANE ( 'NONE',  #552 ) ;
#813 = CARTESIAN_POINT ( 'NONE',  ( -1.705522753754266706E-13, 5.000000000000000888, -293.0000000000001137 ) ) ;
#814 = VECTOR ( 'NONE', #1445, 1000.000000000000000 ) ;
#815 = CARTESIAN_POINT ( 'NONE',  ( 4.908749395761609863E-12, 5.000000000000000000, -517.4999999999787406 ) ) ;
#816 = AXIS2_PLACEMENT_3D ( 'NONE', #164, #1285, #651 ) ;
#817 = CIRCLE ( 'NONE', #1061, 4.500000000000003553 ) ;
#818 = ADVANCED_FACE ( 'NONE', ( #1585 ), #2959, .F. ) ;
#819 = EDGE_LOOP ( 'NONE', ( #134, #1383, #258, #506 ) ) ;
#820 = AXIS2_PLACEMENT_3D ( 'NONE', #1926, #2150, #2602 ) ;
#821 = ORIENTED_EDGE ( 'NONE', *, *, #643, .F. ) ;
#822 = AXIS2_PLACEMENT_3D ( 'NONE', #1168, #512, #43 ) ;
#823 = DIRECTION ( 'NONE',  ( -0.000000000000000000, 1.000000000000000000, -0.000000000000000000 ) ) ;
#824 = CARTESIAN_POINT ( 'NONE',  ( 51.61879502661659558, 4.999999999999821476, -267.1187950266162261 ) ) ;
#825 = CARTESIAN_POINT ( 'NONE',  ( -261.2248737341402034, 5.000000000000906830, -261.2248737341398055 ) ) ;
#826 = LOCAL_TIME ( 2, 50, 6.000000000000000000, #1386 ) ;
#827 = CARTESIAN_POINT ( 'NONE',  ( 0.000000000000000000, 5.000000000000000000, 26.49999999999991829 ) ) ;
#828 = CARTESIAN_POINT ( 'NONE',  ( 256.2751262658393898, 4.999999999999110933, -256.2751262658512132 ) ) ;
#829 = ADVANCED_FACE ( 'NONE', ( #2496 ), #2740, .F. ) ;
#830 = CYLINDRICAL_SURFACE ( 'NONE', #1296, 3.299999999999969624 ) ;
#831 = EDGE_LOOP ( 'NONE', ( #2311, #1523 ) ) ;
#832 = DIRECTION ( 'NONE',  ( -1.000000000000000000, 0.000000000000000000, 0.000000000000000000 ) ) ;
#833 = ORIENTED_EDGE ( 'NONE', *, *, #2737, .F. ) ;
#834 = VERTEX_POINT ( 'NONE', #1806 ) ;
#835 = CIRCLE ( 'NONE', #2766, 4.500000000000003553 ) ;
#836 = ADVANCED_FACE ( 'NONE', ( #2790 ), #722, .T. ) ;
#837 = VERTEX_POINT ( 'NONE', #2287 ) ;
#838 = CYLINDRICAL_SURFACE ( 'NONE', #1121, 4.500000000000003553 ) ;
#839 = CARTESIAN_POINT ( 'NONE',  ( -249.9999999999999716, 5.000000000000000000, 27.49999999999992184 ) ) ;
#840 = CARTESIAN_POINT ( 'NONE',  ( 250.0000000000000000, 3.999999999999999112, 27.49999999999992184 ) ) ;
#841 = AXIS2_PLACEMENT_3D ( 'NONE', #395, #1960, #810 ) ;
#842 = ORIENTED_EDGE ( 'NONE', *, *, #456, .T. ) ;
#843 = VERTEX_POINT ( 'NONE', #443 ) ;
#844 = CARTESIAN_POINT ( 'NONE',  ( 89.00000000000534328, 5.000000000000000000, -430.0000000000004547 ) ) ;
#845 = DIRECTION ( 'NONE',  ( 3.469446951953613400E-15, 1.000000000000000000, -0.000000000000000000 ) ) ;
#846 = EDGE_CURVE ( 'NONE', #1786, #1897, #1592, .T. ) ;
#847 = LINE ( 'NONE', #2044, #1158 ) ;
#848 = ORIENTED_EDGE ( 'NONE', *, *, #2701, .T. ) ;
#849 = ORIENTED_EDGE ( 'NONE', *, *, #572, .T. ) ;
#850 = VERTEX_POINT ( 'NONE', #2515 ) ;
#851 = FACE_OUTER_BOUND ( 'NONE', #2471, .T. ) ;
#852 = CARTESIAN_POINT ( 'NONE',  ( -1.705522753754266706E-13, 5.000000000000000888, -288.5000000000001137 ) ) ;
#853 = CARTESIAN_POINT ( 'NONE',  ( -51.61879502661898300, 5.000000000000179412, -267.1187950266201483 ) ) ;
#854 = ORIENTED_EDGE ( 'NONE', *, *, #132, .F. ) ;
#855 = ADVANCED_FACE ( 'NONE', ( #899 ), #2759, .F. ) ;
#856 = DIRECTION ( 'NONE',  ( -0.7071067811865470176, 0.000000000000000000, 0.7071067811865480168 ) ) ;
#857 = LINE ( 'NONE', #828, #1621 ) ;
#858 = CARTESIAN_POINT ( 'NONE',  ( 46.00000000000535749, 5.000000000000896172, -430.0000000000004547 ) ) ;
#859 = ORIENTED_EDGE ( 'NONE', *, *, #2636, .F. ) ;
#860 = EDGE_CURVE ( 'NONE', #1243, #692, #2498, .T. ) ;
#861 = CIRCLE ( 'NONE', #1689, 3.300000000000025135 ) ;
#862 = DIRECTION ( 'NONE',  ( -1.000000000000000000, 3.469446951953611033E-15, 0.000000000000000000 ) ) ;
#863 = VERTEX_POINT ( 'NONE', #566 ) ;
#864 = ORIENTED_EDGE ( 'NONE', *, *, #2266, .F. ) ;
#865 = VERTEX_POINT ( 'NONE', #2124 ) ;
#866 = EDGE_CURVE ( 'NONE', #2016, #615, #2166, .T. ) ;
#867 = AXIS2_PLACEMENT_3D ( 'NONE', #79, #2111, #1232 ) ;
#868 = ORIENTED_EDGE ( 'NONE', *, *, #1994, .T. ) ;
#869 = DIRECTION ( 'NONE',  ( -0.000000000000000000, 1.000000000000000000, -0.000000000000000000 ) ) ;
#870 = LINE ( 'NONE', #1775, #1493 ) ;
#871 = VERTEX_POINT ( 'NONE', #1479 ) ;
#872 = EDGE_LOOP ( 'NONE', ( #1203, #2890, #630, #1323, #1177 ) ) ;
#873 = DIRECTION ( 'NONE',  ( -0.000000000000000000, 1.000000000000000000, -0.000000000000000000 ) ) ;
#874 = DIRECTION ( 'NONE',  ( -0.000000000000000000, 1.000000000000000000, -0.000000000000000000 ) ) ;
#875 = CIRCLE ( 'NONE', #1506, 4.500000000000003553 ) ;
#876 = DIRECTION ( 'NONE',  ( -1.000000000000000000, 3.469446951953612217E-15, 0.000000000000000000 ) ) ;
#877 = CARTESIAN_POINT ( 'NONE',  ( 34.29467888755246463, -3.358511823737555816E-12, -556.7444263558320472 ) ) ;
#878 = EDGE_LOOP ( 'NONE', ( #1792, #206 ) ) ;
#879 = CYLINDRICAL_SURFACE ( 'NONE', #2358, 3.500000000000003109 ) ;
#880 = EDGE_LOOP ( 'NONE', ( #1053, #480, #1535, #2220 ) ) ;
#881 = EDGE_LOOP ( 'NONE', ( #2281, #2690, #694, #272 ) ) ;
#882 = VERTEX_POINT ( 'NONE', #81 ) ;
#883 = CARTESIAN_POINT ( 'NONE',  ( -249.9999999999999716, 5.000000000000000000, 27.49999999999992184 ) ) ;
#884 = ADVANCED_FACE ( 'NONE', ( #551 ), #2604, .F. ) ;
#885 = EDGE_CURVE ( 'NONE', #1312, #2720, #1462, .T. ) ;
#886 = DIRECTION ( 'NONE',  ( 0.000000000000000000, 0.000000000000000000, 1.000000000000000000 ) ) ;
#887 = ORIENTED_EDGE ( 'NONE', *, *, #599, .F. ) ;
#888 = CIRCLE ( 'NONE', #2138, 4.500000000000003553 ) ;
#889 = DIRECTION ( 'NONE',  ( -3.469446951953613400E-15, -1.000000000000000000, 0.000000000000000000 ) ) ;
#890 = DIRECTION ( 'NONE',  ( 0.000000000000000000, 0.000000000000000000, 1.000000000000000000 ) ) ;
#891 = ORIENTED_EDGE ( 'NONE', *, *, #346, .F. ) ;
#892 = EDGE_LOOP ( 'NONE', ( #1868, #1912 ) ) ;
#893 = CARTESIAN_POINT ( 'NONE',  ( 214.9999999999999716, 5.000000000000000000, -303.3000000000001251 ) ) ;
#894 = VERTEX_POINT ( 'NONE', #1194 ) ;
#895 = ORIENTED_EDGE ( 'NONE', *, *, #2921, .F. ) ;
#896 = DIRECTION ( 'NONE',  ( 0.000000000000000000, 0.000000000000000000, -1.000000000000000000 ) ) ;
#897 = EDGE_LOOP ( 'NONE', ( #1816, #1390 ) ) ;
#898 = DATE_AND_TIME ( #1524, #2133 ) ;
#899 = FACE_OUTER_BOUND ( 'NONE', #2915, .T. ) ;
#900 = DIRECTION ( 'NONE',  ( -0.000000000000000000, 1.000000000000000000, -0.000000000000000000 ) ) ;
#901 = EDGE_CURVE ( 'NONE', #1367, #648, #1434, .T. ) ;
#902 = CARTESIAN_POINT ( 'NONE',  ( 214.9999999999999716, 5.000000000000000000, -1.110223024625156540E-13 ) ) ;
#903 = DIRECTION ( 'NONE',  ( 0.000000000000000000, 0.000000000000000000, 1.000000000000000000 ) ) ;
#904 = ORIENTED_EDGE ( 'NONE', *, *, #1939, .T. ) ;
#905 = DIRECTION ( 'NONE',  ( -1.000000000000000000, 3.469446951953614583E-15, 0.000000000000000000 ) ) ;
#906 = ORIENTED_EDGE ( 'NONE', *, *, #2343, .T. ) ;
#907 = DIRECTION ( 'NONE',  ( -0.000000000000000000, 1.000000000000000000, -0.000000000000000000 ) ) ;
#908 = VERTEX_POINT ( 'NONE', #998 ) ;
#909 = EDGE_CURVE ( 'NONE', #1991, #2820, #1687, .T. ) ;
#910 = CARTESIAN_POINT ( 'NONE',  ( 0.000000000000000000, 5.000000000000000000, -626.5000000000000000 ) ) ;
#911 = EDGE_LOOP ( 'NONE', ( #726, #392, #2277, #514 ) ) ;
#912 = CIRCLE ( 'NONE', #2449, 35.00000000000002132 ) ;
#913 = COORDINATED_UNIVERSAL_TIME_OFFSET ( 8, 0, .AHEAD. ) ;
#914 = DIRECTION ( 'NONE',  ( -0.000000000000000000, 1.000000000000000000, -0.000000000000000000 ) ) ;
#915 = DIRECTION ( 'NONE',  ( 0.5773502691896257311, 0.5773502691896257311, 0.5773502691896257311 ) ) ;
#916 = VERTEX_POINT ( 'NONE', #2389 ) ;
#917 = LINE ( 'NONE', #1135, #2130 ) ;
#918 = DIRECTION ( 'NONE',  ( 0.000000000000000000, 0.000000000000000000, 1.000000000000000000 ) ) ;
#919 = CIRCLE ( 'NONE', #1018, 35.00000000000002132 ) ;
#920 = VECTOR ( 'NONE', #68, 1000.000000000000000 ) ;
#921 = ORIENTED_EDGE ( 'NONE', *, *, #1388, .T. ) ;
#922 = CARTESIAN_POINT ( 'NONE',  ( -65.00000000000169109, 5.000000000001347367, -219.9999999999995737 ) ) ;
#923 = VERTEX_POINT ( 'NONE', #2374 ) ;
#924 = EDGE_CURVE ( 'NONE', #2395, #2417, #1056, .T. ) ;
#925 = AXIS2_PLACEMENT_3D ( 'NONE', #2777, #1623, #2731 ) ;
#926 = CARTESIAN_POINT ( 'NONE',  ( -214.9999999999999716, -4.109559914589056007E-12, -3.300000000000108180 ) ) ;
#927 = ORIENTED_EDGE ( 'NONE', *, *, #454, .F. ) ;
#928 = ORIENTED_EDGE ( 'NONE', *, *, #1300, .F. ) ;
#929 = CARTESIAN_POINT ( 'NONE',  ( 31.81980515339954962, 4.999999999999889866, -485.6801948465840724 ) ) ;
#930 = EDGE_CURVE ( 'NONE', #2908, #1217, #1675, .T. ) ;
#931 = VERTEX_POINT ( 'NONE', #533 ) ;
#932 = COORDINATED_UNIVERSAL_TIME_OFFSET ( 8, 0, .AHEAD. ) ;
#933 = CARTESIAN_POINT ( 'NONE',  ( 89.00000000000534328, 5.000000000000896172, -430.0000000000004547 ) ) ;
#934 = DIRECTION ( 'NONE',  ( -1.000000000000000000, 3.469446951953614583E-15, 0.000000000000000000 ) ) ;
#935 = APPROVAL ( #461, 'UNSPECIFIED' ) ;
#936 = DIRECTION ( 'NONE',  ( -0.000000000000000000, 1.000000000000000000, -0.000000000000000000 ) ) ;
#937 = DIRECTION ( 'NONE',  ( -1.000000000000000000, 0.000000000000000000, -0.000000000000000000 ) ) ;
#938 = EDGE_CURVE ( 'NONE', #517, #424, #2113, .T. ) ;
#939 = CIRCLE ( 'NONE', #184, 3.500000000000003109 ) ;
#940 = AXIS2_PLACEMENT_3D ( 'NONE', #1589, #1149, #2302 ) ;
#941 = ORIENTED_EDGE ( 'NONE', *, *, #2547, .F. ) ;
#942 = FACE_OUTER_BOUND ( 'NONE', #1987, .T. ) ;
#943 = DIRECTION ( 'NONE',  ( 0.000000000000000000, -0.7071067811865475727, -0.7071067811865475727 ) ) ;
#944 = DIRECTION ( 'NONE',  ( -3.469446951953614978E-15, -1.000000000000000000, 0.000000000000000000 ) ) ;
#945 = ORIENTED_EDGE ( 'NONE', *, *, #778, .F. ) ;
#946 = CIRCLE ( 'NONE', #2626, 3.299999999999998934 ) ;
#947 = CARTESIAN_POINT ( 'NONE',  ( 1.271192125820425210E-12, -8.682290997263919508E-13, -151.5000000000020748 ) ) ;
#948 = ADVANCED_FACE ( 'NONE', ( #1886 ), #1204, .T. ) ;
#949 = VERTEX_POINT ( 'NONE', #2346 ) ;
#950 = CARTESIAN_POINT ( 'NONE',  ( 110.5000000000049312, 4.999999999999616307, -401.7500000000006253 ) ) ;
#951 = ORIENTED_EDGE ( 'NONE', *, *, #2379, .T. ) ;
#952 = DIRECTION ( 'NONE',  ( 3.469446951953613400E-15, 1.000000000000000000, -0.000000000000000000 ) ) ;
#953 = CARTESIAN_POINT ( 'NONE',  ( -249.9999999999999716, 3.999999999999999112, -627.5000000000001137 ) ) ;
#954 = DIRECTION ( 'NONE',  ( 0.000000000000000000, 0.000000000000000000, 1.000000000000000000 ) ) ;
#955 = PLANE ( 'NONE',  #748 ) ;
#956 = CC_DESIGN_PERSON_AND_ORGANIZATION_ASSIGNMENT ( #2545, #2758, ( #1174 ) ) ;
#957 = ORIENTED_EDGE ( 'NONE', *, *, #1939, .F. ) ;
#958 = DIRECTION ( 'NONE',  ( 0.000000000000000000, 0.000000000000000000, 1.000000000000000000 ) ) ;
#959 = ORIENTED_EDGE ( 'NONE', *, *, #2601, .F. ) ;
#960 = CARTESIAN_POINT ( 'NONE',  ( 4.041334437186264524E-16, -4.109559914589056007E-12, -3.300000000000109956 ) ) ;
#961 = ORIENTED_EDGE ( 'NONE', *, *, #414, .F. ) ;
#962 = ORIENTED_EDGE ( 'NONE', *, *, #560, .F. ) ;
#963 = PLANE ( 'NONE',  #2897 ) ;
#964 = VERTEX_POINT ( 'NONE', #2152 ) ;
#965 = CARTESIAN_POINT ( 'NONE',  ( -1.700011843158103498E-13, -8.682290997263919508E-13, -297.5000000000001137 ) ) ;
#966 = EDGE_CURVE ( 'NONE', #931, #2431, #1831, .T. ) ;
#967 = AXIS2_PLACEMENT_3D ( 'NONE', #1836, #2760, #934 ) ;
#968 = ORIENTED_EDGE ( 'NONE', *, *, #585, .F. ) ;
#969 = DIRECTION ( 'NONE',  ( -1.000000000000000000, 0.000000000000000000, 0.000000000000000000 ) ) ;
#970 = FACE_OUTER_BOUND ( 'NONE', #1366, .T. ) ;
#971 = ORIENTED_EDGE ( 'NONE', *, *, #511, .T. ) ;
#972 = DIRECTION ( 'NONE',  ( 0.000000000000000000, 0.000000000000000000, -1.000000000000000000 ) ) ;
#973 = AXIS2_PLACEMENT_3D ( 'NONE', #46, #944, #1001 ) ;
#974 = VERTEX_POINT ( 'NONE', #107 ) ;
#975 = EDGE_LOOP ( 'NONE', ( #2215, #1743, #1333, #1681 ) ) ;
#976 = VECTOR ( 'NONE', #2953, 1000.000000000000000 ) ;
#977 = DIRECTION ( 'NONE',  ( 0.000000000000000000, 0.000000000000000000, 1.000000000000000000 ) ) ;
#978 = ORIENTED_EDGE ( 'NONE', *, *, #1823, .F. ) ;
#979 = AXIS2_PLACEMENT_3D ( 'NONE', #343, #356, #2168 ) ;
#980 = APPROVAL_PERSON_ORGANIZATION ( #2649, #487, #594 ) ;
#981 = FACE_BOUND ( 'NONE', #897, .T. ) ;
#982 = EDGE_LOOP ( 'NONE', ( #240, #927, #1337, #2599, #87 ) ) ;
#983 = DIRECTION ( 'NONE',  ( -0.000000000000000000, 1.000000000000000000, -0.000000000000000000 ) ) ;
#984 = ADVANCED_FACE ( 'NONE', ( #1944 ), #2359, .F. ) ;
#985 = EDGE_CURVE ( 'NONE', #1815, #2261, #2127, .T. ) ;
#986 = EDGE_LOOP ( 'NONE', ( #603, #579 ) ) ;
#987 = PLANE ( 'NONE',  #2269 ) ;
#988 = LINE ( 'NONE', #1721, #2771 ) ;
#989 = CIRCLE ( 'NONE', #1369, 3.500000000000003109 ) ;
#990 = FACE_BOUND ( 'NONE', #831, .T. ) ;
#991 = CARTESIAN_POINT ( 'NONE',  ( -51.61879502661620478, -6.895525817007808200E-13, -172.8812049733832623 ) ) ;
#992 = ORIENTED_EDGE ( 'NONE', *, *, #2862, .F. ) ;
#993 = AXIS2_PLACEMENT_3D ( 'NONE', #1223, #1891, #2392 ) ;
#994 = CARTESIAN_POINT ( 'NONE',  ( -72.99999999999845102, 5.000000000000253131, -220.0000000000003695 ) ) ;
#995 = ORIENTED_EDGE ( 'NONE', *, *, #2394, .F. ) ;
#996 = LINE ( 'NONE', #950, #629 ) ;
#997 = VERTEX_POINT ( 'NONE', #965 ) ;
#998 = CARTESIAN_POINT ( 'NONE',  ( -40.26955262169550309, 5.000000000000139444, -480.7304473782782566 ) ) ;
#999 = DIRECTION ( 'NONE',  ( -0.000000000000000000, 1.000000000000000000, -0.000000000000000000 ) ) ;
#1000 = PLANE ( 'NONE',  #52 ) ;
#1001 = DIRECTION ( 'NONE',  ( 1.000000000000000000, -3.469446951953614978E-15, 0.000000000000000000 ) ) ;
#1002 = EDGE_CURVE ( 'NONE', #2585, #1549, #95, .T. ) ;
#1003 = FACE_BOUND ( 'NONE', #1796, .T. ) ;
#1004 = CARTESIAN_POINT ( 'NONE',  ( -1.977584762613388179E-13, 5.000000000001121769, -219.9999999999995737 ) ) ;
#1005 = EDGE_LOOP ( 'NONE', ( #422, #391, #77, #2118 ) ) ;
#1006 = ADVANCED_FACE ( 'NONE', ( #1662 ), #2577, .T. ) ;
#1007 = DIRECTION ( 'NONE',  ( 0.000000000000000000, 0.000000000000000000, 1.000000000000000000 ) ) ;
#1008 = FACE_BOUND ( 'NONE', #135, .T. ) ;
#1009 = DIRECTION ( 'NONE',  ( 0.000000000000000000, 0.000000000000000000, 1.000000000000000000 ) ) ;
#1010 = EDGE_CURVE ( 'NONE', #2588, #615, #2606, .T. ) ;
#1011 = CARTESIAN_POINT ( 'NONE',  ( -31.81980515338974413, 0.000000000000000000, -485.6801948465840724 ) ) ;
#1012 = CARTESIAN_POINT ( 'NONE',  ( 11.66190378963363727, -4.262777297084492671E-12, -484.4999999999568558 ) ) ;
#1013 = CIRCLE ( 'NONE', #1544, 35.00000000000002132 ) ;
#1014 = CARTESIAN_POINT ( 'NONE',  ( 72.99999999999955946, -1.121498727219005787E-12, -215.5000000000017906 ) ) ;
#1015 = CARTESIAN_POINT ( 'NONE',  ( 0.000000000000000000, 5.000000000000000000, -600.0000000000001137 ) ) ;
#1016 = AXIS2_PLACEMENT_3D ( 'NONE', #473, #237, #1139 ) ;
#1017 = EDGE_LOOP ( 'NONE', ( #2291, #2135, #1752, #1417 ) ) ;
#1018 = AXIS2_PLACEMENT_3D ( 'NONE', #1057, #2887, #402 ) ;
#1019 = CARTESIAN_POINT ( 'NONE',  ( 34.29467888755240068, 4.999999999999880984, -546.8449314192205293 ) ) ;
#1020 = ADVANCED_FACE ( 'NONE', ( #138 ), #2407, .F. ) ;
#1021 = CIRCLE ( 'NONE', #271, 3.499999999999999556 ) ;
#1022 = VECTOR ( 'NONE', #2230, 1000.000000000000000 ) ;
#1023 = EDGE_LOOP ( 'NONE', ( #2270, #394 ) ) ;
#1024 = DIRECTION ( 'NONE',  ( 0.000000000000000000, 0.000000000000000000, -1.000000000000000000 ) ) ;
#1025 = ADVANCED_FACE ( 'NONE', ( #1030 ), #2854, .F. ) ;
#1026 = EDGE_LOOP ( 'NONE', ( #1200, #324 ) ) ;
#1027 = ORIENTED_EDGE ( 'NONE', *, *, #2882, .F. ) ;
#1028 = FACE_OUTER_BOUND ( 'NONE', #701, .T. ) ;
#1029 = DIRECTION ( 'NONE',  ( 0.000000000000000000, 0.000000000000000000, 1.000000000000000000 ) ) ;
#1030 = FACE_OUTER_BOUND ( 'NONE', #489, .T. ) ;
#1031 = FACE_BOUND ( 'NONE', #145, .T. ) ;
#1032 = CARTESIAN_POINT ( 'NONE',  ( -214.9999999999999716, 5.000000000000000000, -300.0000000000001137 ) ) ;
#1033 = FACE_OUTER_BOUND ( 'NONE', #1282, .T. ) ;
#1034 = ORIENTED_EDGE ( 'NONE', *, *, #259, .T. ) ;
#1035 = AXIS2_PLACEMENT_3D ( 'NONE', #1483, #86, #2827 ) ;
#1036 = EDGE_CURVE ( 'NONE', #1616, #863, #310, .T. ) ;
#1037 = AXIS2_PLACEMENT_3D ( 'NONE', #304, #1678, #1207 ) ;
#1038 = DIRECTION ( 'NONE',  ( 0.000000000000000000, 0.000000000000000000, 1.000000000000000000 ) ) ;
#1039 = EDGE_LOOP ( 'NONE', ( #1151, #544, #1610, #179 ) ) ;
#1040 = ORIENTED_EDGE ( 'NONE', *, *, #697, .T. ) ;
#1041 = CIRCLE ( 'NONE', #1376, 3.500000000000003109 ) ;
#1042 = DIRECTION ( 'NONE',  ( -0.000000000000000000, 1.000000000000000000, -0.000000000000000000 ) ) ;
#1043 = DIRECTION ( 'NONE',  ( -0.000000000000000000, 1.000000000000000000, -0.000000000000000000 ) ) ;
#1044 = LINE ( 'NONE', #320, #2376 ) ;
#1045 = EDGE_CURVE ( 'NONE', #2723, #916, #2609, .T. ) ;
#1046 = CARTESIAN_POINT ( 'NONE',  ( 214.9999999999999716, -4.109559914589056007E-12, 3.299999999999886136 ) ) ;
#1047 = EDGE_LOOP ( 'NONE', ( #2910, #1520 ) ) ;
#1048 = ORIENTED_EDGE ( 'NONE', *, *, #2343, .F. ) ;
#1049 = VERTEX_POINT ( 'NONE', #2837 ) ;
#1050 = CARTESIAN_POINT ( 'NONE',  ( 1.270641034760808889E-12, -8.682290997263919508E-13, -147.0000000000020748 ) ) ;
#1051 = EDGE_CURVE ( 'NONE', #692, #2261, #318, .T. ) ;
#1052 = LINE ( 'NONE', #1975, #2167 ) ;
#1053 = ORIENTED_EDGE ( 'NONE', *, *, #1700, .F. ) ;
#1054 = DIRECTION ( 'NONE',  ( -0.000000000000000000, 1.000000000000000000, -0.000000000000000000 ) ) ;
#1055 = CARTESIAN_POINT ( 'NONE',  ( -2.151057110211108016E-13, 0.000000000000000000, -219.9999999999995737 ) ) ;
#1056 = CIRCLE ( 'NONE', #2742, 3.499999999999947597 ) ;
#1057 = CARTESIAN_POINT ( 'NONE',  ( 4.891402161001826444E-12, -4.222316940527548468E-12, -517.4999999999787406 ) ) ;
#1058 = EDGE_CURVE ( 'NONE', #1104, #279, #684, .T. ) ;
#1059 = EDGE_LOOP ( 'NONE', ( #2067, #1186 ) ) ;
#1060 = CIRCLE ( 'NONE', #2121, 4.500000000000003553 ) ;
#1061 = AXIS2_PLACEMENT_3D ( 'NONE', #2071, #691, #1172 ) ;
#1062 = CARTESIAN_POINT ( 'NONE',  ( 250.0000000000000000, 5.000000000000000000, 27.49999999999992184 ) ) ;
#1063 = EDGE_LOOP ( 'NONE', ( #2042, #2319, #327, #1141 ) ) ;
#1064 = ORIENTED_EDGE ( 'NONE', *, *, #761, .T. ) ;
#1065 = AXIS2_PLACEMENT_3D ( 'NONE', #527, #2176, #2370 ) ;
#1066 = ORIENTED_EDGE ( 'NONE', *, *, #628, .T. ) ;
#1067 = CIRCLE ( 'NONE', #355, 65.00000000000150635 ) ;
#1068 = ORIENTED_EDGE ( 'NONE', *, *, #707, .F. ) ;
#1069 = CARTESIAN_POINT ( 'NONE',  ( 0.000000000000000000, 5.000000000000000000, 3.299999999999888356 ) ) ;
#1070 = CARTESIAN_POINT ( 'NONE',  ( 261.2248737341447509, -5.000000000000906830, -261.2248737341481046 ) ) ;
#1071 = CARTESIAN_POINT ( 'NONE',  ( 214.9999999999999716, 5.000000000000000000, -300.0000000000001137 ) ) ;
#1072 = CIRCLE ( 'NONE', #2414, 4.500000000000003553 ) ;
#1073 = ORIENTED_EDGE ( 'NONE', *, *, #2929, .F. ) ;
#1074 = EDGE_CURVE ( 'NONE', #380, #916, #22, .T. ) ;
#1075 = CARTESIAN_POINT ( 'NONE',  ( 34.29467888755250016, 4.999999999999880984, -478.2555736441253202 ) ) ;
#1076 = CARTESIAN_POINT ( 'NONE',  ( 249.0000000000000000, 0.000000000000000000, -626.5000000000000000 ) ) ;
#1077 = LINE ( 'NONE', #2026, #1256 ) ;
#1078 = CARTESIAN_POINT ( 'NONE',  ( -51.61879502661898300, 5.000000000000178524, -276.1187950266202051 ) ) ;
#1079 = ORIENTED_EDGE ( 'NONE', *, *, #64, .F. ) ;
#1080 = AXIS2_PLACEMENT_3D ( 'NONE', #732, #943, #2477 ) ;
#1081 = ORIENTED_EDGE ( 'NONE', *, *, #2003, .F. ) ;
#1082 = AXIS2_PLACEMENT_3D ( 'NONE', #2793, #2083, #42 ) ;
#1083 = ORIENTED_EDGE ( 'NONE', *, *, #1138, .T. ) ;
#1084 = ORIENTED_EDGE ( 'NONE', *, *, #1051, .F. ) ;
#1085 =( LENGTH_UNIT ( ) NAMED_UNIT ( * ) SI_UNIT ( .MILLI., .METRE. ) );
#1086 = CARTESIAN_POINT ( 'NONE',  ( 28.31980515339953186, 0.000000000000000000, -485.6801948465840724 ) ) ;
#1087 = CARTESIAN_POINT ( 'NONE',  ( 1.270641034760808889E-12, 5.000000000000000888, -147.0000000000020748 ) ) ;
#1088 = VERTEX_POINT ( 'NONE', #1692 ) ;
#1089 = DIRECTION ( 'NONE',  ( -0.7071067811865480168, 2.453269466693399804E-15, -0.7071067811865470176 ) ) ;
#1090 = CARTESIAN_POINT ( 'NONE',  ( -214.9999999999999716, 5.000000000000000000, -603.3000000000000682 ) ) ;
#1091 = EDGE_CURVE ( 'NONE', #2415, #106, #2263, .T. ) ;
#1092 = LINE ( 'NONE', #2229, #2652 ) ;
#1093 = CARTESIAN_POINT ( 'NONE',  ( -40.26955262169565941, -3.099950851570554278E-12, -554.2695526216790540 ) ) ;
#1094 = ADVANCED_FACE ( 'NONE', ( #800 ), #2870, .F. ) ;
#1095 = DIRECTION ( 'NONE',  ( -0.000000000000000000, 1.000000000000000000, -0.000000000000000000 ) ) ;
#1096 = ORIENTED_EDGE ( 'NONE', *, *, #1399, .T. ) ;
#1097 = CARTESIAN_POINT ( 'NONE',  ( 89.00000000000534328, 5.000000000000896172, -422.5000000000004547 ) ) ;
#1098 = CARTESIAN_POINT ( 'NONE',  ( 51.61879502661831509, 4.999999999999821476, -168.3812049733842855 ) ) ;
#1099 = FACE_OUTER_BOUND ( 'NONE', #2004, .T. ) ;
#1100 = VERTEX_POINT ( 'NONE', #333 ) ;
#1101 = CARTESIAN_POINT ( 'NONE',  ( 0.000000000000000000, 5.000000000000000000, -596.7000000000001592 ) ) ;
#1102 = CYLINDRICAL_SURFACE ( 'NONE', #2666, 3.500000000000003109 ) ;
#1103 = DIRECTION ( 'NONE',  ( 0.7071067811865578978, 0.000000000000000000, -0.7071067811865371366 ) ) ;
#1104 = VERTEX_POINT ( 'NONE', #1012 ) ;
#1105 = CIRCLE ( 'NONE', #441, 3.299999999999969624 ) ;
#1106 = DIRECTION ( 'NONE',  ( 0.000000000000000000, -1.000000000000000000, 0.000000000000000000 ) ) ;
#1107 = ADVANCED_FACE ( 'NONE', ( #1733 ), #1723, .F. ) ;
#1108 = FACE_OUTER_BOUND ( 'NONE', #2224, .T. ) ;
#1109 = ORIENTED_EDGE ( 'NONE', *, *, #2422, .F. ) ;
#1110 = VECTOR ( 'NONE', #1799, 1000.000000000000000 ) ;
#1111 = AXIS2_PLACEMENT_3D ( 'NONE', #300, #2388, #1478 ) ;
#1112 = AXIS2_PLACEMENT_3D ( 'NONE', #584, #1043, #2884 ) ;
#1113 = ORIENTED_EDGE ( 'NONE', *, *, #2519, .T. ) ;
#1114 = DIRECTION ( 'NONE',  ( 3.468980808276851749E-15, 1.000000000000000000, 5.916456789157588541E-31 ) ) ;
#1115 = DIRECTION ( 'NONE',  ( 0.000000000000000000, 0.000000000000000000, 1.000000000000000000 ) ) ;
#1116 = ORIENTED_EDGE ( 'NONE', *, *, #50, .F. ) ;
#1117 = CIRCLE ( 'NONE', #2172, 4.500000000000003553 ) ;
#1118 = CIRCLE ( 'NONE', #1892, 4.500000000000003553 ) ;
#1119 = LINE ( 'NONE', #2038, #1459 ) ;
#1120 = CARTESIAN_POINT ( 'NONE',  ( 34.29467888755251437, 4.999999999999880984, -488.1550685807372361 ) ) ;
#1121 = AXIS2_PLACEMENT_3D ( 'NONE', #1773, #2191, #369 ) ;
#1122 = CARTESIAN_POINT ( 'NONE',  ( 35.00000000000491696, -4.343747583845924964E-12, -517.4999999999787406 ) ) ;
#1123 = EDGE_LOOP ( 'NONE', ( #1642, #438 ) ) ;
#1124 = CARTESIAN_POINT ( 'NONE',  ( 4.500000000004964917, 4.999999999999984901, -401.7500000000006253 ) ) ;
#1125 = ORIENTED_EDGE ( 'NONE', *, *, #1942, .T. ) ;
#1126 = EDGE_CURVE ( 'NONE', #2480, #837, #2445, .T. ) ;
#1127 = AXIS2_PLACEMENT_3D ( 'NONE', #2186, #2368, #2641 ) ;
#1128 = DIRECTION ( 'NONE',  ( 0.000000000000000000, 0.000000000000000000, 1.000000000000000000 ) ) ;
#1129 = APPROVAL_STATUS ( 'not_yet_approved' ) ;
#1130 = LINE ( 'NONE', #1402, #2475 ) ;
#1131 = CARTESIAN_POINT ( 'NONE',  ( -214.9999999999999716, -4.109559914589056007E-12, -600.0000000000001137 ) ) ;
#1132 = ORIENTED_EDGE ( 'NONE', *, *, #2929, .T. ) ;
#1133 = VECTOR ( 'NONE', #666, 1000.000000000000000 ) ;
#1134 = AXIS2_PLACEMENT_3D ( 'NONE', #2129, #84, #2156 ) ;
#1135 = CARTESIAN_POINT ( 'NONE',  ( -214.9999999999999716, 5.000000000000000000, -603.3000000000000682 ) ) ;
#1136 = CARTESIAN_POINT ( 'NONE',  ( 31.81980515339953541, 0.000000000000000000, -485.6801948465840724 ) ) ;
#1137 = DIRECTION ( 'NONE',  ( 3.468980808276851749E-15, 1.000000000000000000, 5.916456789157588541E-31 ) ) ;
#1138 = EDGE_CURVE ( 'NONE', #2834, #313, #1492, .T. ) ;
#1139 = DIRECTION ( 'NONE',  ( 0.000000000000000000, 0.000000000000000000, 1.000000000000000000 ) ) ;
#1140 = ORIENTED_EDGE ( 'NONE', *, *, #1942, .F. ) ;
#1141 = ORIENTED_EDGE ( 'NONE', *, *, #1201, .T. ) ;
#1142 = PERSON_AND_ORGANIZATION ( #1491, #1418 ) ;
#1143 = DIRECTION ( 'NONE',  ( 0.000000000000000000, 0.000000000000000000, 1.000000000000000000 ) ) ;
#1144 = DIRECTION ( 'NONE',  ( 3.469446951953613400E-15, 1.000000000000000000, 0.000000000000000000 ) ) ;
#1145 = VERTEX_POINT ( 'NONE', #266 ) ;
#1146 = EDGE_CURVE ( 'NONE', #1587, #2371, #591, .T. ) ;
#1147 = EDGE_CURVE ( 'NONE', #1967, #1940, #715, .T. ) ;
#1148 = CARTESIAN_POINT ( 'NONE',  ( 51.61879502661659558, -1.046905617752003081E-12, -271.6187950266162261 ) ) ;
#1149 = DIRECTION ( 'NONE',  ( -0.000000000000000000, 1.000000000000000000, -0.000000000000000000 ) ) ;
#1150 = FACE_OUTER_BOUND ( 'NONE', #911, .T. ) ;
#1151 = ORIENTED_EDGE ( 'NONE', *, *, #321, .F. ) ;
#1152 = EDGE_CURVE ( 'NONE', #916, #380, #2025, .T. ) ;
#1153 = CARTESIAN_POINT ( 'NONE',  ( -256.2751262658343876, -4.999999999999110933, -256.2751262658252926 ) ) ;
#1154 = ORIENTED_EDGE ( 'NONE', *, *, #1192, .T. ) ;
#1155 = CIRCLE ( 'NONE', #676, 2.749999999999974687 ) ;
#1156 = DIRECTION ( 'NONE',  ( 3.469446951953613400E-15, 1.000000000000000000, -0.000000000000000000 ) ) ;
#1157 = ORIENTED_EDGE ( 'NONE', *, *, #2116, .F. ) ;
#1158 = VECTOR ( 'NONE', #2687, 1000.000000000000000 ) ;
#1159 = PERSON_AND_ORGANIZATION_ROLE ( 'design_supplier' ) ;
#1160 = CARTESIAN_POINT ( 'NONE',  ( 4.891402161001826444E-12, -4.222316940527548468E-12, -517.4999999999787406 ) ) ;
#1161 = LINE ( 'NONE', #1850, #1205 ) ;
#1162 = VERTEX_POINT ( 'NONE', #1573 ) ;
#1163 = DIRECTION ( 'NONE',  ( -0.000000000000000000, 1.000000000000000000, -0.000000000000000000 ) ) ;
#1164 = CARTESIAN_POINT ( 'NONE',  ( 51.61879502661831509, 4.999999999999821476, -168.3812049733842855 ) ) ;
#1165 = CIRCLE ( 'NONE', #399, 4.500000000000003553 ) ;
#1166 = EDGE_CURVE ( 'NONE', #2672, #2047, #2745, .T. ) ;
#1167 = CIRCLE ( 'NONE', #2318, 2.750000000000030198 ) ;
#1168 = CARTESIAN_POINT ( 'NONE',  ( -51.61879502661620478, -6.895525817007808200E-13, -168.3812049733832623 ) ) ;
#1169 = DIRECTION ( 'NONE',  ( 1.000000000000000000, -3.469446951953533725E-15, 0.000000000000000000 ) ) ;
#1170 = ORIENTED_EDGE ( 'NONE', *, *, #1221, .F. ) ;
#1171 = CIRCLE ( 'NONE', #1652, 3.299999999999969624 ) ;
#1172 = DIRECTION ( 'NONE',  ( 0.000000000000000000, 0.000000000000000000, 1.000000000000000000 ) ) ;
#1173 = ORIENTED_EDGE ( 'NONE', *, *, #425, .T. ) ;
#1174 = SECURITY_CLASSIFICATION ( '', '', #241 ) ;
#1175 = EDGE_LOOP ( 'NONE', ( #1802, #2034, #2136, #2924 ) ) ;
#1176 = EDGE_CURVE ( 'NONE', #949, #1958, #307, .T. ) ;
#1177 = ORIENTED_EDGE ( 'NONE', *, *, #653, .T. ) ;
#1178 = PERSON_AND_ORGANIZATION ( #1491, #1418 ) ;
#1179 = DIRECTION ( 'NONE',  ( -0.000000000000000000, 1.000000000000000000, -0.000000000000000000 ) ) ;
#1180 = LINE ( 'NONE', #257, #2207 ) ;
#1181 = CC_DESIGN_PERSON_AND_ORGANIZATION_ASSIGNMENT ( #1834, #7, ( #2906 ) ) ;
#1182 = DIRECTION ( 'NONE',  ( -1.000000000000000000, 3.469446951953614583E-15, 0.000000000000000000 ) ) ;
#1183 = LINE ( 'NONE', #58, #2625 ) ;
#1184 = VECTOR ( 'NONE', #2250, 999.9999999999998863 ) ;
#1185 = AXIS2_PLACEMENT_3D ( 'NONE', #2670, #2209, #2195 ) ;
#1186 = ORIENTED_EDGE ( 'NONE', *, *, #1074, .F. ) ;
#1187 = FACE_OUTER_BOUND ( 'NONE', #881, .T. ) ;
#1188 = ORIENTED_EDGE ( 'NONE', *, *, #2715, .T. ) ;
#1189 = ORIENTED_EDGE ( 'NONE', *, *, #1583, .T. ) ;
#1190 = VECTOR ( 'NONE', #952, 1000.000000000000000 ) ;
#1191 = CARTESIAN_POINT ( 'NONE',  ( -39.24442635584848205, -3.103507472768964769E-12, -483.2053211124311929 ) ) ;
#1192 = EDGE_CURVE ( 'NONE', #692, #2532, #2696, .T. ) ;
#1193 = FACE_BOUND ( 'NONE', #872, .T. ) ;
#1194 = CARTESIAN_POINT ( 'NONE',  ( -39.24442635584868810, -3.099950851570554278E-12, -551.7946788875258335 ) ) ;
#1195 = LINE ( 'NONE', #2792, #2856 ) ;
#1196 = CARTESIAN_POINT ( 'NONE',  ( -214.9999999999999716, 5.000000000000000000, -303.3000000000001251 ) ) ;
#1197 = DIRECTION ( 'NONE',  ( -0.000000000000000000, 1.000000000000000000, -0.000000000000000000 ) ) ;
#1198 = EDGE_LOOP ( 'NONE', ( #1712, #2198, #2506, #1563 ) ) ;
#1199 = CARTESIAN_POINT ( 'NONE',  ( -1.705522753754266706E-13, 5.000000000000000000, -288.5000000000001137 ) ) ;
#1200 = ORIENTED_EDGE ( 'NONE', *, *, #127, .F. ) ;
#1201 = EDGE_CURVE ( 'NONE', #2720, #1549, #861, .T. ) ;
#1202 = FACE_BOUND ( 'NONE', #1059, .T. ) ;
#1203 = ORIENTED_EDGE ( 'NONE', *, *, #227, .F. ) ;
#1204 = PLANE ( 'NONE',  #30 ) ;
#1205 = VECTOR ( 'NONE', #1820, 1000.000000000000000 ) ;
#1206 = DIRECTION ( 'NONE',  ( -3.469446951953613794E-15, -1.000000000000000000, -0.000000000000000000 ) ) ;
#1207 = DIRECTION ( 'NONE',  ( 0.000000000000000000, 0.000000000000000000, 1.000000000000000000 ) ) ;
#1208 = VECTOR ( 'NONE', #907, 1000.000000000000000 ) ;
#1209 = VECTOR ( 'NONE', #1686, 1000.000000000000000 ) ;
#1210 = LINE ( 'NONE', #2145, #1409 ) ;
#1211 = AXIS2_PLACEMENT_3D ( 'NONE', #2137, #1421, #2332 ) ;
#1212 = DIRECTION ( 'NONE',  ( 0.000000000000000000, 0.000000000000000000, 1.000000000000000000 ) ) ;
#1213 = ORIENTED_EDGE ( 'NONE', *, *, #2095, .T. ) ;
#1214 = VECTOR ( 'NONE', #2367, 1000.000000000000000 ) ;
#1215 = DIRECTION ( 'NONE',  ( -0.000000000000000000, 1.000000000000000000, -0.000000000000000000 ) ) ;
#1216 = AXIS2_PLACEMENT_3D ( 'NONE', #570, #303, #1489 ) ;
#1217 = VERTEX_POINT ( 'NONE', #840 ) ;
#1218 = EDGE_CURVE ( 'NONE', #279, #2952, #382, .T. ) ;
#1219 = VERTEX_POINT ( 'NONE', #853 ) ;
#1220 = CARTESIAN_POINT ( 'NONE',  ( -249.9999999999999716, 1.000000000000000888, 27.49999999999992184 ) ) ;
#1221 = EDGE_CURVE ( 'NONE', #47, #2820, #2554, .T. ) ;
#1222 = DIRECTION ( 'NONE',  ( 0.000000000000000000, 0.000000000000000000, 1.000000000000000000 ) ) ;
#1223 = CARTESIAN_POINT ( 'NONE',  ( 4.500000000004964917, -2.004472976491200598E-12, -440.5000000000002274 ) ) ;
#1224 = CARTESIAN_POINT ( 'NONE',  ( 34.29467888755225147, -3.358511823737555008E-12, -556.7444263558322746 ) ) ;
#1225 = LINE ( 'NONE', #538, #2511 ) ;
#1226 = DIRECTION ( 'NONE',  ( -0.000000000000000000, 1.000000000000000000, -0.000000000000000000 ) ) ;
#1227 = ORIENTED_EDGE ( 'NONE', *, *, #529, .F. ) ;
#1228 = CIRCLE ( 'NONE', #2769, 3.299999999999969624 ) ;
#1229 = DIRECTION ( 'NONE',  ( 0.000000000000000000, 0.000000000000000000, 1.000000000000000000 ) ) ;
#1230 = AXIS2_PLACEMENT_3D ( 'NONE', #1098, #869, #1790 ) ;
#1231 = PRODUCT_DEFINITION ( 'UNKNOWN', '', #2906, #740 ) ;
#1232 = DIRECTION ( 'NONE',  ( 0.000000000000000000, 0.000000000000000000, 1.000000000000000000 ) ) ;
#1233 = DIRECTION ( 'NONE',  ( -0.7071067811865475727, -0.7071067811865475727, -0.000000000000000000 ) ) ;
#1234 = ORIENTED_EDGE ( 'NONE', *, *, #2089, .F. ) ;
#1235 = DIRECTION ( 'NONE',  ( -3.469446951953613400E-15, -1.000000000000000000, 0.000000000000000000 ) ) ;
#1236 = CARTESIAN_POINT ( 'NONE',  ( -256.2751262658343876, -0.000000000000000000, -256.2751262658253495 ) ) ;
#1237 = CARTESIAN_POINT ( 'NONE',  ( -214.9999999999999716, 5.000000000000000000, -296.7000000000001023 ) ) ;
#1238 = EDGE_CURVE ( 'NONE', #2267, #1534, #2914, .T. ) ;
#1239 = EDGE_CURVE ( 'NONE', #313, #2859, #1321, .T. ) ;
#1240 = ORIENTED_EDGE ( 'NONE', *, *, #127, .T. ) ;
#1241 = CARTESIAN_POINT ( 'NONE',  ( 4.500000000004964917, -2.004472976491200598E-12, -443.2500000000002274 ) ) ;
#1242 = DIRECTION ( 'NONE',  ( -0.000000000000000000, 1.000000000000000000, -0.000000000000000000 ) ) ;
#1243 = VERTEX_POINT ( 'NONE', #2483 ) ;
#1244 = FACE_OUTER_BOUND ( 'NONE', #2478, .T. ) ;
#1245 = VERTEX_POINT ( 'NONE', #2007 ) ;
#1246 = CYLINDRICAL_SURFACE ( 'NONE', #449, 2.749999999999974687 ) ;
#1247 = ORIENTED_EDGE ( 'NONE', *, *, #1463, .T. ) ;
#1248 = CARTESIAN_POINT ( 'NONE',  ( -51.61879502661620478, 5.000000000000179412, -163.8812049733832623 ) ) ;
#1249 = PLANE ( 'NONE',  #2721 ) ;
#1250 = DIRECTION ( 'NONE',  ( 0.000000000000000000, 0.000000000000000000, 1.000000000000000000 ) ) ;
#1251 = CIRCLE ( 'NONE', #1976, 2.749999999999974687 ) ;
#1252 = FACE_BOUND ( 'NONE', #354, .T. ) ;
#1253 = LINE ( 'NONE', #789, #1424 ) ;
#1254 = ADVANCED_FACE ( 'NONE', ( #1099 ), #2020, .F. ) ;
#1255 = EDGE_CURVE ( 'NONE', #693, #174, #870, .T. ) ;
#1256 = VECTOR ( 'NONE', #657, 1000.000000000000000 ) ;
#1257 = CYLINDRICAL_SURFACE ( 'NONE', #117, 4.500000000000003553 ) ;
#1258 = AXIS2_PLACEMENT_3D ( 'NONE', #1747, #2208, #2423 ) ;
#1259 = CARTESIAN_POINT ( 'NONE',  ( 4.500000000004964917, 4.999999999999984901, -440.5000000000002274 ) ) ;
#1260 = ORIENTED_EDGE ( 'NONE', *, *, #1798, .F. ) ;
#1261 = ORIENTED_EDGE ( 'NONE', *, *, #2674, .T. ) ;
#1262 = ORIENTED_EDGE ( 'NONE', *, *, #1970, .T. ) ;
#1263 = APPLICATION_PROTOCOL_DEFINITION ( 'international standard', 'config_control_design', 1994, #85 ) ;
#1264 = CARTESIAN_POINT ( 'NONE',  ( 250.0000000000000000, 1.000000000000000888, 27.49999999999992184 ) ) ;
#1265 = CARTESIAN_POINT ( 'NONE',  ( 31.81980515339953541, 0.000000000000000000, -549.3198051533734088 ) ) ;
#1266 = EDGE_CURVE ( 'NONE', #1306, #1443, #209, .T. ) ;
#1267 = CARTESIAN_POINT ( 'NONE',  ( 240.1666666666666856, 13.83333333333330550, 17.66666666666661101 ) ) ;
#1268 = CYLINDRICAL_SURFACE ( 'NONE', #48, 3.300000000000025135 ) ;
#1269 = CARTESIAN_POINT ( 'NONE',  ( 4.500000000004964917, 4.999999999999985789, -440.5000000000002274 ) ) ;
#1270 = CIRCLE ( 'NONE', #2228, 3.300000000000025135 ) ;
#1271 = ADVANCED_FACE ( 'NONE', ( #1339 ), #596, .F. ) ;
#1272 = CIRCLE ( 'NONE', #2381, 4.500000000000003553 ) ;
#1273 = VERTEX_POINT ( 'NONE', #411 ) ;
#1274 = VERTEX_POINT ( 'NONE', #1511 ) ;
#1275 = APPROVAL_STATUS ( 'not_yet_approved' ) ;
#1276 = DIRECTION ( 'NONE',  ( 1.000000000000000000, -3.469446951953533725E-15, 0.000000000000000000 ) ) ;
#1277 = DIRECTION ( 'NONE',  ( -0.000000000000000000, 1.000000000000000000, -0.000000000000000000 ) ) ;
#1278 = CARTESIAN_POINT ( 'NONE',  ( 72.99999999999955946, 4.999999999999746869, -220.0000000000018190 ) ) ;
#1279 = CYLINDRICAL_SURFACE ( 'NONE', #1713, 3.299999999999969624 ) ;
#1280 = CARTESIAN_POINT ( 'NONE',  ( 89.00000000000534328, 0.000000000000000000, -430.0000000000004547 ) ) ;
#1281 = ORIENTED_EDGE ( 'NONE', *, *, #529, .T. ) ;
#1282 = EDGE_LOOP ( 'NONE', ( #3, #765, #1318, #1674 ) ) ;
#1283 = EDGE_CURVE ( 'NONE', #2154, #843, #1292, .T. ) ;
#1284 = CARTESIAN_POINT ( 'NONE',  ( 34.29467888755228699, 4.999999999999880984, -556.7444263558322746 ) ) ;
#1285 = DIRECTION ( 'NONE',  ( 0.000000000000000000, -1.000000000000000000, 0.000000000000000000 ) ) ;
#1286 = ORIENTED_EDGE ( 'NONE', *, *, #2292, .F. ) ;
#1287 = CARTESIAN_POINT ( 'NONE',  ( 214.9999999999999716, -4.109559914589056007E-12, -303.3000000000001251 ) ) ;
#1288 = DIRECTION ( 'NONE',  ( 1.000000000000000000, 0.000000000000000000, 0.000000000000000000 ) ) ;
#1289 = AXIS2_PLACEMENT_3D ( 'NONE', #110, #99, #125 ) ;
#1290 = EDGE_CURVE ( 'NONE', #174, #882, #1251, .T. ) ;
#1291 = DIRECTION ( 'NONE',  ( 0.000000000000000000, 0.000000000000000000, 1.000000000000000000 ) ) ;
#1292 = CIRCLE ( 'NONE', #2647, 3.500000000000003109 ) ;
#1293 = CARTESIAN_POINT ( 'NONE',  ( -65.00000000000170530, 2.255140518769901982E-13, -219.9999999999995737 ) ) ;
#1294 = ORIENTED_EDGE ( 'NONE', *, *, #1666, .F. ) ;
#1295 = ORIENTED_EDGE ( 'NONE', *, *, #2945, .F. ) ;
#1296 = AXIS2_PLACEMENT_3D ( 'NONE', #202, #2469, #1291 ) ;
#1297 = AXIS2_PLACEMENT_3D ( 'NONE', #2142, #2157, #1250 ) ;
#1298 = ORIENTED_EDGE ( 'NONE', *, *, #612, .F. ) ;
#1299 = CIRCLE ( 'NONE', #2654, 4.500000000000003553 ) ;
#1300 = EDGE_CURVE ( 'NONE', #2761, #1538, #2223, .T. ) ;
#1301 = EDGE_LOOP ( 'NONE', ( #1298, #1073 ) ) ;
#1302 = CARTESIAN_POINT ( 'NONE',  ( -248.9999999999999716, 0.000000000000000000, -627.5000000000001137 ) ) ;
#1303 = DIRECTION ( 'NONE',  ( 0.7071067811865441310, -2.452939853338540608E-15, -0.7071067811865510144 ) ) ;
#1304 = CARTESIAN_POINT ( 'NONE',  ( 36.76955262170536542, -3.367098266870982570E-12, -480.7304473782782566 ) ) ;
#1305 = AXIS2_PLACEMENT_3D ( 'NONE', #1341, #415, #384 ) ;
#1306 = VERTEX_POINT ( 'NONE', #148 ) ;
#1307 = AXIS2_PLACEMENT_3D ( 'NONE', #631, #823, #1973 ) ;
#1308 = EDGE_CURVE ( 'NONE', #2661, #2783, #1052, .T. ) ;
#1309 = LINE ( 'NONE', #827, #2366 ) ;
#1310 = CARTESIAN_POINT ( 'NONE',  ( 1.270641034760808889E-12, 5.000000000000000000, -147.0000000000020748 ) ) ;
#1311 = CARTESIAN_POINT ( 'NONE',  ( 51.61879502661659558, 4.999999999999821476, -276.1187950266162261 ) ) ;
#1312 = VERTEX_POINT ( 'NONE', #2664 ) ;
#1313 = DIRECTION ( 'NONE',  ( -3.469446951953614978E-15, -1.000000000000000000, -0.000000000000000000 ) ) ;
#1314 = VERTEX_POINT ( 'NONE', #606 ) ;
#1315 = EDGE_CURVE ( 'NONE', #693, #619, #1155, .T. ) ;
#1316 = CARTESIAN_POINT ( 'NONE',  ( 46.00000000000535749, 0.000000000000000000, -415.0000000000003979 ) ) ;
#1317 = CIRCLE ( 'NONE', #1709, 4.500000000000003553 ) ;
#1318 = ORIENTED_EDGE ( 'NONE', *, *, #2355, .T. ) ;
#1319 = CIRCLE ( 'NONE', #993, 2.749999999999974687 ) ;
#1320 = DIRECTION ( 'NONE',  ( -0.000000000000000000, 1.000000000000000000, -0.000000000000000000 ) ) ;
#1321 = LINE ( 'NONE', #2421, #2892 ) ;
#1322 = CIRCLE ( 'NONE', #703, 3.500000000000003109 ) ;
#1323 = ORIENTED_EDGE ( 'NONE', *, *, #697, .F. ) ;
#1324 = ORIENTED_EDGE ( 'NONE', *, *, #476, .F. ) ;
#1325 = CARTESIAN_POINT ( 'NONE',  ( -34.29467888754271598, 5.000000000000119016, -488.1550685807370087 ) ) ;
#1326 = DIRECTION ( 'NONE',  ( -0.000000000000000000, 1.000000000000000000, -0.000000000000000000 ) ) ;
#1327 = EDGE_CURVE ( 'NONE', #908, #2661, #2844, .T. ) ;
#1328 = EDGE_CURVE ( 'NONE', #2324, #2783, #1643, .T. ) ;
#1329 = DIRECTION ( 'NONE',  ( -0.000000000000000000, 1.000000000000000000, -0.000000000000000000 ) ) ;
#1330 = ORIENTED_EDGE ( 'NONE', *, *, #2022, .T. ) ;
#1331 = DIRECTION ( 'NONE',  ( -1.000000000000000000, -0.000000000000000000, -0.000000000000000000 ) ) ;
#1332 = ORIENTED_EDGE ( 'NONE', *, *, #2032, .T. ) ;
#1333 = ORIENTED_EDGE ( 'NONE', *, *, #243, .T. ) ;
#1334 = ORIENTED_EDGE ( 'NONE', *, *, #2583, .T. ) ;
#1335 = EDGE_CURVE ( 'NONE', #2846, #2340, #2501, .T. ) ;
#1336 = DIRECTION ( 'NONE',  ( 0.000000000000000000, 0.000000000000000000, 1.000000000000000000 ) ) ;
#1337 = ORIENTED_EDGE ( 'NONE', *, *, #2196, .F. ) ;
#1338 = DIRECTION ( 'NONE',  ( 0.000000000000000000, 0.000000000000000000, 1.000000000000000000 ) ) ;
#1339 = FACE_OUTER_BOUND ( 'NONE', #2590, .T. ) ;
#1340 = VERTEX_POINT ( 'NONE', #2062 ) ;
#1341 = CARTESIAN_POINT ( 'NONE',  ( 31.81980515339954962, 4.999999999999889866, -549.3198051533734088 ) ) ;
#1342 = CARTESIAN_POINT ( 'NONE',  ( -31.81980515338972282, 5.000000000000110134, -485.6801948465840724 ) ) ;
#1343 = CARTESIAN_POINT ( 'NONE',  ( 110.5000000000049596, -2.372234353398283702E-12, -443.2500000000002274 ) ) ;
#1344 = ADVANCED_FACE ( 'NONE', ( #1602 ), #2052, .F. ) ;
#1345 = AXIS2_PLACEMENT_3D ( 'NONE', #696, #1619, #444 ) ;
#1346 = DIRECTION ( 'NONE',  ( 3.469446951953613400E-15, 1.000000000000000000, -0.000000000000000000 ) ) ;
#1347 = ORIENTED_EDGE ( 'NONE', *, *, #346, .T. ) ;
#1348 = VECTOR ( 'NONE', #1611, 1000.000000000000000 ) ;
#1349 = APPLICATION_CONTEXT ( 'configuration controlled 3d designs of mechanical parts and assemblies' ) ;
#1350 = VECTOR ( 'NONE', #228, 1000.000000000000000 ) ;
#1351 = AXIS2_PLACEMENT_3D ( 'NONE', #342, #1928, #1917 ) ;
#1352 = EDGE_LOOP ( 'NONE', ( #193, #1505, #2096, #2440 ) ) ;
#1353 = DATE_AND_TIME ( #2533, #1701 ) ;
#1354 = CARTESIAN_POINT ( 'NONE',  ( 34.29467888755238647, 0.000000000000000000, -546.8449314192205293 ) ) ;
#1355 = DIRECTION ( 'NONE',  ( -0.000000000000000000, 1.000000000000000000, -0.000000000000000000 ) ) ;
#1356 = CIRCLE ( 'NONE', #2080, 3.500000000000003109 ) ;
#1357 = VECTOR ( 'NONE', #889, 1000.000000000000000 ) ;
#1358 = EDGE_CURVE ( 'NONE', #2417, #894, #2516, .T. ) ;
#1359 = CARTESIAN_POINT ( 'NONE',  ( 65.00000000000130740, 5.000000000000896172, -219.9999999999995737 ) ) ;
#1360 = CYLINDRICAL_SURFACE ( 'NONE', #940, 2.749999999999974687 ) ;
#1361 = APPROVAL_PERSON_ORGANIZATION ( #427, #935, #1869 ) ;
#1362 = EDGE_LOOP ( 'NONE', ( #2911, #2552, #2660, #459 ) ) ;
#1363 = DIRECTION ( 'NONE',  ( -0.000000000000000000, 1.000000000000000000, -0.000000000000000000 ) ) ;
#1364 = ORIENTED_EDGE ( 'NONE', *, *, #2505, .T. ) ;
#1365 = CARTESIAN_POINT ( 'NONE',  ( -72.99999999999845102, -6.149594722337781150E-13, -215.5000000000003695 ) ) ;
#1366 = EDGE_LOOP ( 'NONE', ( #2086, #1717, #2523, #502 ) ) ;
#1367 = VERTEX_POINT ( 'NONE', #1807 ) ;
#1368 = EDGE_CURVE ( 'NONE', #2761, #2908, #679, .T. ) ;
#1369 = AXIS2_PLACEMENT_3D ( 'NONE', #1342, #2918, #2039 ) ;
#1370 = ORIENTED_EDGE ( 'NONE', *, *, #548, .F. ) ;
#1371 = DATE_AND_TIME ( #2739, #130 ) ;
#1372 = DIRECTION ( 'NONE',  ( 0.7071067811865475727, -0.7071067811865475727, 0.000000000000000000 ) ) ;
#1373 = CARTESIAN_POINT ( 'NONE',  ( -36.76955262169551730, -3.112093915902391927E-12, -480.7304473782782566 ) ) ;
#1374 = ORIENTED_EDGE ( 'NONE', *, *, #1924, .F. ) ;
#1375 = CIRCLE ( 'NONE', #92, 3.299999999999997158 ) ;
#1376 = AXIS2_PLACEMENT_3D ( 'NONE', #2464, #1760, #2203 ) ;
#1377 = DIRECTION ( 'NONE',  ( 0.000000000000000000, 0.000000000000000000, 1.000000000000000000 ) ) ;
#1378 = CARTESIAN_POINT ( 'NONE',  ( -214.9999999999999716, 5.000000000000000000, -600.0000000000001137 ) ) ;
#1379 = EDGE_CURVE ( 'NONE', #457, #2846, #2079, .T. ) ;
#1380 = FACE_OUTER_BOUND ( 'NONE', #1628, .T. ) ;
#1381 = ORIENTED_EDGE ( 'NONE', *, *, #2936, .F. ) ;
#1382 = LINE ( 'NONE', #362, #159 ) ;
#1383 = ORIENTED_EDGE ( 'NONE', *, *, #966, .F. ) ;
#1384 = CARTESIAN_POINT ( 'NONE',  ( -29.34493141923691439, -4.999999999999898748, -551.7946788875262882 ) ) ;
#1385 = ORIENTED_EDGE ( 'NONE', *, *, #1994, .F. ) ;
#1386 = COORDINATED_UNIVERSAL_TIME_OFFSET ( 8, 0, .AHEAD. ) ;
#1387 = DIRECTION ( 'NONE',  ( 0.000000000000000000, 0.000000000000000000, 1.000000000000000000 ) ) ;
#1388 = EDGE_CURVE ( 'NONE', #1312, #2585, #493, .T. ) ;
#1389 = CYLINDRICAL_SURFACE ( 'NONE', #1345, 2.749999999999974687 ) ;
#1390 = ORIENTED_EDGE ( 'NONE', *, *, #1914, .F. ) ;
#1391 = CYLINDRICAL_SURFACE ( 'NONE', #126, 4.500000000000003553 ) ;
#1392 = CARTESIAN_POINT ( 'NONE',  ( 4.500000000004964917, -2.004472976491200598E-12, -404.5000000000005684 ) ) ;
#1393 = VERTEX_POINT ( 'NONE', #479 ) ;
#1394 = VERTEX_POINT ( 'NONE', #1871 ) ;
#1395 = CARTESIAN_POINT ( 'NONE',  ( -1.977584762613388179E-13, 5.000000000001121769, -219.9999999999995737 ) ) ;
#1396 = ORIENTED_EDGE ( 'NONE', *, *, #1749, .F. ) ;
#1397 = DIRECTION ( 'NONE',  ( 0.000000000000000000, 0.000000000000000000, 1.000000000000000000 ) ) ;
#1398 = EDGE_LOOP ( 'NONE', ( #1590, #1406 ) ) ;
#1399 = EDGE_CURVE ( 'NONE', #2761, #450, #1180, .T. ) ;
#1400 = ORIENTED_EDGE ( 'NONE', *, *, #985, .T. ) ;
#1401 = APPROVAL_DATE_TIME ( #1353, #2779 ) ;
#1402 = CARTESIAN_POINT ( 'NONE',  ( -34.29467888754275151, -4.999999999999880984, -488.1550685807370087 ) ) ;
#1403 = DIRECTION ( 'NONE',  ( 0.000000000000000000, 0.000000000000000000, 1.000000000000000000 ) ) ;
#1404 = AXIS2_PLACEMENT_3D ( 'NONE', #1269, #2841, #803 ) ;
#1405 = EDGE_CURVE ( 'NONE', #270, #1162, #2796, .T. ) ;
#1406 = ORIENTED_EDGE ( 'NONE', *, *, #2843, .F. ) ;
#1407 = DIRECTION ( 'NONE',  ( -0.000000000000000000, 1.000000000000000000, -0.000000000000000000 ) ) ;
#1408 = DIRECTION ( 'NONE',  ( -0.000000000000000000, 1.000000000000000000, -0.000000000000000000 ) ) ;
#1409 = VECTOR ( 'NONE', #1921, 1000.000000000000000 ) ;
#1410 = EDGE_CURVE ( 'NONE', #2093, #1274, #1161, .T. ) ;
#1411 = AXIS2_PLACEMENT_3D ( 'NONE', #2762, #1163, #2550 ) ;
#1412 = DIRECTION ( 'NONE',  ( 0.000000000000000000, 0.000000000000000000, 1.000000000000000000 ) ) ;
#1413 = PLANE ( 'NONE',  #2866 ) ;
#1414 = ORIENTED_EDGE ( 'NONE', *, *, #2322, .F. ) ;
#1415 = VECTOR ( 'NONE', #123, 1000.000000000000000 ) ;
#1416 = CARTESIAN_POINT ( 'NONE',  ( -214.9999999999999716, -4.109559914589056007E-12, -303.3000000000001251 ) ) ;
#1417 = ORIENTED_EDGE ( 'NONE', *, *, #1405, .T. ) ;
#1418 = ORGANIZATION ( 'UNSPECIFIED', 'UNSPECIFIED', '' ) ;
#1419 = DIRECTION ( 'NONE',  ( -0.000000000000000000, 1.000000000000000000, -0.000000000000000000 ) ) ;
#1420 = ORIENTED_EDGE ( 'NONE', *, *, #1575, .T. ) ;
#1421 = DIRECTION ( 'NONE',  ( 3.469446951953613400E-15, 1.000000000000000000, 0.000000000000000000 ) ) ;
#1422 = DIRECTION ( 'NONE',  ( 0.000000000000000000, 0.000000000000000000, 1.000000000000000000 ) ) ;
#1423 = CARTESIAN_POINT ( 'NONE',  ( 0.000000000000000000, 5.000000000000000000, 3.299999999999887912 ) ) ;
#1424 = VECTOR ( 'NONE', #758, 1000.000000000000000 ) ;
#1425 = AXIS2_PLACEMENT_3D ( 'NONE', #1392, #2055, #2103 ) ;
#1426 = CARTESIAN_POINT ( 'NONE',  ( -29.34493141923689663, 0.000000000000000000, -551.7946788875262882 ) ) ;
#1427 = PLANE ( 'NONE',  #1080 ) ;
#1428 = ORIENTED_EDGE ( 'NONE', *, *, #1010, .T. ) ;
#1429 = ADVANCED_FACE ( 'NONE', ( #2272 ), #1389, .F. ) ;
#1430 = ADVANCED_FACE ( 'NONE', ( #2728 ), #2298, .F. ) ;
#1431 = AXIS2_PLACEMENT_3D ( 'NONE', #571, #1691, #799 ) ;
#1432 = DIRECTION ( 'NONE',  ( -3.469446951953614189E-15, -1.000000000000000000, 0.000000000000000000 ) ) ;
#1433 = ORIENTED_EDGE ( 'NONE', *, *, #2919, .T. ) ;
#1434 = LINE ( 'NONE', #766, #1972 ) ;
#1435 = DIRECTION ( 'NONE',  ( 1.000000000000000000, 0.000000000000000000, 0.000000000000000000 ) ) ;
#1436 = CARTESIAN_POINT ( 'NONE',  ( 51.61879502661831509, -1.046905617752003081E-12, -168.3812049733842855 ) ) ;
#1437 = FACE_BOUND ( 'NONE', #205, .T. ) ;
#1438 = DIRECTION ( 'NONE',  ( 3.469446951953613400E-15, 1.000000000000000000, 0.000000000000000000 ) ) ;
#1439 = ORIENTED_EDGE ( 'NONE', *, *, #760, .T. ) ;
#1440 = CARTESIAN_POINT ( 'NONE',  ( 51.61879502661831509, 4.999999999999822364, -168.3812049733842855 ) ) ;
#1441 = EDGE_CURVE ( 'NONE', #1393, #1967, #1105, .T. ) ;
#1442 = EDGE_LOOP ( 'NONE', ( #2692, #1487, #1364, #530 ) ) ;
#1443 = VERTEX_POINT ( 'NONE', #2675 ) ;
#1444 = LINE ( 'NONE', #326, #499 ) ;
#1445 = DIRECTION ( 'NONE',  ( -0.000000000000000000, 1.000000000000000000, -0.000000000000000000 ) ) ;
#1446 = VECTOR ( 'NONE', #2364, 1000.000000000000000 ) ;
#1447 = AXIS2_PLACEMENT_3D ( 'NONE', #1586, #1355, #2497 ) ;
#1448 = FACE_OUTER_BOUND ( 'NONE', #1442, .T. ) ;
#1449 = LINE ( 'NONE', #2623, #2724 ) ;
#1450 = DIRECTION ( 'NONE',  ( -0.000000000000000000, 1.000000000000000000, -0.000000000000000000 ) ) ;
#1451 = CIRCLE ( 'NONE', #1016, 4.500000000000003553 ) ;
#1452 = EDGE_CURVE ( 'NONE', #2474, #997, #1060, .T. ) ;
#1453 = AXIS2_PLACEMENT_3D ( 'NONE', #2861, #2596, #1229 ) ;
#1454 = CARTESIAN_POINT ( 'NONE',  ( -261.2248737341400897, -0.000000000000000000, -261.2248737341375318 ) ) ;
#1455 = VECTOR ( 'NONE', #2865, 1000.000000000000000 ) ;
#1456 = DIRECTION ( 'NONE',  ( -3.469446951953614978E-15, -1.000000000000000000, 0.000000000000000000 ) ) ;
#1457 = EDGE_LOOP ( 'NONE', ( #67, #2337, #904, #1614 ) ) ;
#1458 = DIRECTION ( 'NONE',  ( -0.000000000000000000, -1.000000000000000000, -0.000000000000000000 ) ) ;
#1459 = VECTOR ( 'NONE', #2436, 1000.000000000000000 ) ;
#1460 = EDGE_LOOP ( 'NONE', ( #2460, #733, #978, #541 ) ) ;
#1461 = FACE_OUTER_BOUND ( 'NONE', #1962, .T. ) ;
#1462 = LINE ( 'NONE', #291, #1889 ) ;
#1463 = EDGE_CURVE ( 'NONE', #1314, #2069, #2935, .T. ) ;
#1464 = EDGE_CURVE ( 'NONE', #2001, #1757, #1564, .T. ) ;
#1465 = FACE_OUTER_BOUND ( 'NONE', #2017, .T. ) ;
#1466 = CARTESIAN_POINT ( 'NONE',  ( -248.9999999999999716, 5.000000000000000000, 0.000000000000000000 ) ) ;
#1467 = DIRECTION ( 'NONE',  ( 0.000000000000000000, 0.000000000000000000, 1.000000000000000000 ) ) ;
#1468 = EDGE_CURVE ( 'NONE', #2206, #2880, #912, .T. ) ;
#1469 = VECTOR ( 'NONE', #1978, 1000.000000000000000 ) ;
#1470 = FACE_BOUND ( 'NONE', #261, .T. ) ;
#1471 = CARTESIAN_POINT ( 'NONE',  ( -72.99999999999845102, 5.000000000000254019, -220.0000000000003695 ) ) ;
#1472 = VERTEX_POINT ( 'NONE', #1280 ) ;
#1473 = CC_DESIGN_DATE_AND_TIME_ASSIGNMENT ( #2315, #210, ( #1174 ) ) ;
#1474 = VECTOR ( 'NONE', #1930, 1000.000000000000000 ) ;
#1475 = CARTESIAN_POINT ( 'NONE',  ( 51.61879502661831509, 4.999999999999822364, -172.8812049733842855 ) ) ;
#1476 = ORIENTED_EDGE ( 'NONE', *, *, #132, .T. ) ;
#1477 = ORIENTED_EDGE ( 'NONE', *, *, #2701, .F. ) ;
#1478 = DIRECTION ( 'NONE',  ( 0.000000000000000000, 0.000000000000000000, 1.000000000000000000 ) ) ;
#1479 = CARTESIAN_POINT ( 'NONE',  ( 51.61879502661831509, -1.046905617752003081E-12, -172.8812049733843139 ) ) ;
#1480 = EDGE_CURVE ( 'NONE', #1243, #1910, #847, .T. ) ;
#1481 = CARTESIAN_POINT ( 'NONE',  ( -34.99999999999513278, -4.100886297209171971E-12, -517.4999999999787406 ) ) ;
#1482 = DIRECTION ( 'NONE',  ( -0.000000000000000000, 1.000000000000000000, -0.000000000000000000 ) ) ;
#1483 = CARTESIAN_POINT ( 'NONE',  ( 1.270641034760808889E-12, 5.000000000000000000, -147.0000000000020748 ) ) ;
#1484 = DIRECTION ( 'NONE',  ( 0.000000000000000000, 0.000000000000000000, 1.000000000000000000 ) ) ;
#1485 = CC_DESIGN_PERSON_AND_ORGANIZATION_ASSIGNMENT ( #661, #1159, ( #2906 ) ) ;
#1486 = DIRECTION ( 'NONE',  ( 0.000000000000000000, 0.000000000000000000, 1.000000000000000000 ) ) ;
#1487 = ORIENTED_EDGE ( 'NONE', *, *, #213, .T. ) ;
#1488 = ORIENTED_EDGE ( 'NONE', *, *, #1328, .T. ) ;
#1489 = DIRECTION ( 'NONE',  ( -0.7071067811865578978, 0.000000000000000000, 0.7071067811865371366 ) ) ;
#1490 = DIRECTION ( 'NONE',  ( -0.000000000000000000, -1.000000000000000000, -0.000000000000000000 ) ) ;
#1491 = PERSON ( 'UNSPECIFIED', 'UNSPECIFIED', 'UNSPECIFIED', ('UNSPECIFIED'), ('UNSPECIFIED'), ('UNSPECIFIED') ) ;
#1492 = LINE ( 'NONE', #811, #219 ) ;
#1493 = VECTOR ( 'NONE', #2680, 1000.000000000000000 ) ;
#1494 = CARTESIAN_POINT ( 'NONE',  ( -1.705522753754266706E-13, -8.682290997263919508E-13, -288.5000000000001137 ) ) ;
#1495 = CARTESIAN_POINT ( 'NONE',  ( -214.9999999999999716, -4.109559914589056007E-12, -300.0000000000001137 ) ) ;
#1496 = AXIS2_PLACEMENT_3D ( 'NONE', #1153, #1879, #2310 ) ;
#1497 = EDGE_CURVE ( 'NONE', #1104, #2206, #1013, .T. ) ;
#1498 = CIRCLE ( 'NONE', #2075, 4.500000000000003553 ) ;
#1499 = AXIS2_PLACEMENT_3D ( 'NONE', #230, #1372, #276 ) ;
#1500 = DIRECTION ( 'NONE',  ( -0.000000000000000000, 1.000000000000000000, -0.000000000000000000 ) ) ;
#1501 = ORIENTED_EDGE ( 'NONE', *, *, #1565, .F. ) ;
#1502 = AXIS2_PLACEMENT_3D ( 'NONE', #1578, #1591, #1486 ) ;
#1503 = PRODUCT_DEFINITION_SHAPE ( 'NONE', 'NONE',  #1231 ) ;
#1504 = ORIENTED_EDGE ( 'NONE', *, *, #274, .T. ) ;
#1505 = ORIENTED_EDGE ( 'NONE', *, *, #2611, .T. ) ;
#1506 = AXIS2_PLACEMENT_3D ( 'NONE', #2221, #146, #2432 ) ;
#1507 = VERTEX_POINT ( 'NONE', #1517 ) ;
#1508 = EDGE_LOOP ( 'NONE', ( #2738, #868 ) ) ;
#1509 = COORDINATED_UNIVERSAL_TIME_OFFSET ( 8, 0, .AHEAD. ) ;
#1510 = DIRECTION ( 'NONE',  ( 0.000000000000000000, 0.000000000000000000, -1.000000000000000000 ) ) ;
#1511 = CARTESIAN_POINT ( 'NONE',  ( 214.9999999999999716, 5.000000000000000000, -3.300000000000108180 ) ) ;
#1512 = DIRECTION ( 'NONE',  ( 0.5773502691896257311, -0.5773502691896257311, 0.5773502691896257311 ) ) ;
#1513 = DIRECTION ( 'NONE',  ( 3.469446951953613400E-15, 1.000000000000000000, -0.000000000000000000 ) ) ;
#1514 = AXIS2_PLACEMENT_3D ( 'NONE', #2397, #1242, #1695 ) ;
#1515 = EDGE_CURVE ( 'NONE', #2307, #1587, #1998, .T. ) ;
#1516 = AXIS2_PLACEMENT_3D ( 'NONE', #2336, #1607, #728 ) ;
#1517 = CARTESIAN_POINT ( 'NONE',  ( 51.61879502661659558, -1.046905617752003081E-12, -276.1187950266162261 ) ) ;
#1518 = ORIENTED_EDGE ( 'NONE', *, *, #2300, .T. ) ;
#1519 = AXIS2_PLACEMENT_3D ( 'NONE', #2695, #2183, #147 ) ;
#1520 = ORIENTED_EDGE ( 'NONE', *, *, #2547, .T. ) ;
#1521 = ORIENTED_EDGE ( 'NONE', *, *, #2443, .F. ) ;
#1522 = ORIENTED_EDGE ( 'NONE', *, *, #1283, .F. ) ;
#1523 = ORIENTED_EDGE ( 'NONE', *, *, #2673, .T. ) ;
#1524 = CALENDAR_DATE ( 2026, 24, 3 ) ;
#1525 = CARTESIAN_POINT ( 'NONE',  ( -1.977584762613388179E-13, 5.000000000001121769, -219.9999999999995737 ) ) ;
#1526 = CARTESIAN_POINT ( 'NONE',  ( 110.5000000000049312, -2.372234353398283702E-12, -404.5000000000005684 ) ) ;
#1527 = ORIENTED_EDGE ( 'NONE', *, *, #274, .F. ) ;
#1528 = CARTESIAN_POINT ( 'NONE',  ( -249.9999999999999716, 1.000000000000000888, -627.5000000000001137 ) ) ;
#1529 = FACE_OUTER_BOUND ( 'NONE', #426, .T. ) ;
#1530 = EDGE_LOOP ( 'NONE', ( #2525, #2615, #750, #464 ) ) ;
#1531 = ADVANCED_FACE ( 'NONE', ( #1547 ), #2233, .F. ) ;
#1532 = CARTESIAN_POINT ( 'NONE',  ( -36.76955262169565941, -3.112093915902391927E-12, -554.2695526216790540 ) ) ;
#1533 = ORIENTED_EDGE ( 'NONE', *, *, #2066, .T. ) ;
#1534 = VERTEX_POINT ( 'NONE', #2197 ) ;
#1535 = ORIENTED_EDGE ( 'NONE', *, *, #2292, .T. ) ;
#1536 = ADVANCED_FACE ( 'NONE', ( #421 ), #2248, .F. ) ;
#1537 = ORIENTED_EDGE ( 'NONE', *, *, #2548, .F. ) ;
#1538 = VERTEX_POINT ( 'NONE', #1782 ) ;
#1539 = DIRECTION ( 'NONE',  ( -0.7071067811865520136, 0.000000000000000000, -0.7071067811865431318 ) ) ;
#1540 = DIRECTION ( 'NONE',  ( -0.000000000000000000, -1.000000000000000000, -0.000000000000000000 ) ) ;
#1541 = ORIENTED_EDGE ( 'NONE', *, *, #724, .F. ) ;
#1542 = CARTESIAN_POINT ( 'NONE',  ( -1.977584762613388179E-13, 5.000000000001121769, -219.9999999999995737 ) ) ;
#1543 = CYLINDRICAL_SURFACE ( 'NONE', #365, 3.499999999999999556 ) ;
#1544 = AXIS2_PLACEMENT_3D ( 'NONE', #624, #2473, #2265 ) ;
#1545 = EDGE_CURVE ( 'NONE', #931, #106, #389, .T. ) ;
#1546 = FACE_OUTER_BOUND ( 'NONE', #119, .T. ) ;
#1547 = FACE_OUTER_BOUND ( 'NONE', #1352, .T. ) ;
#1548 = ORIENTED_EDGE ( 'NONE', *, *, #688, .T. ) ;
#1549 = VERTEX_POINT ( 'NONE', #893 ) ;
#1550 = VECTOR ( 'NONE', #1156, 1000.000000000000000 ) ;
#1551 = ORIENTED_EDGE ( 'NONE', *, *, #778, .T. ) ;
#1552 = AXIS2_PLACEMENT_3D ( 'NONE', #236, #500, #1412 ) ;
#1553 = CYLINDRICAL_SURFACE ( 'NONE', #1907, 7.500000000000007105 ) ;
#1554 = ADVANCED_FACE ( 'NONE', ( #1814 ), #644, .F. ) ;
#1555 = DIRECTION ( 'NONE',  ( 3.469446951953613400E-15, 1.000000000000000000, 0.000000000000000000 ) ) ;
#1556 = AXIS2_PLACEMENT_3D ( 'NONE', #637, #1558, #2468 ) ;
#1557 = ORIENTED_EDGE ( 'NONE', *, *, #1995, .F. ) ;
#1558 = DIRECTION ( 'NONE',  ( -0.000000000000000000, 1.000000000000000000, -0.000000000000000000 ) ) ;
#1559 = CARTESIAN_POINT ( 'NONE',  ( -248.9999999999999716, 5.000000000000000000, 0.000000000000000000 ) ) ;
#1560 = DIRECTION ( 'NONE',  ( -0.000000000000000000, 1.000000000000000000, -0.000000000000000000 ) ) ;
#1561 = ORIENTED_EDGE ( 'NONE', *, *, #196, .T. ) ;
#1562 = LINE ( 'NONE', #1813, #2313 ) ;
#1563 = ORIENTED_EDGE ( 'NONE', *, *, #2427, .F. ) ;
#1564 = LINE ( 'NONE', #406, #158 ) ;
#1565 = EDGE_CURVE ( 'NONE', #2267, #2492, #2705, .T. ) ;
#1566 = CIRCLE ( 'NONE', #2185, 7.500000000000007105 ) ;
#1567 = ORIENTED_EDGE ( 'NONE', *, *, #2238, .F. ) ;
#1568 = VECTOR ( 'NONE', #2348, 1000.000000000000000 ) ;
#1569 = DIRECTION ( 'NONE',  ( 0.5773502691896257311, -0.5773502691896257311, -0.5773502691896257311 ) ) ;
#1570 = VERTEX_POINT ( 'NONE', #2734 ) ;
#1571 = DIRECTION ( 'NONE',  ( 0.000000000000000000, 0.000000000000000000, -1.000000000000000000 ) ) ;
#1572 = DIRECTION ( 'NONE',  ( 0.000000000000000000, 0.000000000000000000, 1.000000000000000000 ) ) ;
#1573 = CARTESIAN_POINT ( 'NONE',  ( 28.31980515339954607, 4.999999999999902300, -485.6801948465840724 ) ) ;
#1574 = VECTOR ( 'NONE', #1320, 1000.000000000000000 ) ;
#1575 = EDGE_CURVE ( 'NONE', #1772, #1812, #2426, .T. ) ;
#1576 = DIRECTION ( 'NONE',  ( -0.000000000000000000, 1.000000000000000000, -0.000000000000000000 ) ) ;
#1577 = CARTESIAN_POINT ( 'NONE',  ( 4.500000000004964917, 4.999999999999985789, -437.7500000000002274 ) ) ;
#1578 = CARTESIAN_POINT ( 'NONE',  ( 214.9999999999999716, -4.109559914589056007E-12, -1.110223024625156540E-13 ) ) ;
#1579 = ORIENTED_EDGE ( 'NONE', *, *, #2597, .T. ) ;
#1580 = LINE ( 'NONE', #2057, #1348 ) ;
#1581 = ORIENTED_EDGE ( 'NONE', *, *, #1735, .F. ) ;
#1582 = EDGE_LOOP ( 'NONE', ( #716, #2891, #430, #1696 ) ) ;
#1583 = EDGE_CURVE ( 'NONE', #2492, #1991, #2027, .T. ) ;
#1584 = ORIENTED_EDGE ( 'NONE', *, *, #1290, .T. ) ;
#1585 = FACE_OUTER_BOUND ( 'NONE', #143, .T. ) ;
#1586 = CARTESIAN_POINT ( 'NONE',  ( 214.9999999999999432, 5.000000000000000000, -599.9999999999998863 ) ) ;
#1587 = VERTEX_POINT ( 'NONE', #1293 ) ;
#1588 = DIRECTION ( 'NONE',  ( 0.000000000000000000, 0.000000000000000000, 1.000000000000000000 ) ) ;
#1589 = CARTESIAN_POINT ( 'NONE',  ( 110.5000000000049596, 4.999999999999616307, -440.5000000000002274 ) ) ;
#1590 = ORIENTED_EDGE ( 'NONE', *, *, #1874, .F. ) ;
#1591 = DIRECTION ( 'NONE',  ( -0.000000000000000000, 1.000000000000000000, -0.000000000000000000 ) ) ;
#1592 = CIRCLE ( 'NONE', #448, 4.500000000000003553 ) ;
#1593 = VERTEX_POINT ( 'NONE', #2955 ) ;
#1594 = ADVANCED_FACE ( 'NONE', ( #613 ), #879, .F. ) ;
#1595 = AXIS2_PLACEMENT_3D ( 'NONE', #2241, #1555, #429 ) ;
#1596 = CARTESIAN_POINT ( 'NONE',  ( 29.34493141924642856, -5.000000000000101252, -551.7946788875265156 ) ) ;
#1597 = ORIENTED_EDGE ( 'NONE', *, *, #1368, .F. ) ;
#1598 = VECTOR ( 'NONE', #2041, 1000.000000000000000 ) ;
#1599 = AXIS2_PLACEMENT_3D ( 'NONE', #883, #2097, #678 ) ;
#1600 = ORIENTED_EDGE ( 'NONE', *, *, #1735, .T. ) ;
#1601 = DIRECTION ( 'NONE',  ( -1.000000000000000000, 3.469446951953612217E-15, 0.000000000000000000 ) ) ;
#1602 = FACE_OUTER_BOUND ( 'NONE', #378, .T. ) ;
#1603 = VERTEX_POINT ( 'NONE', #658 ) ;
#1604 = CIRCLE ( 'NONE', #1937, 3.299999999999997158 ) ;
#1605 = AXIS2_PLACEMENT_3D ( 'NONE', #2622, #1206, #2128 ) ;
#1606 = FACE_OUTER_BOUND ( 'NONE', #59, .T. ) ;
#1607 = DIRECTION ( 'NONE',  ( 3.469446951953613400E-15, 1.000000000000000000, -0.000000000000000000 ) ) ;
#1608 = ORIENTED_EDGE ( 'NONE', *, *, #2443, .T. ) ;
#1609 = DIRECTION ( 'NONE',  ( 0.000000000000000000, 0.000000000000000000, 1.000000000000000000 ) ) ;
#1610 = ORIENTED_EDGE ( 'NONE', *, *, #1914, .T. ) ;
#1611 = DIRECTION ( 'NONE',  ( -0.7071067811865515695, 2.452939853338567035E-15, -0.7071067811865435759 ) ) ;
#1612 = EDGE_CURVE ( 'NONE', #2631, #1593, #1580, .T. ) ;
#1613 = ORIENTED_EDGE ( 'NONE', *, *, #396, .F. ) ;
#1614 = ORIENTED_EDGE ( 'NONE', *, *, #1058, .F. ) ;
#1615 = LINE ( 'NONE', #254, #2408 ) ;
#1616 = VERTEX_POINT ( 'NONE', #1627 ) ;
#1617 = APPROVAL_ROLE ( '' ) ;
#1618 = CARTESIAN_POINT ( 'NONE',  ( -31.81980515338969084, 5.000000000000110134, -549.3198051533732951 ) ) ;
#1619 = DIRECTION ( 'NONE',  ( -0.000000000000000000, 1.000000000000000000, -0.000000000000000000 ) ) ;
#1620 = ORIENTED_EDGE ( 'NONE', *, *, #1866, .F. ) ;
#1621 = VECTOR ( 'NONE', #2257, 1000.000000000000114 ) ;
#1622 = AXIS2_PLACEMENT_3D ( 'NONE', #839, #2895, #1974 ) ;
#1623 = DIRECTION ( 'NONE',  ( -0.000000000000000000, 1.000000000000000000, -0.000000000000000000 ) ) ;
#1624 = CARTESIAN_POINT ( 'NONE',  ( 72.99999999999955946, -1.121498727219005787E-12, -224.5000000000018190 ) ) ;
#1625 = PLANE ( 'NONE',  #367 ) ;
#1626 = EDGE_LOOP ( 'NONE', ( #2441, #1374, #2677, #1240 ) ) ;
#1627 = CARTESIAN_POINT ( 'NONE',  ( 28.31980515339953186, 0.000000000000000000, -549.3198051533734088 ) ) ;
#1628 = EDGE_LOOP ( 'NONE', ( #53, #475, #2249, #569 ) ) ;
#1629 = ORIENTED_EDGE ( 'NONE', *, *, #511, .F. ) ;
#1630 = EDGE_CURVE ( 'NONE', #974, #2952, #2798, .T. ) ;
#1631 = CARTESIAN_POINT ( 'NONE',  ( -51.61879502661898300, 5.000000000000179412, -276.1187950266202051 ) ) ;
#1632 = ORIENTED_EDGE ( 'NONE', *, *, #2204, .T. ) ;
#1633 = CARTESIAN_POINT ( 'NONE',  ( 110.5000000000049596, 4.999999999999617195, -437.7500000000002274 ) ) ;
#1634 = CARTESIAN_POINT ( 'NONE',  ( -36.76955262169551730, -3.112093915902391927E-12, -480.7304473782782566 ) ) ;
#1635 = EDGE_CURVE ( 'NONE', #2206, #2077, #1845, .T. ) ;
#1636 = CARTESIAN_POINT ( 'NONE',  ( -1.700011843158103498E-13, 5.000000000000000000, -297.5000000000001137 ) ) ;
#1637 = DIRECTION ( 'NONE',  ( -1.000000000000000000, 3.469446951953611033E-15, 0.000000000000000000 ) ) ;
#1638 = LINE ( 'NONE', #2325, #2268 ) ;
#1639 = DIRECTION ( 'NONE',  ( -0.000000000000000000, 1.000000000000000000, -0.000000000000000000 ) ) ;
#1640 = ORIENTED_EDGE ( 'NONE', *, *, #1379, .F. ) ;
#1641 = DIRECTION ( 'NONE',  ( -0.7071067811865526798, 0.000000000000000000, -0.7071067811865422437 ) ) ;
#1642 = ORIENTED_EDGE ( 'NONE', *, *, #1201, .F. ) ;
#1643 = CIRCLE ( 'NONE', #1882, 3.500000000000003109 ) ;
#1644 = FACE_BOUND ( 'NONE', #2901, .T. ) ;
#1645 = EDGE_LOOP ( 'NONE', ( #1170, #1966, #805, #2573 ) ) ;
#1646 = FACE_OUTER_BOUND ( 'NONE', #2040, .T. ) ;
#1647 = AXIS2_PLACEMENT_3D ( 'NONE', #2212, #172, #876 ) ;
#1648 = ADVANCED_FACE ( 'NONE', ( #2328 ), #2293, .F. ) ;
#1649 = DIRECTION ( 'NONE',  ( -0.000000000000000000, -1.000000000000000000, -0.000000000000000000 ) ) ;
#1650 = DIRECTION ( 'NONE',  ( 3.469446951953613400E-15, 1.000000000000000000, 0.000000000000000000 ) ) ;
#1651 = AXIS2_PLACEMENT_3D ( 'NONE', #2009, #1992, #200 ) ;
#1652 = AXIS2_PLACEMENT_3D ( 'NONE', #2256, #873, #2485 ) ;
#1653 = EDGE_LOOP ( 'NONE', ( #496, #2646, #232, #2373 ) ) ;
#1654 = CARTESIAN_POINT ( 'NONE',  ( 65.00000000000129319, -2.255140518769901982E-13, -219.9999999999995737 ) ) ;
#1655 = LINE ( 'NONE', #714, #136 ) ;
#1656 = ORIENTED_EDGE ( 'NONE', *, *, #1147, .F. ) ;
#1657 = ADVANCED_FACE ( 'NONE', ( #252 ), #2767, .F. ) ;
#1658 = CARTESIAN_POINT ( 'NONE',  ( -1.370431546021671546E-12, 5.000000000001763034, -499.5000000000001137 ) ) ;
#1659 = EDGE_LOOP ( 'NONE', ( #1027, #945, #776, #1900 ) ) ;
#1660 = EDGE_LOOP ( 'NONE', ( #2645, #1420, #32, #61 ) ) ;
#1661 = FACE_BOUND ( 'NONE', #563, .T. ) ;
#1662 = FACE_OUTER_BOUND ( 'NONE', #1362, .T. ) ;
#1663 = CARTESIAN_POINT ( 'NONE',  ( -39.24442635584868810, -3.103507472768964769E-12, -551.7946788875259472 ) ) ;
#1664 = FACE_OUTER_BOUND ( 'NONE', #1683, .T. ) ;
#1665 = VECTOR ( 'NONE', #1226, 1000.000000000000000 ) ;
#1666 = EDGE_CURVE ( 'NONE', #2395, #1306, #2572, .T. ) ;
#1667 = VERTEX_POINT ( 'NONE', #505 ) ;
#1668 = LINE ( 'NONE', #1454, #1214 ) ;
#1669 = LINE ( 'NONE', #2581, #1665 ) ;
#1670 = VERTEX_POINT ( 'NONE', #76 ) ;
#1671 = LINE ( 'NONE', #309, #1980 ) ;
#1672 = VERTEX_POINT ( 'NONE', #1416 ) ;
#1673 = CARTESIAN_POINT ( 'NONE',  ( 0.000000000000000000, 5.000000000000000000, 0.000000000000000000 ) ) ;
#1674 = ORIENTED_EDGE ( 'NONE', *, *, #628, .F. ) ;
#1675 = LINE ( 'NONE', #755, #1455 ) ;
#1676 = EDGE_CURVE ( 'NONE', #2435, #2390, #215, .T. ) ;
#1677 = CARTESIAN_POINT ( 'NONE',  ( 46.00000000000535749, 0.000000000000000000, -430.0000000000004547 ) ) ;
#1678 = DIRECTION ( 'NONE',  ( -0.000000000000000000, 1.000000000000000000, -0.000000000000000000 ) ) ;
#1679 = FACE_BOUND ( 'NONE', #1457, .T. ) ;
#1680 = DIRECTION ( 'NONE',  ( -3.469446951953613400E-15, -1.000000000000000000, 0.000000000000000000 ) ) ;
#1681 = ORIENTED_EDGE ( 'NONE', *, *, #2528, .T. ) ;
#1682 = DIRECTION ( 'NONE',  ( -0.000000000000000000, 1.000000000000000000, -0.000000000000000000 ) ) ;
#1683 = EDGE_LOOP ( 'NONE', ( #56, #1064, #2542, #1640 ) ) ;
#1684 = EDGE_CURVE ( 'NONE', #2474, #627, #15, .T. ) ;
#1685 = ORIENTED_EDGE ( 'NONE', *, *, #151, .T. ) ;
#1686 = DIRECTION ( 'NONE',  ( 3.469446951953613400E-15, 1.000000000000000000, -0.000000000000000000 ) ) ;
#1687 = LINE ( 'NONE', #2821, #2508 ) ;
#1688 = AXIS2_PLACEMENT_3D ( 'NONE', #485, #2184, #1947 ) ;
#1689 = AXIS2_PLACEMENT_3D ( 'NONE', #1071, #1277, #1115 ) ;
#1690 = CARTESIAN_POINT ( 'NONE',  ( 4.500000000004964917, 4.999999999999985789, -440.5000000000002274 ) ) ;
#1691 = DIRECTION ( 'NONE',  ( -0.000000000000000000, 1.000000000000000000, -0.000000000000000000 ) ) ;
#1692 = CARTESIAN_POINT ( 'NONE',  ( -1.700011843158103498E-13, 5.000000000000000888, -297.5000000000001137 ) ) ;
#1693 = AXIS2_PLACEMENT_3D ( 'NONE', #791, #1682, #1007 ) ;
#1694 = FACE_BOUND ( 'NONE', #2619, .T. ) ;
#1695 = DIRECTION ( 'NONE',  ( 0.000000000000000000, 0.000000000000000000, 1.000000000000000000 ) ) ;
#1696 = ORIENTED_EDGE ( 'NONE', *, *, #1575, .F. ) ;
#1697 = AXIS2_PLACEMENT_3D ( 'NONE', #1876, #2068, #249 ) ;
#1698 = DIRECTION ( 'NONE',  ( 0.000000000000000000, 0.000000000000000000, 1.000000000000000000 ) ) ;
#1699 = CIRCLE ( 'NONE', #782, 2.750000000000030198 ) ;
#1700 = EDGE_CURVE ( 'NONE', #1729, #2634, #817, .T. ) ;
#1701 = LOCAL_TIME ( 2, 50, 6.000000000000000000, #442 ) ;
#1702 = CYLINDRICAL_SURFACE ( 'NONE', #1111, 2.749999999999974687 ) ;
#1703 = ORIENTED_EDGE ( 'NONE', *, *, #1545, .F. ) ;
#1704 = CARTESIAN_POINT ( 'NONE',  ( -214.9999999999999716, 5.000000000000000000, -600.0000000000001137 ) ) ;
#1705 = VERTEX_POINT ( 'NONE', #1896 ) ;
#1706 = DIRECTION ( 'NONE',  ( 0.000000000000000000, -0.7071067811865475727, 0.7071067811865475727 ) ) ;
#1707 = DIRECTION ( 'NONE',  ( 0.000000000000000000, 0.000000000000000000, 1.000000000000000000 ) ) ;
#1708 = DIRECTION ( 'NONE',  ( 0.000000000000000000, -1.000000000000000000, 0.000000000000000000 ) ) ;
#1709 = AXIS2_PLACEMENT_3D ( 'NONE', #2383, #1949, #2160 ) ;
#1710 = FACE_BOUND ( 'NONE', #878, .T. ) ;
#1711 = DIRECTION ( 'NONE',  ( -0.000000000000000000, 1.000000000000000000, -0.000000000000000000 ) ) ;
#1712 = ORIENTED_EDGE ( 'NONE', *, *, #2177, .T. ) ;
#1713 = AXIS2_PLACEMENT_3D ( 'NONE', #401, #1326, #1748 ) ;
#1714 = EDGE_CURVE ( 'NONE', #1670, #843, #2341, .T. ) ;
#1715 = FACE_OUTER_BOUND ( 'NONE', #675, .T. ) ;
#1716 = VECTOR ( 'NONE', #1042, 1000.000000000000000 ) ;
#1717 = ORIENTED_EDGE ( 'NONE', *, *, #243, .F. ) ;
#1718 = ORIENTED_EDGE ( 'NONE', *, *, #2833, .T. ) ;
#1719 = ORIENTED_EDGE ( 'NONE', *, *, #2882, .T. ) ;
#1720 = DIRECTION ( 'NONE',  ( -3.469446951953614189E-15, -1.000000000000000000, 0.000000000000000000 ) ) ;
#1721 = CARTESIAN_POINT ( 'NONE',  ( 250.0000000000000000, 5.000000000000000000, 27.49999999999992184 ) ) ;
#1722 = EDGE_CURVE ( 'NONE', #738, #2958, #49, .T. ) ;
#1723 = CYLINDRICAL_SURFACE ( 'NONE', #2409, 65.00000000000150635 ) ;
#1724 = ORIENTED_EDGE ( 'NONE', *, *, #2863, .F. ) ;
#1725 = FACE_BOUND ( 'NONE', #2161, .T. ) ;
#1726 = CARTESIAN_POINT ( 'NONE',  ( -36.76955262169565941, -3.112093915902391927E-12, -554.2695526216790540 ) ) ;
#1727 = CYLINDRICAL_SURFACE ( 'NONE', #1065, 4.500000000000003553 ) ;
#1728 = DIRECTION ( 'NONE',  ( 0.000000000000000000, -1.000000000000000000, 0.000000000000000000 ) ) ;
#1729 = VERTEX_POINT ( 'NONE', #947 ) ;
#1730 = ORIENTED_EDGE ( 'NONE', *, *, #599, .T. ) ;
#1731 = APPLICATION_PROTOCOL_DEFINITION ( 'international standard', 'config_control_design', 1994, #1349 ) ;
#1732 = CYLINDRICAL_SURFACE ( 'NONE', #1755, 3.299999999999998934 ) ;
#1733 = FACE_OUTER_BOUND ( 'NONE', #2735, .T. ) ;
#1734 = AXIS2_PLACEMENT_3D ( 'NONE', #2775, #710, #663 ) ;
#1735 = EDGE_CURVE ( 'NONE', #837, #248, #1862, .T. ) ;
#1736 = FACE_OUTER_BOUND ( 'NONE', #1039, .T. ) ;
#1737 = DIRECTION ( 'NONE',  ( -0.000000000000000000, 1.000000000000000000, -0.000000000000000000 ) ) ;
#1738 = AXIS2_PLACEMENT_3D ( 'NONE', #929, #708, #2544 ) ;
#1739 = VECTOR ( 'NONE', #2640, 1000.000000000000000 ) ;
#1740 = CIRCLE ( 'NONE', #1305, 3.499999999999999556 ) ;
#1741 = EDGE_LOOP ( 'NONE', ( #1878, #156, #1173, #225 ) ) ;
#1742 = ORIENTED_EDGE ( 'NONE', *, *, #414, .T. ) ;
#1743 = ORIENTED_EDGE ( 'NONE', *, *, #2003, .T. ) ;
#1744 = DIRECTION ( 'NONE',  ( 0.000000000000000000, 0.000000000000000000, -1.000000000000000000 ) ) ;
#1745 = CARTESIAN_POINT ( 'NONE',  ( 89.00000000000534328, 5.000000000000896172, -422.5000000000004547 ) ) ;
#1746 = DIRECTION ( 'NONE',  ( -0.000000000000000000, 1.000000000000000000, -0.000000000000000000 ) ) ;
#1747 = CARTESIAN_POINT ( 'NONE',  ( 214.9999999999999716, 5.000000000000000000, -300.0000000000001137 ) ) ;
#1748 = DIRECTION ( 'NONE',  ( 0.000000000000000000, 0.000000000000000000, 1.000000000000000000 ) ) ;
#1749 = EDGE_CURVE ( 'NONE', #1786, #2285, #718, .T. ) ;
#1750 = VECTOR ( 'NONE', #2949, 1000.000000000000000 ) ;
#1751 = CARTESIAN_POINT ( 'NONE',  ( 72.99999999999955946, 4.999999999999747757, -224.5000000000018190 ) ) ;
#1752 = ORIENTED_EDGE ( 'NONE', *, *, #2427, .T. ) ;
#1753 = AXIS2_PLACEMENT_3D ( 'NONE', #1873, #2568, #890 ) ;
#1754 = CARTESIAN_POINT ( 'NONE',  ( 46.00000000000535749, 5.000000000000896172, -422.5000000000004547 ) ) ;
#1755 = AXIS2_PLACEMENT_3D ( 'NONE', #370, #1179, #1387 ) ;
#1756 = ORIENTED_EDGE ( 'NONE', *, *, #2851, .T. ) ;
#1757 = VERTEX_POINT ( 'NONE', #31 ) ;
#1758 = VERTEX_POINT ( 'NONE', #926 ) ;
#1759 = DIRECTION ( 'NONE',  ( -0.000000000000000000, 1.000000000000000000, -0.000000000000000000 ) ) ;
#1760 = DIRECTION ( 'NONE',  ( 3.469446951953613400E-15, 1.000000000000000000, 0.000000000000000000 ) ) ;
#1761 = DIRECTION ( 'NONE',  ( -0.000000000000000000, 1.000000000000000000, -0.000000000000000000 ) ) ;
#1762 = VERTEX_POINT ( 'NONE', #960 ) ;
#1763 = CC_DESIGN_PERSON_AND_ORGANIZATION_ASSIGNMENT ( #604, #809, ( #1959 ) ) ;
#1764 = FACE_OUTER_BOUND ( 'NONE', #301, .T. ) ;
#1765 = CARTESIAN_POINT ( 'NONE',  ( -11.66190378964686403, -4.181856583970604265E-12, -484.4999999999650413 ) ) ;
#1766 = CYLINDRICAL_SURFACE ( 'NONE', #1647, 35.00000000000002132 ) ;
#1767 = EDGE_CURVE ( 'NONE', #2585, #1312, #2503, .T. ) ;
#1768 = CARTESIAN_POINT ( 'NONE',  ( -29.34493141923676163, -4.999999999999898748, -483.2053211124310792 ) ) ;
#1769 = EDGE_CURVE ( 'NONE', #863, #2532, #671, .T. ) ;
#1770 = ORIENTED_EDGE ( 'NONE', *, *, #2569, .T. ) ;
#1771 = VERTEX_POINT ( 'NONE', #2509 ) ;
#1772 = VERTEX_POINT ( 'NONE', #455 ) ;
#1773 = CARTESIAN_POINT ( 'NONE',  ( 72.99999999999955946, 4.999999999999746869, -220.0000000000018190 ) ) ;
#1774 = DIRECTION ( 'NONE',  ( -3.469446951953614978E-15, -1.000000000000000000, -0.000000000000000000 ) ) ;
#1775 = CARTESIAN_POINT ( 'NONE',  ( 110.5000000000049312, 4.999999999999616307, -407.2500000000005684 ) ) ;
#1776 = ORIENTED_EDGE ( 'NONE', *, *, #2266, .T. ) ;
#1777 = DIRECTION ( 'NONE',  ( 0.000000000000000000, 0.000000000000000000, 1.000000000000000000 ) ) ;
#1778 = DIRECTION ( 'NONE',  ( -1.000000000000000000, 3.469446951953614583E-15, 0.000000000000000000 ) ) ;
#1779 = CARTESIAN_POINT ( 'NONE',  ( 31.81980515339953541, 0.000000000000000000, -549.3198051533734088 ) ) ;
#1780 = VECTOR ( 'NONE', #1458, 1000.000000000000000 ) ;
#1781 = CARTESIAN_POINT ( 'NONE',  ( 36.76955262170538674, 4.999999999999872990, -480.7304473782782566 ) ) ;
#1782 = CARTESIAN_POINT ( 'NONE',  ( -249.9999999999999716, 1.000000000000000888, -627.5000000000001137 ) ) ;
#1783 = ORIENTED_EDGE ( 'NONE', *, *, #1091, .T. ) ;
#1784 = LINE ( 'NONE', #2795, #1184 ) ;
#1785 = AXIS2_PLACEMENT_3D ( 'NONE', #2470, #2012, #190 ) ;
#1786 = VERTEX_POINT ( 'NONE', #1365 ) ;
#1787 = EDGE_CURVE ( 'NONE', #2069, #1219, #1451, .T. ) ;
#1788 = AXIS2_PLACEMENT_3D ( 'NONE', #742, #999, #1222 ) ;
#1789 = DIRECTION ( 'NONE',  ( 0.000000000000000000, 0.000000000000000000, 1.000000000000000000 ) ) ;
#1790 = DIRECTION ( 'NONE',  ( 0.000000000000000000, 0.000000000000000000, 1.000000000000000000 ) ) ;
#1791 = DIRECTION ( 'NONE',  ( 0.000000000000000000, 0.000000000000000000, 1.000000000000000000 ) ) ;
#1792 = ORIENTED_EDGE ( 'NONE', *, *, #2125, .T. ) ;
#1793 = LINE ( 'NONE', #1528, #171 ) ;
#1794 = FACE_OUTER_BOUND ( 'NONE', #2218, .T. ) ;
#1795 = DIRECTION ( 'NONE',  ( 0.7071067811865350272, -2.452939853338509054E-15, -0.7071067811865600072 ) ) ;
#1796 = EDGE_LOOP ( 'NONE', ( #287, #283, #183, #2801, #1488 ) ) ;
#1797 = LINE ( 'NONE', #221, #33 ) ;
#1798 = EDGE_CURVE ( 'NONE', #863, #2261, #1382, .T. ) ;
#1799 = DIRECTION ( 'NONE',  ( 3.469446951953613400E-15, 1.000000000000000000, -0.000000000000000000 ) ) ;
#1800 = EDGE_LOOP ( 'NONE', ( #706, #1286 ) ) ;
#1801 = CIRCLE ( 'NONE', #285, 3.299999999999969624 ) ;
#1802 = ORIENTED_EDGE ( 'NONE', *, *, #187, .F. ) ;
#1803 = AXIS2_PLACEMENT_3D ( 'NONE', #1436, #2812, #2638 ) ;
#1804 = DIRECTION ( 'NONE',  ( -0.000000000000000000, 1.000000000000000000, -0.000000000000000000 ) ) ;
#1805 = EDGE_LOOP ( 'NONE', ( #2709, #581, #1213, #1730 ) ) ;
#1806 = CARTESIAN_POINT ( 'NONE',  ( 4.041334437186265510E-16, 5.000000000000000000, -3.300000000000110845 ) ) ;
#1807 = CARTESIAN_POINT ( 'NONE',  ( -34.29467888754272309, 5.000000000000119016, -556.7444263558319335 ) ) ;
#1808 = ADVANCED_FACE ( 'NONE', ( #543 ), #2584, .F. ) ;
#1809 = ADVANCED_FACE ( 'NONE', ( #1715 ), #1257, .F. ) ;
#1810 = CARTESIAN_POINT ( 'NONE',  ( -1.705522753754266706E-13, 5.000000000000000000, -293.0000000000001137 ) ) ;
#1811 = LINE ( 'NONE', #2778, #2046 ) ;
#1812 = VERTEX_POINT ( 'NONE', #2816 ) ;
#1813 = CARTESIAN_POINT ( 'NONE',  ( 39.24442635585821648, -3.375684710004409325E-12, -551.7946788875262882 ) ) ;
#1814 = FACE_OUTER_BOUND ( 'NONE', #69, .T. ) ;
#1815 = VERTEX_POINT ( 'NONE', #762 ) ;
#1816 = ORIENTED_EDGE ( 'NONE', *, *, #1176, .F. ) ;
#1817 = ORIENTED_EDGE ( 'NONE', *, *, #1283, .T. ) ;
#1818 = PERSON_AND_ORGANIZATION_ROLE ( 'creator' ) ;
#1819 = DIRECTION ( 'NONE',  ( 0.7071067811865435759, -2.453269466693383633E-15, -0.7071067811865514585 ) ) ;
#1820 = DIRECTION ( 'NONE',  ( -0.000000000000000000, 1.000000000000000000, -0.000000000000000000 ) ) ;
#1821 = LINE ( 'NONE', #2520, #1357 ) ;
#1822 = DIRECTION ( 'NONE',  ( 0.7071067811865514585, 0.000000000000000000, 0.7071067811865435759 ) ) ;
#1823 = EDGE_CURVE ( 'NONE', #2275, #1771, #142, .T. ) ;
#1824 = DIRECTION ( 'NONE',  ( 0.000000000000000000, -1.000000000000000000, 0.000000000000000000 ) ) ;
#1825 = ORIENTED_EDGE ( 'NONE', *, *, #321, .T. ) ;
#1826 = VECTOR ( 'NONE', #182, 1000.000000000000000 ) ;
#1827 = DIRECTION ( 'NONE',  ( 1.000000000000000000, -3.469446951953610245E-15, 0.000000000000000000 ) ) ;
#1828 = ORIENTED_EDGE ( 'NONE', *, *, #2162, .T. ) ;
#1829 = AXIS2_PLACEMENT_3D ( 'NONE', #1062, #832, #1983 ) ;
#1830 = AXIS2_PLACEMENT_3D ( 'NONE', #115, #578, #561 ) ;
#1831 = CIRCLE ( 'NONE', #1351, 2.749999999999974687 ) ;
#1832 = CARTESIAN_POINT ( 'NONE',  ( 214.9999999999999716, 5.000000000000000000, -1.110223024625156540E-13 ) ) ;
#1833 = ORIENTED_EDGE ( 'NONE', *, *, #2322, .T. ) ;
#1834 = PERSON_AND_ORGANIZATION ( #1491, #1418 ) ;
#1835 = CARTESIAN_POINT ( 'NONE',  ( 28.31980515339951410, -5.000000000000097700, -485.6801948465840724 ) ) ;
#1836 = CARTESIAN_POINT ( 'NONE',  ( 31.81980515339954962, 4.999999999999889866, -485.6801948465840724 ) ) ;
#1837 = VECTOR ( 'NONE', #351, 1000.000000000000000 ) ;
#1838 = AXIS2_PLACEMENT_3D ( 'NONE', #2194, #620, #2930 ) ;
#1839 = CARTESIAN_POINT ( 'NONE',  ( -39.24442635584866679, 5.000000000000135891, -551.7946788875258335 ) ) ;
#1840 = CARTESIAN_POINT ( 'NONE',  ( 249.0000000000000000, 5.000000000000000000, -626.5000000000000000 ) ) ;
#1841 = VECTOR ( 'NONE', #108, 999.9999999999998863 ) ;
#1842 = DIRECTION ( 'NONE',  ( 3.469446951953614189E-15, 1.000000000000000000, -0.000000000000000000 ) ) ;
#1843 = ADVANCED_FACE ( 'NONE', ( #1244 ), #1911, .F. ) ;
#1844 = ORIENTED_EDGE ( 'NONE', *, *, #1218, .F. ) ;
#1845 = LINE ( 'NONE', #2119, #2452 ) ;
#1846 = ADVANCED_FACE ( 'NONE', ( #1033 ), #1727, .F. ) ;
#1847 = VECTOR ( 'NONE', #194, 1000.000000000000000 ) ;
#1848 = ORIENTED_EDGE ( 'NONE', *, *, #2158, .F. ) ;
#1849 = DIRECTION ( 'NONE',  ( 3.469446951953614189E-15, 1.000000000000000000, -0.000000000000000000 ) ) ;
#1850 = CARTESIAN_POINT ( 'NONE',  ( 214.9999999999999716, 5.000000000000000000, -3.300000000000108180 ) ) ;
#1851 = ORIENTED_EDGE ( 'NONE', *, *, #1565, .T. ) ;
#1852 = AXIS2_PLACEMENT_3D ( 'NONE', #2853, #583, #1946 ) ;
#1853 = AXIS2_PLACEMENT_3D ( 'NONE', #1870, #695, #1143 ) ;
#1854 = EDGE_CURVE ( 'NONE', #865, #1100, #2560, .T. ) ;
#1855 = CARTESIAN_POINT ( 'NONE',  ( 214.9999999999999716, 5.000000000000000000, -1.110223024625156540E-13 ) ) ;
#1856 = FACE_OUTER_BOUND ( 'NONE', #275, .T. ) ;
#1857 = VERTEX_POINT ( 'NONE', #1046 ) ;
#1858 = CARTESIAN_POINT ( 'NONE',  ( 31.81980515339951410, -5.000000000000110134, -485.6801948465840724 ) ) ;
#1859 = CARTESIAN_POINT ( 'NONE',  ( -249.9999999999999716, 5.000000000000000000, -627.5000000000001137 ) ) ;
#1860 = CARTESIAN_POINT ( 'NONE',  ( 4.500000000004964917, 4.999999999999984901, -440.5000000000002274 ) ) ;
#1861 = VERTEX_POINT ( 'NONE', #1475 ) ;
#1862 = LINE ( 'NONE', #297, #2309 ) ;
#1863 = EDGE_LOOP ( 'NONE', ( #2112, #1999 ) ) ;
#1864 = EDGE_LOOP ( 'NONE', ( #220, #735 ) ) ;
#1865 = EDGE_CURVE ( 'NONE', #1603, #1895, #2630, .T. ) ;
#1866 = EDGE_CURVE ( 'NONE', #2688, #2016, #166, .T. ) ;
#1867 = FACE_BOUND ( 'NONE', #2002, .T. ) ;
#1868 = ORIENTED_EDGE ( 'NONE', *, *, #1924, .T. ) ;
#1869 = APPROVAL_ROLE ( '' ) ;
#1870 = CARTESIAN_POINT ( 'NONE',  ( -51.61879502661620478, -6.895525817007808200E-13, -168.3812049733832623 ) ) ;
#1871 = CARTESIAN_POINT ( 'NONE',  ( 0.000000000000000000, -4.109559914589056007E-12, 3.299999999999887912 ) ) ;
#1872 = LINE ( 'NONE', #1636, #2033 ) ;
#1873 = CARTESIAN_POINT ( 'NONE',  ( 214.9999999999999716, 5.000000000000000000, -300.0000000000001137 ) ) ;
#1874 = EDGE_CURVE ( 'NONE', #248, #474, #353, .T. ) ;
#1875 = ORIENTED_EDGE ( 'NONE', *, *, #866, .T. ) ;
#1876 = CARTESIAN_POINT ( 'NONE',  ( -214.9999999999999716, 5.000000000000000000, -300.0000000000001137 ) ) ;
#1877 = ORIENTED_EDGE ( 'NONE', *, *, #2569, .F. ) ;
#1878 = ORIENTED_EDGE ( 'NONE', *, *, #2919, .F. ) ;
#1879 = DIRECTION ( 'NONE',  ( 0.7071067811865600072, -2.453269466693442008E-15, 0.7071067811865350272 ) ) ;
#1880 = ORIENTED_EDGE ( 'NONE', *, *, #1898, .F. ) ;
#1881 = ORIENTED_EDGE ( 'NONE', *, *, #151, .F. ) ;
#1882 = AXIS2_PLACEMENT_3D ( 'NONE', #1373, #1144, #2288 ) ;
#1883 = CARTESIAN_POINT ( 'NONE',  ( 214.9999999999999716, -4.109559914589056007E-12, -3.300000000000108180 ) ) ;
#1884 = ORIENTED_EDGE ( 'NONE', *, *, #330, .F. ) ;
#1885 = AXIS2_PLACEMENT_3D ( 'NONE', #704, #488, #1397 ) ;
#1886 = FACE_OUTER_BOUND ( 'NONE', #747, .T. ) ;
#1887 = EDGE_CURVE ( 'NONE', #850, #1861, #2262, .T. ) ;
#1888 = CIRCLE ( 'NONE', #820, 3.299999999999997158 ) ;
#1889 = VECTOR ( 'NONE', #1901, 1000.000000000000000 ) ;
#1890 = DIRECTION ( 'NONE',  ( -0.000000000000000000, 1.000000000000000000, -0.000000000000000000 ) ) ;
#1891 = DIRECTION ( 'NONE',  ( -0.000000000000000000, 1.000000000000000000, -0.000000000000000000 ) ) ;
#1892 = AXIS2_PLACEMENT_3D ( 'NONE', #1148, #2320, #1422 ) ;
#1893 = ORIENTED_EDGE ( 'NONE', *, *, #2300, .F. ) ;
#1894 = CARTESIAN_POINT ( 'NONE',  ( 261.2248737341448646, -5.000000000000906830, -261.2248737341488436 ) ) ;
#1895 = VERTEX_POINT ( 'NONE', #2351 ) ;
#1896 = CARTESIAN_POINT ( 'NONE',  ( -34.99999999999511857, 5.000000000000000000, -517.4999999999787406 ) ) ;
#1897 = VERTEX_POINT ( 'NONE', #337 ) ;
#1898 = EDGE_CURVE ( 'NONE', #871, #1861, #1671, .T. ) ;
#1899 = FACE_BOUND ( 'NONE', #2703, .T. ) ;
#1900 = ORIENTED_EDGE ( 'NONE', *, *, #2945, .T. ) ;
#1901 = DIRECTION ( 'NONE',  ( -0.000000000000000000, 1.000000000000000000, -0.000000000000000000 ) ) ;
#1902 = AXIS2_PLACEMENT_3D ( 'NONE', #2030, #2814, #2956 ) ;
#1903 = DIRECTION ( 'NONE',  ( -0.000000000000000000, 1.000000000000000000, -0.000000000000000000 ) ) ;
#1904 = CARTESIAN_POINT ( 'NONE',  ( 249.0000000000000000, 5.000000000000000000, 0.000000000000000000 ) ) ;
#1905 = AXIS2_PLACEMENT_3D ( 'NONE', #1055, #611, #385 ) ;
#1906 = ADVANCED_FACE ( 'NONE', ( #2134 ), #2642, .F. ) ;
#1907 = AXIS2_PLACEMENT_3D ( 'NONE', #1745, #605, #1510 ) ;
#1908 = FACE_BOUND ( 'NONE', #420, .T. ) ;
#1909 = DIRECTION ( 'NONE',  ( -0.000000000000000000, 1.000000000000000000, -0.000000000000000000 ) ) ;
#1910 = VERTEX_POINT ( 'NONE', #1019 ) ;
#1911 = CYLINDRICAL_SURFACE ( 'NONE', #1453, 4.500000000000003553 ) ;
#1912 = ORIENTED_EDGE ( 'NONE', *, *, #2089, .T. ) ;
#1913 = EDGE_LOOP ( 'NONE', ( #2110, #2800, #2217, #2439 ) ) ;
#1914 = EDGE_CURVE ( 'NONE', #1958, #949, #1165, .T. ) ;
#1915 = FACE_BOUND ( 'NONE', #1301, .T. ) ;
#1916 = ORIENTED_EDGE ( 'NONE', *, *, #614, .T. ) ;
#1917 = DIRECTION ( 'NONE',  ( 0.000000000000000000, 0.000000000000000000, 1.000000000000000000 ) ) ;
#1918 = CARTESIAN_POINT ( 'NONE',  ( 0.000000000000000000, 5.000000000000000000, -600.0000000000001137 ) ) ;
#1919 = CARTESIAN_POINT ( 'NONE',  ( -214.9999999999999716, -4.109559914589056007E-12, -1.110223024625156540E-13 ) ) ;
#1920 = CARTESIAN_POINT ( 'NONE',  ( -214.9999999999999716, 5.000000000000000000, -300.0000000000001137 ) ) ;
#1921 = DIRECTION ( 'NONE',  ( 3.469446951953613400E-15, 1.000000000000000000, -0.000000000000000000 ) ) ;
#1922 = LINE ( 'NONE', #348, #601 ) ;
#1923 = ORIENTED_EDGE ( 'NONE', *, *, #938, .F. ) ;
#1924 = EDGE_CURVE ( 'NONE', #191, #1314, #545, .T. ) ;
#1925 = CARTESIAN_POINT ( 'NONE',  ( -249.9999999999999716, 5.000000000000000000, 27.49999999999992184 ) ) ;
#1926 = CARTESIAN_POINT ( 'NONE',  ( -214.9999999999999716, -4.109559914589056007E-12, -1.110223024625156540E-13 ) ) ;
#1927 = ORIENTED_EDGE ( 'NONE', *, *, #1676, .T. ) ;
#1928 = DIRECTION ( 'NONE',  ( -0.000000000000000000, 1.000000000000000000, -0.000000000000000000 ) ) ;
#1929 = CARTESIAN_POINT ( 'NONE',  ( 0.000000000000000000, 5.000000000000000000, -626.5000000000000000 ) ) ;
#1930 = DIRECTION ( 'NONE',  ( -0.000000000000000000, 1.000000000000000000, -0.000000000000000000 ) ) ;
#1931 = CARTESIAN_POINT ( 'NONE',  ( 4.500000000004964917, 4.999999999999984901, -404.5000000000005684 ) ) ;
#1932 = EDGE_CURVE ( 'NONE', #627, #1088, #1498, .T. ) ;
#1933 = AXIS2_PLACEMENT_3D ( 'NONE', #207, #1419, #2804 ) ;
#1934 = FACE_BOUND ( 'NONE', #670, .T. ) ;
#1935 = CYLINDRICAL_SURFACE ( 'NONE', #1035, 4.500000000000003553 ) ;
#1936 = ORIENTED_EDGE ( 'NONE', *, *, #966, .T. ) ;
#1937 = AXIS2_PLACEMENT_3D ( 'NONE', #319, #586, #140 ) ;
#1938 = CARTESIAN_POINT ( 'NONE',  ( 72.99999999999955946, 4.999999999999747757, -220.0000000000018190 ) ) ;
#1939 = EDGE_CURVE ( 'NONE', #2880, #279, #919, .T. ) ;
#1940 = VERTEX_POINT ( 'NONE', #2905 ) ;
#1941 = LOCAL_TIME ( 2, 50, 6.000000000000000000, #913 ) ;
#1942 = EDGE_CURVE ( 'NONE', #2952, #1705, #2605, .T. ) ;
#1943 = ORIENTED_EDGE ( 'NONE', *, *, #1515, .F. ) ;
#1944 = FACE_OUTER_BOUND ( 'NONE', #2008, .T. ) ;
#1945 = CARTESIAN_POINT ( 'NONE',  ( -248.9999999999999716, 0.000000000000000000, -626.5000000000000000 ) ) ;
#1946 = DIRECTION ( 'NONE',  ( 0.000000000000000000, 0.000000000000000000, 1.000000000000000000 ) ) ;
#1947 = DIRECTION ( 'NONE',  ( 0.000000000000000000, 0.000000000000000000, 1.000000000000000000 ) ) ;
#1948 = FACE_BOUND ( 'NONE', #1508, .T. ) ;
#1949 = DIRECTION ( 'NONE',  ( -0.000000000000000000, 1.000000000000000000, -0.000000000000000000 ) ) ;
#1950 = DIRECTION ( 'NONE',  ( 0.000000000000000000, 0.000000000000000000, 1.000000000000000000 ) ) ;
#1951 = ORIENTED_EDGE ( 'NONE', *, *, #481, .T. ) ;
#1952 = VECTOR ( 'NONE', #2926, 1000.000000000000000 ) ;
#1953 = CARTESIAN_POINT ( 'NONE',  ( -249.9999999999999716, 3.999999999999999112, 27.49999999999992184 ) ) ;
#1954 = EDGE_LOOP ( 'NONE', ( #2629, #178, #1685, #1294 ) ) ;
#1955 = ORIENTED_EDGE ( 'NONE', *, *, #1666, .T. ) ;
#1956 = ADVANCED_FACE ( 'NONE', ( #2671 ), #830, .F. ) ;
#1957 = EDGE_CURVE ( 'NONE', #2435, #949, #1077, .T. ) ;
#1958 = VERTEX_POINT ( 'NONE', #1751 ) ;
#1959 = PRODUCT ( 'weld_base plate', 'weld_base plate', '', ( #2182 ) ) ;
#1960 = DIRECTION ( 'NONE',  ( -0.000000000000000000, 1.000000000000000000, -0.000000000000000000 ) ) ;
#1961 = DIRECTION ( 'NONE',  ( -3.469446951953613400E-15, -1.000000000000000000, 0.000000000000000000 ) ) ;
#1962 = EDGE_LOOP ( 'NONE', ( #1884, #849, #1783, #1703 ) ) ;
#1963 = FACE_BOUND ( 'NONE', #113, .T. ) ;
#1964 = DIRECTION ( 'NONE',  ( -0.000000000000000000, -1.000000000000000000, -0.000000000000000000 ) ) ;
#1965 = ADVANCED_FACE ( 'NONE', ( #1529 ), #1766, .F. ) ;
#1966 = ORIENTED_EDGE ( 'NONE', *, *, #775, .F. ) ;
#1967 = VERTEX_POINT ( 'NONE', #1997 ) ;
#1968 = ORIENTED_EDGE ( 'NONE', *, *, #930, .T. ) ;
#1969 = EDGE_CURVE ( 'NONE', #2661, #1812, #1092, .T. ) ;
#1970 = EDGE_CURVE ( 'NONE', #1616, #308, #2011, .T. ) ;
#1971 = ORIENTED_EDGE ( 'NONE', *, *, #724, .T. ) ;
#1972 = VECTOR ( 'NONE', #302, 1000.000000000000114 ) ;
#1973 = DIRECTION ( 'NONE',  ( 0.000000000000000000, 0.000000000000000000, 1.000000000000000000 ) ) ;
#1974 = DIRECTION ( 'NONE',  ( 0.000000000000000000, 0.000000000000000000, -1.000000000000000000 ) ) ;
#1975 = CARTESIAN_POINT ( 'NONE',  ( -34.29467888754243887, -3.120680359035819490E-12, -478.2555736441252634 ) ) ;
#1976 = AXIS2_PLACEMENT_3D ( 'NONE', #618, #2716, #371 ) ;
#1977 = CARTESIAN_POINT ( 'NONE',  ( -165.9999999999999716, 88.00000000000000000, -56.50000000000007105 ) ) ;
#1978 = DIRECTION ( 'NONE',  ( -0.000000000000000000, 1.000000000000000000, -0.000000000000000000 ) ) ;
#1979 = AXIS2_PLACEMENT_3D ( 'NONE', #2, #1346, #2907 ) ;
#1980 = VECTOR ( 'NONE', #131, 1000.000000000000000 ) ;
#1981 = DIRECTION ( 'NONE',  ( 0.000000000000000000, 0.000000000000000000, -1.000000000000000000 ) ) ;
#1982 = CIRCLE ( 'NONE', #2365, 3.299999999999997158 ) ;
#1983 = DIRECTION ( 'NONE',  ( 0.000000000000000000, 0.000000000000000000, 1.000000000000000000 ) ) ;
#1984 = AXIS2_PLACEMENT_3D ( 'NONE', #1810, #2499, #445 ) ;
#1985 = EDGE_CURVE ( 'NONE', #1507, #1100, #2684, .T. ) ;
#1986 = ORIENTED_EDGE ( 'NONE', *, *, #846, .F. ) ;
#1987 = EDGE_LOOP ( 'NONE', ( #1828, #2189, #1533, #1157 ) ) ;
#1988 = CARTESIAN_POINT ( 'NONE',  ( 250.0000000000000000, 3.999999999999999112, -627.5000000000001137 ) ) ;
#1989 = PLANE ( 'NONE',  #2284 ) ;
#1990 = DIRECTION ( 'NONE',  ( 3.469446951953614189E-15, 1.000000000000000000, -0.000000000000000000 ) ) ;
#1991 = VERTEX_POINT ( 'NONE', #858 ) ;
#1992 = DIRECTION ( 'NONE',  ( -0.000000000000000000, 1.000000000000000000, -0.000000000000000000 ) ) ;
#1993 = CARTESIAN_POINT ( 'NONE',  ( 31.81980515339951410, -5.000000000000110134, -549.3198051533734088 ) ) ;
#1994 = EDGE_CURVE ( 'NONE', #871, #1049, #777, .T. ) ;
#1995 = EDGE_CURVE ( 'NONE', #793, #1616, #2453, .T. ) ;
#1996 = VECTOR ( 'NONE', #2874, 1000.000000000000000 ) ;
#1997 = CARTESIAN_POINT ( 'NONE',  ( -214.9999999999999716, -4.109559914589056007E-12, -596.7000000000001592 ) ) ;
#1998 = LINE ( 'NONE', #2457, #260 ) ;
#1999 = ORIENTED_EDGE ( 'NONE', *, *, #2013, .F. ) ;
#2000 = VECTOR ( 'NONE', #2433, 1000.000000000000000 ) ;
#2001 = VERTEX_POINT ( 'NONE', #1343 ) ;
#2002 = EDGE_LOOP ( 'NONE', ( #574, #2527 ) ) ;
#2003 = EDGE_CURVE ( 'NONE', #424, #450, #640, .T. ) ;
#2004 = EDGE_LOOP ( 'NONE', ( #2632, #407, #2242, #556 ) ) ;
#2005 = ORIENTED_EDGE ( 'NONE', *, *, #465, .F. ) ;
#2006 = FACE_OUTER_BOUND ( 'NONE', #781, .T. ) ;
#2007 = CARTESIAN_POINT ( 'NONE',  ( 250.0000000000000000, 1.000000000000000888, -627.5000000000001137 ) ) ;
#2008 = EDGE_LOOP ( 'NONE', ( #672, #37, #1742, #1656 ) ) ;
#2009 = CARTESIAN_POINT ( 'NONE',  ( -51.61879502661620478, 5.000000000000178524, -168.3812049733832623 ) ) ;
#2010 = CARTESIAN_POINT ( 'NONE',  ( -214.9999999999999716, 5.000000000000000000, -3.300000000000108180 ) ) ;
#2011 = LINE ( 'NONE', #2920, #218 ) ;
#2012 = DIRECTION ( 'NONE',  ( -0.000000000000000000, 1.000000000000000000, -0.000000000000000000 ) ) ;
#2013 = EDGE_CURVE ( 'NONE', #1274, #1340, #120, .T. ) ;
#2014 = CARTESIAN_POINT ( 'NONE',  ( -36.76955262169551730, -3.112093915902391927E-12, -480.7304473782782566 ) ) ;
#2015 = DIRECTION ( 'NONE',  ( 0.000000000000000000, -1.000000000000000000, 0.000000000000000000 ) ) ;
#2016 = VERTEX_POINT ( 'NONE', #36 ) ;
#2017 = EDGE_LOOP ( 'NONE', ( #532, #1597, #1096, #1081 ) ) ;
#2018 = CARTESIAN_POINT ( 'NONE',  ( 0.000000000000000000, 0.000000000000000000, 0.000000000000000000 ) ) ;
#2019 = CYLINDRICAL_SURFACE ( 'NONE', #2822, 65.00000000000150635 ) ;
#2020 = CYLINDRICAL_SURFACE ( 'NONE', #2600, 3.299999999999997158 ) ;
#2021 = ORIENTED_EDGE ( 'NONE', *, *, #160, .T. ) ;
#2022 = EDGE_CURVE ( 'NONE', #1967, #1393, #2850, .T. ) ;
#2023 = CARTESIAN_POINT ( 'NONE',  ( 29.34493141924646054, 4.999999999999898748, -551.7946788875265156 ) ) ;
#2024 = CARTESIAN_POINT ( 'NONE',  ( 36.76955262170538674, -3.367098266870982570E-12, -554.2695526216791677 ) ) ;
#2025 = CIRCLE ( 'NONE', #2354, 3.300000000000025135 ) ;
#2026 = CARTESIAN_POINT ( 'NONE',  ( 72.99999999999955946, 4.999999999999746869, -215.5000000000017906 ) ) ;
#2027 = CIRCLE ( 'NONE', #589, 7.500000000000007105 ) ;
#2028 = AXIS2_PLACEMENT_3D ( 'NONE', #1440, #2163, #2617 ) ;
#2029 = DIRECTION ( 'NONE',  ( 0.000000000000000000, 0.000000000000000000, -1.000000000000000000 ) ) ;
#2030 = CARTESIAN_POINT ( 'NONE',  ( -36.76955262169565941, -3.112093915902391927E-12, -554.2695526216790540 ) ) ;
#2031 = CIRCLE ( 'NONE', #2855, 35.00000000000002842 ) ;
#2032 = EDGE_CURVE ( 'NONE', #660, #1245, #2756, .T. ) ;
#2033 = VECTOR ( 'NONE', #936, 1000.000000000000000 ) ;
#2034 = ORIENTED_EDGE ( 'NONE', *, *, #2238, .T. ) ;
#2035 = CARTESIAN_POINT ( 'NONE',  ( 0.000000000000000000, -4.109559914589056007E-12, -1.110223024625156540E-13 ) ) ;
#2036 = CARTESIAN_POINT ( 'NONE',  ( -11.66190378964681784, 2.500005999997928274, -484.4999999999650413 ) ) ;
#2037 = ORIENTED_EDGE ( 'NONE', *, *, #1957, .T. ) ;
#2038 = CARTESIAN_POINT ( 'NONE',  ( -40.26955262169552441, -3.099950851570554278E-12, -480.7304473782782566 ) ) ;
#2039 = DIRECTION ( 'NONE',  ( -1.000000000000000000, 3.469446951953611033E-15, 0.000000000000000000 ) ) ;
#2040 = EDGE_LOOP ( 'NONE', ( #2342, #2369, #526, #891 ) ) ;
#2041 = DIRECTION ( 'NONE',  ( 0.000000000000000000, 0.000000000000000000, 1.000000000000000000 ) ) ;
#2042 = ORIENTED_EDGE ( 'NONE', *, *, #1002, .F. ) ;
#2043 = CIRCLE ( 'NONE', #652, 65.00000000000150635 ) ;
#2044 = CARTESIAN_POINT ( 'NONE',  ( -256.2751262658346718, 5.000000000000889067, -256.2751262658421751 ) ) ;
#2045 = ORIENTED_EDGE ( 'NONE', *, *, #1714, .T. ) ;
#2046 = VECTOR ( 'NONE', #1822, 1000.000000000000000 ) ;
#2047 = VERTEX_POINT ( 'NONE', #2725 ) ;
#2048 = AXIS2_PLACEMENT_3D ( 'NONE', #1310, #2227, #263 ) ;
#2049 = ORIENTED_EDGE ( 'NONE', *, *, #2225, .F. ) ;
#2050 = DIRECTION ( 'NONE',  ( 0.000000000000000000, 0.000000000000000000, 1.000000000000000000 ) ) ;
#2051 = EDGE_CURVE ( 'NONE', #1729, #2047, #1615, .T. ) ;
#2052 = CYLINDRICAL_SURFACE ( 'NONE', #2070, 3.500000000000003109 ) ;
#2053 = ORIENTED_EDGE ( 'NONE', *, *, #2529, .F. ) ;
#2054 = CARTESIAN_POINT ( 'NONE',  ( 1.270641034760808889E-12, 5.000000000000000888, -142.5000000000021032 ) ) ;
#2055 = DIRECTION ( 'NONE',  ( -0.000000000000000000, 1.000000000000000000, -0.000000000000000000 ) ) ;
#2056 = DIRECTION ( 'NONE',  ( -3.469446951953614978E-15, -1.000000000000000000, -0.000000000000000000 ) ) ;
#2057 = CARTESIAN_POINT ( 'NONE',  ( 256.2751262658388214, 4.999999999999110933, -256.2751262658417772 ) ) ;
#2058 = ORIENTED_EDGE ( 'NONE', *, *, #1630, .T. ) ;
#2059 = VERTEX_POINT ( 'NONE', #2711 ) ;
#2060 = SHAPE_DEFINITION_REPRESENTATION ( #1503, #2278 ) ;
#2061 = DIRECTION ( 'NONE',  ( -0.000000000000000000, -1.000000000000000000, -0.000000000000000000 ) ) ;
#2062 = CARTESIAN_POINT ( 'NONE',  ( 214.9999999999999716, 5.000000000000000000, 3.299999999999886136 ) ) ;
#2063 = EDGE_CURVE ( 'NONE', #2395, #648, #2531, .T. ) ;
#2064 = FACE_OUTER_BOUND ( 'NONE', #1017, .T. ) ;
#2065 = CYLINDRICAL_SURFACE ( 'NONE', #2526, 4.500000000000003553 ) ;
#2066 = EDGE_CURVE ( 'NONE', #1162, #1593, #78, .T. ) ;
#2067 = ORIENTED_EDGE ( 'NONE', *, *, #1152, .F. ) ;
#2068 = DIRECTION ( 'NONE',  ( -0.000000000000000000, 1.000000000000000000, -0.000000000000000000 ) ) ;
#2069 = VERTEX_POINT ( 'NONE', #1631 ) ;
#2070 = AXIS2_PLACEMENT_3D ( 'NONE', #1634, #2317, #2549 ) ;
#2071 = CARTESIAN_POINT ( 'NONE',  ( 1.270641034760808889E-12, -8.682290997263919508E-13, -147.0000000000020748 ) ) ;
#2072 = ORIENTED_EDGE ( 'NONE', *, *, #866, .F. ) ;
#2073 = ORIENTED_EDGE ( 'NONE', *, *, #264, .F. ) ;
#2074 = EDGE_CURVE ( 'NONE', #424, #2908, #647, .T. ) ;
#2075 = AXIS2_PLACEMENT_3D ( 'NONE', #2876, #1560, #387 ) ;
#2076 = AXIS2_PLACEMENT_3D ( 'NONE', #1265, #1708, #345 ) ;
#2077 = VERTEX_POINT ( 'NONE', #2251 ) ;
#2078 = CARTESIAN_POINT ( 'NONE',  ( 46.00000000000535749, 5.000000000000896172, -415.0000000000003979 ) ) ;
#2079 = LINE ( 'NONE', #231, #2258 ) ;
#2080 = AXIS2_PLACEMENT_3D ( 'NONE', #1781, #2877, #2260 ) ;
#2081 = AXIS2_PLACEMENT_3D ( 'NONE', #711, #727, #1182 ) ;
#2082 = CARTESIAN_POINT ( 'NONE',  ( 1.270641034760808889E-12, -8.682290997263919508E-13, -142.5000000000020748 ) ) ;
#2083 = DIRECTION ( 'NONE',  ( -0.000000000000000000, 1.000000000000000000, -0.000000000000000000 ) ) ;
#2084 = CIRCLE ( 'NONE', #458, 3.500000000000003109 ) ;
#2085 = DIRECTION ( 'NONE',  ( 0.000000000000000000, 0.000000000000000000, 1.000000000000000000 ) ) ;
#2086 = ORIENTED_EDGE ( 'NONE', *, *, #2548, .T. ) ;
#2087 = CARTESIAN_POINT ( 'NONE',  ( 4.500000000004964917, 4.999999999999985789, -404.5000000000005684 ) ) ;
#2088 = EDGE_LOOP ( 'NONE', ( #2937, #2073, #341, #2502, #659 ) ) ;
#2089 = EDGE_CURVE ( 'NONE', #1314, #191, #2126, .T. ) ;
#2090 = ADVANCED_FACE ( 'NONE', ( #1461 ), #1702, .F. ) ;
#2091 = DIRECTION ( 'NONE',  ( -3.469446951953613400E-15, -1.000000000000000000, 0.000000000000000000 ) ) ;
#2092 = EDGE_LOOP ( 'NONE', ( #1295, #859 ) ) ;
#2093 = VERTEX_POINT ( 'NONE', #1883 ) ;
#2094 = FACE_BOUND ( 'NONE', #806, .T. ) ;
#2095 = EDGE_CURVE ( 'NONE', #619, #882, #996, .T. ) ;
#2096 = ORIENTED_EDGE ( 'NONE', *, *, #1327, .T. ) ;
#2097 = DIRECTION ( 'NONE',  ( 0.000000000000000000, 0.000000000000000000, -1.000000000000000000 ) ) ;
#2098 = DIRECTION ( 'NONE',  ( 3.469446951953613400E-15, 1.000000000000000000, 0.000000000000000000 ) ) ;
#2099 = CIRCLE ( 'NONE', #1753, 3.300000000000025135 ) ;
#2100 = CIRCLE ( 'NONE', #189, 3.500000000000003109 ) ;
#2101 = ORIENTED_EDGE ( 'NONE', *, *, #1051, .T. ) ;
#2102 = CARTESIAN_POINT ( 'NONE',  ( 110.5000000000049596, -2.372234353398283702E-12, -440.5000000000002274 ) ) ;
#2103 = DIRECTION ( 'NONE',  ( 0.000000000000000000, 0.000000000000000000, 1.000000000000000000 ) ) ;
#2104 = EDGE_LOOP ( 'NONE', ( #2246, #2255, #21, #176 ) ) ;
#2105 = DIRECTION ( 'NONE',  ( 0.000000000000000000, 0.000000000000000000, 1.000000000000000000 ) ) ;
#2106 = CYLINDRICAL_SURFACE ( 'NONE', #1902, 3.500000000000003109 ) ;
#2107 = ORIENTED_EDGE ( 'NONE', *, *, #1767, .T. ) ;
#2108 = DIRECTION ( 'NONE',  ( -0.000000000000000000, 1.000000000000000000, -0.000000000000000000 ) ) ;
#2109 = EDGE_CURVE ( 'NONE', #313, #1245, #1444, .T. ) ;
#2110 = ORIENTED_EDGE ( 'NONE', *, *, #2862, .T. ) ;
#2111 = DIRECTION ( 'NONE',  ( -0.000000000000000000, 1.000000000000000000, -0.000000000000000000 ) ) ;
#2112 = ORIENTED_EDGE ( 'NONE', *, *, #2691, .F. ) ;
#2113 = LINE ( 'NONE', #328, #920 ) ;
#2114 = ORIENTED_EDGE ( 'NONE', *, *, #1995, .T. ) ;
#2115 = PLANE ( 'NONE',  #1216 ) ;
#2116 = EDGE_CURVE ( 'NONE', #2059, #1593, #2330, .T. ) ;
#2117 = CYLINDRICAL_SURFACE ( 'NONE', #503, 3.299999999999997158 ) ;
#2118 = ORIENTED_EDGE ( 'NONE', *, *, #614, .F. ) ;
#2119 = CARTESIAN_POINT ( 'NONE',  ( 35.00000000000491696, -4.343747583845924964E-12, -517.4999999999787406 ) ) ;
#2120 = VERTEX_POINT ( 'NONE', #507 ) ;
#2121 = AXIS2_PLACEMENT_3D ( 'NONE', #224, #1095, #173 ) ;
#2122 = FACE_BOUND ( 'NONE', #2786, .T. ) ;
#2123 = ORIENTED_EDGE ( 'NONE', *, *, #1854, .T. ) ;
#2124 = CARTESIAN_POINT ( 'NONE',  ( 51.61879502661659558, 4.999999999999822364, -267.1187950266162261 ) ) ;
#2125 = EDGE_CURVE ( 'NONE', #1857, #2093, #2171, .T. ) ;
#2126 = CIRCLE ( 'NONE', #1933, 4.500000000000003553 ) ;
#2127 = CIRCLE ( 'NONE', #1211, 3.500000000000003109 ) ;
#2128 = DIRECTION ( 'NONE',  ( 1.000000000000000000, -3.469446951953610245E-15, 0.000000000000000000 ) ) ;
#2129 = CARTESIAN_POINT ( 'NONE',  ( -214.9999999999999716, 5.000000000000000000, -600.0000000000001137 ) ) ;
#2130 = VECTOR ( 'NONE', #1407, 1000.000000000000000 ) ;
#2131 = DIRECTION ( 'NONE',  ( 0.000000000000000000, 0.000000000000000000, 1.000000000000000000 ) ) ;
#2132 = ORIENTED_EDGE ( 'NONE', *, *, #1798, .T. ) ;
#2133 = LOCAL_TIME ( 2, 50, 6.000000000000000000, #1509 ) ;
#2134 = FACE_OUTER_BOUND ( 'NONE', #2603, .T. ) ;
#2135 = ORIENTED_EDGE ( 'NONE', *, *, #465, .T. ) ;
#2136 = ORIENTED_EDGE ( 'NONE', *, *, #349, .T. ) ;
#2137 = CARTESIAN_POINT ( 'NONE',  ( 36.76955262170538674, -3.367098266870982570E-12, -554.2695526216791677 ) ) ;
#2138 = AXIS2_PLACEMENT_3D ( 'NONE', #1471, #2412, #129 ) ;
#2139 = EDGE_CURVE ( 'NONE', #1603, #1758, #1888, .T. ) ;
#2140 = ADVANCED_FACE ( 'NONE', ( #1008, #93, #2845, #2344, #780, #1915, #1202, #737, #2618, #564, #518, #2819, #2372, #1867, #981, #2788, #1661, #753, #2122, #1899, #2356, #720, #2094, #1644, #2831, #289, #1193, #66 ), #963, .F. ) ;
#2141 = DIRECTION ( 'NONE',  ( 3.469446951953613400E-15, 1.000000000000000000, -0.000000000000000000 ) ) ;
#2142 = CARTESIAN_POINT ( 'NONE',  ( 0.000000000000000000, 5.000000000000000000, -600.0000000000001137 ) ) ;
#2143 = VECTOR ( 'NONE', #1408, 1000.000000000000000 ) ;
#2144 = VECTOR ( 'NONE', #478, 1000.000000000000000 ) ;
#2145 = CARTESIAN_POINT ( 'NONE',  ( 34.29467888755247884, -5.000000000000119016, -488.1550685807372361 ) ) ;
#2146 = CARTESIAN_POINT ( 'NONE',  ( 4.500000000004964917, 4.999999999999985789, -401.7500000000006253 ) ) ;
#2147 = EDGE_LOOP ( 'NONE', ( #1109, #2386, #239, #680 ) ) ;
#2148 = DIRECTION ( 'NONE',  ( -0.000000000000000000, 1.000000000000000000, -0.000000000000000000 ) ) ;
#2149 = EDGE_LOOP ( 'NONE', ( #941, #2828, #398, #34 ) ) ;
#2150 = DIRECTION ( 'NONE',  ( -0.000000000000000000, 1.000000000000000000, -0.000000000000000000 ) ) ;
#2151 = ORIENTED_EDGE ( 'NONE', *, *, #1166, .T. ) ;
#2152 = CARTESIAN_POINT ( 'NONE',  ( -40.26955262169563809, 5.000000000000139444, -554.2695526216790540 ) ) ;
#2153 = EDGE_LOOP ( 'NONE', ( #1877, #773 ) ) ;
#2154 = VERTEX_POINT ( 'NONE', #312 ) ;
#2155 = CARTESIAN_POINT ( 'NONE',  ( -249.9999999999999716, 1.000000000000000888, 27.49999999999992184 ) ) ;
#2156 = DIRECTION ( 'NONE',  ( 0.000000000000000000, 0.000000000000000000, 1.000000000000000000 ) ) ;
#2157 = DIRECTION ( 'NONE',  ( -0.000000000000000000, 1.000000000000000000, -0.000000000000000000 ) ) ;
#2158 = EDGE_CURVE ( 'NONE', #1538, #1771, #764, .T. ) ;
#2159 = CARTESIAN_POINT ( 'NONE',  ( -51.61879502661898300, 5.000000000000178524, -267.1187950266201483 ) ) ;
#2160 = DIRECTION ( 'NONE',  ( 0.000000000000000000, 0.000000000000000000, 1.000000000000000000 ) ) ;
#2161 = EDGE_LOOP ( 'NONE', ( #1936, #2595 ) ) ;
#2162 = EDGE_CURVE ( 'NONE', #2059, #616, #168, .T. ) ;
#2163 = DIRECTION ( 'NONE',  ( -0.000000000000000000, 1.000000000000000000, -0.000000000000000000 ) ) ;
#2164 = CARTESIAN_POINT ( 'NONE',  ( -249.9999999999999716, 3.999999999999999112, 27.49999999999992184 ) ) ;
#2165 = ORIENTED_EDGE ( 'NONE', *, *, #885, .F. ) ;
#2166 = LINE ( 'NONE', #739, #814 ) ;
#2167 = VECTOR ( 'NONE', #2896, 1000.000000000000000 ) ;
#2168 = DIRECTION ( 'NONE',  ( -1.000000000000000000, 0.000000000000000000, 0.000000000000000000 ) ) ;
#2169 = DIRECTION ( 'NONE',  ( -0.000000000000000000, 1.000000000000000000, -0.000000000000000000 ) ) ;
#2170 = DIRECTION ( 'NONE',  ( -0.000000000000000000, -1.000000000000000000, -0.000000000000000000 ) ) ;
#2171 = CIRCLE ( 'NONE', #867, 3.299999999999997158 ) ;
#2172 = AXIS2_PLACEMENT_3D ( 'NONE', #60, #2522, #958 ) ;
#2173 = FACE_BOUND ( 'NONE', #2864, .T. ) ;
#2174 = CARTESIAN_POINT ( 'NONE',  ( 110.5000000000049312, 4.999999999999617195, -407.2500000000005684 ) ) ;
#2175 = VECTOR ( 'NONE', #2141, 1000.000000000000000 ) ;
#2176 = DIRECTION ( 'NONE',  ( -0.000000000000000000, 1.000000000000000000, -0.000000000000000000 ) ) ;
#2177 = EDGE_CURVE ( 'NONE', #2425, #843, #2179, .T. ) ;
#2178 = CIRCLE ( 'NONE', #1307, 3.299999999999999378 ) ;
#2179 = LINE ( 'NONE', #404, #1022 ) ;
#2180 = ORIENTED_EDGE ( 'NONE', *, *, #560, .T. ) ;
#2181 = EDGE_LOOP ( 'NONE', ( #609, #705 ) ) ;
#2182 = MECHANICAL_CONTEXT ( 'NONE', #85, 'mechanical' ) ;
#2183 = DIRECTION ( 'NONE',  ( 0.000000000000000000, -1.000000000000000000, 0.000000000000000000 ) ) ;
#2184 = DIRECTION ( 'NONE',  ( -0.000000000000000000, 1.000000000000000000, -0.000000000000000000 ) ) ;
#2185 = AXIS2_PLACEMENT_3D ( 'NONE', #1097, #2015, #539 ) ;
#2186 = CARTESIAN_POINT ( 'NONE',  ( 110.5000000000049596, 4.999999999999617195, -440.5000000000002274 ) ) ;
#2187 = DIRECTION ( 'NONE',  ( -0.000000000000000000, 1.000000000000000000, -0.000000000000000000 ) ) ;
#2188 = ADVANCED_FACE ( 'NONE', ( #1546 ), #1246, .F. ) ;
#2189 = ORIENTED_EDGE ( 'NONE', *, *, #807, .T. ) ;
#2190 = EDGE_LOOP ( 'NONE', ( #2384, #752, #741, #379 ) ) ;
#2191 = DIRECTION ( 'NONE',  ( -0.000000000000000000, 1.000000000000000000, -0.000000000000000000 ) ) ;
#2192 = DIRECTION ( 'NONE',  ( -1.000000000000000000, 3.469446951953611033E-15, 0.000000000000000000 ) ) ;
#2193 = CARTESIAN_POINT ( 'NONE',  ( -249.9999999999999716, 5.000000000000000000, -627.5000000000001137 ) ) ;
#2194 = CARTESIAN_POINT ( 'NONE',  ( -214.9999999999999716, -4.109559914589056007E-12, -300.0000000000001137 ) ) ;
#2195 = DIRECTION ( 'NONE',  ( -1.000000000000000000, 3.469446951953614583E-15, 0.000000000000000000 ) ) ;
#2196 = EDGE_CURVE ( 'NONE', #2631, #1670, #1356, .T. ) ;
#2197 = CARTESIAN_POINT ( 'NONE',  ( 89.00000000000534328, 0.000000000000000000, -415.0000000000003979 ) ) ;
#2198 = ORIENTED_EDGE ( 'NONE', *, *, #1714, .F. ) ;
#2199 = VERTEX_POINT ( 'NONE', #2966 ) ;
#2200 = EDGE_LOOP ( 'NONE', ( #383, #1433, #1132, #2961 ) ) ;
#2201 = AXIS2_PLACEMENT_3D ( 'NONE', #1160, #1849, #1601 ) ;
#2202 = LINE ( 'NONE', #2419, #2517 ) ;
#2203 = DIRECTION ( 'NONE',  ( -1.000000000000000000, 3.469446951953611033E-15, 0.000000000000000000 ) ) ;
#2204 = EDGE_CURVE ( 'NONE', #2199, #763, #1797, .T. ) ;
#2205 = CARTESIAN_POINT ( 'NONE',  ( 89.00000000000534328, 5.000000000000896172, -415.0000000000003979 ) ) ;
#2206 = VERTEX_POINT ( 'NONE', #1122 ) ;
#2207 = VECTOR ( 'NONE', #915, 999.9999999999998863 ) ;
#2208 = DIRECTION ( 'NONE',  ( -0.000000000000000000, 1.000000000000000000, -0.000000000000000000 ) ) ;
#2209 = DIRECTION ( 'NONE',  ( 3.469446951953613400E-15, 1.000000000000000000, -0.000000000000000000 ) ) ;
#2210 = VECTOR ( 'NONE', #2091, 1000.000000000000000 ) ;
#2211 = AXIS2_PLACEMENT_3D ( 'NONE', #2078, #1338, #2253 ) ;
#2212 = CARTESIAN_POINT ( 'NONE',  ( 4.891402161001826444E-12, -4.222316940527548468E-12, -517.4999999999787406 ) ) ;
#2213 = AXIS2_PLACEMENT_3D ( 'NONE', #1858, #2290, #294 ) ;
#2214 = DIRECTION ( 'NONE',  ( 3.469446951953613400E-15, 1.000000000000000000, -0.000000000000000000 ) ) ;
#2215 = ORIENTED_EDGE ( 'NONE', *, *, #938, .T. ) ;
#2216 = AXIS2_PLACEMENT_3D ( 'NONE', #1278, #1054, #598 ) ;
#2217 = ORIENTED_EDGE ( 'NONE', *, *, #2225, .T. ) ;
#2218 = EDGE_LOOP ( 'NONE', ( #2049, #2612, #2101, #2294 ) ) ;
#2219 = CIRCLE ( 'NONE', #2810, 3.299999999999969624 ) ;
#2220 = ORIENTED_EDGE ( 'NONE', *, *, #667, .F. ) ;
#2221 = CARTESIAN_POINT ( 'NONE',  ( -51.61879502661620478, 5.000000000000179412, -168.3812049733832623 ) ) ;
#2222 = CARTESIAN_POINT ( 'NONE',  ( 4.041334437186301008E-16, 5.000000000000000000, -603.3000000000000682 ) ) ;
#2223 = LINE ( 'NONE', #2193, #1826 ) ;
#2224 = EDGE_LOOP ( 'NONE', ( #1188, #1916, #928, #18 ) ) ;
#2225 = EDGE_CURVE ( 'NONE', #1243, #1815, #1562, .T. ) ;
#2226 = DIRECTION ( 'NONE',  ( 0.5773502691896257311, 0.5773502691896257311, -0.5773502691896257311 ) ) ;
#2227 = DIRECTION ( 'NONE',  ( -0.000000000000000000, 1.000000000000000000, -0.000000000000000000 ) ) ;
#2228 = AXIS2_PLACEMENT_3D ( 'NONE', #1495, #1909, #2131 ) ;
#2229 = CARTESIAN_POINT ( 'NONE',  ( -256.2751262658343308, 5.000000000000889067, -256.2751262658252926 ) ) ;
#2230 = DIRECTION ( 'NONE',  ( 0.7071067811865520136, 0.000000000000000000, 0.7071067811865431318 ) ) ;
#2231 = ORIENTED_EDGE ( 'NONE', *, *, #1985, .F. ) ;
#2232 = CIRCLE ( 'NONE', #751, 4.500000000000003553 ) ;
#2233 = CYLINDRICAL_SURFACE ( 'NONE', #116, 3.500000000000003109 ) ;
#2234 = ADVANCED_FACE ( 'NONE', ( #669 ), #2719, .F. ) ;
#2235 = AXIS2_PLACEMENT_3D ( 'NONE', #1050, #2714, #1572 ) ;
#2236 = LINE ( 'NONE', #2708, #1847 ) ;
#2237 = EDGE_LOOP ( 'NONE', ( #600, #1381, #673, #508 ) ) ;
#2238 = EDGE_CURVE ( 'NONE', #1443, #964, #118, .T. ) ;
#2239 =( NAMED_UNIT ( * ) PLANE_ANGLE_UNIT ( ) SI_UNIT ( $, .RADIAN. ) );
#2240 = FACE_OUTER_BOUND ( 'NONE', #338, .T. ) ;
#2241 = CARTESIAN_POINT ( 'NONE',  ( -36.76955262169565941, -3.112093915902391927E-12, -554.2695526216790540 ) ) ;
#2242 = ORIENTED_EDGE ( 'NONE', *, *, #1865, .T. ) ;
#2243 = CARTESIAN_POINT ( 'NONE',  ( -214.9999999999999716, 5.000000000000000000, -1.110223024625156540E-13 ) ) ;
#2244 = DIRECTION ( 'NONE',  ( -1.000000000000000000, 3.469446951953611033E-15, 0.000000000000000000 ) ) ;
#2245 = CARTESIAN_POINT ( 'NONE',  ( -256.2751262658347287, -0.000000000000000000, -256.2751262658421751 ) ) ;
#2246 = ORIENTED_EDGE ( 'NONE', *, *, #2109, .T. ) ;
#2247 = EDGE_CURVE ( 'NONE', #793, #1815, #792, .T. ) ;
#2248 = CYLINDRICAL_SURFACE ( 'NONE', #1979, 3.500000000000003109 ) ;
#2249 = ORIENTED_EDGE ( 'NONE', *, *, #2013, .T. ) ;
#2250 = DIRECTION ( 'NONE',  ( 0.5773502691896257311, 0.5773502691896257311, 0.5773502691896257311 ) ) ;
#2251 = CARTESIAN_POINT ( 'NONE',  ( 35.00000000000493117, 5.000000000000000000, -517.4999999999787406 ) ) ;
#2252 = ORIENTED_EDGE ( 'NONE', *, *, #1002, .T. ) ;
#2253 = DIRECTION ( 'NONE',  ( 1.000000000000000000, 0.000000000000000000, -0.000000000000000000 ) ) ;
#2254 = CARTESIAN_POINT ( 'NONE',  ( 256.2751262658393330, -5.000000000000889067, -256.2751262658512132 ) ) ;
#2255 = ORIENTED_EDGE ( 'NONE', *, *, #2032, .F. ) ;
#2256 = CARTESIAN_POINT ( 'NONE',  ( 214.9999999999999432, 5.000000000000000000, -599.9999999999998863 ) ) ;
#2257 = DIRECTION ( 'NONE',  ( 0.7071067811865638930, -2.452939853338609634E-15, 0.7071067811865312525 ) ) ;
#2258 = VECTOR ( 'NONE', #900, 1000.000000000000000 ) ;
#2259 = AXIS2_PLACEMENT_3D ( 'NONE', #1658, #1432, #1827 ) ;
#2260 = DIRECTION ( 'NONE',  ( -1.000000000000000000, 3.469446951953611033E-15, 0.000000000000000000 ) ) ;
#2261 = VERTEX_POINT ( 'NONE', #877 ) ;
#2262 = CIRCLE ( 'NONE', #2028, 4.499999999999976019 ) ;
#2263 = CIRCLE ( 'NONE', #388, 2.749999999999974687 ) ;
#2264 = EDGE_CURVE ( 'NONE', #2093, #1857, #2902, .T. ) ;
#2265 = DIRECTION ( 'NONE',  ( -1.000000000000000000, 3.469446951953612217E-15, 0.000000000000000000 ) ) ;
#2266 = EDGE_CURVE ( 'NONE', #1217, #2275, #2400, .T. ) ;
#2267 = VERTEX_POINT ( 'NONE', #133 ) ;
#2268 = VECTOR ( 'NONE', #2056, 1000.000000000000000 ) ;
#2269 = AXIS2_PLACEMENT_3D ( 'NONE', #1929, #1706, #969 ) ;
#2270 = ORIENTED_EDGE ( 'NONE', *, *, #2467, .F. ) ;
#2271 = DIRECTION ( 'NONE',  ( -0.7071067811865514585, 0.000000000000000000, -0.7071067811865435759 ) ) ;
#2272 = FACE_OUTER_BOUND ( 'NONE', #2789, .T. ) ;
#2273 = CARTESIAN_POINT ( 'NONE',  ( -249.9999999999999716, 3.999999999999999112, -627.5000000000001137 ) ) ;
#2274 = FACE_OUTER_BOUND ( 'NONE', #2815, .T. ) ;
#2275 = VERTEX_POINT ( 'NONE', #1953 ) ;
#2276 = CYLINDRICAL_SURFACE ( 'NONE', #1697, 3.300000000000025135 ) ;
#2277 = ORIENTED_EDGE ( 'NONE', *, *, #2597, .F. ) ;
#2278 = ADVANCED_BREP_SHAPE_REPRESENTATION ( 'weld_base plate', ( #2946, #783 ), #2566 ) ;
#2279 = AXIS2_PLACEMENT_3D ( 'NONE', #2349, #306, #1212 ) ;
#2280 = DIRECTION ( 'NONE',  ( -0.000000000000000000, 1.000000000000000000, -0.000000000000000000 ) ) ;
#2281 = ORIENTED_EDGE ( 'NONE', *, *, #2456, .F. ) ;
#2282 = AXIS2_PLACEMENT_3D ( 'NONE', #1136, #12, #2289 ) ;
#2283 = ADVANCED_FACE ( 'NONE', ( #622 ), #713, .F. ) ;
#2284 = AXIS2_PLACEMENT_3D ( 'NONE', #1070, #2881, #1539 ) ;
#2285 = VERTEX_POINT ( 'NONE', #687 ) ;
#2286 = DATE_TIME_ROLE ( 'creation_date' ) ;
#2287 = CARTESIAN_POINT ( 'NONE',  ( 4.500000000004964917, -2.004472976491200598E-12, -437.7500000000002274 ) ) ;
#2288 = DIRECTION ( 'NONE',  ( -1.000000000000000000, 3.469446951953611033E-15, 0.000000000000000000 ) ) ;
#2289 = DIRECTION ( 'NONE',  ( 0.000000000000000000, 0.000000000000000000, -1.000000000000000000 ) ) ;
#2290 = DIRECTION ( 'NONE',  ( 3.469446951953613400E-15, 1.000000000000000000, -0.000000000000000000 ) ) ;
#2291 = ORIENTED_EDGE ( 'NONE', *, *, #807, .F. ) ;
#2292 = EDGE_CURVE ( 'NONE', #2047, #2672, #636, .T. ) ;
#2293 = CYLINDRICAL_SURFACE ( 'NONE', #75, 4.500000000000003553 ) ;
#2294 = ORIENTED_EDGE ( 'NONE', *, *, #985, .F. ) ;
#2295 = ORIENTED_EDGE ( 'NONE', *, *, #2139, .T. ) ;
#2296 = CALENDAR_DATE ( 2026, 24, 3 ) ;
#2297 = DIRECTION ( 'NONE',  ( -1.000000000000000000, 3.469446951953611033E-15, 0.000000000000000000 ) ) ;
#2298 = CYLINDRICAL_SURFACE ( 'NONE', #1734, 2.749999999999974687 ) ;
#2299 = EDGE_LOOP ( 'NONE', ( #634, #971, #2327, #1581 ) ) ;
#2300 = EDGE_CURVE ( 'NONE', #2753, #2371, #1638, .T. ) ;
#2301 = FACE_OUTER_BOUND ( 'NONE', #2840, .T. ) ;
#2302 = DIRECTION ( 'NONE',  ( 0.000000000000000000, 0.000000000000000000, 1.000000000000000000 ) ) ;
#2303 = ORIENTED_EDGE ( 'NONE', *, *, #10, .T. ) ;
#2304 = CARTESIAN_POINT ( 'NONE',  ( 1.270641034760808889E-12, 5.000000000000000888, -147.0000000000020748 ) ) ;
#2305 = VECTOR ( 'NONE', #20, 1000.000000000000000 ) ;
#2306 = DIRECTION ( 'NONE',  ( 1.000000000000000000, 0.000000000000000000, -0.000000000000000000 ) ) ;
#2307 = VERTEX_POINT ( 'NONE', #922 ) ;
#2308 = ADVANCED_FACE ( 'NONE', ( #1380 ), #2117, .F. ) ;
#2309 = VECTOR ( 'NONE', #2108, 1000.000000000000000 ) ;
#2310 = DIRECTION ( 'NONE',  ( 0.7071067811865350272, 0.000000000000000000, -0.7071067811865600072 ) ) ;
#2311 = ORIENTED_EDGE ( 'NONE', *, *, #1452, .T. ) ;
#2312 = AXIS2_PLACEMENT_3D ( 'NONE', #1779, #433, #2702 ) ;
#2313 = VECTOR ( 'NONE', #2633, 1000.000000000000000 ) ;
#2314 = ORIENTED_EDGE ( 'NONE', *, *, #45, .T. ) ;
#2315 = DATE_AND_TIME ( #2514, #1941 ) ;
#2316 = LINE ( 'NONE', #1835, #1190 ) ;
#2317 = DIRECTION ( 'NONE',  ( 3.469446951953613400E-15, 1.000000000000000000, -0.000000000000000000 ) ) ;
#2318 = AXIS2_PLACEMENT_3D ( 'NONE', #451, #1363, #1609 ) ;
#2319 = ORIENTED_EDGE ( 'NONE', *, *, #1388, .F. ) ;
#2320 = DIRECTION ( 'NONE',  ( -0.000000000000000000, 1.000000000000000000, -0.000000000000000000 ) ) ;
#2321 = DIRECTION ( 'NONE',  ( 0.000000000000000000, 0.000000000000000000, 1.000000000000000000 ) ) ;
#2322 = EDGE_CURVE ( 'NONE', #1897, #1786, #1299, .T. ) ;
#2323 = VECTOR ( 'NONE', #1744, 1000.000000000000000 ) ;
#2324 = VERTEX_POINT ( 'NONE', #265 ) ;
#2325 = CARTESIAN_POINT ( 'NONE',  ( 65.00000000000130740, 5.000000000000896172, -219.9999999999995737 ) ) ;
#2326 = DIRECTION ( 'NONE',  ( -0.000000000000000000, 1.000000000000000000, -0.000000000000000000 ) ) ;
#2327 = ORIENTED_EDGE ( 'NONE', *, *, #2843, .T. ) ;
#2328 = FACE_OUTER_BOUND ( 'NONE', #250, .T. ) ;
#2329 = CIRCLE ( 'NONE', #1514, 3.299999999999969624 ) ;
#2330 = LINE ( 'NONE', #549, #1209 ) ;
#2331 = EDGE_LOOP ( 'NONE', ( #1613, #1875, #16, #2418 ) ) ;
#2332 = DIRECTION ( 'NONE',  ( -1.000000000000000000, 3.469446951953611033E-15, 0.000000000000000000 ) ) ;
#2333 = VECTOR ( 'NONE', #2169, 1000.000000000000000 ) ;
#2334 = ADVANCED_FACE ( 'NONE', ( #1187 ), #2276, .F. ) ;
#2335 = CARTESIAN_POINT ( 'NONE',  ( -214.9999999999999716, -4.109559914589056007E-12, -296.7000000000001023 ) ) ;
#2336 = CARTESIAN_POINT ( 'NONE',  ( 36.76955262170536542, -3.367098266870982570E-12, -480.7304473782782566 ) ) ;
#2337 = ORIENTED_EDGE ( 'NONE', *, *, #1468, .T. ) ;
#2338 = CYLINDRICAL_SURFACE ( 'NONE', #2213, 3.499999999999999556 ) ;
#2339 = DIRECTION ( 'NONE',  ( 1.000000000000000000, 0.000000000000000000, -0.000000000000000000 ) ) ;
#2340 = VERTEX_POINT ( 'NONE', #13 ) ;
#2341 = LINE ( 'NONE', #2557, #2210 ) ;
#2342 = ORIENTED_EDGE ( 'NONE', *, *, #2116, .T. ) ;
#2343 = EDGE_CURVE ( 'NONE', #308, #1910, #1021, .T. ) ;
#2344 = FACE_BOUND ( 'NONE', #1863, .T. ) ;
#2345 = ORIENTED_EDGE ( 'NONE', *, *, #1767, .F. ) ;
#2346 = CARTESIAN_POINT ( 'NONE',  ( 72.99999999999955946, 4.999999999999747757, -215.5000000000017906 ) ) ;
#2347 = FACE_OUTER_BOUND ( 'NONE', #2331, .T. ) ;
#2348 = DIRECTION ( 'NONE',  ( 3.469446951953613400E-15, 1.000000000000000000, -0.000000000000000000 ) ) ;
#2349 = CARTESIAN_POINT ( 'NONE',  ( 214.9999999999999716, 5.000000000000000000, -300.0000000000001137 ) ) ;
#2350 = ORIENTED_EDGE ( 'NONE', *, *, #89, .F. ) ;
#2351 = CARTESIAN_POINT ( 'NONE',  ( -214.9999999999999716, 5.000000000000000000, 3.299999999999886136 ) ) ;
#2352 = AXIS2_PLACEMENT_3D ( 'NONE', #1704, #2563, #509 ) ;
#2353 = ORIENTED_EDGE ( 'NONE', *, *, #795, .T. ) ;
#2354 = AXIS2_PLACEMENT_3D ( 'NONE', #1920, #1450, #769 ) ;
#2355 = EDGE_CURVE ( 'NONE', #1100, #865, #1117, .T. ) ;
#2356 = FACE_BOUND ( 'NONE', #1398, .T. ) ;
#2357 = ORIENTED_EDGE ( 'NONE', *, *, #1583, .F. ) ;
#2358 = AXIS2_PLACEMENT_3D ( 'NONE', #1532, #2214, #2722 ) ;
#2359 = CYLINDRICAL_SURFACE ( 'NONE', #2352, 3.299999999999969624 ) ;
#2360 = AXIS2_PLACEMENT_3D ( 'NONE', #2398, #350, #1950 ) ;
#2361 = VECTOR ( 'NONE', #2806, 1000.000000000000000 ) ;
#2362 = DIRECTION ( 'NONE',  ( 0.000000000000000000, 0.000000000000000000, 1.000000000000000000 ) ) ;
#2363 = CARTESIAN_POINT ( 'NONE',  ( -34.29467888754277993, -4.999999999999880984, -546.8449314192203019 ) ) ;
#2364 = DIRECTION ( 'NONE',  ( -0.000000000000000000, 1.000000000000000000, -0.000000000000000000 ) ) ;
#2365 = AXIS2_PLACEMENT_3D ( 'NONE', #2243, #1576, #169 ) ;
#2366 = VECTOR ( 'NONE', #610, 1000.000000000000000 ) ;
#2367 = DIRECTION ( 'NONE',  ( -0.7071067811865441310, 0.000000000000000000, 0.7071067811865510144 ) ) ;
#2368 = DIRECTION ( 'NONE',  ( -0.000000000000000000, 1.000000000000000000, -0.000000000000000000 ) ) ;
#2369 = ORIENTED_EDGE ( 'NONE', *, *, #1612, .F. ) ;
#2370 = DIRECTION ( 'NONE',  ( 0.000000000000000000, 0.000000000000000000, 1.000000000000000000 ) ) ;
#2371 = VERTEX_POINT ( 'NONE', #1654 ) ;
#2372 = FACE_BOUND ( 'NONE', #1800, .T. ) ;
#2373 = ORIENTED_EDGE ( 'NONE', *, *, #2379, .F. ) ;
#2374 = CARTESIAN_POINT ( 'NONE',  ( -214.9999999999999716, 5.000000000000000000, -3.300000000000108180 ) ) ;
#2375 = ADVANCED_FACE ( 'NONE', ( #1150 ), #28, .F. ) ;
#2376 = VECTOR ( 'NONE', #1964, 1000.000000000000000 ) ;
#2377 = LINE ( 'NONE', #2155, #1841 ) ;
#2378 = CARTESIAN_POINT ( 'NONE',  ( 249.0000000000000000, 5.000000000000000000, 26.49999999999991829 ) ) ;
#2379 = EDGE_CURVE ( 'NONE', #2077, #974, #2031, .T. ) ;
#2380 = DIRECTION ( 'NONE',  ( -0.000000000000000000, 1.000000000000000000, -0.000000000000000000 ) ) ;
#2381 = AXIS2_PLACEMENT_3D ( 'NONE', #813, #1737, #2656 ) ;
#2382 = CIRCLE ( 'NONE', #1519, 7.500000000000007105 ) ;
#2383 = CARTESIAN_POINT ( 'NONE',  ( 51.61879502661659558, -1.046905617752003081E-12, -271.6187950266162261 ) ) ;
#2384 = ORIENTED_EDGE ( 'NONE', *, *, #1630, .F. ) ;
#2385 = DIRECTION ( 'NONE',  ( -0.000000000000000000, 1.000000000000000000, -0.000000000000000000 ) ) ;
#2386 = ORIENTED_EDGE ( 'NONE', *, *, #1464, .T. ) ;
#2387 = CC_DESIGN_PERSON_AND_ORGANIZATION_ASSIGNMENT ( #1142, #1818, ( #1231 ) ) ;
#2388 = DIRECTION ( 'NONE',  ( -0.000000000000000000, 1.000000000000000000, -0.000000000000000000 ) ) ;
#2389 = CARTESIAN_POINT ( 'NONE',  ( -214.9999999999999716, 5.000000000000000000, -296.7000000000001023 ) ) ;
#2390 = VERTEX_POINT ( 'NONE', #1624 ) ;
#2391 = DIRECTION ( 'NONE',  ( -0.000000000000000000, 1.000000000000000000, -0.000000000000000000 ) ) ;
#2392 = DIRECTION ( 'NONE',  ( 0.000000000000000000, 0.000000000000000000, 1.000000000000000000 ) ) ;
#2393 = DIRECTION ( 'NONE',  ( 0.000000000000000000, 0.000000000000000000, -1.000000000000000000 ) ) ;
#2394 = EDGE_CURVE ( 'NONE', #94, #1273, #779, .T. ) ;
#2395 = VERTEX_POINT ( 'NONE', #1426 ) ;
#2396 = CARTESIAN_POINT ( 'NONE',  ( 34.29467888755250016, 0.000000000000000000, -488.1550685807372361 ) ) ;
#2397 = CARTESIAN_POINT ( 'NONE',  ( 214.9999999999999432, -4.109559914589056007E-12, -599.9999999999998863 ) ) ;
#2398 = CARTESIAN_POINT ( 'NONE',  ( -51.61879502661898300, -6.895525817007808200E-13, -271.6187950266201483 ) ) ;
#2399 = ADVANCED_FACE ( 'NONE', ( #942 ), #2338, .F. ) ;
#2400 = LINE ( 'NONE', #2164, #1837 ) ;
#2401 = ORIENTED_EDGE ( 'NONE', *, *, #1480, .T. ) ;
#2402 = ORIENTED_EDGE ( 'NONE', *, *, #2095, .F. ) ;
#2403 = AXIS2_PLACEMENT_3D ( 'NONE', #212, #1761, #886 ) ;
#2404 = VECTOR ( 'NONE', #1331, 1000.000000000000000 ) ;
#2405 = CARTESIAN_POINT ( 'NONE',  ( 46.00000000000535749, 5.000000000000896172, -430.0000000000004547 ) ) ;
#2406 = DIRECTION ( 'NONE',  ( -0.000000000000000000, 1.000000000000000000, -0.000000000000000000 ) ) ;
#2407 = CYLINDRICAL_SURFACE ( 'NONE', #674, 2.749999999999974687 ) ;
#2408 = VECTOR ( 'NONE', #2772, 1000.000000000000000 ) ;
#2409 = AXIS2_PLACEMENT_3D ( 'NONE', #1395, #2639, #1169 ) ;
#2410 = VECTOR ( 'NONE', #128, 999.9999999999998863 ) ;
#2411 = FACE_BOUND ( 'NONE', #299, .T. ) ;
#2412 = DIRECTION ( 'NONE',  ( -0.000000000000000000, 1.000000000000000000, -0.000000000000000000 ) ) ;
#2413 = ADVANCED_FACE ( 'NONE', ( #2780 ), #72, .T. ) ;
#2414 = AXIS2_PLACEMENT_3D ( 'NONE', #655, #2682, #1777 ) ;
#2415 = VERTEX_POINT ( 'NONE', #2747 ) ;
#2416 = VECTOR ( 'NONE', #1435, 1000.000000000000000 ) ;
#2417 = VERTEX_POINT ( 'NONE', #2504 ) ;
#2418 = ORIENTED_EDGE ( 'NONE', *, *, #196, .F. ) ;
#2419 = CARTESIAN_POINT ( 'NONE',  ( 4.041334437186264524E-16, 5.000000000000000000, -3.300000000000109956 ) ) ;
#2420 = CARTESIAN_POINT ( 'NONE',  ( 110.5000000000049312, -2.372234353398283702E-12, -407.2500000000005684 ) ) ;
#2421 = CARTESIAN_POINT ( 'NONE',  ( 249.0000000000000000, 0.000000000000000000, 27.49999999999992184 ) ) ;
#2422 = EDGE_CURVE ( 'NONE', #2001, #2199, #1167, .T. ) ;
#2423 = DIRECTION ( 'NONE',  ( 0.000000000000000000, 0.000000000000000000, 1.000000000000000000 ) ) ;
#2424 = CYLINDRICAL_SURFACE ( 'NONE', #2967, 3.500000000000003109 ) ;
#2425 = VERTEX_POINT ( 'NONE', #2396 ) ;
#2426 = LINE ( 'NONE', #1768, #1110 ) ;
#2427 = EDGE_CURVE ( 'NONE', #2425, #270, #1210, .T. ) ;
#2428 = ORIENTED_EDGE ( 'NONE', *, *, #1239, .T. ) ;
#2429 = EDGE_LOOP ( 'NONE', ( #214, #959 ) ) ;
#2430 = ORIENTED_EDGE ( 'NONE', *, *, #1266, .T. ) ;
#2431 = VERTEX_POINT ( 'NONE', #2857 ) ;
#2432 = DIRECTION ( 'NONE',  ( 0.000000000000000000, 0.000000000000000000, 1.000000000000000000 ) ) ;
#2433 = DIRECTION ( 'NONE',  ( -1.000000000000000000, 0.000000000000000000, 0.000000000000000000 ) ) ;
#2434 = DIRECTION ( 'NONE',  ( -0.000000000000000000, 1.000000000000000000, -0.000000000000000000 ) ) ;
#2435 = VERTEX_POINT ( 'NONE', #1014 ) ;
#2436 = DIRECTION ( 'NONE',  ( 3.469446951953613400E-15, 1.000000000000000000, -0.000000000000000000 ) ) ;
#2437 = LINE ( 'NONE', #150, #2818 ) ;
#2438 = CARTESIAN_POINT ( 'NONE',  ( 4.891402161001826444E-12, -4.222316940527548468E-12, -517.4999999999787406 ) ) ;
#2439 = ORIENTED_EDGE ( 'NONE', *, *, #2247, .F. ) ;
#2440 = ORIENTED_EDGE ( 'NONE', *, *, #1308, .T. ) ;
#2441 = ORIENTED_EDGE ( 'NONE', *, *, #1463, .F. ) ;
#2442 = EDGE_CURVE ( 'NONE', #191, #1219, #801, .T. ) ;
#2443 = EDGE_CURVE ( 'NONE', #517, #1217, #770, .T. ) ;
#2444 = ORIENTED_EDGE ( 'NONE', *, *, #2611, .F. ) ;
#2445 = CIRCLE ( 'NONE', #1112, 2.749999999999974687 ) ;
#2446 = CARTESIAN_POINT ( 'NONE',  ( 110.5000000000049312, -2.372234353398283702E-12, -401.7500000000006253 ) ) ;
#2447 = DIRECTION ( 'NONE',  ( 0.7071067811865638930, 0.000000000000000000, 0.7071067811865312525 ) ) ;
#2448 = ORIENTED_EDGE ( 'NONE', *, *, #298, .T. ) ;
#2449 = AXIS2_PLACEMENT_3D ( 'NONE', #2438, #436, #192 ) ;
#2450 = CYLINDRICAL_SURFACE ( 'NONE', #1651, 4.500000000000003553 ) ;
#2451 = CYLINDRICAL_SURFACE ( 'NONE', #2048, 4.500000000000003553 ) ;
#2452 = VECTOR ( 'NONE', #2784, 1000.000000000000000 ) ;
#2453 = CIRCLE ( 'NONE', #2312, 3.499999999999947597 ) ;
#2454 = CARTESIAN_POINT ( 'NONE',  ( -249.9999999999999716, 1.000000000000000888, 27.49999999999992184 ) ) ;
#2455 = AXIS2_PLACEMENT_3D ( 'NONE', #1894, #2813, #745 ) ;
#2456 = EDGE_CURVE ( 'NONE', #1672, #380, #1225, .T. ) ;
#2457 = CARTESIAN_POINT ( 'NONE',  ( -65.00000000000169109, 5.000000000001347367, -219.9999999999995737 ) ) ;
#2458 = VECTOR ( 'NONE', #2226, 999.9999999999998863 ) ;
#2459 = DIRECTION ( 'NONE',  ( 3.469446951953613400E-15, 1.000000000000000000, 0.000000000000000000 ) ) ;
#2460 = ORIENTED_EDGE ( 'NONE', *, *, #1300, .T. ) ;
#2461 = CC_DESIGN_APPROVAL ( #487, ( #1231 ) ) ;
#2462 = EDGE_CURVE ( 'NONE', #2120, #2958, #1668, .T. ) ;
#2463 = LINE ( 'NONE', #1302, #2323 ) ;
#2464 = CARTESIAN_POINT ( 'NONE',  ( -36.76955262169549599, 5.000000000000127898, -480.7304473782782566 ) ) ;
#2465 = DIRECTION ( 'NONE',  ( 3.469446951953613400E-15, 1.000000000000000000, 0.000000000000000000 ) ) ;
#2466 = EDGE_LOOP ( 'NONE', ( #1608, #2681, #2697, #1923 ) ) ;
#2467 = EDGE_CURVE ( 'NONE', #1895, #923, #1604, .T. ) ;
#2468 = DIRECTION ( 'NONE',  ( 0.000000000000000000, 0.000000000000000000, 1.000000000000000000 ) ) ;
#2469 = DIRECTION ( 'NONE',  ( -0.000000000000000000, 1.000000000000000000, -0.000000000000000000 ) ) ;
#2470 = CARTESIAN_POINT ( 'NONE',  ( 110.5000000000049596, 4.999999999999616307, -440.5000000000002274 ) ) ;
#2471 = EDGE_LOOP ( 'NONE', ( #364, #2678, #2037, #559 ) ) ;
#2472 = AXIS2_PLACEMENT_3D ( 'NONE', #483, #2551, #903 ) ;
#2473 = DIRECTION ( 'NONE',  ( 3.469446951953613400E-15, 1.000000000000000000, 0.000000000000000000 ) ) ;
#2474 = VERTEX_POINT ( 'NONE', #1494 ) ;
#2475 = VECTOR ( 'NONE', #54, 1000.000000000000000 ) ;
#2476 = PRODUCT_RELATED_PRODUCT_CATEGORY ( 'detail', '', ( #1959 ) ) ;
#2477 = DIRECTION ( 'NONE',  ( 1.000000000000000000, 0.000000000000000000, -0.000000000000000000 ) ) ;
#2478 = EDGE_LOOP ( 'NONE', ( #1234, #1247, #2510, #267 ) ) ;
#2479 = CARTESIAN_POINT ( 'NONE',  ( 40.16666666666665719, 213.8333333333333428, -417.6666666666666856 ) ) ;
#2480 = VERTEX_POINT ( 'NONE', #1241 ) ;
#2481 = CARTESIAN_POINT ( 'NONE',  ( -11.66190378964684804, 5.000000000001803890, -484.4999999999650413 ) ) ;
#2482 = FACE_OUTER_BOUND ( 'NONE', #1198, .T. ) ;
#2483 = CARTESIAN_POINT ( 'NONE',  ( 39.24442635585823069, 4.999999999999864109, -551.7946788875262882 ) ) ;
#2484 = EDGE_LOOP ( 'NONE', ( #848, #246 ) ) ;
#2485 = DIRECTION ( 'NONE',  ( 0.000000000000000000, 0.000000000000000000, 1.000000000000000000 ) ) ;
#2486 = DIRECTION ( 'NONE',  ( -1.000000000000000000, 3.469446951953611033E-15, 0.000000000000000000 ) ) ;
#2487 = ADVANCED_FACE ( 'NONE', ( #1252, #111, #1908, #1031, #1934, #1948, #2173, #2873, #990, #788, #347, #1725, #101, #1694, #2613, #1470, #2411, #1003, #1679, #2826, #334, #360, #1437, #557, #1710, #2627, #575, #1963 ), #2885, .T. ) ;
#2488 = ADVANCED_FACE ( 'NONE', ( #2593 ), #2917, .F. ) ;
#2489 = DIRECTION ( 'NONE',  ( -0.000000000000000000, 1.000000000000000000, -0.000000000000000000 ) ) ;
#2490 = ORIENTED_EDGE ( 'NONE', *, *, #2715, .F. ) ;
#2491 = DIRECTION ( 'NONE',  ( -0.000000000000000000, 1.000000000000000000, -0.000000000000000000 ) ) ;
#2492 = VERTEX_POINT ( 'NONE', #431 ) ;
#2493 = ADVANCED_FACE ( 'NONE', ( #2669 ), #2450, .F. ) ;
#2494 = CARTESIAN_POINT ( 'NONE',  ( -214.9999999999999716, -4.109559914589056007E-12, -600.0000000000001137 ) ) ;
#2495 = ORIENTED_EDGE ( 'NONE', *, *, #1238, .F. ) ;
#2496 = FACE_OUTER_BOUND ( 'NONE', #1653, .T. ) ;
#2497 = DIRECTION ( 'NONE',  ( 0.000000000000000000, 0.000000000000000000, 1.000000000000000000 ) ) ;
#2498 = CIRCLE ( 'NONE', #2751, 3.500000000000003109 ) ;
#2499 = DIRECTION ( 'NONE',  ( -0.000000000000000000, 1.000000000000000000, -0.000000000000000000 ) ) ;
#2500 = DIRECTION ( 'NONE',  ( 3.469446951953614189E-15, 1.000000000000000000, -0.000000000000000000 ) ) ;
#2501 = CIRCLE ( 'NONE', #1447, 3.299999999999969624 ) ;
#2502 = ORIENTED_EDGE ( 'NONE', *, *, #45, .F. ) ;
#2503 = CIRCLE ( 'NONE', #2893, 3.300000000000025135 ) ;
#2504 = CARTESIAN_POINT ( 'NONE',  ( -34.29467888754276572, 0.000000000000000000, -546.8449314192203019 ) ) ;
#2505 = EDGE_CURVE ( 'NONE', #923, #1895, #1982, .T. ) ;
#2506 = ORIENTED_EDGE ( 'NONE', *, *, #454, .T. ) ;
#2507 = AXIS2_PLACEMENT_3D ( 'NONE', #88, #2148, #2829 ) ;
#2508 = VECTOR ( 'NONE', #2848, 1000.000000000000000 ) ;
#2509 = CARTESIAN_POINT ( 'NONE',  ( -249.9999999999999716, 1.000000000000000888, 27.49999999999992184 ) ) ;
#2510 = ORIENTED_EDGE ( 'NONE', *, *, #1787, .T. ) ;
#2511 = VECTOR ( 'NONE', #2838, 1000.000000000000000 ) ;
#2512 = CIRCLE ( 'NONE', #925, 4.500000000000003553 ) ;
#2513 = VERTEX_POINT ( 'NONE', #844 ) ;
#2514 = CALENDAR_DATE ( 2026, 24, 3 ) ;
#2515 = CARTESIAN_POINT ( 'NONE',  ( 51.61879502661831509, 4.999999999999822364, -163.8812049733843139 ) ) ;
#2516 = LINE ( 'NONE', #463, #25 ) ;
#2517 = VECTOR ( 'NONE', #2694, 1000.000000000000000 ) ;
#2518 = ORIENTED_EDGE ( 'NONE', *, *, #376, .T. ) ;
#2519 = EDGE_CURVE ( 'NONE', #2307, #2753, #1067, .T. ) ;
#2520 = CARTESIAN_POINT ( 'NONE',  ( 34.29467888755252858, -3.358511823737556220E-12, -478.2555736441253771 ) ) ;
#2521 = LINE ( 'NONE', #280, #1133 ) ;
#2522 = DIRECTION ( 'NONE',  ( -0.000000000000000000, 1.000000000000000000, -0.000000000000000000 ) ) ;
#2523 = ORIENTED_EDGE ( 'NONE', *, *, #1399, .F. ) ;
#2524 = CARTESIAN_POINT ( 'NONE',  ( 214.9999999999999716, -4.109559914589056007E-12, -300.0000000000001137 ) ) ;
#2525 = ORIENTED_EDGE ( 'NONE', *, *, #2644, .F. ) ;
#2526 = AXIS2_PLACEMENT_3D ( 'NONE', #1164, #699, #712 ) ;
#2527 = ORIENTED_EDGE ( 'NONE', *, *, #2583, .F. ) ;
#2528 = EDGE_CURVE ( 'NONE', #177, #517, #1309, .T. ) ;
#2529 = EDGE_CURVE ( 'NONE', #2532, #308, #1740, .T. ) ;
#2530 = CIRCLE ( 'NONE', #568, 2.749999999999974687 ) ;
#2531 = LINE ( 'NONE', #1384, #1550 ) ;
#2532 = VERTEX_POINT ( 'NONE', #2023 ) ;
#2533 = CALENDAR_DATE ( 2026, 24, 3 ) ;
#2534 = LINE ( 'NONE', #19, #2144 ) ;
#2535 = DIRECTION ( 'NONE',  ( 0.000000000000000000, 0.000000000000000000, 1.000000000000000000 ) ) ;
#2536 = ORIENTED_EDGE ( 'NONE', *, *, #188, .T. ) ;
#2537 = CARTESIAN_POINT ( 'NONE',  ( -34.29467888754240334, 5.000000000000119016, -478.2555736441252066 ) ) ;
#2538 = EDGE_CURVE ( 'NONE', #1538, #2834, #1793, .T. ) ;
#2539 = DIRECTION ( 'NONE',  ( -0.000000000000000000, 1.000000000000000000, -0.000000000000000000 ) ) ;
#2540 = FACE_OUTER_BOUND ( 'NONE', #1005, .T. ) ;
#2541 = DIRECTION ( 'NONE',  ( -0.000000000000000000, 1.000000000000000000, -0.000000000000000000 ) ) ;
#2542 = ORIENTED_EDGE ( 'NONE', *, *, #2601, .T. ) ;
#2543 = ORIENTED_EDGE ( 'NONE', *, *, #175, .T. ) ;
#2544 = DIRECTION ( 'NONE',  ( -1.000000000000000000, 3.469446951953614583E-15, 0.000000000000000000 ) ) ;
#2545 = PERSON_AND_ORGANIZATION ( #1491, #1418 ) ;
#2546 = DIRECTION ( 'NONE',  ( -0.000000000000000000, 1.000000000000000000, -0.000000000000000000 ) ) ;
#2547 = EDGE_CURVE ( 'NONE', #1672, #2723, #2704, .T. ) ;
#2548 = EDGE_CURVE ( 'NONE', #2275, #177, #2718, .T. ) ;
#2549 = DIRECTION ( 'NONE',  ( -1.000000000000000000, 3.469446951953611033E-15, 0.000000000000000000 ) ) ;
#2550 = DIRECTION ( 'NONE',  ( 0.000000000000000000, 0.000000000000000000, 1.000000000000000000 ) ) ;
#2551 = DIRECTION ( 'NONE',  ( -0.000000000000000000, 1.000000000000000000, -0.000000000000000000 ) ) ;
#2552 = ORIENTED_EDGE ( 'NONE', *, *, #653, .F. ) ;
#2553 = CARTESIAN_POINT ( 'NONE',  ( 31.81980515339954962, 4.999999999999889866, -549.3198051533734088 ) ) ;
#2554 = CIRCLE ( 'NONE', #816, 7.500000000000007105 ) ;
#2555 = CARTESIAN_POINT ( 'NONE',  ( -214.9999999999999716, 5.000000000000000000, -596.7000000000001592 ) ) ;
#2556 = VERTEX_POINT ( 'NONE', #1325 ) ;
#2557 = CARTESIAN_POINT ( 'NONE',  ( 39.24442635585842964, -3.375684710004410132E-12, -483.2053211124313066 ) ) ;
#2558 = VERTEX_POINT ( 'NONE', #185 ) ;
#2559 = ADVANCED_FACE ( 'NONE', ( #1764 ), #812, .F. ) ;
#2560 = CIRCLE ( 'NONE', #683, 4.500000000000003553 ) ;
#2561 = DIRECTION ( 'NONE',  ( 0.5773502691896257311, 0.5773502691896257311, -0.5773502691896257311 ) ) ;
#2562 = EDGE_LOOP ( 'NONE', ( #2717, #452 ) ) ;
#2563 = DIRECTION ( 'NONE',  ( -0.000000000000000000, 1.000000000000000000, -0.000000000000000000 ) ) ;
#2564 = AXIS2_PLACEMENT_3D ( 'NONE', #1918, #1903, #535 ) ;
#2565 = ORIENTED_EDGE ( 'NONE', *, *, #264, .T. ) ;
#2566 =( GEOMETRIC_REPRESENTATION_CONTEXT ( 3 ) GLOBAL_UNCERTAINTY_ASSIGNED_CONTEXT ( ( #2849 ) ) GLOBAL_UNIT_ASSIGNED_CONTEXT ( ( #1085, #2239, #2713 ) ) REPRESENTATION_CONTEXT ( 'NONE', 'WORKASPACE' ) );
#2567 = CARTESIAN_POINT ( 'NONE',  ( 214.9999999999999716, 5.000000000000000000, -296.7000000000001023 ) ) ;
#2568 = DIRECTION ( 'NONE',  ( -0.000000000000000000, 1.000000000000000000, -0.000000000000000000 ) ) ;
#2569 = EDGE_CURVE ( 'NONE', #2285, #2558, #1072, .T. ) ;
#2570 = CARTESIAN_POINT ( 'NONE',  ( 4.891402161001826444E-12, -4.222316940527548468E-12, -517.4999999999787406 ) ) ;
#2571 = ORIENTED_EDGE ( 'NONE', *, *, #1854, .F. ) ;
#2572 = LINE ( 'NONE', #286, #498 ) ;
#2573 = ORIENTED_EDGE ( 'NONE', *, *, #298, .F. ) ;
#2574 = ORIENTED_EDGE ( 'NONE', *, *, #1441, .T. ) ;
#2575 = CIRCLE ( 'NONE', #2965, 3.500000000000003109 ) ;
#2576 = DIRECTION ( 'NONE',  ( -0.000000000000000000, 1.000000000000000000, -0.000000000000000000 ) ) ;
#2577 = PLANE ( 'NONE',  #546 ) ;
#2578 = CARTESIAN_POINT ( 'NONE',  ( -51.61879502661620478, 5.000000000000178524, -172.8812049733832623 ) ) ;
#2579 = DIRECTION ( 'NONE',  ( 0.000000000000000000, 0.000000000000000000, -1.000000000000000000 ) ) ;
#2580 = DIRECTION ( 'NONE',  ( 0.000000000000000000, -1.000000000000000000, 0.000000000000000000 ) ) ;
#2581 = CARTESIAN_POINT ( 'NONE',  ( 0.000000000000000000, 5.000000000000000000, -596.7000000000001592 ) ) ;
#2582 = EDGE_LOOP ( 'NONE', ( #995, #1719, #366, #2889 ) ) ;
#2583 = EDGE_CURVE ( 'NONE', #1861, #850, #2807, .T. ) ;
#2584 = CYLINDRICAL_SURFACE ( 'NONE', #1693, 3.299999999999969624 ) ;
#2585 = VERTEX_POINT ( 'NONE', #1287 ) ;
#2586 = ORIENTED_EDGE ( 'NONE', *, *, #2833, .F. ) ;
#2587 = DIRECTION ( 'NONE',  ( 0.000000000000000000, -1.000000000000000000, 0.000000000000000000 ) ) ;
#2588 = VERTEX_POINT ( 'NONE', #1101 ) ;
#2589 = DIRECTION ( 'NONE',  ( 0.000000000000000000, -1.000000000000000000, 0.000000000000000000 ) ) ;
#2590 = EDGE_LOOP ( 'NONE', ( #4, #1724, #2565, #1227 ) ) ;
#2591 = FACE_OUTER_BOUND ( 'NONE', #2190, .T. ) ;
#2592 = DIRECTION ( 'NONE',  ( -0.7071067811865350272, 0.000000000000000000, 0.7071067811865600072 ) ) ;
#2593 = FACE_OUTER_BOUND ( 'NONE', #1063, .T. ) ;
#2594 = CARTESIAN_POINT ( 'NONE',  ( 72.99999999999955946, 4.999999999999746869, -224.5000000000018190 ) ) ;
#2595 = ORIENTED_EDGE ( 'NONE', *, *, #330, .T. ) ;
#2596 = DIRECTION ( 'NONE',  ( -0.000000000000000000, 1.000000000000000000, -0.000000000000000000 ) ) ;
#2597 = EDGE_CURVE ( 'NONE', #1705, #2077, #2954, .T. ) ;
#2598 = ORIENTED_EDGE ( 'NONE', *, *, #2888, .T. ) ;
#2599 = ORIENTED_EDGE ( 'NONE', *, *, #1612, .T. ) ;
#2600 = AXIS2_PLACEMENT_3D ( 'NONE', #2960, #2927, #397 ) ;
#2601 = EDGE_CURVE ( 'NONE', #2340, #2846, #1171, .T. ) ;
#2602 = DIRECTION ( 'NONE',  ( 0.000000000000000000, 0.000000000000000000, 1.000000000000000000 ) ) ;
#2603 = EDGE_LOOP ( 'NONE', ( #2231, #2765, #1066, #2123 ) ) ;
#2604 = CYLINDRICAL_SURFACE ( 'NONE', #167, 3.299999999999998934 ) ;
#2605 = CIRCLE ( 'NONE', #635, 35.00000000000002842 ) ;
#2606 = CIRCLE ( 'NONE', #1297, 3.299999999999969624 ) ;
#2607 = LINE ( 'NONE', #1663, #2658 ) ;
#2608 = CARTESIAN_POINT ( 'NONE',  ( 110.5000000000049312, 4.999999999999617195, -404.5000000000005684 ) ) ;
#2609 = LINE ( 'NONE', #1237, #1446 ) ;
#2610 = CIRCLE ( 'NONE', #35, 3.299999999999997158 ) ;
#2611 = EDGE_CURVE ( 'NONE', #2324, #908, #1119, .T. ) ;
#2612 = ORIENTED_EDGE ( 'NONE', *, *, #860, .T. ) ;
#2613 = FACE_BOUND ( 'NONE', #1645, .T. ) ;
#2614 = CARTESIAN_POINT ( 'NONE',  ( 51.61879502661659558, -1.046905617752003081E-12, -267.1187950266162261 ) ) ;
#2615 = ORIENTED_EDGE ( 'NONE', *, *, #2022, .F. ) ;
#2616 = CC_DESIGN_SECURITY_CLASSIFICATION ( #1174, ( #2906 ) ) ;
#2617 = DIRECTION ( 'NONE',  ( 0.000000000000000000, 0.000000000000000000, 1.000000000000000000 ) ) ;
#2618 = FACE_OUTER_BOUND ( 'NONE', #975, .T. ) ;
#2619 = EDGE_LOOP ( 'NONE', ( #721, #2817 ) ) ;
#2620 = ADVANCED_FACE ( 'NONE', ( #1736 ), #2655, .F. ) ;
#2621 = VERTEX_POINT ( 'NONE', #2903 ) ;
#2622 = CARTESIAN_POINT ( 'NONE',  ( -1.370431546021671546E-12, 5.000000000001763034, -499.5000000000001137 ) ) ;
#2623 = CARTESIAN_POINT ( 'NONE',  ( 4.500000000004964917, 4.999999999999984901, -407.2500000000005684 ) ) ;
#2624 = DIRECTION ( 'NONE',  ( 0.000000000000000000, 0.000000000000000000, 1.000000000000000000 ) ) ;
#2625 = VECTOR ( 'NONE', #2500, 1000.000000000000000 ) ;
#2626 = AXIS2_PLACEMENT_3D ( 'NONE', #2035, #2546, #8 ) ;
#2627 = FACE_BOUND ( 'NONE', #986, .T. ) ;
#2628 = DIRECTION ( 'NONE',  ( -0.000000000000000000, 1.000000000000000000, -0.000000000000000000 ) ) ;
#2629 = ORIENTED_EDGE ( 'NONE', *, *, #2063, .T. ) ;
#2630 = LINE ( 'NONE', #104, #2750 ) ;
#2631 = VERTEX_POINT ( 'NONE', #1075 ) ;
#2632 = ORIENTED_EDGE ( 'NONE', *, *, #213, .F. ) ;
#2633 = DIRECTION ( 'NONE',  ( -3.469446951953613400E-15, -1.000000000000000000, 0.000000000000000000 ) ) ;
#2634 = VERTEX_POINT ( 'NONE', #2082 ) ;
#2635 = EDGE_LOOP ( 'NONE', ( #1537, #864, #1521, #412 ) ) ;
#2636 = EDGE_CURVE ( 'NONE', #1145, #2797, #359, .T. ) ;
#2637 = FACE_OUTER_BOUND ( 'NONE', #1913, .T. ) ;
#2638 = DIRECTION ( 'NONE',  ( 0.000000000000000000, 0.000000000000000000, 1.000000000000000000 ) ) ;
#2639 = DIRECTION ( 'NONE',  ( -3.469446951953614978E-15, -1.000000000000000000, -0.000000000000000000 ) ) ;
#2640 = DIRECTION ( 'NONE',  ( -0.000000000000000000, 1.000000000000000000, -0.000000000000000000 ) ) ;
#2641 = DIRECTION ( 'NONE',  ( 0.000000000000000000, 0.000000000000000000, 1.000000000000000000 ) ) ;
#2642 = CYLINDRICAL_SURFACE ( 'NONE', #1830, 4.500000000000003553 ) ;
#2643 = ORIENTED_EDGE ( 'NONE', *, *, #2657, .T. ) ;
#2644 = EDGE_CURVE ( 'NONE', #1393, #296, #917, .T. ) ;
#2645 = ORIENTED_EDGE ( 'NONE', *, *, #2900, .T. ) ;
#2646 = ORIENTED_EDGE ( 'NONE', *, *, #1497, .F. ) ;
#2647 = AXIS2_PLACEMENT_3D ( 'NONE', #1304, #2465, #2943 ) ;
#2648 = ORIENTED_EDGE ( 'NONE', *, *, #1769, .F. ) ;
#2649 = PERSON_AND_ORGANIZATION ( #1491, #1418 ) ;
#2650 = LINE ( 'NONE', #2913, #2000 ) ;
#2651 = DIRECTION ( 'NONE',  ( 0.000000000000000000, 0.000000000000000000, 1.000000000000000000 ) ) ;
#2652 = VECTOR ( 'NONE', #1795, 1000.000000000000114 ) ;
#2653 = VECTOR ( 'NONE', #537, 1000.000000000000000 ) ;
#2654 = AXIS2_PLACEMENT_3D ( 'NONE', #282, #1197, #2085 ) ;
#2655 = CYLINDRICAL_SURFACE ( 'NONE', #2216, 4.500000000000003553 ) ;
#2656 = DIRECTION ( 'NONE',  ( 0.000000000000000000, 0.000000000000000000, 1.000000000000000000 ) ) ;
#2657 = EDGE_CURVE ( 'NONE', #997, #1088, #1872, .T. ) ;
#2658 = VECTOR ( 'NONE', #1235, 1000.000000000000000 ) ;
#2659 = CC_DESIGN_APPROVAL ( #2779, ( #2906 ) ) ;
#2660 = ORIENTED_EDGE ( 'NONE', *, *, #1722, .T. ) ;
#2661 = VERTEX_POINT ( 'NONE', #2537 ) ;
#2662 = CARTESIAN_POINT ( 'NONE',  ( 110.5000000000049312, -2.372234353398283702E-12, -404.5000000000005684 ) ) ;
#2663 = CARTESIAN_POINT ( 'NONE',  ( 1.270641034760808889E-12, 5.000000000000000000, -142.5000000000020748 ) ) ;
#2664 = CARTESIAN_POINT ( 'NONE',  ( 214.9999999999999716, -4.109559914589056007E-12, -296.7000000000001023 ) ) ;
#2665 = ADVANCED_FACE ( 'NONE', ( #1606 ), #681, .F. ) ;
#2666 = AXIS2_PLACEMENT_3D ( 'NONE', #2024, #638, #2486 ) ;
#2667 = ORIENTED_EDGE ( 'NONE', *, *, #1874, .T. ) ;
#2668 = VECTOR ( 'NONE', #874, 1000.000000000000000 ) ;
#2669 = FACE_OUTER_BOUND ( 'NONE', #1659, .T. ) ;
#2670 = CARTESIAN_POINT ( 'NONE',  ( 31.81980515339951410, -5.000000000000110134, -549.3198051533734088 ) ) ;
#2671 = FACE_OUTER_BOUND ( 'NONE', #2689, .T. ) ;
#2672 = VERTEX_POINT ( 'NONE', #2054 ) ;
#2673 = EDGE_CURVE ( 'NONE', #997, #2474, #2512, .T. ) ;
#2674 = EDGE_CURVE ( 'NONE', #80, #1507, #1118, .T. ) ;
#2675 = CARTESIAN_POINT ( 'NONE',  ( -40.26955262169565941, -3.099950851570554278E-12, -554.2695526216790540 ) ) ;
#2676 = ORIENTED_EDGE ( 'NONE', *, *, #2063, .F. ) ;
#2677 = ORIENTED_EDGE ( 'NONE', *, *, #2442, .T. ) ;
#2678 = ORIENTED_EDGE ( 'NONE', *, *, #1676, .F. ) ;
#2679 = LINE ( 'NONE', #824, #1952 ) ;
#2680 = DIRECTION ( 'NONE',  ( -0.000000000000000000, 1.000000000000000000, -0.000000000000000000 ) ) ;
#2681 = ORIENTED_EDGE ( 'NONE', *, *, #930, .F. ) ;
#2682 = DIRECTION ( 'NONE',  ( -0.000000000000000000, 1.000000000000000000, -0.000000000000000000 ) ) ;
#2683 = CYLINDRICAL_SURFACE ( 'NONE', #1185, 3.499999999999999556 ) ;
#2684 = LINE ( 'NONE', #1311, #2802 ) ;
#2685 = DIRECTION ( 'NONE',  ( -0.000000000000000000, 1.000000000000000000, -0.000000000000000000 ) ) ;
#2686 = ADVANCED_FACE ( 'NONE', ( #2064 ), #23, .F. ) ;
#2687 = DIRECTION ( 'NONE',  ( -0.7071067811865578978, 2.452939853338588334E-15, 0.7071067811865371366 ) ) ;
#2688 = VERTEX_POINT ( 'NONE', #665 ) ;
#2689 = EDGE_LOOP ( 'NONE', ( #2072, #1620, #1561, #1428 ) ) ;
#2690 = ORIENTED_EDGE ( 'NONE', *, *, #105, .F. ) ;
#2691 = EDGE_CURVE ( 'NONE', #1340, #1274, #2610, .T. ) ;
#2692 = ORIENTED_EDGE ( 'NONE', *, *, #495, .F. ) ;
#2693 = AXIS2_PLACEMENT_3D ( 'NONE', #2254, #198, #2447 ) ;
#2694 = DIRECTION ( 'NONE',  ( -0.000000000000000000, 1.000000000000000000, -0.000000000000000000 ) ) ;
#2695 = CARTESIAN_POINT ( 'NONE',  ( 89.00000000000534328, 0.000000000000000000, -422.5000000000004547 ) ) ;
#2696 = LINE ( 'NONE', #825, #725 ) ;
#2697 = ORIENTED_EDGE ( 'NONE', *, *, #2074, .F. ) ;
#2698 = DIRECTION ( 'NONE',  ( -3.469446951953614978E-15, -1.000000000000000000, 0.000000000000000000 ) ) ;
#2699 = FACE_OUTER_BOUND ( 'NONE', #2237, .T. ) ;
#2700 = AXIS2_PLACEMENT_3D ( 'NONE', #2951, #2489, #375 ) ;
#2701 = EDGE_CURVE ( 'NONE', #2199, #2001, #1699, .T. ) ;
#2702 = DIRECTION ( 'NONE',  ( 0.000000000000000000, 0.000000000000000000, -1.000000000000000000 ) ) ;
#2703 = EDGE_LOOP ( 'NONE', ( #968, #592 ) ) ;
#2704 = CIRCLE ( 'NONE', #1838, 3.300000000000025135 ) ;
#2705 = LINE ( 'NONE', #377, #2404 ) ;
#2706 = ORIENTED_EDGE ( 'NONE', *, *, #2888, .F. ) ;
#2707 = AXIS2_PLACEMENT_3D ( 'NONE', #1690, #1890, #70 ) ;
#2708 = CARTESIAN_POINT ( 'NONE',  ( -249.9999999999999716, 0.000000000000000000, 26.49999999999991829 ) ) ;
#2709 = ORIENTED_EDGE ( 'NONE', *, *, #1255, .F. ) ;
#2710 = AXIS2_PLACEMENT_3D ( 'NONE', #2662, #162, #180 ) ;
#2711 = CARTESIAN_POINT ( 'NONE',  ( 29.34493141924665949, 0.000000000000000000, -483.2053211124312497 ) ) ;
#2712 = ORIENTED_EDGE ( 'NONE', *, *, #1238, .T. ) ;
#2713 =( NAMED_UNIT ( * ) SI_UNIT ( $, .STERADIAN. ) SOLID_ANGLE_UNIT ( ) );
#2714 = DIRECTION ( 'NONE',  ( -0.000000000000000000, 1.000000000000000000, -0.000000000000000000 ) ) ;
#2715 = EDGE_CURVE ( 'NONE', #2908, #1245, #1195, .T. ) ;
#2716 = DIRECTION ( 'NONE',  ( -0.000000000000000000, 1.000000000000000000, -0.000000000000000000 ) ) ;
#2717 = ORIENTED_EDGE ( 'NONE', *, *, #1866, .T. ) ;
#2718 = LINE ( 'NONE', #1977, #2458 ) ;
#2719 = CYLINDRICAL_SURFACE ( 'NONE', #1785, 2.749999999999974687 ) ;
#2720 = VERTEX_POINT ( 'NONE', #2567 ) ;
#2721 = AXIS2_PLACEMENT_3D ( 'NONE', #1466, #98, #1029 ) ;
#2722 = DIRECTION ( 'NONE',  ( -1.000000000000000000, 3.469446951953611033E-15, 0.000000000000000000 ) ) ;
#2723 = VERTEX_POINT ( 'NONE', #2335 ) ;
#2724 = VECTOR ( 'NONE', #2836, 1000.000000000000000 ) ;
#2725 = CARTESIAN_POINT ( 'NONE',  ( 1.271192125820425210E-12, 5.000000000000000888, -151.5000000000020464 ) ) ;
#2726 = EDGE_LOOP ( 'NONE', ( #921, #2107 ) ) ;
#2727 = CARTESIAN_POINT ( 'NONE',  ( 36.76955262170540806, 4.999999999999872990, -554.2695526216791677 ) ) ;
#2728 = FACE_OUTER_BOUND ( 'NONE', #1805, .T. ) ;
#2729 = ORIENTED_EDGE ( 'NONE', *, *, #1255, .T. ) ;
#2730 = ADVANCED_FACE ( 'NONE', ( #482 ), #1391, .F. ) ;
#2731 = DIRECTION ( 'NONE',  ( 0.000000000000000000, 0.000000000000000000, 1.000000000000000000 ) ) ;
#2732 = CARTESIAN_POINT ( 'NONE',  ( 72.99999999999955946, -1.121498727219005787E-12, -220.0000000000018190 ) ) ;
#2733 = ORIENTED_EDGE ( 'NONE', *, *, #846, .T. ) ;
#2734 = CARTESIAN_POINT ( 'NONE',  ( 214.9999999999999432, -4.109559914589056007E-12, -603.2999999999998408 ) ) ;
#2735 = EDGE_LOOP ( 'NONE', ( #1943, #2748, #1518, #6 ) ) ;
#2736 = VERTEX_POINT ( 'NONE', #1839 ) ;
#2737 = EDGE_CURVE ( 'NONE', #2631, #2154, #1821, .T. ) ;
#2738 = ORIENTED_EDGE ( 'NONE', *, *, #504, .T. ) ;
#2739 = CALENDAR_DATE ( 2026, 24, 3 ) ;
#2740 = CYLINDRICAL_SURFACE ( 'NONE', #2201, 35.00000000000002132 ) ;
#2741 = DIRECTION ( 'NONE',  ( 0.000000000000000000, 0.000000000000000000, 1.000000000000000000 ) ) ;
#2742 = AXIS2_PLACEMENT_3D ( 'NONE', #794, #2589, #121 ) ;
#2743 = CARTESIAN_POINT ( 'NONE',  ( 11.66190378963362129, 2.500005999997847450, -484.4999999999568558 ) ) ;
#2744 = CYLINDRICAL_SURFACE ( 'NONE', #1516, 3.500000000000003109 ) ;
#2745 = CIRCLE ( 'NONE', #540, 4.499999999999976019 ) ;
#2746 = VECTOR ( 'NONE', #734, 1000.000000000000000 ) ;
#2747 = CARTESIAN_POINT ( 'NONE',  ( 4.500000000004964917, 4.999999999999985789, -407.2500000000005684 ) ) ;
#2748 = ORIENTED_EDGE ( 'NONE', *, *, #100, .F. ) ;
#2749 = ADVANCED_FACE ( 'NONE', ( #2301 ), #262, .F. ) ;
#2750 = VECTOR ( 'NONE', #1215, 1000.000000000000000 ) ;
#2751 = AXIS2_PLACEMENT_3D ( 'NONE', #2727, #242, #662 ) ;
#2752 = CARTESIAN_POINT ( 'NONE',  ( -72.99999999999845102, 5.000000000000253131, -220.0000000000003695 ) ) ;
#2753 = VERTEX_POINT ( 'NONE', #1359 ) ;
#2754 = ORIENTED_EDGE ( 'NONE', *, *, #2921, .T. ) ;
#2755 = AXIS2_PLACEMENT_3D ( 'NONE', #1855, #466, #1377 ) ;
#2756 = LINE ( 'NONE', #5, #729 ) ;
#2757 = EDGE_LOOP ( 'NONE', ( #580, #1281, #1439, #2676 ) ) ;
#2758 = PERSON_AND_ORGANIZATION_ROLE ( 'classification_officer' ) ;
#2759 = PLANE ( 'NONE',  #2211 ) ;
#2760 = DIRECTION ( 'NONE',  ( 3.468980808276851749E-15, 1.000000000000000000, 5.916456789157588541E-31 ) ) ;
#2761 = VERTEX_POINT ( 'NONE', #2273 ) ;
#2762 = CARTESIAN_POINT ( 'NONE',  ( -51.61879502661620478, 5.000000000000179412, -168.3812049733832623 ) ) ;
#2763 = FACE_OUTER_BOUND ( 'NONE', #155, .T. ) ;
#2764 = DIRECTION ( 'NONE',  ( -1.000000000000000000, 3.469446951953612217E-15, 0.000000000000000000 ) ) ;
#2765 = ORIENTED_EDGE ( 'NONE', *, *, #2674, .F. ) ;
#2766 = AXIS2_PLACEMENT_3D ( 'NONE', #587, #1711, #576 ) ;
#2767 = PLANE ( 'NONE',  #1496 ) ;
#2768 = EDGE_CURVE ( 'NONE', #974, #1104, #233, .T. ) ;
#2769 = AXIS2_PLACEMENT_3D ( 'NONE', #1378, #234, #918 ) ;
#2770 = EDGE_LOOP ( 'NONE', ( #1548, #2495, #1079, #2353 ) ) ;
#2771 = VECTOR ( 'NONE', #1490, 1000.000000000000000 ) ;
#2772 = DIRECTION ( 'NONE',  ( -0.000000000000000000, 1.000000000000000000, -0.000000000000000000 ) ) ;
#2773 = ORIENTED_EDGE ( 'NONE', *, *, #187, .T. ) ;
#2774 = LINE ( 'NONE', #709, #96 ) ;
#2775 = CARTESIAN_POINT ( 'NONE',  ( 110.5000000000049312, 4.999999999999616307, -404.5000000000005684 ) ) ;
#2776 = ORIENTED_EDGE ( 'NONE', *, *, #1684, .T. ) ;
#2777 = CARTESIAN_POINT ( 'NONE',  ( -1.705522753754266706E-13, -8.682290997263919508E-13, -293.0000000000001137 ) ) ;
#2778 = CARTESIAN_POINT ( 'NONE',  ( 256.2751262658388214, 0.000000000000000000, -256.2751262658416636 ) ) ;
#2779 = APPROVAL ( #1129, 'UNSPECIFIED' ) ;
#2780 = FACE_OUTER_BOUND ( 'NONE', #1954, .T. ) ;
#2781 = DIRECTION ( 'NONE',  ( 0.000000000000000000, 0.000000000000000000, 1.000000000000000000 ) ) ;
#2782 = DIRECTION ( 'NONE',  ( 0.7071067811865510144, -2.453269466693410848E-15, 0.7071067811865441310 ) ) ;
#2783 = VERTEX_POINT ( 'NONE', #2811 ) ;
#2784 = DIRECTION ( 'NONE',  ( 3.469446951953614189E-15, 1.000000000000000000, -0.000000000000000000 ) ) ;
#2785 = ORIENTED_EDGE ( 'NONE', *, *, #1464, .F. ) ;
#2786 = EDGE_LOOP ( 'NONE', ( #854, #2933 ) ) ;
#2787 = ADVANCED_FACE ( 'NONE', ( #1465 ), #987, .F. ) ;
#2788 = FACE_BOUND ( 'NONE', #790, .T. ) ;
#2789 = EDGE_LOOP ( 'NONE', ( #646, #2729, #1584, #2402 ) ) ;
#2790 = FACE_OUTER_BOUND ( 'NONE', #2104, .T. ) ;
#2791 = ADVANCED_FACE ( 'NONE', ( #2637 ), #2115, .T. ) ;
#2792 = CARTESIAN_POINT ( 'NONE',  ( 250.0000000000000000, 5.000000000000000000, -627.5000000000001137 ) ) ;
#2793 = CARTESIAN_POINT ( 'NONE',  ( 110.5000000000049596, 4.999999999999617195, -440.5000000000002274 ) ) ;
#2794 = DIRECTION ( 'NONE',  ( -0.000000000000000000, 1.000000000000000000, -0.000000000000000000 ) ) ;
#2795 = CARTESIAN_POINT ( 'NONE',  ( 250.0000000000000000, 1.000000000000000888, 27.49999999999992184 ) ) ;
#2796 = CIRCLE ( 'NONE', #967, 3.499999999999999556 ) ;
#2797 = VERTEX_POINT ( 'NONE', #1248 ) ;
#2798 = CIRCLE ( 'NONE', #2259, 19.00000000000002132 ) ;
#2799 = DIRECTION ( 'NONE',  ( 0.000000000000000000, 0.000000000000000000, 1.000000000000000000 ) ) ;
#2800 = ORIENTED_EDGE ( 'NONE', *, *, #1480, .F. ) ;
#2801 = ORIENTED_EDGE ( 'NONE', *, *, #643, .T. ) ;
#2802 = VECTOR ( 'NONE', #1329, 1000.000000000000000 ) ;
#2803 = VECTOR ( 'NONE', #1103, 1000.000000000000000 ) ;
#2804 = DIRECTION ( 'NONE',  ( 0.000000000000000000, 0.000000000000000000, 1.000000000000000000 ) ) ;
#2805 = ORIENTED_EDGE ( 'NONE', *, *, #1036, .T. ) ;
#2806 = DIRECTION ( 'NONE',  ( -0.000000000000000000, 1.000000000000000000, -0.000000000000000000 ) ) ;
#2807 = CIRCLE ( 'NONE', #1556, 4.499999999999976019 ) ;
#2808 = ADVANCED_FACE ( 'NONE', ( #2591 ), #767, .F. ) ;
#2809 = EDGE_LOOP ( 'NONE', ( #887, #562 ) ) ;
#2810 = AXIS2_PLACEMENT_3D ( 'NONE', #2941, #1759, #2894 ) ;
#2811 = CARTESIAN_POINT ( 'NONE',  ( -34.29467888754242466, -3.099950851570554278E-12, -478.2555736441252066 ) ) ;
#2812 = DIRECTION ( 'NONE',  ( -0.000000000000000000, 1.000000000000000000, -0.000000000000000000 ) ) ;
#2813 = DIRECTION ( 'NONE',  ( -0.7071067811865423547, 2.453269466693380083E-15, 0.7071067811865527908 ) ) ;
#2814 = DIRECTION ( 'NONE',  ( 3.469446951953613400E-15, 1.000000000000000000, -0.000000000000000000 ) ) ;
#2815 = EDGE_LOOP ( 'NONE', ( #2448, #2867, #2586, #73 ) ) ;
#2816 = CARTESIAN_POINT ( 'NONE',  ( -29.34493141923672610, 5.000000000000101252, -483.2053211124310792 ) ) ;
#2817 = ORIENTED_EDGE ( 'NONE', *, *, #1315, .T. ) ;
#2818 = VECTOR ( 'NONE', #1288, 1000.000000000000000 ) ;
#2819 = FACE_BOUND ( 'NONE', #2092, .T. ) ;
#2820 = VERTEX_POINT ( 'NONE', #1677 ) ;
#2821 = CARTESIAN_POINT ( 'NONE',  ( 46.00000000000535749, 5.000000000000896172, -430.0000000000004547 ) ) ;
#2822 = AXIS2_PLACEMENT_3D ( 'NONE', #1525, #1774, #1276 ) ;
#2823 = CYLINDRICAL_SURFACE ( 'NONE', #405, 3.299999999999997158 ) ;
#2824 = LINE ( 'NONE', #1236, #325 ) ;
#2825 = ADVANCED_FACE ( 'NONE', ( #1028 ), #582, .T. ) ;
#2826 = FACE_OUTER_BOUND ( 'NONE', #565, .T. ) ;
#2827 = DIRECTION ( 'NONE',  ( 0.000000000000000000, 0.000000000000000000, 1.000000000000000000 ) ) ;
#2828 = ORIENTED_EDGE ( 'NONE', *, *, #2456, .T. ) ;
#2829 = DIRECTION ( 'NONE',  ( 0.000000000000000000, 0.000000000000000000, 1.000000000000000000 ) ) ;
#2830 = EDGE_LOOP ( 'NONE', ( #516, #2350 ) ) ;
#2831 = FACE_BOUND ( 'NONE', #2088, .T. ) ;
#2832 = CARTESIAN_POINT ( 'NONE',  ( 214.9999999999999716, 5.000000000000000000, -303.3000000000001251 ) ) ;
#2833 = EDGE_CURVE ( 'NONE', #1991, #2513, #97, .T. ) ;
#2834 = VERTEX_POINT ( 'NONE', #1945 ) ;
#2835 = DIRECTION ( 'NONE',  ( -0.000000000000000000, 1.000000000000000000, -0.000000000000000000 ) ) ;
#2836 = DIRECTION ( 'NONE',  ( -0.000000000000000000, 1.000000000000000000, -0.000000000000000000 ) ) ;
#2837 = CARTESIAN_POINT ( 'NONE',  ( 51.61879502661831509, -1.046905617752003081E-12, -163.8812049733842855 ) ) ;
#2838 = DIRECTION ( 'NONE',  ( -0.000000000000000000, 1.000000000000000000, -0.000000000000000000 ) ) ;
#2839 = DIRECTION ( 'NONE',  ( 1.000000000000000000, -3.469446951953533725E-15, 0.000000000000000000 ) ) ;
#2840 = EDGE_LOOP ( 'NONE', ( #808, #2643, #1504, #2947 ) ) ;
#2841 = DIRECTION ( 'NONE',  ( -0.000000000000000000, 1.000000000000000000, -0.000000000000000000 ) ) ;
#2842 = AXIS2_PLACEMENT_3D ( 'NONE', #245, #2098, #40 ) ;
#2843 = EDGE_CURVE ( 'NONE', #474, #248, #273, .T. ) ;
#2844 = CIRCLE ( 'NONE', #2842, 3.500000000000003109 ) ;
#2845 = FACE_BOUND ( 'NONE', #2429, .T. ) ;
#2846 = VERTEX_POINT ( 'NONE', #316 ) ;
#2847 = VECTOR ( 'NONE', #515, 1000.000000000000000 ) ;
#2848 = DIRECTION ( 'NONE',  ( -0.000000000000000000, -1.000000000000000000, -0.000000000000000000 ) ) ;
#2849 = UNCERTAINTY_MEASURE_WITH_UNIT (LENGTH_MEASURE( 1.000000000000000082E-05 ), #1085, 'distance_accuracy_value', 'NONE');
#2850 = CIRCLE ( 'NONE', #268, 3.299999999999969624 ) ;
#2851 = EDGE_CURVE ( 'NONE', #1394, #1762, #639, .T. ) ;
#2852 = DIRECTION ( 'NONE',  ( 0.000000000000000000, -1.000000000000000000, 0.000000000000000000 ) ) ;
#2853 = CARTESIAN_POINT ( 'NONE',  ( -1.705522753754266706E-13, 5.000000000000000000, -293.0000000000001137 ) ) ;
#2854 = CYLINDRICAL_SURFACE ( 'NONE', #2898, 7.500000000000007105 ) ;
#2855 = AXIS2_PLACEMENT_3D ( 'NONE', #700, #1824, #972 ) ;
#2856 = VECTOR ( 'NONE', #1649, 1000.000000000000000 ) ;
#2857 = CARTESIAN_POINT ( 'NONE',  ( 4.500000000004964917, -2.004472976491200598E-12, -407.2500000000005684 ) ) ;
#2858 = DIRECTION ( 'NONE',  ( -0.000000000000000000, 1.000000000000000000, -0.000000000000000000 ) ) ;
#2859 = VERTEX_POINT ( 'NONE', #83 ) ;
#2860 = CC_DESIGN_APPROVAL ( #935, ( #1174 ) ) ;
#2861 = CARTESIAN_POINT ( 'NONE',  ( -51.61879502661898300, 5.000000000000178524, -271.6187950266201483 ) ) ;
#2862 = EDGE_CURVE ( 'NONE', #793, #1910, #331, .T. ) ;
#2863 = EDGE_CURVE ( 'NONE', #2736, #894, #2607, .T. ) ;
#2864 = EDGE_LOOP ( 'NONE', ( #1927, #1825 ) ) ;
#2865 = DIRECTION ( 'NONE',  ( 0.000000000000000000, 0.000000000000000000, 1.000000000000000000 ) ) ;
#2866 = AXIS2_PLACEMENT_3D ( 'NONE', #44, #423, #513 ) ;
#2867 = ORIENTED_EDGE ( 'NONE', *, *, #795, .F. ) ;
#2868 = CARTESIAN_POINT ( 'NONE',  ( -214.9999999999999716, 5.000000000000000000, -1.110223024625156540E-13 ) ) ;
#2869 = FACE_OUTER_BOUND ( 'NONE', #2466, .T. ) ;
#2870 = CYLINDRICAL_SURFACE ( 'NONE', #731, 2.749999999999974687 ) ;
#2871 = AXIS2_PLACEMENT_3D ( 'NONE', #2964, #1650, #1637 ) ;
#2872 = VECTOR ( 'NONE', #2061, 1000.000000000000000 ) ;
#2873 = FACE_BOUND ( 'NONE', #29, .T. ) ;
#2874 = DIRECTION ( 'NONE',  ( -0.000000000000000000, 1.000000000000000000, -0.000000000000000000 ) ) ;
#2875 = ADVANCED_FACE ( 'NONE', ( #2347 ), #784, .F. ) ;
#2876 = CARTESIAN_POINT ( 'NONE',  ( -1.705522753754266706E-13, 5.000000000000000888, -293.0000000000001137 ) ) ;
#2877 = DIRECTION ( 'NONE',  ( 3.469446951953613400E-15, 1.000000000000000000, 0.000000000000000000 ) ) ;
#2878 = ORIENTED_EDGE ( 'NONE', *, *, #1700, .T. ) ;
#2879 = ORIENTED_EDGE ( 'NONE', *, *, #1515, .T. ) ;
#2880 = VERTEX_POINT ( 'NONE', #1481 ) ;
#2881 = DIRECTION ( 'NONE',  ( 0.7071067811865431318, -2.453269466693383238E-15, -0.7071067811865520136 ) ) ;
#2882 = EDGE_CURVE ( 'NONE', #94, #1145, #756, .T. ) ;
#2883 = ADVANCED_FACE ( 'NONE', ( #1448 ), #2823, .F. ) ;
#2884 = DIRECTION ( 'NONE',  ( 0.000000000000000000, 0.000000000000000000, 1.000000000000000000 ) ) ;
#2885 = PLANE ( 'NONE',  #311 ) ;
#2886 = CARTESIAN_POINT ( 'NONE',  ( -51.61879502661898300, -6.895525817007808200E-13, -267.1187950266201483 ) ) ;
#2887 = DIRECTION ( 'NONE',  ( 3.469446951953613400E-15, 1.000000000000000000, 0.000000000000000000 ) ) ;
#2888 = EDGE_CURVE ( 'NONE', #1771, #660, #553, .T. ) ;
#2889 = ORIENTED_EDGE ( 'NONE', *, *, #27, .F. ) ;
#2890 = ORIENTED_EDGE ( 'NONE', *, *, #1969, .F. ) ;
#2891 = ORIENTED_EDGE ( 'NONE', *, *, #1308, .F. ) ;
#2892 = VECTOR ( 'NONE', #2651, 1000.000000000000000 ) ;
#2893 = AXIS2_PLACEMENT_3D ( 'NONE', #2524, #2280, #977 ) ;
#2894 = DIRECTION ( 'NONE',  ( 0.000000000000000000, 0.000000000000000000, 1.000000000000000000 ) ) ;
#2895 = DIRECTION ( 'NONE',  ( 1.000000000000000000, -0.000000000000000000, 0.000000000000000000 ) ) ;
#2896 = DIRECTION ( 'NONE',  ( -3.469446951953613400E-15, -1.000000000000000000, 0.000000000000000000 ) ) ;
#2897 = AXIS2_PLACEMENT_3D ( 'NONE', #1673, #2587, #531 ) ;
#2898 = AXIS2_PLACEMENT_3D ( 'NONE', #555, #2170, #2393 ) ;
#2899 = EDGE_CURVE ( 'NONE', #1771, #1667, #2377, .T. ) ;
#2900 = EDGE_CURVE ( 'NONE', #2120, #1772, #2084, .T. ) ;
#2901 = EDGE_LOOP ( 'NONE', ( #2058, #1125, #1579, #951 ) ) ;
#2902 = CIRCLE ( 'NONE', #1502, 3.299999999999997158 ) ;
#2903 = CARTESIAN_POINT ( 'NONE',  ( -34.29467888754274441, 5.000000000000119016, -546.8449314192203019 ) ) ;
#2904 = CARTESIAN_POINT ( 'NONE',  ( 51.61879502661831509, 4.999999999999821476, -163.8812049733842855 ) ) ;
#2905 = CARTESIAN_POINT ( 'NONE',  ( -214.9999999999999716, 5.000000000000000000, -596.7000000000001592 ) ) ;
#2906 = PRODUCT_DEFINITION_FORMATION_WITH_SPECIFIED_SOURCE ( 'ANY', '', #1959, .NOT_KNOWN. ) ;
#2907 = DIRECTION ( 'NONE',  ( -1.000000000000000000, 3.469446951953611033E-15, 0.000000000000000000 ) ) ;
#2908 = VERTEX_POINT ( 'NONE', #1988 ) ;
#2909 = ORIENTED_EDGE ( 'NONE', *, *, #909, .F. ) ;
#2910 = ORIENTED_EDGE ( 'NONE', *, *, #105, .T. ) ;
#2911 = ORIENTED_EDGE ( 'NONE', *, *, #796, .T. ) ;
#2912 = CARTESIAN_POINT ( 'NONE',  ( -39.24442635584846784, -3.099950851570554278E-12, -483.2053211124311929 ) ) ;
#2913 = CARTESIAN_POINT ( 'NONE',  ( -249.9999999999999716, 1.000000000000000888, -627.5000000000001137 ) ) ;
#2914 = LINE ( 'NONE', #2205, #2940 ) ;
#2915 = EDGE_LOOP ( 'NONE', ( #490, #368, #1501, #2712 ) ) ;
#2916 = CIRCLE ( 'NONE', #1803, 4.500000000000003553 ) ;
#2917 = CYLINDRICAL_SURFACE ( 'NONE', #1258, 3.300000000000025135 ) ;
#2918 = DIRECTION ( 'NONE',  ( 3.468980808276851749E-15, 1.000000000000000000, 5.916456789157588541E-31 ) ) ;
#2919 = EDGE_CURVE ( 'NONE', #1762, #834, #2202, .T. ) ;
#2920 = CARTESIAN_POINT ( 'NONE',  ( 28.31980515339951410, -5.000000000000097700, -549.3198051533734088 ) ) ;
#2921 = EDGE_CURVE ( 'NONE', #1667, #2834, #2463, .T. ) ;
#2922 = DIRECTION ( 'NONE',  ( -0.000000000000000000, 1.000000000000000000, -0.000000000000000000 ) ) ;
#2923 = ORIENTED_EDGE ( 'NONE', *, *, #707, .T. ) ;
#2924 = ORIENTED_EDGE ( 'NONE', *, *, #2863, .T. ) ;
#2925 = EDGE_LOOP ( 'NONE', ( #2345, #2252, #2518, #2165 ) ) ;
#2926 = DIRECTION ( 'NONE',  ( -0.000000000000000000, 1.000000000000000000, -0.000000000000000000 ) ) ;
#2927 = DIRECTION ( 'NONE',  ( -0.000000000000000000, 1.000000000000000000, -0.000000000000000000 ) ) ;
#2928 = ORIENTED_EDGE ( 'NONE', *, *, #100, .T. ) ;
#2929 = EDGE_CURVE ( 'NONE', #834, #2939, #2178, .T. ) ;
#2930 = DIRECTION ( 'NONE',  ( 0.000000000000000000, 0.000000000000000000, 1.000000000000000000 ) ) ;
#2931 = LINE ( 'NONE', #2904, #2668 ) ;
#2932 = DIRECTION ( 'NONE',  ( 3.469446951953613400E-15, 1.000000000000000000, -0.000000000000000000 ) ) ;
#2933 = ORIENTED_EDGE ( 'NONE', *, *, #403, .F. ) ;
#2934 = ADVANCED_FACE ( 'NONE', ( #851 ), #838, .F. ) ;
#2935 = LINE ( 'NONE', #1078, #393 ) ;
#2936 = EDGE_CURVE ( 'NONE', #457, #1570, #2219, .T. ) ;
#2937 = ORIENTED_EDGE ( 'NONE', *, *, #760, .F. ) ;
#2938 = ORIENTED_EDGE ( 'NONE', *, *, #2355, .F. ) ;
#2939 = VERTEX_POINT ( 'NONE', #1069 ) ;
#2940 = VECTOR ( 'NONE', #1540, 1000.000000000000000 ) ;
#2941 = CARTESIAN_POINT ( 'NONE',  ( 214.9999999999999432, -4.109559914589056007E-12, -599.9999999999998863 ) ) ;
#2942 = CARTESIAN_POINT ( 'NONE',  ( -261.2248737341399760, 5.000000000000906830, -261.2248737341374749 ) ) ;
#2943 = DIRECTION ( 'NONE',  ( -1.000000000000000000, 3.469446951953611033E-15, 0.000000000000000000 ) ) ;
#2944 = ORIENTED_EDGE ( 'NONE', *, *, #1898, .T. ) ;
#2945 = EDGE_CURVE ( 'NONE', #2797, #1145, #875, .T. ) ;
#2946 = MANIFOLD_SOLID_BREP ( 'M6 Clearance Hole1', #468 ) ;
#2947 = ORIENTED_EDGE ( 'NONE', *, *, #1684, .F. ) ;
#2948 = DIRECTION ( 'NONE',  ( 0.000000000000000000, 0.000000000000000000, -1.000000000000000000 ) ) ;
#2949 = DIRECTION ( 'NONE',  ( 0.000000000000000000, 0.000000000000000000, 1.000000000000000000 ) ) ;
#2950 = AXIS2_PLACEMENT_3D ( 'NONE', #1832, #1804, #1128 ) ;
#2951 = CARTESIAN_POINT ( 'NONE',  ( 51.61879502661831509, -1.046905617752003081E-12, -168.3812049733842855 ) ) ;
#2952 = VERTEX_POINT ( 'NONE', #2481 ) ;
#2953 = DIRECTION ( 'NONE',  ( 3.469446951953613400E-15, 1.000000000000000000, -0.000000000000000000 ) ) ;
#2954 = CIRCLE ( 'NONE', #223, 35.00000000000002842 ) ;
#2955 = CARTESIAN_POINT ( 'NONE',  ( 29.34493141924667725, 4.999999999999898748, -483.2053211124312497 ) ) ;
#2956 = DIRECTION ( 'NONE',  ( -1.000000000000000000, 3.469446951953611033E-15, 0.000000000000000000 ) ) ;
#2957 = EDGE_CURVE ( 'NONE', #619, #693, #597, .T. ) ;
#2958 = VERTEX_POINT ( 'NONE', #2912 ) ;
#2959 = PLANE ( 'NONE',  #1599 ) ;
#2960 = CARTESIAN_POINT ( 'NONE',  ( -214.9999999999999716, 5.000000000000000000, -1.110223024625156540E-13 ) ) ;
#2961 = ORIENTED_EDGE ( 'NONE', *, *, #425, .F. ) ;
#2962 = EDGE_LOOP ( 'NONE', ( #419, #702, #2776, #754 ) ) ;
#2963 = DIRECTION ( 'NONE',  ( -0.000000000000000000, 1.000000000000000000, -0.000000000000000000 ) ) ;
#2964 = CARTESIAN_POINT ( 'NONE',  ( -36.76955262169563809, 5.000000000000127898, -554.2695526216790540 ) ) ;
#2965 = AXIS2_PLACEMENT_3D ( 'NONE', #1726, #1438, #361 ) ;
#2966 = CARTESIAN_POINT ( 'NONE',  ( 110.5000000000049596, -2.372234353398283702E-12, -437.7500000000001705 ) ) ;
#2967 = AXIS2_PLACEMENT_3D ( 'NONE', #186, #845, #2244 ) ;
ENDSEC;
END-ISO-10303-21;
