ISO-10303-21;
HEADER;
FILE_DESCRIPTION (( 'STEP AP203' ),
    '1' );
FILE_NAME ('welding_v2.STEP',
    '2026-01-25T18:16:03',
    ( '' ),
    ( '' ),
    'SwSTEP 2.0',
    'SolidWorks 2024',
    '' );
FILE_SCHEMA (( 'CONFIG_CONTROL_DESIGN' ));
ENDSEC;

DATA;
#1 = DIRECTION ( 'NONE',  ( 0.000000000000000000, 0.000000000000000000, -1.000000000000000000 ) ) ;
#2 = ORIENTED_EDGE ( 'NONE', *, *, #2184, .F. ) ;
#3 = AXIS2_PLACEMENT_3D ( 'NONE', #476, #1244, #2178 ) ;
#4 = CARTESIAN_POINT ( 'NONE',  ( -39.99999999999993605, 0.000000000000000000, -49.99999999999999289 ) ) ;
#5 = CIRCLE ( 'NONE', #51, 2.250000000000000444 ) ;
#6 = DIRECTION ( 'NONE',  ( 0.000000000000000000, 0.000000000000000000, 1.000000000000000000 ) ) ;
#7 = FACE_OUTER_BOUND ( 'NONE', #1932, .T. ) ;
#8 = CARTESIAN_POINT ( 'NONE',  ( -60.00000000000000000, 600.0000000000000000, 39.99999999999999289 ) ) ;
#9 = APPLICATION_PROTOCOL_DEFINITION ( 'international standard', 'config_control_design', 1994, #1899 ) ;
#10 = CIRCLE ( 'NONE', #1425, 10.00000000000000178 ) ;
#11 = DIRECTION ( 'NONE',  ( 0.000000000000000000, 0.000000000000000000, 1.000000000000000000 ) ) ;
#12 = EDGE_LOOP ( 'NONE', ( #2431, #2489 ) ) ;
#13 = AXIS2_PLACEMENT_3D ( 'NONE', #2083, #354, #160 ) ;
#14 = APPROVAL ( #1755, 'UNSPECIFIED' ) ;
#15 = FACE_OUTER_BOUND ( 'NONE', #1046, .T. ) ;
#16 = LOCAL_TIME ( 2, 16, 3.000000000000000000, #1197 ) ;
#17 = DIRECTION ( 'NONE',  ( 0.000000000000000000, 0.000000000000000000, -1.000000000000000000 ) ) ;
#18 = VECTOR ( 'NONE', #817, 1000.000000000000000 ) ;
#19 = ORIENTED_EDGE ( 'NONE', *, *, #1688, .F. ) ;
#20 = LINE ( 'NONE', #2011, #1344 ) ;
#21 = CC_DESIGN_PERSON_AND_ORGANIZATION_ASSIGNMENT ( #53, #1595, ( #1226 ) ) ;
#22 = DIRECTION ( 'NONE',  ( -1.000000000000000000, 0.000000000000000000, 0.000000000000000000 ) ) ;
#23 = CARTESIAN_POINT ( 'NONE',  ( 0.000000000000000000, 0.000000000000000000, 0.000000000000000000 ) ) ;
#24 = CARTESIAN_POINT ( 'NONE',  ( -3.491481338843135249E-14, 569.9999999999998863, 49.99999999999998579 ) ) ;
#25 = CIRCLE ( 'NONE', #992, 4.500000000000003553 ) ;
#26 = APPROVAL_ROLE ( '' ) ;
#27 = EDGE_CURVE ( 'NONE', #848, #1370, #234, .T. ) ;
#28 = LINE ( 'NONE', #447, #707 ) ;
#29 = ORIENTED_EDGE ( 'NONE', *, *, #116, .F. ) ;
#30 = AXIS2_PLACEMENT_3D ( 'NONE', #113, #2440, #1279 ) ;
#31 = DIRECTION ( 'NONE',  ( 1.000000000000000000, 0.000000000000000000, 9.251858538543036909E-15 ) ) ;
#32 = DIRECTION ( 'NONE',  ( 1.000000000000000000, 0.000000000000000000, 9.251858538543036909E-15 ) ) ;
#33 = ORIENTED_EDGE ( 'NONE', *, *, #412, .T. ) ;
#34 = AXIS2_PLACEMENT_3D ( 'NONE', #1147, #1710, #2107 ) ;
#35 = LINE ( 'NONE', #1389, #2308 ) ;
#36 = EDGE_CURVE ( 'NONE', #673, #1056, #1836, .T. ) ;
#37 = CARTESIAN_POINT ( 'NONE',  ( -60.00000000000000000, 569.9999999999998863, -2.249999999999845457 ) ) ;
#38 = CIRCLE ( 'NONE', #2452, 2.249999999999984013 ) ;
#39 = DIRECTION ( 'NONE',  ( 1.000000000000000000, 0.000000000000000000, 0.000000000000000000 ) ) ;
#40 = PERSON_AND_ORGANIZATION_ROLE ( 'classification_officer' ) ;
#41 = DIRECTION ( 'NONE',  ( -0.000000000000000000, 1.000000000000000000, -0.000000000000000000 ) ) ;
#42 = VERTEX_POINT ( 'NONE', #1341 ) ;
#43 = LINE ( 'NONE', #1023, #866 ) ;
#44 = ORIENTED_EDGE ( 'NONE', *, *, #220, .T. ) ;
#45 = CARTESIAN_POINT ( 'NONE',  ( -160.0000000000000568, 10.00000000000000000, -160.0000000000000000 ) ) ;
#46 = CIRCLE ( 'NONE', #1736, 10.00000000000000178 ) ;
#47 = EDGE_CURVE ( 'NONE', #317, #266, #2054, .T. ) ;
#48 = EDGE_CURVE ( 'NONE', #1445, #2271, #760, .T. ) ;
#49 = LINE ( 'NONE', #415, #1541 ) ;
#50 = CARTESIAN_POINT ( 'NONE',  ( -40.00000000000000000, 600.0000000000000000, 39.99999999999999289 ) ) ;
#51 = AXIS2_PLACEMENT_3D ( 'NONE', #1193, #565, #2105 ) ;
#52 = APPLICATION_CONTEXT ( 'configuration controlled 3d designs of mechanical parts and assemblies' ) ;
#53 = PERSON_AND_ORGANIZATION ( #2302, #1951 ) ;
#54 = DIRECTION ( 'NONE',  ( -1.000000000000000000, 0.000000000000000000, 0.000000000000000000 ) ) ;
#55 = EDGE_LOOP ( 'NONE', ( #2245, #857, #859, #1879 ) ) ;
#56 = DIRECTION ( 'NONE',  ( -1.047444401652940164E-14, 0.000000000000000000, 1.000000000000000000 ) ) ;
#57 = AXIS2_PLACEMENT_3D ( 'NONE', #1163, #2316, #606 ) ;
#58 = ORIENTED_EDGE ( 'NONE', *, *, #1999, .F. ) ;
#59 = ADVANCED_FACE ( 'NONE', ( #2095 ), #1118, .F. ) ;
#60 = LINE ( 'NONE', #1047, #696 ) ;
#61 =( GEOMETRIC_REPRESENTATION_CONTEXT ( 3 ) GLOBAL_UNCERTAINTY_ASSIGNED_CONTEXT ( ( #446 ) ) GLOBAL_UNIT_ASSIGNED_CONTEXT ( ( #1107, #1877, #1494 ) ) REPRESENTATION_CONTEXT ( 'NONE', 'WORKASPACE' ) );
#62 = LINE ( 'NONE', #283, #2180 ) ;
#63 = CIRCLE ( 'NONE', #1357, 20.00000000000000355 ) ;
#64 = ADVANCED_FACE ( 'NONE', ( #567 ), #365, .F. ) ;
#65 = APPROVAL_DATE_TIME ( #2353, #86 ) ;
#66 = CARTESIAN_POINT ( 'NONE',  ( -60.00001199999999812, 569.9999999999998863, -2.249999999999845457 ) ) ;
#67 = ORIENTED_EDGE ( 'NONE', *, *, #1956, .T. ) ;
#68 = FACE_OUTER_BOUND ( 'NONE', #579, .T. ) ;
#69 = EDGE_LOOP ( 'NONE', ( #358, #2208, #1689, #1773 ) ) ;
#70 = PLANE ( 'NONE',  #1015 ) ;
#71 = PLANE ( 'NONE',  #1947 ) ;
#72 = DIRECTION ( 'NONE',  ( -8.673617379884035472E-17, -0.000000000000000000, -1.000000000000000000 ) ) ;
#73 = APPROVAL_ROLE ( '' ) ;
#74 = CIRCLE ( 'NONE', #273, 2.249999999999984013 ) ;
#75 = VERTEX_POINT ( 'NONE', #1131 ) ;
#76 = EDGE_LOOP ( 'NONE', ( #2078, #905, #1531, #2071 ) ) ;
#77 = FACE_OUTER_BOUND ( 'NONE', #93, .T. ) ;
#78 = ORIENTED_EDGE ( 'NONE', *, *, #1211, .F. ) ;
#79 = DIRECTION ( 'NONE',  ( 3.491481338843133750E-15, 0.000000000000000000, -1.000000000000000000 ) ) ;
#80 = CARTESIAN_POINT ( 'NONE',  ( -50.00000000000001421, 499.9999999999998863, 1.387778780781445676E-13 ) ) ;
#81 = APPROVAL_DATE_TIME ( #904, #2341 ) ;
#82 = EDGE_CURVE ( 'NONE', #1071, #1551, #1327, .T. ) ;
#83 = VERTEX_POINT ( 'NONE', #1915 ) ;
#84 = ORIENTED_EDGE ( 'NONE', *, *, #2383, .T. ) ;
#85 = DIRECTION ( 'NONE',  ( 0.000000000000000000, 0.000000000000000000, 1.000000000000000000 ) ) ;
#86 = APPROVAL ( #997, 'UNSPECIFIED' ) ;
#87 = VERTEX_POINT ( 'NONE', #1860 ) ;
#88 = DIRECTION ( 'NONE',  ( 0.000000000000000000, 0.000000000000000000, 1.000000000000000000 ) ) ;
#89 = AXIS2_PLACEMENT_3D ( 'NONE', #748, #1139, #1524 ) ;
#90 = CARTESIAN_POINT ( 'NONE',  ( 50.00000000000000711, 600.0000000000000000, 39.99999999999999289 ) ) ;
#91 = DIRECTION ( 'NONE',  ( -1.000000000000000000, 0.000000000000000000, -0.000000000000000000 ) ) ;
#92 = CARTESIAN_POINT ( 'NONE',  ( -135.0000000000000284, 0.000000000000000000, 130.4999999999999716 ) ) ;
#93 = EDGE_LOOP ( 'NONE', ( #2447, #413, #2367, #1573 ) ) ;
#94 = ORIENTED_EDGE ( 'NONE', *, *, #1433, .F. ) ;
#95 = EDGE_CURVE ( 'NONE', #1480, #1843, #2207, .T. ) ;
#96 =( NAMED_UNIT ( * ) PLANE_ANGLE_UNIT ( ) SI_UNIT ( $, .RADIAN. ) );
#97 = ORIENTED_EDGE ( 'NONE', *, *, #512, .T. ) ;
#98 = CARTESIAN_POINT ( 'NONE',  ( -39.99999999999993605, 10.00000000000000000, 50.00000000000000711 ) ) ;
#99 = AXIS2_PLACEMENT_3D ( 'NONE', #404, #2339, #614 ) ;
#100 = DIRECTION ( 'NONE',  ( -1.000000000000000000, 0.000000000000000000, -0.000000000000000000 ) ) ;
#101 = FACE_OUTER_BOUND ( 'NONE', #1013, .T. ) ;
#102 = VECTOR ( 'NONE', #2121, 1000.000000000000000 ) ;
#103 = CALENDAR_DATE ( 2026, 26, 1 ) ;
#104 = ADVANCED_FACE ( 'NONE', ( #1313 ), #718, .F. ) ;
#105 = VERTEX_POINT ( 'NONE', #544 ) ;
#106 = VERTEX_POINT ( 'NONE', #158 ) ;
#107 = AXIS2_PLACEMENT_3D ( 'NONE', #1373, #1548, #1946 ) ;
#108 = EDGE_LOOP ( 'NONE', ( #2387, #2425 ) ) ;
#109 = SHAPE_REPRESENTATION_RELATIONSHIP ( 'NONE' , 'NONE' ,  #241, #829 ) ;
#110 = DIRECTION ( 'NONE',  ( -0.000000000000000000, -0.000000000000000000, 1.000000000000000000 ) ) ;
#111 = ORIENTED_EDGE ( 'NONE', *, *, #2195, .T. ) ;
#112 = CARTESIAN_POINT ( 'NONE',  ( -50.00000000000000000, 600.0000000000000000, 39.99999999999999289 ) ) ;
#113 = CARTESIAN_POINT ( 'NONE',  ( -50.00000000000001421, 499.9999999999998863, 1.387778780781445676E-13 ) ) ;
#114 = ORIENTED_EDGE ( 'NONE', *, *, #1034, .F. ) ;
#115 = DIRECTION ( 'NONE',  ( -0.000000000000000000, 1.000000000000000000, -0.000000000000000000 ) ) ;
#116 = EDGE_CURVE ( 'NONE', #2271, #1143, #600, .T. ) ;
#117 = ORIENTED_EDGE ( 'NONE', *, *, #849, .F. ) ;
#118 = VERTEX_POINT ( 'NONE', #2338 ) ;
#119 = AXIS2_PLACEMENT_3D ( 'NONE', #402, #1377, #429 ) ;
#120 = CARTESIAN_POINT ( 'NONE',  ( 0.000000000000000000, 0.000000000000000000, 0.000000000000000000 ) ) ;
#121 = CC_DESIGN_PERSON_AND_ORGANIZATION_ASSIGNMENT ( #879, #2256, ( #2030 ) ) ;
#122 = CIRCLE ( 'NONE', #1783, 10.00000000000000888 ) ;
#123 = DIRECTION ( 'NONE',  ( 0.000000000000000000, 0.000000000000000000, 1.000000000000000000 ) ) ;
#124 = ORIENTED_EDGE ( 'NONE', *, *, #1374, .F. ) ;
#125 = DIRECTION ( 'NONE',  ( 1.000000000000000000, 0.000000000000000000, 0.000000000000000000 ) ) ;
#126 = DIRECTION ( 'NONE',  ( -1.000000000000000000, 0.000000000000000000, -0.000000000000000000 ) ) ;
#127 = EDGE_CURVE ( 'NONE', #2028, #2329, #25, .T. ) ;
#128 = ORIENTED_EDGE ( 'NONE', *, *, #2346, .T. ) ;
#129 = AXIS2_PLACEMENT_3D ( 'NONE', #2073, #152, #2249 ) ;
#130 = CARTESIAN_POINT ( 'NONE',  ( 40.00000000000000000, 600.0000000000000000, 49.99999999999998579 ) ) ;
#131 = VECTOR ( 'NONE', #39, 1000.000000000000000 ) ;
#132 = SHAPE_DEFINITION_REPRESENTATION ( #2416, #1191 ) ;
#133 = LOCAL_TIME ( 2, 16, 3.000000000000000000, #175 ) ;
#134 = ADVANCED_FACE ( 'NONE', ( #967, #1939, #196, #1955, #981, #7 ), #1737, .F. ) ;
#135 = CARTESIAN_POINT ( 'NONE',  ( -60.00000000000000000, 429.9999999999998863, 1.387778780781445676E-13 ) ) ;
#136 = ORIENTED_EDGE ( 'NONE', *, *, #2454, .F. ) ;
#137 = CC_DESIGN_SECURITY_CLASSIFICATION ( #1262, ( #632 ) ) ;
#138 = ORIENTED_EDGE ( 'NONE', *, *, #1063, .T. ) ;
#139 = DIRECTION ( 'NONE',  ( 0.000000000000000000, 0.000000000000000000, 1.000000000000000000 ) ) ;
#140 = FACE_OUTER_BOUND ( 'NONE', #1000, .T. ) ;
#141 = DIRECTION ( 'NONE',  ( 1.000000000000000000, 0.000000000000000000, 0.000000000000000000 ) ) ;
#142 = EDGE_CURVE ( 'NONE', #330, #2320, #1766, .T. ) ;
#143 = DIRECTION ( 'NONE',  ( 0.000000000000000000, 1.000000000000000000, 0.000000000000000000 ) ) ;
#144 = ORIENTED_EDGE ( 'NONE', *, *, #2033, .F. ) ;
#145 = CARTESIAN_POINT ( 'NONE',  ( 60.00000000000000000, 600.0000000000000000, 39.99999999999999289 ) ) ;
#146 = CARTESIAN_POINT ( 'NONE',  ( -60.00000000000000000, 499.9999999999998863, 1.387778780781445676E-13 ) ) ;
#147 = ORIENTED_EDGE ( 'NONE', *, *, #1616, .T. ) ;
#148 = LINE ( 'NONE', #568, #2394 ) ;
#149 = CARTESIAN_POINT ( 'NONE',  ( 60.00000000000000000, 600.0000000000000000, -39.99999999999999289 ) ) ;
#150 = VERTEX_POINT ( 'NONE', #786 ) ;
#151 = EDGE_CURVE ( 'NONE', #313, #1150, #1378, .T. ) ;
#152 = DIRECTION ( 'NONE',  ( -0.000000000000000000, -0.000000000000000000, 1.000000000000000000 ) ) ;
#153 = CIRCLE ( 'NONE', #720, 10.00000000000000178 ) ;
#154 = CYLINDRICAL_SURFACE ( 'NONE', #809, 2.249999999999984013 ) ;
#155 = CYLINDRICAL_SURFACE ( 'NONE', #642, 2.249999999999984013 ) ;
#156 = ORIENTED_EDGE ( 'NONE', *, *, #1006, .F. ) ;
#157 = LINE ( 'NONE', #130, #489 ) ;
#158 = CARTESIAN_POINT ( 'NONE',  ( -40.00000000000000000, 600.0000000000000000, 60.00000000000000000 ) ) ;
#159 = VERTEX_POINT ( 'NONE', #223 ) ;
#160 = DIRECTION ( 'NONE',  ( 0.000000000000000000, 0.000000000000000000, 1.000000000000000000 ) ) ;
#161 = DATE_AND_TIME ( #1891, #1352 ) ;
#162 = ADVANCED_FACE ( 'NONE', ( #1168 ), #2122, .F. ) ;
#163 = ORIENTED_EDGE ( 'NONE', *, *, #733, .F. ) ;
#164 = CIRCLE ( 'NONE', #1583, 4.500000000000003553 ) ;
#165 = CARTESIAN_POINT ( 'NONE',  ( -160.0000000000000568, 10.00000000000000000, -160.0000000000000000 ) ) ;
#166 = DIRECTION ( 'NONE',  ( -1.000000000000000000, 0.000000000000000000, -0.000000000000000000 ) ) ;
#167 = EDGE_CURVE ( 'NONE', #42, #1259, #2326, .T. ) ;
#168 = AXIS2_PLACEMENT_3D ( 'NONE', #541, #1311, #1696 ) ;
#169 = DIRECTION ( 'NONE',  ( -8.673617379884035472E-17, -0.000000000000000000, -1.000000000000000000 ) ) ;
#170 = ORIENTED_EDGE ( 'NONE', *, *, #1999, .T. ) ;
#171 = LINE ( 'NONE', #145, #620 ) ;
#172 = VECTOR ( 'NONE', #1468, 1000.000000000000000 ) ;
#173 = VERTEX_POINT ( 'NONE', #403 ) ;
#174 = DIRECTION ( 'NONE',  ( 0.000000000000000000, 0.000000000000000000, 1.000000000000000000 ) ) ;
#175 = COORDINATED_UNIVERSAL_TIME_OFFSET ( 8, 0, .AHEAD. ) ;
#176 = LOCAL_TIME ( 2, 16, 3.000000000000000000, #393 ) ;
#177 = VERTEX_POINT ( 'NONE', #999 ) ;
#178 = EDGE_CURVE ( 'NONE', #1324, #920, #1318, .T. ) ;
#179 = LINE ( 'NONE', #1333, #1903 ) ;
#180 = DIRECTION ( 'NONE',  ( 0.000000000000000000, 0.000000000000000000, 1.000000000000000000 ) ) ;
#181 = CIRCLE ( 'NONE', #1995, 2.249999999999984013 ) ;
#182 = CARTESIAN_POINT ( 'NONE',  ( -50.00000000000001421, 429.9999999999998863, 2.250000000000139000 ) ) ;
#183 = ORIENTED_EDGE ( 'NONE', *, *, #1295, .F. ) ;
#184 = DIRECTION ( 'NONE',  ( 0.000000000000000000, 0.000000000000000000, 1.000000000000000000 ) ) ;
#185 = DIRECTION ( 'NONE',  ( 0.000000000000000000, 0.000000000000000000, 1.000000000000000000 ) ) ;
#186 = ORIENTED_EDGE ( 'NONE', *, *, #854, .T. ) ;
#187 = DIRECTION ( 'NONE',  ( -0.000000000000000000, 0.000000000000000000, 1.000000000000000000 ) ) ;
#188 = PERSON_AND_ORGANIZATION_ROLE ( 'design_owner' ) ;
#189 = ORIENTED_EDGE ( 'NONE', *, *, #2139, .T. ) ;
#190 = CARTESIAN_POINT ( 'NONE',  ( 60.00001199999999812, 429.9999999999998863, -2.250000000000139000 ) ) ;
#191 = DIRECTION ( 'NONE',  ( -1.000000000000000000, 0.000000000000000000, 0.000000000000000000 ) ) ;
#192 = LINE ( 'NONE', #2117, #831 ) ;
#193 = EDGE_LOOP ( 'NONE', ( #750, #2310 ) ) ;
#194 = CARTESIAN_POINT ( 'NONE',  ( -50.00000000000000711, 0.000000000000000000, 39.99999999999993605 ) ) ;
#195 = DIRECTION ( 'NONE',  ( -0.000000000000000000, -1.000000000000000000, -0.000000000000000000 ) ) ;
#196 = FACE_BOUND ( 'NONE', #1025, .T. ) ;
#197 = EDGE_CURVE ( 'NONE', #917, #203, #456, .T. ) ;
#198 = LINE ( 'NONE', #8, #336 ) ;
#199 = DATE_AND_TIME ( #1160, #176 ) ;
#200 = EDGE_LOOP ( 'NONE', ( #1801, #1336, #2233, #1214 ) ) ;
#201 = CARTESIAN_POINT ( 'NONE',  ( 2.249999999999930278, 429.9999999999998863, 60.00000000000000000 ) ) ;
#202 = DIRECTION ( 'NONE',  ( -0.000000000000000000, -1.000000000000000000, -0.000000000000000000 ) ) ;
#203 = VERTEX_POINT ( 'NONE', #1186 ) ;
#204 = CYLINDRICAL_SURFACE ( 'NONE', #894, 10.00000000000000888 ) ;
#205 = EDGE_CURVE ( 'NONE', #510, #407, #598, .T. ) ;
#206 = VECTOR ( 'NONE', #1166, 1000.000000000000000 ) ;
#207 = DIRECTION ( 'NONE',  ( 0.000000000000000000, 0.000000000000000000, -1.000000000000000000 ) ) ;
#208 = DIRECTION ( 'NONE',  ( -1.047444401652940164E-14, 0.000000000000000000, 1.000000000000000000 ) ) ;
#209 = CARTESIAN_POINT ( 'NONE',  ( -6.982966867463883227E-14, 569.9999999999998863, 60.00001199999999102 ) ) ;
#210 = APPROVAL_ROLE ( '' ) ;
#211 = AXIS2_PLACEMENT_3D ( 'NONE', #2034, #110, #1649 ) ;
#212 = LINE ( 'NONE', #227, #1522 ) ;
#213 = ORIENTED_EDGE ( 'NONE', *, *, #262, .F. ) ;
#214 = DIRECTION ( 'NONE',  ( 1.000000000000000000, -0.000000000000000000, -0.000000000000000000 ) ) ;
#215 = ADVANCED_FACE ( 'NONE', ( #2160, #1780, #1769, #1756 ), #1209, .F. ) ;
#216 = LOCAL_TIME ( 2, 16, 3.000000000000000000, #814 ) ;
#217 = LINE ( 'NONE', #1730, #2495 ) ;
#218 = AXIS2_PLACEMENT_3D ( 'NONE', #2007, #423, #1201 ) ;
#219 = VERTEX_POINT ( 'NONE', #1224 ) ;
#220 = EDGE_CURVE ( 'NONE', #1762, #118, #212, .T. ) ;
#221 = DIRECTION ( 'NONE',  ( 1.000000000000000000, 0.000000000000000000, 0.000000000000000000 ) ) ;
#222 = CARTESIAN_POINT ( 'NONE',  ( 50.00000000000001421, 429.9999999999998863, -1.387778780781445676E-13 ) ) ;
#223 = CARTESIAN_POINT ( 'NONE',  ( 40.00000000000000000, 0.000000000000000000, -60.00000000000000711 ) ) ;
#224 = CARTESIAN_POINT ( 'NONE',  ( 135.0000000000000284, 0.000000000000000000, 134.9999999999999716 ) ) ;
#225 = VECTOR ( 'NONE', #41, 1000.000000000000000 ) ;
#226 = CALENDAR_DATE ( 2026, 26, 1 ) ;
#227 = CARTESIAN_POINT ( 'NONE',  ( 49.99999999999999289, 0.000000000000000000, 39.99999999999993605 ) ) ;
#228 = EDGE_LOOP ( 'NONE', ( #1210, #1488 ) ) ;
#229 = AXIS2_PLACEMENT_3D ( 'NONE', #224, #1379, #996 ) ;
#230 = CARTESIAN_POINT ( 'NONE',  ( -135.0000000000000284, 10.00000000000000000, 134.9999999999999716 ) ) ;
#231 = DIRECTION ( 'NONE',  ( -1.000000000000000000, 0.000000000000000000, 0.000000000000000000 ) ) ;
#232 = EDGE_CURVE ( 'NONE', #673, #277, #1369, .T. ) ;
#233 = ORIENTED_EDGE ( 'NONE', *, *, #1775, .T. ) ;
#234 = CIRCLE ( 'NONE', #440, 20.00000000000000355 ) ;
#235 = DIRECTION ( 'NONE',  ( -0.000000000000000000, 0.000000000000000000, 1.000000000000000000 ) ) ;
#236 = LINE ( 'NONE', #1540, #1340 ) ;
#237 = DIRECTION ( 'NONE',  ( 0.000000000000000000, 0.000000000000000000, -1.000000000000000000 ) ) ;
#238 = PERSON_AND_ORGANIZATION ( #2302, #1951 ) ;
#239 = CARTESIAN_POINT ( 'NONE',  ( -40.00000000000000711, 0.000000000000000000, -39.99999999999999289 ) ) ;
#240 = ORIENTED_EDGE ( 'NONE', *, *, #1203, .T. ) ;
#241 = SHAPE_REPRESENTATION ( 'lift outer tube 120x120x10_Default<As Welded>', ( #1553 ), #2318 ) ;
#242 = ADVANCED_FACE ( 'NONE', ( #629, #1596, #1397, #2134, #985, #433 ), #2342, .T. ) ;
#243 = CARTESIAN_POINT ( 'NONE',  ( -60.00000000000000000, 600.0000000000000000, -39.99999999999999289 ) ) ;
#244 = ORIENTED_EDGE ( 'NONE', *, *, #1734, .F. ) ;
#245 = FACE_OUTER_BOUND ( 'NONE', #888, .T. ) ;
#246 = EDGE_CURVE ( 'NONE', #1675, #1150, #1198, .T. ) ;
#247 = AXIS2_PLACEMENT_3D ( 'NONE', #488, #1028, #1450 ) ;
#248 = DIRECTION ( 'NONE',  ( -1.000000000000000000, -0.000000000000000000, -0.000000000000000000 ) ) ;
#249 = APPROVAL_PERSON_ORGANIZATION ( #879, #2259, #1491 ) ;
#250 = VECTOR ( 'NONE', #2140, 1000.000000000000000 ) ;
#251 = DATE_TIME_ROLE ( 'creation_date' ) ;
#252 = LINE ( 'NONE', #66, #2322 ) ;
#253 = ORIENTED_EDGE ( 'NONE', *, *, #1293, .T. ) ;
#254 = CARTESIAN_POINT ( 'NONE',  ( 2.249999999999914291, 569.9999999999998863, 60.00001199999999812 ) ) ;
#255 = AXIS2_PLACEMENT_3D ( 'NONE', #2151, #1190, #425 ) ;
#256 = CIRCLE ( 'NONE', #1663, 2.249999999999984013 ) ;
#257 = ORIENTED_EDGE ( 'NONE', *, *, #2393, .F. ) ;
#258 = DIRECTION ( 'NONE',  ( 0.000000000000000000, 1.000000000000000000, 0.000000000000000000 ) ) ;
#259 = LOCAL_TIME ( 2, 16, 3.000000000000000000, #1571 ) ;
#260 = DIRECTION ( 'NONE',  ( 0.000000000000000000, 0.000000000000000000, -1.000000000000000000 ) ) ;
#261 = AXIS2_PLACEMENT_3D ( 'NONE', #2376, #2328, #648 ) ;
#262 = EDGE_CURVE ( 'NONE', #1173, #2399, #1104, .T. ) ;
#263 = APPROVAL_STATUS ( 'not_yet_approved' ) ;
#264 = DESIGN_CONTEXT ( 'detailed design', #1674, 'design' ) ;
#265 = ORIENTED_EDGE ( 'NONE', *, *, #1256, .T. ) ;
#266 = VERTEX_POINT ( 'NONE', #1973 ) ;
#267 = FACE_BOUND ( 'NONE', #12, .T. ) ;
#268 = EDGE_LOOP ( 'NONE', ( #2016, #470, #816, #1258 ) ) ;
#269 = CARTESIAN_POINT ( 'NONE',  ( 40.00000000000000000, 0.000000000000000000, -49.99999999999999289 ) ) ;
#270 = EDGE_CURVE ( 'NONE', #863, #2197, #307, .T. ) ;
#271 = LINE ( 'NONE', #656, #2141 ) ;
#272 = DATE_TIME_ROLE ( 'creation_date' ) ;
#273 = AXIS2_PLACEMENT_3D ( 'NONE', #575, #1576, #1717 ) ;
#274 = CC_DESIGN_PERSON_AND_ORGANIZATION_ASSIGNMENT ( #759, #1544, ( #632 ) ) ;
#275 = EDGE_LOOP ( 'NONE', ( #1608, #1062, #1606, #163 ) ) ;
#276 = ORIENTED_EDGE ( 'NONE', *, *, #622, .F. ) ;
#277 = VERTEX_POINT ( 'NONE', #1009 ) ;
#278 = DIRECTION ( 'NONE',  ( -0.000000000000000000, 0.000000000000000000, -1.000000000000000000 ) ) ;
#279 = ORIENTED_EDGE ( 'NONE', *, *, #1293, .F. ) ;
#280 = DIRECTION ( 'NONE',  ( 0.000000000000000000, 1.000000000000000000, 0.000000000000000000 ) ) ;
#281 = CC_DESIGN_DATE_AND_TIME_ASSIGNMENT ( #2363, #1406, ( #2275 ) ) ;
#282 = CARTESIAN_POINT ( 'NONE',  ( -60.00000000000000000, 499.9999999999998863, -2.249999999999845457 ) ) ;
#283 = CARTESIAN_POINT ( 'NONE',  ( -2.249999999999495515, 569.9999999999998863, -60.00001200000001944 ) ) ;
#284 = EDGE_CURVE ( 'NONE', #1292, #150, #28, .T. ) ;
#285 = AXIS2_PLACEMENT_3D ( 'NONE', #812, #1580, #185 ) ;
#286 = DATE_AND_TIME ( #717, #1055 ) ;
#287 = EDGE_LOOP ( 'NONE', ( #33, #630, #1589, #257 ) ) ;
#288 = ORIENTED_EDGE ( 'NONE', *, *, #1826, .T. ) ;
#289 = AXIS2_PLACEMENT_3D ( 'NONE', #463, #668, #1630 ) ;
#290 = LINE ( 'NONE', #149, #426 ) ;
#291 = ORIENTED_EDGE ( 'NONE', *, *, #294, .T. ) ;
#292 = CARTESIAN_POINT ( 'NONE',  ( 60.00001199999999812, 569.9999999999998863, 2.249999999999845457 ) ) ;
#293 = CARTESIAN_POINT ( 'NONE',  ( -39.99999999999993605, 0.000000000000000000, 50.00000000000000711 ) ) ;
#294 = EDGE_CURVE ( 'NONE', #920, #596, #252, .T. ) ;
#295 = CARTESIAN_POINT ( 'NONE',  ( 159.9999999999999432, 10.00000000000000000, -160.0000000000000000 ) ) ;
#296 = CC_DESIGN_APPROVAL ( #1017, ( #1692 ) ) ;
#297 = AXIS2_PLACEMENT_3D ( 'NONE', #1432, #1227, #471 ) ;
#298 = APPROVAL_STATUS ( 'not_yet_approved' ) ;
#299 = ORIENTED_EDGE ( 'NONE', *, *, #473, .T. ) ;
#300 = VERTEX_POINT ( 'NONE', #836 ) ;
#301 = EDGE_LOOP ( 'NONE', ( #1875, #2418, #1838, #1613 ) ) ;
#302 = CARTESIAN_POINT ( 'NONE',  ( -160.0000000000000568, 10.00000000000000000, -160.0000000000000000 ) ) ;
#303 = VERTEX_POINT ( 'NONE', #791 ) ;
#304 = LINE ( 'NONE', #2036, #2048 ) ;
#305 = ADVANCED_FACE ( 'NONE', ( #1572 ), #1605, .F. ) ;
#306 = EDGE_CURVE ( 'NONE', #2399, #1465, #1416, .T. ) ;
#307 = CIRCLE ( 'NONE', #1487, 10.00000000000000178 ) ;
#308 = DIRECTION ( 'NONE',  ( -1.000000000000000000, 0.000000000000000000, 0.000000000000000000 ) ) ;
#309 = DIRECTION ( 'NONE',  ( 0.000000000000000000, 0.000000000000000000, -1.000000000000000000 ) ) ;
#310 = AXIS2_PLACEMENT_3D ( 'NONE', #504, #901, #736 ) ;
#311 = CONTEXT_DEPENDENT_SHAPE_REPRESENTATION ( #520, #710 ) ;
#312 = EDGE_LOOP ( 'NONE', ( #732, #1075, #2138, #1271 ) ) ;
#313 = VERTEX_POINT ( 'NONE', #616 ) ;
#314 = AXIS2_PLACEMENT_3D ( 'NONE', #1057, #1639, #724 ) ;
#315 = ADVANCED_FACE ( 'NONE', ( #2148 ), #1153, .F. ) ;
#316 = DIRECTION ( 'NONE',  ( 0.000000000000000000, 0.000000000000000000, 1.000000000000000000 ) ) ;
#317 = VERTEX_POINT ( 'NONE', #1731 ) ;
#318 = DIRECTION ( 'NONE',  ( 0.000000000000000000, 0.000000000000000000, 1.000000000000000000 ) ) ;
#319 = DIRECTION ( 'NONE',  ( 0.000000000000000000, 0.000000000000000000, 1.000000000000000000 ) ) ;
#320 = ORIENTED_EDGE ( 'NONE', *, *, #1912, .F. ) ;
#321 = EDGE_CURVE ( 'NONE', #427, #1173, #1922, .T. ) ;
#322 = DIRECTION ( 'NONE',  ( 0.000000000000000000, 0.000000000000000000, 1.000000000000000000 ) ) ;
#323 = CARTESIAN_POINT ( 'NONE',  ( 4.888073874380387202E-13, 499.9999999999998863, -60.00000000000000711 ) ) ;
#324 = ORIENTED_EDGE ( 'NONE', *, *, #1466, .F. ) ;
#325 = VECTOR ( 'NONE', #2442, 1000.000000000000000 ) ;
#326 =( LENGTH_UNIT ( ) NAMED_UNIT ( * ) SI_UNIT ( .MILLI., .METRE. ) );
#327 = EDGE_CURVE ( 'NONE', #2004, #394, #1792, .T. ) ;
#328 = AXIS2_PLACEMENT_3D ( 'NONE', #1376, #1911, #952 ) ;
#329 = CARTESIAN_POINT ( 'NONE',  ( -2.249999999999495515, 569.9999999999998863, -60.00000000000000711 ) ) ;
#330 = VERTEX_POINT ( 'NONE', #578 ) ;
#331 = LINE ( 'NONE', #2251, #1162 ) ;
#332 = DIRECTION ( 'NONE',  ( 0.000000000000000000, 1.000000000000000000, 0.000000000000000000 ) ) ;
#333 = VERTEX_POINT ( 'NONE', #1348 ) ;
#334 = AXIS2_PLACEMENT_3D ( 'NONE', #1964, #1387, #316 ) ;
#335 = DIRECTION ( 'NONE',  ( -0.000000000000000000, -1.000000000000000000, -0.000000000000000000 ) ) ;
#336 = VECTOR ( 'NONE', #366, 1000.000000000000000 ) ;
#337 = COORDINATED_UNIVERSAL_TIME_OFFSET ( 8, 0, .AHEAD. ) ;
#338 = CC_DESIGN_APPROVAL ( #86, ( #2192 ) ) ;
#339 = VERTEX_POINT ( 'NONE', #749 ) ;
#340 = VERTEX_POINT ( 'NONE', #595 ) ;
#341 = CIRCLE ( 'NONE', #297, 10.00000000000000178 ) ;
#342 = FACE_BOUND ( 'NONE', #1429, .T. ) ;
#343 = DIRECTION ( 'NONE',  ( 0.000000000000000000, 0.000000000000000000, 1.000000000000000000 ) ) ;
#344 = ORIENTED_EDGE ( 'NONE', *, *, #142, .T. ) ;
#345 = PLANE ( 'NONE',  #1660 ) ;
#346 = CARTESIAN_POINT ( 'NONE',  ( -40.00000000000000000, 600.0000000000000000, -60.00000000000000000 ) ) ;
#347 = CARTESIAN_POINT ( 'NONE',  ( -3.491481338843135249E-14, 499.9999999999998863, 49.99999999999998579 ) ) ;
#348 = ORIENTED_EDGE ( 'NONE', *, *, #537, .F. ) ;
#349 = DIRECTION ( 'NONE',  ( 1.000000000000000000, -0.000000000000000000, -0.000000000000000000 ) ) ;
#350 = CIRCLE ( 'NONE', #1829, 4.500000000000003553 ) ;
#351 = EDGE_CURVE ( 'NONE', #2135, #796, #192, .T. ) ;
#352 = DIRECTION ( 'NONE',  ( 0.000000000000000000, 1.000000000000000000, 0.000000000000000000 ) ) ;
#353 = ORIENTED_EDGE ( 'NONE', *, *, #1771, .F. ) ;
#354 = DIRECTION ( 'NONE',  ( 0.000000000000000000, 1.000000000000000000, 0.000000000000000000 ) ) ;
#355 = PERSON_AND_ORGANIZATION_ROLE ( 'creator' ) ;
#356 = VECTOR ( 'NONE', #2498, 1000.000000000000000 ) ;
#357 = ADVANCED_FACE ( 'NONE', ( #2319 ), #1550, .F. ) ;
#358 = ORIENTED_EDGE ( 'NONE', *, *, #48, .T. ) ;
#359 = DIRECTION ( 'NONE',  ( -1.000000000000000000, 0.000000000000000000, 0.000000000000000000 ) ) ;
#360 = DIRECTION ( 'NONE',  ( 0.000000000000000000, 0.000000000000000000, 1.000000000000000000 ) ) ;
#361 = PLANE ( 'NONE',  #1832 ) ;
#362 = EDGE_LOOP ( 'NONE', ( #1109, #1961 ) ) ;
#363 = DIRECTION ( 'NONE',  ( 0.000000000000000000, 1.000000000000000000, 0.000000000000000000 ) ) ;
#364 = ADVANCED_FACE ( 'NONE', ( #963 ), #1718, .F. ) ;
#365 = CYLINDRICAL_SURFACE ( 'NONE', #34, 2.249999999999984013 ) ;
#366 = DIRECTION ( 'NONE',  ( -0.000000000000000000, -0.000000000000000000, 1.000000000000000000 ) ) ;
#367 = MECHANICAL_CONTEXT ( 'NONE', #52, 'mechanical' ) ;
#368 = ORIENTED_EDGE ( 'NONE', *, *, #672, .T. ) ;
#369 = VECTOR ( 'NONE', #2323, 1000.000000000000000 ) ;
#370 = CARTESIAN_POINT ( 'NONE',  ( -60.00001199999999812, 429.9999999999998863, -2.249999999999861444 ) ) ;
#371 = DIRECTION ( 'NONE',  ( 0.000000000000000000, 0.000000000000000000, 1.000000000000000000 ) ) ;
#372 = AXIS2_PLACEMENT_3D ( 'NONE', #903, #1502, #1072 ) ;
#373 = DIRECTION ( 'NONE',  ( 0.000000000000000000, 0.000000000000000000, 1.000000000000000000 ) ) ;
#374 = ORIENTED_EDGE ( 'NONE', *, *, #1826, .F. ) ;
#375 = DIRECTION ( 'NONE',  ( -0.000000000000000000, -0.000000000000000000, -1.000000000000000000 ) ) ;
#376 = VECTOR ( 'NONE', #972, 1000.000000000000000 ) ;
#377 = CYLINDRICAL_SURFACE ( 'NONE', #285, 2.250000000000000444 ) ;
#378 = ORIENTED_EDGE ( 'NONE', *, *, #2002, .F. ) ;
#379 = CARTESIAN_POINT ( 'NONE',  ( 2.249999999999914291, 499.9999999999998863, 60.00000000000000000 ) ) ;
#380 = PERSON_AND_ORGANIZATION ( #2302, #1951 ) ;
#381 = LOCAL_TIME ( 2, 16, 3.000000000000000000, #2340 ) ;
#382 = EDGE_LOOP ( 'NONE', ( #1976, #1022, #348, #2, #548, #1823, #1237, #353 ) ) ;
#383 = CARTESIAN_POINT ( 'NONE',  ( 60.00000000000000000, 429.9999999999998863, -2.250000000000139000 ) ) ;
#384 = DIRECTION ( 'NONE',  ( -1.000000000000000000, 0.000000000000000000, 0.000000000000000000 ) ) ;
#385 = CIRCLE ( 'NONE', #2120, 10.00000000000000888 ) ;
#386 = CARTESIAN_POINT ( 'NONE',  ( -6.982966867463883227E-14, 499.9999999999998863, 60.00001199999999102 ) ) ;
#387 = ORIENTED_EDGE ( 'NONE', *, *, #2356, .F. ) ;
#388 = CARTESIAN_POINT ( 'NONE',  ( 40.00000000000000000, 600.0000000000000000, -60.00000000000000711 ) ) ;
#389 = EDGE_CURVE ( 'NONE', #2161, #1035, #63, .T. ) ;
#390 = CARTESIAN_POINT ( 'NONE',  ( 50.00000000000001421, 499.9999999999998863, 2.249999999999845457 ) ) ;
#391 = CARTESIAN_POINT ( 'NONE',  ( 60.00000000000000000, 569.9999999999998863, -1.387778780781445676E-13 ) ) ;
#392 = FACE_OUTER_BOUND ( 'NONE', #2057, .T. ) ;
#393 = COORDINATED_UNIVERSAL_TIME_OFFSET ( 8, 0, .AHEAD. ) ;
#394 = VERTEX_POINT ( 'NONE', #182 ) ;
#395 = DIRECTION ( 'NONE',  ( 1.000000000000000000, -0.000000000000000000, -0.000000000000000000 ) ) ;
#396 = FACE_OUTER_BOUND ( 'NONE', #1629, .T. ) ;
#397 = ADVANCED_FACE ( 'NONE', ( #765 ), #1537, .F. ) ;
#398 = ORIENTED_EDGE ( 'NONE', *, *, #2195, .F. ) ;
#399 = AXIS2_PLACEMENT_3D ( 'NONE', #1906, #410, #360 ) ;
#400 = CARTESIAN_POINT ( 'NONE',  ( -39.99999999999999289, 600.0000000000000000, -39.99999999999999289 ) ) ;
#401 = EDGE_CURVE ( 'NONE', #493, #523, #1106, .T. ) ;
#402 = CARTESIAN_POINT ( 'NONE',  ( 4.888073874380387202E-13, 569.9999999999998863, -60.00000000000000711 ) ) ;
#403 = CARTESIAN_POINT ( 'NONE',  ( 50.00000000000001421, 499.9999999999998863, -2.250000000000123013 ) ) ;
#404 = CARTESIAN_POINT ( 'NONE',  ( 40.00000000000000000, 600.0000000000000000, 39.99999999999999289 ) ) ;
#405 = COORDINATED_UNIVERSAL_TIME_OFFSET ( 8, 0, .AHEAD. ) ;
#406 = DIRECTION ( 'NONE',  ( 0.000000000000000000, 1.000000000000000000, -0.000000000000000000 ) ) ;
#407 = VERTEX_POINT ( 'NONE', #1726 ) ;
#408 = EDGE_CURVE ( 'NONE', #1683, #686, #385, .T. ) ;
#409 = CYLINDRICAL_SURFACE ( 'NONE', #57, 20.00000000000000355 ) ;
#410 = DIRECTION ( 'NONE',  ( 1.000000000000000000, -0.000000000000000000, -0.000000000000000000 ) ) ;
#411 = CIRCLE ( 'NONE', #1812, 2.250000000000000444 ) ;
#412 = EDGE_CURVE ( 'NONE', #2219, #83, #181, .T. ) ;
#413 = ORIENTED_EDGE ( 'NONE', *, *, #2454, .T. ) ;
#414 = LINE ( 'NONE', #194, #1299 ) ;
#415 = CARTESIAN_POINT ( 'NONE',  ( -40.00000000000000000, 600.0000000000000000, 60.00000000000000000 ) ) ;
#416 = DIRECTION ( 'NONE',  ( 0.000000000000000000, 1.000000000000000000, 0.000000000000000000 ) ) ;
#417 = CARTESIAN_POINT ( 'NONE',  ( -39.99999999999993605, 0.000000000000000000, -49.99999999999999289 ) ) ;
#418 = APPROVAL_STATUS ( 'not_yet_approved' ) ;
#419 = CIRCLE ( 'NONE', #500, 2.249999999999984013 ) ;
#420 = EDGE_CURVE ( 'NONE', #1624, #531, #1598, .T. ) ;
#421 = CARTESIAN_POINT ( 'NONE',  ( -60.00000000000000000, 569.9999999999998863, 1.387778780781445676E-13 ) ) ;
#422 = ORIENTED_EDGE ( 'NONE', *, *, #2155, .F. ) ;
#423 = DIRECTION ( 'NONE',  ( -0.000000000000000000, 1.000000000000000000, -0.000000000000000000 ) ) ;
#424 = LOCAL_TIME ( 2, 16, 3.000000000000000000, #1030 ) ;
#425 = DIRECTION ( 'NONE',  ( 0.000000000000000000, 0.000000000000000000, 1.000000000000000000 ) ) ;
#426 = VECTOR ( 'NONE', #721, 1000.000000000000000 ) ;
#427 = VERTEX_POINT ( 'NONE', #1699 ) ;
#428 = LINE ( 'NONE', #965, #1858 ) ;
#429 = DIRECTION ( 'NONE',  ( 1.000000000000000000, 0.000000000000000000, 0.000000000000000000 ) ) ;
#430 = ADVANCED_FACE ( 'NONE', ( #743, #2260, #342, #1342 ), #533, .T. ) ;
#431 = FACE_OUTER_BOUND ( 'NONE', #1052, .T. ) ;
#432 = SECURITY_CLASSIFICATION_LEVEL ( 'unclassified' ) ;
#433 = FACE_OUTER_BOUND ( 'NONE', #2459, .T. ) ;
#434 = ORIENTED_EDGE ( 'NONE', *, *, #2086, .F. ) ;
#435 = CIRCLE ( 'NONE', #1523, 2.250000000000000444 ) ;
#436 = EDGE_CURVE ( 'NONE', #585, #219, #1222, .T. ) ;
#437 = FACE_OUTER_BOUND ( 'NONE', #1441, .T. ) ;
#438 = VECTOR ( 'NONE', #1486, 1000.000000000000000 ) ;
#439 = ORIENTED_EDGE ( 'NONE', *, *, #1211, .T. ) ;
#440 = AXIS2_PLACEMENT_3D ( 'NONE', #1874, #352, #1724 ) ;
#441 = CARTESIAN_POINT ( 'NONE',  ( 39.99999999999999289, 600.0000000000000000, -39.99999999999999289 ) ) ;
#442 = AXIS2_PLACEMENT_3D ( 'NONE', #2226, #1264, #1485 ) ;
#443 = PLANE ( 'NONE',  #1500 ) ;
#444 = PERSON_AND_ORGANIZATION ( #2302, #1951 ) ;
#445 = ADVANCED_FACE ( 'NONE', ( #392 ), #1159, .F. ) ;
#446 = UNCERTAINTY_MEASURE_WITH_UNIT (LENGTH_MEASURE( 1.000000000000000082E-05 ), #1107, 'distance_accuracy_value', 'NONE');
#447 = CARTESIAN_POINT ( 'NONE',  ( -2.250000000000054179, 499.9999999999998863, 60.00001199999998391 ) ) ;
#448 = EDGE_LOOP ( 'NONE', ( #276, #2288, #1428, #2258 ) ) ;
#449 = DIRECTION ( 'NONE',  ( -0.000000000000000000, -0.000000000000000000, 1.000000000000000000 ) ) ;
#450 = VERTEX_POINT ( 'NONE', #2108 ) ;
#451 = CYLINDRICAL_SURFACE ( 'NONE', #2021, 4.500000000000003553 ) ;
#452 = VECTOR ( 'NONE', #1611, 1000.000000000000000 ) ;
#453 = CARTESIAN_POINT ( 'NONE',  ( -39.99999999999993605, 0.000000000000000000, 50.00000000000000711 ) ) ;
#454 = AXIS2_PLACEMENT_3D ( 'NONE', #635, #258, #1240 ) ;
#455 = PERSON_AND_ORGANIZATION ( #2302, #1951 ) ;
#456 = LINE ( 'NONE', #2172, #225 ) ;
#457 = ORIENTED_EDGE ( 'NONE', *, *, #1954, .T. ) ;
#458 = LINE ( 'NONE', #1996, #18 ) ;
#459 = VECTOR ( 'NONE', #1174, 1000.000000000000000 ) ;
#460 = CIRCLE ( 'NONE', #1306, 2.249999999999984013 ) ;
#461 = LOCAL_TIME ( 2, 16, 3.000000000000000000, #2217 ) ;
#462 = ORIENTED_EDGE ( 'NONE', *, *, #1029, .F. ) ;
#463 = CARTESIAN_POINT ( 'NONE',  ( 135.0000000000000000, 0.000000000000000000, -135.0000000000000000 ) ) ;
#464 = AXIS2_PLACEMENT_3D ( 'NONE', #2019, #2433, #343 ) ;
#465 = CC_DESIGN_PERSON_AND_ORGANIZATION_ASSIGNMENT ( #1917, #2097, ( #1262 ) ) ;
#466 = CARTESIAN_POINT ( 'NONE',  ( 135.0000000000000284, 0.000000000000000000, 130.4999999999999716 ) ) ;
#467 = DATE_AND_TIME ( #2385, #424 ) ;
#468 = ORIENTED_EDGE ( 'NONE', *, *, #1478, .T. ) ;
#469 = ORIENTED_EDGE ( 'NONE', *, *, #484, .T. ) ;
#470 = ORIENTED_EDGE ( 'NONE', *, *, #1169, .T. ) ;
#471 = DIRECTION ( 'NONE',  ( 0.000000000000000000, 0.000000000000000000, -1.000000000000000000 ) ) ;
#472 = EDGE_LOOP ( 'NONE', ( #2456, #2237, #1662, #244 ) ) ;
#473 = EDGE_CURVE ( 'NONE', #1285, #313, #198, .T. ) ;
#474 = CARTESIAN_POINT ( 'NONE',  ( 135.0000000000000284, 0.000000000000000000, 134.9999999999999716 ) ) ;
#475 = CARTESIAN_POINT ( 'NONE',  ( 50.00000000000001421, 499.9999999999998863, -1.387778780781445676E-13 ) ) ;
#476 = CARTESIAN_POINT ( 'NONE',  ( -40.00000000000000000, 600.0000000000000000, 60.00000000000000000 ) ) ;
#477 = COORDINATED_UNIVERSAL_TIME_OFFSET ( 8, 0, .AHEAD. ) ;
#478 = AXIS2_PLACEMENT_3D ( 'NONE', #2304, #2345, #1536 ) ;
#479 = ORIENTED_EDGE ( 'NONE', *, *, #205, .T. ) ;
#480 = EDGE_CURVE ( 'NONE', #2472, #75, #2123, .T. ) ;
#481 = ORIENTED_EDGE ( 'NONE', *, *, #284, .F. ) ;
#482 = ORIENTED_EDGE ( 'NONE', *, *, #1642, .T. ) ;
#483 = CARTESIAN_POINT ( 'NONE',  ( 0.000000000000000000, 0.000000000000000000, 0.000000000000000000 ) ) ;
#484 = EDGE_CURVE ( 'NONE', #427, #1043, #148, .T. ) ;
#485 = ORIENTED_EDGE ( 'NONE', *, *, #2284, .T. ) ;
#486 = DIRECTION ( 'NONE',  ( 0.000000000000000000, 0.000000000000000000, 1.000000000000000000 ) ) ;
#487 = FACE_OUTER_BOUND ( 'NONE', #1785, .T. ) ;
#488 = CARTESIAN_POINT ( 'NONE',  ( -6.982966867463883227E-14, 429.9999999999998863, 60.00001199999999102 ) ) ;
#489 = VECTOR ( 'NONE', #335, 1000.000000000000000 ) ;
#490 = SECURITY_CLASSIFICATION_LEVEL ( 'unclassified' ) ;
#491 = DESIGN_CONTEXT ( 'detailed design', #1949, 'design' ) ;
#492 = CC_DESIGN_APPROVAL ( #2341, ( #1135 ) ) ;
#493 = VERTEX_POINT ( 'NONE', #2068 ) ;
#494 = ORIENTED_EDGE ( 'NONE', *, *, #949, .F. ) ;
#495 = VECTOR ( 'NONE', #375, 1000.000000000000000 ) ;
#496 = ORIENTED_EDGE ( 'NONE', *, *, #1910, .T. ) ;
#497 = DIRECTION ( 'NONE',  ( 1.000000000000000000, 0.000000000000000000, 0.000000000000000000 ) ) ;
#498 = EDGE_CURVE ( 'NONE', #1470, #1143, #460, .T. ) ;
#499 = CC_DESIGN_PERSON_AND_ORGANIZATION_ASSIGNMENT ( #1789, #2170, ( #1430 ) ) ;
#500 = AXIS2_PLACEMENT_3D ( 'NONE', #1547, #214, #1743 ) ;
#501 = CARTESIAN_POINT ( 'NONE',  ( 135.0000000000000000, 0.000000000000000000, -135.0000000000000000 ) ) ;
#502 = EDGE_LOOP ( 'NONE', ( #2468, #2210, #2232, #1974 ) ) ;
#503 = CARTESIAN_POINT ( 'NONE',  ( 40.00000000000000000, 600.0000000000000000, -49.99999999999999289 ) ) ;
#504 = CARTESIAN_POINT ( 'NONE',  ( -40.00000000000000000, 600.0000000000000000, 39.99999999999999289 ) ) ;
#505 = FACE_BOUND ( 'NONE', #1517, .T. ) ;
#506 = APPROVAL_PERSON_ORGANIZATION ( #444, #2072, #2231 ) ;
#507 = EDGE_CURVE ( 'NONE', #796, #159, #2190, .T. ) ;
#508 = AXIS2_PLACEMENT_3D ( 'NONE', #1142, #1908, #1 ) ;
#509 = ORIENTED_EDGE ( 'NONE', *, *, #1962, .F. ) ;
#510 = VERTEX_POINT ( 'NONE', #1316 ) ;
#511 = ORIENTED_EDGE ( 'NONE', *, *, #2100, .T. ) ;
#512 = EDGE_CURVE ( 'NONE', #1732, #303, #2428, .T. ) ;
#513 = CYLINDRICAL_SURFACE ( 'NONE', #1019, 10.00000000000000178 ) ;
#514 = ORIENTED_EDGE ( 'NONE', *, *, #877, .T. ) ;
#515 = FACE_OUTER_BOUND ( 'NONE', #649, .T. ) ;
#516 = DIRECTION ( 'NONE',  ( 0.000000000000000000, 0.000000000000000000, 1.000000000000000000 ) ) ;
#517 = ORIENTED_EDGE ( 'NONE', *, *, #1326, .T. ) ;
#518 = CARTESIAN_POINT ( 'NONE',  ( 4.888073874380387202E-13, 569.9999999999998863, -60.00000000000000711 ) ) ;
#519 = CIRCLE ( 'NONE', #954, 4.500000000000003553 ) ;
#520 =( REPRESENTATION_RELATIONSHIP ('NONE','NONE', #2143, #241 ) REPRESENTATION_RELATIONSHIP_WITH_TRANSFORMATION ( #1296 )SHAPE_REPRESENTATION_RELATIONSHIP( ) );
#521 = ORIENTED_EDGE ( 'NONE', *, *, #1775, .F. ) ;
#522 = VERTEX_POINT ( 'NONE', #379 ) ;
#523 = VERTEX_POINT ( 'NONE', #1518 ) ;
#524 = CARTESIAN_POINT ( 'NONE',  ( -40.00000000000000000, 600.0000000000000000, 39.99999999999999289 ) ) ;
#525 = ORIENTED_EDGE ( 'NONE', *, *, #998, .F. ) ;
#526 = DIRECTION ( 'NONE',  ( 0.000000000000000000, 0.000000000000000000, -1.000000000000000000 ) ) ;
#527 = FACE_OUTER_BOUND ( 'NONE', #382, .T. ) ;
#528 = VERTEX_POINT ( 'NONE', #557 ) ;
#529 = CARTESIAN_POINT ( 'NONE',  ( 49.99999999999999289, 0.000000000000000000, -39.99999999999992184 ) ) ;
#530 = COORDINATED_UNIVERSAL_TIME_OFFSET ( 8, 0, .AHEAD. ) ;
#531 = VERTEX_POINT ( 'NONE', #2096 ) ;
#532 = ORIENTED_EDGE ( 'NONE', *, *, #321, .F. ) ;
#533 = PLANE ( 'NONE',  #665 ) ;
#534 = VERTEX_POINT ( 'NONE', #1132 ) ;
#535 = CARTESIAN_POINT ( 'NONE',  ( -50.00000000000001421, 429.9999999999998863, -2.249999999999861444 ) ) ;
#536 = DIRECTION ( 'NONE',  ( -0.000000000000000000, -0.000000000000000000, -1.000000000000000000 ) ) ;
#537 = EDGE_CURVE ( 'NONE', #1856, #1675, #1427, .T. ) ;
#538 = DIRECTION ( 'NONE',  ( -1.000000000000000000, 0.000000000000000000, -0.000000000000000000 ) ) ;
#539 = EDGE_LOOP ( 'NONE', ( #1848, #240, #67, #1864 ) ) ;
#540 = CIRCLE ( 'NONE', #2426, 2.249999999999984013 ) ;
#541 = CARTESIAN_POINT ( 'NONE',  ( -135.0000000000000000, 10.00000000000000000, -135.0000000000000000 ) ) ;
#542 = CC_DESIGN_PERSON_AND_ORGANIZATION_ASSIGNMENT ( #455, #1008, ( #1672 ) ) ;
#543 = AXIS2_PLACEMENT_3D ( 'NONE', #483, #139, #1090 ) ;
#544 = CARTESIAN_POINT ( 'NONE',  ( -135.0000000000000000, 10.00000000000000000, -130.5000000000000000 ) ) ;
#545 = VERTEX_POINT ( 'NONE', #1148 ) ;
#546 = AXIS2_PLACEMENT_3D ( 'NONE', #230, #1813, #85 ) ;
#547 = DIRECTION ( 'NONE',  ( 0.000000000000000000, 1.000000000000000000, 0.000000000000000000 ) ) ;
#548 = ORIENTED_EDGE ( 'NONE', *, *, #507, .F. ) ;
#549 = DIRECTION ( 'NONE',  ( 0.000000000000000000, 1.000000000000000000, 0.000000000000000000 ) ) ;
#550 = PLANE ( 'NONE',  #314 ) ;
#551 = DIRECTION ( 'NONE',  ( -0.000000000000000000, -1.000000000000000000, -0.000000000000000000 ) ) ;
#552 = EDGE_CURVE ( 'NONE', #964, #2261, #1916, .T. ) ;
#553 = VERTEX_POINT ( 'NONE', #90 ) ;
#554 = CARTESIAN_POINT ( 'NONE',  ( 60.00000000000000000, 429.9999999999998863, -1.387778780781445676E-13 ) ) ;
#555 = VECTOR ( 'NONE', #2132, 1000.000000000000000 ) ;
#556 = EDGE_LOOP ( 'NONE', ( #1809, #1534 ) ) ;
#557 = CARTESIAN_POINT ( 'NONE',  ( 40.00000000000000000, 600.0000000000000000, 49.99999999999998579 ) ) ;
#558 = APPROVAL_ROLE ( '' ) ;
#559 = ORIENTED_EDGE ( 'NONE', *, *, #473, .F. ) ;
#560 = DIRECTION ( 'NONE',  ( -1.000000000000000000, 0.000000000000000000, 0.000000000000000000 ) ) ;
#561 = DIRECTION ( 'NONE',  ( -0.000000000000000000, 1.000000000000000000, -0.000000000000000000 ) ) ;
#562 = EDGE_CURVE ( 'NONE', #1143, #1470, #256, .T. ) ;
#563 = CARTESIAN_POINT ( 'NONE',  ( 135.0000000000000000, 0.000000000000000000, -135.0000000000000000 ) ) ;
#564 = ORIENTED_EDGE ( 'NONE', *, *, #1404, .F. ) ;
#565 = DIRECTION ( 'NONE',  ( -0.000000000000000000, 0.000000000000000000, -1.000000000000000000 ) ) ;
#566 = APPLICATION_CONTEXT ( 'configuration controlled 3d designs of mechanical parts and assemblies' ) ;
#567 = FACE_OUTER_BOUND ( 'NONE', #1542, .T. ) ;
#568 = CARTESIAN_POINT ( 'NONE',  ( 159.9999999999999716, 10.00000000000000000, 160.0000000000000000 ) ) ;
#569 = PERSON_AND_ORGANIZATION ( #2302, #1951 ) ;
#570 = ORIENTED_EDGE ( 'NONE', *, *, #588, .F. ) ;
#571 = CIRCLE ( 'NONE', #775, 2.249999999999984013 ) ;
#572 = EDGE_CURVE ( 'NONE', #1187, #2333, #1391, .T. ) ;
#573 = CC_DESIGN_PERSON_AND_ORGANIZATION_ASSIGNMENT ( #380, #1356, ( #2439 ) ) ;
#574 = CARTESIAN_POINT ( 'NONE',  ( -135.0000000000000284, 0.000000000000000000, 139.4999999999999716 ) ) ;
#575 = CARTESIAN_POINT ( 'NONE',  ( 50.00000000000001421, 569.9999999999998863, -1.387778780781445676E-13 ) ) ;
#576 = ORGANIZATION ( 'NAUO-ORG1', 'UNSPECIFIED', 'UNSPECIFIED' ) ;
#577 = AXIS2_PLACEMENT_3D ( 'NONE', #1950, #235, #221 ) ;
#578 = CARTESIAN_POINT ( 'NONE',  ( -50.00000000000000711, 10.00000000000000000, -39.99999999999995026 ) ) ;
#579 = EDGE_LOOP ( 'NONE', ( #1655, #1463, #1701, #2125 ) ) ;
#580 = DIRECTION ( 'NONE',  ( 1.000000000000000000, 0.000000000000000000, 0.000000000000000000 ) ) ;
#581 = CIRCLE ( 'NONE', #2111, 2.249999999999984013 ) ;
#582 = PRODUCT_RELATED_PRODUCT_CATEGORY ( 'detail', '', ( #1672 ) ) ;
#583 = DIRECTION ( 'NONE',  ( -0.000000000000000000, -0.000000000000000000, 1.000000000000000000 ) ) ;
#584 = CIRCLE ( 'NONE', #1863, 2.249999999999984013 ) ;
#585 = VERTEX_POINT ( 'NONE', #2012 ) ;
#586 = DIRECTION ( 'NONE',  ( -0.000000000000000000, -0.000000000000000000, 1.000000000000000000 ) ) ;
#587 = PERSON_AND_ORGANIZATION ( #2302, #1951 ) ;
#588 = EDGE_CURVE ( 'NONE', #219, #585, #584, .T. ) ;
#589 = APPROVAL_PERSON_ORGANIZATION ( #603, #1017, #210 ) ;
#590 = ORIENTED_EDGE ( 'NONE', *, *, #2027, .T. ) ;
#591 = CARTESIAN_POINT ( 'NONE',  ( -6.982962677686278070E-14, 429.9999999999998863, 60.00000000000000000 ) ) ;
#592 = FACE_OUTER_BOUND ( 'NONE', #1493, .T. ) ;
#593 = AXIS2_PLACEMENT_3D ( 'NONE', #968, #1543, #2311 ) ;
#594 = ADVANCED_FACE ( 'NONE', ( #1570 ), #2325, .F. ) ;
#595 = CARTESIAN_POINT ( 'NONE',  ( -40.00000000000000000, 0.000000000000000000, 60.00000000000000000 ) ) ;
#596 = VERTEX_POINT ( 'NONE', #1631 ) ;
#597 = CARTESIAN_POINT ( 'NONE',  ( -39.99999999999999289, 600.0000000000000000, -39.99999999999999289 ) ) ;
#598 = CIRCLE ( 'NONE', #1360, 10.00000000000000888 ) ;
#599 = DIRECTION ( 'NONE',  ( 1.000000000000000000, -0.000000000000000000, 0.000000000000000000 ) ) ;
#600 = LINE ( 'NONE', #995, #2090 ) ;
#601 = ADVANCED_FACE ( 'NONE', ( #1170 ), #1754, .F. ) ;
#602 = CARTESIAN_POINT ( 'NONE',  ( -60.00001199999999812, 499.9999999999998863, 2.250000000000123013 ) ) ;
#603 = PERSON_AND_ORGANIZATION ( #2302, #1951 ) ;
#604 = CARTESIAN_POINT ( 'NONE',  ( -160.0000000000000568, 0.000000000000000000, -160.0000000000000000 ) ) ;
#605 = ORIENTED_EDGE ( 'NONE', *, *, #572, .F. ) ;
#606 = DIRECTION ( 'NONE',  ( 0.000000000000000000, 0.000000000000000000, -1.000000000000000000 ) ) ;
#607 = FACE_OUTER_BOUND ( 'NONE', #678, .T. ) ;
#608 = ORIENTED_EDGE ( 'NONE', *, *, #1898, .F. ) ;
#609 = CIRCLE ( 'NONE', #919, 2.249999999999984013 ) ;
#610 = CYLINDRICAL_SURFACE ( 'NONE', #1386, 2.250000000000000444 ) ;
#611 = ADVANCED_FACE ( 'NONE', ( #1182 ), #1827, .F. ) ;
#612 = DIRECTION ( 'NONE',  ( 0.000000000000000000, 0.000000000000000000, -1.000000000000000000 ) ) ;
#613 = DIRECTION ( 'NONE',  ( -0.000000000000000000, 0.000000000000000000, 1.000000000000000000 ) ) ;
#614 = DIRECTION ( 'NONE',  ( 0.000000000000000000, 0.000000000000000000, -1.000000000000000000 ) ) ;
#615 = PERSON_AND_ORGANIZATION ( #2302, #1951 ) ;
#616 = CARTESIAN_POINT ( 'NONE',  ( -60.00000000000000000, 600.0000000000000000, 39.99999999999999289 ) ) ;
#617 = ORIENTED_EDGE ( 'NONE', *, *, #2300, .F. ) ;
#618 = DIRECTION ( 'NONE',  ( 0.000000000000000000, 1.000000000000000000, 0.000000000000000000 ) ) ;
#619 = CYLINDRICAL_SURFACE ( 'NONE', #478, 2.249999999999984013 ) ;
#620 = VECTOR ( 'NONE', #1656, 1000.000000000000000 ) ;
#621 = EDGE_LOOP ( 'NONE', ( #1800, #2386, #874, #2276, #44, #2183, #368, #1677 ) ) ;
#622 = EDGE_CURVE ( 'NONE', #1732, #2093, #1957, .T. ) ;
#623 = CYLINDRICAL_SURFACE ( 'NONE', #328, 2.249999999999984013 ) ;
#624 = VECTOR ( 'NONE', #852, 1000.000000000000000 ) ;
#625 = DIRECTION ( 'NONE',  ( 1.000000000000000000, 0.000000000000000000, 0.000000000000000000 ) ) ;
#626 = ADVANCED_FACE ( 'NONE', ( #487 ), #1059, .F. ) ;
#627 = CARTESIAN_POINT ( 'NONE',  ( -40.00000000000000000, 600.0000000000000000, 49.99999999999998579 ) ) ;
#628 = APPROVAL_STATUS ( 'not_yet_approved' ) ;
#629 = FACE_BOUND ( 'NONE', #1123, .T. ) ;
#630 = ORIENTED_EDGE ( 'NONE', *, *, #1861, .T. ) ;
#631 = CARTESIAN_POINT ( 'NONE',  ( -50.00000000000000711, 0.000000000000000000, 39.99999999999993605 ) ) ;
#632 = PRODUCT_DEFINITION_FORMATION_WITH_SPECIFIED_SOURCE ( 'ANY', '', #2439, .NOT_KNOWN. ) ;
#633 = CIRCLE ( 'NONE', #1628, 2.250000000000000444 ) ;
#634 = ORIENTED_EDGE ( 'NONE', *, *, #1103, .F. ) ;
#635 = CARTESIAN_POINT ( 'NONE',  ( -40.00000000000000000, 0.000000000000000000, 39.99999999999999289 ) ) ;
#636 = EDGE_CURVE ( 'NONE', #303, #105, #1619, .T. ) ;
#637 = CARTESIAN_POINT ( 'NONE',  ( 159.9999999999999716, 0.000000000000000000, 160.0000000000000000 ) ) ;
#638 = PERSON_AND_ORGANIZATION_ROLE ( 'classification_officer' ) ;
#639 = CARTESIAN_POINT ( 'NONE',  ( 0.000000000000000000, 10.00000000000000000, 0.000000000000000000 ) ) ;
#640 = ORIENTED_EDGE ( 'NONE', *, *, #1559, .T. ) ;
#641 = DIRECTION ( 'NONE',  ( 0.000000000000000000, 0.000000000000000000, -1.000000000000000000 ) ) ;
#642 = AXIS2_PLACEMENT_3D ( 'NONE', #1882, #2467, #911 ) ;
#643 = ORIENTED_EDGE ( 'NONE', *, *, #2218, .F. ) ;
#644 = LINE ( 'NONE', #269, #1218 ) ;
#645 = AXIS2_PLACEMENT_3D ( 'NONE', #2102, #1704, #1759 ) ;
#646 = CARTESIAN_POINT ( 'NONE',  ( -160.0000000000000568, 10.00000000000000000, -160.0000000000000000 ) ) ;
#647 = COORDINATED_UNIVERSAL_TIME_OFFSET ( 8, 0, .AHEAD. ) ;
#648 = DIRECTION ( 'NONE',  ( -8.673617379884035472E-17, 0.000000000000000000, -1.000000000000000000 ) ) ;
#649 = EDGE_LOOP ( 'NONE', ( #2006, #1819, #1983, #1452 ) ) ;
#650 = DIRECTION ( 'NONE',  ( -0.000000000000000000, -0.000000000000000000, 1.000000000000000000 ) ) ;
#651 = EDGE_CURVE ( 'NONE', #1003, #173, #1965, .T. ) ;
#652 = ORIENTED_EDGE ( 'NONE', *, *, #1380, .T. ) ;
#653 = CARTESIAN_POINT ( 'NONE',  ( 50.00000000000001421, 429.9999999999998863, 2.249999999999861444 ) ) ;
#654 = CIRCLE ( 'NONE', #1459, 10.00000000000000178 ) ;
#655 = CARTESIAN_POINT ( 'NONE',  ( 39.99999999999995737, 10.00000000000000000, 50.00000000000000711 ) ) ;
#656 = CARTESIAN_POINT ( 'NONE',  ( -60.00001199999999812, 429.9999999999998863, 2.250000000000139000 ) ) ;
#657 = ORGANIZATION ( 'NAUO-ORG2', 'UNSPECIFIED', 'UNSPECIFIED' ) ;
#658 = VECTOR ( 'NONE', #797, 1000.000000000000000 ) ;
#659 = CALENDAR_DATE ( 2026, 26, 1 ) ;
#660 = ORIENTED_EDGE ( 'NONE', *, *, #1140, .F. ) ;
#661 = EDGE_LOOP ( 'NONE', ( #183, #136 ) ) ;
#662 = EDGE_CURVE ( 'NONE', #2472, #427, #1777, .T. ) ;
#663 = CARTESIAN_POINT ( 'NONE',  ( -60.00001199999999812, 429.9999999999998863, 1.387778780781445676E-13 ) ) ;
#664 = AXIS2_PLACEMENT_3D ( 'NONE', #1110, #1496, #1690 ) ;
#665 = AXIS2_PLACEMENT_3D ( 'NONE', #1876, #944, #1300 ) ;
#666 = APPROVAL_PERSON_ORGANIZATION ( #1039, #1997, #73 ) ;
#667 = EDGE_LOOP ( 'NONE', ( #1280, #1268, #727, #1235 ) ) ;
#668 = DIRECTION ( 'NONE',  ( -0.000000000000000000, 1.000000000000000000, -0.000000000000000000 ) ) ;
#669 = DIRECTION ( 'NONE',  ( -1.000000000000000000, 0.000000000000000000, 0.000000000000000000 ) ) ;
#670 = CYLINDRICAL_SURFACE ( 'NONE', #2018, 2.249999999999984013 ) ;
#671 = DATE_TIME_ROLE ( 'classification_date' ) ;
#672 = EDGE_CURVE ( 'NONE', #493, #863, #2146, .T. ) ;
#673 = VERTEX_POINT ( 'NONE', #282 ) ;
#674 = ORIENTED_EDGE ( 'NONE', *, *, #262, .T. ) ;
#675 = VECTOR ( 'NONE', #2324, 1000.000000000000000 ) ;
#676 = CYLINDRICAL_SURFACE ( 'NONE', #1751, 2.250000000000000444 ) ;
#677 = VECTOR ( 'NONE', #982, 1000.000000000000000 ) ;
#678 = EDGE_LOOP ( 'NONE', ( #2380, #1105, #871, #517 ) ) ;
#679 = CARTESIAN_POINT ( 'NONE',  ( 2.249999999999914291, 569.9999999999998863, 60.00000000000000000 ) ) ;
#680 = LINE ( 'NONE', #602, #555 ) ;
#681 = CARTESIAN_POINT ( 'NONE',  ( -135.0000000000000284, 0.000000000000000000, 139.4999999999999716 ) ) ;
#682 = EDGE_CURVE ( 'NONE', #1056, #1513, #680, .T. ) ;
#683 = CALENDAR_DATE ( 2026, 26, 1 ) ;
#684 = ORIENTED_EDGE ( 'NONE', *, *, #2300, .T. ) ;
#685 = ORIENTED_EDGE ( 'NONE', *, *, #1659, .T. ) ;
#686 = VERTEX_POINT ( 'NONE', #627 ) ;
#687 = CARTESIAN_POINT ( 'NONE',  ( -50.00000000000001421, 569.9999999999998863, 2.250000000000123013 ) ) ;
#688 = CARTESIAN_POINT ( 'NONE',  ( 135.0000000000000000, 10.00000000000000000, -139.5000000000000000 ) ) ;
#689 = ADVANCED_FACE ( 'NONE', ( #431 ), #1970, .F. ) ;
#690 = FACE_OUTER_BOUND ( 'NONE', #1229, .T. ) ;
#691 = VECTOR ( 'NONE', #195, 1000.000000000000000 ) ;
#692 = CC_DESIGN_SECURITY_CLASSIFICATION ( #1135, ( #2503 ) ) ;
#693 = EDGE_CURVE ( 'NONE', #522, #1292, #872, .T. ) ;
#694 = ORIENTED_EDGE ( 'NONE', *, *, #127, .T. ) ;
#695 = ORIENTED_EDGE ( 'NONE', *, *, #2206, .F. ) ;
#696 = VECTOR ( 'NONE', #1815, 1000.000000000000000 ) ;
#697 = VERTEX_POINT ( 'NONE', #1436 ) ;
#698 =( LENGTH_UNIT ( ) NAMED_UNIT ( * ) SI_UNIT ( .MILLI., .METRE. ) );
#699 = AXIS2_PLACEMENT_3D ( 'NONE', #2289, #2477, #31 ) ;
#700 = CARTESIAN_POINT ( 'NONE',  ( -2.250000000000070166, 429.9999999999998863, 60.00001199999998391 ) ) ;
#701 = VERTEX_POINT ( 'NONE', #2204 ) ;
#702 = DIRECTION ( 'NONE',  ( 0.000000000000000000, 0.000000000000000000, 1.000000000000000000 ) ) ;
#703 = FACE_BOUND ( 'NONE', #2347, .T. ) ;
#704 = ORIENTED_EDGE ( 'NONE', *, *, #915, .F. ) ;
#705 = DIRECTION ( 'NONE',  ( 0.000000000000000000, 0.000000000000000000, 1.000000000000000000 ) ) ;
#706 = AXIS2_PLACEMENT_3D ( 'NONE', #120, #895, #1664 ) ;
#707 = VECTOR ( 'NONE', #1981, 1000.000000000000000 ) ;
#708 = ORIENTED_EDGE ( 'NONE', *, *, #2115, .T. ) ;
#709 = EDGE_LOOP ( 'NONE', ( #439, #1236, #2377, #1791 ) ) ;
#710 = PRODUCT_DEFINITION_SHAPE ( 'NONE', 'NONE',  #2503 ) ;
#711 = FACE_OUTER_BOUND ( 'NONE', #448, .T. ) ;
#712 = ORIENTED_EDGE ( 'NONE', *, *, #537, .T. ) ;
#713 = DIRECTION ( 'NONE',  ( -0.000000000000000000, -1.000000000000000000, -0.000000000000000000 ) ) ;
#714 = DIRECTION ( 'NONE',  ( -0.000000000000000000, -0.000000000000000000, 1.000000000000000000 ) ) ;
#715 = ORIENTED_EDGE ( 'NONE', *, *, #1256, .F. ) ;
#716 = DIRECTION ( 'NONE',  ( 1.000000000000000000, 0.000000000000000000, -0.000000000000000000 ) ) ;
#717 = CALENDAR_DATE ( 2026, 26, 1 ) ;
#718 = CYLINDRICAL_SURFACE ( 'NONE', #1001, 10.00000000000000178 ) ;
#719 = ORIENTED_EDGE ( 'NONE', *, *, #1140, .T. ) ;
#720 = AXIS2_PLACEMENT_3D ( 'NONE', #1618, #2391, #821 ) ;
#721 = DIRECTION ( 'NONE',  ( -0.000000000000000000, -0.000000000000000000, -1.000000000000000000 ) ) ;
#722 = EDGE_LOOP ( 'NONE', ( #2112, #1484 ) ) ;
#723 = CARTESIAN_POINT ( 'NONE',  ( 40.00000000000000000, 0.000000000000000000, 60.00000000000000000 ) ) ;
#724 = DIRECTION ( 'NONE',  ( 8.673617379884035472E-17, 0.000000000000000000, 1.000000000000000000 ) ) ;
#725 = CC_DESIGN_PERSON_AND_ORGANIZATION_ASSIGNMENT ( #2327, #2133, ( #632 ) ) ;
#726 = DIRECTION ( 'NONE',  ( -1.047444401652940164E-14, 0.000000000000000000, 1.000000000000000000 ) ) ;
#727 = ORIENTED_EDGE ( 'NONE', *, *, #220, .F. ) ;
#728 = DIRECTION ( 'NONE',  ( -0.000000000000000000, 0.000000000000000000, -1.000000000000000000 ) ) ;
#729 = DIRECTION ( 'NONE',  ( -0.000000000000000000, 1.000000000000000000, -0.000000000000000000 ) ) ;
#730 = ORIENTED_EDGE ( 'NONE', *, *, #745, .F. ) ;
#731 = CARTESIAN_POINT ( 'NONE',  ( -6.982966867463883227E-14, 429.9999999999998863, 60.00001199999999102 ) ) ;
#732 = ORIENTED_EDGE ( 'NONE', *, *, #82, .F. ) ;
#733 = EDGE_CURVE ( 'NONE', #394, #2004, #435, .T. ) ;
#734 = DIRECTION ( 'NONE',  ( 0.000000000000000000, 1.000000000000000000, -0.000000000000000000 ) ) ;
#735 = CYLINDRICAL_SURFACE ( 'NONE', #442, 2.249999999999984013 ) ;
#736 = DIRECTION ( 'NONE',  ( 0.000000000000000000, 0.000000000000000000, -1.000000000000000000 ) ) ;
#737 = ORIENTED_EDGE ( 'NONE', *, *, #2460, .F. ) ;
#738 = LINE ( 'NONE', #991, #1088 ) ;
#739 = EDGE_CURVE ( 'NONE', #1513, #277, #752, .T. ) ;
#740 = CC_DESIGN_APPROVAL ( #2063, ( #1262 ) ) ;
#741 = DIRECTION ( 'NONE',  ( 0.000000000000000000, 0.000000000000000000, 1.000000000000000000 ) ) ;
#742 = AXIS2_PLACEMENT_3D ( 'NONE', #747, #1575, #1893 ) ;
#743 = FACE_BOUND ( 'NONE', #1936, .T. ) ;
#744 = APPROVAL_ROLE ( '' ) ;
#745 = EDGE_CURVE ( 'NONE', #2197, #330, #1512, .T. ) ;
#746 = ORIENTED_EDGE ( 'NONE', *, *, #321, .T. ) ;
#747 = CARTESIAN_POINT ( 'NONE',  ( -135.0000000000000284, 0.000000000000000000, 134.9999999999999716 ) ) ;
#748 = CARTESIAN_POINT ( 'NONE',  ( 135.0000000000000284, 10.00000000000000000, 134.9999999999999716 ) ) ;
#749 = CARTESIAN_POINT ( 'NONE',  ( -39.99999999999997158, 10.00000000000000000, 50.00000000000000711 ) ) ;
#750 = ORIENTED_EDGE ( 'NONE', *, *, #95, .F. ) ;
#751 = LINE ( 'NONE', #2496, #495 ) ;
#752 = CIRCLE ( 'NONE', #30, 2.249999999999984013 ) ;
#753 = ADVANCED_FACE ( 'NONE', ( #924, #703, #1265, #1855 ), #1460, .T. ) ;
#754 = AXIS2_PLACEMENT_3D ( 'NONE', #2059, #332, #876 ) ;
#755 = DIRECTION ( 'NONE',  ( -1.000000000000000000, 0.000000000000000000, -0.000000000000000000 ) ) ;
#756 = EDGE_CURVE ( 'NONE', #266, #851, #350, .T. ) ;
#757 = PRODUCT_RELATED_PRODUCT_CATEGORY ( 'detail', '', ( #2239 ) ) ;
#758 = DIRECTION ( 'NONE',  ( 0.000000000000000000, 1.000000000000000000, 0.000000000000000000 ) ) ;
#759 = PERSON_AND_ORGANIZATION ( #2302, #1951 ) ;
#760 = CIRCLE ( 'NONE', #1637, 2.249999999999984013 ) ;
#761 = ORIENTED_EDGE ( 'NONE', *, *, #804, .T. ) ;
#762 = CIRCLE ( 'NONE', #1121, 2.249999999999984013 ) ;
#763 = CARTESIAN_POINT ( 'NONE',  ( 40.00000000000000000, 600.0000000000000000, 60.00000000000000000 ) ) ;
#764 = DIRECTION ( 'NONE',  ( -1.047444401652940164E-14, 0.000000000000000000, 1.000000000000000000 ) ) ;
#765 = FACE_OUTER_BOUND ( 'NONE', #55, .T. ) ;
#766 = EDGE_LOOP ( 'NONE', ( #652, #1115, #2476, #2400 ) ) ;
#767 = PLANE ( 'NONE',  #577 ) ;
#768 = EDGE_CURVE ( 'NONE', #545, #150, #1761, .T. ) ;
#769 = LINE ( 'NONE', #1722, #2287 ) ;
#770 = ORIENTED_EDGE ( 'NONE', *, *, #2469, .T. ) ;
#771 = CARTESIAN_POINT ( 'NONE',  ( 60.00000000000000000, 499.9999999999998863, -1.387778780781445676E-13 ) ) ;
#772 = PERSON_AND_ORGANIZATION ( #2302, #1951 ) ;
#773 = ADVANCED_FACE ( 'NONE', ( #1070 ), #155, .F. ) ;
#774 = EDGE_LOOP ( 'NONE', ( #2403, #2293 ) ) ;
#775 = AXIS2_PLACEMENT_3D ( 'NONE', #80, #91, #1402 ) ;
#776 = DIRECTION ( 'NONE',  ( -1.000000000000000000, 0.000000000000000000, 0.000000000000000000 ) ) ;
#777 = FACE_BOUND ( 'NONE', #108, .T. ) ;
#778 = AXIS2_PLACEMENT_3D ( 'NONE', #1884, #2415, #716 ) ;
#779 = CARTESIAN_POINT ( 'NONE',  ( 159.9999999999999432, 10.00000000000000000, -160.0000000000000000 ) ) ;
#780 = EDGE_LOOP ( 'NONE', ( #138, #934, #144, #481 ) ) ;
#781 = ADVANCED_FACE ( 'NONE', ( #2227 ), #2038, .T. ) ;
#782 = CARTESIAN_POINT ( 'NONE',  ( -60.00001199999999812, 569.9999999999998863, 1.387778780781445676E-13 ) ) ;
#783 = VECTOR ( 'NONE', #1372, 1000.000000000000000 ) ;
#784 = CARTESIAN_POINT ( 'NONE',  ( -3.491481338843135249E-14, 429.9999999999998863, 49.99999999999998579 ) ) ;
#785 = AXIS2_PLACEMENT_3D ( 'NONE', #1355, #2461, #187 ) ;
#786 = CARTESIAN_POINT ( 'NONE',  ( -2.250000000000019540, 499.9999999999998863, 49.99999999999998579 ) ) ;
#787 = CARTESIAN_POINT ( 'NONE',  ( -40.00000000000000000, 600.0000000000000000, 39.99999999999999289 ) ) ;
#788 = APPROVAL_PERSON_ORGANIZATION ( #238, #1245, #1612 ) ;
#789 = APPLICATION_PROTOCOL_DEFINITION ( 'international standard', 'config_control_design', 1994, #962 ) ;
#791 = CARTESIAN_POINT ( 'NONE',  ( -135.0000000000000000, 0.000000000000000000, -130.5000000000000000 ) ) ;
#790 = VECTOR ( 'NONE', #449, 1000.000000000000000 ) ;
#792 = ORIENTED_EDGE ( 'NONE', *, *, #1659, .F. ) ;
#793 = LINE ( 'NONE', #190, #1185 ) ;
#794 = FACE_BOUND ( 'NONE', #1076, .T. ) ;
#795 = EDGE_CURVE ( 'NONE', #106, #340, #1842, .T. ) ;
#796 = VERTEX_POINT ( 'NONE', #1291 ) ;
#797 = DIRECTION ( 'NONE',  ( -0.000000000000000000, 1.000000000000000000, -0.000000000000000000 ) ) ;
#798 = LINE ( 'NONE', #1390, #1405 ) ;
#799 = CARTESIAN_POINT ( 'NONE',  ( -50.00000000000000711, 10.00000000000000000, 39.99999999999993605 ) ) ;
#800 = DIRECTION ( 'NONE',  ( 0.000000000000000000, 0.000000000000000000, -1.000000000000000000 ) ) ;
#801 = APPROVAL_DATE_TIME ( #1808, #1997 ) ;
#802 = DIRECTION ( 'NONE',  ( 1.000000000000000000, 0.000000000000000000, 0.000000000000000000 ) ) ;
#803 = ORIENTED_EDGE ( 'NONE', *, *, #2020, .F. ) ;
#804 = EDGE_CURVE ( 'NONE', #300, #851, #1323, .T. ) ;
#805 = AXIS2_PLACEMENT_3D ( 'NONE', #1900, #2081, #741 ) ;
#806 = DIRECTION ( 'NONE',  ( 0.000000000000000000, 0.000000000000000000, 1.000000000000000000 ) ) ;
#807 = CARTESIAN_POINT ( 'NONE',  ( -40.00000000000000000, 0.000000000000000000, -60.00000000000000000 ) ) ;
#808 = ORIENTED_EDGE ( 'NONE', *, *, #1270, .F. ) ;
#809 = AXIS2_PLACEMENT_3D ( 'NONE', #1509, #125, #526 ) ;
#810 = CARTESIAN_POINT ( 'NONE',  ( -60.00000000000000000, 429.9999999999998863, -2.249999999999861444 ) ) ;
#811 = PRODUCT_DEFINITION ( 'UNKNOWN', '', #1226, #491 ) ;
#812 = CARTESIAN_POINT ( 'NONE',  ( 60.00001199999999812, 429.9999999999998863, -1.387778780781445676E-13 ) ) ;
#813 = DIRECTION ( 'NONE',  ( 1.000000000000000000, -0.000000000000000000, -0.000000000000000000 ) ) ;
#814 = COORDINATED_UNIVERSAL_TIME_OFFSET ( 8, 0, .AHEAD. ) ;
#815 = DIRECTION ( 'NONE',  ( 0.000000000000000000, 0.000000000000000000, 1.000000000000000000 ) ) ;
#816 = ORIENTED_EDGE ( 'NONE', *, *, #873, .F. ) ;
#817 = DIRECTION ( 'NONE',  ( -0.000000000000000000, -1.000000000000000000, -0.000000000000000000 ) ) ;
#818 = EDGE_CURVE ( 'NONE', #303, #1732, #519, .T. ) ;
#819 = CIRCLE ( 'NONE', #1652, 2.249999999999984013 ) ;
#820 = EDGE_LOOP ( 'NONE', ( #1345, #761, #1260, #840 ) ) ;
#821 = DIRECTION ( 'NONE',  ( 0.000000000000000000, 0.000000000000000000, 1.000000000000000000 ) ) ;
#822 = AXIS2_PLACEMENT_3D ( 'NONE', #782, #580, #1351 ) ;
#823 = DIRECTION ( 'NONE',  ( 1.000000000000000000, -0.000000000000000000, -0.000000000000000000 ) ) ;
#824 = PERSON_AND_ORGANIZATION ( #2302, #1951 ) ;
#825 = DIRECTION ( 'NONE',  ( 0.000000000000000000, 0.000000000000000000, -1.000000000000000000 ) ) ;
#826 = EDGE_LOOP ( 'NONE', ( #893, #128, #1319, #880 ) ) ;
#827 = DIRECTION ( 'NONE',  ( 0.000000000000000000, 0.000000000000000000, -1.000000000000000000 ) ) ;
#828 = CC_DESIGN_SECURITY_CLASSIFICATION ( #2275, ( #1226 ) ) ;
#829 = ADVANCED_BREP_SHAPE_REPRESENTATION ( '', ( #2010, #1553 ), #2318 ) ;
#830 = ORIENTED_EDGE ( 'NONE', *, *, #1501, .T. ) ;
#831 = VECTOR ( 'NONE', #2292, 1000.000000000000000 ) ;
#832 = DIRECTION ( 'NONE',  ( -0.000000000000000000, -1.000000000000000000, -0.000000000000000000 ) ) ;
#833 = FACE_BOUND ( 'NONE', #1089, .T. ) ;
#834 = APPLICATION_PROTOCOL_DEFINITION ( 'international standard', 'config_control_design', 1994, #1949 ) ;
#835 = EDGE_CURVE ( 'NONE', #2135, #1698, #1067, .T. ) ;
#836 = CARTESIAN_POINT ( 'NONE',  ( 135.0000000000000000, 0.000000000000000000, -139.5000000000000000 ) ) ;
#837 = EDGE_LOOP ( 'NONE', ( #1053, #1545 ) ) ;
#838 = CARTESIAN_POINT ( 'NONE',  ( 159.9999999999999432, 0.000000000000000000, -160.0000000000000000 ) ) ;
#839 = CIRCLE ( 'NONE', #2246, 2.249999999999984013 ) ;
#840 = ORIENTED_EDGE ( 'NONE', *, *, #47, .F. ) ;
#841 = CARTESIAN_POINT ( 'NONE',  ( -39.99999999999993605, 10.00000000000000000, -49.99999999999999289 ) ) ;
#842 = AXIS2_PLACEMENT_3D ( 'NONE', #1347, #764, #32 ) ;
#843 = DIRECTION ( 'NONE',  ( 0.000000000000000000, 0.000000000000000000, 1.000000000000000000 ) ) ;
#844 = CARTESIAN_POINT ( 'NONE',  ( 50.00000000000000000, 0.000000000000000000, -39.99999999999999289 ) ) ;
#845 = ADVANCED_FACE ( 'NONE', ( #1081, #527 ), #361, .F. ) ;
#846 = SECURITY_CLASSIFICATION_LEVEL ( 'unclassified' ) ;
#847 = VERTEX_POINT ( 'NONE', #1895 ) ;
#848 = VERTEX_POINT ( 'NONE', #2253 ) ;
#849 = EDGE_CURVE ( 'NONE', #528, #553, #1719, .T. ) ;
#850 = LINE ( 'NONE', #1587, #790 ) ;
#851 = VERTEX_POINT ( 'NONE', #688 ) ;
#852 = DIRECTION ( 'NONE',  ( -0.000000000000000000, -1.000000000000000000, -0.000000000000000000 ) ) ;
#853 = DIRECTION ( 'NONE',  ( 3.491481338843133750E-15, 0.000000000000000000, -1.000000000000000000 ) ) ;
#854 = EDGE_CURVE ( 'NONE', #1445, #1470, #1682, .T. ) ;
#855 = DIRECTION ( 'NONE',  ( -0.000000000000000000, -0.000000000000000000, 1.000000000000000000 ) ) ;
#856 = APPROVAL_ROLE ( '' ) ;
#857 = ORIENTED_EDGE ( 'NONE', *, *, #1933, .T. ) ;
#858 = ORIENTED_EDGE ( 'NONE', *, *, #1404, .T. ) ;
#859 = ORIENTED_EDGE ( 'NONE', *, *, #2027, .F. ) ;
#860 = DIRECTION ( 'NONE',  ( -1.000000000000000000, 0.000000000000000000, 0.000000000000000000 ) ) ;
#861 = AXIS2_PLACEMENT_3D ( 'NONE', #524, #2056, #1866 ) ;
#862 = LOCAL_TIME ( 2, 16, 3.000000000000000000, #2299 ) ;
#863 = VERTEX_POINT ( 'NONE', #1498 ) ;
#864 = CARTESIAN_POINT ( 'NONE',  ( -135.0000000000000284, 10.00000000000000000, 134.9999999999999716 ) ) ;
#865 = EDGE_CURVE ( 'NONE', #1770, #596, #839, .T. ) ;
#866 = VECTOR ( 'NONE', #827, 1000.000000000000000 ) ;
#867 = CARTESIAN_POINT ( 'NONE',  ( -135.0000000000000000, 0.000000000000000000, -130.5000000000000000 ) ) ;
#868 = FACE_OUTER_BOUND ( 'NONE', #502, .T. ) ;
#869 = ORIENTED_EDGE ( 'NONE', *, *, #1409, .F. ) ;
#870 = ORIENTED_EDGE ( 'NONE', *, *, #1364, .T. ) ;
#871 = ORIENTED_EDGE ( 'NONE', *, *, #2091, .F. ) ;
#872 = CIRCLE ( 'NONE', #994, 2.249999999999984013 ) ;
#873 = EDGE_CURVE ( 'NONE', #971, #902, #2043, .T. ) ;
#874 = ORIENTED_EDGE ( 'NONE', *, *, #572, .T. ) ;
#875 = CYLINDRICAL_SURFACE ( 'NONE', #959, 2.250000000000000444 ) ;
#876 = DIRECTION ( 'NONE',  ( 0.000000000000000000, 0.000000000000000000, 1.000000000000000000 ) ) ;
#877 = EDGE_CURVE ( 'NONE', #531, #1624, #2488, .T. ) ;
#878 = CARTESIAN_POINT ( 'NONE',  ( 159.9999999999999432, 0.000000000000000000, -160.0000000000000000 ) ) ;
#879 = PERSON_AND_ORGANIZATION ( #1272, #576 ) ;
#880 = ORIENTED_EDGE ( 'NONE', *, *, #1799, .F. ) ;
#881 = EDGE_LOOP ( 'NONE', ( #2481, #1412 ) ) ;
#882 = ORIENTED_EDGE ( 'NONE', *, *, #205, .F. ) ;
#883 = CARTESIAN_POINT ( 'NONE',  ( 60.00000000000000000, 600.0000000000000000, -39.99999999999999289 ) ) ;
#884 = ORIENTED_EDGE ( 'NONE', *, *, #552, .T. ) ;
#885 = EDGE_CURVE ( 'NONE', #1762, #177, #769, .T. ) ;
#886 = CARTESIAN_POINT ( 'NONE',  ( 135.0000000000000000, 0.000000000000000000, -135.0000000000000000 ) ) ;
#887 = CARTESIAN_POINT ( 'NONE',  ( -50.00000000000000711, 0.000000000000000000, -39.99999999999991473 ) ) ;
#888 = EDGE_LOOP ( 'NONE', ( #1794, #2015, #986, #1818 ) ) ;
#889 = CARTESIAN_POINT ( 'NONE',  ( -160.0000000000000284, 0.000000000000000000, 160.0000000000000000 ) ) ;
#890 = CIRCLE ( 'NONE', #1213, 2.249999999999984013 ) ;
#891 = LOCAL_TIME ( 2, 16, 3.000000000000000000, #477 ) ;
#892 = ORIENTED_EDGE ( 'NONE', *, *, #1887, .T. ) ;
#893 = ORIENTED_EDGE ( 'NONE', *, *, #1233, .T. ) ;
#894 = AXIS2_PLACEMENT_3D ( 'NONE', #597, #2119, #1363 ) ;
#895 = DIRECTION ( 'NONE',  ( 0.000000000000000000, 0.000000000000000000, 1.000000000000000000 ) ) ;
#896 = AXIS2_PLACEMENT_3D ( 'NONE', #2451, #734, #1288 ) ;
#897 = DIRECTION ( 'NONE',  ( -0.000000000000000000, -0.000000000000000000, 1.000000000000000000 ) ) ;
#898 = EDGE_LOOP ( 'NONE', ( #462, #1676, #291, #2430 ) ) ;
#899 = AXIS2_PLACEMENT_3D ( 'NONE', #2158, #800, #100 ) ;
#900 = FACE_OUTER_BOUND ( 'NONE', #1154, .T. ) ;
#901 = DIRECTION ( 'NONE',  ( -0.000000000000000000, -1.000000000000000000, -0.000000000000000000 ) ) ;
#902 = VERTEX_POINT ( 'NONE', #1157 ) ;
#903 = CARTESIAN_POINT ( 'NONE',  ( 4.888073874380387202E-13, 429.9999999999998863, -60.00000000000000711 ) ) ;
#904 = DATE_AND_TIME ( #103, #891 ) ;
#905 = ORIENTED_EDGE ( 'NONE', *, *, #351, .F. ) ;
#906 = EDGE_LOOP ( 'NONE', ( #1626, #2241 ) ) ;
#907 = CC_DESIGN_DATE_AND_TIME_ASSIGNMENT ( #1343, #1519, ( #1262 ) ) ;
#908 = AXIS2_PLACEMENT_3D ( 'NONE', #1181, #1354, #1366 ) ;
#909 = CARTESIAN_POINT ( 'NONE',  ( -135.0000000000000284, 0.000000000000000000, 130.4999999999999716 ) ) ;
#910 = DIRECTION ( 'NONE',  ( 0.000000000000000000, 0.000000000000000000, 1.000000000000000000 ) ) ;
#911 = DIRECTION ( 'NONE',  ( -1.000000000000000000, 0.000000000000000000, -3.083952846181012171E-15 ) ) ;
#912 = ORIENTED_EDGE ( 'NONE', *, *, #436, .F. ) ;
#913 = CARTESIAN_POINT ( 'NONE',  ( -2.250000000000054179, 499.9999999999998863, 60.00000000000000000 ) ) ;
#914 = CC_DESIGN_PERSON_AND_ORGANIZATION_ASSIGNMENT ( #2014, #2429, ( #1135 ) ) ;
#915 = EDGE_CURVE ( 'NONE', #1669, #2266, #1196, .T. ) ;
#916 = ORIENTED_EDGE ( 'NONE', *, *, #2445, .F. ) ;
#917 = VERTEX_POINT ( 'NONE', #978 ) ;
#918 = CARTESIAN_POINT ( 'NONE',  ( 3.840629472727445933E-13, 499.9999999999998863, -49.99999999999998579 ) ) ;
#919 = AXIS2_PLACEMENT_3D ( 'NONE', #1164, #2137, #17 ) ;
#920 = VERTEX_POINT ( 'NONE', #37 ) ;
#921 = CARTESIAN_POINT ( 'NONE',  ( -39.99999999999993605, 0.000000000000000000, -49.99999999999999289 ) ) ;
#922 = DIRECTION ( 'NONE',  ( -1.000000000000000000, 0.000000000000000000, 0.000000000000000000 ) ) ;
#923 = EDGE_CURVE ( 'NONE', #510, #2198, #798, .T. ) ;
#924 = FACE_BOUND ( 'NONE', #362, .T. ) ;
#925 = EDGE_LOOP ( 'NONE', ( #2244, #1176, #1239, #1041 ) ) ;
#926 = CARTESIAN_POINT ( 'NONE',  ( -60.00000000000000000, 569.9999999999998863, 2.250000000000123013 ) ) ;
#927 = EDGE_CURVE ( 'NONE', #1061, #1071, #1776, .T. ) ;
#928 = VECTOR ( 'NONE', #248, 1000.000000000000000 ) ;
#929 = EDGE_LOOP ( 'NONE', ( #1246, #2441 ) ) ;
#930 = ORIENTED_EDGE ( 'NONE', *, *, #412, .F. ) ;
#931 = DIRECTION ( 'NONE',  ( -0.000000000000000000, -1.000000000000000000, -0.000000000000000000 ) ) ;
#932 = CALENDAR_DATE ( 2026, 26, 1 ) ;
#933 = AXIS2_PLACEMENT_3D ( 'NONE', #400, #1937, #1144 ) ;
#934 = ORIENTED_EDGE ( 'NONE', *, *, #1433, .T. ) ;
#935 = CARTESIAN_POINT ( 'NONE',  ( 60.00000000000000000, 429.9999999999998863, -1.387778780781445676E-13 ) ) ;
#936 = CARTESIAN_POINT ( 'NONE',  ( -135.0000000000000284, 10.00000000000000000, 139.4999999999999716 ) ) ;
#937 = DIRECTION ( 'NONE',  ( 3.491481338843133750E-15, 0.000000000000000000, -1.000000000000000000 ) ) ;
#938 = ORIENTED_EDGE ( 'NONE', *, *, #2330, .T. ) ;
#939 = ADVANCED_FACE ( 'NONE', ( #1365 ), #2130, .F. ) ;
#940 = FACE_BOUND ( 'NONE', #1714, .T. ) ;
#941 = CC_DESIGN_DATE_AND_TIME_ASSIGNMENT ( #161, #251, ( #2335 ) ) ;
#942 =( GEOMETRIC_REPRESENTATION_CONTEXT ( 3 ) GLOBAL_UNCERTAINTY_ASSIGNED_CONTEXT ( ( #1477 ) ) GLOBAL_UNIT_ASSIGNED_CONTEXT ( ( #698, #1648, #1249 ) ) REPRESENTATION_CONTEXT ( 'NONE', 'WORKASPACE' ) );
#943 = ORIENTED_EDGE ( 'NONE', *, *, #1878, .T. ) ;
#944 = DIRECTION ( 'NONE',  ( 0.000000000000000000, -0.000000000000000000, 1.000000000000000000 ) ) ;
#945 = CALENDAR_DATE ( 2026, 26, 1 ) ;
#946 = ORIENTED_EDGE ( 'NONE', *, *, #795, .T. ) ;
#947 = LINE ( 'NONE', #165, #1179 ) ;
#948 = CARTESIAN_POINT ( 'NONE',  ( 60.00001199999999812, 499.9999999999998863, -2.250000000000123013 ) ) ;
#949 = EDGE_CURVE ( 'NONE', #407, #1683, #1593, .T. ) ;
#950 = CARTESIAN_POINT ( 'NONE',  ( 40.00000000000000000, 0.000000000000000000, 39.99999999999999289 ) ) ;
#951 = ORIENTED_EDGE ( 'NONE', *, *, #1564, .T. ) ;
#952 = DIRECTION ( 'NONE',  ( 1.000000000000000000, 0.000000000000000000, 9.251858538543036909E-15 ) ) ;
#953 = ADVANCED_FACE ( 'NONE', ( #966, #2336, #1338, #1567 ), #1968, .F. ) ;
#954 = AXIS2_PLACEMENT_3D ( 'NONE', #2092, #143, #1653 ) ;
#955 = CARTESIAN_POINT ( 'NONE',  ( -50.00000000000000711, 600.0000000000000000, 39.99999999999999289 ) ) ;
#956 = EDGE_LOOP ( 'NONE', ( #1192, #943, #1889, #434 ) ) ;
#957 = DIRECTION ( 'NONE',  ( 0.000000000000000000, 1.000000000000000000, 0.000000000000000000 ) ) ;
#958 = ORIENTED_EDGE ( 'NONE', *, *, #588, .T. ) ;
#959 = AXIS2_PLACEMENT_3D ( 'NONE', #1322, #1824, #702 ) ;
#960 = CARTESIAN_POINT ( 'NONE',  ( 60.00000000000000000, 499.9999999999998863, 2.249999999999845457 ) ) ;
#961 = DIRECTION ( 'NONE',  ( -0.000000000000000000, 1.000000000000000000, -0.000000000000000000 ) ) ;
#962 = APPLICATION_CONTEXT ( 'configuration controlled 3d designs of mechanical parts and assemblies' ) ;
#963 = FACE_OUTER_BOUND ( 'NONE', #287, .T. ) ;
#964 = VERTEX_POINT ( 'NONE', #1914 ) ;
#965 = CARTESIAN_POINT ( 'NONE',  ( 2.249999999999914291, 499.9999999999998863, 60.00001199999999812 ) ) ;
#966 = FACE_BOUND ( 'NONE', #929, .T. ) ;
#967 = FACE_BOUND ( 'NONE', #1499, .T. ) ;
#968 = CARTESIAN_POINT ( 'NONE',  ( 50.00000000000001421, 429.9999999999998863, -1.387778780781445676E-13 ) ) ;
#969 = PERSON_AND_ORGANIZATION ( #2302, #1951 ) ;
#970 = CARTESIAN_POINT ( 'NONE',  ( -60.00000000000000000, 0.000000000000000000, 39.99999999999999289 ) ) ;
#971 = VERTEX_POINT ( 'NONE', #2361 ) ;
#972 = DIRECTION ( 'NONE',  ( 1.000000000000000000, 0.000000000000000000, 0.000000000000000000 ) ) ;
#973 = LINE ( 'NONE', #1334, #1745 ) ;
#974 = CIRCLE ( 'NONE', #2389, 4.500000000000003553 ) ;
#975 = ORIENTED_EDGE ( 'NONE', *, *, #1956, .F. ) ;
#976 = DIRECTION ( 'NONE',  ( -1.047444401652940164E-14, 0.000000000000000000, 1.000000000000000000 ) ) ;
#977 = AXIS2_PLACEMENT_3D ( 'NONE', #1837, #1665, #1851 ) ;
#978 = CARTESIAN_POINT ( 'NONE',  ( 135.0000000000000284, 0.000000000000000000, 139.4999999999999716 ) ) ;
#979 = AXIS2_PLACEMENT_3D ( 'NONE', #1120, #586, #2298 ) ;
#980 = EDGE_CURVE ( 'NONE', #1286, #2098, #1980, .T. ) ;
#981 = FACE_BOUND ( 'NONE', #621, .T. ) ;
#982 = DIRECTION ( 'NONE',  ( -0.000000000000000000, 1.000000000000000000, -0.000000000000000000 ) ) ;
#983 = DATE_AND_TIME ( #945, #133 ) ;
#985 = FACE_BOUND ( 'NONE', #1297, .T. ) ;
#984 = VECTOR ( 'NONE', #1599, 1000.000000000000000 ) ;
#986 = ORIENTED_EDGE ( 'NONE', *, *, #2460, .T. ) ;
#987 = CC_DESIGN_PERSON_AND_ORGANIZATION_ASSIGNMENT ( #1208, #1393, ( #1430 ) ) ;
#988 = CARTESIAN_POINT ( 'NONE',  ( -2.249999999999615863, 429.9999999999998863, -49.99999999999998579 ) ) ;
#989 = PLANE ( 'NONE',  #645 ) ;
#990 = ORIENTED_EDGE ( 'NONE', *, *, #1026, .T. ) ;
#991 = CARTESIAN_POINT ( 'NONE',  ( 2.250000000000472955, 569.9999999999998863, -60.00001199999997681 ) ) ;
#992 = AXIS2_PLACEMENT_3D ( 'NONE', #1556, #1753, #1929 ) ;
#993 = CARTESIAN_POINT ( 'NONE',  ( -60.00000000000000000, 600.0000000000000000, 39.99999999999999289 ) ) ;
#994 = AXIS2_PLACEMENT_3D ( 'NONE', #1367, #1007, #669 ) ;
#995 = CARTESIAN_POINT ( 'NONE',  ( -2.249999999999495515, 499.9999999999998863, -60.00001200000001944 ) ) ;
#996 = DIRECTION ( 'NONE',  ( 0.000000000000000000, 0.000000000000000000, 1.000000000000000000 ) ) ;
#997 = APPROVAL_STATUS ( 'not_yet_approved' ) ;
#998 = EDGE_CURVE ( 'NONE', #2104, #1600, #2106, .T. ) ;
#999 = CARTESIAN_POINT ( 'NONE',  ( 49.99999999999999289, 10.00000000000000000, 39.99999999999997158 ) ) ;
#1000 = EDGE_LOOP ( 'NONE', ( #712, #916, #2005, #830 ) ) ;
#1001 = AXIS2_PLACEMENT_3D ( 'NONE', #1492, #2270, #1697 ) ;
#1002 = CARTESIAN_POINT ( 'NONE',  ( -6.982962677686278070E-14, 569.9999999999998863, 60.00000000000000000 ) ) ;
#1003 = VERTEX_POINT ( 'NONE', #390 ) ;
#1004 = CYLINDRICAL_SURFACE ( 'NONE', #2008, 2.249999999999984013 ) ;
#1005 = DIRECTION ( 'NONE',  ( -1.000000000000000000, 0.000000000000000000, -0.000000000000000000 ) ) ;
#1006 = EDGE_CURVE ( 'NONE', #106, #848, #49, .T. ) ;
#1007 = DIRECTION ( 'NONE',  ( -0.000000000000000000, -0.000000000000000000, 1.000000000000000000 ) ) ;
#1008 = PERSON_AND_ORGANIZATION_ROLE ( 'design_owner' ) ;
#1009 = CARTESIAN_POINT ( 'NONE',  ( -50.00000000000001421, 499.9999999999998863, -2.249999999999845457 ) ) ;
#1010 = ORIENTED_EDGE ( 'NONE', *, *, #306, .F. ) ;
#1011 = DIRECTION ( 'NONE',  ( -1.000000000000000000, 0.000000000000000000, 0.000000000000000000 ) ) ;
#1012 = AXIS2_PLACEMENT_3D ( 'NONE', #993, #599, #612 ) ;
#1013 = EDGE_LOOP ( 'NONE', ( #1661, #1431, #189, #704 ) ) ;
#1014 = FACE_OUTER_BOUND ( 'NONE', #472, .T. ) ;
#1015 = AXIS2_PLACEMENT_3D ( 'NONE', #1421, #1230, #2188 ) ;
#1016 = ADVANCED_FACE ( 'NONE', ( #1927 ), #377, .F. ) ;
#1017 = APPROVAL ( #1368, 'UNSPECIFIED' ) ;
#1018 = CARTESIAN_POINT ( 'NONE',  ( -6.982962677686278070E-14, 499.9999999999998863, 60.00000000000000000 ) ) ;
#1019 = AXIS2_PLACEMENT_3D ( 'NONE', #1274, #2046, #123 ) ;
#1020 = DATE_AND_TIME ( #1426, #259 ) ;
#1021 = DIRECTION ( 'NONE',  ( 0.000000000000000000, 0.000000000000000000, -1.000000000000000000 ) ) ;
#1022 = ORIENTED_EDGE ( 'NONE', *, *, #246, .F. ) ;
#1023 = CARTESIAN_POINT ( 'NONE',  ( 49.99999999999999289, 10.00000000000000000, 39.99999999999993605 ) ) ;
#1024 = APPROVAL_PERSON_ORGANIZATION ( #587, #14, #26 ) ;
#1025 = EDGE_LOOP ( 'NONE', ( #511, #2029 ) ) ;
#1026 = EDGE_CURVE ( 'NONE', #1698, #159, #1180, .T. ) ;
#1027 = LINE ( 'NONE', #841, #2062 ) ;
#1028 = DIRECTION ( 'NONE',  ( 3.491481338843133750E-15, 0.000000000000000000, -1.000000000000000000 ) ) ;
#1029 = EDGE_CURVE ( 'NONE', #1324, #1770, #236, .T. ) ;
#1030 = COORDINATED_UNIVERSAL_TIME_OFFSET ( 8, 0, .AHEAD. ) ;
#1031 = ORIENTED_EDGE ( 'NONE', *, *, #1278, .T. ) ;
#1032 = ORIENTED_EDGE ( 'NONE', *, *, #1616, .F. ) ;
#1033 = DIRECTION ( 'NONE',  ( 3.491481338843133750E-15, 0.000000000000000000, -1.000000000000000000 ) ) ;
#1034 = EDGE_CURVE ( 'NONE', #596, #1770, #890, .T. ) ;
#1035 = VERTEX_POINT ( 'NONE', #2001 ) ;
#1036 = DIRECTION ( 'NONE',  ( -1.000000000000000000, 0.000000000000000000, 0.000000000000000000 ) ) ;
#1037 = VECTOR ( 'NONE', #1069, 1000.000000000000000 ) ;
#1038 = LINE ( 'NONE', #889, #325 ) ;
#1039 = PERSON_AND_ORGANIZATION ( #2302, #1951 ) ;
#1040 = DESIGN_CONTEXT ( 'detailed design', #962, 'design' ) ;
#1041 = ORIENTED_EDGE ( 'NONE', *, *, #1825, .T. ) ;
#1042 = ORIENTED_EDGE ( 'NONE', *, *, #1501, .F. ) ;
#1043 = VERTEX_POINT ( 'NONE', #637 ) ;
#1044 = DIRECTION ( 'NONE',  ( -0.000000000000000000, -1.000000000000000000, -0.000000000000000000 ) ) ;
#1045 = EDGE_CURVE ( 'NONE', #2329, #1896, #1828, .T. ) ;
#1046 = EDGE_LOOP ( 'NONE', ( #29, #1161, #186, #1635 ) ) ;
#1047 = CARTESIAN_POINT ( 'NONE',  ( -40.00000000000000000, 600.0000000000000000, 49.99999999999998579 ) ) ;
#1048 = VECTOR ( 'NONE', #72, 1000.000000000000000 ) ;
#1049 = DIRECTION ( 'NONE',  ( -0.000000000000000000, 0.000000000000000000, -1.000000000000000000 ) ) ;
#1050 = DIRECTION ( 'NONE',  ( 0.000000000000000000, 1.000000000000000000, 0.000000000000000000 ) ) ;
#1051 = ADVANCED_FACE ( 'NONE', ( #101 ), #1424, .F. ) ;
#1052 = EDGE_LOOP ( 'NONE', ( #2463, #1032, #1289, #1375 ) ) ;
#1053 = ORIENTED_EDGE ( 'NONE', *, *, #1287, .T. ) ;
#1054 = CC_DESIGN_PERSON_AND_ORGANIZATION_ASSIGNMENT ( #1533, #188, ( #2239 ) ) ;
#1055 = LOCAL_TIME ( 2, 16, 3.000000000000000000, #2064 ) ;
#1056 = VERTEX_POINT ( 'NONE', #1219 ) ;
#1057 = CARTESIAN_POINT ( 'NONE',  ( 159.9999999999999432, 10.00000000000000000, -160.0000000000000000 ) ) ;
#1058 = AXIS2_PLACEMENT_3D ( 'NONE', #591, #1418, #1011 ) ;
#1059 = CYLINDRICAL_SURFACE ( 'NONE', #99, 10.00000000000000533 ) ;
#1060 = DIRECTION ( 'NONE',  ( -1.000000000000000000, 0.000000000000000000, -0.000000000000000000 ) ) ;
#1061 = VERTEX_POINT ( 'NONE', #2216 ) ;
#1062 = ORIENTED_EDGE ( 'NONE', *, *, #1099, .T. ) ;
#1063 = EDGE_CURVE ( 'NONE', #1292, #522, #819, .T. ) ;
#1064 = ORIENTED_EDGE ( 'NONE', *, *, #1103, .T. ) ;
#1065 = AXIS2_PLACEMENT_3D ( 'NONE', #1943, #54, #11 ) ;
#1066 = FACE_OUTER_BOUND ( 'NONE', #2051, .T. ) ;
#1067 = CIRCLE ( 'NONE', #1923, 20.00000000000000711 ) ;
#1068 = EDGE_LOOP ( 'NONE', ( #1810, #1384 ) ) ;
#1069 = DIRECTION ( 'NONE',  ( 1.000000000000000000, 0.000000000000000000, 0.000000000000000000 ) ) ;
#1070 = FACE_OUTER_BOUND ( 'NONE', #2149, .T. ) ;
#1071 = VERTEX_POINT ( 'NONE', #844 ) ;
#1072 = DIRECTION ( 'NONE',  ( 1.000000000000000000, 0.000000000000000000, 0.000000000000000000 ) ) ;
#1073 = CIRCLE ( 'NONE', #1411, 4.500000000000003553 ) ;
#1074 = DATE_AND_TIME ( #683, #2223 ) ;
#1075 = ORIENTED_EDGE ( 'NONE', *, *, #927, .F. ) ;
#1076 = EDGE_LOOP ( 'NONE', ( #1781, #1078 ) ) ;
#1077 = CYLINDRICAL_SURFACE ( 'NONE', #664, 20.00000000000000355 ) ;
#1078 = ORIENTED_EDGE ( 'NONE', *, *, #2086, .T. ) ;
#1079 = CARTESIAN_POINT ( 'NONE',  ( 49.99999999999999289, 0.000000000000000000, 39.99999999999993605 ) ) ;
#1080 = PRODUCT_DEFINITION_SHAPE ( 'NONE', 'NONE',  #1692 ) ;
#1081 = FACE_BOUND ( 'NONE', #1966, .T. ) ;
#1082 = ORIENTED_EDGE ( 'NONE', *, *, #1380, .F. ) ;
#1083 = CARTESIAN_POINT ( 'NONE',  ( 39.99999999999999289, 0.000000000000000000, 40.00000000000000711 ) ) ;
#1084 = CIRCLE ( 'NONE', #1419, 4.500000000000003553 ) ;
#1085 = CC_DESIGN_PERSON_AND_ORGANIZATION_ASSIGNMENT ( #772, #1712, ( #1692 ) ) ;
#1086 = DIRECTION ( 'NONE',  ( 1.000000000000000000, 0.000000000000000000, 0.000000000000000000 ) ) ;
#1087 = ORIENTED_EDGE ( 'NONE', *, *, #1569, .F. ) ;
#1088 = VECTOR ( 'NONE', #1708, 1000.000000000000000 ) ;
#1089 = EDGE_LOOP ( 'NONE', ( #320, #387 ) ) ;
#1090 = DIRECTION ( 'NONE',  ( 1.000000000000000000, 0.000000000000000000, 0.000000000000000000 ) ) ;
#1091 = CIRCLE ( 'NONE', #89, 4.500000000000003553 ) ;
#1092 = CC_DESIGN_PERSON_AND_ORGANIZATION_ASSIGNMENT ( #615, #1184, ( #1226 ) ) ;
#1093 = CARTESIAN_POINT ( 'NONE',  ( -3.491481338843135249E-14, 499.9999999999998863, 49.99999999999998579 ) ) ;
#1094 = ORIENTED_EDGE ( 'NONE', *, *, #835, .T. ) ;
#1095 = VECTOR ( 'NONE', #931, 1000.000000000000000 ) ;
#1096 = CARTESIAN_POINT ( 'NONE',  ( 135.0000000000000284, 10.00000000000000000, 134.9999999999999716 ) ) ;
#1098 = CARTESIAN_POINT ( 'NONE',  ( -40.00000000000000000, 600.0000000000000000, 49.99999999999998579 ) ) ;
#1097 = LOCAL_TIME ( 2, 16, 3.000000000000000000, #1317 ) ;
#1099 = EDGE_CURVE ( 'NONE', #1843, #1480, #2221, .T. ) ;
#1100 = EDGE_LOOP ( 'NONE', ( #1617, #398, #156, #946 ) ) ;
#1101 = CARTESIAN_POINT ( 'NONE',  ( 4.888073874380387202E-13, 499.9999999999998863, -60.00000000000000711 ) ) ;
#1102 = AXIS2_PLACEMENT_3D ( 'NONE', #1758, #618, #806 ) ;
#1103 = EDGE_CURVE ( 'NONE', #1043, #2399, #2013, .T. ) ;
#1104 = LINE ( 'NONE', #1407, #1403 ) ;
#1105 = ORIENTED_EDGE ( 'NONE', *, *, #401, .F. ) ;
#1106 = LINE ( 'NONE', #1505, #1474 ) ;
#1107 =( LENGTH_UNIT ( ) NAMED_UNIT ( * ) SI_UNIT ( .MILLI., .METRE. ) );
#1108 = AXIS2_PLACEMENT_3D ( 'NONE', #23, #416, #1568 ) ;
#1109 = ORIENTED_EDGE ( 'NONE', *, *, #2033, .T. ) ;
#1110 = CARTESIAN_POINT ( 'NONE',  ( 40.00000000000000000, 600.0000000000000000, 39.99999999999999289 ) ) ;
#1111 = AXIS2_PLACEMENT_3D ( 'NONE', #50, #1448, #237 ) ;
#1112 = FACE_OUTER_BOUND ( 'NONE', #956, .T. ) ;
#1113 = EDGE_CURVE ( 'NONE', #277, #1513, #571, .T. ) ;
#1114 = CARTESIAN_POINT ( 'NONE',  ( -50.00000000000001421, 429.9999999999998863, 1.387778780781445676E-13 ) ) ;
#1115 = ORIENTED_EDGE ( 'NONE', *, *, #480, .F. ) ;
#1116 = LINE ( 'NONE', #529, #1462 ) ;
#1117 = ADVANCED_FACE ( 'NONE', ( #1620, #1817 ), #443, .T. ) ;
#1118 = CYLINDRICAL_SURFACE ( 'NONE', #1200, 4.500000000000003553 ) ;
#1119 = ORIENTED_EDGE ( 'NONE', *, *, #1564, .F. ) ;
#1120 = CARTESIAN_POINT ( 'NONE',  ( -3.491481338843135249E-14, 569.9999999999998863, 49.99999999999998579 ) ) ;
#1121 = AXIS2_PLACEMENT_3D ( 'NONE', #2453, #1681, #1307 ) ;
#1122 = COORDINATED_UNIVERSAL_TIME_OFFSET ( 8, 0, .AHEAD. ) ;
#1123 = EDGE_LOOP ( 'NONE', ( #1814, #737 ) ) ;
#1124 = ADVANCED_FACE ( 'NONE', ( #868 ), #670, .F. ) ;
#1125 = LINE ( 'NONE', #92, #459 ) ;
#1126 = LINE ( 'NONE', #948, #1723 ) ;
#1127 = DIRECTION ( 'NONE',  ( 0.000000000000000000, 1.000000000000000000, 0.000000000000000000 ) ) ;
#1128 = ORIENTED_EDGE ( 'NONE', *, *, #408, .F. ) ;
#1129 = CYLINDRICAL_SURFACE ( 'NONE', #2352, 10.00000000000000888 ) ;
#1130 = CIRCLE ( 'NONE', #372, 2.250000000000000444 ) ;
#1131 = CARTESIAN_POINT ( 'NONE',  ( -160.0000000000000284, 0.000000000000000000, 160.0000000000000000 ) ) ;
#1132 = CARTESIAN_POINT ( 'NONE',  ( -40.00000000000000000, 0.000000000000000000, 49.99999999999998579 ) ) ;
#1133 = APPROVAL_STATUS ( 'not_yet_approved' ) ;
#1134 = ADVANCED_FACE ( 'NONE', ( #2408, #833, #1254, #1438 ), #1978, .F. ) ;
#1135 = SECURITY_CLASSIFICATION ( '', '', #1846 ) ;
#1136 = CIRCLE ( 'NONE', #454, 10.00000000000000888 ) ;
#1137 = ORIENTED_EDGE ( 'NONE', *, *, #327, .F. ) ;
#1138 = CARTESIAN_POINT ( 'NONE',  ( -40.00000000000000000, 0.000000000000000000, 49.99999999999998579 ) ) ;
#1139 = DIRECTION ( 'NONE',  ( 0.000000000000000000, 1.000000000000000000, 0.000000000000000000 ) ) ;
#1140 = EDGE_CURVE ( 'NONE', #1173, #1647, #2025, .T. ) ;
#1141 = VECTOR ( 'NONE', #202, 1000.000000000000000 ) ;
#1142 = CARTESIAN_POINT ( 'NONE',  ( -50.00000000000001421, 429.9999999999998863, 1.387778780781445676E-13 ) ) ;
#1143 = VERTEX_POINT ( 'NONE', #2372 ) ;
#1144 = DIRECTION ( 'NONE',  ( 0.000000000000000000, 0.000000000000000000, 1.000000000000000000 ) ) ;
#1145 = CC_DESIGN_APPROVAL ( #1990, ( #811 ) ) ;
#1146 = DIRECTION ( 'NONE',  ( 1.000000000000000000, 0.000000000000000000, 0.000000000000000000 ) ) ;
#1147 = CARTESIAN_POINT ( 'NONE',  ( -6.982966867463883227E-14, 499.9999999999998863, 60.00001199999999102 ) ) ;
#1148 = CARTESIAN_POINT ( 'NONE',  ( 2.249999999999948930, 499.9999999999998863, 49.99999999999998579 ) ) ;
#1149 = APPLICATION_PROTOCOL_DEFINITION ( 'international standard', 'config_control_design', 1994, #1674 ) ;
#1150 = VERTEX_POINT ( 'NONE', #2384 ) ;
#1151 = DIRECTION ( 'NONE',  ( 1.000000000000000000, 0.000000000000000000, 0.000000000000000000 ) ) ;
#1152 = CARTESIAN_POINT ( 'NONE',  ( -6.982962677686278070E-14, 429.9999999999998863, 60.00000000000000000 ) ) ;
#1153 = CYLINDRICAL_SURFACE ( 'NONE', #2435, 4.500000000000003553 ) ;
#1154 = EDGE_LOOP ( 'NONE', ( #1400, #1520, #2152, #1199 ) ) ;
#1155 = DIRECTION ( 'NONE',  ( 0.000000000000000000, 1.000000000000000000, 0.000000000000000000 ) ) ;
#1156 = AXIS2_PLACEMENT_3D ( 'NONE', #222, #823, #6 ) ;
#1157 = CARTESIAN_POINT ( 'NONE',  ( -2.249999999999599876, 569.9999999999998863, -49.99999999999998579 ) ) ;
#1158 = DIRECTION ( 'NONE',  ( 1.000000000000000000, -0.000000000000000000, -0.000000000000000000 ) ) ;
#1159 = PLANE ( 'NONE',  #785 ) ;
#1160 = CALENDAR_DATE ( 2026, 26, 1 ) ;
#1161 = ORIENTED_EDGE ( 'NONE', *, *, #1331, .T. ) ;
#1162 = VECTOR ( 'NONE', #2238, 1000.000000000000000 ) ;
#1163 = CARTESIAN_POINT ( 'NONE',  ( -39.99999999999999289, 600.0000000000000000, -39.99999999999999289 ) ) ;
#1164 = CARTESIAN_POINT ( 'NONE',  ( -60.00000000000000000, 499.9999999999998863, 1.387778780781445676E-13 ) ) ;
#1165 = ORIENTED_EDGE ( 'NONE', *, *, #923, .T. ) ;
#1166 = DIRECTION ( 'NONE',  ( -1.000000000000000000, 0.000000000000000000, 0.000000000000000000 ) ) ;
#1167 = CARTESIAN_POINT ( 'NONE',  ( 2.250000000000488942, 429.9999999999998863, -60.00001199999997681 ) ) ;
#1168 = FACE_OUTER_BOUND ( 'NONE', #1904, .T. ) ;
#1169 = EDGE_CURVE ( 'NONE', #2098, #902, #62, .T. ) ;
#1170 = FACE_OUTER_BOUND ( 'NONE', #709, .T. ) ;
#1171 = APPROVAL_DATE_TIME ( #2286, #2063 ) ;
#1172 = DIRECTION ( 'NONE',  ( -0.000000000000000000, -1.000000000000000000, -0.000000000000000000 ) ) ;
#1173 = VERTEX_POINT ( 'NONE', #295 ) ;
#1174 = DIRECTION ( 'NONE',  ( -0.000000000000000000, 1.000000000000000000, -0.000000000000000000 ) ) ;
#1175 = DIRECTION ( 'NONE',  ( -0.000000000000000000, -0.000000000000000000, 1.000000000000000000 ) ) ;
#1176 = ORIENTED_EDGE ( 'NONE', *, *, #1287, .F. ) ;
#1177 = DIRECTION ( 'NONE',  ( -0.000000000000000000, 1.000000000000000000, -0.000000000000000000 ) ) ;
#1178 = EDGE_CURVE ( 'NONE', #2093, #105, #1084, .T. ) ;
#1179 = VECTOR ( 'NONE', #1535, 1000.000000000000000 ) ;
#1180 = LINE ( 'NONE', #1752, #691 ) ;
#1181 = CARTESIAN_POINT ( 'NONE',  ( -60.00001199999999812, 569.9999999999998863, 1.387778780781445676E-13 ) ) ;
#1182 = FACE_OUTER_BOUND ( 'NONE', #539, .T. ) ;
#1183 = CC_DESIGN_APPROVAL ( #2072, ( #2275 ) ) ;
#1184 = PERSON_AND_ORGANIZATION_ROLE ( 'design_supplier' ) ;
#1186 = CARTESIAN_POINT ( 'NONE',  ( 135.0000000000000284, 10.00000000000000000, 139.4999999999999716 ) ) ;
#1185 = VECTOR ( 'NONE', #776, 1000.000000000000000 ) ;
#1187 = VERTEX_POINT ( 'NONE', #453 ) ;
#1188 = CARTESIAN_POINT ( 'NONE',  ( 39.99999999999999289, 600.0000000000000000, -39.99999999999999289 ) ) ;
#1189 = EDGE_CURVE ( 'NONE', #1843, #394, #271, .T. ) ;
#1190 = DIRECTION ( 'NONE',  ( 0.000000000000000000, 1.000000000000000000, 0.000000000000000000 ) ) ;
#1191 = SHAPE_REPRESENTATION ( 'outer tube plate', ( #1553 ), #61 ) ;
#1192 = ORIENTED_EDGE ( 'NONE', *, *, #1972, .F. ) ;
#1193 = CARTESIAN_POINT ( 'NONE',  ( 3.840629472727445933E-13, 429.9999999999998863, -49.99999999999998579 ) ) ;
#1194 = CARTESIAN_POINT ( 'NONE',  ( 4.888075131313669002E-13, 499.9999999999998863, -60.00001199999999812 ) ) ;
#1195 = DIRECTION ( 'NONE',  ( -1.000000000000000000, 0.000000000000000000, -3.083952846181012171E-15 ) ) ;
#1196 = CIRCLE ( 'NONE', #2168, 2.250000000000000444 ) ;
#1197 = COORDINATED_UNIVERSAL_TIME_OFFSET ( 8, 0, .AHEAD. ) ;
#1198 = LINE ( 'NONE', #970, #2486 ) ;
#1199 = ORIENTED_EDGE ( 'NONE', *, *, #877, .F. ) ;
#1200 = AXIS2_PLACEMENT_3D ( 'NONE', #2283, #729, #1888 ) ;
#1201 = DIRECTION ( 'NONE',  ( 0.000000000000000000, 0.000000000000000000, 1.000000000000000000 ) ) ;
#1202 = CIRCLE ( 'NONE', #107, 4.500000000000003553 ) ;
#1203 = EDGE_CURVE ( 'NONE', #2082, #2301, #2191, .T. ) ;
#1204 = CC_DESIGN_DATE_AND_TIME_ASSIGNMENT ( #1979, #2003, ( #2192 ) ) ;
#1205 = EDGE_LOOP ( 'NONE', ( #770, #2067, #912, #2257 ) ) ;
#1206 = CARTESIAN_POINT ( 'NONE',  ( 50.00000000000001421, 569.9999999999998863, 2.249999999999845457 ) ) ;
#1207 = DIRECTION ( 'NONE',  ( 0.000000000000000000, -0.000000000000000000, 1.000000000000000000 ) ) ;
#1208 = PERSON_AND_ORGANIZATION ( #2302, #1951 ) ;
#1209 = PLANE ( 'NONE',  #1065 ) ;
#1210 = ORIENTED_EDGE ( 'NONE', *, *, #2469, .F. ) ;
#1211 = EDGE_CURVE ( 'NONE', #75, #1043, #1038, .T. ) ;
#1212 = LINE ( 'NONE', #243, #1515 ) ;
#1213 = AXIS2_PLACEMENT_3D ( 'NONE', #1953, #1005, #2350 ) ;
#1214 = ORIENTED_EDGE ( 'NONE', *, *, #756, .T. ) ;
#1215 = DIRECTION ( 'NONE',  ( -0.000000000000000000, -1.000000000000000000, -0.000000000000000000 ) ) ;
#1216 = APPROVAL_PERSON_ORGANIZATION ( #2014, #2341, #856 ) ;
#1217 = EDGE_CURVE ( 'NONE', #2333, #1762, #654, .T. ) ;
#1218 = VECTOR ( 'NONE', #2023, 1000.000000000000000 ) ;
#1219 = CARTESIAN_POINT ( 'NONE',  ( -60.00000000000000000, 499.9999999999998863, 2.250000000000123013 ) ) ;
#1220 = VECTOR ( 'NONE', #560, 1000.000000000000000 ) ;
#1221 = DATE_AND_TIME ( #659, #1469 ) ;
#1222 = CIRCLE ( 'NONE', #979, 2.249999999999984013 ) ;
#1223 = EDGE_CURVE ( 'NONE', #2320, #339, #46, .T. ) ;
#1224 = CARTESIAN_POINT ( 'NONE',  ( 2.249999999999948930, 569.9999999999998863, 49.99999999999998579 ) ) ;
#1225 = ORIENTED_EDGE ( 'NONE', *, *, #2268, .F. ) ;
#1226 = PRODUCT_DEFINITION_FORMATION_WITH_SPECIFIED_SOURCE ( 'ANY', '', #1672, .NOT_KNOWN. ) ;
#1227 = DIRECTION ( 'NONE',  ( 0.000000000000000000, 1.000000000000000000, -0.000000000000000000 ) ) ;
#1228 = LOCAL_TIME ( 2, 16, 3.000000000000000000, #405 ) ;
#1229 = EDGE_LOOP ( 'NONE', ( #2017, #1042, #324, #990 ) ) ;
#1230 = DIRECTION ( 'NONE',  ( 1.000000000000000000, 0.000000000000000000, 0.000000000000000000 ) ) ;
#1231 = DIRECTION ( 'NONE',  ( -0.000000000000000000, 1.000000000000000000, -0.000000000000000000 ) ) ;
#1232 = AXIS2_PLACEMENT_3D ( 'NONE', #391, #1158, #2131 ) ;
#1233 = EDGE_CURVE ( 'NONE', #1804, #2200, #411, .T. ) ;
#1234 = APPROVAL_ROLE ( '' ) ;
#1235 = ORIENTED_EDGE ( 'NONE', *, *, #885, .T. ) ;
#1236 = ORIENTED_EDGE ( 'NONE', *, *, #484, .F. ) ;
#1237 = ORIENTED_EDGE ( 'NONE', *, *, #389, .F. ) ;
#1238 = CYLINDRICAL_SURFACE ( 'NONE', #1867, 20.00000000000000355 ) ;
#1239 = ORIENTED_EDGE ( 'NONE', *, *, #197, .T. ) ;
#1240 = DIRECTION ( 'NONE',  ( 0.000000000000000000, 0.000000000000000000, 1.000000000000000000 ) ) ;
#1241 = CARTESIAN_POINT ( 'NONE',  ( -160.0000000000000284, 10.00000000000000000, 160.0000000000000000 ) ) ;
#1242 = AXIS2_PLACEMENT_3D ( 'NONE', #2332, #961, #371 ) ;
#1243 = ADVANCED_FACE ( 'NONE', ( #2094 ), #1267, .F. ) ;
#1244 = DIRECTION ( 'NONE',  ( 0.000000000000000000, 0.000000000000000000, -1.000000000000000000 ) ) ;
#1245 = APPROVAL ( #628, 'UNSPECIFIED' ) ;
#1246 = ORIENTED_EDGE ( 'NONE', *, *, #1887, .F. ) ;
#1247 = ORIENTED_EDGE ( 'NONE', *, *, #1739, .T. ) ;
#1248 = ORIENTED_EDGE ( 'NONE', *, *, #436, .T. ) ;
#1249 =( NAMED_UNIT ( * ) SI_UNIT ( $, .STERADIAN. ) SOLID_ANGLE_UNIT ( ) );
#1250 = ORIENTED_EDGE ( 'NONE', *, *, #1045, .T. ) ;
#1251 = DIRECTION ( 'NONE',  ( -0.000000000000000000, 1.000000000000000000, -0.000000000000000000 ) ) ;
#1252 = AXIS2_PLACEMENT_3D ( 'NONE', #518, #2282, #1684 ) ;
#1253 = DIRECTION ( 'NONE',  ( -1.047444401652940164E-14, 0.000000000000000000, 1.000000000000000000 ) ) ;
#1254 = FACE_BOUND ( 'NONE', #228, .T. ) ;
#1255 = CIRCLE ( 'NONE', #933, 20.00000000000000711 ) ;
#1256 = EDGE_CURVE ( 'NONE', #1187, #339, #2229, .T. ) ;
#1257 = CIRCLE ( 'NONE', #2269, 2.250000000000000444 ) ;
#1258 = ORIENTED_EDGE ( 'NONE', *, *, #1364, .F. ) ;
#1259 = VERTEX_POINT ( 'NONE', #1872 ) ;
#1260 = ORIENTED_EDGE ( 'NONE', *, *, #1394, .T. ) ;
#1261 = DIRECTION ( 'NONE',  ( 1.000000000000000000, 0.000000000000000000, -0.000000000000000000 ) ) ;
#1262 = SECURITY_CLASSIFICATION ( '', '', #1558 ) ;
#1263 = ORIENTED_EDGE ( 'NONE', *, *, #1169, .F. ) ;
#1264 = DIRECTION ( 'NONE',  ( -1.000000000000000000, 0.000000000000000000, 0.000000000000000000 ) ) ;
#1265 = FACE_BOUND ( 'NONE', #1720, .T. ) ;
#1266 = AXIS2_PLACEMENT_3D ( 'NONE', #731, #1711, #2285 ) ;
#1267 = CYLINDRICAL_SURFACE ( 'NONE', #1382, 2.250000000000000444 ) ;
#1268 = ORIENTED_EDGE ( 'NONE', *, *, #1326, .F. ) ;
#1269 = ORIENTED_EDGE ( 'NONE', *, *, #1861, .F. ) ;
#1270 = EDGE_CURVE ( 'NONE', #1370, #1035, #171, .T. ) ;
#1271 = ORIENTED_EDGE ( 'NONE', *, *, #1748, .T. ) ;
#1272 = PERSON ( 'NAUO-PER1', 'UNSPECIFIED', 'UNSPECIFIED', ('UNSPECIFIED'), ('UNSPECIFIED'), ('UNSPECIFIED') ) ;
#1273 = AXIS2_PLACEMENT_3D ( 'NONE', #639, #1560, #1993 ) ;
#1274 = CARTESIAN_POINT ( 'NONE',  ( -40.00000000000000711, 0.000000000000000000, -39.99999999999999289 ) ) ;
#1275 = AXIS2_PLACEMENT_3D ( 'NONE', #2309, #1735, #625 ) ;
#1276 = EDGE_LOOP ( 'NONE', ( #1434, #1685, #660, #674 ) ) ;
#1277 = CARTESIAN_POINT ( 'NONE',  ( 2.249999999999964917, 429.9999999999998863, 49.99999999999998579 ) ) ;
#1278 = EDGE_CURVE ( 'NONE', #2098, #1286, #2349, .T. ) ;
#1279 = DIRECTION ( 'NONE',  ( 0.000000000000000000, 0.000000000000000000, -1.000000000000000000 ) ) ;
#1280 = ORIENTED_EDGE ( 'NONE', *, *, #2378, .T. ) ;
#1281 = CARTESIAN_POINT ( 'NONE',  ( -40.00000000000000711, 10.00000000000000000, 40.00000000000000711 ) ) ;
#1282 = AXIS2_PLACEMENT_3D ( 'NONE', #1497, #2058, #318 ) ;
#1283 = DATE_AND_TIME ( #1673, #1586 ) ;
#1284 = EDGE_LOOP ( 'NONE', ( #2355, #1831, #1507, #2281 ) ) ;
#1285 = VERTEX_POINT ( 'NONE', #1294 ) ;
#1286 = VERTEX_POINT ( 'NONE', #1475 ) ;
#1287 = EDGE_CURVE ( 'NONE', #917, #2082, #164, .T. ) ;
#1288 = DIRECTION ( 'NONE',  ( 0.000000000000000000, 0.000000000000000000, -1.000000000000000000 ) ) ;
#1289 = ORIENTED_EDGE ( 'NONE', *, *, #408, .T. ) ;
#1290 = DIRECTION ( 'NONE',  ( -1.000000000000000000, 0.000000000000000000, 0.000000000000000000 ) ) ;
#1291 = CARTESIAN_POINT ( 'NONE',  ( 60.00000000000000000, 0.000000000000000000, -39.99999999999999289 ) ) ;
#1292 = VERTEX_POINT ( 'NONE', #913 ) ;
#1293 = EDGE_CURVE ( 'NONE', #528, #2419, #157, .T. ) ;
#1294 = CARTESIAN_POINT ( 'NONE',  ( -60.00000000000000000, 600.0000000000000000, -39.99999999999999289 ) ) ;
#1295 = EDGE_CURVE ( 'NONE', #2104, #964, #1130, .T. ) ;
#1296 = ITEM_DEFINED_TRANSFORMATION ( 'NONE', 'NONE', #1820,  #1553 ) ;
#1297 = EDGE_LOOP ( 'NONE', ( #1440, #1408, #1833, #1119, #509, #1585, #2173, #19 ) ) ;
#1298 = ORIENTED_EDGE ( 'NONE', *, *, #2002, .T. ) ;
#1299 = VECTOR ( 'NONE', #1177, 1000.000000000000000 ) ;
#1300 = DIRECTION ( 'NONE',  ( 1.000000000000000000, 0.000000000000000000, -0.000000000000000000 ) ) ;
#1301 = DIRECTION ( 'NONE',  ( 1.000000000000000000, 0.000000000000000000, 0.000000000000000000 ) ) ;
#1302 = ADVANCED_FACE ( 'NONE', ( #1671, #940, #505, #690 ), #1897, .F. ) ;
#1303 = ORIENTED_EDGE ( 'NONE', *, *, #2445, .T. ) ;
#1304 = CIRCLE ( 'NONE', #255, 10.00000000000000888 ) ;
#1305 = CYLINDRICAL_SURFACE ( 'NONE', #977, 4.500000000000003553 ) ;
#1306 = AXIS2_PLACEMENT_3D ( 'NONE', #918, #1687, #2473 ) ;
#1307 = DIRECTION ( 'NONE',  ( 1.000000000000000000, 0.000000000000000000, 0.000000000000000000 ) ) ;
#1309 = DIRECTION ( 'NONE',  ( -0.000000000000000000, 1.000000000000000000, -0.000000000000000000 ) ) ;
#1308 = CC_DESIGN_APPROVAL ( #1997, ( #1226 ) ) ;
#1310 = VERTEX_POINT ( 'NONE', #2039 ) ;
#1311 = DIRECTION ( 'NONE',  ( 0.000000000000000000, 1.000000000000000000, 0.000000000000000000 ) ) ;
#1312 = VECTOR ( 'NONE', #1033, 1000.000000000000000 ) ;
#1313 = FACE_OUTER_BOUND ( 'NONE', #301, .T. ) ;
#1314 = ADVANCED_FACE ( 'NONE', ( #1845 ), #1129, .F. ) ;
#1315 = ORIENTED_EDGE ( 'NONE', *, *, #662, .T. ) ;
#1316 = CARTESIAN_POINT ( 'NONE',  ( -39.99999999999999289, 600.0000000000000000, -50.00000000000000000 ) ) ;
#1317 = COORDINATED_UNIVERSAL_TIME_OFFSET ( 8, 0, .AHEAD. ) ;
#1318 = CIRCLE ( 'NONE', #2080, 2.249999999999984013 ) ;
#1319 = ORIENTED_EDGE ( 'NONE', *, *, #420, .F. ) ;
#1320 = CARTESIAN_POINT ( 'NONE',  ( 135.0000000000000284, 0.000000000000000000, 130.4999999999999716 ) ) ;
#1321 = VECTOR ( 'NONE', #1557, 1000.000000000000000 ) ;
#1322 = CARTESIAN_POINT ( 'NONE',  ( 60.00001199999999812, 429.9999999999998863, -1.387778780781445676E-13 ) ) ;
#1323 = LINE ( 'NONE', #1640, #438 ) ;
#1324 = VERTEX_POINT ( 'NONE', #926 ) ;
#1325 = CARTESIAN_POINT ( 'NONE',  ( -60.00001199999999812, 429.9999999999998863, 1.387778780781445676E-13 ) ) ;
#1326 = EDGE_CURVE ( 'NONE', #118, #701, #1116, .T. ) ;
#1327 = CIRCLE ( 'NONE', #805, 10.00000000000000888 ) ;
#1328 = DIRECTION ( 'NONE',  ( 0.000000000000000000, 0.000000000000000000, -1.000000000000000000 ) ) ;
#1329 = DIRECTION ( 'NONE',  ( 1.000000000000000000, -0.000000000000000000, -0.000000000000000000 ) ) ;
#1330 = APPROVAL_DATE_TIME ( #2487, #1643 ) ;
#1331 = EDGE_CURVE ( 'NONE', #2271, #1445, #1588, .T. ) ;
#1332 = ORIENTED_EDGE ( 'NONE', *, *, #1331, .F. ) ;
#1333 = CARTESIAN_POINT ( 'NONE',  ( 60.00000000000000000, 0.000000000000000000, -39.99999999999999289 ) ) ;
#1334 = CARTESIAN_POINT ( 'NONE',  ( 60.00001199999999812, 569.9999999999998863, -2.250000000000123013 ) ) ;
#1335 = DIRECTION ( 'NONE',  ( 0.000000000000000000, 1.000000000000000000, 0.000000000000000000 ) ) ;
#1336 = ORIENTED_EDGE ( 'NONE', *, *, #2100, .F. ) ;
#1337 = FACE_OUTER_BOUND ( 'NONE', #2066, .T. ) ;
#1338 = FACE_BOUND ( 'NONE', #193, .T. ) ;
#1339 = EDGE_CURVE ( 'NONE', #105, #2093, #1985, .T. ) ;
#1340 = VECTOR ( 'NONE', #1938, 1000.000000000000000 ) ;
#1341 = CARTESIAN_POINT ( 'NONE',  ( 60.00000000000000000, 569.9999999999998863, 2.249999999999845457 ) ) ;
#1342 = FACE_OUTER_BOUND ( 'NONE', #2009, .T. ) ;
#1343 = DATE_AND_TIME ( #2124, #1228 ) ;
#1344 = VECTOR ( 'NONE', #1215, 1000.000000000000000 ) ;
#1345 = ORIENTED_EDGE ( 'NONE', *, *, #1760, .F. ) ;
#1346 = CARTESIAN_POINT ( 'NONE',  ( 3.840629472727445933E-13, 429.9999999999998863, -49.99999999999998579 ) ) ;
#1347 = CARTESIAN_POINT ( 'NONE',  ( 4.888075131313669002E-13, 569.9999999999998863, -60.00001199999999812 ) ) ;
#1348 = CARTESIAN_POINT ( 'NONE',  ( -2.250000000000054179, 569.9999999999998863, 60.00000000000000000 ) ) ;
#1349 = VECTOR ( 'NONE', #1253, 1000.000000000000000 ) ;
#1350 = VERTEX_POINT ( 'NONE', #2470 ) ;
#1351 = DIRECTION ( 'NONE',  ( 0.000000000000000000, 0.000000000000000000, -1.000000000000000000 ) ) ;
#1352 = LOCAL_TIME ( 2, 16, 3.000000000000000000, #1122 ) ;
#1353 = DIRECTION ( 'NONE',  ( -0.000000000000000000, -1.000000000000000000, -0.000000000000000000 ) ) ;
#1354 = DIRECTION ( 'NONE',  ( 1.000000000000000000, 0.000000000000000000, 0.000000000000000000 ) ) ;
#1355 = CARTESIAN_POINT ( 'NONE',  ( -50.00000000000000711, 0.000000000000000000, 39.99999999999993605 ) ) ;
#1356 = PERSON_AND_ORGANIZATION_ROLE ( 'design_owner' ) ;
#1357 = AXIS2_PLACEMENT_3D ( 'NONE', #950, #1335, #373 ) ;
#1358 = ORIENTED_EDGE ( 'NONE', *, *, #693, .T. ) ;
#1359 = CARTESIAN_POINT ( 'NONE',  ( 39.99999999999999289, 0.000000000000000000, 50.00000000000000711 ) ) ;
#1360 = AXIS2_PLACEMENT_3D ( 'NONE', #1790, #2366, #815 ) ;
#1361 = FACE_OUTER_BOUND ( 'NONE', #1994, .T. ) ;
#1362 = ORIENTED_EDGE ( 'NONE', *, *, #1748, .F. ) ;
#1363 = DIRECTION ( 'NONE',  ( 0.000000000000000000, 0.000000000000000000, -1.000000000000000000 ) ) ;
#1364 = EDGE_CURVE ( 'NONE', #1286, #971, #738, .T. ) ;
#1365 = FACE_OUTER_BOUND ( 'NONE', #69, .T. ) ;
#1366 = DIRECTION ( 'NONE',  ( 0.000000000000000000, 0.000000000000000000, -1.000000000000000000 ) ) ;
#1367 = CARTESIAN_POINT ( 'NONE',  ( -6.982962677686278070E-14, 499.9999999999998863, 60.00000000000000000 ) ) ;
#1368 = APPROVAL_STATUS ( 'not_yet_approved' ) ;
#1369 = LINE ( 'NONE', #1584, #1716 ) ;
#1370 = VERTEX_POINT ( 'NONE', #2153 ) ;
#1371 = AXIS2_PLACEMENT_3D ( 'NONE', #1152, #1175, #191 ) ;
#1372 = DIRECTION ( 'NONE',  ( -0.000000000000000000, -1.000000000000000000, -0.000000000000000000 ) ) ;
#1373 = CARTESIAN_POINT ( 'NONE',  ( 135.0000000000000284, 0.000000000000000000, 134.9999999999999716 ) ) ;
#1374 = EDGE_CURVE ( 'NONE', #1600, #2261, #5, .T. ) ;
#1375 = ORIENTED_EDGE ( 'NONE', *, *, #2402, .T. ) ;
#1376 = CARTESIAN_POINT ( 'NONE',  ( 4.888075131313669002E-13, 569.9999999999998863, -60.00001199999999812 ) ) ;
#1377 = DIRECTION ( 'NONE',  ( -0.000000000000000000, 0.000000000000000000, -1.000000000000000000 ) ) ;
#1378 = LINE ( 'NONE', #2144, #675 ) ;
#1379 = DIRECTION ( 'NONE',  ( -0.000000000000000000, 1.000000000000000000, -0.000000000000000000 ) ) ;
#1380 = EDGE_CURVE ( 'NONE', #1465, #75, #1733, .T. ) ;
#1381 = APPLICATION_PROTOCOL_DEFINITION ( 'international standard', 'config_control_design', 1994, #566 ) ;
#1382 = AXIS2_PLACEMENT_3D ( 'NONE', #1325, #1514, #309 ) ;
#1383 = DIRECTION ( 'NONE',  ( 0.000000000000000000, 0.000000000000000000, -1.000000000000000000 ) ) ;
#1384 = ORIENTED_EDGE ( 'NONE', *, *, #2230, .F. ) ;
#1385 = CARTESIAN_POINT ( 'NONE',  ( 40.00000000000000000, 0.000000000000000000, -60.00000000000000711 ) ) ;
#1386 = AXIS2_PLACEMENT_3D ( 'NONE', #1925, #976, #2129 ) ;
#1387 = DIRECTION ( 'NONE',  ( 1.000000000000000000, -0.000000000000000000, -0.000000000000000000 ) ) ;
#1388 = ORIENTED_EDGE ( 'NONE', *, *, #2393, .T. ) ;
#1389 = CARTESIAN_POINT ( 'NONE',  ( 39.99999999999992184, 0.000000000000000000, 50.00000000000000711 ) ) ;
#1390 = CARTESIAN_POINT ( 'NONE',  ( -39.99999999999999289, 600.0000000000000000, -50.00000000000000000 ) ) ;
#1391 = LINE ( 'NONE', #293, #131 ) ;
#1392 = AXIS2_PLACEMENT_3D ( 'NONE', #1454, #2211, #497 ) ;
#1393 = PERSON_AND_ORGANIZATION_ROLE ( 'design_supplier' ) ;
#1394 = EDGE_CURVE ( 'NONE', #851, #266, #1657, .T. ) ;
#1395 = PRODUCT_RELATED_PRODUCT_CATEGORY ( 'detail', '', ( #2439 ) ) ;
#1397 = FACE_BOUND ( 'NONE', #722, .T. ) ;
#1396 = AXIS2_PLACEMENT_3D ( 'NONE', #663, #1443, #641 ) ;
#1398 = EDGE_LOOP ( 'NONE', ( #695, #2225, #2247, #253 ) ) ;
#1399 = CARTESIAN_POINT ( 'NONE',  ( -160.0000000000000284, 10.00000000000000000, 160.0000000000000000 ) ) ;
#1400 = ORIENTED_EDGE ( 'NONE', *, *, #2346, .F. ) ;
#1401 = CARTESIAN_POINT ( 'NONE',  ( 60.00001199999999812, 569.9999999999998863, -1.387778780781445676E-13 ) ) ;
#1402 = DIRECTION ( 'NONE',  ( 0.000000000000000000, 0.000000000000000000, -1.000000000000000000 ) ) ;
#1403 = VECTOR ( 'NONE', #1172, 1000.000000000000000 ) ;
#1404 = EDGE_CURVE ( 'NONE', #863, #697, #2348, .T. ) ;
#1405 = VECTOR ( 'NONE', #1353, 1000.000000000000000 ) ;
#1406 = DATE_TIME_ROLE ( 'classification_date' ) ;
#1407 = CARTESIAN_POINT ( 'NONE',  ( 159.9999999999999432, 10.00000000000000000, -160.0000000000000000 ) ) ;
#1408 = ORIENTED_EDGE ( 'NONE', *, *, #142, .F. ) ;
#1409 = EDGE_CURVE ( 'NONE', #2471, #2320, #414, .T. ) ;
#1410 = CARTESIAN_POINT ( 'NONE',  ( -50.00000000000000711, 600.0000000000000000, 39.99999999999999289 ) ) ;
#1411 = AXIS2_PLACEMENT_3D ( 'NONE', #886, #1651, #2423 ) ;
#1412 = ORIENTED_EDGE ( 'NONE', *, *, #693, .F. ) ;
#1413 = DIRECTION ( 'NONE',  ( 0.000000000000000000, 1.000000000000000000, 0.000000000000000000 ) ) ;
#1414 = DIRECTION ( 'NONE',  ( 0.000000000000000000, 0.000000000000000000, 1.000000000000000000 ) ) ;
#1415 = PERSON_AND_ORGANIZATION ( #2302, #1951 ) ;
#1416 = LINE ( 'NONE', #604, #1670 ) ;
#1417 = ORIENTED_EDGE ( 'NONE', *, *, #1688, .T. ) ;
#1418 = DIRECTION ( 'NONE',  ( -0.000000000000000000, -0.000000000000000000, 1.000000000000000000 ) ) ;
#1419 = AXIS2_PLACEMENT_3D ( 'NONE', #1602, #1050, #1414 ) ;
#1420 = ORIENTED_EDGE ( 'NONE', *, *, #2296, .T. ) ;
#1421 = CARTESIAN_POINT ( 'NONE',  ( 49.99999999999999289, 0.000000000000000000, 39.99999999999993605 ) ) ;
#1422 = ADVANCED_FACE ( 'NONE', ( #1566 ), #204, .F. ) ;
#1423 = AXIS2_PLACEMENT_3D ( 'NONE', #1763, #1155, #184 ) ;
#1424 = CYLINDRICAL_SURFACE ( 'NONE', #247, 2.250000000000000444 ) ;
#1425 = AXIS2_PLACEMENT_3D ( 'NONE', #2290, #561, #180 ) ;
#1426 = CALENDAR_DATE ( 2026, 26, 1 ) ;
#1427 = CIRCLE ( 'NONE', #2069, 20.00000000000000711 ) ;
#1428 = ORIENTED_EDGE ( 'NONE', *, *, #636, .T. ) ;
#1429 = EDGE_LOOP ( 'NONE', ( #1527, #288 ) ) ;
#1430 = PRODUCT_DEFINITION_FORMATION_WITH_SPECIFIED_SOURCE ( 'ANY', '', #2239, .NOT_KNOWN. ) ;
#1431 = ORIENTED_EDGE ( 'NONE', *, *, #2356, .T. ) ;
#1432 = CARTESIAN_POINT ( 'NONE',  ( -40.00000000000000711, 0.000000000000000000, 40.00000000000000711 ) ) ;
#1433 = EDGE_CURVE ( 'NONE', #522, #545, #428, .T. ) ;
#1434 = ORIENTED_EDGE ( 'NONE', *, *, #306, .T. ) ;
#1435 = DIRECTION ( 'NONE',  ( -1.000000000000000000, 0.000000000000000000, -0.000000000000000000 ) ) ;
#1436 = CARTESIAN_POINT ( 'NONE',  ( -39.99999999999997158, 10.00000000000000000, -49.99999999999999289 ) ) ;
#1437 = ADVANCED_FACE ( 'NONE', ( #1337 ), #767, .F. ) ;
#1438 = FACE_OUTER_BOUND ( 'NONE', #1100, .T. ) ;
#1439 = AXIS2_PLACEMENT_3D ( 'NONE', #1098, #2076, #2240 ) ;
#1440 = ORIENTED_EDGE ( 'NONE', *, *, #1223, .F. ) ;
#1441 = EDGE_LOOP ( 'NONE', ( #1442, #1747, #1137, #1948 ) ) ;
#1442 = ORIENTED_EDGE ( 'NONE', *, *, #95, .T. ) ;
#1443 = DIRECTION ( 'NONE',  ( 1.000000000000000000, 0.000000000000000000, 0.000000000000000000 ) ) ;
#1444 = CC_DESIGN_PERSON_AND_ORGANIZATION_ASSIGNMENT ( #1768, #40, ( #2275 ) ) ;
#1445 = VERTEX_POINT ( 'NONE', #2482 ) ;
#1446 = EDGE_CURVE ( 'NONE', #2035, #1071, #751, .T. ) ;
#1447 = CARTESIAN_POINT ( 'NONE',  ( -50.00000000000000000, 600.0000000000000000, 39.99999999999999289 ) ) ;
#1448 = DIRECTION ( 'NONE',  ( -0.000000000000000000, -1.000000000000000000, -0.000000000000000000 ) ) ;
#1449 = VECTOR ( 'NONE', #2114, 1000.000000000000000 ) ;
#1450 = DIRECTION ( 'NONE',  ( -1.000000000000000000, 0.000000000000000000, -3.083952846180989689E-15 ) ) ;
#1451 = APPROVAL_DATE_TIME ( #1074, #2259 ) ;
#1452 = ORIENTED_EDGE ( 'NONE', *, *, #232, .F. ) ;
#1453 = ORIENTED_EDGE ( 'NONE', *, *, #1446, .T. ) ;
#1454 = CARTESIAN_POINT ( 'NONE',  ( 0.000000000000000000, 0.000000000000000000, 0.000000000000000000 ) ) ;
#1455 = ADVANCED_FACE ( 'NONE', ( #1528 ), #610, .F. ) ;
#1456 = CARTESIAN_POINT ( 'NONE',  ( -50.00000000000000711, 0.000000000000000000, 39.99999999999993605 ) ) ;
#1457 = ORIENTED_EDGE ( 'NONE', *, *, #818, .T. ) ;
#1458 = LINE ( 'NONE', #1691, #1886 ) ;
#1459 = AXIS2_PLACEMENT_3D ( 'NONE', #1083, #2242, #1857 ) ;
#1460 = PLANE ( 'NONE',  #1439 ) ;
#1461 = DIRECTION ( 'NONE',  ( -0.000000000000000000, 1.000000000000000000, -0.000000000000000000 ) ) ;
#1462 = VECTOR ( 'NONE', #2061, 1000.000000000000000 ) ;
#1463 = ORIENTED_EDGE ( 'NONE', *, *, #1026, .F. ) ;
#1464 = ORIENTED_EDGE ( 'NONE', *, *, #1295, .T. ) ;
#1465 = VERTEX_POINT ( 'NONE', #1539 ) ;
#1466 = EDGE_CURVE ( 'NONE', #1698, #1666, #2334, .T. ) ;
#1467 = EDGE_CURVE ( 'NONE', #2333, #2042, #35, .T. ) ;
#1468 = DIRECTION ( 'NONE',  ( -0.000000000000000000, -0.000000000000000000, 1.000000000000000000 ) ) ;
#1469 = LOCAL_TIME ( 2, 16, 3.000000000000000000, #647 ) ;
#1470 = VERTEX_POINT ( 'NONE', #2321 ) ;
#1471 = LINE ( 'NONE', #292, #1530 ) ;
#1472 = DIRECTION ( 'NONE',  ( 0.000000000000000000, 1.000000000000000000, 0.000000000000000000 ) ) ;
#1473 = ORIENTED_EDGE ( 'NONE', *, *, #270, .F. ) ;
#1474 = VECTOR ( 'NONE', #1901, 1000.000000000000000 ) ;
#1475 = CARTESIAN_POINT ( 'NONE',  ( 2.250000000000472955, 569.9999999999998863, -60.00000000000000711 ) ) ;
#1476 = PRODUCT_DEFINITION_SHAPE ( 'NONE', 'NONE',  #2502 ) ;
#1477 = UNCERTAINTY_MEASURE_WITH_UNIT (LENGTH_MEASURE( 1.000000000000000082E-05 ), #698, 'distance_accuracy_value', 'NONE');
#1478 = EDGE_CURVE ( 'NONE', #1666, #1285, #1255, .T. ) ;
#1479 = ORIENTED_EDGE ( 'NONE', *, *, #2493, .T. ) ;
#1480 = VERTEX_POINT ( 'NONE', #810 ) ;
#1481 = EDGE_LOOP ( 'NONE', ( #2212, #2422 ) ) ;
#1482 = ADVANCED_FACE ( 'NONE', ( #1578 ), #623, .F. ) ;
#1483 = DIRECTION ( 'NONE',  ( 3.491481338843133750E-15, 0.000000000000000000, -1.000000000000000000 ) ) ;
#1484 = ORIENTED_EDGE ( 'NONE', *, *, #1394, .F. ) ;
#1485 = DIRECTION ( 'NONE',  ( 0.000000000000000000, 0.000000000000000000, 1.000000000000000000 ) ) ;
#1486 = DIRECTION ( 'NONE',  ( -0.000000000000000000, 1.000000000000000000, -0.000000000000000000 ) ) ;
#1487 = AXIS2_PLACEMENT_3D ( 'NONE', #239, #406, #1021 ) ;
#1488 = ORIENTED_EDGE ( 'NONE', *, *, #2115, .F. ) ;
#1489 = CARTESIAN_POINT ( 'NONE',  ( 39.99999999999999289, 600.0000000000000000, -39.99999999999999289 ) ) ;
#1490 = ADVANCED_FACE ( 'NONE', ( #1721 ), #2307, .F. ) ;
#1491 = APPROVAL_ROLE ( '' ) ;
#1492 = CARTESIAN_POINT ( 'NONE',  ( 39.99999999999999289, 0.000000000000000000, 40.00000000000000711 ) ) ;
#1493 = EDGE_LOOP ( 'NONE', ( #1263, #1031, #870, #374 ) ) ;
#1494 =( NAMED_UNIT ( * ) SI_UNIT ( $, .STERADIAN. ) SOLID_ANGLE_UNIT ( ) );
#1495 = VERTEX_POINT ( 'NONE', #1749 ) ;
#1496 = DIRECTION ( 'NONE',  ( -0.000000000000000000, -1.000000000000000000, -0.000000000000000000 ) ) ;
#1497 = CARTESIAN_POINT ( 'NONE',  ( -40.00000000000000711, 0.000000000000000000, 40.00000000000000711 ) ) ;
#1498 = CARTESIAN_POINT ( 'NONE',  ( -39.99999999999993605, 0.000000000000000000, -49.99999999999999289 ) ) ;
#1499 = EDGE_LOOP ( 'NONE', ( #1420, #694 ) ) ;
#1500 = AXIS2_PLACEMENT_3D ( 'NONE', #2169, #2396, #1207 ) ;
#1501 = EDGE_CURVE ( 'NONE', #1666, #1856, #20, .T. ) ;
#1502 = DIRECTION ( 'NONE',  ( -0.000000000000000000, 0.000000000000000000, -1.000000000000000000 ) ) ;
#1503 = DIRECTION ( 'NONE',  ( -1.000000000000000000, 0.000000000000000000, -0.000000000000000000 ) ) ;
#1504 = EDGE_LOOP ( 'NONE', ( #2055, #975 ) ) ;
#1505 = CARTESIAN_POINT ( 'NONE',  ( 39.99999999999992184, 0.000000000000000000, -49.99999999999999289 ) ) ;
#1506 = APPROVAL_DATE_TIME ( #199, #14 ) ;
#1507 = ORIENTED_EDGE ( 'NONE', *, *, #1178, .T. ) ;
#1508 = CARTESIAN_POINT ( 'NONE',  ( -135.0000000000000000, 10.00000000000000000, -139.5000000000000000 ) ) ;
#1509 = CARTESIAN_POINT ( 'NONE',  ( -60.00001199999999812, 499.9999999999998863, 1.387778780781445676E-13 ) ) ;
#1510 = EDGE_CURVE ( 'NONE', #1551, #2198, #644, .T. ) ;
#1512 = LINE ( 'NONE', #887, #2084 ) ;
#1511 = CC_DESIGN_SECURITY_CLASSIFICATION ( #2030, ( #2502 ) ) ;
#1513 = VERTEX_POINT ( 'NONE', #1609 ) ;
#1514 = DIRECTION ( 'NONE',  ( 1.000000000000000000, 0.000000000000000000, 0.000000000000000000 ) ) ;
#1515 = VECTOR ( 'NONE', #2357, 1000.000000000000000 ) ;
#1516 = EDGE_CURVE ( 'NONE', #1061, #847, #122, .T. ) ;
#1517 = EDGE_LOOP ( 'NONE', ( #2409, #2196 ) ) ;
#1518 = CARTESIAN_POINT ( 'NONE',  ( 39.99999999999995737, 10.00000000000000000, -49.99999999999999289 ) ) ;
#1519 = DATE_TIME_ROLE ( 'classification_date' ) ;
#1520 = ORIENTED_EDGE ( 'NONE', *, *, #2230, .T. ) ;
#1521 = DIRECTION ( 'NONE',  ( 0.000000000000000000, 1.000000000000000000, 0.000000000000000000 ) ) ;
#1522 = VECTOR ( 'NONE', #1383, 1000.000000000000000 ) ;
#1523 = AXIS2_PLACEMENT_3D ( 'NONE', #1114, #126, #1668 ) ;
#1524 = DIRECTION ( 'NONE',  ( 0.000000000000000000, 0.000000000000000000, 1.000000000000000000 ) ) ;
#1525 = DIRECTION ( 'NONE',  ( -0.000000000000000000, 1.000000000000000000, -0.000000000000000000 ) ) ;
#1526 = ADVANCED_FACE ( 'NONE', ( #1977 ), #2370, .F. ) ;
#1527 = ORIENTED_EDGE ( 'NONE', *, *, #873, .T. ) ;
#1528 = FACE_OUTER_BOUND ( 'NONE', #1892, .T. ) ;
#1529 = CLOSED_SHELL ( 'NONE', ( #357, #397, #594, #1455, #939, #1482, #162, #1807, #2365, #1632, #364, #1016, #781, #1134, #2044, #215, #2434, #1302, #2166, #626, #753, #689, #2373, #1422, #430, #1314, #1942, #953, #1117, #845, #1702, #1844, #1784, #1243, #1124, #1490, #1835, #2274, #2407, #773, #1051, #64 ) ) ;
#1530 = VECTOR ( 'NONE', #1290, 1000.000000000000000 ) ;
#1531 = ORIENTED_EDGE ( 'NONE', *, *, #2493, .F. ) ;
#1532 = DIRECTION ( 'NONE',  ( 0.000000000000000000, 0.000000000000000000, 1.000000000000000000 ) ) ;
#1533 = PERSON_AND_ORGANIZATION ( #2302, #1951 ) ;
#1534 = ORIENTED_EDGE ( 'NONE', *, *, #865, .T. ) ;
#1535 = DIRECTION ( 'NONE',  ( -0.000000000000000000, -1.000000000000000000, -0.000000000000000000 ) ) ;
#1536 = DIRECTION ( 'NONE',  ( 0.000000000000000000, 0.000000000000000000, 1.000000000000000000 ) ) ;
#1537 = CYLINDRICAL_SURFACE ( 'NONE', #1266, 2.250000000000000444 ) ;
#1538 = EDGE_LOOP ( 'NONE', ( #1457, #97 ) ) ;
#1539 = CARTESIAN_POINT ( 'NONE',  ( -160.0000000000000568, 0.000000000000000000, -160.0000000000000000 ) ) ;
#1540 = CARTESIAN_POINT ( 'NONE',  ( -60.00001199999999812, 569.9999999999998863, 2.250000000000123013 ) ) ;
#1541 = VECTOR ( 'NONE', #1146, 1000.000000000000000 ) ;
#1542 = EDGE_LOOP ( 'NONE', ( #94, #1358, #1924, #1811 ) ) ;
#1543 = DIRECTION ( 'NONE',  ( 1.000000000000000000, -0.000000000000000000, -0.000000000000000000 ) ) ;
#1544 = PERSON_AND_ORGANIZATION_ROLE ( 'design_supplier' ) ;
#1545 = ORIENTED_EDGE ( 'NONE', *, *, #1926, .T. ) ;
#1546 = CC_DESIGN_PERSON_AND_ORGANIZATION_ASSIGNMENT ( #824, #2194, ( #811 ) ) ;
#1547 = CARTESIAN_POINT ( 'NONE',  ( 50.00000000000001421, 499.9999999999998863, -1.387778780781445676E-13 ) ) ;
#1548 = DIRECTION ( 'NONE',  ( 0.000000000000000000, 1.000000000000000000, 0.000000000000000000 ) ) ;
#1549 = VECTOR ( 'NONE', #1151, 1000.000000000000000 ) ;
#1550 = CYLINDRICAL_SURFACE ( 'NONE', #2235, 2.249999999999984013 ) ;
#1551 = VERTEX_POINT ( 'NONE', #2381 ) ;
#1552 = CARTESIAN_POINT ( 'NONE',  ( -160.0000000000000568, 0.000000000000000000, -160.0000000000000000 ) ) ;
#1553 = AXIS2_PLACEMENT_3D ( 'NONE', #2031, #1850, #1301 ) ;
#1554 = AXIS2_PLACEMENT_3D ( 'NONE', #1002, #650, #860 ) ;
#1555 = DIRECTION ( 'NONE',  ( -1.047444401652940164E-14, 0.000000000000000000, 1.000000000000000000 ) ) ;
#1556 = CARTESIAN_POINT ( 'NONE',  ( -135.0000000000000284, 0.000000000000000000, 134.9999999999999716 ) ) ;
#1557 = DIRECTION ( 'NONE',  ( -0.000000000000000000, 1.000000000000000000, -0.000000000000000000 ) ) ;
#1558 = SECURITY_CLASSIFICATION_LEVEL ( 'unclassified' ) ;
#1559 = EDGE_CURVE ( 'NONE', #450, #534, #1136, .T. ) ;
#1560 = DIRECTION ( 'NONE',  ( 0.000000000000000000, 1.000000000000000000, 0.000000000000000000 ) ) ;
#1561 = ORIENTED_EDGE ( 'NONE', *, *, #36, .F. ) ;
#1562 = LINE ( 'NONE', #1385, #1220 ) ;
#1563 = CARTESIAN_POINT ( 'NONE',  ( -160.0000000000000568, 10.00000000000000000, -160.0000000000000000 ) ) ;
#1564 = EDGE_CURVE ( 'NONE', #523, #697, #1027, .T. ) ;
#1565 = ORIENTED_EDGE ( 'NONE', *, *, #48, .F. ) ;
#1566 = FACE_OUTER_BOUND ( 'NONE', #2484, .T. ) ;
#1567 = FACE_OUTER_BOUND ( 'NONE', #2390, .T. ) ;
#1568 = DIRECTION ( 'NONE',  ( 0.000000000000000000, -0.000000000000000000, 1.000000000000000000 ) ) ;
#1569 = EDGE_CURVE ( 'NONE', #686, #528, #60, .T. ) ;
#1570 = FACE_OUTER_BOUND ( 'NONE', #1205, .T. ) ;
#1571 = COORDINATED_UNIVERSAL_TIME_OFFSET ( 8, 0, .AHEAD. ) ;
#1572 = FACE_OUTER_BOUND ( 'NONE', #766, .T. ) ;
#1573 = ORIENTED_EDGE ( 'NONE', *, *, #2330, .F. ) ;
#1574 = VECTOR ( 'NONE', #536, 1000.000000000000000 ) ;
#1575 = DIRECTION ( 'NONE',  ( 0.000000000000000000, 1.000000000000000000, 0.000000000000000000 ) ) ;
#1576 = DIRECTION ( 'NONE',  ( 1.000000000000000000, -0.000000000000000000, -0.000000000000000000 ) ) ;
#1577 = EDGE_LOOP ( 'NONE', ( #643, #2410, #1250, #1757 ) ) ;
#1578 = FACE_OUTER_BOUND ( 'NONE', #268, .T. ) ;
#1579 = EDGE_CURVE ( 'NONE', #1896, #1495, #974, .T. ) ;
#1580 = DIRECTION ( 'NONE',  ( -1.000000000000000000, 0.000000000000000000, 0.000000000000000000 ) ) ;
#1581 = DIRECTION ( 'NONE',  ( 1.000000000000000000, 0.000000000000000000, 0.000000000000000000 ) ) ;
#1582 = CALENDAR_DATE ( 2026, 26, 1 ) ;
#1583 = AXIS2_PLACEMENT_3D ( 'NONE', #2457, #363, #322 ) ;
#1584 = CARTESIAN_POINT ( 'NONE',  ( -60.00001199999999812, 499.9999999999998863, -2.249999999999845457 ) ) ;
#1585 = ORIENTED_EDGE ( 'NONE', *, *, #2378, .F. ) ;
#1586 = LOCAL_TIME ( 2, 16, 3.000000000000000000, #530 ) ;
#1587 = CARTESIAN_POINT ( 'NONE',  ( -50.00000000000000711, 0.000000000000000000, 39.99999999999999289 ) ) ;
#1588 = CIRCLE ( 'NONE', #2186, 2.249999999999984013 ) ;
#1589 = ORIENTED_EDGE ( 'NONE', *, *, #651, .F. ) ;
#1590 = ADVANCED_FACE ( 'NONE', ( #1591 ), #2177, .F. ) ;
#1591 = FACE_OUTER_BOUND ( 'NONE', #820, .T. ) ;
#1592 = CIRCLE ( 'NONE', #334, 2.249999999999984013 ) ;
#1593 = LINE ( 'NONE', #955, #369 ) ;
#1594 = ADVANCED_FACE ( 'NONE', ( #245 ), #451, .F. ) ;
#1595 = PERSON_AND_ORGANIZATION_ROLE ( 'creator' ) ;
#1596 = FACE_BOUND ( 'NONE', #1504, .T. ) ;
#1597 = ORIENTED_EDGE ( 'NONE', *, *, #2155, .T. ) ;
#1598 = CIRCLE ( 'NONE', #593, 2.250000000000000444 ) ;
#1599 = DIRECTION ( 'NONE',  ( -1.000000000000000000, 0.000000000000000000, 0.000000000000000000 ) ) ;
#1600 = VERTEX_POINT ( 'NONE', #2404 ) ;
#1601 = DIRECTION ( 'NONE',  ( -0.000000000000000000, 1.000000000000000000, -0.000000000000000000 ) ) ;
#1602 = CARTESIAN_POINT ( 'NONE',  ( -135.0000000000000000, 10.00000000000000000, -135.0000000000000000 ) ) ;
#1603 = VECTOR ( 'NONE', #551, 1000.000000000000000 ) ;
#1604 = PERSON_AND_ORGANIZATION ( #2302, #1951 ) ;
#1605 = PLANE ( 'NONE',  #261 ) ;
#1606 = ORIENTED_EDGE ( 'NONE', *, *, #2215, .T. ) ;
#1607 = FACE_BOUND ( 'NONE', #774, .T. ) ;
#1608 = ORIENTED_EDGE ( 'NONE', *, *, #1189, .F. ) ;
#1609 = CARTESIAN_POINT ( 'NONE',  ( -50.00000000000001421, 499.9999999999998863, 2.250000000000123013 ) ) ;
#1610 = DIRECTION ( 'NONE',  ( -1.000000000000000000, 0.000000000000000000, -0.000000000000000000 ) ) ;
#1611 = DIRECTION ( 'NONE',  ( -0.000000000000000000, 1.000000000000000000, -0.000000000000000000 ) ) ;
#1612 = APPROVAL_ROLE ( '' ) ;
#1613 = ORIENTED_EDGE ( 'NONE', *, *, #1467, .T. ) ;
#1614 = VERTEX_POINT ( 'NONE', #679 ) ;
#1615 = CARTESIAN_POINT ( 'NONE',  ( 4.888075131313669002E-13, 429.9999999999998863, -60.00001199999999812 ) ) ;
#1616 = EDGE_CURVE ( 'NONE', #1683, #450, #1795, .T. ) ;
#1617 = ORIENTED_EDGE ( 'NONE', *, *, #1771, .T. ) ;
#1618 = CARTESIAN_POINT ( 'NONE',  ( 39.99999999999999289, 10.00000000000000000, 40.00000000000000711 ) ) ;
#1619 = LINE ( 'NONE', #867, #1321 ) ;
#1620 = FACE_BOUND ( 'NONE', #2494, .T. ) ;
#1621 = CIRCLE ( 'NONE', #861, 20.00000000000000355 ) ;
#1622 = DATE_AND_TIME ( #2040, #461 ) ;
#1623 = ORIENTED_EDGE ( 'NONE', *, *, #1954, .F. ) ;
#1624 = VERTEX_POINT ( 'NONE', #653 ) ;
#1625 = ADVANCED_FACE ( 'NONE', ( #2213 ), #70, .F. ) ;
#1626 = ORIENTED_EDGE ( 'NONE', *, *, #498, .T. ) ;
#1627 = FACE_OUTER_BOUND ( 'NONE', #1742, .T. ) ;
#1628 = AXIS2_PLACEMENT_3D ( 'NONE', #1984, #278, #1772 ) ;
#1629 = EDGE_LOOP ( 'NONE', ( #1871, #1623, #233, #1650 ) ) ;
#1630 = DIRECTION ( 'NONE',  ( 0.000000000000000000, 0.000000000000000000, 1.000000000000000000 ) ) ;
#1631 = CARTESIAN_POINT ( 'NONE',  ( -50.00000000000001421, 569.9999999999998863, -2.249999999999845457 ) ) ;
#1632 = ADVANCED_FACE ( 'NONE', ( #1014 ), #1004, .F. ) ;
#1633 = DIRECTION ( 'NONE',  ( 0.000000000000000000, 0.000000000000000000, -1.000000000000000000 ) ) ;
#1634 = VECTOR ( 'NONE', #1581, 1000.000000000000000 ) ;
#1635 = ORIENTED_EDGE ( 'NONE', *, *, #562, .F. ) ;
#1636 = ORIENTED_EDGE ( 'NONE', *, *, #1029, .T. ) ;
#1637 = AXIS2_PLACEMENT_3D ( 'NONE', #323, #2297, #1086 ) ;
#1638 = ORIENTED_EDGE ( 'NONE', *, *, #2450, .T. ) ;
#1639 = DIRECTION ( 'NONE',  ( -1.000000000000000000, 0.000000000000000000, 8.673617379884035472E-17 ) ) ;
#1640 = CARTESIAN_POINT ( 'NONE',  ( 135.0000000000000000, 0.000000000000000000, -139.5000000000000000 ) ) ;
#1641 = DIRECTION ( 'NONE',  ( 1.000000000000000000, 0.000000000000000000, 0.000000000000000000 ) ) ;
#1642 = EDGE_CURVE ( 'NONE', #333, #585, #2167, .T. ) ;
#1643 = APPROVAL ( #1133, 'UNSPECIFIED' ) ;
#1644 = CONTEXT_DEPENDENT_SHAPE_REPRESENTATION ( #2162, #1476 ) ;
#1645 = VERTEX_POINT ( 'NONE', #1206 ) ;
#1646 = EDGE_LOOP ( 'NONE', ( #1561, #608 ) ) ;
#1647 = VERTEX_POINT ( 'NONE', #45 ) ;
#1648 =( NAMED_UNIT ( * ) PLANE_ANGLE_UNIT ( ) SI_UNIT ( $, .RADIAN. ) );
#1649 = DIRECTION ( 'NONE',  ( -1.000000000000000000, 0.000000000000000000, 0.000000000000000000 ) ) ;
#1650 = ORIENTED_EDGE ( 'NONE', *, *, #927, .T. ) ;
#1651 = DIRECTION ( 'NONE',  ( 0.000000000000000000, 1.000000000000000000, 0.000000000000000000 ) ) ;
#1652 = AXIS2_PLACEMENT_3D ( 'NONE', #1018, #855, #1806 ) ;
#1653 = DIRECTION ( 'NONE',  ( 0.000000000000000000, 0.000000000000000000, 1.000000000000000000 ) ) ;
#1654 = EDGE_CURVE ( 'NONE', #2042, #177, #153, .T. ) ;
#1655 = ORIENTED_EDGE ( 'NONE', *, *, #507, .T. ) ;
#1656 = DIRECTION ( 'NONE',  ( -0.000000000000000000, -1.000000000000000000, -0.000000000000000000 ) ) ;
#1657 = CIRCLE ( 'NONE', #1423, 4.500000000000003553 ) ;
#1658 = APPROVAL_STATUS ( 'not_yet_approved' ) ;
#1659 = EDGE_CURVE ( 'NONE', #407, #1350, #2359, .T. ) ;
#1660 = AXIS2_PLACEMENT_3D ( 'NONE', #921, #2436, #1610 ) ;
#1661 = ORIENTED_EDGE ( 'NONE', *, *, #1933, .F. ) ;
#1662 = ORIENTED_EDGE ( 'NONE', *, *, #1873, .F. ) ;
#1663 = AXIS2_PLACEMENT_3D ( 'NONE', #2351, #1049, #1816 ) ;
#1664 = DIRECTION ( 'NONE',  ( 1.000000000000000000, 0.000000000000000000, 0.000000000000000000 ) ) ;
#1665 = DIRECTION ( 'NONE',  ( -0.000000000000000000, 1.000000000000000000, -0.000000000000000000 ) ) ;
#1666 = VERTEX_POINT ( 'NONE', #346 ) ;
#1667 = CARTESIAN_POINT ( 'NONE',  ( -60.00000000000000000, 0.000000000000000000, -39.99999999999999289 ) ) ;
#1668 = DIRECTION ( 'NONE',  ( 0.000000000000000000, 0.000000000000000000, -1.000000000000000000 ) ) ;
#1669 = VERTEX_POINT ( 'NONE', #1277 ) ;
#1670 = VECTOR ( 'NONE', #2182, 1000.000000000000000 ) ;
#1671 = FACE_BOUND ( 'NONE', #661, .T. ) ;
#1672 = PRODUCT ( 'outer tube plate', 'outer tube plate', '', ( #1971 ) ) ;
#1673 = CALENDAR_DATE ( 2026, 26, 1 ) ;
#1674 = APPLICATION_CONTEXT ( 'configuration controlled 3d designs of mechanical parts and assemblies' ) ;
#1675 = VERTEX_POINT ( 'NONE', #1667 ) ;
#1676 = ORIENTED_EDGE ( 'NONE', *, *, #178, .T. ) ;
#1677 = ORIENTED_EDGE ( 'NONE', *, *, #270, .T. ) ;
#1678 = ORIENTED_EDGE ( 'NONE', *, *, #2383, .F. ) ;
#1679 = ADVANCED_FACE ( 'NONE', ( #1840 ), #2279, .F. ) ;
#1680 = CARTESIAN_POINT ( 'NONE',  ( 2.250000000000488942, 429.9999999999998863, -60.00000000000000711 ) ) ;
#1681 = DIRECTION ( 'NONE',  ( -0.000000000000000000, 0.000000000000000000, -1.000000000000000000 ) ) ;
#1682 = LINE ( 'NONE', #2455, #2371 ) ;
#1683 = VERTEX_POINT ( 'NONE', #112 ) ;
#1684 = DIRECTION ( 'NONE',  ( 1.000000000000000000, 0.000000000000000000, 0.000000000000000000 ) ) ;
#1685 = ORIENTED_EDGE ( 'NONE', *, *, #2262, .F. ) ;
#1686 = EDGE_LOOP ( 'NONE', ( #1986, #715, #2343, #1849 ) ) ;
#1687 = DIRECTION ( 'NONE',  ( -0.000000000000000000, 0.000000000000000000, -1.000000000000000000 ) ) ;
#1688 = EDGE_CURVE ( 'NONE', #339, #2042, #2075, .T. ) ;
#1689 = ORIENTED_EDGE ( 'NONE', *, *, #498, .F. ) ;
#1690 = DIRECTION ( 'NONE',  ( 0.000000000000000000, 0.000000000000000000, -1.000000000000000000 ) ) ;
#1691 = CARTESIAN_POINT ( 'NONE',  ( -40.00000000000000000, 0.000000000000000000, 60.00000000000000000 ) ) ;
#1692 = PRODUCT_DEFINITION ( 'UNKNOWN', '', #632, #1040 ) ;
#1693 = DIRECTION ( 'NONE',  ( 0.000000000000000000, 1.000000000000000000, 0.000000000000000000 ) ) ;
#1694 = EDGE_LOOP ( 'NONE', ( #930, #378 ) ) ;
#1695 = VECTOR ( 'NONE', #1231, 1000.000000000000000 ) ;
#1696 = DIRECTION ( 'NONE',  ( 0.000000000000000000, 0.000000000000000000, 1.000000000000000000 ) ) ;
#1697 = DIRECTION ( 'NONE',  ( 0.000000000000000000, 0.000000000000000000, 1.000000000000000000 ) ) ;
#1698 = VERTEX_POINT ( 'NONE', #1881 ) ;
#1699 = CARTESIAN_POINT ( 'NONE',  ( 159.9999999999999716, 10.00000000000000000, 160.0000000000000000 ) ) ;
#1700 = APPROVAL_STATUS ( 'not_yet_approved' ) ;
#1701 = ORIENTED_EDGE ( 'NONE', *, *, #835, .F. ) ;
#1702 = ADVANCED_FACE ( 'NONE', ( #900 ), #875, .F. ) ;
#1703 = CARTESIAN_POINT ( 'NONE',  ( 40.00000000000000000, 0.000000000000000000, 39.99999999999999289 ) ) ;
#1704 = DIRECTION ( 'NONE',  ( -1.000000000000000000, 0.000000000000000000, 0.000000000000000000 ) ) ;
#1706 = CARTESIAN_POINT ( 'NONE',  ( 60.00001199999999812, 499.9999999999998863, -1.387778780781445676E-13 ) ) ;
#1705 = APPROVAL_PERSON_ORGANIZATION ( #969, #1643, #744 ) ;
#1707 = EDGE_LOOP ( 'NONE', ( #2165, #514 ) ) ;
#1708 = DIRECTION ( 'NONE',  ( -1.047444401652940164E-14, 0.000000000000000000, 1.000000000000000000 ) ) ;
#1709 = CIRCLE ( 'NONE', #2074, 2.250000000000000444 ) ;
#1710 = DIRECTION ( 'NONE',  ( 3.491481338843133750E-15, 0.000000000000000000, -1.000000000000000000 ) ) ;
#1711 = DIRECTION ( 'NONE',  ( 3.491481338843133750E-15, 0.000000000000000000, -1.000000000000000000 ) ) ;
#1712 = PERSON_AND_ORGANIZATION_ROLE ( 'creator' ) ;
#1713 = ADVANCED_FACE ( 'NONE', ( #2264 ), #550, .F. ) ;
#1714 = EDGE_LOOP ( 'NONE', ( #1565, #1332 ) ) ;
#1715 = CARTESIAN_POINT ( 'NONE',  ( 135.0000000000000284, 10.00000000000000000, 130.4999999999999716 ) ) ;
#1716 = VECTOR ( 'NONE', #2354, 1000.000000000000000 ) ;
#1717 = DIRECTION ( 'NONE',  ( 0.000000000000000000, 0.000000000000000000, 1.000000000000000000 ) ) ;
#1718 = CYLINDRICAL_SURFACE ( 'NONE', #2362, 2.249999999999984013 ) ;
#1719 = CIRCLE ( 'NONE', #754, 10.00000000000000888 ) ;
#1720 = EDGE_LOOP ( 'NONE', ( #1248, #958 ) ) ;
#1721 = FACE_OUTER_BOUND ( 'NONE', #898, .T. ) ;
#1722 = CARTESIAN_POINT ( 'NONE',  ( 49.99999999999999289, 0.000000000000000000, 39.99999999999993605 ) ) ;
#1723 = VECTOR ( 'NONE', #384, 1000.000000000000000 ) ;
#1724 = DIRECTION ( 'NONE',  ( 0.000000000000000000, 0.000000000000000000, 1.000000000000000000 ) ) ;
#1725 = CC_DESIGN_PERSON_AND_ORGANIZATION_ASSIGNMENT ( #1415, #638, ( #2192 ) ) ;
#1726 = CARTESIAN_POINT ( 'NONE',  ( -50.00000000000000711, 600.0000000000000000, -39.99999999999999289 ) ) ;
#1727 = CALENDAR_DATE ( 2026, 26, 1 ) ;
#1728 = ORIENTED_EDGE ( 'NONE', *, *, #1516, .F. ) ;
#1729 = DIRECTION ( 'NONE',  ( -0.000000000000000000, -0.000000000000000000, -1.000000000000000000 ) ) ;
#1730 = CARTESIAN_POINT ( 'NONE',  ( 2.249999999999930278, 429.9999999999998863, 60.00001199999999812 ) ) ;
#1731 = CARTESIAN_POINT ( 'NONE',  ( 135.0000000000000000, 0.000000000000000000, -130.5000000000000000 ) ) ;
#1732 = VERTEX_POINT ( 'NONE', #2413 ) ;
#1733 = LINE ( 'NONE', #1552, #250 ) ;
#1734 = EDGE_CURVE ( 'NONE', #42, #1645, #1471, .T. ) ;
#1735 = DIRECTION ( 'NONE',  ( -0.000000000000000000, 0.000000000000000000, -1.000000000000000000 ) ) ;
#1736 = AXIS2_PLACEMENT_3D ( 'NONE', #1281, #115, #2427 ) ;
#1737 = PLANE ( 'NONE',  #1108 ) ;
#1738 = DIRECTION ( 'NONE',  ( 0.000000000000000000, 0.000000000000000000, 1.000000000000000000 ) ) ;
#1739 = EDGE_CURVE ( 'NONE', #847, #510, #304, .T. ) ;
#1740 = AXIS2_PLACEMENT_3D ( 'NONE', #474, #1251, #2202 ) ;
#1741 = DIRECTION ( 'NONE',  ( -0.000000000000000000, -0.000000000000000000, 1.000000000000000000 ) ) ;
#1742 = EDGE_LOOP ( 'NONE', ( #1678, #792, #1847, #147 ) ) ;
#1743 = DIRECTION ( 'NONE',  ( 0.000000000000000000, 0.000000000000000000, 1.000000000000000000 ) ) ;
#1744 = CYLINDRICAL_SURFACE ( 'NONE', #1242, 10.00000000000000178 ) ;
#1745 = VECTOR ( 'NONE', #231, 1000.000000000000000 ) ;
#1746 = AXIS2_PLACEMENT_3D ( 'NONE', #2272, #547, #174 ) ;
#1747 = ORIENTED_EDGE ( 'NONE', *, *, #1189, .T. ) ;
#1748 = EDGE_CURVE ( 'NONE', #847, #1551, #2438, .T. ) ;
#1749 = CARTESIAN_POINT ( 'NONE',  ( -135.0000000000000284, 10.00000000000000000, 130.4999999999999716 ) ) ;
#1750 = CC_DESIGN_SECURITY_CLASSIFICATION ( #2192, ( #1430 ) ) ;
#1751 = AXIS2_PLACEMENT_3D ( 'NONE', #1615, #56, #2174 ) ;
#1752 = CARTESIAN_POINT ( 'NONE',  ( 40.00000000000000000, 600.0000000000000000, -60.00000000000000711 ) ) ;
#1753 = DIRECTION ( 'NONE',  ( 0.000000000000000000, 1.000000000000000000, 0.000000000000000000 ) ) ;
#1754 = PLANE ( 'NONE',  #899 ) ;
#1755 = APPROVAL_STATUS ( 'not_yet_approved' ) ;
#1756 = FACE_OUTER_BOUND ( 'NONE', #76, .T. ) ;
#1757 = ORIENTED_EDGE ( 'NONE', *, *, #1579, .T. ) ;
#1758 = CARTESIAN_POINT ( 'NONE',  ( -40.00000000000000000, 0.000000000000000000, 39.99999999999999289 ) ) ;
#1759 = DIRECTION ( 'NONE',  ( 0.000000000000000000, 0.000000000000000000, 1.000000000000000000 ) ) ;
#1760 = EDGE_CURVE ( 'NONE', #300, #317, #1073, .T. ) ;
#1761 = CIRCLE ( 'NONE', #2164, 2.249999999999984013 ) ;
#1762 = VERTEX_POINT ( 'NONE', #1079 ) ;
#1763 = CARTESIAN_POINT ( 'NONE',  ( 135.0000000000000000, 10.00000000000000000, -135.0000000000000000 ) ) ;
#1764 = CARTESIAN_POINT ( 'NONE',  ( 50.00000000000000000, 600.0000000000000000, -39.99999999999999289 ) ) ;
#1765 = AXIS2_PLACEMENT_3D ( 'NONE', #135, #1503, #2446 ) ;
#1766 = LINE ( 'NONE', #799, #2201 ) ;
#1767 = CARTESIAN_POINT ( 'NONE',  ( -135.0000000000000000, 0.000000000000000000, -139.5000000000000000 ) ) ;
#1768 = PERSON_AND_ORGANIZATION ( #2302, #1951 ) ;
#1769 = FACE_BOUND ( 'NONE', #1068, .T. ) ;
#1770 = VERTEX_POINT ( 'NONE', #687 ) ;
#1771 = EDGE_CURVE ( 'NONE', #340, #2161, #1458, .T. ) ;
#1772 = DIRECTION ( 'NONE',  ( 1.000000000000000000, 0.000000000000000000, 0.000000000000000000 ) ) ;
#1773 = ORIENTED_EDGE ( 'NONE', *, *, #854, .F. ) ;
#1774 = DIRECTION ( 'NONE',  ( 0.000000000000000000, 0.000000000000000000, 1.000000000000000000 ) ) ;
#1775 = EDGE_CURVE ( 'NONE', #553, #1061, #1853, .T. ) ;
#1776 = LINE ( 'NONE', #1764, #102 ) ;
#1777 = LINE ( 'NONE', #1241, #1634 ) ;
#1778 = APPROVAL_ROLE ( '' ) ;
#1779 = AXIS2_PLACEMENT_3D ( 'NONE', #1194, #1555, #2157 ) ;
#1780 = FACE_BOUND ( 'NONE', #1694, .T. ) ;
#1781 = ORIENTED_EDGE ( 'NONE', *, *, #1873, .T. ) ;
#1782 = CARTESIAN_POINT ( 'NONE',  ( 60.00001199999999812, 499.9999999999998863, 2.249999999999845457 ) ) ;
#1783 = AXIS2_PLACEMENT_3D ( 'NONE', #441, #280, #486 ) ;
#1784 = ADVANCED_FACE ( 'NONE', ( #1112 ), #735, .F. ) ;
#1785 = EDGE_LOOP ( 'NONE', ( #617, #279, #2306, #457 ) ) ;
#1786 = CARTESIAN_POINT ( 'NONE',  ( -50.00000000000000711, 600.0000000000000000, -39.99999999999999289 ) ) ;
#1787 = CIRCLE ( 'NONE', #1102, 20.00000000000000355 ) ;
#1788 = CARTESIAN_POINT ( 'NONE',  ( -60.00001199999999812, 499.9999999999998863, 1.387778780781445676E-13 ) ) ;
#1789 = PERSON_AND_ORGANIZATION ( #2302, #1951 ) ;
#1790 = CARTESIAN_POINT ( 'NONE',  ( -39.99999999999999289, 600.0000000000000000, -39.99999999999999289 ) ) ;
#1791 = ORIENTED_EDGE ( 'NONE', *, *, #480, .T. ) ;
#1792 = CIRCLE ( 'NONE', #508, 2.250000000000000444 ) ;
#1793 = DIRECTION ( 'NONE',  ( 0.000000000000000000, 0.000000000000000000, -1.000000000000000000 ) ) ;
#1794 = ORIENTED_EDGE ( 'NONE', *, *, #127, .F. ) ;
#1795 = LINE ( 'NONE', #1447, #624 ) ;
#1796 = FACE_OUTER_BOUND ( 'NONE', #1276, .T. ) ;
#1797 = CARTESIAN_POINT ( 'NONE',  ( -60.00000000000000000, 429.9999999999998863, 1.387778780781445676E-13 ) ) ;
#1798 = APPROVAL_DATE_TIME ( #1221, #1990 ) ;
#1799 = EDGE_CURVE ( 'NONE', #1804, #1624, #331, .T. ) ;
#1800 = ORIENTED_EDGE ( 'NONE', *, *, #2020, .T. ) ;
#1801 = ORIENTED_EDGE ( 'NONE', *, *, #804, .F. ) ;
#1802 = PLANE ( 'NONE',  #2360 ) ;
#1803 = VECTOR ( 'NONE', #79, 1000.000000000000000 ) ;
#1804 = VERTEX_POINT ( 'NONE', #2049 ) ;
#1805 = CARTESIAN_POINT ( 'NONE',  ( -2.250000000000054179, 569.9999999999998863, 60.00001199999998391 ) ) ;
#1806 = DIRECTION ( 'NONE',  ( -1.000000000000000000, 0.000000000000000000, 0.000000000000000000 ) ) ;
#1807 = ADVANCED_FACE ( 'NONE', ( #515 ), #154, .F. ) ;
#1808 = DATE_AND_TIME ( #1958, #381 ) ;
#1809 = ORIENTED_EDGE ( 'NONE', *, *, #1034, .T. ) ;
#1810 = ORIENTED_EDGE ( 'NONE', *, *, #1233, .F. ) ;
#1811 = ORIENTED_EDGE ( 'NONE', *, *, #768, .F. ) ;
#1812 = AXIS2_PLACEMENT_3D ( 'NONE', #554, #349, #705 ) ;
#1813 = DIRECTION ( 'NONE',  ( 0.000000000000000000, 1.000000000000000000, 0.000000000000000000 ) ) ;
#1814 = ORIENTED_EDGE ( 'NONE', *, *, #1579, .F. ) ;
#1815 = DIRECTION ( 'NONE',  ( 1.000000000000000000, 0.000000000000000000, 0.000000000000000000 ) ) ;
#1816 = DIRECTION ( 'NONE',  ( 1.000000000000000000, 0.000000000000000000, 0.000000000000000000 ) ) ;
#1817 = FACE_OUTER_BOUND ( 'NONE', #2411, .T. ) ;
#1818 = ORIENTED_EDGE ( 'NONE', *, *, #1045, .F. ) ;
#1819 = ORIENTED_EDGE ( 'NONE', *, *, #682, .T. ) ;
#1820 = AXIS2_PLACEMENT_3D ( 'NONE', #1834, #2222, #2248 ) ;
#1821 = ORIENTED_EDGE ( 'NONE', *, *, #27, .F. ) ;
#1822 = CIRCLE ( 'NONE', #1554, 2.249999999999984013 ) ;
#1823 = ORIENTED_EDGE ( 'NONE', *, *, #2189, .F. ) ;
#1824 = DIRECTION ( 'NONE',  ( -1.000000000000000000, 0.000000000000000000, 0.000000000000000000 ) ) ;
#1825 = EDGE_CURVE ( 'NONE', #203, #2301, #2375, .T. ) ;
#1826 = EDGE_CURVE ( 'NONE', #902, #971, #762, .T. ) ;
#1827 = CYLINDRICAL_SURFACE ( 'NONE', #229, 4.500000000000003553 ) ;
#1828 = LINE ( 'NONE', #681, #452 ) ;
#1829 = AXIS2_PLACEMENT_3D ( 'NONE', #2050, #1693, #516 ) ;
#1830 = ORIENTED_EDGE ( 'NONE', *, *, #795, .F. ) ;
#1831 = ORIENTED_EDGE ( 'NONE', *, *, #622, .T. ) ;
#1832 = AXIS2_PLACEMENT_3D ( 'NONE', #2414, #1127, #2424 ) ;
#1833 = ORIENTED_EDGE ( 'NONE', *, *, #2450, .F. ) ;
#1834 = CARTESIAN_POINT ( 'NONE',  ( 0.000000000000000000, 10.00000000000000000, 6.938893903907228378E-15 ) ) ;
#1835 = ADVANCED_FACE ( 'NONE', ( #592 ), #1920, .F. ) ;
#1836 = CIRCLE ( 'NONE', #2291, 2.249999999999984013 ) ;
#1837 = CARTESIAN_POINT ( 'NONE',  ( -135.0000000000000000, 0.000000000000000000, -135.0000000000000000 ) ) ;
#1838 = ORIENTED_EDGE ( 'NONE', *, *, #1217, .F. ) ;
#1839 = VECTOR ( 'NONE', #832, 1000.000000000000000 ) ;
#1840 = FACE_OUTER_BOUND ( 'NONE', #1686, .T. ) ;
#1841 = ADVANCED_BREP_SHAPE_REPRESENTATION ( '', ( #1987, #1553 ), #61 ) ;
#1842 = LINE ( 'NONE', #2280, #1603 ) ;
#1843 = VERTEX_POINT ( 'NONE', #1894 ) ;
#1844 = ADVANCED_FACE ( 'NONE', ( #1361 ), #619, .F. ) ;
#1845 = FACE_OUTER_BOUND ( 'NONE', #312, .T. ) ;
#1846 = SECURITY_CLASSIFICATION_LEVEL ( 'unclassified' ) ;
#1847 = ORIENTED_EDGE ( 'NONE', *, *, #949, .T. ) ;
#1848 = ORIENTED_EDGE ( 'NONE', *, *, #1926, .F. ) ;
#1849 = ORIENTED_EDGE ( 'NONE', *, *, #1409, .T. ) ;
#1850 = DIRECTION ( 'NONE',  ( 0.000000000000000000, 0.000000000000000000, 1.000000000000000000 ) ) ;
#1851 = DIRECTION ( 'NONE',  ( 0.000000000000000000, 0.000000000000000000, 1.000000000000000000 ) ) ;
#1852 = ORIENTED_EDGE ( 'NONE', *, *, #2364, .F. ) ;
#1853 = LINE ( 'NONE', #2466, #1574 ) ;
#1854 = AXIS2_PLACEMENT_3D ( 'NONE', #1797, #1060, #260 ) ;
#1855 = FACE_OUTER_BOUND ( 'NONE', #1398, .T. ) ;
#1856 = VERTEX_POINT ( 'NONE', #807 ) ;
#1857 = DIRECTION ( 'NONE',  ( 0.000000000000000000, 0.000000000000000000, 1.000000000000000000 ) ) ;
#1858 = VECTOR ( 'NONE', #1967, 1000.000000000000000 ) ;
#1859 = CIRCLE ( 'NONE', #129, 2.250000000000000444 ) ;
#1860 = CARTESIAN_POINT ( 'NONE',  ( 50.00000000000001421, 569.9999999999998863, -2.250000000000123013 ) ) ;
#1861 = EDGE_CURVE ( 'NONE', #83, #173, #1126, .T. ) ;
#1862 = ORIENTED_EDGE ( 'NONE', *, *, #389, .T. ) ;
#1863 = AXIS2_PLACEMENT_3D ( 'NONE', #24, #1940, #2214 ) ;
#1864 = ORIENTED_EDGE ( 'NONE', *, *, #197, .F. ) ;
#1865 = CC_DESIGN_APPROVAL ( #1245, ( #1430 ) ) ;
#1866 = DIRECTION ( 'NONE',  ( 0.000000000000000000, 0.000000000000000000, 1.000000000000000000 ) ) ;
#1867 = AXIS2_PLACEMENT_3D ( 'NONE', #1188, #1044, #2199 ) ;
#1868 = ORIENTED_EDGE ( 'NONE', *, *, #1510, .T. ) ;
#1869 = DIRECTION ( 'NONE',  ( 0.000000000000000000, 1.000000000000000000, 0.000000000000000000 ) ) ;
#1870 = CARTESIAN_POINT ( 'NONE',  ( 39.99999999999999289, 600.0000000000000000, -39.99999999999999289 ) ) ;
#1871 = ORIENTED_EDGE ( 'NONE', *, *, #1446, .F. ) ;
#1872 = CARTESIAN_POINT ( 'NONE',  ( 60.00000000000000000, 569.9999999999998863, -2.250000000000123013 ) ) ;
#1873 = EDGE_CURVE ( 'NONE', #1645, #87, #74, .T. ) ;
#1874 = CARTESIAN_POINT ( 'NONE',  ( 40.00000000000000000, 600.0000000000000000, 39.99999999999999289 ) ) ;
#1875 = ORIENTED_EDGE ( 'NONE', *, *, #1654, .T. ) ;
#1876 = CARTESIAN_POINT ( 'NONE',  ( 40.00000000000000000, 600.0000000000000000, -49.99999999999999289 ) ) ;
#1877 =( NAMED_UNIT ( * ) PLANE_ANGLE_UNIT ( ) SI_UNIT ( $, .RADIAN. ) );
#1878 = EDGE_CURVE ( 'NONE', #1259, #42, #2171, .T. ) ;
#1879 = ORIENTED_EDGE ( 'NONE', *, *, #2139, .F. ) ;
#1880 = LINE ( 'NONE', #1456, #172 ) ;
#1881 = CARTESIAN_POINT ( 'NONE',  ( 40.00000000000000000, 600.0000000000000000, -60.00000000000000711 ) ) ;
#1882 = CARTESIAN_POINT ( 'NONE',  ( -6.982966867463883227E-14, 569.9999999999998863, 60.00001199999999102 ) ) ;
#1883 = ORIENTED_EDGE ( 'NONE', *, *, #1467, .F. ) ;
#1884 = CARTESIAN_POINT ( 'NONE',  ( 40.00000000000000000, 600.0000000000000000, -60.00000000000000711 ) ) ;
#1885 = CC_DESIGN_DATE_AND_TIME_ASSIGNMENT ( #1283, #2053, ( #1135 ) ) ;
#1886 = VECTOR ( 'NONE', #141, 1000.000000000000000 ) ;
#1887 = EDGE_CURVE ( 'NONE', #920, #1324, #38, .T. ) ;
#1888 = DIRECTION ( 'NONE',  ( 0.000000000000000000, 0.000000000000000000, 1.000000000000000000 ) ) ;
#1889 = ORIENTED_EDGE ( 'NONE', *, *, #1734, .T. ) ;
#1890 = DIRECTION ( 'NONE',  ( -0.000000000000000000, -1.000000000000000000, -0.000000000000000000 ) ) ;
#1891 = CALENDAR_DATE ( 2026, 26, 1 ) ;
#1892 = EDGE_LOOP ( 'NONE', ( #1464, #884, #124, #525 ) ) ;
#1893 = DIRECTION ( 'NONE',  ( 0.000000000000000000, 0.000000000000000000, 1.000000000000000000 ) ) ;
#1894 = CARTESIAN_POINT ( 'NONE',  ( -60.00000000000000000, 429.9999999999998863, 2.250000000000139000 ) ) ;
#1895 = CARTESIAN_POINT ( 'NONE',  ( 40.00000000000000000, 600.0000000000000000, -49.99999999999999289 ) ) ;
#1896 = VERTEX_POINT ( 'NONE', #936 ) ;
#1897 = PLANE ( 'NONE',  #778 ) ;
#1898 = EDGE_CURVE ( 'NONE', #1056, #673, #609, .T. ) ;
#1899 = APPLICATION_CONTEXT ( 'configuration controlled 3d designs of mechanical parts and assemblies' ) ;
#1900 = CARTESIAN_POINT ( 'NONE',  ( 39.99999999999999289, 0.000000000000000000, -39.99999999999999289 ) ) ;
#1901 = DIRECTION ( 'NONE',  ( -0.000000000000000000, 1.000000000000000000, -0.000000000000000000 ) ) ;
#1902 = DATE_AND_TIME ( #2500, #862 ) ;
#1903 = VECTOR ( 'NONE', #1729, 1000.000000000000000 ) ;
#1904 = EDGE_LOOP ( 'NONE', ( #892, #1636, #114, #2220 ) ) ;
#1905 = CARTESIAN_POINT ( 'NONE',  ( -39.99999999999999289, 0.000000000000000000, -50.00000000000000000 ) ) ;
#1906 = CARTESIAN_POINT ( 'NONE',  ( 60.00000000000000000, 569.9999999999998863, -1.387778780781445676E-13 ) ) ;
#1908 = DIRECTION ( 'NONE',  ( -1.000000000000000000, 0.000000000000000000, -0.000000000000000000 ) ) ;
#1907 = CC_DESIGN_APPROVAL ( #14, ( #2335 ) ) ;
#1909 = ORIENTED_EDGE ( 'NONE', *, *, #1006, .T. ) ;
#1910 = EDGE_CURVE ( 'NONE', #1647, #2472, #2501, .T. ) ;
#1911 = DIRECTION ( 'NONE',  ( -1.047444401652940164E-14, 0.000000000000000000, 1.000000000000000000 ) ) ;
#1912 = EDGE_CURVE ( 'NONE', #1310, #2250, #2294, .T. ) ;
#1913 = VECTOR ( 'NONE', #169, 1000.000000000000000 ) ;
#1914 = CARTESIAN_POINT ( 'NONE',  ( -2.249999999999511502, 429.9999999999998863, -60.00000000000000711 ) ) ;
#1915 = CARTESIAN_POINT ( 'NONE',  ( 60.00000000000000000, 499.9999999999998863, -2.250000000000123013 ) ) ;
#1916 = LINE ( 'NONE', #2024, #1349 ) ;
#1917 = PERSON_AND_ORGANIZATION ( #2302, #1951 ) ;
#1918 = ORIENTED_EDGE ( 'NONE', *, *, #151, .T. ) ;
#1919 = DIRECTION ( 'NONE',  ( 1.000000000000000000, 0.000000000000000000, 0.000000000000000000 ) ) ;
#1920 = CYLINDRICAL_SURFACE ( 'NONE', #842, 2.249999999999984013 ) ;
#1921 = ADVANCED_FACE ( 'NONE', ( #607 ), #1744, .F. ) ;
#1922 = LINE ( 'NONE', #779, #1913 ) ;
#1923 = AXIS2_PLACEMENT_3D ( 'NONE', #1870, #1472, #319 ) ;
#1924 = ORIENTED_EDGE ( 'NONE', *, *, #284, .T. ) ;
#1925 = CARTESIAN_POINT ( 'NONE',  ( 4.888075131313669002E-13, 429.9999999999998863, -60.00001199999999812 ) ) ;
#1926 = EDGE_CURVE ( 'NONE', #2082, #917, #1202, .T. ) ;
#1927 = FACE_OUTER_BOUND ( 'NONE', #826, .T. ) ;
#1928 = AXIS2_PLACEMENT_3D ( 'NONE', #1096, #1869, #910 ) ;
#1929 = DIRECTION ( 'NONE',  ( 0.000000000000000000, 0.000000000000000000, 1.000000000000000000 ) ) ;
#1930 = CARTESIAN_POINT ( 'NONE',  ( -160.0000000000000284, 10.00000000000000000, 160.0000000000000000 ) ) ;
#1931 = COORDINATED_UNIVERSAL_TIME_OFFSET ( 8, 0, .AHEAD. ) ;
#1932 = EDGE_LOOP ( 'NONE', ( #634, #78, #1082, #1010 ) ) ;
#1933 = EDGE_CURVE ( 'NONE', #2250, #1669, #217, .T. ) ;
#1934 = DIRECTION ( 'NONE',  ( 0.000000000000000000, 0.000000000000000000, 1.000000000000000000 ) ) ;
#1935 = CARTESIAN_POINT ( 'NONE',  ( 50.00000000000000711, 600.0000000000000000, 39.99999999999999289 ) ) ;
#1936 = EDGE_LOOP ( 'NONE', ( #2209, #938 ) ) ;
#1937 = DIRECTION ( 'NONE',  ( 0.000000000000000000, 1.000000000000000000, 0.000000000000000000 ) ) ;
#1938 = DIRECTION ( 'NONE',  ( 1.000000000000000000, 0.000000000000000000, 0.000000000000000000 ) ) ;
#1939 = FACE_BOUND ( 'NONE', #837, .T. ) ;
#1940 = DIRECTION ( 'NONE',  ( -0.000000000000000000, -0.000000000000000000, 1.000000000000000000 ) ) ;
#1941 = APPROVAL_DATE_TIME ( #1902, #1017 ) ;
#1942 = ADVANCED_FACE ( 'NONE', ( #794, #777, #2127, #396 ), #989, .T. ) ;
#1943 = CARTESIAN_POINT ( 'NONE',  ( 60.00000000000000000, 600.0000000000000000, -39.99999999999999289 ) ) ;
#1944 = EDGE_LOOP ( 'NONE', ( #1064, #213, #532, #469 ) ) ;
#1945 = LINE ( 'NONE', #763, #783 ) ;
#1946 = DIRECTION ( 'NONE',  ( 0.000000000000000000, 0.000000000000000000, 1.000000000000000000 ) ) ;
#1947 = AXIS2_PLACEMENT_3D ( 'NONE', #302, #843, #1261 ) ;
#1948 = ORIENTED_EDGE ( 'NONE', *, *, #2215, .F. ) ;
#1949 = APPLICATION_CONTEXT ( 'configuration controlled 3d designs of mechanical parts and assemblies' ) ;
#1950 = CARTESIAN_POINT ( 'NONE',  ( -39.99999999999993605, 0.000000000000000000, 50.00000000000000711 ) ) ;
#1951 = ORGANIZATION ( 'UNSPECIFIED', 'UNSPECIFIED', '' ) ;
#1952 = CIRCLE ( 'NONE', #1058, 2.250000000000000444 ) ;
#1953 = CARTESIAN_POINT ( 'NONE',  ( -50.00000000000001421, 569.9999999999998863, 1.387778780781445676E-13 ) ) ;
#1954 = EDGE_CURVE ( 'NONE', #553, #2035, #2478, .T. ) ;
#1955 = FACE_BOUND ( 'NONE', #1538, .T. ) ;
#1956 = EDGE_CURVE ( 'NONE', #2301, #203, #1091, .T. ) ;
#1957 = LINE ( 'NONE', #1767, #677 ) ;
#1958 = CALENDAR_DATE ( 2026, 26, 1 ) ;
#1959 = UNCERTAINTY_MEASURE_WITH_UNIT (LENGTH_MEASURE( 1.000000000000000082E-05 ), #326, 'distance_accuracy_value', 'NONE');
#1960 = DIRECTION ( 'NONE',  ( -1.000000000000000000, 0.000000000000000000, -0.000000000000000000 ) ) ;
#1961 = ORIENTED_EDGE ( 'NONE', *, *, #768, .T. ) ;
#1962 = EDGE_CURVE ( 'NONE', #701, #523, #10, .T. ) ;
#1963 = LINE ( 'NONE', #1782, #984 ) ;
#1964 = CARTESIAN_POINT ( 'NONE',  ( 60.00000000000000000, 499.9999999999998863, -1.387778780781445676E-13 ) ) ;
#1965 = CIRCLE ( 'NONE', #2405, 2.249999999999984013 ) ;
#1966 = EDGE_LOOP ( 'NONE', ( #684, #1453, #2176, #1868, #170, #84, #640, #2449 ) ) ;
#1967 = DIRECTION ( 'NONE',  ( 3.491481338843133750E-15, 0.000000000000000000, -1.000000000000000000 ) ) ;
#1968 = PLANE ( 'NONE',  #1012 ) ;
#1969 = CLOSED_SHELL ( 'NONE', ( #1594, #611, #1590, #2479, #1713, #2110, #305, #601, #242, #134, #1679, #445, #2145, #2077, #1921, #1625, #104, #1437, #2099, #315, #1526, #59 ) ) ;
#1970 = CYLINDRICAL_SURFACE ( 'NONE', #1111, 10.00000000000000533 ) ;
#1971 = MECHANICAL_CONTEXT ( 'NONE', #566, 'mechanical' ) ;
#1972 = EDGE_CURVE ( 'NONE', #1259, #87, #973, .T. ) ;
#1973 = CARTESIAN_POINT ( 'NONE',  ( 135.0000000000000000, 10.00000000000000000, -130.5000000000000000 ) ) ;
#1974 = ORIENTED_EDGE ( 'NONE', *, *, #739, .F. ) ;
#1975 = CYLINDRICAL_SURFACE ( 'NONE', #464, 4.500000000000003553 ) ;
#1976 = ORIENTED_EDGE ( 'NONE', *, *, #2284, .F. ) ;
#1977 = FACE_OUTER_BOUND ( 'NONE', #925, .T. ) ;
#1978 = PLANE ( 'NONE',  #3 ) ;
#1979 = DATE_AND_TIME ( #226, #2154 ) ;
#1980 = CIRCLE ( 'NONE', #119, 2.249999999999984013 ) ;
#1981 = DIRECTION ( 'NONE',  ( 3.491481338843133750E-15, 0.000000000000000000, -1.000000000000000000 ) ) ;
#1982 = ORIENTED_EDGE ( 'NONE', *, *, #1739, .F. ) ;
#1983 = ORIENTED_EDGE ( 'NONE', *, *, #1113, .F. ) ;
#1984 = CARTESIAN_POINT ( 'NONE',  ( 4.888073874380387202E-13, 429.9999999999998863, -60.00000000000000711 ) ) ;
#1985 = CIRCLE ( 'NONE', #168, 4.500000000000003553 ) ;
#1986 = ORIENTED_EDGE ( 'NONE', *, *, #1223, .T. ) ;
#1987 = MANIFOLD_SOLID_BREP ( 'Cut-Extrude2', #1969 ) ;
#1988 = DIRECTION ( 'NONE',  ( 0.000000000000000000, 0.000000000000000000, 1.000000000000000000 ) ) ;
#1989 = CIRCLE ( 'NONE', #896, 10.00000000000000178 ) ;
#1990 = APPROVAL ( #263, 'UNSPECIFIED' ) ;
#1991 = DIRECTION ( 'NONE',  ( 1.000000000000000000, 0.000000000000000000, 0.000000000000000000 ) ) ;
#1992 = COORDINATED_UNIVERSAL_TIME_OFFSET ( 8, 0, .AHEAD. ) ;
#1993 = DIRECTION ( 'NONE',  ( 0.000000000000000000, -0.000000000000000000, 1.000000000000000000 ) ) ;
#1994 = EDGE_LOOP ( 'NONE', ( #1269, #1298, #1388, #1225 ) ) ;
#1995 = AXIS2_PLACEMENT_3D ( 'NONE', #771, #1329, #1738 ) ;
#1996 = CARTESIAN_POINT ( 'NONE',  ( -40.00000000000000000, 600.0000000000000000, 49.99999999999998579 ) ) ;
#1997 = APPROVAL ( #418, 'UNSPECIFIED' ) ;
#1998 = ORIENTED_EDGE ( 'NONE', *, *, #1178, .F. ) ;
#1999 = EDGE_CURVE ( 'NONE', #2198, #1350, #1304, .T. ) ;
#2000 = CARTESIAN_POINT ( 'NONE',  ( -135.0000000000000284, 0.000000000000000000, 134.9999999999999716 ) ) ;
#2001 = CARTESIAN_POINT ( 'NONE',  ( 60.00000000000000000, 0.000000000000000000, 39.99999999999999289 ) ) ;
#2002 = EDGE_CURVE ( 'NONE', #83, #2219, #1592, .T. ) ;
#2003 = DATE_TIME_ROLE ( 'classification_date' ) ;
#2004 = VERTEX_POINT ( 'NONE', #535 ) ;
#2005 = ORIENTED_EDGE ( 'NONE', *, *, #1478, .F. ) ;
#2006 = ORIENTED_EDGE ( 'NONE', *, *, #36, .T. ) ;
#2007 = CARTESIAN_POINT ( 'NONE',  ( -40.00000000000000711, 10.00000000000000000, -39.99999999999999289 ) ) ;
#2008 = AXIS2_PLACEMENT_3D ( 'NONE', #1401, #1036, #1774 ) ;
#2009 = EDGE_LOOP ( 'NONE', ( #2022, #1362, #1247, #1165 ) ) ;
#2010 = MANIFOLD_SOLID_BREP ( 'CirPattern1', #1529 ) ;
#2011 = CARTESIAN_POINT ( 'NONE',  ( -40.00000000000000000, 600.0000000000000000, -60.00000000000000000 ) ) ;
#2012 = CARTESIAN_POINT ( 'NONE',  ( -2.250000000000019540, 569.9999999999998863, 49.99999999999998579 ) ) ;
#2013 = LINE ( 'NONE', #878, #1048 ) ;
#2014 = PERSON_AND_ORGANIZATION ( #2181, #657 ) ;
#2015 = ORIENTED_EDGE ( 'NONE', *, *, #2218, .T. ) ;
#2016 = ORIENTED_EDGE ( 'NONE', *, *, #980, .T. ) ;
#2017 = ORIENTED_EDGE ( 'NONE', *, *, #2184, .T. ) ;
#2018 = AXIS2_PLACEMENT_3D ( 'NONE', #1788, #1641, #1633 ) ;
#2019 = CARTESIAN_POINT ( 'NONE',  ( -135.0000000000000000, 0.000000000000000000, -135.0000000000000000 ) ) ;
#2020 = EDGE_CURVE ( 'NONE', #2197, #2471, #1880, .T. ) ;
#2021 = AXIS2_PLACEMENT_3D ( 'NONE', #2000, #1601, #1988 ) ;
#2022 = ORIENTED_EDGE ( 'NONE', *, *, #1510, .F. ) ;
#2023 = DIRECTION ( 'NONE',  ( -1.000000000000000000, 0.000000000000000000, 0.000000000000000000 ) ) ;
#2024 = CARTESIAN_POINT ( 'NONE',  ( -2.249999999999511502, 429.9999999999998863, -60.00001200000001944 ) ) ;
#2025 = LINE ( 'NONE', #646, #928 ) ;
#2026 = ITEM_DEFINED_TRANSFORMATION ( 'NONE', 'NONE', #543,  #1553 ) ;
#2027 = EDGE_CURVE ( 'NONE', #2266, #1669, #1859, .T. ) ;
#2028 = VERTEX_POINT ( 'NONE', #909 ) ;
#2029 = ORIENTED_EDGE ( 'NONE', *, *, #1760, .T. ) ;
#2030 = SECURITY_CLASSIFICATION ( '', '', #490 ) ;
#2031 = CARTESIAN_POINT ( 'NONE',  ( 0.000000000000000000, 0.000000000000000000, 0.000000000000000000 ) ) ;
#2032 = CIRCLE ( 'NONE', #2156, 10.00000000000000888 ) ;
#2033 = EDGE_CURVE ( 'NONE', #150, #545, #540, .T. ) ;
#2034 = CARTESIAN_POINT ( 'NONE',  ( -6.982962677686278070E-14, 569.9999999999998863, 60.00000000000000000 ) ) ;
#2035 = VERTEX_POINT ( 'NONE', #2382 ) ;
#2036 = CARTESIAN_POINT ( 'NONE',  ( 40.00000000000000000, 600.0000000000000000, -49.99999999999999289 ) ) ;
#2037 = PRODUCT_DEFINITION_SHAPE ( 'NONE', 'NONE',  #2335 ) ;
#2038 = CYLINDRICAL_SURFACE ( 'NONE', #310, 20.00000000000000355 ) ;
#2039 = CARTESIAN_POINT ( 'NONE',  ( -2.250000000000070166, 429.9999999999998863, 60.00000000000000000 ) ) ;
#2040 = CALENDAR_DATE ( 2026, 26, 1 ) ;
#2041 = ORIENTED_EDGE ( 'NONE', *, *, #246, .T. ) ;
#2042 = VERTEX_POINT ( 'NONE', #655 ) ;
#2043 = CIRCLE ( 'NONE', #1275, 2.249999999999984013 ) ;
#2044 = ADVANCED_FACE ( 'NONE', ( #1066 ), #1077, .T. ) ;
#2045 =( NAMED_UNIT ( * ) SI_UNIT ( $, .STERADIAN. ) SOLID_ANGLE_UNIT ( ) );
#2046 = DIRECTION ( 'NONE',  ( -0.000000000000000000, 1.000000000000000000, -0.000000000000000000 ) ) ;
#2047 = ORIENTED_EDGE ( 'NONE', *, *, #672, .F. ) ;
#2048 = VECTOR ( 'NONE', #922, 1000.000000000000000 ) ;
#2049 = CARTESIAN_POINT ( 'NONE',  ( 60.00000000000000000, 429.9999999999998863, 2.249999999999861444 ) ) ;
#2050 = CARTESIAN_POINT ( 'NONE',  ( 135.0000000000000000, 10.00000000000000000, -135.0000000000000000 ) ) ;
#2051 = EDGE_LOOP ( 'NONE', ( #1862, #808, #1821, #111 ) ) ;
#2052 = CARTESIAN_POINT ( 'NONE',  ( -39.99999999999993605, 0.000000000000000000, 50.00000000000000711 ) ) ;
#2053 = DATE_TIME_ROLE ( 'classification_date' ) ;
#2054 = LINE ( 'NONE', #2458, #356 ) ;
#2055 = ORIENTED_EDGE ( 'NONE', *, *, #1825, .F. ) ;
#2056 = DIRECTION ( 'NONE',  ( 0.000000000000000000, 1.000000000000000000, 0.000000000000000000 ) ) ;
#2057 = EDGE_LOOP ( 'NONE', ( #344, #869, #803, #2128 ) ) ;
#2058 = DIRECTION ( 'NONE',  ( -0.000000000000000000, 1.000000000000000000, -0.000000000000000000 ) ) ;
#2059 = CARTESIAN_POINT ( 'NONE',  ( 40.00000000000000000, 600.0000000000000000, 39.99999999999999289 ) ) ;
#2060 = ORIENTED_EDGE ( 'NONE', *, *, #1339, .F. ) ;
#2061 = DIRECTION ( 'NONE',  ( -0.000000000000000000, 1.000000000000000000, -0.000000000000000000 ) ) ;
#2062 = VECTOR ( 'NONE', #1435, 1000.000000000000000 ) ;
#2063 = APPROVAL ( #1700, 'UNSPECIFIED' ) ;
#2064 = COORDINATED_UNIVERSAL_TIME_OFFSET ( 8, 0, .AHEAD. ) ;
#2065 = AXIS2_PLACEMENT_3D ( 'NONE', #501, #549, #2088 ) ;
#2066 = EDGE_LOOP ( 'NONE', ( #1417, #1883, #605, #265 ) ) ;
#2067 = ORIENTED_EDGE ( 'NONE', *, *, #2364, .T. ) ;
#2068 = CARTESIAN_POINT ( 'NONE',  ( 39.99999999999992184, 0.000000000000000000, -49.99999999999999289 ) ) ;
#2069 = AXIS2_PLACEMENT_3D ( 'NONE', #2485, #758, #1532 ) ;
#2070 = APPROVAL_PERSON_ORGANIZATION ( #1604, #86, #1234 ) ;
#2071 = ORIENTED_EDGE ( 'NONE', *, *, #1270, .T. ) ;
#2072 = APPROVAL ( #1658, 'UNSPECIFIED' ) ;
#2073 = CARTESIAN_POINT ( 'NONE',  ( -3.491481338843135249E-14, 429.9999999999998863, 49.99999999999998579 ) ) ;
#2074 = AXIS2_PLACEMENT_3D ( 'NONE', #1346, #2113, #1919 ) ;
#2075 = LINE ( 'NONE', #98, #1037 ) ;
#2076 = DIRECTION ( 'NONE',  ( 0.000000000000000000, 0.000000000000000000, -1.000000000000000000 ) ) ;
#2077 = ADVANCED_FACE ( 'NONE', ( #2277 ), #345, .F. ) ;
#2078 = ORIENTED_EDGE ( 'NONE', *, *, #2189, .T. ) ;
#2079 = DIRECTION ( 'NONE',  ( -0.000000000000000000, -1.000000000000000000, -0.000000000000000000 ) ) ;
#2080 = AXIS2_PLACEMENT_3D ( 'NONE', #421, #1960, #825 ) ;
#2081 = DIRECTION ( 'NONE',  ( 0.000000000000000000, 1.000000000000000000, 0.000000000000000000 ) ) ;
#2082 = VERTEX_POINT ( 'NONE', #1320 ) ;
#2083 = CARTESIAN_POINT ( 'NONE',  ( -135.0000000000000000, 0.000000000000000000, -135.0000000000000000 ) ) ;
#2084 = VECTOR ( 'NONE', #1309, 1000.000000000000000 ) ;
#2085 = PERSON_AND_ORGANIZATION ( #2302, #1951 ) ;
#2086 = EDGE_CURVE ( 'NONE', #87, #1645, #581, .T. ) ;
#2087 = ORIENTED_EDGE ( 'NONE', *, *, #923, .F. ) ;
#2088 = DIRECTION ( 'NONE',  ( 0.000000000000000000, 0.000000000000000000, 1.000000000000000000 ) ) ;
#2089 = DIRECTION ( 'NONE',  ( 3.491481338843133750E-15, 0.000000000000000000, -1.000000000000000000 ) ) ;
#2090 = VECTOR ( 'NONE', #208, 1000.000000000000000 ) ;
#2091 = EDGE_CURVE ( 'NONE', #118, #493, #1989, .T. ) ;
#2092 = CARTESIAN_POINT ( 'NONE',  ( -135.0000000000000000, 0.000000000000000000, -135.0000000000000000 ) ) ;
#2093 = VERTEX_POINT ( 'NONE', #1508 ) ;
#2094 = FACE_OUTER_BOUND ( 'NONE', #275, .T. ) ;
#2095 = FACE_OUTER_BOUND ( 'NONE', #1577, .T. ) ;
#2096 = CARTESIAN_POINT ( 'NONE',  ( 50.00000000000001421, 429.9999999999998863, -2.250000000000139000 ) ) ;
#2097 = PERSON_AND_ORGANIZATION_ROLE ( 'classification_officer' ) ;
#2098 = VERTEX_POINT ( 'NONE', #329 ) ;
#2099 = ADVANCED_FACE ( 'NONE', ( #711 ), #1305, .F. ) ;
#2100 = EDGE_CURVE ( 'NONE', #317, #300, #2228, .T. ) ;
#2101 = DIRECTION ( 'NONE',  ( 0.000000000000000000, 0.000000000000000000, 1.000000000000000000 ) ) ;
#2102 = CARTESIAN_POINT ( 'NONE',  ( 50.00000000000000711, 600.0000000000000000, -39.99999999999999289 ) ) ;
#2103 = DIRECTION ( 'NONE',  ( -1.000000000000000000, 0.000000000000000000, -3.083952846181012171E-15 ) ) ;
#2104 = VERTEX_POINT ( 'NONE', #1680 ) ;
#2105 = DIRECTION ( 'NONE',  ( 1.000000000000000000, 0.000000000000000000, 0.000000000000000000 ) ) ;
#2106 = LINE ( 'NONE', #1167, #2420 ) ;
#2107 = DIRECTION ( 'NONE',  ( -1.000000000000000000, 0.000000000000000000, -3.083952846181012171E-15 ) ) ;
#2108 = CARTESIAN_POINT ( 'NONE',  ( -50.00000000000000000, 0.000000000000000000, 39.99999999999999289 ) ) ;
#2109 = SHAPE_DEFINITION_REPRESENTATION ( #1080, #2143 ) ;
#2110 = ADVANCED_FACE ( 'NONE', ( #1796 ), #71, .F. ) ;
#2111 = AXIS2_PLACEMENT_3D ( 'NONE', #2263, #2224, #2465 ) ;
#2112 = ORIENTED_EDGE ( 'NONE', *, *, #756, .F. ) ;
#2113 = DIRECTION ( 'NONE',  ( -0.000000000000000000, 0.000000000000000000, -1.000000000000000000 ) ) ;
#2114 = DIRECTION ( 'NONE',  ( 8.673617379884035472E-17, 0.000000000000000000, 1.000000000000000000 ) ) ;
#2115 = EDGE_CURVE ( 'NONE', #1614, #333, #2392, .T. ) ;
#2117 = CARTESIAN_POINT ( 'NONE',  ( 60.00000000000000000, 600.0000000000000000, -39.99999999999999289 ) ) ;
#2116 = APPROVAL_PERSON_ORGANIZATION ( #569, #2063, #558 ) ;
#2118 = ORIENTED_EDGE ( 'NONE', *, *, #915, .T. ) ;
#2119 = DIRECTION ( 'NONE',  ( -0.000000000000000000, -1.000000000000000000, -0.000000000000000000 ) ) ;
#2120 = AXIS2_PLACEMENT_3D ( 'NONE', #787, #957, #2499 ) ;
#2121 = DIRECTION ( 'NONE',  ( -0.000000000000000000, -1.000000000000000000, -0.000000000000000000 ) ) ;
#2122 = CYLINDRICAL_SURFACE ( 'NONE', #908, 2.249999999999984013 ) ;
#2123 = LINE ( 'NONE', #1930, #1095 ) ;
#2124 = CALENDAR_DATE ( 2026, 26, 1 ) ;
#2125 = ORIENTED_EDGE ( 'NONE', *, *, #351, .T. ) ;
#2126 = LINE ( 'NONE', #370, #376 ) ;
#2127 = FACE_BOUND ( 'NONE', #1707, .T. ) ;
#2128 = ORIENTED_EDGE ( 'NONE', *, *, #745, .T. ) ;
#2129 = DIRECTION ( 'NONE',  ( 1.000000000000000000, 0.000000000000000000, 9.251858538542969067E-15 ) ) ;
#2130 = CYLINDRICAL_SURFACE ( 'NONE', #1779, 2.249999999999984013 ) ;
#2131 = DIRECTION ( 'NONE',  ( 0.000000000000000000, 0.000000000000000000, 1.000000000000000000 ) ) ;
#2132 = DIRECTION ( 'NONE',  ( 1.000000000000000000, 0.000000000000000000, 0.000000000000000000 ) ) ;
#2133 = PERSON_AND_ORGANIZATION_ROLE ( 'creator' ) ;
#2134 = FACE_BOUND ( 'NONE', #2358, .T. ) ;
#2135 = VERTEX_POINT ( 'NONE', #883 ) ;
#2136 = CYLINDRICAL_SURFACE ( 'NONE', #699, 2.249999999999984013 ) ;
#2137 = DIRECTION ( 'NONE',  ( -1.000000000000000000, 0.000000000000000000, -0.000000000000000000 ) ) ;
#2138 = ORIENTED_EDGE ( 'NONE', *, *, #1516, .T. ) ;
#2139 = EDGE_CURVE ( 'NONE', #1310, #2266, #2421, .T. ) ;
#2140 = DIRECTION ( 'NONE',  ( 8.673617379884035472E-17, 0.000000000000000000, 1.000000000000000000 ) ) ;
#2141 = VECTOR ( 'NONE', #1991, 1000.000000000000000 ) ;
#2142 = DIRECTION ( 'NONE',  ( -1.047444401652940164E-14, 0.000000000000000000, 1.000000000000000000 ) ) ;
#2143 = SHAPE_REPRESENTATION ( 'welding_v2', ( #706, #543, #1820 ), #942 ) ;
#2144 = CARTESIAN_POINT ( 'NONE',  ( -60.00000000000000000, 600.0000000000000000, 39.99999999999999289 ) ) ;
#2145 = ADVANCED_FACE ( 'NONE', ( #2236 ), #513, .F. ) ;
#2146 = LINE ( 'NONE', #417, #2203 ) ;
#2147 = SHAPE_DEFINITION_REPRESENTATION ( #2037, #241 ) ;
#2148 = FACE_OUTER_BOUND ( 'NONE', #200, .T. ) ;
#2149 = EDGE_LOOP ( 'NONE', ( #1852, #708, #482, #570 ) ) ;
#2150 = CARTESIAN_POINT ( 'NONE',  ( -2.249999999999495515, 499.9999999999998863, -60.00000000000000711 ) ) ;
#2151 = CARTESIAN_POINT ( 'NONE',  ( -39.99999999999999289, 0.000000000000000000, -39.99999999999999289 ) ) ;
#2152 = ORIENTED_EDGE ( 'NONE', *, *, #1799, .T. ) ;
#2153 = CARTESIAN_POINT ( 'NONE',  ( 60.00000000000000000, 600.0000000000000000, 39.99999999999999289 ) ) ;
#2154 = LOCAL_TIME ( 2, 16, 3.000000000000000000, #1992 ) ;
#2155 = EDGE_CURVE ( 'NONE', #313, #106, #1621, .T. ) ;
#2156 = AXIS2_PLACEMENT_3D ( 'NONE', #1703, #1521, #2101 ) ;
#2157 = DIRECTION ( 'NONE',  ( 1.000000000000000000, 0.000000000000000000, 9.251858538543036909E-15 ) ) ;
#2158 = CARTESIAN_POINT ( 'NONE',  ( -160.0000000000000284, 10.00000000000000000, 160.0000000000000000 ) ) ;
#2159 = CALENDAR_DATE ( 2026, 26, 1 ) ;
#2160 = FACE_BOUND ( 'NONE', #1481, .T. ) ;
#2161 = VERTEX_POINT ( 'NONE', #723 ) ;
#2162 =( REPRESENTATION_RELATIONSHIP ('NONE','NONE', #2143, #1191 ) REPRESENTATION_RELATIONSHIP_WITH_TRANSFORMATION ( #2026 )SHAPE_REPRESENTATION_RELATIONSHIP( ) );
#2163 = FACE_OUTER_BOUND ( 'NONE', #1284, .T. ) ;
#2164 = AXIS2_PLACEMENT_3D ( 'NONE', #347, #714, #308 ) ;
#2165 = ORIENTED_EDGE ( 'NONE', *, *, #420, .T. ) ;
#2166 = ADVANCED_FACE ( 'NONE', ( #140 ), #409, .T. ) ;
#2167 = LINE ( 'NONE', #1805, #1803 ) ;
#2168 = AXIS2_PLACEMENT_3D ( 'NONE', #784, #583, #22 ) ;
#2169 = CARTESIAN_POINT ( 'NONE',  ( -40.00000000000000000, 600.0000000000000000, 39.99999999999999289 ) ) ;
#2170 = PERSON_AND_ORGANIZATION_ROLE ( 'creator' ) ;
#2171 = CIRCLE ( 'NONE', #399, 2.249999999999984013 ) ;
#2172 = CARTESIAN_POINT ( 'NONE',  ( 135.0000000000000284, 0.000000000000000000, 139.4999999999999716 ) ) ;
#2173 = ORIENTED_EDGE ( 'NONE', *, *, #1654, .F. ) ;
#2174 = DIRECTION ( 'NONE',  ( 1.000000000000000000, 0.000000000000000000, 9.251858538542969067E-15 ) ) ;
#2175 = CC_DESIGN_PERSON_AND_ORGANIZATION_ASSIGNMENT ( #2085, #355, ( #2335 ) ) ;
#2176 = ORIENTED_EDGE ( 'NONE', *, *, #82, .T. ) ;
#2177 = CYLINDRICAL_SURFACE ( 'NONE', #289, 4.500000000000003553 ) ;
#2178 = DIRECTION ( 'NONE',  ( -1.000000000000000000, 0.000000000000000000, -0.000000000000000000 ) ) ;
#2179 = APPROVAL_DATE_TIME ( #1020, #1245 ) ;
#2180 = VECTOR ( 'NONE', #2205, 1000.000000000000000 ) ;
#2181 = PERSON ( 'NAUO-PER2', 'UNSPECIFIED', 'UNSPECIFIED', ('UNSPECIFIED'), ('UNSPECIFIED'), ('UNSPECIFIED') ) ;
#2182 = DIRECTION ( 'NONE',  ( -1.000000000000000000, -0.000000000000000000, -0.000000000000000000 ) ) ;
#2183 = ORIENTED_EDGE ( 'NONE', *, *, #2091, .T. ) ;
#2184 = EDGE_CURVE ( 'NONE', #159, #1856, #1562, .T. ) ;
#2185 = DIRECTION ( 'NONE',  ( 1.000000000000000000, -0.000000000000000000, 0.000000000000000000 ) ) ;
#2186 = AXIS2_PLACEMENT_3D ( 'NONE', #1101, #728, #2267 ) ;
#2187 = EDGE_LOOP ( 'NONE', ( #485, #1830, #422, #1918 ) ) ;
#2188 = DIRECTION ( 'NONE',  ( 0.000000000000000000, 0.000000000000000000, -1.000000000000000000 ) ) ;
#2189 = EDGE_CURVE ( 'NONE', #1035, #796, #179, .T. ) ;
#2190 = CIRCLE ( 'NONE', #1746, 20.00000000000000711 ) ;
#2191 = LINE ( 'NONE', #466, #1695 ) ;
#2192 = SECURITY_CLASSIFICATION ( '', '', #846 ) ;
#2193 = CIRCLE ( 'NONE', #742, 4.500000000000003553 ) ;
#2194 = PERSON_AND_ORGANIZATION_ROLE ( 'creator' ) ;
#2195 = EDGE_CURVE ( 'NONE', #848, #2161, #1945, .T. ) ;
#2196 = ORIENTED_EDGE ( 'NONE', *, *, #1278, .F. ) ;
#2197 = VERTEX_POINT ( 'NONE', #2344 ) ;
#2198 = VERTEX_POINT ( 'NONE', #1905 ) ;
#2199 = DIRECTION ( 'NONE',  ( 0.000000000000000000, 0.000000000000000000, -1.000000000000000000 ) ) ;
#2200 = VERTEX_POINT ( 'NONE', #383 ) ;
#2201 = VECTOR ( 'NONE', #613, 1000.000000000000000 ) ;
#2202 = DIRECTION ( 'NONE',  ( 0.000000000000000000, 0.000000000000000000, 1.000000000000000000 ) ) ;
#2203 = VECTOR ( 'NONE', #2406, 1000.000000000000000 ) ;
#2204 = CARTESIAN_POINT ( 'NONE',  ( 49.99999999999999289, 10.00000000000000000, -39.99999999999995737 ) ) ;
#2205 = DIRECTION ( 'NONE',  ( -1.047444401652940164E-14, 0.000000000000000000, 1.000000000000000000 ) ) ;
#2206 = EDGE_CURVE ( 'NONE', #534, #2419, #2331, .T. ) ;
#2207 = CIRCLE ( 'NONE', #1765, 2.250000000000000444 ) ;
#2208 = ORIENTED_EDGE ( 'NONE', *, *, #116, .T. ) ;
#2209 = ORIENTED_EDGE ( 'NONE', *, *, #1374, .T. ) ;
#2210 = ORIENTED_EDGE ( 'NONE', *, *, #1898, .T. ) ;
#2211 = DIRECTION ( 'NONE',  ( 0.000000000000000000, 0.000000000000000000, 1.000000000000000000 ) ) ;
#2212 = ORIENTED_EDGE ( 'NONE', *, *, #167, .F. ) ;
#2213 = FACE_OUTER_BOUND ( 'NONE', #667, .T. ) ;
#2214 = DIRECTION ( 'NONE',  ( -1.000000000000000000, 0.000000000000000000, 0.000000000000000000 ) ) ;
#2215 = EDGE_CURVE ( 'NONE', #1480, #2004, #2126, .T. ) ;
#2216 = CARTESIAN_POINT ( 'NONE',  ( 50.00000000000000000, 600.0000000000000000, -39.99999999999999289 ) ) ;
#2217 = COORDINATED_UNIVERSAL_TIME_OFFSET ( 8, 0, .AHEAD. ) ;
#2218 = EDGE_CURVE ( 'NONE', #2028, #1495, #1125, .T. ) ;
#2219 = VERTEX_POINT ( 'NONE', #960 ) ;
#2220 = ORIENTED_EDGE ( 'NONE', *, *, #294, .F. ) ;
#2221 = CIRCLE ( 'NONE', #1854, 2.250000000000000444 ) ;
#2222 = DIRECTION ( 'NONE',  ( 0.000000000000000000, 0.000000000000000000, 1.000000000000000000 ) ) ;
#2223 = LOCAL_TIME ( 2, 16, 3.000000000000000000, #337 ) ;
#2224 = DIRECTION ( 'NONE',  ( 1.000000000000000000, -0.000000000000000000, -0.000000000000000000 ) ) ;
#2225 = ORIENTED_EDGE ( 'NONE', *, *, #2402, .F. ) ;
#2226 = CARTESIAN_POINT ( 'NONE',  ( 60.00001199999999812, 569.9999999999998863, -1.387778780781445676E-13 ) ) ;
#2227 = FACE_OUTER_BOUND ( 'NONE', #2187, .T. ) ;
#2228 = CIRCLE ( 'NONE', #2065, 4.500000000000003553 ) ;
#2229 = LINE ( 'NONE', #2052, #2464 ) ;
#2230 = EDGE_CURVE ( 'NONE', #2200, #1804, #1257, .T. ) ;
#2231 = APPROVAL_ROLE ( '' ) ;
#2232 = ORIENTED_EDGE ( 'NONE', *, *, #232, .T. ) ;
#2233 = ORIENTED_EDGE ( 'NONE', *, *, #47, .T. ) ;
#2234 = CC_DESIGN_APPROVAL ( #1643, ( #632 ) ) ;
#2235 = AXIS2_PLACEMENT_3D ( 'NONE', #386, #937, #2103 ) ;
#2236 = FACE_OUTER_BOUND ( 'NONE', #2437, .T. ) ;
#2237 = ORIENTED_EDGE ( 'NONE', *, *, #1972, .T. ) ;
#2238 = DIRECTION ( 'NONE',  ( -1.000000000000000000, 0.000000000000000000, 0.000000000000000000 ) ) ;
#2239 = PRODUCT ( 'lift outer tube 120x120x10_Default<As Welded>', 'lift outer tube 120x120x10_Default<As Welded>', '', ( #2312 ) ) ;
#2240 = DIRECTION ( 'NONE',  ( -1.000000000000000000, 0.000000000000000000, -0.000000000000000000 ) ) ;
#2241 = ORIENTED_EDGE ( 'NONE', *, *, #562, .T. ) ;
#2242 = DIRECTION ( 'NONE',  ( 0.000000000000000000, 1.000000000000000000, 0.000000000000000000 ) ) ;
#2243 = APPROVAL_DATE_TIME ( #1622, #2072 ) ;
#2244 = ORIENTED_EDGE ( 'NONE', *, *, #1203, .F. ) ;
#2245 = ORIENTED_EDGE ( 'NONE', *, *, #1912, .T. ) ;
#2246 = AXIS2_PLACEMENT_3D ( 'NONE', #2265, #538, #207 ) ;
#2247 = ORIENTED_EDGE ( 'NONE', *, *, #1569, .T. ) ;
#2248 = DIRECTION ( 'NONE',  ( 1.000000000000000000, 0.000000000000000000, 0.000000000000000000 ) ) ;
#2249 = DIRECTION ( 'NONE',  ( -1.000000000000000000, 0.000000000000000000, 0.000000000000000000 ) ) ;
#2250 = VERTEX_POINT ( 'NONE', #201 ) ;
#2251 = CARTESIAN_POINT ( 'NONE',  ( 60.00001199999999812, 429.9999999999998863, 2.249999999999861444 ) ) ;
#2252 = CC_DESIGN_DATE_AND_TIME_ASSIGNMENT ( #467, #272, ( #811 ) ) ;
#2253 = CARTESIAN_POINT ( 'NONE',  ( 40.00000000000000000, 600.0000000000000000, 60.00000000000000000 ) ) ;
#2254 = ORIENTED_EDGE ( 'NONE', *, *, #1466, .T. ) ;
#2255 = DIRECTION ( 'NONE',  ( 0.000000000000000000, 0.000000000000000000, -1.000000000000000000 ) ) ;
#2256 = PERSON_AND_ORGANIZATION_ROLE ( 'classification_officer' ) ;
#2257 = ORIENTED_EDGE ( 'NONE', *, *, #1642, .F. ) ;
#2258 = ORIENTED_EDGE ( 'NONE', *, *, #1339, .T. ) ;
#2259 = APPROVAL ( #298, 'UNKNOWN' ) ;
#2260 = FACE_BOUND ( 'NONE', #906, .T. ) ;
#2261 = VERTEX_POINT ( 'NONE', #988 ) ;
#2262 = EDGE_CURVE ( 'NONE', #1647, #1465, #947, .T. ) ;
#2263 = CARTESIAN_POINT ( 'NONE',  ( 50.00000000000001421, 569.9999999999998863, -1.387778780781445676E-13 ) ) ;
#2264 = FACE_OUTER_BOUND ( 'NONE', #1944, .T. ) ;
#2265 = CARTESIAN_POINT ( 'NONE',  ( -50.00000000000001421, 569.9999999999998863, 1.387778780781445676E-13 ) ) ;
#2266 = VERTEX_POINT ( 'NONE', #2490 ) ;
#2267 = DIRECTION ( 'NONE',  ( 1.000000000000000000, 0.000000000000000000, 0.000000000000000000 ) ) ;
#2268 = EDGE_CURVE ( 'NONE', #173, #1003, #419, .T. ) ;
#2269 = AXIS2_PLACEMENT_3D ( 'NONE', #935, #395, #1934 ) ;
#2270 = DIRECTION ( 'NONE',  ( -0.000000000000000000, 1.000000000000000000, -0.000000000000000000 ) ) ;
#2271 = VERTEX_POINT ( 'NONE', #2150 ) ;
#2272 = CARTESIAN_POINT ( 'NONE',  ( 39.99999999999999289, 0.000000000000000000, -39.99999999999999289 ) ) ;
#2273 = APPLICATION_PROTOCOL_DEFINITION ( 'international standard', 'config_control_design', 1994, #52 ) ;
#2274 = ADVANCED_FACE ( 'NONE', ( #15 ), #2136, .F. ) ;
#2275 = SECURITY_CLASSIFICATION ( '', '', #432 ) ;
#2276 = ORIENTED_EDGE ( 'NONE', *, *, #1217, .T. ) ;
#2277 = FACE_OUTER_BOUND ( 'NONE', #2417, .T. ) ;
#2278 = CIRCLE ( 'NONE', #546, 4.500000000000003553 ) ;
#2279 = CYLINDRICAL_SURFACE ( 'NONE', #1282, 10.00000000000000178 ) ;
#2280 = CARTESIAN_POINT ( 'NONE',  ( -40.00000000000000000, 600.0000000000000000, 60.00000000000000000 ) ) ;
#2281 = ORIENTED_EDGE ( 'NONE', *, *, #636, .F. ) ;
#2282 = DIRECTION ( 'NONE',  ( -0.000000000000000000, 0.000000000000000000, -1.000000000000000000 ) ) ;
#2283 = CARTESIAN_POINT ( 'NONE',  ( -135.0000000000000284, 0.000000000000000000, 134.9999999999999716 ) ) ;
#2284 = EDGE_CURVE ( 'NONE', #1150, #340, #1787, .T. ) ;
#2285 = DIRECTION ( 'NONE',  ( -1.000000000000000000, 0.000000000000000000, -3.083952846180989689E-15 ) ) ;
#2286 = DATE_AND_TIME ( #1727, #1097 ) ;
#2287 = VECTOR ( 'NONE', #2497, 1000.000000000000000 ) ;
#2288 = ORIENTED_EDGE ( 'NONE', *, *, #818, .F. ) ;
#2289 = CARTESIAN_POINT ( 'NONE',  ( 4.888075131313669002E-13, 499.9999999999998863, -60.00001199999999812 ) ) ;
#2290 = CARTESIAN_POINT ( 'NONE',  ( 39.99999999999999289, 10.00000000000000000, -39.99999999999999289 ) ) ;
#2291 = AXIS2_PLACEMENT_3D ( 'NONE', #146, #755, #1328 ) ;
#2292 = DIRECTION ( 'NONE',  ( -0.000000000000000000, -1.000000000000000000, -0.000000000000000000 ) ) ;
#2293 = ORIENTED_EDGE ( 'NONE', *, *, #733, .T. ) ;
#2294 = CIRCLE ( 'NONE', #1371, 2.250000000000000444 ) ;
#2295 = DIRECTION ( 'NONE',  ( -0.000000000000000000, 1.000000000000000000, -0.000000000000000000 ) ) ;
#2296 = EDGE_CURVE ( 'NONE', #2329, #2028, #2193, .T. ) ;
#2297 = DIRECTION ( 'NONE',  ( -0.000000000000000000, 0.000000000000000000, -1.000000000000000000 ) ) ;
#2298 = DIRECTION ( 'NONE',  ( -1.000000000000000000, 0.000000000000000000, 0.000000000000000000 ) ) ;
#2299 = COORDINATED_UNIVERSAL_TIME_OFFSET ( 8, 0, .AHEAD. ) ;
#2300 = EDGE_CURVE ( 'NONE', #2419, #2035, #2032, .T. ) ;
#2301 = VERTEX_POINT ( 'NONE', #1715 ) ;
#2302 = PERSON ( 'UNSPECIFIED', 'UNSPECIFIED', 'UNSPECIFIED', ('UNSPECIFIED'), ('UNSPECIFIED'), ('UNSPECIFIED') ) ;
#2303 = CARTESIAN_POINT ( 'NONE',  ( -50.00000000000000711, 10.00000000000000000, 39.99999999999997158 ) ) ;
#2304 = CARTESIAN_POINT ( 'NONE',  ( 60.00001199999999812, 499.9999999999998863, -1.387778780781445676E-13 ) ) ;
#2305 = DIRECTION ( 'NONE',  ( 0.000000000000000000, 0.000000000000000000, 1.000000000000000000 ) ) ;
#2306 = ORIENTED_EDGE ( 'NONE', *, *, #849, .T. ) ;
#2307 = CYLINDRICAL_SURFACE ( 'NONE', #822, 2.249999999999984013 ) ;
#2308 = VECTOR ( 'NONE', #2295, 1000.000000000000000 ) ;
#2309 = CARTESIAN_POINT ( 'NONE',  ( 3.840629472727445933E-13, 569.9999999999998863, -49.99999999999998579 ) ) ;
#2310 = ORIENTED_EDGE ( 'NONE', *, *, #1099, .F. ) ;
#2311 = DIRECTION ( 'NONE',  ( 0.000000000000000000, 0.000000000000000000, 1.000000000000000000 ) ) ;
#2312 = MECHANICAL_CONTEXT ( 'NONE', #1899, 'mechanical' ) ;
#2313 = VECTOR ( 'NONE', #1483, 1000.000000000000000 ) ;
#2314 = ORIENTED_EDGE ( 'NONE', *, *, #401, .T. ) ;
#2315 = AXIS2_PLACEMENT_3D ( 'NONE', #209, #853, #1195 ) ;
#2316 = DIRECTION ( 'NONE',  ( -0.000000000000000000, -1.000000000000000000, -0.000000000000000000 ) ) ;
#2317 = DIRECTION ( 'NONE',  ( 0.000000000000000000, 0.000000000000000000, -1.000000000000000000 ) ) ;
#2319 = FACE_OUTER_BOUND ( 'NONE', #780, .T. ) ;
#2318 =( GEOMETRIC_REPRESENTATION_CONTEXT ( 3 ) GLOBAL_UNCERTAINTY_ASSIGNED_CONTEXT ( ( #1959 ) ) GLOBAL_UNIT_ASSIGNED_CONTEXT ( ( #326, #96, #2045 ) ) REPRESENTATION_CONTEXT ( 'NONE', 'WORKASPACE' ) );
#2320 = VERTEX_POINT ( 'NONE', #2303 ) ;
#2321 = CARTESIAN_POINT ( 'NONE',  ( 2.250000000000368594, 499.9999999999998863, -49.99999999999998579 ) ) ;
#2322 = VECTOR ( 'NONE', #802, 1000.000000000000000 ) ;
#2323 = DIRECTION ( 'NONE',  ( -0.000000000000000000, -0.000000000000000000, 1.000000000000000000 ) ) ;
#2324 = DIRECTION ( 'NONE',  ( -0.000000000000000000, -1.000000000000000000, -0.000000000000000000 ) ) ;
#2325 = CYLINDRICAL_SURFACE ( 'NONE', #2315, 2.249999999999984013 ) ;
#2326 = CIRCLE ( 'NONE', #1232, 2.249999999999984013 ) ;
#2327 = PERSON_AND_ORGANIZATION ( #2302, #1951 ) ;
#2328 = DIRECTION ( 'NONE',  ( 1.000000000000000000, 0.000000000000000000, -8.673617379884035472E-17 ) ) ;
#2329 = VERTEX_POINT ( 'NONE', #574 ) ;
#2330 = EDGE_CURVE ( 'NONE', #2261, #1600, #1709, .T. ) ;
#2331 = LINE ( 'NONE', #1138, #1549 ) ;
#2332 = CARTESIAN_POINT ( 'NONE',  ( 39.99999999999999289, 0.000000000000000000, -39.99999999999999289 ) ) ;
#2333 = VERTEX_POINT ( 'NONE', #1359 ) ;
#2334 = LINE ( 'NONE', #388, #206 ) ;
#2335 = PRODUCT_DEFINITION ( 'UNKNOWN', '', #1430, #264 ) ;
#2336 = FACE_BOUND ( 'NONE', #1646, .T. ) ;
#2337 = VECTOR ( 'NONE', #713, 1000.000000000000000 ) ;
#2338 = CARTESIAN_POINT ( 'NONE',  ( 49.99999999999999289, 0.000000000000000000, -39.99999999999992184 ) ) ;
#2339 = DIRECTION ( 'NONE',  ( -0.000000000000000000, -1.000000000000000000, -0.000000000000000000 ) ) ;
#2340 = COORDINATED_UNIVERSAL_TIME_OFFSET ( 8, 0, .AHEAD. ) ;
#2341 = APPROVAL ( #2444, 'UNKNOWN' ) ;
#2342 = PLANE ( 'NONE',  #1273 ) ;
#2343 = ORIENTED_EDGE ( 'NONE', *, *, #2412, .F. ) ;
#2344 = CARTESIAN_POINT ( 'NONE',  ( -50.00000000000000711, 0.000000000000000000, -39.99999999999991473 ) ) ;
#2345 = DIRECTION ( 'NONE',  ( -1.000000000000000000, 0.000000000000000000, 0.000000000000000000 ) ) ;
#2346 = EDGE_CURVE ( 'NONE', #2200, #531, #793, .T. ) ;
#2347 = EDGE_LOOP ( 'NONE', ( #590, #2118 ) ) ;
#2348 = LINE ( 'NONE', #4, #658 ) ;
#2349 = CIRCLE ( 'NONE', #1252, 2.249999999999984013 ) ;
#2350 = DIRECTION ( 'NONE',  ( 0.000000000000000000, 0.000000000000000000, -1.000000000000000000 ) ) ;
#2351 = CARTESIAN_POINT ( 'NONE',  ( 3.840629472727445933E-13, 499.9999999999998863, -49.99999999999998579 ) ) ;
#2352 = AXIS2_PLACEMENT_3D ( 'NONE', #1489, #2079, #2255 ) ;
#2353 = DATE_AND_TIME ( #2159, #16 ) ;
#2354 = DIRECTION ( 'NONE',  ( 1.000000000000000000, 0.000000000000000000, 0.000000000000000000 ) ) ;
#2355 = ORIENTED_EDGE ( 'NONE', *, *, #512, .F. ) ;
#2356 = EDGE_CURVE ( 'NONE', #2250, #1310, #1952, .T. ) ;
#2357 = DIRECTION ( 'NONE',  ( -0.000000000000000000, -1.000000000000000000, -0.000000000000000000 ) ) ;
#2358 = EDGE_LOOP ( 'NONE', ( #2060, #1998 ) ) ;
#2359 = LINE ( 'NONE', #1786, #1839 ) ;
#2360 = AXIS2_PLACEMENT_3D ( 'NONE', #1410, #2185, #1793 ) ;
#2361 = CARTESIAN_POINT ( 'NONE',  ( 2.250000000000368594, 569.9999999999998863, -49.99999999999998579 ) ) ;
#2362 = AXIS2_PLACEMENT_3D ( 'NONE', #1706, #2492, #2480 ) ;
#2363 = DATE_AND_TIME ( #1582, #216 ) ;
#2364 = EDGE_CURVE ( 'NONE', #1614, #219, #2388, .T. ) ;
#2365 = ADVANCED_FACE ( 'NONE', ( #437 ), #2401, .F. ) ;
#2366 = DIRECTION ( 'NONE',  ( 0.000000000000000000, 1.000000000000000000, 0.000000000000000000 ) ) ;
#2367 = ORIENTED_EDGE ( 'NONE', *, *, #998, .T. ) ;
#2368 = CARTESIAN_POINT ( 'NONE',  ( 40.00000000000000000, 0.000000000000000000, 49.99999999999998579 ) ) ;
#2369 = ORIENTED_EDGE ( 'NONE', *, *, #27, .T. ) ;
#2370 = CYLINDRICAL_SURFACE ( 'NONE', #1740, 4.500000000000003553 ) ;
#2371 = VECTOR ( 'NONE', #726, 1000.000000000000000 ) ;
#2372 = CARTESIAN_POINT ( 'NONE',  ( -2.249999999999599876, 499.9999999999998863, -49.99999999999998579 ) ) ;
#2373 = ADVANCED_FACE ( 'NONE', ( #2379, #267, #1607, #1627 ), #1802, .T. ) ;
#2374 = PERSON_AND_ORGANIZATION ( #2302, #1951 ) ;
#2375 = CIRCLE ( 'NONE', #1928, 4.500000000000003553 ) ;
#2376 = CARTESIAN_POINT ( 'NONE',  ( -160.0000000000000568, 10.00000000000000000, -160.0000000000000000 ) ) ;
#2377 = ORIENTED_EDGE ( 'NONE', *, *, #662, .F. ) ;
#2378 = EDGE_CURVE ( 'NONE', #177, #701, #43, .T. ) ;
#2379 = FACE_BOUND ( 'NONE', #556, .T. ) ;
#2380 = ORIENTED_EDGE ( 'NONE', *, *, #1962, .T. ) ;
#2381 = CARTESIAN_POINT ( 'NONE',  ( 40.00000000000000000, 0.000000000000000000, -49.99999999999999289 ) ) ;
#2382 = CARTESIAN_POINT ( 'NONE',  ( 50.00000000000000711, 0.000000000000000000, 39.99999999999999289 ) ) ;
#2383 = EDGE_CURVE ( 'NONE', #1350, #450, #850, .T. ) ;
#2384 = CARTESIAN_POINT ( 'NONE',  ( -60.00000000000000000, 0.000000000000000000, 39.99999999999999289 ) ) ;
#2385 = CALENDAR_DATE ( 2026, 26, 1 ) ;
#2386 = ORIENTED_EDGE ( 'NONE', *, *, #2412, .T. ) ;
#2387 = ORIENTED_EDGE ( 'NONE', *, *, #651, .T. ) ;
#2388 = LINE ( 'NONE', #254, #1312 ) ;
#2389 = AXIS2_PLACEMENT_3D ( 'NONE', #864, #1413, #88 ) ;
#2390 = EDGE_LOOP ( 'NONE', ( #2041, #2448, #559, #1303 ) ) ;
#2391 = DIRECTION ( 'NONE',  ( -0.000000000000000000, 1.000000000000000000, -0.000000000000000000 ) ) ;
#2392 = CIRCLE ( 'NONE', #211, 2.249999999999984013 ) ;
#2393 = EDGE_CURVE ( 'NONE', #2219, #1003, #1963, .T. ) ;
#2394 = VECTOR ( 'NONE', #1890, 1000.000000000000000 ) ;
#2395 = DIRECTION ( 'NONE',  ( 0.000000000000000000, 0.000000000000000000, 1.000000000000000000 ) ) ;
#2396 = DIRECTION ( 'NONE',  ( 0.000000000000000000, 1.000000000000000000, 0.000000000000000000 ) ) ;
#2397 = APPROVAL_PERSON_ORGANIZATION ( #2374, #1990, #1778 ) ;
#2398 = CIRCLE ( 'NONE', #218, 10.00000000000000178 ) ;
#2399 = VERTEX_POINT ( 'NONE', #838 ) ;
#2400 = ORIENTED_EDGE ( 'NONE', *, *, #2262, .T. ) ;
#2401 = CYLINDRICAL_SURFACE ( 'NONE', #1396, 2.250000000000000444 ) ;
#2402 = EDGE_CURVE ( 'NONE', #686, #534, #458, .T. ) ;
#2403 = ORIENTED_EDGE ( 'NONE', *, *, #327, .T. ) ;
#2404 = CARTESIAN_POINT ( 'NONE',  ( 2.250000000000384581, 429.9999999999998863, -49.99999999999998579 ) ) ;
#2405 = AXIS2_PLACEMENT_3D ( 'NONE', #475, #813, #2395 ) ;
#2406 = DIRECTION ( 'NONE',  ( -1.000000000000000000, -0.000000000000000000, -0.000000000000000000 ) ) ;
#2407 = ADVANCED_FACE ( 'NONE', ( #77 ), #676, .F. ) ;
#2408 = FACE_BOUND ( 'NONE', #881, .T. ) ;
#2409 = ORIENTED_EDGE ( 'NONE', *, *, #980, .F. ) ;
#2410 = ORIENTED_EDGE ( 'NONE', *, *, #2296, .F. ) ;
#2411 = EDGE_LOOP ( 'NONE', ( #1597, #1909, #2369, #1479, #1094, #2254, #468, #299 ) ) ;
#2412 = EDGE_CURVE ( 'NONE', #2471, #1187, #341, .T. ) ;
#2413 = CARTESIAN_POINT ( 'NONE',  ( -135.0000000000000000, 0.000000000000000000, -139.5000000000000000 ) ) ;
#2414 = CARTESIAN_POINT ( 'NONE',  ( -40.00000000000000000, 0.000000000000000000, 39.99999999999999289 ) ) ;
#2415 = DIRECTION ( 'NONE',  ( 0.000000000000000000, -0.000000000000000000, 1.000000000000000000 ) ) ;
#2416 = PRODUCT_DEFINITION_SHAPE ( 'NONE', 'NONE',  #811 ) ;
#2417 = EDGE_LOOP ( 'NONE', ( #951, #564, #2047, #2314 ) ) ;
#2418 = ORIENTED_EDGE ( 'NONE', *, *, #885, .F. ) ;
#2419 = VERTEX_POINT ( 'NONE', #2368 ) ;
#2420 = VECTOR ( 'NONE', #2142, 1000.000000000000000 ) ;
#2421 = LINE ( 'NONE', #700, #2313 ) ;
#2422 = ORIENTED_EDGE ( 'NONE', *, *, #1878, .F. ) ;
#2423 = DIRECTION ( 'NONE',  ( 0.000000000000000000, 0.000000000000000000, 1.000000000000000000 ) ) ;
#2424 = DIRECTION ( 'NONE',  ( 0.000000000000000000, -0.000000000000000000, 1.000000000000000000 ) ) ;
#2425 = ORIENTED_EDGE ( 'NONE', *, *, #2268, .T. ) ;
#2426 = AXIS2_PLACEMENT_3D ( 'NONE', #1093, #897, #359 ) ;
#2427 = DIRECTION ( 'NONE',  ( 0.000000000000000000, 0.000000000000000000, 1.000000000000000000 ) ) ;
#2428 = CIRCLE ( 'NONE', #13, 4.500000000000003553 ) ;
#2429 = PERSON_AND_ORGANIZATION_ROLE ( 'classification_officer' ) ;
#2430 = ORIENTED_EDGE ( 'NONE', *, *, #865, .F. ) ;
#2431 = ORIENTED_EDGE ( 'NONE', *, *, #1113, .T. ) ;
#2432 = LOCAL_TIME ( 2, 16, 3.000000000000000000, #1931 ) ;
#2433 = DIRECTION ( 'NONE',  ( -0.000000000000000000, 1.000000000000000000, -0.000000000000000000 ) ) ;
#2434 = ADVANCED_FACE ( 'NONE', ( #68 ), #1238, .T. ) ;
#2435 = AXIS2_PLACEMENT_3D ( 'NONE', #563, #1525, #2305 ) ;
#2436 = DIRECTION ( 'NONE',  ( 0.000000000000000000, 0.000000000000000000, -1.000000000000000000 ) ) ;
#2437 = EDGE_LOOP ( 'NONE', ( #1638, #730, #1473, #858 ) ) ;
#2438 = LINE ( 'NONE', #503, #2337 ) ;
#2439 = PRODUCT ( 'welding_v2', 'welding_v2', '', ( #367 ) ) ;
#2440 = DIRECTION ( 'NONE',  ( -1.000000000000000000, 0.000000000000000000, -0.000000000000000000 ) ) ;
#2441 = ORIENTED_EDGE ( 'NONE', *, *, #178, .F. ) ;
#2442 = DIRECTION ( 'NONE',  ( 1.000000000000000000, 0.000000000000000000, 0.000000000000000000 ) ) ;
#2443 = CC_DESIGN_DATE_AND_TIME_ASSIGNMENT ( #286, #671, ( #2030 ) ) ;
#2444 = APPROVAL_STATUS ( 'not_yet_approved' ) ;
#2445 = EDGE_CURVE ( 'NONE', #1285, #1675, #1212, .T. ) ;
#2446 = DIRECTION ( 'NONE',  ( 0.000000000000000000, 0.000000000000000000, -1.000000000000000000 ) ) ;
#2447 = ORIENTED_EDGE ( 'NONE', *, *, #552, .F. ) ;
#2448 = ORIENTED_EDGE ( 'NONE', *, *, #151, .F. ) ;
#2449 = ORIENTED_EDGE ( 'NONE', *, *, #2206, .T. ) ;
#2450 = EDGE_CURVE ( 'NONE', #697, #330, #2398, .T. ) ;
#2451 = CARTESIAN_POINT ( 'NONE',  ( 39.99999999999999289, 0.000000000000000000, -39.99999999999999289 ) ) ;
#2452 = AXIS2_PLACEMENT_3D ( 'NONE', #2491, #166, #2317 ) ;
#2453 = CARTESIAN_POINT ( 'NONE',  ( 3.840629472727445933E-13, 569.9999999999998863, -49.99999999999998579 ) ) ;
#2454 = EDGE_CURVE ( 'NONE', #964, #2104, #633, .T. ) ;
#2455 = CARTESIAN_POINT ( 'NONE',  ( 2.250000000000472955, 499.9999999999998863, -60.00001199999997681 ) ) ;
#2456 = ORIENTED_EDGE ( 'NONE', *, *, #167, .T. ) ;
#2457 = CARTESIAN_POINT ( 'NONE',  ( 135.0000000000000284, 0.000000000000000000, 134.9999999999999716 ) ) ;
#2458 = CARTESIAN_POINT ( 'NONE',  ( 135.0000000000000000, 0.000000000000000000, -130.5000000000000000 ) ) ;
#2459 = EDGE_LOOP ( 'NONE', ( #746, #719, #496, #1315 ) ) ;
#2460 = EDGE_CURVE ( 'NONE', #1495, #1896, #2278, .T. ) ;
#2461 = DIRECTION ( 'NONE',  ( -1.000000000000000000, 0.000000000000000000, -0.000000000000000000 ) ) ;
#2462 = SHAPE_REPRESENTATION_RELATIONSHIP ( 'NONE' , 'NONE' ,  #1191, #1841 ) ;
#2463 = ORIENTED_EDGE ( 'NONE', *, *, #1559, .F. ) ;
#2464 = VECTOR ( 'NONE', #1461, 1000.000000000000000 ) ;
#2465 = DIRECTION ( 'NONE',  ( 0.000000000000000000, 0.000000000000000000, 1.000000000000000000 ) ) ;
#2466 = CARTESIAN_POINT ( 'NONE',  ( 50.00000000000000711, 600.0000000000000000, -39.99999999999999289 ) ) ;
#2467 = DIRECTION ( 'NONE',  ( 3.491481338843133750E-15, 0.000000000000000000, -1.000000000000000000 ) ) ;
#2468 = ORIENTED_EDGE ( 'NONE', *, *, #682, .F. ) ;
#2469 = EDGE_CURVE ( 'NONE', #333, #1614, #1822, .T. ) ;
#2470 = CARTESIAN_POINT ( 'NONE',  ( -50.00000000000000711, 0.000000000000000000, -39.99999999999999289 ) ) ;
#2471 = VERTEX_POINT ( 'NONE', #631 ) ;
#2472 = VERTEX_POINT ( 'NONE', #1399 ) ;
#2473 = DIRECTION ( 'NONE',  ( 1.000000000000000000, 0.000000000000000000, 0.000000000000000000 ) ) ;
#2474 = DATE_TIME_ROLE ( 'creation_date' ) ;
#2475 = CC_DESIGN_APPROVAL ( #2259, ( #2030 ) ) ;
#2476 = ORIENTED_EDGE ( 'NONE', *, *, #1910, .F. ) ;
#2477 = DIRECTION ( 'NONE',  ( -1.047444401652940164E-14, 0.000000000000000000, 1.000000000000000000 ) ) ;
#2478 = LINE ( 'NONE', #1935, #1141 ) ;
#2479 = ADVANCED_FACE ( 'NONE', ( #2163 ), #1975, .F. ) ;
#2480 = DIRECTION ( 'NONE',  ( 0.000000000000000000, 0.000000000000000000, 1.000000000000000000 ) ) ;
#2481 = ORIENTED_EDGE ( 'NONE', *, *, #1063, .F. ) ;
#2482 = CARTESIAN_POINT ( 'NONE',  ( 2.250000000000472955, 499.9999999999998863, -60.00000000000000711 ) ) ;
#2483 = CC_DESIGN_DATE_AND_TIME_ASSIGNMENT ( #983, #2474, ( #1692 ) ) ;
#2484 = EDGE_LOOP ( 'NONE', ( #58, #2087, #479, #685 ) ) ;
#2485 = CARTESIAN_POINT ( 'NONE',  ( -39.99999999999999289, 0.000000000000000000, -39.99999999999999289 ) ) ;
#2486 = VECTOR ( 'NONE', #1741, 1000.000000000000000 ) ;
#2487 = DATE_AND_TIME ( #932, #2432 ) ;
#2488 = CIRCLE ( 'NONE', #1156, 2.250000000000000444 ) ;
#2489 = ORIENTED_EDGE ( 'NONE', *, *, #739, .T. ) ;
#2490 = CARTESIAN_POINT ( 'NONE',  ( -2.250000000000035527, 429.9999999999998863, 49.99999999999998579 ) ) ;
#2491 = CARTESIAN_POINT ( 'NONE',  ( -60.00000000000000000, 569.9999999999998863, 1.387778780781445676E-13 ) ) ;
#2492 = DIRECTION ( 'NONE',  ( -1.000000000000000000, 0.000000000000000000, 0.000000000000000000 ) ) ;
#2493 = EDGE_CURVE ( 'NONE', #1370, #2135, #290, .T. ) ;
#2494 = EDGE_LOOP ( 'NONE', ( #117, #1087, #1128, #494, #882, #1982, #1728, #521 ) ) ;
#2495 = VECTOR ( 'NONE', #2089, 1000.000000000000000 ) ;
#2496 = CARTESIAN_POINT ( 'NONE',  ( 50.00000000000000711, 0.000000000000000000, -39.99999999999999289 ) ) ;
#2497 = DIRECTION ( 'NONE',  ( -0.000000000000000000, 1.000000000000000000, -0.000000000000000000 ) ) ;
#2498 = DIRECTION ( 'NONE',  ( -0.000000000000000000, 1.000000000000000000, -0.000000000000000000 ) ) ;
#2499 = DIRECTION ( 'NONE',  ( 0.000000000000000000, 0.000000000000000000, 1.000000000000000000 ) ) ;
#2500 = CALENDAR_DATE ( 2026, 26, 1 ) ;
#2501 = LINE ( 'NONE', #1563, #1449 ) ;
#2502 = NEXT_ASSEMBLY_USAGE_OCCURRENCE ( 'NAUO1', ' ', ' ', #1692, #811, $ ) ;
#2503 = NEXT_ASSEMBLY_USAGE_OCCURRENCE ( 'NAUO2', ' ', ' ', #1692, #2335, $ ) ;
ENDSEC;
END-ISO-10303-21;
