ISO-10303-21;
HEADER;
FILE_DESCRIPTION (( 'STEP AP203' ),
    '1' );
FILE_NAME ('Angled Support.STEP',
    '2024-09-25T12:41:40',
    ( '' ),
    ( '' ),
    'SwSTEP 2.0',
    'SolidWorks 2023',
    '' );
FILE_SCHEMA (( 'CONFIG_CONTROL_DESIGN' ));
ENDSEC;

DATA;
#1 = EDGE_CURVE ( 'NONE', #1233, #1065, #454, .T. ) ;
#2 = ORIENTED_EDGE ( 'NONE', *, *, #366, .T. ) ;
#3 = CARTESIAN_POINT ( 'NONE',  ( 1.999999999999999556, 23.19999999999999218, 254.8299999999997851 ) ) ;
#4 = ADVANCED_FACE ( 'NONE', ( #1088 ), #465, .T. ) ;
#5 = VECTOR ( 'NONE', #409, 1000.000000000000000 ) ;
#6 = DIRECTION ( 'NONE',  ( 0.000000000000000000, -0.7071067811865383579, -0.7071067811865567876 ) ) ;
#7 = VERTEX_POINT ( 'NONE', #8 ) ;
#8 = CARTESIAN_POINT ( 'NONE',  ( 27.50000000000000711, 1.040834085586084257E-14, 231.6299999999991996 ) ) ;
#9 = DIRECTION ( 'NONE',  ( -0.000000000000000000, 0.7071067811865383579, 0.7071067811865567876 ) ) ;
#10 = VERTEX_POINT ( 'NONE', #641 ) ;
#11 = EDGE_CURVE ( 'NONE', #953, #896, #598, .T. ) ;
#12 = EDGE_LOOP ( 'NONE', ( #253, #1106, #2022, #1736 ) ) ;
#13 = EDGE_LOOP ( 'NONE', ( #332, #1169 ) ) ;
#14 = ADVANCED_FACE ( 'NONE', ( #850 ), #685, .F. ) ;
#15 = CARTESIAN_POINT ( 'NONE',  ( 2.000000000000000888, 6.800000000000000711, 238.4299999999993531 ) ) ;
#16 = ADVANCED_FACE ( 'NONE', ( #1638 ), #1139, .F. ) ;
#17 = CARTESIAN_POINT ( 'NONE',  ( 28.00000000000000355, 6.800000000000011369, 238.4299999999993531 ) ) ;
#18 = DIRECTION ( 'NONE',  ( 1.000000000000000000, 7.888609052210118054E-31, -7.888609052210200380E-31 ) ) ;
#19 = LINE ( 'NONE', #31, #1694 ) ;
#20 = DIRECTION ( 'NONE',  ( -0.7071067811865489050, 0.7071067811865462405, 0.000000000000000000 ) ) ;
#21 = DIRECTION ( 'NONE',  ( -1.000000000000000000, 0.000000000000000000, 0.000000000000000000 ) ) ;
#22 = VECTOR ( 'NONE', #46, 999.9999999999998863 ) ;
#23 = ORIENTED_EDGE ( 'NONE', *, *, #541, .F. ) ;
#24 = ORIENTED_EDGE ( 'NONE', *, *, #1194, .F. ) ;
#25 = DIRECTION ( 'NONE',  ( -1.000000000000000000, -8.462065736472233793E-16, -8.462065736472455661E-16 ) ) ;
#26 = EDGE_CURVE ( 'NONE', #1723, #953, #1788, .T. ) ;
#27 = VECTOR ( 'NONE', #1971, 1000.000000000000114 ) ;
#28 = DIRECTION ( 'NONE',  ( 1.000000000000000000, 0.000000000000000000, 0.000000000000000000 ) ) ;
#29 = AXIS2_PLACEMENT_3D ( 'NONE', #212, #1335, #1818 ) ;
#30 = AXIS2_PLACEMENT_3D ( 'NONE', #355, #102, #374 ) ;
#31 = CARTESIAN_POINT ( 'NONE',  ( 1.999999999999993117, 24.55000000000014282, 256.1799999999999500 ) ) ;
#32 = DIRECTION ( 'NONE',  ( 0.000000000000000000, -0.000000000000000000, 1.000000000000000000 ) ) ;
#33 = VECTOR ( 'NONE', #930, 1000.000000000000000 ) ;
#34 = CARTESIAN_POINT ( 'NONE',  ( 18.40000000000002700, 21.80000000000001847, 253.4299999999998363 ) ) ;
#35 = ORIENTED_EDGE ( 'NONE', *, *, #1563, .T. ) ;
#36 = ORIENTED_EDGE ( 'NONE', *, *, #1331, .F. ) ;
#37 = CARTESIAN_POINT ( 'NONE',  ( 6.799999999999989164, 27.99999999999999289, 259.6299999999999386 ) ) ;
#38 = CARTESIAN_POINT ( 'NONE',  ( 11.60000000000002807, 15.00000000000001954, 15.00000000000013856 ) ) ;
#39 = CARTESIAN_POINT ( 'NONE',  ( 12.31421356237306064, 10.90000000000000036, 19.10000000000020037 ) ) ;
#40 = DIRECTION ( 'NONE',  ( 0.000000000000000000, 0.000000000000000000, -1.000000000000000000 ) ) ;
#41 = PLANE ( 'NONE',  #520 ) ;
#42 = ORIENTED_EDGE ( 'NONE', *, *, #522, .F. ) ;
#43 = ORIENTED_EDGE ( 'NONE', *, *, #1334, .T. ) ;
#44 = LINE ( 'NONE', #3, #1982 ) ;
#45 = VERTEX_POINT ( 'NONE', #201 ) ;
#46 = DIRECTION ( 'NONE',  ( -4.487688048829326585E-16, 0.7071067811865383579, 0.7071067811865567876 ) ) ;
#47 = DIRECTION ( 'NONE',  ( -0.5773502691896221783, -0.5773502691896246208, 0.5773502691896305050 ) ) ;
#48 = CARTESIAN_POINT ( 'NONE',  ( 23.19999999999999574, 27.99999999999999645, 2.000000000000001776 ) ) ;
#49 = PLANE ( 'NONE',  #255 ) ;
#50 = ORIENTED_EDGE ( 'NONE', *, *, #154, .T. ) ;
#51 = VERTEX_POINT ( 'NONE', #1478 ) ;
#52 = VECTOR ( 'NONE', #1742, 1000.000000000000000 ) ;
#53 = EDGE_CURVE ( 'NONE', #1729, #1276, #1934, .T. ) ;
#54 = ORIENTED_EDGE ( 'NONE', *, *, #1025, .T. ) ;
#55 = DIRECTION ( 'NONE',  ( 8.462065736472233793E-16, -1.000000000000000000, 0.000000000000000000 ) ) ;
#56 = ORIENTED_EDGE ( 'NONE', *, *, #276, .F. ) ;
#57 = CARTESIAN_POINT ( 'NONE',  ( 28.14999999999999858, 26.50000000000000355, 258.1299999999998818 ) ) ;
#58 = CARTESIAN_POINT ( 'NONE',  ( 3.499999999999999556, 3.500000000000001332, -4.666904755831202678 ) ) ;
#59 = LINE ( 'NONE', #977, #1422 ) ;
#60 = VECTOR ( 'NONE', #1224, 999.9999999999998863 ) ;
#61 = MECHANICAL_CONTEXT ( 'NONE', #348, 'mechanical' ) ;
#62 = ORIENTED_EDGE ( 'NONE', *, *, #1906, .T. ) ;
#63 = EDGE_CURVE ( 'NONE', #1875, #270, #824, .T. ) ;
#64 = ORIENTED_EDGE ( 'NONE', *, *, #741, .F. ) ;
#65 = DIRECTION ( 'NONE',  ( 1.000000000000000000, 0.000000000000000000, 0.000000000000000000 ) ) ;
#66 = DIRECTION ( 'NONE',  ( -5.983584065105769437E-16, 0.7071067811865383579, 0.7071067811865567876 ) ) ;
#67 = DATE_AND_TIME ( #1496, #1261 ) ;
#68 = ADVANCED_FACE ( 'NONE', ( #1951 ), #1293, .F. ) ;
#69 = PLANE ( 'NONE',  #1654 ) ;
#70 = EDGE_CURVE ( 'NONE', #896, #1574, #1944, .T. ) ;
#71 = VERTEX_POINT ( 'NONE', #372 ) ;
#72 = CARTESIAN_POINT ( 'NONE',  ( 23.19999999999999574, 24.61421356237308444, 261.6299999999999955 ) ) ;
#73 = EDGE_CURVE ( 'NONE', #1080, #1584, #1959, .T. ) ;
#74 = DIRECTION ( 'NONE',  ( -8.462065736472226891E-16, 1.000000000000000000, 0.000000000000000000 ) ) ;
#75 = CARTESIAN_POINT ( 'NONE',  ( 24.85000000000000497, 3.500000000000011102, 235.1299999999992849 ) ) ;
#76 = FACE_OUTER_BOUND ( 'NONE', #502, .T. ) ;
#77 = VECTOR ( 'NONE', #1599, 1000.000000000000000 ) ;
#78 = EDGE_CURVE ( 'NONE', #613, #1607, #512, .T. ) ;
#79 = DIRECTION ( 'NONE',  ( 1.000000000000000000, 8.271065776972180550E-16, 0.000000000000000000 ) ) ;
#80 = CYLINDRICAL_SURFACE ( 'NONE', #396, 3.400000000000000355 ) ;
#81 = DIRECTION ( 'NONE',  ( 1.000000000000000000, 0.000000000000000000, 0.000000000000000000 ) ) ;
#82 = VECTOR ( 'NONE', #1628, 1000.000000000000000 ) ;
#83 = EDGE_LOOP ( 'NONE', ( #1489, #1244, #1761, #460 ) ) ;
#84 = CARTESIAN_POINT ( 'NONE',  ( 6.799999999999989164, 27.30710678118660795, 258.9371067811865146 ) ) ;
#85 = VECTOR ( 'NONE', #1196, 1000.000000000000000 ) ;
#86 = EDGE_CURVE ( 'NONE', #270, #1344, #1457, .T. ) ;
#87 = DIRECTION ( 'NONE',  ( -0.000000000000000000, -0.000000000000000000, -1.000000000000000000 ) ) ;
#88 = VECTOR ( 'NONE', #1766, 1000.000000000000114 ) ;
#89 = CARTESIAN_POINT ( 'NONE',  ( 0.000000000000000000, 19.09999999999999076, 10.90000000000012648 ) ) ;
#90 = VERTEX_POINT ( 'NONE', #1171 ) ;
#91 = CARTESIAN_POINT ( 'NONE',  ( 27.50000000000000711, 1.084202172485504434E-14, 30.00000000000032685 ) ) ;
#92 = CARTESIAN_POINT ( 'NONE',  ( 3.499999999999990230, 26.49999999999998934, -4.666904755831202678 ) ) ;
#93 = CARTESIAN_POINT ( 'NONE',  ( 27.99999999999999289, 23.20000000000000284, 261.6299999999999955 ) ) ;
#94 = ORIENTED_EDGE ( 'NONE', *, *, #1713, .T. ) ;
#95 = EDGE_CURVE ( 'NONE', #1999, #421, #1916, .T. ) ;
#96 = CARTESIAN_POINT ( 'NONE',  ( 6.800000000000000711, 2.000000000000000000, 28.00000000000030198 ) ) ;
#97 = FACE_OUTER_BOUND ( 'NONE', #426, .T. ) ;
#98 = CARTESIAN_POINT ( 'NONE',  ( 29.99999999999979394, 10.90000000000001279, 19.10000000000020037 ) ) ;
#99 = ORIENTED_EDGE ( 'NONE', *, *, #320, .T. ) ;
#100 = EDGE_CURVE ( 'NONE', #1174, #1080, #19, .T. ) ;
#101 = CARTESIAN_POINT ( 'NONE',  ( 24.61421356237310221, 6.800000000000028244, 23.20000000000027640 ) ) ;
#102 = DIRECTION ( 'NONE',  ( 0.000000000000000000, 0.000000000000000000, 1.000000000000000000 ) ) ;
#103 = CARTESIAN_POINT ( 'NONE',  ( 10.90000000000000036, 12.31421356237312814, 261.6299999999999955 ) ) ;
#104 = CARTESIAN_POINT ( 'NONE',  ( 27.50000000000000711, 2.500000000000010658, 261.6299999999999955 ) ) ;
#105 = ORIENTED_EDGE ( 'NONE', *, *, #633, .F. ) ;
#106 = CARTESIAN_POINT ( 'NONE',  ( 24.84999999999999432, 26.50000000000000355, 3.500000000000031086 ) ) ;
#107 = CARTESIAN_POINT ( 'NONE',  ( -2.602085213965210642E-15, 27.49999999999999289, 259.1299999999999386 ) ) ;
#108 = EDGE_CURVE ( 'NONE', #1251, #51, #1310, .T. ) ;
#109 = ORIENTED_EDGE ( 'NONE', *, *, #1262, .F. ) ;
#110 = CARTESIAN_POINT ( 'NONE',  ( 28.15000000000001279, 0.2000000000000092260, 231.8299999999992167 ) ) ;
#111 = AXIS2_PLACEMENT_3D ( 'NONE', #672, #797, #963 ) ;
#112 = CARTESIAN_POINT ( 'NONE',  ( 2.000000000000000000, 10.89999999999999325, 19.10000000000017195 ) ) ;
#113 = DIRECTION ( 'NONE',  ( -1.000000000000000000, -8.462065736472233793E-16, 0.000000000000000000 ) ) ;
#114 = ORIENTED_EDGE ( 'NONE', *, *, #1807, .F. ) ;
#115 = ORIENTED_EDGE ( 'NONE', *, *, #1630, .F. ) ;
#116 = AXIS2_PLACEMENT_3D ( 'NONE', #104, #908, #1837 ) ;
#117 = LINE ( 'NONE', #1202, #1132 ) ;
#118 = ORIENTED_EDGE ( 'NONE', *, *, #2023, .F. ) ;
#119 = VECTOR ( 'NONE', #976, 1000.000000000000227 ) ;
#120 = AXIS2_PLACEMENT_3D ( 'NONE', #939, #1589, #1882 ) ;
#121 = VERTEX_POINT ( 'NONE', #1799 ) ;
#122 =( BOUNDED_CURVE ( )  B_SPLINE_CURVE ( 3, ( #1796, #360, #1455, #810 ),
 .UNSPECIFIED., .F., .T. ) 
 B_SPLINE_CURVE_WITH_KNOTS ( ( 4, 4 ),
 ( 1.570796326794896558, 4.712388980384689674 ),
 .UNSPECIFIED. ) 
 CURVE ( )  GEOMETRIC_REPRESENTATION_ITEM ( )  RATIONAL_B_SPLINE_CURVE ( ( 1.000000000000000000, 0.3333333333333333703, 0.3333333333333333703, 1.000000000000000000 ) ) 
 REPRESENTATION_ITEM ( '' )  );
#123 = EDGE_LOOP ( 'NONE', ( #1975, #795, #544, #1082 ) ) ;
#124 = VECTOR ( 'NONE', #1577, 999.9999999999998863 ) ;
#125 = DIRECTION ( 'NONE',  ( 0.000000000000000000, -0.000000000000000000, 1.000000000000000000 ) ) ;
#126 = COORDINATED_UNIVERSAL_TIME_OFFSET ( 8, 0, .AHEAD. ) ;
#127 = CC_DESIGN_PERSON_AND_ORGANIZATION_ASSIGNMENT ( #593, #604, ( #723 ) ) ;
#128 = CARTESIAN_POINT ( 'NONE',  ( 11.60000000000002807, 15.00000000000001954, 246.6299999999996260 ) ) ;
#129 = FACE_OUTER_BOUND ( 'NONE', #1659, .T. ) ;
#130 = ORIENTED_EDGE ( 'NONE', *, *, #905, .F. ) ;
#131 = ORIENTED_EDGE ( 'NONE', *, *, #671, .F. ) ;
#132 = DIRECTION ( 'NONE',  ( -1.495896016276460602E-16, 0.7071067811865439090, -0.7071067811865512365 ) ) ;
#133 = EDGE_LOOP ( 'NONE', ( #1803, #1938, #1443, #1285 ) ) ;
#134 = VERTEX_POINT ( 'NONE', #1809 ) ;
#135 = CARTESIAN_POINT ( 'NONE',  ( 26.50000000000000711, 3.500000000000011102, -4.666904755831202678 ) ) ;
#136 = ADVANCED_FACE ( 'NONE', ( #1648 ), #1302, .T. ) ;
#137 = APPROVAL_ROLE ( '' ) ;
#138 = FACE_OUTER_BOUND ( 'NONE', #772, .T. ) ;
#139 = FACE_BOUND ( 'NONE', #261, .T. ) ;
#140 = EDGE_LOOP ( 'NONE', ( #900, #1664, #1680, #683 ) ) ;
#141 = DIRECTION ( 'NONE',  ( -1.000000000000000000, -8.462065736472226891E-16, 8.462065736472316624E-16 ) ) ;
#142 = EDGE_CURVE ( 'NONE', #1205, #953, #1970, .T. ) ;
#143 = VERTEX_POINT ( 'NONE', #1602 ) ;
#144 = ORIENTED_EDGE ( 'NONE', *, *, #63, .F. ) ;
#145 = DIRECTION ( 'NONE',  ( -0.000000000000000000, -0.000000000000000000, 1.000000000000000000 ) ) ;
#146 = ADVANCED_FACE ( 'NONE', ( #812 ), #860, .F. ) ;
#147 = CARTESIAN_POINT ( 'NONE',  ( -2.602085213965210642E-15, 27.49999999999999289, 259.1299999999999386 ) ) ;
#148 = CARTESIAN_POINT ( 'NONE',  ( 0.000000000000000000, 2.499999999999997780, 27.50000000000029488 ) ) ;
#149 = ORIENTED_EDGE ( 'NONE', *, *, #1477, .F. ) ;
#150 = VECTOR ( 'NONE', #1720, 1000.000000000000000 ) ;
#151 = ORIENTED_EDGE ( 'NONE', *, *, #1817, .T. ) ;
#152 = CARTESIAN_POINT ( 'NONE',  ( 2.000000000000000000, 10.90000000000000036, 242.5299999999994611 ) ) ;
#153 = CARTESIAN_POINT ( 'NONE',  ( 2.000000000000025757, -110.3649999999999096, 140.3650000000013449 ) ) ;
#154 = EDGE_CURVE ( 'NONE', #71, #1251, #704, .T. ) ;
#155 = EDGE_LOOP ( 'NONE', ( #935, #1954, #179, #1107 ) ) ;
#156 = VECTOR ( 'NONE', #711, 1000.000000000000000 ) ;
#157 = ORIENTED_EDGE ( 'NONE', *, *, #257, .F. ) ;
#158 = LINE ( 'NONE', #1940, #880 ) ;
#159 = VECTOR ( 'NONE', #499, 1000.000000000000000 ) ;
#160 = DIRECTION ( 'NONE',  ( 0.000000000000000000, 0.000000000000000000, -1.000000000000000000 ) ) ;
#161 = FACE_OUTER_BOUND ( 'NONE', #1210, .T. ) ;
#162 = EDGE_LOOP ( 'NONE', ( #724, #972, #2033, #443 ) ) ;
#163 = DIRECTION ( 'NONE',  ( -4.487688048829367014E-16, 0.7071067811865439090, -0.7071067811865512365 ) ) ;
#164 = DIRECTION ( 'NONE',  ( -0.000000000000000000, -0.000000000000000000, 1.000000000000000000 ) ) ;
#165 = EDGE_CURVE ( 'NONE', #1135, #708, #1855, .T. ) ;
#166 = ORIENTED_EDGE ( 'NONE', *, *, #725, .T. ) ;
#167 = ORIENTED_EDGE ( 'NONE', *, *, #905, .T. ) ;
#168 = ORIENTED_EDGE ( 'NONE', *, *, #1703, .T. ) ;
#169 = EDGE_LOOP ( 'NONE', ( #1785, #1879, #808, #1890 ) ) ;
#170 = DIRECTION ( 'NONE',  ( -0.000000000000000000, -0.000000000000000000, -1.000000000000000000 ) ) ;
#171 = CARTESIAN_POINT ( 'NONE',  ( 24.84999999999999787, 29.80000000000000426, 261.4299999999999500 ) ) ;
#172 = CARTESIAN_POINT ( 'NONE',  ( 23.19999999999999574, 28.00000000000000355, 2.000000000000057288 ) ) ;
#173 = DIRECTION ( 'NONE',  ( -0.000000000000000000, -0.000000000000000000, -1.000000000000000000 ) ) ;
#174 = LINE ( 'NONE', #668, #1590 ) ;
#175 = VERTEX_POINT ( 'NONE', #1519 ) ;
#176 = ORIENTED_EDGE ( 'NONE', *, *, #1249, .F. ) ;
#177 = EDGE_CURVE ( 'NONE', #1506, #1166, #235, .T. ) ;
#178 = UNCERTAINTY_MEASURE_WITH_UNIT (LENGTH_MEASURE( 1.000000000000000082E-05 ), #1962, 'distance_accuracy_value', 'NONE');
#179 = ORIENTED_EDGE ( 'NONE', *, *, #1617, .T. ) ;
#180 = PLANE ( 'NONE',  #187 ) ;
#181 = VECTOR ( 'NONE', #607, 1000.000000000000000 ) ;
#182 = CARTESIAN_POINT ( 'NONE',  ( 72.42640687119339304, 1.062533216046530708E-14, 30.00000000000030198 ) ) ;
#183 = ORIENTED_EDGE ( 'NONE', *, *, #1320, .T. ) ;
#184 = DIRECTION ( 'NONE',  ( -0.000000000000000000, 0.000000000000000000, -1.000000000000000000 ) ) ;
#185 = CARTESIAN_POINT ( 'NONE',  ( 5.754204700801618605E-15, 19.09999999999998721, 250.7299999999996771 ) ) ;
#186 = PLANE ( 'NONE',  #225 ) ;
#187 = AXIS2_PLACEMENT_3D ( 'NONE', #1786, #350, #358 ) ;
#188 = VERTEX_POINT ( 'NONE', #1666 ) ;
#189 = ORIENTED_EDGE ( 'NONE', *, *, #1622, .F. ) ;
#190 = ORIENTED_EDGE ( 'NONE', *, *, #1874, .F. ) ;
#191 = LINE ( 'NONE', #1316, #1794 ) ;
#192 = AXIS2_PLACEMENT_3D ( 'NONE', #1324, #40, #373 ) ;
#193 = CARTESIAN_POINT ( 'NONE',  ( 0.000000000000000000, 0.000000000000000000, 261.6299999999999955 ) ) ;
#194 =( BOUNDED_CURVE ( )  B_SPLINE_CURVE ( 3, ( #91, #220, #1671, #717 ),
 .UNSPECIFIED., .F., .F. ) 
 B_SPLINE_CURVE_WITH_KNOTS ( ( 4, 4 ),
 ( 3.141592653589793116, 4.712388980384696779 ),
 .UNSPECIFIED. ) 
 CURVE ( )  GEOMETRIC_REPRESENTATION_ITEM ( )  RATIONAL_B_SPLINE_CURVE ( ( 1.000000000000000000, 0.8047378541243632721, 0.8047378541243632721, 1.000000000000000000 ) ) 
 REPRESENTATION_ITEM ( '' )  );
#195 = CARTESIAN_POINT ( 'NONE',  ( 27.49999999999999645, 30.00000000000000355, -2.385244779468109755E-14 ) ) ;
#196 = CARTESIAN_POINT ( 'NONE',  ( 6.799999999999991829, 24.61421356237307378, 5.385786437626966183 ) ) ;
#197 = ORIENTED_EDGE ( 'NONE', *, *, #665, .T. ) ;
#198 = ORIENTED_EDGE ( 'NONE', *, *, #1242, .T. ) ;
#199 = LINE ( 'NONE', #1609, #77 ) ;
#200 = LINE ( 'NONE', #1765, #1541 ) ;
#201 = CARTESIAN_POINT ( 'NONE',  ( 5.385786437626886247, 23.19999999999999218, 254.8299999999997851 ) ) ;
#202 = CARTESIAN_POINT ( 'NONE',  ( 5.385786437626893353, 6.800000000000000711, 261.6299999999999955 ) ) ;
#203 = CALENDAR_DATE ( 2024, 25, 9 ) ;
#204 =( BOUNDED_CURVE ( )  B_SPLINE_CURVE ( 3, ( #649, #171, #849, #57 ),
 .UNSPECIFIED., .F., .T. ) 
 B_SPLINE_CURVE_WITH_KNOTS ( ( 4, 4 ),
 ( 4.712388980384689674, 7.853981633974482790 ),
 .UNSPECIFIED. ) 
 CURVE ( )  GEOMETRIC_REPRESENTATION_ITEM ( )  RATIONAL_B_SPLINE_CURVE ( ( 1.000000000000000000, 0.3333333333333333703, 0.3333333333333333703, 1.000000000000000000 ) ) 
 REPRESENTATION_ITEM ( '' )  );
#205 = EDGE_LOOP ( 'NONE', ( #1214, #735 ) ) ;
#206 = ORIENTED_EDGE ( 'NONE', *, *, #108, .F. ) ;
#207 = EDGE_CURVE ( 'NONE', #1751, #314, #1977, .T. ) ;
#208 = CARTESIAN_POINT ( 'NONE',  ( 5.149999999999999467, 6.800000000000003375, 23.20000000000024443 ) ) ;
#209 = ORIENTED_EDGE ( 'NONE', *, *, #383, .F. ) ;
#210 = DIRECTION ( 'NONE',  ( 1.000000000000000000, 8.462065736472226891E-16, 8.462065736472448758E-16 ) ) ;
#211 = EDGE_CURVE ( 'NONE', #311, #1979, #1394, .T. ) ;
#212 = CARTESIAN_POINT ( 'NONE',  ( 1.999999999999994005, 23.19999999999999218, 261.6299999999999955 ) ) ;
#213 = CARTESIAN_POINT ( 'NONE',  ( 17.68578643762693758, 19.10000000000000142, 250.7299999999996771 ) ) ;
#214 = DIRECTION ( 'NONE',  ( -8.462065736472226891E-16, 1.000000000000000000, 0.000000000000000000 ) ) ;
#215 = ORIENTED_EDGE ( 'NONE', *, *, #1093, .T. ) ;
#216 = EDGE_CURVE ( 'NONE', #1958, #478, #402, .T. ) ;
#217 = AXIS2_PLACEMENT_3D ( 'NONE', #72, #897, #709 ) ;
#218 = DIRECTION ( 'NONE',  ( -0.000000000000000000, -0.000000000000000000, -1.000000000000000000 ) ) ;
#219 = ORIENTED_EDGE ( 'NONE', *, *, #1482, .T. ) ;
#220 = CARTESIAN_POINT ( 'NONE',  ( 28.96446609406727291, 1.066267635339911152E-14, 30.00000000000032685 ) ) ;
#221 = AXIS2_PLACEMENT_3D ( 'NONE', #1415, #1691, #1581 ) ;
#222 = DIRECTION ( 'NONE',  ( 5.983584065105817755E-16, -0.7071067811865439090, 0.7071067811865512365 ) ) ;
#223 = LINE ( 'NONE', #185, #1690 ) ;
#224 = VECTOR ( 'NONE', #497, 999.9999999999998863 ) ;
#225 = AXIS2_PLACEMENT_3D ( 'NONE', #1946, #1572, #1263 ) ;
#226 = APPROVAL_ROLE ( '' ) ;
#227 = EDGE_CURVE ( 'NONE', #1236, #1751, #1683, .T. ) ;
#228 = ORIENTED_EDGE ( 'NONE', *, *, #1278, .F. ) ;
#229 = VECTOR ( 'NONE', #1350, 999.9999999999998863 ) ;
#230 = EDGE_CURVE ( 'NONE', #327, #121, #552, .T. ) ;
#231 = EDGE_CURVE ( 'NONE', #1585, #421, #1181, .T. ) ;
#232 = CARTESIAN_POINT ( 'NONE',  ( 2.500000000000000444, 4.774998987501154198E-17, 261.6299999999999955 ) ) ;
#233 = EDGE_LOOP ( 'NONE', ( #241, #1118, #1148, #780 ) ) ;
#234 = LINE ( 'NONE', #1681, #914 ) ;
#235 = LINE ( 'NONE', #542, #1389 ) ;
#236 = CARTESIAN_POINT ( 'NONE',  ( 28.14999999999999858, 26.50000000000000355, 258.1299999999998818 ) ) ;
#237 = ORIENTED_EDGE ( 'NONE', *, *, #1334, .F. ) ;
#238 = CARTESIAN_POINT ( 'NONE',  ( 102.2052621458757784, -73.61947570824902698, 103.6194757082501354 ) ) ;
#239 = EDGE_CURVE ( 'NONE', #519, #349, #1836, .T. ) ;
#240 = CARTESIAN_POINT ( 'NONE',  ( 10.90000000000000036, 2.000000000000000000, 261.6299999999999955 ) ) ;
#241 = ORIENTED_EDGE ( 'NONE', *, *, #1204, .T. ) ;
#242 = CARTESIAN_POINT ( 'NONE',  ( 2.499999999999986677, 29.99999999999999289, 261.6299999999999955 ) ) ;
#243 = FACE_OUTER_BOUND ( 'NONE', #927, .T. ) ;
#244 = LINE ( 'NONE', #1675, #156 ) ;
#245 = LINE ( 'NONE', #1512, #85 ) ;
#246 = LINE ( 'NONE', #2001, #857 ) ;
#247 = LINE ( 'NONE', #399, #1956 ) ;
#248 = ORIENTED_EDGE ( 'NONE', *, *, #1113, .T. ) ;
#249 = VECTOR ( 'NONE', #210, 1000.000000000000000 ) ;
#250 = CARTESIAN_POINT ( 'NONE',  ( 5.149999999999991473, 29.79999999999999361, 261.4299999999999500 ) ) ;
#251 = DIRECTION ( 'NONE',  ( -0.000000000000000000, -0.000000000000000000, -1.000000000000000000 ) ) ;
#252 = DIRECTION ( 'NONE',  ( -1.000000000000000000, -8.271065776972187453E-16, 0.000000000000000000 ) ) ;
#253 = ORIENTED_EDGE ( 'NONE', *, *, #844, .T. ) ;
#254 = DIRECTION ( 'NONE',  ( 1.000000000000000000, 0.000000000000000000, 0.000000000000000000 ) ) ;
#255 = AXIS2_PLACEMENT_3D ( 'NONE', #1470, #263, #837 ) ;
#256 = DIRECTION ( 'NONE',  ( 1.000000000000000000, 0.000000000000000000, 0.000000000000000000 ) ) ;
#257 = EDGE_CURVE ( 'NONE', #770, #1347, #898, .T. ) ;
#258 = VECTOR ( 'NONE', #1779, 1000.000000000000000 ) ;
#259 = CARTESIAN_POINT ( 'NONE',  ( 1.849999999999989431, 26.49999999999998934, 3.500000000000046629 ) ) ;
#260 = ORIENTED_EDGE ( 'NONE', *, *, #290, .F. ) ;
#261 = EDGE_LOOP ( 'NONE', ( #1774, #469 ) ) ;
#262 = DIRECTION ( 'NONE',  ( 7.888609052210118054E-31, -1.000000000000000000, 0.000000000000000000 ) ) ;
#263 = DIRECTION ( 'NONE',  ( 1.000000000000000000, 8.462065736472226891E-16, -0.000000000000000000 ) ) ;
#264 = DIRECTION ( 'NONE',  ( -0.000000000000000000, -0.000000000000000000, 1.000000000000000000 ) ) ;
#265 = FACE_OUTER_BOUND ( 'NONE', #410, .T. ) ;
#266 = EDGE_CURVE ( 'NONE', #415, #1166, #2058, .T. ) ;
#267 = ORIENTED_EDGE ( 'NONE', *, *, #394, .T. ) ;
#268 = CARTESIAN_POINT ( 'NONE',  ( 5.150000000000000355, 3.500000000000001332, 26.50000000000028066 ) ) ;
#269 = CARTESIAN_POINT ( 'NONE',  ( 27.99999999999999645, 24.55000000000014637, 256.1799999999999500 ) ) ;
#270 = VERTEX_POINT ( 'NONE', #1208 ) ;
#271 =( BOUNDED_CURVE ( )  B_SPLINE_CURVE ( 3, ( #1918, #1466, #1319, #510 ),
 .UNSPECIFIED., .F., .T. ) 
 B_SPLINE_CURVE_WITH_KNOTS ( ( 4, 4 ),
 ( 1.570796326794896780, 4.712388980384689674 ),
 .UNSPECIFIED. ) 
 CURVE ( )  GEOMETRIC_REPRESENTATION_ITEM ( )  RATIONAL_B_SPLINE_CURVE ( ( 1.000000000000000000, 0.3333333333333333703, 0.3333333333333333703, 1.000000000000000000 ) ) 
 REPRESENTATION_ITEM ( '' )  );
#272 = CARTESIAN_POINT ( 'NONE',  ( 10.89999999999999858, 17.68578643762686653, 261.6299999999999955 ) ) ;
#273 = DATE_TIME_ROLE ( 'classification_date' ) ;
#274 = LINE ( 'NONE', #1072, #1833 ) ;
#275 = DIRECTION ( 'NONE',  ( 1.000000000000000000, 0.000000000000000000, 0.000000000000000000 ) ) ;
#276 = EDGE_CURVE ( 'NONE', #1195, #436, #1508, .T. ) ;
#277 = ORIENTED_EDGE ( 'NONE', *, *, #1315, .T. ) ;
#278 = VERTEX_POINT ( 'NONE', #418 ) ;
#279 = EDGE_LOOP ( 'NONE', ( #2, #293, #2062, #575 ) ) ;
#280 = LINE ( 'NONE', #1387, #947 ) ;
#281 = AXIS2_PLACEMENT_3D ( 'NONE', #135, #125, #1752 ) ;
#282 = DIRECTION ( 'NONE',  ( -5.983584065105769437E-16, 0.7071067811865383579, 0.7071067811865567876 ) ) ;
#283 = PLANE ( 'NONE',  #993 ) ;
#284 = EDGE_LOOP ( 'NONE', ( #1012, #1299, #1432, #1142 ) ) ;
#285 = ORIENTED_EDGE ( 'NONE', *, *, #1477, .T. ) ;
#286 = AXIS2_PLACEMENT_3D ( 'NONE', #1221, #875, #81 ) ;
#287 = CARTESIAN_POINT ( 'NONE',  ( 24.84999999999999787, 29.80000000000000426, 0.1999999999999949041 ) ) ;
#288 = ADVANCED_FACE ( 'NONE', ( #243 ), #80, .F. ) ;
#289 = ORIENTED_EDGE ( 'NONE', *, *, #1367, .F. ) ;
#290 = EDGE_CURVE ( 'NONE', #327, #1344, #1698, .T. ) ;
#291 = VECTOR ( 'NONE', #173, 1000.000000000000000 ) ;
#292 = VECTOR ( 'NONE', #978, 1000.000000000000000 ) ;
#293 = ORIENTED_EDGE ( 'NONE', *, *, #1101, .T. ) ;
#294 = ADVANCED_FACE ( 'NONE', ( #562 ), #744, .F. ) ;
#295 = ORIENTED_EDGE ( 'NONE', *, *, #1807, .T. ) ;
#296 = CARTESIAN_POINT ( 'NONE',  ( 29.99999999999999645, 28.96446609406726935, 260.5944660940672293 ) ) ;
#297 = CARTESIAN_POINT ( 'NONE',  ( 19.09999999999999432, 30.00000000000000355, 0.000000000000000000 ) ) ;
#298 = CARTESIAN_POINT ( 'NONE',  ( 1.849999999999998312, 6.800000000000003375, 238.4299999999993531 ) ) ;
#299 = ORIENTED_EDGE ( 'NONE', *, *, #1933, .T. ) ;
#300 = ADVANCED_FACE ( 'NONE', ( #1864 ), #1015, .F. ) ;
#301 = ORIENTED_EDGE ( 'NONE', *, *, #359, .T. ) ;
#302 = PLANE ( 'NONE',  #221 ) ;
#303 = CARTESIAN_POINT ( 'NONE',  ( 10.89999999999998970, 29.00000000000002487, 260.6299999999999955 ) ) ;
#304 = EDGE_CURVE ( 'NONE', #868, #1205, #1753, .T. ) ;
#305 = ORIENTED_EDGE ( 'NONE', *, *, #165, .F. ) ;
#306 = ORIENTED_EDGE ( 'NONE', *, *, #1660, .F. ) ;
#307 = CARTESIAN_POINT ( 'NONE',  ( 10.89999999999998970, 27.99999999999999645, 261.6299999999999955 ) ) ;
#308 = CARTESIAN_POINT ( 'NONE',  ( 19.09999999999999432, 29.00000000000002842, 260.6299999999999955 ) ) ;
#309 = LINE ( 'NONE', #172, #554 ) ;
#310 = ADVANCED_FACE ( 'NONE', ( #606 ), #2036, .T. ) ;
#311 = VERTEX_POINT ( 'NONE', #1709 ) ;
#312 = LINE ( 'NONE', #98, #1889 ) ;
#313 = CARTESIAN_POINT ( 'NONE',  ( 19.10000000000000497, 2.000000000000001776, 28.00000000000027356 ) ) ;
#314 = VERTEX_POINT ( 'NONE', #112 ) ;
#315 = ORIENTED_EDGE ( 'NONE', *, *, #537, .F. ) ;
#316 = CARTESIAN_POINT ( 'NONE',  ( 23.19999999999999574, 28.00000000000000355, 259.6299999999999386 ) ) ;
#317 = CARTESIAN_POINT ( 'NONE',  ( 27.49999999999999645, 30.00000000000000355, -2.385244779468109755E-14 ) ) ;
#318 = CARTESIAN_POINT ( 'NONE',  ( 10.90000000000000036, 1.062533216046530708E-14, 30.00000000000030198 ) ) ;
#319 = VECTOR ( 'NONE', #1588, 1000.000000000000000 ) ;
#320 = EDGE_CURVE ( 'NONE', #1569, #647, #1230, .T. ) ;
#321 = ORIENTED_EDGE ( 'NONE', *, *, #1034, .F. ) ;
#322 = DIRECTION ( 'NONE',  ( -0.000000000000000000, -0.7071067811865439090, 0.7071067811865512365 ) ) ;
#323 = CARTESIAN_POINT ( 'NONE',  ( 11.60000000000002807, 15.00000000000001954, -9.616652224136990057 ) ) ;
#324 = EDGE_LOOP ( 'NONE', ( #1838, #389, #36, #740 ) ) ;
#325 = EDGE_CURVE ( 'NONE', #1506, #278, #500, .T. ) ;
#326 = ORIENTED_EDGE ( 'NONE', *, *, #1341, .F. ) ;
#327 = VERTEX_POINT ( 'NONE', #1881 ) ;
#328 = LINE ( 'NONE', #830, #2047 ) ;
#329 = VECTOR ( 'NONE', #920, 999.9999999999998863 ) ;
#330 = CARTESIAN_POINT ( 'NONE',  ( 28.00000000000002487, 6.800000000000011369, 238.4299999999993531 ) ) ;
#331 = LINE ( 'NONE', #965, #1329 ) ;
#332 = ORIENTED_EDGE ( 'NONE', *, *, #1038, .T. ) ;
#333 = PLANE ( 'NONE',  #886 ) ;
#334 = EDGE_CURVE ( 'NONE', #1237, #762, #451, .T. ) ;
#335 = CARTESIAN_POINT ( 'NONE',  ( 24.85000000000000853, 6.800000000000011369, 23.20000000000023377 ) ) ;
#336 = ADVANCED_BREP_SHAPE_REPRESENTATION ( 'Angled Support', ( #1095, #30 ), #660 ) ;
#337 = VERTEX_POINT ( 'NONE', #1721 ) ;
#338 = EDGE_LOOP ( 'NONE', ( #1745, #487, #176, #1857 ) ) ;
#339 = CARTESIAN_POINT ( 'NONE',  ( 30.00000000000000000, 10.90000000000001279, 261.6299999999999955 ) ) ;
#340 = EDGE_LOOP ( 'NONE', ( #1693, #1910, #1010, #1706 ) ) ;
#341 = DIRECTION ( 'NONE',  ( -1.000000000000000000, -8.462065736472233793E-16, -8.462065736472455661E-16 ) ) ;
#342 = DIRECTION ( 'NONE',  ( -2.115516434118065597E-16, 1.000000000000000000, 0.000000000000000000 ) ) ;
#343 =( BOUNDED_CURVE ( )  B_SPLINE_CURVE ( 3, ( #1696, #401, #1507, #390 ),
 .UNSPECIFIED., .F., .T. ) 
 B_SPLINE_CURVE_WITH_KNOTS ( ( 4, 4 ),
 ( 1.570796326794896558, 4.712388980384689674 ),
 .UNSPECIFIED. ) 
 CURVE ( )  GEOMETRIC_REPRESENTATION_ITEM ( )  RATIONAL_B_SPLINE_CURVE ( ( 1.000000000000000000, 0.3333333333333333703, 0.3333333333333333703, 1.000000000000000000 ) ) 
 REPRESENTATION_ITEM ( '' )  );
#344 = CARTESIAN_POINT ( 'NONE',  ( 1.999999999999996669, 19.09999999999999076, 261.6299999999999955 ) ) ;
#345 = CARTESIAN_POINT ( 'NONE',  ( 17.68578643762693758, 19.10000000000000142, 261.6299999999999955 ) ) ;
#346 = CARTESIAN_POINT ( 'NONE',  ( 27.99999999999999645, 19.10000000000000142, 10.90000000000013181 ) ) ;
#347 = ORIENTED_EDGE ( 'NONE', *, *, #1711, .T. ) ;
#348 = APPLICATION_CONTEXT ( 'configuration controlled 3d designs of mechanical parts and assemblies' ) ;
#349 = VERTEX_POINT ( 'NONE', #1085 ) ;
#350 = DIRECTION ( 'NONE',  ( 0.000000000000000000, -1.000000000000000000, 0.000000000000000000 ) ) ;
#351 = DIRECTION ( 'NONE',  ( -0.000000000000000000, -0.000000000000000000, -1.000000000000000000 ) ) ;
#352 = APPROVAL ( #1657, 'UNSPECIFIED' ) ;
#353 = CARTESIAN_POINT ( 'NONE',  ( 90.32911977096040346, -61.74333333333372309, 91.74333333333473206 ) ) ;
#354 = LINE ( 'NONE', #1800, #1126 ) ;
#355 = CARTESIAN_POINT ( 'NONE',  ( 0.000000000000000000, 0.000000000000000000, 0.000000000000000000 ) ) ;
#356 = AXIS2_PLACEMENT_3D ( 'NONE', #193, #28, #1476 ) ;
#357 = EDGE_LOOP ( 'NONE', ( #1225, #1366 ) ) ;
#358 = DIRECTION ( 'NONE',  ( 0.000000000000000000, -0.000000000000000000, -1.000000000000000000 ) ) ;
#359 = EDGE_CURVE ( 'NONE', #421, #1226, #798, .T. ) ;
#360 = CARTESIAN_POINT ( 'NONE',  ( 1.849999999999989209, 29.79999999999999361, 0.2000000000000109746 ) ) ;
#361 = VECTOR ( 'NONE', #1467, 1000.000000000000000 ) ;
#362 = CARTESIAN_POINT ( 'NONE',  ( -74.09088022903985404, -72.67666666666706021, 102.6766666666681402 ) ) ;
#363 = VECTOR ( 'NONE', #1978, 1000.000000000000000 ) ;
#364 = CARTESIAN_POINT ( 'NONE',  ( 29.99999999999998579, 29.99999999999998579, 261.6299999999999955 ) ) ;
#365 =( NAMED_UNIT ( * ) PLANE_ANGLE_UNIT ( ) SI_UNIT ( $, .RADIAN. ) );
#366 = EDGE_CURVE ( 'NONE', #2063, #1979, #1280, .T. ) ;
#367 = VERTEX_POINT ( 'NONE', #429 ) ;
#368 = ORIENTED_EDGE ( 'NONE', *, *, #1465, .T. ) ;
#369 = CARTESIAN_POINT ( 'NONE',  ( 10.90000000000000036, 2.000000000000000000, 233.6299999999992281 ) ) ;
#370 = EDGE_CURVE ( 'NONE', #1251, #1993, #274, .T. ) ;
#371 = DIRECTION ( 'NONE',  ( -0.7071067811865462405, -0.7071067811865489050, 0.000000000000000000 ) ) ;
#372 = CARTESIAN_POINT ( 'NONE',  ( 27.99999999999999645, 19.10000000000000142, 250.7299999999996771 ) ) ;
#373 = DIRECTION ( 'NONE',  ( -1.000000000000000000, 0.000000000000000000, 0.000000000000000000 ) ) ;
#374 = DIRECTION ( 'NONE',  ( 1.000000000000000000, 0.000000000000000000, 0.000000000000000000 ) ) ;
#375 = EDGE_CURVE ( 'NONE', #349, #1676, #618, .T. ) ;
#376 = ORIENTED_EDGE ( 'NONE', *, *, #177, .T. ) ;
#377 = LINE ( 'NONE', #232, #1798 ) ;
#378 = ORIENTED_EDGE ( 'NONE', *, *, #817, .T. ) ;
#379 = DIRECTION ( 'NONE',  ( -0.7071067811865483499, -0.7071067811865466846, 0.000000000000000000 ) ) ;
#380 = ADVANCED_FACE ( 'NONE', ( #138 ), #919, .F. ) ;
#381 = CARTESIAN_POINT ( 'NONE',  ( 12.31421356237306064, 10.90000000000000036, 261.6299999999999955 ) ) ;
#382 = LINE ( 'NONE', #1614, #1456 ) ;
#383 = EDGE_CURVE ( 'NONE', #1484, #1828, #1062, .T. ) ;
#384 = DATE_TIME_ROLE ( 'creation_date' ) ;
#385 = ADVANCED_FACE ( 'NONE', ( #1256 ), #1894, .T. ) ;
#386 = VERTEX_POINT ( 'NONE', #1099 ) ;
#387 = VECTOR ( 'NONE', #703, 1000.000000000000000 ) ;
#388 = CARTESIAN_POINT ( 'NONE',  ( 28.14999999999999858, 26.50000000000000355, 3.500000000000031086 ) ) ;
#389 = ORIENTED_EDGE ( 'NONE', *, *, #901, .T. ) ;
#390 = CARTESIAN_POINT ( 'NONE',  ( 5.149999999999990585, 26.49999999999998934, 258.1299999999998818 ) ) ;
#391 = CARTESIAN_POINT ( 'NONE',  ( 18.40000000000002700, 15.00000000000001954, -9.616652224136990057 ) ) ;
#392 = CARTESIAN_POINT ( 'NONE',  ( 6.799999999999989164, 27.99999999999999289, 2.000000000000057288 ) ) ;
#393 = AXIS2_PLACEMENT_3D ( 'NONE', #433, #1877, #256 ) ;
#394 = EDGE_CURVE ( 'NONE', #134, #1233, #1743, .T. ) ;
#395 = ORIENTED_EDGE ( 'NONE', *, *, #879, .F. ) ;
#396 = AXIS2_PLACEMENT_3D ( 'NONE', #720, #1996, #1054 ) ;
#397 = LINE ( 'NONE', #96, #831 ) ;
#398 =( BOUNDED_CURVE ( )  B_SPLINE_CURVE ( 3, ( #2046, #298, #440, #619 ),
 .UNSPECIFIED., .F., .T. ) 
 B_SPLINE_CURVE_WITH_KNOTS ( ( 4, 4 ),
 ( 4.712388980384689674, 7.853981633974482790 ),
 .UNSPECIFIED. ) 
 CURVE ( )  GEOMETRIC_REPRESENTATION_ITEM ( )  RATIONAL_B_SPLINE_CURVE ( ( 1.000000000000000000, 0.3333333333333333703, 0.3333333333333333703, 1.000000000000000000 ) ) 
 REPRESENTATION_ITEM ( '' )  );
#399 = CARTESIAN_POINT ( 'NONE',  ( -3.469446951953611033E-15, 19.09999999999998721, 261.6299999999999955 ) ) ;
#400 = VERTEX_POINT ( 'NONE', #147 ) ;
#401 = CARTESIAN_POINT ( 'NONE',  ( 1.849999999999989209, 23.19999999999998863, 254.8299999999997851 ) ) ;
#402 = LINE ( 'NONE', #866, #1056 ) ;
#403 = FACE_OUTER_BOUND ( 'NONE', #915, .T. ) ;
#404 = ORIENTED_EDGE ( 'NONE', *, *, #1320, .F. ) ;
#405 = LINE ( 'NONE', #736, #995 ) ;
#406 = CARTESIAN_POINT ( 'NONE',  ( 6.800000000000100187, -103.5078932188134502, 133.5078932188148144 ) ) ;
#407 = LINE ( 'NONE', #731, #1884 ) ;
#408 = CARTESIAN_POINT ( 'NONE',  ( 0.000000000000000000, 10.90000000000000036, 19.10000000000020037 ) ) ;
#409 = DIRECTION ( 'NONE',  ( 0.000000000000000000, 0.000000000000000000, -1.000000000000000000 ) ) ;
#410 = EDGE_LOOP ( 'NONE', ( #1911, #1559, #1846, #961 ) ) ;
#411 = LINE ( 'NONE', #2017, #1490 ) ;
#412 = CARTESIAN_POINT ( 'NONE',  ( -1.049801354158880740E-14, 28.96446609406725159, 260.5944660940672293 ) ) ;
#413 = CARTESIAN_POINT ( 'NONE',  ( 28.00000000000000000, 10.90000000000001101, 261.6299999999999955 ) ) ;
#414 = AXIS2_PLACEMENT_3D ( 'NONE', #2055, #2026, #1070 ) ;
#415 = VERTEX_POINT ( 'NONE', #786 ) ;
#416 = VECTOR ( 'NONE', #351, 1000.000000000000000 ) ;
#417 = DIRECTION ( 'NONE',  ( -1.000000000000000000, -8.462065736472226891E-16, 8.462065736472316624E-16 ) ) ;
#418 = CARTESIAN_POINT ( 'NONE',  ( 2.500000000000000444, 4.336808689942017736E-16, 30.00000000000032685 ) ) ;
#419 = LINE ( 'NONE', #1055, #1473 ) ;
#420 = VECTOR ( 'NONE', #1819, 1000.000000000000000 ) ;
#421 = VERTEX_POINT ( 'NONE', #317 ) ;
#422 = PLANE ( 'NONE',  #1861 ) ;
#423 = VECTOR ( 'NONE', #164, 1000.000000000000000 ) ;
#424 = AXIS2_PLACEMENT_3D ( 'NONE', #58, #1487, #666 ) ;
#425 = LOCAL_TIME ( 20, 41, 40.00000000000000000, #1388 ) ;
#426 = EDGE_LOOP ( 'NONE', ( #56, #2003, #166, #1068 ) ) ;
#427 = EDGE_CURVE ( 'NONE', #1701, #311, #1423, .T. ) ;
#428 = CARTESIAN_POINT ( 'NONE',  ( 10.89999999999998792, 30.00000000000000000, 261.6299999999999955 ) ) ;
#429 = CARTESIAN_POINT ( 'NONE',  ( 17.68578643762694469, 10.90000000000000213, 242.5299999999994611 ) ) ;
#430 = CYLINDRICAL_SURFACE ( 'NONE', #1265, 3.400000000000000355 ) ;
#431 = VERTEX_POINT ( 'NONE', #38 ) ;
#432 = CARTESIAN_POINT ( 'NONE',  ( 12.31421356237304110, 19.10000000000000497, 10.90000000000014602 ) ) ;
#433 = CARTESIAN_POINT ( 'NONE',  ( 3.499999999999999556, 3.500000000000001332, -4.666904755831202678 ) ) ;
#434 = AXIS2_PLACEMENT_3D ( 'NONE', #574, #113, #543 ) ;
#435 = ORIENTED_EDGE ( 'NONE', *, *, #320, .F. ) ;
#436 = VERTEX_POINT ( 'NONE', #697 ) ;
#437 = CARTESIAN_POINT ( 'NONE',  ( 30.00000000000000711, 2.500000000000014211, 27.50000000000027001 ) ) ;
#438 = PERSON_AND_ORGANIZATION ( #1071, #1189 ) ;
#439 = DIRECTION ( 'NONE',  ( 5.983584065105817755E-16, -0.7071067811865439090, 0.7071067811865512365 ) ) ;
#440 = CARTESIAN_POINT ( 'NONE',  ( 5.150000000000000355, 6.800000000000003375, 238.4299999999993531 ) ) ;
#441 = EDGE_CURVE ( 'NONE', #750, #436, #271, .T. ) ;
#442 = EDGE_CURVE ( 'NONE', #480, #2039, #1950, .T. ) ;
#443 = ORIENTED_EDGE ( 'NONE', *, *, #1, .T. ) ;
#444 = ORIENTED_EDGE ( 'NONE', *, *, #100, .F. ) ;
#445 = EDGE_CURVE ( 'NONE', #1607, #278, #495, .T. ) ;
#446 = LINE ( 'NONE', #1704, #1554 ) ;
#447 = ORIENTED_EDGE ( 'NONE', *, *, #1778, .F. ) ;
#448 = ORIENTED_EDGE ( 'NONE', *, *, #1695, .T. ) ;
#449 = ORIENTED_EDGE ( 'NONE', *, *, #207, .T. ) ;
#450 = DIRECTION ( 'NONE',  ( -0.000000000000000000, -0.000000000000000000, -1.000000000000000000 ) ) ;
#451 = LINE ( 'NONE', #1555, #1558 ) ;
#452 = DIRECTION ( 'NONE',  ( -5.983584065105817755E-16, 0.7071067811865439090, -0.7071067811865512365 ) ) ;
#453 = VERTEX_POINT ( 'NONE', #834 ) ;
#454 = LINE ( 'NONE', #1114, #1160 ) ;
#455 = FACE_OUTER_BOUND ( 'NONE', #1564, .T. ) ;
#456 = EDGE_CURVE ( 'NONE', #1135, #90, #122, .T. ) ;
#457 = FACE_OUTER_BOUND ( 'NONE', #338, .T. ) ;
#458 = AXIS2_PLACEMENT_3D ( 'NONE', #1345, #1201, #1057 ) ;
#459 = ORIENTED_EDGE ( 'NONE', *, *, #1527, .F. ) ;
#460 = ORIENTED_EDGE ( 'NONE', *, *, #1781, .T. ) ;
#461 = LINE ( 'NONE', #272, #1583 ) ;
#462 = ADVANCED_FACE ( 'NONE', ( #1137 ), #974, .F. ) ;
#463 = DIRECTION ( 'NONE',  ( 1.000000000000000000, 8.462065736472233793E-16, -0.000000000000000000 ) ) ;
#464 = CARTESIAN_POINT ( 'NONE',  ( 19.10000000000010445, -108.3149999999999267, 138.3150000000013620 ) ) ;
#465 = PLANE ( 'NONE',  #1090 ) ;
#466 = DIRECTION ( 'NONE',  ( 1.000000000000000000, 8.462065736472226891E-16, -0.000000000000000000 ) ) ;
#467 = LINE ( 'NONE', #743, #623 ) ;
#468 = ORIENTED_EDGE ( 'NONE', *, *, #359, .F. ) ;
#469 = ORIENTED_EDGE ( 'NONE', *, *, #1843, .T. ) ;
#470 = EDGE_CURVE ( 'NONE', #1701, #367, #1290, .T. ) ;
#471 = CARTESIAN_POINT ( 'NONE',  ( 24.84999999999999432, 26.50000000000000355, -4.666904755831202678 ) ) ;
#472 = DIRECTION ( 'NONE',  ( 0.000000000000000000, -0.000000000000000000, 1.000000000000000000 ) ) ;
#473 =( BOUNDED_CURVE ( )  B_SPLINE_CURVE ( 3, ( #589, #903, #287, #1859 ),
 .UNSPECIFIED., .F., .T. ) 
 B_SPLINE_CURVE_WITH_KNOTS ( ( 4, 4 ),
 ( 1.570796326794896780, 4.712388980384689674 ),
 .UNSPECIFIED. ) 
 CURVE ( )  GEOMETRIC_REPRESENTATION_ITEM ( )  RATIONAL_B_SPLINE_CURVE ( ( 1.000000000000000000, 0.3333333333333333703, 0.3333333333333333703, 1.000000000000000000 ) ) 
 REPRESENTATION_ITEM ( '' )  );
#474 = DIRECTION ( 'NONE',  ( 1.000000000000000000, 7.888609052210118054E-31, 7.888609052210324746E-31 ) ) ;
#475 = VERTEX_POINT ( 'NONE', #1647 ) ;
#476 = CARTESIAN_POINT ( 'NONE',  ( 30.00000000000001066, 1.269309860470834290E-14, 261.6299999999999955 ) ) ;
#477 = LINE ( 'NONE', #1429, #1219 ) ;
#478 = VERTEX_POINT ( 'NONE', #1004 ) ;
#479 = ORIENTED_EDGE ( 'NONE', *, *, #506, .F. ) ;
#480 = VERTEX_POINT ( 'NONE', #17 ) ;
#481 = DIRECTION ( 'NONE',  ( -0.000000000000000000, -0.000000000000000000, -1.000000000000000000 ) ) ;
#482 = ADVANCED_FACE ( 'NONE', ( #521 ), #1930, .F. ) ;
#483 = DIRECTION ( 'NONE',  ( -1.000000000000000000, 0.000000000000000000, 0.000000000000000000 ) ) ;
#484 = CARTESIAN_POINT ( 'NONE',  ( 10.90000000000000036, 22.50000000000019540, 254.1299999999999670 ) ) ;
#485 = VECTOR ( 'NONE', #707, 1000.000000000000114 ) ;
#486 = ORIENTED_EDGE ( 'NONE', *, *, #257, .T. ) ;
#487 = ORIENTED_EDGE ( 'NONE', *, *, #1700, .T. ) ;
#488 = CARTESIAN_POINT ( 'NONE',  ( 72.42640687119339304, 30.00000000000000355, 261.6299999999999955 ) ) ;
#489 = PLANE ( 'NONE',  #1830 ) ;
#490 = EDGE_LOOP ( 'NONE', ( #1452, #260, #1955, #1643 ) ) ;
#491 = VECTOR ( 'NONE', #163, 999.9999999999998863 ) ;
#492 = ORIENTED_EDGE ( 'NONE', *, *, #1337, .F. ) ;
#493 = DIRECTION ( 'NONE',  ( -5.578088954947329482E-31, 0.7071067811865439090, -0.7071067811865512365 ) ) ;
#494 = AXIS2_PLACEMENT_3D ( 'NONE', #2028, #160, #754 ) ;
#495 = LINE ( 'NONE', #182, #1485 ) ;
#496 = DIRECTION ( 'NONE',  ( -0.5773502691896191807, -0.5773502691896214012, -0.5773502691896366112 ) ) ;
#497 = DIRECTION ( 'NONE',  ( 0.000000000000000000, -0.7071067811865439090, 0.7071067811865512365 ) ) ;
#498 = CARTESIAN_POINT ( 'NONE',  ( 23.19999999999999574, 24.61421356237308444, 256.2442135623728632 ) ) ;
#499 = DIRECTION ( 'NONE',  ( -1.000000000000000000, -7.888609052210118054E-31, 7.888609052210200380E-31 ) ) ;
#500 =( BOUNDED_CURVE ( )  B_SPLINE_CURVE ( 3, ( #1435, #2060, #1240, #1872 ),
 .UNSPECIFIED., .F., .F. ) 
 B_SPLINE_CURVE_WITH_KNOTS ( ( 4, 4 ),
 ( 1.570796326794895670, 3.141592653589793116 ),
 .UNSPECIFIED. ) 
 CURVE ( )  GEOMETRIC_REPRESENTATION_ITEM ( )  RATIONAL_B_SPLINE_CURVE ( ( 1.000000000000000000, 0.8047378541243648264, 0.8047378541243648264, 1.000000000000000000 ) ) 
 REPRESENTATION_ITEM ( '' )  );
#501 = ORIENTED_EDGE ( 'NONE', *, *, #1397, .F. ) ;
#502 = EDGE_LOOP ( 'NONE', ( #1749, #149, #1560, #1907 ) ) ;
#503 = DIRECTION ( 'NONE',  ( -5.983584065105769437E-16, 0.7071067811865383579, 0.7071067811865567876 ) ) ;
#504 = CARTESIAN_POINT ( 'NONE',  ( 10.90000000000000036, 15.00000000000000000, 261.6299999999999955 ) ) ;
#505 = CARTESIAN_POINT ( 'NONE',  ( 1.999999999999994005, 23.19999999999999218, 261.6299999999999955 ) ) ;
#506 = EDGE_CURVE ( 'NONE', #1999, #51, #1637, .T. ) ;
#507 = ORIENTED_EDGE ( 'NONE', *, *, #1101, .F. ) ;
#508 = ORIENTED_EDGE ( 'NONE', *, *, #741, .T. ) ;
#509 = CARTESIAN_POINT ( 'NONE',  ( 11.60000000000002984, 21.80000000000001847, 8.200000000000072120 ) ) ;
#510 = CARTESIAN_POINT ( 'NONE',  ( 1.849999999999998979, 3.500000000000001332, 235.1299999999992849 ) ) ;
#511 = EDGE_CURVE ( 'NONE', #1924, #829, #822, .T. ) ;
#512 = LINE ( 'NONE', #1613, #923 ) ;
#513 = DIRECTION ( 'NONE',  ( 0.5773502691896198469, -0.5773502691896210681, -0.5773502691896361672 ) ) ;
#514 = PERSON_AND_ORGANIZATION_ROLE ( 'creator' ) ;
#515 = VERTEX_POINT ( 'NONE', #1624 ) ;
#516 = EDGE_CURVE ( 'NONE', #549, #480, #1941, .T. ) ;
#517 = FACE_OUTER_BOUND ( 'NONE', #83, .T. ) ;
#518 = VECTOR ( 'NONE', #66, 999.9999999999998863 ) ;
#519 = VERTEX_POINT ( 'NONE', #1445 ) ;
#520 = AXIS2_PLACEMENT_3D ( 'NONE', #1651, #214, #1155 ) ;
#521 = FACE_OUTER_BOUND ( 'NONE', #1943, .T. ) ;
#522 = EDGE_CURVE ( 'NONE', #45, #1729, #200, .T. ) ;
#523 = VECTOR ( 'NONE', #1153, 1000.000000000000114 ) ;
#524 = CC_DESIGN_SECURITY_CLASSIFICATION ( #2025, ( #723 ) ) ;
#525 = DIRECTION ( 'NONE',  ( 1.000000000000000000, 0.000000000000000000, -0.000000000000000000 ) ) ;
#526 = DIRECTION ( 'NONE',  ( 1.000000000000000000, 8.462065736472233793E-16, -8.462065736472321554E-16 ) ) ;
#527 = CARTESIAN_POINT ( 'NONE',  ( 6.800000000000000711, 17.69289321881378285, 249.3228932188134195 ) ) ;
#528 = EDGE_LOOP ( 'NONE', ( #1426, #769, #301, #1408 ) ) ;
#529 = ORIENTED_EDGE ( 'NONE', *, *, #1247, .F. ) ;
#530 = DIRECTION ( 'NONE',  ( -1.000000000000000000, -6.346549302354167703E-16, 0.000000000000000000 ) ) ;
#531 = ORIENTED_EDGE ( 'NONE', *, *, #1042, .F. ) ;
#532 = ADVANCED_FACE ( 'NONE', ( #841 ), #1600, .F. ) ;
#533 = CARTESIAN_POINT ( 'NONE',  ( 19.10000000000000497, 2.000000000000003553, 261.6299999999999955 ) ) ;
#534 = CARTESIAN_POINT ( 'NONE',  ( 2.000000000000000888, 6.800000000000000711, 23.20000000000024798 ) ) ;
#535 = DIRECTION ( 'NONE',  ( 0.000000000000000000, 0.000000000000000000, -1.000000000000000000 ) ) ;
#536 = EDGE_LOOP ( 'NONE', ( #248, #376, #215, #922 ) ) ;
#537 = EDGE_CURVE ( 'NONE', #475, #1750, #204, .T. ) ;
#538 = FACE_OUTER_BOUND ( 'NONE', #2048, .T. ) ;
#539 = ORIENTED_EDGE ( 'NONE', *, *, #239, .F. ) ;
#540 = LINE ( 'NONE', #551, #687 ) ;
#541 = EDGE_CURVE ( 'NONE', #188, #932, #1808, .T. ) ;
#542 = CARTESIAN_POINT ( 'NONE',  ( 0.000000000000000000, 2.500000000000000000, 261.6299999999999955 ) ) ;
#543 = DIRECTION ( 'NONE',  ( 8.462065736472233793E-16, -1.000000000000000000, 0.000000000000000000 ) ) ;
#544 = ORIENTED_EDGE ( 'NONE', *, *, #884, .T. ) ;
#545 = DIRECTION ( 'NONE',  ( -0.5773502691896227335, 0.5773502691896241767, -0.5773502691896302830 ) ) ;
#546 = VECTOR ( 'NONE', #983, 1000.000000000000000 ) ;
#547 =( BOUNDED_CURVE ( )  B_SPLINE_CURVE ( 3, ( #592, #1870, #296, #937 ),
 .UNSPECIFIED., .F., .T. ) 
 B_SPLINE_CURVE_WITH_KNOTS ( ( 4, 4 ),
 ( 3.141592653589793116, 4.712388980384688786 ),
 .UNSPECIFIED. ) 
 CURVE ( )  GEOMETRIC_REPRESENTATION_ITEM ( )  RATIONAL_B_SPLINE_CURVE ( ( 1.000000000000000000, 0.8047378541243652705, 0.8047378541243652705, 1.000000000000000000 ) ) 
 REPRESENTATION_ITEM ( '' )  );
#548 = DIRECTION ( 'NONE',  ( -1.000000000000000000, -1.909999595000459091E-17, 0.000000000000000000 ) ) ;
#549 = VERTEX_POINT ( 'NONE', #664 ) ;
#550 = AXIS2_PLACEMENT_3D ( 'NONE', #1491, #700, #548 ) ;
#551 = CARTESIAN_POINT ( 'NONE',  ( 2.000000000000000000, 10.90000000000000036, 261.6299999999999955 ) ) ;
#552 = LINE ( 'NONE', #874, #662 ) ;
#553 = LINE ( 'NONE', #889, #1860 ) ;
#554 = VECTOR ( 'NONE', #1100, 1000.000000000000000 ) ;
#555 = ORIENTED_EDGE ( 'NONE', *, *, #1397, .T. ) ;
#556 = VECTOR ( 'NONE', #732, 1000.000000000000000 ) ;
#557 = CARTESIAN_POINT ( 'NONE',  ( 18.40000000000002700, 8.200000000000022382, 21.80000000000020322 ) ) ;
#558 = CC_DESIGN_PERSON_AND_ORGANIZATION_ASSIGNMENT ( #1802, #677, ( #1642 ) ) ;
#559 = DIRECTION ( 'NONE',  ( 0.5773502691896221783, 0.5773502691896246208, -0.5773502691896305050 ) ) ;
#560 = EDGE_LOOP ( 'NONE', ( #321, #228, #189, #689 ) ) ;
#561 = DIRECTION ( 'NONE',  ( 8.462065736472226891E-16, -1.000000000000000000, 0.000000000000000000 ) ) ;
#562 = FACE_OUTER_BOUND ( 'NONE', #528, .T. ) ;
#563 = LINE ( 'NONE', #2007, #5 ) ;
#564 = ORIENTED_EDGE ( 'NONE', *, *, #1650, .F. ) ;
#565 = DIRECTION ( 'NONE',  ( 0.000000000000000000, -1.000000000000000000, 0.000000000000000000 ) ) ;
#566 = DIRECTION ( 'NONE',  ( 1.000000000000000000, 6.346549302354176578E-16, -0.000000000000000000 ) ) ;
#567 = LINE ( 'NONE', #1974, #485 ) ;
#568 = ADVANCED_FACE ( 'NONE', ( #1301 ), #858, .T. ) ;
#569 = ORIENTED_EDGE ( 'NONE', *, *, #1341, .T. ) ;
#570 = CARTESIAN_POINT ( 'NONE',  ( 6.800000000000000711, 5.385786437626918222, 261.6299999999999955 ) ) ;
#571 = CARTESIAN_POINT ( 'NONE',  ( 10.89999999999999325, 30.00000000000000355, 261.6299999999999955 ) ) ;
#572 = EDGE_CURVE ( 'NONE', #945, #762, #194, .T. ) ;
#573 = CARTESIAN_POINT ( 'NONE',  ( 1.035533905932737975, 0.000000000000000000, 231.6299999999991144 ) ) ;
#574 = CARTESIAN_POINT ( 'NONE',  ( -1.269309860470834606E-14, 29.99999999999998934, 261.6299999999999955 ) ) ;
#575 = ORIENTED_EDGE ( 'NONE', *, *, #1289, .T. ) ;
#576 = DIRECTION ( 'NONE',  ( 0.5773502691896227335, -0.5773502691896241767, 0.5773502691896302830 ) ) ;
#577 = CARTESIAN_POINT ( 'NONE',  ( 28.15000000000000213, 23.20000000000000284, 6.800000000000067324 ) ) ;
#578 = EDGE_CURVE ( 'NONE', #1102, #314, #540, .T. ) ;
#579 = VECTOR ( 'NONE', #996, 1000.000000000000114 ) ;
#580 = ORIENTED_EDGE ( 'NONE', *, *, #26, .F. ) ;
#581 = EDGE_CURVE ( 'NONE', #708, #979, #343, .T. ) ;
#582 = CARTESIAN_POINT ( 'NONE',  ( 27.99999999999999645, 23.19999999999999929, 6.800000000000055778 ) ) ;
#583 = VECTOR ( 'NONE', #1738, 999.9999999999998863 ) ;
#584 = DIRECTION ( 'NONE',  ( 1.909999595000538285E-17, -1.000000000000000000, 0.000000000000000000 ) ) ;
#585 = DIRECTION ( 'NONE',  ( -1.000000000000000000, 0.000000000000000000, 0.000000000000000000 ) ) ;
#586 = ORIENTED_EDGE ( 'NONE', *, *, #966, .T. ) ;
#587 = CARTESIAN_POINT ( 'NONE',  ( 28.00000000000000355, 6.800000000000011369, 23.20000000000024798 ) ) ;
#588 = AXIS2_PLACEMENT_3D ( 'NONE', #811, #1777, #650 ) ;
#589 = CARTESIAN_POINT ( 'NONE',  ( 28.14999999999999858, 26.50000000000000355, 3.500000000000031086 ) ) ;
#590 = EDGE_LOOP ( 'NONE', ( #305, #624, #1813, #1598 ) ) ;
#591 = ADVANCED_FACE ( 'NONE', ( #1824 ), #1493, .T. ) ;
#592 = CARTESIAN_POINT ( 'NONE',  ( 27.49999999999999645, 30.00000000000000355, 261.6299999999999955 ) ) ;
#593 = PERSON_AND_ORGANIZATION ( #1071, #1189 ) ;
#594 = EDGE_CURVE ( 'NONE', #143, #1616, #1022, .T. ) ;
#595 = CARTESIAN_POINT ( 'NONE',  ( 24.85000000000000497, 3.500000000000011102, -4.666904755831202678 ) ) ;
#596 = CARTESIAN_POINT ( 'NONE',  ( 5.149999999999990585, 26.49999999999998934, -4.666904755831202678 ) ) ;
#597 = ORIENTED_EDGE ( 'NONE', *, *, #95, .F. ) ;
#598 = LINE ( 'NONE', #2031, #1131 ) ;
#599 = DIRECTION ( 'NONE',  ( 1.495896016276449015E-16, -0.7071067811865383579, -0.7071067811865567876 ) ) ;
#600 = EDGE_LOOP ( 'NONE', ( #1078, #1705, #237, #856 ) ) ;
#601 = ORIENTED_EDGE ( 'NONE', *, *, #230, .F. ) ;
#602 = CARTESIAN_POINT ( 'NONE',  ( 28.00000000000000000, 10.90000000000001101, 261.6299999999999955 ) ) ;
#603 =( BOUNDED_CURVE ( )  B_SPLINE_CURVE ( 3, ( #1757, #1909, #34, #1092 ),
 .UNSPECIFIED., .F., .F. ) 
 B_SPLINE_CURVE_WITH_KNOTS ( ( 4, 4 ),
 ( 4.712388980384689674, 7.853981633974482790 ),
 .UNSPECIFIED. ) 
 CURVE ( )  GEOMETRIC_REPRESENTATION_ITEM ( )  RATIONAL_B_SPLINE_CURVE ( ( 1.000000000000000000, 0.3333333333333333703, 0.3333333333333333703, 1.000000000000000000 ) ) 
 REPRESENTATION_ITEM ( '' )  );
#604 = PERSON_AND_ORGANIZATION_ROLE ( 'design_supplier' ) ;
#605 = ADVANCED_FACE ( 'NONE', ( #1842 ), #1835, .F. ) ;
#606 = FACE_OUTER_BOUND ( 'NONE', #1631, .T. ) ;
#607 = DIRECTION ( 'NONE',  ( 1.000000000000000000, 8.462065736472226891E-16, 8.462065736472448758E-16 ) ) ;
#608 = ORIENTED_EDGE ( 'NONE', *, *, #944, .F. ) ;
#609 = ORIENTED_EDGE ( 'NONE', *, *, #230, .T. ) ;
#610 = DIRECTION ( 'NONE',  ( -8.462065736472226891E-16, 1.000000000000000000, 0.000000000000000000 ) ) ;
#611 = CARTESIAN_POINT ( 'NONE',  ( 2.499999999999986677, 29.99999999999999289, 261.6299999999999955 ) ) ;
#612 = ORIENTED_EDGE ( 'NONE', *, *, #442, .F. ) ;
#613 = VERTEX_POINT ( 'NONE', #1665 ) ;
#614 = DIRECTION ( 'NONE',  ( -1.495896016276442852E-16, 0.7071067811865383579, 0.7071067811865567876 ) ) ;
#615 = CALENDAR_DATE ( 2024, 25, 9 ) ;
#616 = VECTOR ( 'NONE', #1957, 1000.000000000000114 ) ;
#617 = CARTESIAN_POINT ( 'NONE',  ( 6.799999999999769784, 27.99999999999999289, 2.000000000000057288 ) ) ;
#618 =( BOUNDED_CURVE ( )  B_SPLINE_CURVE ( 3, ( #950, #1733, #1567, #128 ),
 .UNSPECIFIED., .F., .T. ) 
 B_SPLINE_CURVE_WITH_KNOTS ( ( 4, 4 ),
 ( 1.570796326794896558, 4.712388980384689674 ),
 .UNSPECIFIED. ) 
 CURVE ( )  GEOMETRIC_REPRESENTATION_ITEM ( )  RATIONAL_B_SPLINE_CURVE ( ( 1.000000000000000000, 0.3333333333333333703, 0.3333333333333333703, 1.000000000000000000 ) ) 
 REPRESENTATION_ITEM ( '' )  );
#619 = CARTESIAN_POINT ( 'NONE',  ( 5.150000000000000355, 3.500000000000001332, 235.1299999999992849 ) ) ;
#620 = VERTEX_POINT ( 'NONE', #101 ) ;
#621 = LINE ( 'NONE', #933, #2053 ) ;
#622 = CARTESIAN_POINT ( 'NONE',  ( 29.99999999999999289, 27.50000000000001421, 2.500000000000002220 ) ) ;
#623 = VECTOR ( 'NONE', #1378, 1000.000000000000000 ) ;
#624 = ORIENTED_EDGE ( 'NONE', *, *, #456, .T. ) ;
#625 = ORIENTED_EDGE ( 'NONE', *, *, #11, .T. ) ;
#626 = LINE ( 'NONE', #428, #1823 ) ;
#627 = CARTESIAN_POINT ( 'NONE',  ( 23.20000000000000639, 5.385786437626925327, 261.6299999999999955 ) ) ;
#628 = CARTESIAN_POINT ( 'NONE',  ( 72.42640687119339304, 1.062533216046530708E-14, 30.00000000000030198 ) ) ;
#629 = ORIENTED_EDGE ( 'NONE', *, *, #427, .T. ) ;
#630 = ORIENTED_EDGE ( 'NONE', *, *, #375, .F. ) ;
#631 = CARTESIAN_POINT ( 'NONE',  ( 0.000000000000000000, 1.062533216046530708E-14, 30.00000000000030198 ) ) ;
#632 = CARTESIAN_POINT ( 'NONE',  ( 28.15000000000000924, 3.500000000000011102, 26.50000000000027001 ) ) ;
#633 = EDGE_CURVE ( 'NONE', #1069, #1584, #234, .T. ) ;
#634 = AXIS2_PLACEMENT_3D ( 'NONE', #1044, #74, #745 ) ;
#635 = ORIENTED_EDGE ( 'NONE', *, *, #674, .F. ) ;
#636 = ORIENTED_EDGE ( 'NONE', *, *, #53, .T. ) ;
#637 = LINE ( 'NONE', #1915, #1418 ) ;
#638 = CARTESIAN_POINT ( 'NONE',  ( 23.20000000000000639, 2.000000000000007105, 261.6299999999999955 ) ) ;
#639 = LINE ( 'NONE', #1112, #759 ) ;
#640 = ORIENTED_EDGE ( 'NONE', *, *, #1988, .F. ) ;
#641 = CARTESIAN_POINT ( 'NONE',  ( 6.799999999999991829, 24.61421356237307378, 256.2442135623729200 ) ) ;
#642 = CARTESIAN_POINT ( 'NONE',  ( 5.149999999999991473, 23.19999999999998863, 6.800000000000083311 ) ) ;
#643 = DIRECTION ( 'NONE',  ( -0.7071067811865466846, 0.7071067811865483499, 0.000000000000000000 ) ) ;
#644 = ORIENTED_EDGE ( 'NONE', *, *, #325, .F. ) ;
#645 = ADVANCED_FACE ( 'NONE', ( #1340 ), #1501, .F. ) ;
#646 = ORIENTED_EDGE ( 'NONE', *, *, #266, .T. ) ;
#647 = VERTEX_POINT ( 'NONE', #1190 ) ;
#648 = DIRECTION ( 'NONE',  ( 4.487688048829360111E-16, -0.7071067811865439090, 0.7071067811865512365 ) ) ;
#649 = CARTESIAN_POINT ( 'NONE',  ( 24.84999999999999432, 26.50000000000000355, 258.1299999999998818 ) ) ;
#650 = DIRECTION ( 'NONE',  ( 0.7071067811865467956, -0.7071067811865483499, 0.000000000000000000 ) ) ;
#651 = VECTOR ( 'NONE', #450, 1000.000000000000000 ) ;
#652 = VERTEX_POINT ( 'NONE', #1349 ) ;
#653 = DIRECTION ( 'NONE',  ( 0.000000000000000000, -1.000000000000000000, 0.000000000000000000 ) ) ;
#654 = FACE_BOUND ( 'NONE', #2034, .T. ) ;
#655 = LINE ( 'NONE', #1782, #292 ) ;
#656 = EDGE_LOOP ( 'NONE', ( #168, #1259, #118, #1973 ) ) ;
#657 = AXIS2_PLACEMENT_3D ( 'NONE', #476, #466, #610 ) ;
#658 = ORIENTED_EDGE ( 'NONE', *, *, #427, .F. ) ;
#659 = CARTESIAN_POINT ( 'NONE',  ( 18.40000000000002700, 21.80000000000001847, 8.200000000000072120 ) ) ;
#660 =( GEOMETRIC_REPRESENTATION_CONTEXT ( 3 ) GLOBAL_UNCERTAINTY_ASSIGNED_CONTEXT ( ( #178 ) ) GLOBAL_UNIT_ASSIGNED_CONTEXT ( ( #1962, #365, #1853 ) ) REPRESENTATION_CONTEXT ( 'NONE', 'WORKASPACE' ) );
#661 = EDGE_CURVE ( 'NONE', #386, #1885, #1983, .T. ) ;
#662 = VECTOR ( 'NONE', #1502, 1000.000000000000114 ) ;
#663 = EDGE_CURVE ( 'NONE', #979, #708, #1716, .T. ) ;
#664 = CARTESIAN_POINT ( 'NONE',  ( 24.61421356237310931, 6.800000000000009592, 238.4299999999993531 ) ) ;
#665 = EDGE_CURVE ( 'NONE', #945, #7, #407, .T. ) ;
#666 = DIRECTION ( 'NONE',  ( 1.000000000000000000, 0.000000000000000000, 0.000000000000000000 ) ) ;
#667 = PLANE ( 'NONE',  #791 ) ;
#668 = CARTESIAN_POINT ( 'NONE',  ( 72.42640687119339304, 1.062533216046518402E-14, 231.6299999999991996 ) ) ;
#669 = EDGE_LOOP ( 'NONE', ( #1725, #2051, #1045, #958 ) ) ;
#670 = ORIENTED_EDGE ( 'NONE', *, *, #1289, .F. ) ;
#671 = EDGE_CURVE ( 'NONE', #868, #896, #2005, .T. ) ;
#672 = CARTESIAN_POINT ( 'NONE',  ( 2.499999999999989786, 27.49999999999999289, 261.6299999999999955 ) ) ;
#673 = CARTESIAN_POINT ( 'NONE',  ( 26.50000000000000711, 3.500000000000011102, -4.666904755831202678 ) ) ;
#674 = EDGE_CURVE ( 'NONE', #1746, #620, #1852, .T. ) ;
#675 = CARTESIAN_POINT ( 'NONE',  ( 29.99999999999999645, 19.10000000000000142, 261.6299999999999955 ) ) ;
#676 = CARTESIAN_POINT ( 'NONE',  ( 10.89999999999999325, 17.68578643762686653, 12.31421356237330578 ) ) ;
#677 = PERSON_AND_ORGANIZATION_ROLE ( 'design_owner' ) ;
#678 =( BOUNDED_CURVE ( )  B_SPLINE_CURVE ( 3, ( #1248, #760, #577, #1395 ),
 .UNSPECIFIED., .F., .F. ) 
 B_SPLINE_CURVE_WITH_KNOTS ( ( 4, 4 ),
 ( 4.712388980384689674, 7.853981633974482790 ),
 .UNSPECIFIED. ) 
 CURVE ( )  GEOMETRIC_REPRESENTATION_ITEM ( )  RATIONAL_B_SPLINE_CURVE ( ( 1.000000000000000000, 0.3333333333333333703, 0.3333333333333333703, 1.000000000000000000 ) ) 
 REPRESENTATION_ITEM ( '' )  );
#679 = EDGE_LOOP ( 'NONE', ( #913, #206, #788, #1032 ) ) ;
#680 = ORIENTED_EDGE ( 'NONE', *, *, #370, .F. ) ;
#681 = ADVANCED_FACE ( 'NONE', ( #1528 ), #1969, .T. ) ;
#682 = LINE ( 'NONE', #1464, #1211 ) ;
#683 = ORIENTED_EDGE ( 'NONE', *, *, #1269, .F. ) ;
#684 = DIRECTION ( 'NONE',  ( 0.000000000000000000, -0.000000000000000000, 1.000000000000000000 ) ) ;
#685 = PLANE ( 'NONE',  #890 ) ;
#686 = CYLINDRICAL_SURFACE ( 'NONE', #192, 2.499999999999998668 ) ;
#687 = VECTOR ( 'NONE', #1995, 1000.000000000000000 ) ;
#688 = CARTESIAN_POINT ( 'NONE',  ( 23.20000000000000639, 2.000000000000007105, 233.6299999999992565 ) ) ;
#689 = ORIENTED_EDGE ( 'NONE', *, *, #2004, .T. ) ;
#690 = ORIENTED_EDGE ( 'NONE', *, *, #1840, .T. ) ;
#691 =( BOUNDED_CURVE ( )  B_SPLINE_CURVE ( 3, ( #792, #814, #1594, #1275 ),
 .UNSPECIFIED., .F., .F. ) 
 B_SPLINE_CURVE_WITH_KNOTS ( ( 4, 4 ),
 ( 0.000000000000000000, 1.570796326794885900 ),
 .UNSPECIFIED. ) 
 CURVE ( )  GEOMETRIC_REPRESENTATION_ITEM ( )  RATIONAL_B_SPLINE_CURVE ( ( 1.000000000000000000, 0.8047378541243676020, 0.8047378541243676020, 1.000000000000000000 ) ) 
 REPRESENTATION_ITEM ( '' )  );
#692 = ADVANCED_FACE ( 'NONE', ( #1410 ), #1863, .T. ) ;
#693 = DIRECTION ( 'NONE',  ( 1.000000000000000000, 8.462065736472233793E-16, 0.000000000000000000 ) ) ;
#694 = AXIS2_PLACEMENT_3D ( 'NONE', #1115, #20, #2064 ) ;
#695 = ORIENTED_EDGE ( 'NONE', *, *, #884, .F. ) ;
#696 = VECTOR ( 'NONE', #452, 999.9999999999998863 ) ;
#697 = CARTESIAN_POINT ( 'NONE',  ( 1.849999999999998979, 3.500000000000001332, 235.1299999999992849 ) ) ;
#698 = DIRECTION ( 'NONE',  ( -0.000000000000000000, -0.000000000000000000, -1.000000000000000000 ) ) ;
#699 = ORIENTED_EDGE ( 'NONE', *, *, #940, .T. ) ;
#700 = DIRECTION ( 'NONE',  ( -1.909999595000459091E-17, 1.000000000000000000, 0.000000000000000000 ) ) ;
#701 = EDGE_CURVE ( 'NONE', #876, #1102, #1730, .T. ) ;
#702 = ORIENTED_EDGE ( 'NONE', *, *, #1093, .F. ) ;
#703 = DIRECTION ( 'NONE',  ( -0.000000000000000000, -0.000000000000000000, -1.000000000000000000 ) ) ;
#704 = LINE ( 'NONE', #2006, #1731 ) ;
#705 = LINE ( 'NONE', #202, #1218 ) ;
#706 = CARTESIAN_POINT ( 'NONE',  ( 1.849999999999998979, 3.500000000000001332, 26.50000000000028066 ) ) ;
#707 = DIRECTION ( 'NONE',  ( -0.5773502691896222894, -0.5773502691896245098, 0.5773502691896305050 ) ) ;
#708 = VERTEX_POINT ( 'NONE', #1238 ) ;
#709 = DIRECTION ( 'NONE',  ( 0.7071067811865462405, 0.7071067811865489050, 0.000000000000000000 ) ) ;
#710 = CARTESIAN_POINT ( 'NONE',  ( 2.500000000000000444, 0.000000000000000000, 231.6299999999991996 ) ) ;
#711 = DIRECTION ( 'NONE',  ( -1.000000000000000000, 0.000000000000000000, 0.000000000000000000 ) ) ;
#712 = CARTESIAN_POINT ( 'NONE',  ( 17.68578643762694469, 10.89999999999999325, 19.10000000000020037 ) ) ;
#713 = APPROVAL ( #1820, 'UNSPECIFIED' ) ;
#714 = AXIS2_PLACEMENT_3D ( 'NONE', #1033, #1976, #262 ) ;
#715 = DIRECTION ( 'NONE',  ( 0.000000000000000000, 0.000000000000000000, 1.000000000000000000 ) ) ;
#716 = ORIENTED_EDGE ( 'NONE', *, *, #511, .T. ) ;
#717 = CARTESIAN_POINT ( 'NONE',  ( 30.00000000000000711, 2.500000000000014211, 27.50000000000027001 ) ) ;
#718 = VECTOR ( 'NONE', #942, 1000.000000000000000 ) ;
#719 = EDGE_CURVE ( 'NONE', #652, #1276, #461, .T. ) ;
#720 = CARTESIAN_POINT ( 'NONE',  ( 15.00000000000002665, 15.00000000000001954, -9.616652224136990057 ) ) ;
#721 = PLANE ( 'NONE',  #1292 ) ;
#722 = VECTOR ( 'NONE', #1043, 1000.000000000000000 ) ;
#723 = PRODUCT_DEFINITION_FORMATION_WITH_SPECIFIED_SOURCE ( 'ANY', '', #1642, .NOT_KNOWN. ) ;
#724 = ORIENTED_EDGE ( 'NONE', *, *, #1549, .F. ) ;
#725 = EDGE_CURVE ( 'NONE', #1646, #750, #742, .T. ) ;
#726 = CARTESIAN_POINT ( 'NONE',  ( 28.15000000000001279, 6.800000000000011369, 238.4299999999993531 ) ) ;
#727 = DIRECTION ( 'NONE',  ( 0.7071067811865483499, 0.7071067811865466846, -0.000000000000000000 ) ) ;
#728 = CARTESIAN_POINT ( 'NONE',  ( 1.999999999999996669, 19.09999999999999076, 250.7299999999996771 ) ) ;
#729 = ORIENTED_EDGE ( 'NONE', *, *, #1249, .T. ) ;
#730 = EDGE_CURVE ( 'NONE', #1585, #1993, #547, .T. ) ;
#731 = CARTESIAN_POINT ( 'NONE',  ( 27.50000000000001066, 1.062533216046529761E-14, 261.6299999999999955 ) ) ;
#732 = DIRECTION ( 'NONE',  ( 0.000000000000000000, 0.000000000000000000, -1.000000000000000000 ) ) ;
#733 = CARTESIAN_POINT ( 'NONE',  ( 30.00000000000000000, 10.90000000000001457, 242.5299999999994895 ) ) ;
#734 = EDGE_CURVE ( 'NONE', #2039, #1715, #784, .T. ) ;
#735 = ORIENTED_EDGE ( 'NONE', *, *, #1660, .T. ) ;
#736 = CARTESIAN_POINT ( 'NONE',  ( 72.42640687119339304, 1.062533216046530708E-14, 30.00000000000030198 ) ) ;
#737 = CARTESIAN_POINT ( 'NONE',  ( 28.15000000000000924, 3.500000000000011102, 26.50000000000027001 ) ) ;
#738 = EDGE_CURVE ( 'NONE', #1233, #770, #1880, .T. ) ;
#739 = DIRECTION ( 'NONE',  ( 0.000000000000000000, -0.7071067811865383579, -0.7071067811865567876 ) ) ;
#740 = ORIENTED_EDGE ( 'NONE', *, *, #442, .T. ) ;
#741 = EDGE_CURVE ( 'NONE', #1102, #1236, #1268, .T. ) ;
#742 = LINE ( 'NONE', #2035, #1048 ) ;
#743 = CARTESIAN_POINT ( 'NONE',  ( 19.10000000000000853, 3.677636907808665992E-15, 261.6299999999999955 ) ) ;
#744 = PLANE ( 'NONE',  #1298 ) ;
#745 = DIRECTION ( 'NONE',  ( -1.000000000000000000, -8.462065736472226891E-16, 0.000000000000000000 ) ) ;
#746 = ORIENTED_EDGE ( 'NONE', *, *, #730, .T. ) ;
#747 = CARTESIAN_POINT ( 'NONE',  ( 5.385786437626882694, 23.19999999999999218, 6.800000000000125056 ) ) ;
#748 = CARTESIAN_POINT ( 'NONE',  ( 19.09999999999999432, -101.8149999999999835, 131.8150000000013620 ) ) ;
#749 = EDGE_CURVE ( 'NONE', #620, #1616, #280, .T. ) ;
#750 = VERTEX_POINT ( 'NONE', #1399 ) ;
#751 = DIRECTION ( 'NONE',  ( 7.888609052210118054E-31, -1.000000000000000000, 0.000000000000000000 ) ) ;
#752 = DATE_AND_TIME ( #1254, #1134 ) ;
#753 = VECTOR ( 'NONE', #535, 1000.000000000000000 ) ;
#754 = DIRECTION ( 'NONE',  ( -1.000000000000000000, 0.000000000000000000, 0.000000000000000000 ) ) ;
#755 = CARTESIAN_POINT ( 'NONE',  ( 10.90000000000000036, 2.000000000000000000, 261.6299999999999955 ) ) ;
#756 = EDGE_CURVE ( 'NONE', #1719, #475, #1576, .T. ) ;
#757 = ORIENTED_EDGE ( 'NONE', *, *, #870, .F. ) ;
#758 = ORIENTED_EDGE ( 'NONE', *, *, #142, .F. ) ;
#759 = VECTOR ( 'NONE', #776, 1000.000000000000000 ) ;
#760 = CARTESIAN_POINT ( 'NONE',  ( 24.84999999999999787, 23.20000000000000284, 6.800000000000067324 ) ) ;
#761 = VECTOR ( 'NONE', #1903, 1000.000000000000000 ) ;
#762 = VERTEX_POINT ( 'NONE', #437 ) ;
#763 = ORIENTED_EDGE ( 'NONE', *, *, #108, .T. ) ;
#764 = CARTESIAN_POINT ( 'NONE',  ( 10.90000000000000036, 16.00000000000036948, 247.6299999999999670 ) ) ;
#765 = DIRECTION ( 'NONE',  ( 0.5773502691896191807, 0.5773502691896214012, 0.5773502691896366112 ) ) ;
#766 =( BOUNDED_CURVE ( )  B_SPLINE_CURVE ( 3, ( #948, #1377, #110, #2012 ),
 .UNSPECIFIED., .F., .T. ) 
 B_SPLINE_CURVE_WITH_KNOTS ( ( 4, 4 ),
 ( 1.570796326794896558, 4.712388980384689674 ),
 .UNSPECIFIED. ) 
 CURVE ( )  GEOMETRIC_REPRESENTATION_ITEM ( )  RATIONAL_B_SPLINE_CURVE ( ( 1.000000000000000000, 0.3333333333333333703, 0.3333333333333333703, 1.000000000000000000 ) ) 
 REPRESENTATION_ITEM ( '' )  );
#767 = LINE ( 'NONE', #484, #1661 ) ;
#768 = VERTEX_POINT ( 'NONE', #929 ) ;
#769 = ORIENTED_EDGE ( 'NONE', *, *, #231, .T. ) ;
#770 = VERTEX_POINT ( 'NONE', #316 ) ;
#771 = ORIENTED_EDGE ( 'NONE', *, *, #70, .F. ) ;
#772 = EDGE_LOOP ( 'NONE', ( #1177, #1521, #1580, #1119 ) ) ;
#773 = PLANE ( 'NONE',  #1382 ) ;
#774 = PERSON_AND_ORGANIZATION_ROLE ( 'classification_officer' ) ;
#775 = CARTESIAN_POINT ( 'NONE',  ( 19.09999999999999432, 28.00000000000000355, 261.6299999999999955 ) ) ;
#776 = DIRECTION ( 'NONE',  ( -0.000000000000000000, -0.000000000000000000, -1.000000000000000000 ) ) ;
#777 = VERTEX_POINT ( 'NONE', #1227 ) ;
#778 = CARTESIAN_POINT ( 'NONE',  ( 19.09999999999999076, 30.00000000000000355, 0.000000000000000000 ) ) ;
#779 = CARTESIAN_POINT ( 'NONE',  ( 27.99999999999999289, 23.20000000000000284, 6.800000000000084199 ) ) ;
#780 = ORIENTED_EDGE ( 'NONE', *, *, #1522, .F. ) ;
#781 = EDGE_CURVE ( 'NONE', #188, #1828, #1108, .T. ) ;
#782 = ORIENTED_EDGE ( 'NONE', *, *, #663, .F. ) ;
#783 = ORIENTED_EDGE ( 'NONE', *, *, #2004, .F. ) ;
#784 = LINE ( 'NONE', #602, #1121 ) ;
#785 = AXIS2_PLACEMENT_3D ( 'NONE', #1187, #1832, #1841 ) ;
#786 = CARTESIAN_POINT ( 'NONE',  ( 2.500000000000000444, 0.000000000000000000, 231.6299999999991996 ) ) ;
#787 = FACE_BOUND ( 'NONE', #1783, .T. ) ;
#788 = ORIENTED_EDGE ( 'NONE', *, *, #154, .F. ) ;
#789 = ORIENTED_EDGE ( 'NONE', *, *, #522, .T. ) ;
#790 = LINE ( 'NONE', #1428, #583 ) ;
#791 = AXIS2_PLACEMENT_3D ( 'NONE', #93, #1036, #1193 ) ;
#792 = CARTESIAN_POINT ( 'NONE',  ( 2.499999999999989786, 29.99999999999999289, 3.165870343657672947E-14 ) ) ;
#793 = AXIS2_PLACEMENT_3D ( 'NONE', #628, #1271, #1904 ) ;
#794 = AXIS2_PLACEMENT_3D ( 'NONE', #92, #1529, #65 ) ;
#795 = ORIENTED_EDGE ( 'NONE', *, *, #661, .T. ) ;
#796 = ORIENTED_EDGE ( 'NONE', *, *, #633, .T. ) ;
#797 = DIRECTION ( 'NONE',  ( 0.000000000000000000, 0.000000000000000000, -1.000000000000000000 ) ) ;
#798 = LINE ( 'NONE', #297, #1133 ) ;
#799 = LINE ( 'NONE', #596, #891 ) ;
#800 = DIRECTION ( 'NONE',  ( 8.462065736472233793E-16, -1.000000000000000000, 0.000000000000000000 ) ) ;
#801 = LINE ( 'NONE', #895, #718 ) ;
#802 = EDGE_CURVE ( 'NONE', #2044, #777, #626, .T. ) ;
#803 = CARTESIAN_POINT ( 'NONE',  ( 0.000000000000000000, 30.00000000000000355, 261.6299999999999955 ) ) ;
#804 = ORIENTED_EDGE ( 'NONE', *, *, #756, .F. ) ;
#805 = EDGE_LOOP ( 'NONE', ( #1851, #783, #157, #1811 ) ) ;
#806 = VECTOR ( 'NONE', #585, 1000.000000000000000 ) ;
#807 = EDGE_LOOP ( 'NONE', ( #435, #1362, #198, #94 ) ) ;
#808 = ORIENTED_EDGE ( 'NONE', *, *, #1327, .F. ) ;
#809 = CYLINDRICAL_SURFACE ( 'NONE', #111, 2.500000000000000000 ) ;
#810 = CARTESIAN_POINT ( 'NONE',  ( 5.149999999999990585, 26.49999999999998934, 3.500000000000046629 ) ) ;
#811 = CARTESIAN_POINT ( 'NONE',  ( 5.385786437626886247, 23.19999999999999218, 261.6299999999999955 ) ) ;
#812 = FACE_OUTER_BOUND ( 'NONE', #590, .T. ) ;
#813 = PLANE ( 'NONE',  #694 ) ;
#814 = CARTESIAN_POINT ( 'NONE',  ( 1.035533905932739973, 29.99999999999999289, 3.165870343657672947E-14 ) ) ;
#815 = EDGE_LOOP ( 'NONE', ( #1165, #1806, #64, #1184 ) ) ;
#816 = ORIENTED_EDGE ( 'NONE', *, *, #11, .F. ) ;
#817 = EDGE_CURVE ( 'NONE', #613, #962, #1551, .T. ) ;
#818 = ORIENTED_EDGE ( 'NONE', *, *, #1278, .T. ) ;
#819 = ADVANCED_FACE ( 'NONE', ( #917 ), #1083, .F. ) ;
#820 = CARTESIAN_POINT ( 'NONE',  ( 27.50000000000000711, 1.084202172485504434E-14, 30.00000000000032685 ) ) ;
#821 = EDGE_CURVE ( 'NONE', #647, #1306, #766, .T. ) ;
#822 = LINE ( 'NONE', #1486, #416 ) ;
#823 = VECTOR ( 'NONE', #1421, 999.9999999999998863 ) ;
#824 = LINE ( 'NONE', #534, #1553 ) ;
#825 = CARTESIAN_POINT ( 'NONE',  ( 10.90000000000000036, 12.31421356237312459, 17.68578643762702640 ) ) ;
#826 = LINE ( 'NONE', #303, #2021 ) ;
#827 =( BOUNDED_CURVE ( )  B_SPLINE_CURVE ( 3, ( #1284, #335, #1771, #632 ),
 .UNSPECIFIED., .F., .T. ) 
 B_SPLINE_CURVE_WITH_KNOTS ( ( 4, 4 ),
 ( 1.570796326794896558, 4.712388980384689674 ),
 .UNSPECIFIED. ) 
 CURVE ( )  GEOMETRIC_REPRESENTATION_ITEM ( )  RATIONAL_B_SPLINE_CURVE ( ( 1.000000000000000000, 0.3333333333333333703, 0.3333333333333333703, 1.000000000000000000 ) ) 
 REPRESENTATION_ITEM ( '' )  );
#828 = ORIENTED_EDGE ( 'NONE', *, *, #966, .F. ) ;
#829 = VERTEX_POINT ( 'NONE', #582 ) ;
#830 = CARTESIAN_POINT ( 'NONE',  ( 29.99999999999999645, 19.10000000000000142, 10.90000000000013181 ) ) ;
#831 = VECTOR ( 'NONE', #254, 1000.000000000000000 ) ;
#832 = ADVANCED_FACE ( 'NONE', ( #1217 ), #773, .F. ) ;
#833 = APPROVAL_PERSON_ORGANIZATION ( #438, #1307, #137 ) ;
#834 = CARTESIAN_POINT ( 'NONE',  ( 19.10000000000000497, 2.000000000000003553, 233.6299999999992565 ) ) ;
#835 = CARTESIAN_POINT ( 'NONE',  ( 29.99999999999998579, 28.96446609406726225, 1.035533905932722876 ) ) ;
#836 = CARTESIAN_POINT ( 'NONE',  ( 19.09999999999999076, 28.00000000000000355, 259.6299999999999386 ) ) ;
#837 = DIRECTION ( 'NONE',  ( -8.462065736472226891E-16, 1.000000000000000000, 0.000000000000000000 ) ) ;
#838 = ORIENTED_EDGE ( 'NONE', *, *, #960, .T. ) ;
#839 = ORIENTED_EDGE ( 'NONE', *, *, #1854, .F. ) ;
#840 = CARTESIAN_POINT ( 'NONE',  ( 28.00000000000007816, -110.3649999999998954, 140.3650000000013449 ) ) ;
#841 = FACE_OUTER_BOUND ( 'NONE', #536, .T. ) ;
#842 = DIRECTION ( 'NONE',  ( -1.000000000000000000, 0.000000000000000000, 0.000000000000000000 ) ) ;
#843 = LINE ( 'NONE', #1960, #1355 ) ;
#844 = EDGE_CURVE ( 'NONE', #1353, #1237, #1635, .T. ) ;
#845 = DATE_AND_TIME ( #203, #1633 ) ;
#846 = EDGE_LOOP ( 'NONE', ( #1317, #1618, #1222, #1326 ) ) ;
#847 = CARTESIAN_POINT ( 'NONE',  ( 19.09999999999999076, 28.00000000000000355, 2.000000000000057288 ) ) ;
#848 = ORIENTED_EDGE ( 'NONE', *, *, #95, .T. ) ;
#849 = CARTESIAN_POINT ( 'NONE',  ( 28.15000000000000213, 29.80000000000000426, 261.4299999999999500 ) ) ;
#850 = FACE_OUTER_BOUND ( 'NONE', #490, .T. ) ;
#851 = CARTESIAN_POINT ( 'NONE',  ( 16.88088022903951568, 14.53333333333362098, 246.1633333333331848 ) ) ;
#852 = AXIS2_PLACEMENT_3D ( 'NONE', #1816, #379, #1013 ) ;
#853 = ORIENTED_EDGE ( 'NONE', *, *, #1469, .F. ) ;
#854 = ADVANCED_FACE ( 'NONE', ( #517 ), #809, .T. ) ;
#855 = PLANE ( 'NONE',  #550 ) ;
#856 = ORIENTED_EDGE ( 'NONE', *, *, #100, .T. ) ;
#857 = VECTOR ( 'NONE', #1543, 1000.000000000000000 ) ;
#858 = PLANE ( 'NONE',  #1923 ) ;
#859 = AXIS2_PLACEMENT_3D ( 'NONE', #1494, #1402, #1538 ) ;
#860 = CYLINDRICAL_SURFACE ( 'NONE', #794, 1.650000000000000355 ) ;
#861 = DIRECTION ( 'NONE',  ( -0.000000000000000000, -0.000000000000000000, -1.000000000000000000 ) ) ;
#862 = COORDINATED_UNIVERSAL_TIME_OFFSET ( 8, 0, .AHEAD. ) ;
#863 = CARTESIAN_POINT ( 'NONE',  ( 5.149999999999990585, 26.49999999999998934, 258.1299999999998818 ) ) ;
#864 = EDGE_LOOP ( 'NONE', ( #306, #1141, #630, #539 ) ) ;
#865 = DIRECTION ( 'NONE',  ( -1.000000000000000000, -8.462065736472226891E-16, 0.000000000000000000 ) ) ;
#866 = CARTESIAN_POINT ( 'NONE',  ( 19.10000000000010445, -114.8149999999998414, 144.8150000000013620 ) ) ;
#867 = CARTESIAN_POINT ( 'NONE',  ( 15.00000000000002665, 15.00000000000001954, -9.616652224136990057 ) ) ;
#868 = VERTEX_POINT ( 'NONE', #1002 ) ;
#869 = LINE ( 'NONE', #1039, #1685 ) ;
#870 = EDGE_CURVE ( 'NONE', #10, #1670, #973, .T. ) ;
#871 = VERTEX_POINT ( 'NONE', #1288 ) ;
#872 = DIRECTION ( 'NONE',  ( -0.000000000000000000, -0.000000000000000000, 1.000000000000000000 ) ) ;
#873 = ADVANCED_FACE ( 'NONE', ( #1444 ), #180, .F. ) ;
#874 = CARTESIAN_POINT ( 'NONE',  ( 13.11911977096048787, 14.53333333333362454, 246.1633333333331848 ) ) ;
#875 = DIRECTION ( 'NONE',  ( -0.000000000000000000, 0.000000000000000000, 1.000000000000000000 ) ) ;
#876 = VERTEX_POINT ( 'NONE', #15 ) ;
#877 = DIRECTION ( 'NONE',  ( -7.888609052210118054E-31, 1.000000000000000000, 0.000000000000000000 ) ) ;
#878 = PLANE ( 'NONE',  #1932 ) ;
#879 = EDGE_CURVE ( 'NONE', #519, #431, #981, .T. ) ;
#880 = VECTOR ( 'NONE', #503, 999.9999999999998863 ) ;
#881 = CARTESIAN_POINT ( 'NONE',  ( 19.09999999999999432, 30.00000000000000355, 261.6299999999999955 ) ) ;
#882 =( BOUNDED_CURVE ( )  B_SPLINE_CURVE ( 3, ( #737, #1076, #2041, #1235 ),
 .UNSPECIFIED., .F., .T. ) 
 B_SPLINE_CURVE_WITH_KNOTS ( ( 4, 4 ),
 ( 4.712388980384689674, 7.853981633974482790 ),
 .UNSPECIFIED. ) 
 CURVE ( )  GEOMETRIC_REPRESENTATION_ITEM ( )  RATIONAL_B_SPLINE_CURVE ( ( 1.000000000000000000, 0.3333333333333333703, 0.3333333333333333703, 1.000000000000000000 ) ) 
 REPRESENTATION_ITEM ( '' )  );
#883 = ORIENTED_EDGE ( 'NONE', *, *, #581, .F. ) ;
#884 = EDGE_CURVE ( 'NONE', #1885, #2044, #199, .T. ) ;
#885 = CARTESIAN_POINT ( 'NONE',  ( 1.849999999999989653, 29.79999999999999361, 261.4299999999999500 ) ) ;
#886 = AXIS2_PLACEMENT_3D ( 'NONE', #488, #1886, #739 ) ;
#887 = VECTOR ( 'NONE', #1459, 1000.000000000000000 ) ;
#888 = DIRECTION ( 'NONE',  ( 5.983584065105817755E-16, -0.7071067811865439090, 0.7071067811865512365 ) ) ;
#889 = CARTESIAN_POINT ( 'NONE',  ( 24.61421356237310931, 6.800000000000009592, 261.6299999999999955 ) ) ;
#890 = AXIS2_PLACEMENT_3D ( 'NONE', #504, #525, #184 ) ;
#891 = VECTOR ( 'NONE', #1073, 1000.000000000000000 ) ;
#892 = DIRECTION ( 'NONE',  ( -5.983584065105822685E-16, 0.7071067811865439090, -0.7071067811865512365 ) ) ;
#893 = EDGE_CURVE ( 'NONE', #770, #1252, #1805, .T. ) ;
#894 = DIRECTION ( 'NONE',  ( -1.000000000000000000, 0.000000000000000000, 0.000000000000000000 ) ) ;
#895 = CARTESIAN_POINT ( 'NONE',  ( 0.000000000000000000, 1.062533216046530708E-14, 30.00000000000030198 ) ) ;
#896 = VERTEX_POINT ( 'NONE', #1475 ) ;
#897 = DIRECTION ( 'NONE',  ( 0.7071067811865489050, -0.7071067811865462405, 0.000000000000000000 ) ) ;
#898 = LINE ( 'NONE', #1023, #229 ) ;
#899 = PLANE ( 'NONE',  #634 ) ;
#900 = ORIENTED_EDGE ( 'NONE', *, *, #1327, .T. ) ;
#901 = EDGE_CURVE ( 'NONE', #1715, #1746, #1795, .T. ) ;
#902 = CARTESIAN_POINT ( 'NONE',  ( 11.60000000000002807, 15.00000000000001954, 15.00000000000013856 ) ) ;
#903 = CARTESIAN_POINT ( 'NONE',  ( 28.15000000000000213, 29.80000000000000426, 0.1999999999999949041 ) ) ;
#904 = ORIENTED_EDGE ( 'NONE', *, *, #1784, .F. ) ;
#905 = EDGE_CURVE ( 'NONE', #45, #1174, #44, .T. ) ;
#906 = DIRECTION ( 'NONE',  ( -0.000000000000000000, -0.000000000000000000, -1.000000000000000000 ) ) ;
#907 = DIRECTION ( 'NONE',  ( -8.462065736472233793E-16, 1.000000000000000000, 0.000000000000000000 ) ) ;
#908 = DIRECTION ( 'NONE',  ( 0.000000000000000000, 0.000000000000000000, -1.000000000000000000 ) ) ;
#909 = EDGE_LOOP ( 'NONE', ( #1536, #1526, #1595, #1791 ) ) ;
#910 = FACE_OUTER_BOUND ( 'NONE', #815, .T. ) ;
#911 = CARTESIAN_POINT ( 'NONE',  ( 10.89999999999998970, 27.99999999999999645, 2.000000000000001776 ) ) ;
#912 = EDGE_CURVE ( 'NONE', #71, #1948, #682, .T. ) ;
#913 = ORIENTED_EDGE ( 'NONE', *, *, #960, .F. ) ;
#914 = VECTOR ( 'NONE', #1170, 1000.000000000000000 ) ;
#915 = EDGE_LOOP ( 'NONE', ( #1632, #1332, #982, #1096 ) ) ;
#916 = ORIENTED_EDGE ( 'NONE', *, *, #304, .F. ) ;
#917 = FACE_OUTER_BOUND ( 'NONE', #807, .T. ) ;
#918 = AXIS2_PLACEMENT_3D ( 'NONE', #1246, #968, #955 ) ;
#919 = PLANE ( 'NONE',  #1663 ) ;
#920 = DIRECTION ( 'NONE',  ( 0.000000000000000000, 0.7071067811865439090, -0.7071067811865512365 ) ) ;
#921 = ORIENTED_EDGE ( 'NONE', *, *, #290, .T. ) ;
#922 = ORIENTED_EDGE ( 'NONE', *, *, #227, .T. ) ;
#923 = VECTOR ( 'NONE', #1162, 1000.000000000000000 ) ;
#924 = CARTESIAN_POINT ( 'NONE',  ( 6.800000000000000711, 5.385786437626918222, 261.6299999999999955 ) ) ;
#925 = VECTOR ( 'NONE', #264, 1000.000000000000000 ) ;
#926 = ORIENTED_EDGE ( 'NONE', *, *, #1400, .F. ) ;
#927 = EDGE_LOOP ( 'NONE', ( #640, #395, #1127, #1964 ) ) ;
#928 = ORIENTED_EDGE ( 'NONE', *, *, #954, .T. ) ;
#929 = CARTESIAN_POINT ( 'NONE',  ( 24.61421356237310221, 23.20000000000000284, 254.8299999999997851 ) ) ;
#930 = DIRECTION ( 'NONE',  ( -0.000000000000000000, -0.000000000000000000, -1.000000000000000000 ) ) ;
#931 = ORIENTED_EDGE ( 'NONE', *, *, #949, .T. ) ;
#932 = VERTEX_POINT ( 'NONE', #37 ) ;
#933 = CARTESIAN_POINT ( 'NONE',  ( 12.31421356237305709, 19.09999999999999787, 261.6299999999999955 ) ) ;
#934 = LINE ( 'NONE', #153, #1021 ) ;
#935 = ORIENTED_EDGE ( 'NONE', *, *, #445, .F. ) ;
#936 = EDGE_LOOP ( 'NONE', ( #54, #796, #1161, #569 ) ) ;
#937 = CARTESIAN_POINT ( 'NONE',  ( 29.99999999999999289, 27.50000000000000711, 259.1299999999999386 ) ) ;
#938 = DIRECTION ( 'NONE',  ( -1.000000000000000000, -1.909999595000538285E-17, 0.000000000000000000 ) ) ;
#939 = CARTESIAN_POINT ( 'NONE',  ( 3.499999999999990230, 26.49999999999998934, -4.666904755831202678 ) ) ;
#940 = EDGE_CURVE ( 'NONE', #1001, #1252, #1926, .T. ) ;
#941 = VERTEX_POINT ( 'NONE', #1763 ) ;
#942 = DIRECTION ( 'NONE',  ( -0.000000000000000000, -0.7071067811865439090, 0.7071067811865512365 ) ) ;
#943 = LINE ( 'NONE', #803, #1767 ) ;
#944 = EDGE_CURVE ( 'NONE', #932, #1484, #1621, .T. ) ;
#945 = VERTEX_POINT ( 'NONE', #820 ) ;
#946 = ORIENTED_EDGE ( 'NONE', *, *, #1331, .T. ) ;
#947 = VECTOR ( 'NONE', #1098, 1000.000000000000227 ) ;
#948 = CARTESIAN_POINT ( 'NONE',  ( 24.85000000000000497, 3.500000000000011102, 235.1299999999992849 ) ) ;
#949 = EDGE_CURVE ( 'NONE', #386, #777, #191, .T. ) ;
#950 = CARTESIAN_POINT ( 'NONE',  ( 18.40000000000002700, 15.00000000000001954, 246.6299999999996260 ) ) ;
#951 = PLANE ( 'NONE',  #793 ) ;
#952 = ORIENTED_EDGE ( 'NONE', *, *, #1817, .F. ) ;
#953 = VERTEX_POINT ( 'NONE', #1300 ) ;
#954 = EDGE_CURVE ( 'NONE', #2063, #1701, #158, .T. ) ;
#955 = DIRECTION ( 'NONE',  ( -1.000000000000000000, -8.462065736472226891E-16, 0.000000000000000000 ) ) ;
#956 = VECTOR ( 'NONE', #1509, 1000.000000000000000 ) ;
#957 = LINE ( 'NONE', #779, #159 ) ;
#958 = ORIENTED_EDGE ( 'NONE', *, *, #725, .F. ) ;
#959 = AXIS2_PLACEMENT_3D ( 'NONE', #924, #894, #2009 ) ;
#960 = EDGE_CURVE ( 'NONE', #51, #1948, #328, .T. ) ;
#961 = ORIENTED_EDGE ( 'NONE', *, *, #1778, .T. ) ;
#962 = VERTEX_POINT ( 'NONE', #369 ) ;
#963 = DIRECTION ( 'NONE',  ( -1.000000000000000000, 0.000000000000000000, 0.000000000000000000 ) ) ;
#964 = DIRECTION ( 'NONE',  ( 5.983584065105817755E-16, -0.7071067811865439090, 0.7071067811865512365 ) ) ;
#965 = CARTESIAN_POINT ( 'NONE',  ( 72.42640687119339304, 1.062533216046518402E-14, 231.6299999999991996 ) ) ;
#966 = EDGE_CURVE ( 'NONE', #337, #1574, #637, .T. ) ;
#967 = ORIENTED_EDGE ( 'NONE', *, *, #912, .F. ) ;
#968 = DIRECTION ( 'NONE',  ( -8.462065736472226891E-16, 1.000000000000000000, 0.000000000000000000 ) ) ;
#969 = DIRECTION ( 'NONE',  ( 0.7071067811865483499, 0.7071067811865467956, -0.000000000000000000 ) ) ;
#970 = ORIENTED_EDGE ( 'NONE', *, *, #901, .F. ) ;
#971 = EDGE_CURVE ( 'NONE', #1905, #2030, #567, .T. ) ;
#972 = ORIENTED_EDGE ( 'NONE', *, *, #893, .F. ) ;
#973 = LINE ( 'NONE', #1143, #616 ) ;
#974 = CYLINDRICAL_SURFACE ( 'NONE', #1287, 1.650000000000002132 ) ;
#975 = PLANE ( 'NONE',  #588 ) ;
#976 = DIRECTION ( 'NONE',  ( 0.5773502691896228445, -0.5773502691896241767, 0.5773502691896300609 ) ) ;
#977 = CARTESIAN_POINT ( 'NONE',  ( 28.00000000000000355, 6.800000000000011369, 261.6299999999999955 ) ) ;
#978 = DIRECTION ( 'NONE',  ( -0.000000000000000000, -0.000000000000000000, -1.000000000000000000 ) ) ;
#979 = VERTEX_POINT ( 'NONE', #863 ) ;
#980 = ADVANCED_FACE ( 'NONE', ( #1483 ), #69, .T. ) ;
#981 =( BOUNDED_CURVE ( )  B_SPLINE_CURVE ( 3, ( #1433, #659, #509, #994 ),
 .UNSPECIFIED., .F., .T. ) 
 B_SPLINE_CURVE_WITH_KNOTS ( ( 4, 4 ),
 ( 1.570796326794896558, 4.712388980384689674 ),
 .UNSPECIFIED. ) 
 CURVE ( )  GEOMETRIC_REPRESENTATION_ITEM ( )  RATIONAL_B_SPLINE_CURVE ( ( 1.000000000000000000, 0.3333333333333333703, 0.3333333333333333703, 1.000000000000000000 ) ) 
 REPRESENTATION_ITEM ( '' )  );
#982 = ORIENTED_EDGE ( 'NONE', *, *, #1482, .F. ) ;
#983 = DIRECTION ( 'NONE',  ( -0.000000000000000000, -0.000000000000000000, -1.000000000000000000 ) ) ;
#984 = DIRECTION ( 'NONE',  ( -0.000000000000000000, -0.000000000000000000, -1.000000000000000000 ) ) ;
#985 = ORIENTED_EDGE ( 'NONE', *, *, #1400, .T. ) ;
#986 = VECTOR ( 'NONE', #1775, 1000.000000000000000 ) ;
#987 = CARTESIAN_POINT ( 'NONE',  ( 6.800000000000000711, 2.000000000000000000, 261.6299999999999955 ) ) ;
#988 = DIRECTION ( 'NONE',  ( 1.000000000000000000, 8.462065736472226891E-16, 8.462065736472448758E-16 ) ) ;
#989 = CALENDAR_DATE ( 2024, 25, 9 ) ;
#990 = ORIENTED_EDGE ( 'NONE', *, *, #1152, .T. ) ;
#991 = ORIENTED_EDGE ( 'NONE', *, *, #1622, .T. ) ;
#992 = VECTOR ( 'NONE', #513, 1000.000000000000114 ) ;
#993 = AXIS2_PLACEMENT_3D ( 'NONE', #1873, #1556, #342 ) ;
#994 = CARTESIAN_POINT ( 'NONE',  ( 11.60000000000002807, 15.00000000000001954, 15.00000000000013856 ) ) ;
#995 = VECTOR ( 'NONE', #1668, 1000.000000000000000 ) ;
#996 = DIRECTION ( 'NONE',  ( -0.5773502691896198469, 0.5773502691896210681, 0.5773502691896361672 ) ) ;
#997 = DIRECTION ( 'NONE',  ( 1.000000000000000000, 0.000000000000000000, 0.000000000000000000 ) ) ;
#998 = LINE ( 'NONE', #345, #82 ) ;
#999 = APPLICATION_PROTOCOL_DEFINITION ( 'international standard', 'config_control_design', 1994, #348 ) ;
#1000 = VERTEX_POINT ( 'NONE', #1821 ) ;
#1001 = VERTEX_POINT ( 'NONE', #1814 ) ;
#1002 = CARTESIAN_POINT ( 'NONE',  ( 6.800000000000002487, 5.385786437626919110, 237.0157864376262182 ) ) ;
#1003 = ORIENTED_EDGE ( 'NONE', *, *, #2050, .F. ) ;
#1004 = CARTESIAN_POINT ( 'NONE',  ( 19.10000000000000497, 1.062533216046530708E-14, 30.00000000000030198 ) ) ;
#1005 = ADVANCED_FACE ( 'NONE', ( #538 ), #1662, .F. ) ;
#1006 = DIRECTION ( 'NONE',  ( 4.487688048829332501E-16, -0.7071067811865383579, -0.7071067811865567876 ) ) ;
#1007 = CARTESIAN_POINT ( 'NONE',  ( 28.96446609406728001, 1.040834085586084414E-14, 231.6299999999991996 ) ) ;
#1008 = FACE_OUTER_BOUND ( 'NONE', #284, .T. ) ;
#1009 = ORIENTED_EDGE ( 'NONE', *, *, #1579, .T. ) ;
#1010 = ORIENTED_EDGE ( 'NONE', *, *, #1025, .F. ) ;
#1011 = FACE_OUTER_BOUND ( 'NONE', #909, .T. ) ;
#1012 = ORIENTED_EDGE ( 'NONE', *, *, #594, .T. ) ;
#1013 = DIRECTION ( 'NONE',  ( 0.7071067811865466846, -0.7071067811865483499, 0.000000000000000000 ) ) ;
#1014 = EDGE_CURVE ( 'NONE', #1585, #134, #869, .T. ) ;
#1015 = PLANE ( 'NONE',  #859 ) ;
#1016 = LINE ( 'NONE', #1656, #518 ) ;
#1017 = PERSON_AND_ORGANIZATION ( #1071, #1189 ) ;
#1018 = CARTESIAN_POINT ( 'NONE',  ( -62.21473785412451463, -60.80052429175175632, 90.80052429175272266 ) ) ;
#1019 = ORIENTED_EDGE ( 'NONE', *, *, #719, .F. ) ;
#1020 = VECTOR ( 'NONE', #842, 1000.000000000000000 ) ;
#1021 = VECTOR ( 'NONE', #1450, 999.9999999999998863 ) ;
#1022 = LINE ( 'NONE', #1359, #387 ) ;
#1023 = CARTESIAN_POINT ( 'NONE',  ( 23.19999999999999574, 27.30710678118661150, 258.9371067811865146 ) ) ;
#1024 = CYLINDRICAL_SURFACE ( 'NONE', #286, 1.650000000000002132 ) ;
#1025 = EDGE_CURVE ( 'NONE', #1198, #1069, #247, .T. ) ;
#1026 = VERTEX_POINT ( 'NONE', #388 ) ;
#1027 = CARTESIAN_POINT ( 'NONE',  ( 5.150000000000000355, 3.500000000000001332, 26.50000000000028066 ) ) ;
#1028 = EDGE_CURVE ( 'NONE', #134, #1226, #1197, .T. ) ;
#1029 = DESIGN_CONTEXT ( 'detailed design', #1627, 'design' ) ;
#1030 = ADVANCED_FACE ( 'NONE', ( #1966 ), #855, .F. ) ;
#1031 = CARTESIAN_POINT ( 'NONE',  ( 5.150000000000000355, 3.500000000000001332, 26.50000000000028066 ) ) ;
#1032 = ORIENTED_EDGE ( 'NONE', *, *, #912, .T. ) ;
#1033 = CARTESIAN_POINT ( 'NONE',  ( 29.99999999999999645, 30.00000000000000355, 261.6299999999999955 ) ) ;
#1034 = EDGE_CURVE ( 'NONE', #941, #1001, #1505, .T. ) ;
#1035 = CARTESIAN_POINT ( 'NONE',  ( 1.849999999999998979, 3.500000000000001332, -4.666904755831202678 ) ) ;
#1036 = DIRECTION ( 'NONE',  ( -7.888609052210118054E-31, 1.000000000000000000, 0.000000000000000000 ) ) ;
#1037 = PLANE ( 'NONE',  #458 ) ;
#1038 = EDGE_CURVE ( 'NONE', #1646, #1195, #1041, .T. ) ;
#1039 = CARTESIAN_POINT ( 'NONE',  ( 19.09999999999999432, 30.00000000000000355, 261.6299999999999955 ) ) ;
#1040 = CARTESIAN_POINT ( 'NONE',  ( 5.149999999999990585, 26.49999999999998934, 258.1299999999998818 ) ) ;
#1041 =( BOUNDED_CURVE ( )  B_SPLINE_CURVE ( 3, ( #1031, #208, #1514, #1175 ),
 .UNSPECIFIED., .F., .F. ) 
 B_SPLINE_CURVE_WITH_KNOTS ( ( 4, 4 ),
 ( 1.570796326794896780, 4.712388980384689674 ),
 .UNSPECIFIED. ) 
 CURVE ( )  GEOMETRIC_REPRESENTATION_ITEM ( )  RATIONAL_B_SPLINE_CURVE ( ( 1.000000000000000000, 0.3333333333333333703, 0.3333333333333333703, 1.000000000000000000 ) ) 
 REPRESENTATION_ITEM ( '' )  );
#1042 = EDGE_CURVE ( 'NONE', #415, #278, #377, .T. ) ;
#1043 = DIRECTION ( 'NONE',  ( 1.000000000000000000, 0.000000000000000000, 0.000000000000000000 ) ) ;
#1044 = CARTESIAN_POINT ( 'NONE',  ( 28.00000000000000355, 6.800000000000011369, 261.6299999999999955 ) ) ;
#1045 = ORIENTED_EDGE ( 'NONE', *, *, #441, .F. ) ;
#1046 = FACE_OUTER_BOUND ( 'NONE', #162, .T. ) ;
#1047 = CARTESIAN_POINT ( 'NONE',  ( 10.89999999999998970, 27.99999999999999645, 261.6299999999999955 ) ) ;
#1048 = VECTOR ( 'NONE', #145, 1000.000000000000000 ) ;
#1049 = FACE_OUTER_BOUND ( 'NONE', #140, .T. ) ;
#1050 = ORIENTED_EDGE ( 'NONE', *, *, #142, .T. ) ;
#1051 = CARTESIAN_POINT ( 'NONE',  ( 19.10000000000000853, 3.677636907808665992E-15, 261.6299999999999955 ) ) ;
#1052 = EDGE_CURVE ( 'NONE', #1296, #1484, #1346, .T. ) ;
#1053 = AXIS2_PLACEMENT_3D ( 'NONE', #1678, #727, #643 ) ;
#1054 = DIRECTION ( 'NONE',  ( 1.000000000000000000, 0.000000000000000000, 0.000000000000000000 ) ) ;
#1055 = CARTESIAN_POINT ( 'NONE',  ( 28.14999999999999858, 26.50000000000000355, -4.666904755831202678 ) ) ;
#1056 = VECTOR ( 'NONE', #222, 999.9999999999998863 ) ;
#1057 = DIRECTION ( 'NONE',  ( -7.888609052210118054E-31, 1.000000000000000000, 0.000000000000000000 ) ) ;
#1058 = LINE ( 'NONE', #1213, #1801 ) ;
#1059 = VERTEX_POINT ( 'NONE', #1498 ) ;
#1060 = ORIENTED_EDGE ( 'NONE', *, *, #231, .F. ) ;
#1061 = CARTESIAN_POINT ( 'NONE',  ( 17.68578643762693758, 19.10000000000000142, 261.6299999999999955 ) ) ;
#1062 = LINE ( 'NONE', #617, #761 ) ;
#1063 = CARTESIAN_POINT ( 'NONE',  ( 12.31421356237306064, 10.90000000000000036, 242.5299999999994611 ) ) ;
#1064 = ADVANCED_FACE ( 'NONE', ( #76 ), #1980, .F. ) ;
#1065 = VERTEX_POINT ( 'NONE', #847 ) ;
#1066 = DIRECTION ( 'NONE',  ( 0.000000000000000000, -0.000000000000000000, -1.000000000000000000 ) ) ;
#1067 = PLANE ( 'NONE',  #1053 ) ;
#1068 = ORIENTED_EDGE ( 'NONE', *, *, #1499, .F. ) ;
#1069 = VERTEX_POINT ( 'NONE', #89 ) ;
#1070 = DIRECTION ( 'NONE',  ( 8.462065736472226891E-16, -1.000000000000000000, 0.000000000000000000 ) ) ;
#1071 = PERSON ( 'UNSPECIFIED', 'UNSPECIFIED', 'UNSPECIFIED', ('UNSPECIFIED'), ('UNSPECIFIED'), ('UNSPECIFIED') ) ;
#1072 = CARTESIAN_POINT ( 'NONE',  ( 29.99999999999998579, 29.99999999999998579, 261.6299999999999955 ) ) ;
#1073 = DIRECTION ( 'NONE',  ( -0.000000000000000000, -0.000000000000000000, 1.000000000000000000 ) ) ;
#1074 = ORIENTED_EDGE ( 'NONE', *, *, #1269, .T. ) ;
#1075 = ORIENTED_EDGE ( 'NONE', *, *, #1792, .T. ) ;
#1076 = CARTESIAN_POINT ( 'NONE',  ( 28.15000000000001279, 0.2000000000000105582, 29.80000000000030624 ) ) ;
#1077 = ORIENTED_EDGE ( 'NONE', *, *, #516, .T. ) ;
#1078 = ORIENTED_EDGE ( 'NONE', *, *, #73, .T. ) ;
#1079 = VECTOR ( 'NONE', #872, 1000.000000000000000 ) ;
#1080 = VERTEX_POINT ( 'NONE', #728 ) ;
#1081 = ORIENTED_EDGE ( 'NONE', *, *, #1469, .T. ) ;
#1082 = ORIENTED_EDGE ( 'NONE', *, *, #802, .T. ) ;
#1083 = CYLINDRICAL_SURFACE ( 'NONE', #281, 1.650000000000002132 ) ;
#1084 = CC_DESIGN_PERSON_AND_ORGANIZATION_ASSIGNMENT ( #1312, #514, ( #1612 ) ) ;
#1085 = CARTESIAN_POINT ( 'NONE',  ( 18.40000000000002700, 15.00000000000001954, 246.6299999999996260 ) ) ;
#1086 = CARTESIAN_POINT ( 'NONE',  ( 26.88088022903984609, 25.46666666666675027, 257.0966666666665787 ) ) ;
#1087 = EDGE_LOOP ( 'NONE', ( #771, #131, #1003, #586 ) ) ;
#1088 = FACE_OUTER_BOUND ( 'NONE', #936, .T. ) ;
#1089 = LINE ( 'NONE', #1908, #491 ) ;
#1090 = AXIS2_PLACEMENT_3D ( 'NONE', #1591, #800, #1437 ) ;
#1091 = VECTOR ( 'NONE', #1164, 999.9999999999998863 ) ;
#1092 = CARTESIAN_POINT ( 'NONE',  ( 18.40000000000002700, 15.00000000000001954, 246.6299999999996260 ) ) ;
#1093 = EDGE_CURVE ( 'NONE', #1166, #1236, #1356, .T. ) ;
#1094 = EDGE_LOOP ( 'NONE', ( #1442, #347, #1963, #1606 ) ) ;
#1095 = MANIFOLD_SOLID_BREP ( 'Cut-Extrude3', #2020 ) ;
#1096 = ORIENTED_EDGE ( 'NONE', *, *, #1465, .F. ) ;
#1097 = ADVANCED_FACE ( 'NONE', ( #1011 ), #2002, .T. ) ;
#1098 = DIRECTION ( 'NONE',  ( -0.5773502691896228445, 0.5773502691896241767, -0.5773502691896300609 ) ) ;
#1099 = CARTESIAN_POINT ( 'NONE',  ( 2.499999999999989786, 29.99999999999999289, 3.165870343657672947E-14 ) ) ;
#1100 = DIRECTION ( 'NONE',  ( -1.000000000000000000, -7.888609052210118054E-31, 7.888609052210200380E-31 ) ) ;
#1101 = EDGE_CURVE ( 'NONE', #1979, #1958, #1330, .T. ) ;
#1102 = VERTEX_POINT ( 'NONE', #152 ) ;
#1103 = CARTESIAN_POINT ( 'NONE',  ( 5.149999999999990585, 26.49999999999998934, 3.500000000000046629 ) ) ;
#1104 = CARTESIAN_POINT ( 'NONE',  ( 29.99999999999999289, 27.50000000000000711, 259.1299999999999386 ) ) ;
#1105 = ADVANCED_FACE ( 'NONE', ( #1260 ), #302, .F. ) ;
#1106 = ORIENTED_EDGE ( 'NONE', *, *, #1125, .T. ) ;
#1107 = ORIENTED_EDGE ( 'NONE', *, *, #1042, .T. ) ;
#1108 = LINE ( 'NONE', #307, #651 ) ;
#1109 = APPROVAL_STATUS ( 'not_yet_approved' ) ;
#1110 = EDGE_LOOP ( 'NONE', ( #1815, #299 ) ) ;
#1111 = ADVANCED_FACE ( 'NONE', ( #455 ), #813, .F. ) ;
#1112 = CARTESIAN_POINT ( 'NONE',  ( 19.09999999999999432, 17.68578643762687364, 261.6299999999999955 ) ) ;
#1113 = EDGE_CURVE ( 'NONE', #1751, #1506, #801, .T. ) ;
#1114 = CARTESIAN_POINT ( 'NONE',  ( 19.09999999999999432, 28.00000000000000355, 261.6299999999999955 ) ) ;
#1115 = CARTESIAN_POINT ( 'NONE',  ( 24.61421356237310221, 23.20000000000000284, 261.6299999999999955 ) ) ;
#1116 = CARTESIAN_POINT ( 'NONE',  ( 27.99999999999999645, 23.20000000000000284, 254.8299999999997851 ) ) ;
#1117 =( BOUNDED_CURVE ( )  B_SPLINE_CURVE ( 3, ( #706, #1383, #1363, #1027 ),
 .UNSPECIFIED., .F., .T. ) 
 B_SPLINE_CURVE_WITH_KNOTS ( ( 4, 4 ),
 ( 4.712388980384689674, 7.853981633974482790 ),
 .UNSPECIFIED. ) 
 CURVE ( )  GEOMETRIC_REPRESENTATION_ITEM ( )  RATIONAL_B_SPLINE_CURVE ( ( 1.000000000000000000, 0.3333333333333333703, 0.3333333333333333703, 1.000000000000000000 ) ) 
 REPRESENTATION_ITEM ( '' )  );
#1118 = ORIENTED_EDGE ( 'NONE', *, *, #165, .T. ) ;
#1119 = ORIENTED_EDGE ( 'NONE', *, *, #1028, .T. ) ;
#1120 = ORIENTED_EDGE ( 'NONE', *, *, #1711, .F. ) ;
#1121 = VECTOR ( 'NONE', #1566, 1000.000000000000000 ) ;
#1122 = EDGE_CURVE ( 'NONE', #1670, #1762, #621, .T. ) ;
#1123 = CARTESIAN_POINT ( 'NONE',  ( 6.800000000000000711, 5.385786437626918222, 261.6299999999999955 ) ) ;
#1124 = CARTESIAN_POINT ( 'NONE',  ( 6.800000000000000711, 2.000000000000001776, 28.00000000000027356 ) ) ;
#1125 = EDGE_CURVE ( 'NONE', #1237, #1715, #312, .T. ) ;
#1126 = VECTOR ( 'NONE', #1163, 1000.000000000000000 ) ;
#1127 = ORIENTED_EDGE ( 'NONE', *, *, #239, .T. ) ;
#1128 = FACE_BOUND ( 'NONE', #1110, .T. ) ;
#1129 = CARTESIAN_POINT ( 'NONE',  ( 24.61421356237310931, 6.800000000000009592, 261.6299999999999955 ) ) ;
#1130 = ORIENTED_EDGE ( 'NONE', *, *, #738, .T. ) ;
#1131 = VECTOR ( 'NONE', #47, 1000.000000000000114 ) ;
#1132 = VECTOR ( 'NONE', #132, 999.9999999999998863 ) ;
#1133 = VECTOR ( 'NONE', #938, 1000.000000000000000 ) ;
#1134 = LOCAL_TIME ( 20, 41, 40.00000000000000000, #126 ) ;
#1135 = VERTEX_POINT ( 'NONE', #1294 ) ;
#1136 = DIRECTION ( 'NONE',  ( -0.000000000000000000, -0.000000000000000000, -1.000000000000000000 ) ) ;
#1137 = FACE_OUTER_BOUND ( 'NONE', #1314, .T. ) ;
#1138 = LINE ( 'NONE', #1611, #1893 ) ;
#1139 = PLANE ( 'NONE',  #2059 ) ;
#1140 = CARTESIAN_POINT ( 'NONE',  ( 27.50000000000000711, 1.040834085586084257E-14, 231.6299999999991996 ) ) ;
#1141 = ORIENTED_EDGE ( 'NONE', *, *, #1988, .T. ) ;
#1142 = ORIENTED_EDGE ( 'NONE', *, *, #1942, .T. ) ;
#1143 = CARTESIAN_POINT ( 'NONE',  ( 5.004737854124288177, 26.40947570824878099, 258.0394757082486308 ) ) ;
#1144 = CARTESIAN_POINT ( 'NONE',  ( 30.00000000000001421, -7.325420034852273781E-15, 30.00000000000031974 ) ) ;
#1145 = CARTESIAN_POINT ( 'NONE',  ( 29.99999999999999289, 27.50000000000001421, 2.500000000000002220 ) ) ;
#1146 = CARTESIAN_POINT ( 'NONE',  ( 30.00000000000002487, 1.035533905932759957, 232.6655339059319658 ) ) ;
#1147 = VERTEX_POINT ( 'NONE', #1592 ) ;
#1148 = ORIENTED_EDGE ( 'NONE', *, *, #581, .T. ) ;
#1149 = DIRECTION ( 'NONE',  ( 1.000000000000000000, 7.888609052210118054E-31, 0.000000000000000000 ) ) ;
#1150 = CARTESIAN_POINT ( 'NONE',  ( 27.99999999999999289, 20.45000000000025508, 252.0799999999999841 ) ) ;
#1151 = AXIS2_PLACEMENT_3D ( 'NONE', #1123, #1787, #371 ) ;
#1152 = EDGE_CURVE ( 'NONE', #175, #1607, #790, .T. ) ;
#1153 = DIRECTION ( 'NONE',  ( 0.5773502691896222894, 0.5773502691896245098, -0.5773502691896305050 ) ) ;
#1154 = LINE ( 'NONE', #364, #1186 ) ;
#1155 = DIRECTION ( 'NONE',  ( -1.000000000000000000, -8.462065736472226891E-16, 0.000000000000000000 ) ) ;
#1156 = ORIENTED_EDGE ( 'NONE', *, *, #1781, .F. ) ;
#1157 = ORIENTED_EDGE ( 'NONE', *, *, #971, .F. ) ;
#1158 = APPROVAL_PERSON_ORGANIZATION ( #1017, #352, #226 ) ;
#1159 = DIRECTION ( 'NONE',  ( -1.000000000000000000, -7.888609052210118054E-31, 7.888609052210200380E-31 ) ) ;
#1160 = VECTOR ( 'NONE', #1755, 1000.000000000000000 ) ;
#1161 = ORIENTED_EDGE ( 'NONE', *, *, #73, .F. ) ;
#1162 = DIRECTION ( 'NONE',  ( -0.000000000000000000, -0.000000000000000000, -1.000000000000000000 ) ) ;
#1163 = DIRECTION ( 'NONE',  ( -0.000000000000000000, -0.000000000000000000, -1.000000000000000000 ) ) ;
#1164 = DIRECTION ( 'NONE',  ( 0.000000000000000000, 0.7071067811865383579, 0.7071067811865567876 ) ) ;
#1165 = ORIENTED_EDGE ( 'NONE', *, *, #207, .F. ) ;
#1166 = VERTEX_POINT ( 'NONE', #1571 ) ;
#1167 = DIRECTION ( 'NONE',  ( 6.346549302354167703E-16, -1.000000000000000000, 0.000000000000000000 ) ) ;
#1168 = ADVANCED_FACE ( 'NONE', ( #654, #1128, #1756, #1449, #1921, #2049 ), #333, .T. ) ;
#1169 = ORIENTED_EDGE ( 'NONE', *, *, #1726, .T. ) ;
#1170 = DIRECTION ( 'NONE',  ( 1.000000000000000000, 8.462065736472233793E-16, -8.462065736472321554E-16 ) ) ;
#1171 = CARTESIAN_POINT ( 'NONE',  ( 5.149999999999990585, 26.49999999999998934, 3.500000000000046629 ) ) ;
#1172 = LINE ( 'NONE', #851, #992 ) ;
#1173 = COORDINATED_UNIVERSAL_TIME_OFFSET ( 8, 0, .AHEAD. ) ;
#1174 = VERTEX_POINT ( 'NONE', #1897 ) ;
#1175 = CARTESIAN_POINT ( 'NONE',  ( 1.849999999999998979, 3.500000000000001332, 26.50000000000028066 ) ) ;
#1176 =( BOUNDED_CURVE ( )  B_SPLINE_CURVE ( 3, ( #107, #412, #1407, #611 ),
 .UNSPECIFIED., .F., .F. ) 
 B_SPLINE_CURVE_WITH_KNOTS ( ( 4, 4 ),
 ( 1.570796326794896558, 3.141592653589792672 ),
 .UNSPECIFIED. ) 
 CURVE ( )  GEOMETRIC_REPRESENTATION_ITEM ( )  RATIONAL_B_SPLINE_CURVE ( ( 1.000000000000000000, 0.8047378541243650485, 0.8047378541243650485, 1.000000000000000000 ) ) 
 REPRESENTATION_ITEM ( '' )  );
#1177 = ORIENTED_EDGE ( 'NONE', *, *, #1792, .F. ) ;
#1178 = DIRECTION ( 'NONE',  ( 8.271065776972180550E-16, -1.000000000000000000, 0.000000000000000000 ) ) ;
#1179 = ADVANCED_FACE ( 'NONE', ( #2040 ), #1935, .T. ) ;
#1180 = ADVANCED_FACE ( 'NONE', ( #1049 ), #1603, .T. ) ;
#1181 = LINE ( 'NONE', #1825, #556 ) ;
#1182 = VECTOR ( 'NONE', #964, 999.9999999999998863 ) ;
#1183 = EDGE_CURVE ( 'NONE', #1419, #1069, #1747, .T. ) ;
#1184 = ORIENTED_EDGE ( 'NONE', *, *, #578, .T. ) ;
#1185 = CARTESIAN_POINT ( 'NONE',  ( 10.90000000000009805, -101.8149999999999835, 131.8150000000013620 ) ) ;
#1186 = VECTOR ( 'NONE', #1780, 999.9999999999998863 ) ;
#1187 = CARTESIAN_POINT ( 'NONE',  ( 26.49999999999999645, 26.50000000000000355, -4.666904755831202678 ) ) ;
#1188 = ORIENTED_EDGE ( 'NONE', *, *, #366, .F. ) ;
#1189 = ORGANIZATION ( 'UNSPECIFIED', 'UNSPECIFIED', '' ) ;
#1190 = CARTESIAN_POINT ( 'NONE',  ( 24.85000000000000497, 3.500000000000011102, 235.1299999999992849 ) ) ;
#1191 = VECTOR ( 'NONE', #251, 1000.000000000000000 ) ;
#1192 = DIRECTION ( 'NONE',  ( 1.000000000000000000, 7.888609052210118054E-31, 7.888609052210324746E-31 ) ) ;
#1193 = DIRECTION ( 'NONE',  ( -1.000000000000000000, -7.888609052210118054E-31, 0.000000000000000000 ) ) ;
#1194 = EDGE_CURVE ( 'NONE', #1584, #1147, #1089, .T. ) ;
#1195 = VERTEX_POINT ( 'NONE', #1438 ) ;
#1196 = DIRECTION ( 'NONE',  ( -0.000000000000000000, -0.000000000000000000, -1.000000000000000000 ) ) ;
#1197 = LINE ( 'NONE', #881, #1322 ) ;
#1198 = VERTEX_POINT ( 'NONE', #1274 ) ;
#1199 = DIRECTION ( 'NONE',  ( -0.000000000000000000, -0.000000000000000000, -1.000000000000000000 ) ) ;
#1200 = FACE_OUTER_BOUND ( 'NONE', #1427, .T. ) ;
#1201 = DIRECTION ( 'NONE',  ( 1.000000000000000000, 7.888609052210118054E-31, -0.000000000000000000 ) ) ;
#1202 = CARTESIAN_POINT ( 'NONE',  ( 28.00000000000002487, -106.2649999999999437, 136.2650000000013506 ) ) ;
#1203 = CARTESIAN_POINT ( 'NONE',  ( 6.799999999999989164, 27.99999999999999289, 261.6299999999999955 ) ) ;
#1204 = EDGE_CURVE ( 'NONE', #90, #1135, #1264, .T. ) ;
#1205 = VERTEX_POINT ( 'NONE', #1375 ) ;
#1206 = DIRECTION ( 'NONE',  ( -0.000000000000000000, -0.000000000000000000, -1.000000000000000000 ) ) ;
#1207 = COORDINATED_UNIVERSAL_TIME_OFFSET ( 8, 0, .AHEAD. ) ;
#1208 = CARTESIAN_POINT ( 'NONE',  ( 5.385786437626910228, 6.800000000000000711, 23.20000000000023377 ) ) ;
#1209 = LINE ( 'NONE', #1063, #956 ) ;
#1210 = EDGE_LOOP ( 'NONE', ( #1869, #449, #1398, #1822, #1272, #35, #1372, #404, #24, #105, #1804, #1545, #931, #1120, #209, #1644, #1492, #2067, #1769, #699, #1741, #1075, #468, #597, #1570, #838, #690, #1460, #1511, #1900, #1597, #635, #970, #1451, #1899, #1888, #1500, #1920, #507, #1759, #1497, #1471, #625, #1728, #1376, #990, #1481, #644 ) ) ;
#1211 = VECTOR ( 'NONE', #170, 1000.000000000000000 ) ;
#1212 = LINE ( 'NONE', #1185, #1297 ) ;
#1213 = CARTESIAN_POINT ( 'NONE',  ( 17.68578643762694114, 10.90000000000000213, 261.6299999999999955 ) ) ;
#1214 = ORIENTED_EDGE ( 'NONE', *, *, #879, .T. ) ;
#1215 = VECTOR ( 'NONE', #1770, 1000.000000000000000 ) ;
#1216 = EDGE_CURVE ( 'NONE', #515, #7, #1608, .T. ) ;
#1217 = FACE_OUTER_BOUND ( 'NONE', #1313, .T. ) ;
#1218 = VECTOR ( 'NONE', #861, 1000.000000000000000 ) ;
#1219 = VECTOR ( 'NONE', #1937, 999.9999999999998863 ) ;
#1220 = DIRECTION ( 'NONE',  ( 1.000000000000000000, 1.909999595000538285E-17, 0.000000000000000000 ) ) ;
#1221 = CARTESIAN_POINT ( 'NONE',  ( 26.49999999999999645, 26.50000000000000355, -4.666904755831202678 ) ) ;
#1222 = ORIENTED_EDGE ( 'NONE', *, *, #1531, .F. ) ;
#1223 = CARTESIAN_POINT ( 'NONE',  ( 28.14999999999999858, 26.50000000000000355, 258.1299999999998818 ) ) ;
#1224 = DIRECTION ( 'NONE',  ( -5.578088954947329482E-31, 0.7071067811865439090, -0.7071067811865512365 ) ) ;
#1225 = ORIENTED_EDGE ( 'NONE', *, *, #1713, .F. ) ;
#1226 = VERTEX_POINT ( 'NONE', #778 ) ;
#1227 = CARTESIAN_POINT ( 'NONE',  ( 10.89999999999999325, 30.00000000000000355, 0.000000000000000000 ) ) ;
#1228 = PERSON_AND_ORGANIZATION_ROLE ( 'creator' ) ;
#1229 =( BOUNDED_CURVE ( )  B_SPLINE_CURVE ( 3, ( #1373, #726, #1504, #75 ),
 .UNSPECIFIED., .F., .F. ) 
 B_SPLINE_CURVE_WITH_KNOTS ( ( 4, 4 ),
 ( 4.712388980384689674, 7.853981633974482790 ),
 .UNSPECIFIED. ) 
 CURVE ( )  GEOMETRIC_REPRESENTATION_ITEM ( )  RATIONAL_B_SPLINE_CURVE ( ( 1.000000000000000000, 0.3333333333333333703, 0.3333333333333333703, 1.000000000000000000 ) ) 
 REPRESENTATION_ITEM ( '' )  );
#1230 = LINE ( 'NONE', #595, #2024 ) ;
#1231 = LINE ( 'NONE', #2037, #1535 ) ;
#1232 = ORIENTED_EDGE ( 'NONE', *, *, #1906, .F. ) ;
#1233 = VERTEX_POINT ( 'NONE', #836 ) ;
#1234 = CC_DESIGN_PERSON_AND_ORGANIZATION_ASSIGNMENT ( #2027, #1228, ( #723 ) ) ;
#1235 = CARTESIAN_POINT ( 'NONE',  ( 24.85000000000000497, 3.500000000000011102, 26.50000000000027001 ) ) ;
#1236 = VERTEX_POINT ( 'NONE', #1952 ) ;
#1237 = VERTEX_POINT ( 'NONE', #1303 ) ;
#1238 = CARTESIAN_POINT ( 'NONE',  ( 1.849999999999989431, 26.49999999999998934, 258.1299999999998818 ) ) ;
#1239 = SHAPE_DEFINITION_REPRESENTATION ( #1321, #336 ) ;
#1240 = CARTESIAN_POINT ( 'NONE',  ( 1.035533905932736864, 6.130262404501316357E-16, 30.00000000000031974 ) ) ;
#1241 = LINE ( 'NONE', #1436, #181 ) ;
#1242 = EDGE_CURVE ( 'NONE', #1059, #1306, #382, .T. ) ;
#1243 =( BOUNDED_CURVE ( )  B_SPLINE_CURVE ( 3, ( #902, #1354, #557, #1839 ),
 .UNSPECIFIED., .F., .T. ) 
 B_SPLINE_CURVE_WITH_KNOTS ( ( 4, 4 ),
 ( 4.712388980384689674, 7.853981633974482790 ),
 .UNSPECIFIED. ) 
 CURVE ( )  GEOMETRIC_REPRESENTATION_ITEM ( )  RATIONAL_B_SPLINE_CURVE ( ( 1.000000000000000000, 0.3333333333333333703, 0.3333333333333333703, 1.000000000000000000 ) ) 
 REPRESENTATION_ITEM ( '' )  );
#1244 = ORIENTED_EDGE ( 'NONE', *, *, #1928, .T. ) ;
#1245 = VERTEX_POINT ( 'NONE', #213 ) ;
#1246 = CARTESIAN_POINT ( 'NONE',  ( 30.00000000000000000, 10.90000000000001279, 261.6299999999999955 ) ) ;
#1247 = EDGE_CURVE ( 'NONE', #652, #45, #1789, .T. ) ;
#1248 = CARTESIAN_POINT ( 'NONE',  ( 24.84999999999999432, 26.50000000000000355, 3.500000000000031086 ) ) ;
#1249 = EDGE_CURVE ( 'NONE', #10, #1296, #354, .T. ) ;
#1250 = VECTOR ( 'NONE', #1136, 1000.000000000000000 ) ;
#1251 = VERTEX_POINT ( 'NONE', #1468 ) ;
#1252 = VERTEX_POINT ( 'NONE', #48 ) ;
#1253 = CARTESIAN_POINT ( 'NONE',  ( 23.19999999999999574, 28.00000000000000355, 259.6299999999999386 ) ) ;
#1254 = CALENDAR_DATE ( 2024, 25, 9 ) ;
#1255 = ADVANCED_FACE ( 'NONE', ( #1488 ), #686, .T. ) ;
#1256 = FACE_OUTER_BOUND ( 'NONE', #1772, .T. ) ;
#1257 = CYLINDRICAL_SURFACE ( 'NONE', #120, 1.650000000000000355 ) ;
#1258 = VECTOR ( 'NONE', #599, 999.9999999999998863 ) ;
#1259 = ORIENTED_EDGE ( 'NONE', *, *, #216, .T. ) ;
#1260 = FACE_OUTER_BOUND ( 'NONE', #679, .T. ) ;
#1261 = LOCAL_TIME ( 20, 41, 40.00000000000000000, #862 ) ;
#1262 = EDGE_CURVE ( 'NONE', #143, #549, #1172, .T. ) ;
#1263 = DIRECTION ( 'NONE',  ( 0.7071067811865462405, 0.7071067811865489050, 0.000000000000000000 ) ) ;
#1264 =( BOUNDED_CURVE ( )  B_SPLINE_CURVE ( 3, ( #1103, #642, #1283, #259 ),
 .UNSPECIFIED., .F., .T. ) 
 B_SPLINE_CURVE_WITH_KNOTS ( ( 4, 4 ),
 ( 4.712388980384689674, 7.853981633974482790 ),
 .UNSPECIFIED. ) 
 CURVE ( )  GEOMETRIC_REPRESENTATION_ITEM ( )  RATIONAL_B_SPLINE_CURVE ( ( 1.000000000000000000, 0.3333333333333333703, 0.3333333333333333703, 1.000000000000000000 ) ) 
 REPRESENTATION_ITEM ( '' )  );
#1265 = AXIS2_PLACEMENT_3D ( 'NONE', #867, #1710, #275 ) ;
#1266 = ORIENTED_EDGE ( 'NONE', *, *, #1531, .T. ) ;
#1267 = ORIENTED_EDGE ( 'NONE', *, *, #1942, .F. ) ;
#1268 = LINE ( 'NONE', #1891, #150 ) ;
#1269 = EDGE_CURVE ( 'NONE', #515, #1353, #1154, .T. ) ;
#1270 = CARTESIAN_POINT ( 'NONE',  ( 6.799999999999991829, 24.61421356237307378, 261.6299999999999955 ) ) ;
#1271 = DIRECTION ( 'NONE',  ( 0.000000000000000000, -0.7071067811865512365, -0.7071067811865439090 ) ) ;
#1272 = ORIENTED_EDGE ( 'NONE', *, *, #86, .T. ) ;
#1273 = ORIENTED_EDGE ( 'NONE', *, *, #1929, .F. ) ;
#1274 = CARTESIAN_POINT ( 'NONE',  ( 0.000000000000000000, 19.09999999999998721, 250.7299999999996771 ) ) ;
#1275 = CARTESIAN_POINT ( 'NONE',  ( -1.057758217059028943E-14, 27.49999999999998934, 2.500000000000002220 ) ) ;
#1276 = VERTEX_POINT ( 'NONE', #676 ) ;
#1277 = ORIENTED_EDGE ( 'NONE', *, *, #1014, .T. ) ;
#1278 = EDGE_CURVE ( 'NONE', #1245, #941, #998, .T. ) ;
#1279 = CARTESIAN_POINT ( 'NONE',  ( 23.19999999999999574, 28.00000000000000355, 261.6299999999999955 ) ) ;
#1280 = LINE ( 'NONE', #638, #33 ) ;
#1281 = LINE ( 'NONE', #1722, #329 ) ;
#1282 = ORIENTED_EDGE ( 'NONE', *, *, #1636, .F. ) ;
#1283 = CARTESIAN_POINT ( 'NONE',  ( 1.849999999999989653, 23.19999999999998863, 6.800000000000083311 ) ) ;
#1284 = CARTESIAN_POINT ( 'NONE',  ( 24.85000000000000497, 3.500000000000011102, 26.50000000000027001 ) ) ;
#1285 = ORIENTED_EDGE ( 'NONE', *, *, #1262, .T. ) ;
#1286 = ORIENTED_EDGE ( 'NONE', *, *, #537, .T. ) ;
#1287 = AXIS2_PLACEMENT_3D ( 'NONE', #673, #684, #1610 ) ;
#1288 = CARTESIAN_POINT ( 'NONE',  ( 19.09999999999999432, 17.68578643762687364, 249.3157864376265138 ) ) ;
#1289 = EDGE_CURVE ( 'NONE', #453, #2063, #1311, .T. ) ;
#1290 = LINE ( 'NONE', #1309, #579 ) ;
#1291 = CARTESIAN_POINT ( 'NONE',  ( 24.99526214587569584, 26.40947570824879165, 258.0394757082486308 ) ) ;
#1292 = AXIS2_PLACEMENT_3D ( 'NONE', #1530, #1371, #1520 ) ;
#1293 = CYLINDRICAL_SURFACE ( 'NONE', #424, 1.650000000000000355 ) ;
#1294 = CARTESIAN_POINT ( 'NONE',  ( 1.849999999999989431, 26.49999999999998934, 3.500000000000046629 ) ) ;
#1295 = LINE ( 'NONE', #1748, #423 ) ;
#1296 = VERTEX_POINT ( 'NONE', #196 ) ;
#1297 = VECTOR ( 'NONE', #892, 999.9999999999998863 ) ;
#1298 = AXIS2_PLACEMENT_3D ( 'NONE', #1379, #584, #1220 ) ;
#1299 = ORIENTED_EDGE ( 'NONE', *, *, #1544, .T. ) ;
#1300 = CARTESIAN_POINT ( 'NONE',  ( 12.31421356237306064, 10.90000000000000036, 19.10000000000020037 ) ) ;
#1301 = FACE_OUTER_BOUND ( 'NONE', #1760, .T. ) ;
#1302 = PLANE ( 'NONE',  #29 ) ;
#1303 = CARTESIAN_POINT ( 'NONE',  ( 30.00000000000000000, 10.90000000000001812, 19.10000000000017195 ) ) ;
#1304 = DIRECTION ( 'NONE',  ( -0.000000000000000000, -0.000000000000000000, 1.000000000000000000 ) ) ;
#1305 = ORIENTED_EDGE ( 'NONE', *, *, #730, .F. ) ;
#1306 = VERTEX_POINT ( 'NONE', #1945 ) ;
#1307 = APPROVAL ( #1109, 'UNSPECIFIED' ) ;
#1308 = CARTESIAN_POINT ( 'NONE',  ( 23.19999999999999574, -103.5078932188134360, 133.5078932188148144 ) ) ;
#1309 = CARTESIAN_POINT ( 'NONE',  ( 14.99526214587536543, 13.59052429175158494, 245.2205242917511328 ) ) ;
#1310 = LINE ( 'NONE', #675, #361 ) ;
#1311 = LINE ( 'NONE', #1639, #1658 ) ;
#1312 = PERSON_AND_ORGANIZATION ( #1071, #1189 ) ;
#1313 = EDGE_LOOP ( 'NONE', ( #115, #1883, #1232, #818 ) ) ;
#1314 = EDGE_LOOP ( 'NONE', ( #295, #99, #1834, #1605 ) ) ;
#1315 = EDGE_CURVE ( 'NONE', #121, #270, #705, .T. ) ;
#1316 = CARTESIAN_POINT ( 'NONE',  ( 10.89999999999998792, 30.00000000000000000, 0.000000000000000000 ) ) ;
#1317 = ORIENTED_EDGE ( 'NONE', *, *, #1917, .F. ) ;
#1318 = VECTOR ( 'NONE', #341, 1000.000000000000000 ) ;
#1319 = CARTESIAN_POINT ( 'NONE',  ( 1.849999999999999645, 0.1999999999999996503, 231.8299999999992167 ) ) ;
#1320 = EDGE_CURVE ( 'NONE', #1147, #1729, #843, .T. ) ;
#1321 = PRODUCT_DEFINITION_SHAPE ( 'NONE', 'NONE',  #1612 ) ;
#1322 = VECTOR ( 'NONE', #218, 1000.000000000000000 ) ;
#1323 = CARTESIAN_POINT ( 'NONE',  ( 6.800000000000000711, -113.1221067811864032, 143.1221067811878811 ) ) ;
#1324 = CARTESIAN_POINT ( 'NONE',  ( 27.49999999999999645, 27.50000000000000355, 261.6299999999999955 ) ) ;
#1325 = FACE_OUTER_BOUND ( 'NONE', #279, .T. ) ;
#1326 = ORIENTED_EDGE ( 'NONE', *, *, #1874, .T. ) ;
#1327 = EDGE_CURVE ( 'NONE', #515, #762, #1495, .T. ) ;
#1328 = AXIS2_PLACEMENT_3D ( 'NONE', #1203, #55, #693 ) ;
#1329 = VECTOR ( 'NONE', #1391, 1000.000000000000000 ) ;
#1330 = LINE ( 'NONE', #1652, #1215 ) ;
#1331 = EDGE_CURVE ( 'NONE', #480, #1746, #59, .T. ) ;
#1332 = ORIENTED_EDGE ( 'NONE', *, *, #756, .T. ) ;
#1333 = CARTESIAN_POINT ( 'NONE',  ( 27.99999999999980105, 6.800000000000011369, 23.20000000000024798 ) ) ;
#1334 = EDGE_CURVE ( 'NONE', #1174, #1147, #1336, .T. ) ;
#1335 = DIRECTION ( 'NONE',  ( 8.462065736472233793E-16, -1.000000000000000000, 0.000000000000000000 ) ) ;
#1336 = LINE ( 'NONE', #505, #420 ) ;
#1337 = EDGE_CURVE ( 'NONE', #1000, #453, #1016, .T. ) ;
#1338 = DIRECTION ( 'NONE',  ( -5.983584065105822685E-16, 0.7071067811865439090, -0.7071067811865512365 ) ) ;
#1339 = ORIENTED_EDGE ( 'NONE', *, *, #325, .T. ) ;
#1340 = FACE_OUTER_BOUND ( 'NONE', #560, .T. ) ;
#1341 = EDGE_CURVE ( 'NONE', #1080, #1198, #223, .T. ) ;
#1342 = CARTESIAN_POINT ( 'NONE',  ( 23.20000000000010587, -113.1221067811864032, 143.1221067811878811 ) ) ;
#1343 = DIRECTION ( 'NONE',  ( -1.000000000000000000, -8.462065736472233793E-16, -8.462065736472455661E-16 ) ) ;
#1344 = VERTEX_POINT ( 'NONE', #825 ) ;
#1345 = CARTESIAN_POINT ( 'NONE',  ( 23.19999999999999574, 24.61421356237308444, 261.6299999999999955 ) ) ;
#1346 = LINE ( 'NONE', #406, #1927 ) ;
#1347 = VERTEX_POINT ( 'NONE', #498 ) ;
#1348 = ADVANCED_FACE ( 'NONE', ( #1458 ), #667, .F. ) ;
#1349 = CARTESIAN_POINT ( 'NONE',  ( 10.89999999999999858, 17.68578643762686653, 249.3157864376265138 ) ) ;
#1350 = DIRECTION ( 'NONE',  ( 5.578088954947285691E-31, -0.7071067811865383579, -0.7071067811865567876 ) ) ;
#1351 = PLANE ( 'NONE',  #1404 ) ;
#1352 = VECTOR ( 'NONE', #493, 999.9999999999998863 ) ;
#1353 = VERTEX_POINT ( 'NONE', #733 ) ;
#1354 = CARTESIAN_POINT ( 'NONE',  ( 11.60000000000002629, 8.200000000000022382, 21.80000000000020322 ) ) ;
#1355 = VECTOR ( 'NONE', #526, 1000.000000000000000 ) ;
#1356 = LINE ( 'NONE', #1991, #1625 ) ;
#1357 = EDGE_LOOP ( 'NONE', ( #580, #839, #501, #1050 ) ) ;
#1358 = CC_DESIGN_APPROVAL ( #713, ( #1612 ) ) ;
#1359 = CARTESIAN_POINT ( 'NONE',  ( 19.09999999999999787, 12.31421356237313169, 261.6299999999999955 ) ) ;
#1360 = DIRECTION ( 'NONE',  ( -0.000000000000000000, -0.000000000000000000, 1.000000000000000000 ) ) ;
#1361 = FACE_OUTER_BOUND ( 'NONE', #169, .T. ) ;
#1362 = ORIENTED_EDGE ( 'NONE', *, *, #1985, .T. ) ;
#1363 = CARTESIAN_POINT ( 'NONE',  ( 5.150000000000000355, 0.2000000000000005107, 29.80000000000031690 ) ) ;
#1364 = PLANE ( 'NONE',  #959 ) ;
#1365 = DIRECTION ( 'NONE',  ( -0.000000000000000000, 0.7071067811865383579, 0.7071067811865567876 ) ) ;
#1366 = ORIENTED_EDGE ( 'NONE', *, *, #821, .F. ) ;
#1367 = EDGE_CURVE ( 'NONE', #549, #620, #553, .T. ) ;
#1368 = DIRECTION ( 'NONE',  ( -0.000000000000000000, -0.000000000000000000, 1.000000000000000000 ) ) ;
#1369 = CARTESIAN_POINT ( 'NONE',  ( 28.00000000000000000, 10.90000000000001101, 242.5299999999994611 ) ) ;
#1370 = CARTESIAN_POINT ( 'NONE',  ( 0.000000000000000000, 10.90000000000000036, 261.6299999999999955 ) ) ;
#1371 = DIRECTION ( 'NONE',  ( -1.000000000000000000, -2.115516434118057462E-16, 0.000000000000000000 ) ) ;
#1372 = ORIENTED_EDGE ( 'NONE', *, *, #53, .F. ) ;
#1373 = CARTESIAN_POINT ( 'NONE',  ( 28.15000000000000924, 3.500000000000011102, 235.1299999999992849 ) ) ;
#1374 = LINE ( 'NONE', #269, #1258 ) ;
#1375 = CARTESIAN_POINT ( 'NONE',  ( 12.31421356237306064, 10.90000000000000036, 242.5299999999994611 ) ) ;
#1376 = ORIENTED_EDGE ( 'NONE', *, *, #1650, .T. ) ;
#1377 = CARTESIAN_POINT ( 'NONE',  ( 24.85000000000000853, 0.2000000000000096423, 231.8299999999992167 ) ) ;
#1378 = DIRECTION ( 'NONE',  ( -0.000000000000000000, -0.000000000000000000, -1.000000000000000000 ) ) ;
#1379 = CARTESIAN_POINT ( 'NONE',  ( 19.09999999999999432, 30.00000000000000355, 261.6299999999999955 ) ) ;
#1380 = LINE ( 'NONE', #2015, #806 ) ;
#1381 = ORIENTED_EDGE ( 'NONE', *, *, #304, .T. ) ;
#1382 = AXIS2_PLACEMENT_3D ( 'NONE', #1061, #751, #1149 ) ;
#1383 = CARTESIAN_POINT ( 'NONE',  ( 1.849999999999998312, 0.2000000000000009825, 29.80000000000031690 ) ) ;
#1384 = DIRECTION ( 'NONE',  ( -0.000000000000000000, -0.000000000000000000, -1.000000000000000000 ) ) ;
#1385 = ADVANCED_FACE ( 'NONE', ( #1361 ), #1503, .T. ) ;
#1386 = ORIENTED_EDGE ( 'NONE', *, *, #1216, .F. ) ;
#1387 = CARTESIAN_POINT ( 'NONE',  ( 104.0908802290398967, -72.67666666666696074, 102.6766666666680834 ) ) ;
#1388 = COORDINATED_UNIVERSAL_TIME_OFFSET ( 8, 0, .AHEAD. ) ;
#1389 = VECTOR ( 'NONE', #1655, 1000.000000000000000 ) ;
#1390 = CARTESIAN_POINT ( 'NONE',  ( 15.00473785412463812, 13.59052429175158849, 245.2205242917511328 ) ) ;
#1391 = DIRECTION ( 'NONE',  ( -1.000000000000000000, 0.000000000000000000, 0.000000000000000000 ) ) ;
#1392 = VECTOR ( 'NONE', #765, 1000.000000000000114 ) ;
#1393 = EDGE_LOOP ( 'NONE', ( #1925, #2038 ) ) ;
#1394 = LINE ( 'NONE', #1342, #1965 ) ;
#1395 = CARTESIAN_POINT ( 'NONE',  ( 28.14999999999999858, 26.50000000000000355, 3.500000000000031086 ) ) ;
#1396 = ORIENTED_EDGE ( 'NONE', *, *, #1204, .F. ) ;
#1397 = EDGE_CURVE ( 'NONE', #1205, #367, #1209, .T. ) ;
#1398 = ORIENTED_EDGE ( 'NONE', *, *, #1984, .T. ) ;
#1399 = CARTESIAN_POINT ( 'NONE',  ( 5.150000000000000355, 3.500000000000001332, 235.1299999999992849 ) ) ;
#1400 = EDGE_CURVE ( 'NONE', #962, #337, #244, .T. ) ;
#1401 = ADVANCED_FACE ( 'NONE', ( #403 ), #1024, .F. ) ;
#1402 = DIRECTION ( 'NONE',  ( 0.000000000000000000, 1.000000000000000000, 0.000000000000000000 ) ) ;
#1403 = CARTESIAN_POINT ( 'NONE',  ( 27.49999999999999645, 30.00000000000000355, 261.6299999999999955 ) ) ;
#1404 = AXIS2_PLACEMENT_3D ( 'NONE', #1667, #1987, #252 ) ;
#1405 = EDGE_LOOP ( 'NONE', ( #1273, #848, #1060, #746 ) ) ;
#1406 = ORIENTED_EDGE ( 'NONE', *, *, #2023, .T. ) ;
#1407 = CARTESIAN_POINT ( 'NONE',  ( 1.035533905932726428, 29.99999999999998579, 261.6299999999999386 ) ) ;
#1408 = ORIENTED_EDGE ( 'NONE', *, *, #1028, .F. ) ;
#1409 = EDGE_LOOP ( 'NONE', ( #1516, #1768, #601, #921 ) ) ;
#1410 = FACE_OUTER_BOUND ( 'NONE', #1463, .T. ) ;
#1411 = ADVANCED_FACE ( 'NONE', ( #265 ), #721, .F. ) ;
#1412 = DIRECTION ( 'NONE',  ( 1.000000000000000000, 7.888609052210118054E-31, -0.000000000000000000 ) ) ;
#1413 = FACE_BOUND ( 'NONE', #1896, .T. ) ;
#1414 = EDGE_LOOP ( 'NONE', ( #43, #183, #42, #167 ) ) ;
#1415 = CARTESIAN_POINT ( 'NONE',  ( 29.99999999999999645, 19.10000000000000142, 261.6299999999999955 ) ) ;
#1416 = FACE_OUTER_BOUND ( 'NONE', #133, .T. ) ;
#1417 = EDGE_CURVE ( 'NONE', #400, #1419, #563, .T. ) ;
#1418 = VECTOR ( 'NONE', #481, 1000.000000000000000 ) ;
#1419 = VERTEX_POINT ( 'NONE', #1684 ) ;
#1420 = ORIENTED_EDGE ( 'NONE', *, *, #1967, .F. ) ;
#1421 = DIRECTION ( 'NONE',  ( 0.000000000000000000, 0.7071067811865383579, 0.7071067811865567876 ) ) ;
#1422 = VECTOR ( 'NONE', #698, 1000.000000000000000 ) ;
#1423 = LINE ( 'NONE', #627, #319 ) ;
#1424 = FACE_OUTER_BOUND ( 'NONE', #233, .T. ) ;
#1425 = VECTOR ( 'NONE', #576, 1000.000000000000114 ) ;
#1426 = ORIENTED_EDGE ( 'NONE', *, *, #1014, .F. ) ;
#1427 = EDGE_LOOP ( 'NONE', ( #946, #1981, #289, #1077 ) ) ;
#1428 = CARTESIAN_POINT ( 'NONE',  ( 10.90000000000000036, -114.8149999999998414, 144.8150000000013620 ) ) ;
#1429 = CARTESIAN_POINT ( 'NONE',  ( 19.09999999999999076, 22.50000000000019895, 254.1299999999999670 ) ) ;
#1430 = ADVANCED_FACE ( 'NONE', ( #1200 ), #899, .T. ) ;
#1431 = ORIENTED_EDGE ( 'NONE', *, *, #1617, .F. ) ;
#1432 = ORIENTED_EDGE ( 'NONE', *, *, #1579, .F. ) ;
#1433 = CARTESIAN_POINT ( 'NONE',  ( 18.40000000000002700, 15.00000000000001954, 15.00000000000013856 ) ) ;
#1434 = ADVANCED_FACE ( 'NONE', ( #1856 ), #1351, .T. ) ;
#1435 = CARTESIAN_POINT ( 'NONE',  ( 0.000000000000000000, 2.499999999999997780, 27.50000000000029488 ) ) ;
#1436 = CARTESIAN_POINT ( 'NONE',  ( 30.00000000000001776, 10.90000000000001279, 242.5299999999994611 ) ) ;
#1437 = DIRECTION ( 'NONE',  ( 1.000000000000000000, 8.462065736472233793E-16, 0.000000000000000000 ) ) ;
#1438 = CARTESIAN_POINT ( 'NONE',  ( 1.849999999999998979, 3.500000000000001332, 26.50000000000028066 ) ) ;
#1439 = LINE ( 'NONE', #323, #1461 ) ;
#1440 = EDGE_LOOP ( 'NONE', ( #782, #883 ) ) ;
#1441 = ADVANCED_FACE ( 'NONE', ( #1845 ), #1826, .T. ) ;
#1442 = ORIENTED_EDGE ( 'NONE', *, *, #781, .T. ) ;
#1443 = ORIENTED_EDGE ( 'NONE', *, *, #594, .F. ) ;
#1444 = FACE_OUTER_BOUND ( 'NONE', #1547, .T. ) ;
#1445 = CARTESIAN_POINT ( 'NONE',  ( 18.40000000000002700, 15.00000000000001954, 15.00000000000013856 ) ) ;
#1446 = LINE ( 'NONE', #1291, #1990 ) ;
#1447 = ORIENTED_EDGE ( 'NONE', *, *, #1985, .F. ) ;
#1448 = CARTESIAN_POINT ( 'NONE',  ( 28.96446609406725514, 30.00000000000000355, -2.385244779468109124E-14 ) ) ;
#1449 = FACE_BOUND ( 'NONE', #357, .T. ) ;
#1450 = DIRECTION ( 'NONE',  ( 1.495896016276454932E-16, -0.7071067811865439090, 0.7071067811865512365 ) ) ;
#1451 = ORIENTED_EDGE ( 'NONE', *, *, #1125, .F. ) ;
#1452 = ORIENTED_EDGE ( 'NONE', *, *, #1563, .F. ) ;
#1453 = VECTOR ( 'NONE', #1206, 1000.000000000000000 ) ;
#1454 = CARTESIAN_POINT ( 'NONE',  ( 6.799999999999989164, 27.99999999999999289, 261.6299999999999955 ) ) ;
#1455 = CARTESIAN_POINT ( 'NONE',  ( 5.149999999999989697, 29.79999999999999361, 0.2000000000000105582 ) ) ;
#1456 = VECTOR ( 'NONE', #32, 1000.000000000000000 ) ;
#1457 = LINE ( 'NONE', #362, #523 ) ;
#1458 = FACE_OUTER_BOUND ( 'NONE', #846, .T. ) ;
#1459 = DIRECTION ( 'NONE',  ( -1.000000000000000000, -7.888609052210118054E-31, -7.888609052210324746E-31 ) ) ;
#1460 = ORIENTED_EDGE ( 'NONE', *, *, #1917, .T. ) ;
#1461 = VECTOR ( 'NONE', #1304, 1000.000000000000000 ) ;
#1462 = VECTOR ( 'NONE', #1673, 1000.000000000000000 ) ;
#1463 = EDGE_LOOP ( 'NONE', ( #629, #1947, #1188, #928 ) ) ;
#1464 = CARTESIAN_POINT ( 'NONE',  ( 27.99999999999999645, 19.10000000000000142, 261.6299999999999955 ) ) ;
#1465 = EDGE_CURVE ( 'NONE', #1026, #1750, #419, .T. ) ;
#1466 = CARTESIAN_POINT ( 'NONE',  ( 5.149999999999999467, 0.1999999999999996503, 231.8299999999992167 ) ) ;
#1467 = DIRECTION ( 'NONE',  ( -0.000000000000000000, -0.000000000000000000, -1.000000000000000000 ) ) ;
#1468 = CARTESIAN_POINT ( 'NONE',  ( 29.99999999999999645, 19.09999999999998366, 250.7299999999996771 ) ) ;
#1469 = EDGE_CURVE ( 'NONE', #121, #876, #1380, .T. ) ;
#1470 = CARTESIAN_POINT ( 'NONE',  ( 19.09999999999999787, 15.00000000000000355, 261.6299999999999955 ) ) ;
#1471 = ORIENTED_EDGE ( 'NONE', *, *, #26, .T. ) ;
#1472 = ORIENTED_EDGE ( 'NONE', *, *, #470, .T. ) ;
#1473 = VECTOR ( 'NONE', #1699, 1000.000000000000000 ) ;
#1474 = ADVANCED_FACE ( 'NONE', ( #1865 ), #430, .F. ) ;
#1475 = CARTESIAN_POINT ( 'NONE',  ( 6.800000000000000711, 5.385786437626924439, 24.61421356237332603 ) ) ;
#1476 = DIRECTION ( 'NONE',  ( 0.000000000000000000, 0.000000000000000000, -1.000000000000000000 ) ) ;
#1477 = EDGE_CURVE ( 'NONE', #962, #175, #1539, .T. ) ;
#1478 = CARTESIAN_POINT ( 'NONE',  ( 29.99999999999999645, 19.10000000000001208, 10.90000000000009628 ) ) ;
#1479 = CARTESIAN_POINT ( 'NONE',  ( 3.119119770960138371, 25.46666666666674672, 257.0966666666665787 ) ) ;
#1480 = CARTESIAN_POINT ( 'NONE',  ( 19.10000000000000497, 17.68578643762687364, 12.31421356237327736 ) ) ;
#1481 = ORIENTED_EDGE ( 'NONE', *, *, #445, .T. ) ;
#1482 = EDGE_CURVE ( 'NONE', #1750, #475, #1596, .T. ) ;
#1483 = FACE_OUTER_BOUND ( 'NONE', #324, .T. ) ;
#1484 = VERTEX_POINT ( 'NONE', #392 ) ;
#1485 = VECTOR ( 'NONE', #483, 1000.000000000000000 ) ;
#1486 = CARTESIAN_POINT ( 'NONE',  ( 27.99999999999999289, 23.20000000000000284, 261.6299999999999955 ) ) ;
#1487 = DIRECTION ( 'NONE',  ( -0.000000000000000000, -0.000000000000000000, 1.000000000000000000 ) ) ;
#1488 = FACE_OUTER_BOUND ( 'NONE', #1405, .T. ) ;
#1489 = ORIENTED_EDGE ( 'NONE', *, *, #661, .F. ) ;
#1490 = VECTOR ( 'NONE', #545, 1000.000000000000114 ) ;
#1491 = CARTESIAN_POINT ( 'NONE',  ( 10.90000000000000036, 2.081899558550500773E-16, 261.6299999999999955 ) ) ;
#1492 = ORIENTED_EDGE ( 'NONE', *, *, #1700, .F. ) ;
#1493 = PLANE ( 'NONE',  #1724 ) ;
#1494 = CARTESIAN_POINT ( 'NONE',  ( 12.31421356237306064, 10.90000000000000036, 261.6299999999999955 ) ) ;
#1495 = LINE ( 'NONE', #1810, #753 ) ;
#1496 = CALENDAR_DATE ( 2024, 25, 9 ) ;
#1497 = ORIENTED_EDGE ( 'NONE', *, *, #1695, .F. ) ;
#1498 = CARTESIAN_POINT ( 'NONE',  ( 28.15000000000000924, 3.500000000000011102, 26.50000000000027001 ) ) ;
#1499 = EDGE_CURVE ( 'NONE', #436, #750, #398, .T. ) ;
#1500 = ORIENTED_EDGE ( 'NONE', *, *, #1682, .T. ) ;
#1501 = PLANE ( 'NONE',  #217 ) ;
#1502 = DIRECTION ( 'NONE',  ( -0.5773502691896192918, -0.5773502691896214012, -0.5773502691896365002 ) ) ;
#1503 = CYLINDRICAL_SURFACE ( 'NONE', #116, 2.499999999999998668 ) ;
#1504 = CARTESIAN_POINT ( 'NONE',  ( 24.85000000000000853, 6.800000000000012257, 238.4299999999993531 ) ) ;
#1505 = LINE ( 'NONE', #1018, #2018 ) ;
#1506 = VERTEX_POINT ( 'NONE', #148 ) ;
#1507 = CARTESIAN_POINT ( 'NONE',  ( 5.149999999999989697, 23.19999999999998863, 254.8299999999997851 ) ) ;
#1508 = LINE ( 'NONE', #1035, #1462 ) ;
#1509 = DIRECTION ( 'NONE',  ( 1.000000000000000000, 0.000000000000000000, -0.000000000000000000 ) ) ;
#1510 = VECTOR ( 'NONE', #648, 999.9999999999998863 ) ;
#1511 = ORIENTED_EDGE ( 'NONE', *, *, #971, .T. ) ;
#1512 = CARTESIAN_POINT ( 'NONE',  ( 19.10000000000000497, 2.000000000000003553, 261.6299999999999955 ) ) ;
#1513 = FACE_OUTER_BOUND ( 'NONE', #1094, .T. ) ;
#1514 = CARTESIAN_POINT ( 'NONE',  ( 1.849999999999999645, 6.800000000000003375, 23.20000000000024443 ) ) ;
#1515 = AXIS2_PLACEMENT_3D ( 'NONE', #1047, #1848, #1688 ) ;
#1516 = ORIENTED_EDGE ( 'NONE', *, *, #86, .F. ) ;
#1517 = VECTOR ( 'NONE', #1360, 1000.000000000000000 ) ;
#1518 = CARTESIAN_POINT ( 'NONE',  ( 1.849999999999989431, 26.49999999999998934, 258.1299999999998818 ) ) ;
#1519 = CARTESIAN_POINT ( 'NONE',  ( 10.90000000000000036, 2.000000000000000000, 28.00000000000030198 ) ) ;
#1520 = DIRECTION ( 'NONE',  ( 2.115516434118057462E-16, -1.000000000000000000, 0.000000000000000000 ) ) ;
#1521 = ORIENTED_EDGE ( 'NONE', *, *, #1, .F. ) ;
#1522 = EDGE_CURVE ( 'NONE', #90, #979, #799, .T. ) ;
#1523 = LINE ( 'NONE', #84, #1732 ) ;
#1524 = LINE ( 'NONE', #748, #60 ) ;
#1525 = DIRECTION ( 'NONE',  ( -0.000000000000000000, -0.000000000000000000, -1.000000000000000000 ) ) ;
#1526 = ORIENTED_EDGE ( 'NONE', *, *, #383, .T. ) ;
#1527 = EDGE_CURVE ( 'NONE', #2039, #1353, #1241, .T. ) ;
#1528 = FACE_OUTER_BOUND ( 'NONE', #2043, .T. ) ;
#1529 = DIRECTION ( 'NONE',  ( -0.000000000000000000, -0.000000000000000000, 1.000000000000000000 ) ) ;
#1530 = CARTESIAN_POINT ( 'NONE',  ( 2.000000000000000000, 10.90000000000000036, 261.6299999999999955 ) ) ;
#1531 = EDGE_CURVE ( 'NONE', #768, #1924, #1231, .T. ) ;
#1532 = CARTESIAN_POINT ( 'NONE',  ( 11.60000000000002807, 15.00000000000001954, 246.6299999999996260 ) ) ;
#1533 = CYLINDRICAL_SURFACE ( 'NONE', #393, 1.650000000000000355 ) ;
#1534 = ADVANCED_FACE ( 'NONE', ( #1424 ), #1257, .F. ) ;
#1535 = VECTOR ( 'NONE', #474, 1000.000000000000000 ) ;
#1536 = ORIENTED_EDGE ( 'NONE', *, *, #944, .T. ) ;
#1537 = APPROVAL_DATE_TIME ( #67, #352 ) ;
#1538 = DIRECTION ( 'NONE',  ( 0.000000000000000000, -0.000000000000000000, 1.000000000000000000 ) ) ;
#1539 = LINE ( 'NONE', #755, #363 ) ;
#1540 = EDGE_LOOP ( 'NONE', ( #479, #1913, #680, #763 ) ) ;
#1541 = VECTOR ( 'NONE', #984, 1000.000000000000000 ) ;
#1542 = FACE_OUTER_BOUND ( 'NONE', #805, .T. ) ;
#1543 = DIRECTION ( 'NONE',  ( -0.000000000000000000, -0.000000000000000000, -1.000000000000000000 ) ) ;
#1544 = EDGE_CURVE ( 'NONE', #1616, #2030, #1578, .T. ) ;
#1545 = ORIENTED_EDGE ( 'NONE', *, *, #1928, .F. ) ;
#1546 = EDGE_CURVE ( 'NONE', #652, #327, #767, .T. ) ;
#1547 = EDGE_LOOP ( 'NONE', ( #144, #447, #853, #277 ) ) ;
#1548 = AXIS2_PLACEMENT_3D ( 'NONE', #240, #1645, #715 ) ;
#1549 = EDGE_CURVE ( 'NONE', #1252, #1065, #309, .T. ) ;
#1550 = ORIENTED_EDGE ( 'NONE', *, *, #1557, .F. ) ;
#1551 = LINE ( 'NONE', #764, #823 ) ;
#1552 = SECURITY_CLASSIFICATION_LEVEL ( 'unclassified' ) ;
#1553 = VECTOR ( 'NONE', #997, 1000.000000000000000 ) ;
#1554 = VECTOR ( 'NONE', #1384, 1000.000000000000000 ) ;
#1555 = CARTESIAN_POINT ( 'NONE',  ( 30.00000000000001421, -7.325420034852273781E-15, 30.00000000000031974 ) ) ;
#1556 = DIRECTION ( 'NONE',  ( 1.000000000000000000, 2.115516434118065597E-16, -0.000000000000000000 ) ) ;
#1557 = EDGE_CURVE ( 'NONE', #871, #768, #1601, .T. ) ;
#1558 = VECTOR ( 'NONE', #439, 999.9999999999998863 ) ;
#1559 = ORIENTED_EDGE ( 'NONE', *, *, #578, .F. ) ;
#1560 = ORIENTED_EDGE ( 'NONE', *, *, #817, .F. ) ;
#1561 = DIRECTION ( 'NONE',  ( -6.346549302354176578E-16, 1.000000000000000000, 0.000000000000000000 ) ) ;
#1562 = ORIENTED_EDGE ( 'NONE', *, *, #701, .T. ) ;
#1563 = EDGE_CURVE ( 'NONE', #1344, #1276, #1281, .T. ) ;
#1564 = EDGE_LOOP ( 'NONE', ( #1157, #190, #1550, #1009 ) ) ;
#1565 = ORIENTED_EDGE ( 'NONE', *, *, #177, .F. ) ;
#1566 = DIRECTION ( 'NONE',  ( -0.000000000000000000, -0.000000000000000000, -1.000000000000000000 ) ) ;
#1567 = CARTESIAN_POINT ( 'NONE',  ( 11.60000000000002984, 8.200000000000022382, 239.8299999999995009 ) ) ;
#1568 = CARTESIAN_POINT ( 'NONE',  ( 1.999999999999996669, 19.09999999999999076, 10.90000000000007674 ) ) ;
#1569 = VERTEX_POINT ( 'NONE', #1734 ) ;
#1570 = ORIENTED_EDGE ( 'NONE', *, *, #506, .T. ) ;
#1571 = CARTESIAN_POINT ( 'NONE',  ( 0.000000000000000000, 2.499999999999999556, 234.1299999999992565 ) ) ;
#1572 = DIRECTION ( 'NONE',  ( 0.7071067811865489050, -0.7071067811865462405, 0.000000000000000000 ) ) ;
#1573 = ORIENTED_EDGE ( 'NONE', *, *, #1912, .F. ) ;
#1574 = VERTEX_POINT ( 'NONE', #1124 ) ;
#1575 = ORIENTED_EDGE ( 'NONE', *, *, #470, .F. ) ;
#1576 = LINE ( 'NONE', #471, #52 ) ;
#1577 = DIRECTION ( 'NONE',  ( 5.578088954947285691E-31, -0.7071067811865383579, -0.7071067811865567876 ) ) ;
#1578 = LINE ( 'NONE', #464, #696 ) ;
#1579 = EDGE_CURVE ( 'NONE', #871, #2030, #639, .T. ) ;
#1580 = ORIENTED_EDGE ( 'NONE', *, *, #394, .F. ) ;
#1581 = DIRECTION ( 'NONE',  ( -1.000000000000000000, -7.888609052210118054E-31, 0.000000000000000000 ) ) ;
#1582 = CARTESIAN_POINT ( 'NONE',  ( 23.20000000000000639, 2.000000000000007105, 28.00000000000030198 ) ) ;
#1583 = VECTOR ( 'NONE', #1587, 1000.000000000000000 ) ;
#1584 = VERTEX_POINT ( 'NONE', #1568 ) ;
#1585 = VERTEX_POINT ( 'NONE', #1403 ) ;
#1586 = ORIENTED_EDGE ( 'NONE', *, *, #370, .T. ) ;
#1587 = DIRECTION ( 'NONE',  ( -0.000000000000000000, -0.000000000000000000, -1.000000000000000000 ) ) ;
#1588 = DIRECTION ( 'NONE',  ( -0.000000000000000000, -0.000000000000000000, -1.000000000000000000 ) ) ;
#1589 = DIRECTION ( 'NONE',  ( -0.000000000000000000, -0.000000000000000000, 1.000000000000000000 ) ) ;
#1590 = VECTOR ( 'NONE', #21, 1000.000000000000000 ) ;
#1591 = CARTESIAN_POINT ( 'NONE',  ( -3.469446951953611033E-15, 19.09999999999998721, 261.6299999999999955 ) ) ;
#1592 = CARTESIAN_POINT ( 'NONE',  ( 1.999999999999994005, 23.19999999999999218, 6.800000000000084199 ) ) ;
#1593 = ADVANCED_FACE ( 'NONE', ( #139, #1744, #787, #1413, #161, #2061 ), #951, .T. ) ;
#1594 = CARTESIAN_POINT ( 'NONE',  ( 5.289818003463898493E-15, 28.96446609406727291, 1.035533905932765952 ) ) ;
#1595 = ORIENTED_EDGE ( 'NONE', *, *, #781, .F. ) ;
#1596 =( BOUNDED_CURVE ( )  B_SPLINE_CURVE ( 3, ( #236, #2029, #1895, #1754 ),
 .UNSPECIFIED., .F., .T. ) 
 B_SPLINE_CURVE_WITH_KNOTS ( ( 4, 4 ),
 ( 1.570796326794896558, 4.712388980384689674 ),
 .UNSPECIFIED. ) 
 CURVE ( )  GEOMETRIC_REPRESENTATION_ITEM ( )  RATIONAL_B_SPLINE_CURVE ( ( 1.000000000000000000, 0.3333333333333333703, 0.3333333333333333703, 1.000000000000000000 ) ) 
 REPRESENTATION_ITEM ( '' )  );
#1597 = ORIENTED_EDGE ( 'NONE', *, *, #749, .F. ) ;
#1598 = ORIENTED_EDGE ( 'NONE', *, *, #663, .T. ) ;
#1599 = DIRECTION ( 'NONE',  ( 1.000000000000000000, 8.271065776972188439E-16, 0.000000000000000000 ) ) ;
#1600 = PLANE ( 'NONE',  #356 ) ;
#1601 = LINE ( 'NONE', #1086, #88 ) ;
#1602 = CARTESIAN_POINT ( 'NONE',  ( 19.09999999999999787, 12.31421356237313169, 243.9442135623726529 ) ) ;
#1603 = PLANE ( 'NONE',  #657 ) ;
#1604 = DIRECTION ( 'NONE',  ( -0.7071067811865467956, 0.7071067811865483499, 0.000000000000000000 ) ) ;
#1605 = ORIENTED_EDGE ( 'NONE', *, *, #1242, .F. ) ;
#1606 = ORIENTED_EDGE ( 'NONE', *, *, #1912, .T. ) ;
#1607 = VERTEX_POINT ( 'NONE', #318 ) ;
#1608 =( BOUNDED_CURVE ( )  B_SPLINE_CURVE ( 3, ( #1649, #1146, #1007, #1140 ),
 .UNSPECIFIED., .F., .F. ) 
 B_SPLINE_CURVE_WITH_KNOTS ( ( 4, 4 ),
 ( 4.712388980384680792, 6.283185307179586232 ),
 .UNSPECIFIED. ) 
 CURVE ( )  GEOMETRIC_REPRESENTATION_ITEM ( )  RATIONAL_B_SPLINE_CURVE ( ( 1.000000000000000000, 0.8047378541243628280, 0.8047378541243628280, 1.000000000000000000 ) ) 
 REPRESENTATION_ITEM ( '' )  );
#1609 = CARTESIAN_POINT ( 'NONE',  ( 10.89999999999998792, 30.00000000000000000, 261.6299999999999955 ) ) ;
#1610 = DIRECTION ( 'NONE',  ( 1.000000000000000000, 0.000000000000000000, 0.000000000000000000 ) ) ;
#1611 = CARTESIAN_POINT ( 'NONE',  ( 17.68578643762693758, 19.10000000000000142, 10.90000000000013181 ) ) ;
#1612 = PRODUCT_DEFINITION ( 'UNKNOWN', '', #723, #1029 ) ;
#1613 = CARTESIAN_POINT ( 'NONE',  ( 10.90000000000000036, 2.081899558550500773E-16, 261.6299999999999955 ) ) ;
#1614 = CARTESIAN_POINT ( 'NONE',  ( 28.15000000000000924, 3.500000000000011102, -4.666904755831202678 ) ) ;
#1615 = FACE_OUTER_BOUND ( 'NONE', #1409, .T. ) ;
#1616 = VERTEX_POINT ( 'NONE', #1919 ) ;
#1617 = EDGE_CURVE ( 'NONE', #613, #415, #331, .T. ) ;
#1618 = ORIENTED_EDGE ( 'NONE', *, *, #511, .F. ) ;
#1619 = ADVANCED_FACE ( 'NONE', ( #129 ), #283, .F. ) ;
#1620 = VECTOR ( 'NONE', #1902, 1000.000000000000000 ) ;
#1621 = LINE ( 'NONE', #1454, #1250 ) ;
#1622 = EDGE_CURVE ( 'NONE', #1347, #1245, #1446, .T. ) ;
#1623 = ADVANCED_FACE ( 'NONE', ( #1931 ), #975, .T. ) ;
#1624 = CARTESIAN_POINT ( 'NONE',  ( 30.00000000000000711, 2.500000000000012434, 234.1299999999992849 ) ) ;
#1625 = VECTOR ( 'NONE', #1365, 999.9999999999998863 ) ;
#1626 = DIRECTION ( 'NONE',  ( 0.000000000000000000, -0.000000000000000000, -1.000000000000000000 ) ) ;
#1627 = APPLICATION_CONTEXT ( 'configuration controlled 3d designs of mechanical parts and assemblies' ) ;
#1628 = DIRECTION ( 'NONE',  ( -0.000000000000000000, -0.000000000000000000, -1.000000000000000000 ) ) ;
#1629 = APPROVAL_DATE_TIME ( #1953, #713 ) ;
#1630 = EDGE_CURVE ( 'NONE', #1762, #941, #1138, .T. ) ;
#1631 = EDGE_LOOP ( 'NONE', ( #1565, #1339, #531, #646 ) ) ;
#1632 = ORIENTED_EDGE ( 'NONE', *, *, #1843, .F. ) ;
#1633 = LOCAL_TIME ( 20, 41, 40.00000000000000000, #1173 ) ;
#1634 = CC_DESIGN_APPROVAL ( #1307, ( #2025 ) ) ;
#1635 = LINE ( 'NONE', #339, #986 ) ;
#1636 = EDGE_CURVE ( 'NONE', #932, #10, #1523, .T. ) ;
#1637 = LINE ( 'NONE', #1144, #1182 ) ;
#1638 = FACE_OUTER_BOUND ( 'NONE', #1876, .T. ) ;
#1639 = CARTESIAN_POINT ( 'NONE',  ( 23.20000000000003126, 2.000000000000007105, 233.6299999999992565 ) ) ;
#1640 = LINE ( 'NONE', #527, #1091 ) ;
#1641 = ADVANCED_FACE ( 'NONE', ( #910 ), #1677, .F. ) ;
#1642 = PRODUCT ( 'Angled Support', 'Angled Support', '', ( #61 ) ) ;
#1643 = ORIENTED_EDGE ( 'NONE', *, *, #719, .T. ) ;
#1644 = ORIENTED_EDGE ( 'NONE', *, *, #1052, .F. ) ;
#1645 = DIRECTION ( 'NONE',  ( -1.000000000000000000, 0.000000000000000000, 0.000000000000000000 ) ) ;
#1646 = VERTEX_POINT ( 'NONE', #268 ) ;
#1647 = CARTESIAN_POINT ( 'NONE',  ( 24.84999999999999432, 26.50000000000000355, 258.1299999999998818 ) ) ;
#1648 = FACE_OUTER_BOUND ( 'NONE', #1414, .T. ) ;
#1649 = CARTESIAN_POINT ( 'NONE',  ( 30.00000000000000711, 2.500000000000012434, 234.1299999999992849 ) ) ;
#1650 = EDGE_CURVE ( 'NONE', #1574, #175, #397, .T. ) ;
#1651 = CARTESIAN_POINT ( 'NONE',  ( 23.20000000000000639, 2.000000000000007105, 261.6299999999999955 ) ) ;
#1652 = CARTESIAN_POINT ( 'NONE',  ( 23.19999999999980744, 2.000000000000007105, 28.00000000000030198 ) ) ;
#1653 = ORIENTED_EDGE ( 'NONE', *, *, #1052, .T. ) ;
#1654 = AXIS2_PLACEMENT_3D ( 'NONE', #413, #530, #1167 ) ;
#1655 = DIRECTION ( 'NONE',  ( -0.000000000000000000, -0.000000000000000000, 1.000000000000000000 ) ) ;
#1656 = CARTESIAN_POINT ( 'NONE',  ( 19.09999999999999432, 16.00000000000036948, 247.6299999999999955 ) ) ;
#1657 = APPROVAL_STATUS ( 'not_yet_approved' ) ;
#1658 = VECTOR ( 'NONE', #988, 1000.000000000000000 ) ;
#1659 = EDGE_LOOP ( 'NONE', ( #1914, #967, #952, #716 ) ) ;
#1660 = EDGE_CURVE ( 'NONE', #431, #519, #1243, .T. ) ;
#1661 = VECTOR ( 'NONE', #6, 999.9999999999998863 ) ;
#1662 = CYLINDRICAL_SURFACE ( 'NONE', #785, 1.650000000000002132 ) ;
#1663 = AXIS2_PLACEMENT_3D ( 'NONE', #775, #1412, #2045 ) ;
#1664 = ORIENTED_EDGE ( 'NONE', *, *, #334, .F. ) ;
#1665 = CARTESIAN_POINT ( 'NONE',  ( 10.90000000000000036, 1.062533216046518402E-14, 231.6299999999991996 ) ) ;
#1666 = CARTESIAN_POINT ( 'NONE',  ( 10.89999999999998970, 27.99999999999999645, 259.6299999999999386 ) ) ;
#1667 = CARTESIAN_POINT ( 'NONE',  ( 10.89999999999998792, 30.00000000000000000, 261.6299999999999955 ) ) ;
#1668 = DIRECTION ( 'NONE',  ( -1.000000000000000000, 0.000000000000000000, 0.000000000000000000 ) ) ;
#1669 = DIRECTION ( 'NONE',  ( 0.000000000000000000, 0.000000000000000000, -1.000000000000000000 ) ) ;
#1670 = VERTEX_POINT ( 'NONE', #1989 ) ;
#1671 = CARTESIAN_POINT ( 'NONE',  ( 30.00000000000002132, 1.035533905932757293, 28.96446609406756423 ) ) ;
#1672 = CC_DESIGN_PERSON_AND_ORGANIZATION_ASSIGNMENT ( #1708, #774, ( #2025 ) ) ;
#1673 = DIRECTION ( 'NONE',  ( -0.000000000000000000, -0.000000000000000000, 1.000000000000000000 ) ) ;
#1674 = CC_DESIGN_DATE_AND_TIME_ASSIGNMENT ( #845, #384, ( #1612 ) ) ;
#1675 = CARTESIAN_POINT ( 'NONE',  ( 6.800000000000000711, 2.000000000000000000, 233.6299999999992281 ) ) ;
#1676 = VERTEX_POINT ( 'NONE', #1532 ) ;
#1677 = PLANE ( 'NONE',  #1961 ) ;
#1678 = CARTESIAN_POINT ( 'NONE',  ( 6.799999999999991829, 24.61421356237307378, 261.6299999999999955 ) ) ;
#1679 = DIRECTION ( 'NONE',  ( -1.000000000000000000, -1.909999595000538285E-17, 0.000000000000000000 ) ) ;
#1680 = ORIENTED_EDGE ( 'NONE', *, *, #844, .F. ) ;
#1681 = CARTESIAN_POINT ( 'NONE',  ( -2.156388211625240085E-13, 19.09999999999998721, 10.90000000000013181 ) ) ;
#1682 = EDGE_CURVE ( 'NONE', #945, #478, #405, .T. ) ;
#1683 = LINE ( 'NONE', #1370, #1191 ) ;
#1684 = CARTESIAN_POINT ( 'NONE',  ( -1.057758217059028943E-14, 27.49999999999998934, 2.500000000000002220 ) ) ;
#1685 = VECTOR ( 'NONE', #1679, 1000.000000000000000 ) ;
#1686 = ORIENTED_EDGE ( 'NONE', *, *, #516, .F. ) ;
#1687 = LINE ( 'NONE', #238, #1425 ) ;
#1688 = DIRECTION ( 'NONE',  ( -8.462065736472233793E-16, 1.000000000000000000, 0.000000000000000000 ) ) ;
#1689 = ADVANCED_FACE ( 'NONE', ( #1542 ), #1037, .F. ) ;
#1690 = VECTOR ( 'NONE', #1343, 1000.000000000000000 ) ;
#1691 = DIRECTION ( 'NONE',  ( -7.888609052210118054E-31, 1.000000000000000000, 0.000000000000000000 ) ) ;
#1692 = APPROVAL_PERSON_ORGANIZATION ( #1697, #713, #1790 ) ;
#1693 = ORIENTED_EDGE ( 'NONE', *, *, #1417, .T. ) ;
#1694 = VECTOR ( 'NONE', #1006, 999.9999999999998863 ) ;
#1695 = EDGE_CURVE ( 'NONE', #1723, #311, #1687, .T. ) ;
#1696 = CARTESIAN_POINT ( 'NONE',  ( 1.849999999999989431, 26.49999999999998934, 258.1299999999998818 ) ) ;
#1697 = PERSON_AND_ORGANIZATION ( #1071, #1189 ) ;
#1698 = LINE ( 'NONE', #103, #1735 ) ;
#1699 = DIRECTION ( 'NONE',  ( -0.000000000000000000, 0.000000000000000000, 1.000000000000000000 ) ) ;
#1700 = EDGE_CURVE ( 'NONE', #1762, #1296, #411, .T. ) ;
#1701 = VERTEX_POINT ( 'NONE', #1847 ) ;
#1702 = DIRECTION ( 'NONE',  ( -1.000000000000000000, -7.888609052210118054E-31, 0.000000000000000000 ) ) ;
#1703 = EDGE_CURVE ( 'NONE', #453, #1958, #245, .T. ) ;
#1704 = CARTESIAN_POINT ( 'NONE',  ( 24.61421356237310221, 23.20000000000000284, 261.6299999999999955 ) ) ;
#1705 = ORIENTED_EDGE ( 'NONE', *, *, #1194, .T. ) ;
#1706 = ORIENTED_EDGE ( 'NONE', *, *, #1967, .T. ) ;
#1707 = CARTESIAN_POINT ( 'NONE',  ( 1.999999999999997780, 20.45000000000025153, 252.0799999999999841 ) ) ;
#1708 = PERSON_AND_ORGANIZATION ( #1071, #1189 ) ;
#1709 = CARTESIAN_POINT ( 'NONE',  ( 23.20000000000000639, 5.385786437626938650, 24.61421356237329761 ) ) ;
#1710 = DIRECTION ( 'NONE',  ( -0.000000000000000000, -0.000000000000000000, 1.000000000000000000 ) ) ;
#1711 = EDGE_CURVE ( 'NONE', #1828, #777, #1212, .T. ) ;
#1712 = CARTESIAN_POINT ( 'NONE',  ( 23.19999999999999574, 28.00000000000000355, 261.6299999999999955 ) ) ;
#1713 = EDGE_CURVE ( 'NONE', #1306, #647, #1229, .T. ) ;
#1714 = FACE_OUTER_BOUND ( 'NONE', #600, .T. ) ;
#1715 = VERTEX_POINT ( 'NONE', #1858 ) ;
#1716 =( BOUNDED_CURVE ( )  B_SPLINE_CURVE ( 3, ( #1040, #250, #885, #1518 ),
 .UNSPECIFIED., .F., .T. ) 
 B_SPLINE_CURVE_WITH_KNOTS ( ( 4, 4 ),
 ( 4.712388980384689674, 7.853981633974482790 ),
 .UNSPECIFIED. ) 
 CURVE ( )  GEOMETRIC_REPRESENTATION_ITEM ( )  RATIONAL_B_SPLINE_CURVE ( ( 1.000000000000000000, 0.3333333333333333703, 0.3333333333333333703, 1.000000000000000000 ) ) 
 REPRESENTATION_ITEM ( '' )  );
#1717 = EDGE_LOOP ( 'NONE', ( #1431, #378, #985, #1866, #1381, #555, #1575, #1862, #670, #492, #2052, #1386, #1074, #459, #612, #1686, #109, #1267, #2011, #1266, #151, #50, #1586, #1305, #1277, #267, #1130, #486, #991, #62, #757, #1282, #23, #1573, #695, #1156, #1420, #326, #444, #130, #529, #1773, #609, #1081, #1562, #508, #702, #1939 ) ) ;
#1718 = ADVANCED_FACE ( 'NONE', ( #1046 ), #422, .F. ) ;
#1719 = VERTEX_POINT ( 'NONE', #106 ) ;
#1720 = DIRECTION ( 'NONE',  ( -1.000000000000000000, 0.000000000000000000, 0.000000000000000000 ) ) ;
#1721 = CARTESIAN_POINT ( 'NONE',  ( 6.800000000000000711, 2.000000000000001776, 233.6299999999992281 ) ) ;
#1722 = CARTESIAN_POINT ( 'NONE',  ( 10.90000000000000036, -108.3149999999999267, 138.3150000000013620 ) ) ;
#1723 = VERTEX_POINT ( 'NONE', #712 ) ;
#1724 = AXIS2_PLACEMENT_3D ( 'NONE', #533, #865, #561 ) ;
#1725 = ORIENTED_EDGE ( 'NONE', *, *, #1726, .F. ) ;
#1726 = EDGE_CURVE ( 'NONE', #1195, #1646, #1117, .T. ) ;
#1727 = PLANE ( 'NONE',  #1515 ) ;
#1728 = ORIENTED_EDGE ( 'NONE', *, *, #70, .T. ) ;
#1729 = VERTEX_POINT ( 'NONE', #747 ) ;
#1730 = LINE ( 'NONE', #1707, #2013 ) ;
#1731 = VECTOR ( 'NONE', #1192, 1000.000000000000000 ) ;
#1732 = VECTOR ( 'NONE', #1867, 999.9999999999998863 ) ;
#1733 = CARTESIAN_POINT ( 'NONE',  ( 18.40000000000002700, 8.200000000000022382, 239.8299999999995009 ) ) ;
#1734 = CARTESIAN_POINT ( 'NONE',  ( 24.85000000000000497, 3.500000000000011102, 26.50000000000027001 ) ) ;
#1735 = VECTOR ( 'NONE', #1199, 1000.000000000000000 ) ;
#1736 = ORIENTED_EDGE ( 'NONE', *, *, #1527, .T. ) ;
#1737 = ORIENTED_EDGE ( 'NONE', *, *, #1636, .T. ) ;
#1738 = DIRECTION ( 'NONE',  ( 0.000000000000000000, -0.7071067811865439090, 0.7071067811865512365 ) ) ;
#1739 = LINE ( 'NONE', #1898, #887 ) ;
#1740 = ORIENTED_EDGE ( 'NONE', *, *, #671, .T. ) ;
#1741 = ORIENTED_EDGE ( 'NONE', *, *, #1549, .T. ) ;
#1742 = DIRECTION ( 'NONE',  ( -0.000000000000000000, 0.000000000000000000, 1.000000000000000000 ) ) ;
#1743 = LINE ( 'NONE', #308, #124 ) ;
#1744 = FACE_BOUND ( 'NONE', #205, .T. ) ;
#1745 = ORIENTED_EDGE ( 'NONE', *, *, #1122, .T. ) ;
#1746 = VERTEX_POINT ( 'NONE', #587 ) ;
#1747 = LINE ( 'NONE', #631, #1827 ) ;
#1748 = CARTESIAN_POINT ( 'NONE',  ( 29.99999999999999645, 27.50000000000000355, 261.6299999999999955 ) ) ;
#1749 = ORIENTED_EDGE ( 'NONE', *, *, #1152, .F. ) ;
#1750 = VERTEX_POINT ( 'NONE', #1223 ) ;
#1751 = VERTEX_POINT ( 'NONE', #2000 ) ;
#1752 = DIRECTION ( 'NONE',  ( 1.000000000000000000, 0.000000000000000000, 0.000000000000000000 ) ) ;
#1753 = LINE ( 'NONE', #1390, #1392 ) ;
#1754 = CARTESIAN_POINT ( 'NONE',  ( 24.84999999999999432, 26.50000000000000355, 258.1299999999998818 ) ) ;
#1755 = DIRECTION ( 'NONE',  ( -0.000000000000000000, -0.000000000000000000, -1.000000000000000000 ) ) ;
#1756 = FACE_BOUND ( 'NONE', #1440, .T. ) ;
#1757 = CARTESIAN_POINT ( 'NONE',  ( 11.60000000000002807, 15.00000000000001954, 246.6299999999996260 ) ) ;
#1758 = VECTOR ( 'NONE', #417, 1000.000000000000000 ) ;
#1759 = ORIENTED_EDGE ( 'NONE', *, *, #211, .F. ) ;
#1760 = EDGE_LOOP ( 'NONE', ( #1406, #2054, #197, #2016 ) ) ;
#1761 = ORIENTED_EDGE ( 'NONE', *, *, #1417, .F. ) ;
#1762 = VERTEX_POINT ( 'NONE', #432 ) ;
#1763 = CARTESIAN_POINT ( 'NONE',  ( 17.68578643762693758, 19.10000000000000142, 10.90000000000013181 ) ) ;
#1764 = ADVANCED_FACE ( 'NONE', ( #1829 ), #1364, .F. ) ;
#1765 = CARTESIAN_POINT ( 'NONE',  ( 5.385786437626886247, 23.19999999999999218, 261.6299999999999955 ) ) ;
#1766 = DIRECTION ( 'NONE',  ( 0.5773502691896192918, 0.5773502691896214012, 0.5773502691896365002 ) ) ;
#1767 = VECTOR ( 'NONE', #9, 999.9999999999998863 ) ;
#1768 = ORIENTED_EDGE ( 'NONE', *, *, #1315, .F. ) ;
#1769 = ORIENTED_EDGE ( 'NONE', *, *, #1034, .T. ) ;
#1770 = DIRECTION ( 'NONE',  ( -1.000000000000000000, -8.462065736472226891E-16, 8.462065736472316624E-16 ) ) ;
#1771 = CARTESIAN_POINT ( 'NONE',  ( 28.15000000000001279, 6.800000000000012257, 23.20000000000023377 ) ) ;
#1772 = EDGE_LOOP ( 'NONE', ( #729, #1653, #608, #1737 ) ) ;
#1773 = ORIENTED_EDGE ( 'NONE', *, *, #1546, .T. ) ;
#1774 = ORIENTED_EDGE ( 'NONE', *, *, #1784, .T. ) ;
#1775 = DIRECTION ( 'NONE',  ( -0.000000000000000000, -0.000000000000000000, -1.000000000000000000 ) ) ;
#1776 = CARTESIAN_POINT ( 'NONE',  ( 6.799999999999990941, 27.99999999999999289, 259.6299999999999386 ) ) ;
#1777 = DIRECTION ( 'NONE',  ( -0.7071067811865483499, -0.7071067811865467956, 0.000000000000000000 ) ) ;
#1778 = EDGE_CURVE ( 'NONE', #876, #1875, #246, .T. ) ;
#1779 = DIRECTION ( 'NONE',  ( -0.000000000000000000, -0.000000000000000000, -1.000000000000000000 ) ) ;
#1780 = DIRECTION ( 'NONE',  ( -5.983584065105769437E-16, 0.7071067811865383579, 0.7071067811865567876 ) ) ;
#1781 = EDGE_CURVE ( 'NONE', #400, #1885, #1176, .T. ) ;
#1782 = CARTESIAN_POINT ( 'NONE',  ( 23.19999999999999574, 24.61421356237308444, 261.6299999999999955 ) ) ;
#1783 = EDGE_LOOP ( 'NONE', ( #1396, #1868 ) ) ;
#1784 = EDGE_CURVE ( 'NONE', #1026, #1719, #473, .T. ) ;
#1785 = ORIENTED_EDGE ( 'NONE', *, *, #665, .F. ) ;
#1786 = CARTESIAN_POINT ( 'NONE',  ( 2.000000000000000888, 6.800000000000000711, 261.6299999999999955 ) ) ;
#1787 = DIRECTION ( 'NONE',  ( -0.7071067811865489050, 0.7071067811865462405, 0.000000000000000000 ) ) ;
#1788 = LINE ( 'NONE', #39, #1020 ) ;
#1789 = LINE ( 'NONE', #1479, #27 ) ;
#1790 = APPROVAL_ROLE ( '' ) ;
#1791 = ORIENTED_EDGE ( 'NONE', *, *, #541, .T. ) ;
#1792 = EDGE_CURVE ( 'NONE', #1065, #1226, #1524, .T. ) ;
#1793 = EDGE_LOOP ( 'NONE', ( #789, #636, #1019, #1878 ) ) ;
#1794 = VECTOR ( 'NONE', #1949, 1000.000000000000000 ) ;
#1795 = LINE ( 'NONE', #840, #1510 ) ;
#1796 = CARTESIAN_POINT ( 'NONE',  ( 1.849999999999989431, 26.49999999999998934, 3.500000000000046629 ) ) ;
#1797 = ADVANCED_FACE ( 'NONE', ( #1714 ), #878, .T. ) ;
#1798 = VECTOR ( 'NONE', #1669, 1000.000000000000000 ) ;
#1799 = CARTESIAN_POINT ( 'NONE',  ( 5.385786437626893353, 6.800000000000000711, 238.4299999999993531 ) ) ;
#1800 = CARTESIAN_POINT ( 'NONE',  ( 6.799999999999991829, 24.61421356237307378, 261.6299999999999955 ) ) ;
#1801 = VECTOR ( 'NONE', #87, 1000.000000000000000 ) ;
#1802 = PERSON_AND_ORGANIZATION ( #1071, #1189 ) ;
#1803 = ORIENTED_EDGE ( 'NONE', *, *, #1367, .T. ) ;
#1804 = ORIENTED_EDGE ( 'NONE', *, *, #1183, .F. ) ;
#1805 = LINE ( 'NONE', #1279, #546 ) ;
#1806 = ORIENTED_EDGE ( 'NONE', *, *, #227, .F. ) ;
#1807 = EDGE_CURVE ( 'NONE', #1059, #1569, #882, .T. ) ;
#1808 = LINE ( 'NONE', #1776, #1318 ) ;
#1809 = CARTESIAN_POINT ( 'NONE',  ( 19.09999999999999076, 30.00000000000000355, 261.6299999999999955 ) ) ;
#1810 = CARTESIAN_POINT ( 'NONE',  ( 30.00000000000000711, 2.500000000000012434, 261.6299999999999955 ) ) ;
#1811 = ORIENTED_EDGE ( 'NONE', *, *, #893, .T. ) ;
#1812 = ADVANCED_FACE ( 'NONE', ( #97 ), #1533, .F. ) ;
#1813 = ORIENTED_EDGE ( 'NONE', *, *, #1522, .T. ) ;
#1814 = CARTESIAN_POINT ( 'NONE',  ( 23.19999999999998508, 24.61421356237308800, 5.385786437626993717 ) ) ;
#1815 = ORIENTED_EDGE ( 'NONE', *, *, #375, .T. ) ;
#1816 = CARTESIAN_POINT ( 'NONE',  ( 23.20000000000000639, 5.385786437626925327, 261.6299999999999955 ) ) ;
#1817 = EDGE_CURVE ( 'NONE', #1924, #71, #1374, .T. ) ;
#1818 = DIRECTION ( 'NONE',  ( 1.000000000000000000, 8.462065736472233793E-16, 0.000000000000000000 ) ) ;
#1819 = DIRECTION ( 'NONE',  ( -0.000000000000000000, -0.000000000000000000, -1.000000000000000000 ) ) ;
#1820 = APPROVAL_STATUS ( 'not_yet_approved' ) ;
#1821 = CARTESIAN_POINT ( 'NONE',  ( 19.10000000000000497, 1.062533216046518402E-14, 231.6299999999991996 ) ) ;
#1822 = ORIENTED_EDGE ( 'NONE', *, *, #63, .T. ) ;
#1823 = VECTOR ( 'NONE', #906, 1000.000000000000000 ) ;
#1824 = FACE_OUTER_BOUND ( 'NONE', #656, .T. ) ;
#1825 = CARTESIAN_POINT ( 'NONE',  ( 27.49999999999999645, 30.00000000000000355, 261.6299999999999955 ) ) ;
#1826 = PLANE ( 'NONE',  #434 ) ;
#1827 = VECTOR ( 'NONE', #322, 1000.000000000000000 ) ;
#1828 = VERTEX_POINT ( 'NONE', #911 ) ;
#1829 = FACE_OUTER_BOUND ( 'NONE', #1087, .T. ) ;
#1830 = AXIS2_PLACEMENT_3D ( 'NONE', #1129, #969, #1604 ) ;
#1831 = PRODUCT_RELATED_PRODUCT_CATEGORY ( 'detail', '', ( #1642 ) ) ;
#1832 = DIRECTION ( 'NONE',  ( -0.000000000000000000, 0.000000000000000000, 1.000000000000000000 ) ) ;
#1833 = VECTOR ( 'NONE', #282, 999.9999999999998863 ) ;
#1834 = ORIENTED_EDGE ( 'NONE', *, *, #821, .T. ) ;
#1835 = PLANE ( 'NONE',  #714 ) ;
#1836 = LINE ( 'NONE', #391, #925 ) ;
#1837 = DIRECTION ( 'NONE',  ( -1.000000000000000000, 0.000000000000000000, 0.000000000000000000 ) ) ;
#1838 = ORIENTED_EDGE ( 'NONE', *, *, #734, .T. ) ;
#1839 = CARTESIAN_POINT ( 'NONE',  ( 18.40000000000002700, 15.00000000000001954, 15.00000000000013856 ) ) ;
#1840 = EDGE_CURVE ( 'NONE', #1948, #829, #117, .T. ) ;
#1841 = DIRECTION ( 'NONE',  ( 1.000000000000000000, 0.000000000000000000, 0.000000000000000000 ) ) ;
#1842 = FACE_OUTER_BOUND ( 'NONE', #1540, .T. ) ;
#1843 = EDGE_CURVE ( 'NONE', #1719, #1026, #678, .T. ) ;
#1844 = CARTESIAN_POINT ( 'NONE',  ( 1.849999999999989431, 26.49999999999998934, -4.666904755831202678 ) ) ;
#1845 = FACE_OUTER_BOUND ( 'NONE', #340, .T. ) ;
#1846 = ORIENTED_EDGE ( 'NONE', *, *, #701, .F. ) ;
#1847 = CARTESIAN_POINT ( 'NONE',  ( 23.20000000000000639, 5.385786437626926215, 237.0157864376262467 ) ) ;
#1848 = DIRECTION ( 'NONE',  ( 1.000000000000000000, 8.462065736472233793E-16, -0.000000000000000000 ) ) ;
#1849 = ADVANCED_FACE ( 'NONE', ( #1513 ), #1727, .T. ) ;
#1850 = DIRECTION ( 'NONE',  ( -0.000000000000000000, -0.000000000000000000, -1.000000000000000000 ) ) ;
#1851 = ORIENTED_EDGE ( 'NONE', *, *, #940, .F. ) ;
#1852 = LINE ( 'NONE', #1333, #1758 ) ;
#1853 =( NAMED_UNIT ( * ) SI_UNIT ( $, .STERADIAN. ) SOLID_ANGLE_UNIT ( ) );
#1854 = EDGE_CURVE ( 'NONE', #367, #1723, #1058, .T. ) ;
#1855 = LINE ( 'NONE', #1844, #1517 ) ;
#1856 = FACE_OUTER_BOUND ( 'NONE', #123, .T. ) ;
#1857 = ORIENTED_EDGE ( 'NONE', *, *, #870, .T. ) ;
#1858 = CARTESIAN_POINT ( 'NONE',  ( 28.00000000000000000, 10.90000000000000746, 19.10000000000017195 ) ) ;
#1859 = CARTESIAN_POINT ( 'NONE',  ( 24.84999999999999432, 26.50000000000000355, 3.500000000000031086 ) ) ;
#1860 = VECTOR ( 'NONE', #1997, 1000.000000000000000 ) ;
#1861 = AXIS2_PLACEMENT_3D ( 'NONE', #1712, #877, #1702 ) ;
#1862 = ORIENTED_EDGE ( 'NONE', *, *, #954, .F. ) ;
#1863 = PLANE ( 'NONE',  #414 ) ;
#1864 = FACE_OUTER_BOUND ( 'NONE', #1357, .T. ) ;
#1865 = FACE_OUTER_BOUND ( 'NONE', #864, .T. ) ;
#1866 = ORIENTED_EDGE ( 'NONE', *, *, #2050, .T. ) ;
#1867 = DIRECTION ( 'NONE',  ( 5.983584065105775353E-16, -0.7071067811865383579, -0.7071067811865567876 ) ) ;
#1868 = ORIENTED_EDGE ( 'NONE', *, *, #456, .F. ) ;
#1869 = ORIENTED_EDGE ( 'NONE', *, *, #1113, .F. ) ;
#1870 = CARTESIAN_POINT ( 'NONE',  ( 28.96446609406725869, 30.00000000000000355, 261.6299999999999955 ) ) ;
#1871 = DATE_AND_TIME ( #615, #425 ) ;
#1872 = CARTESIAN_POINT ( 'NONE',  ( 2.500000000000000444, 4.336808689942017736E-16, 30.00000000000032685 ) ) ;
#1873 = CARTESIAN_POINT ( 'NONE',  ( 27.99999999999999645, 19.10000000000000142, 261.6299999999999955 ) ) ;
#1874 = EDGE_CURVE ( 'NONE', #768, #1905, #446, .T. ) ;
#1875 = VERTEX_POINT ( 'NONE', #2019 ) ;
#1876 = EDGE_LOOP ( 'NONE', ( #564, #828, #926, #285 ) ) ;
#1877 = DIRECTION ( 'NONE',  ( -0.000000000000000000, -0.000000000000000000, 1.000000000000000000 ) ) ;
#1878 = ORIENTED_EDGE ( 'NONE', *, *, #1247, .T. ) ;
#1879 = ORIENTED_EDGE ( 'NONE', *, *, #572, .T. ) ;
#1880 = LINE ( 'NONE', #1253, #1620 ) ;
#1881 = CARTESIAN_POINT ( 'NONE',  ( 10.90000000000000036, 12.31421356237312814, 243.9442135623726529 ) ) ;
#1882 = DIRECTION ( 'NONE',  ( 1.000000000000000000, 0.000000000000000000, 0.000000000000000000 ) ) ;
#1883 = ORIENTED_EDGE ( 'NONE', *, *, #1122, .F. ) ;
#1884 = VECTOR ( 'NONE', #1368, 1000.000000000000000 ) ;
#1885 = VERTEX_POINT ( 'NONE', #1887 ) ;
#1886 = DIRECTION ( 'NONE',  ( 0.000000000000000000, -0.7071067811865567876, 0.7071067811865383579 ) ) ;
#1887 = CARTESIAN_POINT ( 'NONE',  ( 2.499999999999986677, 29.99999999999999289, 261.6299999999999955 ) ) ;
#1888 = ORIENTED_EDGE ( 'NONE', *, *, #572, .F. ) ;
#1889 = VECTOR ( 'NONE', #141, 1000.000000000000000 ) ;
#1890 = ORIENTED_EDGE ( 'NONE', *, *, #1216, .T. ) ;
#1891 = CARTESIAN_POINT ( 'NONE',  ( 0.000000000000000000, 10.90000000000000036, 242.5299999999994611 ) ) ;
#1892 = APPROVAL_DATE_TIME ( #752, #1307 ) ;
#1893 = VECTOR ( 'NONE', #18, 1000.000000000000000 ) ;
#1894 = PLANE ( 'NONE',  #1936 ) ;
#1895 = CARTESIAN_POINT ( 'NONE',  ( 24.84999999999999787, 23.20000000000000284, 254.8299999999997851 ) ) ;
#1896 = EDGE_LOOP ( 'NONE', ( #114, #1447 ) ) ;
#1897 = CARTESIAN_POINT ( 'NONE',  ( 1.999999999999994005, 23.19999999999999218, 254.8299999999997851 ) ) ;
#1898 = CARTESIAN_POINT ( 'NONE',  ( 17.68578643762693758, 19.10000000000000142, 250.7299999999996771 ) ) ;
#1899 = ORIENTED_EDGE ( 'NONE', *, *, #334, .T. ) ;
#1900 = ORIENTED_EDGE ( 'NONE', *, *, #1544, .F. ) ;
#1901 = ADVANCED_FACE ( 'NONE', ( #457 ), #1067, .T. ) ;
#1902 = DIRECTION ( 'NONE',  ( 1.000000000000000000, 7.888609052210118054E-31, 7.888609052210324746E-31 ) ) ;
#1903 = DIRECTION ( 'NONE',  ( 1.000000000000000000, 8.462065736472233793E-16, -8.462065736472321554E-16 ) ) ;
#1904 = DIRECTION ( 'NONE',  ( 0.000000000000000000, 0.7071067811865439090, -0.7071067811865512365 ) ) ;
#1905 = VERTEX_POINT ( 'NONE', #2066 ) ;
#1906 = EDGE_CURVE ( 'NONE', #1245, #1670, #1739, .T. ) ;
#1907 = ORIENTED_EDGE ( 'NONE', *, *, #78, .T. ) ;
#1908 = CARTESIAN_POINT ( 'NONE',  ( 2.000000000000075939, -106.2649999999999579, 136.2650000000013506 ) ) ;
#1909 = CARTESIAN_POINT ( 'NONE',  ( 11.60000000000002629, 21.80000000000001847, 253.4299999999998363 ) ) ;
#1910 = ORIENTED_EDGE ( 'NONE', *, *, #1183, .T. ) ;
#1911 = ORIENTED_EDGE ( 'NONE', *, *, #1984, .F. ) ;
#1912 = EDGE_CURVE ( 'NONE', #2044, #188, #826, .T. ) ;
#1913 = ORIENTED_EDGE ( 'NONE', *, *, #1929, .T. ) ;
#1914 = ORIENTED_EDGE ( 'NONE', *, *, #1840, .F. ) ;
#1915 = CARTESIAN_POINT ( 'NONE',  ( 6.800000000000000711, 2.000000000000000000, 261.6299999999999955 ) ) ;
#1916 =( BOUNDED_CURVE ( )  B_SPLINE_CURVE ( 3, ( #1145, #835, #1448, #195 ),
 .UNSPECIFIED., .F., .T. ) 
 B_SPLINE_CURVE_WITH_KNOTS ( ( 4, 4 ),
 ( 4.712388980384691450, 6.283185307179586232 ),
 .UNSPECIFIED. ) 
 CURVE ( )  GEOMETRIC_REPRESENTATION_ITEM ( )  RATIONAL_B_SPLINE_CURVE ( ( 1.000000000000000000, 0.8047378541243654926, 0.8047378541243654926, 1.000000000000000000 ) ) 
 REPRESENTATION_ITEM ( '' )  );
#1917 = EDGE_CURVE ( 'NONE', #829, #1905, #957, .T. ) ;
#1918 = CARTESIAN_POINT ( 'NONE',  ( 5.150000000000000355, 3.500000000000001332, 235.1299999999992849 ) ) ;
#1919 = CARTESIAN_POINT ( 'NONE',  ( 19.10000000000000142, 12.31421356237312459, 17.68578643762702640 ) ) ;
#1920 = ORIENTED_EDGE ( 'NONE', *, *, #216, .F. ) ;
#1921 = FACE_OUTER_BOUND ( 'NONE', #1717, .T. ) ;
#1922 = DIRECTION ( 'NONE',  ( 5.983584065105775353E-16, -0.7071067811865383579, -0.7071067811865567876 ) ) ;
#1923 = AXIS2_PLACEMENT_3D ( 'NONE', #1051, #1178, #79 ) ;
#1924 = VERTEX_POINT ( 'NONE', #1116 ) ;
#1925 = ORIENTED_EDGE ( 'NONE', *, *, #441, .T. ) ;
#1926 = LINE ( 'NONE', #1308, #1352 ) ;
#1927 = VECTOR ( 'NONE', #1338, 999.9999999999998863 ) ;
#1928 = EDGE_CURVE ( 'NONE', #386, #1419, #691, .T. ) ;
#1929 = EDGE_CURVE ( 'NONE', #1999, #1993, #1295, .T. ) ;
#1930 = PLANE ( 'NONE',  #1151 ) ;
#1931 = FACE_OUTER_BOUND ( 'NONE', #1793, .T. ) ;
#1932 = AXIS2_PLACEMENT_3D ( 'NONE', #2032, #566, #1561 ) ;
#1933 = EDGE_CURVE ( 'NONE', #1676, #349, #603, .T. ) ;
#1934 = LINE ( 'NONE', #353, #119 ) ;
#1935 = PLANE ( 'NONE',  #918 ) ;
#1936 = AXIS2_PLACEMENT_3D ( 'NONE', #1270, #463, #907 ) ;
#1937 = DIRECTION ( 'NONE',  ( 5.983584065105769437E-16, -0.7071067811865383579, -0.7071067811865567876 ) ) ;
#1938 = ORIENTED_EDGE ( 'NONE', *, *, #749, .T. ) ;
#1939 = ORIENTED_EDGE ( 'NONE', *, *, #266, .F. ) ;
#1940 = CARTESIAN_POINT ( 'NONE',  ( 23.19999999999999574, 17.69289321881378640, 249.3228932188134195 ) ) ;
#1941 = LINE ( 'NONE', #330, #249 ) ;
#1942 = EDGE_CURVE ( 'NONE', #871, #143, #477, .T. ) ;
#1943 = EDGE_LOOP ( 'NONE', ( #816, #758, #916, #1740 ) ) ;
#1944 = LINE ( 'NONE', #1323, #224 ) ;
#1945 = CARTESIAN_POINT ( 'NONE',  ( 28.15000000000000924, 3.500000000000011102, 235.1299999999992849 ) ) ;
#1946 = CARTESIAN_POINT ( 'NONE',  ( 5.385786437626893353, 6.800000000000000711, 261.6299999999999955 ) ) ;
#1947 = ORIENTED_EDGE ( 'NONE', *, *, #211, .T. ) ;
#1948 = VERTEX_POINT ( 'NONE', #346 ) ;
#1949 = DIRECTION ( 'NONE',  ( 1.000000000000000000, 8.271065776972188439E-16, 0.000000000000000000 ) ) ;
#1950 = LINE ( 'NONE', #1150, #22 ) ;
#1951 = FACE_OUTER_BOUND ( 'NONE', #669, .T. ) ;
#1952 = CARTESIAN_POINT ( 'NONE',  ( 0.000000000000000000, 10.90000000000000036, 242.5299999999994611 ) ) ;
#1953 = DATE_AND_TIME ( #989, #2056 ) ;
#1954 = ORIENTED_EDGE ( 'NONE', *, *, #78, .F. ) ;
#1955 = ORIENTED_EDGE ( 'NONE', *, *, #1546, .F. ) ;
#1956 = VECTOR ( 'NONE', #1850, 1000.000000000000000 ) ;
#1957 = DIRECTION ( 'NONE',  ( 0.5773502691896198469, -0.5773502691896210681, -0.5773502691896361672 ) ) ;
#1958 = VERTEX_POINT ( 'NONE', #313 ) ;
#1959 = LINE ( 'NONE', #344, #258 ) ;
#1960 = CARTESIAN_POINT ( 'NONE',  ( 1.999999999999778399, 23.19999999999999218, 6.800000000000084199 ) ) ;
#1961 = AXIS2_PLACEMENT_3D ( 'NONE', #2008, #565, #1066 ) ;
#1962 =( LENGTH_UNIT ( ) NAMED_UNIT ( * ) SI_UNIT ( .MILLI., .METRE. ) );
#1963 = ORIENTED_EDGE ( 'NONE', *, *, #802, .F. ) ;
#1964 = ORIENTED_EDGE ( 'NONE', *, *, #1933, .F. ) ;
#1965 = VECTOR ( 'NONE', #888, 999.9999999999998863 ) ;
#1966 = FACE_OUTER_BOUND ( 'NONE', #155, .T. ) ;
#1967 = EDGE_CURVE ( 'NONE', #1198, #400, #943, .T. ) ;
#1968 = ORIENTED_EDGE ( 'NONE', *, *, #1854, .T. ) ;
#1969 = PLANE ( 'NONE',  #852 ) ;
#1970 = LINE ( 'NONE', #381, #291 ) ;
#1971 = DIRECTION ( 'NONE',  ( -0.5773502691896198469, 0.5773502691896210681, 0.5773502691896361672 ) ) ;
#1972 = APPLICATION_PROTOCOL_DEFINITION ( 'international standard', 'config_control_design', 1994, #1627 ) ;
#1973 = ORIENTED_EDGE ( 'NONE', *, *, #1337, .T. ) ;
#1974 = CARTESIAN_POINT ( 'NONE',  ( -60.32911977096038214, -61.74333333333380125, 91.74333333333478890 ) ) ;
#1975 = ORIENTED_EDGE ( 'NONE', *, *, #949, .F. ) ;
#1976 = DIRECTION ( 'NONE',  ( -1.000000000000000000, -7.888609052210118054E-31, 0.000000000000000000 ) ) ;
#1977 = LINE ( 'NONE', #408, #722 ) ;
#1978 = DIRECTION ( 'NONE',  ( -0.000000000000000000, -0.000000000000000000, -1.000000000000000000 ) ) ;
#1979 = VERTEX_POINT ( 'NONE', #1582 ) ;
#1980 = PLANE ( 'NONE',  #1548 ) ;
#1981 = ORIENTED_EDGE ( 'NONE', *, *, #674, .T. ) ;
#1982 = VECTOR ( 'NONE', #25, 1000.000000000000000 ) ;
#1983 = LINE ( 'NONE', #242, #1079 ) ;
#1984 = EDGE_CURVE ( 'NONE', #314, #1875, #934, .T. ) ;
#1985 = EDGE_CURVE ( 'NONE', #1569, #1059, #827, .T. ) ;
#1986 = CARTESIAN_POINT ( 'NONE',  ( 0.000000000000000000, 2.499999999999999556, 234.1299999999992565 ) ) ;
#1987 = DIRECTION ( 'NONE',  ( -8.271065776972187453E-16, 1.000000000000000000, 0.000000000000000000 ) ) ;
#1988 = EDGE_CURVE ( 'NONE', #431, #1676, #1439, .T. ) ;
#1989 = CARTESIAN_POINT ( 'NONE',  ( 12.31421356237305531, 19.09999999999999787, 250.7299999999996771 ) ) ;
#1990 = VECTOR ( 'NONE', #496, 1000.000000000000114 ) ;
#1991 = CARTESIAN_POINT ( 'NONE',  ( 0.000000000000000000, 30.00000000000000355, 261.6299999999999955 ) ) ;
#1992 = CC_DESIGN_APPROVAL ( #352, ( #723 ) ) ;
#1993 = VERTEX_POINT ( 'NONE', #1104 ) ;
#1994 = ADVANCED_FACE ( 'NONE', ( #1416 ), #489, .T. ) ;
#1995 = DIRECTION ( 'NONE',  ( -0.000000000000000000, -0.000000000000000000, -1.000000000000000000 ) ) ;
#1996 = DIRECTION ( 'NONE',  ( -0.000000000000000000, -0.000000000000000000, 1.000000000000000000 ) ) ;
#1997 = DIRECTION ( 'NONE',  ( -0.000000000000000000, -0.000000000000000000, -1.000000000000000000 ) ) ;
#1998 = EDGE_CURVE ( 'NONE', #7, #1000, #174, .T. ) ;
#1999 = VERTEX_POINT ( 'NONE', #622 ) ;
#2000 = CARTESIAN_POINT ( 'NONE',  ( 0.000000000000000000, 10.90000000000001457, 19.10000000000018616 ) ) ;
#2001 = CARTESIAN_POINT ( 'NONE',  ( 2.000000000000000888, 6.800000000000000711, 261.6299999999999955 ) ) ;
#2002 = PLANE ( 'NONE',  #1328 ) ;
#2003 = ORIENTED_EDGE ( 'NONE', *, *, #1038, .F. ) ;
#2004 = EDGE_CURVE ( 'NONE', #1347, #1001, #655, .T. ) ;
#2005 = LINE ( 'NONE', #570, #1453 ) ;
#2006 = CARTESIAN_POINT ( 'NONE',  ( 29.99999999999999645, 19.10000000000000142, 250.7299999999996771 ) ) ;
#2007 = CARTESIAN_POINT ( 'NONE',  ( -1.057758217059028943E-14, 27.49999999999998934, 261.6299999999999955 ) ) ;
#2008 = CARTESIAN_POINT ( 'NONE',  ( 0.000000000000000000, 10.90000000000000036, 261.6299999999999955 ) ) ;
#2009 = DIRECTION ( 'NONE',  ( 0.000000000000000000, 0.000000000000000000, 1.000000000000000000 ) ) ;
#2010 = ADVANCED_FACE ( 'NONE', ( #1615 ), #186, .F. ) ;
#2011 = ORIENTED_EDGE ( 'NONE', *, *, #1557, .T. ) ;
#2012 = CARTESIAN_POINT ( 'NONE',  ( 28.15000000000000924, 3.500000000000011102, 235.1299999999992849 ) ) ;
#2013 = VECTOR ( 'NONE', #614, 999.9999999999998863 ) ;
#2014 = CARTESIAN_POINT ( 'NONE',  ( 1.981767594388976983E-16, 1.035533905932737975, 232.6655339059319374 ) ) ;
#2015 = CARTESIAN_POINT ( 'NONE',  ( 2.000000000000000888, 6.800000000000000711, 238.4299999999993531 ) ) ;
#2016 = ORIENTED_EDGE ( 'NONE', *, *, #1998, .T. ) ;
#2017 = CARTESIAN_POINT ( 'NONE',  ( 92.21473785412453594, -60.80052429175168527, 90.80052429175269424 ) ) ;
#2018 = VECTOR ( 'NONE', #559, 1000.000000000000114 ) ;
#2019 = CARTESIAN_POINT ( 'NONE',  ( 2.000000000000000888, 6.800000000000000711, 23.20000000000024798 ) ) ;
#2020 = CLOSED_SHELL ( 'NONE', ( #68, #462, #1401, #1534, #1474, #288, #1168, #1593, #1849, #1097, #385, #1901, #1623, #136, #1797, #4, #854, #1441, #1434, #832, #645, #1689, #1718, #380, #1255, #605, #1105, #1619, #1348, #1111, #294, #2057, #1994, #1430, #980, #1179, #1385, #1180, #591, #2065, #692, #681, #568, #310, #532, #1641, #1411, #873, #2010, #14, #300, #482, #1764, #16, #1064, #1030, #146, #1005, #819, #1812 ) ) ;
#2021 = VECTOR ( 'NONE', #1922, 999.9999999999998863 ) ;
#2022 = ORIENTED_EDGE ( 'NONE', *, *, #734, .F. ) ;
#2023 = EDGE_CURVE ( 'NONE', #1000, #478, #467, .T. ) ;
#2024 = VECTOR ( 'NONE', #472, 1000.000000000000000 ) ;
#2025 = SECURITY_CLASSIFICATION ( '', '', #1552 ) ;
#2026 = DIRECTION ( 'NONE',  ( -1.000000000000000000, -8.462065736472226891E-16, 0.000000000000000000 ) ) ;
#2027 = PERSON_AND_ORGANIZATION ( #1071, #1189 ) ;
#2028 = CARTESIAN_POINT ( 'NONE',  ( 2.500000000000000444, 2.500000000000000000, 261.6299999999999955 ) ) ;
#2029 = CARTESIAN_POINT ( 'NONE',  ( 28.15000000000000213, 23.20000000000000284, 254.8299999999997851 ) ) ;
#2030 = VERTEX_POINT ( 'NONE', #1480 ) ;
#2031 = CARTESIAN_POINT ( 'NONE',  ( -72.20526214587572156, -73.61947570824911224, 103.6194757082501923 ) ) ;
#2032 = CARTESIAN_POINT ( 'NONE',  ( 1.999999999999996669, 19.09999999999999076, 261.6299999999999955 ) ) ;
#2033 = ORIENTED_EDGE ( 'NONE', *, *, #738, .F. ) ;
#2034 = EDGE_LOOP ( 'NONE', ( #219, #1286 ) ) ;
#2035 = CARTESIAN_POINT ( 'NONE',  ( 5.150000000000000355, 3.500000000000001332, -4.666904755831202678 ) ) ;
#2036 = CYLINDRICAL_SURFACE ( 'NONE', #494, 2.500000000000000000 ) ;
#2037 = CARTESIAN_POINT ( 'NONE',  ( 27.99999999999999289, 23.20000000000000284, 254.8299999999997851 ) ) ;
#2038 = ORIENTED_EDGE ( 'NONE', *, *, #1499, .T. ) ;
#2039 = VERTEX_POINT ( 'NONE', #1369 ) ;
#2040 = FACE_OUTER_BOUND ( 'NONE', #12, .T. ) ;
#2041 = CARTESIAN_POINT ( 'NONE',  ( 24.85000000000000853, 0.2000000000000100586, 29.80000000000030624 ) ) ;
#2042 = CC_DESIGN_DATE_AND_TIME_ASSIGNMENT ( #1871, #273, ( #2025 ) ) ;
#2043 = EDGE_LOOP ( 'NONE', ( #1968, #448, #658, #1472 ) ) ;
#2044 = VERTEX_POINT ( 'NONE', #571 ) ;
#2045 = DIRECTION ( 'NONE',  ( -7.888609052210118054E-31, 1.000000000000000000, 0.000000000000000000 ) ) ;
#2046 = CARTESIAN_POINT ( 'NONE',  ( 1.849999999999998979, 3.500000000000001332, 235.1299999999992849 ) ) ;
#2047 = VECTOR ( 'NONE', #1159, 1000.000000000000000 ) ;
#2048 = EDGE_LOOP ( 'NONE', ( #804, #904, #368, #315 ) ) ;
#2049 = FACE_BOUND ( 'NONE', #1393, .T. ) ;
#2050 = EDGE_CURVE ( 'NONE', #337, #868, #1640, .T. ) ;
#2051 = ORIENTED_EDGE ( 'NONE', *, *, #276, .T. ) ;
#2052 = ORIENTED_EDGE ( 'NONE', *, *, #1998, .F. ) ;
#2053 = VECTOR ( 'NONE', #1525, 1000.000000000000000 ) ;
#2054 = ORIENTED_EDGE ( 'NONE', *, *, #1682, .F. ) ;
#2055 = CARTESIAN_POINT ( 'NONE',  ( 23.20000000000000639, 5.385786437626925327, 261.6299999999999955 ) ) ;
#2056 = LOCAL_TIME ( 20, 41, 40.00000000000000000, #1207 ) ;
#2057 = ADVANCED_FACE ( 'NONE', ( #1008 ), #49, .T. ) ;
#2058 =( BOUNDED_CURVE ( )  B_SPLINE_CURVE ( 3, ( #710, #573, #2014, #1986 ),
 .UNSPECIFIED., .F., .F. ) 
 B_SPLINE_CURVE_WITH_KNOTS ( ( 4, 4 ),
 ( 0.000000000000000000, 1.570796326794896780 ),
 .UNSPECIFIED. ) 
 CURVE ( )  GEOMETRIC_REPRESENTATION_ITEM ( )  RATIONAL_B_SPLINE_CURVE ( ( 1.000000000000000000, 0.8047378541243649375, 0.8047378541243649375, 1.000000000000000000 ) ) 
 REPRESENTATION_ITEM ( '' )  );
#2059 = AXIS2_PLACEMENT_3D ( 'NONE', #987, #653, #1626 ) ;
#2060 = CARTESIAN_POINT ( 'NONE',  ( -9.566989978668399718E-16, 1.035533905932739085, 28.96446609406758199 ) ) ;
#2061 = FACE_BOUND ( 'NONE', #13, .T. ) ;
#2062 = ORIENTED_EDGE ( 'NONE', *, *, #1703, .F. ) ;
#2063 = VERTEX_POINT ( 'NONE', #688 ) ;
#2064 = DIRECTION ( 'NONE',  ( -0.7071067811865462405, -0.7071067811865489050, 0.000000000000000000 ) ) ;
#2065 = ADVANCED_FACE ( 'NONE', ( #1325 ), #41, .T. ) ;
#2066 = CARTESIAN_POINT ( 'NONE',  ( 24.61421356237310221, 23.20000000000000284, 6.800000000000084199 ) ) ;
#2067 = ORIENTED_EDGE ( 'NONE', *, *, #1630, .T. ) ;
ENDSEC;
END-ISO-10303-21;
